"feature_index","metabolite","inchikey","hmdb","kegg","high_coverage","converged_provided_area_gee","beta_group_provided_area_gee","q_group_provided_area_gee","converged_sample_median_scaled_gee","beta_group_sample_median_scaled_gee","q_group_sample_median_scaled_gee","converged_provided_area_mixed","beta_group_provided_area_mixed","q_group_provided_area_mixed","converged_sample_median_scaled_mixed","beta_group_sample_median_scaled_mixed","q_group_sample_median_scaled_mixed","window","direction_consistent_four_models","all_models_converged","longitudinal_promotion"
1,"S-1-pyrroline-5-carboxylate","DWAKNKKXGALPNW-UHFFFAOYSA-N","HMDB0001301","C04322","True","True",0.0313507598304574,0.956440210103992,"True",0.0504471046904139,0.885875227696011,"True",0.0283518925262091,0.955836362537739,"True",0.0467539799684533,0.903230361541508,"all_pre_hcc",TRUE,TRUE,FALSE
2,"spermidine","ATHGHQPFGPMSJY-UHFFFAOYSA-N","HMDB0001257","C00315","True","True",0.0756397699177539,0.90554580063907,"True",0.0847475547028655,0.861904588783398,"True",0.0697875710829142,0.898672361155325,"True",0.0833221097746897,0.834095177094358,"all_pre_hcc",TRUE,TRUE,FALSE
3,"1-methylnicotinamide","LDHMAVIPBRSVRG-UHFFFAOYSA-N","HMDB0000699","C02918","True","True",0.268151378659702,0.551133132243807,"True",0.293658003870141,0.442585802031708,"True",0.264891440730581,0.592616392626392,"True",0.29146348554452,0.429911191026672,"all_pre_hcc",TRUE,TRUE,FALSE
4,"12,13-DiHOME","CQSLTKIXAJTQGA-FLIBITNWSA-N","HMDB0004705","C14829","True","True",0.534502642380629,0.406379855998289,"True",0.534639110121558,0.254883172228831,"True",0.535360152870885,0.400679679038351,"False",NA,NA,"all_pre_hcc",FALSE,FALSE,FALSE
5,"5-hydroxyindoleacetate","DUUGKQCEGZLZNO-UHFFFAOYSA-N","HMDB0000763","C05635","True","True",-0.22472726503675,0.783988610368125,"True",-0.159127757163964,0.803122018361302,"True",-0.231675729320343,0.77724071408262,"True",-0.167784436396823,0.792658360858766,"all_pre_hcc",TRUE,TRUE,FALSE
6,"alpha-ketoglutarate","KPGXRSRHYNQIFN-UHFFFAOYSA-N","HMDB0000208","C00026","True","True",-0.110896320558576,0.746364717042608,"True",-0.0914881450584711,0.802404195772015,"True",-0.112532174745399,0.77207375928871,"True",-0.0882975435685388,0.815726931761999,"all_pre_hcc",TRUE,TRUE,FALSE
7,"kynurenate","HCZHHEIFKROPDY-UHFFFAOYSA-N","HMDB0000715","C01717","True","True",0.148527865320325,0.847523788250036,"True",0.175924833400293,0.626051992121949,"True",0.149091298543349,0.819817026435907,"True",0.176292095218978,0.594852092860176,"all_pre_hcc",TRUE,TRUE,FALSE
8,"3-hydroxyisobutyrate","DBXBTMSZEOQQDU-UHFFFAOYSA-N","HMDB0000023,HMDB0000336","C01188,C06001","True","True",0.11520629341477,0.824434621635099,"True",0.133611241428916,0.793134514945984,"True",0.114675100663789,0.857310545511072,"True",0.133224170859585,0.814622363708715,"all_pre_hcc",TRUE,TRUE,FALSE
9,"3-hydroxy-3-methylglutarate","NPOAOTPXWNWTSH-UHFFFAOYSA-N","HMDB0000355","C03761","True","True",-0.294217906203711,0.512575300864899,"True",-0.270615141682664,0.406892402493814,"True",-0.298910936850275,0.393238116684682,"True",-0.27124716523556,0.251810706045499,"all_pre_hcc",TRUE,TRUE,FALSE
10,"homovanillate (HVA)","QRMZSPFSDQBLIX-UHFFFAOYSA-N","HMDB0000118","C05582","False","True",-0.384487396585267,0.668924738478841,"True",-0.301204765359198,0.607349833121741,"False",NA,NA,"False",NA,NA,"all_pre_hcc",FALSE,FALSE,FALSE
11,"cholate","BHQCQFFYRZLCQQ-OLRQUHAPSA-N","HMDB0000619","C00695","True","True",0.00666504418281344,0.998692291231007,"True",0.0286251735321147,0.977079974410509,"True",0.0286447242109939,0.983107593731939,"True",0.0454033629308428,0.950245044942694,"all_pre_hcc",TRUE,TRUE,FALSE
12,"4-hydroxyphenylacetate","XQXPVVBIMDBYFF-UHFFFAOYSA-N","HMDB0000020","C00642","True","True",-0.120036954679823,0.90554580063907,"True",-0.0894286895593006,0.900065701889625,"False",NA,NA,"False",NA,NA,"all_pre_hcc",FALSE,FALSE,FALSE
13,"5,6-dihydrothymine","NBAKTGXDIBVZOO-UHFFFAOYSA-N","HMDB0000079","C00906","True","True",0.102244634802384,0.888814350796284,"True",0.125820694820559,0.790471361034666,"True",0.103314063106509,0.876139273059512,"True",0.12897003310689,0.789927255588574,"all_pre_hcc",TRUE,TRUE,FALSE
14,"hypoxanthine","FDGQSTZJBFJUBT-UHFFFAOYSA-N","HMDB0000157","C00262","True","True",0.0627177299396857,0.90256479624304,"True",0.0853781656947315,0.802404195772015,"True",0.0621928718335287,0.910272304804144,"True",0.0860895404329746,0.820605936240007,"all_pre_hcc",TRUE,TRUE,FALSE
15,"9,10-DiHOME","XEBKSQSGNGRGDW-YFHOEESVSA-N","HMDB0004704","C14828","True","True",0.5367942530565,0.372592375199139,"True",0.548986080243757,0.173412260368882,"True",0.535254024754209,0.393238116684682,"False",NA,NA,"all_pre_hcc",FALSE,FALSE,FALSE
16,"linoleate (18:2n6)","OYHQOLUKZRVURQ-HZJYTTRNSA-N","HMDB0006270,HMDB0000673","C01595","True","True",0.0853302374981865,0.892742468482161,"True",0.111954388311007,0.803122018361302,"False",NA,NA,"True",0.113411772079588,0.81380736817693,"all_pre_hcc",FALSE,FALSE,FALSE
17,"laurate (12:0)","POULHZVOKOAJMA-UHFFFAOYSA-N","HMDB0000638","C02679","True","True",0.207206888835823,0.782164390237068,"True",0.231171036199927,0.635669319223038,"False",NA,NA,"False",NA,NA,"all_pre_hcc",FALSE,FALSE,FALSE
18,"quinolinate","GJAWHXHKYYXBSV-UHFFFAOYSA-N","HMDB0000232","C03722","True","True",-0.33807741141706,0.54604944813447,"True",-0.305101750273695,0.398312338921494,"True",-0.33717811820153,0.537357864519045,"True",-0.305481646446006,0.416932105999119,"all_pre_hcc",TRUE,TRUE,FALSE
19,"N6,N6,N6-trimethyllysine","MXNRLFUSFKVQSK-UHFFFAOYSA-N","HMDB0001325","C03793","True","True",-0.147699289922524,0.761769676770543,"True",-0.119231135881398,0.753863815496915,"True",-0.14698775920124,0.751342822582631,"True",-0.119551681878627,0.729897606831143,"all_pre_hcc",TRUE,TRUE,FALSE
20,"N-acetylputrescine","KLZGKIDSEJWEDW-UHFFFAOYSA-N","HMDB0002064","C02714","True","True",-0.0832551287517929,0.851526315044854,"True",-0.0486481795948284,0.823046886166628,"True",-0.0836997007939854,0.857310545511072,"True",-0.0530828733544568,0.817384015248705,"all_pre_hcc",TRUE,TRUE,FALSE
21,"N-formylmethionine","PYUSHNKNPOHWEZ-UHFFFAOYSA-N","HMDB0001015","C03145","True","True",0.0423813171512519,0.936984864446118,"True",0.0686881869775514,0.803122018361302,"True",0.0414433307325763,0.931042512971201,"True",0.0683122220909892,0.81380736817693,"all_pre_hcc",TRUE,TRUE,FALSE
22,"S-adenosylhomocysteine (SAH)","ZJUKTBDSGOFHSH-UHFFFAOYSA-N","HMDB0000939","C00021","True","True",0.119038452664838,0.866118683573015,"True",0.120416486241907,0.803122018361302,"True",0.120394400113209,0.857310545511072,"True",0.125545458186499,0.792658360858766,"all_pre_hcc",TRUE,TRUE,FALSE
23,"adenosine 3',5'-cyclic monophosphate (cAMP)","IVOMOUWHDPKRLL-UHFFFAOYSA-N","HMDB0000058","C00575","False","True",0.00188319404675865,0.998692291231007,"True",0.033233370404716,0.953727848874,"False",NA,NA,"False",NA,NA,"all_pre_hcc",FALSE,FALSE,FALSE
24,"adenosine 5'-monophosphate (AMP)","UDMBCSSLTHHNCD-UHFFFAOYSA-N","HMDB0000045","C00020","False","True",-0.0329428254456321,0.967079302821043,"True",-0.0367041731375748,0.954749033374311,"False",NA,NA,"False",NA,NA,"all_pre_hcc",FALSE,FALSE,FALSE
25,"5-methylthioadenosine (MTA)","WUUGFSXJNOTRMR-IOSLPCCCSA-N","HMDB0001173","C00170","True","True",-0.00268907528146855,0.998692291231007,"True",0.0265660193261874,0.901534468936542,"True",-0.0017392230656203,0.998011215877125,"True",0.0263701207975193,0.896965873965189,"all_pre_hcc",FALSE,TRUE,FALSE
26,"N6-methyladenosine","VQAYFKKCNSOZKM-UHFFFAOYSA-N","HMDB0004044","","False","True",0.390914232987921,0.592654476277519,"True",0.495027409735975,0.41401712806727,"True",0.389980895159905,0.634691277019393,"True",0.496002595798292,0.429911191026672,"all_pre_hcc",TRUE,TRUE,FALSE
27,"arachidonate (20:4n6)","YZXBAPSDXZZRGB-DOFZRALJSA-N","HMDB0001043","C00219","True","True",-0.0441585455077198,0.943479808191357,"True",-0.017252753255009,0.959141406118784,"True",-0.0437597719408491,0.935035891347583,"True",-0.017193521804539,0.951091617030689,"all_pre_hcc",TRUE,TRUE,FALSE
28,"arginine","ODKSFYDXXFIFQN-UHFFFAOYSA-N","HMDB0000517","C00062","True","True",0.0489323383671064,0.866118683573015,"True",0.0749752596161944,0.730543268922097,"True",0.0488795755180584,0.844013430128151,"True",0.0752704062412964,0.729897606831143,"all_pre_hcc",TRUE,TRUE,FALSE
29,"argininosuccinate","KDZOASGQNOPSCU-UHFFFAOYSA-N","HMDB0000052","C03406","False","True",-0.038817612820507,0.963948533084633,"True",-0.0162273717079372,0.979617111842577,"True",-0.0442296032871285,0.955878489269601,"True",-0.0207617166048833,0.966994906376723,"all_pre_hcc",TRUE,TRUE,FALSE
30,"ascorbate (vitamin C)","CIWBSHSKHKDKBQ-UHFFFAOYSA-N","HMDB0000044","D00018,C00072","True","True",0.468693170347342,0.783998087442045,"True",0.445930457766158,0.774065920400478,"True",0.465512831695318,0.790513626985129,"True",0.444726570047988,0.774078664020339,"all_pre_hcc",TRUE,TRUE,FALSE
31,"aspartate","CKLJMWTZIZZHCS-UHFFFAOYSA-N","HMDB0000191","C00049","True","True",-0.0875918448537717,0.866118683573015,"True",-0.0544860778356941,0.86364787237661,"True",-0.0846761021420994,0.857310545511072,"True",-0.0556571817757265,0.852308473201215,"all_pre_hcc",TRUE,TRUE,FALSE
32,"2-hydroxyphenylacetate","CCVYRRGZDBSHFU-UHFFFAOYSA-N","HMDB0000669","C05852","True","True",-0.587436819695503,0.393566697647221,"True",-0.610348530387965,0.277590263604708,"True",-0.59137365752925,0.393238116684682,"True",-0.625649052020909,0.240974502592583,"all_pre_hcc",TRUE,TRUE,FALSE
33,"3-(4-hydroxyphenyl)lactate","JVGVDSSUAVXRDY-UHFFFAOYSA-N","HMDB0000755","C03672","True","True",0.319705161294997,0.551133132243807,"True",0.343778455928812,0.279592446271422,"True",0.31937043273553,0.55775806869891,"True",0.345275233553557,0.270457840399026,"all_pre_hcc",TRUE,TRUE,FALSE
34,"phenylpyruvate","BTNMPGBKDVTSJY-UHFFFAOYSA-N","HMDB0000205","C00166","True","True",-0.199135781546657,0.759810894641138,"True",-0.178258779655366,0.670290979617202,"True",-0.202819826040264,0.722826050329648,"False",NA,NA,"all_pre_hcc",FALSE,FALSE,FALSE
35,"beta-alanine","UCMIRNVEIXFBKS-UHFFFAOYSA-N","HMDB0000056","C00099","True","True",0.00719343662319618,0.994566962192978,"True",0.0304191888846348,0.94559775384205,"True",0.0057278948194906,0.996206386364545,"True",0.0302476492311808,0.936791393451008,"all_pre_hcc",TRUE,TRUE,FALSE
36,"biliverdin","QBUVFDKTZJNUPP-YBRAVLHJSA-N","HMDB0001008","C00500","True","True",-0.0820624076906437,0.90554580063907,"True",-0.0550851348687881,0.932994843806532,"True",-0.0818180896398131,0.898672361155325,"True",-0.0552577367550225,0.925778784064587,"all_pre_hcc",TRUE,TRUE,FALSE
37,"succinate","KDYFGRWQOYBRFD-UHFFFAOYSA-N","HMDB0000254","C00042","True","True",-0.237157481411436,0.567854973785396,"True",-0.212593389313765,0.499572506247968,"True",-0.240338293114536,0.53650857631956,"True",-0.213349660493118,0.47300683515466,"all_pre_hcc",TRUE,TRUE,FALSE
38,"3-hydroxybutyrate (BHBA)","WHBMMWSBFZVSSR-UHFFFAOYSA-N","HMDB0000442,HMDB0000357,HMDB0000011","C03197,C01089","True","True",-0.418500356903626,0.572927450991403,"True",-0.397956531606295,0.564791950698641,"False",NA,NA,"False",NA,NA,"all_pre_hcc",FALSE,FALSE,FALSE
39,"cholesterol","HVYWMOMLDIMFJA-LBHVWCRMSA-N","HMDB0000067","C00187","True","True",0.061505967051581,0.888814350796284,"True",0.0854143842427421,0.730543268922097,"True",0.0573746736775809,0.866831664609449,"True",0.081479539411996,0.728275750480638,"all_pre_hcc",TRUE,TRUE,FALSE
40,"choline phosphate","YHHSONZFOIEMCP-UHFFFAOYSA-N","HMDB0001565","C00588","True","True",-0.136314362327299,0.818746352665719,"True",-0.117819046320624,0.799331986234789,"True",-0.139945380914945,0.790513626985129,"True",-0.121935072956948,0.780595120171493,"all_pre_hcc",TRUE,TRUE,FALSE
41,"corticosterone","OMFXVFTZEKFJBZ-UHFFFAOYSA-N","HMDB0001547","C02140","False","True",0.214890137450123,0.770556755672068,"True",0.289228305557977,0.666259889876767,"False",NA,NA,"False",NA,NA,"all_pre_hcc",FALSE,FALSE,FALSE
42,"cortisone","MFYSYFVPBJMHGN-ZPOLXVRWSA-N","HMDB0002802","C00762","True","True",0.0807653994904006,0.929711408562494,"True",0.112524793105658,0.838135846094023,"True",0.0805411990233291,0.917715044926807,"True",0.110002221817348,0.827078035968486,"all_pre_hcc",TRUE,TRUE,FALSE
43,"creatinine","DDRJAANPRJIHGJ-UHFFFAOYSA-N","HMDB0000562","C00791","True","True",-0.111656738165722,0.546367569639041,"True",-0.0845360789174382,0.73387995922184,"True",-0.111808270426446,0.489103676297053,"True",-0.0847574483177219,0.717608292638154,"all_pre_hcc",TRUE,TRUE,FALSE
44,"cysteinylglycine","ZUKPVRWZDMRIEO-UHFFFAOYSA-N","HMDB0000078","C01419","True","True",-0.0903487828928329,0.870772528918234,"True",-0.0637623592088815,0.885594014727662,"True",-0.0856621514222489,0.877567398140426,"True",-0.0595554753130714,0.905178350295936,"all_pre_hcc",TRUE,TRUE,FALSE
45,"cystine","LEVWYRKDKASIDU-UHFFFAOYSA-N","HMDB0000192","C00491","True","True",-0.0338899442815256,0.9628944370118,"True",-0.0127621950829901,0.980616729456733,"True",-0.0326048465993272,0.967702068039429,"True",-0.0122886750856672,0.974969336027408,"all_pre_hcc",TRUE,TRUE,FALSE
46,"sphingosine","WWUZIQQURGPMPG-CCEZHUSRSA-N","HMDB0000252","C00319","True","True",0.103186154043678,0.881766553017527,"True",0.0874445785067997,0.841621090092302,"True",0.105479444508757,0.879427626160855,"True",0.088412659523634,0.858306369061108,"all_pre_hcc",TRUE,TRUE,FALSE
47,"deoxycholate","KXGVEGMKQFWNSR-OHAQSFBXSA-N","HMDB0000626","C04483","False","True",-0.567199057901949,0.757143492680545,"True",-0.603425199317652,0.68948765797931,"True",-0.563303055040062,0.762602135361161,"True",-0.601537159831076,0.709063532360156,"all_pre_hcc",TRUE,TRUE,FALSE
48,"cystathionine","ILRYLPWNYFXEMH-UHFFFAOYSA-N","HMDB0000099","C02291","True","True",0.317934225300739,0.566222841194563,"True",0.346645765428783,0.400391607190022,"True",0.323259500684452,0.592616392626392,"True",0.347887637209127,0.429911191026672,"all_pre_hcc",TRUE,TRUE,FALSE
49,"sphinganine","OTKJDMGTUTTYMP-UHFFFAOYSA-N","HMDB0000269","C00836","True","True",-0.193207358033058,0.693390307124531,"True",-0.171272903715759,0.619901024201084,"True",-0.188490076032112,0.70448598911591,"False",NA,NA,"all_pre_hcc",FALSE,FALSE,FALSE
50,"flavin adenine dinucleotide (FAD)","VWWQXMAJTJZDQX-KUIMXZBMSA-N","HMDB0001248","C00016","False","True",0.309274047472288,0.572927450991403,"True",0.350625319457542,0.452052352942218,"True",0.306477538629895,0.592616392626392,"True",0.350239316969407,0.465533065534784,"all_pre_hcc",TRUE,TRUE,FALSE
51,"fumarate","VZCYOOQTPOCHFL-OWOJBTEDSA-N","HMDB0000134","C00122","True","True",-0.177682452418718,0.678104817617568,"True",-0.158970497953913,0.73387995922184,"True",-0.180730776401881,0.722826050329648,"True",-0.157079255110631,0.768997746299996,"all_pre_hcc",TRUE,TRUE,FALSE
52,"gamma-glutamylglutamate","OWQDWQKWSLFFFR-UHFFFAOYSA-N","HMDB0011737","C05282","True","True",-0.853021216072746,0.173049264311558,"True",-0.685869331422666,0.131554559438078,"False",NA,NA,"False",NA,NA,"all_pre_hcc",FALSE,FALSE,FALSE
53,"gluconate","RGHNJXZEOKUKBD-SQOUGZDYSA-N","HMDB0000625","C00257","True","True",0.0306874833888363,0.951738622937288,"True",0.0545993017089582,0.889704390051903,"True",0.0320234801416877,0.937500158924377,"True",0.0550945426148067,0.877256571622517,"all_pre_hcc",TRUE,TRUE,FALSE
54,"glutarate (C5-DC)","JFCQEDHGNNZCLN-UHFFFAOYSA-N","HMDB0000661","C00489","True","True",-0.285384608049138,0.668924738478841,"True",-0.257359026021763,0.678392855374469,"True",-0.287328716116572,0.677018418455355,"True",-0.258775131825562,0.699172099950295,"all_pre_hcc",TRUE,TRUE,FALSE
55,"glycine","DHMQDGOQFOQNFH-UHFFFAOYSA-N","HMDB0000123","C00037","True","True",-0.0820307359272203,0.761769676770543,"True",-0.0562562036462759,0.803122018361302,"True",-0.0828318126257837,0.744125330187602,"True",-0.0546289018418042,0.800737343067409,"all_pre_hcc",TRUE,TRUE,FALSE
56,"glycocholate","RFDAIACWWDREDC-FRVQLJSFSA-N","HMDB0000138","C01921","True","True",0.853397074939531,0.395720130523112,"True",0.872690251028974,0.266427076521807,"True",0.875721148744059,0.372400143140757,"True",0.89983099525186,0.223868791569115,"all_pre_hcc",TRUE,TRUE,FALSE
57,"guanidinoacetate","BPMFZUMJYQTVII-UHFFFAOYSA-N","HMDB0000128","C00581","True","True",0.330205363979222,0.455765272132292,"True",0.360868742256316,0.451783976656495,"True",0.333519146836695,0.417530986800651,"True",0.361677335700531,0.43553942361131,"all_pre_hcc",TRUE,TRUE,FALSE
58,"histidine","HNDVDQJCIGZPNO-UHFFFAOYSA-N","HMDB0000177","C00135","True","True",0.320780006590546,0.344918705054419,"True",0.346347014784224,0.162281600569874,"True",0.320580849963254,0.393238116684682,"True",0.347464034310592,0.199681611979136,"all_pre_hcc",TRUE,TRUE,FALSE
59,"cortisol","JYGXADMDTFJGBT-VWUMJDOOSA-N","HMDB0000063","C00735","True","True",-0.427538581281894,0.551133132243807,"True",-0.385400278546089,0.41401712806727,"True",-0.424501762530183,0.53650857631956,"True",-0.384572106078303,0.384999462984578,"all_pre_hcc",TRUE,TRUE,FALSE
60,"hypotaurine","VVIUBCNYACGLLV-UHFFFAOYSA-N","HMDB0000965","C00519","True","True",-0.258960771861518,0.452758765907546,"True",-0.232673749994952,0.521155569440383,"True",-0.258012726553532,0.393238116684682,"True",-0.232239126837549,0.428066308060076,"all_pre_hcc",TRUE,TRUE,FALSE
61,"inosine","UGQMRVRMYYASKQ-KQYNXXCUSA-N","HMDB0000195","C00294","True","True",0.0346645821968235,0.9628944370118,"True",0.054457369915884,0.92973272382894,"False",NA,NA,"False",NA,NA,"all_pre_hcc",FALSE,FALSE,FALSE
62,"myo-inositol","CDAISMWEOUEBRE-GPIVLXJGSA-N","HMDB0000211","C00137","True","True",-0.0764151535201265,0.866118683573015,"True",-0.0496682581362738,0.902697366097304,"True",-0.0759877112481586,0.844013430128151,"True",-0.0502108676586246,0.874801219596927,"all_pre_hcc",TRUE,TRUE,FALSE
63,"isoleucine","AGPKZVBTJJNPAG-UHFFFAOYSA-N","HMDB0000172","C06418,C00407,C16424","True","True",-0.0313044521994476,0.92631812083019,"True",-0.00444529627608506,0.986552680336791,"True",-0.0306322328895988,0.911010602795729,"True",-0.0044081439938301,0.974969336027408,"all_pre_hcc",TRUE,TRUE,FALSE
64,"2-aminoadipate","OYIFNHCXNCRBQI-UHFFFAOYSA-N","HMDB0000510","C00956","True","True",-0.0991735401045944,0.90554580063907,"True",-0.129478187328065,0.8418670859945,"True",-0.0937120425215559,0.898672361155325,"True",-0.127162848433125,0.829178819393572,"all_pre_hcc",TRUE,TRUE,FALSE
65,"3-sulfo-alanine","XVOYSCVBGLVSOL-UHFFFAOYSA-N","HMDB0002757","C00506","True","True",0.155601483603058,0.869433568283212,"True",0.174248247325715,0.822032781407359,"True",0.150400323365623,0.865103532503342,"True",0.171154112627148,0.815726931761999,"all_pre_hcc",TRUE,TRUE,FALSE
66,"citrulline","RHGKLRLOHDJJDR-UHFFFAOYSA-N","HMDB0000904","C00327","True","True",-0.136733907125833,0.712140637573413,"True",-0.104954336059765,0.664151316612105,"True",-0.138555872933091,0.662010352672424,"True",-0.106201345446732,0.592958188205105,"all_pre_hcc",TRUE,TRUE,FALSE
67,"lactose","GUBGYTABKSRVRQ-DCSYEGIMSA-N","HMDB0041627","C01970","False","True",-0.133607478318177,0.92631812083019,"True",-0.205905364971196,0.871816804086433,"True",-0.143252466067968,0.894667108215387,"False",NA,NA,"all_pre_hcc",FALSE,FALSE,FALSE
68,"leucine","ROHFNLRQFUQHCH-YFKPBYRVSA-N","HMDB0000687","C00123","True","True",0.0174002840896166,0.955633813631028,"True",0.0434407436020677,0.862804061606813,"True",0.0179550304620333,0.942558123821894,"True",0.0436379286290647,0.852308473201215,"all_pre_hcc",TRUE,TRUE,FALSE
69,"lysine","KDXKERNSBIXSRK-UHFFFAOYSA-N","HMDB0003405","C00739,C00047","True","True",0.0707882691285717,0.761769676770543,"True",0.0980693217861421,0.521155569440383,"True",0.0711279427523069,0.743115424840978,"True",0.0979748585337499,0.520054413002484,"all_pre_hcc",TRUE,TRUE,FALSE
70,"malate","BJEPYKJPYRNKOW-UHFFFAOYSA-N","HMDB0031518,HMDB0000156,HMDB0000744","C00149,C00711,C00497","True","True",0.0362607368634924,0.954314328484829,"True",0.0704163818733356,0.808364896888311,"True",0.033750313537185,0.943307515283777,"True",0.0662692998789709,0.815726931761999,"all_pre_hcc",TRUE,TRUE,FALSE
71,"methionine","FFEARJCKVFRZRR-UHFFFAOYSA-N","HMDB0000696","C00073","True","True",0.324336842262381,0.141153006235356,"True",0.351317916066666,0.0278526478426729,"True",0.327522524404798,0.0832497430275824,"True",0.353468635506227,0.0269764153214911,"all_pre_hcc",TRUE,TRUE,FALSE
72,"methylmalonate (MMA)","ZIYVHBGGAOATLY-UHFFFAOYSA-N","HMDB0000202","C02170","True","True",-0.412611167202173,0.566222841194563,"True",-0.406073784474579,0.539583201421949,"True",-0.415172526397493,0.590859444645037,"True",-0.409922325418943,0.556236764441313,"all_pre_hcc",TRUE,TRUE,FALSE
73,"palmitate (16:0)","IPCSVZSSVZVIGE-UHFFFAOYSA-N","HMDB0000220","C00249","True","True",0.160486104571,0.741139766383357,"True",0.186494933277648,0.488996133867266,"True",0.160699284358561,0.765347299209872,"True",0.186462403663349,0.538463070207696,"all_pre_hcc",TRUE,TRUE,FALSE
74,"nicotinamide","DFPAKSUCGFBDDF-UHFFFAOYSA-N","HMDB0001406","C00153","True","True",-0.0956351783995385,0.797071790675955,"True",-0.0735125167263383,0.831002716923213,"True",-0.0939336031143284,0.837527221935677,"True",-0.0715614851481164,0.82430078780398,"all_pre_hcc",TRUE,TRUE,FALSE
75,"pelargonate (9:0)","FBUKVWPVBMHYJY-UHFFFAOYSA-N","HMDB0000847","C01601","True","True",0.25887230136134,0.551133132243807,"True",0.275447680618581,0.22719653345367,"True",0.25440510267446,0.556498690149548,"True",0.276554583526673,0.242559456602141,"all_pre_hcc",TRUE,TRUE,FALSE
76,"stearate (18:0)","QIQXTHQIDYTFRH-UHFFFAOYSA-N","HMDB0000827","C01530","True","True",0.169376513783488,0.688838927236634,"True",0.191731477630055,0.429760939766166,"True",0.167983188323421,0.712433972304203,"True",0.192529585739133,0.450466342649941,"all_pre_hcc",TRUE,TRUE,FALSE
77,"ornithine","AHLPHDHHMVZTML-BYPYZUCNSA-N","HMDB0000214","C00077","True","True",-0.0277313367133079,0.928795961973196,"True",-0.00893279259985755,0.964406351203991,"True",-0.0289419617710217,0.906303954672782,"True",-0.00917096953797,0.951091617030689,"all_pre_hcc",TRUE,TRUE,FALSE
78,"orotate","PXQPEWDEAKTCGB-UHFFFAOYSA-N","HMDB0000226","C00295","True","True",0.0140998342587569,0.977632964973853,"True",0.0396436305264038,0.94559775384205,"True",0.0183254344669558,0.970560889837061,"True",0.044354458632268,0.925778784064587,"all_pre_hcc",TRUE,TRUE,FALSE
79,"palmitoleate (16:1n7)","SECPZKHBENQXJG-FPLPWBNLSA-N","HMDB0003229","C08362","True","True",-0.00421441482507553,0.998692291231007,"True",0.0195584167464954,0.973359010798392,"True",-0.0043914896049697,0.997830930482714,"False",NA,NA,"all_pre_hcc",FALSE,FALSE,FALSE
80,"phenylalanine","COLNVLDHVKWLRT-UHFFFAOYSA-N","HMDB0000159","C00079","True","True",0.155122094885668,0.452758765907546,"True",0.178463314555939,0.136245934508022,"True",0.15402141285037,0.383349599994571,"True",0.178463205063818,0.10595777978318,"all_pre_hcc",TRUE,TRUE,FALSE
81,"phosphate","NBIIXXVUZAFLBC-UHFFFAOYSA-N","HMDB0001429","C00009","True","True",-0.338303054171308,0.36160627892054,"True",-0.312997065859688,0.371812245416763,"True",-0.338902408536472,0.393832524786273,"True",-0.312670982415817,0.399026460678881,"all_pre_hcc",TRUE,TRUE,FALSE
82,"phytanate","RLCKHJSFHOZMDR-UHFFFAOYSA-N","HMDB0000801","C01607","True","True",0.588953663311699,0.406379855998289,"True",0.604566986250902,0.17552434240495,"True",0.585945026558885,0.35466424322012,"True",0.602916074828494,0.0881859632243902,"all_pre_hcc",TRUE,TRUE,FALSE
83,"pristanate","PAHGJZDQXIOYTH-UHFFFAOYSA-N","HMDB0000795","","False","True",1.27764085924458,0.24378660037595,"True",1.16253192104362,0.115892347543332,"False",NA,NA,"True",1.15372040983428,0.0899133198144489,"all_pre_hcc",FALSE,FALSE,FALSE
84,"proline","ONIBWKKTOPOVIA-UHFFFAOYSA-N","HMDB0000162,HMDB0003411","C00148,C000763","True","True",-0.0826988900983183,0.752929748163963,"True",-0.0552778274690937,0.803122018361302,"True",-0.0824988154074696,0.77207375928871,"True",-0.0559638025582708,0.814622363708715,"all_pre_hcc",TRUE,TRUE,FALSE
85,"lactate","JVTAAEKCZFNVCJ-UHFFFAOYSA-N","HMDB0000190","C00186","True","True",-0.403806162090582,0.454228267241584,"True",-0.380858496697687,0.433850521723482,"True",-0.404701496353233,0.493356994952993,"True",-0.377388106177367,0.48476439220678,"all_pre_hcc",TRUE,TRUE,FALSE
86,"pyridoxal","RADKZDMFGJYCBB-UHFFFAOYSA-N","HMDB0001545","C00250","True","True",0.173966830660369,0.752261358697651,"True",0.175663273559806,0.643415226593939,"True",0.168233906037059,0.78491299355188,"False",NA,NA,"all_pre_hcc",FALSE,FALSE,FALSE
87,"retinol (vitamin A)","FPIPGXGPPPQFEQ-OVSJKPMPSA-N","HMDB0000305","C00473","True","True",-0.58451679682274,0.27482397772766,"True",-0.55341990408227,0.131554559438078,"True",-0.586000235486479,0.297516956511865,"True",-0.557133893006941,0.166744296564945,"all_pre_hcc",TRUE,TRUE,FALSE
88,"riboflavin (vitamin B2)","AUNGANRZJHBGPY-UHFFFAOYSA-N","HMDB0000244","C00255","True","True",0.179147966500349,0.687998464925414,"True",0.2167170409815,0.464780441623297,"True",0.179035003219443,0.762602135361161,"True",0.20676477777515,0.590341487999593,"all_pre_hcc",TRUE,TRUE,FALSE
89,"salicylate","YGSDEFSMJLZEOE-UHFFFAOYSA-N","HMDB0001895","C00805","True","True",0.349500369616177,0.761769676770543,"True",0.35706573868705,0.73387995922184,"False",NA,NA,"False",NA,NA,"all_pre_hcc",FALSE,FALSE,FALSE
90,"serine","MTCFGRXMJLQNBG-REOHCLBHSA-N","HMDB0000187","C00065","True","True",-0.0182052331649038,0.9628944370118,"True",0.00870956461259578,0.97516752028849,"True",-0.0181398286512766,0.957906276052607,"True",0.0090959648928442,0.967507962586835,"all_pre_hcc",FALSE,TRUE,FALSE
91,"serotonin","QZAYGJVTTNCVMB-UHFFFAOYSA-N","HMDB0000259","C00780","True","True",0.0471211646533971,0.9628944370118,"True",0.057853796002612,0.948371018621947,"True",0.0477315018211661,0.967911962639075,"True",0.0598876293977356,0.941406964088266,"all_pre_hcc",TRUE,TRUE,FALSE
92,"taurine","XOAAWQZATWQOTB-UHFFFAOYSA-N","HMDB0000251","C00245","True","True",-0.0566963843975841,0.851385295813966,"True",-0.0346789837215159,0.910970510555354,"True",-0.0560107332224598,0.854784852052777,"True",-0.0336652537249906,0.889552499925778,"all_pre_hcc",TRUE,TRUE,FALSE
93,"myristate (14:0)","TUNFSRHWOTWDNC-UHFFFAOYSA-N","HMDB0000806","C06424","True","True",0.233537566923488,0.712140637573413,"True",0.256807480075776,0.515827798204132,"False",NA,NA,"False",NA,NA,"all_pre_hcc",FALSE,FALSE,FALSE
94,"urea","XSQUKJJJFZCRTK-UHFFFAOYSA-N","HMDB0000294","C00086","True","True",-0.244555282108945,0.660207058592021,"True",-0.208995493979154,0.478801927886813,"True",-0.239906735439589,0.655440759377115,"True",-0.206991374171673,0.463928007553517,"all_pre_hcc",TRUE,TRUE,FALSE
95,"uridine","DRTQHJPVMGBUCF-UHFFFAOYSA-N","HMDB0000296","C00299","True","True",0.0300438686020468,0.954314328484829,"True",0.0626132580373023,0.804802146715741,"True",0.0326939946513585,0.937877989634287,"True",0.0620988976254441,0.815726931761999,"all_pre_hcc",TRUE,TRUE,FALSE
96,"2'-deoxyuridine","MXHRCPNRJAMMIM-UHFFFAOYSA-N","HMDB0000012","C00526","True","True",-0.105708615755486,0.888814350796284,"True",-0.0870082037947445,0.841429398750232,"True",-0.100709927819067,0.866831664609449,"True",-0.0820731411527158,0.82430078780398,"all_pre_hcc",TRUE,TRUE,FALSE
97,"trans-urocanate","LOIYMIARKYCTBW-OWOJBTEDSA-N","HMDB0000301","C00785","True","True",0.178368894845969,0.681517186784619,"True",0.201881427784864,0.601699219885248,"True",0.177557487941013,0.690634031365209,"True",0.201540683232899,0.630320869589288,"all_pre_hcc",TRUE,TRUE,FALSE
98,"glutamate","WHUUTDBJXJRKMK-VKHMYHEASA-N","HMDB0000148","C00025,C00217","True","True",-0.0969217142262434,0.833480295955114,"True",-0.0688705911957829,0.818940482170464,"True",-0.0964714096242688,0.840176927248,"True",-0.0695024523692986,0.820605936240007,"all_pre_hcc",TRUE,TRUE,FALSE
99,"glutamine","ZDXPYRJPNDTMRX-VKHMYHEASA-N","HMDB0000641","C00064","True","True",0.0141986735724645,0.956657101078756,"True",0.0396531617945499,0.808364896888311,"True",0.0143296046125901,0.942558123821894,"True",0.0393191236601941,0.792658360858766,"all_pre_hcc",TRUE,TRUE,FALSE
100,"threonine","AYFVYJQAPQTCCC-GBXIJSLDSA-N","HMDB0000167","C00188","True","True",0.154327451608805,0.54604944813447,"True",0.180586303818041,0.282014305743761,"True",0.154601323242951,0.436668126479199,"True",0.179735516596744,0.242559456602141,"all_pre_hcc",TRUE,TRUE,FALSE
101,"tryptophan","QIVBCDIJIAJPQS-VIFPVBQESA-N","HMDB0000929","C00078","True","True",0.0450379995686247,0.888814350796284,"True",0.0589618308005773,0.803122018361302,"True",0.0401745710589585,0.870916680963034,"True",0.0629241868256,0.780595120171493,"all_pre_hcc",TRUE,TRUE,FALSE
102,"valine","KZSNJWFQEVHDMF-BYPYZUCNSA-N","HMDB0000883","C00183","True","True",-0.0554554001525292,0.888814350796284,"True",-0.0285937674025331,0.916463204436899,"True",-0.0551365355052306,0.866831664609449,"True",-0.0298726707144313,0.909876646093279,"all_pre_hcc",TRUE,TRUE,FALSE
103,"glucose","WQZGKKKJIJFFOK-DVKNGEFBSA-N","HMDB0000122","C00031","True","True",0.0952961736151839,0.832324974052491,"True",0.118984171657877,0.821270383925121,"True",0.0956998693194871,0.842408936436375,"True",0.120734733872382,0.815726931761999,"all_pre_hcc",TRUE,TRUE,FALSE
104,"alpha-ketobutyrate","TYEYBOSBBBHJIV-UHFFFAOYSA-N","HMDB0000005","C00109","True","True",0.316934032390387,0.761769676770543,"True",0.311631581724842,0.768721332425183,"False",NA,NA,"False",NA,NA,"all_pre_hcc",FALSE,FALSE,FALSE
105,"adenosine","OIRDTQYFTABQOQ-KQYNXXCUSA-N","HMDB0000050","C00212","False","True",0.445175781218487,0.603809338322567,"True",0.352789711804629,0.529994206980286,"False",NA,NA,"False",NA,NA,"all_pre_hcc",FALSE,FALSE,FALSE
106,"betaine","KWIUHFFTVRNATP-UHFFFAOYSA-N","HMDB0000043","C00719","True","True",0.0939832746274046,0.712140637573413,"True",0.119380176819827,0.564791950698641,"True",0.0936160235081646,0.712433972304203,"True",0.119056570363074,0.465571024781261,"all_pre_hcc",TRUE,TRUE,FALSE
107,"cysteine","XUJNEKJLAYXESH-REOHCLBHSA-N","HMDB0000574","C00097","True","True",-0.0180420207560723,0.976439686718909,"True",0.00480278970696829,0.992201810071038,"True",-0.0178028618993565,0.970560889837061,"True",0.0071939122159895,0.974969336027408,"all_pre_hcc",FALSE,TRUE,FALSE
108,"mannose","WQZGKKKJIJFFOK-DXQLJALPSA-N","HMDB0000169","C00159,C02209,C00936","True","True",0.089165760586941,0.866118683573015,"True",0.111071023180381,0.84379376353335,"True",0.086910988464169,0.861208161670473,"True",0.111211168877951,0.826478811707669,"all_pre_hcc",TRUE,TRUE,FALSE
109,"dimethylglycine","FFDGPVCHZBVARC-UHFFFAOYSA-N","HMDB0000092","C03626","True","True",-0.12505830155802,0.773611598206199,"True",-0.0967665456547048,0.73387995922184,"True",-0.126439967539724,0.77207375928871,"True",-0.0980357478303577,0.757820314146949,"all_pre_hcc",TRUE,TRUE,FALSE
110,"alanine","QNAYBMKLOCPYGJ-REOHCLBHSA-N","HMDB0000161","C00041","True","True",0.0268309307546717,0.935652993364052,"True",0.0519844048347726,0.845594621023387,"True",0.0253081459562996,0.936686952962394,"True",0.0531182754051092,0.846961002560245,"all_pre_hcc",TRUE,TRUE,FALSE
111,"tyrosine","OUYCCCASQSFEME-QMMMGPOBSA-N","HMDB0000158","C00082","True","True",0.32685380596351,0.162098433096863,"True",0.350461390437938,0.0965793328789333,"True",0.326745281222453,0.0832497430275824,"True",0.352965927877676,0.0388468439751049,"all_pre_hcc",TRUE,TRUE,FALSE
112,"malonate","OFOBLEOULBTSOW-UHFFFAOYSA-N","HMDB0000691","C00383","True","True",-0.200769108478793,0.866118683573015,"True",-0.156755769126438,0.833059115513004,"True",-0.210067360416817,0.857310545511072,"True",-0.170158379641016,0.820605936240007,"all_pre_hcc",TRUE,TRUE,FALSE
113,"pseudouridine","PTJWIQPHWPFNBW-GBNDHIKLSA-N","HMDB0000767","C02067","True","True",0.0229012979940298,0.967304661495219,"True",0.0470047988064545,0.885594014727662,"True",0.0213439994483719,0.970560889837061,"True",0.047722304123375,0.874801219596927,"all_pre_hcc",TRUE,TRUE,FALSE
114,"pyruvate","LCTONWCANYUPML-UHFFFAOYSA-N","HMDB0000243","C00022","True","True",-0.0552826321012129,0.935591154518678,"True",-0.0359081057868342,0.955697462584365,"True",-0.058839582094551,0.931042512971201,"True",-0.0340476429958273,0.950245044942694,"all_pre_hcc",TRUE,TRUE,FALSE
115,"uracil","ISAKRJDGNUQOIC-UHFFFAOYSA-N","HMDB0000300","C00106","True","True",-0.173393970454365,0.74580365912331,"True",-0.163268905184871,0.789698882328843,"False",NA,NA,"False",NA,NA,"all_pre_hcc",FALSE,FALSE,FALSE
116,"xylose","PYMYPHUHKUWMLA-VPENINKCSA-N","HMDB0000098","C00181","False","True",0.225941038638729,0.847523788250036,"True",0.275145700783982,0.795650331872565,"True",0.227525934316214,0.840120309178528,"False",NA,NA,"all_pre_hcc",FALSE,FALSE,FALSE
117,"cytidine","UHDGCWIWMRVCDJ-XVFCMESISA-N","HMDB0000089","C00475","True","True",-0.285738894879413,0.556953941305351,"True",-0.265232414589896,0.567514713034764,"True",-0.285453190442008,0.639043093625158,"True",-0.265188323135418,0.642470093009369,"all_pre_hcc",TRUE,TRUE,FALSE
118,"arabinose","SRBFZHDQGSBBOR-SQOUGZDYSA-N","HMDB0029942","C00216","False","True",-0.00642996154195006,0.998692291231007,"True",0.0365230853657662,0.966197125693154,"False",NA,NA,"False",NA,NA,"all_pre_hcc",FALSE,FALSE,FALSE
119,"cotinine","UIKROCXWUNQSPJ-VIFPVBQESA-N","HMDB0001046","","False","True",-0.478353338885507,0.866118683573015,"True",-0.563825116032708,0.803122018361302,"True",-0.47738602210152,0.857310545511072,"True",-0.562873378277363,0.803930608448969,"all_pre_hcc",TRUE,TRUE,FALSE
120,"caffeine","RYYVLZVUVIJVGH-UHFFFAOYSA-N","HMDB0001847","C07481","True","True",0.489773058532961,0.393566697647221,"True",0.50676936420666,0.266427076521807,"True",0.498011898344707,0.610292315290267,"True",0.518210833006056,0.49299846451073,"all_pre_hcc",TRUE,TRUE,FALSE
121,"fructose","RFSUNEUAIZKAJO-ARQDHWQXSA-N","HMDB0000660","C00095","True","True",0.238116209491661,0.718878662117562,"True",0.260218514935224,0.724561341995404,"False",NA,NA,"True",0.263294694325707,0.758098378621408,"all_pre_hcc",FALSE,FALSE,FALSE
122,"adenine","GFFGJBXGBJISGV-UHFFFAOYSA-N","HMDB0000034","C00147","True","True",0.178491167882016,0.454228267241584,"True",0.198106826405718,0.141860910491722,"True",0.178198709973871,0.417530986800651,"False",NA,NA,"all_pre_hcc",FALSE,FALSE,FALSE
123,"cytosine","OPTASPLRGRRNAP-UHFFFAOYSA-N","HMDB0000630","C00380","True","True",0.0834874357835888,0.928795961973196,"True",0.0888659525735676,0.905052969185328,"False",NA,NA,"False",NA,NA,"all_pre_hcc",FALSE,FALSE,FALSE
124,"caprate (10:0)","GHVNFZFCNZKVNT-UHFFFAOYSA-N","HMDB0000511","C01571","True","True",0.520620281205455,0.499813811887754,"True",0.542060601661637,0.245079528730748,"True",0.519206187328226,0.393238116684682,"False",NA,NA,"all_pre_hcc",FALSE,FALSE,FALSE
125,"margarate (17:0)","KEMQGTRYUADPNZ-UHFFFAOYSA-N","HMDB0002259","","True","True",0.167260081839375,0.770556755672068,"True",0.189103256705912,0.588235949039888,"True",0.166743662113362,0.782528146254904,"False",NA,NA,"all_pre_hcc",FALSE,FALSE,FALSE
126,"nonadecanoate (19:0)","ISYWECDDZWTKFF-UHFFFAOYSA-N","HMDB0000772","C16535","True","True",0.231341003589923,0.566222841194563,"True",0.250637317932969,0.265503377060341,"True",0.229379996322206,0.573971934066514,"True",0.250174738921327,0.251810706045499,"all_pre_hcc",TRUE,TRUE,FALSE
127,"arachidate (20:0)","VKOBVWXKNCXXDE-UHFFFAOYSA-N","HMDB0002212","C06425","True","True",0.191410979113158,0.655264323023148,"True",0.21294676006786,0.364791200899775,"True",0.190736438166453,0.660663556507838,"True",0.214807332716738,0.367722702306382,"all_pre_hcc",TRUE,TRUE,FALSE
128,"maltose","GUBGYTABKSRVRQ-ASMJPISFSA-N","HMDB0000163","C00208","True","True",-0.0340134857040662,0.9628944370118,"True",-0.00109534468279483,0.998643396938564,"False",NA,NA,"False",NA,NA,"all_pre_hcc",FALSE,FALSE,FALSE
129,"ribose","PYMYPHUHKUWMLA-LMVFSUKVSA-N","HMDB0000283","C00121","False","True",0.257080363649982,0.824434621635099,"True",0.27452651222496,0.793599520949532,"False",NA,NA,"True",0.266620606677039,0.782816149843448,"all_pre_hcc",FALSE,FALSE,FALSE
130,"asparagine","DCXYFEDJOCDNAF-REOHCLBHSA-N","HMDB0000168","C00152","True","True",0.100285414877786,0.713977960151502,"True",0.126054175394807,0.464780441623297,"True",0.100504140133057,0.69708456896123,"True",0.125412113691767,0.422019451347131,"all_pre_hcc",TRUE,TRUE,FALSE
131,"N-stearoyl-sphinganine (d18:0/18:0)*","KZTJQXAANJHSCE-OIDHKYIRSA-N","HMDB0011761","","True","True",-0.126164208202605,0.875261357470494,"True",-0.115373371855256,0.822032781407359,"True",-0.123716502119369,0.866831664609449,"True",-0.114855180430639,0.827078035968486,"all_pre_hcc",TRUE,TRUE,FALSE
132,"dihydroorotate","UFIVEPVSAGBUSI-UHFFFAOYSA-N","HMDB03349","C00337","True","True",-0.102739898105331,0.824434621635099,"True",-0.0788076741248005,0.863364404960151,"True",-0.103119463689353,0.809705571190545,"True",-0.0781420680062766,0.835279751412302,"all_pre_hcc",TRUE,TRUE,FALSE
133,"heptanoate (7:0)","MNWFXJYAOYHMED-UHFFFAOYSA-N","HMDB0000666","C17714","True","True",0.0771089603862275,0.922245990092948,"True",0.0987509470326671,0.803122018361302,"True",0.0749573750172272,0.906303954672782,"True",0.0975999457416176,0.813177040341497,"all_pre_hcc",TRUE,TRUE,FALSE
134,"caproate (6:0)","FUZZWVXGSFPDMH-UHFFFAOYSA-N","HMDB0000535","C01585","True","True",-0.0605801546151797,0.943479808191357,"True",-0.0349958155718453,0.953727848874,"True",-0.0605109667156833,0.928164349444469,"False",NA,NA,"all_pre_hcc",FALSE,FALSE,FALSE
135,"caprylate (8:0)","WWZKQHOCKIZLMA-UHFFFAOYSA-N","HMDB0000482","C06423","True","True",0.286130177162865,0.734366068252098,"True",0.304990923344244,0.563541368345625,"True",0.279472814142082,0.704457801164247,"False",NA,NA,"all_pre_hcc",FALSE,FALSE,FALSE
136,"sucrose","CZMRCDWAGMRECN-UGDNZRGBSA-N","HMDB0000258","C00089","True","True",0.309768880589458,0.809425864261793,"True",0.418263488732039,0.692075551676725,"False",NA,NA,"False",NA,NA,"all_pre_hcc",FALSE,FALSE,FALSE
137,"pentadecanoate (15:0)","WQEPLUUGTLDZJY-UHFFFAOYSA-N","HMDB0000826","C16537","True","True",0.266301327516002,0.573676168692011,"True",0.287167683079127,0.279592446271422,"True",0.266175868846905,0.581823607518637,"False",NA,NA,"all_pre_hcc",FALSE,FALSE,FALSE
138,"trans-4-hydroxyproline","PMMYEEVYMWASQN-DMTCNVIQSA-N","HMDB0000725","C01157","True","True",-0.083606008592393,0.849471184353726,"True",-0.0583737456201976,0.852456726855308,"True",-0.0840324427657954,0.84207537292275,"True",-0.0608266333095934,0.820605936240007,"all_pre_hcc",TRUE,TRUE,FALSE
139,"allantoin","POJWUDADGALRAB-UHFFFAOYSA-N","HMDB0000462","C02348,C01551,C02350","True","True",0.0967035157800466,0.809425864261793,"True",0.122037326104158,0.793599520949532,"True",0.0963087542059607,0.754401376938514,"True",0.122154286398959,0.738521094898445,"all_pre_hcc",TRUE,TRUE,FALSE
140,"xanthine","LRFVTYWOQMYALW-UHFFFAOYSA-N","HMDB0000292","C00385","True","True",0.230298708738275,0.508289585042857,"True",0.255826405002929,0.561222116487269,"True",0.234982870898739,0.501611137045321,"True",0.257447860757319,0.520054413002484,"all_pre_hcc",TRUE,TRUE,FALSE
141,"5-oxoproline","ODHCTXKNWHHXJC-VKHMYHEASA-N","HMDB0000267","C02237,C01879","True","True",0.177433909246158,0.629822577465613,"True",0.202106589060472,0.408206422310347,"True",0.175690499006018,0.704457801164247,"True",0.202103350901447,0.47300683515466,"all_pre_hcc",TRUE,TRUE,FALSE
142,"picolinate","SIOXPEMLGUPBBT-UHFFFAOYSA-N","HMDB0002243","C10164","True","True",0.423506418216404,0.232731370821022,"True",0.449125123404552,0.0258165628776242,"True",0.424634270020856,0.204505265523854,"False",NA,NA,"all_pre_hcc",FALSE,FALSE,FALSE
143,"sarcosine","FSYKKLYZXJSNPZ-UHFFFAOYSA-N","HMDB0000271","C00213","True","True",-0.0251894961571055,0.959398838009582,"True",-0.000959182146185081,0.998643396938564,"True",-0.0241463998728362,0.956852096401497,"True",0.0010802442332683,0.995276225308613,"all_pre_hcc",FALSE,TRUE,FALSE
144,"pantothenate","GHOKWGTUZJEAQD-ZETCQYMHSA-N","HMDB0000210","C00864","True","True",0.100762030212306,0.866118683573015,"True",0.140739424171297,0.71483281129348,"True",0.0974037591181017,0.865267968492573,"True",0.129558663168955,0.768997746299996,"all_pre_hcc",TRUE,TRUE,FALSE
145,"pipecolate","HXEACLLIILLPRG-UHFFFAOYSA-N","HMDB0000070","","True","True",0.380828016671455,0.349900968104994,"True",0.402893809628381,0.177546306894775,"False",NA,NA,"False",NA,NA,"all_pre_hcc",FALSE,FALSE,FALSE
146,"phosphoethanolamine","SUHOOTKUPISOBE-UHFFFAOYSA-N","HMDB0000224","C00346","True","True",-0.094281580927571,0.877231303941292,"True",-0.0991000935203378,0.826799278471689,"True",-0.0942669791426349,0.877567398140426,"True",-0.0992818118360596,0.829178819393572,"all_pre_hcc",TRUE,TRUE,FALSE
147,"glycerate","RBNPOMFGQQGHHO-UHFFFAOYSA-N","HMDB0000139,HMDB0006372","C00258","True","True",0.0556105474024162,0.864370458335254,"True",0.0717947301678355,0.843590143497149,"True",0.0534223970572577,0.857310545511072,"True",0.0716535657319177,0.824210536459552,"all_pre_hcc",TRUE,TRUE,FALSE
148,"3-ureidopropionate","JSJWCHRYRHKBBW-UHFFFAOYSA-N","HMDB0000026","C02642","True","True",0.28577935665002,0.54604944813447,"True",0.306283187853587,0.362517378094044,"True",0.285469755808787,0.583822966414121,"True",0.309892718935172,0.381107775846642,"all_pre_hcc",TRUE,TRUE,FALSE
149,"N-acetylleucine","WXNXCEHXYPACJF-ZETCQYMHSA-N","HMDB0011756","C02710","True","True",-0.160689158327724,0.829203804480033,"True",-0.0977944173580029,0.803122018361302,"True",-0.15951840379,0.803438910422541,"True",-0.0979363759628835,0.803453311929031,"all_pre_hcc",TRUE,TRUE,FALSE
150,"N-acetylmethionine","XUYPXLNMDZIRQH-LURJTMIESA-N","HMDB0011745","C02712","True","True",-0.0744683301957033,0.903470544315269,"True",-0.0469636801246914,0.903141528871772,"True",-0.0741616168368693,0.887544630339239,"True",-0.0469672510195966,0.885502180323283,"all_pre_hcc",TRUE,TRUE,FALSE
151,"N-acetylvaline","IHYJTAOFMMMOPX-LURJTMIESA-N","HMDB0011757","","True","True",-0.0170097263272602,0.976439686718909,"True",0.00887939147505864,0.973353791276985,"True",-0.0177439045189946,0.970560889837061,"True",0.0087854175314241,0.965588069837404,"all_pre_hcc",FALSE,TRUE,FALSE
152,"erucate (22:1n9)","DPUOLQHDNGRHBS-KTKRTIGZSA-N","HMDB0002068","C08316","True","True",0.246646290942947,0.660207058592021,"True",0.268537521526857,0.41401712806727,"True",0.246289710149042,0.650104955536107,"True",0.268417151060859,0.35240289200605,"all_pre_hcc",TRUE,TRUE,FALSE
153,"bilirubin (Z,Z)","BPYKTIZUTYGOLE-KDUUSRDASA-N","HMDB0000054","C00486","True","True",-0.0903567958382504,0.851385295813966,"True",-0.0627686968531207,0.848534331899759,"True",-0.0902273345891683,0.857310545511072,"True",-0.0634370669265937,0.858306369061108,"all_pre_hcc",TRUE,TRUE,FALSE
154,"thyroxine","XUIIKFGFIJCVMT-LBPRGKRZSA-N","HMDB0000248","C01829","True","True",-0.127351532846544,0.864370458335254,"True",-0.101043759750847,0.803122018361302,"True",-0.128502963433901,0.847687968110236,"True",-0.101892304449953,0.792658360858766,"all_pre_hcc",TRUE,TRUE,FALSE
155,"guanosine","NYHBQMYGNKIUIF-UUOKFMHZSA-N","HMDB0000133","C00387","True","True",0.0977317280245587,0.903470544315269,"True",0.139523299464172,0.822032781407359,"True",0.0940761184273377,0.906303954672782,"False",NA,NA,"all_pre_hcc",FALSE,FALSE,FALSE
156,"gamma-glutamyltyrosine","VVLXCWVSSLFQDS-QWRGUYRKSA-N","HMDB0011741","","True","True",0.505078210992542,0.141153006235356,"True",0.525728207235952,0.0258165628776242,"True",0.504122097751784,0.0959876596195246,"True",0.52909211377141,0.018078821981304,"all_pre_hcc",TRUE,TRUE,FALSE
157,"methyl indole-3-acetate","KTHADMDGDNYQRX-UHFFFAOYSA-N","HMDB0029738","","True","True",-0.117652591104968,0.876452610614697,"True",-0.108347332615088,0.803122018361302,"True",-0.126733393185003,0.861371866220254,"False",NA,NA,"all_pre_hcc",FALSE,FALSE,FALSE
158,"alpha-tocopherol","GVJHHUAWPYXKBD-IEOSBIPESA-N","HMDB0001893","C02477","True","True",-0.382031366138338,0.24378660037595,"True",-0.356291452249619,0.12875008042632,"True",-0.377961349515129,0.204505265523854,"True",-0.348805332215547,0.166744296564945,"all_pre_hcc",TRUE,TRUE,FALSE
159,"N-carbamoylaspartate","HLKXYZVTANABHZ-REOHCLBHSA-N","HMDB0000828","C00438","False","True",7.85038617482229e-05,0.999630215506687,"True",0.0289600992256467,0.95255116396374,"True",0.0001092637666917,0.999987336817023,"True",0.0286765272005998,0.941406964088266,"all_pre_hcc",TRUE,TRUE,FALSE
160,"N-acetylalanine","KTHDTJVBEPMMGL-VKHMYHEASA-N","HMDB0000766","C02847","True","True",-0.249577921273633,0.291805016299868,"True",-0.223995955071896,0.429760939766166,"True",-0.249339505365638,0.393238116684682,"True",-0.222762235137271,0.428066308060076,"all_pre_hcc",TRUE,TRUE,FALSE
161,"vanillylmandelate (VMA)","CGQCWMIAEPEHNQ-UHFFFAOYSA-N","HMDB0000291","C05584","True","True",-0.118046945282341,0.866118683573015,"True",-0.0996335191253732,0.804802146715741,"True",-0.118034456828049,0.857310545511072,"True",-0.100437353283454,0.813177040341497,"all_pre_hcc",TRUE,TRUE,FALSE
162,"4-acetamidobutanoate","UZTFMUBKZQVKLK-UHFFFAOYSA-N","HMDB0003681","C02946","True","True",-0.518903485789618,0.27482397772766,"True",-0.495355916435304,0.156450641780339,"True",-0.532826774277119,0.128837526766312,"True",-0.505612670617915,0.0764031854506789,"all_pre_hcc",TRUE,TRUE,FALSE
163,"3-aminoisobutyrate","QCHPKSFMDHPSNR-UHFFFAOYSA-N","HMDB0002166","C05145","True","True",-0.307521990563284,0.551133132243807,"True",-0.281437868274572,0.529994206980286,"True",-0.308684140294317,0.545423655240295,"True",-0.282546158139273,0.488857663696124,"all_pre_hcc",TRUE,TRUE,FALSE
164,"chenodeoxycholate","RUDATBOHQWOJDD-LXEZOOAESA-N","HMDB0000518","C02528","True","True",0.450091725770431,0.592654476277519,"True",0.471039539463906,0.473179796678854,"True",0.460783039329756,0.623595100153847,"True",0.484849098970794,0.50172696436851,"all_pre_hcc",TRUE,TRUE,FALSE
165,"citrate","KRKNYBCHXYNGOX-UHFFFAOYSA-N","HMDB0000094","C00158","True","True",0.23757792687732,0.574142745721525,"True",0.263661514840288,0.177546306894775,"True",0.237234162432946,0.592616392626392,"True",0.263617899606496,0.223868791569115,"all_pre_hcc",TRUE,TRUE,FALSE
166,"5,6-dihydrouracil","OIVLITBTBDPEFK-UHFFFAOYSA-N","HMDB0000076","C00429","True","True",0.476997084933799,0.518953495325108,"True",0.504486232918854,0.265503377060341,"True",0.476982234258917,0.537357864519045,"True",0.504526029003627,0.367722702306382,"all_pre_hcc",TRUE,TRUE,FALSE
167,"2-aminobutyrate","QWCKQJZIFLGMSD-GSVOUGTGSA-N","HMDB0000452","C02356","True","True",-0.00100562763748697,0.998968433210889,"True",0.0235950498256874,0.955697462584365,"True",-0.0034730009333573,0.996206386364545,"True",0.0225091406252568,0.945895131056067,"all_pre_hcc",FALSE,TRUE,FALSE
168,"urate","LEHOTFFKMJEONL-UHFFFAOYSA-N","HMDB0000289","C00366","True","True",-0.0015057823445221,0.998692291231007,"True",0.0240057310674921,0.953404729799616,"True",-0.0013972514739083,0.998592888165959,"True",0.0255933904824821,0.93766415495808,"all_pre_hcc",FALSE,TRUE,FALSE
169,"ursodeoxycholate","RUDATBOHQWOJDD-UZVSRGJWSA-N","HMDB0000946","C07880","True","True",-1.15628240608585,0.51455523550463,"True",-1.12322600811385,0.41401712806727,"True",-1.16135082520706,0.417530986800651,"True",-1.12860694510284,0.346377112538744,"all_pre_hcc",TRUE,TRUE,FALSE
170,"valerate (5:0)","NQPDZGIKBAWPEJ-UHFFFAOYSA-N","HMDB0000892","C00803","False","True",-0.640437956874513,0.613684836687529,"True",-0.57567493334934,0.515827798204132,"True",-0.6390980811928,0.59557991963789,"True",-0.575682280881034,0.48476439220678,"all_pre_hcc",TRUE,TRUE,FALSE
171,"oleoyl ethanolamide","BOWVQLFMWHZBEF-KTKRTIGZSA-N","HMDB0002088","","True","True",-0.0116778083887952,0.994453650858034,"True",0.018280468251647,0.959141406118784,"True",-0.0107618825508474,0.993902794800286,"True",0.0184172312959509,0.951091617030689,"all_pre_hcc",FALSE,TRUE,FALSE
172,"gamma-glutamylglutamine","JBFYFLXEJFQWMU-WDSKDSINSA-N","HMDB0011738","C05283","True","True",-0.148020016723617,0.70437638758118,"True",-0.11985485382641,0.607349833121741,"True",-0.150504229455095,0.662010352672424,"True",-0.120291435652292,0.53889109005607,"all_pre_hcc",TRUE,TRUE,FALSE
173,"4-hydroxyphenylpyruvate","KKADPXVIOXHVKN-UHFFFAOYSA-N","HMDB0000707","C01179","True","True",0.320164992229966,0.512575300864899,"True",0.344968305969835,0.156450641780339,"True",0.319668679111768,0.458474832153681,"True",0.344990165688938,0.195350186353228,"all_pre_hcc",TRUE,TRUE,FALSE
174,"butyrate/isobutyrate (4:0)","FERIUCNNQQJTOY-UHFFFAOYSA-N","HMDB0000039","C00246","True","True",-0.48054421428074,0.551133132243807,"True",-0.451745390661964,0.41401712806727,"True",-0.478188702880922,0.458474832153681,"True",-0.450420277340736,0.325690426218759,"all_pre_hcc",TRUE,TRUE,FALSE
175,"N-acetylneuraminate","SQVRNKJHWKZAKO-UHFFFAOYSA-N","HMDB0000230","C00270","True","True",-0.1803827721805,0.668924738478841,"True",-0.152797660776424,0.451722171914109,"True",-0.180242450402987,0.650104955536107,"True",-0.1531112481972,0.428066308060076,"all_pre_hcc",TRUE,TRUE,FALSE
176,"isocitrate","ODBLHEXUDAPZAU-OKKQSCSOSA-N","HMDB0001874","C00451","True","True",-0.28288209578099,0.712140637573413,"True",-0.252075605875695,0.635669319223038,"True",-0.281894880719944,0.695539898910971,"True",-0.254438596333583,0.627374301948127,"all_pre_hcc",TRUE,TRUE,FALSE
177,"N-acetylglucosaminylasparagine","YTTRPBWEMMPYSW-VFFCQLMOSA-N","HMDB0000489","C04540","True","True",-0.458070914319677,0.27482397772766,"True",-0.441179080506457,0.0316047806276469,"True",-0.459327084156901,0.35466424322012,"True",-0.442355984529986,0.104349168666122,"all_pre_hcc",TRUE,TRUE,FALSE
178,"acetoacetate","WDJHALXBUFZDSR-UHFFFAOYSA-N","HMDB0000060","C00164","True","True",-0.299902780107579,0.712140637573413,"True",-0.293429983354926,0.705216146393861,"False",NA,NA,"False",NA,NA,"all_pre_hcc",FALSE,FALSE,FALSE
179,"creatine","CVSVTCORWBXHQV-UHFFFAOYSA-N","HMDB0000064","C00300","True","True",-0.295683525736402,0.54604944813447,"True",-0.267810195283707,0.473179796678854,"True",-0.293948552322851,0.458474832153681,"True",-0.267368682638782,0.452159567860379,"all_pre_hcc",TRUE,TRUE,FALSE
180,"cys-gly, oxidized","KDJVKDYFFTWHBO-UHFFFAOYSA-N","","","True","True",-0.349391394163688,0.463421672732727,"True",-0.332916287501476,0.395259177644131,"True",-0.355956718187642,0.458474832153681,"True",-0.33499552954456,0.392329324560375,"all_pre_hcc",TRUE,TRUE,FALSE
181,"dihomo-linoleate (20:2n6)","XSXIVVZCUAHUJO-HZJYTTRNSA-N","HMDB0005060","C16525","True","True",0.0886796521897725,0.900403575208525,"True",0.115138199691274,0.803122018361302,"True",0.0897665032684519,0.897789530453566,"False",NA,NA,"all_pre_hcc",FALSE,FALSE,FALSE
182,"gamma-glutamylhistidine","PXVCMZCJAUJLJP-YUMQZZPRSA-N","HMDB0029151","","True","True",0.0173906506002996,0.9628944370118,"True",0.0418599268891662,0.877859583928236,"False",NA,NA,"False",NA,NA,"all_pre_hcc",FALSE,FALSE,FALSE
183,"2-hydroxystearate","KIHBGTRZFAVZRV-QGZVFWFLSA-N","HMDB0062549","C03042,C03045","True","True",0.0282894495926314,0.967079302821043,"True",0.0529341153588158,0.885594014727662,"True",0.0258191327644821,0.968175748412613,"True",0.0511678331874861,0.874801219596927,"all_pre_hcc",TRUE,TRUE,FALSE
184,"N1-methyladenosine","GFYLSDSUCHVORB-IOSLPCCCSA-N","HMDB0003331","C02494","True","True",-0.0582455711769736,0.851769361858979,"True",-0.0297568609788732,0.803122018361302,"True",-0.0582438531515902,0.844013430128151,"True",-0.029970713580787,0.82430078780398,"all_pre_hcc",TRUE,TRUE,FALSE
185,"glycerol","PEDCQBHIVMGVHV-UHFFFAOYSA-N","HMDB0000131","C00116","True","True",-0.497433675050467,0.566222841194563,"True",-0.466614763508298,0.417520864476979,"True",-0.505409262769349,0.53650857631956,"True",-0.475364488101464,0.369355961032807,"all_pre_hcc",TRUE,TRUE,FALSE
186,"choline","CRBHXDCYXIISFC-UHFFFAOYSA-N","HMDB0000097","C00114","True","True",-0.194501606243393,0.403419938051245,"True",-0.167488892419227,0.265503377060341,"True",-0.19513684205116,0.393238116684682,"True",-0.167639650162564,0.329678499762895,"all_pre_hcc",TRUE,TRUE,FALSE
187,"anthranilate","RWZYAGGXGHYGMB-UHFFFAOYSA-N","HMDB0001123","C00108","True","True",0.125004322784654,0.75195322783694,"True",0.147641762409838,0.610022819258864,"True",0.124823451802996,0.790513626985129,"True",0.146992236183192,0.631829919798068,"all_pre_hcc",TRUE,TRUE,FALSE
188,"12-HHTrE","KUKJHGXXZWHSBG-WBGSEQOASA-N","HMDB0012535","C20388","False","True",-0.20312879895831,0.875261357470494,"True",-0.202063439430479,0.835885760004685,"False",NA,NA,"False",NA,NA,"all_pre_hcc",FALSE,FALSE,FALSE
189,"gamma-glutamylleucine","MYFMARDICOWMQP-YUMQZZPRSA-N","HMDB0011171","","True","True",-0.0417387670503628,0.932577114973205,"True",-0.0147338851051828,0.959141406118784,"True",-0.0409758378373848,0.914801894510549,"True",-0.0147355278352028,0.950245044942694,"all_pre_hcc",TRUE,TRUE,FALSE
190,"thromboxane B2","XNRNNGPBEPRNAR-JQBLCGNGSA-N","HMDB0003252","C05963","False","True",-0.173363294481149,0.866118683573015,"True",-0.205693529374514,0.790068072118399,"False",NA,NA,"False",NA,NA,"all_pre_hcc",FALSE,FALSE,FALSE
191,"3-methoxytyrosine","PFDUUKDQEHURQC-ZETCQYMHSA-N","HMDB0001434","","True","True",-0.108639006591839,0.722532697859701,"True",-0.0876626687011655,0.742850969716335,"True",-0.107777372635631,0.77207375928871,"False",NA,NA,"all_pre_hcc",FALSE,FALSE,FALSE
192,"fluoxetine","RTHCYVBBDHJXIQ-UHFFFAOYSA-N","HMDB0014615","D00326","False","True",-0.173249351970014,0.532318449164174,"True",-0.168297231401956,0.429760939766166,"True",-0.167482385557613,0.798060755598191,"True",-0.163280984209119,0.774078664020339,"all_pre_hcc",TRUE,TRUE,FALSE
193,"4-acetamidophenol","RZVAJINKPMORJF-UHFFFAOYSA-N","HMDB0001859","C06804","False","True",0.837164276876815,0.686705847422965,"True",0.848944371681152,0.637670949256501,"True",0.833622680859488,0.678532871147338,"True",0.843765501521594,0.625290072487223,"all_pre_hcc",TRUE,TRUE,FALSE
194,"naproxen","CMWTZPSULFXXJA-VIFPVBQESA-N","HMDB0001923","C01517","False","True",-0.0216759849792326,0.935591154518678,"True",-0.0225559683587209,0.906906545311647,"False",NA,NA,"False",NA,NA,"all_pre_hcc",FALSE,FALSE,FALSE
195,"topiramate","KJADKKWYZYXHBB-UHFFFAOYSA-N","HMDB0005034","D00537","False","True",-0.110752788359914,0.668924738478841,"True",-0.108602175064551,0.626051992121949,"True",-0.111704371463468,0.848848537578865,"True",-0.109655674748106,0.807233914395397,"all_pre_hcc",TRUE,TRUE,FALSE
196,"beta-hydroxyisovalerate","AXFYFNCPONWUHW-UHFFFAOYSA-N","HMDB0000754","","True","True",-0.264460340818726,0.668924738478841,"True",-0.234057266069168,0.469755922798506,"True",-0.260245208732315,0.64447630645104,"True",-0.230390752465405,0.450466342649941,"all_pre_hcc",TRUE,TRUE,FALSE
197,"ibuprofen","HEFNNWSXXWATRW-UHFFFAOYSA-N","HMDB0001925","C01588","False","True",0.173292315462146,0.797071790675955,"True",0.169944083623825,0.793134514945984,"True",0.144236575945213,0.754792545427083,"True",0.136129587932345,0.768997746299996,"all_pre_hcc",TRUE,TRUE,FALSE
198,"arachidonoyl ethanolamide","LGEQQWMQCRIYKG-DOFZRALJSA-N","HMDB0004080","C11695","False","True",-0.712675839826787,0.0644992863840137,"True",-0.756945489857176,0.0436059079879842,"False",NA,NA,"True",-0.76265411511837,0.0619096469881848,"all_pre_hcc",FALSE,FALSE,FALSE
199,"palmitoyl ethanolamide","HXYVTAGFYLMHSO-UHFFFAOYSA-N","HMDB0002100","C16512","True","True",0.0599358784907824,0.92631812083019,"True",0.0866692591993267,0.797012322389442,"True",0.0600972266930381,0.907063896503996,"True",0.0866677899726905,0.792658360858766,"all_pre_hcc",TRUE,TRUE,FALSE
200,"N-linoleoylglycine","YCRHZEHWEYAHCO-HZJYTTRNSA-N","","","False","True",0.00811252476199533,0.998692291231007,"True",0.0271013694393645,0.971000666200942,"True",0.009075797932564,0.996206386364545,"False",NA,NA,"all_pre_hcc",FALSE,FALSE,FALSE
201,"N-palmitoyl-sphingosine (d18:1/16:0)","YDNKGFDKKRUKPY-TURZORIXSA-N","HMDB0004949","","True","True",-0.285855098459074,0.527308817793279,"True",-0.258197277320605,0.347504897360283,"True",-0.284643695896966,0.52865642727899,"True",-0.257046256658499,0.416733224180972,"all_pre_hcc",TRUE,TRUE,FALSE
202,"1-palmitoyl-2-oleoyl-GPE (16:0/18:1)","FHQVHHIBKUMWTI-OTMQOFQLSA-N","HMDB0005320","","True","True",0.0880201555598248,0.864370458335254,"True",0.110821416422106,0.722559486852745,"True",0.0910509810603781,0.854784852052777,"True",0.115151485203694,0.75683302403473,"all_pre_hcc",TRUE,TRUE,FALSE
203,"1-palmitoyl-2-linoleoyl-GPI (16:0/18:2)","BSNJSZUDOMPYIR-DMDPBSJXSA-N","HMDB0009784","","True","True",-0.123595124918014,0.864370458335254,"True",-0.0951609592911705,0.803122018361302,"True",-0.12333193807721,0.84207537292275,"True",-0.095344339235118,0.792658360858766,"all_pre_hcc",TRUE,TRUE,FALSE
204,"1-palmitoyl-2-linoleoyl-GPC (16:0/18:2)","JLPULHDHAOZNQI-ZTIMHPMXSA-N","HMDB0007973","","True","True",-0.0707621972509727,0.725493544963435,"True",-0.0432286555527481,0.768721332425183,"True",-0.070199570290467,0.729858007048863,"True",-0.0432613809444084,0.78627139210889,"all_pre_hcc",TRUE,TRUE,FALSE
205,"stearoyl sphingomyelin (d18:1/18:0)","LKQLRGMMMAHREN-YJFXYUILSA-N","HMDB0001348","C00550","True","True",-0.252202184359869,0.478404237192649,"True",-0.22512714855287,0.266427076521807,"True",-0.251890492774399,0.396318600411126,"True",-0.225119090621642,0.275422907698685,"all_pre_hcc",TRUE,TRUE,FALSE
206,"1-palmitoyl-2-oleoyl-GPC (16:0/18:1)","WTJKGGKOPKCXLL-PFDVCBLKSA-N","HMDB0007972","C13875","True","True",-0.0919543924837403,0.668924738478841,"True",-0.0648248797448484,0.54888501479756,"True",-0.0917085563100375,0.650104955536107,"True",-0.0649704711030181,0.637207440097988,"all_pre_hcc",TRUE,TRUE,FALSE
207,"N-stearoyl-sphingosine (d18:1/18:0)*","VODZWWMEJITOND-NXCSZAMKSA-N","HMDB0004950","","True","True",-0.401026825444283,0.551133132243807,"True",-0.372855443052477,0.459229228887976,"True",-0.407208455301074,0.581823607518637,"True",-0.377832952388341,0.488145236255776,"all_pre_hcc",TRUE,TRUE,FALSE
208,"glycochenodeoxycholate","GHCZAUBVMUEKKP-AZDOMVTHSA-N","HMDB0000637","C05466","True","True",0.625424693748554,0.54604944813447,"True",0.638305697428721,0.417520864476979,"True",0.637384486914744,0.494841904736239,"True",0.660224228759304,0.367722702306382,"all_pre_hcc",TRUE,TRUE,FALSE
209,"taurochenodeoxycholate","BHTRKEVKTKCXOH-BJLOMENOSA-N","HMDB0000951","C05465","True","True",1.57806095523583,0.106747590451933,"True",1.59400995652451,0.0394810308227283,"True",1.5862079452309,0.0832497430275824,"True",1.61151271087027,0.0325182613286218,"all_pre_hcc",TRUE,TRUE,FALSE
210,"taurocholate","WBWWGRHZICKQGZ-HGVCTONRSA-N","HMDB0000036","C05122","True","True",1.72652729124078,0.0644992863840137,"True",1.74562723100374,0.0258165628776242,"True",1.74078367411884,0.0832497430275824,"True",1.767277670783,0.0269764153214911,"all_pre_hcc",TRUE,TRUE,TRUE
211,"taurodeoxycholate","AWDRATDZQPNJFN-RZGBOAIJSA-N","HMDB0000896","C05463","False","True",0.528350789914926,0.712140637573413,"True",0.536866445240368,0.705216146393861,"True",0.506605400031139,0.722826050329648,"True",0.516309458959815,0.716113708603259,"all_pre_hcc",TRUE,TRUE,FALSE
212,"2-hydroxyhippurate (salicylurate)","ONJSZLXSECQROL-UHFFFAOYSA-N","HMDB0000840","C07588","True","True",0.138025943422844,0.929417472514198,"True",0.171439380266349,0.885594014727662,"False",NA,NA,"False",NA,NA,"all_pre_hcc",FALSE,FALSE,FALSE
213,"metoprolol","IUBSYMUCCVWXPE-UHFFFAOYSA-N","HMDB0001932","D02358","False","True",0.157842318201265,0.862354685882932,"True",0.16173146053524,0.803122018361302,"True",0.15901266349135,0.817865699562766,"True",0.164008695657382,0.780595120171493,"all_pre_hcc",TRUE,TRUE,FALSE
214,"azelate (C9-DC)","BDJRBEYXGGNYIS-UHFFFAOYSA-N","HMDB0000784","C08261","True","True",-0.0774777702947633,0.912104101293667,"True",-0.0567468216802851,0.898260751241225,"True",-0.0774777392201949,0.911010602795729,"False",NA,NA,"all_pre_hcc",FALSE,FALSE,FALSE
215,"3-(N-acetyl-cystein-S-yl) acetaminophen","DVPRQNKJGQEICH-JTQLQIEISA-N","","","False","True",0.207347606607152,0.907306306881076,"True",0.175578714104803,0.898260751241225,"True",0.207487698799165,0.898672361155325,"True",0.174608599575647,0.887715300548963,"all_pre_hcc",TRUE,TRUE,FALSE
216,"4-acetaminophen sulfate","IGTYILLPRJOVFY-UHFFFAOYSA-N","HMDB0059911","C06804","False","True",1.07261676664634,0.668924738478841,"True",1.05411160062136,0.631516980088846,"True",1.06427224249966,0.675132712477377,"True",1.04638742798811,0.634185440134848,"all_pre_hcc",TRUE,TRUE,FALSE
217,"eicosapentaenoate (EPA; 20:5n3)","JAZBEHYOTPTENJ-JLNKQSITSA-N","HMDB0001999","C06428","True","True",0.109373737514144,0.875660011611575,"True",0.152759113711967,0.700697482365518,"True",0.107787473940433,0.866831664609449,"True",0.147343933820957,0.768997746299996,"all_pre_hcc",TRUE,TRUE,FALSE
218,"methylsuccinate","WXUAQHNMJWJLTG-UHFFFAOYSA-N","HMDB0001844","","True","True",-0.13313062141491,0.746364717042608,"True",-0.11444432226101,0.73387995922184,"True",-0.136075347622353,0.743115424840978,"True",-0.115797379747116,0.755658715622791,"all_pre_hcc",TRUE,TRUE,FALSE
219,"ethylmalonate","UKFXDFUAPNAMPJ-UHFFFAOYSA-N","HMDB0000622","","True","True",-0.279204507088956,0.551133132243807,"True",-0.251164351310412,0.539583201421949,"True",-0.279412576565784,0.581653906978396,"True",-0.251176655672226,0.575591163794169,"all_pre_hcc",TRUE,TRUE,FALSE
220,"carnitine","PHIQHXFUZVPYII-ZCFIWIBFSA-N","HMDB0000062","C00487,C00308","True","True",-0.0893076695254525,0.688838927236634,"True",-0.0623406468714383,0.803122018361302,"True",-0.0889181920680426,0.677018418455355,"True",-0.0624778005971403,0.772944491657587,"all_pre_hcc",TRUE,TRUE,FALSE
221,"benzoate","WPYMKLBDIGXBTP-UHFFFAOYSA-N","HMDB0001870","C00180","True","True",0.34292372037896,0.577582044091353,"True",0.363750162754365,0.464780441623297,"False",NA,NA,"True",0.35383305636427,0.547762433215384,"all_pre_hcc",FALSE,FALSE,FALSE
222,"3-phenylpropionate (hydrocinnamate)","XMIIGOLPHOKFCH-UHFFFAOYSA-N","HMDB0000764","C05629","False","True",-1.04330701128644,0.452758765907546,"True",-1.05456662120243,0.372780173816451,"True",-1.03852388848015,0.396318600411126,"True",-1.0494229820903,0.316849660962979,"all_pre_hcc",TRUE,TRUE,FALSE
223,"phenylacetate","WLJVXDMOQOGPHL-UHFFFAOYSA-N","HMDB0000209","C07086","True","True",0.114962117704101,0.90554580063907,"True",0.13575662880356,0.837701577928652,"True",0.111302116338412,0.898672361155325,"True",0.132013934663953,0.829178819393572,"all_pre_hcc",TRUE,TRUE,FALSE
224,"hippurate","QIAFMBKCNZACKA-UHFFFAOYSA-N","HMDB0000714","C01586","True","True",-0.314113653673138,0.741139766383357,"True",-0.290174698646998,0.700113519812553,"True",-0.314067804029452,0.77207375928871,"False",NA,NA,"all_pre_hcc",FALSE,FALSE,FALSE
225,"xanthurenate","FBZONXHGGPHHIY-UHFFFAOYSA-N","HMDB0000881","C02470","False","True",0.0546325975696108,0.959398838009582,"True",0.00377362396527397,0.998643396938564,"True",0.0539129962038711,0.951989062025711,"False",NA,NA,"all_pre_hcc",FALSE,FALSE,FALSE
226,"suberate (C8-DC)","TYFQFVWCELRYAO-UHFFFAOYSA-N","HMDB0000893","C08278","False","True",-0.0596889549627584,0.935591154518678,"True",-0.0311665744803304,0.957297628014684,"False",NA,NA,"False",NA,NA,"all_pre_hcc",FALSE,FALSE,FALSE
227,"3-methyl-2-oxovalerate","JVQYSWDUAOAHFM-UHFFFAOYSA-N","HMDB0000491","C03465,C06008,C00671","True","True",-0.130579140207816,0.835748497541537,"True",-0.102048211061924,0.792347109564149,"True",-0.12888309590271,0.803438910422541,"True",-0.101199744245597,0.768997746299996,"all_pre_hcc",TRUE,TRUE,FALSE
228,"methionine sulfoxide","QEFRNWWLZKMPFJ-YGVKFDHGSA-N","HMDB0002005","C02989","True","True",0.32127471472059,0.297092713810318,"True",0.342649316957937,0.131554559438078,"True",0.32264722578282,0.35466424322012,"True",0.345913325661675,0.0881859632243902,"all_pre_hcc",TRUE,TRUE,FALSE
229,"3-methylhistidine","JDHILDINMRGULE-LURJTMIESA-N","HMDB0000479","C01152","True","True",-0.0799588941367646,0.948100057621523,"True",-0.0595478614183158,0.953727848874,"True",-0.0794245306920902,0.931042512971201,"False",NA,NA,"all_pre_hcc",FALSE,FALSE,FALSE
230,"4-acetamidophenylglucuronide","IPROLSVTVHAQLE-UHFFFAOYSA-N","HMDB0010316","","False","True",0.61738533370498,0.816445487554002,"True",0.609578192210296,0.793599520949532,"True",0.612172340235353,0.8187883265446,"True",0.604178773448357,0.792658360858766,"all_pre_hcc",TRUE,TRUE,FALSE
231,"5-hydroxylysine","YSMODUONRAFBET-AKGZTFGVSA-N","HMDB0000450","C16741","True","True",0.0184784074658419,0.964884366775661,"True",0.0432613021419462,0.898260751241225,"True",0.0187109052416244,0.955746185000366,"True",0.0438135028055397,0.866500520813843,"all_pre_hcc",TRUE,TRUE,FALSE
232,"4-guanidinobutanoate","TUHVEAJXIMEOSA-UHFFFAOYSA-N","HMDB0003464","C01035","True","True",0.082573957622756,0.866118683573015,"True",0.0922980768974752,0.790068072118399,"True",0.0841248893826249,0.860428665500485,"False",NA,NA,"all_pre_hcc",FALSE,FALSE,FALSE
233,"glucuronate","AEMOLEFTQBMNLQ-QIUUJYRFSA-N","HMDB0000127","C16245","True","True",0.131709583489939,0.712140637573413,"True",0.159234008254353,0.673731520607622,"True",0.131934229172161,0.762602135361161,"True",0.159000739091217,0.712180718788762,"all_pre_hcc",TRUE,TRUE,FALSE
234,"glycerol 3-phosphate","AWUCVROLDVIAJX-UHFFFAOYSA-N","HMDB0000126","C0093","True","True",-0.207914761143809,0.508289585042857,"True",-0.179831712519966,0.510226538584673,"True",-0.207775644917721,0.53650857631956,"True",-0.180911565410339,0.575862945513693,"all_pre_hcc",TRUE,TRUE,FALSE
235,"imidazole lactate","ACZFBYCNAVEFLC-UHFFFAOYSA-N","HMDB0002320","C05568","True","True",-0.040201867224283,0.928795961973196,"True",-0.01706542268179,0.957297628014684,"True",-0.0405390384034897,0.913297064777402,"True",-0.0144752783139744,0.951091617030689,"all_pre_hcc",TRUE,TRUE,FALSE
236,"kynurenine","YGPSJZOEDVAXAB-QMMMGPOBSA-N","HMDB0000684","C00328","True","True",-0.0880383978295052,0.786254707734317,"True",-0.0606602141318071,0.790068072118399,"True",-0.087172002906718,0.790513626985129,"True",-0.060496816186048,0.790632207378959,"all_pre_hcc",TRUE,TRUE,FALSE
237,"glycerophosphorylcholine (GPC)","SUHOQUVVVLNYQR-MRVPVSSYSA-N","HMDB0000086","C00670","True","True",-0.216589566947812,0.518953495325108,"True",-0.195809955008468,0.343421372089021,"True",-0.220731735039217,0.393238116684682,"True",-0.199152465955611,0.251810706045499,"all_pre_hcc",TRUE,TRUE,FALSE
238,"N-acetylglutamate","RFMMMVDNIPUKGG-YFKPBYRVSA-N","HMDB0001138","C00624","True","True",-0.123059163153993,0.847523788250036,"True",-0.0964473431859201,0.803122018361302,"True",-0.123182059366595,0.826791619222887,"True",-0.0964314188895949,0.800737343067409,"all_pre_hcc",TRUE,TRUE,FALSE
239,"tartarate","FEWJPZIEWOKRBE-JCYAYHJZSA-N","HMDB0000956,HMDB0062642","C00552,C02107,C00898","False","True",0.549185852873465,0.657882122447869,"True",0.628522787910485,0.505154434929803,"False",NA,NA,"True",0.612828367176008,0.577810087542977,"all_pre_hcc",FALSE,FALSE,FALSE
240,"xanthosine","UBORTCNDUKBEOP-UUOKFMHZSA-N","HMDB0000299","C01762","False","True",0.327335797045899,0.630909490176234,"True",0.407806575715454,0.41401712806727,"True",0.32565458387261,0.662010352672424,"True",0.404514078418115,0.43553942361131,"all_pre_hcc",TRUE,TRUE,FALSE
241,"ribitol","HEBKCHPVOIAQTA-ZXFHETKHSA-N","HMDB0002917,HMDB0001851,HMDB0000568,HMDB0000508","C00379,C01904,C00474,C00532","True","True",0.21853688306146,0.55797633004411,"True",0.272394363152845,0.429760939766166,"True",0.219442472624375,0.538204039859242,"True",0.274635740043589,0.367722702306382,"all_pre_hcc",TRUE,TRUE,FALSE
242,"2-isopropylmalate","BITYXLXUCSKTJS-UHFFFAOYSA-N","HMDB0000402","C02504","False","True",0.381438756278254,0.752261358697651,"True",0.400491638866841,0.73387995922184,"False",NA,NA,"False",NA,NA,"all_pre_hcc",FALSE,FALSE,FALSE
243,"glycodeoxycholate","WVULKSPCQVQLCU-BUXLTGKBSA-N","HMDB00631","C05464","False","True",-0.27561388983059,0.870772528918234,"True",-0.336174846223162,0.803122018361302,"True",-0.288952761566888,0.861371866220254,"True",-0.347742268140523,0.803930608448969,"all_pre_hcc",TRUE,TRUE,FALSE
244,"theophylline","ZFXYFBGIUFBOJW-UHFFFAOYSA-N","HMDB0001889","C07130","True","True",0.262460256366052,0.712140637573413,"True",0.267645866985206,0.623891498924053,"True",0.264969863799824,0.797489692019424,"True",0.273167686412068,0.737381265530516,"all_pre_hcc",TRUE,TRUE,FALSE
245,"quinate","AAWZDTNXLSGCEK-WYWMIBKRSA-N","HMDB0003072","C00296","True","True",0.0021447686694359,0.999630215506687,"True",-0.0156975023395538,0.994045621654723,"True",0.0027014609935006,0.999057244523309,"True",-0.0164648854975212,0.984992903205511,"all_pre_hcc",FALSE,TRUE,FALSE
246,"theobromine","YAPQBXQYLJRXSA-UHFFFAOYSA-N","HMDB0002825","C07480","True","True",-0.420874178053238,0.609632732971572,"True",-0.405850824085175,0.588235949039888,"True",-0.419317407486595,0.630143449628519,"True",-0.403497997977627,0.586427021946209,"all_pre_hcc",TRUE,TRUE,FALSE
247,"gentisate","WXTMDXOMEHJXQO-UHFFFAOYSA-N","HMDB0000152","C00628","True","True",-0.386377500053696,0.660207058592021,"True",-0.371763911848812,0.567514713034764,"False",NA,NA,"False",NA,NA,"all_pre_hcc",FALSE,FALSE,FALSE
248,"paraxanthine","QUNWUDVFRNGTCO-UHFFFAOYSA-N","HMDB0001860","C13747","True","True",0.676171598275604,0.524720764417362,"True",0.696420863809314,0.41401712806727,"True",0.680337205632689,0.581823607518637,"True",0.706533757126898,0.465571024781261,"all_pre_hcc",TRUE,TRUE,FALSE
249,"indolelactate","XGILAAMKEQUXLS-UHFFFAOYSA-N","HMDB0000671","C02043","True","True",-0.0682640468055954,0.92631812083019,"True",-0.049141653225997,0.916463204436899,"True",-0.0723759205235595,0.898672361155325,"True",-0.0499985779964744,0.893286201884168,"all_pre_hcc",TRUE,TRUE,FALSE
250,"3-indoxyl sulfate","BXFFHSIDQOFMLE-UHFFFAOYSA-N","HMDB0000682","","True","True",-0.431760358509108,0.578752437867552,"True",-0.405047405696023,0.529994206980286,"True",-0.430556646833848,0.545423655240295,"True",-0.404551344303174,0.465571024781261,"all_pre_hcc",TRUE,TRUE,FALSE
251,"glycylvaline","STKYPAFSDFAEPH-LURJTMIESA-N","HMDB0028854","","True","True",-0.019974934324606,0.993799211775693,"True",0.0120299955822675,0.992201810071038,"False",NA,NA,"False",NA,NA,"all_pre_hcc",FALSE,FALSE,FALSE
252,"gamma-glutamylphenylalanine","XHHOHZPNYFQJKL-QWRGUYRKSA-N","HMDB0000594","","True","True",0.164333239824284,0.668924738478841,"True",0.18635156293418,0.347504897360283,"True",0.164207789260865,0.634691277019393,"True",0.186403061949894,0.251810706045499,"all_pre_hcc",TRUE,TRUE,FALSE
253,"4-methyl-2-oxopentanoate","BKAJNAXTPSGJCU-UHFFFAOYSA-N","HMDB0000695","C00233","True","True",-0.152566610678292,0.792410768287471,"True",-0.12312421917704,0.73387995922184,"True",-0.150009982761394,0.773146867653683,"True",-0.121769546059748,0.729897606831143,"all_pre_hcc",TRUE,TRUE,FALSE
254,"1,5-anhydroglucitol (1,5-AG)","MPCAJMNYNOGXPB-SLPGGIOYSA-N","HMDB0002712","C07326","True","True",-1.02228539382609,0.173049264311558,"True",-1.00192309170668,0.131554559438078,"True",-1.02530574312287,0.0832497430275824,"True",-1.00274391866407,0.0553597864613338,"all_pre_hcc",TRUE,TRUE,FALSE
255,"2-arachidonoylglycerol (20:4)","RCRCTBLIHCHWDZ-DOFZRALJSA-N","HMDB0004666","C13856","False","True",-1.84610525585633,0.0186930500373579,"True",-1.61551144265127,0.00971636647481261,"False",NA,NA,"False",NA,NA,"all_pre_hcc",FALSE,FALSE,FALSE
256,"1-stearoyl-2-arachidonoyl-GPI (18:0/20:4)","KRTOMQDUKGRFDJ-YKOKTLGVSA-N","HMDB0009815","","True","True",-0.203902504823698,0.551133132243807,"True",-0.177288085576814,0.41401712806727,"True",-0.203873857957342,0.530500104454036,"True",-0.177141902611924,0.43553942361131,"all_pre_hcc",TRUE,TRUE,FALSE
257,"sphingosine 1-phosphate","DUYSYHSSBDVJSM-KRWOKUGFSA-N","HMDB0000277","C06124","True","True",-0.21650501130386,0.54604944813447,"True",-0.183537689851293,0.372164592499237,"True",-0.215525111853877,0.53650857631956,"True",-0.184973563164553,0.367722702306382,"all_pre_hcc",TRUE,TRUE,FALSE
258,"1-stearoyl-2-oleoyl-GPS (18:0/18:1)","AJFWREUFUPEYII-PAHWMLEVSA-N","HMDB0010163","","True","True",-0.300271712137313,0.566222841194563,"True",-0.255787760864921,0.567514713034764,"False",NA,NA,"False",NA,NA,"all_pre_hcc",FALSE,FALSE,FALSE
259,"1-stearoyl-GPI (18:0)","MXAFDFDAIFZFET-CLBYPKMISA-N","HMDB0240261","","True","True",-0.0620621435676024,0.928795961973196,"True",-0.0433898182202872,0.934718569270446,"True",-0.0619877046185122,0.906303954672782,"True",-0.040191318086281,0.919159217381721,"all_pre_hcc",TRUE,TRUE,FALSE
260,"1,2-dipalmitoyl-GPC (16:0/16:0)","KILNVBDSWZSGLL-KXQOOQHDSA-N","HMDB0000564","D03585","True","True",0.0473411996201254,0.888814350796284,"True",0.0721639967063245,0.619901024201084,"True",0.0466761489666025,0.88348254865708,"True",0.0722077847147577,0.712957099914317,"all_pre_hcc",TRUE,TRUE,FALSE
261,"docosahexaenoate (DHA; 22:6n3)","MBMBGCFOFBJSGT-KUBAVDMBSA-N","HMDB0002183","C06429","True","True",0.128064117849621,0.866118683573015,"True",0.166750740868523,0.680666853424915,"True",0.134512911772666,0.857310545511072,"True",0.170094479186985,0.729897606831143,"all_pre_hcc",TRUE,TRUE,FALSE
262,"1-myristoyl-2-palmitoyl-GPC (14:0/16:0)","RFVFQQWKPSOBED-PSXMRANNSA-N","HMDB0007869","","True","True",0.0988061852458366,0.864370458335254,"True",0.119482293621955,0.711483824702402,"True",0.097303981400639,0.85286050511987,"True",0.11884363148221,0.729897606831143,"all_pre_hcc",TRUE,TRUE,FALSE
263,"ofloxacin","GSDSWSVVBLHKDQ-UHFFFAOYSA-N","HMDB0015296","D00453,C07321,DG00616","False","True",0.0506609740550944,0.770556755672068,"True",0.058071175176924,0.737722630730234,"False",NA,NA,"False",NA,NA,"all_pre_hcc",FALSE,FALSE,FALSE
264,"ciprofloxacin","MYSWGUAQZAJSOK-UHFFFAOYSA-N","HMDB0014677","C05349","False","True",0.0133792035609787,0.955566157476651,"True",0.00506203271788189,0.973353791276985,"True",0.0266581649286305,0.944476784353823,"False",NA,NA,"all_pre_hcc",FALSE,FALSE,FALSE
265,"alpha-hydroxyisocaproate","LVRFTAZAXQPQHI-UHFFFAOYSA-N","HMDB0000665,HMDB00746,HMDB0000624","C03264","True","True",0.384695183418052,0.412422341833483,"True",0.395856575014544,0.110497747000679,"True",0.382897001893716,0.442051921674491,"True",0.395331715459509,0.223868791569115,"all_pre_hcc",TRUE,TRUE,FALSE
266,"maleate","VZCYOOQTPOCHFL-UHFFFAOYSA-N","HMDB0000176","C01384","True","True",-0.503189491879679,0.403181787940639,"True",-0.474421757825705,0.344289154586541,"True",-0.507586784018789,0.396318600411126,"True",-0.476460568840851,0.367722702306382,"all_pre_hcc",TRUE,TRUE,FALSE
267,"isovalerate (i5:0)","GWYFCOCPABKNJV-UHFFFAOYSA-N","HMDB0000718","C08262","True","True",-0.308268473160769,0.668924738478841,"True",-0.279075189526435,0.530088338070906,"True",-0.304117083501527,0.592616392626392,"True",-0.274526591142354,0.428066308060076,"all_pre_hcc",TRUE,TRUE,FALSE
268,"4-acetylphenol sulfate","HOFGLAYWQRGTKC-UHFFFAOYSA-N","","","True","True",-0.483566506443394,0.574488358068883,"True",-0.579225080401225,0.429760939766166,"False",NA,NA,"False",NA,NA,"all_pre_hcc",FALSE,FALSE,FALSE
269,"1-methylguanidine","CHJJGSNFBQVOTG-UHFFFAOYSA-N","HMDB0001522","C02294","False","True",-0.127451020161412,0.888814350796284,"True",-0.157204330007323,0.803122018361302,"True",-0.134048075613562,0.865103532503342,"True",-0.163129266214838,0.791945597484849,"all_pre_hcc",TRUE,TRUE,FALSE
270,"alprazolam","VREFGVBLTWBCJP-UHFFFAOYSA-N","HMDB14548","C06817","False","True",-0.183936161005355,0.291805016299868,"True",-0.200101653333331,0.173412260368882,"True",-0.185812782596518,0.695539898910971,"True",-0.201471082567352,0.594852092860176,"all_pre_hcc",TRUE,TRUE,FALSE
271,"dextromethorphan","MKXZASYAUGDDCJ-CGTJXYLNSA-N","HMDB0001920","D03744,DG01078,C06947","False","True",-0.0279683021543212,0.935591154518678,"True",-0.00721368961579243,0.97516752028849,"False",NA,NA,"True",-0.0066206265141186,0.974969336027408,"all_pre_hcc",FALSE,FALSE,FALSE
272,"2-hydroxyoctanoate","JKRDADVRIYVCCY-UHFFFAOYSA-N","HMDB0002264","","True","True",-0.103719586687433,0.87766359902164,"True",-0.0872641677303937,0.833059115513004,"True",-0.108124349016549,0.865103532503342,"True",-0.0905512154909713,0.815726931761999,"all_pre_hcc",TRUE,TRUE,FALSE
273,"ethacrynic acid","AVOLMBLBETYQHX-UHFFFAOYSA-N","HMDB15039","D00313","False","True",-5.75392258304836e-05,0.92631812083019,"True",0.000163744547847358,0.803122018361302,"True",0.0003560581679504,0.996206386364545,"True",0.0006131905049883,0.974969336027408,"all_pre_hcc",FALSE,TRUE,FALSE
274,"3-hydroxyoctanoate","NDPLAKGOSZHTPH-UHFFFAOYSA-N","HMDB0001954","C20793","True","True",0.35771767502563,0.566222841194563,"True",0.374029139815569,0.399625784618349,"True",0.357639219918958,0.522988965881991,"True",0.375748310479847,0.251810706045499,"all_pre_hcc",TRUE,TRUE,FALSE
275,"phenyllactate (PLA)","VOXXWSYKYCBWHO-UHFFFAOYSA-N","HMDB0000779,HMDB0000563","C05607","True","True",0.2550408725829,0.678231907275625,"True",0.278461464887772,0.459229228887976,"True",0.24773773043242,0.722826050329648,"True",0.269504156225771,0.527811163230904,"all_pre_hcc",TRUE,TRUE,FALSE
276,"palmitoylcarnitine (C16)","XOMRRQXKHMYMOC-UHFFFAOYSA-N","HMDB0000222","C02990","True","True",-0.095104765601275,0.87766359902164,"True",-0.0701315363569469,0.804802146715741,"True",-0.0956307358775579,0.863219602649909,"True",-0.0700709201100381,0.803930608448969,"all_pre_hcc",TRUE,TRUE,FALSE
277,"hexanoylcarnitine (C6)","VVPRQWTYSNDTEA-UHFFFAOYSA-N","HMDB0000756","","True","True",-0.247772536350019,0.660207058592021,"True",-0.219198052049214,0.499572506247968,"True",-0.241970307735388,0.672275694841273,"True",-0.213497955028918,0.568829406171959,"all_pre_hcc",TRUE,TRUE,FALSE
278,"theanine","DATAGRPVKZEWHA-YFKPBYRVSA-N","HMDB0034365","C01047","False","True",0.59929516072977,0.712408135286095,"True",0.628919533976485,0.672665106825364,"True",0.574615126345716,0.704457801164247,"False",NA,NA,"all_pre_hcc",FALSE,FALSE,FALSE
279,"N-acetylaspartate (NAA)","OTCCIMWXFLJLIA-BYPYZUCNSA-N","HMDB0000812","C01042","True","True",-0.492726533006782,0.527308817793279,"True",-0.458992300355725,0.315466103342185,"True",-0.492969464667572,0.415117812908962,"True",-0.460040134837413,0.223868791569115,"all_pre_hcc",TRUE,TRUE,FALSE
280,"dehydroepiandrosterone sulfate (DHEA-S)","CZWCKYRVOZZJNM-DYIPZHMLSA-N","HMDB0001032","C04555","True","True",-0.398415201367929,0.660207058592021,"True",-0.365912566924382,0.631691572460698,"True",-0.398642401443387,0.672953096717866,"True",-0.370950311786462,0.633948283448203,"all_pre_hcc",TRUE,TRUE,FALSE
281,"acetylcarnitine (C2)","RDHQFKQIGNGIED-MRVPVSSYSA-N","HMDB0000201","C02571","True","True",-0.0619010483661708,0.870772528918234,"True",-0.0361066235437727,0.857115056379604,"True",-0.0617206639736517,0.865103532503342,"True",-0.0356799481448428,0.827078035968486,"all_pre_hcc",TRUE,TRUE,FALSE
282,"cysteine s-sulfate","NOKPBJYHPHHWAN-REOHCLBHSA-N","HMDB0000731","C05824","True","True",-0.304053341919601,0.463421672732727,"True",-0.278066934727787,0.429760939766166,"True",-0.304242546847018,0.442051921674491,"True",-0.279153667878317,0.416733224180972,"all_pre_hcc",TRUE,TRUE,FALSE
283,"1-palmitoylglycerol (16:0)","QHZLMUACJMDIAE-UHFFFAOYSA-N","HMDB0011564","","True","True",0.239000889549813,0.830712834606552,"True",0.244267972744861,0.789698882328843,"True",0.23790558204043,0.790513626985129,"False",NA,NA,"all_pre_hcc",FALSE,FALSE,FALSE
284,"tartronate (hydroxymalonate)","ROBFUDYVXSDBQM-UHFFFAOYSA-N","HMDB0035227","C02287","True","True",-0.138810863337721,0.864370458335254,"True",-0.096664627951262,0.835885760004685,"True",-0.137929436150674,0.857310545511072,"True",-0.101090099742917,0.827078035968486,"all_pre_hcc",TRUE,TRUE,FALSE
285,"oxalate (ethanedioate)","MUBZPKHOEPUJKR-UHFFFAOYSA-N","HMDB0002329","C00209","True","True",-0.300160380435341,0.668924738478841,"True",-0.259158991528563,0.564791950698641,"True",-0.303538523658417,0.662010352672424,"True",-0.268247513806132,0.575591163794169,"all_pre_hcc",TRUE,TRUE,FALSE
286,"erythritol","UNXHWFMMPAWVPI-UHFFFAOYSA-N","HMDB0002994","C00503","True","True",-0.336835137202081,0.643353297708417,"True",-0.317648555906498,0.640175133981764,"True",-0.338187137205118,0.70448598911591,"True",-0.316679941809078,0.717608292638154,"all_pre_hcc",TRUE,TRUE,FALSE
287,"trizma acetate","LENZDBCJOHFCAS-UHFFFAOYSA-N","","C07182","True","True",0.136065900864375,0.948100057621523,"True",0.18134616396481,0.905935421412088,"False",NA,NA,"False",NA,NA,"all_pre_hcc",FALSE,FALSE,FALSE
288,"2,3-dihydroxypyridine","GGOZGYRTNQBSSA-UHFFFAOYSA-N","","","False","True",-0.811562266308298,0.429915023236106,"True",-0.857123570417648,0.30682576549996,"False",NA,NA,"False",NA,NA,"all_pre_hcc",FALSE,FALSE,FALSE
289,"adipate (C6-DC)","WNLRTRBMVRJNCN-UHFFFAOYSA-N","HMDB0000448","C06104","False","True",-0.244393823217506,0.847523788250036,"True",-0.148089107080833,0.896583694009641,"True",-0.241812411089797,0.854784852052777,"True",-0.145937630237224,0.889552499925778,"all_pre_hcc",TRUE,TRUE,FALSE
290,"saccharin","CVHZOJJKTDOEJC-UHFFFAOYSA-N","HMDB0029723","C12283","False","True",-0.13366643626986,0.935591154518678,"True",-0.117039089332332,0.947366279479581,"False",NA,NA,"False",NA,NA,"all_pre_hcc",FALSE,FALSE,FALSE
291,"3-hydroxymyristate","ATRNZOYKSNPPBF-UHFFFAOYSA-N","HMDB0061656","","True","True",0.1864733607128,0.770549350424162,"True",0.207999533019393,0.626051992121949,"True",0.186428493976268,0.771278347247894,"True",0.207905496518709,0.586427021946209,"all_pre_hcc",TRUE,TRUE,FALSE
292,"1-oleoylglycerol (18:1)","RZRNAYUHWVFMIP-KTKRTIGZSA-N","HMDB0011567","","True","True",0.0997388189931604,0.943479808191357,"True",0.0853173344928325,0.946271348165798,"True",0.105706101567733,0.926042525553468,"True",0.0950675819902635,0.919159217381721,"all_pre_hcc",TRUE,TRUE,FALSE
293,"3-methyl-2-oxobutyrate","QHKABHOOEWYVLI-UHFFFAOYSA-N","HMDB0000019","C00141","True","True",-0.231381786851525,0.660207058592021,"True",-0.200666477807677,0.460038868844046,"True",-0.228503227920832,0.602557880977205,"True",-0.198394720747834,0.425410560887117,"all_pre_hcc",TRUE,TRUE,FALSE
294,"2-oleoylglycerol (18:1)","UPWGQKDVAURUGE-KTKRTIGZSA-N","HMDB0011537","","True","True",-0.0559172015442201,0.9628944370118,"True",-0.0397433561120443,0.959141406118784,"True",-0.0572659282759765,0.962659295960946,"False",NA,NA,"all_pre_hcc",FALSE,FALSE,FALSE
295,"homoarginine","QUOGESRFPZDMMT-YFKPBYRVSA-N","HMDB0000670","C01924","True","True",0.295679794464846,0.37643087990798,"True",0.321411319411685,0.265503377060341,"True",0.294423374742335,0.35466424322012,"True",0.320947849352881,0.223868791569115,"all_pre_hcc",TRUE,TRUE,FALSE
296,"homocitrulline","XIGSAGMEBXLVJJ-YFKPBYRVSA-N","HMDB0000679","C02427","True","True",0.0170996903657582,0.98105296341173,"True",0.0429081589794388,0.945596559140091,"False",NA,NA,"True",0.0422577038845826,0.938933318282376,"all_pre_hcc",FALSE,FALSE,FALSE
297,"2-linoleoylglycerol (18:2)","IEPGNWMPIFDNSD-HZJYTTRNSA-N","HMDB0011538","","True","True",-0.416432628685952,0.592654476277519,"True",-0.376729484896381,0.521155569440383,"False",NA,NA,"False",NA,NA,"all_pre_hcc",FALSE,FALSE,FALSE
298,"3-hydroxydecanoate","FYSSBMZUBSBFJL-UHFFFAOYSA-N","HMDB0002203","","True","True",0.42272563734214,0.478404237192649,"True",0.443876645477709,0.266427076521807,"True",0.422212617293025,0.400660332160945,"True",0.444056458715049,0.181250668274543,"all_pre_hcc",TRUE,TRUE,FALSE
299,"N-acetylglycine","OKJIRPAQVSHGFK-UHFFFAOYSA-N","HMDB0000532","","True","True",-0.675751726264091,0.0186930500373579,"True",-0.650671600029126,0.00647977869290568,"True",-0.682111570750334,0.0334052929081855,"True",-0.653501506003833,0.00620741828473379,"all_pre_hcc",TRUE,TRUE,TRUE
300,"ribonate","QXKAIJAYHKCRRA-BXXZVTAOSA-N","HMDB0000867","C01685","True","True",-0.0267639849295066,0.948100057621523,"True",-0.000539977781623592,0.998643396938564,"True",-0.0248793925952407,0.946051398764717,"True",9.54903448480325e-05,0.999442466250413,"all_pre_hcc",FALSE,TRUE,FALSE
301,"threonate","JPIJQSOTBSSVTP-UHFFFAOYSA-N","HMDB0062620,HMDB0000943","C01620","True","True",0.0736740944619158,0.888814350796284,"True",0.0998365136777812,0.803122018361302,"True",0.0702514612484872,0.887018153447629,"True",0.0953328053664802,0.817384015248705,"all_pre_hcc",TRUE,TRUE,FALSE
302,"galactonate","RGHNJXZEOKUKBD-MGCNEYSASA-N","HMDB0000565","C00880,C15930","True","True",0.409560164389664,0.578752437867552,"True",0.4568579029945,0.457427796725125,"True",0.412923374866116,0.59557991963789,"True",0.4591963554643,0.477893549600737,"all_pre_hcc",TRUE,TRUE,FALSE
303,"beta-sitosterol","KZJWDPNRJALLNS-XGEQACPASA-N","HMDB0000852","C01753","False","True",0.924596489390832,0.224360522105387,"True",1.02358346496456,0.096012175430408,"True",0.923363500357252,0.197283812495901,"True",1.02358606935966,0.0848929277537309,"all_pre_hcc",TRUE,TRUE,FALSE
304,"indoleacetate","SEOVTRFCIGRIMH-UHFFFAOYSA-N","HMDB0000197","C00954","True","True",-0.115590675846675,0.864370458335254,"True",-0.0827259765277283,0.822032781407359,"True",-0.110978678531207,0.857310545511072,"False",NA,NA,"all_pre_hcc",FALSE,FALSE,FALSE
305,"1-linoleoylglycerol (18:2)","WECGLUPZRHILCT-HZJYTTRNSA-N","HMDB0011568","","True","True",-0.268476214647386,0.668924738478841,"True",-0.243149060128768,0.564865866526092,"True",-0.268450679128565,0.673873496129803,"True",-0.242726285715495,0.575591163794169,"all_pre_hcc",TRUE,TRUE,FALSE
306,"2-palmitoylglycerol (16:0)","BBNYCLAREVXOSG-UHFFFAOYSA-N","HMDB0011533","","False","True",0.28238914674206,0.770556755672068,"True",0.355874280489152,0.678392855374469,"False",NA,NA,"False",NA,NA,"all_pre_hcc",FALSE,FALSE,FALSE
307,"1-methylhistidine","BRMWTNUJHUMWMS-LURJTMIESA-N","HMDB0000001","C01152","True","True",-0.0553479614996205,0.92631812083019,"True",-0.0320639079124128,0.94559775384205,"True",-0.0565818403706694,0.912145117658182,"True",-0.0315491483726748,0.936791393451008,"all_pre_hcc",TRUE,TRUE,FALSE
308,"butyrylcarnitine (C4)","QWYFHHGCZUCMBN-SECBINFHSA-N","HMDB0002013","C02862","True","True",0.0584931108049859,0.91849958592895,"True",0.0714202112012128,0.839803652668523,"True",0.0553422617596446,0.911010602795729,"True",0.0713993251660723,0.840876534575344,"all_pre_hcc",TRUE,TRUE,FALSE
309,"isobutyrylcarnitine (C4)","LRCNOZRCYBNMEP-VIFPVBQESA-N","HMDB0000736","","True","True",-0.275350826969337,0.668924738478841,"True",-0.239388722632924,0.567514713034764,"True",-0.267831716899536,0.660663556507838,"True",-0.238564186288862,0.565529826435366,"all_pre_hcc",TRUE,TRUE,FALSE
310,"7-ketodeoxycholate","RHCPKKNRWFXMAT-RRWYKFPJSA-N","HMDB0000391","","False","True",0.199836362603801,0.888814350796284,"True",0.224206914723318,0.831002716923213,"False",NA,NA,"False",NA,NA,"all_pre_hcc",FALSE,FALSE,FALSE
311,"glycolithocholate","XBSQTYHEGZTYJE-PGVYWSLXSA-N","HMDB0000698","C15557","False","True",-0.166876317511063,0.92631812083019,"True",-0.17758044204418,0.901534468936542,"True",-0.197524127449592,0.898672361155325,"True",-0.207247586489651,0.872222870759049,"all_pre_hcc",TRUE,TRUE,FALSE
312,"taurolithocholate","QBYUNVOYXHFVKC-OQHFDXPESA-N","HMDB0000722","C02592","False","True",0.714799891795462,0.551133132243807,"True",0.722613219235773,0.494502090723833,"True",0.693984980427161,0.558459458226269,"True",0.702807394923902,0.480985195428329,"all_pre_hcc",TRUE,TRUE,FALSE
313,"androsterone sulfate","ZMITXKRGXGRMKS-HLUDHZFRSA-N","HMDB0002759","","True","True",-0.782947387472315,0.463421672732727,"True",-0.727472358249903,0.429760939766166,"True",-0.781842643670526,0.512413247876288,"True",-0.7290456846853,0.465571024781261,"all_pre_hcc",TRUE,TRUE,FALSE
314,"2-pyrrolidinone","HNJBEVLQSNELDL-UHFFFAOYSA-N","HMDB0002039","","True","True",-0.251020643681055,0.712140637573413,"True",-0.226710192758804,0.705216146393861,"True",-0.252272484289944,0.729858007048863,"True",-0.226986095151269,0.730676179314145,"all_pre_hcc",TRUE,TRUE,FALSE
315,"indolepropionate","GOLXRNDWAUTYKT-UHFFFAOYSA-N","HMDB0002302","","False","True",-0.972616206599343,0.551133132243807,"True",-1.00478595840782,0.494502090723833,"True",-0.987060811534483,0.524965148988732,"True",-1.01853415203202,0.450466342649941,"all_pre_hcc",TRUE,TRUE,FALSE
316,"N-(2-furoyl)glycine","KSPQDMRTZZYQLM-UHFFFAOYSA-N","HMDB0000439","","True","True",-0.464848851367806,0.712140637573413,"True",-0.42723897191464,0.678392855374469,"True",-0.456344631043784,0.754792545427083,"True",-0.421538927559058,0.728275750480638,"all_pre_hcc",TRUE,TRUE,FALSE
317,"trigonelline (N'-methylnicotinate)","WWNNZCOKKKDOPX-UHFFFAOYSA-N","HMDB0000875","C01004","True","True",-0.168083265297277,0.866118683573015,"True",-0.148742281663365,0.837016263734355,"False",NA,NA,"False",NA,NA,"all_pre_hcc",FALSE,FALSE,FALSE
318,"dodecanedioate (C12-DC)","TVIDDXQYHWJXFK-UHFFFAOYSA-N","HMDB0000623","C02678","True","True",-0.156568186563761,0.849471184353726,"True",-0.130051369802977,0.803122018361302,"True",-0.1545375781055,0.849436182051021,"False",NA,NA,"all_pre_hcc",FALSE,FALSE,FALSE
319,"glutamate, gamma-methyl ester","ZGEYCCHDTIDZAE-UHFFFAOYSA-N","HMDB0061715","","True","True",-0.124404027784719,0.866118683573015,"True",-0.0853120129681415,0.841621090092302,"True",-0.122586783454024,0.857310545511072,"False",NA,NA,"all_pre_hcc",FALSE,FALSE,FALSE
320,"N-acetyltyrosine","CAHKINHBCWCHCF-JTQLQIEISA-N","HMDB0000866","","True","True",0.214479047343211,0.678231907275625,"True",0.236745557231724,0.431292355064545,"True",0.211930209383155,0.695539898910971,"True",0.236463328929491,0.428066308060076,"all_pre_hcc",TRUE,TRUE,FALSE
321,"1,3-dimethylurate","OTSBKHHWSQYEHK-UHFFFAOYSA-N","HMDB0001857","","True","True",-0.268554729488659,0.759810894641138,"True",-0.220329876445357,0.789698882328843,"True",-0.269873908219511,0.785461802309604,"True",-0.222579910149077,0.790303201662984,"all_pre_hcc",TRUE,TRUE,FALSE
322,"3-methylxanthine","GMSNIKWWOQHZGF-UHFFFAOYSA-N","HMDB0001886","C16357","True","True",-0.331013319308661,0.686705847422965,"True",-0.309458690065975,0.619901024201084,"True",-0.329374216711974,0.743115424840978,"True",-0.305720115047147,0.712180718788762,"all_pre_hcc",TRUE,TRUE,FALSE
323,"3-hydroxylaurate","MUCMKTPAZLSKTL-UHFFFAOYSA-N","HMDB0000387","","True","True",0.519955915716071,0.406379855998289,"True",0.542119425957029,0.186146526888454,"True",0.519895042905303,0.396318600411126,"True",0.541638687086598,0.199681611979136,"all_pre_hcc",TRUE,TRUE,FALSE
324,"pyridoxate","HXACOUQIXZGNBF-UHFFFAOYSA-N","HMDB0000017","C00847","True","True",0.00558767778577318,0.998692291231007,"True",0.0509147956960845,0.953727848874,"True",-0.0036078659350861,0.998513353123747,"True",0.0328557881348088,0.951091617030689,"all_pre_hcc",FALSE,TRUE,FALSE
325,"threonylphenylalanine","IQHUITKNHOKGFC-CSUXEGHOSA-N","HMDB0029068","","True","True",0.105165562522968,0.917941441740561,"True",0.151313493833396,0.836948229858551,"True",0.10689701891616,0.898672361155325,"True",0.157024162487498,0.817384015248705,"all_pre_hcc",TRUE,TRUE,FALSE
326,"gamma-glutamylvaline","AQAKHZVPOOGUCK-XPUUQOCRSA-N","HMDB0011172","","True","True",-0.176926870643347,0.818746352665719,"True",-0.18767324119848,0.777038157370837,"True",-0.173102849845957,0.809705571190545,"True",-0.182529110111541,0.774078664020339,"all_pre_hcc",TRUE,TRUE,FALSE
327,"O-acetylhomoserine","FCXZBWSIAGGPCB-YFKPBYRVSA-N","HMDB0029423","C01077","False","True",0.743186098162638,0.395720130523112,"True",0.753954683894538,0.328408291125097,"True",0.746066710409908,0.35466424322012,"False",NA,NA,"all_pre_hcc",FALSE,FALSE,FALSE
328,"3-hydroxysebacate","OQYZCCKCJQWHIE-UHFFFAOYSA-N","HMDB0000350","","True","True",0.0637769972824057,0.956657101078756,"True",0.10353121993881,0.902697366097304,"True",0.0631032164813485,0.94491715159069,"False",NA,NA,"all_pre_hcc",FALSE,FALSE,FALSE
329,"5-hydroxyhexanoate","YDCRNMJQROAWFT-UHFFFAOYSA-N","HMDB0000409,HMDB0000525","","True","True",0.312235224658431,0.603809338322567,"True",0.297546214165183,0.429760939766166,"True",0.315356443777523,0.634691277019393,"True",0.304657114095966,0.465571024781261,"all_pre_hcc",TRUE,TRUE,FALSE
330,"propionylglycine","WOMAZEJKVZLLFE-UHFFFAOYSA-N","HMDB0000783","","False","True",-1.04053750402844,0.223051692468656,"True",-0.910355940026714,0.14275669508664,"False",NA,NA,"False",NA,NA,"all_pre_hcc",FALSE,FALSE,FALSE
331,"butyrylglycine","WPSSBBPLVMTKRN-UHFFFAOYSA-N","HMDB0000808","","False","True",-0.830380244065296,0.27482397772766,"True",-0.666850214042548,0.173412260368882,"True",-0.829968299046588,0.379214854418671,"True",-0.666955537067405,0.251810706045499,"all_pre_hcc",TRUE,TRUE,FALSE
332,"propionylcarnitine (C3)","UFAHZIUFPNSHSL-UHFFFAOYSA-N","HMDB0000824","C03017","True","True",-0.114361583200493,0.842690120484897,"True",-0.0879237533516129,0.799331986234789,"True",-0.113825867979501,0.819817026435907,"True",-0.088317872838472,0.774078664020339,"all_pre_hcc",TRUE,TRUE,FALSE
333,"pro-hydroxy-pro","ONPXCLZMBSJLSP-ALKRTJFJSA-N","HMDB0006695","","True","True",-0.134460717056452,0.761769676770543,"True",-0.11338303092094,0.795650331872565,"True",-0.134986196492617,0.754643409311103,"True",-0.113948466260345,0.768997746299996,"all_pre_hcc",TRUE,TRUE,FALSE
334,"3-hydroxy-2-ethylpropionate","ZMZQVAUJTDKQGE-UHFFFAOYSA-N","HMDB0000396","","True","True",-0.234576869342261,0.693390307124531,"True",-0.203920669512347,0.498233699956502,"True",-0.231669254867774,0.68206430402196,"True",-0.202248694493395,0.472166471612629,"all_pre_hcc",TRUE,TRUE,FALSE
335,"3-carboxy-4-methyl-5-propyl-2-furanpropanoate (CMPF)","WMCQWXZMVIETAO-UHFFFAOYSA-N","HMDB0061112","","True","True",0.0867638490364858,0.954314328484829,"True",0.126490703469722,0.902697366097304,"True",0.0487428794844193,0.970560889837061,"True",0.0783205727324507,0.941406964088266,"all_pre_hcc",TRUE,TRUE,FALSE
336,"docosapentaenoate (n3 DPA; 22:5n3)","YUFFSWGQGVEMMI-JLNKQSITSA-N","HMDB0006528,HMDB0001976","C16513","True","True",0.12487619574862,0.866118683573015,"True",0.155663658298452,0.71738180046205,"True",0.125959874649302,0.863219602649909,"False",NA,NA,"all_pre_hcc",FALSE,FALSE,FALSE
337,"docosadienoate (22:2n6)","HVGRZDASOHMCSK-AVQMFFATSA-N","HMDB0061714","C16533","True","True",0.141660309714969,0.833264343407747,"True",0.166657605914647,0.639840412356702,"True",0.141846516196796,0.842408936436375,"False",NA,NA,"all_pre_hcc",FALSE,FALSE,FALSE
338,"adrenate (22:4n6)","TWSWSIQAPQLDBP-CGRWFSSPSA-N","HMDB0002226","C16527","True","True",-0.009039877797523,0.99693990280647,"True",0.0158372067481149,0.973353791276985,"True",-0.0089722460111852,0.996206386364545,"False",NA,NA,"all_pre_hcc",FALSE,FALSE,FALSE
339,"docosatrienoate (22:3n3)","WBBQTNCISCKUMU-IUQGRGSQSA-N","HMDB0002823","C16534","True","True",-0.296094494234327,0.835748497541537,"True",-0.195381513120703,0.833059115513004,"False",NA,NA,"False",NA,NA,"all_pre_hcc",FALSE,FALSE,FALSE
340,"10-undecenoate (11:1n1)","FRPZMMHWLSIFAZ-UHFFFAOYSA-N","HMDB0033724","C13910","True","True",0.372219624384669,0.535121656946087,"True",0.394316289629389,0.217165949243929,"True",0.371896627019435,0.445579964931436,"True",0.395344287045934,0.199681611979136,"all_pre_hcc",TRUE,TRUE,FALSE
341,"myristoleate (14:1n5)","YWWVWXASSLXJHU-WAYWQWQTSA-N","HMDB0002000","C08322","True","True",0.0535199089251077,0.956657101078756,"True",0.074828830959507,0.906906545311647,"False",NA,NA,"False",NA,NA,"all_pre_hcc",FALSE,FALSE,FALSE
342,"1-methylhistamine","FHQDWPCFSJMNCT-UHFFFAOYSA-N","HMDB0000898","C05127","True","True",-0.324642734381938,0.578752437867552,"True",-0.286533059144324,0.567514713034764,"True",-0.3245931139426,0.595459743770501,"True",-0.290939851015454,0.575591163794169,"all_pre_hcc",TRUE,TRUE,FALSE
343,"4-imidazoleacetate","PRJKNHOMHKJCEJ-UHFFFAOYSA-N","HMDB0002024","C02835","True","True",0.279030707622078,0.668924738478841,"True",0.299780979239579,0.499572506247968,"True",0.279867269892662,0.675132712477377,"False",NA,NA,"all_pre_hcc",FALSE,FALSE,FALSE
344,"1-methyl-4-imidazoleacetate","ZHCKPJGJQOPTLB-UHFFFAOYSA-N","HMDB0002820","C05828","True","True",-0.0739442918935718,0.874740180957847,"True",-0.0476547542119135,0.885594014727662,"True",-0.075756717969604,0.863219602649909,"True",-0.0487932378908154,0.868887638489351,"all_pre_hcc",TRUE,TRUE,FALSE
345,"sebacate (C10-DC)","CXMXRPHRNRROMY-UHFFFAOYSA-N","HMDB0000792","C08277","True","True",0.000432380302022867,0.999630215506687,"True",0.0337970577489096,0.954749033374311,"True",3.76250851596286e-06,0.999987336817023,"False",NA,NA,"all_pre_hcc",FALSE,FALSE,FALSE
346,"guanidinosuccinate","VVHOUVWJCQOYGG-UHFFFAOYSA-N","HMDB0003157","C03139","False","True",-0.19201377451642,0.866118683573015,"True",-0.256810070880125,0.793134514945984,"True",-0.184384941393403,0.865267968492573,"True",-0.250833091644659,0.801631491654417,"all_pre_hcc",TRUE,TRUE,FALSE
347,"delta-tocopherol","GZIFEOYASATJEH-VHFRWLAGSA-N","HMDB0002902","C14151","False","True",0.316065495992549,0.632021555906533,"True",0.374878212854172,0.529994206980286,"False",NA,NA,"True",0.374562691813249,0.575591163794169,"all_pre_hcc",FALSE,FALSE,FALSE
348,"I-urobilinogen","OBHRVMZSZIDDEK-UHFFFAOYSA-N","HMDB0004157","C05789","False","True",0.079236900038348,0.96736940802298,"True",0.0712290458433249,0.960986941269132,"True",0.0439190574125986,0.983890030505286,"True",0.0328140182503725,0.974969336027408,"all_pre_hcc",TRUE,TRUE,FALSE
349,"stearidonate (18:4n3)","JIWBIWFOSCKQMA-LTKCOYKYSA-N","HMDB0006547","C16300","True","True",0.290033448797023,0.660207058592021,"True",0.323942870818174,0.449165103940811,"True",0.288310676143662,0.704457801164247,"False",NA,NA,"all_pre_hcc",FALSE,FALSE,FALSE
350,"nervonate (24:1n9)*","GWHCXVQVJPWHRF-KTKRTIGZSA-N","HMDB0002368","C08323","False","True",0.471688073401177,0.752929748163963,"True",0.421285039635725,0.73387995922184,"True",0.478202133672605,0.759556482143435,"True",0.42618276069397,0.736186155618011,"all_pre_hcc",TRUE,TRUE,FALSE
351,"5-dodecenoate (12:1n7)","IJBFSOLHRKELLR-FPLPWBNLSA-N","HMDB0000529","","True","True",0.157305247878056,0.86624906134682,"True",0.180921291797549,0.789698882328843,"False",NA,NA,"True",0.181150707713494,0.791945597484849,"all_pre_hcc",FALSE,FALSE,FALSE
352,"octanoylcarnitine (C8)","CXTATJFJDMJMIY-UHFFFAOYSA-N","HMDB0000791","C02838","True","True",-0.26873471590394,0.678231907275625,"True",-0.236955867526166,0.558976204196056,"True",-0.264068250376038,0.695781046005731,"True",-0.231341697750645,0.592958188205105,"all_pre_hcc",TRUE,TRUE,FALSE
353,"tauro-beta-muricholate","XSOLDPYUICCHJX-OEYGYFRSSA-N","HMDB0000932","","False","True",1.2693764845975,0.452758765907546,"True",1.32855755286008,0.358847301852901,"True",1.24751683761119,0.417530986800651,"True",1.30791961414364,0.348894573154692,"all_pre_hcc",TRUE,TRUE,FALSE
354,"decanoylcarnitine (C10)","LZOSYCMHQXPBFU-UHFFFAOYSA-N","HMDB0000651","","True","True",-0.238088786625142,0.712140637573413,"True",-0.208849025942943,0.624523901034462,"True",-0.237640913711629,0.712433972304203,"True",-0.206650174238662,0.651290491085775,"all_pre_hcc",TRUE,TRUE,FALSE
355,"N-acetylglutamine","KSMRODHGGIIXDV-YFKPBYRVSA-N","HMDB0006029","C02716","True","True",-0.273900808906596,0.54604944813447,"True",-0.219787418413915,0.592737489561694,"True",-0.268784131640896,0.592616392626392,"True",-0.214610212677781,0.651875114352052,"all_pre_hcc",TRUE,TRUE,FALSE
356,"N-acetyltryptophan","DZTHIGRZJZPRDV-LBPRGKRZSA-N","HMDB0013713","C03137","True","True",0.329800148704525,0.463421672732727,"True",0.353849955981738,0.290233563223735,"True",0.329215035203009,0.417530986800651,"True",0.353906774180469,0.242559456602141,"all_pre_hcc",TRUE,TRUE,FALSE
357,"N-acetylphenylalanine","CBQJSKKFNMDLON-JTQLQIEISA-N","HMDB0000512","C03519","True","True",0.042586446599378,0.954314328484829,"True",0.0668552130428617,0.863364404960151,"True",0.0412283236718188,0.942558123821894,"True",0.0670804789714934,0.850555563567306,"all_pre_hcc",TRUE,TRUE,FALSE
358,"N-acetylasparagine","HXFOXFJUNFFYMO-BYPYZUCNSA-N","HMDB0006028","","True","True",-0.467083863246317,0.37643087990798,"True",-0.437970317104477,0.265503377060341,"False",NA,NA,"False",NA,NA,"all_pre_hcc",FALSE,FALSE,FALSE
359,"gamma-glutamyl-epsilon-lysine","JPKNLFVGUZRHOB-YUMQZZPRSA-N","HMDB0003869","","True","True",-0.125941788869145,0.745975442126145,"True",-0.120470025647272,0.671119645514367,"False",NA,NA,"False",NA,NA,"all_pre_hcc",FALSE,FALSE,FALSE
360,"1-palmitoyl-GPC (16:0)","ASWBNKHCZGQVJV-UHFFFAOYSA-N","HMDB0010382","C04102","True","True",-0.287330384372935,0.27482397772766,"True",-0.260562411621839,0.0879014916369125,"True",-0.287156467967837,0.204505265523854,"True",-0.260711663802214,0.0881859632243902,"all_pre_hcc",TRUE,TRUE,FALSE
361,"N-acetylarginine","SNEIUMQYRCDYCH-LURJTMIESA-N","HMDB0004620","C02562","True","True",-0.208779184031191,0.678231907275625,"True",-0.178348562761167,0.537639095172239,"True",-0.206411102170692,0.662010352672424,"True",-0.177039682769806,0.524209439317697,"all_pre_hcc",TRUE,TRUE,FALSE
362,"piperine","MXXWOMGUGJBKIW-YPCIICBESA-N","HMDB0029377","C03882","True","True",-0.15185543747689,0.90554580063907,"True",-0.123219908484426,0.892762296820849,"True",-0.14978757612832,0.877567398140426,"True",-0.1217812798866,0.866500520813843,"all_pre_hcc",TRUE,TRUE,FALSE
363,"campesterol","SGNBVLSWZMBQTH-PODYLUTMSA-N","HMDB0002869","C01789","True","True",0.66174915584197,0.542825868575296,"True",0.666739855124539,0.409168091470409,"True",0.672023627815797,0.493356994952993,"True",0.677097237939935,0.365633937368587,"all_pre_hcc",TRUE,TRUE,FALSE
364,"myristoylcarnitine (C14)","PSHXNVGSVNEJBD-UHFFFAOYSA-N","HMDB0005066","","True","True",-0.106859576484235,0.870772528918234,"True",-0.0803152180705749,0.808364896888311,"True",-0.106703052261968,0.857310545511072,"True",-0.0800801268035316,0.814622363708715,"all_pre_hcc",TRUE,TRUE,FALSE
365,"1-stearoyl-GPC (18:0)","IHNKQIMGVNPMTC-RUZDIDTESA-N","HMDB0010384","","True","True",-0.29028253300755,0.393566697647221,"True",-0.264441983559347,0.131554559438078,"True",-0.290260282779005,0.35466424322012,"True",-0.264638028909349,0.152471591797145,"all_pre_hcc",TRUE,TRUE,FALSE
366,"1-oleoyl-GPC (18:1)","YAMUFBLWGFFICM-PTGWMXDISA-N","HMDB0002815","C03916","True","True",-0.232375893339212,0.454228267241584,"True",-0.210627984043409,0.14063565611687,"True",-0.234590168298065,0.393238116684682,"True",-0.214896607727674,0.166744296564945,"all_pre_hcc",TRUE,TRUE,FALSE
367,"N-acetylthreonine","PEDXUVCGOLSNLQ-UHFFFAOYSA-N","HMDB0062557","","True","True",0.00141168701769103,0.998805671849541,"True",0.027766770517525,0.94559775384205,"True",0.0013691109821597,0.998976293416076,"True",0.0278330275283775,0.930190163890068,"all_pre_hcc",TRUE,TRUE,FALSE
368,"phenylacetylglycine","UTYVDVLMYQPLQB-UHFFFAOYSA-N","HMDB0000821","C05598","False","True",0.0621022023563669,0.9628944370118,"True",0.0575483962269089,0.955697462584365,"False",NA,NA,"False",NA,NA,"all_pre_hcc",FALSE,FALSE,FALSE
369,"N-acetylisoleucine","JDTWZSUNGHMMJM-MSZQBOFLSA-N","HMDB0061684","","True","True",-0.29610033365645,0.622319994730176,"True",-0.206597562661554,0.54888501479756,"True",-0.294314213482701,0.630143449628519,"True",-0.202277867286166,0.575591163794169,"all_pre_hcc",TRUE,TRUE,FALSE
370,"10-nonadecenoate (19:1n9)","BBOWBNGUEWHNQZ-KTKRTIGZSA-N","HMDB0013622","","True","True",0.0770537028453444,0.92631812083019,"True",0.0958285125166734,0.839803652668523,"False",NA,NA,"False",NA,NA,"all_pre_hcc",FALSE,FALSE,FALSE
371,"10-heptadecenoate (17:1n7)","GDTXICBNEOEPAZ-FPLPWBNLSA-N","HMDB0060038","","True","True",0.108330514478726,0.888814350796284,"True",0.131046180143757,0.803122018361302,"False",NA,NA,"False",NA,NA,"all_pre_hcc",FALSE,FALSE,FALSE
372,"hyocholate","DKPMWHFRUGMUKF-OAEKOJLISA-N","HMDB0000760","C17649","True","True",0.229994784149966,0.833264343407747,"True",0.240924583106163,0.764604382645384,"True",0.226141670091518,0.826791619222887,"True",0.240403617573944,0.757820314146949,"all_pre_hcc",TRUE,TRUE,FALSE
373,"epiandrosterone sulfate","ZMITXKRGXGRMKS-FMLJXKFRSA-N","HMDB0062657","C04555","True","True",-0.723351488786502,0.291805016299868,"True",-0.693733477593162,0.209122153958211,"True",-0.720876306778117,0.393238116684682,"True",-0.693559919066305,0.312725330980486,"all_pre_hcc",TRUE,TRUE,FALSE
374,"N-acetylhistidine","KBOJOGQFRVVWBH-ZETCQYMHSA-N","HMDB0032055","C02997","True","True",-0.187713962263236,0.804627538115513,"True",-0.131970472567534,0.815074590095861,"True",-0.188321665730294,0.773146867653683,"True",-0.134748386476215,0.792658360858766,"all_pre_hcc",TRUE,TRUE,FALSE
375,"gamma-glutamylglycine","ACIJGUBIMXQCMF-BYPYZUCNSA-N","HMDB0011667","","True","True",0.0162204782255294,0.967304661495219,"True",0.0426610941724216,0.841621090092302,"True",0.0159256496149242,0.967911962639075,"True",0.0426098803368113,0.827078035968486,"all_pre_hcc",TRUE,TRUE,FALSE
376,"gamma-glutamyltryptophan","CATMPQFFVNKDEY-AAEUAGOBSA-N","HMDB0029160","","True","True",0.530150778169009,0.0646009313044567,"True",0.557180147870031,0.00647977869290568,"True",0.527165030743779,0.0832497430275824,"True",0.557858597374397,0.018078821981304,"all_pre_hcc",TRUE,TRUE,TRUE
377,"stachydrine","CMUNUTVVOOHQPW-LURJTMIESA-N","HMDB0004827","C10172","True","True",0.352195038220191,0.746364717042608,"True",0.3755816471447,0.678392855374469,"False",NA,NA,"True",0.374824676711733,0.666009772428633,"all_pre_hcc",FALSE,FALSE,FALSE
378,"alpha-hydroxyisovalerate","NGEWQZIDQIYUNV-UHFFFAOYSA-N","HMDB0000407","","True","True",-0.0134128902298844,0.986259451264941,"True",0.0135972572549138,0.97516752028849,"True",-0.013348970726874,0.988174319821498,"True",0.0130779456548141,0.974260855894889,"all_pre_hcc",FALSE,TRUE,FALSE
379,"hydroxybupropion","RCOBKSKAZMVBHT-NCWAPJAISA-N","HMDB0012235","","False","True",0.341634017618301,0.747451988993944,"True",0.33204791834576,0.724561341995404,"True",0.362517297432477,0.677018418455355,"True",0.350761884030437,0.634185440134848,"all_pre_hcc",TRUE,TRUE,FALSE
380,"nicotinamide riboside","BUCXGWMZJBKEMD-UHFFFAOYSA-N","HMDB0000855","C03150","False","True",-0.136660338320764,0.888814350796284,"True",-0.138530720617445,0.844117667232737,"True",-0.147988254928338,0.865103532503342,"False",NA,NA,"all_pre_hcc",FALSE,FALSE,FALSE
381,"gamma-glutamylmethionine","RQNSKRXMANOPQY-BQBZGAKWSA-N","HMDB0029155","","True","True",0.325562196032624,0.37643087990798,"True",0.350960562375348,0.12875008042632,"True",0.328241032861646,0.35466424322012,"True",0.35334796033435,0.0881859632243902,"all_pre_hcc",TRUE,TRUE,FALSE
382,"gamma-glutamylthreonine","GWNXFCYUJXASDX-JUZNGCLZSA-N","HMDB0029159","","True","True",-0.102096225350216,0.835748497541537,"True",-0.0758166611776968,0.803122018361302,"True",-0.102508187468936,0.831155905069558,"True",-0.0758504704832022,0.813177040341497,"all_pre_hcc",TRUE,TRUE,FALSE
383,"p-cresol sulfate","WGNAKZGUSRVWRH-UHFFFAOYSA-N","HMDB0011635","","True","True",-0.728101398929892,0.592654476277519,"True",-0.705838996867866,0.537639095172239,"True",-0.763253420830066,0.563476311157663,"True",-0.739488241485483,0.477893549600737,"all_pre_hcc",TRUE,TRUE,FALSE
384,"pioglitazone","HYAFETHFCAUJAY-UHFFFAOYSA-N","HMDB0015264","D08378,C07675,
DG00117","False","True",-0.00932261731290248,0.574142745721525,"True",-0.0101810890074292,0.529994206980286,"True",-0.0130476698660014,0.848848537578865,"True",-0.0146761812000578,0.803930608448969,"all_pre_hcc",TRUE,TRUE,FALSE
385,"erythronate*","JPIJQSOTBSSVTP-PWNYCUMCSA-N","HMDB0000613","","True","True",-0.102506783187342,0.761769676770543,"True",-0.0756448270841074,0.803122018361302,"True",-0.100752707076282,0.77207375928871,"True",-0.0740094529536947,0.792658360858766,"all_pre_hcc",TRUE,TRUE,FALSE
386,"fibrinopeptide A*","JWICNZAGYSIBAR-UHFFFAOYSA-N","","","False","True",0.270377240009744,0.796875510717327,"True",0.208504749347048,0.804802146715741,"True",0.270431531268748,0.790513626985129,"True",0.206778233940381,0.813177040341497,"all_pre_hcc",TRUE,TRUE,FALSE
387,"fibrinopeptide A, des-ala(1)*","JAMFMQAPZKXSKC-UHFFFAOYSA-N","","","True","True",-0.104695240185066,0.888814350796284,"True",-0.0793714746262886,0.885594014727662,"True",-0.104725671297692,0.869113732202696,"True",-0.0806245369259933,0.87146104919753,"all_pre_hcc",TRUE,TRUE,FALSE
388,"fibrinopeptide A, phosphono-ser(3)*","DROFZMGQYLJNLQ-UHFFFAOYSA-N","","","True","True",-0.911806889169639,0.27482397772766,"True",-0.862563999896396,0.162281600569874,"True",-0.90915655211792,0.308403786090598,"True",-0.861062711646798,0.178363241960687,"all_pre_hcc",TRUE,TRUE,FALSE
389,"HWESASXX*","KUZSCKDYVGVVKC-PLNQFBRDSA-N","","","False","True",0.515915599910235,0.54604944813447,"True",0.545818899100328,0.429760939766166,"True",0.474836369140982,0.442051921674491,"True",0.496646398949095,0.371559942313607,"all_pre_hcc",TRUE,TRUE,FALSE
390,"salicyluric glucuronide*","OEPADIDIUZTYOX-UHFFFAOYSA-N","HMDB0240252","","False","True",0.260667718956528,0.879071578539687,"True",0.261873845763581,0.854708776950554,"False",NA,NA,"False",NA,NA,"all_pre_hcc",FALSE,FALSE,FALSE
391,"N-acetylproline","GNMSLDIYJOSUSW-UHFFFAOYSA-N","HMDB0094701","","True","True",-0.258633209451798,0.573676168692011,"True",-0.269759878327853,0.41247970250018,"False",NA,NA,"False",NA,NA,"all_pre_hcc",FALSE,FALSE,FALSE
392,"eicosenoate (20:1)","BITHHVVYSMSWAG-KTKRTIGZSA-N","HMDB0002231,HMDB0062436","C16526","True","True",0.192842215506785,0.770549350424162,"True",0.215752302679637,0.621884677626415,"False",NA,NA,"False",NA,NA,"all_pre_hcc",FALSE,FALSE,FALSE
393,"linolenate [alpha or gamma; (18:3n3 or 6)]","DTOSIQBPPRVQHS-PDBXOOCHSA-N","HMDB0003073,HMDB0001388","C06426,C06427","True","True",0.181786333799163,0.809425864261793,"True",0.207083285226959,0.678392855374469,"False",NA,NA,"False",NA,NA,"all_pre_hcc",FALSE,FALSE,FALSE
394,"aconitate [cis or trans]","","HMDB0000958,HMDB000072","C004174,C02341","True","True",0.0563099518619264,0.915225494386942,"True",0.0851697807113439,0.705216146393861,"True",0.0565288751661201,0.898672361155325,"True",0.0850907623695775,0.728275750480638,"all_pre_hcc",TRUE,TRUE,FALSE
395,"metoprolol acid metabolite*","PUQIRTNPJRFRCZ-UHFFFAOYSA-N","","","False","True",0.0135253356297942,0.980760128751692,"True",0.0202207705456764,0.959545969822303,"True",0.0166369778562597,0.974023470722362,"True",0.0238418044043305,0.949578478110667,"all_pre_hcc",TRUE,TRUE,FALSE
396,"heme","GGIDWJQWCUJYRY-UHFFFAOYSA-K","HMDB0003178","C00032","True","True",-0.268656152170603,0.782164390237068,"True",-0.252591911907512,0.789698882328843,"False",NA,NA,"False",NA,NA,"all_pre_hcc",FALSE,FALSE,FALSE
397,"stearoylcarnitine (C18)","FNPHNLNTJNMAEE-HSZRJFAPSA-N","HMDB0000848","","True","True",-0.169794411474703,0.761769676770543,"True",-0.143982522587441,0.631691572460698,"True",-0.170498046914703,0.743115424840978,"True",-0.145114931896453,0.575591163794169,"all_pre_hcc",TRUE,TRUE,FALSE
398,"laurylcarnitine (C12)","FUJLYHJROOYKRA-UHFFFAOYSA-N","HMDB000225","","True","True",-0.10275723533326,0.888814350796284,"True",-0.0731011347914846,0.871816804086433,"True",-0.101629637695405,0.873560371737325,"True",-0.0716609148860161,0.861919623197581,"all_pre_hcc",TRUE,TRUE,FALSE
399,"isovalerylcarnitine (C5)","IGQBPDJNUXPEMT-UHFFFAOYSA-N","HMDB0000688","C20826","True","True",-0.0880786999084666,0.888814350796284,"True",-0.0582939393442088,0.885594014727662,"True",-0.0826953529318654,0.867483017445523,"True",-0.0558955876594589,0.874801219596927,"all_pre_hcc",TRUE,TRUE,FALSE
400,"1-linoleoyl-GPC (18:2)","SPJFYYJXNPEZDW-UTJQPWESSA-N","HMDB0010386","C04100","True","True",-0.23506258845643,0.452758765907546,"True",-0.214191838296932,0.253020787130069,"True",-0.237492880877449,0.393238116684682,"True",-0.216126820691075,0.276527496360532,"all_pre_hcc",TRUE,TRUE,FALSE
401,"7-methylxanthine","PFWLFWPASULGAN-UHFFFAOYSA-N","HMDB0001991","C16353","True","True",-0.852089261338169,0.27482397772766,"True",-0.781994128732788,0.192813593199002,"True",-0.851836385856285,0.265182756578878,"True",-0.782011046824399,0.223868791569115,"all_pre_hcc",TRUE,TRUE,FALSE
402,"1,3,7-trimethylurate","BYXCFUMGEBZDDI-UHFFFAOYSA-N","HMDB0002123","C16361","True","True",-0.0491278329059814,0.960530495918312,"True",0.0097614979027473,0.992201810071038,"True",-0.0462065931134822,0.967702068039429,"True",0.0172374214260069,0.974969336027408,"all_pre_hcc",FALSE,TRUE,FALSE
403,"3,7-dimethylurate","HMLZLHKHNBLLJD-UHFFFAOYSA-N","HMDB0001982","C16360","False","True",-0.748373113952765,0.406379855998289,"True",-0.624831184561534,0.417520864476979,"False",NA,NA,"False",NA,NA,"all_pre_hcc",FALSE,FALSE,FALSE
404,"1,7-dimethylurate","NOFNCLGCUJJPKU-UHFFFAOYSA-N","HMDB0011103","C16356","True","True",0.0343238372958635,0.9628944370118,"True",0.0471906654255972,0.945596559140091,"True",0.038335207954096,0.970560889837061,"True",0.0534130988393902,0.941406964088266,"all_pre_hcc",TRUE,TRUE,FALSE
405,"1-methylurate","QFDRTQONISXGJA-UHFFFAOYSA-N","HMDB0003099","C16359","False","True",-0.859795710241936,0.27482397772766,"True",-0.846089300293877,0.167126011524754,"True",-0.865233129394879,0.217241031882277,"True",-0.851985294463936,0.13613623549145,"all_pre_hcc",TRUE,TRUE,FALSE
406,"5-acetylamino-6-formylamino-3-methyluracil","RDZNZFGKEVDNPK-UHFFFAOYSA-N","HMDB0011105","C16365","True","True",-0.458323319199281,0.54604944813447,"True",-0.446241614164007,0.515827798204132,"True",-0.443946314075545,0.602557880977205,"True",-0.433439965482691,0.575591163794169,"all_pre_hcc",TRUE,TRUE,FALSE
407,"5-acetylamino-6-amino-3-methyluracil","POQOTWQIYYNXAT-UHFFFAOYSA-N","HMDB0004400","C16366","True","True",-0.294428899217214,0.688838927236634,"True",-0.261109726931683,0.724561341995404,"True",-0.286434889424292,0.754792545427083,"True",-0.25422344071667,0.768997746299996,"all_pre_hcc",TRUE,TRUE,FALSE
408,"indolebutyrate","JTEDVYBZBROSJT-UHFFFAOYSA-N","HMDB0002096","C11284","True","True",-0.164261404458329,0.88457018111351,"True",-0.211804729535786,0.807691914811875,"True",-0.164239072989395,0.866831664609449,"True",-0.211226706805424,0.814622363708715,"all_pre_hcc",TRUE,TRUE,FALSE
409,"1-methylxanthine","MVOYJPOZRLFTCP-UHFFFAOYSA-N","HMDB0010738","C16358","False","True",0.423392284448247,0.805703912224501,"True",0.488118499206498,0.73387995922184,"True",0.422770197525883,0.844013430128151,"True",0.488612194907821,0.780595120171493,"all_pre_hcc",TRUE,TRUE,FALSE
410,"N1-methylinosine","WJNGQIYEQLPJMN-UHFFFAOYSA-N","HMDB0002721","","True","True",-0.56814782754082,0.24378660037595,"True",-0.461579932416285,0.0904590117170454,"True",-0.58944110700377,0.0832497430275824,"True",-0.484335624642103,0.0269764153214911,"all_pre_hcc",TRUE,TRUE,FALSE
411,"N2,N2-dimethylguanosine","RSPURTUNRHNVGF-IOSLPCCCSA-N","HMDB0004824","","True","True",-0.381947124649298,0.27482397772766,"True",-0.356560064632276,0.096012175430408,"True",-0.388584676666789,0.21611300121073,"True",-0.360430236895194,0.0764031854506789,"all_pre_hcc",TRUE,TRUE,FALSE
412,"N4-acetylcytidine","NIDVTARKFBZMOT-PEBGCTIMSA-N","HMDB0005923","","True","True",-0.188297360969945,0.761769676770543,"True",-0.159241602891553,0.640175133981764,"True",-0.187658807842436,0.790513626985129,"True",-0.159302992623685,0.725355527874707,"all_pre_hcc",TRUE,TRUE,FALSE
413,"N6-carbamoylthreonyladenosine","UNUYMBPXEFMLNW-HZPYULPISA-N","HMDB0041623","","True","True",0.0713796555097383,0.900403575208525,"True",0.0939808620624918,0.803122018361302,"True",0.0717957434688914,0.882111939601104,"True",0.0979515734079481,0.792658360858766,"all_pre_hcc",TRUE,TRUE,FALSE
414,"orotidine","FKCRAVPPBFWEJD-XVFCMESISA-N","HMDB0000788","","True","True",-0.112349008534251,0.875660011611575,"True",-0.0754864072160136,0.910970510555354,"True",-0.109386052477699,0.873560371737325,"True",-0.0741300061740006,0.905904998413103,"all_pre_hcc",TRUE,TRUE,FALSE
415,"phenylacetylglutamine","JFLIEFSWGNOPJJ-JTQLQIEISA-N","HMDB0006344","C04148","True","True",-0.272297631959838,0.757143492680545,"True",-0.244406176833438,0.724561341995404,"True",-0.270185744337461,0.751342822582631,"True",-0.243028351089796,0.717608292638154,"all_pre_hcc",TRUE,TRUE,FALSE
416,"4-hydroxyhippurate","ZMHLUFWWWPBTIU-UHFFFAOYSA-N","HMDB0013678","","True","True",-0.405264240819656,0.551133132243807,"True",-0.378754036651769,0.418981938008909,"True",-0.406804196208362,0.537357864519045,"True",-0.380528804180438,0.428066308060076,"all_pre_hcc",TRUE,TRUE,FALSE
417,"5,6-dihydrouridine","ZPTBLXKRQACLCR-XVFCMESISA-N","HMDB0000497","","True","True",0.0157432180037237,0.980657156002831,"True",0.0380519098375385,0.905935421412088,"True",0.0149751982378504,0.983107593731939,"True",0.0402579204459556,0.90539257446286,"all_pre_hcc",TRUE,TRUE,FALSE
418,"3-(3-amino-3-carboxypropyl)uridine*","YXNIEZJFCGTDKV-UHFFFAOYSA-N","","","True","True",-0.069908716529926,0.888814350796284,"True",-0.0453870946270213,0.900384510823308,"True",-0.0702651352734605,0.880986572725634,"True",-0.0441059178049252,0.889552499925778,"all_pre_hcc",TRUE,TRUE,FALSE
419,"1-pentadecanoylglycerol (15:0)","QSKPZDMBULYMDQ-UHFFFAOYSA-N","","","False","True",0.0817689825956504,0.929711408562494,"True",0.0899570019306139,0.885594014727662,"False",NA,NA,"False",NA,NA,"all_pre_hcc",FALSE,FALSE,FALSE
420,"1-arachidonylglycerol (20:4)","DCPCOKIYJYGMDN-DOFZRALJSA-N","HMDB11578","C13857","True","True",-0.505032440593449,0.432407406795712,"True",-0.4773265094755,0.22719653345367,"True",-0.505708588233528,0.396318600411126,"True",-0.479213902039379,0.223868791569115,"all_pre_hcc",TRUE,TRUE,FALSE
421,"1-linolenoylglycerol (18:3)","XQBHBEXBUZDCRY-QNEBEIHSSA-N","HMDB0011569","","True","True",0.0974996586240744,0.935053050198086,"True",0.136440615054077,0.859036201744636,"False",NA,NA,"False",NA,NA,"all_pre_hcc",FALSE,FALSE,FALSE
422,"cysteine-glutathione disulfide","BNRXZEPOHPEEAS-UHFFFAOYSA-N","HMDB0000656","R00900","True","True",-0.829176273717875,0.406379855998289,"True",-0.88581972303986,0.335740421976414,"True",-0.830296420876813,0.393238116684682,"True",-0.886103818082485,0.251810706045499,"all_pre_hcc",TRUE,TRUE,FALSE
423,"1-palmitoyl-GPA (16:0)","YNDYKPRNFWPPFU-GOSISDBHSA-N","HMDB00327","C04036","True","True",0.131322901512622,0.848502030116675,"True",0.145890429588732,0.793134514945984,"False",NA,NA,"False",NA,NA,"all_pre_hcc",FALSE,FALSE,FALSE
424,"5-methyluridine (ribothymidine)","DWRXFEITVBNRMK-JXOAFFINSA-N","HMDB0000884","","True","True",0.108892127090402,0.814124773102908,"True",0.133158491051863,0.563541368345625,"True",0.108094096734166,0.810981997110187,"True",0.133841614833195,0.57342088256275,"all_pre_hcc",TRUE,TRUE,FALSE
425,"isovalerylglycine","ZRQXMKMBBMNNQC-UHFFFAOYSA-N","HMDB00678","","False","True",-0.231269478989565,0.864370458335254,"True",-0.25084594290045,0.763664296873637,"False",NA,NA,"False",NA,NA,"all_pre_hcc",FALSE,FALSE,FALSE
426,"3-hydroxydodecanedioate*","FYVQCLGZFXHEGL-UHFFFAOYSA-N","HMDB0000413","","True","True",0.191173849777876,0.866118683573015,"True",0.224904784809885,0.803122018361302,"False",NA,NA,"False",NA,NA,"all_pre_hcc",FALSE,FALSE,FALSE
427,"7-methylguanine","FZWGECJQACGGTI-UHFFFAOYSA-N","HMDB0000897","C02242","True","True",-0.101225333535469,0.660207058592021,"True",-0.0707914498992886,0.789698882328843,"True",-0.0988449532203458,0.70448598911591,"True",-0.0719109248684619,0.772944491657587,"all_pre_hcc",TRUE,TRUE,FALSE
428,"1-stearoyl-GPE (18:0)","BBYWOYAFBUOUFP-JOCHJYFZSA-N","HMDB0011130","","True","True",-0.22560862915891,0.454228267241584,"True",-0.204193946084176,0.156450641780339,"True",-0.224669771134242,0.400660332160945,"True",-0.20311146987368,0.242559456602141,"all_pre_hcc",TRUE,TRUE,FALSE
429,"1-stearoyl-GPG (18:0)","HFJVKBVEKQHVTO-OZAIVSQSSA-N","","","True","True",-0.00608171721784828,0.998692291231007,"True",0.0305011896517299,0.957146345235811,"True",-0.0154832013852182,0.988174319821498,"True",0.0200688824206763,0.951091617030689,"all_pre_hcc",FALSE,TRUE,FALSE
430,"3-methylcytidine","RDPUKVRQKWBSPK-ZOQUXTDFSA-N","HMDB0240577","","True","True",-0.17459979492475,0.770549350424162,"True",-0.116099622002575,0.803122018361302,"True",-0.175267520179108,0.77724071408262,"True",-0.116516429509137,0.813177040341497,"all_pre_hcc",TRUE,TRUE,FALSE
431,"N2-methylguanosine","SLEHROROQDYRAW-KQYNXXCUSA-N","HMDB0005862","","True","True",-0.166200909883869,0.848502030116675,"True",-0.184265360476114,0.797012322389442,"False",NA,NA,"False",NA,NA,"all_pre_hcc",FALSE,FALSE,FALSE
432,"N1-methyl-2-pyridone-5-carboxamide","JLQSXXWTCJPCBC-UHFFFAOYSA-N","HMDB0004193","C05842","True","True",-0.157374489089611,0.796095126599992,"True",-0.117337547618249,0.77730800405227,"True",-0.15083535114409,0.844013430128151,"True",-0.114982333137478,0.803930608448969,"all_pre_hcc",TRUE,TRUE,FALSE
433,"mead acid (20:3n9)","UNSRRHDPHVZAHH-YOILPLPUSA-N","HMDB0010378","","False","True",0.834494890968579,0.603606477192618,"True",0.705786180229824,0.56006440329442,"False",NA,NA,"False",NA,NA,"all_pre_hcc",FALSE,FALSE,FALSE
434,"1-docosahexaenoylglycerol (22:6)","JWPHORDRFVRZPP-KUBAVDMBSA-N","HMDB0011587","","False","True",-0.685265662137157,0.406379855998289,"True",-0.791489245640515,0.21705438914741,"True",-0.689583606641669,0.400679679038351,"True",-0.800825281437835,0.239679563451538,"all_pre_hcc",TRUE,TRUE,FALSE
435,"gamma-glutamylisoleucine*","SNCKGJWJABDZHI-SIPWABPFSA-N","HMDB0011170","","True","True",-0.197666160682642,0.658521959025638,"True",-0.170508937251087,0.563913897458138,"True",-0.197518067660003,0.638794004391256,"True",-0.17058014558566,0.547762433215384,"all_pre_hcc",TRUE,TRUE,FALSE
436,"oleoylcarnitine (C18:1)","IPOLTUVFXFHAHI-WHIOSMTNSA-N","HMDB0005065","","True","True",-0.0949542315343445,0.876452610614697,"True",-0.0686431266179675,0.820059431327544,"True",-0.0948949526551655,0.865103532503342,"True",-0.0685444246978227,0.813177040341497,"all_pre_hcc",TRUE,TRUE,FALSE
437,"gamma-glutamyl-2-aminobutyrate","FUZOZPRKGAXGOB-UHFFFAOYSA-N","","","True","True",0.053014756586686,0.94213354915325,"True",0.0671719947686731,0.910970510555354,"False",NA,NA,"True",0.0666066533561843,0.90539257446286,"all_pre_hcc",FALSE,FALSE,FALSE
438,"2-methylbutyrylcarnitine (C5)","IHCPDBBYTYJYIL-UHFFFAOYSA-N","HMDB0000378","","True","True",-0.151648087915411,0.864370458335254,"True",-0.127317823835525,0.797012322389442,"False",NA,NA,"False",NA,NA,"all_pre_hcc",FALSE,FALSE,FALSE
439,"phenol sulfate","CTYRPMDGLDAWRQ-UHFFFAOYSA-N","HMDB0060015","C02180","True","True",-0.534987616196076,0.566222841194563,"True",-0.510743424401685,0.499572506247968,"True",-0.534649425074489,0.501611137045321,"False",NA,NA,"all_pre_hcc",FALSE,FALSE,FALSE
440,"1-palmitoleoyl-GPC (16:1)*","LFUDDCMNKWEORN-KHPPLWFESA-N","HMDB0010383","","True","True",-0.384157025139868,0.27482397772766,"True",-0.360177094158387,0.096012175430408,"True",-0.387135088813305,0.188889164299435,"True",-0.364139582028643,0.0764800532542178,"all_pre_hcc",TRUE,TRUE,FALSE
441,"nifedipine","HYIMSNHJOBLJNT-UHFFFAOYSA-N","","C07266,D00437","False","True",-0.00414950503233968,0.712140637573413,"True",-0.0041495050323386,0.678392855374469,"True",-0.0060613335758814,0.790513626985129,"True",-0.0060875525960376,0.768997746299996,"all_pre_hcc",TRUE,TRUE,FALSE
442,"malonylcarnitine","ZGNBLKBZJBJFDG-UHFFFAOYSA-N","HMDB0002095","","False","True",-0.849444473795861,0.162098433096863,"True",-0.906552310704405,0.112637945733319,"False",NA,NA,"False",NA,NA,"all_pre_hcc",FALSE,FALSE,FALSE
443,"hexanoylglycine","UPCKIPHSXMXJOX-UHFFFAOYSA-N","HMDB0000701","","False","True",-0.947318751469974,0.0644992863840137,"True",-0.7963678035504,0.0212820070235996,"True",-0.947271564378335,0.158288869287832,"True",-0.7966538622629,0.0786278605397165,"all_pre_hcc",TRUE,TRUE,FALSE
444,"lidocaine","NNJVILVZKWQKPM-UHFFFAOYSA-N","HMDB0014426","D00358","False","True",0.737957527647588,0.372592375199139,"True",0.779140955124323,0.217165949243929,"True",0.732900698149387,0.157176233679558,"False",NA,NA,"all_pre_hcc",FALSE,FALSE,FALSE
445,"N-ethylglycinexylidide","WRMRXPASUROZGT-UHFFFAOYSA-N","HMDB0060656","C16561","False","True",0.624555865532467,0.291805016299868,"True",0.722907232335573,0.181606953318231,"False",NA,NA,"False",NA,NA,"all_pre_hcc",FALSE,FALSE,FALSE
446,"glutamine_degradant*","NPWMTBZSRRLQNJ-UHFFFAOYSA-N","","","True","True",-0.0662919344252859,0.902402990065938,"True",-0.0389883001920017,0.945596559140091,"True",-0.063719168095567,0.898672361155325,"True",-0.0367235315833933,0.936791393451008,"all_pre_hcc",TRUE,TRUE,FALSE
447,"2-hydroxy-3-methylvalerate","RILPIWOPNGRASR-UHFFFAOYSA-N","HMDB0000317","","True","True",0.290679152361355,0.657263457412792,"True",0.314290411330324,0.464780441623297,"True",0.287864503457275,0.690634031365209,"True",0.310162457936291,0.527811163230904,"all_pre_hcc",TRUE,TRUE,FALSE
448,"testosterone sulfate","WAQBISPOEAOCOG-DYKIIFRCSA-N","HMDB0002833","","False","True",0.81438481235023,0.384574570368991,"True",1.02843626501164,0.217165949243929,"True",0.83079425559077,0.35466424322012,"True",1.04279919090321,0.151348251333799,"all_pre_hcc",TRUE,TRUE,FALSE
449,"homostachydrine*","XULZWQRXYTVUTE-ZETCQYMHSA-N","HMDB0033433","C08283","True","True",0.0874421357944598,0.88457018111351,"True",0.111955437528656,0.803122018361302,"True",0.0873857762336641,0.866831664609449,"True",0.110386564329886,0.792658360858766,"all_pre_hcc",TRUE,TRUE,FALSE
450,"1-arachidonoyl-GPC (20:4n6)*","LAXQYRRMGGEGOH-JXRLJXCWSA-N","HMDB0010395","C05208","True","True",-0.430245024995834,0.27482397772766,"True",-0.404917790744719,0.173412260368882,"True",-0.429912700319057,0.186070258956679,"True",-0.404126899410778,0.151517892371407,"all_pre_hcc",TRUE,TRUE,FALSE
451,"2-palmitoleoyl-GPC (16:1)*","GKXPPJQBVCKAGD-DJYGDJEFSA-N","HMDB10383","","True","True",-0.387912352404127,0.54604944813447,"True",-0.365913384418264,0.347504897360283,"True",-0.387245771155831,0.400679679038351,"True",-0.365661820537893,0.223868791569115,"all_pre_hcc",TRUE,TRUE,FALSE
452,"2-palmitoyl-GPC (16:0)*","NEGQHKSYEYVFTD-HSZRJFAPSA-N","HMDB0061702","","True","True",-0.23598636616344,0.592654476277519,"True",-0.211777207176408,0.449918660784392,"True",-0.236611753750237,0.564933932808879,"True",-0.211645015016117,0.422019451347131,"all_pre_hcc",TRUE,TRUE,FALSE
453,"1-palmitoyl-GPE (16:0)","YVYMBNSKXOXSKW-HXUWFJFHSA-N","HMDB0011503","","True","True",-0.223225418036069,0.463421672732727,"True",-0.19783265491102,0.311823072533581,"True",-0.222447799901473,0.404622588947593,"True",-0.197472100797715,0.362023514510028,"all_pre_hcc",TRUE,TRUE,FALSE
454,"1-oleoyl-GPE (18:1)","PYVRVRFVLRNJLY-MZMPXXGTSA-N","HMDB0011506","","True","True",-0.0125106031232599,0.980736163199252,"True",0.0015512061231536,0.998643396938564,"True",-0.0033808319762571,0.996206386364545,"False",NA,NA,"all_pre_hcc",FALSE,FALSE,FALSE
455,"1-linoleoyl-GPE (18:2)*","DBHKHNGBVGWQJE-HZJYTTRNSA-N","HMDB0011507","","True","True",-0.154260261897637,0.686705847422965,"True",-0.133515487510246,0.644899955220506,"True",-0.147227069011436,0.695539898910971,"False",NA,NA,"all_pre_hcc",FALSE,FALSE,FALSE
456,"1-arachidonoyl-GPE (20:4n6)*","ROPRRXYVXLDXQO-XSQXPFHXSA-N","HMDB0011517","","True","True",-0.228785400513817,0.51455523550463,"True",-0.201739898767144,0.41401712806727,"True",-0.22507978879648,0.436668126479199,"True",-0.200152950035949,0.428066308060076,"all_pre_hcc",TRUE,TRUE,FALSE
457,"N-acetylcitrulline","WMQMIOYQXNRROC-LURJTMIESA-N","HMDB0000856","C15532,C02851","True","True",-0.330821814683121,0.746364717042608,"True",-0.27839161610408,0.73387995922184,"True",-0.331434414194898,0.743115424840978,"True",-0.27922348046383,0.735149017205624,"all_pre_hcc",TRUE,TRUE,FALSE
458,"2-hydroxypalmitate","JGHSBPIZNUXPLA-UHFFFAOYSA-N","HMDB0031057","","True","True",0.104642154316781,0.875660011611575,"True",0.129379228653106,0.692075551676725,"True",0.101852065945024,0.866831664609449,"True",0.127053730927245,0.750320367457436,"all_pre_hcc",TRUE,TRUE,FALSE
459,"docosapentaenoate (n6 DPA; 22:5n6)","AVKOENOBFIYBSA-WMPRHZDHSA-N","HMDB0001976","C16513","True","True",0.0943303872831543,0.888814350796284,"True",0.123954413627665,0.803122018361302,"True",0.0934649361590218,0.898535548113911,"True",0.125576923370185,0.81380736817693,"all_pre_hcc",TRUE,TRUE,FALSE
460,"gulonate*","RGHNJXZEOKUKBD-NRXMZTRTSA-N","HMDB0003290","C00800","True","True",-0.297485260253079,0.574142745721525,"True",-0.281306283528744,0.563541368345625,"True",-0.297411292055428,0.556620042678271,"True",-0.280765122514238,0.520054413002484,"all_pre_hcc",TRUE,TRUE,FALSE
461,"pivaloylcarnitine (C5)","YICAQFPUDACYGQ-UHFFFAOYSA-N","HMDB0041993","","False","True",-0.0430344747980022,0.61964478810296,"True",-0.0415222208528194,0.66467486483631,"False",NA,NA,"False",NA,NA,"all_pre_hcc",FALSE,FALSE,FALSE
462,"isobutyrylglycine","DCICDMMXFIELDF-UHFFFAOYSA-N","HMDB0000730","","False","True",-0.57389918722145,0.54604944813447,"True",-0.510198853203497,0.431292355064545,"False",NA,NA,"False",NA,NA,"all_pre_hcc",FALSE,FALSE,FALSE
463,"glutarylcarnitine (C5-DC)","NXJAXUYOQLTISD-UHFFFAOYSA-N","HMDB0013130","","True","True",-0.0529384333597493,0.92631812083019,"True",-0.0260134458191905,0.948816803758413,"True",-0.0557997215372394,0.911010602795729,"True",-0.029513971110115,0.936791393451008,"all_pre_hcc",TRUE,TRUE,FALSE
464,"beta-hydroxyisovaleroylcarnitine","IGLHHSKNBDXCEY-UHFFFAOYSA-N","","","True","True",-0.231876521040724,0.592654476277519,"True",-0.198269226975186,0.41401712806727,"True",-0.225676051056339,0.602557880977205,"True",-0.194637643972541,0.428066308060076,"all_pre_hcc",TRUE,TRUE,FALSE
465,"2-methylmalonylcarnitine (C4-DC)","XROYFEWIXXCPAW-UHFFFAOYSA-N","HMDB0013133","","True","True",0.0126285306988431,0.994566962192978,"True",-0.00834387922311557,0.990050387460687,"True",0.0138289031647438,0.994944558494696,"False",NA,NA,"all_pre_hcc",FALSE,FALSE,FALSE
466,"tiglylcarnitine (C5:1-DC)","WURBQCVBQNMUQT-RMKNXTFCSA-N","HMDB0002366","","True","True",0.0664902186687091,0.92189872545127,"True",0.0972533406286465,0.790068072118399,"True",0.0706980961285411,0.898758744857502,"True",0.0996340343698985,0.790303201662984,"all_pre_hcc",TRUE,TRUE,FALSE
467,"hydroquinone sulfate","FPXPQMOQWJZYBL-UHFFFAOYSA-N","HMDB0240263","C00530","True","True",-0.0270562247050507,0.986602298654409,"True",0.00742167866480874,0.998643396938564,"True",-0.0240891792509672,0.988174319821498,"False",NA,NA,"all_pre_hcc",FALSE,FALSE,FALSE
468,"catechol sulfate","MZPWKJZDOCIALD-UHFFFAOYSA-N","HMDB0059724","","True","True",-0.378563766289815,0.567854973785396,"True",-0.361990733396221,0.480254126190864,"False",NA,NA,"False",NA,NA,"all_pre_hcc",FALSE,FALSE,FALSE
469,"cholesterol sulfate","BHYOQNUELFTYRT-UHFFFAOYSA-N","HMDB00653","C18043","True","True",0.0469251814013536,0.912104101293667,"True",0.0727412167131118,0.837016263734355,"True",0.0467435887212501,0.877567398140426,"True",0.0726879963908012,0.813177040341497,"all_pre_hcc",TRUE,TRUE,FALSE
470,"7alpha-hydroxy-3-oxo-4-cholestenoate (7-Hoca)","SATGKQGFUDXGAX-MYWFJNCASA-N","HMDB0012458","C17337","True","True",0.311351981261324,0.524720764417362,"True",0.334831361654466,0.255727480861252,"True",0.312678370004312,0.501611137045321,"True",0.338728164517191,0.251810706045499,"all_pre_hcc",TRUE,TRUE,FALSE
471,"3beta,7alpha-dihydroxy-5-cholestenoate","GYJSAWZGYQXRBS-GRJZKGIBSA-N","HMDB0012454","C17335","True","True",0.275586960704011,0.432407406795712,"True",0.299786678687115,0.138444616287517,"True",0.274087070483451,0.491989778599066,"True",0.299911284995591,0.239679563451538,"all_pre_hcc",TRUE,TRUE,FALSE
472,"N-acetyl-aspartyl-glutamate (NAAG)","OPVPGKGADVGKTG-UHFFFAOYSA-N","HMDB0001067","C12270","True","True",-0.532771567629993,0.289236655586256,"True",-0.453851585422921,0.15776747459103,"True",-0.533967099545093,0.308403786090598,"True",-0.454968346952309,0.13814793379003,"all_pre_hcc",TRUE,TRUE,FALSE
473,"tetradecanedioate (C14-DC)","HQHCYKULIHKCEB-UHFFFAOYSA-N","HMDB0000872","","True","True",0.253743109178405,0.659433676917624,"True",0.282105417920172,0.400391607190022,"True",0.256995301973956,0.678532871147338,"True",0.285065017661501,0.43553942361131,"all_pre_hcc",TRUE,TRUE,FALSE
474,"hexadecanedioate (C16-DC)","QQHJDPROMQRDLA-UHFFFAOYSA-N","HMDB0000672","C19615","True","True",0.591965564684876,0.27482397772766,"True",0.627757291164315,0.0658145945749465,"True",0.59157894730737,0.30993238117791,"True",0.627053319675039,0.0697173981483874,"all_pre_hcc",TRUE,TRUE,FALSE
475,"octadecanedioate (C18-DC)","BNJOQKFENDDGSC-UHFFFAOYSA-N","HMDB0000782","","True","True",0.514241608970632,0.384574570368991,"True",0.543488854896066,0.15776747459103,"True",0.506690733755388,0.393238116684682,"False",NA,NA,"all_pre_hcc",FALSE,FALSE,FALSE
476,"undecanedioate (C11-DC)","LWBHHRRTOZQPDM-UHFFFAOYSA-N","HMDB0000888","","False","True",0.00325414933848177,0.998692291231007,"True",0.0289794491589401,0.959545969822303,"True",0.0021815644042436,0.999057244523309,"False",NA,NA,"all_pre_hcc",FALSE,FALSE,FALSE
477,"1-myristoylglycerol (14:0)","DCBSHORRWZKAKO-UHFFFAOYSA-N","HMDB0011561","C01885","True","True",0.113082430878719,0.888814350796284,"True",0.134044599011417,0.837016263734355,"False",NA,NA,"False",NA,NA,"all_pre_hcc",FALSE,FALSE,FALSE
478,"glycerophosphoethanolamine","JZNWSCPGTDBMEW-UHFFFAOYSA-N","HMDB0000114","C01233","True","True",-0.111846274175309,0.739628613096369,"True",-0.092548924605428,0.564865866526092,"True",-0.114264393935755,0.70448598911591,"True",-0.0943603495095272,0.575591163794169,"all_pre_hcc",TRUE,TRUE,FALSE
479,"glycerophosphoinositol*","BMVUIWJCUQSHLZ-GFSNQTMESA-N","","","True","True",-0.0619910909704035,0.956996085093967,"True",-0.0708104019930277,0.930820866912398,"False",NA,NA,"True",-0.0697948739996059,0.928275155430289,"all_pre_hcc",FALSE,FALSE,FALSE
480,"3-(2-hydroxyphenyl)propionate","CJBDUOMQLFKVQC-UHFFFAOYSA-N","HMDB0033752","C01198","False","True",0.107991722372361,0.888814350796284,"True",0.115309919927793,0.822032781407359,"False",NA,NA,"False",NA,NA,"all_pre_hcc",FALSE,FALSE,FALSE
481,"3-(3-hydroxyphenyl)propionate","QVWAEZJXDYOKEH-UHFFFAOYSA-N","HMDB0000375","C11457","False","True",0.149851421622164,0.935148523033745,"True",0.167839064674499,0.902697366097304,"True",0.141406689709737,0.928164349444469,"True",0.15796675791616,0.900543162878008,"all_pre_hcc",TRUE,TRUE,FALSE
482,"ectoine","WQXNXVUDBPYKBA-YFKPBYRVSA-N","HMDB0240650","C06231","True","True",-0.552939189583214,0.412422341833483,"True",-0.534350268994502,0.358847301852901,"True",-0.553141971658551,0.393238116684682,"False",NA,NA,"all_pre_hcc",FALSE,FALSE,FALSE
483,"1-arachidonoyl-GPI (20:4)*","LXUGKKVCSTYZFK-OSKOXSHBSA-N","HMDB0061690","","True","True",-0.140965609663297,0.833480295955114,"True",-0.120605149528407,0.789698882328843,"True",-0.143306672060548,0.790513626985129,"True",-0.1203235156415,0.757820314146949,"all_pre_hcc",TRUE,TRUE,FALSE
484,"1-palmitoyl-GPI (16:0)","UOXRPRZMAROFPH-AQFLIPHUSA-N","HMDB0061695","","True","True",-0.0503480453691186,0.949711921389194,"True",-0.0316403037224864,0.955600038775922,"True",-0.0492833129494633,0.931042512971201,"True",-0.0278172603159013,0.941406964088266,"all_pre_hcc",TRUE,TRUE,FALSE
485,"glycolithocholate sulfate*","FHXBAFXQVZOILS-OETIFKLTSA-N","HMDB0002639","C11301","True","True",-0.0400436009391881,0.976891220634315,"True",-0.037384163112202,0.972330188034827,"True",-0.0818250964986361,0.943307515283777,"True",-0.072588103689723,0.941406964088266,"all_pre_hcc",TRUE,TRUE,FALSE
486,"taurolithocholate 3-sulfate","HSNPMXROZIQAQD-VUIPEFFGSA-N","HMDB0002580","C03642","True","True",0.915148343241027,0.372592375199139,"True",0.91467290418228,0.269050197057624,"True",0.878050673984204,0.421505708550154,"True",0.878740794084201,0.367722702306382,"all_pre_hcc",TRUE,TRUE,FALSE
487,"deoxycarnitine","JHPNVNIEXXLNTR-UHFFFAOYSA-N","HMDB0001161","C01181","True","True",0.0323485253920414,0.92631812083019,"True",0.0637299320955979,0.772072037828019,"True",0.0323536333839203,0.928164349444469,"True",0.0603593582791266,0.803930608448969,"all_pre_hcc",TRUE,TRUE,FALSE
488,"N6-succinyladenosine","VKGZCEJTCKHMRL-UHFFFAOYSA-N","HMDB0000912","","True","True",0.0443162260852828,0.956657101078756,"True",0.0773700526434227,0.898260751241225,"True",0.0448693204105705,0.942558123821894,"True",0.0798948127161219,0.872222870759049,"all_pre_hcc",TRUE,TRUE,FALSE
489,"1-ribosyl-imidazoleacetate*","AHPWEWASPTZMEK-UHFFFAOYSA-N","HMDB0002331","C05131","True","True",-0.257387653570731,0.577582044091353,"True",-0.230970595918699,0.509382464587148,"True",-0.26148991200098,0.5732109995699,"True",-0.233026300736544,0.477893549600737,"all_pre_hcc",TRUE,TRUE,FALSE
490,"alpha-hydroxycaproate","NYHNVHGFPZAZGA-UHFFFAOYSA-N","HMDB0001624","","True","True",-0.0177663337663632,0.994566962192978,"True",-0.0303269052454673,0.9694824715972,"False",NA,NA,"False",NA,NA,"all_pre_hcc",FALSE,FALSE,FALSE
491,"3,4-dihydroxybutyrate","DZAIOXUZHHTJKN-UHFFFAOYSA-N","HMDB0000337","","True","True",-0.154967073085591,0.870772528918234,"True",-0.12958381599355,0.885558888910192,"True",-0.152931556012547,0.863219602649909,"True",-0.128442718266053,0.85836681538369,"all_pre_hcc",TRUE,TRUE,FALSE
492,"indoleacetylglutamine","DVJIJAYHBZALOJ-UHFFFAOYSA-N","HMDB0013240","","True","True",-0.528603392388715,0.592654476277519,"True",-0.523570378261749,0.529931088226069,"True",-0.535922783735409,0.567207979465294,"True",-0.530172989326258,0.47300683515466,"all_pre_hcc",TRUE,TRUE,FALSE
493,"hexanoylglutamine","NONGMLDQXRDGIT-UHFFFAOYSA-N","","","True","True",-0.211016124152481,0.81308535519298,"True",-0.19188841647144,0.790068072118399,"True",-0.211987216230652,0.819993616213117,"True",-0.192220579772954,0.790632207378959,"all_pre_hcc",TRUE,TRUE,FALSE
494,"N6-acetyllysine","DTERQYGMUDWYAZ-ZETCQYMHSA-N","HMDB0000206","C02727","True","True",-0.0138206002195035,0.980736163199252,"True",0.013449612736868,0.959141406118784,"True",-0.0137551523149901,0.983107593731939,"True",0.0134289383114312,0.951091617030689,"all_pre_hcc",FALSE,TRUE,FALSE
495,"dihomo-linolenate (20:3n3 or n6)","AHANXAKGNAKFSK-PDBXOOCHSA-N","HMDB0002925","C03242","True","True",0.0457305821631387,0.935591154518678,"True",0.0728942747777705,0.833059115513004,"True",0.0456591755057833,0.931042512971201,"False",NA,NA,"all_pre_hcc",FALSE,FALSE,FALSE
496,"mannitol/sorbitol","FBPFZTCFMRRESA-UHFFFAOYSA-N","HMDB0000247,HMDB0000765","C00392,C00794","True","True",0.272329205615568,0.712140637573413,"True",0.29367128951009,0.621884677626415,"True",0.277220886796475,0.743115424840978,"True",0.300895699709638,0.653648604364145,"all_pre_hcc",TRUE,TRUE,FALSE
497,"tryptophan betaine","AOHCBEAZXHZMOR-ZDUSSCGKSA-N","HMDB0061115","C09213","True","True",-0.0885308423439716,0.935148523033745,"True",-0.0720006054080725,0.942945793360402,"True",-0.0858706754241383,0.928164349444469,"True",-0.0618479443884093,0.939773536665308,"all_pre_hcc",TRUE,TRUE,FALSE
498,"4-vinylphenol sulfate","IETVQHUKTKKBFF-UHFFFAOYSA-N","HMDB0062775","C05627","True","True",-0.358101838186149,0.770549350424162,"True",-0.321683881318816,0.772072037828019,"True",-0.351672231554251,0.722826050329648,"False",NA,NA,"all_pre_hcc",FALSE,FALSE,FALSE
499,"4-ethylphenylsulfate","DWZGLEPNCRFCEP-UHFFFAOYSA-N","HMDB0062551","C13637","True","True",-0.356836639390957,0.683869185037769,"True",-0.331053165760361,0.631691572460698,"True",-0.357240067969081,0.713624702815325,"False",NA,NA,"all_pre_hcc",FALSE,FALSE,FALSE
500,"thymol sulfate","NODSEPOUFZPJEQ-UHFFFAOYSA-N","HMDB0062720","C09908","True","True",0.0682717119846557,0.9628944370118,"True",0.077892164412859,0.95255116396374,"True",0.0767843782828903,0.955746185000366,"True",0.0969678431612118,0.936791393451008,"all_pre_hcc",TRUE,TRUE,FALSE
501,"3-methyladipate","SYEOWUNSTUDKGM-UHFFFAOYSA-N","HMDB0000555","","False","True",-0.376820704772809,0.639848586285137,"True",-0.425007052426949,0.493120712034311,"False",NA,NA,"False",NA,NA,"all_pre_hcc",FALSE,FALSE,FALSE
502,"pyrraline","VTYFITADLSVOAS-UHFFFAOYSA-N","HMDB0033143","C21013","False","True",0.524447070767257,0.527308817793279,"True",0.534555897798561,0.399780151492491,"False",NA,NA,"False",NA,NA,"all_pre_hcc",FALSE,FALSE,FALSE
503,"N6-carboxymethyllysine","NUXSIDPKKIEIMI-UHFFFAOYSA-N","HMDB0240347","","False","True",-0.405538290715544,0.752929748163963,"True",-0.380150826525383,0.703460432790865,"True",-0.401638340341183,0.751125568912067,"False",NA,NA,"all_pre_hcc",FALSE,FALSE,FALSE
504,"1-oleoyl-GPI (18:1)","UGDOFRYHDCDVHD-JCASDCETSA-N","HMDB0061693","","True","True",-0.00356407401071317,0.998692291231007,"True",0.00129228112975291,0.998643396938564,"True",0.0048411312707928,0.996206386364545,"True",0.0137900494503395,0.966994906376723,"all_pre_hcc",FALSE,TRUE,FALSE
505,"1-linoleoyl-GPI (18:2)*","SAHCQBPGXQFTRA-WNOZMNFTSA-N","HMDB0240597","","True","True",-0.0440325661504394,0.948622953615855,"True",-0.0234701738838035,0.955697462584365,"True",-0.0443947561961396,0.931042512971201,"True",-0.0214270059760584,0.945519810089215,"all_pre_hcc",TRUE,TRUE,FALSE
506,"desmethylnaproxen","XWJUDDGELKXYNO-QMMMGPOBSA-N","HMDB0013989","","False","True",-0.0428593450000456,0.566222841194563,"True",-0.0422665722947273,0.529931088226069,"False",NA,NA,"False",NA,NA,"all_pre_hcc",FALSE,FALSE,FALSE
507,"desmethylnaproxen sulfate","BNKMSCMOWGCUOF-QMMMGPOBSA-N","","","False","True",-0.0309613357243256,0.900403575208525,"True",-0.0181843480033966,0.949003326399326,"False",NA,NA,"False",NA,NA,"all_pre_hcc",FALSE,FALSE,FALSE
508,"sucralose","BAQAVOSOZGMPRM-DYDPOALMSA-N","HMDB0031554","C12285","False","True",0.317241934226674,0.826717056249713,"True",0.388929619097737,0.762594003278655,"False",NA,NA,"False",NA,NA,"all_pre_hcc",FALSE,FALSE,FALSE
509,"2-hydroxyacetaminophen sulfate*","HRLQZTOIKWEZBN-UHFFFAOYSA-N","HMDB0062547","","False","True",0.292058573029162,0.900403575208525,"True",0.252567085905025,0.898260751241225,"True",0.290021869990101,0.889247170241821,"True",0.250478754854025,0.886716523682284,"all_pre_hcc",TRUE,TRUE,FALSE
510,"2-methoxyacetaminophen sulfate*","NZKKXAGORRATJB-UHFFFAOYSA-N","HMDB0062550","","False","True",0.0334545626624763,0.987988110422872,"True",-0.00291862789124095,0.998643396938564,"True",0.0327437487797204,0.988904346692553,"True",-0.0042259878499057,0.995276225308613,"all_pre_hcc",FALSE,TRUE,FALSE
511,"2-methoxyacetaminophen glucuronide*","GDCCQRYSPGZVPX-UHFFFAOYSA-N","HMDB0240215","","False","True",0.0160346626494194,0.998692291231007,"True",-0.00134085013719223,0.998643396938564,"True",0.0147174014380032,0.996206386364545,"True",-0.0038994634114486,0.995276225308613,"all_pre_hcc",FALSE,TRUE,FALSE
512,"3-(cystein-S-yl)acetaminophen*","LLHICPSCVFRWDT-UHFFFAOYSA-N","HMDB0240217","","False","True",-0.337250239342013,0.712408135286095,"True",-0.375419060606254,0.626051992121949,"True",-0.335612504798917,0.765347299209872,"True",-0.373708808437532,0.699715365731864,"all_pre_hcc",TRUE,TRUE,FALSE
513,"methylphosphate","CAAULPUQFIIOTL-UHFFFAOYSA-N","HMDB61711","","True","True",-0.0106310810188024,0.986076004359537,"True",0.0167478745038022,0.957472192158647,"True",-0.0100422937440554,0.988174319821498,"True",0.0167821878022012,0.950960049537534,"all_pre_hcc",FALSE,TRUE,FALSE
514,"o-cresol sulfate","CYGSXDXRHXMAOV-UHFFFAOYSA-N","HMDB0011635","","True","True",-0.270123202755397,0.824386803959239,"True",-0.281899748556336,0.790068072118399,"True",-0.273417447853562,0.840120309178528,"True",-0.284388777506977,0.792658360858766,"all_pre_hcc",TRUE,TRUE,FALSE
515,"2-ethylphenylsulfate","TXENPQZYQPWRAV-UHFFFAOYSA-N","","","False","True",-0.465638006905793,0.568832311031636,"True",-0.484557186146315,0.521155569440383,"True",-0.468327517279499,0.660663556507838,"True",-0.485987525233158,0.594852092860176,"all_pre_hcc",TRUE,TRUE,FALSE
516,"dimethylarginine (SDMA + ADMA)","YDGMGEXADBMOMJ-LURJTMIESA-N","HMDB0003334,HMDB0001539","C21189,C03626","True","True",0.0528068442697231,0.866118683573015,"True",0.07861150543426,0.73387995922184,"True",0.05214401218397,0.865103532503342,"True",0.0788628720056745,0.717608292638154,"all_pre_hcc",TRUE,TRUE,FALSE
517,"gamma-glutamylalanine","WQXXXVRAFAKQJM-WHFBIAKZSA-N","HMDB0029142","C03738","True","True",0.00359479973917626,0.998692291231007,"True",0.0311575216791278,0.955697462584365,"True",0.0006970595854604,0.999303337008034,"True",0.029902564987883,0.94809903617783,"all_pre_hcc",TRUE,TRUE,FALSE
518,"N-acetylserine","JJIHLJJYMXLCOY-BYPYZUCNSA-N","HMDB0002931","","True","True",-0.0879615545544486,0.765732313518937,"True",-0.0612888749133389,0.858999726293255,"True",-0.0877863519198133,0.773146867653683,"True",-0.0611940466268925,0.827078035968486,"all_pre_hcc",TRUE,TRUE,FALSE
519,"1-stearoyl-2-oleoyl-GPE (18:0/18:1)","JQKOHRZNEOQNJE-AYBNWLFXSA-N","HMDB0008993","","True","True",0.257633643580632,0.657263457412792,"True",0.258570515303484,0.460038868844046,"True",0.262999251256256,0.606978969847288,"True",0.278114383022988,0.428066308060076,"all_pre_hcc",TRUE,TRUE,FALSE
520,"chiro-inositol","CDAISMWEOUEBRE-LKPKBOIGSA-N","HMDB0240209","C19891","False","True",0.77637764771981,0.551133132243807,"True",0.797670647792119,0.4919956607344,"False",NA,NA,"True",0.798756025913614,0.43553942361131,"all_pre_hcc",FALSE,FALSE,FALSE
521,"4-allylphenol sulfate","KFDHKOFCRYUXLA-UHFFFAOYSA-N","","","True","True",0.250520316963684,0.797071790675955,"True",0.277174553417666,0.707020089709522,"True",0.252929760903055,0.790513626985129,"True",0.279165857076378,0.712957099914317,"all_pre_hcc",TRUE,TRUE,FALSE
522,"1-stearoyl-2-arachidonoyl-GPC (18:0/20:4)","PSVRFUPOQYJOOZ-QNPWAGBNSA-N","HMDB0008048","","True","True",-0.145119699028174,0.567854973785396,"True",-0.11896635464094,0.564791950698641,"True",-0.145399720377916,0.530500104454036,"True",-0.118605394552449,0.578671162905776,"all_pre_hcc",TRUE,TRUE,FALSE
523,"1-palmitoyl-2-linoleoyl-GPE (16:0/18:2)","HBZNVZIRJWODIB-NHCUFCNUSA-N","HMDB0005322","","True","True",0.148689543876311,0.712140637573413,"True",0.167619950260803,0.567514713034764,"True",0.150815455280536,0.743115424840978,"True",0.173741977654022,0.577923097258578,"all_pre_hcc",TRUE,TRUE,FALSE
524,"1-stearoyl-2-arachidonoyl-GPS (18:0/20:4)","SVOUGFFDROZBJI-DNALCEECSA-N","HMDB0012383","","False","True",0.0504248339559481,0.935591154518678,"True",0.039970709332079,0.949217095654759,"True",0.0501385042806384,0.936178902081398,"True",0.0398021448339869,0.941406964088266,"all_pre_hcc",TRUE,TRUE,FALSE
525,"sphinganine-1-phosphate","YHEDRJPUIRMZMP-UHFFFAOYSA-N","HMDB0001383","","True","True",-0.153748972497167,0.761769676770543,"True",-0.118739259422051,0.722559486852745,"True",-0.151719125994693,0.759556482143435,"False",NA,NA,"all_pre_hcc",FALSE,FALSE,FALSE
526,"glycosyl-N-nervonoyl-sphingosine (d18:1/24:1)*","WBOZIXHPUPAOIA-YEWIENRVSA-N","HMDB0004975,HMDB0010712","","True","True",-0.501993951287378,0.577582044091353,"True",-0.404674085804323,0.563541368345625,"False",NA,NA,"False",NA,NA,"all_pre_hcc",FALSE,FALSE,FALSE
527,"glycosyl-N-stearoyl-sphingosine (d18:1/18:0)","YMYQEDCYNANIPI-OQRGLTFYSA-N","","","True","True",-0.294738992401661,0.406379855998289,"True",-0.271701187715339,0.177546306894775,"True",-0.291858555739958,0.400660332160945,"True",-0.270110826318845,0.323279670007165,"all_pre_hcc",TRUE,TRUE,FALSE
528,"cyclo(leu-pro)","SZJNCZMRZAUNQT-IUCAKERBSA-N","HMDB0034276","","True","True",-0.0841076825534694,0.90554580063907,"True",-0.0716563680451404,0.887218104318605,"True",-0.0863572151822733,0.898672361155325,"True",-0.0735520700195751,0.893286201884168,"all_pre_hcc",TRUE,TRUE,FALSE
529,"succinylcarnitine (C4-DC)","HAEVNYBCYZZDFL-UHFFFAOYSA-N","HMDB0061717","","True","True",-0.00699441199486659,0.994566962192978,"True",0.0221525057544864,0.955697462584365,"True",-0.0078226597368784,0.993902794800286,"True",0.0224241306467275,0.94190390479739,"all_pre_hcc",FALSE,TRUE,FALSE
530,"bilirubin (E,E)*","BPYKTIZUTYGOLE-VVCLLGATSA-N","HMDB0240584","","True","True",-0.0627423513459887,0.92631812083019,"True",-0.0369473897655848,0.954749033374311,"True",-0.0633860154938736,0.917715044926807,"True",-0.0368291429461537,0.94190390479739,"all_pre_hcc",TRUE,TRUE,FALSE
531,"bilirubin (E,Z or Z,E)*","BPYKTIZUTYGOLE-BMNRKXRESA-N","HMDB0000488","C00486","True","True",0.080902048386438,0.870772528918234,"True",0.105469121892644,0.737613094505087,"True",0.0811083884029785,0.866831664609449,"True",0.106513096281295,0.790632207378959,"all_pre_hcc",TRUE,TRUE,FALSE
532,"N-methylproline","CWLQUGTUXBXTLF-UHFFFAOYSA-N","HMDB0094696","","True","True",0.40024975267638,0.678231907275625,"True",0.423130858078722,0.61284531857284,"False",NA,NA,"False",NA,NA,"all_pre_hcc",FALSE,FALSE,FALSE
533,"beta-cryptoxanthin","DMASLKHVQRHNES-QQGJMDNJSA-N","HMDB0033844","C08591","True","True",0.16517684179301,0.888814350796284,"True",0.169459550944082,0.837016263734355,"True",0.162784531202616,0.865267968492573,"True",0.166235948418617,0.814622363708715,"all_pre_hcc",TRUE,TRUE,FALSE
534,"5alpha-androstan-3beta,17beta-diol disulfate","JHFAETDERBWUOO-ARKAXQQOSA-N","HMDB00493","C12525","True","True",-0.969947946964848,0.463421672732727,"True",-0.910554052381117,0.424214385255458,"True",-0.969726989057924,0.436668126479199,"True",-0.910482796978988,0.416733224180972,"all_pre_hcc",TRUE,TRUE,FALSE
535,"5alpha-pregnan-3beta,20alpha-diol disulfate","LSQGWMYMIHQKSA-VNCHAANSSA-N","HMDB0094650","","True","True",-0.378870741212414,0.547415269913785,"True",-0.349343795228113,0.466372661244134,"True",-0.372687120382604,0.59557991963789,"True",-0.345487323412908,0.53889109005607,"all_pre_hcc",TRUE,TRUE,FALSE
536,"glycocholenate sulfate*","HCXZDHWUVRQLGC-UHFFFAOYSA-N","","","True","True",-0.104635181664784,0.860497016209684,"True",-0.083660041444913,0.826446916923707,"True",-0.105145597694526,0.863005769630277,"True",-0.0807758601966433,0.843515002121991,"all_pre_hcc",TRUE,TRUE,FALSE
537,"taurocholenate sulfate*","OEDITLKCLMKBOM-UHFFFAOYSA-N","","","True","True",0.840652627380629,0.115192760913591,"True",0.865791754081533,0.0258165628776242,"True",0.840384818182164,0.0957294429113061,"True",0.866488621972587,0.0270358502947054,"all_pre_hcc",TRUE,TRUE,FALSE
538,"androstenediol (3beta,17beta) disulfate (1)","UWPTUYJASNIIJM-QJIZPQHZSA-N","HMDB0240313","C04295","True","True",-0.649921703413639,0.54604944813447,"True",-0.622780868772894,0.474557305983987,"True",-0.657043746753382,0.501611137045321,"True",-0.629151029362639,0.43553942361131,"all_pre_hcc",TRUE,TRUE,FALSE
539,"pregnenediol disulfate (C21H34O8S2)*","RKYCGXFEFAPXIP-BWUXAKENSA-N","","","True","True",-0.0739941363115341,0.935591154518678,"True",-0.0481278732370887,0.953727848874,"True",-0.0727881195377999,0.928164349444469,"True",-0.0455264198553796,0.941406964088266,"all_pre_hcc",TRUE,TRUE,FALSE
540,"androstenediol (3beta,17beta) disulfate (2)","UWPTUYJASNIIJM-QJIZPQHZSA-N","HMDB0240313","","True","True",-0.118093846476066,0.888814350796284,"True",-0.0850843215691998,0.902697366097304,"True",-0.117590816754146,0.880986572725634,"True",-0.09004351314871,0.884386779839606,"all_pre_hcc",TRUE,TRUE,FALSE
541,"21-hydroxypregnenolone disulfate","CBOVWLYQUCVTFA-WGKOQXAXSA-N","","","True","True",-0.122710794311846,0.888814350796284,"True",-0.0839268254316458,0.898260751241225,"True",-0.120946460671597,0.866831664609449,"True",-0.0870271830737995,0.874801219596927,"all_pre_hcc",TRUE,TRUE,FALSE
542,"21-hydroxypregnenolone monosulfate (2)","DFSPOIZXVIWHFO-WGKOQXAXSA-N","","","False","True",0.27834112389699,0.749297391084043,"True",0.28027353703589,0.74266864096716,"True",0.276872809975808,0.722826050329648,"True",0.278296247865172,0.730676179314145,"all_pre_hcc",TRUE,TRUE,FALSE
543,"5alpha-androstan-3alpha,17alpha-diol disulfate","JHFAETDERBWUOO-SKIFDASYSA-N","","","False","True",0.0970688471480612,0.900403575208525,"True",0.110698513466896,0.861904588783398,"True",0.0924493339001072,0.911010602795729,"True",0.103208570253697,0.874801219596927,"all_pre_hcc",TRUE,TRUE,FALSE
544,"5alpha-pregnan-3beta,20beta-diol monosulfate (1)","NOGKXXMAHGCQBS-VNCHAANSSA-N","HMDB0240580","","False","True",-0.306743308833777,0.722532697859701,"True",-0.311115253658636,0.689447442242083,"True",-0.296339028034859,0.762602135361161,"True",-0.302221044870103,0.725355527874707,"all_pre_hcc",TRUE,TRUE,FALSE
545,"5alpha-pregnan-3beta,20alpha-diol monosulfate (2)","ZIVKBPVUJZDVBI-MHACIFFSSA-N","","","False","True",-0.617401145462085,0.512575300864899,"True",-0.652693248080951,0.385170756240108,"True",-0.614343476816157,0.436668126479199,"True",-0.651757100110114,0.327935474979135,"all_pre_hcc",TRUE,TRUE,FALSE
546,"5alpha-pregnan-diol disulfate","LSQGWMYMIHQKSA-UHFFFAOYSA-N","HMDB0240581,HMDB0240582","","False","True",-0.75565444771191,0.232731370821022,"True",-0.726502484107973,0.177546306894775,"True",-0.746888270306334,0.372400143140757,"True",-0.714856124339008,0.28352827789404,"all_pre_hcc",TRUE,TRUE,FALSE
547,"5alpha-androstan-3alpha,17beta-diol disulfate","JHFAETDERBWUOO-ILBJSTGGSA-N","HMDB0094682","","False","True",0.0870414461249661,0.956657101078756,"True",0.171602274471595,0.900384510823308,"True",0.085245313847237,0.954479580826322,"True",0.169285139322294,0.889552499925778,"all_pre_hcc",TRUE,TRUE,FALSE
548,"5alpha-androstan-3alpha,17beta-diol monosulfate (1)","LERFMBCTNMFXCT-ILBJSTGGSA-N","","","False","True",-0.955261080512046,0.0575642640377333,"True",-0.953495921456724,0.0258165628776242,"True",-0.956335711588495,0.188889164299435,"True",-0.957369689121938,0.124311091068671,"all_pre_hcc",TRUE,TRUE,FALSE
549,"5alpha-androstan-3beta,17alpha-diol disulfate","JHFAETDERBWUOO-ILSMVHKQSA-N","HMDB0094682","","False","True",-0.739520800548116,0.291805016299868,"True",-0.683910152141222,0.311823072533581,"True",-0.728362386886157,0.393238116684682,"True",-0.676417911113143,0.347604169512544,"all_pre_hcc",TRUE,TRUE,FALSE
550,"androstenediol (3alpha, 17alpha) monosulfate (2)","VPDALJSLCNNODJ-BVKUPEMCSA-N","","","True","True",0.069873155255463,0.928795961973196,"True",0.121168457642008,0.820059431327544,"True",0.0736547242424491,0.91424000177087,"True",0.122498360523289,0.820605936240007,"all_pre_hcc",TRUE,TRUE,FALSE
551,"androstenediol (3alpha, 17alpha) monosulfate (3)","VPDALJSLCNNODJ-IUIQAQCZSA-N","","","False","True",-0.85829465938698,0.459902921512455,"True",-0.776476534452466,0.429760939766166,"True",-0.856768284328995,0.439483557561038,"True",-0.774899260944863,0.428066308060076,"all_pre_hcc",TRUE,TRUE,FALSE
552,"androstenediol (3beta,17beta) monosulfate (1)","VPDALJSLCNNODJ-QJIZPQHZSA-N","HMDB0240429","","True","True",-0.690487224413433,0.512575300864899,"True",-0.667392913290693,0.431292355064545,"True",-0.697196504662201,0.489103676297053,"True",-0.677608238027384,0.428066308060076,"all_pre_hcc",TRUE,TRUE,FALSE
553,"androstenediol (3beta,17beta) monosulfate (2)","KMTOEENORMWLCF-QJIZPQHZSA-N","HMDB0240429,HMDB0186954","","True","True",-0.4317068715695,0.651931228615893,"True",-0.409519449407256,0.605109895055706,"True",-0.431507135355907,0.662010352672424,"True",-0.411944854201791,0.602940954340212,"all_pre_hcc",TRUE,TRUE,FALSE
554,"4-hydroxycoumarin","VXIXUWQIVKSKSA-UHFFFAOYSA-N","","C20414","False","True",-0.261670849669593,0.851769361858979,"True",-0.111618371918591,0.912392881677493,"False",NA,NA,"False",NA,NA,"all_pre_hcc",FALSE,FALSE,FALSE
555,"pregnenediol sulfate (C21H34O5S)*","MENQCIVHHONJLU-UHFFFAOYSA-N","HMDB0000774","C18044","True","True",0.00521627212811776,0.998692291231007,"True",0.0347855482911749,0.957297628014684,"True",0.0075202572217558,0.996206386364545,"True",0.0346298604815447,0.945895131056067,"all_pre_hcc",TRUE,TRUE,FALSE
556,"2-hydroxyglutarate","HWXBTNAVRSUOJR-UHFFFAOYSA-N","HMDB0059655","C02630","True","True",-0.57396703361665,0.317736490904179,"True",-0.54091456489998,0.162281600569874,"True",-0.579525100030724,0.35466424322012,"True",-0.545600438027345,0.166744296564945,"all_pre_hcc",TRUE,TRUE,FALSE
557,"gamma-CEHC","VMJQLPNCUPGMNQ-UHFFFAOYSA-N","HMDB0001931","","True","True",-0.244163195714198,0.694731931697075,"True",-0.228009409814571,0.670290979617202,"True",-0.244187978114805,0.704457801164247,"True",-0.227818699946732,0.687348387775118,"all_pre_hcc",TRUE,TRUE,FALSE
558,"N-acetyl-beta-alanine","LJLLAWRMBZNPMO-UHFFFAOYSA-N","HMDB0061880","C01073","True","True",0.021202203407682,0.969856436487324,"True",0.0460098261614435,0.863364404960151,"True",0.0223094592617007,0.967911962639075,"True",0.0462901421762003,0.858306369061108,"all_pre_hcc",TRUE,TRUE,FALSE
559,"5-methylthioribose**","OLVVOVIFTBSBBH-UHFFFAOYSA-N","HMDB0001087","","True","True",-0.454830724848511,0.27482397772766,"True",-0.431891954773528,0.162281600569874,"False",NA,NA,"False",NA,NA,"all_pre_hcc",FALSE,FALSE,FALSE
560,"sphingomyelin (d18:1/18:1, d18:2/18:0)","NBEADXWAAWCCDG-QDDWGVBQSA-N","HMDB0012101","","True","True",-0.262765112191272,0.463421672732727,"True",-0.236799834453799,0.267469470477457,"True",-0.262833308287277,0.401842797102404,"True",-0.236079030352877,0.338713709419726,"all_pre_hcc",TRUE,TRUE,FALSE
561,"palmitoyl sphingomyelin (d18:1/16:0)","RWKUXQNLWDTSLO-GWQJGLRPSA-N","HMDB0010169","","True","True",-0.0975258601834667,0.773139773692326,"True",-0.0718644603845822,0.568269169496133,"True",-0.0976313486913811,0.751342822582631,"True",-0.0715437123504781,0.590341487999593,"all_pre_hcc",TRUE,TRUE,FALSE
562,"cysteine sulfinic acid","ADVPTQAUNPRNPO-UHFFFAOYSA-N","HMDB0000996","C00606","True","True",-0.362075250783613,0.372592375199139,"True",-0.336822395795044,0.347504897360283,"True",-0.363490042403255,0.35466424322012,"True",-0.336743345402348,0.28352827789404,"all_pre_hcc",TRUE,TRUE,FALSE
563,"3-hydroxyhippurate","XDOFWFNMYJRHEW-UHFFFAOYSA-N","HMDB0006116","","True","True",-0.665335010576303,0.660207058592021,"True",-0.582250667991598,0.66467486483631,"True",-0.668544756826173,0.660663556507838,"True",-0.585524584993619,0.647164639915439,"all_pre_hcc",TRUE,TRUE,FALSE
564,"16alpha-hydroxy DHEA 3-sulfate","ALBNSVAJDFJRKQ-UAFBDMIJSA-N","HMDB0062544","","True","True",0.404302197313409,0.590967011838117,"True",0.434472521848904,0.460038868844046,"True",0.397360807293731,0.592616392626392,"True",0.424660961048316,0.452159567860379,"all_pre_hcc",TRUE,TRUE,FALSE
565,"17alpha-hydroxypregnenolone 3-sulfate","OMOKWYAQVYBHMG-QUPIPBJSSA-N","HMDB00416","","False","True",0.280174893838746,0.770549350424162,"True",0.307988640159861,0.703460432790865,"True",0.286486581280607,0.754792545427083,"True",0.311475615778969,0.668739138203127,"all_pre_hcc",TRUE,TRUE,FALSE
566,"pregnenolone sulfate","DIJBBUIOWGGQOP-QGVNFLHTSA-N","HMDB0000774","C18044","True","True",0.250538672897367,0.712140637573413,"True",0.288188566435748,0.604197764396299,"True",0.256299150775249,0.710638458789538,"True",0.29029781784376,0.575591163794169,"all_pre_hcc",TRUE,TRUE,FALSE
567,"andro steroid monosulfate C19H28O6S (1)*","UNURIUSTYBXRLV-UHFFFAOYSA-N","HMDB0002759","","True","True",0.355300113797908,0.712140637573413,"True",0.400104840425917,0.607349833121741,"True",0.339427484248839,0.707856813070447,"True",0.381881025549142,0.586427021946209,"all_pre_hcc",TRUE,TRUE,FALSE
568,"ergothioneine","SSISHJJTAXXQAX-UHFFFAOYSA-N","HMDB0003045","C05570","True","True",-0.112787317827972,0.888814350796284,"True",-0.0826410571645378,0.888253159726528,"True",-0.112754045161815,0.866831664609449,"True",-0.0849153194204814,0.866500520813843,"all_pre_hcc",TRUE,TRUE,FALSE
569,"12-HETE","ZNHVWPKMFKADKW-VXBMJZGYSA-N","HMDB0006111","C14777","True","True",0.0481770110963328,0.964884366775661,"True",0.0949528296116727,0.905286465228808,"False",NA,NA,"False",NA,NA,"all_pre_hcc",FALSE,FALSE,FALSE
570,"S-methylmethionine","YDBYJHTYSHBBAU-UHFFFAOYSA-N","HMDB0038670","C05319","False","True",0.693445770080293,0.54604944813447,"True",0.696015858866591,0.460038868844046,"False",NA,NA,"False",NA,NA,"all_pre_hcc",FALSE,FALSE,FALSE
571,"indole-3-carboxylate","KMAKOBLIOCQGJP-UHFFFAOYSA-N","HMDB0003320","C19837","False","True",-0.391973231215523,0.566222841194563,"True",-0.41636752713451,0.460038868844046,"False",NA,NA,"False",NA,NA,"all_pre_hcc",FALSE,FALSE,FALSE
572,"13-HODE + 9-HODE","HNICUWMFWZBIFP-IRQZEAMPSA-N","HMDB0004670,HMDB0004667","C14767,C14762","True","True",0.371293265906055,0.518953495325108,"True",0.394159976373618,0.266427076521807,"False",NA,NA,"True",0.394048130125156,0.327935474979135,"all_pre_hcc",FALSE,FALSE,FALSE
573,"tridecenedioate (C13:1-DC)*","LGDMAFABHAIORE-DUXPYHPUSA-N","","","True","True",0.0824149239437612,0.90554580063907,"True",0.107086641434566,0.803122018361302,"True",0.0819443690378521,0.897789530453566,"True",0.106044749518501,0.803930608448969,"all_pre_hcc",TRUE,TRUE,FALSE
574,"N-acetyl-3-methylhistidine*","FKTXRTPBUWLETL-UHFFFAOYSA-N","HMDB0240341","","False","True",-1.12985150688859,0.151458419651791,"True",-1.0265409696525,0.096012175430408,"True",-1.13742226572811,0.117439671765261,"True",-1.03342654699992,0.0764031854506789,"all_pre_hcc",TRUE,TRUE,FALSE
575,"alpha-CEHC","AXODOWFEFKOVSH-UHFFFAOYSA-N","HMDB0001518","","False","True",-0.143546445952819,0.866118683573015,"True",-0.156830743326126,0.803122018361302,"True",-0.137925073777093,0.866831664609449,"True",-0.15412618297644,0.820605936240007,"all_pre_hcc",TRUE,TRUE,FALSE
576,"4-cholesten-3-one","NYOXRYYXRWJDKP-UHFFFAOYSA-N","HMDB0000921","C00599","True","True",-0.331817765974775,0.518953495325108,"True",-0.285474211893198,0.521155569440383,"True",-0.329662121689137,0.573971934066514,"True",-0.282697405454625,0.592958188205105,"all_pre_hcc",TRUE,TRUE,FALSE
577,"N-acetyl-cadaverine","RMOIHHAKNOFHOE-UHFFFAOYSA-N","HMDB0002284","","False","True",-0.47640552630376,0.662903340517211,"True",-0.485777522372458,0.625670904243448,"False",NA,NA,"False",NA,NA,"all_pre_hcc",FALSE,FALSE,FALSE
578,"cinnamoylglycine","YAADMLWHGMUGQL-VOTSOKGWSA-N","HMDB0011621","","False","True",-0.793468353938951,0.542825868575296,"True",-0.727104240262574,0.459229228887976,"True",-0.795483251142506,0.545423655240295,"True",-0.729572699297651,0.480985195428329,"all_pre_hcc",TRUE,TRUE,FALSE
579,"stearoyl ethanolamide","OTGQIQQTPXJQRG-UHFFFAOYSA-N","HMDB0013078","","True","True",-0.185508112196531,0.574142745721525,"True",-0.158490828641745,0.429760939766166,"True",-0.186350595038035,0.592616392626392,"True",-0.158531785264476,0.49338941589556,"all_pre_hcc",TRUE,TRUE,FALSE
580,"cis-4-decenoylcarnitine (C10:1)","OQWOHRPOYAVIOK-KTKRTIGZSA-N","HMDB0013205","","True","True",-0.408715307729437,0.463421672732727,"True",-0.366752076846288,0.250176145638692,"True",-0.411759776059493,0.409215191798141,"True",-0.374032946925347,0.240900317007957,"all_pre_hcc",TRUE,TRUE,FALSE
581,"2S,3R-dihydroxybutyrate","LOUGYXZSURQALL-GBXIJSLDSA-N","HMDB0002453","","True","True",-0.0356093131269197,0.943479808191357,"True",-0.0126715306084155,0.973359010798392,"True",-0.0356415857788879,0.9339112040191,"True",-0.0118470293746701,0.968542838837722,"all_pre_hcc",TRUE,TRUE,FALSE
582,"S-carboxymethyl-cysteine","GBFLZEXEOZUWRN-UHFFFAOYSA-N","HMDB0029415","C03727","False","True",-0.133118057419421,0.870772528918234,"True",-0.117379231776729,0.859036201744636,"False",NA,NA,"False",NA,NA,"all_pre_hcc",FALSE,FALSE,FALSE
583,"(12 or 13)-methylmyristate (a15:0 or i15:0)","ZOCYQVNGROEVLU-UHFFFAOYSA-N","HMDB0061707","","False","True",0.836647379226807,0.454228267241584,"True",0.747800034702083,0.301620242541841,"True",0.8294939627493,0.393238116684682,"False",NA,NA,"all_pre_hcc",FALSE,FALSE,FALSE
584,"(16 or 17)-methylstearate (a19:0 or i19:0)","YETXGSGCWODRAA-UHFFFAOYSA-N","HMDB0037397","","True","True",0.158951227161632,0.809425864261793,"True",0.1764194594278,0.616564586906923,"True",0.157390063936948,0.801808055092078,"False",NA,NA,"all_pre_hcc",FALSE,FALSE,FALSE
585,"2R,3R-dihydroxybutyrate","LOUGYXZSURQALL-PWNYCUMCSA-N","HMDB0000498","","True","True",-0.25811106252509,0.469245806809053,"True",-0.235854669600523,0.431292355064545,"True",-0.257148218588455,0.442051921674491,"True",-0.232342764578062,0.462715860731897,"all_pre_hcc",TRUE,TRUE,FALSE
586,"4-methylbenzenesulfonate","JOXIMZWYDAKGHI-UHFFFAOYSA-N","HMDB0059933","C06677","False","True",-0.0185918917456289,0.967079302821043,"True",0.0134872118465421,0.975675584264876,"False",NA,NA,"False",NA,NA,"all_pre_hcc",FALSE,FALSE,FALSE
587,"1-hydroxy-2-naphthalenecarboxylate","SJJCQDRGABAVBB-UHFFFAOYSA-N","","C03203","False","True",-0.0629218754941054,0.92631812083019,"True",-0.078254546557692,0.889704390051903,"True",-0.0686969349070283,0.906303954672782,"True",-0.082771001357106,0.872222870759049,"all_pre_hcc",TRUE,TRUE,FALSE
588,"alpha-ketoglutaramate*","COJBGNAUUSNXHX-UHFFFAOYSA-N","HMDB0001552","C00940","True","True",0.113193509274407,0.770549350424162,"True",0.139196614711153,0.735224252070288,"True",0.112893459556958,0.77724071408262,"True",0.139298060074012,0.729897606831143,"all_pre_hcc",TRUE,TRUE,FALSE
589,"metformin","XZWYZXLIPXDOLR-UHFFFAOYSA-N","HMDB0001921","C07151","False","True",1.2807160953746,0.542825868575296,"True",1.32159414864615,0.437959525100963,"True",1.28672381149699,0.396318600411126,"True",1.32228571661215,0.337449670444482,"all_pre_hcc",TRUE,TRUE,FALSE
590,"ibuprofen acyl glucuronide","ABOLXXZAJIAUGR-JPMMFUSZSA-N","HMDB0010343","","False","True",0.343517038051225,0.780018060683436,"True",0.341464102390164,0.768251460297055,"True",0.27495694217199,0.754792545427083,"True",0.268105335420792,0.753654570651351,"all_pre_hcc",TRUE,TRUE,FALSE
591,"2,3-dihydroxyisovalerate","JTEYKUFKXGDTEU-UHFFFAOYSA-N","HMDB0012141","C04039","True","True",-0.229271732319128,0.817218311832006,"True",-0.20021358144682,0.803122018361302,"False",NA,NA,"False",NA,NA,"all_pre_hcc",FALSE,FALSE,FALSE
592,"3-methylglutaconate","WKRBKYFIJPGYQC-DUXPYHPUSA-N","HMDB0000522","","True","True",-0.483531641880332,0.337040069341817,"True",-0.461032428212703,0.248429288771738,"True",-0.488099618005127,0.325609116281965,"True",-0.461357886683161,0.229124329003658,"all_pre_hcc",TRUE,TRUE,FALSE
593,"5-(galactosylhydroxy)-lysine","OWGKYELXGFKIHH-MYLOADSESA-N","","","True","True",-0.263815276471596,0.577582044091353,"True",-0.235497199424019,0.50732113871792,"True",-0.267656222896966,0.581653906978396,"True",-0.23940706704712,0.475159678581996,"all_pre_hcc",TRUE,TRUE,FALSE
594,"cysteinylglycine disulfide*","ZHRLECIZINSPKL-AKGZTFGVSA-N","HMDB0000709","","True","True",-0.202429317662677,0.376805791676341,"True",-0.178106954482021,0.398312338921494,"True",-0.204848153195876,0.393238116684682,"True",-0.177795089336526,0.416733224180972,"all_pre_hcc",TRUE,TRUE,FALSE
595,"isoursodeoxycholate","RUDATBOHQWOJDD-DNMBCGTGSA-N","HMDB0000686","C17662","True","True",-1.47008746598407,0.141153006235356,"True",-1.44023852664804,0.072088499055046,"True",-1.4623728038975,0.0980804127175456,"True",-1.43259277651737,0.0739749850858887,"all_pre_hcc",TRUE,TRUE,FALSE
596,"oxypurinol","HXNFUBHNUDHIGC-UHFFFAOYSA-N","HMDB0000786","D02365","False","True",-0.0633454518734204,0.818746352665719,"True",-0.0275163257783542,0.929819117283432,"True",-0.0559313579544901,0.866831664609449,"True",-0.0222014082847058,0.939773536665308,"all_pre_hcc",TRUE,TRUE,FALSE
597,"formiminoglutamate","NRXIKWMTVXPVEF-BYPYZUCNSA-N","HMDB0000854","C00439","True","True",0.0892353511624007,0.888814350796284,"True",0.11089798298482,0.777673720171554,"True",0.0888349009935633,0.866831664609449,"True",0.111424610414255,0.776721580998509,"all_pre_hcc",TRUE,TRUE,FALSE
598,"hydantoin-5-propionate","VWFWNXQAMGDPGG-UHFFFAOYSA-N","HMDB0001212","C05565","True","True",0.317283670165857,0.658521959025638,"True",0.368712827239896,0.561222116487269,"True",0.314168717977786,0.662010352672424,"True",0.366813590358183,0.575591163794169,"all_pre_hcc",TRUE,TRUE,FALSE
599,"sulfate*","QAOWNCQODCNURD-UHFFFAOYSA-N","HMDB01448","C00059","True","True",-0.220183841482994,0.51455523550463,"True",-0.184886780738966,0.096012175430408,"True",-0.217431678796029,0.451087995517401,"True",-0.182810058535109,0.116136704009134,"all_pre_hcc",TRUE,TRUE,FALSE
600,"4-hydroxyglutamate","HBDWQSHEVMSFGY-SCQFTWEKSA-N","HMDB0001344","C03079","True","True",-0.162324020319791,0.866118683573015,"True",-0.138800362244938,0.839803652668523,"True",-0.16273514106797,0.854784852052777,"True",-0.141742935831722,0.820605936240007,"all_pre_hcc",TRUE,TRUE,FALSE
601,"L-urobilin","TYOWQSLRVAUSMI-WKULSOCRSA-N","HMDB0004159","C05793","False","True",-0.244133927013452,0.877231303941292,"True",-0.210842673553293,0.871816804086433,"True",-0.245391903034316,0.865103532503342,"True",-0.2128356700978,0.850555563567306,"all_pre_hcc",TRUE,TRUE,FALSE
602,"pantoate","OTOIIPJYVQJATP-BYPYZUCNSA-N","HMDB0240389","C00522","True","True",-0.143906088619141,0.907306306881076,"True",-0.0943802158298057,0.910970510555354,"True",-0.164669093641265,0.866831664609449,"True",-0.124013532280798,0.850555563567306,"all_pre_hcc",TRUE,TRUE,FALSE
603,"sedoheptulose","HSNZZMHEPUFJNZ-SHUUEZRQSA-N","HMDB0003219","C02076","False","True",0.409216111093867,0.55797633004411,"True",0.532043512870919,0.431292355064545,"True",0.409751163352028,0.592616392626392,"True",0.531968170707087,0.43553942361131,"all_pre_hcc",TRUE,TRUE,FALSE
604,"norcotinine","FXFANIORDKRCCA-UHFFFAOYSA-N","HMDB0001297","","False","True",-0.133005580503605,0.874740180957847,"True",-0.125043372974514,0.820050112874523,"True",-0.130904213266586,0.867483017445523,"True",-0.124338769643616,0.827078035968486,"all_pre_hcc",TRUE,TRUE,FALSE
605,"hydroxycotinine","XOKCJXZZNAUIQN-IENPIDJESA-N","HMDB0001390","","False","True",-0.304034093989462,0.838791199060121,"True",-0.3213467523713,0.797012322389442,"True",-0.30429583642118,0.852221128989379,"True",-0.321391773585183,0.809177428512542,"all_pre_hcc",TRUE,TRUE,FALSE
606,"cotinine N-oxide","CIPULDKLIIVIER-VIFPVBQESA-N","HMDB0001411","","False","True",-0.0248210864294371,0.977264845702427,"True",-0.0280355853649147,0.961223896447397,"True",-0.0250352852853626,0.978498989439659,"True",-0.0286288209003848,0.951091617030689,"all_pre_hcc",TRUE,TRUE,FALSE
607,"omeprazole","SUBDBMMJDZJVOS-UHFFFAOYSA-N","HMDB0001913","C07324","False","True",-0.524976154847898,0.574142745721525,"True",-0.582314226820077,0.464780441623297,"True",-0.529097917071987,0.690634031365209,"True",-0.585714659736002,0.594852092860176,"all_pre_hcc",TRUE,TRUE,FALSE
608,"atenolol","METKIMKYRPQLGS-UHFFFAOYSA-N","HMDB0001924","D00235","False","True",0.0323207222257842,0.847523788250036,"True",0.0306757718969139,0.802404195772015,"True",0.0481345035192841,0.590859444645037,"True",0.0463810024796981,0.487460870708415,"all_pre_hcc",TRUE,TRUE,FALSE
609,"diphenhydramine","ZZVUWRFHKOJYTH-UHFFFAOYSA-N","HMDB0001927","C06960","False","True",-0.0137060441402906,0.9628944370118,"True",-0.0188710075850197,0.953404729799616,"True",-0.0078708333903208,0.988174319821498,"True",-0.0126119168787235,0.959007136786486,"all_pre_hcc",TRUE,TRUE,FALSE
610,"hydrochlorothiazide","JZUFKLXOESDKRF-UHFFFAOYSA-N","HMDB0001928","C07041","False","True",-0.0715847626123305,0.551133132243807,"True",-0.0871347579210776,0.429760939766166,"True",-0.0701210411180756,0.817865699562766,"True",-0.0861474519474501,0.768997746299996,"all_pre_hcc",TRUE,TRUE,FALSE
611,"ranitidine","VMXUWOKSQNHOCA-UKTHLTGXSA-N","HMDB0001930","D00422","False","True",0.201247210281811,0.833480295955114,"True",0.191906479348047,0.799331986234789,"True",0.24691886975825,0.660663556507838,"True",0.241902373112679,0.592958188205105,"all_pre_hcc",TRUE,TRUE,FALSE
612,"pseudoephedrine","KWGRBVOPPLSCSI-WCBMZHEXSA-N","HMDB0001943","C02765","False","True",0.00056583383286585,0.998692291231007,"True",0.000462430707672988,0.998643396938564,"True",0.0006793734696513,0.996206386364545,"False",NA,NA,"all_pre_hcc",FALSE,FALSE,FALSE
613,"S-methylcysteine","IDIDJDIHTAOVLG-VKHMYHEASA-N","HMDB0002108","","True","True",-0.114462206121246,0.866118683573015,"True",-0.0715313232790255,0.852196401630747,"True",-0.121446089267724,0.84207537292275,"True",-0.0766013460495877,0.820605936240007,"all_pre_hcc",TRUE,TRUE,FALSE
614,"androsterone glucuronide","VFUIRAVTUVCQTF-BSOWLZGZSA-N","HMDB0002829","C11135","True","True",-0.703154250336223,0.54604944813447,"True",-0.720110077228923,0.429760939766166,"True",-0.702883864906716,0.522988965881991,"True",-0.720225097948826,0.428066308060076,"all_pre_hcc",TRUE,TRUE,FALSE
615,"argininate*","BMFMQGXDDJALKQ-BYPYZUCNSA-N","HMDB0003148","","True","True",-0.180089783502563,0.668924738478841,"True",-0.15739682075742,0.631691572460698,"True",-0.18263571298983,0.662010352672424,"True",-0.158628741023901,0.618267819447589,"all_pre_hcc",TRUE,TRUE,FALSE
616,"solanidine","JVKYZPBMZPJNAJ-OQFNDJACSA-N","HMDB0003236","C06543","False","True",0.329204695067691,0.828602299852026,"True",0.335584358596018,0.789711046862443,"True",0.32317164693178,0.817865699562766,"True",0.330757676561251,0.776564011107576,"all_pre_hcc",TRUE,TRUE,FALSE
617,"2-oxoarginine*","ARBHXJXXVVHMET-UHFFFAOYSA-N","HMDB0004225","C03771","True","True",0.00112513108783575,0.998968433210889,"True",0.0338340712665644,0.942945793360402,"True",0.0078082206713618,0.994944558494696,"True",0.036556535560132,0.926861844534773,"all_pre_hcc",TRUE,TRUE,FALSE
618,"cis-4-decenoate (10:1n6)*","XKZKQTCECFWKBN-SREVYHEPSA-N","HMDB0004980","","True","True",0.141316760372251,0.866118683573015,"True",0.170320661714303,0.781712410438909,"True",0.147051082217255,0.865103532503342,"True",0.174195106348801,0.791401549412584,"all_pre_hcc",TRUE,TRUE,FALSE
619,"atorvastatin","XUKUURHRXDUEBC-KAYWLYCHSA-N","HMDB0005006","D07474,D02258,D00887","False","True",0.189349715027527,0.866118683573015,"True",0.205002961398749,0.799331986234789,"True",0.191432771588925,0.840176927248,"True",0.207151575144367,0.75639611087538,"all_pre_hcc",TRUE,TRUE,FALSE
620,"sertraline","VGKDLMBJGBXTGI-SJCJKPOMSA-N","HMDB0005010","C07246","False","True",-0.0167024196373222,0.9628944370118,"True",-0.0301268991251659,0.916100969214416,"True",-0.0153015846760047,0.970560889837061,"True",-0.028166934104791,0.938933318282376,"all_pre_hcc",TRUE,TRUE,FALSE
621,"gabapentin","UGJMXCAKCUNAIE-UHFFFAOYSA-N","HMDB0005015","D00332","False","True",0.0996871623103493,0.955099042360623,"True",0.0724872848440245,0.955697462584365,"True",0.0986671470484687,0.937877989634287,"True",0.0716040697209251,0.941406964088266,"all_pre_hcc",TRUE,TRUE,FALSE
622,"venlafaxine","PNVNVHUZROJLTJ-UHFFFAOYSA-N","HMDB0005016","C07187","False","True",-0.00414597757384881,0.712140637573413,"True",-0.00414597757384773,0.678392855374469,"False",NA,NA,"False",NA,NA,"all_pre_hcc",FALSE,FALSE,FALSE
623,"pantoprazole","IQPSEEYGBUAQFF-UHFFFAOYSA-N","HMDB0005017","C11806","False","True",0.34773653439719,0.888814350796284,"True",0.343340218054758,0.848612899662873,"True",0.347218566866028,0.866831664609449,"True",0.342442412441596,0.827078035968486,"all_pre_hcc",TRUE,TRUE,FALSE
624,"quetiapine","URKOMYMAXPYINW-UHFFFAOYSA-N","HMDB0005021","D08456,
DG00899,C07397","False","True",0.0606243980403716,0.721368477499968,"True",0.0573585966658066,0.689281347939365,"True",0.0628558985537466,0.564933932808879,"True",0.0618361607951936,0.428066308060076,"all_pre_hcc",TRUE,TRUE,FALSE
625,"ethyl glucuronide","IWJBVMJWSPZNJH-XWBUKDKVSA-N","HMDB0010325","","False","True",-0.349797539932322,0.660207058592021,"True",-0.307376283855091,0.564791950698641,"True",-0.335504997654214,0.741220441120309,"True",-0.296383054774192,0.682971363104616,"all_pre_hcc",TRUE,TRUE,FALSE
626,"1-lignoceroyl-GPC (24:0)","SKJMUADLQLZAGH-WJOKGBTCSA-N","HMDB0010405","","True","True",0.109870274710741,0.92631812083019,"True",0.0631087262536842,0.945596559140091,"True",0.112626628579837,0.906303954672782,"True",0.0694675725723692,0.912869221776242,"all_pre_hcc",TRUE,TRUE,FALSE
627,"1-(1-enyl-palmitoyl)-GPC (P-16:0)*","HTZINLFNXLXRBC-CQLBIITFSA-N","HMDB0010407","","True","True",-0.36543776210604,0.27482397772766,"True",-0.342064193515131,0.0879014916369125,"True",-0.367168090486614,0.186070258956679,"True",-0.343902751030628,0.0848929277537309,"all_pre_hcc",TRUE,TRUE,FALSE
628,"1-methyl-5-imidazoleacetate","UJCGYTCAMOHYCG-UHFFFAOYSA-N","HMDB04988","","True","True",-0.469742286909989,0.578823070717798,"True",-0.438325864878486,0.54888501479756,"True",-0.476597067787294,0.53650857631956,"True",-0.448730513549376,0.450466342649941,"all_pre_hcc",TRUE,TRUE,FALSE
629,"glycoursodeoxycholate","GHCZAUBVMUEKKP-XROMFQGDSA-N","HMDB0000708","","True","True",-0.249986021247107,0.888814350796284,"True",-0.227206972545119,0.871816804086433,"True",-0.259555235143234,0.866831664609449,"True",-0.235378101303756,0.852308473201215,"all_pre_hcc",TRUE,TRUE,FALSE
630,"tauroursodeoxycholate","BHTRKEVKTKCXOH-BWIGJTJCSA-N","HMDB0000874","","True","True",0.887856824131535,0.551133132243807,"True",0.918017031346588,0.429760939766166,"True",0.885811106023784,0.580391049145176,"True",0.919880483289833,0.452159567860379,"all_pre_hcc",TRUE,TRUE,FALSE
631,"3-(4-hydroxyphenyl)propionate","NMHMNPHRMNGLLB-UHFFFAOYSA-N","HMDB0002199","C01744","False","True",0.0634413842375052,0.956657101078756,"True",0.0399190802038612,0.957297628014684,"False",NA,NA,"True",0.050446679607722,0.945188661205263,"all_pre_hcc",FALSE,FALSE,FALSE
632,"S-methylcysteine sulfoxide","ZZLHPCSGGOGHFW-UHFFFAOYSA-N","HMDB0029432","","True","True",-0.135597644533646,0.782164390237068,"True",-0.0919781331809587,0.803122018361302,"True",-0.151473893019356,0.762602135361161,"False",NA,NA,"all_pre_hcc",FALSE,FALSE,FALSE
633,"(14 or 15)-methylpalmitate (a17:0 or i17:0)","IIUXHTGBZYEGHI-UHFFFAOYSA-N","HMDB0061859","C16995","True","True",0.4721505294368,0.393566697647221,"True",0.4949012599586,0.12875008042632,"True",0.476252590301816,0.400660332160945,"True",0.502742299390783,0.204253094674431,"all_pre_hcc",TRUE,TRUE,FALSE
634,"eicosanedioate (C20-DC)","JJOJFIHJIRWASH-UHFFFAOYSA-N","","","True","True",0.0942784864122398,0.92631812083019,"True",0.115283762961872,0.852196401630747,"True",0.0967813043670134,0.906303954672782,"True",0.119020038147599,0.82430078780398,"all_pre_hcc",TRUE,TRUE,FALSE
635,"docosadioate (C22-DC)","DGXRZJSPDXZJFG-UHFFFAOYSA-N","","C14240","True","True",-0.00429121559619535,0.998692291231007,"True",0.011261062224097,0.98241844286496,"False",NA,NA,"True",0.0081094808821636,0.98046243902715,"all_pre_hcc",FALSE,FALSE,FALSE
636,"16-hydroxypalmitate","UGAGPNKCDRTDHP-UHFFFAOYSA-N","HMDB0006294","C18218","True","True",0.379133788884664,0.344918705054419,"True",0.411703325229156,0.096012175430408,"True",0.37876883768027,0.393238116684682,"True",0.410682700276071,0.130510155858854,"all_pre_hcc",TRUE,TRUE,FALSE
637,"quinine","LOUPRKONTZGTKE-WGFDLZGGSA-N","HMDB0014611","C06526","False","True",-0.000764038200890424,0.712408135286095,"True",-0.000764038200889606,0.679369260064576,"False",NA,NA,"True",-0.0012244127828994,0.941406964088266,"all_pre_hcc",FALSE,FALSE,FALSE
638,"oleoyl-linoleoyl-glycerol (18:1/18:2) [1]","BLZVZPYMHLXLHG-RQOIEFAZSA-N","HMDB0007219","","True","True",-0.739000341521176,0.326161615925912,"True",-0.697740364675746,0.30787294673513,"True",-0.737678696784784,0.417530986800651,"True",-0.69241635852592,0.422019451347131,"all_pre_hcc",TRUE,TRUE,FALSE
639,"oleoyl-linoleoyl-glycerol (18:1/18:2) [2]","GREDRAMJRDQWEJ-LTEAFHAISA-N","HMDB0007219","","True","True",-0.836295487742052,0.277891998321127,"True",-0.849490415729861,0.21705438914741,"True",-0.836518494580554,0.379214854418671,"True",-0.846799979480892,0.266362612919746,"all_pre_hcc",TRUE,TRUE,FALSE
640,"1-(1-enyl-palmitoyl)-GPE (P-16:0)*","QYTPGOPLNFESQC-RLHAVTDZSA-N","HMDB0011152","","True","True",-0.171965208516953,0.597847126905945,"True",-0.148143813454844,0.399780151492491,"True",-0.172461003712822,0.592616392626392,"True",-0.147993882281065,0.450466342649941,"all_pre_hcc",TRUE,TRUE,FALSE
641,"1-(1-enyl-stearoyl)-GPE (P-18:0)*","KACDZDULGKPXHT-BIHRDVDLSA-N","HMDB0240598","","True","True",-0.188262723926071,0.619439990886497,"True",-0.163050969741438,0.429760939766166,"True",-0.188702239324346,0.592616392626392,"True",-0.163457526719063,0.465571024781261,"all_pre_hcc",TRUE,TRUE,FALSE
642,"doxycycline","JBIWCJUYHHGXTC-VONWRGRHSA-N","HMDB0014399","D00307","False","True",-0.00971882856803552,0.578752437867552,"True",-0.0112652142104252,0.529994206980286,"False",NA,NA,"False",NA,NA,"all_pre_hcc",FALSE,FALSE,FALSE
643,"alpha-CEHC glucuronide*","MWDYOFPRWKTECC-UHFFFAOYSA-N","HMDB0062445","","False","True",-0.311541287634256,0.660207058592021,"True",-0.374152934562535,0.538780029483297,"True",-0.308646446383226,0.690634031365209,"True",-0.375266023776826,0.575591163794169,"all_pre_hcc",TRUE,TRUE,FALSE
644,"2-oxindole-3-acetate","ILGMGHZPXRDCCS-UHFFFAOYSA-N","HMDB0035514","","False","True",-0.40693356452489,0.574142745721525,"True",-0.334711488895504,0.521155569440383,"False",NA,NA,"False",NA,NA,"all_pre_hcc",FALSE,FALSE,FALSE
645,"N-oleoyltaurine","KOGRJTUIKPMZEJ-KTKRTIGZSA-N","","","True","True",0.287517338858415,0.697007885505934,"True",0.32698894302868,0.459229228887976,"True",0.287354132670975,0.704457801164247,"True",0.327633278788544,0.452159567860379,"all_pre_hcc",TRUE,TRUE,FALSE
646,"linoleoylcarnitine (C18:2)*","MJLXQSQYKZWZCB-DQFWFXSYSA-N","HMDB0006469","","True","True",-0.175911879475684,0.687998464925414,"True",-0.142731942887143,0.564791950698641,"True",-0.175020313230808,0.70448598911591,"True",-0.144302380093105,0.538463070207696,"all_pre_hcc",TRUE,TRUE,FALSE
647,"isoleucylglycine","UCGDDTHMMVWVMV-UHFFFAOYSA-N","HMDB0028907","","True","True",0.289381352171928,0.566222841194563,"True",0.338581271789352,0.399625784618349,"True",0.288943163501314,0.619576200404864,"True",0.337225657632688,0.425690247249355,"all_pre_hcc",TRUE,TRUE,FALSE
648,"leucylalanine","HSQGMTRYSIHDAC-UHFFFAOYSA-N","HMDB0028922","","True","True",0.085678096854722,0.92631812083019,"True",0.113131848574133,0.838135846094023,"True",0.0748680844795683,0.922303474474206,"True",0.0999643893469274,0.853080431118785,"all_pre_hcc",TRUE,TRUE,FALSE
649,"leucylglycine","LESXFEZIFXFIQR-UHFFFAOYSA-N","HMDB0028929","","False","True",-0.0338659418210161,0.967857837938324,"True",0.0135352892825968,0.983790493663701,"False",NA,NA,"False",NA,NA,"all_pre_hcc",FALSE,FALSE,FALSE
650,"valylleucine","XCTHZFGSVQBHBW-UHFFFAOYSA-N","HMDB0029131","","True","True",-0.3458060395204,0.660207058592021,"True",-0.412183032250774,0.564759293067994,"True",-0.348829106586874,0.6515192099324,"True",-0.413428255945457,0.520054413002484,"all_pre_hcc",TRUE,TRUE,FALSE
651,"N-palmitoyltaurine","LPDJCYFKKSLKRO-UHFFFAOYSA-N","","","False","True",0.469158077146892,0.547415269913785,"True",0.433932756347655,0.431292355064545,"False",NA,NA,"False",NA,NA,"all_pre_hcc",FALSE,FALSE,FALSE
652,"N-stearoyltaurine","LMIJIHJZVURGQK-UHFFFAOYSA-N","","","True","True",0.261104056821583,0.660207058592021,"True",0.282477442489591,0.4247274746362,"True",0.258259624716332,0.626075471758067,"True",0.281336342148424,0.339998541208505,"all_pre_hcc",TRUE,TRUE,FALSE
653,"2-O-methylascorbic acid","RMHBODZVODTFAH-UHFFFAOYSA-N","HMDB0240294","","True","True",-0.199219893041384,0.639848586285137,"True",-0.181110489489409,0.625670904243448,"True",-0.205703298339257,0.592616392626392,"True",-0.182123336409781,0.594852092860176,"all_pre_hcc",TRUE,TRUE,FALSE
654,"carboxyethyl-GABA","SRGQUICKDUQCKO-UHFFFAOYSA-N","HMDB0002201","","True","True",-0.105577239471325,0.866118683573015,"True",-0.0813909041440781,0.831364521368804,"True",-0.105509888120544,0.857310545511072,"True",-0.0815669710070268,0.820605936240007,"all_pre_hcc",TRUE,TRUE,FALSE
655,"beta-citrylglutamate","GAQNUGISBQJMKO-UHFFFAOYSA-N","","C20775","True","True",0.0179344377653488,0.976439686718909,"True",0.0454690233577138,0.900065701889625,"True",0.0180340098214681,0.970560889837061,"True",0.0464443631429807,0.874801219596927,"all_pre_hcc",TRUE,TRUE,FALSE
656,"rosuvastatin","BPRHUIZQVSMCRT-VEUZHWNKSA-N","HMDB0015230","D01915","False","True",0.0194342769358398,0.923218094948056,"True",0.0209526329555873,0.889715487325589,"True",0.0197372798742015,0.877567398140426,"False",NA,NA,"all_pre_hcc",FALSE,FALSE,FALSE
657,"trimethylamine N-oxide","UYPYRKYUKCHHIB-UHFFFAOYSA-N","HMDB0000925","C01104","True","True",-0.611328619278335,0.151458419651791,"True",-0.58496878520097,0.141191448138391,"False",NA,NA,"False",NA,NA,"all_pre_hcc",FALSE,FALSE,FALSE
658,"N6-methyllysine","PQNASZJZHFPQLE-LURJTMIESA-N","HMDB0002038","C02728","True","True",-0.0662171056976707,0.92631812083019,"True",-0.0367734498986435,0.953727848874,"True",-0.0675921722659526,0.911529198709376,"True",-0.0400573442987113,0.939773536665308,"all_pre_hcc",TRUE,TRUE,FALSE
659,"cis-urocanate","LOIYMIARKYCTBW-UPHRSURJSA-N","HMDB0034174","","True","True",-0.477507628988099,0.51455523550463,"True",-0.435773607701795,0.451783976656495,"True",-0.477464737306206,0.396318600411126,"False",NA,NA,"all_pre_hcc",FALSE,FALSE,FALSE
660,"dihydroferulate","BOLQJTPHPSDZHR-UHFFFAOYSA-N","HMDB0062121","","False","True",0.0935311803065378,0.948100057621523,"True",0.0406242362096316,0.961580944731868,"False",NA,NA,"False",NA,NA,"all_pre_hcc",FALSE,FALSE,FALSE
661,"imidazole propionate","ZCKYOWGFRHAZIQ-UHFFFAOYSA-N","HMDB0002271","","True","True",0.00611367127103369,0.998692291231007,"True",0.0307527958307623,0.957297628014684,"True",0.0100634330893573,0.996206386364545,"True",0.0278958044734283,0.951091617030689,"all_pre_hcc",TRUE,TRUE,FALSE
662,"maprotiline","QSLMDECMDJKHMQ-UHFFFAOYSA-N","HMDB0015069","C07107,D02566","False","True",-0.00414950503233757,0.712140637573413,"True",-0.0041495050323367,0.678392855374469,"True",-0.0060562173235968,0.790513626985129,"True",-0.0060574306850785,0.768997746299996,"all_pre_hcc",TRUE,TRUE,FALSE
663,"paroxetine","AHOUBRCZNHFOSL-YOEHRIQHSA-N","HMDB0014853","C07415,D02362","False","True",-0.0469534009459634,0.54604944813447,"True",-0.0354273676908526,0.429760939766166,"False",NA,NA,"False",NA,NA,"all_pre_hcc",FALSE,FALSE,FALSE
664,"citalopram/escitalopram","WSEQXVZVJXJVFP-FQEVSTJZSA-N","HMDB0005028","D07913","False","True",-0.167827543294121,0.745453361885573,"True",-0.130963614402744,0.766948340699601,"True",-0.167359579161724,0.816179590367507,"True",-0.13081880042415,0.803930608448969,"all_pre_hcc",TRUE,TRUE,FALSE
665,"duloxetine","ZEUITGRIYCTCEM-KRWDZBQOSA-N","HMDB0014619","","False","True",-0.089153783441425,0.301542477749243,"True",-0.0963974865266107,0.217027722503995,"True",-0.0989189285661154,0.61953755954332,"True",-0.107477686164344,0.538463070207696,"all_pre_hcc",TRUE,TRUE,FALSE
666,"mirtazapine","RONZAEMNMFQXRA-UHFFFAOYSA-N","HMDB0014514","C07570","False","True",-0.0100694106978957,0.712140637573413,"True",-0.00997573445944639,0.678392855374469,"True",-0.0094205422998166,0.848848537578865,"False",NA,NA,"all_pre_hcc",FALSE,FALSE,FALSE
667,"pregnanediol-3-glucuronide","ZFFFJLDTCLJDHL-JQYCEVDMSA-N","HMDB0010318","","False","True",-0.553931539692084,0.547415269913785,"True",-0.489713682806339,0.488736331781165,"True",-0.551644282520424,0.537357864519045,"True",-0.49307534024625,0.465533065534784,"all_pre_hcc",TRUE,TRUE,FALSE
668,"(15:2)-anacardic acid","KAOMOVYHGLSFHQ-UTOQUPLUSA-N","HMDB0033896","","False","True",0.246690446916427,0.761769676770543,"True",0.256758423840136,0.695672756944144,"False",NA,NA,"False",NA,NA,"all_pre_hcc",FALSE,FALSE,FALSE
669,"alliin","XUHLIQGRKRUKPH-ITZCMCNPSA-N","HMDB0033592","C08265","True","True",0.207533436747111,0.866118683573015,"True",0.251607602053645,0.797012322389442,"False",NA,NA,"False",NA,NA,"all_pre_hcc",FALSE,FALSE,FALSE
670,"histidylalanine","FRJIAZKQGSCKPQ-UHFFFAOYSA-N","HMDB0028878","","False","True",0.303560693342693,0.660207058592021,"True",0.244239054716278,0.730543268922097,"False",NA,NA,"True",0.244246201232842,0.705782327154722,"all_pre_hcc",FALSE,FALSE,FALSE
671,"phenylalanylglycine","GLUBLISJVJFHQS-UHFFFAOYSA-N","HMDB0028995","","False","True",-0.530974713574445,0.162098433096863,"True",-0.688837867492762,0.0460879741538987,"False",NA,NA,"False",NA,NA,"all_pre_hcc",FALSE,FALSE,FALSE
672,"(15:0)-anacardic acid","ADFWQBGTDJIESE-UHFFFAOYSA-N","HMDB0033896","C10759","False","True",0.235429546025523,0.660207058592021,"True",0.270971154397622,0.592737489561694,"False",NA,NA,"False",NA,NA,"all_pre_hcc",FALSE,FALSE,FALSE
673,"valylglycine","IOUPEELXVYPCPG-UHFFFAOYSA-N","HMDB0029127","","True","True",0.315656935569907,0.551133132243807,"True",0.312370503373883,0.444502908798233,"True",0.312848939708375,0.623595100153847,"True",0.317861392778199,0.465571024781261,"all_pre_hcc",TRUE,TRUE,FALSE
674,"prolylglycine","RNKSNIBMTUYWSH-YFKPBYRVSA-N","HMDB0011178","","True","True",0.182612976941837,0.668924738478841,"True",0.212643823435365,0.564865866526092,"True",0.182833830307974,0.662010352672424,"True",0.212877187316661,0.575591163794169,"all_pre_hcc",TRUE,TRUE,FALSE
675,"N-palmitoylglycine","KVTFEOAKFFQCCX-UHFFFAOYSA-N","HMDB0013034","","True","True",0.0310649060283967,0.9628944370118,"True",0.0581334236716442,0.877859583928236,"True",0.031375710866253,0.958972774118448,"True",0.0582548396769354,0.866500520813843,"all_pre_hcc",TRUE,TRUE,FALSE
676,"mannonate*","RGHNJXZEOKUKBD-MBMOQRBOSA-N","","","True","True",0.0580175073840715,0.888814350796284,"True",0.0854142699123557,0.826799278471689,"True",0.0591468192591392,0.880986572725634,"True",0.0855601290562453,0.820605936240007,"all_pre_hcc",TRUE,TRUE,FALSE
677,"succinimide","KZNICNPSHKQLFF-UHFFFAOYSA-N","","C07273","True","True",-0.109640675928653,0.919973704617109,"True",-0.101750512377297,0.877859583928236,"True",-0.115694014636986,0.906303954672782,"True",-0.111764757764061,0.865531338088189,"all_pre_hcc",TRUE,TRUE,FALSE
678,"diglycerol","GPLRAVKSCUXZTP-UHFFFAOYSA-N","","","True","True",-0.33846069819007,0.592654476277519,"True",-0.314208337416037,0.537639095172239,"False",NA,NA,"True",-0.312261670534609,0.49299846451073,"all_pre_hcc",FALSE,FALSE,FALSE
679,"norfluoxetine","WIQRCHMSJFFONW-UHFFFAOYSA-N","HMDB0060551","","False","True",-0.0918972855208725,0.518953495325108,"True",-0.0859986193895477,0.429760939766166,"True",-0.0898726847891375,0.790513626985129,"True",-0.0856963259908032,0.768997746299996,"all_pre_hcc",TRUE,TRUE,FALSE
680,"lanthionine","DWPCPZJAHOETAG-IMJSIDKUSA-N","","","True","True",-0.050053227535215,0.935652993364052,"True",-0.024084853013585,0.957472192158647,"False",NA,NA,"True",-0.0250965222382095,0.949677324969194,"all_pre_hcc",FALSE,FALSE,FALSE
681,"2-stearoyl-GPE (18:0)*","KIHAGWUUUHJRMS-JOCHJYFZSA-N","HMDB0011129","","True","True",-0.0599597284322172,0.94213354915325,"True",-0.0385011532979908,0.949217095654759,"True",-0.0558429752124829,0.931042512971201,"True",-0.0287719568445232,0.94190390479739,"all_pre_hcc",TRUE,TRUE,FALSE
682,"(R)-3-hydroxybutyrylcarnitine","UEFRDQSMQXDWTO-UHFFFAOYSA-N","HMDB0013127","","True","True",-0.0959068385061325,0.9160296353593,"True",-0.0446510928022676,0.953727848874,"True",-0.0958199464230364,0.903509297488296,"False",NA,NA,"all_pre_hcc",FALSE,FALSE,FALSE
683,"N-octanoylglycine","SAVLIIGUQOSOEP-UHFFFAOYSA-N","HMDB0000832","","False","True",-0.623008215249037,0.260512406412538,"True",-0.651965415768393,0.077506271293344,"False",NA,NA,"False",NA,NA,"all_pre_hcc",FALSE,FALSE,FALSE
684,"5-hydroxymethyl-2-furoic acid","PCSKKIUURRTAEM-UHFFFAOYSA-N","HMDB0002432","C20448","False","True",-0.585663331411274,0.406379855998289,"True",-0.587545939384782,0.276670260696197,"False",NA,NA,"True",-0.579168751601063,0.428066308060076,"all_pre_hcc",FALSE,FALSE,FALSE
685,"famotidine","XUFQPHANEAPEMJ-UHFFFAOYSA-N","HMDB0001919","D00318","False","True",0.144310718568429,0.678231907275625,"True",0.144058789688068,0.631691572460698,"False",NA,NA,"False",NA,NA,"all_pre_hcc",FALSE,FALSE,FALSE
686,"doxylamine","HCFDWZZGGLSKEP-UHFFFAOYSA-N","HMDB0001936","D07878","False","True",0.0884094105698629,0.864636695620271,"True",0.0774327026659592,0.833059115513004,"True",0.0848194392090232,0.796240584775162,"True",0.0736887158163063,0.801631491654417,"all_pre_hcc",TRUE,TRUE,FALSE
687,"triamterene","FNYLWPVRPXGIIP-UHFFFAOYSA-N","HMDB0001940","D00386","False","True",0.0186325267872247,0.712140637573413,"True",0.018632526787225,0.678392855374469,"True",0.027040586639373,0.0832497430275824,"True",0.0270317876559074,0.0269764153214911,"all_pre_hcc",TRUE,TRUE,FALSE
688,"fexofenadine","RWTNPBWLLIMQHL-UHFFFAOYSA-N","HMDB0005030","C06999","False","True",0.0922202456794774,0.660207058592021,"True",0.0625959683520498,0.607349833121741,"True",0.106116632582547,0.372400143140757,"True",0.0710909743926897,0.269666158325886,"all_pre_hcc",TRUE,TRUE,FALSE
690,"N-acetylcarnosine","BKAYIFDRRZZKNF-VIFPVBQESA-N","HMDB0012881","","True","True",-0.410954034694819,0.340323823429114,"True",-0.385349760101198,0.331315000097273,"True",-0.412434362166277,0.393238116684682,"True",-0.385699495122871,0.367722702306382,"all_pre_hcc",TRUE,TRUE,FALSE
691,"margaroylcarnitine (C17)*","DWSFAVOTORHAAL-UHFFFAOYSA-N","HMDB0006210","","True","True",-0.0256486198881875,0.969856436487324,"True",-0.000662606046139874,0.998643396938564,"True",-0.0263022586410018,0.967702068039429,"True",-0.0014238895454613,0.995276225308613,"all_pre_hcc",TRUE,TRUE,FALSE
692,"histidine betaine (hercynine)*","GPPYTCRVKHULJH-UHFFFAOYSA-N","HMDB0029422","","True","True",0.183910522668729,0.830712834606552,"True",0.206574831597458,0.766565167365471,"True",0.180493931106808,0.842408936436375,"True",0.20404208318982,0.780595120171493,"all_pre_hcc",TRUE,TRUE,FALSE
693,"glycohyocholate","ZQYUKJFJPJDMMR-JPZDKMBBSA-N","HMDB0000138","","True","True",1.17983726829867,0.243296634215153,"True",1.21061106775723,0.110497747000679,"True",1.18797055804572,0.188889164299435,"True",1.22357476276452,0.0848929277537309,"all_pre_hcc",TRUE,TRUE,FALSE
694,"taurohyocholate*","XSOLDPYUICCHJX-QZWOQUDZSA-N","HMDB0011637","C15516","False","True",2.52181332695708,0.0186930500373579,"True",2.66492334982007,0.00647977869290568,"True",2.5255463667351,0.0628534958169325,"True",2.67249326616798,0.018078821981304,"all_pre_hcc",TRUE,TRUE,FALSE
695,"retinal","NCYCYZXNIZJOKI-OVSJKPMPSA-N","HMDB0001358","C00376","True","True",-0.605978379382604,0.406379855998289,"True",-0.616733434390818,0.17552434240495,"True",-0.608798318719745,0.396318600411126,"True",-0.620109735043856,0.223868791569115,"all_pre_hcc",TRUE,TRUE,FALSE
696,"2-hydroxydecanoate","GHPVDCPCKSNJDR-UHFFFAOYSA-N","HMDB0094656","","True","True",-0.0453902505662024,0.956657101078756,"True",-0.0297196271763213,0.955697462584365,"True",-0.0521935157603126,0.942558123821894,"True",-0.0311921393159966,0.945519810089215,"all_pre_hcc",TRUE,TRUE,FALSE
697,"5-hydroxydecanoate","LMHJFKYQYDSOQO-UHFFFAOYSA-N","HMDB0040329","","False","True",-0.227213775895784,0.888814350796284,"True",-0.175566355926312,0.861904588783398,"True",-0.226075373283299,0.877567398140426,"False",NA,NA,"all_pre_hcc",FALSE,FALSE,FALSE
698,"3-methyl catechol sulfate (2)","TZVUCGJSHGKWCJ-UHFFFAOYSA-N","","","False","True",-0.401108389494764,0.752261358697651,"True",-0.434605039056034,0.68948765797931,"False",NA,NA,"True",-0.437654693165614,0.741984133827804,"all_pre_hcc",FALSE,FALSE,FALSE
699,"4-methylcatechol sulfate","NCOMUGOPQPRVSE-UHFFFAOYSA-N","HMDB0240459","","True","True",-0.73119464830231,0.551133132243807,"True",-0.713020166382956,0.459229228887976,"True",-0.764478197087005,0.501611137045321,"False",NA,NA,"all_pre_hcc",FALSE,FALSE,FALSE
700,"3-methyl catechol sulfate (1)","HFDKYCXWNHNKAF-UHFFFAOYSA-N","","","True","True",-0.376188431019838,0.719801511839655,"True",-0.33628971852155,0.68948765797931,"True",-0.375533917721218,0.743115424840978,"False",NA,NA,"all_pre_hcc",FALSE,FALSE,FALSE
701,"2-hydroxyibuprofen","UJHKVYPPCJBOSG-UHFFFAOYSA-N","HMDB0060920","","False","True",0.252250209653299,0.888814350796284,"True",0.219981712888415,0.861904588783398,"True",0.221468920632089,0.866831664609449,"True",0.189776437051813,0.829178819393572,"all_pre_hcc",TRUE,TRUE,FALSE
702,"carboxyibuprofen","DIVLBIVDYADZPL-UHFFFAOYSA-N","HMDB0060564","","False","True",0.352788940998966,0.809425864261793,"True",0.308642889499987,0.799331986234789,"True",0.329900586275546,0.759556482143435,"True",0.28465867531984,0.772944491657587,"all_pre_hcc",TRUE,TRUE,FALSE
703,"O-desmethylvenlafaxine","KYYIDSXMWOZKMP-UHFFFAOYSA-N","HMDB0015646","D07793","False","True",0.0206120331706461,0.870772528918234,"True",0.0218776367449012,0.837016263734355,"False",NA,NA,"False",NA,NA,"all_pre_hcc",FALSE,FALSE,FALSE
704,"zolpidem","ZAFYATHCZYHLPB-UHFFFAOYSA-N","HMDB0005023","C07219","False","True",0.10891588086368,0.851769361858979,"True",0.0962535766226718,0.808364896888311,"True",0.102786809374881,0.77207375928871,"True",0.0897782231183454,0.763781717781935,"all_pre_hcc",TRUE,TRUE,FALSE
705,"warfarin","PJVWKTKQMONHTI-UHFFFAOYSA-N","HMDB0001935","
DG00149,D08682,C01541","False","True",-0.157277018733123,0.463421672732727,"True",-0.160894231351887,0.398312338921494,"True",-0.178313580839314,0.751342822582631,"True",-0.182385904595895,0.725355527874707,"all_pre_hcc",TRUE,TRUE,FALSE
706,"ketopioglitazone","JMLKLMFMQRAJNI-UHFFFAOYSA-N","","","False","True",-0.0192877671766869,0.639848586285137,"True",-0.0168457031350317,0.563541368345625,"True",-0.0262928940330626,0.861371866220254,"True",-0.0229676986124939,0.81649172783087,"all_pre_hcc",TRUE,TRUE,FALSE
707,"hydroxypioglitazone (M-IV)","OXVFDZYQLGRLCD-UHFFFAOYSA-N","","","False","True",-0.0154760774181549,0.609632732971572,"True",-0.0129672193907594,0.529994206980286,"True",-0.0206155615804578,0.851013532728464,"True",-0.0172858405107108,0.803930608448969,"all_pre_hcc",TRUE,TRUE,FALSE
708,"3beta-hydroxy-5-cholenoate","HIAJCGFYHIANNA-QIZZZRFXSA-N","HMDB0000308","","True","True",0.0855302909715944,0.92631812083019,"True",0.0630200492785833,0.94559775384205,"True",0.0751800384224205,0.924671324468955,"True",0.0492774751250248,0.941406964088266,"all_pre_hcc",TRUE,TRUE,FALSE
709,"guaiacol sulfate","AQTYXAPIHMXAAV-UHFFFAOYSA-N","HMDB0060013","","True","True",-0.469098660295332,0.592654476277519,"True",-0.44688314705366,0.529842102974117,"True",-0.474887645415032,0.611384814153756,"True",-0.450898218648362,0.537839473082778,"all_pre_hcc",TRUE,TRUE,FALSE
710,"2-aminooctanoate","AKVBCGQVQXPRLD-UHFFFAOYSA-N","HMDB0000991","","True","True",0.174151562822864,0.769631617696982,"True",0.201361127860374,0.671119645514367,"True",0.174694806225279,0.809705571190545,"True",0.201627617347452,0.728275750480638,"all_pre_hcc",TRUE,TRUE,FALSE
711,"furosemide","ZZUFCTLCJUWOSV-UHFFFAOYSA-N","HMDB0001933","D00331","False","True",-0.219458259504499,0.864636695620271,"True",-0.198345101806154,0.839803652668523,"True",-0.216806279908049,0.857310545511072,"True",-0.199695392813245,0.82430078780398,"all_pre_hcc",TRUE,TRUE,FALSE
712,"gamma-CEHC glucuronide*","NOZSTAZEOBPSBY-UHFFFAOYSA-N","","","False","True",-0.24137516391447,0.814124773102908,"True",-0.261005880807568,0.763664296873637,"True",-0.241384052406283,0.794498834102452,"True",-0.260841264097517,0.757820314146949,"all_pre_hcc",TRUE,TRUE,FALSE
713,"dimethyl sulfone","HHVIBTZHLRERCL-UHFFFAOYSA-N","HMDB0004983","C11142","True","True",-0.556395524987127,0.372328617167461,"True",-0.532395172591377,0.291800130818004,"True",-0.600350869747012,0.393238116684682,"True",-0.571773476714404,0.346377112538744,"all_pre_hcc",TRUE,TRUE,FALSE
714,"guaifenesin","HSRJKNPTNIJEKV-UHFFFAOYSA-N","HMDB0004998","D00337","False","True",0.22505792221804,0.783998087442045,"True",0.211885727507519,0.753863815496915,"False",NA,NA,"False",NA,NA,"all_pre_hcc",FALSE,FALSE,FALSE
715,"2-piperidinone","XUWHAWMETYGRKB-UHFFFAOYSA-N","HMDB0011749","","True","True",-0.342398781041009,0.765450397092868,"True",-0.32768835831697,0.753863815496915,"False",NA,NA,"False",NA,NA,"all_pre_hcc",FALSE,FALSE,FALSE
716,"N-acetyl-1-methylhistidine*","GVRCKHXHWSYDEF-UHFFFAOYSA-N","HMDB0240340","","True","True",-0.7870215125768,0.256630392110739,"True",-0.779714061280677,0.11588379272542,"True",-0.788302752588256,0.188889164299435,"True",-0.781231192182039,0.0881859632243902,"all_pre_hcc",TRUE,TRUE,FALSE
717,"indolin-2-one","JYGFTBXVXVMTGB-UHFFFAOYSA-N","","C12312","True","True",-0.14024173438365,0.876452610614697,"True",-0.130993669615116,0.849442786521474,"False",NA,NA,"False",NA,NA,"all_pre_hcc",FALSE,FALSE,FALSE
718,"2,8-quinolinediol sulfate","ZLYUIVZAQHFCNP-UHFFFAOYSA-N","HMDB0240658","","False","True",0.522051548174412,0.668924738478841,"True",0.472316167202322,0.65549098751678,"False",NA,NA,"False",NA,NA,"all_pre_hcc",FALSE,FALSE,FALSE
719,"2-aminophenol sulfate","VSTZVCJQGSLNLL-UHFFFAOYSA-N","HMDB0061116","","True","True",0.0734632244575719,0.946482167839897,"True",0.103227550626614,0.901534468936542,"True",0.0748370012574684,0.942558123821894,"False",NA,NA,"all_pre_hcc",FALSE,FALSE,FALSE
720,"3-acetylphenol sulfate","CGFRVKXGZRODPA-UHFFFAOYSA-N","","","False","True",-0.545234981257962,0.54604944813447,"True",-0.57629013013369,0.431042035552408,"False",NA,NA,"False",NA,NA,"all_pre_hcc",FALSE,FALSE,FALSE
721,"1-stearoyl-GPS (18:0)*","ZPDQFUYPBVXUKS-KEKNWZKVSA-N","HMDB0061698","","False","True",-0.0197420256668864,0.976439686718909,"True",-0.00300655268257762,0.998643396938564,"False",NA,NA,"True",-0.0050647166309166,0.98788776104048,"all_pre_hcc",FALSE,FALSE,FALSE
722,"sphingomyelin (d18:1/14:0, d16:1/16:0)*","KYICBZWZQPCUMO-PSALXKTOSA-N","HMDB0012097","","True","True",-0.0755575484308622,0.875261357470494,"True",-0.051084233341894,0.821270383925121,"True",-0.0764424981014613,0.848848537578865,"True",-0.0519476715429245,0.814622363708715,"all_pre_hcc",TRUE,TRUE,FALSE
723,"sphingomyelin (d18:2/16:0, d18:1/16:1)*","IWHLTJGDYLJQSH-FLPFCPAFSA-N","HMDB0240638,HMDB0240613","","True","True",-0.165167202312056,0.62211334059937,"True",-0.138981324584147,0.417520864476979,"True",-0.165172336375472,0.592616392626392,"True",-0.138824136495192,0.458421069925537,"all_pre_hcc",TRUE,TRUE,FALSE
724,"3-hydroxyadipate","YVOMYDHIQVMMTA-UHFFFAOYSA-N","HMDB0000345","","True","True",-0.331922881357834,0.618274385082852,"True",-0.307154869771148,0.564759293067994,"False",NA,NA,"False",NA,NA,"all_pre_hcc",FALSE,FALSE,FALSE
725,"meglumine","MBBZMMPHUWSWHV-UHFFFAOYSA-N","HMDB0240291","","False","True",-0.00414950503233743,0.712140637573413,"True",-0.00414950503233942,0.678392855374469,"True",-0.0060340938006363,0.790513626985129,"True",-0.0060551953642892,0.768997746299996,"all_pre_hcc",TRUE,TRUE,FALSE
726,"1-arachidonoyl-GPA (20:4)","XBFQFMCUPHZKTI-DOFZRALJSA-N","HMDB0062312","","True","True",0.210554495205677,0.678104817617568,"True",0.22414540354042,0.623038321246897,"False",NA,NA,"False",NA,NA,"all_pre_hcc",FALSE,FALSE,FALSE
727,"3-hydroxycotinine glucuronide","WALNNKZUGHYSCT-MGKNELHOSA-N","HMDB0001204","","False","True",-0.325441735000647,0.618274385082852,"True",-0.327833153789755,0.563541368345625,"True",-0.325659438978338,0.71371405702337,"True",-0.328147787393162,0.681457381901321,"all_pre_hcc",TRUE,TRUE,FALSE
728,"6-oxopiperidine-2-carboxylate","FZXCPFJMYOQZCA-UHFFFAOYSA-N","HMDB0061705","","True","True",0.208249329095476,0.621511404589544,"True",0.238052399220886,0.408206422310347,"True",0.210308663756214,0.650104955536107,"True",0.239098317935617,0.399026460678881,"all_pre_hcc",TRUE,TRUE,FALSE
729,"S-allylcysteine","ZFAHNWWNDFHPOH-UHFFFAOYSA-N","HMDB0034323","","True","True",-0.000162165441194801,0.999630215506687,"True",0.0166304575490791,0.986552680336791,"False",NA,NA,"False",NA,NA,"all_pre_hcc",FALSE,FALSE,FALSE
730,"allopurinol","OFCNXPDARWKPPY-UHFFFAOYSA-N","HMDB0014581","D00224","False","True",-0.162799380967121,0.478404237192649,"True",-0.133098851169527,0.41401712806727,"True",-0.152854711184245,0.857310545511072,"True",-0.12392705744364,0.820605936240007,"all_pre_hcc",TRUE,TRUE,FALSE
731,"N-delta-acetylornithine","SRXKAYJJGAAOBP-UHFFFAOYSA-N","HMDB0003357","C00437","True","True",0.20086714459901,0.727530286534818,"True",0.229599504904771,0.607349833121741,"True",0.201686770886554,0.752571487096303,"True",0.229370646936806,0.586427021946209,"all_pre_hcc",TRUE,TRUE,FALSE
732,"acisoga","OAUYENAPBFTAQT-UHFFFAOYSA-N","HMDB0061384","","True","True",-0.524855763187591,0.406379855998289,"True",-0.5060105016505,0.265503377060341,"True",-0.523446142654133,0.393238116684682,"True",-0.505908303908844,0.223868791569115,"all_pre_hcc",TRUE,TRUE,FALSE
733,"2-aminoheptanoate","RDFMDVXONNIGBC-UHFFFAOYSA-N","HMDB0094649","","True","True",-0.241690735293415,0.312831689771303,"True",-0.217619713314608,0.331315000097273,"True",-0.241871907703154,0.439763683703876,"True",-0.21787340297655,0.428066308060076,"all_pre_hcc",TRUE,TRUE,FALSE
734,"benzoylcarnitine*","AWUHAZDZHNWQAG-UHFFFAOYSA-N","","","True","True",0.137029471821647,0.875660011611575,"True",0.176831697858746,0.79398242978335,"True",0.135319014515444,0.877567398140426,"True",0.174178715543986,0.814622363708715,"all_pre_hcc",TRUE,TRUE,FALSE
735,"N-formylanthranilic acid","LLLPDUXGHXIXIW-UHFFFAOYSA-N","HMDB0004089","C05653","True","True",0.200016889646218,0.761769676770543,"True",0.205486299516023,0.626051992121949,"True",0.201516706338748,0.803438910422541,"True",0.205388138897301,0.699715365731864,"all_pre_hcc",TRUE,TRUE,FALSE
736,"S-(3-hydroxypropyl)mercapturic acid (HPMA)","FMWPQZPFBAHHMB-UHFFFAOYSA-N","","","False","True",-0.0228273938432626,0.986259451264941,"True",0.0168062050966198,0.98241844286496,"True",-0.0173180136763777,0.992899112904776,"True",0.0172849472752532,0.974969336027408,"all_pre_hcc",FALSE,TRUE,FALSE
737,"N2,N5-diacetylornithine","XUYANFPPYJSBPU-UHFFFAOYSA-N","HMDB0240345","","True","True",-0.130743159587117,0.88457018111351,"True",-0.0942648010732985,0.879794101444171,"True",-0.13095527140346,0.866999142299198,"True",-0.0943655620962879,0.865531338088189,"all_pre_hcc",TRUE,TRUE,FALSE
738,"1H-indole-7-acetic acid","KNSAWRXCIVESQC-UHFFFAOYSA-N","","","False","True",-0.492211299496727,0.54604944813447,"True",-0.609213377704556,0.417864944937808,"True",-0.492430154281381,0.563476311157663,"True",-0.61189185409696,0.428066308060076,"all_pre_hcc",TRUE,TRUE,FALSE
739,"3-methoxytyramine sulfate","ORZHQEJEAKXCJA-UHFFFAOYSA-N","","","True","True",0.217865496900675,0.746526020102117,"True",0.235104725305359,0.604197764396299,"True",0.217155358842988,0.751342822582631,"True",0.243824333492684,0.575591163794169,"all_pre_hcc",TRUE,TRUE,FALSE
740,"methionine sulfone","UCUNFLYVYCGDHP-UHFFFAOYSA-N","HMDB0062174","","True","True",-0.118756239075059,0.814124773102908,"True",-0.0949553698474692,0.799331986234789,"True",-0.122005029840966,0.808701321974805,"True",-0.0920377338632442,0.801631491654417,"all_pre_hcc",TRUE,TRUE,FALSE
741,"1-linolenoyl-GPC (18:3)*","WKQNRCYKYCKESD-YHTMAJSVSA-N","HMDB0010388","C04100","True","True",-0.173118714168619,0.662903340517211,"True",-0.150166401757514,0.607704829088647,"True",-0.170432637873681,0.662010352672424,"True",-0.150741902389866,0.631829919798068,"all_pre_hcc",TRUE,TRUE,FALSE
742,"N-acetylalliin","CCCNUHFRBBIFHO-CVSPRKDYSA-N","","","False","True",-0.363916983677344,0.761769676770543,"True",-0.333114773154137,0.754782542382547,"False",NA,NA,"False",NA,NA,"all_pre_hcc",FALSE,FALSE,FALSE
743,"1-(1-enyl-oleoyl)-GPE (P-18:1)*","URGVIWXYPWWBQO-ZCJATDNESA-N","","","True","True",-0.292322412889102,0.527308817793279,"True",-0.278889339901777,0.217165949243929,"True",-0.294537458084359,0.436668126479199,"False",NA,NA,"all_pre_hcc",FALSE,FALSE,FALSE
744,"fructosyllysine","BFSYFTQDGRDJNV-QCNRFFRDSA-N","HMDB0034879","","True","True",0.195750977072453,0.62211334059937,"True",0.223956909172378,0.431292355064545,"True",0.198560314413133,0.5732109995699,"True",0.22369271489206,0.428066308060076,"all_pre_hcc",TRUE,TRUE,FALSE
745,"N-methylpipecolate","BPSLZWSRHTULGU-ZCFIWIBFSA-N","","","True","True",-0.203143292378021,0.761769676770543,"True",-0.174447165632896,0.743185947401265,"True",-0.203103886858573,0.790057557803795,"True",-0.175191042784845,0.780197084572469,"all_pre_hcc",TRUE,TRUE,FALSE
746,"O-sulfo-tyrosine","CIQHWLTYGMYQQR-QMMMGPOBSA-N","HMDB0155722","","True","True",-0.0766736047015756,0.888814350796284,"True",-0.0530401462891089,0.885594014727662,"True",-0.076482004465276,0.866831664609449,"True",-0.0506975443475054,0.861919623197581,"all_pre_hcc",TRUE,TRUE,FALSE
747,"ferulic acid 4-sulfate","PZPATWACAAOHTJ-HWKANZROSA-N","HMDB0029200","","True","True",0.342018589070857,0.760417538167492,"True",0.337062272137439,0.724561341995404,"True",0.327844342514719,0.790513626985129,"False",NA,NA,"all_pre_hcc",FALSE,FALSE,FALSE
748,"3-(3-hydroxyphenyl)propionate sulfate","IQWLPDPKVFZEOK-UHFFFAOYSA-N","HMDB0094710","","False","True",-0.10230333495673,0.935148523033745,"True",-0.122461682609786,0.905935421412088,"True",-0.0979345627431233,0.926042525553468,"True",-0.118484343317814,0.901082234093524,"all_pre_hcc",TRUE,TRUE,FALSE
749,"5alpha-androstan-3alpha,17beta-diol 17-glucuronide","ZJYZOWMDMWQJIV-UPDIMMRZSA-N","","","False","True",-0.524520688614742,0.277891998321127,"True",-0.561561565110654,0.164954595293755,"True",-0.522404955809708,0.417530986800651,"True",-0.560524488828865,0.327935474979135,"all_pre_hcc",TRUE,TRUE,FALSE
750,"etiocholanolone glucuronide","VFUIRAVTUVCQTF-ILTUOXSPSA-N","HMDB0004484","","False","True",-0.411228968049904,0.652864196281875,"True",-0.39009470792778,0.678392855374469,"True",-0.402823253382707,0.70448598911591,"True",-0.384638989994409,0.725355527874707,"all_pre_hcc",TRUE,TRUE,FALSE
751,"17alpha-hydroxypregnanolone glucuronide","IZDWMNZNEAXAFE-CQQKWVOPSA-N","","","False","True",-0.141699099924264,0.90554580063907,"True",-0.109630830049677,0.916463204436899,"True",-0.132469951888198,0.906303954672782,"True",-0.104206973426094,0.925778784064587,"all_pre_hcc",TRUE,TRUE,FALSE
752,"N-acetylmethionine sulfoxide","NPIMMZJBURSMON-UHFFFAOYSA-N","","","False","True",-0.819925629968765,0.395720130523112,"True",-0.689404207061604,0.295335773557981,"True",-0.816344559454386,0.393238116684682,"True",-0.687196956303057,0.283994525663944,"all_pre_hcc",TRUE,TRUE,FALSE
753,"N-acetyltaurine","CXJAAWRLVGAKDV-UHFFFAOYSA-N","HMDB0240253","","True","True",-0.00484777976999582,0.998692291231007,"True",0.0227888700592517,0.962288853939009,"True",-0.0043051797177026,0.996206386364545,"True",0.0240034089807443,0.951091617030689,"all_pre_hcc",FALSE,TRUE,FALSE
754,"1-oleoyl-GPG (18:1)*","FQQQKGAFQIIGLQ-VYFUBJQISA-N","HMDB0240602","","True","True",0.244567472205431,0.746364717042608,"True",0.163332394132949,0.797012322389442,"True",0.246730726921914,0.70448598911591,"False",NA,NA,"all_pre_hcc",FALSE,FALSE,FALSE
755,"1-palmitoyl-GPG (16:0)*","BVJSKAUUFXBDOB-UHFFFAOYSA-N","HMDB0240601","","True","True",0.0971409158776963,0.881766553017527,"True",0.111121611458873,0.789698882328843,"True",0.0909247221214024,0.866831664609449,"True",0.109780605759106,0.757820314146949,"all_pre_hcc",TRUE,TRUE,FALSE
756,"N-linoleoyltaurine*","YIWODQVLEDDQSF-HZJYTTRNSA-N","","","True","True",0.422884102579625,0.649448680039044,"True",0.433301329744773,0.457427796725125,"True",0.42330012634577,0.61953755954332,"True",0.432749488774374,0.426788224495612,"all_pre_hcc",TRUE,TRUE,FALSE
757,"N-acetyl-S-allyl-cysteine","LKRAEHUDIUJBSF-ZETCQYMHSA-N","HMDB0240543","","False","True",-0.274073460626145,0.747451988993944,"True",-0.29827767524325,0.707020089709522,"False",NA,NA,"False",NA,NA,"all_pre_hcc",FALSE,FALSE,FALSE
758,"9-hydroxystearate","RKHXDCVAPIMDMG-UHFFFAOYSA-N","HMDB0061661","","True","True",0.485270741832948,0.566222841194563,"True",0.405899791426169,0.438999971122094,"False",NA,NA,"False",NA,NA,"all_pre_hcc",FALSE,FALSE,FALSE
759,"3-methylglutarylcarnitine (2)","HFCPFJNSBPQJDP-UHFFFAOYSA-N","HMDB0000552","","True","True",-0.358771181256546,0.574142745721525,"True",-0.331050788511421,0.470957159635618,"True",-0.364989123483447,0.598021992077572,"True",-0.334336933645309,0.518868174776299,"all_pre_hcc",TRUE,TRUE,FALSE
760,"methyl glucopyranoside (alpha + beta)","HOVAGTYPODGVJG-ZFYZTMLRSA-N","HMDB0029965","","True","True",-0.241363630500532,0.864370458335254,"True",-0.157368439315679,0.86364787237661,"True",-0.241389284683221,0.848848537578865,"True",-0.156800648423014,0.850555563567306,"all_pre_hcc",TRUE,TRUE,FALSE
761,"o-hydroxyatorvastatin","CZBPKFICAYVHHM-JWQCQUIFSA-N","","","False","True",0.199353711590984,0.833480295955114,"True",0.226086802349691,0.768251460297055,"True",0.200453403172167,0.754792545427083,"True",0.228776296074088,0.634185440134848,"all_pre_hcc",TRUE,TRUE,FALSE
762,"p-hydroxyatorvastatin","SOZOATLLFFVAPM-KAYWLYCHSA-N","","","False","True",0.252954658100212,0.756061663949569,"True",0.294442542207707,0.678392855374469,"True",0.252391778808579,0.623595100153847,"True",0.294819239413557,0.477893549600737,"all_pre_hcc",TRUE,TRUE,FALSE
763,"2-keto-3-deoxy-gluconate","WPAMZTWLKIDIOP-WVZVXSGGSA-N","HMDB0001353","C00204","True","True",0.205079274860026,0.592654476277519,"True",0.228967561926246,0.563541368345625,"True",0.204436542585148,0.61953755954332,"True",0.227352896498317,0.575591163794169,"all_pre_hcc",TRUE,TRUE,FALSE
764,"alpha-CEHC sulfate","ZQMMTPNJGWUHCB-UHFFFAOYSA-N","","","False","True",-0.458682385819312,0.668924738478841,"True",-0.412327205250422,0.567514713034764,"True",-0.457712199959388,0.704457801164247,"True",-0.412269376842972,0.617230628305029,"all_pre_hcc",TRUE,TRUE,FALSE
765,"alpha-CMBHC glucuronide","DYOFESDCRUIQTB-UHFFFAOYSA-N","","","False","True",0.00550177573427109,0.998692291231007,"True",-0.0580715465419644,0.954749033374311,"True",0.0079202040799632,0.996206386364545,"True",-0.0567201189081221,0.941406964088266,"all_pre_hcc",FALSE,TRUE,FALSE
766,"sphingomyelin (d18:2/14:0, d18:1/14:1)*","SOWIKWJDPCEPOJ-IOBWIPHESA-N","HMDB0240637,HMDB0240612","","True","True",-0.164827716337736,0.712140637573413,"True",-0.141256673332014,0.563541368345625,"True",-0.163392231573119,0.692582317471242,"True",-0.138147432982646,0.630333267331166,"all_pre_hcc",TRUE,TRUE,FALSE
767,"sphingomyelin (d18:1/24:1, d18:2/24:0)*","WKZHECFHXLTOLJ-QYKFWSDSSA-N","HMDB0012107","","True","True",-0.219185571423269,0.51455523550463,"True",-0.190588430819838,0.17552434240495,"True",-0.219178911969843,0.458474832153681,"True",-0.190774772748896,0.325690426218759,"all_pre_hcc",TRUE,TRUE,FALSE
768,"octadecenedioylcarnitine (C18:1-DC)*","CYPBWZKNUDFJJE-PLNGDYQASA-N","","","True","True",-0.044232072738224,0.954314328484829,"True",-0.0293674166908583,0.953727848874,"True",-0.0456613444817581,0.941010177776633,"True",-0.0303923112214738,0.941406964088266,"all_pre_hcc",TRUE,TRUE,FALSE
769,"octadecanedioylcarnitine (C18-DC)*","ULCCGBCYWCYNIC-UHFFFAOYSA-N","","","True","True",0.0353350097986558,0.9628944370118,"True",0.0563372590631181,0.901534468936542,"True",0.0293259602483737,0.967646225119463,"True",0.0508822004714051,0.893286201884168,"all_pre_hcc",TRUE,TRUE,FALSE
770,"N,O-didesmethylvenlafaxine glucuronide","UDNAJOOLWIWCAW-SQBZNDFJSA-N","HMDB0061167","","False","True",-0.0136258594476687,0.848502030116675,"True",-0.0124907927364932,0.803122018361302,"True",-0.01362804676914,0.877567398140426,"False",NA,NA,"all_pre_hcc",FALSE,FALSE,FALSE
771,"5alpha-androstan-3alpha,17beta-diol monosulfate (2)","LERFMBCTNMFXCT-ILBJSTGGSA-N","","","False","True",0.0508186004866492,0.976439686718909,"True",0.132680902525992,0.933453583675965,"True",0.0410921243433256,0.983107593731939,"True",0.125024342548569,0.931271387643374,"all_pre_hcc",TRUE,TRUE,FALSE
772,"myristoleoylcarnitine (C14:1)*","ABVVZYXTZLEOHP-OLHLWXQYSA-N","HMDB0240588","","True","True",-0.216049584705432,0.761769676770543,"True",-0.189423262053033,0.678392855374469,"True",-0.216330873576661,0.77207375928871,"True",-0.189409530796194,0.699715365731864,"all_pre_hcc",TRUE,TRUE,FALSE
773,"N-formylphenylalanine","NSTPXGARCQOSAU-VIFPVBQESA-N","HMDB0240317","","False","True",0.507575452721992,0.566222841194563,"True",0.497091269509392,0.400391607190022,"True",0.512040986633464,0.53650857631956,"False",NA,NA,"all_pre_hcc",FALSE,FALSE,FALSE
774,"4-hydroxychlorothalonil","MDQKYGOECVSPIW-UHFFFAOYSA-N","HMDB0240624","","True","True",0.0247475000289153,0.976439686718909,"True",0.0502653520225395,0.937687105817784,"True",0.0254310593237115,0.970560889837061,"True",0.0503186275931888,0.926861844534773,"all_pre_hcc",TRUE,TRUE,FALSE
775,"isoeugenol sulfate","HRHBRUPGUDLQIF-ONEGZZNKSA-N","","","False","True",0.177624519948168,0.87766359902164,"True",0.0893637781876817,0.945596559140091,"False",NA,NA,"False",NA,NA,"all_pre_hcc",FALSE,FALSE,FALSE
776,"tyramine O-sulfate","DYDUXGMDSXJQFT-UHFFFAOYSA-N","HMDB0006409","","True","True",0.916936248906544,0.289236655586256,"True",0.938546200375266,0.162281600569874,"False",NA,NA,"False",NA,NA,"all_pre_hcc",FALSE,FALSE,FALSE
777,"3-hydroxypyridine sulfate","BDERIBJTVYFANV-UHFFFAOYSA-N","","","True","True",-0.306237085005718,0.848502030116675,"True",-0.280376419561584,0.803122018361302,"True",-0.306297428355476,0.852221128989379,"True",-0.276568536224649,0.816962696683555,"all_pre_hcc",TRUE,TRUE,FALSE
778,"4-methylguaiacol sulfate","LILXPJXZNJTPQZ-UHFFFAOYSA-N","","","False","True",-0.854867149624016,0.406379855998289,"True",-0.893353803528854,0.315466103342185,"True",-0.851235364843881,0.400660332160945,"False",NA,NA,"all_pre_hcc",FALSE,FALSE,FALSE
779,"maltol sulfate","PVWYGTJERKKPRW-UHFFFAOYSA-N","","","False","True",0.00470216179624225,0.998692291231007,"True",-0.0280770422939119,0.980616729456733,"False",NA,NA,"False",NA,NA,"all_pre_hcc",FALSE,FALSE,FALSE
780,"phenylacetylcarnitine","DZTZJNGATJMDSH-CYBMUJFWSA-N","","","True","True",-0.0244878047610084,0.98117402355665,"True",0.00236135552414374,0.998643396938564,"True",-0.0233012585147136,0.980023133165142,"False",NA,NA,"all_pre_hcc",FALSE,FALSE,FALSE
781,"arabonate/xylonate","QXKAIJAYHKCRRA-JJYYJPOSSA-N","HMDB0000539","C00502,C05411","True","True",-0.0380210410835978,0.935148523033745,"True",-0.014921307426738,0.971000666200942,"True",-0.0356006881533912,0.929259221473915,"True",-0.0133621718808459,0.965530450308963,"all_pre_hcc",TRUE,TRUE,FALSE
782,"methyl-4-hydroxybenzoate sulfate","IBEAHXYYSZWGED-UHFFFAOYSA-N","HMDB0041646","","True","True",0.820092317099803,0.489634295039649,"True",0.863637387600789,0.334108090726654,"False",NA,NA,"False",NA,NA,"all_pre_hcc",FALSE,FALSE,FALSE
783,"1-dihomo-linolenylglycerol (20:3)","LERKRWCYZNDWFH-QNEBEIHSSA-N","HMDB0011577","","True","True",-0.357114979590717,0.574142745721525,"True",-0.325765451171961,0.433850521723482,"True",-0.360276495072306,0.592616392626392,"True",-0.329603681483968,0.465571024781261,"all_pre_hcc",TRUE,TRUE,FALSE
784,"N-acetylhistamine","XJWPISBUKWZALE-UHFFFAOYSA-N","HMDB0013253","C05135","False","True",0.250720813293203,0.809425864261793,"True",0.259730253112922,0.789698882328843,"False",NA,NA,"False",NA,NA,"all_pre_hcc",FALSE,FALSE,FALSE
785,"vanillic alcohol sulfate","LGXHPUANUXIBJQ-UHFFFAOYSA-N","HMDB0041788","","True","True",0.0810039635607307,0.960981596061617,"True",0.1018888827467,0.94559775384205,"False",NA,NA,"False",NA,NA,"all_pre_hcc",FALSE,FALSE,FALSE
786,"4-vinylguaiacol sulfate","FKCHAXAGQVCJPN-UHFFFAOYSA-N","HMDB0127980","","True","True",-0.244943614456822,0.874740180957847,"True",-0.241697873159068,0.835885760004685,"False",NA,NA,"False",NA,NA,"all_pre_hcc",FALSE,FALSE,FALSE
787,"vanillactate","SVYIZYRTOYHQRE-UHFFFAOYSA-N","HMDB0000913","","True","True",-0.278267017012012,0.653454406457966,"True",-0.25142076074161,0.476860320575785,"True",-0.277468653618306,0.634691277019393,"True",-0.248665779126735,0.458421069925537,"all_pre_hcc",TRUE,TRUE,FALSE
788,"eugenol sulfate","XWAZTQUZONPJEW-UHFFFAOYSA-N","HMDB0135245","","True","True",0.880597075508773,0.393566697647221,"True",0.895548452344542,0.266427076521807,"False",NA,NA,"True",0.890306754170109,0.325690426218759,"all_pre_hcc",FALSE,FALSE,FALSE
789,"pregnanolone/allopregnanolone sulfate","MENQCIVHHONJLU-GQCBXAOTSA-N","HMDB0240591,HMDB0062782","C05480","False","True",-0.1987149535027,0.761769676770543,"True",-0.229640076496217,0.692075551676725,"False",NA,NA,"True",-0.227040319427057,0.755682570560142,"all_pre_hcc",FALSE,FALSE,FALSE
790,"2-methoxyresorcinol sulfate","ARLAWMCEVZUXEY-UHFFFAOYSA-N","","","True","True",-0.569552522771857,0.55797633004411,"True",-0.590784095876096,0.459229228887976,"False",NA,NA,"False",NA,NA,"all_pre_hcc",FALSE,FALSE,FALSE
791,"2-acetamidophenol sulfate","JCVGTUVGDOWZJE-UHFFFAOYSA-N","","","False","True",-0.169526607914984,0.892742468482161,"True",-0.164328923817237,0.885594014727662,"False",NA,NA,"False",NA,NA,"all_pre_hcc",FALSE,FALSE,FALSE
792,"p-cresol glucuronide*","JPAUCQAJHLSMQW-XPORZQOISA-N","HMDB0011686","","False","True",-0.59388222915326,0.712140637573413,"True",-0.661389517825375,0.627877960086913,"True",-0.594591107826196,0.704457801164247,"True",-0.661009205415931,0.590341487999593,"all_pre_hcc",TRUE,TRUE,FALSE
793,"acesulfame","YGCFIWIQZPHFLU-UHFFFAOYSA-N","HMDB0033585","","False","True",0.796777744135537,0.697568763362418,"True",0.82255665302139,0.654363229158907,"False",NA,NA,"False",NA,NA,"all_pre_hcc",FALSE,FALSE,FALSE
794,"propyl 4-hydroxybenzoate","QELSKZZBTMNZEB-UHFFFAOYSA-N","HMDB0032574","D01422","False","True",0.157188460069825,0.870772528918234,"True",0.162675163305943,0.839803652668523,"True",0.156208708127604,0.844013430128151,"False",NA,NA,"all_pre_hcc",FALSE,FALSE,FALSE
795,"valsartan","ACWBQPMHZXGDFX-UHFFFAOYSA-N","HMDB0014323","","False","True",-0.180843062436818,0.459124812219612,"True",-0.160047593398803,0.398668687439393,"True",-0.185745770187117,0.790513626985129,"True",-0.163446002799075,0.768997746299996,"all_pre_hcc",TRUE,TRUE,FALSE
796,"olmesartan","VTRAEEWXHOVJFV-UHFFFAOYSA-N","HMDB0014420","D05246","False","True",-0.0242292669760505,0.643353297708417,"True",-0.0244777864631082,0.567514713034764,"True",-0.0251664851102363,0.844013430128151,"True",-0.0254439996826511,0.803930608448969,"all_pre_hcc",TRUE,TRUE,FALSE
797,"syringol sulfate","UDIAPBFEZFMUCP-UHFFFAOYSA-N","","","False","True",0.115126410696622,0.90554580063907,"True",0.093965744732058,0.905935421412088,"False",NA,NA,"False",NA,NA,"all_pre_hcc",FALSE,FALSE,FALSE
798,"6-hydroxyindole sulfate","QRHHXPIYYXPEMG-UHFFFAOYSA-N","HMDB0000682","","True","True",-0.547811387435656,0.566222841194563,"True",-0.552262424435778,0.473382822608037,"True",-0.543188327963101,0.493356994952993,"True",-0.549451263398486,0.381107775846642,"all_pre_hcc",TRUE,TRUE,FALSE
799,"4-methoxyphenol sulfate","IGTMFIJOUADBDC-UHFFFAOYSA-N","","","False","True",0.162651408506003,0.888814350796284,"True",0.180089689987789,0.852196401630747,"True",0.173603548962042,0.876951795492776,"False",NA,NA,"all_pre_hcc",FALSE,FALSE,FALSE
800,"propyl 4-hydroxybenzoate sulfate","WEKBGFBWJOHXKR-UHFFFAOYSA-N","HMDB0135261","","False","True",0.604498272523734,0.688838927236634,"True",0.570542757231805,0.673731520607622,"False",NA,NA,"False",NA,NA,"all_pre_hcc",FALSE,FALSE,FALSE
801,"umbelliferone sulfate","LJOOSFYJELZGMR-UHFFFAOYSA-N","HMDB0240565","","True","True",0.650028500082906,0.551133132243807,"True",0.701659360411633,0.429760939766166,"False",NA,NA,"False",NA,NA,"all_pre_hcc",FALSE,FALSE,FALSE
802,"sphingomyelin (d18:1/20:0, d16:1/22:0)*","AADLTHQNYQJHQV-SVLGDMRNSA-N","HMDB0012102","","True","True",-0.222265637263956,0.547415269913785,"True",-0.193679323908151,0.383374210110525,"True",-0.221541680299024,0.458474832153681,"True",-0.193917916998812,0.416733224180972,"all_pre_hcc",TRUE,TRUE,FALSE
803,"sphingomyelin (d18:1/20:1, d18:2/20:0)*","MDRFMTLYKHBJTF-YECRPIIFSA-N","HMDB0240610,HMDB0240632","","True","True",-0.209663100634877,0.54604944813447,"True",-0.182769611411968,0.41401712806727,"True",-0.211424736885875,0.499126027427805,"True",-0.183820834034628,0.452159567860379,"all_pre_hcc",TRUE,TRUE,FALSE
804,"sphingomyelin (d18:1/20:2, d18:2/20:1, d16:1/22:2)*","YVTVVJRJLRHYSJ-COUPUTHFSA-N","","","True","True",-0.163953655368777,0.668924738478841,"True",-0.147595668757855,0.529994206980286,"True",-0.164045433068978,0.704457801164247,"True",-0.147190662685682,0.621618739316184,"all_pre_hcc",TRUE,TRUE,FALSE
805,"behenoyl sphingomyelin (d18:1/22:0)*","FJJANLYCZUNFSE-TWKUQIQBSA-N","HMDB0012103","","True","True",-0.189304887702195,0.660207058592021,"True",-0.160788862475684,0.494502090723833,"True",-0.188561731619254,0.592616392626392,"True",-0.160990341179198,0.49299846451073,"all_pre_hcc",TRUE,TRUE,FALSE
806,"sphingomyelin (d18:1/22:1, d18:2/22:0, d16:1/24:1)*","VBFKEZGCUWHGSK-ADSSWVSQSA-N","HMDB0012104","","True","True",-0.157473948057752,0.655264323023148,"True",-0.130309549935808,0.476860320575785,"True",-0.158206819385033,0.602557880977205,"True",-0.130779499955279,0.562623823011141,"all_pre_hcc",TRUE,TRUE,FALSE
807,"sphingomyelin (d18:1/22:2, d18:2/22:1, d16:1/24:2)*","BBJBWENPFZYXKM-CUYAXJSGSA-N","HMDB0240670,HMDB0240672,HMDB0240669","","True","True",-0.090129560534728,0.782164390237068,"True",-0.0646344140316291,0.763664296873637,"True",-0.0902439951953557,0.793927538751173,"True",-0.0635918384915732,0.803930608448969,"all_pre_hcc",TRUE,TRUE,FALSE
808,"lignoceroyl sphingomyelin (d18:1/24:0)","QEDPUVGSSDPBMD-XTAIVQBESA-N","HMDB0011697","","True","True",-0.185032233047028,0.668924738478841,"True",-0.157032022714599,0.521155569440383,"True",-0.184973826791588,0.620885476223692,"True",-0.15746308690561,0.53889109005607,"all_pre_hcc",TRUE,TRUE,FALSE
809,"sphingomyelin (d17:1/16:0, d18:1/15:0, d16:1/17:0)*","LQINJRUGTUOHGS-YPDYIYJKSA-N","HMDB0240617,HMDB0240608","","True","True",-0.0758837730481445,0.874740180957847,"True",-0.0515612661047398,0.833059115513004,"True",-0.0766670750176402,0.852221128989379,"True",-0.0514746013042522,0.82430078780398,"all_pre_hcc",TRUE,TRUE,FALSE
810,"dopamine 4-sulfate","DEKNNWJXAQTLFA-UHFFFAOYSA-N","HMDB0004148","C13691","True","True",0.407757556652293,0.592654476277519,"True",0.418997664392464,0.473179796678854,"True",0.410564737477565,0.583822966414121,"True",0.431748344752044,0.428066308060076,"all_pre_hcc",TRUE,TRUE,FALSE
811,"dopamine 3-O-sulfate","NZKRYJGNYPYXJZ-UHFFFAOYSA-N","HMDB0006275","C13690","True","True",0.461989193269276,0.478404237192649,"True",0.472233427682048,0.328408291125097,"True",0.465038829518478,0.419115721907217,"True",0.486607791159247,0.251810706045499,"all_pre_hcc",TRUE,TRUE,FALSE
812,"daidzein sulfate (2)","CQRHJEVIKOKQMO-UHFFFAOYSA-N","","","False","True",-0.689044473430908,0.27482397772766,"True",-0.738383211210943,0.163002026510686,"False",NA,NA,"False",NA,NA,"all_pre_hcc",FALSE,FALSE,FALSE
813,"3-hydroxyhexanoate","HPMGFDVTYHWBAG-UHFFFAOYSA-N","HMDB0061652,HMDB0010718","","True","True",0.0990472854595073,0.888814350796284,"True",0.121397636789498,0.786382352150086,"True",0.0989949682220777,0.866831664609449,"True",0.121269832098717,0.75639611087538,"all_pre_hcc",TRUE,TRUE,FALSE
814,"N-carbamoylalanine","LUSWEUMSEVLFEQ-UHFFFAOYSA-N","","","True","True",-0.53964448237149,0.527308817793279,"True",-0.541545514922508,0.399625784618349,"True",-0.531403122010979,0.497303165666681,"False",NA,NA,"all_pre_hcc",FALSE,FALSE,FALSE
815,"3beta-hydroxy-5-cholestenoate","WVXOMPRLWLXFAP-AMQKJUDNSA-N","HMDB0012453","C17333","True","True",0.159748432941029,0.686705847422965,"True",0.183517617036299,0.451783976656495,"True",0.159040429556894,0.730125598436434,"True",0.184695011558508,0.520054413002484,"all_pre_hcc",TRUE,TRUE,FALSE
816,"1,2,3-benzenetriol sulfate (1)","NGVLEQPKHLWZLN-UHFFFAOYSA-N","","","False","True",-0.240628247861481,0.833480295955114,"True",-0.289941556534936,0.783683661212668,"False",NA,NA,"False",NA,NA,"all_pre_hcc",FALSE,FALSE,FALSE
817,"1,2,3-benzenetriol sulfate (2)","NGVLEQPKHLWZLN-UHFFFAOYSA-N","HMDB0060018,HMDB0060016","","True","True",-0.196755265232431,0.864370458335254,"True",-0.185093779073591,0.808364896888311,"False",NA,NA,"False",NA,NA,"all_pre_hcc",FALSE,FALSE,FALSE
818,"3-methoxycatechol sulfate (1)","NTXOJWKIHIOUQN-UHFFFAOYSA-N","","","True","True",-0.595739912344964,0.51455523550463,"True",-0.59340506484434,0.398312338921494,"True",-0.597802203147367,0.524965148988732,"False",NA,NA,"all_pre_hcc",FALSE,FALSE,FALSE
819,"3-methoxycatechol sulfate (2)","NTXOJWKIHIOUQN-UHFFFAOYSA-N","","","False","True",-0.468404365543799,0.508289585042857,"True",-0.460383282831954,0.399625784618349,"True",-0.472455160410468,0.611384814153756,"False",NA,NA,"all_pre_hcc",FALSE,FALSE,FALSE
820,"N-acetylkynurenine (2)","PPIMFXHQDQRWGJ-JTQLQIEISA-N","HMDB0240342","","True","True",-0.14684966825308,0.888814350796284,"True",-0.211155045462712,0.803122018361302,"True",-0.150716941005343,0.866831664609449,"True",-0.213676795686144,0.789927255588574,"all_pre_hcc",TRUE,TRUE,FALSE
821,"C-glycosyltryptophan","CPXSBHKDEPPWIX-RAYCSJGISA-N","HMDB0240296","","True","True",-0.0486577896805647,0.92631812083019,"True",-0.0241668287632075,0.953727848874,"True",-0.0491367621598907,0.911529198709376,"True",-0.0227702956568192,0.941406964088266,"all_pre_hcc",TRUE,TRUE,FALSE
822,"tramadol","TVYLLZQTGLZFBW-ZBFHGGJFSA-N","HMDB0014339","C07153","False","True",0.211374193038877,0.879071578539687,"True",0.231538852231048,0.837016263734355,"True",0.210011814983508,0.866831664609449,"True",0.230155154756665,0.82430078780398,"all_pre_hcc",TRUE,TRUE,FALSE
823,"O-desmethyltramadol","UWJUQVWARXYRCG-UHFFFAOYSA-N","HMDB0060997","","False","True",0.345914734228226,0.833480295955114,"True",0.306991779434534,0.802404195772015,"True",0.346020627325625,0.808701321974805,"True",0.307146953921757,0.780595120171493,"all_pre_hcc",TRUE,TRUE,FALSE
824,"O-desmethyltramadol glucuronide","DSBGQRZOJXSECT-VFUSOVNCSA-N","HMDB0060856","","False","True",0.182942448978331,0.887124429734933,"True",0.197637986741747,0.841621090092302,"True",0.18414112709585,0.866831664609449,"True",0.198725970858972,0.820605936240007,"all_pre_hcc",TRUE,TRUE,FALSE
825,"N-desmethyl tramadol","VUMQHLSPUAFKKK-DZGCQCFKSA-N","HMDB0061007","","False","True",0.0744996814884629,0.949711921389194,"True",0.0857802206049632,0.934718569270446,"True",0.079329996020317,0.937877989634287,"True",0.0901885694206247,0.926440663921873,"all_pre_hcc",TRUE,TRUE,FALSE
826,"arabitol/xylitol","HEBKCHPVOIAQTA-IMJSIDKUSA-N","HMDB0001851,HMDB0000568,HMDB0002917","C00379,C00542,C01904","True","True",0.00126676913380116,0.998692291231007,"True",0.0250807605884715,0.95255116396374,"True",0.0005472119173794,0.999057244523309,"True",0.0255517552201193,0.938933318282376,"all_pre_hcc",TRUE,TRUE,FALSE
827,"N-acetylglucosamine/N-acetylgalactosamine","OVRNDRQMDRJTHS-FMDGEEDCSA-N","HMDB0000212,HMDB0000215","C01074","True","True",-0.125075875948027,0.747451988993944,"True",-0.0926193837932344,0.564791950698641,"True",-0.124686308317108,0.760808580362367,"True",-0.0916206674224125,0.581976580539042,"all_pre_hcc",TRUE,TRUE,FALSE
828,"citraconate/glutaconate","HNEGQIOMVPPMNR-IHWYPQMZSA-N","HMDB0000634,HMDB0000620","C02226,C02214","True","True",-0.434927274523366,0.668924738478841,"True",-0.445451606915769,0.616885880073946,"True",-0.434793490776323,0.704457801164247,"True",-0.44466638573211,0.632819870486849,"all_pre_hcc",TRUE,TRUE,FALSE
829,"adipoylcarnitine (C6-DC)","BSVHAXJKBCWVDA-UHFFFAOYSA-N","HMDB0061677","","True","True",-0.40938435181189,0.454228267241584,"True",-0.385200582354929,0.179608922380891,"True",-0.409374498720453,0.393238116684682,"True",-0.385028721468039,0.166744296564945,"all_pre_hcc",TRUE,TRUE,FALSE
830,"4-hydroxyphenylacetoylcarnitine","RLMMGDAPWBGWEF-UHFFFAOYSA-N","","","True","True",-0.198325558838251,0.790542220158438,"True",-0.184144580196642,0.737722630730234,"True",-0.200521935271915,0.819817026435907,"True",-0.18615547745499,0.778543673618658,"all_pre_hcc",TRUE,TRUE,FALSE
831,"nonanoylcarnitine (C9)","MPSPNFAQQQMFLK-UHFFFAOYSA-N","HMDB0013288","","True","True",-0.207404737958156,0.841890905207968,"True",-0.21081890898281,0.768251460297055,"True",-0.207372094641095,0.821945568256014,"True",-0.213230506783019,0.75683302403473,"all_pre_hcc",TRUE,TRUE,FALSE
832,"suberoylcarnitine (C8-DC)","YVWVEIPYMGBQPE-UHFFFAOYSA-N","","","True","True",-0.272694598723337,0.782164390237068,"True",-0.265895993656809,0.711483824702402,"True",-0.271427814888801,0.783564547628336,"True",-0.262816982792465,0.720343012139708,"all_pre_hcc",TRUE,TRUE,FALSE
833,"glycocholate sulfate","ZXUWKFXQTSOVDY-FTKNGHMZSA-N","","","False","True",0.688500809807021,0.317736490904179,"True",0.811463085469079,0.17552434240495,"True",0.680044746341984,0.400660332160945,"True",0.802723608710789,0.242559456602141,"all_pre_hcc",TRUE,TRUE,FALSE
834,"glycochenodeoxycholate 3-sulfate","DKXXSIJHWWVNMO-ISIKUUMTSA-N","HMDB0002409,HMDB0002496,HMDB0002497","","True","True",0.371070813223672,0.660801857653875,"True",0.385971349579121,0.549817126936378,"True",0.382475015627738,0.662010352672424,"True",0.407090864044056,0.528296736439073,"all_pre_hcc",TRUE,TRUE,FALSE
835,"glycodeoxycholate 3-sulfate","QJZCNFGUZPMYAX-WWZCPACMSA-N","","","False","True",-0.0854225791496323,0.967079302821043,"True",-0.11119741672724,0.955600038775922,"True",-0.102155577271609,0.955746185000366,"True",-0.12719086471456,0.939773536665308,"all_pre_hcc",TRUE,TRUE,FALSE
836,"taurodeoxycholic acid 3-sulfate","UCVGCHGIKFWAGH-WQVRBXQRSA-N","","","False","True",0.251749176035341,0.888814350796284,"True",0.256400253880949,0.861904588783398,"True",0.254200323947553,0.866831664609449,"True",0.258014063399032,0.827078035968486,"all_pre_hcc",TRUE,TRUE,FALSE
837,"trans-3,4-methyleneheptanoate","VFMNSFWBDMRNLJ-UHFFFAOYSA-N","","","True","True",0.499341767240765,0.532318449164174,"True",0.525026744286235,0.266427076521807,"True",0.500393622288246,0.537357864519045,"True",0.524950843962925,0.339998541208505,"all_pre_hcc",TRUE,TRUE,FALSE
838,"phenol glucuronide","WVHAUDNUGBNUDZ-GOVZDWNOSA-N","HMDB0060014","","False","True",0.0696058213280381,0.9628944370118,"True",0.130648725288547,0.910970510555354,"True",0.0668681887330075,0.955746185000366,"True",0.128557724015428,0.896965873965189,"all_pre_hcc",TRUE,TRUE,FALSE
839,"linoleoyl ethanolamide","KQXDGUVSAAQARU-HZJYTTRNSA-N","HMDB0012252","","True","True",-0.10052875111939,0.881766553017527,"True",-0.0679775679071659,0.859036201744636,"True",-0.0981818374632049,0.866831664609449,"True",-0.0665483750596314,0.852308473201215,"all_pre_hcc",TRUE,TRUE,FALSE
840,"1,2-dilinoleoyl-GPC (18:2/18:2)","FVXDQWZBHIXIEJ-LNDKUQBDSA-N","HMDB0008138","","True","True",-0.0398466384436942,0.929612191270303,"True",-0.0209817967725597,0.954749033374311,"True",-0.0368088326505024,0.917715044926807,"True",-0.0132593258733483,0.951091617030689,"all_pre_hcc",TRUE,TRUE,FALSE
841,"1-stearoyl-2-oleoyl-GPC (18:0/18:1)","ATHVAWFAEPLPPQ-VRDBWYNSSA-N","HMDB0008038","","True","True",-0.0270509310620047,0.935591154518678,"True",-0.00277098526763544,0.988588437872604,"True",-0.0274248569777769,0.917715044926807,"True",-0.003337064513421,0.979108282618109,"all_pre_hcc",TRUE,TRUE,FALSE
842,"1-palmitoyl-2-arachidonoyl-GPC (16:0/20:4n6)","IIZPXYDJLKNOIY-JXPKJXOSSA-N","HMDB0007982","C05208","True","True",-0.134601062585718,0.578752437867552,"True",-0.110173865796861,0.588552603719574,"True",-0.135014673663616,0.583822966414121,"True",-0.110166093253362,0.631829919798068,"all_pre_hcc",TRUE,TRUE,FALSE
843,"1-palmitoyl-2-docosahexaenoyl-GPC (16:0/22:6)","IESVDEZGAHUQJU-ZLBXKVHBSA-N","HMDB0007991","","True","True",-0.141763470880355,0.70437638758118,"True",-0.112023718493068,0.737722630730234,"True",-0.141383689194034,0.722826050329648,"True",-0.115743842818395,0.774078664020339,"all_pre_hcc",TRUE,TRUE,FALSE
844,"1-stearoyl-2-docosahexaenoyl-GPC (18:0/22:6)","FAUYAENFVCNTAL-PFFNLMTBSA-N","HMDB0008057","","True","True",-0.137235596083294,0.752929748163963,"True",-0.102296299844863,0.789698882328843,"True",-0.137193064520817,0.77207375928871,"True",-0.109151655607329,0.792658360858766,"all_pre_hcc",TRUE,TRUE,FALSE
845,"1-(1-enyl-stearoyl)-2-oleoyl-GPE (P-18:0/18:1)","XVYPOHCSLJZFED-QZEVRULJSA-N","HMDB0011375","","True","True",0.0496147760931256,0.915225494386942,"True",0.0754395788208926,0.793599520949532,"True",0.0491098885382744,0.904775610219613,"True",0.0754687538250692,0.814622363708715,"all_pre_hcc",TRUE,TRUE,FALSE
846,"sphingomyelin (d18:1/17:0, d17:1/18:0, d19:1/16:0)","YMQZQHIESOAPQH-JXGHDCMNSA-N","HMDB0240620,HMDB0240609,HMDB0240622","","True","True",-0.163410794071251,0.678231907275625,"True",-0.138814486655649,0.563541368345625,"True",-0.163943531596659,0.634691277019393,"True",-0.138293695847186,0.575591163794169,"all_pre_hcc",TRUE,TRUE,FALSE
847,"1-palmitoyl-2-stearoyl-GPC (16:0/18:0)","PZNPLUBHRSSFHT-RRHRGVEJSA-N","HMDB0007970","C03889","True","True",-0.0330274328058434,0.92631812083019,"True",-0.00810262949718132,0.957472192158647,"True",-0.033524158693041,0.906303954672782,"True",-0.0079965110891195,0.951091617030689,"all_pre_hcc",TRUE,TRUE,FALSE
848,"2-hydroxybutyrate/2-hydroxyisobutyrate","AFENDNXGAFYKQO-UHFFFAOYSA-N","HMDB0000729,HMDB00008","C21297,C05984","True","True",-0.111181886221907,0.870772528918234,"True",-0.0935929408066883,0.877859583928236,"True",-0.112148986814768,0.865267968492573,"True",-0.0893762405072058,0.874801219596927,"all_pre_hcc",TRUE,TRUE,FALSE
849,"2-methylcitrate/homocitrate","YNOXCRMFGMSKIJ-UHFFFAOYSA-N","HMDB0003518,HMDB0000379","C01251","True","True",-0.0628053131284888,0.924342827786297,"True",-0.0445146865020848,0.885594014727662,"True",-0.0648590809961352,0.898672361155325,"True",-0.0442948590030252,0.872222870759049,"all_pre_hcc",TRUE,TRUE,FALSE
850,"oleate/vaccenate (18:1)","ZQPPMHVWECSIRJ-KTKRTIGZSA-N","HMDB0003231,HMDB0000573,HMDB0240219,HMDB0000207","C21944,C08367,C01712,C00712","True","True",0.129646392085341,0.847523788250036,"True",0.154339290959601,0.696001559165833,"False",NA,NA,"False",NA,NA,"all_pre_hcc",FALSE,FALSE,FALSE
851,"2-hydroxylaurate","YDZIJQXINJLRLL-UHFFFAOYSA-N","","","True","True",0.0607170187377639,0.956657101078756,"True",0.0645170950330036,0.937687105817784,"False",NA,NA,"True",0.0623060919103975,0.925778784064587,"all_pre_hcc",FALSE,FALSE,FALSE
852,"aripiprazole","CEUORZQYGODEFX-UHFFFAOYSA-N","HMDB0005042","C12564","False","True",-0.00414950503233778,0.712140637573413,"True",-0.00414950503233921,0.678392855374469,"True",-0.0060517877461563,0.790513626985129,"True",-0.0060549517142399,0.768997746299996,"all_pre_hcc",TRUE,TRUE,FALSE
853,"pregabalin","AYXYPKUFHZROOJ-UHFFFAOYSA-N","HMDB0014375","","False","True",0.0377470165551016,0.9628944370118,"True",0.041356838575895,0.955697462584365,"True",0.064385329208419,0.928164349444469,"True",0.0717920509768683,0.914846369053496,"all_pre_hcc",TRUE,TRUE,FALSE
854,"enalapril","GBXSMTUPTTWBMN-UHFFFAOYSA-N","HMDB0014722","C06977,D03769,DG00335","False","True",-0.00414950503233939,0.712140637573413,"True",-0.00414950503234013,0.678392855374469,"True",-0.0060644530006411,0.790513626985129,"True",-0.0060768502026415,0.768997746299996,"all_pre_hcc",TRUE,TRUE,FALSE
855,"rivaroxaban","KGFYHTZWPPHNLQ-UHFFFAOYSA-N","","","False","True",-0.0301705470373647,0.551133132243807,"True",-0.0313000211712749,0.464354880557498,"True",-0.0297800358435228,0.840176927248,"False",NA,NA,"all_pre_hcc",FALSE,FALSE,FALSE
856,"1-palmitoleoylglycerol (16:1)*","KVYUBFKSKZWZSV-BQYQJAHWSA-N","HMDB0011565","","True","True",0.0300370501765752,0.976439686718909,"True",0.0457104838707454,0.948816803758413,"True",0.0300501032731671,0.970560889837061,"True",0.0472439147174157,0.936791393451008,"all_pre_hcc",TRUE,TRUE,FALSE
857,"palmitoyl dihydrosphingomyelin (d18:0/16:0)*","QHZIGNLCLJPLCU-QPPIDDCLSA-N","HMDB0010168","","True","True",-0.0746819668131042,0.866118683573015,"True",-0.044011677062513,0.797012322389442,"True",-0.0730534292887377,0.857310545511072,"True",-0.0433257806846096,0.827078035968486,"all_pre_hcc",TRUE,TRUE,FALSE
858,"tricosanoyl sphingomyelin (d18:1/23:0)*","SXZWBNWTCVLZJN-NMIJJABPSA-N","HMDB0012105","","True","True",-0.0775526872576076,0.888814350796284,"True",-0.049207584720206,0.879794101444171,"True",-0.0767055705785256,0.865103532503342,"True",-0.0494203251135834,0.866500520813843,"all_pre_hcc",TRUE,TRUE,FALSE
859,"sphingomyelin (d18:2/23:0, d18:1/23:1, d17:1/24:1)*","JBDGKEXQKCCQFK-JWQIMADESA-N","HMDB0240634,HMDB0011696,HMDB0240614","","True","True",0.0239605959258282,0.972700627250544,"True",0.0479676361566797,0.901534468936542,"True",0.0234581471821062,0.967911962639075,"True",0.0487362187034315,0.877256571622517,"all_pre_hcc",TRUE,TRUE,FALSE
860,"sphingomyelin (d18:2/24:1, d18:1/24:2)*","TXFLWJQVQCDUDZ-BRUGZULGSA-N","HMDB0240636,HMDB0240615","","True","True",-0.121207067848732,0.678231907275625,"True",-0.0937351450012617,0.544783927648369,"True",-0.121729403366682,0.704326893086498,"True",-0.0941746222144765,0.647164639915439,"all_pre_hcc",TRUE,TRUE,FALSE
861,"amoxicillin","LSQZJLSUYDQPKJ-UHFFFAOYSA-N","HMDB0015193","DG00520,C06827,D00229","False","True",0.282276677915806,0.551133132243807,"True",0.275726206501518,0.464354880557498,"False",NA,NA,"False",NA,NA,"all_pre_hcc",FALSE,FALSE,FALSE
862,"azithromycin","MQTOSJVFKKJCRP-UHFFFAOYSA-N","HMDB0014352","DG00606,D06390,C06838","False","True",0.00600438747846003,0.866118683573015,"True",0.000113681684641336,0.998643396938564,"False",NA,NA,"False",NA,NA,"all_pre_hcc",FALSE,FALSE,FALSE
863,"sitagliptin","MFFMDFFZMYYVKS-UHFFFAOYSA-N","HMDB0015390","DG00118,D08516","False","True",-0.0177757962083775,0.574142745721525,"True",-0.0222966137931075,0.447116450931243,"True",-0.0233939284007067,0.827863075572212,"True",-0.0269993375329555,0.757820314146949,"all_pre_hcc",TRUE,TRUE,FALSE
864,"sildenafil","BNRNXUUZRGQAQC-UHFFFAOYSA-N","HMDB0005039","C07259","False","True",0.0301449740106331,0.691684684863856,"True",0.0300167054055327,0.650238872857038,"True",0.0304710638607261,0.436668126479199,"False",NA,NA,"all_pre_hcc",FALSE,FALSE,FALSE
865,"solifenacin","FBOUYBDGKBSUES-HMTLIYDFSA-N","","","False","True",-0.00756292230906072,0.712140637573413,"True",-0.00829470323766337,0.678392855374469,"True",-0.0064148778714857,0.867483017445523,"True",-0.0070495391053842,0.848386998425561,"all_pre_hcc",TRUE,TRUE,FALSE
866,"1-stearoyl-2-linoleoyl-GPE (18:0/18:2)*","YDTWOEYVDRKKCR-KNERPIHHSA-N","HMDB0008994","","True","True",0.0814546333622685,0.870772528918234,"True",0.0960931509034631,0.792394165931339,"True",0.0852758131151218,0.861371866220254,"True",0.10701408623936,0.780197084572469,"all_pre_hcc",TRUE,TRUE,FALSE
867,"1-stearoyl-2-arachidonoyl-GPE (18:0/20:4)","ANRKEHNWXKCXDB-BHFWLYLHSA-N","HMDB0009003","C05210","True","True",-0.189841034734695,0.578752437867552,"True",-0.162857813079612,0.601699219885248,"True",-0.187142324489765,0.619576200404864,"True",-0.160195023760118,0.654911084649675,"all_pre_hcc",TRUE,TRUE,FALSE
868,"1-stearoyl-2-linoleoyl-GPC (18:0/18:2)*","FORFDCPQKJHEBF-JEFUZMEDSA-N","HMDB0008039","","True","True",-0.0526022097324775,0.818746352665719,"True",-0.0263739632477485,0.861904588783398,"True",-0.052467943710051,0.810981997110187,"True",-0.0258953053928887,0.866336358304356,"all_pre_hcc",TRUE,TRUE,FALSE
869,"1-palmitoyl-2-palmitoleoyl-GPC (16:0/16:1)*","QIBZFHLFHCIUOT-HTXNQAPBSA-N","HMDB0007969","","True","True",-0.0763550166614638,0.874740180957847,"True",-0.0496958124740799,0.862804061606813,"True",-0.0764080621034759,0.865103532503342,"True",-0.049719630977063,0.861316306366708,"all_pre_hcc",TRUE,TRUE,FALSE
870,"1-palmitoyl-2-dihomo-linolenoyl-GPC (16:0/20:3n3 or 6)*","SRIGHEHXEGELQJ-YYQUKWHJSA-N","","","True","True",-0.0669594960541297,0.757143492680545,"True",-0.0411215938133957,0.804802146715741,"True",-0.0670265203110794,0.762602135361161,"True",-0.0407680935151885,0.82430078780398,"all_pre_hcc",TRUE,TRUE,FALSE
871,"1-palmitoyl-2-arachidonoyl-GPE (16:0/20:4)*","DRIVXEVMDWCWLI-CAQMIEAISA-N","HMDB0005323","C05210","True","True",-0.101616184716607,0.782164390237068,"True",-0.0722692064102267,0.832873486991747,"True",-0.0975188212556469,0.809705571190545,"True",-0.0705148631163955,0.829178819393572,"all_pre_hcc",TRUE,TRUE,FALSE
872,"1-palmitoyl-2-docosahexaenoyl-GPE (16:0/22:6)*","MPWUZHVZZKSTPV-MADBQMNMSA-N","HMDB0008946","","True","True",-0.0591010605813994,0.931590056169532,"True",-0.0275402946555652,0.955697462584365,"True",-0.0604199296587287,0.917715044926807,"True",-0.0332149217800667,0.941406964088266,"all_pre_hcc",TRUE,TRUE,FALSE
873,"1-stearoyl-2-docosahexaenoyl-GPE (18:0/22:6)*","XYYHNDVKALDFHQ-OXHZBIAZSA-N","HMDB0009012","","True","True",0.0865553282917512,0.888814350796284,"True",0.127541587570103,0.803122018361302,"True",0.0812441816398089,0.906303954672782,"True",0.120919524502344,0.827078035968486,"all_pre_hcc",TRUE,TRUE,FALSE
874,"1-palmitoyl-2-arachidonoyl-GPI (16:0/20:4)*","KIQYUSYSJTUGFZ-LSLODQAYSA-N","HMDB0009789","","True","True",-0.231019224466217,0.592654476277519,"True",-0.204195068352588,0.583448968814225,"True",-0.230644019009182,0.592616392626392,"True",-0.204717014907551,0.611750007268877,"all_pre_hcc",TRUE,TRUE,FALSE
875,"1-stearoyl-2-linoleoyl-GPI (18:0/18:2)","KZVRAFHIKMDULK-HAVSRZFESA-N","HMDB0009809","","True","True",-0.0721277299089084,0.888814350796284,"True",-0.0455559363423976,0.885594014727662,"True",-0.0721218022147119,0.870916680963034,"True",-0.0454692011631227,0.872222870759049,"all_pre_hcc",TRUE,TRUE,FALSE
876,"gamma-tocopherol/beta-tocopherol","QUEDXNHFTDJVIY-DQCZWYHMSA-N","HMDB0006335,HMDB0001492","C14152,C02483","True","True",-0.271707648229832,0.551133132243807,"True",-0.24327511740207,0.514280547426106,"True",-0.271555488018319,0.592616392626392,"True",-0.244683889874896,0.575591163794169,"all_pre_hcc",TRUE,TRUE,FALSE
877,"1-(1-enyl-stearoyl)-2-arachidonoyl-GPE (P-18:0/20:4)*","URPXXNCTXCOATD-FXMFQVEGSA-N","HMDB0005779","","True","True",-0.238835632204392,0.551133132243807,"True",-0.210220623022525,0.444707280538038,"True",-0.239046013892467,0.53650857631956,"True",-0.212205185315233,0.49299846451073,"all_pre_hcc",TRUE,TRUE,FALSE
878,"1-(1-enyl-palmitoyl)-2-arachidonoyl-GPE (P-16:0/20:4)*","UUYSKERSKRMYME-MAIXUNBTSA-N","HMDB0011352","","True","True",-0.102697542519524,0.818746352665719,"True",-0.0750685415716399,0.793134514945984,"True",-0.102704578549556,0.810981997110187,"True",-0.0758123529333552,0.813177040341497,"all_pre_hcc",TRUE,TRUE,FALSE
879,"1-(1-enyl-palmitoyl)-2-oleoyl-GPE (P-16:0/18:1)*","ZVVYJAAMWXATNY-PRWZWGSOSA-N","HMDB0011342","","True","True",0.0169109404972386,0.967079302821043,"True",0.0522383139845137,0.841429398750232,"True",0.016922964646648,0.969964456778743,"True",0.0517378584018382,0.864580723385255,"all_pre_hcc",TRUE,TRUE,FALSE
880,"1-(1-enyl-palmitoyl)-2-oleoyl-GPC (P-16:0/18:1)*","CRBBMHQTIAELIS-KQBBALDBSA-N","HMDB0007996","","True","True",-0.0728712284743912,0.866118683573015,"True",-0.0463120365131258,0.808364896888311,"True",-0.073109606555143,0.857310545511072,"True",-0.0461727301300746,0.843817867853382,"all_pre_hcc",TRUE,TRUE,FALSE
881,"1-(1-enyl-palmitoyl)-2-linoleoyl-GPC (P-16:0/18:2)*","QLEHHUPUHJPURI-PWYDUFMYSA-N","HMDB0011211","","True","True",-0.0653590742664078,0.866118683573015,"True",-0.0387538214657018,0.854708776950554,"True",-0.0655751897020088,0.865103532503342,"True",-0.0387344959569251,0.872222870759049,"all_pre_hcc",TRUE,TRUE,FALSE
882,"1-(1-enyl-palmitoyl)-2-arachidonoyl-GPC (P-16:0/20:4)*","IOYKZPNDXIIXLN-LOQSCQKMSA-N","HMDB0011220","","True","True",-0.248140911789752,0.27482397772766,"True",-0.221382317762135,0.141191448138391,"True",-0.248023441367884,0.250476271106276,"True",-0.221342388385774,0.223868791569115,"all_pre_hcc",TRUE,TRUE,FALSE
883,"sphingomyelin (d18:1/21:0, d17:1/22:0, d16:1/23:0)*","YXSZOBWVQJIWNE-QVDCKBILSA-N","HMDB0240619,HMDB0240611,HMDB0240621","","True","True",0.063401978827048,0.935591154518678,"True",0.0888506050602378,0.852196401630747,"True",0.062339140564428,0.911617308854284,"True",0.0874230346084368,0.82430078780398,"all_pre_hcc",TRUE,TRUE,FALSE
884,"behenoyl dihydrosphingomyelin (d18:0/22:0)*","FONAXCRWZQFJHY-JCGOJSMZSA-N","HMDB0012091","","True","True",-0.0599521286040442,0.92631812083019,"True",-0.0312894208225796,0.941394682022117,"True",-0.0587805296808053,0.906303954672782,"True",-0.0315013944534104,0.936791393451008,"all_pre_hcc",TRUE,TRUE,FALSE
885,"sphingomyelin (d18:0/18:0, d19:0/17:0)*","JCELSEVNSMXGKA-IOLBBIBUSA-N","HMDB0012087","","True","True",-0.169000926195659,0.761769676770543,"True",-0.142997216289337,0.684973026617939,"True",-0.169600128465741,0.76687147153792,"True",-0.144116136082034,0.728275750480638,"all_pre_hcc",TRUE,TRUE,FALSE
886,"N-palmitoyl-sphinganine (d18:0/16:0)","GCGTXOVNNFGTPQ-JHOUSYSJSA-N","HMDB11760","","True","True",0.0269564895758907,0.9628944370118,"True",0.0542953080147932,0.854708776950554,"True",0.0271819707688591,0.955878489269601,"True",0.0534499544461286,0.862164010301737,"all_pre_hcc",TRUE,TRUE,FALSE
887,"lactosyl-N-palmitoyl-sphingosine (d18:1/16:0)","HLIJNIKSBCIDGO-QKLMXXKVSA-N","HMDB0006750","","True","True",0.0276366161966494,0.935591154518678,"True",0.0536279712412313,0.808364896888311,"True",0.0274144039190919,0.928164349444469,"True",0.0541416250329689,0.814622363708715,"all_pre_hcc",TRUE,TRUE,FALSE
888,"cetirizine","ZKLPARSLTMPFCP-UHFFFAOYSA-N","HMDB0005032","C07778","False","True",0.172828213798481,0.92631812083019,"True",0.193867495903072,0.892762296820849,"True",0.199396782598117,0.898672361155325,"True",0.216327659035421,0.870458828908968,"all_pre_hcc",TRUE,TRUE,FALSE
889,"myristoyl dihydrosphingomyelin (d18:0/14:0)*","MJAFYELZQYPMQG-MPQUPPDSSA-N","HMDB0012085","","True","True",-0.0608983339656806,0.915225494386942,"True",-0.0341096079299709,0.902697366097304,"True",-0.060743084576692,0.886424021560889,"True",-0.0341139367273006,0.893286201884168,"all_pre_hcc",TRUE,TRUE,FALSE
890,"5-hydroxyindole sulfate","YJRFFCVUYDRNTR-UHFFFAOYSA-N","","","False","True",-0.404965928689661,0.632021555906533,"True",-0.37217056154273,0.639840412356702,"True",-0.402712134039198,0.630159368308514,"True",-0.372139024328422,0.621799414193037,"all_pre_hcc",TRUE,TRUE,FALSE
891,"7-hydroxyindole sulfate","YBMPUGDWCSVZRS-UHFFFAOYSA-N","","","False","True",-0.373460192444605,0.631861942777612,"True",-0.388057153007577,0.558976204196056,"True",-0.371975026509802,0.634691277019393,"True",-0.387518325849202,0.547762433215384,"all_pre_hcc",TRUE,TRUE,FALSE
892,"phenylacetylglutamate","PTSRBZOZSRJCKX-JTQLQIEISA-N","HMDB0059772","","False","True",-0.368455701293665,0.722532697859701,"True",-0.398235116578886,0.678392855374469,"True",-0.364824491668292,0.722826050329648,"True",-0.401312685048657,0.647164639915439,"all_pre_hcc",TRUE,TRUE,FALSE
893,"palmitoyl-linoleoyl-glycerol (16:0/18:2) [2]*","ZKYDYRLDJZZKEU-BCTRXSSUSA-N","HMDB0007103","","False","True",-0.840647017373438,0.512575300864899,"True",-0.918567944541007,0.41401712806727,"True",-0.840710217728389,0.522988965881991,"True",-0.919422921098552,0.428066308060076,"all_pre_hcc",TRUE,TRUE,FALSE
894,"1-palmitoyl-2-oleoyl-GPI (16:0/18:1)*","PDLAMJKMOKWLAJ-KTBSNPQYSA-N","HMDB0009783","","True","True",-0.0102480721383545,0.994566962192978,"True",0.0130766155866478,0.973353791276985,"True",-0.0091907452232329,0.993902794800286,"True",0.0150328285606765,0.951091617030689,"all_pre_hcc",FALSE,TRUE,FALSE
895,"1-(1-enyl-palmitoyl)-2-linoleoyl-GPE (P-16:0/18:2)*","LJVXDBWIBQQKFU-CCJYEBHUSA-N","HMDB0011343","","True","True",0.0507555014475278,0.904336632865525,"True",0.0777071845221705,0.784279495746267,"True",0.0501979091229296,0.898672361155325,"True",0.0772370332958208,0.813177040341497,"all_pre_hcc",TRUE,TRUE,FALSE
896,"1-palmitoleoyl-2-linoleoyl-GPC (16:1/18:2)*","QJWDAOSZZYVBJZ-KXESGEQTSA-N","HMDB0008006","","True","True",-0.396525403983881,0.521340597853357,"True",-0.335431943022937,0.431292355064545,"True",-0.396326769234592,0.53517611012099,"True",-0.33721559480041,0.48476439220678,"all_pre_hcc",TRUE,TRUE,FALSE
897,"1-oleoyl-2-linoleoyl-GPE (18:1/18:2)*","GKAFCSRKMWFPSJ-RJXNKANHSA-N","HMDB0005349","","True","True",0.30859697757046,0.54604944813447,"True",0.321193764702943,0.418981938008909,"True",0.325556710343042,0.531613201510259,"True",0.345360084446469,0.399026460678881,"all_pre_hcc",TRUE,TRUE,FALSE
898,"1-linoleoyl-GPA (18:2)*","ZQTAMPRZFOOEEP-KKFOGOCZSA-N","HMDB0007856","","True","True",0.287626583764928,0.481443673620087,"True",0.29608618393568,0.347504897360283,"True",0.290884812188149,0.396318600411126,"True",0.312491483250985,0.240974502592583,"all_pre_hcc",TRUE,TRUE,FALSE
899,"1-oleoyl-2-docosahexaenoyl-GPC (18:1/22:6)*","FPEVDFOXMCHLKL-KFDYCXSYSA-N","HMDB0008123","","True","True",-0.0693643322739006,0.866118683573015,"True",-0.0380947264481252,0.890874655763929,"True",-0.067091149855885,0.863219602649909,"True",-0.0401081072126177,0.889552499925778,"all_pre_hcc",TRUE,TRUE,FALSE
900,"1-linoleoyl-2-arachidonoyl-GPC (18:2/20:4n6)*","ZZSZQATYGVHNLZ-PUMLCSCDSA-N","HMDB0008147","C05208","True","True",-0.200478585736584,0.54604944813447,"True",-0.175404510583675,0.433850521723482,"True",-0.200780974674747,0.501611137045321,"True",-0.174752454902845,0.475701408626617,"all_pre_hcc",TRUE,TRUE,FALSE
901,"1-myristoyl-2-arachidonoyl-GPC (14:0/20:4)*","SRQSAJRUMDQMMS-NLDJLLEISA-N","HMDB0007883","","True","True",-0.266268937636909,0.54604944813447,"True",-0.245315737127518,0.459229228887976,"True",-0.26874633775212,0.530500104454036,"True",-0.246247611845347,0.488857663696124,"all_pre_hcc",TRUE,TRUE,FALSE
902,"1-(1-enyl-palmitoyl)-2-palmitoleoyl-GPC (P-16:0/16:1)*","FZMYLOBGNYZPQO-QLSONYGBSA-N","HMDB0011207","","True","True",-0.148460164916613,0.741139766383357,"True",-0.122447810249886,0.670290979617202,"True",-0.148331482422669,0.760808580362367,"True",-0.121886928922123,0.726645658508186,"all_pre_hcc",TRUE,TRUE,FALSE
903,"1-(1-enyl-palmitoyl)-2-palmitoyl-GPC (P-16:0/16:0)*","PEWXKAOBUSBJLD-MCBGMKGZSA-N","HMDB0011206","","True","True",-0.0813635227083863,0.847523788250036,"True",-0.054839561524951,0.792394165931339,"True",-0.0815096127794968,0.848848537578865,"True",-0.0550148977096067,0.816962696683555,"all_pre_hcc",TRUE,TRUE,FALSE
904,"1-stearoyl-2-oleoyl-GPI (18:0/18:1)*","YOBFISPJJWPPTK-BAAZTTAESA-N","HMDB0240667","","True","True",0.0845351305406049,0.915225494386942,"True",0.0992915795774366,0.822032781407359,"True",0.0853226134514481,0.885260853561802,"True",0.103448855074232,0.803930608448969,"all_pre_hcc",TRUE,TRUE,FALSE
905,"1,2-dipalmitoyl-GPE (16:0/16:0)*","SLKDGVPOSSLUAI-PGUFJCEWSA-N","HMDB0008923","","False","True",0.689724309078134,0.27482397772766,"True",0.695654914332859,0.173412260368882,"False",NA,NA,"True",0.698433577523777,0.158197498760599,"all_pre_hcc",FALSE,FALSE,FALSE
906,"1,2-dilinoleoyl-GPE (18:2/18:2)*","SSCDRSKJTAQNNB-DWEQTYCFSA-N","HMDB0009093","","True","True",0.533388629021153,0.54604944813447,"True",0.521388759311121,0.431292355064545,"False",NA,NA,"False",NA,NA,"all_pre_hcc",FALSE,FALSE,FALSE
907,"1-oleoyl-2-arachidonoyl-GPE (18:1/20:4)*","PECSWFQRRFRZPW-BHPGJWMBSA-N","HMDB0009069","","True","True",0.139592547966032,0.870772528918234,"True",0.188175182820875,0.797012322389442,"True",0.156941779549671,0.859458271271641,"True",0.201456297250938,0.792658360858766,"all_pre_hcc",TRUE,TRUE,FALSE
908,"1-linoleoyl-2-arachidonoyl-GPE (18:2/20:4)*","LFGBKOUQHCWBQI-BZGLIJSBSA-N","HMDB0009102","","False","True",-0.0898989111208857,0.931590056169532,"True",-0.054545266035012,0.955697462584365,"False",NA,NA,"True",-0.0403386719098782,0.949578478110667,"all_pre_hcc",FALSE,FALSE,FALSE
909,"1-(1-enyl-stearoyl)-2-linoleoyl-GPE (P-18:0/18:2)*","XVXISDREVDGQPX-PISDLAQISA-N","HMDB0011376","","True","True",0.0413238509164576,0.92631812083019,"True",0.0671166192641023,0.821270383925121,"True",0.0406256744055695,0.914801894510549,"True",0.0669248593038187,0.829178819393572,"all_pre_hcc",TRUE,TRUE,FALSE
910,"1-linoleoyl-GPG (18:2)*","VEEHTGYBVMTAAF-RFFZIGDUSA-N","HMDB0240600","","True","True",0.216174211422592,0.662903340517211,"True",0.237069026103655,0.429760939766166,"True",0.215220165284491,0.662010352672424,"True",0.239290248013057,0.400866035114066,"all_pre_hcc",TRUE,TRUE,FALSE
911,"gamma-glutamylserine","SQBNIUOYNOKDTI-WHFBIAKZSA-N","HMDB0029158","","True","True",0.149291215823784,0.688838927236634,"True",0.166939497227932,0.41401712806727,"True",0.149150939321637,0.662010352672424,"True",0.167188847124447,0.367722702306382,"all_pre_hcc",TRUE,TRUE,FALSE
912,"thioproline","DZLNHFMRPBPULJ-VKHMYHEASA-N","HMDB0062164","","True","True",-0.233278339405808,0.568832311031636,"True",-0.20168179736478,0.41401712806727,"True",-0.235714452972143,0.55944279970287,"True",-0.206727250166787,0.428066308060076,"all_pre_hcc",TRUE,TRUE,FALSE
913,"palmitoylcholine","UFQZDKMTMXCDBP-UHFFFAOYSA-N","HMDB0240592","","True","True",-0.859618987007759,0.151458419651791,"True",-0.837509520497951,0.0514563556301943,"True",-0.861329245698699,0.0832497430275824,"True",-0.839950002049225,0.0269764153214911,"all_pre_hcc",TRUE,TRUE,FALSE
914,"2-methylserine","CDUUKBXTEOFITR-UHFFFAOYSA-N","","C02115","True","True",-0.0330640906664033,0.960969653811498,"True",-8.57395338874519e-05,0.999601159791967,"False",NA,NA,"False",NA,NA,"all_pre_hcc",FALSE,FALSE,FALSE
915,"mycophenolic acid","HPNSFSBZBAHARI-RUDMXATFSA-N","HMDB0015159","C20380","False","True",-0.113220934503185,0.301542477749243,"True",-0.106937833329321,0.192637915760824,"True",-0.112679731723897,0.634691277019393,"True",-0.106640266318345,0.560982665360351,"all_pre_hcc",TRUE,TRUE,FALSE
916,"mycophenolic acid glucuronide","BYFGTSAYQQIUCN-HGIHDBQLSA-N","HMDB0060634","","False","True",-0.0977666128191164,0.27482397772766,"True",-0.0919231687414792,0.156450641780339,"True",-0.0976127064139851,0.590859444645037,"True",-0.0919858016485552,0.50172696436851,"all_pre_hcc",TRUE,TRUE,FALSE
917,"glycocholate glucuronide (1)","BWWWIHHYPYDOJQ-ICKMJTCPSA-N","","","False","True",0.0169150610365676,0.994566962192978,"True",0.0670633105177079,0.953727848874,"True",0.0142425948704779,0.996206386364545,"True",0.0651755302587632,0.941406964088266,"all_pre_hcc",TRUE,TRUE,FALSE
918,"glycochenodeoxycholate glucuronide (1)","ABFZMYIIUREPLL-ASWJIRIHSA-N","HMDB0002579","","True","True",0.214291283312364,0.752261358697651,"True",0.232434359287611,0.651005392292611,"True",0.210165121067172,0.782631996408488,"True",0.234211991823452,0.684280449273851,"all_pre_hcc",TRUE,TRUE,FALSE
919,"(S)-3-hydroxybutyrylcarnitine","UEFRDQSMQXDWTO-UHFFFAOYSA-N","HMDB0013127","","True","True",-0.00591435912950904,0.998692291231007,"True",0.0233755347638272,0.955697462584365,"True",-0.005258796179183,0.996206386364545,"True",0.0234335202019423,0.94190390479739,"all_pre_hcc",FALSE,TRUE,FALSE
920,"glycosyl-N-palmitoyl-sphingosine (d18:1/16:0)","VJLLLMIZEJJZTE-NNTBDIJYSA-N","","","True","True",-0.323873119698131,0.291805016299868,"True",-0.298150619025257,0.265503377060341,"True",-0.324362568976097,0.379214854418671,"True",-0.297504061786099,0.346377112538744,"all_pre_hcc",TRUE,TRUE,FALSE
921,"methylsuccinoylcarnitine","GFWWWKVGRZVWDS-UHFFFAOYSA-N","","","True","True",-0.26222735577846,0.639848586285137,"True",-0.231909933303614,0.459229228887976,"True",-0.263004239366068,0.662010352672424,"True",-0.234059017200474,0.529300472714251,"all_pre_hcc",TRUE,TRUE,FALSE
922,"14-HDoHE/17-HDoHE","ZNEBXONKCYFJAF-BGKMTWLOSA-N","HMDB0060044,HMDB0010213","","False","True",0.662041177445745,0.432407406795712,"True",0.729484860592424,0.331315000097273,"False",NA,NA,"False",NA,NA,"all_pre_hcc",FALSE,FALSE,FALSE
923,"catechol glucuronide","ICPYZFZFSLTYID-GOVZDWNOSA-N","HMDB0240490","","False","True",-0.384085223625661,0.660207058592021,"True",-0.408414653966299,0.601699219885248,"False",NA,NA,"False",NA,NA,"all_pre_hcc",FALSE,FALSE,FALSE
924,"sulfamethoxazole","JLKIGFTWXXRPMT-UHFFFAOYSA-N","HMDB0015150","D00447","False","True",-0.0132908870132005,0.986259451264941,"True",0.00098121694297165,0.998643396938564,"False",NA,NA,"False",NA,NA,"all_pre_hcc",FALSE,FALSE,FALSE
925,"ascorbic acid 2-sulfate","SKKZOYBAANIUOV-ZAFYKAAXSA-N","HMDB0060649","","True","True",-0.187010517196964,0.657882122447869,"True",-0.160927879834827,0.728446618925524,"True",-0.187033692207195,0.643609304793733,"True",-0.16100396766688,0.729897606831143,"all_pre_hcc",TRUE,TRUE,FALSE
926,"oleoylcholine","GFSSJDJAEKYAGX-UHFFFAOYSA-N","HMDB0240596","","True","True",-0.858690336126413,0.162843179357067,"True",-0.839096104610147,0.0609038012350003,"True",-0.860771486825632,0.0978045095031188,"True",-0.842912812828742,0.0291625482740119,"all_pre_hcc",TRUE,TRUE,FALSE
927,"arachidonoylcholine","XUWOVXDQNYUPNL-WYTUUNCASA-N","HMDB0240583","","True","True",-0.975127443438837,0.151458419651791,"True",-0.982960688362762,0.0776286226837122,"True",-0.97589980878834,0.0832497430275824,"True",-0.985367780376014,0.0325182613286218,"all_pre_hcc",TRUE,TRUE,FALSE
928,"docosahexaenoylcholine","OKLWSURGMYZXCS-GUTOPQIJSA-N","HMDB0240647","","True","True",-1.03330535487258,0.24378660037595,"True",-1.1513063507047,0.115892347543332,"True",-1.03290071030994,0.188889164299435,"True",-1.15057882226081,0.0832953765458435,"all_pre_hcc",TRUE,TRUE,FALSE
929,"palmitoloelycholine","CLIZBTUFRKKPFA-UHFFFAOYSA-N","HMDB0013208","","False","True",-0.979923575321869,0.173049264311558,"True",-1.0060091758519,0.0759615128435554,"True",-0.980093559930745,0.123912791798323,"True",-1.0060786014785,0.0476169972308076,"all_pre_hcc",TRUE,TRUE,FALSE
930,"dihomo-linolenoyl-choline","FRBBZHFNTVMXIH-OKLKQMLOSA-N","HMDB0240646","","True","True",-1.01277436265462,0.137161952808854,"True",-0.999821513843269,0.0394810308227283,"True",-1.01280209088238,0.0832497430275824,"True",-1.00082280209884,0.0299986026575389,"all_pre_hcc",TRUE,TRUE,FALSE
931,"eicosapentaenoylcholine","AVBRNEQAXKXDAZ-CGRWFSSPSA-N","","","False","True",-0.323585968780236,0.619439990886497,"True",-0.35059284222573,0.563541368345625,"True",-0.34315502281285,0.675132712477377,"True",-0.373553062276505,0.618267819447589,"all_pre_hcc",TRUE,TRUE,FALSE
932,"caffeic acid sulfate","SNVAIAITQIIEMQ-DUXPYHPUSA-N","HMDB0041708","","False","True",-0.472702249692957,0.761769676770543,"True",-0.562435741140173,0.680666853424915,"True",-0.467206938896852,0.773146867653683,"True",-0.55269201289863,0.709526844791832,"all_pre_hcc",TRUE,TRUE,FALSE
933,"1-linoleoyl-2-linolenoyl-GPC (18:2/18:3)*","HZGAVPNEGHQJID-UNBCHYIMSA-N","HMDB0008141","","True","True",0.0178107599550587,0.976891220634315,"True",0.0383850789968652,0.945027128227564,"True",0.0181150851547203,0.974023470722362,"True",0.0405084078849424,0.934011971746931,"all_pre_hcc",TRUE,TRUE,FALSE
934,"1-palmitoleoyl-2-linolenoyl-GPC (16:1/18:3)*","MMUCLZZSNHBNFL-KBTBXKTRSA-N","HMDB0008008","","True","True",-0.0755333597422066,0.888814350796284,"True",-0.0488810543885415,0.901534468936542,"True",-0.0756190673616914,0.877567398140426,"False",NA,NA,"all_pre_hcc",FALSE,FALSE,FALSE
935,"hexadecadienoate (16:2n6)","WPJGPAAPSBVXNU-HZJYTTRNSA-N","HMDB0000477","","True","True",0.00351001582179451,0.998692291231007,"True",0.0266265478892055,0.957472192158647,"False",NA,NA,"False",NA,NA,"all_pre_hcc",FALSE,FALSE,FALSE
936,"palmitoleoylcarnitine (C16:1)*","JFAGPSOZZSTLRF-KHPPLWFESA-N","HMDB0013207","","True","True",-0.199984687241249,0.723061765935624,"True",-0.173636219726247,0.607349833121741,"True",-0.200391662548374,0.729858007048863,"True",-0.173194759282881,0.617230628305029,"all_pre_hcc",TRUE,TRUE,FALSE
937,"pimeloylcarnitine/3-methyladipoylcarnitine (C7-DC)","NTBUXPPQHCFLOM-UHFFFAOYSA-N","","","True","True",-0.560273361934609,0.454228267241584,"True",-0.523691553881738,0.303489451728084,"True",-0.557316246882715,0.404622588947593,"True",-0.522658306634308,0.275422907698685,"all_pre_hcc",TRUE,TRUE,FALSE
938,"4-acetamidobenzoate","QCXJEYYXVJIFCE-UHFFFAOYSA-N","","D03836","False","True",-0.191420801328333,0.824434621635099,"True",-0.149275975744428,0.833059115513004,"False",NA,NA,"False",NA,NA,"all_pre_hcc",FALSE,FALSE,FALSE
939,"4-hydroxyphenylacetylglutamine","NNBITIFYUGRBJL-JTQLQIEISA-N","","","True","True",-0.283390266882138,0.723061765935624,"True",-0.264953556872767,0.687614252032518,"True",-0.283108566988394,0.754792545427083,"True",-0.263331252211751,0.725355527874707,"all_pre_hcc",TRUE,TRUE,FALSE
940,"2,3-dihydroxy-2-methylbutyrate","AOWPAWLEXIYETE-UHFFFAOYSA-N","HMDB0029576","","True","True",0.0390703736553027,0.960981596061617,"True",0.0624803722421799,0.910970510555354,"True",0.0396632001455086,0.958972774118448,"False",NA,NA,"all_pre_hcc",FALSE,FALSE,FALSE
941,"4-aminophenol sulfate (2)","DJEGXIBXYHERSU-UHFFFAOYSA-N","","","False","True",0.0449182684633472,0.954314328484829,"True",0.0421381054479944,0.95255116396374,"True",0.0481976537244192,0.942558123821894,"True",0.0435204486348505,0.941406964088266,"all_pre_hcc",TRUE,TRUE,FALSE
942,"2'-O-methylcytidine","RFCQJGFZUQFYRF-ZOQUXTDFSA-N","","","True","True",0.272080132034729,0.27482397772766,"True",0.265927414898308,0.11588379272542,"True",0.277744659250428,0.400679679038351,"True",0.278874553725536,0.223868791569115,"all_pre_hcc",TRUE,TRUE,FALSE
943,"2'-O-methyluridine","SXUXMRMBWZCMEN-ZOQUXTDFSA-N","HMDB0240328","","True","True",-0.0788926777047847,0.888814350796284,"True",-0.0384610328000951,0.916463204436899,"True",-0.0796163997319775,0.887018153447629,"False",NA,NA,"all_pre_hcc",FALSE,FALSE,FALSE
944,"naringenin 7-glucuronide","BDCRTIDKZGEVEN-UHFFFAOYSA-N","","","False","True",0.49158408412334,0.565034425872304,"True",0.454329968994532,0.529994206980286,"False",NA,NA,"False",NA,NA,"all_pre_hcc",FALSE,FALSE,FALSE
945,"gamma-glutamyl-alpha-lysine","LNLLNTMHVMIMOG-YUMQZZPRSA-N","","","True","True",0.0825863523021843,0.835338094486981,"True",0.108588169236399,0.59663031915259,"True",0.0825419033552861,0.790513626985129,"True",0.108611932494973,0.562623823011141,"all_pre_hcc",TRUE,TRUE,FALSE
946,"ferulylglycine (1)","CLGNQAIRBLDHIN-HWKANZROSA-N","","","False","True",-0.411269337254877,0.578752437867552,"True",-0.386671106252349,0.565739189280992,"False",NA,NA,"False",NA,NA,"all_pre_hcc",FALSE,FALSE,FALSE
947,"ferulylglycine (2)","CLGNQAIRBLDHIN-HWKANZROSA-N","","","False","True",-0.581860195377333,0.27482397772766,"True",-0.648031141722275,0.162281600569874,"True",-0.58923152931821,0.393238116684682,"True",-0.650498408667023,0.242559456602141,"all_pre_hcc",TRUE,TRUE,FALSE
948,"palmitoyl-oleoyl-glycerol (16:0/18:1) [2]*","YEJYLHKQOBOSCP-OZKTZCCCSA-N","HMDB0007102","C13861","False","True",-0.532634197619008,0.660207058592021,"True",-0.555353914912893,0.564791950698641,"True",-0.541158660176649,0.704457801164247,"True",-0.565501205940738,0.61779351600364,"all_pre_hcc",TRUE,TRUE,FALSE
949,"oleoyl-oleoyl-glycerol (18:1/18:1) [1]*","AFSHUZFNMVJNKX-CLFAGFIQSA-N","HMDB0007218","","False","True",-0.843385161091073,0.54604944813447,"True",-0.830750887843841,0.429760939766166,"True",-0.861036605490989,0.563476311157663,"True",-0.849109288599411,0.465533065534784,"all_pre_hcc",TRUE,TRUE,FALSE
950,"oleoyl-oleoyl-glycerol (18:1/18:1) [2]*","AFSHUZFNMVJNKX-CLFAGFIQSA-N","HMDB0007218","","False","True",-0.89075306153135,0.51455523550463,"True",-0.879059224873632,0.42053024261619,"True",-0.899955296031741,0.538204039859242,"True",-0.889657442634904,0.462664126119546,"all_pre_hcc",TRUE,TRUE,FALSE
951,"linoleoyl-arachidonoyl-glycerol (18:2/20:4) [1]*","KRECEGQUDDMNAQ-MYBRWWDOSA-N","HMDB0007257","","True","True",-0.832673166157765,0.403181787940639,"True",-0.766402155297962,0.41401712806727,"True",-0.832325216606565,0.417530986800651,"True",-0.765735057674641,0.43553942361131,"all_pre_hcc",TRUE,TRUE,FALSE
952,"linoleoyl-arachidonoyl-glycerol (18:2/20:4) [2]*","KRECEGQUDDMNAQ-MYBRWWDOSA-N","HMDB0007257","","True","True",-0.841918338774541,0.393566697647221,"True",-0.815558653093815,0.35722335073974,"True",-0.840356477003227,0.393238116684682,"True",-0.813209032814217,0.348894573154692,"all_pre_hcc",TRUE,TRUE,FALSE
953,"linoleoyl-linolenoyl-glycerol (18:2/18:3) [2]*","ZDBLXLQFRZTIIU-ZPNZQGKLSA-N","HMDB0007250","","False","True",-0.767042415690987,0.393566697647221,"True",-0.86016706035124,0.331315000097273,"True",-0.795201799641191,0.417530986800651,"True",-0.892992783727652,0.367722702306382,"all_pre_hcc",TRUE,TRUE,FALSE
954,"linoleoyl-docosahexaenoyl-glycerol (18:2/22:6) [1]*","GPMAAGRGFWBOSO-KLJRXRINSA-N","HMDB0007266","","False","True",-0.266472788436001,0.773139773692326,"True",-0.230593095817157,0.803122018361302,"True",-0.284428557807151,0.805189431311472,"True",-0.245740717409041,0.813177040341497,"all_pre_hcc",TRUE,TRUE,FALSE
955,"linoleoyl-docosahexaenoyl-glycerol (18:2/22:6) [2]*","GPMAAGRGFWBOSO-KLJRXRINSA-N","HMDB0007266","","False","True",-0.493195627285376,0.547415269913785,"True",-0.561017545818791,0.423580050185444,"True",-0.529987179330703,0.580960459421419,"True",-0.603791216200974,0.450466342649941,"all_pre_hcc",TRUE,TRUE,FALSE
956,"palmitoleoyl-linoleoyl-glycerol (16:1/18:2) [1]*","BHGPPCIWDXQOMA-HZFIRFLSSA-N","HMDB0007132","","False","True",-1.39239021559286,0.173049264311558,"True",-1.25960626418569,0.11588379272542,"True",-1.4000607628555,0.197283812495901,"True",-1.26760624466158,0.13814793379003,"all_pre_hcc",TRUE,TRUE,FALSE
957,"oleoyl-arachidonoyl-glycerol (18:1/20:4) [1]*","LWXLWRXRJKMNLM-XBUMEPTLSA-N","HMDB0007228","","False","True",-0.25951328046562,0.852654062093765,"True",-0.196345772717777,0.854708776950554,"True",-0.258666099746643,0.865103532503342,"True",-0.195004500775945,0.868887638489351,"all_pre_hcc",TRUE,TRUE,FALSE
958,"oleoyl-arachidonoyl-glycerol (18:1/20:4) [2]*","LWXLWRXRJKMNLM-XBUMEPTLSA-N","HMDB0007228","","False","True",-0.415214602428176,0.712140637573413,"True",-0.358991409496416,0.7365262210085,"True",-0.414141804451455,0.754792545427083,"True",-0.356942655231558,0.778543673618658,"all_pre_hcc",TRUE,TRUE,FALSE
959,"diacylglycerol (16:1/18:2 [2], 16:0/18:3 [1])*","BHGPPCIWDXQOMA-HZFIRFLSSA-N","","","False","True",0.0150716915464675,0.994566962192978,"True",0.0117012305749721,0.992201810071038,"True",0.0077153256772805,0.996206386364545,"True",0.0030380721479025,0.995276225308613,"all_pre_hcc",TRUE,TRUE,FALSE
960,"linoleoyl-linoleoyl-glycerol (18:2/18:2) [1]*","MQGBAQLIFKSMEM-WVZYQCMWSA-N","HMDB0007248","","True","True",-0.827065023095921,0.27482397772766,"True",-0.78846537226968,0.15896896089529,"True",-0.819931781356588,0.358119957388949,"True",-0.783444788428329,0.223868791569115,"all_pre_hcc",TRUE,TRUE,FALSE
961,"perfluorooctanesulfonate (PFOS)","YFSUTJLHUFNCNZ-UHFFFAOYSA-N","HMDB0059586","C18142","True","True",-0.429453465081239,0.643353297708417,"True",-0.396734844390729,0.631691572460698,"True",-0.433901449465573,0.602557880977205,"True",-0.400823276570354,0.594852092860176,"all_pre_hcc",TRUE,TRUE,FALSE
962,"N-palmitoyl-sphingadienine (d18:2/16:0)*","XXWRZIYYFPIQHE-XPAOSYCESA-N","HMDB0240686","","True","True",0.138976157006159,0.851769361858979,"True",0.131026790409915,0.754735671124077,"True",0.13822526513568,0.857310545511072,"True",0.13292736056333,0.789927255588574,"all_pre_hcc",TRUE,TRUE,FALSE
963,"palmitoyl-docosahexaenoyl-glycerol (16:0/22:6) [1]*","BXVYQJJBMVVALQ-UNMZRDIWSA-N","HMDB0007121","","False","True",-0.17016891948145,0.876452610614697,"True",-0.137783373994867,0.892762296820849,"True",-0.192920957019576,0.863219602649909,"False",NA,NA,"all_pre_hcc",FALSE,FALSE,FALSE
964,"lactosyl-N-nervonoyl-sphingosine (d18:1/24:1)*","MKOKWBRPIBQYJJ-WZBOJYASSA-N","HMDB0004872","","True","True",-0.0294811217055576,0.9628944370118,"True",-0.00199385425053296,0.998643396938564,"True",-0.0291780737457973,0.955878489269601,"True",-0.0020008068260487,0.994683095253935,"all_pre_hcc",TRUE,TRUE,FALSE
965,"lactosyl-N-behenoyl-sphingosine (d18:1/22:0)*","QYWVASPEUXEHSY-NNRNTGNWSA-N","HMDB0011594","","True","True",-0.0173107501551302,0.978755640182469,"True",0.00994969594788453,0.975140024595354,"True",-0.0170576505535777,0.974023470722362,"True",0.0098943787435186,0.968335800486021,"all_pre_hcc",FALSE,TRUE,FALSE
966,"N-behenoyl-sphingadienine (d18:2/22:0)*","HILTUFAERVOALR-MQXYEJFFSA-N","","","True","True",-0.425171690253474,0.463421672732727,"True",-0.406634543136664,0.299730953583657,"True",-0.423894216901907,0.401842797102404,"True",-0.406250630561578,0.325690426218759,"all_pre_hcc",TRUE,TRUE,FALSE
967,"glycosyl-N-behenoyl-sphingadienine (d18:2/22:0)*","BZVOAOVDSULRAB-NUBHLNQHSA-N","","","True","True",-0.207428117210298,0.574488358068883,"True",-0.176310325011037,0.473382822608037,"True",-0.207780509515697,0.564933932808879,"True",-0.180079170660794,0.520054413002484,"all_pre_hcc",TRUE,TRUE,FALSE
968,"N-stearoyl-sphingadienine (d18:2/18:0)*","LBBFOWQGVUEADU-CKGMUTLASA-N","HMDB0240362","","False","True",-0.608558465666622,0.463421672732727,"True",-0.540688557115595,0.41401712806727,"True",-0.608889630489903,0.442051921674491,"True",-0.540545187049219,0.428066308060076,"all_pre_hcc",TRUE,TRUE,FALSE
969,"2-hydroxybehenate","RPGJJWLCCOPDAZ-UHFFFAOYSA-N","HMDB0061660","","True","True",0.0115490386024855,0.994566962192978,"True",0.0311485832158232,0.955697462584365,"True",0.0114985548218909,0.993902794800286,"True",0.0316649250360903,0.941406964088266,"all_pre_hcc",TRUE,TRUE,FALSE
970,"2-hydroxynervonate*","UFOOFOUFKSIFCD-KTKRTIGZSA-N","","","True","True",-0.0485624670590495,0.968382339805738,"True",-0.0361234742212178,0.961223896447397,"True",-0.0439738467190911,0.969964456778743,"True",-0.0281652941823484,0.955783575606708,"all_pre_hcc",TRUE,TRUE,FALSE
971,"N-palmitoylserine","BFVRFWIQTACAPT-KRWDZBQOSA-N","","","True","True",-0.0321814707797486,0.976439686718909,"True",-0.0462723907354666,0.95322723603742,"True",-0.0335531205492156,0.970560889837061,"False",NA,NA,"all_pre_hcc",FALSE,FALSE,FALSE
972,"N-oleoylserine","MBDKGXAMSZIDKF-KTKRTIGZSA-N","","","True","True",0.128911310851222,0.866118683573015,"True",0.155665407398578,0.679369260064576,"True",0.128937104169488,0.857310545511072,"True",0.155706732286311,0.681457381901321,"all_pre_hcc",TRUE,TRUE,FALSE
973,"sphingadienine","KWDXKYNWAKMLKK-YQMRQDNGSA-N","","","True","True",-0.225487261105777,0.734366068252098,"True",-0.257088058995595,0.689281347939365,"True",-0.223327455363729,0.74073590438301,"True",-0.255121622518379,0.699715365731864,"all_pre_hcc",TRUE,TRUE,FALSE
974,"glycerophosphoserine*","ZWZWYGMENQVNFU-AKGZTFGVSA-N","","","True","True",0.0173394248406039,0.974624096076384,"True",0.00154644136647402,0.998643396938564,"False",NA,NA,"False",NA,NA,"all_pre_hcc",FALSE,FALSE,FALSE
975,"myristoyl-linoleoyl-glycerol (14:0/18:2) [1]*","AMBUOMWGQGABQI-BIXSNLIQSA-N","HMDB0007016","","False","True",-0.578263285022248,0.27482397772766,"True",-0.570636011369824,0.172246745444388,"True",-0.599881069763348,0.393238116684682,"True",-0.595289904793676,0.276464370341549,"all_pre_hcc",TRUE,TRUE,FALSE
976,"ceramide (d16:1/24:1, d18:1/22:1)*","ODRVSCJZSDNQBP-LMGPGFSZSA-N","","","True","True",-0.12473096992818,0.870772528918234,"True",-0.143694793997883,0.783683661212668,"True",-0.125155629293443,0.866831664609449,"True",-0.143711910616085,0.803930608448969,"all_pre_hcc",TRUE,TRUE,FALSE
977,"N-palmitoyl-heptadecasphingosine (d17:1/16:0)*","KXVLPPCAUYSNGY-BYCLXTJYSA-N","HMDB0240685","","True","True",-0.075278045553051,0.912104101293667,"True",-0.0539266290307569,0.898260751241225,"True",-0.0783399888906938,0.886424021560889,"True",-0.0572682024108526,0.872222870759049,"all_pre_hcc",TRUE,TRUE,FALSE
978,"ceramide (d18:1/14:0, d16:1/16:0)*","ZKRPGPZHULJLKJ-IMVLJIQESA-N","HMDB0240681,HMDB0011773","","True","True",0.37563095769684,0.592654476277519,"True",0.381819534123536,0.409168091470409,"True",0.375173509836448,0.595459743770501,"True",0.38502013481638,0.416932105999119,"all_pre_hcc",TRUE,TRUE,FALSE
979,"ceramide (d18:1/17:0, d17:1/18:0)*","ICWGMOFDULMCFL-SJCQXOIGSA-N","HMDB0240683,HMDB0240678","","True","True",-0.349930497857616,0.660207058592021,"True",-0.291584946688427,0.678392855374469,"True",-0.353517250818258,0.634691277019393,"True",-0.296952965831052,0.647164639915439,"all_pre_hcc",TRUE,TRUE,FALSE
980,"ceramide (d18:2/24:1, d18:1/24:2)*","QMVWGDBKESWTON-OQKRWUNJSA-N","HMDB0240679,HMDB0240680","","True","True",-0.356374782225984,0.295801610370497,"True",-0.342345462437772,0.121625803711169,"True",-0.355444195664472,0.393238116684682,"True",-0.342307240406601,0.223868791569115,"all_pre_hcc",TRUE,TRUE,FALSE
981,"glycosyl ceramide (d18:2/24:1, d18:1/24:2)*","WYTRSDHGWSSQLK-PCKKJQKNSA-N","","","True","True",-0.182235591803299,0.585528311536769,"True",-0.153705088408721,0.521155569440383,"True",-0.183727914671918,0.655743864373825,"True",-0.156340010999616,0.621618739316184,"all_pre_hcc",TRUE,TRUE,FALSE
982,"glycosyl-N-tricosanoyl-sphingadienine (d18:2/23:0)*","WKJGTBSWYQRTEJ-PBFIFAMQSA-N","","","True","True",-0.0291675275843009,0.969697363806686,"True",-0.00105039814937569,0.998643396938564,"False",NA,NA,"False",NA,NA,"all_pre_hcc",FALSE,FALSE,FALSE
983,"glycosyl ceramide (d18:1/23:1, d17:1/24:1)*","ZTXYYHYUNQRYIR-BLIGVESQSA-N","","","False","True",0.0541889454719541,0.954314328484829,"True",0.0343615211375372,0.959141406118784,"True",0.0542288811203818,0.955746185000366,"False",NA,NA,"all_pre_hcc",FALSE,FALSE,FALSE
984,"glycosyl-N-(2-hydroxynervonoyl)-sphingosine (d18:1/24:1(2OH))*","KNDOGXSGCOJBRQ-UHRQUHAFSA-N","","","True","True",0.0940262482160516,0.875660011611575,"True",0.130265871789007,0.73387995922184,"True",0.0926578221023729,0.866831664609449,"True",0.130108213268125,0.780197084572469,"all_pre_hcc",TRUE,TRUE,FALSE
985,"ceramide (d18:1/20:0, d16:1/22:0, d20:1/18:0)*","XWBWIAOWSABHFI-QOSDPKFLSA-N","HMDB0240684,HMDB0240682,HMDB0004951","","True","True",-0.348069288687799,0.547415269913785,"True",-0.31437766464327,0.431292355064545,"True",-0.346217558927355,0.563600356253531,"True",-0.313093804959395,0.473629761469049,"all_pre_hcc",TRUE,TRUE,FALSE
986,"stearoylcholine*","WYVHUXGFCVDOEA-UHFFFAOYSA-N","HMDB0240648","","True","True",-0.994234926438014,0.162098433096863,"True",-0.965517645291165,0.078242678411432,"True",-0.994724352941466,0.0832497430275824,"True",-0.967020025771468,0.0269764153214911,"all_pre_hcc",TRUE,TRUE,FALSE
987,"linoleoylcholine*","GVYIAXNFCSAJSK-OKLKQMLOSA-N","HMDB0013213","","True","True",-0.889352592589065,0.151458419651791,"True",-0.869827945321372,0.0562597626712527,"True",-0.892647692061913,0.0832497430275824,"True",-0.874394954903172,0.0270358502947054,"all_pre_hcc",TRUE,TRUE,FALSE
988,"1-cerotoyl-GPC (26:0)*","WSDKRPCAPHRNNZ-MGBGTMOVSA-N","HMDB29205","","False","True",-0.0587485791881791,0.949711921389194,"True",-0.133011979684977,0.804802146715741,"True",-0.0584930018953734,0.936686952962394,"False",NA,NA,"all_pre_hcc",FALSE,FALSE,FALSE
989,"ondansetron","FELGMEQIXOGIFQ-UHFFFAOYSA-N","HMDB0005035","C07325","False","True",0.409311503436568,0.569147684416547,"True",0.415731256879181,0.514280547426106,"True",0.411395990447996,0.35466424322012,"True",0.418713569499548,0.239679563451538,"all_pre_hcc",TRUE,TRUE,FALSE
990,"baclofen","KPYSYYIEGFHWSV-UHFFFAOYSA-N","HMDB0014327","D00241","False","True",-0.0325262592144065,0.54604944813447,"True",-0.0383871240658477,0.444502908798233,"True",-0.0323150956147417,0.743115424840978,"False",NA,NA,"all_pre_hcc",FALSE,FALSE,FALSE
991,"metoclopramide","TTWJBBZEZQICBI-UHFFFAOYSA-N","HMDB0015363","C07868,D00726,
DG00055","False","True",-0.00496024840225924,0.662903340517211,"True",-0.00604394035962061,0.651005392292611,"True",-0.004960684259261,0.895486748225043,"False",NA,NA,"all_pre_hcc",FALSE,FALSE,FALSE
992,"trazadone","PHLBKPHSAVXXEF-UHFFFAOYSA-N","HMDB0014794","C07156,D08626","False","True",0.0646501010130967,0.957744176428585,"True",0.0807092748599768,0.947366279479581,"True",0.063974051551204,0.952929017728061,"True",0.0806984854721016,0.936791393451008,"all_pre_hcc",TRUE,TRUE,FALSE
993,"nisinate (24:6n3)","YHGJECVSSKXFCJ-KUBAVDMBSA-N","HMDB0013025","","False","True",0.624040738789091,0.54604944813447,"True",0.494542435190421,0.464780441623297,"False",NA,NA,"False",NA,NA,"all_pre_hcc",FALSE,FALSE,FALSE
994,"sphingomyelin (d18:0/20:0, d16:0/22:0)*","UGRZESKDAPEULH-ACEXITHZSA-N","HMDB0012090","","True","True",0.0062515906270002,0.998692291231007,"True",0.0332910716019373,0.95255116396374,"True",0.0058136022573274,0.996206386364545,"True",0.0320528778115596,0.940496764863853,"all_pre_hcc",TRUE,TRUE,FALSE
995,"sphingomyelin (d18:1/19:0, d19:1/18:0)*","HAFQHLHNPJDAGB-MAJDXUCPSA-N","","","True","True",-0.189138626957444,0.725493544963435,"True",-0.161471033950559,0.666259889876767,"True",-0.188381222336718,0.70448598911591,"True",-0.161394727613012,0.680596508783707,"all_pre_hcc",TRUE,TRUE,FALSE
996,"sphingomyelin (d18:2/18:1)*","YMTVMVYOUDDTQJ-UOMMIRHQSA-N","HMDB0001348","","True","True",-0.23131766359719,0.54604944813447,"True",-0.203977361715314,0.327542560552564,"True",-0.232040031097615,0.493356994952993,"True",-0.204678064549812,0.425690247249355,"all_pre_hcc",TRUE,TRUE,FALSE
997,"sphingomyelin (d18:2/24:2)*","ZLNGRWIWHFFRNK-UKCALJHFSA-N","HMDB0240644","","True","True",-0.0948855876900696,0.757143492680545,"True",-0.0676332945251111,0.781924040438075,"True",-0.0959916839285572,0.790513626985129,"True",-0.0685261365927058,0.809177428512542,"all_pre_hcc",TRUE,TRUE,FALSE
998,"sphingomyelin (d18:2/21:0, d16:2/23:0)*","SDUGEKJCGFHJRC-GKPQAQNZSA-N","HMDB0240676","","True","True",-0.135062239310102,0.809554191795355,"True",-0.107672176798897,0.781085504767514,"True",-0.135823728065869,0.790513626985129,"True",-0.10847013475627,0.790632207378959,"all_pre_hcc",TRUE,TRUE,FALSE
999,"sphingomyelin (d18:2/23:1)*","FEKSRDMVIULIDJ-SQPFVDNVSA-N","HMDB0240668","","True","True",-0.0791253027371048,0.869433568283212,"True",-0.054819768011754,0.835885760004685,"True",-0.0789640300494226,0.863219602649909,"True",-0.0526737203808488,0.853080431118785,"all_pre_hcc",TRUE,TRUE,FALSE
1000,"sphingomyelin (d18:1/25:0, d19:0/24:1, d20:1/23:0, d19:1/24:0)*","JONXXLXMISNQNG-BXMSAMRLSA-N","HMDB0240675,HMDB0240674,HMDB0240673,HMDB0240671","","True","True",-0.129883022769827,0.851385295813966,"True",-0.102057392821684,0.803122018361302,"True",-0.130479355920104,0.84207537292275,"True",-0.103297024020444,0.814622363708715,"all_pre_hcc",TRUE,TRUE,FALSE
1001,"sphingomyelin (d17:2/16:0, d18:2/15:0)*","YHBBZTIPONDTRX-TVUHHANTSA-N","HMDB0240677","","True","True",-0.10414411391231,0.874740180957847,"True",-0.085400780255046,0.832873486991747,"True",-0.100661793519505,0.857310545511072,"True",-0.0774036772284849,0.827078035968486,"all_pre_hcc",TRUE,TRUE,FALSE
1002,"dexlansoprazole","MJIHNNLFOKEZEW-RUZDIDTESA-N","","D08903","False","True",-0.148249120857368,0.291805016299868,"True",-0.154451182636615,0.217027722503995,"True",-0.145003340738125,0.662010352672424,"True",-0.150313608962408,0.590341487999593,"all_pre_hcc",TRUE,TRUE,FALSE
1003,"linolenoylcarnitine (C18:3)*","WJCRATGUUISKDG-QNEBEIHSSA-N","","","True","True",-0.0823613790378813,0.88166187962792,"True",-0.0532773311561156,0.869188120522112,"True",-0.083676054399294,0.866831664609449,"True",-0.0544237003740671,0.852308473201215,"all_pre_hcc",TRUE,TRUE,FALSE
1004,"behenoylcarnitine (C22)*","IUMXSSOVGPXXJL-UHFFFAOYSA-N","HMDB0062468","","True","True",-0.165473274246571,0.874740180957847,"True",-0.146603183805026,0.803122018361302,"True",-0.165949413509911,0.858143175594148,"True",-0.145520276516463,0.803930608448969,"all_pre_hcc",TRUE,TRUE,FALSE
1005,"arachidoylcarnitine (C20)*","SVJLJQBGUITFLI-UHFFFAOYSA-N","HMDB0006460","","True","True",-0.103431427112237,0.922245990092948,"True",-0.0901144726152273,0.877859583928236,"True",-0.103309479545373,0.898672361155325,"True",-0.0897702096775408,0.852308473201215,"all_pre_hcc",TRUE,TRUE,FALSE
1006,"lignoceroylcarnitine (C24)*","YDUFZFUYBBPVLJ-UHFFFAOYSA-N","HMDB0240665","","True","True",-0.175402897067542,0.761769676770543,"True",-0.14221733439441,0.722360697154583,"True",-0.171414990207744,0.741220441120309,"True",-0.141363564596575,0.682971363104616,"all_pre_hcc",TRUE,TRUE,FALSE
1007,"cerotoylcarnitine (C26)*","KOCKWDDTAHPJSX-UHFFFAOYSA-N","HMDB0006347","","True","True",-0.110794954711437,0.869433568283212,"True",-0.0806580082653534,0.844019467832027,"True",-0.108157057475333,0.848848537578865,"True",-0.0791080749991151,0.813177040341497,"all_pre_hcc",TRUE,TRUE,FALSE
1008,"ximenoylcarnitine (C26:1)*","ONGUASHYQLGIFC-OCOZRVBESA-N","","","True","True",-0.0889983422995178,0.881766553017527,"True",-0.0589053891348596,0.876849682422443,"True",-0.0877347860020492,0.865103532503342,"True",-0.058029390628451,0.843240273708493,"all_pre_hcc",TRUE,TRUE,FALSE
1009,"arachidonoylcarnitine (C20:4)","RBFQHRALHSUPIA-SNPVRQPZSA-N","HMDB0006455","","True","True",-0.261396828156648,0.566222841194563,"True",-0.237958701478343,0.429760939766166,"True",-0.261649514024757,0.592616392626392,"True",-0.236364108746963,0.416733224180972,"all_pre_hcc",TRUE,TRUE,FALSE
1010,"eicosenoylcarnitine (C20:1)*","PVOQPLSKYNZHOT-OUKQBFOZSA-N","","","True","True",-0.111307132229397,0.866118683573015,"True",-0.084986380400465,0.803122018361302,"True",-0.111432511420671,0.848848537578865,"True",-0.0849617745451671,0.789927255588574,"all_pre_hcc",TRUE,TRUE,FALSE
1011,"dihomo-linoleoylcarnitine (C20:2)*","OLZWDVKTOGTVLC-UTJQPWESSA-N","","","True","True",-0.067094994620202,0.92631812083019,"True",-0.0435978834005876,0.91633074182642,"True",-0.0672584021306449,0.911010602795729,"True",-0.0446638533524828,0.898775770619291,"all_pre_hcc",TRUE,TRUE,FALSE
1012,"dihomo-linolenoylcarnitine (C20:3n3 or 6)*","RDIZZXFTCZPSRY-WYTUUNCASA-N","","","True","True",-0.177309630290386,0.712140637573413,"True",-0.150886679131891,0.615932739557736,"True",-0.177493301826997,0.737414726290234,"True",-0.150691443165359,0.594852092860176,"all_pre_hcc",TRUE,TRUE,FALSE
1013,"docosahexaenoylcarnitine (C22:6)*","WLLMYDQRCSWAST-WSDBEMKQSA-N","","","True","True",-0.630368700671477,0.317736490904179,"True",-0.647111472671074,0.266427076521807,"True",-0.64158151867145,0.35466424322012,"True",-0.657164907908951,0.228013355316994,"all_pre_hcc",TRUE,TRUE,FALSE
1014,"nervonoylcarnitine (C24:1)*","QGIHQXKFCAACHN-SEYXRHQNSA-N","HMDB0006509","","True","True",-0.0693367132003121,0.92631812083019,"True",-0.0426740739360922,0.921580131129917,"True",-0.0696106116358052,0.911529198709376,"True",-0.0431602723661673,0.910836317379555,"all_pre_hcc",TRUE,TRUE,FALSE
1015,"adrenoylcarnitine (C22:4)*","OLORTLVEDIELGC-SNPVRQPZSA-N","","","True","True",-0.152188526940899,0.851769361858979,"True",-0.146591289418259,0.789698882328843,"True",-0.152291796328196,0.857310545511072,"True",-0.13488331133116,0.803930608448969,"all_pre_hcc",TRUE,TRUE,FALSE
1016,"docosapentaenoylcarnitine (C22:5n3)*","MJPIXACTUMSGGI-WMPRHZDHSA-N","","","False","True",0.149931474789897,0.876073592838468,"True",0.186343379036166,0.790068072118399,"True",0.149771256550232,0.866831664609449,"True",0.184820009473362,0.794200035835868,"all_pre_hcc",TRUE,TRUE,FALSE
1017,"levetiracetam","HPHUVLMMVZITSG-LURJTMIESA-N","HMDB0015333","C07841","False","True",-0.218905807689366,0.54604944813447,"True",-0.227120497133363,0.447116450931243,"True",-0.22166442386425,0.704583982343097,"False",NA,NA,"all_pre_hcc",FALSE,FALSE,FALSE
1018,"metronidazole","VAOCPAMSLUNLGC-UHFFFAOYSA-N","HMDB0015052","DG00006,C07203,D00409","False","True",-0.00414950503233991,0.712140637573413,"True",-0.00414950503233837,0.678392855374469,"True",-0.0060648776589672,0.790513626985129,"True",-0.0060570208326231,0.768997746299996,"all_pre_hcc",TRUE,TRUE,FALSE
1019,"glycosyl ceramide (d18:1/20:0, d16:1/22:0)*","FXNTXJCUSRJUFN-QOSDPKFLSA-N","","","True","True",-0.185158364936368,0.639848586285137,"True",-0.154512669504739,0.521155569440383,"True",-0.184208892963927,0.610453466665184,"True",-0.156200723603237,0.575591163794169,"all_pre_hcc",TRUE,TRUE,FALSE
1020,"cephalexin","ZAIPMKNFIOOWCQ-UEKVPHQBSA-N","HMDB0014707","C06895","False","True",-0.0091291215540511,0.574142745721525,"True",-0.00913556557124125,0.509999059188095,"True",-0.0090945758772086,0.931042512971201,"True",-0.0091010075902886,0.926861844534773,"all_pre_hcc",TRUE,TRUE,FALSE
1021,"N,N,N-trimethyl-5-aminovalerate","CDLVFVFTRQPQFU-UHFFFAOYSA-N","","","True","True",-0.0384110541695127,0.935591154518678,"True",-0.0151848509253681,0.957472192158647,"True",-0.0418154789678351,0.914801894510549,"True",-0.0182469998988628,0.941406964088266,"all_pre_hcc",TRUE,TRUE,FALSE
1022,"ethyl alpha-glucopyranoside","WYUFTYLVLQZQNH-UHFFFAOYSA-N","HMDB0029968","","True","True",-0.667021523326511,0.592654476277519,"True",-0.551116899896725,0.539583201421949,"True",-0.686929367032159,0.592616392626392,"True",-0.573492236709368,0.538463070207696,"all_pre_hcc",TRUE,TRUE,FALSE
1023,"carotene diol (1)","JKQXZKUSFCKOGQ-DKLMTRRASA-N","","","True","True",-0.0475320130508061,0.957744176428585,"True",-0.0183598881949878,0.973359010798392,"True",-0.0401813845933173,0.954752294374763,"True",-0.0112958682943861,0.974969336027408,"all_pre_hcc",TRUE,TRUE,FALSE
1024,"carotene diol (2)","JKQXZKUSFCKOGQ-DKLMTRRASA-N","","","True","True",-0.0409349003531865,0.967079302821043,"True",-0.0132830765144752,0.98241844286496,"True",-0.036399330424058,0.965753743301296,"True",-0.0093608251584916,0.977449167751432,"all_pre_hcc",TRUE,TRUE,FALSE
1025,"carotene diol (3)","JKQXZKUSFCKOGQ-DKLMTRRASA-N","","","True","True",-0.200187611994548,0.824434621635099,"True",-0.177765460968512,0.777673720171554,"True",-0.192484457666518,0.817865699562766,"True",-0.169320427071471,0.780595120171493,"all_pre_hcc",TRUE,TRUE,FALSE
1026,"cortolone glucuronide (1)","INMJYSGZRBTEOR-RXCXIKFNSA-N","","","True","True",0.0911864484963326,0.915225494386942,"True",0.147026387446409,0.803122018361302,"True",0.0923348534316305,0.903675273182595,"True",0.146817293768764,0.814622363708715,"all_pre_hcc",TRUE,TRUE,FALSE
1027,"fluconazole","RFHAOTPXVQNOHP-UHFFFAOYSA-N","HMDB0014342","C07002","False","True",-0.221940718077698,0.463421672732727,"True",-0.210254034690431,0.350652575627111,"False",NA,NA,"False",NA,NA,"all_pre_hcc",FALSE,FALSE,FALSE
1028,"(N(1) + N(8))-acetylspermidine","MQTAVJHICJWXBR-UHFFFAOYSA-N","HMDB0002189,HMDB0001276","C01029,C00612","True","True",-0.0812225797607498,0.864370458335254,"True",-0.044342023966432,0.859036201744636,"True",-0.0834269676696879,0.848848537578865,"True",-0.0506648873422668,0.817384015248705,"all_pre_hcc",TRUE,TRUE,FALSE
1029,"THC carboxylic acid","YOVRGSHRZRJTLZ-UHFFFAOYSA-N","","","False","True",0.100454155699842,0.881766553017527,"True",0.136578298561045,0.821270383925121,"True",0.136020971232625,0.844013430128151,"True",0.171367615279326,0.789927255588574,"all_pre_hcc",TRUE,TRUE,FALSE
1030,"THC carboxylic acid glucuronide","UWXZAZRSQQLWKH-AREXMYMPSA-N","","","False","True",0.202751237770385,0.838791199060121,"True",0.221231964158367,0.797012322389442,"True",0.243087626756618,0.785461802309604,"True",0.256715287455347,0.757820314146949,"all_pre_hcc",TRUE,TRUE,FALSE
1031,"5-dodecenoylcarnitine (C12:1)","PETYOUXDCHQKTQ-QXPKXGMISA-N","HMDB13326","","True","True",-0.174854165502417,0.835748497541537,"True",-0.164518081870131,0.763664296873637,"True",-0.182285525552651,0.817865699562766,"False",NA,NA,"all_pre_hcc",FALSE,FALSE,FALSE
1032,"2-butenoylglycine","WWJXRJJBIVSSNF-NSCUHMNNSA-N","","","False","True",-0.451578731844679,0.54604944813447,"True",-0.391745910543583,0.431292355064545,"True",-0.453521894931951,0.602557880977205,"True",-0.394575355027736,0.527811163230904,"all_pre_hcc",TRUE,TRUE,FALSE
1033,"hydroxy-CMPF*","OZOJARPUDFLESM-UHFFFAOYSA-N","","","True","True",0.0225771527015793,0.992382684523434,"True",0.0599790910900066,0.954749033374311,"True",0.0066790834075953,0.99768246593447,"True",0.0354373216307194,0.961412035083864,"all_pre_hcc",TRUE,TRUE,FALSE
1034,"3-hydroxyoleoylcarnitine","YBCVTTMMURGSEY-LMLDZDDJSA-N","","","True","True",-0.185284365614782,0.835748497541537,"True",-0.151655272773097,0.803122018361302,"True",-0.188990606817413,0.790513626985129,"False",NA,NA,"all_pre_hcc",FALSE,FALSE,FALSE
1035,"trans-2-hexenoylglycine","AAPHATPOQGNLOZ-SNAWJCMRSA-N","","","False","True",-0.394903091392987,0.639848586285137,"True",-0.368375851873793,0.488736331781165,"True",-0.403021657728935,0.673873496129803,"True",-0.375003208368293,0.545492048649959,"all_pre_hcc",TRUE,TRUE,FALSE
1036,"2-hydroxyarachidate*","CPLYLXYEVLGWFJ-UHFFFAOYSA-N","","","True","True",-0.129831789597385,0.888814350796284,"True",-0.112426742295235,0.845594621023387,"True",-0.129166569630527,0.862479334157655,"True",-0.113109725782951,0.807233914395397,"all_pre_hcc",TRUE,TRUE,FALSE
1037,"N-stearoylserine*","CLHUCXCVFSEJRR-UHFFFAOYSA-N","","","True","True",-0.141663770429232,0.876452610614697,"True",-0.138294660097197,0.803122018361302,"True",-0.141061192653163,0.865103532503342,"True",-0.138452158124468,0.800737343067409,"all_pre_hcc",TRUE,TRUE,FALSE
1038,"2-hydroxyheptanoate*","RGMMREBHCYXQMA-UHFFFAOYSA-N","","","True","True",0.0103728319190149,0.987988110422872,"True",0.0385334377628657,0.905935421412088,"True",0.010379312572204,0.988174319821498,"True",0.0390799956550326,0.902259161887627,"all_pre_hcc",TRUE,TRUE,FALSE
1039,"3-hydroxyoleate*","MFBDGGFIQVOLTJ-MDZDMXLPSA-N","","","True","True",-0.000417125078198226,0.999630215506687,"True",0.0167076043908842,0.990050387460687,"False",NA,NA,"False",NA,NA,"all_pre_hcc",FALSE,FALSE,FALSE
1040,"lyxonate","QXKAIJAYHKCRRA-PZGQECOJSA-N","HMDB0060255","","True","True",-0.188591662510022,0.879071578539687,"True",-0.155221690277077,0.885594014727662,"False",NA,NA,"False",NA,NA,"all_pre_hcc",FALSE,FALSE,FALSE
1041,"dodecenedioate (C12:1-DC)*","OHCMUMNQAHNIEP-HNQUOIGGSA-N","HMDB0000933","","True","True",0.0214571776890553,0.977632964973853,"True",0.0288071366825895,0.957297628014684,"True",0.0211408761794979,0.983021663883264,"False",NA,NA,"all_pre_hcc",FALSE,FALSE,FALSE
1042,"hexadecenedioate (C16:1-DC)*","IWTMSCUHCJHPPR-ACCUITESSA-N","","","True","True",0.267027394269526,0.658521959025638,"True",0.291164035916356,0.399625784618349,"True",0.265631257653402,0.672275694841273,"True",0.290349470927077,0.428066308060076,"all_pre_hcc",TRUE,TRUE,FALSE
1043,"octadecenedioate (C18:1-DC)","YDPSQMGOAILWPE-FYWRMAATSA-N","","","True","True",0.341832229933508,0.688838927236634,"True",0.344858461788012,0.593457116241486,"True",0.342373956600205,0.662010352672424,"True",0.349297118115014,0.487460870708415,"all_pre_hcc",TRUE,TRUE,FALSE
1044,"heptenedioate (C7:1-DC)*","OXQWBLJQOBXJPM-DUXPYHPUSA-N","","","True","True",-0.0452772599137892,0.951811996773482,"True",-0.0413241421039971,0.950330434685034,"True",-0.0519161574190454,0.928164349444469,"True",-0.0471732721862735,0.931271387643374,"all_pre_hcc",TRUE,TRUE,FALSE
1045,"octadecadienedioate (C18:2-DC)*","ZKQNWTGXRAIVGG-PXELCPQFSA-N","","","True","True",0.239073795980092,0.824386803959239,"True",0.236890175560827,0.789698882328843,"True",0.239746073810846,0.790513626985129,"True",0.241945015039868,0.729897606831143,"all_pre_hcc",TRUE,TRUE,FALSE
1046,"glucuronide of C12H22O4 (1)*","","","","False","True",0.261081496084987,0.833480295955114,"True",0.266944160236136,0.793599520949532,"False",NA,NA,"False",NA,NA,"all_pre_hcc",FALSE,FALSE,FALSE
1047,"glucuronide of C14H26O4 (1)*","","","","False","True",0.0783527850640775,0.948100057621523,"True",0.0605004523836357,0.953727848874,"False",NA,NA,"True",0.060768488594808,0.941406964088266,"all_pre_hcc",FALSE,FALSE,FALSE
1048,"glucuronide of C10H18O2 (1)*","","","","False","True",0.336813526008192,0.770556755672068,"True",0.411277809853316,0.692075551676725,"True",0.337488798349758,0.790513626985129,"False",NA,NA,"all_pre_hcc",FALSE,FALSE,FALSE
1049,"N-acetylglucosamine conjugate of C24H40O4 bile acid**","","","","False","True",-0.865990874576932,0.27482397772766,"True",-0.981270975884458,0.143646999261179,"True",-0.85046613975764,0.381733300691113,"True",-0.967675940718572,0.223868791569115,"all_pre_hcc",TRUE,TRUE,FALSE
1050,"3-carboxy-4-methyl-5-pentyl-2-furanpropionate (3-CMPFP)**","RIJDKRLRDVBUHJ-UHFFFAOYSA-N","HMDB0061643","","True","True",-0.233154091209306,0.712140637573413,"True",-0.197762430233205,0.635669319223038,"True",-0.229230605160921,0.741220441120309,"True",-0.198651437049094,0.699715365731864,"all_pre_hcc",TRUE,TRUE,FALSE
1051,"methylnaphthyl sulfate (2)*","SBYDEYGHJXSIDV-UHFFFAOYSA-N","","","False","True",-0.290799405941853,0.831599196057947,"True",-0.308260944511967,0.789698882328843,"True",-0.284286661657518,0.848848537578865,"True",-0.300696566675827,0.801716374266273,"all_pre_hcc",TRUE,TRUE,FALSE
1052,"glucuronide of C10H18O2 (7)*","","","","True","True",0.909919841734135,0.295801610370497,"True",0.957525722249694,0.136245934508022,"True",0.913261127840161,0.393238116684682,"True",0.961108764945402,0.223868791569115,"all_pre_hcc",TRUE,TRUE,FALSE
1053,"glucuronide of C10H18O2 (8)*","","","","False","True",0.940657019616673,0.27482397772766,"True",0.952613971042463,0.131554559438078,"True",0.940806692686306,0.358119957388949,"False",NA,NA,"all_pre_hcc",FALSE,FALSE,FALSE
1054,"3-hydroxystachydrine*","DJMIFDZBCUUQJN-NTSWFWBYSA-N","","C10151","False","True",1.32681192900112,0.432407406795712,"True",1.26229055310955,0.347504897360283,"False",NA,NA,"False",NA,NA,"all_pre_hcc",FALSE,FALSE,FALSE
1055,"N-acetyl-2-aminooctanoate*","JJGNMSOJTSABGA-UHFFFAOYSA-N","HMDB0059745","","True","True",-0.0302892926057926,0.967857837938324,"True",-0.00607585947033739,0.993291618087983,"True",-0.0308702208258624,0.967911962639075,"True",-0.0057905798254068,0.984992903205511,"all_pre_hcc",TRUE,TRUE,FALSE
1056,"hydroxyasparagine**","ZBYVTTSIVDYQSO-REOHCLBHSA-N","HMDB32332","C20631","True","True",-0.269941888627935,0.452758765907546,"True",-0.242291944382545,0.164954595293755,"True",-0.270752473279873,0.401787686716825,"True",-0.242832281775041,0.218236666507229,"all_pre_hcc",TRUE,TRUE,FALSE
1057,"genistein sulfate*","DKEIWIJUHWVGRC-UHFFFAOYSA-N","","","False","True",-0.0186098134680497,0.994566962192978,"True",-0.0530081028081048,0.955697462584365,"False",NA,NA,"True",-0.0528242275692468,0.947050781346008,"all_pre_hcc",FALSE,FALSE,FALSE
1058,"perfluorooctanoate (PFOA)","SNGREZUHAYWORS-UHFFFAOYSA-N","HMDB0059587","","True","True",-0.0275997418223218,0.976439686718909,"True",0.00267801197473254,0.998643396938564,"True",-0.0283711629077285,0.970560889837061,"True",0.0020336979568053,0.995276225308613,"all_pre_hcc",FALSE,TRUE,FALSE
1059,"3-hydroxybutyroylglycine**","VMIWHQCIHIUYCS-UHFFFAOYSA-N","","","True","True",-0.359586894948741,0.569453841915362,"True",-0.342020877982251,0.449918660784392,"True",-0.370381193210115,0.660663556507838,"True",-0.350896856974625,0.575591163794169,"all_pre_hcc",TRUE,TRUE,FALSE
1060,"carboxyibuprofen glucuronide*","FLVLKWAQHDRIPH-UHFFFAOYSA-N","HMDB60564","","False","True",0.243200826696996,0.786254707734317,"True",0.196985881067468,0.788120187163211,"True",0.195622731408052,0.751342822582631,"True",0.156235343807147,0.755658715622791,"all_pre_hcc",TRUE,TRUE,FALSE
1061,"glyco-beta-muricholate**","ZQYUKJFJPJDMMR-PRRFOZOMSA-N","","","False","True",0.467543529449861,0.848525401295936,"True",0.475293247493733,0.795650331872565,"True",0.432243090180705,0.857310545511072,"True",0.447299801428684,0.801716374266273,"all_pre_hcc",TRUE,TRUE,FALSE
1062,"N-methylhydroxyproline**","FMIPNAUMSPFTHK-UHFFFAOYSA-N","","","True","True",0.139939577195678,0.92631812083019,"True",0.161927480420204,0.885456916160322,"False",NA,NA,"False",NA,NA,"all_pre_hcc",FALSE,FALSE,FALSE
1063,"N,N,N-trimethyl-alanylproline betaine (TMAP)","KXONJPJIFNGMCN-UHFFFAOYSA-N","HMDB0240365","","True","True",-0.0374399576149347,0.935591154518678,"True",-0.0114708241109003,0.959542760744721,"True",-0.0374638498283016,0.928164349444469,"True",-0.011440901812612,0.951091617030689,"all_pre_hcc",TRUE,TRUE,FALSE
1064,"3-formylindole","OLNJUISKUQQNIM-UHFFFAOYSA-N","HMDB29737","C08493","True","True",-0.136243570283779,0.687998464925414,"True",-0.110412524145878,0.692803589440717,"True",-0.137860680359868,0.662010352672424,"True",-0.108709101320967,0.695134307927573,"all_pre_hcc",TRUE,TRUE,FALSE
1065,"gamma-glutamylcitrulline*","SCTJBDDLOROJJM-UHFFFAOYSA-N","","","True","True",-0.391515640636502,0.542825868575296,"True",-0.353555697959609,0.383758439351878,"True",-0.40390754473447,0.393238116684682,"True",-0.367115517744755,0.223868791569115,"all_pre_hcc",TRUE,TRUE,FALSE
1066,"N4-acetylsulfamethoxazole*","GXPIUNZCALHVBA-UHFFFAOYSA-N","HMDB0013854","D01601,C13061","False","True",-0.0426624182423675,0.956657101078756,"True",-0.0348319551797452,0.955697462584365,"False",NA,NA,"False",NA,NA,"all_pre_hcc",FALSE,FALSE,FALSE
1067,"N4-acetyl-5-hydroxysulfamethoxazole*","YKWZTWOYFWCVKH-UHFFFAOYSA-N","","","False","True",0.00789680280974605,0.969856436487324,"True",0.0218621287441417,0.912392881677493,"False",NA,NA,"False",NA,NA,"all_pre_hcc",FALSE,FALSE,FALSE
1068,"resveratrol sulfate (1)*","KOTTWDFKZULRPN-OWOJBTEDSA-N","","","False","True",0.0529594838338937,0.833264343407747,"True",0.039713470690843,0.821270383925121,"False",NA,NA,"False",NA,NA,"all_pre_hcc",FALSE,FALSE,FALSE
1069,"resveratrol disulfate (1)*","DHYDAGFKCXRMSL-OWOJBTEDSA-N","","","False","True",0.165755772981379,0.626658773629274,"True",0.142398977499169,0.672665106825364,"False",NA,NA,"True",0.127947432260494,0.757820314146949,"all_pre_hcc",FALSE,FALSE,FALSE
1070,"resveratrol disulfate (2)*","DHYDAGFKCXRMSL-OWOJBTEDSA-N","","","False","True",0.073359979920699,0.756061663949569,"True",0.0649865567199333,0.766948340699601,"False",NA,NA,"False",NA,NA,"all_pre_hcc",FALSE,FALSE,FALSE
1071,"glycine conjugate of C10H12O2*","","","","False","True",-0.664797474974041,0.394063716497893,"True",-0.664848029025362,0.222545161402054,"True",-0.660167801538032,0.393238116684682,"False",NA,NA,"all_pre_hcc",FALSE,FALSE,FALSE
1072,"glycine conjugate of C10H14O2 (1)*","","","","True","True",-0.298042048737641,0.662903340517211,"True",-0.261873961406848,0.563541368345625,"True",-0.294062013021622,0.662010352672424,"True",-0.261226739764656,0.568829406171959,"all_pre_hcc",TRUE,TRUE,FALSE
1073,"glutamine conjugate of C7H12O2*","","","","True","True",0.265381841640359,0.797071790675955,"True",0.27815077761656,0.73387995922184,"True",0.26530319940477,0.803438910422541,"True",0.2783633758481,0.753654570651351,"all_pre_hcc",TRUE,TRUE,FALSE
1074,"glutamine conjugate of C6H10O2 (1)*","","","","True","True",0.151875797006621,0.880598348879795,"True",0.191935569100006,0.792036205818576,"True",0.14589804811972,0.866831664609449,"True",0.187187138033778,0.790303201662984,"all_pre_hcc",TRUE,TRUE,FALSE
1075,"glutamine conjugate of C6H10O2 (2)*","","","","True","True",0.154208464544299,0.881766553017527,"True",0.187627250460405,0.803122018361302,"True",0.147726765892621,0.869113732202696,"True",0.184009990343485,0.803930608448969,"all_pre_hcc",TRUE,TRUE,FALSE
1076,"glutamine conjugate of C8H12O4 (1)*","","","","False","True",-0.439818589847017,0.54604944813447,"True",-0.315623588864098,0.601699219885248,"False",NA,NA,"True",-0.31684102868859,0.575591163794169,"all_pre_hcc",FALSE,FALSE,FALSE
1077,"dihydroferulic acid sulfate","UMCDODPBPQMWQP-UHFFFAOYSA-N","HMDB0041724","","False","True",0.287874799319644,0.848502030116675,"True",0.241606209167097,0.822032781407359,"True",0.263401031109705,0.857310545511072,"False",NA,NA,"all_pre_hcc",FALSE,FALSE,FALSE
1078,"fibrinopeptide A (5-16)*","NFUNGJWOQYYPEX-UHFFFAOYSA-N","","","True","True",0.0782423573650404,0.888814350796284,"True",0.103694223445924,0.803122018361302,"True",0.0806905128624064,0.877567398140426,"True",0.10448350323798,0.814622363708715,"all_pre_hcc",TRUE,TRUE,FALSE
1079,"fibrinopeptide A (7-16)*","NQUPYRJVFYRZQX-UHFFFAOYSA-N","","","True","True",0.0851780863929378,0.869433568283212,"True",0.109710519536331,0.797012322389442,"True",0.0875443193708915,0.865103532503342,"True",0.110303624220618,0.803930608448969,"all_pre_hcc",TRUE,TRUE,FALSE
1080,"sphingomyelin (d17:1/14:0, d16:1/15:0)*","VDFACZRLDXDTEB-WSYRTZMQSA-N","","","True","True",-0.0461889513834788,0.943479808191357,"True",-0.0230078615913722,0.955697462584365,"True",-0.0459133478537317,0.923050281181922,"True",-0.0217626635829683,0.94190390479739,"all_pre_hcc",TRUE,TRUE,FALSE
1081,"tetradecadienoate (14:2)*","HXHZGHRLVRFQDR-HZJYTTRNSA-N","HMDB0000560","","True","True",0.163053098837911,0.851526315044854,"True",0.188760285899603,0.759539245313468,"False",NA,NA,"False",NA,NA,"all_pre_hcc",FALSE,FALSE,FALSE
1082,"N-carbamoylvaline","JDXMIYHOSFNZKO-UHFFFAOYSA-N","","","False","True",-0.351048735646248,0.660207058592021,"True",-0.369280768552524,0.539425326713105,"True",-0.344471845667924,0.662010352672424,"True",-0.363791238819423,0.520054413002484,"all_pre_hcc",TRUE,TRUE,FALSE
1083,"8-methoxykynurenate","BXZSKDOPGDPDEG-UHFFFAOYSA-N","HMDB0060426","C05830","True","True",0.01410067975584,0.994566962192978,"True",0.0362452667946886,0.957472192158647,"True",0.0141006559842828,0.993902794800286,"True",0.0367224152630142,0.945188661205263,"all_pre_hcc",TRUE,TRUE,FALSE
1084,"3-amino-2-piperidone","YCCMTCQQDULIFE-UHFFFAOYSA-N","HMDB0000323","","True","True",-0.185807095586845,0.578823070717798,"True",-0.158383569013656,0.478801927886813,"True",-0.185947083612983,0.563476311157663,"True",-0.160360510085903,0.475159678581996,"all_pre_hcc",TRUE,TRUE,FALSE
1085,"N,N-dimethylalanine","QCYOIFVBYZNUNW-BYPYZUCNSA-N","","","True","True",-0.657115963995218,0.291805016299868,"True",-0.594436145852618,0.21705438914741,"True",-0.639632816937104,0.35466424322012,"True",-0.578655978235779,0.242559456602141,"all_pre_hcc",TRUE,TRUE,FALSE
1086,"3-indoleglyoxylic acid","DWLVFWDCSFTDOD-UHFFFAOYSA-N","","","True","True",-0.0717114677778328,0.92631812083019,"True",-0.0457325057207461,0.937069337780568,"True",-0.0734959216995648,0.911529198709376,"True",-0.0423261523747993,0.936785928313956,"all_pre_hcc",TRUE,TRUE,FALSE
1087,"2,2'-methylenebis(6-tert-butyl-p-cresol)","KGRVJHAUYBGFFP-UHFFFAOYSA-N","","","False","True",-0.394481297058918,0.542825868575296,"True",-0.417073581436141,0.480254126190864,"False",NA,NA,"False",NA,NA,"all_pre_hcc",FALSE,FALSE,FALSE
1088,"ethyl beta-glucopyranoside","WYUFTYLVLQZQNH-JAJWTYFOSA-N","HMDB0029968","","True","True",0.23195241954973,0.866118683573015,"True",0.273638838408806,0.793134514945984,"False",NA,NA,"False",NA,NA,"all_pre_hcc",FALSE,FALSE,FALSE
1089,"2-hydroxysebacate","LPIOYESQKJFWPQ-UHFFFAOYSA-N","HMDB0000424","","True","True",-0.262251811118616,0.668924738478841,"True",-0.233790217730796,0.529994206980286,"True",-0.262980982517361,0.704457801164247,"True",-0.234491668698076,0.592958188205105,"all_pre_hcc",TRUE,TRUE,FALSE
1090,"enterolactone sulfate","CGSFDOCYHBJLFW-WMLDXEAASA-N","HMDB0240506,HMDB0240505","","False","True",-0.181894614834931,0.737809792535065,"True",-0.185397125095014,0.713529002987058,"True",-0.182499238940191,0.751342822582631,"True",-0.188492574422095,0.712957099914317,"all_pre_hcc",TRUE,TRUE,FALSE
1091,"ascorbic acid 3-sulfate*","FBFZPSQPKNIVMT-ZAFYKAAXSA-N","","","True","True",-0.316569279170998,0.556953941305351,"True",-0.286372529747722,0.473179796678854,"True",-0.313768992819376,0.592616392626392,"True",-0.286382970278736,0.541464716786587,"all_pre_hcc",TRUE,TRUE,FALSE
1092,"3-hydroxyhippurate sulfate","SBLCKJXUMHOIBU-UHFFFAOYSA-N","","","False","True",-0.323971931366745,0.749624114692033,"True",-0.373276255965505,0.672665106825364,"True",-0.284036368132539,0.773086083374806,"True",-0.32942291912398,0.712180718788762,"all_pre_hcc",TRUE,TRUE,FALSE
1093,"6-bromotryptophan","OAORYCZPERQARS-UHFFFAOYSA-N","","","True","True",-0.14479407022988,0.752929748163963,"True",-0.129379112151307,0.74266864096716,"True",-0.156302075542214,0.730125598436434,"True",-0.134619723041449,0.709063532360156,"all_pre_hcc",TRUE,TRUE,FALSE
1094,"delta-CEHC","BNVXCCQXUZCRSR-UHFFFAOYSA-N","","","True","True",-0.300317966345416,0.668924738478841,"True",-0.309479353335951,0.631516980088846,"True",-0.300201556983041,0.643609304793733,"True",-0.308195449761526,0.575591163794169,"all_pre_hcc",TRUE,TRUE,FALSE
1095,"N6,N6-dimethyllysine","XXEWFEBMSGLYBY-ZETCQYMHSA-N","HMDB0013287","C05545","True","True",0.032547577007672,0.959398838009582,"True",0.0607643046439866,0.885594014727662,"True",0.0331330905474821,0.951989062025711,"True",0.0590875099057342,0.874801219596927,"all_pre_hcc",TRUE,TRUE,FALSE
1096,"dodecadienoate (12:2)*","QHRHXXRXWDTFLI-HZJYTTRNSA-N","","","True","True",0.269659521816173,0.678104817617568,"True",0.30034915007762,0.464780441623297,"True",0.271674974060786,0.704457801164247,"False",NA,NA,"all_pre_hcc",FALSE,FALSE,FALSE
1097,"indoleacetoylcarnitine*","PBMNAYVZYLZVKC-UHFFFAOYSA-N","","","False","True",-0.147929188018116,0.900403575208525,"True",-0.136014735479075,0.885558888910192,"True",-0.145713118367956,0.896799251199192,"True",-0.134964878331336,0.872222870759049,"all_pre_hcc",TRUE,TRUE,FALSE
1098,"gamma-CEHC sulfate","XJAVOQFBEMHLBM-UHFFFAOYSA-N","","","False","True",0.177504621450802,0.877231303941292,"True",0.171486947507316,0.852196401630747,"True",0.180612963242396,0.857310545511072,"True",0.172535540905168,0.820605936240007,"all_pre_hcc",TRUE,TRUE,FALSE
1099,"delta-CEHC glucuronide","UCCZSQROJUPRKT-UHFFFAOYSA-N","","","False","True",-0.36979374435288,0.643353297708417,"True",-0.313421399185492,0.621884677626415,"True",-0.371310776063771,0.623595100153847,"False",NA,NA,"all_pre_hcc",FALSE,FALSE,FALSE
1100,"N-acetyl-isoputreanine","YGIAGXACEXFIDU-UHFFFAOYSA-N","","","True","True",0.0439937923986328,0.935591154518678,"True",0.0647151670408176,0.839803652668523,"True",0.0445154624870333,0.931042512971201,"True",0.0688848839770729,0.827078035968486,"all_pre_hcc",TRUE,TRUE,FALSE
1101,"glucuronide of piperine metabolite C17H21NO3 (3)*","","","","True","True",-0.0809656805002068,0.943479808191357,"True",-0.0502474912425652,0.955697462584365,"True",-0.0755273316801343,0.9339112040191,"True",-0.0490468594028564,0.94190390479739,"all_pre_hcc",TRUE,TRUE,FALSE
1102,"glucuronide of piperine metabolite C17H21NO3 (4)*","","","","True","True",-0.149085468616702,0.888814350796284,"True",-0.121346884669036,0.885594014727662,"True",-0.146751515339366,0.866831664609449,"True",-0.122142288150865,0.852308473201215,"all_pre_hcc",TRUE,TRUE,FALSE
1103,"glucuronide of piperine metabolite C17H21NO3 (5)*","","","","True","True",-0.351945564775687,0.801410805484113,"True",-0.394891677531172,0.738386225848029,"True",-0.34530501277667,0.773146867653683,"True",-0.393932446816521,0.699715365731864,"all_pre_hcc",TRUE,TRUE,FALSE
1104,"sulfate of piperine metabolite C16H19NO3 (2)*","","","","True","True",0.20612021152828,0.864370458335254,"True",0.2129979176091,0.795650331872565,"True",0.206384460780575,0.844013430128151,"True",0.212997710251971,0.780595120171493,"all_pre_hcc",TRUE,TRUE,FALSE
1105,"sulfate of piperine metabolite C16H19NO3 (3)*","","","","True","True",0.0669814028517095,0.956657101078756,"True",0.081236114533326,0.922098709707761,"True",0.066848604175358,0.942558123821894,"True",0.0809123882033994,0.903230361541508,"all_pre_hcc",TRUE,TRUE,FALSE
1106,"sulfate of piperine metabolite C18H21NO3 (1)*","","","","True","True",0.337350584565799,0.746364717042608,"True",0.338614233518263,0.670290979617202,"True",0.333578300383699,0.743115424840978,"True",0.338591459300198,0.633948283448203,"all_pre_hcc",TRUE,TRUE,FALSE
1107,"sulfate of piperine metabolite C18H21NO3 (3)*","","","","True","True",0.360129761902915,0.692468874261806,"True",0.375293491012204,0.563809519823211,"True",0.357295424580129,0.695539898910971,"True",0.375025274963996,0.553053965648703,"all_pre_hcc",TRUE,TRUE,FALSE
1108,"N-acetyltheanine","STZOUWQDQRPMBI-ZETCQYMHSA-N","","","False","True",0.202087048208614,0.879071578539687,"True",0.18701505110317,0.852456726855308,"False",NA,NA,"False",NA,NA,"all_pre_hcc",FALSE,FALSE,FALSE
1109,"2-naphthol sulfate","HXEZIDSFDHEIIQ-UHFFFAOYSA-N","","","True","True",-0.399508389733598,0.688838927236634,"True",-0.440876550169308,0.567514713034764,"True",-0.398616670457959,0.672953096717866,"True",-0.439933407102863,0.558602164862299,"all_pre_hcc",TRUE,TRUE,FALSE
1110,"(2,4 or 2,5)-dimethylphenol sulfate","CLCCTVXAPVYLKM-UHFFFAOYSA-N","","","False","True",-0.273717865117299,0.821848572113885,"True",-0.29964746114459,0.768251460297055,"True",-0.273576082500064,0.854784852052777,"True",-0.298823514367985,0.801631491654417,"all_pre_hcc",TRUE,TRUE,FALSE
1111,"4-ethylcatechol sulfate","KHZCNGJFSKSSIJ-UHFFFAOYSA-N","","","True","True",-0.414750614145897,0.712140637573413,"True",-0.398192825054483,0.678392855374469,"False",NA,NA,"False",NA,NA,"all_pre_hcc",FALSE,FALSE,FALSE
1112,"11beta-hydroxyandrosterone glucuronide","BRPLOVMHAFXVOQ-HXVIYJDASA-N","HMDB0010351","","True","True",-0.382319434160253,0.688838927236634,"True",-0.331476932433524,0.673731520607622,"True",-0.387687915664838,0.686992610035267,"True",-0.338011760234429,0.688074464109237,"all_pre_hcc",TRUE,TRUE,FALSE
1113,"N2-acetyl,N6,N6-dimethyllysine","UNPVIYLDJYPILW-VIFPVBQESA-N","","","True","True",-0.494749430701017,0.566222841194563,"True",-0.462403858374331,0.457427796725125,"True",-0.495984214281814,0.537357864519045,"True",-0.468515369570306,0.428066308060076,"all_pre_hcc",TRUE,TRUE,FALSE
1114,"N2-acetyl,N6-methyllysine","MKWKYAGEJHBUOX-QMMMGPOBSA-N","","","True","True",-0.590136835589148,0.455765272132292,"True",-0.576331087930951,0.276670260696197,"True",-0.589833039283453,0.417530986800651,"True",-0.576324698822074,0.28352827789404,"all_pre_hcc",TRUE,TRUE,FALSE
1115,"cholic acid glucuronide","RBLDVEUUCHVWMW-LFKDYQRZSA-N","HMDB0002577","","False","True",-0.700067299372325,0.393566697647221,"True",-0.698498936332117,0.343421372089021,"True",-0.68199295700705,0.436668126479199,"True",-0.676570104138163,0.416733224180972,"all_pre_hcc",TRUE,TRUE,FALSE
1116,"deoxycholic acid glucuronide","NNEIBJNHWVDJBA-WOSXBVGSSA-N","","","True","True",-0.132840243687519,0.888814350796284,"True",-0.124797126937143,0.873350759993381,"True",-0.124944562978886,0.898535548113911,"True",-0.100979075904929,0.88871614213308,"all_pre_hcc",TRUE,TRUE,FALSE
1117,"4-allylcatechol sulfate","USWXDXYEVISELK-UHFFFAOYSA-N","","","True","True",-0.0221184288199648,0.986259451264941,"True",-0.000835968354869396,0.998643396938564,"False",NA,NA,"False",NA,NA,"all_pre_hcc",FALSE,FALSE,FALSE
1118,"2-hydroxyfluorene sulfate","ZAEQSKSORYMOAE-UHFFFAOYSA-N","","","False","True",-0.175001765405744,0.874740180957847,"True",-0.236288569740613,0.793599520949532,"True",-0.174168250745724,0.867483017445523,"True",-0.234833262974838,0.807233914395397,"all_pre_hcc",TRUE,TRUE,FALSE
1119,"3-hydroxypyridine glucuronide","IOLHQSZMUUGACW-UHFFFAOYSA-N","","","False","True",-0.437481221042717,0.712140637573413,"True",-0.436616310884364,0.670290979617202,"False",NA,NA,"True",-0.435010133562848,0.728275750480638,"all_pre_hcc",FALSE,FALSE,FALSE
1120,"vanillate glucuronide","GRERMCGRRAMWSD-UHFFFAOYSA-N","HMDB0240572","","False","True",-0.135098842332717,0.888814350796284,"True",-0.150722517834626,0.848534331899759,"False",NA,NA,"False",NA,NA,"all_pre_hcc",FALSE,FALSE,FALSE
1121,"triclosan sulfate","ZPFYUMPBKRRSTR-UHFFFAOYSA-N","HMDB0061387","","False","True",0.636901847798282,0.631861942777612,"True",0.58657321274908,0.601699219885248,"False",NA,NA,"False",NA,NA,"all_pre_hcc",FALSE,FALSE,FALSE
1122,"methyl vanillate sulfate","IWRNHPTWPBSQSA-UHFFFAOYSA-N","","","False","True",-0.142709601760699,0.92333382278895,"True",-0.146573098963982,0.892762296820849,"False",NA,NA,"False",NA,NA,"all_pre_hcc",FALSE,FALSE,FALSE
1123,"4-methylhexanoylglutamine","VCZLDSLBUPQMCV-UHFFFAOYSA-N","","","False","True",-0.0642716924842655,0.951738622937288,"True",-0.0394785389425241,0.957472192158647,"True",-0.064670756699542,0.942558123821894,"True",-0.0395959669046228,0.950960049537534,"all_pre_hcc",TRUE,TRUE,FALSE
1124,"pravastatin","TUZYXOIXSAXUGO-PZAWKZKUSA-N","HMDB0005022","DG00353,C01844,D08410","False","True",-0.00414950503233814,0.712140637573413,"True",-0.00414950503233953,0.678392855374469,"True",-0.0060571663368512,0.790513626985129,"True",-0.0060490975956519,0.768997746299996,"all_pre_hcc",TRUE,TRUE,FALSE
1125,"benazeprilat","MADRIHWFJGRSBP-ROUUACIJSA-N","HMDB0060582","D03077","False","True",0.010860142676802,0.9628944370118,"True",0.0282427491444074,0.898260751241225,"True",0.015528391012301,0.931042512971201,"True",0.0407916552390111,0.814622363708715,"all_pre_hcc",TRUE,TRUE,FALSE
1126,"1-heptadecenoylglycerol (17:1)*","KRUXHXDPFZXFJX-FPLPWBNLSA-N","","","False","True",0.0145023550256305,0.995581534768925,"True",-0.0341049238653944,0.961223896447397,"True",0.014723889573846,0.996206386364545,"False",NA,NA,"all_pre_hcc",FALSE,FALSE,FALSE
1127,"sulfociprofloxacin*","SDLYZOYQWKDWJG-UHFFFAOYSA-N","","","False","True",-0.0479193002494189,0.574142745721525,"True",-0.0474426217925696,0.514280547426106,"True",-0.0546511683972026,0.866831664609449,"False",NA,NA,"all_pre_hcc",FALSE,FALSE,FALSE
1128,"desmethylcitalopram*","PTJADDMMFYXMMG-UHFFFAOYSA-N","HMDB0014021","C16608","False","True",-0.129236509075758,0.781426972222728,"True",-0.0996592954920189,0.803122018361302,"True",-0.129178362988886,0.844013430128151,"True",-0.0997154100640708,0.824210536459552,"all_pre_hcc",TRUE,TRUE,FALSE
1129,"citalopram N-oxide*","DIOGFDCEWUUSBQ-UHFFFAOYSA-N","HMDB0060654","C16607","False","True",-0.142307679736152,0.643704403234587,"True",-0.104741501300403,0.601699219885248,"True",-0.142061962457554,0.774268405673223,"True",-0.104860712535262,0.768997746299996,"all_pre_hcc",TRUE,TRUE,FALSE
1130,"citalopram propionate*","JSYNRZJODZWUKX-UHFFFAOYSA-N","HMDB60463","C16610","False","True",-0.144217491218021,0.792410768287471,"True",-0.120842106726369,0.803122018361302,"True",-0.143817278729792,0.844013430128151,"True",-0.120792864741383,0.820605936240007,"all_pre_hcc",TRUE,TRUE,FALSE
1131,"4-hydroxy duloxetine glucuronide*","OBIZFSZXDHWUJZ-ANUWOGMRSA-N","HMDB0060763","","False","True",-0.063739511301715,0.382241884941213,"True",-0.0658499171480613,0.265503377060341,"True",-0.0745504124123555,0.712433972304203,"True",-0.0772355007782611,0.638890938586887,"all_pre_hcc",TRUE,TRUE,FALSE
1132,"5-hydroxy-6-methoxy duloxetine sulfate*","XYZBSFYKOKLCKI-INIZCTEOSA-N","","","False","True",-0.0519910678315557,0.395720130523112,"True",-0.0597754615598079,0.267469470477457,"True",-0.0641048493513883,0.743115424840978,"True",-0.0735864387965367,0.680596508783707,"all_pre_hcc",TRUE,TRUE,FALSE
1133,"ezetimibe glucuronide*","UOFYCFMTERCNEW-ADEYADIWSA-N","","","False","True",0.175352573422716,0.54604944813447,"True",0.138951412624506,0.431292355064545,"True",0.182049692487246,0.0832497430275824,"True",0.143251353032055,0.0269764153214911,"all_pre_hcc",TRUE,TRUE,FALSE
1134,"N-desalkylquetiapine*","JLOAJISUHPIQOX-UHFFFAOYSA-N","","","False","True",0.0275028129166251,0.761769676770543,"True",0.0368536731197276,0.753294701579054,"True",0.0297714387470924,0.672275694841273,"True",0.0426765642413605,0.604916994045596,"all_pre_hcc",TRUE,TRUE,FALSE
1135,"ranitidine N-oxide*","DFJVUWAHTQPQCV-MDWZMJQESA-N","","","False","True",0.118069493797483,0.847989011787872,"True",0.109252324449284,0.804869143659674,"True",0.147036308781276,0.743115424840978,"True",0.144846532488145,0.725355527874707,"all_pre_hcc",TRUE,TRUE,FALSE
1136,"10-hydroxywarfarin","BPZSPAZBZFZZBN-UHFFFAOYSA-N","HMDB0013884","","False","True",-0.146364854851705,0.463421672732727,"True",-0.150054045036528,0.398312338921494,"True",-0.165004799459477,0.759556482143435,"True",-0.169180432905501,0.729897606831143,"all_pre_hcc",TRUE,TRUE,FALSE
1137,"7-hydroxywarfarin","SKFYEJMLNMTTJA-UHFFFAOYSA-N","HMDB0013886","","False","True",-0.0382064881686117,0.538028475113969,"True",-0.0418418081721809,0.429760939766166,"True",-0.0434404214871152,0.773146867653683,"True",-0.0475314065971284,0.757820314146949,"all_pre_hcc",TRUE,TRUE,FALSE
1138,"6-hydroxywarfarin","IQWPEJBUOJQPDE-UHFFFAOYSA-N","HMDB0013883,HMDB0013880","","False","True",-0.0388654953602232,0.512575300864899,"True",-0.0357317431663985,0.417520864476979,"True",-0.0447959866586672,0.722826050329648,"True",-0.0411180282293816,0.699715365731864,"all_pre_hcc",TRUE,TRUE,FALSE
1139,"glycoursodeoxycholic acid sulfate (1)","DKXXSIJHWWVNMO-XROMFQGDSA-N","","","True","True",-0.574216710947711,0.712140637573413,"True",-0.561364663416566,0.678679014862867,"True",-0.579971738960787,0.722826050329648,"True",-0.567898993258335,0.682971363104616,"all_pre_hcc",TRUE,TRUE,FALSE
1140,"glycoursodeoxycholic acid sulfate (2)","DKXXSIJHWWVNMO-XROMFQGDSA-N","","","False","True",-0.735055352666132,0.463421672732727,"True",-0.755166322016619,0.383758439351878,"True",-0.735056914418119,0.404622588947593,"True",-0.755032126845042,0.346377112538744,"all_pre_hcc",TRUE,TRUE,FALSE
1141,"dihydrocaffeate sulfate (2)","WEPNMLSXEATIJK-UHFFFAOYSA-N","","","True","True",-0.712423895874521,0.54604944813447,"True",-0.700217637824918,0.444502908798233,"False",NA,NA,"False",NA,NA,"all_pre_hcc",FALSE,FALSE,FALSE
1142,"lithocholate sulfate (1)","AXDXVEYHEODSPN-HVATVPOCSA-N","","","False","True",-0.490869629794427,0.723061765935624,"True",-0.477098438334652,0.705216146393861,"True",-0.489009214662184,0.722826050329648,"True",-0.475751713683478,0.701728175150946,"all_pre_hcc",TRUE,TRUE,FALSE
1143,"lithocholic acid sulfate (2)","AXDXVEYHEODSPN-HVATVPOCSA-N","","","False","True",-0.135639353166255,0.925928331502942,"True",-0.0768088303636539,0.945596559140091,"True",-0.136114511883867,0.904775610219613,"True",-0.0764948193007763,0.931271387643374,"all_pre_hcc",TRUE,TRUE,FALSE
1144,"3-hydroxyhexanoylcarnitine (1)","VYEONLJQPYRKAN-UHFFFAOYSA-N","","","True","True",-0.063246556276702,0.928795961973196,"True",-0.0311741521875936,0.948371018621947,"True",-0.0635255741095164,0.911617308854284,"True",-0.0312156681234813,0.936791393451008,"all_pre_hcc",TRUE,TRUE,FALSE
1145,"3-(methylthio)acetaminophen sulfate*","VOXWKXZBPMQUJH-UHFFFAOYSA-N","","","False","True",0.601146748608969,0.712140637573413,"True",0.499314952803363,0.725975319987707,"True",0.594643502540348,0.741220441120309,"True",0.493909522121665,0.757820314146949,"all_pre_hcc",TRUE,TRUE,FALSE
1146,"2-ketocaprylate","GPPUPQFYDYLTIY-UHFFFAOYSA-N","HMDB13211","","True","True",-0.140197183989113,0.848502030116675,"True",-0.117707574793089,0.799331986234789,"True",-0.140336174539921,0.842408936436375,"True",-0.117378252450211,0.790632207378959,"all_pre_hcc",TRUE,TRUE,FALSE
1147,"2,6-dihydroxybenzoic acid","AKEUNCKRJATALU-UHFFFAOYSA-N","HMDB0013676","","True","True",0.0855396115764929,0.9160296353593,"True",0.102853403591406,0.843590143497149,"True",0.0839746578939962,0.906303954672782,"True",0.104431616464608,0.82430078780398,"all_pre_hcc",TRUE,TRUE,FALSE
1148,"N,N-dimethyl-5-aminovalerate","UYZSNVLEDLCWGU-UHFFFAOYSA-N","","","False","True",0.283744439667843,0.848502030116675,"True",0.287861272919472,0.793599520949532,"False",NA,NA,"False",NA,NA,"all_pre_hcc",FALSE,FALSE,FALSE
1149,"tauroursodeoxycholic acid sulfate (1)","GLVWZDCWCRWVFM-LBSADWJPSA-N","","","True","True",0.203372673175998,0.92631812083019,"True",0.227694111515477,0.885594014727662,"True",0.202598998380714,0.911529198709376,"True",0.226631389235917,0.874801219596927,"all_pre_hcc",TRUE,TRUE,FALSE
1150,"tetrahydrocortisol sulfate (1)","UCVZOQFWMUAZJZ-GXBDJPPSSA-N","","","False","True",-0.586693638032446,0.527308817793279,"True",-0.613738389567179,0.383374210110525,"True",-0.584324646499975,0.486570455327616,"True",-0.613391729551909,0.358033466862773,"all_pre_hcc",TRUE,TRUE,FALSE
1151,"3-ethylcatechol sulfate (1)","NUPWKYZXNXCOHY-UHFFFAOYSA-N","","","True","True",-0.598866624696261,0.54604944813447,"True",-0.631743523406271,0.429760939766166,"True",-0.597954797059126,0.545423655240295,"True",-0.629830978152047,0.428066308060076,"all_pre_hcc",TRUE,TRUE,FALSE
1152,"3-ethylcatechol sulfate (2)","NUPWKYZXNXCOHY-UHFFFAOYSA-N","","","False","True",-0.253269727572334,0.786533026199868,"True",-0.263375601665612,0.768251460297055,"False",NA,NA,"False",NA,NA,"all_pre_hcc",FALSE,FALSE,FALSE
1153,"4-acetylcatechol sulfate (1)","RRWBOGSYNDIRNR-UHFFFAOYSA-N","","","False","True",-1.23217158450015,0.0186930500373579,"True",-1.25520220583357,0.0278526478426729,"False",NA,NA,"False",NA,NA,"all_pre_hcc",FALSE,FALSE,FALSE
1154,"4-acetylcatechol sulfate (2)","RRWBOGSYNDIRNR-UHFFFAOYSA-N","","","False","True",-0.656610291390014,0.317736490904179,"True",-0.759404719669439,0.17552434240495,"True",-0.668412698233403,0.393238116684682,"False",NA,NA,"all_pre_hcc",FALSE,FALSE,FALSE
1155,"dimethylguanidino valeric acid (DMGV)*","GLWRPXRMUUZNMD-UHFFFAOYSA-N","","","False","True",-1.25189686375362,0.27482397772766,"True",-1.17821078284427,0.163002026510686,"True",-1.24342685712179,0.204505265523854,"True",-1.17241817965244,0.130510155858854,"all_pre_hcc",TRUE,TRUE,FALSE
1156,"trimethoprim","IEDVJHCEMCRBQM-UHFFFAOYSA-N","HMDB0014583","C01965,D00145","False","True",0.0153028179878688,0.935591154518678,"True",0.0300104351638734,0.885594014727662,"False",NA,NA,"False",NA,NA,"all_pre_hcc",FALSE,FALSE,FALSE
1157,"clarithromycin","AGOYDEPGAOXOCK-KCBOHYOISA-N","HMDB0015342","C06912,D00276","False","True",0.262326365141733,0.729636065355503,"True",0.263208907816072,0.692075551676725,"False",NA,NA,"False",NA,NA,"all_pre_hcc",FALSE,FALSE,FALSE
1158,"donepezil","ADEBPBSSDYVVLD-UHFFFAOYSA-N","HMDB0005041","D07869","False","True",-0.0200690814592312,0.712140637573413,"True",-0.0203630277420826,0.678392855374469,"False",NA,NA,"False",NA,NA,"all_pre_hcc",FALSE,FALSE,FALSE
1159,"glyburide","ZNNLBTZKUZBEKO-UHFFFAOYSA-N","HMDB0015151","D00336,C07022","False","True",-0.017449775588703,0.757143492680545,"True",-0.0194617769146252,0.66414535732506,"False",NA,NA,"False",NA,NA,"all_pre_hcc",FALSE,FALSE,FALSE
1160,"glipizide","ZJJXGWJIGJFDTL-UHFFFAOYSA-N","HMDB0015200","D00335","False","True",-0.131002088840373,0.765500635667522,"True",-0.11244980099415,0.789698882328843,"True",-0.0831788361285255,0.865267968492573,"True",-0.0667858397580321,0.852308473201215,"all_pre_hcc",TRUE,TRUE,FALSE
1161,"glimepiride","WIGIZIANZCJQQY-RUCARUNLSA-N","HMDB0014367","C07669","False","True",0.084293199567555,0.848502030116675,"True",0.106679320044128,0.803122018361302,"True",0.0852111517680468,0.840120309178528,"True",0.104517975414898,0.789927255588574,"all_pre_hcc",TRUE,TRUE,FALSE
1162,"nateglinide","OELFLUMRDSZNSF-BRWVUGGUSA-N","HMDB0014869","C12508,D01111","False","True",0.0454886501040101,0.746364717042608,"True",0.0498832165170372,0.705216146393861,"False",NA,NA,"False",NA,NA,"all_pre_hcc",FALSE,FALSE,FALSE
1163,"canagliflozin","XTNGUQKDFGDXSJ-ZXGKGEBGSA-N","","D09592","False","True",0.0292259560938069,0.859892089482895,"True",0.0514557606658542,0.789698882328843,"True",0.0424148992248613,0.592616392626392,"True",0.074625728812576,0.275422907698685,"all_pre_hcc",TRUE,TRUE,FALSE
1164,"montelukast","UCHDWCPVSPXUMX-TZIWLTJVSA-N","HMDB0014614","C07482","False","True",0.0426675308982237,0.888814350796284,"True",0.0503312619997854,0.845594621023387,"False",NA,NA,"False",NA,NA,"all_pre_hcc",FALSE,FALSE,FALSE
1165,"2,3-dihydroxy-5-methylthio-4-pentenoate (DMTPA)*","XMZBEAXQGSBWLG-NSCUHMNNSA-N","HMDB0240388","","True","True",0.10177373758383,0.875660011611575,"True",0.126215690482353,0.705387420960543,"True",0.100596872461355,0.865103532503342,"True",0.126691641759981,0.699715365731864,"all_pre_hcc",TRUE,TRUE,FALSE
1166,"fibrinopeptide A (3-15)**","ROMVHQMTMINAHB-UHFFFAOYSA-N","","","True","True",-0.217523395986873,0.752929748163963,"True",-0.17250867739376,0.695672756944144,"True",-0.220645086356596,0.743115424840978,"True",-0.179778716958121,0.717608292638154,"all_pre_hcc",TRUE,TRUE,FALSE
1167,"fibrinopeptide A (2-15)**","BIJNWWNHDMFRFM-UHFFFAOYSA-N","","","True","True",0.0853910226396066,0.935591154518678,"True",0.0706845579973419,0.937687105817784,"True",0.0854118782969562,0.937502577649921,"True",0.0715287147161511,0.93766415495808,"all_pre_hcc",TRUE,TRUE,FALSE
1168,"fibrinopeptide A (3-16)**","RTIAWGDTSQOGQP-UHFFFAOYSA-N","","","True","True",0.0654256826989052,0.932577114973205,"True",0.0921312875260397,0.852456726855308,"True",0.0682452237160403,0.912145117658182,"True",0.0933575317775729,0.851129955031834,"all_pre_hcc",TRUE,TRUE,FALSE
1169,"fibrinopeptide A (4-15)**","GXMAZYIQAHTXHM-UHFFFAOYSA-N","","","True","True",0.030554974229242,0.967304661495219,"True",0.0881739677858761,0.863364404960151,"True",0.0277470837403476,0.970560889837061,"False",NA,NA,"all_pre_hcc",FALSE,FALSE,FALSE
1170,"fibrinopeptide A (8-16)**","IVDQZJOLQPZCET-UHFFFAOYSA-N","","","True","True",0.0621464462791336,0.935591154518678,"True",0.0917226281708674,0.847773837289341,"True",0.0698465409931434,0.911010602795729,"True",0.0975619198225419,0.820605936240007,"all_pre_hcc",TRUE,TRUE,FALSE
1171,"tamsulosin","DRHKJLXJIQTDTD-OAHLLOKOSA-N","HMDB0014844","D08560,C07124","False","True",0.190773509637479,0.678104817617568,"True",0.183371930051235,0.673731520607622,"True",0.190707518586062,0.497303165666681,"True",0.196500651869239,0.43553942361131,"all_pre_hcc",TRUE,TRUE,FALSE
1172,"meloxicam","ZRVUJXDFFKFLMG-UHFFFAOYSA-N","HMDB0014952","D00969,C08169","False","True",-0.230973759002655,0.414207427634354,"True",-0.234735043972722,0.343421372089021,"False",NA,NA,"True",-0.230838929817117,0.631829919798068,"all_pre_hcc",FALSE,FALSE,FALSE
1173,"fibrinopeptide B (1-13)**","CCYANGYMJWBLQM-UHFFFAOYSA-N","","","True","True",-0.222830585720761,0.752929748163963,"True",-0.197168379855807,0.735224252070288,"True",-0.224165271327152,0.790513626985129,"True",-0.19810161449369,0.780197084572469,"all_pre_hcc",TRUE,TRUE,FALSE
1174,"losartan","PSIFNNKUMBGKDQ-UHFFFAOYSA-N","HMDB0014816","C07072,D08146","False","True",-0.00416900609875589,0.998692291231007,"True",0.00694043809264427,0.998643396938564,"False",NA,NA,"False",NA,NA,"all_pre_hcc",FALSE,FALSE,FALSE
1175,"fibrinopeptide B (1-12)**","BQQBOORXDTXWLE-UHFFFAOYSA-N","","","True","True",0.0918294280340176,0.92631812083019,"True",0.113070660490793,0.852456726855308,"True",0.0921399074817534,0.906303954672782,"True",0.115998382808313,0.829178819393572,"all_pre_hcc",TRUE,TRUE,FALSE
1176,"fibrinopeptide B (1-11)**","YXFOTICOZNPKPN-UHFFFAOYSA-N","","","True","True",0.143491447844069,0.785045416548627,"True",0.166261418114201,0.687614252032518,"True",0.140113549572337,0.831155905069558,"True",0.164479874934095,0.763081755825009,"all_pre_hcc",TRUE,TRUE,FALSE
1177,"fibrinopeptide B (1-9)**","WWZFLBITCJUQNV-UHFFFAOYSA-N","","","True","True",-0.0232194792324008,0.976439686718909,"True",0.00160963214484757,0.998643396938564,"True",-0.0230730170271189,0.970560889837061,"True",0.0035900194469802,0.994683095253935,"all_pre_hcc",FALSE,TRUE,FALSE
1178,"cyclobenzaprine","JURKNVYFZMSNLP-UHFFFAOYSA-N","HMDB0015060","D07758,C06931","False","True",-0.00414685370896271,0.712140637573413,"True",-0.00414685370896376,0.678392855374469,"False",NA,NA,"True",-0.0041463640963081,0.803930608448969,"all_pre_hcc",FALSE,FALSE,FALSE
1180,"emtricitabine","XQSPYNMVSIKCOC-NTSWFWBYSA-N","HMDB0015017","C12599,D01199","False","True",-0.0431624336913734,0.566222841194563,"True",-0.0581874188166956,0.521155569440383,"True",-0.043450979813597,0.810981997110187,"True",-0.0573544702528618,0.792658360858766,"all_pre_hcc",TRUE,TRUE,FALSE
1182,"tenofovir","SGOIRFVFHAKUTI-ZCFIWIBFSA-N","HMDB0014445","C17407","False","True",0.0105801657705145,0.888814350796284,"True",0.0022805065906476,0.974472811700594,"True",0.017843919538038,0.801808055092078,"True",0.0105296956912094,0.910836317379555,"all_pre_hcc",TRUE,TRUE,FALSE
1183,"darunavir","CJBJHOAVZSMMDJ-HEXNFIEUSA-N","HMDB0015393","D03656","False","True",-0.0139934470477166,0.592654476277519,"True",-0.0259822721162263,0.601699219885248,"True",-0.0138425221115686,0.844013430128151,"True",-0.0239702974612411,0.814622363708715,"all_pre_hcc",TRUE,TRUE,FALSE
1184,"ritonavir","NCDNCNXCDXHOMX-XGKFQTDJSA-N","HMDB0014646","D00427","False","True",-0.0206973903103364,0.652864196281875,"True",-0.0326806548870964,0.619901024201084,"True",-0.0197830105013074,0.844013430128151,"True",-0.0298095317341643,0.814622363708715,"all_pre_hcc",TRUE,TRUE,FALSE
1187,"5-hydroxy-2-methylpyridine sulfate","UAQAOMYUJQVGMD-UHFFFAOYSA-N","","","False","True",-0.429128514474414,0.81308535519298,"True",-0.42624576267332,0.788802557545129,"False",NA,NA,"False",NA,NA,"all_pre_hcc",FALSE,FALSE,FALSE
1188,"3-hydroxy-2-methylpyridine sulfate","GOXQGRHDLROYBT-UHFFFAOYSA-N","","","True","True",-0.480128750182357,0.746364717042608,"True",-0.495141778063944,0.695672756944144,"True",-0.482449395374612,0.773146867653683,"False",NA,NA,"all_pre_hcc",FALSE,FALSE,FALSE
1189,"hydroxypalmitoyl sphingomyelin (d18:1/16:0(OH))**","FAVAZPKFPKOYCT-VTAPXIELSA-N","","","True","True",-0.0444644269468694,0.92631812083019,"True",-0.0222727633103347,0.937687105817784,"True",-0.0447059298829873,0.906303954672782,"True",-0.0196456219350905,0.936791393451008,"all_pre_hcc",TRUE,TRUE,FALSE
1190,"cortisol 21-sulfate","JOVLCJDINAUYJW-VWUMJDOOSA-N","HMDB0062779","","False","True",0.209210557846056,0.723061765935624,"True",0.189009888477003,0.684973026617939,"False",NA,NA,"False",NA,NA,"all_pre_hcc",FALSE,FALSE,FALSE
1191,"2-acrylamidoglycolic acid","NEYTXADIGVEHQD-UHFFFAOYSA-N","","","True","True",-0.113539333293492,0.835748497541537,"True",-0.0874668065986569,0.797012322389442,"True",-0.113793634319701,0.828867957758467,"True",-0.0873926862749597,0.792658360858766,"all_pre_hcc",TRUE,TRUE,FALSE
1192,"mercaptopurine","GLVAUDGFNGKCSF-UHFFFAOYSA-N","HMDB0015167","C02380","False","True",-0.188025798651835,0.277891998321127,"True",-0.181799603155789,0.192512768296721,"True",-0.199521049416943,0.690634031365209,"True",-0.193254300190177,0.627024037778177,"all_pre_hcc",TRUE,TRUE,FALSE
1193,"ribavirin","IWUCXVSUMQZMFG-AFCXAGJDSA-N","HMDB14949","D00423","False","True",-0.00328188173827244,0.712140637573413,"True",-0.00328188173827332,0.678392855374469,"True",-0.0031450214094908,0.877567398140426,"True",-0.0031450214094915,0.852308473201215,"all_pre_hcc",TRUE,TRUE,FALSE
1194,"taurochenodeoxycholic acid 3-sulfate","IJHJZQKOSUFQCX-WZJRQFJBSA-N","HMDB0002486","","True","True",1.420662482167,0.151458419651791,"True",1.42814971585009,0.077506271293344,"True",1.42918911025375,0.157176233679558,"True",1.44203989484605,0.0764031854506789,"all_pre_hcc",TRUE,TRUE,FALSE
1195,"tetradecadienedioate (C14:2-DC)*","MUFSRLVOUKHPIZ-OVYZBVKCSA-N","","","True","True",-0.123295844734396,0.90554580063907,"True",-0.0916556542632101,0.901534468936542,"True",-0.119908437095198,0.898672361155325,"True",-0.0852825521491628,0.897445843389982,"all_pre_hcc",TRUE,TRUE,FALSE
1196,"pregnenetriol sulfate*","HIYOTPJZDPVBTL-HXOPQMAFSA-N","","","True","True",0.0252064543996526,0.977632964973853,"True",0.0537192639417105,0.947366279479581,"True",0.0260648481581496,0.974023470722362,"True",0.0529314870491176,0.936791393451008,"all_pre_hcc",TRUE,TRUE,FALSE
1197,"pregnenetriol disulfate*","KANYWSIUKWPEOE-HXOPQMAFSA-N","","","True","True",-0.187347912486137,0.848502030116675,"True",-0.161168824309649,0.821270383925121,"True",-0.184323590705241,0.842408936436375,"True",-0.157352970012055,0.814622363708715,"all_pre_hcc",TRUE,TRUE,FALSE
1198,"eicosenedioate (C20:1-DC)*","NZLFRLCYQVOISV-IWQZZHSRSA-N","","","True","True",0.310240904206961,0.574142745721525,"True",0.348071938464852,0.350652575627111,"True",0.314293069417744,0.630027886127546,"True",0.351461675200965,0.416733224180972,"all_pre_hcc",TRUE,TRUE,FALSE
1199,"glu-gly-asn-val**","QTVRCQRIGVKQHD-UHFFFAOYSA-N","","","True","True",-0.0162301201675926,0.994566962192978,"True",0.0319666144267041,0.962320133148866,"False",NA,NA,"False",NA,NA,"all_pre_hcc",FALSE,FALSE,FALSE
1200,"hydroxy-N6,N6,N6-trimethyllysine*","ZRJHLGYVUCPZNH-MQWKRIRWSA-N","","","True","True",-0.126701073690105,0.761769676770543,"True",-0.104699388519663,0.692075551676725,"True",-0.12647227216044,0.790513626985129,"True",-0.104676018410182,0.741984133827804,"all_pre_hcc",TRUE,TRUE,FALSE
1201,"undecenoylcarnitine (C11:1)","FVOVZEONZTWNTC-OUKQBFOZSA-N","","","True","True",-0.40107022396019,0.463421672732727,"True",-0.366265072402194,0.286696452381543,"True",-0.405445176544397,0.393238116684682,"True",-0.373338066929821,0.223868791569115,"all_pre_hcc",TRUE,TRUE,FALSE
1202,"3-decenoylcarnitine","YMJNFVUJNDWLND-ZHACJKMWSA-N","","","False","True",0.917596726102418,0.27482397772766,"True",0.739977067898673,0.138444616287517,"True",0.916376122055166,0.372400143140757,"True",0.739071700682028,0.181250668274543,"all_pre_hcc",TRUE,TRUE,FALSE
1203,"levulinoylcarnitine","XDZHMFWKQXZAFO-UHFFFAOYSA-N","","","True","True",0.00778640965024989,0.998692291231007,"True",-0.0146231667247297,0.977896455853246,"True",0.0046099548422546,0.99768246593447,"True",-0.013237048235729,0.974969336027408,"all_pre_hcc",FALSE,TRUE,FALSE
1204,"3-hydroxydecanoylcarnitine","VCRSQDIROUELAR-UHFFFAOYSA-N","HMDB0061636","","True","True",-0.0664143390694906,0.935148523033745,"True",-0.0299266436517786,0.955697462584365,"True",-0.0669218178009932,0.924671324468955,"True",-0.0329775344427672,0.941406964088266,"all_pre_hcc",TRUE,TRUE,FALSE
1205,"palmitoyl-sphingosine-phosphoethanolamine (d18:1/16:0)","JTVNQMOIYKXJKF-WSYRTZMQSA-N","","","True","True",-0.0429238398521862,0.888814350796284,"True",-0.0195189276834465,0.915630445167012,"True",-0.0425603623365281,0.880986572725634,"True",-0.0177091157425477,0.936791393451008,"all_pre_hcc",TRUE,TRUE,FALSE
1206,"picolinoylglycine","MNYZGNSHBPLAFN-UHFFFAOYSA-N","HMDB0059766","","True","True",-0.349324521041938,0.668924738478841,"True",-0.395391193237043,0.537639095172239,"True",-0.344535041525231,0.602557880977205,"True",-0.391624978620249,0.428066308060076,"all_pre_hcc",TRUE,TRUE,FALSE
1207,"4-vinylcatechol sulfate","ILVXQMHYFMBCMJ-UHFFFAOYSA-N","","","True","True",-0.349345757643331,0.820519174166133,"True",-0.335316381059589,0.792394165931339,"False",NA,NA,"False",NA,NA,"all_pre_hcc",FALSE,FALSE,FALSE
1208,"4-vinylguaiacol glucuronide","RRBFAJWNNUHFMC-DKBOKBLXSA-N","","","False","True",-0.458508810296939,0.551133132243807,"True",-0.4547572208629,0.4919956607344,"False",NA,NA,"False",NA,NA,"all_pre_hcc",FALSE,FALSE,FALSE
1209,"succinoyltaurine","SBQWITJAJITAMM-UHFFFAOYSA-N","","","True","True",0.329520358442787,0.688838927236634,"True",0.417995642256691,0.624523901034462,"True",0.330407509747313,0.710638458789538,"True",0.41974134567436,0.634185440134848,"all_pre_hcc",TRUE,TRUE,FALSE
1210,"(15:3)-anacardic acid","QUVGEKPNSCFQIR-AOSYACOCSA-N","HMDB31059","","False","True",0.232426278191876,0.752929748163963,"True",0.231002012340389,0.738386225848029,"False",NA,NA,"False",NA,NA,"all_pre_hcc",FALSE,FALSE,FALSE
1211,"3,5-dichloro-2,6-dihydroxybenzoic acid","KLXACYSQYFWVLM-UHFFFAOYSA-N","","","True","True",-0.350450449527944,0.551133132243807,"True",-0.333609814947792,0.459600552252087,"True",-0.350001877932664,0.530500104454036,"True",-0.333316942221648,0.444467142569272,"all_pre_hcc",TRUE,TRUE,FALSE
1212,"metabolonic lactone sulfate","IJIWKJRHDDIJKI-MVCMDAJNSA-N","","","False","True",-0.861024304546939,0.291805016299868,"True",-0.906403416362614,0.21705438914741,"True",-0.86269270467878,0.379214854418671,"True",-0.908910940419078,0.251810706045499,"all_pre_hcc",TRUE,TRUE,FALSE
1213,"vanillic acid glycine","LOODYTDRRBLQNH-UHFFFAOYSA-N","HMDB0060026","","False","True",-0.947814960558937,0.295801610370497,"True",-1.07467220703174,0.177546306894775,"False",NA,NA,"False",NA,NA,"all_pre_hcc",FALSE,FALSE,FALSE
1214,"2-hydroxy-4-(methylthio)butanoic acid","ONFOSYPQQXJWGS-UHFFFAOYSA-N","HMDB0037115","","True","True",0.212054607832984,0.688838927236634,"True",0.246357658210168,0.529994206980286,"True",0.210368783688865,0.743115424840978,"True",0.236031789350825,0.621799414193037,"all_pre_hcc",TRUE,TRUE,FALSE
1215,"branched chain 14:0 dicarboxylic acid**","JUODHHFNSQAXKF-UHFFFAOYSA-N","","","False","True",-0.261133827649295,0.900403575208525,"True",-0.237172550512536,0.877859583928236,"True",-0.262694430998824,0.882111939601104,"True",-0.238906734197438,0.854650376235062,"all_pre_hcc",TRUE,TRUE,FALSE
1216,"pentose acid*","","HMDB0000892","C00803","True","True",0.086618663588475,0.92631812083019,"True",0.122621038683789,0.86364787237661,"False",NA,NA,"False",NA,NA,"all_pre_hcc",FALSE,FALSE,FALSE
1217,"1-methyl-5-imidazolelactate","MXETUSMIYKMMAT-UHFFFAOYSA-N","","","True","True",-0.61713716937531,0.537193462933596,"True",-0.575529698530229,0.417520864476979,"True",-0.617575395125722,0.417530986800651,"True",-0.57617488203639,0.32685560883312,"all_pre_hcc",TRUE,TRUE,FALSE
1218,"feruloylquinate (2)","RAGZUCNPTLULOL-KQJPBSFVSA-N","","","False","True",-0.123172269241517,0.912104101293667,"True",-0.137657988591443,0.885594014727662,"False",NA,NA,"False",NA,NA,"all_pre_hcc",FALSE,FALSE,FALSE
1219,"feruloylquinate (4)","RAGZUCNPTLULOL-KQJPBSFVSA-N","","","False","True",-0.057792507943739,0.960981596061617,"True",-0.0714551621743936,0.949217095654759,"False",NA,NA,"False",NA,NA,"all_pre_hcc",FALSE,FALSE,FALSE
1220,"(2 or 3)-decenoate (10:1n7 or n8)","WXBXVVIUZANZAU-CMDGGOBGSA-N","","","True","True",0.14674793738134,0.888242800625287,"True",0.181644815451557,0.797012322389442,"True",0.149933785394825,0.866831664609449,"True",0.184058620166905,0.792658360858766,"all_pre_hcc",TRUE,TRUE,FALSE
1221,"S-carboxyethylcysteine","CAMXXPUSAROUCX-BYPYZUCNSA-N","","","True","True",-0.180641781575529,0.668924738478841,"True",-0.157345922157082,0.66313732230068,"False",NA,NA,"False",NA,NA,"all_pre_hcc",FALSE,FALSE,FALSE
1222,"isoursodeoxycholate sulfate (1)","WHMOBEGYTDWMIG-DNMBCGTGSA-N","","","False","True",-0.978667977471603,0.277891998321127,"True",-1.02549120698644,0.162281600569874,"True",-0.971791744313469,0.379214854418671,"True",-1.01899581690413,0.223868791569115,"all_pre_hcc",TRUE,TRUE,FALSE
1223,"isoursodeoxycholate sulfate (2)","WHMOBEGYTDWMIG-DNMBCGTGSA-N","","","False","True",-0.590500193191405,0.463421672732727,"True",-0.497031227131882,0.429760939766166,"True",-0.588518509008085,0.53650857631956,"True",-0.490722680164864,0.487460870708415,"all_pre_hcc",TRUE,TRUE,FALSE
1224,"chenodeoxycholic acid sulfate (1)","WHMOBEGYTDWMIG-BSWAIDMHSA-N","HMDB0002522","","False","True",-0.991771613595969,0.141153006235356,"True",-1.02733449748573,0.115892347543332,"True",-0.991860872241223,0.157176233679558,"True",-1.02891958825452,0.130510155858854,"all_pre_hcc",TRUE,TRUE,FALSE
1225,"branched-chain, straight-chain, or cyclopropyl 10:1 fatty acid (1)*","NIFITBVFNGQSNA-SOFGYWHQSA-N","","","True","True",0.250114170692902,0.798925030887133,"True",0.272864922425041,0.678392855374469,"True",0.250759934758124,0.77207375928871,"True",0.274006479190081,0.625290072487223,"all_pre_hcc",TRUE,TRUE,FALSE
1226,"branched-chain, straight-chain, or cyclopropyl 10:1 fatty acid (2)*","NIFITBVFNGQSNA-SOFGYWHQSA-N","","","True","True",-0.253887190573746,0.874740180957847,"True",-0.194767781754476,0.854708776950554,"False",NA,NA,"False",NA,NA,"all_pre_hcc",FALSE,FALSE,FALSE
1227,"carnitine of C10H14O2 (5)*","","","","True","True",-0.597823688326326,0.393566697647221,"True",-0.615881353822904,0.347504897360283,"True",-0.59157338216879,0.393238116684682,"True",-0.61805060116157,0.336882118566428,"all_pre_hcc",TRUE,TRUE,FALSE
1228,"4-ethyl-2-methoxyphenol sulfate","MKBJQFWSHNXYFZ-UHFFFAOYSA-N","","","False","True",-0.325349277253017,0.712140637573413,"True",-0.334342286912976,0.678392855374469,"False",NA,NA,"False",NA,NA,"all_pre_hcc",FALSE,FALSE,FALSE
1229,"3-bromo-5-chloro-2,6-dihydroxybenzoic acid*","AJSVSHDVMDXRFN-UHFFFAOYSA-N","","","True","True",-0.0978292991084118,0.888814350796284,"True",-0.0698381696137206,0.887218104318605,"True",-0.0997126865903955,0.866831664609449,"True",-0.0714252501304113,0.858277180937144,"all_pre_hcc",TRUE,TRUE,FALSE
1230,"branched-chain, straight-chain, or cyclopropyl 12:1 fatty acid*","FQSFPMAZIOPKLO-JXMROGBWSA-N","","","True","True",0.37102884136067,0.693008661913724,"True",0.376919053002862,0.564791950698641,"False",NA,NA,"False",NA,NA,"all_pre_hcc",FALSE,FALSE,FALSE
1231,"decadienedioic acid (C10:2-DC)**","FRWVXIATCBRYHA-KPMZXABDSA-N","","","True","True",-0.672475567845965,0.498594130931779,"True",-0.704576045019813,0.400391607190022,"True",-0.683411895657492,0.417530986800651,"True",-0.708121115332328,0.362023514510028,"all_pre_hcc",TRUE,TRUE,FALSE
1232,"deoxycholic acid 12-sulfate*","GMRIQHBJNVMHJA-LLQZFEROSA-N","","","False","True",-0.709494350503074,0.603606477192618,"True",-0.649715515650526,0.564791950698641,"True",-0.706150500469043,0.592616392626392,"True",-0.649037483615929,0.538463070207696,"all_pre_hcc",TRUE,TRUE,FALSE
1233,"GlcNAc sulfate conjugate of C21H34O2 steroid**","","","","False","True",-0.00696537249879933,0.998692291231007,"True",-0.0282399095299671,0.973359010798392,"True",0.0073522684459313,0.996206386364545,"True",-0.0219360443903453,0.974260855894889,"all_pre_hcc",FALSE,TRUE,FALSE
1234,"cis-3,4-methyleneheptanoate","VFMNSFWBDMRNLJ-BQBZGAKWSA-N","","","True","True",0.310746312208996,0.572927450991403,"True",0.334133921763901,0.343421372089021,"True",0.30833833129443,0.59557991963789,"True",0.332488764853981,0.357618183346623,"all_pre_hcc",TRUE,TRUE,FALSE
1235,"cis-3,4-methyleneheptanoylcarnitine","LNGSHJPPGDBEPT-VYAYZGMFSA-N","","","True","True",-0.42530157321821,0.394785613351887,"True",-0.389627792967822,0.166672894745208,"True",-0.425377228434848,0.393238116684682,"True",-0.393385992841575,0.178363241960687,"all_pre_hcc",TRUE,TRUE,FALSE
1236,"N-acetyl-2-aminoadipate","FTTGAAZKBNZDCZ-LURJTMIESA-N","","C12986","True","True",-0.313315660560153,0.551659139877728,"True",-0.284857248549312,0.406892402493814,"True",-0.314603241106377,0.458474832153681,"True",-0.28593117875586,0.346377112538744,"all_pre_hcc",TRUE,TRUE,FALSE
1237,"De(carboxymethoxy) cetirizine acetic acid","NBQBQRKLQXVPIS-LJQANCHMSA-N","","","False","True",-0.218145553656389,0.786417441481152,"True",-0.199880507277903,0.803122018361302,"True",-0.197021349492231,0.866831664609449,"True",-0.180876780141997,0.852308473201215,"all_pre_hcc",TRUE,TRUE,FALSE
1238,"4-chlorobenzoic acid","XRHGYUZYPHTUJZ-UHFFFAOYSA-N","","C02370","True","True",0.024588666966261,0.9628944370118,"True",0.0555297980609932,0.844509717702564,"True",0.0258036805930591,0.955878489269601,"True",0.0548221577430855,0.842190759089168,"all_pre_hcc",TRUE,TRUE,FALSE
1239,"torasemide","NGBFQHCMQULJNZ-UHFFFAOYSA-N","","","False","True",0.196285838162025,0.888814350796284,"True",0.160877370989569,0.885594014727662,"True",0.186695539004391,0.854784852052777,"True",0.155024357004877,0.829178819393572,"all_pre_hcc",TRUE,TRUE,FALSE
1240,"2-methoxyhydroquinone sulfate (1)","LEJCLCZOTCOTQE-UHFFFAOYSA-N","","","True","True",0.396300267574275,0.712140637573413,"True",0.447108643444025,0.564791950698641,"True",0.393848033597194,0.729858007048863,"False",NA,NA,"all_pre_hcc",FALSE,FALSE,FALSE
1241,"2-methoxyhydroquinone sulfate (2)","DQJWAJBJWZYKLK-UHFFFAOYSA-N","","","False","True",0.0476187861655488,0.967304661495219,"True",0.0201148443962549,0.982123203474068,"False",NA,NA,"False",NA,NA,"all_pre_hcc",FALSE,FALSE,FALSE
1242,"norethindrone sulfate","GCUIJBFFHDSMDP-UHFFFAOYSA-N","","","False","True",-0.00414950503233896,0.712140637573413,"True",-0.00414950503233737,0.678392855374469,"True",-0.0060598903113295,0.790513626985129,"True",-0.0060568104213583,0.768997746299996,"all_pre_hcc",TRUE,TRUE,FALSE
1243,"diazepam","AAOVKJBEBIDNHE-UHFFFAOYSA-N","HMDB0014967","D00293","False","True",0.0170018554890542,0.92631812083019,"True",0.00747757518856318,0.955697462584365,"True",0.0133978550059749,0.955746185000366,"False",NA,NA,"all_pre_hcc",FALSE,FALSE,FALSE
1244,"temazepam","SEQDDYPDSLOBDC-UHFFFAOYSA-N","HMDB0014376","D00370","False","True",-0.00452081094213094,0.866118683573015,"True",-0.00542676939809201,0.789698882328843,"False",NA,NA,"False",NA,NA,"all_pre_hcc",FALSE,FALSE,FALSE
1245,"2,4-di-tert-butylphenol","ICKWICRCANNIBI-UHFFFAOYSA-N","","","True","True",-0.199241805851772,0.831055697449225,"True",-0.166063888264178,0.789698882328843,"True",-0.194247307179274,0.803438910422541,"True",-0.163570098390242,0.75683302403473,"all_pre_hcc",TRUE,TRUE,FALSE
1246,"3-hydroxyoctanoylcarnitine (1)","RCXSFDNDEVSQNG-UHFFFAOYSA-N","","","True","True",-0.463148473652985,0.712140637573413,"True",-0.418634945945347,0.707020089709522,"False",NA,NA,"False",NA,NA,"all_pre_hcc",FALSE,FALSE,FALSE
1247,"3-hydroxyoctanoylcarnitine (2)","RCXSFDNDEVSQNG-UHFFFAOYSA-N","","","False","True",-0.188444617196146,0.894276771797807,"True",-0.129824883765003,0.902837917441682,"False",NA,NA,"False",NA,NA,"all_pre_hcc",FALSE,FALSE,FALSE
1248,"cis-3,4-methyleneheptanoylglycine","FFFQOVJTIDIKQJ-YUMQZZPRSA-N","","","True","True",-0.666148915139441,0.277891998321127,"True",-0.602428819402616,0.14063565611687,"True",-0.678914225276765,0.320755384509642,"True",-0.615732475134782,0.172123303111685,"all_pre_hcc",TRUE,TRUE,FALSE
1249,"bilirubin degradation product, C16H18N2O5 (1)**","","","","False","True",-0.104026170876931,0.935591154518678,"True",-0.0544715799230006,0.957146345235811,"True",-0.103495903132199,0.931042512971201,"True",-0.054280024386286,0.949578478110667,"all_pre_hcc",TRUE,TRUE,FALSE
1250,"bilirubin degradation product, C16H18N2O5 (2)**","","","","True","True",-0.0988466822630818,0.92818448794699,"True",-0.0593738590777127,0.953727848874,"True",-0.0948719480010769,0.926042525553468,"True",-0.05284684493576,0.945188661205263,"all_pre_hcc",TRUE,TRUE,FALSE
1251,"bilirubin degradation product, C17H18N2O4 (1)**","","","","True","True",-0.240747438129617,0.835748497541537,"True",-0.212248733564837,0.789698882328843,"True",-0.240496453510457,0.826791619222887,"True",-0.211510567840143,0.778543673618658,"all_pre_hcc",TRUE,TRUE,FALSE
1252,"bilirubin degradation product, C17H18N2O4 (2)**","","","","True","True",-0.103937198892512,0.912104101293667,"True",-0.0818867743135686,0.889704390051903,"True",-0.103241828087722,0.898672361155325,"True",-0.0794379541955825,0.880938174009236,"all_pre_hcc",TRUE,TRUE,FALSE
1253,"bilirubin degradation product, C17H18N2O4 (3)**","","","","True","True",-0.0733530904123397,0.935591154518678,"True",-0.0511101414173946,0.945027128227564,"True",-0.072651804490925,0.928164349444469,"True",-0.0486036703134028,0.936791393451008,"all_pre_hcc",TRUE,TRUE,FALSE
1254,"bilirubin degradation product, C17H20N2O5 (1)**","","","","True","True",0.10442005764101,0.935148523033745,"True",0.136391750923424,0.885594014727662,"True",0.111398412267277,0.928164349444469,"True",0.146261186812346,0.872222870759049,"all_pre_hcc",TRUE,TRUE,FALSE
1255,"bilirubin degradation product, C17H20N2O5 (2)**","","","","True","True",0.0648292053299402,0.956657101078756,"True",0.07260812292575,0.942945793360402,"True",0.0712807576546887,0.945504031319428,"True",0.0814991710587607,0.928275155430289,"all_pre_hcc",TRUE,TRUE,FALSE
1256,"tetrahydrocortisol glucuronide","OZINUFSVVJAFHD-LUPKFNMHSA-N","","","True","True",-0.210367036157498,0.826717056249713,"True",-0.152565578855648,0.841621090092302,"True",-0.217313490779628,0.828867957758467,"True",-0.163011691340593,0.827078035968486,"all_pre_hcc",TRUE,TRUE,FALSE
1257,"bilirubin degradation product, C16H18N2O5 (3)**","","","","True","True",0.0817440646928771,0.935652993364052,"True",0.132998581638096,0.876504176579207,"True",0.081814422001086,0.935035891347583,"True",0.1339904814103,0.872222870759049,"all_pre_hcc",TRUE,TRUE,FALSE
1258,"bilirubin degradation product, C16H18N2O5 (4)**","","","","True","True",-0.214644156214685,0.866118683573015,"True",-0.153166782507265,0.879794101444171,"True",-0.20995280617925,0.866831664609449,"True",-0.146511146971125,0.874801219596927,"all_pre_hcc",TRUE,TRUE,FALSE
1259,"N,N-dimethyl-pro-pro","VOWFCBSRZKGKTF-UHFFFAOYSA-N","","","True","True",-0.055356331080235,0.897635012547844,"True",-0.0294375260729633,0.908069947051738,"True",-0.0554430023392696,0.887544630339239,"True",-0.0290948797131518,0.903230361541508,"all_pre_hcc",TRUE,TRUE,FALSE
1260,"oxindolylalanine","YLEQTOAIAOPFBY-UHFFFAOYSA-N","","","True","True",-0.10126781035371,0.841890905207968,"True",-0.0792352874289414,0.797012322389442,"True",-0.101686103518628,0.810981997110187,"False",NA,NA,"all_pre_hcc",FALSE,FALSE,FALSE
1261,"tetrahydrocortisone glucuronide (5)","QUOCEDQXFGCYTL-QMELEVSMSA-N","","","False","True",-0.369148958062549,0.70437638758118,"True",-0.426602741495584,0.564791950698641,"True",-0.368929344622805,0.722826050329648,"True",-0.4274487767957,0.586427021946209,"all_pre_hcc",TRUE,TRUE,FALSE
1262,"perfluorohexanesulfonate (PFHxS)","QZHDEAJFRJCDMF-UHFFFAOYSA-N","HMDB0094700","","True","True",0.223227387451395,0.824434621635099,"True",0.248457103405329,0.766565167365471,"True",0.220135656094328,0.803438910422541,"True",0.248439250225297,0.755889717897917,"all_pre_hcc",TRUE,TRUE,FALSE
1263,"menthol glucuronide","CLJGMBYGTHRUNF-PJQJKGEDSA-N","","","True","True",0.26592518324428,0.848502030116675,"True",0.309031781981526,0.772072037828019,"True",0.266301867683748,0.848848537578865,"True",0.309136529060696,0.776564011107576,"all_pre_hcc",TRUE,TRUE,FALSE
1,"S-1-pyrroline-5-carboxylate","DWAKNKKXGALPNW-UHFFFAOYSA-N","HMDB0001301","C04322","True","True",0.0707418281779223,0.933003438766831,"True",0.0820178700565471,0.878212145231226,"True",0.0696306163825858,0.93293377298526,"True",0.0834161732527674,0.880945885492053,"within_12m",TRUE,TRUE,FALSE
2,"spermidine","ATHGHQPFGPMSJY-UHFFFAOYSA-N","HMDB0001257","C00315","True","True",0.05903723563195,0.969111082335046,"True",0.072149203848547,0.924803169886568,"True",0.0582072395947878,0.951520137209749,"True",0.0702468812980504,0.905784920162162,"within_12m",TRUE,TRUE,FALSE
3,"1-methylnicotinamide","LDHMAVIPBRSVRG-UHFFFAOYSA-N","HMDB0000699","C02918","True","True",0.469884860754224,0.310301659185462,"True",0.489826343914933,0.233611036799118,"True",0.469324070070509,0.441084799548638,"True",0.487460476617019,0.261223888157048,"within_12m",TRUE,TRUE,FALSE
4,"12,13-DiHOME","CQSLTKIXAJTQGA-FLIBITNWSA-N","HMDB0004705","C14829","True","True",0.450649517551487,0.611298408781366,"True",0.461911684122289,0.42425480041998,"True",0.450004745818425,0.625589580592122,"False",NA,NA,"within_12m",FALSE,FALSE,FALSE
5,"5-hydroxyindoleacetate","DUUGKQCEGZLZNO-UHFFFAOYSA-N","HMDB0000763","C05635","True","True",0.0973590603152898,0.949330150141282,"True",0.119545523270055,0.894892807778064,"True",0.100658326359698,0.938262443532464,"True",0.125220169042012,0.877966297957988,"within_12m",TRUE,TRUE,FALSE
6,"alpha-ketoglutarate","KPGXRSRHYNQIFN-UHFFFAOYSA-N","HMDB0000208","C00026","True","True",0.00925262244044764,0.986709548180007,"True",0.0197149089148713,0.979590431718109,"True",0.0091895845203823,0.987774253607679,"True",0.0219300316411124,0.974609363618843,"within_12m",TRUE,TRUE,FALSE
7,"kynurenate","HCZHHEIFKROPDY-UHFFFAOYSA-N","HMDB0000715","C01717","True","True",0.374732573827966,0.640227842768685,"True",0.383940894321789,0.34748092305474,"True",0.369884302372073,0.573647357784482,"True",0.380787118140871,0.306749309827682,"within_12m",TRUE,TRUE,FALSE
8,"3-hydroxyisobutyrate","DBXBTMSZEOQQDU-UHFFFAOYSA-N","HMDB0000023,HMDB0000336","C01188,C06001","True","True",0.0146774456738753,0.986709548180007,"True",0.0236982654399494,0.980188501176237,"True",0.0149135558425663,0.987774253607679,"True",0.02359891480063,0.977643622344698,"within_12m",TRUE,TRUE,FALSE
9,"3-hydroxy-3-methylglutarate","NPOAOTPXWNWTSH-UHFFFAOYSA-N","HMDB0000355","C03761","True","True",-0.105374207340975,0.903076317953238,"True",-0.0885385600997055,0.878212145231226,"True",-0.102402956079726,0.89121497618183,"True",-0.088427667696392,0.846553603521212,"within_12m",TRUE,TRUE,FALSE
10,"homovanillate (HVA)","QRMZSPFSDQBLIX-UHFFFAOYSA-N","HMDB0000118","C05582","False","True",0.03193746137771,0.986709548180007,"True",0.0304991089699612,0.984783502491525,"False",NA,NA,"False",NA,NA,"within_12m",FALSE,FALSE,FALSE
11,"cholate","BHQCQFFYRZLCQQ-OLRQUHAPSA-N","HMDB0000619","C00695","True","True",-0.0705932335106441,0.981836999463661,"True",-0.0491763190186991,0.984783502491525,"True",-0.0537068997586011,0.987178571736496,"True",-0.0400753509668138,0.977163936066928,"within_12m",TRUE,TRUE,FALSE
12,"4-hydroxyphenylacetate","XQXPVVBIMDBYFF-UHFFFAOYSA-N","HMDB0000020","C00642","True","True",-0.0584071025909548,0.980565110436277,"True",-0.0119363027416648,0.992047901298663,"False",NA,NA,"False",NA,NA,"within_12m",FALSE,FALSE,FALSE
13,"5,6-dihydrothymine","NBAKTGXDIBVZOO-UHFFFAOYSA-N","HMDB0000079","C00906","True","True",0.106265804965908,0.932366462486156,"True",0.1125690302078,0.870295847577229,"True",0.109513296823462,0.928686185046154,"True",0.118534500842541,0.856347833024907,"within_12m",TRUE,TRUE,FALSE
14,"hypoxanthine","FDGQSTZJBFJUBT-UHFFFAOYSA-N","HMDB0000157","C00262","True","True",0.145205505910238,0.8498818250374,"True",0.155275453789514,0.649206823724323,"True",0.142973787534626,0.889072052918522,"True",0.155673070475625,0.765216001972164,"within_12m",TRUE,TRUE,FALSE
15,"9,10-DiHOME","XEBKSQSGNGRGDW-YFHOEESVSA-N","HMDB0004704","C14828","True","True",0.387795384744999,0.634275095599802,"True",0.402702651976629,0.456275577725209,"True",0.38586843900663,0.698784583189399,"False",NA,NA,"within_12m",FALSE,FALSE,FALSE
16,"linoleate (18:2n6)","OYHQOLUKZRVURQ-HZJYTTRNSA-N","HMDB0006270,HMDB0000673","C01595","True","True",0.173642451191693,0.83782845396402,"True",0.200355661945427,0.649206823724323,"False",NA,NA,"False",NA,NA,"within_12m",FALSE,FALSE,FALSE
17,"laurate (12:0)","POULHZVOKOAJMA-UHFFFAOYSA-N","HMDB0000638","C02679","True","True",0.51101895360046,0.598097678966885,"True",0.536746559798737,0.345227894264535,"False",NA,NA,"False",NA,NA,"within_12m",FALSE,FALSE,FALSE
18,"quinolinate","GJAWHXHKYYXBSV-UHFFFAOYSA-N","HMDB0000232","C03722","True","True",-0.154957504211664,0.880354456478155,"True",-0.138756947755538,0.821150130167197,"True",-0.154957535896014,0.894359366537194,"True",-0.139116782902427,0.830309028999247,"within_12m",TRUE,TRUE,FALSE
19,"N6,N6,N6-trimethyllysine","MXNRLFUSFKVQSK-UHFFFAOYSA-N","HMDB0001325","C03793","True","True",-0.0837969803668911,0.93048469905844,"True",-0.0708454345801442,0.904715388218868,"True",-0.0854085572309109,0.928686185046154,"True",-0.0708906835207366,0.877966297957988,"within_12m",TRUE,TRUE,FALSE
20,"N-acetylputrescine","KLZGKIDSEJWEDW-UHFFFAOYSA-N","HMDB0002064","C02714","True","True",-0.0303941962273885,0.971868885366391,"True",-0.022656992034762,0.948805220724764,"True",-0.0288783473253095,0.976415052864609,"True",-0.0195191872337486,0.952890689210156,"within_12m",TRUE,TRUE,FALSE
21,"N-formylmethionine","PYUSHNKNPOHWEZ-UHFFFAOYSA-N","HMDB0001015","C03145","True","True",0.145600204264268,0.864961022928201,"True",0.154610811684565,0.593982455343516,"True",0.142379252033641,0.876979283382671,"True",0.153096831311494,0.642010637721688,"within_12m",TRUE,TRUE,FALSE
22,"S-adenosylhomocysteine (SAH)","ZJUKTBDSGOFHSH-UHFFFAOYSA-N","HMDB0000939","C00021","True","True",0.226659052098154,0.822960148051204,"True",0.196448283647099,0.768669656360632,"True",0.229053515592752,0.822782498577788,"True",0.204558738120433,0.729561787912736,"within_12m",TRUE,TRUE,FALSE
23,"adenosine 3',5'-cyclic monophosphate (cAMP)","IVOMOUWHDPKRLL-UHFFFAOYSA-N","HMDB0000058","C00575","False","True",0.316652101522587,0.640227842768685,"True",0.306485390115002,0.582484585658139,"False",NA,NA,"False",NA,NA,"within_12m",FALSE,FALSE,FALSE
24,"adenosine 5'-monophosphate (AMP)","UDMBCSSLTHHNCD-UHFFFAOYSA-N","HMDB0000045","C00020","False","True",-0.0711537927906143,0.964121523549659,"True",-0.093461032781159,0.91529279665329,"False",NA,NA,"False",NA,NA,"within_12m",FALSE,FALSE,FALSE
25,"5-methylthioadenosine (MTA)","WUUGFSXJNOTRMR-IOSLPCCCSA-N","HMDB0001173","C00170","True","True",-0.022129219012159,0.981836999463661,"True",-0.0137524161747888,0.976842657707498,"True",-0.0215224366355498,0.982952101329358,"True",-0.0123356856242326,0.974022818779912,"within_12m",TRUE,TRUE,FALSE
26,"N6-methyladenosine","VQAYFKKCNSOZKM-UHFFFAOYSA-N","HMDB0004044","","False","True",0.300589557494519,0.80160584918353,"True",0.373768116510929,0.649206823724323,"True",0.299186043174046,0.856875202647641,"True",0.373643813677645,0.68896755759805,"within_12m",TRUE,TRUE,FALSE
27,"arachidonate (20:4n6)","YZXBAPSDXZZRGB-DOFZRALJSA-N","HMDB0001043","C00219","True","True",0.0252262673384294,0.984452686039136,"True",0.0458706552811315,0.924803169886568,"True",0.0269455431794594,0.987178571736496,"True",0.0479359575311937,0.926532805977279,"within_12m",TRUE,TRUE,FALSE
28,"arginine","ODKSFYDXXFIFQN-UHFFFAOYSA-N","HMDB0000517","C00062","True","True",0.00426155448636145,0.988521206905055,"True",0.0187975803886021,0.964843795690245,"True",0.004377912565198,0.987774253607679,"True",0.0183985607631011,0.950045032723864,"within_12m",TRUE,TRUE,FALSE
29,"argininosuccinate","KDZOASGQNOPSCU-UHFFFAOYSA-N","HMDB0000052","C03406","False","True",0.338161651341928,0.690359526186681,"True",0.379629621120315,0.531154018748911,"True",0.337959907405863,0.785338595612902,"True",0.378713538300357,0.624783356160091,"within_12m",TRUE,TRUE,FALSE
30,"ascorbate (vitamin C)","CIWBSHSKHKDKBQ-UHFFFAOYSA-N","HMDB0000044","D00018,C00072","True","True",-0.198220099027716,0.956486216892354,"True",-0.216691246415419,0.924803169886568,"True",-0.181914902775674,0.951520137209749,"True",-0.200670753574697,0.922653474901798,"within_12m",TRUE,TRUE,FALSE
31,"aspartate","CKLJMWTZIZZHCS-UHFFFAOYSA-N","HMDB0000191","C00049","True","True",-0.108906291987647,0.880880773542656,"True",-0.0943113117922104,0.827315229085571,"True",-0.108205225053619,0.89121497618183,"True",-0.0938700497952241,0.840192357862207,"within_12m",TRUE,TRUE,FALSE
32,"2-hydroxyphenylacetate","CCVYRRGZDBSHFU-UHFFFAOYSA-N","HMDB0000669","C05852","True","True",-0.836467485438702,0.430407960175543,"True",-0.904925003329976,0.269651889666165,"True",-0.844340007308738,0.283424126856262,"True",-0.923464915757262,0.16006911083475,"within_12m",TRUE,TRUE,FALSE
33,"3-(4-hydroxyphenyl)lactate","JVGVDSSUAVXRDY-UHFFFAOYSA-N","HMDB0000755","C03672","True","True",0.468335924059816,0.534424784808473,"True",0.475598982417089,0.227404803297467,"True",0.465987661237238,0.471014273897511,"True",0.476957117247469,0.234784461186774,"within_12m",TRUE,TRUE,FALSE
34,"phenylpyruvate","BTNMPGBKDVTSJY-UHFFFAOYSA-N","HMDB0000205","C00166","True","True",-0.0703067134195126,0.956522230647063,"True",-0.0912237310561707,0.878212145231226,"True",-0.0738141772580473,0.93293377298526,"False",NA,NA,"within_12m",FALSE,FALSE,FALSE
35,"beta-alanine","UCMIRNVEIXFBKS-UHFFFAOYSA-N","HMDB0000056","C00099","True","True",-0.0941610048275357,0.89858947917064,"True",-0.0788058199399008,0.875859973159426,"True",-0.0947141950255945,0.905736307167968,"True",-0.0780650829470866,0.877966297957988,"within_12m",TRUE,TRUE,FALSE
36,"biliverdin","QBUVFDKTZJNUPP-YBRAVLHJSA-N","HMDB0001008","C00500","True","True",-0.0953392869840361,0.940548087522928,"True",-0.0803669518703337,0.937507669861187,"True",-0.0946264545370188,0.928686185046154,"True",-0.0802142466516063,0.921513187691322,"within_12m",TRUE,TRUE,FALSE
37,"succinate","KDYFGRWQOYBRFD-UHFFFAOYSA-N","HMDB0000254","C00042","True","True",-0.270461420438724,0.634447318904849,"True",-0.251695014631747,0.548499633557303,"True",-0.265192125700864,0.589376822950471,"True",-0.251332122557903,0.497233528893343,"within_12m",TRUE,TRUE,FALSE
38,"3-hydroxybutyrate (BHBA)","WHBMMWSBFZVSSR-UHFFFAOYSA-N","HMDB0000442,HMDB0000357,HMDB0000011","C03197,C01089","True","True",-0.362517168709389,0.728928173456934,"True",-0.34964781486552,0.702576717420341,"False",NA,NA,"False",NA,NA,"within_12m",FALSE,FALSE,FALSE
39,"cholesterol","HVYWMOMLDIMFJA-LBHVWCRMSA-N","HMDB0000067","C00187","True","True",0.0121316132322707,0.986709548180007,"True",0.0233706682874217,0.943887141430153,"True",0.0092185647626616,0.987178571736496,"True",0.0215853040829362,0.945338533421238,"within_12m",TRUE,TRUE,FALSE
40,"choline phosphate","YHHSONZFOIEMCP-UHFFFAOYSA-N","HMDB0001565","C00588","True","True",-0.126890095530693,0.865585941924816,"True",-0.122095310994256,0.798432880868688,"True",-0.128047428971029,0.889072052918522,"True",-0.121903970337172,0.834684007355853,"within_12m",TRUE,TRUE,FALSE
41,"corticosterone","OMFXVFTZEKFJBZ-UHFFFAOYSA-N","HMDB0001547","C02140","False","True",0.172878975167288,0.898027844804951,"True",0.236314576475335,0.817982923225258,"False",NA,NA,"False",NA,NA,"within_12m",FALSE,FALSE,FALSE
42,"cortisone","MFYSYFVPBJMHGN-ZPOLXVRWSA-N","HMDB0002802","C00762","True","True",0.0886542026350572,0.956486216892354,"True",0.0995077864298707,0.898910898066163,"True",0.0896014555865024,0.946957375579158,"True",0.100994826562825,0.896203328830247,"within_12m",TRUE,TRUE,FALSE
43,"creatinine","DDRJAANPRJIHGJ-UHFFFAOYSA-N","HMDB0000562","C00791","True","True",-0.0597777651360254,0.872545697206833,"True",-0.0466352193717135,0.904715388218868,"True",-0.0595971648603376,0.866233582388587,"True",-0.0467084402786978,0.877966297957988,"within_12m",TRUE,TRUE,FALSE
44,"cysteinylglycine","ZUKPVRWZDMRIEO-UHFFFAOYSA-N","HMDB0000078","C01419","True","True",-0.360894288270001,0.53734192695043,"True",-0.33714897301772,0.420255227377929,"True",-0.344640124711784,0.589376822950471,"True",-0.329439325147567,0.564648183516135,"within_12m",TRUE,TRUE,FALSE
45,"cystine","LEVWYRKDKASIDU-UHFFFAOYSA-N","HMDB0000192","C00491","True","True",-0.150309481418405,0.898027844804951,"True",-0.128813753033965,0.884903157331247,"False",NA,NA,"False",NA,NA,"within_12m",FALSE,FALSE,FALSE
46,"sphingosine","WWUZIQQURGPMPG-CCEZHUSRSA-N","HMDB0000252","C00319","True","True",-0.0632220907350631,0.968216736762183,"True",-0.0906339359706056,0.904715388218868,"True",-0.0633848285852858,0.965353120323321,"True",-0.091299038621994,0.905784920162162,"within_12m",TRUE,TRUE,FALSE
47,"deoxycholate","KXGVEGMKQFWNSR-OHAQSFBXSA-N","HMDB0000626","C04483","False","True",-0.760708625113284,0.744703813444143,"True",-0.833294319775466,0.627952933455121,"True",-0.759205514442826,0.803202422313388,"True",-0.832392461782882,0.662111021986104,"within_12m",TRUE,TRUE,FALSE
48,"cystathionine","ILRYLPWNYFXEMH-UHFFFAOYSA-N","HMDB0000099","C02291","True","True",0.352897815189549,0.598097678966885,"True",0.369571184895917,0.411759655240342,"True",0.354549279602014,0.64538652632675,"True",0.36721626185148,0.500525344008514,"within_12m",TRUE,TRUE,FALSE
49,"sphinganine","OTKJDMGTUTTYMP-UHFFFAOYSA-N","HMDB0000269","C00836","True","True",-0.351409499942276,0.598097678966885,"True",-0.34099169986038,0.393892832211727,"True",-0.350623824098076,0.531900585016469,"True",-0.336586222106994,0.384299324282702,"within_12m",TRUE,TRUE,FALSE
50,"flavin adenine dinucleotide (FAD)","VWWQXMAJTJZDQX-KUIMXZBMSA-N","HMDB0001248","C00016","False","True",0.124283867241065,0.929043543887905,"True",0.0806028711379199,0.936840134334682,"True",0.121377749070488,0.928686185046154,"True",0.0812188387782763,0.920933995893551,"within_12m",TRUE,TRUE,FALSE
51,"fumarate","VZCYOOQTPOCHFL-OWOJBTEDSA-N","HMDB0000134","C00122","True","True",-0.143944986434501,0.801048083872878,"True",-0.137051589686876,0.821150130167197,"True",-0.144808028438508,0.877123083867651,"True",-0.13480642905388,0.851921874566675,"within_12m",TRUE,TRUE,FALSE
52,"gamma-glutamylglutamate","OWQDWQKWSLFFFR-UHFFFAOYSA-N","HMDB0011737","C05282","True","True",-0.886133921597108,0.364434583108635,"True",-0.676894053535181,0.294664710234562,"False",NA,NA,"False",NA,NA,"within_12m",FALSE,FALSE,FALSE
53,"gluconate","RGHNJXZEOKUKBD-SQOUGZDYSA-N","HMDB0000625","C00257","True","True",0.200404815212483,0.728928173456934,"True",0.210976317871474,0.645706134494875,"True",0.200824530584064,0.720351173081867,"True",0.211807727485951,0.648334167420774,"within_12m",TRUE,TRUE,FALSE
54,"glutarate (C5-DC)","JFCQEDHGNNZCLN-UHFFFAOYSA-N","HMDB0000661","C00489","True","True",-0.171981855239914,0.888572288556398,"True",-0.152142497016974,0.875859973159426,"True",-0.172362867786033,0.898325050608298,"True",-0.15402186704462,0.872412778004457,"within_12m",TRUE,TRUE,FALSE
55,"glycine","DHMQDGOQFOQNFH-UHFFFAOYSA-N","HMDB0000123","C00037","True","True",-0.0692632492727792,0.866290930114929,"True",-0.0590626397966899,0.857046546839784,"True",-0.0703470345480027,0.876979283382671,"True",-0.0541934137383481,0.857694960831956,"within_12m",TRUE,TRUE,FALSE
56,"glycocholate","RFDAIACWWDREDC-FRVQLJSFSA-N","HMDB0000138","C01921","True","True",0.630561618965693,0.698447855385615,"True",0.63956566450198,0.601292630305719,"True",0.646027294399275,0.616421810203605,"True",0.658014197719848,0.504262163397681,"within_12m",TRUE,TRUE,FALSE
57,"guanidinoacetate","BPMFZUMJYQTVII-UHFFFAOYSA-N","HMDB0000128","C00581","True","True",0.331405167539203,0.616054777048265,"True",0.34661275962406,0.630601154189398,"True",0.333479451383484,0.565411006890362,"True",0.346882605452446,0.576399030950651,"within_12m",TRUE,TRUE,FALSE
58,"histidine","HNDVDQJCIGZPNO-UHFFFAOYSA-N","HMDB0000177","C00135","True","True",0.380642974457253,0.392510275419282,"True",0.391435716781998,0.183867741474161,"True",0.379788336262393,0.4417862379961,"True",0.391846616087463,0.253899351919251,"within_12m",TRUE,TRUE,FALSE
59,"cortisol","JYGXADMDTFJGBT-VWUMJDOOSA-N","HMDB0000063","C00735","True","True",-0.342465052509643,0.756273191873482,"True",-0.326995485097137,0.605507965210776,"True",-0.342437219297299,0.765504754164145,"True",-0.327054971617938,0.5813792186587,"within_12m",TRUE,TRUE,FALSE
60,"hypotaurine","VVIUBCNYACGLLV-UHFFFAOYSA-N","HMDB0000965","C00519","True","True",-0.19421829938595,0.719330177850654,"True",-0.163426129977186,0.787168064013575,"True",-0.183478758633354,0.684714036417037,"True",-0.160807146665355,0.729561787912736,"within_12m",TRUE,TRUE,FALSE
61,"inosine","UGQMRVRMYYASKQ-KQYNXXCUSA-N","HMDB0000195","C00294","True","True",0.0946554910555724,0.933003438766831,"True",0.111063461945493,0.89146905539005,"False",NA,NA,"False",NA,NA,"within_12m",FALSE,FALSE,FALSE
62,"myo-inositol","CDAISMWEOUEBRE-GPIVLXJGSA-N","HMDB0000211","C00137","True","True",0.031099523637733,0.969971429194474,"True",0.0461796175038301,0.941167272614689,"True",0.0285290329280023,0.965353120323321,"True",0.045238860025695,0.926532805977279,"within_12m",TRUE,TRUE,FALSE
63,"isoleucine","AGPKZVBTJJNPAG-UHFFFAOYSA-N","HMDB0000172","C06418,C00407,C16424","True","True",-0.149377054860595,0.654096848477784,"True",-0.134532891069819,0.608407569570719,"True",-0.149528300638732,0.630022258548796,"True",-0.134356876721817,0.57682374087935,"within_12m",TRUE,TRUE,FALSE
64,"2-aminoadipate","OYIFNHCXNCRBQI-UHFFFAOYSA-N","HMDB0000510","C00956","True","True",-0.271194177319162,0.791667451977021,"True",-0.326376970990294,0.649206823724323,"True",-0.268876413406277,0.825620431189875,"True",-0.324020336139314,0.676177321366061,"within_12m",TRUE,TRUE,FALSE
65,"3-sulfo-alanine","XVOYSCVBGLVSOL-UHFFFAOYSA-N","HMDB0002757","C00506","True","True",-0.0215276534470637,0.987990676477414,"True",-0.0269435270675666,0.984783502491525,"True",-0.0227995285532255,0.987178571736496,"True",-0.02726129018666,0.981880553635197,"within_12m",TRUE,TRUE,FALSE
66,"citrulline","RHGKLRLOHDJJDR-UHFFFAOYSA-N","HMDB0000904","C00327","True","True",-0.114131717268117,0.861971163992027,"True",-0.0991006147211067,0.768669656360632,"True",-0.11387250198132,0.856875202647641,"True",-0.0993263896282953,0.729561787912736,"within_12m",TRUE,TRUE,FALSE
67,"lactose","GUBGYTABKSRVRQ-DCSYEGIMSA-N","HMDB0041627","C01970","False","True",0.290104994992042,0.886704133565802,"True",0.203959373195754,0.905829482102459,"True",0.310269044591048,0.876979283382671,"False",NA,NA,"within_12m",FALSE,FALSE,FALSE
68,"leucine","ROHFNLRQFUQHCH-YFKPBYRVSA-N","HMDB0000687","C00123","True","True",-0.0576881310272403,0.880880773542656,"True",-0.0424351352000031,0.904715388218868,"True",-0.0580862815281014,0.902872240862443,"True",-0.0426257217395806,0.905784920162162,"within_12m",TRUE,TRUE,FALSE
69,"lysine","KDXKERNSBIXSRK-UHFFFAOYSA-N","HMDB0003405","C00739,C00047","True","True",-0.0163725459464027,0.977937784416617,"True",-0.00155081080128066,0.995347794690103,"True",-0.0163885461918029,0.965980807301841,"True",-0.0019350895402499,0.991346425202895,"within_12m",TRUE,TRUE,FALSE
70,"malate","BJEPYKJPYRNKOW-UHFFFAOYSA-N","HMDB0031518,HMDB0000156,HMDB0000744","C00149,C00711,C00497","True","True",0.142683846902529,0.872545697206833,"True",0.160465154070038,0.645706134494875,"True",0.142416503887239,0.876979283382671,"True",0.158620315974236,0.638764353478804,"within_12m",TRUE,TRUE,FALSE
71,"methionine","FFEARJCKVFRZRR-UHFFFAOYSA-N","HMDB0000696","C00073","True","True",0.27571016535381,0.332475035038316,"True",0.291178521333143,0.268709106350774,"True",0.278341317316822,0.327475962050099,"True",0.292478621910568,0.220860066162861,"within_12m",TRUE,TRUE,FALSE
72,"methylmalonate (MMA)","ZIYVHBGGAOATLY-UHFFFAOYSA-N","HMDB0000202","C02170","True","True",-0.377067845150573,0.698447855385615,"True",-0.370112893606676,0.656049532465198,"True",-0.376131033177882,0.75303928946506,"True",-0.367573205205536,0.708415766097715,"within_12m",TRUE,TRUE,FALSE
73,"palmitate (16:0)","IPCSVZSSVZVIGE-UHFFFAOYSA-N","HMDB0000220","C00249","True","True",0.214978778263924,0.72087224447134,"True",0.231866352539779,0.400023810772928,"True",0.215568267003535,0.803202422313388,"True",0.233228659480923,0.507706918770645,"within_12m",TRUE,TRUE,FALSE
74,"nicotinamide","DFPAKSUCGFBDDF-UHFFFAOYSA-N","HMDB0001406","C00153","True","True",0.0209819027253704,0.978889384616665,"True",0.0418163442728035,0.943887141430153,"False",NA,NA,"False",NA,NA,"within_12m",FALSE,FALSE,FALSE
75,"pelargonate (9:0)","FBUKVWPVBMHYJY-UHFFFAOYSA-N","HMDB0000847","C01601","True","True",0.317268043101434,0.611298408781366,"True",0.323159215830539,0.275355562319028,"True",0.313010680593024,0.550664537021009,"True",0.322923922463151,0.303613923972441,"within_12m",TRUE,TRUE,FALSE
76,"stearate (18:0)","QIQXTHQIDYTFRH-UHFFFAOYSA-N","HMDB0000827","C01530","True","True",0.16942162639364,0.747961951592986,"True",0.182944517988279,0.432825414438221,"True",0.16895678558942,0.838422162559451,"True",0.183115973464756,0.579129360979299,"within_12m",TRUE,TRUE,FALSE
77,"ornithine","AHLPHDHHMVZTML-BYPYZUCNSA-N","HMDB0000214","C00077","True","True",-0.0825926875577426,0.8498818250374,"True",-0.0719157170856978,0.827315229085571,"True",-0.0856728677768417,0.856875202647641,"False",NA,NA,"within_12m",FALSE,FALSE,FALSE
78,"orotate","PXQPEWDEAKTCGB-UHFFFAOYSA-N","HMDB0000226","C00295","True","True",0.0531091969577024,0.964121523549659,"True",0.0641451299523101,0.943887141430153,"True",0.055207927867279,0.949942522025778,"True",0.0678649815947238,0.916704979802481,"within_12m",TRUE,TRUE,FALSE
79,"palmitoleate (16:1n7)","SECPZKHBENQXJG-FPLPWBNLSA-N","HMDB0003229","C08362","True","True",0.211219647666557,0.874057733245772,"True",0.23698807272431,0.740423733470625,"False",NA,NA,"False",NA,NA,"within_12m",FALSE,FALSE,FALSE
80,"phenylalanine","COLNVLDHVKWLRT-UHFFFAOYSA-N","HMDB0000159","C00079","True","True",0.141593862565134,0.615061069890096,"True",0.153781609665387,0.391871882295978,"True",0.140586734650845,0.513454955272446,"True",0.153320833303783,0.340409119219069,"within_12m",TRUE,TRUE,FALSE
81,"phosphate","NBIIXXVUZAFLBC-UHFFFAOYSA-N","HMDB0001429","C00009","True","True",-0.289976909274437,0.598097678966885,"True",-0.27469437316345,0.571375836062674,"True",-0.288847179193485,0.594515151505174,"True",-0.274887912483322,0.57570375635008,"within_12m",TRUE,TRUE,FALSE
82,"phytanate","RLCKHJSFHOZMDR-UHFFFAOYSA-N","HMDB0000801","C01607","True","True",0.593499843393264,0.522569278288087,"True",0.599997090966249,0.269792874906458,"True",0.588543336721805,0.442497498692544,"True",0.596628857021943,0.238174702390838,"within_12m",TRUE,TRUE,FALSE
83,"pristanate","PAHGJZDQXIOYTH-UHFFFAOYSA-N","HMDB0000795","","False","True",1.33461188363492,0.354221773752084,"True",1.19788348160102,0.225417769945334,"False",NA,NA,"False",NA,NA,"within_12m",FALSE,FALSE,FALSE
84,"proline","ONIBWKKTOPOVIA-UHFFFAOYSA-N","HMDB0000162,HMDB0003411","C00148,C000763","True","True",-0.134177832952223,0.625050578072282,"True",-0.121272190569358,0.629444532899273,"True",-0.133739053078933,0.685027106278199,"True",-0.120196842565216,0.676177321366061,"within_12m",TRUE,TRUE,FALSE
85,"lactate","JVTAAEKCZFNVCJ-UHFFFAOYSA-N","HMDB0000190","C00186","True","True",-0.524533043430525,0.408967598723417,"True",-0.516474790026166,0.36249017963071,"True",-0.523728373804942,0.47646102799304,"True",-0.511806933508079,0.421657691241714,"within_12m",TRUE,TRUE,FALSE
86,"pyridoxal","RADKZDMFGJYCBB-UHFFFAOYSA-N","HMDB0001545","C00250","True","True",0.0618716908991003,0.951971292052074,"True",0.0556460700770347,0.924803169886568,"True",0.05900646566798,0.96295054815299,"True",0.0522158220668094,0.931582737459357,"within_12m",TRUE,TRUE,FALSE
87,"retinol (vitamin A)","FPIPGXGPPPQFEQ-OVSJKPMPSA-N","HMDB0000305","C00473","True","True",-0.706789469841773,0.310301659185462,"True",-0.69063215258025,0.129364509930531,"True",-0.709366343315992,0.286383636742302,"True",-0.694321535701337,0.177077550320159,"within_12m",TRUE,TRUE,FALSE
88,"riboflavin (vitamin B2)","AUNGANRZJHBGPY-UHFFFAOYSA-N","HMDB0000244","C00255","True","True",0.276485968718995,0.598097678966885,"True",0.30328251249692,0.269651889666165,"True",0.276740798773809,0.71965310380177,"True",0.298090314317432,0.489121435510323,"within_12m",TRUE,TRUE,FALSE
89,"salicylate","YGSDEFSMJLZEOE-UHFFFAOYSA-N","HMDB0001895","C00805","True","True",0.576278991788027,0.746417389076653,"True",0.601973987179282,0.649206823724323,"False",NA,NA,"False",NA,NA,"within_12m",FALSE,FALSE,FALSE
90,"serine","MTCFGRXMJLQNBG-REOHCLBHSA-N","HMDB0000187","C00065","True","True",-0.0872511671232096,0.872545697206833,"True",-0.0762091644225354,0.857785546660334,"True",-0.087760247634161,0.889072052918522,"True",-0.0747488599789031,0.866949286212259,"within_12m",TRUE,TRUE,FALSE
91,"serotonin","QZAYGJVTTNCVMB-UHFFFAOYSA-N","HMDB0000259","C00780","True","True",-0.17962628955435,0.916428948967701,"True",-0.15732538538002,0.885674489744335,"True",-0.180105669925085,0.928686185046154,"True",-0.159782944200432,0.898744770564968,"within_12m",TRUE,TRUE,FALSE
92,"taurine","XOAAWQZATWQOTB-UHFFFAOYSA-N","HMDB0000251","C00245","True","True",0.0365611242683355,0.940955755978225,"True",0.0534571144961161,0.907128075041996,"True",0.0364548726515144,0.93293377298526,"True",0.0541505463746713,0.879171868598469,"within_12m",TRUE,TRUE,FALSE
93,"myristate (14:0)","TUNFSRHWOTWDNC-UHFFFAOYSA-N","HMDB0000806","C06424","True","True",0.380096041763791,0.616054777048265,"True",0.403695697652049,0.3531829244535,"False",NA,NA,"False",NA,NA,"within_12m",FALSE,FALSE,FALSE
94,"urea","XSQUKJJJFZCRTK-UHFFFAOYSA-N","HMDB0000294","C00086","True","True",-0.0949873192494535,0.932366462486156,"True",-0.077829415496938,0.889640728996709,"True",-0.0946409668567644,0.928686185046154,"True",-0.078601366381317,0.872412778004457,"within_12m",TRUE,TRUE,FALSE
95,"uridine","DRTQHJPVMGBUCF-UHFFFAOYSA-N","HMDB0000296","C00299","True","True",0.100655815518502,0.888076035674386,"True",0.113776985843353,0.649206823724323,"True",0.100452717832977,0.898325050608298,"True",0.113987775651333,0.736531703830524,"within_12m",TRUE,TRUE,FALSE
96,"2'-deoxyuridine","MXHRCPNRJAMMIM-UHFFFAOYSA-N","HMDB0000012","C00526","True","True",-0.153474799656242,0.888572288556398,"True",-0.138048304633153,0.798432880868688,"True",-0.153481485815577,0.889072052918522,"True",-0.136959367953335,0.805418189943966,"within_12m",TRUE,TRUE,FALSE
97,"trans-urocanate","LOIYMIARKYCTBW-OWOJBTEDSA-N","HMDB0000301","C00785","True","True",0.17730485682299,0.77843859189234,"True",0.191858487868172,0.724013944838504,"True",0.177918934055472,0.821267764623125,"True",0.191041431784862,0.747455042584454,"within_12m",TRUE,TRUE,FALSE
98,"glutamate","WHUUTDBJXJRKMK-VKHMYHEASA-N","HMDB0000148","C00025,C00217","True","True",-0.132746363957231,0.842135149166474,"True",-0.114356472051751,0.752298345918751,"True",-0.133512833245046,0.866233582388587,"True",-0.117108294553158,0.796937305312324,"within_12m",TRUE,TRUE,FALSE
99,"glutamine","ZDXPYRJPNDTMRX-VKHMYHEASA-N","HMDB0000641","C00064","True","True",-0.00770623582364537,0.986709548180007,"True",0.00604311066658858,0.984783502491525,"True",-0.0067834511006379,0.987178571736496,"True",0.0060095462166397,0.977643622344698,"within_12m",FALSE,TRUE,FALSE
100,"threonine","AYFVYJQAPQTCCC-GBXIJSLDSA-N","HMDB0000167","C00188","True","True",0.134448073892297,0.658466275198592,"True",0.149650929457715,0.553848896398256,"True",0.134415269845336,0.62468367304558,"True",0.150466776639083,0.474874974552776,"within_12m",TRUE,TRUE,FALSE
101,"tryptophan","QIVBCDIJIAJPQS-VIFPVBQESA-N","HMDB0000929","C00078","True","True",-0.0731419504785361,0.874782976201546,"True",-0.064543788769298,0.859539573730948,"True",-0.0761723198414379,0.874488746552887,"True",-0.0624274168823289,0.840192357862207,"within_12m",TRUE,TRUE,FALSE
102,"valine","KZSNJWFQEVHDMF-BYPYZUCNSA-N","HMDB0000883","C00183","True","True",-0.170754217798169,0.685616421904615,"True",-0.15276303278034,0.571346737345792,"True",-0.170963015587497,0.64538652632675,"True",-0.154926469221003,0.616609878926857,"within_12m",TRUE,TRUE,FALSE
103,"glucose","WQZGKKKJIJFFOK-DVKNGEFBSA-N","HMDB0000122","C00031","True","True",0.0970893509330562,0.880082080082563,"True",0.106635864350978,0.894892807778064,"True",0.0974042198302349,0.898325050608298,"True",0.108090063678583,0.877966297957988,"within_12m",TRUE,TRUE,FALSE
104,"alpha-ketobutyrate","TYEYBOSBBBHJIV-UHFFFAOYSA-N","HMDB0000005","C00109","False","True",0.345765080912958,0.8498818250374,"True",0.317884286789659,0.826589879892362,"False",NA,NA,"False",NA,NA,"within_12m",FALSE,FALSE,FALSE
105,"adenosine","OIRDTQYFTABQOQ-KQYNXXCUSA-N","HMDB0000050","C00212","False","True",0.289109771998495,0.837449994317036,"True",0.210895167934342,0.774664196676311,"False",NA,NA,"False",NA,NA,"within_12m",FALSE,FALSE,FALSE
106,"betaine","KWIUHFFTVRNATP-UHFFFAOYSA-N","HMDB0000043","C00719","True","True",0.0748352665625512,0.871296156678076,"True",0.0847217063274364,0.783583094100594,"True",0.0757679370265815,0.876979283382671,"True",0.0868885494176977,0.729561787912736,"within_12m",TRUE,TRUE,FALSE
107,"cysteine","XUJNEKJLAYXESH-REOHCLBHSA-N","HMDB0000574","C00097","True","True",-0.163860439591297,0.846352521257934,"True",-0.156988864466185,0.674185948336609,"True",-0.159576044220217,0.863615906535827,"True",-0.148786269625453,0.755545045350421,"within_12m",TRUE,TRUE,FALSE
108,"mannose","WQZGKKKJIJFFOK-DXQLJALPSA-N","HMDB0000169","C00159,C02209,C00936","True","True",0.168003626405094,0.789423051590922,"True",0.178445038563631,0.821150130167197,"True",0.167149787511209,0.825620431189875,"True",0.178398258001047,0.815483550073143,"within_12m",TRUE,TRUE,FALSE
109,"dimethylglycine","FFDGPVCHZBVARC-UHFFFAOYSA-N","HMDB0000092","C03626","True","True",-0.0614924178688078,0.938620224639443,"True",-0.0480429250059828,0.908321094399501,"True",-0.0617248339188816,0.928686185046154,"True",-0.0487926220489321,0.905784920162162,"within_12m",TRUE,TRUE,FALSE
110,"alanine","QNAYBMKLOCPYGJ-REOHCLBHSA-N","HMDB0000161","C00041","True","True",-0.0253520884024079,0.969971429194474,"True",-0.0152600476121696,0.980188501176237,"True",-0.0268533101926476,0.965353120323321,"True",-0.0126976645484177,0.977643622344698,"within_12m",TRUE,TRUE,FALSE
111,"tyrosine","OUYCCCASQSFEME-QMMMGPOBSA-N","HMDB0000158","C00082","True","True",0.312487718034792,0.36449054874816,"True",0.323018686022827,0.296561864538655,"True",0.310771672652045,0.257648088842442,"True",0.325669930692137,0.199464027991959,"within_12m",TRUE,TRUE,FALSE
112,"malonate","OFOBLEOULBTSOW-UHFFFAOYSA-N","HMDB0000691","C00383","True","True",-0.312512135856519,0.825968787180514,"True",-0.283345731759801,0.740423733470625,"True",-0.319668722917094,0.866233582388587,"True",-0.294823138508548,0.771905483537649,"within_12m",TRUE,TRUE,FALSE
113,"pseudouridine","PTJWIQPHWPFNBW-GBNDHIKLSA-N","HMDB0000767","C02067","True","True",0.150815197592908,0.865585941924816,"True",0.158988305503077,0.649206823724323,"True",0.148257504002843,0.878730575651829,"True",0.159278887340645,0.697539375189354,"within_12m",TRUE,TRUE,FALSE
114,"pyruvate","LCTONWCANYUPML-UHFFFAOYSA-N","HMDB0000243","C00022","True","True",0.00925260028131862,0.988521206905055,"True",0.0146823732917934,0.986284418563688,"True",0.0086755838027514,0.99220761627218,"True",0.0197130361164051,0.982660286788933,"within_12m",TRUE,TRUE,FALSE
115,"uracil","ISAKRJDGNUQOIC-UHFFFAOYSA-N","HMDB0000300","C00106","True","True",-0.0451258261484563,0.969111082335046,"True",0.058682905077765,0.943887141430153,"False",NA,NA,"False",NA,NA,"within_12m",FALSE,FALSE,FALSE
116,"xylose","PYMYPHUHKUWMLA-VPENINKCSA-N","HMDB0000098","C00181","False","True",0.710848440541417,0.459455290469122,"True",0.735499190217225,0.396728513535965,"False",NA,NA,"False",NA,NA,"within_12m",FALSE,FALSE,FALSE
117,"cytidine","UHDGCWIWMRVCDJ-XVFCMESISA-N","HMDB0000089","C00475","True","True",-0.204995041631126,0.704333092669721,"True",-0.155051568318243,0.765951873322285,"True",-0.203765274195192,0.869853328789514,"True",-0.157180111724884,0.863621286070345,"within_12m",TRUE,TRUE,FALSE
118,"arabinose","SRBFZHDQGSBBOR-SQOUGZDYSA-N","HMDB0029942","C00216","False","True",0.4188041825017,0.728928173456934,"True",0.430970909281171,0.679762077181279,"True",0.416923126031362,0.75303928946506,"False",NA,NA,"within_12m",FALSE,FALSE,FALSE
119,"cotinine","UIKROCXWUNQSPJ-VIFPVBQESA-N","HMDB0001046","","False","True",0.00927003046166869,0.995479615498565,"True",-0.0601073484291994,0.986284418563688,"True",0.0100060043952419,0.995754784439462,"True",-0.0589782367693017,0.983175016860835,"within_12m",FALSE,TRUE,FALSE
120,"caffeine","RYYVLZVUVIJVGH-UHFFFAOYSA-N","HMDB0001847","C07481","True","True",0.382290242034271,0.598097678966885,"True",0.393035322704404,0.514214518534982,"True",0.387961651642338,0.856875202647641,"True",0.400362171088094,0.736531703830524,"within_12m",TRUE,TRUE,FALSE
121,"fructose","RFSUNEUAIZKAJO-ARQDHWQXSA-N","HMDB0000660","C00095","True","True",0.119159934535608,0.92191802172896,"True",0.135671799834665,0.897543424995614,"False",NA,NA,"True",0.136557738983729,0.905784920162162,"within_12m",FALSE,FALSE,FALSE
122,"adenine","GFFGJBXGBJISGV-UHFFFAOYSA-N","HMDB0000034","C00147","True","True",0.0029505297920964,0.993009505977133,"True",0.0212445050065924,0.943887141430153,"True",0.0055566526200426,0.987774253607679,"True",0.0212378024795193,0.939335733273453,"within_12m",TRUE,TRUE,FALSE
123,"cytosine","OPTASPLRGRRNAP-UHFFFAOYSA-N","HMDB0000630","C00380","True","True",0.0101707921162705,0.991484057559814,"True",0.0222077329648756,0.986008057923806,"False",NA,NA,"False",NA,NA,"within_12m",FALSE,FALSE,FALSE
124,"caprate (10:0)","GHVNFZFCNZKVNT-UHFFFAOYSA-N","HMDB0000511","C01571","True","True",0.789905802150992,0.430912555260351,"True",0.801609433687427,0.205406734683377,"True",0.784938032074147,0.25095175886595,"True",0.797469049027289,0.116335900085206,"within_12m",TRUE,TRUE,FALSE
125,"margarate (17:0)","KEMQGTRYUADPNZ-UHFFFAOYSA-N","HMDB0002259","","True","True",0.15652695928069,0.856357264387178,"True",0.175702548112178,0.648230307827127,"True",0.156905200140312,0.888606927638337,"False",NA,NA,"within_12m",FALSE,FALSE,FALSE
126,"nonadecanoate (19:0)","ISYWECDDZWTKFF-UHFFFAOYSA-N","HMDB0000772","C16535","True","True",0.179630921317411,0.72087224447134,"True",0.194938876684266,0.420255227377929,"True",0.17907541035737,0.809822577742037,"True",0.195472664720704,0.507706918770645,"within_12m",TRUE,TRUE,FALSE
127,"arachidate (20:0)","VKOBVWXKNCXXDE-UHFFFAOYSA-N","HMDB0002212","C06425","True","True",0.17244545909253,0.728928173456934,"True",0.187841721419563,0.417548160031056,"True",0.172408922977967,0.82431063463704,"True",0.187259315144198,0.543326936228714,"within_12m",TRUE,TRUE,FALSE
128,"maltose","GUBGYTABKSRVRQ-ASMJPISFSA-N","HMDB0000163","C00208","True","True",-0.387472095523213,0.756273191873482,"True",-0.36267643955946,0.738875591228049,"False",NA,NA,"False",NA,NA,"within_12m",FALSE,FALSE,FALSE
129,"ribose","PYMYPHUHKUWMLA-LMVFSUKVSA-N","HMDB0000283","C00121","False","True",-0.053495418770241,0.982647974336207,"True",-0.080113314995097,0.959164424280228,"True",-0.0568657818134751,0.982952101329358,"False",NA,NA,"within_12m",FALSE,FALSE,FALSE
130,"asparagine","DCXYFEDJOCDNAF-REOHCLBHSA-N","HMDB0000168","C00152","True","True",0.0924225718455443,0.812175971063647,"True",0.106210567251787,0.702576717420341,"True",0.0929502006842985,0.841471810912228,"True",0.106029885831072,0.621409625988867,"within_12m",TRUE,TRUE,FALSE
131,"N-stearoyl-sphinganine (d18:0/18:0)*","KZTJQXAANJHSCE-OIDHKYIRSA-N","HMDB0011761","","True","True",-0.317179947068959,0.756273191873482,"True",-0.313190965521354,0.593982455343516,"True",-0.318434711316439,0.803202422313388,"True",-0.314492413113636,0.653641081101428,"within_12m",TRUE,TRUE,FALSE
132,"dihydroorotate","UFIVEPVSAGBUSI-UHFFFAOYSA-N","HMDB03349","C00337","True","True",-0.00763460817185677,0.988521206905055,"True",0.00730035838123239,0.992047901298663,"True",-0.0076091170646647,0.987774253607679,"True",0.0079970820222896,0.983597097250046,"within_12m",FALSE,TRUE,FALSE
133,"heptanoate (7:0)","MNWFXJYAOYHMED-UHFFFAOYSA-N","HMDB0000666","C17714","True","True",0.0568943077915799,0.969206271994178,"True",0.0612408982990606,0.924803169886568,"True",0.0531521070178106,0.965353120323321,"True",0.0592724220744361,0.916704979802481,"within_12m",TRUE,TRUE,FALSE
134,"caproate (6:0)","FUZZWVXGSFPDMH-UHFFFAOYSA-N","HMDB0000535","C01585","True","True",-0.0695639774972211,0.969111082335046,"True",-0.0689217750429937,0.930138912235325,"True",-0.0827159028565834,0.942278690791551,"False",NA,NA,"within_12m",FALSE,FALSE,FALSE
135,"caprylate (8:0)","WWZKQHOCKIZLMA-UHFFFAOYSA-N","HMDB0000482","C06423","True","True",0.483504574684768,0.644112288307679,"True",0.488522836040767,0.450269962920939,"True",0.467760554733473,0.572687350128801,"False",NA,NA,"within_12m",FALSE,FALSE,FALSE
136,"sucrose","CZMRCDWAGMRECN-UGDNZRGBSA-N","HMDB0000258","C00089","True","True",0.482105283975377,0.765340819536873,"True",0.58806316218127,0.649206823724323,"False",NA,NA,"True",0.589289912649493,0.705179115947292,"within_12m",FALSE,FALSE,FALSE
137,"pentadecanoate (15:0)","WQEPLUUGTLDZJY-UHFFFAOYSA-N","HMDB0000826","C16537","True","True",0.308674374686909,0.616054777048265,"True",0.327767003246423,0.285380749703744,"True",0.308552209135684,0.606423418808717,"False",NA,NA,"within_12m",FALSE,FALSE,FALSE
138,"trans-4-hydroxyproline","PMMYEEVYMWASQN-DMTCNVIQSA-N","HMDB0000725","C01157","True","True",-0.142055930046991,0.760260105410175,"True",-0.126539308009037,0.740423733470625,"True",-0.142023297863878,0.821267764623125,"True",-0.122362725501872,0.736531703830524,"within_12m",TRUE,TRUE,FALSE
139,"allantoin","POJWUDADGALRAB-UHFFFAOYSA-N","HMDB0000462","C02348,C01551,C02350","True","True",0.222165335874331,0.659041538507331,"True",0.236496149984876,0.673169099094756,"True",0.221728951887052,0.495376189250303,"True",0.235022590732716,0.507706918770645,"within_12m",TRUE,TRUE,FALSE
140,"xanthine","LRFVTYWOQMYALW-UHFFFAOYSA-N","HMDB0000292","C00385","True","True",0.386706632888963,0.398361685145001,"True",0.400560125026221,0.456947287222638,"True",0.38793131119908,0.37365047084245,"True",0.400754020013392,0.384299324282702,"within_12m",TRUE,TRUE,FALSE
141,"5-oxoproline","ODHCTXKNWHHXJC-VKHMYHEASA-N","HMDB0000267","C02237,C01879","True","True",0.238350868501116,0.634275095599802,"True",0.246859559918736,0.3531829244535,"True",0.234833876785269,0.684714036417037,"True",0.246201806733427,0.469598483774967,"within_12m",TRUE,TRUE,FALSE
142,"picolinate","SIOXPEMLGUPBBT-UHFFFAOYSA-N","HMDB0002243","C10164","True","True",0.513687130004469,0.232921160258346,"True",0.516849572584216,0.021719581712891,"True",0.500883715217909,0.25095175886595,"False",NA,NA,"within_12m",FALSE,FALSE,FALSE
143,"sarcosine","FSYKKLYZXJSNPZ-UHFFFAOYSA-N","HMDB0000271","C00213","True","True",-0.0380203363081935,0.968157088955027,"True",-0.0228786128404343,0.979590431718109,"True",-0.0379796226670541,0.965353120323321,"True",-0.0234761114241581,0.968276385499244,"within_12m",TRUE,TRUE,FALSE
144,"pantothenate","GHOKWGTUZJEAQD-ZETCQYMHSA-N","HMDB0000210","C00864","True","True",0.0863914262900099,0.933560258432609,"True",0.107902957312863,0.842102701325093,"True",0.0804062772330313,0.928686185046154,"True",0.0971016260674325,0.866949286212259,"within_12m",TRUE,TRUE,FALSE
145,"pipecolate","HXEACLLIILLPRG-UHFFFAOYSA-N","HMDB0000070","","True","True",0.505692535659197,0.396696999394945,"True",0.527456065022297,0.248760280539072,"False",NA,NA,"True",0.528960600895033,0.248299539123894,"within_12m",FALSE,FALSE,FALSE
146,"phosphoethanolamine","SUHOOTKUPISOBE-UHFFFAOYSA-N","HMDB0000224","C00346","True","True",0.0238774851990408,0.986709548180007,"True",0.0255022596209318,0.980188501176237,"True",0.0221763830184106,0.987178571736496,"True",0.0241750731620555,0.977163936066928,"within_12m",TRUE,TRUE,FALSE
147,"glycerate","RBNPOMFGQQGHHO-UHFFFAOYSA-N","HMDB0000139,HMDB0006372","C00258","True","True",-0.0657406641802826,0.880354456478155,"True",-0.0579592834073644,0.922174631917926,"True",-0.0664841386021922,0.89121497618183,"True",-0.0584575439593406,0.902331510333245,"within_12m",TRUE,TRUE,FALSE
148,"3-ureidopropionate","JSJWCHRYRHKBBW-UHFFFAOYSA-N","HMDB0000026","C02642","True","True",0.329240657257345,0.616054777048265,"True",0.339719000414092,0.40781756183785,"True",0.329154045096303,0.608896163822627,"True",0.34151605118593,0.429216150916515,"within_12m",TRUE,TRUE,FALSE
149,"N-acetylleucine","WXNXCEHXYPACJF-ZETCQYMHSA-N","HMDB0011756","C02710","True","True",-0.0851884494746652,0.949330150141282,"True",-0.0403270914867926,0.948946065053509,"True",-0.0855577657479061,0.928686185046154,"True",-0.0403537581154178,0.934596718983093,"within_12m",TRUE,TRUE,FALSE
150,"N-acetylmethionine","XUYPXLNMDZIRQH-LURJTMIESA-N","HMDB0011745","C02712","True","True",0.0851571125109561,0.933560258432609,"True",0.0908133695264651,0.875859973159426,"True",0.0794351768471893,0.928686185046154,"True",0.0884006481276804,0.862895763246396,"within_12m",TRUE,TRUE,FALSE
151,"N-acetylvaline","IHYJTAOFMMMOPX-LURJTMIESA-N","HMDB0011757","","True","True",0.0765648098217263,0.933560258432609,"True",0.0860635598279267,0.804700540679519,"True",0.0746253039881731,0.928686185046154,"True",0.0857295100791064,0.827462791346729,"within_12m",TRUE,TRUE,FALSE
152,"erucate (22:1n9)","DPUOLQHDNGRHBS-KTKRTIGZSA-N","HMDB0002068","C08316","True","True",0.169860941806107,0.789423051590922,"True",0.188878415773436,0.457784410146395,"True",0.17092017526772,0.874488746552887,"True",0.191505245420692,0.64142963467817,"within_12m",TRUE,TRUE,FALSE
153,"bilirubin (Z,Z)","BPYKTIZUTYGOLE-KDUUSRDASA-N","HMDB0000054","C00486","True","True",-0.0982765405889212,0.896587232287798,"True",-0.0842411653808878,0.875859973159426,"True",-0.0987391259980405,0.904783596045417,"True",-0.0851221467638212,0.873454342509889,"within_12m",TRUE,TRUE,FALSE
154,"thyroxine","XUIIKFGFIJCVMT-LBPRGKRZSA-N","HMDB0000248","C01829","True","True",-0.290646825181395,0.728928173456934,"True",-0.277113022324625,0.526371411781846,"True",-0.290496237862439,0.678339126444402,"True",-0.277310708158796,0.443810092798802,"within_12m",TRUE,TRUE,FALSE
155,"guanosine","NYHBQMYGNKIUIF-UUOKFMHZSA-N","HMDB0000133","C00387","True","True",0.305788964868029,0.747961951592986,"True",0.339929554548726,0.649206823724323,"False",NA,NA,"False",NA,NA,"within_12m",FALSE,FALSE,FALSE
156,"gamma-glutamyltyrosine","VVLXCWVSSLFQDS-QWRGUYRKSA-N","HMDB0011741","","True","True",0.517275954433606,0.248657819707594,"True",0.5229673876176,0.0880150810256941,"True",0.51429326163858,0.24976844701124,"True",0.52566730107766,0.0724864344488691,"within_12m",TRUE,TRUE,FALSE
157,"methyl indole-3-acetate","KTHADMDGDNYQRX-UHFFFAOYSA-N","HMDB0029738","","True","True",-0.000663639791098456,0.998368482445585,"True",0.00196686703865636,0.996839091260183,"True",0.0027146310610477,0.995754784439462,"False",NA,NA,"within_12m",FALSE,FALSE,FALSE
158,"alpha-tocopherol","GVJHHUAWPYXKBD-IEOSBIPESA-N","HMDB0001893","C02477","True","True",-0.50788638206881,0.248657819707594,"True",-0.499910678147245,0.10116069454906,"True",-0.508068043039303,0.18810484008132,"True",-0.493466543309326,0.121700192172057,"within_12m",TRUE,TRUE,FALSE
159,"N-carbamoylaspartate","HLKXYZVTANABHZ-REOHCLBHSA-N","HMDB0000828","C00438","False","True",0.132913516773602,0.880880773542656,"True",0.15770250042597,0.804113985560531,"True",0.132646534285788,0.876979283382671,"True",0.157013542172054,0.776686384002388,"within_12m",TRUE,TRUE,FALSE
160,"N-acetylalanine","KTHDTJVBEPMMGL-VKHMYHEASA-N","HMDB0000766","C02847","True","True",-0.228026402137364,0.534424784808473,"True",-0.216140433697919,0.586399162105076,"True",-0.227925399134386,0.547793129325831,"True",-0.215336130795002,0.553121905133758,"within_12m",TRUE,TRUE,FALSE
161,"vanillylmandelate (VMA)","CGQCWMIAEPEHNQ-UHFFFAOYSA-N","HMDB0000291","C05584","True","True",0.0237906377080011,0.986709548180007,"True",0.0173788433421621,0.984783502491525,"True",0.0236554096420569,0.987178571736496,"True",0.018730912150244,0.977163936066928,"within_12m",TRUE,TRUE,FALSE
162,"4-acetamidobutanoate","UZTFMUBKZQVKLK-UHFFFAOYSA-N","HMDB0003681","C02946","True","True",-0.376854248389119,0.591551254936853,"True",-0.356152021547125,0.414300960099124,"True",-0.367648694216107,0.500870271324167,"True",-0.352690153587531,0.383327889981537,"within_12m",TRUE,TRUE,FALSE
163,"3-aminoisobutyrate","QCHPKSFMDHPSNR-UHFFFAOYSA-N","HMDB0002166","C05145","True","True",-0.331473327410011,0.663059893055265,"True",-0.314909587702924,0.635337569757095,"True",-0.328531692930008,0.609474364421144,"True",-0.314265062991357,0.543326936228714,"within_12m",TRUE,TRUE,FALSE
164,"chenodeoxycholate","RUDATBOHQWOJDD-LXEZOOAESA-N","HMDB0000518","C02528","True","True",0.613231185309638,0.616054777048265,"True",0.636563039836923,0.469696226802345,"True",0.619156864358282,0.589376822950471,"True",0.640336308598874,0.479655901179859,"within_12m",TRUE,TRUE,FALSE
165,"citrate","KRKNYBCHXYNGOX-UHFFFAOYSA-N","HMDB0000094","C00158","True","True",0.331033553502624,0.600491176005318,"True",0.342425369690106,0.224610633042578,"True",0.329867624370681,0.525098167095897,"True",0.342406429609404,0.224055683043674,"within_12m",TRUE,TRUE,FALSE
166,"5,6-dihydrouracil","OIVLITBTBDPEFK-UHFFFAOYSA-N","HMDB0000076","C00429","True","True",0.262463589578855,0.830562514483884,"True",0.307738767222344,0.649206823724323,"False",NA,NA,"False",NA,NA,"within_12m",FALSE,FALSE,FALSE
167,"2-aminobutyrate","QWCKQJZIFLGMSD-GSVOUGTGSA-N","HMDB0000452","C02356","True","True",-0.140165141972869,0.865585941924816,"True",-0.128390473611579,0.826940719358029,"True",-0.142058220469362,0.866233582388587,"True",-0.129565732409154,0.827462791346729,"within_12m",TRUE,TRUE,FALSE
168,"urate","LEHOTFFKMJEONL-UHFFFAOYSA-N","HMDB0000289","C00366","True","True",0.0779175382489489,0.903551212429734,"True",0.0892188514896006,0.842102701325093,"True",0.0777919076991968,0.926703467558554,"True",0.0901957812527396,0.840192357862207,"within_12m",TRUE,TRUE,FALSE
169,"ursodeoxycholate","RUDATBOHQWOJDD-UZVSRGJWSA-N","HMDB0000946","C07880","True","True",-1.23919707355035,0.616054777048265,"True",-1.23772365347922,0.475062062347564,"True",-1.24387685812888,0.522816110047872,"True",-1.24039713234392,0.393228143807894,"within_12m",TRUE,TRUE,FALSE
170,"valerate (5:0)","NQPDZGIKBAWPEJ-UHFFFAOYSA-N","HMDB0000892","C00803","False","True",-0.837865175440932,0.591551254936853,"True",-0.899022850568978,0.374566592861613,"True",-0.842535951850711,0.525004006113325,"True",-0.899876649264798,0.364172844669901,"within_12m",TRUE,TRUE,FALSE
171,"oleoyl ethanolamide","BOWVQLFMWHZBEF-KTKRTIGZSA-N","HMDB0002088","","True","True",0.0120210696754629,0.988521206905055,"True",0.0268839624649759,0.964149929654582,"True",0.0119034131757578,0.987791790093566,"True",0.0273889135234861,0.966654041393169,"within_12m",TRUE,TRUE,FALSE
172,"gamma-glutamylglutamine","JBFYFLXEJFQWMU-WDSKDSINSA-N","HMDB0011738","C05283","True","True",-0.219668725087187,0.634275095599802,"True",-0.205225299121619,0.427533862593959,"True",-0.218438242421606,0.573647357784482,"True",-0.205250337396732,0.351934777853035,"within_12m",TRUE,TRUE,FALSE
173,"4-hydroxyphenylpyruvate","KKADPXVIOXHVKN-UHFFFAOYSA-N","HMDB0000707","C01179","True","True",0.399365675695737,0.534424784808473,"True",0.404591018196265,0.199582771497096,"True",0.393064529607912,0.47646102799304,"True",0.403287947402337,0.248299539123894,"within_12m",TRUE,TRUE,FALSE
174,"butyrate/isobutyrate (4:0)","FERIUCNNQQJTOY-UHFFFAOYSA-N","HMDB0000039","C00246","True","True",-0.657987530038745,0.571182946544255,"True",-0.64405025935195,0.338135948999854,"True",-0.658512260560414,0.442497498692544,"True",-0.644200282450811,0.253899351919251,"within_12m",TRUE,TRUE,FALSE
175,"N-acetylneuraminate","SQVRNKJHWKZAKO-UHFFFAOYSA-N","HMDB0000230","C00270","True","True",-0.0877676099712551,0.929043543887905,"True",-0.0818831707540923,0.829738844937295,"True",-0.0865052730772318,0.911336625268797,"True",-0.0780814459460896,0.816570654972881,"within_12m",TRUE,TRUE,FALSE
176,"isocitrate","ODBLHEXUDAPZAU-OKKQSCSOSA-N","HMDB0001874","C00451","True","True",-0.577853674422212,0.534424784808473,"True",-0.563484426955191,0.294664710234562,"True",-0.577988181730759,0.471014273897511,"True",-0.564172464194923,0.335307085143404,"within_12m",TRUE,TRUE,FALSE
177,"N-acetylglucosaminylasparagine","YTTRPBWEMMPYSW-VFFCQLMOSA-N","HMDB0000489","C04540","True","True",-0.459590731607621,0.498221762478626,"True",-0.450742702267085,0.171594538327097,"True",-0.452503932331427,0.471014273897511,"True",-0.443419547304331,0.253899351919251,"within_12m",TRUE,TRUE,FALSE
178,"acetoacetate","WDJHALXBUFZDSR-UHFFFAOYSA-N","HMDB0000060","C00164","True","True",-0.454007990367369,0.698466044921272,"True",-0.466191962120856,0.649206823724323,"True",-0.44934475751058,0.700357369845887,"False",NA,NA,"within_12m",FALSE,FALSE,FALSE
179,"creatine","CVSVTCORWBXHQV-UHFFFAOYSA-N","HMDB0000064","C00300","True","True",-0.473663508250478,0.412407004730309,"True",-0.461371636579663,0.293325801045961,"True",-0.473738479248037,0.327475962050099,"True",-0.459884060238888,0.281710149822738,"within_12m",TRUE,TRUE,FALSE
180,"cys-gly, oxidized","KDJVKDYFFTWHBO-UHFFFAOYSA-N","","","True","True",-0.470623640834069,0.459455290469122,"True",-0.459649068990719,0.341968766748792,"True",-0.464623954999902,0.471014273897511,"True",-0.45873920371484,0.335307085143404,"within_12m",TRUE,TRUE,FALSE
181,"dihomo-linoleate (20:2n6)","XSXIVVZCUAHUJO-HZJYTTRNSA-N","HMDB0005060","C16525","True","True",0.167894332498381,0.865585941924816,"True",0.193126233341814,0.674185948336609,"True",0.169743471019602,0.894159161394938,"True",0.195847760694946,0.751819554839438,"within_12m",TRUE,TRUE,FALSE
182,"gamma-glutamylhistidine","PXVCMZCJAUJLJP-YUMQZZPRSA-N","HMDB0029151","","True","True",0.0419639322964091,0.933003438766831,"True",0.061232152387183,0.873755400665013,"False",NA,NA,"False",NA,NA,"within_12m",FALSE,FALSE,FALSE
183,"2-hydroxystearate","KIHBGTRZFAVZRV-QGZVFWFLSA-N","HMDB0062549","C03042,C03045","True","True",0.0122310393524213,0.988521206905055,"True",0.02370665091226,0.964843795690245,"True",0.0110583241993594,0.987774253607679,"True",0.023561042568653,0.966642630624207,"within_12m",TRUE,TRUE,FALSE
184,"N1-methyladenosine","GFYLSDSUCHVORB-IOSLPCCCSA-N","HMDB0003331","C02494","True","True",-0.0230356293703447,0.969971429194474,"True",-0.0102775646230751,0.961738709767977,"True",-0.022044309427444,0.965353120323321,"True",-0.0102925060701373,0.962048122318358,"within_12m",TRUE,TRUE,FALSE
185,"glycerol","PEDCQBHIVMGVHV-UHFFFAOYSA-N","HMDB0000131","C00116","True","True",-0.580024458759447,0.634275095599802,"True",-0.565021786248498,0.446733078722612,"True",-0.579692460502868,0.573647357784482,"True",-0.566348251151397,0.384299324282702,"within_12m",TRUE,TRUE,FALSE
186,"choline","CRBHXDCYXIISFC-UHFFFAOYSA-N","HMDB0000097","C00114","True","True",-0.195369681225715,0.534424784808473,"True",-0.181074979868876,0.351621330188783,"True",-0.193966815181379,0.498791512428282,"True",-0.181108259467635,0.400091392861122,"within_12m",TRUE,TRUE,FALSE
187,"anthranilate","RWZYAGGXGHYGMB-UHFFFAOYSA-N","HMDB0001123","C00108","True","True",0.138054562928236,0.801048083872878,"True",0.145765970496576,0.649206823724323,"True",0.144252969543588,0.866233582388587,"True",0.15145170008657,0.726309080222025,"within_12m",TRUE,TRUE,FALSE
188,"12-HHTrE","KUKJHGXXZWHSBG-WBGSEQOASA-N","HMDB0012535","C20388","False","True",-0.242456244387314,0.911270365206166,"True",-0.282353857727024,0.842102701325093,"False",NA,NA,"False",NA,NA,"within_12m",FALSE,FALSE,FALSE
189,"gamma-glutamylleucine","MYFMARDICOWMQP-YUMQZZPRSA-N","HMDB0011171","","True","True",-0.184835057678262,0.728928173456934,"True",-0.171224763104782,0.605507965210776,"True",-0.185152310746658,0.735874787567266,"True",-0.171167623138646,0.608834673531528,"within_12m",TRUE,TRUE,FALSE
190,"thromboxane B2","XNRNNGPBEPRNAR-JQBLCGNGSA-N","HMDB0003252","C05963","False","True",0.222890199898299,0.891604198181907,"True",0.129973545808542,0.91529279665329,"False",NA,NA,"False",NA,NA,"within_12m",FALSE,FALSE,FALSE
191,"3-methoxytyrosine","PFDUUKDQEHURQC-ZETCQYMHSA-N","HMDB0001434","","True","True",-0.115575269850606,0.763321150994979,"True",-0.101634144686682,0.714414008652387,"True",-0.114900186771787,0.866233582388587,"False",NA,NA,"within_12m",FALSE,FALSE,FALSE
192,"fluoxetine","RTHCYVBBDHJXIQ-UHFFFAOYSA-N","HMDB0014615","D00326","False","True",-0.173864883489796,0.550265734182478,"True",-0.168914722081844,0.416727317857929,"True",-0.16740894821953,0.889072052918522,"True",-0.163198329554102,0.834684007355853,"within_12m",TRUE,TRUE,FALSE
193,"4-acetamidophenol","RZVAJINKPMORJF-UHFFFAOYSA-N","HMDB0001859","C06804","False","True",0.264480448119363,0.950103455972402,"True",0.215410661395319,0.943887141430153,"True",0.263848304845509,0.94041515654415,"True",0.214111440045725,0.931582737459357,"within_12m",TRUE,TRUE,FALSE
194,"naproxen","CMWTZPSULFXXJA-VIFPVBQESA-N","HMDB0001923","C01517","False","True",-0.120306445606761,0.616054777048265,"True",-0.104485900226132,0.542594023228389,"False",NA,NA,"False",NA,NA,"within_12m",FALSE,FALSE,FALSE
195,"topiramate","KJADKKWYZYXHBB-UHFFFAOYSA-N","HMDB0005034","D00537","False","True",-0.110530014437841,0.675758270270578,"True",-0.108373288323981,0.606314915312678,"True",-0.1116915254013,0.908779505127497,"True",-0.109644292291115,0.866949286212259,"within_12m",TRUE,TRUE,FALSE
196,"beta-hydroxyisovalerate","AXFYFNCPONWUHW-UHFFFAOYSA-N","HMDB0000754","","True","True",-0.266823479669729,0.76491224287638,"True",-0.256278168337728,0.542594023228389,"True",-0.268547369667461,0.75303928946506,"True",-0.25759805800035,0.484261793301606,"within_12m",TRUE,TRUE,FALSE
197,"ibuprofen","HEFNNWSXXWATRW-UHFFFAOYSA-N","HMDB0001925","C01588","False","True",-0.0230387814985018,0.969971429194474,"True",-0.0408272624762927,0.924803169886568,"True",-0.0163623292911797,0.987178571736496,"True",-0.0336494884805153,0.951352835823224,"within_12m",TRUE,TRUE,FALSE
198,"arachidonoyl ethanolamide","LGEQQWMQCRIYKG-DOFZRALJSA-N","HMDB0004080","C11695","False","True",-0.405584890152082,0.571182946544255,"True",-0.440154092907048,0.430203361880555,"False",NA,NA,"False",NA,NA,"within_12m",FALSE,FALSE,FALSE
199,"palmitoyl ethanolamide","HXYVTAGFYLMHSO-UHFFFAOYSA-N","HMDB0002100","C16512","True","True",0.0447030714387614,0.969111082335046,"True",0.0583511931526284,0.876901946143203,"True",0.0443285535853853,0.965353120323321,"True",0.0584780765393289,0.894410314233104,"within_12m",TRUE,TRUE,FALSE
200,"N-linoleoylglycine","YCRHZEHWEYAHCO-HZJYTTRNSA-N","","","False","True",-0.0442646417278633,0.984452686039136,"True",0.0249417300111071,0.984783502491525,"True",-0.0442692644654555,0.987178571736496,"False",NA,NA,"within_12m",FALSE,FALSE,FALSE
201,"N-palmitoyl-sphingosine (d18:1/16:0)","YDNKGFDKKRUKPY-TURZORIXSA-N","HMDB0004949","","True","True",-0.427781899207532,0.430407960175543,"True",-0.41668639439634,0.205406734683377,"True",-0.427762513059882,0.441084799548638,"True",-0.415024163710016,0.253899351919251,"within_12m",TRUE,TRUE,FALSE
202,"1-palmitoyl-2-oleoyl-GPE (16:0/18:1)","FHQVHHIBKUMWTI-OTMQOFQLSA-N","HMDB0005320","","True","True",-0.113360276512173,0.856357264387178,"True",-0.0977436873473288,0.808716967273524,"True",-0.11178183977867,0.889072052918522,"True",-0.0974624467627524,0.846553603521212,"within_12m",TRUE,TRUE,FALSE
203,"1-palmitoyl-2-linoleoyl-GPI (16:0/18:2)","BSNJSZUDOMPYIR-DMDPBSJXSA-N","HMDB0009784","","True","True",-0.261511259148379,0.728928173456934,"True",-0.245572448928005,0.548499633557303,"True",-0.261722987449166,0.678339126444402,"True",-0.246079401563095,0.48040451506793,"within_12m",TRUE,TRUE,FALSE
204,"1-palmitoyl-2-linoleoyl-GPC (16:0/18:2)","JLPULHDHAOZNQI-ZTIMHPMXSA-N","HMDB0007973","","True","True",-0.169495594250242,0.459455290469122,"True",-0.155901584274395,0.23964962766601,"True",-0.169395833143932,0.438539717896713,"True",-0.154787302342774,0.289591863187917,"within_12m",TRUE,TRUE,FALSE
205,"stearoyl sphingomyelin (d18:1/18:0)","LKQLRGMMMAHREN-YJFXYUILSA-N","HMDB0001348","C00550","True","True",-0.362123107766626,0.489366645543462,"True",-0.347927653915007,0.157343455363254,"True",-0.361244227649077,0.327475962050099,"True",-0.347938532182828,0.163483912853288,"within_12m",TRUE,TRUE,FALSE
206,"1-palmitoyl-2-oleoyl-GPC (16:0/18:1)","WTJKGGKOPKCXLL-PFDVCBLKSA-N","HMDB0007972","C13875","True","True",-0.169399474456181,0.542979223467223,"True",-0.156200656561961,0.129364509930531,"True",-0.169218957421294,0.442497498692544,"True",-0.15552718656,0.301361601463647,"within_12m",TRUE,TRUE,FALSE
207,"N-stearoyl-sphingosine (d18:1/18:0)*","VODZWWMEJITOND-NXCSZAMKSA-N","HMDB0004950","","True","True",-0.694531509614155,0.459455290469122,"True",-0.640888742601657,0.325119561213492,"True",-0.696718670049721,0.4417862379961,"True",-0.639811546639432,0.335307085143404,"within_12m",TRUE,TRUE,FALSE
208,"glycochenodeoxycholate","GHCZAUBVMUEKKP-AZDOMVTHSA-N","HMDB0000637","C05466","True","True",0.706244781356056,0.616054777048265,"True",0.711009476602121,0.502892973369654,"True",0.711588525644887,0.552009680383734,"True",0.723305883006161,0.421657691241714,"within_12m",TRUE,TRUE,FALSE
209,"taurochenodeoxycholate","BHTRKEVKTKCXOH-BJLOMENOSA-N","HMDB0000951","C05465","True","True",1.78832898998145,0.205927755684893,"True",1.79422941280833,0.07781932030111,"True",1.79402864363722,0.173018070706791,"True",1.80675449619728,0.0829440505807141,"within_12m",TRUE,TRUE,FALSE
210,"taurocholate","WBWWGRHZICKQGZ-HGVCTONRSA-N","HMDB0000036","C05122","True","True",1.65869048381442,0.248657819707594,"True",1.66648569542119,0.142617822200684,"True",1.66846162820837,0.243816600959831,"True",1.68204125328785,0.144277401155581,"within_12m",TRUE,TRUE,FALSE
211,"taurodeoxycholate","AWDRATDZQPNJFN-RZGBOAIJSA-N","HMDB0000896","C05463","False","True",-0.0937830736878135,0.978889384616665,"True",-0.138316875488255,0.951864165647985,"True",-0.102263733035741,0.976415052864609,"True",-0.145628595864995,0.939335733273453,"within_12m",TRUE,TRUE,FALSE
212,"2-hydroxyhippurate (salicylurate)","ONJSZLXSECQROL-UHFFFAOYSA-N","HMDB0000840","C07588","True","True",0.583325461291038,0.800068514083477,"True",0.613008722383249,0.708306839063909,"False",NA,NA,"False",NA,NA,"within_12m",FALSE,FALSE,FALSE
213,"metoprolol","IUBSYMUCCVWXPE-UHFFFAOYSA-N","HMDB0001932","D02358","False","True",0.210343707319919,0.837918877660353,"True",0.233828233099757,0.783711899115968,"True",0.219078753508889,0.803202422313388,"True",0.249878736198715,0.708415766097715,"within_12m",TRUE,TRUE,FALSE
214,"azelate (C9-DC)","BDJRBEYXGGNYIS-UHFFFAOYSA-N","HMDB0000784","C08261","True","True",0.00910063267123243,0.990746470054206,"True",0.017048153793519,0.984783502491525,"True",0.0087225847934207,0.99220761627218,"False",NA,NA,"within_12m",FALSE,FALSE,FALSE
215,"3-(N-acetyl-cystein-S-yl) acetaminophen","DVPRQNKJGQEICH-JTQLQIEISA-N","","","False","True",-0.252818658545246,0.93048469905844,"True",-0.247146318614651,0.894275520730416,"True",-0.249653795037918,0.928686185046154,"True",-0.244243414930903,0.896203328830247,"within_12m",TRUE,TRUE,FALSE
216,"4-acetaminophen sulfate","IGTYILLPRJOVFY-UHFFFAOYSA-N","HMDB0059911","C06804","False","True",-0.109300093767241,0.986709548180007,"True",-0.18049801741975,0.964843795690245,"True",-0.109047227430873,0.987178571736496,"True",-0.180077396263284,0.960042576578117,"within_12m",TRUE,TRUE,FALSE
217,"eicosapentaenoate (EPA; 20:5n3)","JAZBEHYOTPTENJ-JLNKQSITSA-N","HMDB0001999","C06428","True","True",0.184312513978481,0.822960148051204,"True",0.215418932496151,0.587028312136414,"True",0.185292530514005,0.878730575651829,"True",0.213500541789128,0.726309080222025,"within_12m",TRUE,TRUE,FALSE
218,"methylsuccinate","WXUAQHNMJWJLTG-UHFFFAOYSA-N","HMDB0001844","","True","True",0.000785325226473148,0.997678879299887,"True",0.011950568188645,0.984783502491525,"True",-0.0026298838349783,0.995754784439462,"True",0.0109088984469711,0.982385186243838,"within_12m",FALSE,TRUE,FALSE
219,"ethylmalonate","UKFXDFUAPNAMPJ-UHFFFAOYSA-N","HMDB0000622","","True","True",-0.214162247044782,0.790654872121126,"True",-0.199338370864693,0.761725559107875,"True",-0.214133113987342,0.825620431189875,"True",-0.199374854396012,0.765132939063961,"within_12m",TRUE,TRUE,FALSE
220,"carnitine","PHIQHXFUZVPYII-ZCFIWIBFSA-N","HMDB0000062","C00487,C00308","True","True",-0.174932699882245,0.572865461036842,"True",-0.159168839540316,0.586399162105076,"True",-0.174625579183511,0.471014273897511,"True",-0.160135096613717,0.419562035506925,"within_12m",TRUE,TRUE,FALSE
221,"benzoate","WPYMKLBDIGXBTP-UHFFFAOYSA-N","HMDB0001870","C00180","True","True",0.515093006847985,0.634447318904849,"True",0.536627126337564,0.552578286891726,"False",NA,NA,"False",NA,NA,"within_12m",FALSE,FALSE,FALSE
222,"3-phenylpropionate (hydrocinnamate)","XMIIGOLPHOKFCH-UHFFFAOYSA-N","HMDB0000764","C05629","False","True",-2.15758616146766,0.0266370955261987,"True",-2.17523790398618,0.0174085119664737,"True",-2.11872764068769,0.138009215301796,"True",-2.1365868275172,0.0625318684461658,"within_12m",TRUE,TRUE,FALSE
223,"phenylacetate","WLJVXDMOQOGPHL-UHFFFAOYSA-N","HMDB0000209","C07086","True","True",0.144415971523294,0.93048469905844,"True",0.147225064450341,0.875859973159426,"True",0.135414532912546,0.928686185046154,"True",0.144915358790394,0.877966297957988,"within_12m",TRUE,TRUE,FALSE
224,"hippurate","QIAFMBKCNZACKA-UHFFFAOYSA-N","HMDB0000714","C01586","True","True",-0.348230592755517,0.8498818250374,"True",-0.33025288949159,0.785046502072517,"True",-0.348608101880244,0.863615906535827,"False",NA,NA,"within_12m",FALSE,FALSE,FALSE
225,"xanthurenate","FBZONXHGGPHHIY-UHFFFAOYSA-N","HMDB0000881","C02470","False","True",0.106038759003378,0.956522230647063,"True",0.0262035386282116,0.984783502491525,"True",0.106630161525709,0.94289644037195,"True",0.0260639074560261,0.981880553635197,"within_12m",TRUE,TRUE,FALSE
226,"suberate (C8-DC)","TYFQFVWCELRYAO-UHFFFAOYSA-N","HMDB0000893","C08278","False","True",0.208099901692601,0.862812014989596,"True",0.198796751089852,0.804113985560531,"False",NA,NA,"False",NA,NA,"within_12m",FALSE,FALSE,FALSE
227,"3-methyl-2-oxovalerate","JVQYSWDUAOAHFM-UHFFFAOYSA-N","HMDB0000491","C03465,C06008,C00671","True","True",-0.19613808754558,0.791667451977021,"True",-0.182814092601751,0.630601154189398,"True",-0.196143987622988,0.803202422313388,"True",-0.182785035070112,0.616613784657801,"within_12m",TRUE,TRUE,FALSE
228,"methionine sulfoxide","QEFRNWWLZKMPFJ-YGVKFDHGSA-N","HMDB0002005","C02989","True","True",0.273771728698839,0.591551254936853,"True",0.288849533632415,0.42425480041998,"True",0.275147864063484,0.525004006113325,"True",0.289297676108725,0.341894930630236,"within_12m",TRUE,TRUE,FALSE
229,"3-methylhistidine","JDHILDINMRGULE-LURJTMIESA-N","HMDB0000479","C01152","True","True",-0.305284274930042,0.866290930114929,"True",-0.287157339300072,0.817982923225258,"True",-0.304997635275231,0.866631664882259,"True",-0.286872904997386,0.787886937506931,"within_12m",TRUE,TRUE,FALSE
230,"4-acetamidophenylglucuronide","IPROLSVTVHAQLE-UHFFFAOYSA-N","HMDB0010316","","False","True",-0.459984502178261,0.908833393702152,"True",-0.545336478712186,0.857785546660334,"True",-0.458646820018025,0.928686185046154,"True",-0.544328377056194,0.866949286212259,"within_12m",TRUE,TRUE,FALSE
231,"5-hydroxylysine","YSMODUONRAFBET-AKGZTFGVSA-N","HMDB0000450","C16741","True","True",-0.121195784218703,0.789423051590922,"True",-0.102585928116936,0.765327190980502,"True",-0.119711283634526,0.825620431189875,"True",-0.102836669019989,0.776686384002388,"within_12m",TRUE,TRUE,FALSE
232,"4-guanidinobutanoate","TUHVEAJXIMEOSA-UHFFFAOYSA-N","HMDB0003464","C01035","True","True",0.124846782842073,0.869804468504585,"True",0.134235014608826,0.804113985560531,"True",0.125126436261795,0.876979283382671,"True",0.135504118068541,0.756950247014498,"within_12m",TRUE,TRUE,FALSE
233,"glucuronate","AEMOLEFTQBMNLQ-QIUUJYRFSA-N","HMDB0000127","C16245","True","True",0.313191689825077,0.456111948014887,"True",0.330923539073464,0.3531829244535,"True",0.314406449828862,0.487307473731046,"True",0.330425309897523,0.419562035506925,"within_12m",TRUE,TRUE,FALSE
234,"glycerol 3-phosphate","AWUCVROLDVIAJX-UHFFFAOYSA-N","HMDB0000126","C0093","True","True",-0.20756124218088,0.607690715462152,"True",-0.193774660155482,0.605507965210776,"True",-0.211608685039377,0.629173566127675,"True",-0.195123959296073,0.664564307522825,"within_12m",TRUE,TRUE,FALSE
235,"imidazole lactate","ACZFBYCNAVEFLC-UHFFFAOYSA-N","HMDB0002320","C05568","True","True",0.213133623497784,0.616054777048265,"True",0.228814536660006,0.358237133893581,"True",0.212231503705793,0.62044840708212,"True",0.226383888918333,0.507706918770645,"within_12m",TRUE,TRUE,FALSE
236,"kynurenine","YGPSJZOEDVAXAB-QMMMGPOBSA-N","HMDB0000684","C00328","True","True",-0.0448850106792864,0.938619853894336,"True",-0.0356927174767864,0.919736642541228,"True",-0.0476388823414759,0.928686185046154,"True",-0.0364167059970334,0.905784920162162,"within_12m",TRUE,TRUE,FALSE
237,"glycerophosphorylcholine (GPC)","SUHOQUVVVLNYQR-MRVPVSSYSA-N","HMDB0000086","C00670","True","True",-0.331275891302185,0.420602698495398,"True",-0.315810858941532,0.171594538327097,"True",-0.331283963145218,0.243816600959831,"True",-0.313624272379785,0.132499507800644,"within_12m",TRUE,TRUE,FALSE
238,"N-acetylglutamate","RFMMMVDNIPUKGG-YFKPBYRVSA-N","HMDB0001138","C00624","True","True",-0.121311818718059,0.89858947917064,"True",-0.10427861003577,0.846126398638347,"True",-0.117445773363229,0.898325050608298,"True",-0.103976839797815,0.840192357862207,"within_12m",TRUE,TRUE,FALSE
239,"tartarate","FEWJPZIEWOKRBE-JCYAYHJZSA-N","HMDB0000956,HMDB0062642","C00552,C02107,C00898","False","True",0.864020145493966,0.598097678966885,"True",0.906896982512195,0.420255227377929,"False",NA,NA,"False",NA,NA,"within_12m",FALSE,FALSE,FALSE
240,"xanthosine","UBORTCNDUKBEOP-UUOKFMHZSA-N","HMDB0000299","C01762","False","True",0.794722482277957,0.266775436384933,"True",0.864584398266056,0.0880150810256941,"True",0.782546707056879,0.299226613042662,"True",0.854887835745339,0.13607783939413,"within_12m",TRUE,TRUE,FALSE
241,"ribitol","HEBKCHPVOIAQTA-ZXFHETKHSA-N","HMDB0002917,HMDB0001851,HMDB0000568,HMDB0000508","C00379,C01904,C00474,C00532","True","True",0.146857450368829,0.859783253708033,"True",0.214714790952422,0.688308582751587,"True",0.148341879109164,0.85296116318833,"True",0.215270079983642,0.616613784657801,"within_12m",TRUE,TRUE,FALSE
242,"2-isopropylmalate","BITYXLXUCSKTJS-UHFFFAOYSA-N","HMDB0000402","C02504","False","True",-0.0205707706521972,0.989601703462534,"True",-0.0374841171041157,0.986135052914481,"False",NA,NA,"False",NA,NA,"within_12m",FALSE,FALSE,FALSE
243,"glycodeoxycholate","WVULKSPCQVQLCU-BUXLTGKBSA-N","HMDB00631","C05464","False","True",-1.0343173190706,0.542979223467223,"True",-1.14362996341963,0.358237133893581,"True",-1.04298883175669,0.522816110047872,"True",-1.15113866199655,0.390068252620306,"within_12m",TRUE,TRUE,FALSE
244,"theophylline","ZFXYFBGIUFBOJW-UHFFFAOYSA-N","HMDB0001889","C07130","True","True",0.176536338331181,0.880082080082563,"True",0.177243401782462,0.824159984300078,"True",0.177385417439729,0.928686185046154,"True",0.176826695763451,0.873454342509889,"within_12m",TRUE,TRUE,FALSE
245,"quinate","AAWZDTNXLSGCEK-WYWMIBKRSA-N","HMDB0003072","C00296","True","True",0.357108295681146,0.865585941924816,"True",0.340891543794364,0.838203249651723,"True",0.355728722581413,0.898325050608298,"True",0.340824529624856,0.862895763246396,"within_12m",TRUE,TRUE,FALSE
246,"theobromine","YAPQBXQYLJRXSA-UHFFFAOYSA-N","HMDB0002825","C07480","True","True",-0.548546192340953,0.72087224447134,"True",-0.547376823248866,0.649206823724323,"True",-0.53725355085311,0.629173566127675,"True",-0.538853885227492,0.56761291419213,"within_12m",TRUE,TRUE,FALSE
247,"gentisate","WXTMDXOMEHJXQO-UHFFFAOYSA-N","HMDB0000152","C00628","True","True",-0.153771052742779,0.93048469905844,"True",-0.16320781574643,0.894892807778064,"False",NA,NA,"False",NA,NA,"within_12m",FALSE,FALSE,FALSE
248,"paraxanthine","QUNWUDVFRNGTCO-UHFFFAOYSA-N","HMDB0001860","C13747","True","True",0.310848032293133,0.884170285246697,"True",0.322462487307819,0.842102701325093,"True",0.311227473467176,0.903357675679266,"True",0.326392233355576,0.851921874566675,"within_12m",TRUE,TRUE,FALSE
249,"indolelactate","XGILAAMKEQUXLS-UHFFFAOYSA-N","HMDB0000671","C02043","True","True",0.102708843986909,0.929430981826353,"True",0.112102651472549,0.866327250723689,"True",0.0996473073833817,0.928686185046154,"True",0.111644192476955,0.844538221404608,"within_12m",TRUE,TRUE,FALSE
250,"3-indoxyl sulfate","BXFFHSIDQOFMLE-UHFFFAOYSA-N","HMDB0000682","","True","True",-0.214452507928374,0.880354456478155,"True",-0.204625847153479,0.825916041022873,"True",-0.21818787602494,0.888606927638337,"True",-0.206150983901655,0.830309028999247,"within_12m",TRUE,TRUE,FALSE
251,"glycylvaline","STKYPAFSDFAEPH-LURJTMIESA-N","HMDB0028854","","True","True",-0.143002000281796,0.942378521218326,"True",-0.109276516429366,0.937507669861187,"True",-0.142879639388737,0.93293377298526,"False",NA,NA,"within_12m",FALSE,FALSE,FALSE
252,"gamma-glutamylphenylalanine","XHHOHZPNYFQJKL-QWRGUYRKSA-N","HMDB0000594","","True","True",0.144873972957775,0.800068514083477,"True",0.154641715461696,0.586399162105076,"True",0.144491378325976,0.81753736866246,"True",0.15350038580125,0.48040451506793,"within_12m",TRUE,TRUE,FALSE
253,"4-methyl-2-oxopentanoate","BKAJNAXTPSGJCU-UHFFFAOYSA-N","HMDB0000695","C00233","True","True",-0.183019610827112,0.813557592344211,"True",-0.169321773368561,0.640283932409579,"True",-0.183062151260045,0.838422162559451,"True",-0.169313187138982,0.679956407831849,"within_12m",TRUE,TRUE,FALSE
254,"1,5-anhydroglucitol (1,5-AG)","MPCAJMNYNOGXPB-SLPGGIOYSA-N","HMDB0002712","C07326","True","True",-1.0732234598137,0.266775436384933,"True",-1.06499860668687,0.225417769945334,"True",-1.07287190207679,0.210567270565337,"True",-1.0630556920452,0.132499507800644,"within_12m",TRUE,TRUE,FALSE
255,"2-arachidonoylglycerol (20:4)","RCRCTBLIHCHWDZ-DOFZRALJSA-N","HMDB0004666","C13856","False","True",-2.06958660593077,0.0318685907067006,"True",-1.77620356454333,0.0174085119664737,"False",NA,NA,"False",NA,NA,"within_12m",FALSE,FALSE,FALSE
256,"1-stearoyl-2-arachidonoyl-GPI (18:0/20:4)","KRTOMQDUKGRFDJ-YKOKTLGVSA-N","HMDB0009815","","True","True",-0.336862094517758,0.408967598723417,"True",-0.323325603874032,0.132961214426443,"True",-0.337696168891997,0.373697415954557,"True",-0.324185271585659,0.234784461186774,"within_12m",TRUE,TRUE,FALSE
257,"sphingosine 1-phosphate","DUYSYHSSBDVJSM-KRWOKUGFSA-N","HMDB0000277","C06124","True","True",-0.293868339106748,0.557703719233006,"True",-0.280120357559614,0.272808855623117,"True",-0.292567806595757,0.481331602684926,"True",-0.278933003515573,0.272643696797314,"within_12m",TRUE,TRUE,FALSE
258,"1-stearoyl-2-oleoyl-GPS (18:0/18:1)","AJFWREUFUPEYII-PAHWMLEVSA-N","HMDB0010163","","True","True",-0.423385682392768,0.616054777048265,"True",-0.341510733389509,0.602260086541914,"False",NA,NA,"False",NA,NA,"within_12m",FALSE,FALSE,FALSE
259,"1-stearoyl-GPI (18:0)","MXAFDFDAIFZFET-CLBYPKMISA-N","HMDB0240261","","True","True",-0.21576841023581,0.779048076620811,"True",-0.196396544737031,0.649206823724323,"True",-0.216194063524053,0.803202422313388,"True",-0.198293314324936,0.661745871873839,"within_12m",TRUE,TRUE,FALSE
260,"1,2-dipalmitoyl-GPC (16:0/16:0)","KILNVBDSWZSGLL-KXQOOQHDSA-N","HMDB0000564","D03585","True","True",-0.0062967590970272,0.988521206905055,"True",0.00440481206670918,0.986284418563688,"True",-0.0073996138574101,0.987774253607679,"True",0.0042700730449064,0.983597097250046,"within_12m",FALSE,TRUE,FALSE
261,"docosahexaenoate (DHA; 22:6n3)","MBMBGCFOFBJSGT-KUBAVDMBSA-N","HMDB0002183","C06429","True","True",0.0922791741110503,0.933560258432609,"True",0.119070787502006,0.824159984300078,"True",0.098454133279456,0.928686185046154,"True",0.125155295104378,0.862895763246396,"within_12m",TRUE,TRUE,FALSE
262,"1-myristoyl-2-palmitoyl-GPC (14:0/16:0)","RFVFQQWKPSOBED-PSXMRANNSA-N","HMDB0007869","","True","True",0.028591886468012,0.978889384616665,"True",0.0414684020036838,0.943748743696485,"True",0.0286545328724292,0.98195480987979,"True",0.041600189389636,0.930724933814372,"within_12m",TRUE,TRUE,FALSE
263,"ofloxacin","GSDSWSVVBLHKDQ-UHFFFAOYSA-N","HMDB0015296","D00453,C07321,DG00616","False","True",0.18748994138717,0.728928173456934,"True",0.203581313291048,0.649206823724323,"False",NA,NA,"False",NA,NA,"within_12m",FALSE,FALSE,FALSE
264,"ciprofloxacin","MYSWGUAQZAJSOK-UHFFFAOYSA-N","HMDB0014677","C05349","False","True",-0.213797907251311,0.616054777048265,"True",-0.188799651122793,0.508674266370899,"False",NA,NA,"False",NA,NA,"within_12m",FALSE,FALSE,FALSE
265,"alpha-hydroxyisocaproate","LVRFTAZAXQPQHI-UHFFFAOYSA-N","HMDB0000665,HMDB00746,HMDB0000624","C03264","True","True",0.46099005542159,0.489366645543462,"True",0.46295061655846,0.154706948375976,"True",0.458628849833256,0.482985896096493,"True",0.46142359808641,0.284231729197656,"within_12m",TRUE,TRUE,FALSE
266,"maleate","VZCYOOQTPOCHFL-UHFFFAOYSA-N","HMDB0000176","C01384","True","True",-0.402810127176821,0.631863134660954,"True",-0.384530673864568,0.586949901625404,"True",-0.406193352754173,0.631557453101187,"True",-0.386737956496835,0.596447374819282,"within_12m",TRUE,TRUE,FALSE
267,"isovalerate (i5:0)","GWYFCOCPABKNJV-UHFFFAOYSA-N","HMDB0000718","C08262","True","True",-0.513825276859044,0.591551254936853,"True",-0.500501761467888,0.294664710234562,"True",-0.514336265107614,0.442497498692544,"True",-0.500759136652101,0.200952846394726,"within_12m",TRUE,TRUE,FALSE
268,"4-acetylphenol sulfate","HOFGLAYWQRGTKC-UHFFFAOYSA-N","","","True","True",-0.498139734252929,0.72087224447134,"True",-0.546712252178354,0.590676175785577,"False",NA,NA,"False",NA,NA,"within_12m",FALSE,FALSE,FALSE
269,"1-methylguanidine","CHJJGSNFBQVOTG-UHFFFAOYSA-N","HMDB0001522","C02294","False","True",0.0956107351338738,0.969111082335046,"True",0.0472977566854246,0.979590431718109,"True",0.0935356597729005,0.94289644037195,"True",0.0468628958051688,0.958994300655033,"within_12m",TRUE,TRUE,FALSE
270,"alprazolam","VREFGVBLTWBCJP-UHFFFAOYSA-N","HMDB14548","C06817","False","True",-0.246251015074796,0.208422462582084,"True",-0.205950957054238,0.109408956687644,"True",-0.245626635581951,0.684714036417037,"True",-0.205856019752971,0.643904680858582,"within_12m",TRUE,TRUE,FALSE
271,"dextromethorphan","MKXZASYAUGDDCJ-CGTJXYLNSA-N","HMDB0001920","D03744,DG01078,C06947","False","True",-0.183175012767795,0.266775436384933,"True",-0.157397825019812,0.224610633042578,"True",-0.197288285557541,0.678339126444402,"False",NA,NA,"within_12m",FALSE,FALSE,FALSE
272,"2-hydroxyoctanoate","JKRDADVRIYVCCY-UHFFFAOYSA-N","HMDB0002264","","True","True",-0.0612506576778803,0.964121523549659,"True",-0.056629140372453,0.930138912235325,"True",-0.0691002236047455,0.944957139729006,"True",-0.0617574844097678,0.912154000650964,"within_12m",TRUE,TRUE,FALSE
273,"ethacrynic acid","AVOLMBLBETYQHX-UHFFFAOYSA-N","HMDB15039","D00313","False","True",-7.71728344401728e-05,0.929430981826353,"True",0.000142125128017482,0.829738844937295,"False",NA,NA,"False",NA,NA,"within_12m",FALSE,FALSE,FALSE
274,"3-hydroxyoctanoate","NDPLAKGOSZHTPH-UHFFFAOYSA-N","HMDB0001954","C20793","True","True",0.555698266479836,0.547971879039154,"True",0.568379201644308,0.327349321357631,"True",0.555018443106204,0.436023528663194,"True",0.569014856684019,0.163483912853288,"within_12m",TRUE,TRUE,FALSE
275,"phenyllactate (PLA)","VOXXWSYKYCBWHO-UHFFFAOYSA-N","HMDB0000779,HMDB0000563","C05607","True","True",0.421635623662335,0.605417378417204,"True",0.431308061166125,0.3531829244535,"True",0.41319677497889,0.589376822950471,"True",0.423886647359577,0.390068252620306,"within_12m",TRUE,TRUE,FALSE
276,"palmitoylcarnitine (C16)","XOMRRQXKHMYMOC-UHFFFAOYSA-N","HMDB0000222","C02990","True","True",-0.091787430984474,0.932366462486156,"True",-0.0835873904991753,0.847619113986647,"True",-0.0913519928151041,0.928686185046154,"True",-0.0814638919207126,0.830309028999247,"within_12m",TRUE,TRUE,FALSE
277,"hexanoylcarnitine (C6)","VVPRQWTYSNDTEA-UHFFFAOYSA-N","HMDB0000756","","True","True",-0.0934491408589662,0.938620224639443,"True",-0.0808521552657684,0.904715388218868,"True",-0.101809860797107,0.928686185046154,"True",-0.0906603466128969,0.877966297957988,"within_12m",TRUE,TRUE,FALSE
278,"theanine","DATAGRPVKZEWHA-YFKPBYRVSA-N","HMDB0034365","C01047","False","True",0.322192912814499,0.905432674747387,"True",0.350200443478629,0.859539573730948,"False",NA,NA,"False",NA,NA,"within_12m",FALSE,FALSE,FALSE
279,"N-acetylaspartate (NAA)","OTCCIMWXFLJLIA-BYPYZUCNSA-N","HMDB0000812","C01042","True","True",-0.474522814604967,0.634275095599802,"True",-0.461467731213808,0.42425480041998,"True",-0.464197931954568,0.579658046439487,"True",-0.448095036456277,0.365599608679728,"within_12m",TRUE,TRUE,FALSE
280,"dehydroepiandrosterone sulfate (DHEA-S)","CZWCKYRVOZZJNM-DYIPZHMLSA-N","HMDB0001032","C04555","True","True",-0.545558111328758,0.616054777048265,"True",-0.520978232602845,0.548499633557303,"True",-0.542281772798693,0.62468367304558,"True",-0.528463933030662,0.55293158533032,"within_12m",TRUE,TRUE,FALSE
281,"acetylcarnitine (C2)","RDHQFKQIGNGIED-MRVPVSSYSA-N","HMDB0000201","C02571","True","True",-0.0602223071037551,0.93048469905844,"True",-0.0512668952361254,0.875859973159426,"True",-0.0583476310293532,0.928686185046154,"True",-0.0477648262652054,0.851921874566675,"within_12m",TRUE,TRUE,FALSE
282,"cysteine s-sulfate","NOKPBJYHPHHWAN-REOHCLBHSA-N","HMDB0000731","C05824","True","True",-0.186285193610713,0.815074785813441,"True",-0.170367740947344,0.767175542635948,"True",-0.186544904501835,0.834393659430825,"True",-0.17068481843278,0.747455042584454,"within_12m",TRUE,TRUE,FALSE
283,"1-palmitoylglycerol (16:0)","QHZLMUACJMDIAE-UHFFFAOYSA-N","HMDB0011564","","True","True",0.544947732661736,0.598097678966885,"True",0.613259029763711,0.34748092305474,"True",0.546458534182957,0.565411006890362,"False",NA,NA,"within_12m",FALSE,FALSE,FALSE
284,"tartronate (hydroxymalonate)","ROBFUDYVXSDBQM-UHFFFAOYSA-N","HMDB0035227","C02287","True","True",-0.313835358371487,0.728928173456934,"True",-0.289374878708389,0.592017365934491,"True",-0.314445005806316,0.760567523028494,"True",-0.291918947026114,0.620027956473038,"within_12m",TRUE,TRUE,FALSE
285,"oxalate (ethanedioate)","MUBZPKHOEPUJKR-UHFFFAOYSA-N","HMDB0002329","C00209","True","True",-0.542130697338765,0.572865461036842,"True",-0.522028607479785,0.342416488455456,"True",-0.543638934411895,0.482037539996758,"True",-0.525066597635625,0.335307085143404,"within_12m",TRUE,TRUE,FALSE
286,"erythritol","UNXHWFMMPAWVPI-UHFFFAOYSA-N","HMDB0002994","C00503","True","True",-0.242826600854965,0.8498818250374,"True",-0.227072586559166,0.826940719358029,"False",NA,NA,"True",-0.225650926866035,0.860720784538333,"within_12m",FALSE,FALSE,FALSE
287,"trizma acetate","LENZDBCJOHFCAS-UHFFFAOYSA-N","","C07182","True","True",0.488750875353587,0.865585941924816,"True",0.538537973978519,0.765951873322285,"False",NA,NA,"False",NA,NA,"within_12m",FALSE,FALSE,FALSE
288,"2,3-dihydroxypyridine","GGOZGYRTNQBSSA-UHFFFAOYSA-N","","","False","True",-0.880776669009804,0.547971879039154,"True",-0.891503798184248,0.403448584576907,"False",NA,NA,"True",-0.897972317883153,0.421657691241714,"within_12m",FALSE,FALSE,FALSE
289,"adipate (C6-DC)","WNLRTRBMVRJNCN-UHFFFAOYSA-N","HMDB0000448","C06104","False","True",-0.239058077073751,0.89858947917064,"True",-0.164958593420328,0.924803169886568,"True",-0.231776692334915,0.916244998490274,"True",-0.156746857869931,0.922251897608036,"within_12m",TRUE,TRUE,FALSE
290,"saccharin","CVHZOJJKTDOEJC-UHFFFAOYSA-N","HMDB0029723","C12283","False","True",-0.0966097088421854,0.980565110436277,"True",-0.0435139086205369,0.986135052914481,"True",-0.0982488953895241,0.982952101329358,"False",NA,NA,"within_12m",FALSE,FALSE,FALSE
291,"3-hydroxymyristate","ATRNZOYKSNPPBF-UHFFFAOYSA-N","HMDB0061656","","True","True",0.315059871309164,0.685616421904615,"True",0.336344877493287,0.471857144763795,"True",0.315107993879279,0.678339126444402,"True",0.336031853313633,0.439227812305624,"within_12m",TRUE,TRUE,FALSE
292,"1-oleoylglycerol (18:1)","RZRNAYUHWVFMIP-KTKRTIGZSA-N","HMDB0011567","","True","True",0.541268604012087,0.616054777048265,"True",0.616120329853183,0.342416488455456,"True",0.542798567995078,0.678339126444402,"True",0.618877122029075,0.469598483774967,"within_12m",TRUE,TRUE,FALSE
293,"3-methyl-2-oxobutyrate","QHKABHOOEWYVLI-UHFFFAOYSA-N","HMDB0000019","C00141","True","True",-0.263583526097323,0.728696303357368,"True",-0.248613391587176,0.475062062347564,"True",-0.264121563720516,0.629173566127675,"True",-0.249137518681074,0.384299324282702,"within_12m",TRUE,TRUE,FALSE
294,"2-oleoylglycerol (18:1)","UPWGQKDVAURUGE-KTKRTIGZSA-N","HMDB0011537","","True","True",-0.188268596345266,0.929430981826353,"True",-0.174748666144675,0.89094750451801,"True",-0.189683090097773,0.928686185046154,"False",NA,NA,"within_12m",FALSE,FALSE,FALSE
295,"homoarginine","QUOGESRFPZDMMT-YFKPBYRVSA-N","HMDB0000670","C01924","True","True",0.252996986936785,0.616054777048265,"True",0.268150695906793,0.572869347075459,"True",0.253356598241702,0.544128456116021,"True",0.266882387270321,0.455661272332255,"within_12m",TRUE,TRUE,FALSE
296,"homocitrulline","XIGSAGMEBXLVJJ-YFKPBYRVSA-N","HMDB0000679","C02427","True","True",0.231529117940603,0.747961951592986,"True",0.249787767625865,0.649206823724323,"False",NA,NA,"False",NA,NA,"within_12m",FALSE,FALSE,FALSE
297,"2-linoleoylglycerol (18:2)","IEPGNWMPIFDNSD-HZJYTTRNSA-N","HMDB0011538","","True","True",-0.677925982133017,0.494849464209036,"True",-0.632306603739187,0.342416488455456,"False",NA,NA,"False",NA,NA,"within_12m",FALSE,FALSE,FALSE
298,"3-hydroxydecanoate","FYSSBMZUBSBFJL-UHFFFAOYSA-N","HMDB0002203","","True","True",0.640930211020877,0.410629340944375,"True",0.6586551607539,0.223782547879234,"True",0.640716310940596,0.286383636742302,"True",0.65842048482564,0.102628384114754,"within_12m",TRUE,TRUE,FALSE
299,"N-acetylglycine","OKJIRPAQVSHGFK-UHFFFAOYSA-N","HMDB0000532","","True","True",-0.749248726746145,0.0326570058969598,"True",-0.739018156543763,0.00863362865715551,"True",-0.762481104849103,0.0767786194674975,"True",-0.745459667093114,0.0354680072881649,"within_12m",TRUE,TRUE,TRUE
300,"ribonate","QXKAIJAYHKCRRA-BXXZVTAOSA-N","HMDB0000867","C01685","True","True",0.0227987616156593,0.981470822012687,"True",0.0363731285433083,0.943887141430153,"True",0.0252691569571133,0.981496837204634,"True",0.0404408868561765,0.931582737459357,"within_12m",TRUE,TRUE,FALSE
301,"threonate","JPIJQSOTBSSVTP-UHFFFAOYSA-N","HMDB0062620,HMDB0000943","C01620","True","True",-0.090493193329054,0.925975861729946,"True",-0.0677999913538036,0.91529279665329,"True",-0.0907972134006395,0.928686185046154,"False",NA,NA,"within_12m",FALSE,FALSE,FALSE
302,"galactonate","RGHNJXZEOKUKBD-MGCNEYSASA-N","HMDB0000565","C00880,C15930","True","True",0.492895018110192,0.652318203269422,"True",0.536620870475614,0.554314262602122,"True",0.498512193899663,0.62468367304558,"False",NA,NA,"within_12m",FALSE,FALSE,FALSE
303,"beta-sitosterol","KZJWDPNRJALLNS-XGEQACPASA-N","HMDB0000852","C01753","False","True",1.06794495718974,0.266775436384933,"True",1.17278255646677,0.157343455363254,"True",1.06552051139915,0.25095175886595,"True",1.17356301464249,0.144277401155581,"within_12m",TRUE,TRUE,FALSE
304,"indoleacetate","SEOVTRFCIGRIMH-UHFFFAOYSA-N","HMDB0000197","C00954","True","True",0.00283927157948084,0.995479615498565,"True",0.0203242699265207,0.980188501176237,"True",0.0027933323041303,0.995754784439462,"False",NA,NA,"within_12m",FALSE,FALSE,FALSE
305,"1-linoleoylglycerol (18:2)","WECGLUPZRHILCT-HZJYTTRNSA-N","HMDB0011568","","True","True",-0.428046247664906,0.610162218450682,"True",-0.409934405845634,0.369563675097385,"True",-0.428347196686435,0.559590089822638,"True",-0.411509403301656,0.384299324282702,"within_12m",TRUE,TRUE,FALSE
306,"2-palmitoylglycerol (16:0)","BBNYCLAREVXOSG-UHFFFAOYSA-N","HMDB0011533","","False","True",0.24265985515848,0.888572288556398,"True",0.320589964083798,0.798432880868688,"False",NA,NA,"False",NA,NA,"within_12m",FALSE,FALSE,FALSE
307,"1-methylhistidine","BRMWTNUJHUMWMS-LURJTMIESA-N","HMDB0000001","C01152","True","True",0.0563545787346405,0.964121523549659,"True",0.0664752992205826,0.912575964406794,"True",0.054387846364432,0.958252339725055,"True",0.0667585545914553,0.898744770564968,"within_12m",TRUE,TRUE,FALSE
308,"butyrylcarnitine (C4)","QWYFHHGCZUCMBN-SECBINFHSA-N","HMDB0002013","C02862","True","True",0.0480301207029615,0.968216736762183,"True",0.0501156324266359,0.924803169886568,"True",0.0409061311915971,0.965353120323321,"True",0.0490382188751089,0.926532805977279,"within_12m",TRUE,TRUE,FALSE
309,"isobutyrylcarnitine (C4)","LRCNOZRCYBNMEP-VIFPVBQESA-N","HMDB0000736","","True","True",-0.255745516947429,0.789423051590922,"True",-0.242955907434689,0.649206823724323,"True",-0.255565895516918,0.803202422313388,"True",-0.242213128487416,0.664222049780685,"within_12m",TRUE,TRUE,FALSE
310,"7-ketodeoxycholate","RHCPKKNRWFXMAT-RRWYKFPJSA-N","HMDB0000391","","False","True",0.680177226919432,0.72087224447134,"True",0.672521490900383,0.586399162105076,"False",NA,NA,"False",NA,NA,"within_12m",FALSE,FALSE,FALSE
311,"glycolithocholate","XBSQTYHEGZTYJE-PGVYWSLXSA-N","HMDB0000698","C15557","False","True",-0.497466281311508,0.77843859189234,"True",-0.517350371233522,0.702576717420341,"True",-0.510498481273605,0.861858069770079,"True",-0.527723078878775,0.77512086005068,"within_12m",TRUE,TRUE,FALSE
312,"taurolithocholate","QBYUNVOYXHFVKC-OQHFDXPESA-N","HMDB0000722","C02592","False","True",0.50639131928637,0.728928173456934,"True",0.525481198288839,0.649206823724323,"True",0.495195681651531,0.834393659430825,"True",0.515095544873291,0.736756541011548,"within_12m",TRUE,TRUE,FALSE
313,"androsterone sulfate","ZMITXKRGXGRMKS-HLUDHZFRSA-N","HMDB0002759","","True","True",-1.08513916448504,0.323217023884006,"True",-1.03346566213396,0.276918888943255,"True",-1.07771046668223,0.471014273897511,"True",-1.03550949145842,0.384299324282702,"within_12m",TRUE,TRUE,FALSE
314,"2-pyrrolidinone","HNJBEVLQSNELDL-UHFFFAOYSA-N","HMDB0002039","","True","True",-0.224642179131136,0.801048083872878,"True",-0.205048665181093,0.765327190980502,"True",-0.213298731223249,0.876979283382671,"True",-0.200659341229998,0.830186917331658,"within_12m",TRUE,TRUE,FALSE
315,"indolepropionate","GOLXRNDWAUTYKT-UHFFFAOYSA-N","HMDB0002302","","False","True",-1.44776386078825,0.534424784808473,"True",-1.53223474842866,0.402775693107918,"True",-1.44422851893966,0.442497498692544,"True",-1.5262851145317,0.348943118065099,"within_12m",TRUE,TRUE,FALSE
316,"N-(2-furoyl)glycine","KSPQDMRTZZYQLM-UHFFFAOYSA-N","HMDB0000439","","True","True",-0.259509964671648,0.926412577528318,"True",-0.170315082880141,0.924803169886568,"True",-0.239699193942955,0.928686185046154,"True",-0.154059546452004,0.926532805977279,"within_12m",TRUE,TRUE,FALSE
317,"trigonelline (N'-methylnicotinate)","WWNNZCOKKKDOPX-UHFFFAOYSA-N","HMDB0000875","C01004","True","True",-0.00451592624110627,0.995479615498565,"True",0.0184449823349233,0.989207199802846,"False",NA,NA,"True",0.0162964977897135,0.983597097250046,"within_12m",FALSE,FALSE,FALSE
318,"dodecanedioate (C12-DC)","TVIDDXQYHWJXFK-UHFFFAOYSA-N","HMDB0000623","C02678","True","True",0.112811705346697,0.938619853894336,"True",0.133961453752139,0.875859973159426,"True",0.116673326001627,0.928686185046154,"False",NA,NA,"within_12m",FALSE,FALSE,FALSE
319,"glutamate, gamma-methyl ester","ZGEYCCHDTIDZAE-UHFFFAOYSA-N","HMDB0061715","","True","True",-0.185154419668801,0.865585941924816,"True",-0.0914061083260882,0.894892807778064,"True",-0.176826965670025,0.876979283382671,"True",-0.0882010036969518,0.877966297957988,"within_12m",TRUE,TRUE,FALSE
320,"N-acetyltyrosine","CAHKINHBCWCHCF-JTQLQIEISA-N","HMDB0000866","","True","True",0.282554038634339,0.705849088676413,"True",0.289599165639829,0.432825414438221,"True",0.279412768564561,0.678339126444402,"True",0.289617822621682,0.419562035506925,"within_12m",TRUE,TRUE,FALSE
321,"1,3-dimethylurate","OTSBKHHWSQYEHK-UHFFFAOYSA-N","HMDB0001857","","True","True",-0.272723444991857,0.8498818250374,"True",-0.227006777912172,0.826940719358029,"True",-0.27383304642224,0.87817668861309,"True",-0.231114061651587,0.840192357862207,"within_12m",TRUE,TRUE,FALSE
322,"3-methylxanthine","GMSNIKWWOQHZGF-UHFFFAOYSA-N","HMDB0001886","C16357","True","True",-0.144153072518666,0.933003438766831,"True",-0.131439749423753,0.904715388218868,"True",-0.144022966977149,0.928686185046154,"True",-0.129546282980307,0.911107070796018,"within_12m",TRUE,TRUE,FALSE
323,"3-hydroxylaurate","MUCMKTPAZLSKTL-UHFFFAOYSA-N","HMDB0000387","","True","True",0.812763346134703,0.262453540795384,"True",0.830177714863477,0.0890970268055851,"True",0.812247335576201,0.254322072584228,"False",NA,NA,"within_12m",FALSE,FALSE,FALSE
324,"pyridoxate","HXACOUQIXZGNBF-UHFFFAOYSA-N","HMDB0000017","C00847","True","True",-0.0302317098260967,0.986709548180007,"True",-0.00341369303221908,0.996389711529899,"True",-0.0418246312008832,0.987178571736496,"True",-0.0202637355376858,0.983171720624543,"within_12m",TRUE,TRUE,FALSE
325,"threonylphenylalanine","IQHUITKNHOKGFC-CSUXEGHOSA-N","HMDB0029068","","True","True",-0.125919869567885,0.938619853894336,"True",-0.106205467368618,0.928632069267607,"True",-0.122198313057979,0.928686185046154,"True",-0.104077050572565,0.918239276480889,"within_12m",TRUE,TRUE,FALSE
326,"gamma-glutamylvaline","AQAKHZVPOOGUCK-XPUUQOCRSA-N","HMDB0011172","","True","True",-0.218637052956347,0.856357264387178,"True",-0.248673959611553,0.755412786563843,"True",-0.21380239775864,0.866233582388587,"True",-0.239206777583265,0.757508985039565,"within_12m",TRUE,TRUE,FALSE
327,"O-acetylhomoserine","FCXZBWSIAGGPCB-YFKPBYRVSA-N","HMDB0029423","C01077","False","True",0.579912481886704,0.647725895342448,"True",0.630783391432481,0.575855516393977,"False",NA,NA,"True",0.631364270732881,0.462864211305942,"within_12m",FALSE,FALSE,FALSE
328,"3-hydroxysebacate","OQYZCCKCJQWHIE-UHFFFAOYSA-N","HMDB0000350","","True","True",0.548984846157325,0.641177912966694,"True",0.581132760932548,0.538738236163569,"True",0.54677428463877,0.608896163822627,"False",NA,NA,"within_12m",FALSE,FALSE,FALSE
329,"5-hydroxyhexanoate","YDCRNMJQROAWFT-UHFFFAOYSA-N","HMDB0000409,HMDB0000525","","True","True",0.374241974671045,0.616054777048265,"True",0.355074895640711,0.354246733256717,"True",0.379991787195315,0.675736698272645,"True",0.361473149786867,0.497233528893343,"within_12m",TRUE,TRUE,FALSE
330,"propionylglycine","WOMAZEJKVZLLFE-UHFFFAOYSA-N","HMDB0000783","","False","True",-0.746158631426403,0.53734192695043,"True",-0.638556476224318,0.36249017963071,"False",NA,NA,"False",NA,NA,"within_12m",FALSE,FALSE,FALSE
331,"butyrylglycine","WPSSBBPLVMTKRN-UHFFFAOYSA-N","HMDB0000808","","False","True",-1.06164217525507,0.208422462582084,"True",-0.865703183502842,0.128387264041446,"True",-1.06092041700703,0.34960205245308,"True",-0.865583707463283,0.25582425136099,"within_12m",TRUE,TRUE,FALSE
332,"propionylcarnitine (C3)","UFAHZIUFPNSHSL-UHFFFAOYSA-N","HMDB0000824","C03017","True","True",-0.205530497146093,0.732850524872379,"True",-0.191989027407595,0.586399162105076,"True",-0.206654571696167,0.751055975263327,"True",-0.192015910334412,0.507706918770645,"within_12m",TRUE,TRUE,FALSE
333,"pro-hydroxy-pro","ONPXCLZMBSJLSP-ALKRTJFJSA-N","HMDB0006695","","True","True",-0.174881830173615,0.756273191873482,"True",-0.161264586637606,0.741241845284189,"True",-0.173795625453459,0.803202422313388,"True",-0.161493404609484,0.729561787912736,"within_12m",TRUE,TRUE,FALSE
334,"3-hydroxy-2-ethylpropionate","ZMZQVAUJTDKQGE-UHFFFAOYSA-N","HMDB0000396","","True","True",-0.24621876438384,0.789225432902945,"True",-0.23339721943008,0.569798905092352,"True",-0.246227927610344,0.790040273439938,"True",-0.233499972408148,0.500525344008514,"within_12m",TRUE,TRUE,FALSE
335,"3-carboxy-4-methyl-5-propyl-2-furanpropanoate (CMPF)","WMCQWXZMVIETAO-UHFFFAOYSA-N","HMDB0061112","","True","True",0.268711300560156,0.891604198181907,"True",0.289912501008534,0.826940719358029,"True",0.25289868887906,0.911336625268797,"True",0.267718814344519,0.863621286070345,"within_12m",TRUE,TRUE,FALSE
336,"docosapentaenoate (n3 DPA; 22:5n3)","YUFFSWGQGVEMMI-JLNKQSITSA-N","HMDB0006528,HMDB0001976","C16513","True","True",0.225666081324085,0.775960669841593,"True",0.25412210366563,0.535670094318844,"True",0.227832862612552,0.856875202647641,"False",NA,NA,"within_12m",FALSE,FALSE,FALSE
337,"docosadienoate (22:2n6)","HVGRZDASOHMCSK-AVQMFFATSA-N","HMDB0061714","C16533","True","True",0.199283173388511,0.791667451977021,"True",0.217817176488363,0.571346737345792,"True",0.199462088653176,0.866233582388587,"False",NA,NA,"within_12m",FALSE,FALSE,FALSE
338,"adrenate (22:4n6)","TWSWSIQAPQLDBP-CGRWFSSPSA-N","HMDB0002226","C16527","True","True",0.104618189437661,0.932366462486156,"True",0.12976405589232,0.826589879892362,"True",0.106417549648027,0.928686185046154,"False",NA,NA,"within_12m",FALSE,FALSE,FALSE
339,"docosatrienoate (22:3n3)","WBBQTNCISCKUMU-IUQGRGSQSA-N","HMDB0002823","C16534","True","True",0.126503951703805,0.964121523549659,"True",0.131110408655225,0.924803169886568,"False",NA,NA,"False",NA,NA,"within_12m",FALSE,FALSE,FALSE
340,"10-undecenoate (11:1n1)","FRPZMMHWLSIFAZ-UHFFFAOYSA-N","HMDB0033724","C13910","True","True",0.466957917687038,0.571182946544255,"True",0.470850844651742,0.273801996873161,"True",0.463481491784894,0.47646102799304,"True",0.471526162249536,0.248299539123894,"within_12m",TRUE,TRUE,FALSE
341,"myristoleate (14:1n5)","YWWVWXASSLXJHU-WAYWQWQTSA-N","HMDB0002000","C08322","True","True",0.368484754023323,0.741423132497564,"True",0.388371827567395,0.587028312136414,"False",NA,NA,"False",NA,NA,"within_12m",FALSE,FALSE,FALSE
342,"1-methylhistamine","FHQDWPCFSJMNCT-UHFFFAOYSA-N","HMDB0000898","C05127","True","True",-0.123459768988226,0.92839539560438,"True",-0.10132896530086,0.904715388218868,"True",-0.12389103322985,0.928686185046154,"True",-0.100884250234961,0.898744770564968,"within_12m",TRUE,TRUE,FALSE
343,"4-imidazoleacetate","PRJKNHOMHKJCEJ-UHFFFAOYSA-N","HMDB0002024","C02835","True","True",0.234196200738669,0.859783253708033,"True",0.268138450937493,0.694719003326666,"False",NA,NA,"False",NA,NA,"within_12m",FALSE,FALSE,FALSE
344,"1-methyl-4-imidazoleacetate","ZHCKPJGJQOPTLB-UHFFFAOYSA-N","HMDB0002820","C05828","True","True",0.0739758425043651,0.932366462486156,"True",0.0897012750828369,0.871975246305973,"True",0.0791931015995567,0.926703467558554,"True",0.0918895492876491,0.840192357862207,"within_12m",TRUE,TRUE,FALSE
345,"sebacate (C10-DC)","CXMXRPHRNRROMY-UHFFFAOYSA-N","HMDB0000792","C08277","True","True",0.258070569008996,0.800013628420709,"True",0.292137341926213,0.629444532899273,"True",0.258274225452374,0.838422162559451,"False",NA,NA,"within_12m",FALSE,FALSE,FALSE
346,"guanidinosuccinate","VVHOUVWJCQOYGG-UHFFFAOYSA-N","HMDB0003157","C03139","False","True",-0.0464683933046587,0.986709548180007,"True",-0.115751761444755,0.938512049487863,"True",-0.0410632403363114,0.987178571736496,"True",-0.110972572563265,0.931582737459357,"within_12m",TRUE,TRUE,FALSE
347,"delta-tocopherol","GZIFEOYASATJEH-VHFRWLAGSA-N","HMDB0002902","C14151","False","True",0.451859002921392,0.598097678966885,"True",0.595633107172329,0.405512676159476,"False",NA,NA,"False",NA,NA,"within_12m",FALSE,FALSE,FALSE
348,"I-urobilinogen","OBHRVMZSZIDDEK-UHFFFAOYSA-N","HMDB0004157","C05789","False","True",-0.0227920638230355,0.991484057559814,"True",-0.0214735263191577,0.993937448531681,"True",-0.0564771691861905,0.987178571736496,"True",-0.0544637671856156,0.981880553635197,"within_12m",TRUE,TRUE,FALSE
349,"stearidonate (18:4n3)","JIWBIWFOSCKQMA-LTKCOYKYSA-N","HMDB0006547","C16300","True","True",0.431200107625852,0.611298408781366,"True",0.467668050518023,0.3531829244535,"False",NA,NA,"False",NA,NA,"within_12m",FALSE,FALSE,FALSE
350,"nervonate (24:1n9)*","GWHCXVQVJPWHRF-KTKRTIGZSA-N","HMDB0002368","C08323","False","True",0.481947119048066,0.800068514083477,"True",0.457549063498801,0.74233003894224,"True",0.487917715562458,0.856875202647641,"True",0.462950039412289,0.765677906969257,"within_12m",TRUE,TRUE,FALSE
351,"5-dodecenoate (12:1n7)","IJBFSOLHRKELLR-FPLPWBNLSA-N","HMDB0000529","","True","True",0.572029125071297,0.591551254936853,"True",0.590174397512113,0.368969724056585,"False",NA,NA,"False",NA,NA,"within_12m",FALSE,FALSE,FALSE
352,"octanoylcarnitine (C8)","CXTATJFJDMJMIY-UHFFFAOYSA-N","HMDB0000791","C02838","True","True",-0.056575051138943,0.971868885366391,"True",-0.0439487264434702,0.958721556914424,"True",-0.0588550191886137,0.965353120323321,"True",-0.0472829456965994,0.945929341200195,"within_12m",TRUE,TRUE,FALSE
353,"tauro-beta-muricholate","XSOLDPYUICCHJX-OEYGYFRSSA-N","HMDB0000932","","False","True",1.13428555302112,0.616054777048265,"True",1.1868366930588,0.529809896353254,"True",1.11730368964846,0.608896163822627,"True",1.17267018211171,0.507706918770645,"within_12m",TRUE,TRUE,FALSE
354,"decanoylcarnitine (C10)","LZOSYCMHQXPBFU-UHFFFAOYSA-N","HMDB0000651","","True","True",-0.00758303784922477,0.99247971124157,"True",0.00802052310435422,0.992047901298663,"True",-0.0067652282310998,0.99220761627218,"True",0.0069393796607197,0.988396903507625,"within_12m",FALSE,TRUE,FALSE
355,"N-acetylglutamine","KSMRODHGGIIXDV-YFKPBYRVSA-N","HMDB0006029","C02716","True","True",-0.0482037579814599,0.968216736762183,"True",-0.00372569579470728,0.995347794690103,"True",-0.0389975863942738,0.976415052864609,"True",0.0011419447360746,0.997322181971716,"within_12m",FALSE,TRUE,FALSE
356,"N-acetyltryptophan","DZTHIGRZJZPRDV-LBPRGKRZSA-N","HMDB0013713","C03137","True","True",0.479329587110063,0.489366645543462,"True",0.496361674978169,0.327642505455269,"True",0.479149908618907,0.386604643237678,"True",0.495104129500252,0.228567267846774,"within_12m",TRUE,TRUE,FALSE
357,"N-acetylphenylalanine","CBQJSKKFNMDLON-JTQLQIEISA-N","HMDB0000512","C03519","True","True",0.174776090297293,0.867408321511711,"True",0.183992492477697,0.682783343311165,"True",0.173684312555451,0.876979283382671,"True",0.184671383602667,0.686598667877768,"within_12m",TRUE,TRUE,FALSE
358,"N-acetylasparagine","HXFOXFJUNFFYMO-BYPYZUCNSA-N","HMDB0006028","","True","True",-0.400337318863761,0.607690715462152,"True",-0.376099355862976,0.447024387496891,"False",NA,NA,"False",NA,NA,"within_12m",FALSE,FALSE,FALSE
359,"gamma-glutamyl-epsilon-lysine","JPKNLFVGUZRHOB-YUMQZZPRSA-N","HMDB0003869","","True","True",-0.18416857983273,0.640227842768685,"True",-0.187446284645319,0.475062062347564,"False",NA,NA,"False",NA,NA,"within_12m",FALSE,FALSE,FALSE
360,"1-palmitoyl-GPC (16:0)","ASWBNKHCZGQVJV-UHFFFAOYSA-N","HMDB0010382","C04102","True","True",-0.410682776250077,0.208422462582084,"True",-0.396321035712604,0.00863362865715551,"True",-0.411152345836755,0.164762729386488,"True",-0.39529015937432,0.0500058137667134,"within_12m",TRUE,TRUE,FALSE
361,"N-acetylarginine","SNEIUMQYRCDYCH-LURJTMIESA-N","HMDB0004620","C02562","True","True",-0.181882075484008,0.823462119939798,"True",-0.170946922073071,0.649206823724323,"True",-0.182662556172599,0.839031844915632,"True",-0.171397650477913,0.664222049780685,"within_12m",TRUE,TRUE,FALSE
362,"piperine","MXXWOMGUGJBKIW-YPCIICBESA-N","HMDB0029377","C03882","True","True",-0.202987869478245,0.926412577528318,"True",-0.188380960387679,0.884903157331247,"True",-0.203307352909855,0.912193809697608,"True",-0.188404316103291,0.866949286212259,"within_12m",TRUE,TRUE,FALSE
363,"campesterol","SGNBVLSWZMBQTH-PODYLUTMSA-N","HMDB0002869","C01789","True","True",0.836348182671686,0.542979223467223,"True",0.87112385941538,0.342416488455456,"True",0.849196176292461,0.47646102799304,"True",0.885494309201602,0.335307085143404,"within_12m",TRUE,TRUE,FALSE
364,"myristoylcarnitine (C14)","PSHXNVGSVNEJBD-UHFFFAOYSA-N","HMDB0005066","","True","True",-0.00276120062251091,0.995479615498565,"True",0.0112579233636333,0.986135052914481,"True",-0.0025929249638822,0.995754784439462,"True",0.0073327140875165,0.983597097250046,"within_12m",FALSE,TRUE,FALSE
365,"1-stearoyl-GPC (18:0)","IHNKQIMGVNPMTC-RUZDIDTESA-N","HMDB0010384","","True","True",-0.417358827782315,0.275179869748118,"True",-0.400342895024069,0.0174085119664737,"True",-0.417776742388073,0.210963391027376,"True",-0.40040386988322,0.0724864344488691,"within_12m",TRUE,TRUE,FALSE
366,"1-oleoyl-GPC (18:1)","YAMUFBLWGFFICM-PTGWMXDISA-N","HMDB0002815","C03916","True","True",-0.376332740171255,0.232990370237545,"True",-0.361912261399352,0.00671090568751851,"True",-0.376007502399765,0.18810484008132,"True",-0.362361964276664,0.0500058137667134,"within_12m",TRUE,TRUE,FALSE
367,"N-acetylthreonine","PEDXUVCGOLSNLQ-UHFFFAOYSA-N","HMDB0062557","","True","True",0.21120495719547,0.756273191873482,"True",0.219815208278683,0.567399985004261,"True",0.210138966383427,0.76029627137805,"True",0.220991510991435,0.451749008787385,"within_12m",TRUE,TRUE,FALSE
368,"phenylacetylglycine","UTYVDVLMYQPLQB-UHFFFAOYSA-N","HMDB0000821","C05598","False","True",0.102907162703368,0.969971429194474,"True",0.0574983875393146,0.980188501176237,"False",NA,NA,"False",NA,NA,"within_12m",FALSE,FALSE,FALSE
369,"N-acetylisoleucine","JDTWZSUNGHMMJM-MSZQBOFLSA-N","HMDB0061684","","True","True",-0.263091552336413,0.763321150994979,"True",-0.20908233348914,0.645706134494875,"True",-0.260417918707347,0.790040273439938,"True",-0.199246082407968,0.676177321366061,"within_12m",TRUE,TRUE,FALSE
370,"10-nonadecenoate (19:1n9)","BBOWBNGUEWHNQZ-KTKRTIGZSA-N","HMDB0013622","","True","True",0.133566576631478,0.901290290792279,"True",0.152312535335276,0.768669656360632,"False",NA,NA,"False",NA,NA,"within_12m",FALSE,FALSE,FALSE
371,"10-heptadecenoate (17:1n7)","GDTXICBNEOEPAZ-FPLPWBNLSA-N","HMDB0060038","","True","True",0.185955328254886,0.872545697206833,"True",0.211847853328243,0.713108124919491,"False",NA,NA,"False",NA,NA,"within_12m",FALSE,FALSE,FALSE
372,"hyocholate","DKPMWHFRUGMUKF-OAEKOJLISA-N","HMDB0000760","C17649","True","True",0.507830549851585,0.634447318904849,"True",0.515288133700899,0.496310577754375,"True",0.503522252633528,0.62722310644428,"True",0.513231076644754,0.48040451506793,"within_12m",TRUE,TRUE,FALSE
373,"epiandrosterone sulfate","ZMITXKRGXGRMKS-FMLJXKFRSA-N","HMDB0062657","C04555","True","True",-0.883389577163581,0.232990370237545,"True",-0.85916634586999,0.131348661909342,"True",-0.867280419140008,0.441084799548638,"True",-0.851595225164152,0.333090036027163,"within_12m",TRUE,TRUE,FALSE
374,"N-acetylhistidine","KBOJOGQFRVVWBH-ZETCQYMHSA-N","HMDB0032055","C02997","True","True",0.275661418750815,0.728928173456934,"True",0.284559822538391,0.586399162105076,"True",0.274833273153413,0.761103906349195,"True",0.285237984687021,0.564648183516135,"within_12m",TRUE,TRUE,FALSE
375,"gamma-glutamylglycine","ACIJGUBIMXQCMF-BYPYZUCNSA-N","HMDB0011667","","True","True",0.048729553610588,0.938619853894336,"True",0.0666217746950717,0.804113985560531,"True",0.0481752174619081,0.932464131179157,"True",0.0669884110191058,0.830309028999247,"within_12m",TRUE,TRUE,FALSE
376,"gamma-glutamyltryptophan","CATMPQFFVNKDEY-AAEUAGOBSA-N","HMDB0029160","","True","True",0.545304913923127,0.208422462582084,"True",0.555726410743142,0.0497354722312172,"True",0.538552902253051,0.23087659236693,"True",0.556759034361014,0.0789391455482909,"within_12m",TRUE,TRUE,FALSE
377,"stachydrine","CMUNUTVVOOHQPW-LURJTMIESA-N","HMDB0004827","C10172","True","True",0.132891311758037,0.951971292052074,"True",0.151195728009741,0.924803169886568,"False",NA,NA,"False",NA,NA,"within_12m",FALSE,FALSE,FALSE
378,"alpha-hydroxyisovalerate","NGEWQZIDQIYUNV-UHFFFAOYSA-N","HMDB0000407","","True","True",-0.016673067896907,0.986709548180007,"True",-0.00499624632275132,0.994726391355845,"True",-0.0165956025988667,0.987178571736496,"True",-0.00256861196398,0.99404961517285,"within_12m",TRUE,TRUE,FALSE
379,"hydroxybupropion","RCOBKSKAZMVBHT-NCWAPJAISA-N","HMDB0012235","","False","True",0.105032010433625,0.969971429194474,"True",0.101051702135579,0.95660552131551,"True",0.201194434807964,0.90445232843401,"True",0.18868159396061,0.869327645417334,"within_12m",TRUE,TRUE,FALSE
380,"nicotinamide riboside","BUCXGWMZJBKEMD-UHFFFAOYSA-N","HMDB0000855","C03150","False","True",0.130041821005139,0.929430981826353,"True",0.112474683216971,0.904715388218868,"True",0.131393155385134,0.928686185046154,"False",NA,NA,"within_12m",FALSE,FALSE,FALSE
381,"gamma-glutamylmethionine","RQNSKRXMANOPQY-BQBZGAKWSA-N","HMDB0029155","","True","True",0.240515724794042,0.616054777048265,"True",0.256357576355047,0.447024387496891,"True",0.244423916382855,0.583448675605382,"True",0.257865430280195,0.393228143807894,"within_12m",TRUE,TRUE,FALSE
382,"gamma-glutamylthreonine","GWNXFCYUJXASDX-JUZNGCLZSA-N","HMDB0029159","","True","True",-0.211604652003337,0.634447318904849,"True",-0.19983385830785,0.531154018748911,"True",-0.212773386580012,0.678339126444402,"True",-0.197687921400652,0.548141786976397,"within_12m",TRUE,TRUE,FALSE
383,"p-cresol sulfate","WGNAKZGUSRVWRH-UHFFFAOYSA-N","HMDB0011635","","True","True",-0.951630408080942,0.634447318904849,"True",-0.937989820041319,0.552578286891726,"True",-0.961557848879102,0.552009680383734,"True",-0.946132182250988,0.454374824301241,"within_12m",TRUE,TRUE,FALSE
384,"pioglitazone","HYAFETHFCAUJAY-UHFFFAOYSA-N","HMDB0015264","D08378,C07675,
DG00117","False","True",-0.00938626039738252,0.616054777048265,"True",-0.0102330581327521,0.531154018748911,"True",-0.0130474955936365,0.904783596045417,"True",-0.0146761109345221,0.866949286212259,"within_12m",TRUE,TRUE,FALSE
385,"erythronate*","JPIJQSOTBSSVTP-PWNYCUMCSA-N","HMDB0000613","","True","True",-0.0133027109188797,0.986709548180007,"True",-0.000257145952475977,0.998682742274077,"True",-0.0127904793449041,0.987178571736496,"True",0.0021625421142172,0.993031634015178,"within_12m",FALSE,TRUE,FALSE
386,"fibrinopeptide A*","JWICNZAGYSIBAR-UHFFFAOYSA-N","","","False","True",0.0478717052222886,0.98373801409131,"True",-0.0907289112023004,0.943887141430153,"True",0.0451959403366597,0.987178571736496,"True",-0.0887202088858502,0.939833251508354,"within_12m",FALSE,TRUE,FALSE
387,"fibrinopeptide A, des-ala(1)*","JAMFMQAPZKXSKC-UHFFFAOYSA-N","","","True","True",-0.194242516380126,0.856357264387178,"True",-0.18103497829605,0.772226576436768,"True",-0.199059038173162,0.876979283382671,"True",-0.182696653375227,0.80940900597938,"within_12m",TRUE,TRUE,FALSE
388,"fibrinopeptide A, phosphono-ser(3)*","DROFZMGQYLJNLQ-UHFFFAOYSA-N","","","True","True",-1.17576135320454,0.298715592902716,"True",-1.09667925067907,0.205406734683377,"True",-1.17890268428285,0.25095175886595,"True",-1.09766986226593,0.163483912853288,"within_12m",TRUE,TRUE,FALSE
389,"HWESASXX*","KUZSCKDYVGVVKC-PLNQFBRDSA-N","","","False","True",0.483336448527384,0.640227842768685,"True",0.476003231545049,0.587028312136414,"True",0.48198957304636,0.573647357784482,"True",0.471158111247329,0.497233528893343,"within_12m",TRUE,TRUE,FALSE
390,"salicyluric glucuronide*","OEPADIDIUZTYOX-UHFFFAOYSA-N","HMDB0240252","","False","True",1.07181787408133,0.616054777048265,"True",1.07713072565625,0.522416290841068,"False",NA,NA,"False",NA,NA,"within_12m",FALSE,FALSE,FALSE
391,"N-acetylproline","GNMSLDIYJOSUSW-UHFFFAOYSA-N","HMDB0094701","","True","True",-0.375889638522507,0.616054777048265,"True",-0.396997105723718,0.417548160031056,"False",NA,NA,"False",NA,NA,"within_12m",FALSE,FALSE,FALSE
392,"eicosenoate (20:1)","BITHHVVYSMSWAG-KTKRTIGZSA-N","HMDB0002231,HMDB0062436","C16526","True","True",0.22523613384176,0.789423051590922,"True",0.246678865330476,0.58856290241662,"True",0.225664011591979,0.866233582388587,"False",NA,NA,"within_12m",FALSE,FALSE,FALSE
393,"linolenate [alpha or gamma; (18:3n3 or 6)]","DTOSIQBPPRVQHS-PDBXOOCHSA-N","HMDB0003073,HMDB0001388","C06426,C06427","True","True",0.265814542745743,0.772445126534819,"True",0.296139959537635,0.593982455343516,"False",NA,NA,"False",NA,NA,"within_12m",FALSE,FALSE,FALSE
394,"aconitate [cis or trans]","","HMDB0000958,HMDB000072","C004174,C02341","True","True",0.196238441161362,0.756273191873482,"True",0.208521531511939,0.374493356347267,"True",0.195818737709498,0.760567523028494,"True",0.208452890040772,0.364172844669901,"within_12m",TRUE,TRUE,FALSE
395,"metoprolol acid metabolite*","PUQIRTNPJRFRCZ-UHFFFAOYSA-N","","","False","True",0.0353772934103313,0.973659698358058,"True",0.0403631712629048,0.961738709767977,"True",0.0435218779494168,0.965353120323321,"True",0.0520168358201109,0.931582737459357,"within_12m",TRUE,TRUE,FALSE
396,"heme","GGIDWJQWCUJYRY-UHFFFAOYSA-K","HMDB0003178","C00032","True","True",-0.749688251232831,0.449802297318704,"True",-0.718554174369157,0.36249017963071,"False",NA,NA,"False",NA,NA,"within_12m",FALSE,FALSE,FALSE
397,"stearoylcarnitine (C18)","FNPHNLNTJNMAEE-HSZRJFAPSA-N","HMDB0000848","","True","True",-0.231315046835016,0.7867387212119,"True",-0.219768488104891,0.567982971700648,"True",-0.231471748578094,0.75303928946506,"True",-0.219929366992309,0.455661272332255,"within_12m",TRUE,TRUE,FALSE
398,"laurylcarnitine (C12)","FUJLYHJROOYKRA-UHFFFAOYSA-N","HMDB000225","","True","True",0.126149406281208,0.929043543887905,"True",0.137308579688534,0.826940719358029,"True",0.125748169812094,0.928686185046154,"True",0.135559090362738,0.830309028999247,"within_12m",TRUE,TRUE,FALSE
399,"isovalerylcarnitine (C5)","IGQBPDJNUXPEMT-UHFFFAOYSA-N","HMDB0000688","C20826","True","True",-0.149863940059845,0.875213985350301,"True",-0.136949002194706,0.798432880868688,"True",-0.153189834104055,0.876979283382671,"True",-0.138561777487834,0.804801812562709,"within_12m",TRUE,TRUE,FALSE
400,"1-linoleoyl-GPC (18:2)","SPJFYYJXNPEZDW-UTJQPWESSA-N","HMDB0010386","C04100","True","True",-0.367177447529556,0.248657819707594,"True",-0.350991943203115,0.10430211306487,"True",-0.366902891652281,0.244818203838833,"True",-0.350766797955286,0.146376228419289,"within_12m",TRUE,TRUE,FALSE
401,"7-methylxanthine","PFWLFWPASULGAN-UHFFFAOYSA-N","HMDB0001991","C16353","True","True",-0.603655090376936,0.598097678966885,"True",-0.538960994469134,0.531154018748911,"True",-0.604070858131589,0.589376822950471,"True",-0.539106546409362,0.551176123672574,"within_12m",TRUE,TRUE,FALSE
402,"1,3,7-trimethylurate","BYXCFUMGEBZDDI-UHFFFAOYSA-N","HMDB0002123","C16361","True","True",-0.120060382405941,0.932366462486156,"True",-0.0712709807190482,0.943887141430153,"True",-0.119461763106797,0.944162983398225,"True",-0.0708253273535605,0.952890689210156,"within_12m",TRUE,TRUE,FALSE
403,"3,7-dimethylurate","HMLZLHKHNBLLJD-UHFFFAOYSA-N","HMDB0001982","C16360","False","True",-0.687609447282513,0.616054777048265,"True",-0.585008321014428,0.590974558955236,"False",NA,NA,"False",NA,NA,"within_12m",FALSE,FALSE,FALSE
404,"1,7-dimethylurate","NOFNCLGCUJJPKU-UHFFFAOYSA-N","HMDB0011103","C16356","True","True",0.0897203581695219,0.938619853894336,"True",0.096713039798928,0.902174999616495,"True",0.0924517461524021,0.964131514396919,"True",0.0985838281756943,0.926532805977279,"within_12m",TRUE,TRUE,FALSE
405,"1-methylurate","QFDRTQONISXGJA-UHFFFAOYSA-N","HMDB0003099","C16359","False","True",-0.451431219915213,0.728928173456934,"True",-0.4292892644181,0.649206823724323,"True",-0.451524385053021,0.747529151870383,"True",-0.429962583405244,0.656646977816507,"within_12m",TRUE,TRUE,FALSE
406,"5-acetylamino-6-formylamino-3-methyluracil","RDZNZFGKEVDNPK-UHFFFAOYSA-N","HMDB0011105","C16365","True","True",-0.548693927371615,0.598097678966885,"True",-0.514538924191423,0.586399162105076,"True",-0.55175545663076,0.608896163822627,"True",-0.52071119487077,0.605612930370215,"within_12m",TRUE,TRUE,FALSE
407,"5-acetylamino-6-amino-3-methyluracil","POQOTWQIYYNXAT-UHFFFAOYSA-N","HMDB0004400","C16366","True","True",-0.198328035624006,0.880354456478155,"True",-0.171954927023539,0.884903157331247,"True",-0.206915148220381,0.901178842246625,"True",-0.182200968225034,0.873454342509889,"within_12m",TRUE,TRUE,FALSE
408,"indolebutyrate","JTEDVYBZBROSJT-UHFFFAOYSA-N","HMDB0002096","C11284","True","True",0.10263597608908,0.964777618568143,"True",0.081341173744806,0.956661944377668,"True",0.101599307266384,0.957937392880455,"True",0.0826425969221661,0.945929341200195,"within_12m",TRUE,TRUE,FALSE
409,"1-methylxanthine","MVOYJPOZRLFTCP-UHFFFAOYSA-N","HMDB0010738","C16358","False","True",0.316154287644717,0.929043543887905,"True",0.341321578973747,0.888867309429428,"True",0.315991356421187,0.928686185046154,"True",0.34306033971529,0.877966297957988,"within_12m",TRUE,TRUE,FALSE
410,"N1-methylinosine","WJNGQIYEQLPJMN-UHFFFAOYSA-N","HMDB0002721","","True","True",-0.351706889870799,0.616054777048265,"True",-0.313744408691706,0.405140725271532,"True",-0.347173074886112,0.527531640372649,"True",-0.308947475132621,0.348943118065099,"within_12m",TRUE,TRUE,FALSE
411,"N2,N2-dimethylguanosine","RSPURTUNRHNVGF-IOSLPCCCSA-N","HMDB0004824","","True","True",-0.284029933540219,0.607690715462152,"True",-0.268769104604065,0.3531829244535,"True",-0.280503509588897,0.547793129325831,"True",-0.268347045577322,0.351934777853035,"within_12m",TRUE,TRUE,FALSE
412,"N4-acetylcytidine","NIDVTARKFBZMOT-PEBGCTIMSA-N","HMDB0005923","","True","True",-0.107874859354534,0.933003438766831,"True",-0.100482435761722,0.862973767570903,"True",-0.107214580492328,0.928686185046154,"True",-0.0984452968034906,0.873454342509889,"within_12m",TRUE,TRUE,FALSE
413,"N6-carbamoylthreonyladenosine","UNUYMBPXEFMLNW-HZPYULPISA-N","HMDB0041623","","True","True",0.199413821214162,0.802381834580397,"True",0.206778782781745,0.649206823724323,"True",0.199513797874674,0.81425771755904,"True",0.211109572037117,0.596334700215226,"within_12m",TRUE,TRUE,FALSE
414,"orotidine","FKCRAVPPBFWEJD-XVFCMESISA-N","HMDB0000788","","True","True",0.238048932682226,0.838749039170052,"True",0.26009817844742,0.791304483595399,"True",0.230977873512644,0.864391486485557,"True",0.255898949701576,0.765216001972164,"within_12m",TRUE,TRUE,FALSE
415,"phenylacetylglutamine","JFLIEFSWGNOPJJ-JTQLQIEISA-N","HMDB0006344","C04148","True","True",-0.0780177568995326,0.969729100653167,"True",-0.066844414908279,0.951864165647985,"True",-0.0788930766569483,0.965353120323321,"True",-0.0665683887476937,0.940600674089049,"within_12m",TRUE,TRUE,FALSE
416,"4-hydroxyhippurate","ZMHLUFWWWPBTIU-UHFFFAOYSA-N","HMDB0013678","","True","True",-0.17181554520007,0.903076317953238,"True",-0.159699151307125,0.859539573730948,"True",-0.167951833381144,0.90445232843401,"True",-0.155076929799897,0.860720784538333,"within_12m",TRUE,TRUE,FALSE
417,"5,6-dihydrouridine","ZPTBLXKRQACLCR-XVFCMESISA-N","HMDB0000497","","True","True",0.132769877461816,0.89062029400032,"True",0.141125303479128,0.726632702496158,"True",0.132511546333306,0.898325050608298,"True",0.143080919053055,0.751819554839438,"within_12m",TRUE,TRUE,FALSE
418,"3-(3-amino-3-carboxypropyl)uridine*","YXNIEZJFCGTDKV-UHFFFAOYSA-N","","","True","True",0.0821010885052917,0.933003438766831,"True",0.08881750624259,0.873690246059571,"True",0.0798800693705678,0.928686185046154,"True",0.0905895150195157,0.851921874566675,"within_12m",TRUE,TRUE,FALSE
419,"1-pentadecanoylglycerol (15:0)","QSKPZDMBULYMDQ-UHFFFAOYSA-N","","","False","True",-0.353555740597863,0.783882864962508,"True",-0.309972240368989,0.702576717420341,"False",NA,NA,"False",NA,NA,"within_12m",FALSE,FALSE,FALSE
420,"1-arachidonylglycerol (20:4)","DCPCOKIYJYGMDN-DOFZRALJSA-N","HMDB11578","C13857","True","True",-0.56900844357134,0.542979223467223,"True",-0.546335720330496,0.294664710234562,"True",-0.571323043188276,0.471014273897511,"True",-0.551096771956275,0.289591863187917,"within_12m",TRUE,TRUE,FALSE
421,"1-linolenoylglycerol (18:3)","XQBHBEXBUZDCRY-QNEBEIHSSA-N","HMDB0011569","","True","True",-0.396335028288972,0.809843246933974,"True",-0.328358633349327,0.753549015981599,"False",NA,NA,"False",NA,NA,"within_12m",FALSE,FALSE,FALSE
422,"cysteine-glutathione disulfide","BNRXZEPOHPEEAS-UHFFFAOYSA-N","HMDB0000656","R00900","True","True",-0.823915411124347,0.572865461036842,"True",-0.865475210206672,0.447024387496891,"True",-0.82404296789607,0.47646102799304,"True",-0.866062483229356,0.390068252620306,"within_12m",TRUE,TRUE,FALSE
423,"1-palmitoyl-GPA (16:0)","YNDYKPRNFWPPFU-GOSISDBHSA-N","HMDB00327","C04036","True","True",0.0969060428997806,0.929430981826353,"True",0.116194959407943,0.875859973159426,"False",NA,NA,"False",NA,NA,"within_12m",FALSE,FALSE,FALSE
424,"5-methyluridine (ribothymidine)","DWRXFEITVBNRMK-JXOAFFINSA-N","HMDB0000884","","True","True",0.0727972093277688,0.925975861729946,"True",0.0807474033431071,0.753549015981599,"True",0.0707382224790316,0.928686185046154,"True",0.0815936049935228,0.830309028999247,"within_12m",TRUE,TRUE,FALSE
425,"isovalerylglycine","ZRQXMKMBBMNNQC-UHFFFAOYSA-N","HMDB00678","","False","True",-0.224696046083163,0.925975861729946,"True",-0.227176527053865,0.849079415378855,"False",NA,NA,"False",NA,NA,"within_12m",FALSE,FALSE,FALSE
426,"3-hydroxydodecanedioate*","FYVQCLGZFXHEGL-UHFFFAOYSA-N","HMDB0000413","","True","True",0.613866758479972,0.623145620114306,"True",0.630931779126179,0.544984009887734,"False",NA,NA,"False",NA,NA,"within_12m",FALSE,FALSE,FALSE
427,"7-methylguanine","FZWGECJQACGGTI-UHFFFAOYSA-N","HMDB0000897","C02242","True","True",-0.0731255797164558,0.825968787180514,"True",-0.0557439425543978,0.870295847577229,"True",-0.0710204664721097,0.888988368079434,"True",-0.0568179569640544,0.866949286212259,"within_12m",TRUE,TRUE,FALSE
428,"1-stearoyl-GPE (18:0)","BBYWOYAFBUOUFP-JOCHJYFZSA-N","HMDB0011130","","True","True",-0.346251238133795,0.248657819707594,"True",-0.330316980276692,0.014261766191805,"True",-0.346259365209649,0.25095175886595,"True",-0.330287307096244,0.121700192172057,"within_12m",TRUE,TRUE,FALSE
429,"1-stearoyl-GPG (18:0)","HFJVKBVEKQHVTO-OZAIVSQSSA-N","","","True","True",-0.245450257917594,0.856357264387178,"True",-0.207770021072749,0.762981433407521,"True",-0.248396617894303,0.838422162559451,"True",-0.209684584938137,0.71918741703878,"within_12m",TRUE,TRUE,FALSE
430,"3-methylcytidine","RDPUKVRQKWBSPK-ZOQUXTDFSA-N","HMDB0240577","","True","True",-0.362835590969634,0.616054777048265,"True",-0.280711025406948,0.576711332047548,"True",-0.363242165388931,0.579658046439487,"True",-0.280136064941917,0.616609878926857,"within_12m",TRUE,TRUE,FALSE
431,"N2-methylguanosine","SLEHROROQDYRAW-KQYNXXCUSA-N","HMDB0005862","","True","True",0.122428507234143,0.922237887203934,"True",0.130437921320299,0.875859973159426,"False",NA,NA,"False",NA,NA,"within_12m",FALSE,FALSE,FALSE
432,"N1-methyl-2-pyridone-5-carboxamide","JLQSXXWTCJPCBC-UHFFFAOYSA-N","HMDB0004193","C05842","True","True",-0.055464146558824,0.969111082335046,"True",-0.0355268639188012,0.952768583586684,"True",-0.055861818184525,0.965353120323321,"True",-0.038043863514473,0.951632151191597,"within_12m",TRUE,TRUE,FALSE
433,"mead acid (20:3n9)","UNSRRHDPHVZAHH-YOILPLPUSA-N","HMDB0010378","","False","True",0.690560521151354,0.680421306927441,"True",0.642797238092208,0.605507965210776,"False",NA,NA,"True",0.637311682944132,0.59259411010472,"within_12m",FALSE,FALSE,FALSE
434,"1-docosahexaenoylglycerol (22:6)","JWPHORDRFVRZPP-KUBAVDMBSA-N","HMDB0011587","","False","True",-0.64569558178938,0.591551254936853,"True",-0.791904144610599,0.341217263406816,"True",-0.648255874730779,0.573488791681007,"True",-0.797573349071101,0.364172844669901,"within_12m",TRUE,TRUE,FALSE
435,"gamma-glutamylisoleucine*","SNCKGJWJABDZHI-SIPWABPFSA-N","HMDB0011170","","True","True",-0.31493343760359,0.60480355386267,"True",-0.300070180041642,0.42425480041998,"True",-0.315050624078277,0.513454955272446,"True",-0.300806010424749,0.351085088181267,"within_12m",TRUE,TRUE,FALSE
436,"oleoylcarnitine (C18:1)","IPOLTUVFXFHAHI-WHIOSMTNSA-N","HMDB0005065","","True","True",-0.123033758329369,0.89858947917064,"True",-0.118494098806366,0.762981433407521,"True",-0.121435999503152,0.898325050608298,"True",-0.114355693316963,0.751819554839438,"within_12m",TRUE,TRUE,FALSE
437,"gamma-glutamyl-2-aminobutyrate","FUZOZPRKGAXGOB-UHFFFAOYSA-N","","","True","True",-0.16549684220332,0.89062029400032,"True",-0.156509899441251,0.875328922195503,"False",NA,NA,"True",-0.156492404017208,0.860383713405505,"within_12m",FALSE,FALSE,FALSE
438,"2-methylbutyrylcarnitine (C5)","IHCPDBBYTYJYIL-UHFFFAOYSA-N","HMDB0000378","","True","True",-0.373186159348083,0.644112288307679,"True",-0.296079323135213,0.535670094318844,"False",NA,NA,"False",NA,NA,"within_12m",FALSE,FALSE,FALSE
439,"phenol sulfate","CTYRPMDGLDAWRQ-UHFFFAOYSA-N","HMDB0060015","C02180","True","True",-0.75784399046795,0.571757019811818,"True",-0.746675605867286,0.405512676159476,"True",-0.758734925772996,0.451572585548209,"False",NA,NA,"within_12m",FALSE,FALSE,FALSE
440,"1-palmitoleoyl-GPC (16:1)*","LFUDDCMNKWEORN-KHPPLWFESA-N","HMDB0010383","","True","True",-0.561695934748217,0.0961226461829578,"True",-0.547867501103751,0.00753498006238207,"True",-0.562155465846843,0.138009215301796,"True",-0.54842944143729,0.0365508199269164,"within_12m",TRUE,TRUE,TRUE
441,"nifedipine","HYIMSNHJOBLJNT-UHFFFAOYSA-N","","C07266,D00437","False","True",-0.00414961226405868,0.728928173456934,"True",-0.00414961226405912,0.649206823724323,"True",-0.0060516389486539,0.888606927638337,"True",-0.0060798179578402,0.830309028999247,"within_12m",TRUE,TRUE,FALSE
442,"malonylcarnitine","ZGNBLKBZJBJFDG-UHFFFAOYSA-N","HMDB0002095","","False","True",-0.901746233491093,0.268084269233694,"True",-1.01362240962572,0.157343455363254,"True",-0.902022132905033,0.25095175886595,"False",NA,NA,"within_12m",FALSE,FALSE,FALSE
443,"hexanoylglycine","UPCKIPHSXMXJOX-UHFFFAOYSA-N","HMDB0000701","","False","True",-0.774055394336072,0.41911774405802,"True",-0.640262312045181,0.273801996873161,"True",-0.774211920809934,0.471014273897511,"True",-0.640381814005626,0.349576519889904,"within_12m",TRUE,TRUE,FALSE
444,"lidocaine","NNJVILVZKWQKPM-UHFFFAOYSA-N","HMDB0014426","D00358","False","True",1.08524089679787,0.459455290469122,"True",1.17250616785592,0.324121366133394,"False",NA,NA,"False",NA,NA,"within_12m",FALSE,FALSE,FALSE
445,"N-ethylglycinexylidide","WRMRXPASUROZGT-UHFFFAOYSA-N","HMDB0060656","C16561","False","True",1.07168324401198,0.402087977862112,"True",1.17935623702673,0.273801996873161,"False",NA,NA,"False",NA,NA,"within_12m",FALSE,FALSE,FALSE
446,"glutamine_degradant*","NPWMTBZSRRLQNJ-UHFFFAOYSA-N","","","True","True",0.100302601301015,0.866178457362695,"True",0.116178625813489,0.814891714659237,"True",0.104064353665577,0.905736307167968,"True",0.117526177313288,0.846553603521212,"within_12m",TRUE,TRUE,FALSE
447,"2-hydroxy-3-methylvalerate","RILPIWOPNGRASR-UHFFFAOYSA-N","HMDB0000317","","True","True",0.240338092017332,0.791667451977021,"True",0.255783014245523,0.656049532465198,"True",0.240691427066272,0.866233582388587,"True",0.258423536855095,0.729561787912736,"within_12m",TRUE,TRUE,FALSE
448,"testosterone sulfate","WAQBISPOEAOCOG-DYKIIFRCSA-N","HMDB0002833","","False","True",1.10635865004178,0.266775436384933,"True",1.23165035341413,0.183867741474161,"True",1.12642095594348,0.18810484008132,"True",1.25003194715489,0.0724864344488691,"within_12m",TRUE,TRUE,FALSE
449,"homostachydrine*","XULZWQRXYTVUTE-ZETCQYMHSA-N","HMDB0033433","C08283","True","True",0.277319682429316,0.703762454494638,"True",0.29444911550663,0.587028312136414,"True",0.278527986915028,0.64538652632675,"True",0.293491897714201,0.48040451506793,"within_12m",TRUE,TRUE,FALSE
450,"1-arachidonoyl-GPC (20:4n6)*","LAXQYRRMGGEGOH-JXRLJXCWSA-N","HMDB0010395","C05208","True","True",-0.547386381696062,0.266775436384933,"True",-0.532650650406321,0.159028505111575,"True",-0.546626699304867,0.18810484008132,"True",-0.532783315988211,0.132499507800644,"within_12m",TRUE,TRUE,FALSE
451,"2-palmitoleoyl-GPC (16:1)*","GKXPPJQBVCKAGD-DJYGDJEFSA-N","HMDB10383","","True","True",-0.428711132880882,0.459455290469122,"True",-0.411916765887097,0.229578020797881,"True",-0.428750982922693,0.471014273897511,"True",-0.410879578288468,0.281710149822738,"within_12m",TRUE,TRUE,FALSE
452,"2-palmitoyl-GPC (16:0)*","NEGQHKSYEYVFTD-HSZRJFAPSA-N","HMDB0061702","","True","True",-0.384638512219631,0.459455290469122,"True",-0.365040421637795,0.194657931636546,"True",-0.384532449289657,0.438539717896713,"True",-0.36532715735582,0.214809290668802,"within_12m",TRUE,TRUE,FALSE
453,"1-palmitoyl-GPE (16:0)","YVYMBNSKXOXSKW-HXUWFJFHSA-N","HMDB0011503","","True","True",-0.380417547428679,0.208422462582084,"True",-0.366511413389856,0.0497354722312172,"True",-0.382523008425748,0.210963391027376,"True",-0.365880604977113,0.132499507800644,"within_12m",TRUE,TRUE,FALSE
454,"1-oleoyl-GPE (18:1)","PYVRVRFVLRNJLY-MZMPXXGTSA-N","HMDB0011506","","True","True",-0.186948184016089,0.649383890789257,"True",-0.165002188459879,0.590997708472935,"False",NA,NA,"False",NA,NA,"within_12m",FALSE,FALSE,FALSE
455,"1-linoleoyl-GPE (18:2)*","DBHKHNGBVGWQJE-HZJYTTRNSA-N","HMDB0011507","","True","True",-0.307321640735758,0.396696999394945,"True",-0.285323654441594,0.343860038164163,"False",NA,NA,"False",NA,NA,"within_12m",FALSE,FALSE,FALSE
456,"1-arachidonoyl-GPE (20:4n6)*","ROPRRXYVXLDXQO-XSQXPFHXSA-N","HMDB0011517","","True","True",-0.309139760592933,0.458549691446721,"True",-0.294134219275143,0.294664710234562,"True",-0.309106100601612,0.438539717896713,"True",-0.294203201796476,0.335307085143404,"within_12m",TRUE,TRUE,FALSE
457,"N-acetylcitrulline","WMQMIOYQXNRROC-LURJTMIESA-N","HMDB0000856","C15532,C02851","True","True",-0.0415817086351015,0.986709548180007,"True",-0.00235210820736941,0.997114562025633,"True",-0.0395784257783842,0.987178571736496,"True",0.0011326693161495,0.997648810421079,"within_12m",FALSE,TRUE,FALSE
458,"2-hydroxypalmitate","JGHSBPIZNUXPLA-UHFFFAOYSA-N","HMDB0031057","","True","True",0.134138397320171,0.880880773542656,"True",0.144936493469153,0.65011093290066,"True",0.131732634751552,0.90445232843401,"True",0.143759349551674,0.763324332812801,"within_12m",TRUE,TRUE,FALSE
459,"docosapentaenoate (n6 DPA; 22:5n6)","AVKOENOBFIYBSA-WMPRHZDHSA-N","HMDB0001976","C16513","True","True",0.176853167665101,0.865585941924816,"True",0.206180870418174,0.712518378201361,"True",0.17525179228305,0.894359366537194,"True",0.206243603494798,0.764142665524708,"within_12m",TRUE,TRUE,FALSE
460,"gulonate*","RGHNJXZEOKUKBD-NRXMZTRTSA-N","HMDB0003290","C00800","True","True",-0.0641294480148928,0.968353798591851,"True",-0.0155601257338337,0.986284418563688,"True",-0.0607183466526148,0.951520137209749,"True",-0.0128568999252893,0.983175016860835,"within_12m",TRUE,TRUE,FALSE
461,"pivaloylcarnitine (C5)","YICAQFPUDACYGQ-UHFFFAOYSA-N","HMDB0041993","","False","True",-0.0205317930952719,0.92839539560438,"True",-0.012226854115833,0.951864165647985,"False",NA,NA,"False",NA,NA,"within_12m",FALSE,FALSE,FALSE
462,"isobutyrylglycine","DCICDMMXFIELDF-UHFFFAOYSA-N","HMDB0000730","","False","True",-0.566604068127078,0.649383890789257,"True",-0.532486189412434,0.538738236163569,"False",NA,NA,"False",NA,NA,"within_12m",FALSE,FALSE,FALSE
463,"glutarylcarnitine (C5-DC)","NXJAXUYOQLTISD-UHFFFAOYSA-N","HMDB0013130","","True","True",0.132417128582649,0.880354456478155,"True",0.142770817940706,0.70329750811673,"True",0.122015180987649,0.894359366537194,"True",0.133152208520259,0.780402283243029,"within_12m",TRUE,TRUE,FALSE
464,"beta-hydroxyisovaleroylcarnitine","IGLHHSKNBDXCEY-UHFFFAOYSA-N","","","True","True",-0.325969091867209,0.600491176005318,"True",-0.313686058388285,0.252580858315366,"True",-0.326683302435208,0.525430836521845,"True",-0.313795494327484,0.272643696797314,"within_12m",TRUE,TRUE,FALSE
465,"2-methylmalonylcarnitine (C4-DC)","XROYFEWIXXCPAW-UHFFFAOYSA-N","HMDB0013133","","True","True",0.389262848852689,0.706288370426304,"True",0.363410238507367,0.526371411781846,"True",0.389403582585521,0.770342726589795,"False",NA,NA,"within_12m",FALSE,FALSE,FALSE
466,"tiglylcarnitine (C5:1-DC)","WURBQCVBQNMUQT-RMKNXTFCSA-N","HMDB0002366","","True","True",0.0640062173470075,0.958842296934874,"True",0.0761553607687161,0.875859973159426,"True",0.0623110102219268,0.950238293552163,"True",0.075475542232231,0.877966297957988,"within_12m",TRUE,TRUE,FALSE
467,"hydroquinone sulfate","FPXPQMOQWJZYBL-UHFFFAOYSA-N","HMDB0240263","C00530","True","True",0.0400787500471959,0.986709548180007,"True",0.0570796656548818,0.980188501176237,"True",0.0386823051246023,0.987178571736496,"False",NA,NA,"within_12m",FALSE,FALSE,FALSE
468,"catechol sulfate","MZPWKJZDOCIALD-UHFFFAOYSA-N","HMDB0059724","","True","True",-0.356337837333329,0.719629283501269,"True",-0.338014998601573,0.649206823724323,"False",NA,NA,"False",NA,NA,"within_12m",FALSE,FALSE,FALSE
469,"cholesterol sulfate","BHYOQNUELFTYRT-UHFFFAOYSA-N","HMDB00653","C18043","True","True",0.00984410543392085,0.987990676477414,"True",0.0225358337496986,0.979590431718109,"True",0.0093967555866078,0.987178571736496,"True",0.0214953546856583,0.962048122318358,"within_12m",TRUE,TRUE,FALSE
470,"7alpha-hydroxy-3-oxo-4-cholestenoate (7-Hoca)","SATGKQGFUDXGAX-MYWFJNCASA-N","HMDB0012458","C17337","True","True",0.357565054733782,0.602548324760266,"True",0.367468904144171,0.3531829244535,"True",0.359233491242408,0.547793129325831,"True",0.371012829776562,0.349259949558233,"within_12m",TRUE,TRUE,FALSE
471,"3beta,7alpha-dihydroxy-5-cholestenoate","GYJSAWZGYQXRBS-GRJZKGIBSA-N","HMDB0012454","C17335","True","True",0.261831195492786,0.572865461036842,"True",0.274570261345019,0.272808855623117,"True",0.261350065422977,0.617658979981371,"True",0.27478680013406,0.407838227921623,"within_12m",TRUE,TRUE,FALSE
472,"N-acetyl-aspartyl-glutamate (NAAG)","OPVPGKGADVGKTG-UHFFFAOYSA-N","HMDB0001067","C12270","True","True",-0.516751757644588,0.402087977862112,"True",-0.48659610780918,0.223782547879234,"True",-0.510128345404854,0.4417862379961,"True",-0.47709587147255,0.253899351919251,"within_12m",TRUE,TRUE,FALSE
473,"tetradecanedioate (C14-DC)","HQHCYKULIHKCEB-UHFFFAOYSA-N","HMDB0000872","","True","True",0.381052733575148,0.616054777048265,"True",0.39603985051489,0.330027162553475,"True",0.38137771175865,0.59499761552963,"True",0.399030458589833,0.364172844669901,"within_12m",TRUE,TRUE,FALSE
474,"hexadecanedioate (C16-DC)","QQHJDPROMQRDLA-UHFFFAOYSA-N","HMDB0000672","C19615","True","True",0.730786307644042,0.298715592902716,"True",0.748027324594737,0.0733670452208167,"True",0.725648128896988,0.298330865851856,"True",0.745579021559724,0.113507848745952,"within_12m",TRUE,TRUE,FALSE
475,"octadecanedioate (C18-DC)","BNJOQKFENDDGSC-UHFFFAOYSA-N","HMDB0000782","","True","True",0.660450411473482,0.430407960175543,"True",0.686633595393226,0.17047093697837,"True",0.654048365894186,0.38650826060104,"False",NA,NA,"within_12m",FALSE,FALSE,FALSE
476,"undecanedioate (C11-DC)","LWBHHRRTOZQPDM-UHFFFAOYSA-N","HMDB0000888","","False","True",0.0523654880163764,0.973659698358058,"True",0.15277734144303,0.857785546660334,"True",0.0508831052787601,0.982952101329358,"False",NA,NA,"within_12m",FALSE,FALSE,FALSE
477,"1-myristoylglycerol (14:0)","DCBSHORRWZKAKO-UHFFFAOYSA-N","HMDB0011561","C01885","True","True",-0.0980958424191678,0.933560258432609,"True",-0.0557463097033135,0.951864165647985,"False",NA,NA,"False",NA,NA,"within_12m",FALSE,FALSE,FALSE
478,"glycerophosphoethanolamine","JZNWSCPGTDBMEW-UHFFFAOYSA-N","HMDB0000114","C01233","True","True",-0.204522509632573,0.616054777048265,"True",-0.188454614464765,0.269792874906458,"True",-0.204517171804824,0.525004006113325,"True",-0.186623542989367,0.329834913428571,"within_12m",TRUE,TRUE,FALSE
479,"glycerophosphoinositol*","BMVUIWJCUQSHLZ-GFSNQTMESA-N","","","True","True",-0.41012729162898,0.756273191873482,"True",-0.327803293434156,0.68379648559767,"True",-0.403445148092708,0.822782498577788,"True",-0.324149055163916,0.736531703830524,"within_12m",TRUE,TRUE,FALSE
480,"3-(2-hydroxyphenyl)propionate","CJBDUOMQLFKVQC-UHFFFAOYSA-N","HMDB0033752","C01198","False","True",0.0208049485007847,0.987990676477414,"True",0.0410408580444767,0.96694589809692,"False",NA,NA,"False",NA,NA,"within_12m",FALSE,FALSE,FALSE
481,"3-(3-hydroxyphenyl)propionate","QVWAEZJXDYOKEH-UHFFFAOYSA-N","HMDB0000375","C11457","False","True",-0.188519373673361,0.950103455972402,"True",-0.148361222970948,0.943887141430153,"True",-0.192741682389531,0.944162983398225,"True",-0.152266080351814,0.931582737459357,"within_12m",TRUE,TRUE,FALSE
482,"ectoine","WQXNXVUDBPYKBA-YFKPBYRVSA-N","HMDB0240650","C06231","True","True",-0.666487036319558,0.53734192695043,"True",-0.6549914569268,0.417115708455857,"True",-0.667113003615815,0.436023528663194,"True",-0.658678574365523,0.303613923972441,"within_12m",TRUE,TRUE,FALSE
483,"1-arachidonoyl-GPI (20:4)*","LXUGKKVCSTYZFK-OSKOXSHBSA-N","HMDB0061690","","True","True",-0.305781956337731,0.634275095599802,"True",-0.291532548171247,0.417548160031056,"True",-0.305857615542265,0.588003215557402,"True",-0.291441842981599,0.394811880970368,"within_12m",TRUE,TRUE,FALSE
484,"1-palmitoyl-GPI (16:0)","UOXRPRZMAROFPH-AQFLIPHUSA-N","HMDB0061695","","True","True",-0.201627606170571,0.8498818250374,"True",-0.184666768562608,0.752211463785899,"True",-0.201102083967058,0.854686942158662,"True",-0.185604876844886,0.726309080222025,"within_12m",TRUE,TRUE,FALSE
485,"glycolithocholate sulfate*","FHXBAFXQVZOILS-OETIFKLTSA-N","HMDB0002639","C11301","True","True",-0.608215212251937,0.668687820663629,"True",-0.642087332687563,0.587028312136414,"True",-0.623739444389909,0.673439208101182,"True",-0.654436493854809,0.569378986809398,"within_12m",TRUE,TRUE,FALSE
486,"taurolithocholate 3-sulfate","HSNPMXROZIQAQD-VUIPEFFGSA-N","HMDB0002580","C03642","True","True",0.469944224892091,0.789423051590922,"True",0.448552320398213,0.740423733470625,"True",0.450977694443123,0.866233582388587,"True",0.4325066959821,0.800202850887762,"within_12m",TRUE,TRUE,FALSE
487,"deoxycarnitine","JHPNVNIEXXLNTR-UHFFFAOYSA-N","HMDB0001161","C01181","True","True",0.153686915895413,0.625050578072282,"True",0.16818640069056,0.420255227377929,"True",0.154062059503198,0.776375516568353,"True",0.16693870781623,0.48040451506793,"within_12m",TRUE,TRUE,FALSE
488,"N6-succinyladenosine","VKGZCEJTCKHMRL-UHFFFAOYSA-N","HMDB0000912","","True","True",0.374751498592653,0.634275095599802,"True",0.37314612614346,0.526371411781846,"True",0.375284030710106,0.589376822950471,"True",0.375778741444566,0.479655901179859,"within_12m",TRUE,TRUE,FALSE
489,"1-ribosyl-imidazoleacetate*","AHPWEWASPTZMEK-UHFFFAOYSA-N","HMDB0002331","C05131","True","True",-0.0766918388839921,0.940955755978225,"True",-0.0623503116817485,0.928770108900786,"True",-0.0754335602962961,0.928686185046154,"True",-0.0623130928537488,0.912154000650964,"within_12m",TRUE,TRUE,FALSE
490,"alpha-hydroxycaproate","NYHNVHGFPZAZGA-UHFFFAOYSA-N","HMDB0001624","","True","True",0.206072268609844,0.916428948967701,"True",0.159276765550054,0.894892807778064,"False",NA,NA,"False",NA,NA,"within_12m",FALSE,FALSE,FALSE
491,"3,4-dihydroxybutyrate","DZAIOXUZHHTJKN-UHFFFAOYSA-N","HMDB0000337","","True","True",0.110257676461026,0.951971292052074,"True",0.124515190637283,0.937317358361428,"True",0.117001102275052,0.930348999887418,"True",0.128167792138371,0.907287904675304,"within_12m",TRUE,TRUE,FALSE
492,"indoleacetylglutamine","DVJIJAYHBZALOJ-UHFFFAOYSA-N","HMDB0013240","","True","True",-0.0229808604997495,0.988521206905055,"True",-0.0252218751046967,0.986284418563688,"True",-0.0205885171890114,0.987774253607679,"True",-0.0226798887043169,0.983175016860835,"within_12m",TRUE,TRUE,FALSE
493,"hexanoylglutamine","NONGMLDQXRDGIT-UHFFFAOYSA-N","","","True","True",0.0632037754863795,0.973659698358058,"True",0.0613077566919948,0.961738709767977,"True",0.0637305352408473,0.974549927593177,"True",0.0615791507243296,0.946923177290353,"within_12m",TRUE,TRUE,FALSE
494,"N6-acetyllysine","DTERQYGMUDWYAZ-ZETCQYMHSA-N","HMDB0000206","C02727","True","True",0.0652599997117164,0.940548087522928,"True",0.0748184740264937,0.833287047421672,"True",0.0637382627120515,0.936123360969581,"True",0.0749783223501928,0.863621286070345,"within_12m",TRUE,TRUE,FALSE
495,"dihomo-linolenate (20:3n3 or n6)","AHANXAKGNAKFSK-PDBXOOCHSA-N","HMDB0002925","C03242","True","True",0.123917055414688,0.880880773542656,"True",0.146502309867839,0.692015475690773,"True",0.124441546704934,0.902872240862443,"True",0.145987848703019,0.757835060586593,"within_12m",TRUE,TRUE,FALSE
496,"mannitol/sorbitol","FBPFZTCFMRRESA-UHFFFAOYSA-N","HMDB0000247,HMDB0000765","C00392,C00794","True","True",0.304863916042694,0.767164241268101,"True",0.326736809294166,0.64727278298732,"True",0.312868798665185,0.838406356893358,"True",0.331225961784355,0.721639931580446,"within_12m",TRUE,TRUE,FALSE
497,"tryptophan betaine","AOHCBEAZXHZMOR-ZDUSSCGKSA-N","HMDB0061115","C09213","True","True",-0.349774650126405,0.789423051590922,"True",-0.339911639616353,0.720817947277671,"True",-0.34269521348276,0.854686942158662,"True",-0.329673105564572,0.751819554839438,"within_12m",TRUE,TRUE,FALSE
498,"4-vinylphenol sulfate","IETVQHUKTKKBFF-UHFFFAOYSA-N","HMDB0062775","C05627","True","True",-0.0655838523571506,0.98386928993084,"True",-0.0429005982420795,0.984783502491525,"False",NA,NA,"True",-0.0429471970468385,0.977163936066928,"within_12m",FALSE,FALSE,FALSE
499,"4-ethylphenylsulfate","DWZGLEPNCRFCEP-UHFFFAOYSA-N","HMDB0062551","C13637","True","True",-0.376012141073179,0.756273191873482,"True",-0.357004274130748,0.663598447999263,"True",-0.377207583459722,0.8297338343899,"False",NA,NA,"within_12m",FALSE,FALSE,FALSE
500,"thymol sulfate","NODSEPOUFZPJEQ-UHFFFAOYSA-N","HMDB0062720","C09908","True","True",-0.306275285178472,0.89062029400032,"True",-0.304141028763313,0.849079415378855,"True",-0.289358466728541,0.905736307167968,"True",-0.279162332306454,0.866949286212259,"within_12m",TRUE,TRUE,FALSE
501,"3-methyladipate","SYEOWUNSTUDKGM-UHFFFAOYSA-N","HMDB0000555","","False","True",-0.286206473547946,0.840266371591374,"True",-0.333328981480695,0.708306839063909,"False",NA,NA,"False",NA,NA,"within_12m",FALSE,FALSE,FALSE
502,"pyrraline","VTYFITADLSVOAS-UHFFFAOYSA-N","HMDB0033143","C21013","False","True",0.327634335649191,0.797581345536016,"True",0.340970295165025,0.706559444221797,"False",NA,NA,"False",NA,NA,"within_12m",FALSE,FALSE,FALSE
503,"N6-carboxymethyllysine","NUXSIDPKKIEIMI-UHFFFAOYSA-N","HMDB0240347","","False","True",-0.0403789913545348,0.986709548180007,"True",0.00599950362353236,0.995705713825596,"True",-0.0334549752899965,0.987178571736496,"False",NA,NA,"within_12m",FALSE,FALSE,FALSE
504,"1-oleoyl-GPI (18:1)","UGDOFRYHDCDVHD-JCASDCETSA-N","HMDB0061693","","True","True",-0.195693960438242,0.856357264387178,"True",-0.181230254547091,0.765327190980502,"True",-0.192002864428,0.861858069770079,"True",-0.179546346199008,0.747476612091161,"within_12m",TRUE,TRUE,FALSE
505,"1-linoleoyl-GPI (18:2)*","SAHCQBPGXQFTRA-WNOZMNFTSA-N","HMDB0240597","","True","True",-0.141861104213139,0.874057733245772,"True",-0.124766120361691,0.798432880868688,"True",-0.14186415600152,0.886332972303202,"True",-0.125812111144209,0.80940900597938,"within_12m",TRUE,TRUE,FALSE
506,"desmethylnaproxen","XWJUDDGELKXYNO-QMMMGPOBSA-N","HMDB0013989","","False","True",-0.0428240502353439,0.598097678966885,"True",-0.042233162724508,0.529809896353254,"False",NA,NA,"False",NA,NA,"within_12m",FALSE,FALSE,FALSE
507,"desmethylnaproxen sulfate","BNKMSCMOWGCUOF-QMMMGPOBSA-N","","","False","True",-0.0431169519315707,0.93048469905844,"True",-0.0125242663768704,0.984783502491525,"False",NA,NA,"False",NA,NA,"within_12m",FALSE,FALSE,FALSE
508,"sucralose","BAQAVOSOZGMPRM-DYDPOALMSA-N","HMDB0031554","C12285","False","True",-0.256245941356893,0.89858947917064,"True",-0.24227025349431,0.889640728996709,"False",NA,NA,"False",NA,NA,"within_12m",FALSE,FALSE,FALSE
509,"2-hydroxyacetaminophen sulfate*","HRLQZTOIKWEZBN-UHFFFAOYSA-N","HMDB0062547","","False","True",-0.483606953172871,0.880354456478155,"True",-0.586371337432914,0.796892692898614,"True",-0.483004153677733,0.898325050608298,"True",-0.586001973305743,0.830309028999247,"within_12m",TRUE,TRUE,FALSE
510,"2-methoxyacetaminophen sulfate*","NZKKXAGORRATJB-UHFFFAOYSA-N","HMDB0062550","","False","True",-0.507592188541015,0.779048076620811,"True",-0.533448595293749,0.65011093290066,"True",-0.506014126869979,0.863615906535827,"True",-0.531907779936438,0.753309233823588,"within_12m",TRUE,TRUE,FALSE
511,"2-methoxyacetaminophen glucuronide*","GDCCQRYSPGZVPX-UHFFFAOYSA-N","HMDB0240215","","False","True",-0.48221399575056,0.797581345536016,"True",-0.512628920056033,0.694719003326666,"True",-0.479193592539033,0.876979283382671,"True",-0.509972995906674,0.787886937506931,"within_12m",TRUE,TRUE,FALSE
512,"3-(cystein-S-yl)acetaminophen*","LLHICPSCVFRWDT-UHFFFAOYSA-N","HMDB0240217","","False","True",-0.52330461389075,0.571182946544255,"True",-0.586466362389269,0.3531829244535,"True",-0.52386376250487,0.661039414932642,"True",-0.58514049164119,0.526697998796647,"within_12m",TRUE,TRUE,FALSE
513,"methylphosphate","CAAULPUQFIIOTL-UHFFFAOYSA-N","HMDB61711","","True","True",-0.019748137505863,0.982647974336207,"True",-0.00670269153086056,0.990094371079293,"True",-0.02007150055921,0.987178571736496,"True",-0.006318253253497,0.984271371768042,"within_12m",TRUE,TRUE,FALSE
514,"o-cresol sulfate","CYGSXDXRHXMAOV-UHFFFAOYSA-N","HMDB0011635","","True","True",-0.150654469791989,0.938620224639443,"True",-0.140936300828634,0.924803169886568,"True",-0.149722337978031,0.938262443532464,"True",-0.140238833186137,0.926532805977279,"within_12m",TRUE,TRUE,FALSE
515,"2-ethylphenylsulfate","TXENPQZYQPWRAV-UHFFFAOYSA-N","","","False","True",-0.374957515296691,0.783882864962508,"True",-0.34133578077805,0.772619208367538,"True",-0.372719441308959,0.861858069770079,"True",-0.338589887710679,0.82812721541179,"within_12m",TRUE,TRUE,FALSE
516,"dimethylarginine (SDMA + ADMA)","YDGMGEXADBMOMJ-LURJTMIESA-N","HMDB0003334,HMDB0001539","C21189,C03626","True","True",0.127430767011049,0.728928173456934,"True",0.136559072877116,0.605507965210776,"True",0.125442439883684,0.763694441852884,"True",0.137381067097007,0.512178673986949,"within_12m",TRUE,TRUE,FALSE
517,"gamma-glutamylalanine","WQXXXVRAFAKQJM-WHFBIAKZSA-N","HMDB0029142","C03738","True","True",-0.0370427440047219,0.974772181718781,"True",0.0275066465180192,0.979590431718109,"True",-0.0359937332452906,0.982952101329358,"True",0.0271928708620951,0.977163936066928,"within_12m",FALSE,TRUE,FALSE
518,"N-acetylserine","JJIHLJJYMXLCOY-BYPYZUCNSA-N","HMDB0002931","","True","True",0.0265933427593268,0.969971429194474,"True",0.0399061496164411,0.943887141430153,"True",0.0248277424095696,0.965353120323321,"True",0.0389999687422251,0.926532805977279,"within_12m",TRUE,TRUE,FALSE
519,"1-stearoyl-2-oleoyl-GPE (18:0/18:1)","JQKOHRZNEOQNJE-AYBNWLFXSA-N","HMDB0008993","","True","True",0.00268799137357439,0.995479615498565,"True",0.0140302883734485,0.984783502491525,"True",0.0062005567494151,0.99220761627218,"True",0.0191492575718067,0.977163936066928,"within_12m",TRUE,TRUE,FALSE
520,"chiro-inositol","CDAISMWEOUEBRE-LKPKBOIGSA-N","HMDB0240209","C19891","False","True",0.942179632212838,0.591551254936853,"True",0.988431285123265,0.46431487742584,"False",NA,NA,"True",0.989982905598417,0.441421243854716,"within_12m",FALSE,FALSE,FALSE
521,"4-allylphenol sulfate","KFDHKOFCRYUXLA-UHFFFAOYSA-N","","","True","True",0.612854186942105,0.598097678966885,"True",0.621134436027223,0.446733078722612,"True",0.601993347164449,0.547793129325831,"True",0.610659437300985,0.407838227921623,"within_12m",TRUE,TRUE,FALSE
522,"1-stearoyl-2-arachidonoyl-GPC (18:0/20:4)","PSVRFUPOQYJOOZ-QNPWAGBNSA-N","HMDB0008048","","True","True",-0.217163928060712,0.547971879039154,"True",-0.201900385521252,0.37044947058747,"True",-0.216848997436501,0.442497498692544,"True",-0.203293752648684,0.391420075529411,"within_12m",TRUE,TRUE,FALSE
523,"1-palmitoyl-2-linoleoyl-GPE (16:0/18:2)","HBZNVZIRJWODIB-NHCUFCNUSA-N","HMDB0005322","","True","True",-0.0276107489982381,0.972103277969869,"True",-0.012790748927943,0.984783502491525,"True",-0.0264264674461423,0.982952101329358,"True",-0.0121807052869882,0.982385186243838,"within_12m",TRUE,TRUE,FALSE
524,"1-stearoyl-2-arachidonoyl-GPS (18:0/20:4)","SVOUGFFDROZBJI-DNALCEECSA-N","HMDB0012383","","False","True",0.105505437608828,0.92839539560438,"True",0.0734760805388348,0.924803169886568,"True",0.104159609199248,0.928686185046154,"True",0.0728452218439577,0.926532805977279,"within_12m",TRUE,TRUE,FALSE
525,"sphinganine-1-phosphate","YHEDRJPUIRMZMP-UHFFFAOYSA-N","HMDB0001383","","True","True",-0.2688867234714,0.719350620188438,"True",-0.266257186490047,0.542594023228389,"True",-0.264303848701385,0.625589580592122,"False",NA,NA,"within_12m",FALSE,FALSE,FALSE
526,"glycosyl-N-nervonoyl-sphingosine (d18:1/24:1)*","WBOZIXHPUPAOIA-YEWIENRVSA-N","HMDB0004975,HMDB0010712","","True","True",-0.905245807032676,0.534424784808473,"True",-0.751726101213565,0.420255227377929,"False",NA,NA,"False",NA,NA,"within_12m",FALSE,FALSE,FALSE
527,"glycosyl-N-stearoyl-sphingosine (d18:1/18:0)","YMYQEDCYNANIPI-OQRGLTFYSA-N","","","True","True",-0.330431846875445,0.575090075530887,"True",-0.322524432232691,0.276918888943255,"True",-0.331414853824637,0.47646102799304,"True",-0.322963270662793,0.349576519889904,"within_12m",TRUE,TRUE,FALSE
528,"cyclo(leu-pro)","SZJNCZMRZAUNQT-IUCAKERBSA-N","HMDB0034276","","True","True",0.104499196229184,0.929043543887905,"True",0.105027125168261,0.89146905539005,"True",0.100864975900819,0.928686185046154,"True",0.103732768867633,0.903399078754946,"within_12m",TRUE,TRUE,FALSE
529,"succinylcarnitine (C4-DC)","HAEVNYBCYZZDFL-UHFFFAOYSA-N","HMDB0061717","","True","True",-0.00940022919241629,0.988521206905055,"True",0.0160742845181306,0.984783502491525,"True",-0.0097769753156192,0.987774253607679,"True",0.0112650257965894,0.982385186243838,"within_12m",FALSE,TRUE,FALSE
530,"bilirubin (E,E)*","BPYKTIZUTYGOLE-VVCLLGATSA-N","HMDB0240584","","True","True",-0.0385978242327706,0.978889384616665,"True",-0.0256175867872572,0.984783502491525,"True",-0.0391919772700182,0.982952101329358,"True",-0.0264335738148342,0.977163936066928,"within_12m",TRUE,TRUE,FALSE
531,"bilirubin (E,Z or Z,E)*","BPYKTIZUTYGOLE-BMNRKXRESA-N","HMDB0000488","C00486","True","True",0.099839950647858,0.892984902790634,"True",0.110843257011533,0.805895908432393,"True",0.0993541074099945,0.911336625268797,"True",0.112521932194073,0.838942431538379,"within_12m",TRUE,TRUE,FALSE
532,"N-methylproline","CWLQUGTUXBXTLF-UHFFFAOYSA-N","HMDB0094696","","True","True",0.157582903963118,0.932366462486156,"True",0.179740254274362,0.89146905539005,"False",NA,NA,"False",NA,NA,"within_12m",FALSE,FALSE,FALSE
533,"beta-cryptoxanthin","DMASLKHVQRHNES-QQGJMDNJSA-N","HMDB0033844","C08591","True","True",-0.0766001701594039,0.969971429194474,"True",-0.0977371835130614,0.937507669861187,"True",-0.0766849885492242,0.965353120323321,"True",-0.0966556522752336,0.922251897608036,"within_12m",TRUE,TRUE,FALSE
534,"5alpha-androstan-3beta,17beta-diol disulfate","JHFAETDERBWUOO-ARKAXQQOSA-N","HMDB00493","C12525","True","True",-0.729060431700813,0.672371047070502,"True",-0.64300146161311,0.649206823724323,"True",-0.726172001779224,0.735874787567266,"True",-0.640738922076548,0.676177321366061,"within_12m",TRUE,TRUE,FALSE
535,"5alpha-pregnan-3beta,20alpha-diol disulfate","LSQGWMYMIHQKSA-VNCHAANSSA-N","HMDB0094650","","True","True",-0.269622545079474,0.788420265985187,"True",-0.255895539059991,0.706811451458173,"True",-0.267790982173338,0.856875202647641,"True",-0.253455115238357,0.765216001972164,"within_12m",TRUE,TRUE,FALSE
536,"glycocholenate sulfate*","HCXZDHWUVRQLGC-UHFFFAOYSA-N","","","True","True",-0.00814735547566681,0.988929499731075,"True",0.00105517408935052,0.997114562025633,"True",-0.0079740338601669,0.99220761627218,"True",0.0027020346268457,0.99404961517285,"within_12m",FALSE,TRUE,FALSE
537,"taurocholenate sulfate*","OEDITLKCLMKBOM-UHFFFAOYSA-N","","","True","True",1.13739234154176,0.0514949777984305,"True",1.14460232735797,0.00935200883384159,"True",1.13402290230191,0.120374998879683,"True",1.14703814307217,0.0365508199269164,"within_12m",TRUE,TRUE,TRUE
538,"androstenediol (3beta,17beta) disulfate (1)","UWPTUYJASNIIJM-QJIZPQHZSA-N","HMDB0240313","C04295","True","True",-0.501269935663905,0.756273191873482,"True",-0.483206924403215,0.702576717420341,"True",-0.503859135480147,0.768899726595683,"True",-0.489117075767441,0.686598667877768,"within_12m",TRUE,TRUE,FALSE
539,"pregnenediol disulfate (C21H34O8S2)*","RKYCGXFEFAPXIP-BWUXAKENSA-N","","","True","True",0.0691174289586349,0.969729100653167,"True",0.0822125819985379,0.938512049487863,"True",0.0697428224647789,0.965353120323321,"True",0.083126505478932,0.929975515201559,"within_12m",TRUE,TRUE,FALSE
540,"androstenediol (3beta,17beta) disulfate (2)","UWPTUYJASNIIJM-QJIZPQHZSA-N","HMDB0240313","","True","True",0.162851561689731,0.892984902790634,"True",0.175667345715424,0.826940719358029,"True",0.162782182293798,0.911336625268797,"True",0.175584493445594,0.8520196989971,"within_12m",TRUE,TRUE,FALSE
541,"21-hydroxypregnenolone disulfate","CBOVWLYQUCVTFA-WGKOQXAXSA-N","","","True","True",0.128600563341006,0.932366462486156,"True",0.147121024716411,0.875859973159426,"True",0.127747393286039,0.928686185046154,"True",0.147094536322382,0.866949286212259,"within_12m",TRUE,TRUE,FALSE
542,"21-hydroxypregnenolone monosulfate (2)","DFSPOIZXVIWHFO-WGKOQXAXSA-N","","","False","True",0.630366234028827,0.598097678966885,"True",0.651872885506725,0.508674266370899,"True",0.620346750335637,0.471014273897511,"True",0.644000826819185,0.407838227921623,"within_12m",TRUE,TRUE,FALSE
543,"5alpha-androstan-3alpha,17alpha-diol disulfate","JHFAETDERBWUOO-SKIFDASYSA-N","","","False","True",0.0945602879744635,0.940955755978225,"True",0.0678319982339304,0.943887141430153,"True",0.0971822707037079,0.945554729105146,"True",0.0669945894285497,0.945929341200195,"within_12m",TRUE,TRUE,FALSE
544,"5alpha-pregnan-3beta,20beta-diol monosulfate (1)","NOGKXXMAHGCQBS-VNCHAANSSA-N","HMDB0240580","","False","True",-0.467112696589004,0.654437905787648,"True",-0.461437480253336,0.601292630305719,"True",-0.46034857411521,0.720187267326288,"True",-0.455220121564921,0.634153058488229,"within_12m",TRUE,TRUE,FALSE
545,"5alpha-pregnan-3beta,20alpha-diol monosulfate (2)","ZIVKBPVUJZDVBI-MHACIFFSSA-N","","","False","True",-0.771322561902002,0.547926276323837,"True",-0.828991939569178,0.3531829244535,"True",-0.77113186132036,0.471014273897511,"True",-0.828447181108072,0.332462881441215,"within_12m",TRUE,TRUE,FALSE
546,"5alpha-pregnan-diol disulfate","LSQGWMYMIHQKSA-UHFFFAOYSA-N","HMDB0240581,HMDB0240582","","False","True",-0.769851304316567,0.356749050461422,"True",-0.767377176433942,0.294664710234562,"True",-0.764958618997071,0.471014273897511,"True",-0.763093687560897,0.384299324282702,"within_12m",TRUE,TRUE,FALSE
547,"5alpha-androstan-3alpha,17beta-diol disulfate","JHFAETDERBWUOO-ILBJSTGGSA-N","HMDB0094682","","False","True",0.225931449427936,0.929430981826353,"True",0.365601186094562,0.832710733061894,"True",0.231186106364329,0.928686185046154,"True",0.369484823822418,0.842066656661028,"within_12m",TRUE,TRUE,FALSE
548,"5alpha-androstan-3alpha,17beta-diol monosulfate (1)","LERFMBCTNMFXCT-ILBJSTGGSA-N","","","False","True",-1.30297612305305,3.69700784355097e-08,"True",-1.27830373239557,8.47502863532985e-07,"True",-1.29975545068092,0.169007009843401,"True",-1.28191485651562,0.102628384114754,"within_12m",TRUE,TRUE,FALSE
549,"5alpha-androstan-3beta,17alpha-diol disulfate","JHFAETDERBWUOO-ILSMVHKQSA-N","HMDB0094682","","False","True",-0.873090006252309,0.266775436384933,"True",-0.845509543069289,0.245929614471165,"True",-0.857901437616522,0.4417862379961,"True",-0.833094513919867,0.344866473456224,"within_12m",TRUE,TRUE,FALSE
550,"androstenediol (3alpha, 17alpha) monosulfate (2)","VPDALJSLCNNODJ-BVKUPEMCSA-N","","","True","True",0.294263779334041,0.728928173456934,"True",0.310195340910399,0.542594023228389,"True",0.287888389390064,0.803202422313388,"True",0.307653357732813,0.624783356160091,"within_12m",TRUE,TRUE,FALSE
551,"androstenediol (3alpha, 17alpha) monosulfate (3)","VPDALJSLCNNODJ-IUIQAQCZSA-N","","","False","True",-1.39627755608622,0.248657819707594,"True",-1.28766737794697,0.225417769945334,"True",-1.38218389625812,0.298330865851856,"True",-1.27921262211415,0.261223888157048,"within_12m",TRUE,TRUE,FALSE
552,"androstenediol (3beta,17beta) monosulfate (1)","VPDALJSLCNNODJ-QJIZPQHZSA-N","HMDB0240429","","True","True",-0.868771147515012,0.489451530466618,"True",-0.853046467456969,0.376571691886427,"True",-0.874484227981677,0.47646102799304,"True",-0.86622335018551,0.384299324282702,"within_12m",TRUE,TRUE,FALSE
553,"androstenediol (3beta,17beta) monosulfate (2)","KMTOEENORMWLCF-QJIZPQHZSA-N","HMDB0240429,HMDB0186954","","True","True",-0.39590276249279,0.789423051590922,"True",-0.382134929401958,0.729097169882706,"True",-0.392523017151314,0.825620431189875,"True",-0.38376301009913,0.736531703830524,"within_12m",TRUE,TRUE,FALSE
554,"4-hydroxycoumarin","VXIXUWQIVKSKSA-UHFFFAOYSA-N","","C20414","False","True",-0.350451286493756,0.880354456478155,"True",-0.196242382210649,0.904715388218868,"False",NA,NA,"False",NA,NA,"within_12m",FALSE,FALSE,FALSE
555,"pregnenediol sulfate (C21H34O5S)*","MENQCIVHHONJLU-UHFFFAOYSA-N","HMDB0000774","C18044","True","True",0.103406669039239,0.938620224639443,"True",0.117324307274968,0.901638520821292,"True",0.103793541009879,0.928686185046154,"True",0.11714062062583,0.885118626135201,"within_12m",TRUE,TRUE,FALSE
556,"2-hydroxyglutarate","HWXBTNAVRSUOJR-UHFFFAOYSA-N","HMDB0059655","C02630","True","True",-0.532784868310876,0.559251469435041,"True",-0.516107238097961,0.342416488455456,"True",-0.536780176203426,0.47646102799304,"True",-0.518721946632956,0.335307085143404,"within_12m",TRUE,TRUE,FALSE
557,"gamma-CEHC","VMJQLPNCUPGMNQ-UHFFFAOYSA-N","HMDB0001931","","True","True",-0.189882278158078,0.862812014989596,"True",-0.17800234047361,0.804700540679519,"True",-0.191113625398557,0.876979283382671,"True",-0.181365859541666,0.830309028999247,"within_12m",TRUE,TRUE,FALSE
558,"N-acetyl-beta-alanine","LJLLAWRMBZNPMO-UHFFFAOYSA-N","HMDB0061880","C01073","True","True",0.0746994669661401,0.940548087522928,"True",0.0799857824087634,0.829738844937295,"True",0.0730183891113369,0.928686185046154,"True",0.0797956369284158,0.840192357862207,"within_12m",TRUE,TRUE,FALSE
559,"5-methylthioribose**","OLVVOVIFTBSBBH-UHFFFAOYSA-N","HMDB0001087","","True","True",-0.485355680023915,0.421328164386418,"True",-0.465621243748276,0.269651889666165,"False",NA,NA,"False",NA,NA,"within_12m",FALSE,FALSE,FALSE
560,"sphingomyelin (d18:1/18:1, d18:2/18:0)","NBEADXWAAWCCDG-QDDWGVBQSA-N","HMDB0012101","","True","True",-0.386208159962064,0.433182468717316,"True",-0.371151142510331,0.142617822200684,"True",-0.387659158427401,0.327475962050099,"True",-0.373476422609243,0.202963266053375,"within_12m",TRUE,TRUE,FALSE
561,"palmitoyl sphingomyelin (d18:1/16:0)","RWKUXQNLWDTSLO-GWQJGLRPSA-N","HMDB0010169","","True","True",-0.146805188522048,0.756273191873482,"True",-0.136674083451839,0.34748092305474,"True",-0.146851647725385,0.684714036417037,"True",-0.135964352621372,0.364172844669901,"within_12m",TRUE,TRUE,FALSE
562,"cysteine sulfinic acid","ADVPTQAUNPRNPO-UHFFFAOYSA-N","HMDB0000996","C00606","True","True",-0.428119754145399,0.494849464209036,"True",-0.418024159901998,0.409521073634112,"True",-0.43033443502558,0.380836702436134,"True",-0.416387006817732,0.324817254801197,"within_12m",TRUE,TRUE,FALSE
563,"3-hydroxyhippurate","XDOFWFNMYJRHEW-UHFFFAOYSA-N","HMDB0006116","","True","True",-0.998370767859085,0.616054777048265,"True",-0.911304253877625,0.571346737345792,"True",-0.995442017078105,0.573647357784482,"True",-0.907478177341559,0.525363347876691,"within_12m",TRUE,TRUE,FALSE
564,"16alpha-hydroxy DHEA 3-sulfate","ALBNSVAJDFJRKQ-UAFBDMIJSA-N","HMDB0062544","","True","True",0.618252552528554,0.550265734182478,"True",0.631487099076693,0.345227894264535,"True",0.619374365094521,0.471014273897511,"True",0.632036076702234,0.341405526963528,"within_12m",TRUE,TRUE,FALSE
565,"17alpha-hydroxypregnenolone 3-sulfate","OMOKWYAQVYBHMG-QUPIPBJSSA-N","HMDB00416","","False","True",0.583538846756248,0.625050578072282,"True",0.559636244711906,0.548499633557303,"True",0.574276966642944,0.572687350128801,"True",0.556918995394006,0.463088593239291,"within_12m",TRUE,TRUE,FALSE
566,"pregnenolone sulfate","DIJBBUIOWGGQOP-QGVNFLHTSA-N","HMDB0000774","C18044","True","True",0.419515277664537,0.634447318904849,"True",0.436864507434628,0.531154018748911,"True",0.416329163872666,0.589376822950471,"True",0.436346818752042,0.455661272332255,"within_12m",TRUE,TRUE,FALSE
567,"andro steroid monosulfate C19H28O6S (1)*","UNURIUSTYBXRLV-UHFFFAOYSA-N","HMDB0002759","","True","True",0.67776473509007,0.591551254936853,"True",0.694516023684989,0.405512676159476,"True",0.67814518266132,0.47646102799304,"True",0.692987059161512,0.364172844669901,"within_12m",TRUE,TRUE,FALSE
568,"ergothioneine","SSISHJJTAXXQAX-UHFFFAOYSA-N","HMDB0003045","C05570","True","True",-0.426981004659117,0.598097678966885,"True",-0.404365576132674,0.443614582394484,"True",-0.425325576912293,0.547793129325831,"True",-0.409956064152721,0.431285536722445,"within_12m",TRUE,TRUE,FALSE
569,"12-HETE","ZNHVWPKMFKADKW-VXBMJZGYSA-N","HMDB0006111","C14777","True","True",0.233755055420542,0.898914606720739,"True",0.279806840159937,0.805895908432393,"False",NA,NA,"False",NA,NA,"within_12m",FALSE,FALSE,FALSE
570,"S-methylmethionine","YDBYJHTYSHBBAU-UHFFFAOYSA-N","HMDB0038670","C05319","False","True",0.473946720816736,0.791667451977021,"True",0.49305475253651,0.738465574734844,"False",NA,NA,"False",NA,NA,"within_12m",FALSE,FALSE,FALSE
571,"indole-3-carboxylate","KMAKOBLIOCQGJP-UHFFFAOYSA-N","HMDB0003320","C19837","False","True",0.325152641804011,0.744109036493815,"True",0.312812808377503,0.714414008652387,"False",NA,NA,"False",NA,NA,"within_12m",FALSE,FALSE,FALSE
572,"13-HODE + 9-HODE","HNICUWMFWZBIFP-IRQZEAMPSA-N","HMDB0004670,HMDB0004667","C14767,C14762","True","True",0.407669475352888,0.616054777048265,"True",0.442242674618867,0.374652000852918,"False",NA,NA,"False",NA,NA,"within_12m",FALSE,FALSE,FALSE
573,"tridecenedioate (C13:1-DC)*","LGDMAFABHAIORE-DUXPYHPUSA-N","","","True","True",0.36414876439823,0.616313002695112,"True",0.378791834443535,0.34748092305474,"True",0.36306101642949,0.589376822950471,"True",0.379418299320101,0.351934777853035,"within_12m",TRUE,TRUE,FALSE
574,"N-acetyl-3-methylhistidine*","FKTXRTPBUWLETL-UHFFFAOYSA-N","HMDB0240341","","False","True",-1.03517562501712,0.409271907492038,"True",-0.911435937878143,0.294664710234562,"True",-1.03481058615805,0.37365047084245,"True",-0.910968519067043,0.284231729197656,"within_12m",TRUE,TRUE,FALSE
575,"alpha-CEHC","AXODOWFEFKOVSH-UHFFFAOYSA-N","HMDB0001518","","False","True",-0.407073540795692,0.625050578072282,"True",-0.447912657701167,0.446733078722612,"True",-0.405660910446444,0.720187267326288,"True",-0.446729531192666,0.572150979897405,"within_12m",TRUE,TRUE,FALSE
576,"4-cholesten-3-one","NYOXRYYXRWJDKP-UHFFFAOYSA-N","HMDB0000921","C00599","True","True",-0.488408719784952,0.459455290469122,"True",-0.445050266277514,0.420255227377929,"True",-0.48409680404087,0.47646102799304,"True",-0.438542079728294,0.462864211305942,"within_12m",TRUE,TRUE,FALSE
577,"N-acetyl-cadaverine","RMOIHHAKNOFHOE-UHFFFAOYSA-N","HMDB0002284","","False","True",-0.313469643239867,0.867090852220204,"True",-0.327005397164529,0.826589879892362,"True",-0.315906231461262,0.889072052918522,"False",NA,NA,"within_12m",FALSE,FALSE,FALSE
578,"cinnamoylglycine","YAADMLWHGMUGQL-VOTSOKGWSA-N","HMDB0011621","","False","True",-1.39273670169159,0.289947319096667,"True",-1.31500702424365,0.224610633042578,"True",-1.38770271365101,0.38650826060104,"True",-1.31269536087964,0.297654373036358,"within_12m",TRUE,TRUE,FALSE
579,"stearoyl ethanolamide","OTGQIQQTPXJQRG-UHFFFAOYSA-N","HMDB0013078","","True","True",-0.206741814647442,0.634275095599802,"True",-0.193052559561004,0.358237133893581,"True",-0.206806442872278,0.633741923828767,"True",-0.192528453379398,0.497233528893343,"within_12m",TRUE,TRUE,FALSE
580,"cis-4-decenoylcarnitine (C10:1)","OQWOHRPOYAVIOK-KTKRTIGZSA-N","HMDB0013205","","True","True",-0.268655218785491,0.763478650226256,"True",-0.252583234726661,0.586399162105076,"True",-0.267899098843402,0.788811043257471,"True",-0.252580792350019,0.596334700215226,"within_12m",TRUE,TRUE,FALSE
581,"2S,3R-dihydroxybutyrate","LOUGYXZSURQALL-GBXIJSLDSA-N","HMDB0002453","","True","True",0.0424839556149927,0.969111082335046,"True",0.0570332184959449,0.924803169886568,"True",0.042461766187301,0.965353120323321,"True",0.0575051745187762,0.922251897608036,"within_12m",TRUE,TRUE,FALSE
582,"S-carboxymethyl-cysteine","GBFLZEXEOZUWRN-UHFFFAOYSA-N","HMDB0029415","C03727","False","True",-0.172301196480863,0.892984902790634,"True",-0.166894131162407,0.875859973159426,"True",-0.175130734318278,0.898325050608298,"False",NA,NA,"within_12m",FALSE,FALSE,FALSE
583,"(12 or 13)-methylmyristate (a15:0 or i15:0)","ZOCYQVNGROEVLU-UHFFFAOYSA-N","HMDB0061707","","False","True",1.06133412512051,0.459455290469122,"True",0.932671782170086,0.28866847189111,"True",1.04637098633941,0.428332888129851,"True",0.922283196948476,0.248299539123894,"within_12m",TRUE,TRUE,FALSE
584,"(16 or 17)-methylstearate (a19:0 or i19:0)","YETXGSGCWODRAA-UHFFFAOYSA-N","HMDB0037397","","True","True",0.174417667041219,0.827034298863472,"True",0.189029493360892,0.586949901625404,"True",0.172698223855935,0.876979283382671,"False",NA,NA,"within_12m",FALSE,FALSE,FALSE
585,"2R,3R-dihydroxybutyrate","LOUGYXZSURQALL-PWNYCUMCSA-N","HMDB0000498","","True","True",-0.252564790253954,0.632947856935218,"True",-0.240549183054883,0.59802259975041,"True",-0.250175246492648,0.589376822950471,"True",-0.236536486814665,0.576399030950651,"within_12m",TRUE,TRUE,FALSE
586,"4-methylbenzenesulfonate","JOXIMZWYDAKGHI-UHFFFAOYSA-N","HMDB0059933","C06677","False","True",-0.0107706891298328,0.987990676477414,"True",-0.00508878914408706,0.994726391355845,"False",NA,NA,"False",NA,NA,"within_12m",FALSE,FALSE,FALSE
587,"1-hydroxy-2-naphthalenecarboxylate","SJJCQDRGABAVBB-UHFFFAOYSA-N","","C03203","False","True",-0.16187337491044,0.728928173456934,"True",-0.185499150280181,0.649206823724323,"True",-0.1638553261751,0.876979283382671,"True",-0.186860834108321,0.80940900597938,"within_12m",TRUE,TRUE,FALSE
588,"alpha-ketoglutaramate*","COJBGNAUUSNXHX-UHFFFAOYSA-N","HMDB0001552","C00940","True","True",0.276104985085914,0.571182946544255,"True",0.291489715505978,0.529809896353254,"True",0.276386679854992,0.500870271324167,"True",0.290885447480139,0.441421243854716,"within_12m",TRUE,TRUE,FALSE
589,"metformin","XZWYZXLIPXDOLR-UHFFFAOYSA-N","HMDB0001921","C07151","False","True",1.23776200263819,0.616054777048265,"True",1.24578835708511,0.548499633557303,"True",1.22913103171849,0.547793129325831,"True",1.23787606700435,0.462864211305942,"within_12m",TRUE,TRUE,FALSE
590,"ibuprofen acyl glucuronide","ABOLXXZAJIAUGR-JPMMFUSZSA-N","HMDB0010343","","False","True",0.0282573163946733,0.986709548180007,"True",-0.00368702414115992,0.995705713825596,"True",0.0167454904272777,0.987774253607679,"True",-0.01536623701317,0.983597097250046,"within_12m",FALSE,TRUE,FALSE
591,"2,3-dihydroxyisovalerate","JTEYKUFKXGDTEU-UHFFFAOYSA-N","HMDB0012141","C04039","True","True",-0.400503147067326,0.789423051590922,"True",-0.379098871197593,0.736242246671429,"False",NA,NA,"False",NA,NA,"within_12m",FALSE,FALSE,FALSE
592,"3-methylglutaconate","WKRBKYFIJPGYQC-DUXPYHPUSA-N","HMDB0000522","","True","True",-0.501328263095401,0.459455290469122,"True",-0.48924270302185,0.343860038164163,"True",-0.501978329528157,0.439444233230581,"True",-0.489590240711513,0.335307085143404,"within_12m",TRUE,TRUE,FALSE
593,"5-(galactosylhydroxy)-lysine","OWGKYELXGFKIHH-MYLOADSESA-N","","","True","True",-0.185014364999595,0.830796728876739,"True",-0.169169156733292,0.745797705430532,"True",-0.176870604354044,0.861858069770079,"True",-0.163879191915748,0.759690100353363,"within_12m",TRUE,TRUE,FALSE
594,"cysteinylglycine disulfide*","ZHRLECIZINSPKL-AKGZTFGVSA-N","HMDB0000709","","True","True",-0.255542516893197,0.402087977862112,"True",-0.238031617872354,0.343860038164163,"True",-0.251681714414759,0.438539717896713,"True",-0.238555877218035,0.351934777853035,"within_12m",TRUE,TRUE,FALSE
595,"isoursodeoxycholate","RUDATBOHQWOJDD-DNMBCGTGSA-N","HMDB0000686","C17662","True","True",-1.46831419834947,0.31082413677729,"True",-1.42282494552991,0.224610633042578,"True",-1.47580887357876,0.257648088842442,"True",-1.42720337803435,0.214809290668802,"within_12m",TRUE,TRUE,FALSE
596,"oxypurinol","HXNFUBHNUDHIGC-UHFFFAOYSA-N","HMDB0000786","D02365","False","True",0.0129807665187056,0.986709548180007,"True",0.0553594528549736,0.924803169886568,"True",0.0119775435589143,0.987178571736496,"True",0.0544056120616713,0.898744770564968,"within_12m",TRUE,TRUE,FALSE
597,"formiminoglutamate","NRXIKWMTVXPVEF-BYPYZUCNSA-N","HMDB0000854","C00439","True","True",0.165473587491005,0.861971163992027,"True",0.174046250255804,0.702576717420341,"True",0.164232718434405,0.874488746552887,"True",0.175070073869151,0.710112642225808,"within_12m",TRUE,TRUE,FALSE
598,"hydantoin-5-propionate","VWFWNXQAMGDPGG-UHFFFAOYSA-N","HMDB0001212","C05565","True","True",0.46700245729487,0.634447318904849,"True",0.514254637882471,0.552578286891726,"True",0.473621191886985,0.573647357784482,"True",0.518723508066891,0.48040451506793,"within_12m",TRUE,TRUE,FALSE
599,"sulfate*","QAOWNCQODCNURD-UHFFFAOYSA-N","HMDB01448","C00059","True","True",-0.216147897344966,0.616054777048265,"True",-0.201559058043592,0.154706948375976,"True",-0.216325744114629,0.573647357784482,"True",-0.201219602257892,0.214809290668802,"within_12m",TRUE,TRUE,FALSE
600,"4-hydroxyglutamate","HBDWQSHEVMSFGY-SCQFTWEKSA-N","HMDB0001344","C03079","True","True",-0.0841753941084807,0.957523099235529,"True",-0.0888156648003778,0.933353787862313,"True",-0.0898786416321968,0.944957139729006,"True",-0.0965500557678486,0.917016228761593,"within_12m",TRUE,TRUE,FALSE
601,"L-urobilin","TYOWQSLRVAUSMI-WKULSOCRSA-N","HMDB0004159","C05793","False","True",-0.96849460419556,0.471274891192849,"True",-0.981485417110234,0.342416488455456,"True",-0.970754799156997,0.500870271324167,"True",-0.986761690593628,0.390068252620306,"within_12m",TRUE,TRUE,FALSE
602,"pantoate","OTOIIPJYVQJATP-BYPYZUCNSA-N","HMDB0240389","C00522","True","True",-0.0876104704290652,0.973659698358058,"True",-0.0657226155977944,0.967447818138291,"True",-0.0866358060704133,0.965353120323321,"True",-0.0751719100652368,0.935634843259796,"within_12m",TRUE,TRUE,FALSE
603,"sedoheptulose","HSNZZMHEPUFJNZ-SHUUEZRQSA-N","HMDB0003219","C02076","False","True",0.60392194624363,0.550265734182478,"True",0.742785274706266,0.374566592861613,"True",0.6030050606657,0.513454955272446,"True",0.742851226207241,0.364172844669901,"within_12m",TRUE,TRUE,FALSE
604,"norcotinine","FXFANIORDKRCCA-UHFFFAOYSA-N","HMDB0001297","","False","True",0.180629051407691,0.891604198181907,"True",0.134030900833693,0.875859973159426,"True",0.175188050605425,0.905736307167968,"True",0.129169624493251,0.880945885492053,"within_12m",TRUE,TRUE,FALSE
605,"hydroxycotinine","XOKCJXZZNAUIQN-IENPIDJESA-N","HMDB0001390","","False","True",-0.0397016122715756,0.986709548180007,"True",-0.0391549663238135,0.984783502491525,"True",-0.0415147420071922,0.987178571736496,"True",-0.0404645039527028,0.982385186243838,"within_12m",TRUE,TRUE,FALSE
606,"cotinine N-oxide","CIPULDKLIIVIER-VIFPVBQESA-N","HMDB0001411","","False","True",0.179167003827816,0.891604198181907,"True",0.175102819292662,0.857785546660334,"True",0.179160188070209,0.90445232843401,"True",0.175134424436025,0.862895763246396,"within_12m",TRUE,TRUE,FALSE
607,"omeprazole","SUBDBMMJDZJVOS-UHFFFAOYSA-N","HMDB0001913","C07324","False","True",-0.936137809317825,0.274501208105674,"True",-1.00956489914014,0.171594538327097,"True",-0.946817076895394,0.523677548997167,"True",-1.01857080157428,0.409335889911801,"within_12m",TRUE,TRUE,FALSE
608,"atenolol","METKIMKYRPQLGS-UHFFFAOYSA-N","HMDB0001924","D00235","False","True",0.0810011032728627,0.790654872121126,"True",0.0759577473841229,0.720817947277671,"True",0.0917693630297102,0.385334517966758,"True",0.0867216376352138,0.286325541169491,"within_12m",TRUE,TRUE,FALSE
609,"diphenhydramine","ZZVUWRFHKOJYTH-UHFFFAOYSA-N","HMDB0001927","C06960","False","True",0.0432378244304405,0.933560258432609,"True",0.0400237857015659,0.924803169886568,"True",0.0288824299083332,0.965980807301841,"True",0.0256106020733987,0.960042576578117,"within_12m",TRUE,TRUE,FALSE
610,"hydrochlorothiazide","JZUFKLXOESDKRF-UHFFFAOYSA-N","HMDB0001928","C07041","False","True",-0.090311666665244,0.331878581843716,"True",-0.095143767185632,0.229578020797881,"True",-0.0914530082923519,0.860214257520998,"True",-0.0962619952544247,0.764142665524708,"within_12m",TRUE,TRUE,FALSE
611,"ranitidine","VMXUWOKSQNHOCA-UKTHLTGXSA-N","HMDB0001930","D00422","False","True",0.121526868133509,0.779048076620811,"True",0.0785486669457568,0.720817947277671,"True",0.128416483571887,0.244818203838833,"True",0.0830196790297164,0.248299539123894,"within_12m",TRUE,TRUE,FALSE
612,"pseudoephedrine","KWGRBVOPPLSCSI-WCBMZHEXSA-N","HMDB0001943","C02765","False","True",-0.0158836591259635,0.634275095599802,"True",-0.015069883631311,0.554349428208145,"True",-0.0158297887314604,0.920712278031516,"False",NA,NA,"within_12m",FALSE,FALSE,FALSE
613,"S-methylcysteine","IDIDJDIHTAOVLG-VKHMYHEASA-N","HMDB0002108","","True","True",-0.0887290156123109,0.938619853894336,"True",-0.056702287520463,0.937507669861187,"True",-0.0943786043282412,0.928686185046154,"True",-0.0643210796814182,0.898744770564968,"within_12m",TRUE,TRUE,FALSE
614,"androsterone glucuronide","VFUIRAVTUVCQTF-BSOWLZGZSA-N","HMDB0002829","C11135","True","True",-0.710341768230512,0.638173688924854,"True",-0.749061093826909,0.542594023228389,"True",-0.709498953882442,0.608896163822627,"True",-0.748639774859624,0.488730204059266,"within_12m",TRUE,TRUE,FALSE
615,"argininate*","BMFMQGXDDJALKQ-BYPYZUCNSA-N","HMDB0003148","","True","True",-0.237104015589484,0.625050578072282,"True",-0.228452624397585,0.521754420466778,"True",-0.244931546763511,0.625589580592122,"True",-0.231455257128195,0.52437708702597,"within_12m",TRUE,TRUE,FALSE
616,"solanidine","JVKYZPBMZPJNAJ-OQFNDJACSA-N","HMDB0003236","C06543","False","True",0.547442144286987,0.747961951592986,"True",0.549287228276767,0.65011093290066,"True",0.547799962453061,0.788911972156518,"True",0.548470088335299,0.676659634868115,"within_12m",TRUE,TRUE,FALSE
617,"2-oxoarginine*","ARBHXJXXVVHMET-UHFFFAOYSA-N","HMDB0004225","C03771","True","True",-0.14263298616557,0.869094911718171,"True",-0.126740853688094,0.798432880868688,"True",-0.143818402125537,0.878730575651829,"False",NA,NA,"within_12m",FALSE,FALSE,FALSE
618,"cis-4-decenoate (10:1n6)*","XKZKQTCECFWKBN-SREVYHEPSA-N","HMDB0004980","","True","True",0.41797739036017,0.634987975543151,"True",0.432956320204467,0.468422562756805,"True",0.411747187059822,0.684714036417037,"False",NA,NA,"within_12m",FALSE,FALSE,FALSE
619,"atorvastatin","XUKUURHRXDUEBC-KAYWLYCHSA-N","HMDB0005006","D07474,D02258,D00887","False","True",0.558549392671044,0.705576944198638,"True",0.576177671265919,0.601292630305719,"True",0.5579244558607,0.471014273897511,"True",0.576391626586257,0.335307085143404,"within_12m",TRUE,TRUE,FALSE
620,"sertraline","VGKDLMBJGBXTGI-SJCJKPOMSA-N","HMDB0005010","C07246","False","True",0.0179616408810206,0.982647974336207,"True",-0.0116451056923013,0.984783502491525,"True",-0.0008423331954205,0.99723166934078,"True",-0.027635004255105,0.960042576578117,"within_12m",FALSE,TRUE,FALSE
621,"gabapentin","UGJMXCAKCUNAIE-UHFFFAOYSA-N","HMDB0005015","D00332","False","True",0.261696985276579,0.92839539560438,"True",0.2108139170018,0.904715388218868,"True",0.247575697915782,0.928686185046154,"True",0.198448715064102,0.898744770564968,"within_12m",TRUE,TRUE,FALSE
622,"venlafaxine","PNVNVHUZROJLTJ-UHFFFAOYSA-N","HMDB0005016","C07187","False","True",-0.00414596438012715,0.728928173456934,"True",-0.00414596438012541,0.649206823724323,"False",NA,NA,"False",NA,NA,"within_12m",FALSE,FALSE,FALSE
623,"pantoprazole","IQPSEEYGBUAQFF-UHFFFAOYSA-N","HMDB0005017","C11806","False","True",1.40267171319522,0.625050578072282,"True",1.37586697700743,0.531154018748911,"True",1.39686256080718,0.547793129325831,"True",1.37128535720449,0.419562035506925,"within_12m",TRUE,TRUE,FALSE
624,"quetiapine","URKOMYMAXPYINW-UHFFFAOYSA-N","HMDB0005021","D08456,
DG00899,C07397","False","True",0.108170870590273,0.728928173456934,"True",0.104130654526369,0.649206823724323,"True",0.109226396759979,0.438539717896713,"True",0.106580106104232,0.261223888157048,"within_12m",TRUE,TRUE,FALSE
625,"ethyl glucuronide","IWJBVMJWSPZNJH-XWBUKDKVSA-N","HMDB0010325","","False","True",-0.344472786042327,0.640227842768685,"True",-0.327526617983362,0.443614582394484,"True",-0.34068904559863,0.856875202647641,"True",-0.325405702409045,0.729561787912736,"within_12m",TRUE,TRUE,FALSE
626,"1-lignoceroyl-GPC (24:0)","SKJMUADLQLZAGH-WJOKGBTCSA-N","HMDB0010405","","True","True",0.120630137942484,0.951971292052074,"True",0.0656843258863658,0.952768583586684,"True",0.133819581328291,0.928686185046154,"True",0.0826461001684711,0.926532805977279,"within_12m",TRUE,TRUE,FALSE
627,"1-(1-enyl-palmitoyl)-GPC (P-16:0)*","HTZINLFNXLXRBC-CQLBIITFSA-N","HMDB0010407","","True","True",-0.506029633612217,0.232990370237545,"True",-0.491429962703822,0.034908546257623,"True",-0.505855112772511,0.164762729386488,"True",-0.491919224739761,0.0625318684461658,"within_12m",TRUE,TRUE,FALSE
628,"1-methyl-5-imidazoleacetate","UJCGYTCAMOHYCG-UHFFFAOYSA-N","HMDB04988","","True","True",-0.529533213479017,0.720913902386001,"True",-0.511095714288117,0.645706134494875,"True",-0.529061647436146,0.589376822950471,"True",-0.513255232366381,0.48040451506793,"within_12m",TRUE,TRUE,FALSE
629,"glycoursodeoxycholate","GHCZAUBVMUEKKP-XROMFQGDSA-N","HMDB0000708","","True","True",-0.51067975693476,0.8498818250374,"True",-0.500090267355624,0.787168064013575,"True",-0.516765448293536,0.863615906535827,"True",-0.502609267457557,0.779970629232896,"within_12m",TRUE,TRUE,FALSE
630,"tauroursodeoxycholate","BHTRKEVKTKCXOH-BWIGJTJCSA-N","HMDB0000874","","True","True",0.820892232107078,0.704333092669721,"True",0.830136928279228,0.602260086541914,"True",0.817262553075335,0.745105762322228,"True",0.83212481414326,0.63221801061861,"within_12m",TRUE,TRUE,FALSE
631,"3-(4-hydroxyphenyl)propionate","NMHMNPHRMNGLLB-UHFFFAOYSA-N","HMDB0002199","C01744","False","True",0.339289389772738,0.800013628420709,"True",0.286787421329743,0.745797705430532,"False",NA,NA,"False",NA,NA,"within_12m",FALSE,FALSE,FALSE
632,"S-methylcysteine sulfoxide","ZZLHPCSGGOGHFW-UHFFFAOYSA-N","HMDB0029432","","True","True",-0.132844047868675,0.880354456478155,"True",-0.0805403560121421,0.904715388218868,"True",-0.146981320394089,0.876979283382671,"False",NA,NA,"within_12m",FALSE,FALSE,FALSE
633,"(14 or 15)-methylpalmitate (a17:0 or i17:0)","IIUXHTGBZYEGHI-UHFFFAOYSA-N","HMDB0061859","C16995","True","True",0.516780607911859,0.430407960175543,"True",0.537313420344096,0.116279923165794,"True",0.519002547252657,0.491037118066983,"True",0.539968372424699,0.306521169997493,"within_12m",TRUE,TRUE,FALSE
634,"eicosanedioate (C20-DC)","JJOJFIHJIRWASH-UHFFFAOYSA-N","","","True","True",0.235737950804818,0.7867387212119,"True",0.249243543886737,0.601292630305719,"True",0.235246686563564,0.874488746552887,"True",0.249894577028976,0.721584204104508,"within_12m",TRUE,TRUE,FALSE
635,"docosadioate (C22-DC)","DGXRZJSPDXZJFG-UHFFFAOYSA-N","","C14240","True","True",0.0520466867705883,0.964121523549659,"True",0.0922840552476615,0.896870405331021,"True",0.0567352250018939,0.965353120323321,"False",NA,NA,"within_12m",FALSE,FALSE,FALSE
636,"16-hydroxypalmitate","UGAGPNKCDRTDHP-UHFFFAOYSA-N","HMDB0006294","C18218","True","True",0.479459688922419,0.415253476742058,"True",0.499455475524525,0.116279923165794,"True",0.479334786306375,0.383992643358471,"True",0.499860408486123,0.16006911083475,"within_12m",TRUE,TRUE,FALSE
637,"quinine","LOUPRKONTZGTKE-WGFDLZGGSA-N","HMDB0014611","C06526","False","True",-0.000764255690902813,0.731220328681594,"True",-0.000764255690901396,0.65011093290066,"False",NA,NA,"False",NA,NA,"within_12m",FALSE,FALSE,FALSE
638,"oleoyl-linoleoyl-glycerol (18:1/18:2) [1]","BLZVZPYMHLXLHG-RQOIEFAZSA-N","HMDB0007219","","True","True",-1.02428907287505,0.255114287989066,"True",-1.01111065628054,0.225417769945334,"True",-1.01934323874097,0.414485439405315,"True",-1.00065745928107,0.335307085143404,"within_12m",TRUE,TRUE,FALSE
639,"oleoyl-linoleoyl-glycerol (18:1/18:2) [2]","GREDRAMJRDQWEJ-LTEAFHAISA-N","HMDB0007219","","True","True",-1.10572889750459,0.232990370237545,"True",-1.10095037222425,0.194657931636546,"True",-1.10238843235507,0.299226613042662,"True",-1.09310622749291,0.25582425136099,"within_12m",TRUE,TRUE,FALSE
640,"1-(1-enyl-palmitoyl)-GPE (P-16:0)*","QYTPGOPLNFESQC-RLHAVTDZSA-N","HMDB0011152","","True","True",-0.194806722883604,0.636567636487983,"True",-0.181692812289285,0.3531829244535,"True",-0.1942813912925,0.629173566127675,"True",-0.181600185078613,0.441421243854716,"within_12m",TRUE,TRUE,FALSE
641,"1-(1-enyl-stearoyl)-GPE (P-18:0)*","KACDZDULGKPXHT-BIHRDVDLSA-N","HMDB0240598","","True","True",-0.224791232820916,0.640877942032906,"True",-0.209530816744802,0.381290116865646,"True",-0.224776844082427,0.589376822950471,"True",-0.209740592099734,0.441421243854716,"within_12m",TRUE,TRUE,FALSE
642,"doxycycline","JBIWCJUYHHGXTC-VONWRGRHSA-N","HMDB0014399","D00307","False","True",-0.00748850468654465,0.616054777048265,"True",-0.00849496800720899,0.543627792780257,"True",-0.0076723102316168,0.898325050608298,"True",-0.0107280682006617,0.866949286212259,"within_12m",TRUE,TRUE,FALSE
643,"alpha-CEHC glucuronide*","MWDYOFPRWKTECC-UHFFFAOYSA-N","HMDB0062445","","False","True",-0.265986131259077,0.842135149166474,"True",-0.426065341443201,0.593982455343516,"True",-0.264294465052006,0.863615906535827,"True",-0.427505658906905,0.632751441199827,"within_12m",TRUE,TRUE,FALSE
644,"2-oxindole-3-acetate","ILGMGHZPXRDCCS-UHFFFAOYSA-N","HMDB0035514","","False","True",-0.0319314391693169,0.986709548180007,"True",-0.0112352511985596,0.992047901298663,"False",NA,NA,"False",NA,NA,"within_12m",FALSE,FALSE,FALSE
645,"N-oleoyltaurine","KOGRJTUIKPMZEJ-KTKRTIGZSA-N","","","True","True",0.474400417726131,0.591551254936853,"True",0.487437191283117,0.276918888943255,"True",0.474450805529945,0.573647357784482,"True",0.489158017444788,0.349576519889904,"within_12m",TRUE,TRUE,FALSE
646,"linoleoylcarnitine (C18:2)*","MJLXQSQYKZWZCB-DQFWFXSYSA-N","HMDB0006469","","True","True",-0.162437583098601,0.815074785813441,"True",-0.151672364704294,0.649206823724323,"True",-0.162115207775265,0.856875202647641,"True",-0.150292445484588,0.62928567774628,"within_12m",TRUE,TRUE,FALSE
647,"isoleucylglycine","UCGDDTHMMVWVMV-UHFFFAOYSA-N","HMDB0028907","","True","True",0.473122217582221,0.268084269233694,"True",0.489972922569378,0.136803738783059,"True",0.472356056407049,0.47646102799304,"True",0.492125614199876,0.332462881441215,"within_12m",TRUE,TRUE,FALSE
648,"leucylalanine","HSQGMTRYSIHDAC-UHFFFAOYSA-N","HMDB0028922","","True","True",0.104252699158604,0.932366462486156,"True",0.080032754416397,0.904715388218868,"True",0.119410589690208,0.928686185046154,"True",0.101698385359223,0.901732309200494,"within_12m",TRUE,TRUE,FALSE
649,"leucylglycine","LESXFEZIFXFIQR-UHFFFAOYSA-N","HMDB0028929","","False","True",-0.0143664044740358,0.988929499731075,"True",-0.0114293399922071,0.992047901298663,"False",NA,NA,"False",NA,NA,"within_12m",FALSE,FALSE,FALSE
650,"valylleucine","XCTHZFGSVQBHBW-UHFFFAOYSA-N","HMDB0029131","","True","True",-0.420533763489565,0.659041538507331,"True",-0.513366249048838,0.535670094318844,"True",-0.422499268705432,0.678339126444402,"True",-0.514914224006403,0.507706918770645,"within_12m",TRUE,TRUE,FALSE
651,"N-palmitoyltaurine","LPDJCYFKKSLKRO-UHFFFAOYSA-N","","","False","True",0.686131993659452,0.534424784808473,"True",0.570203980744987,0.345227894264535,"False",NA,NA,"False",NA,NA,"within_12m",FALSE,FALSE,FALSE
652,"N-stearoyltaurine","LMIJIHJZVURGQK-UHFFFAOYSA-N","","","True","True",0.294615682038049,0.706288370426304,"True",0.306901576997634,0.420255227377929,"True",0.293207984784861,0.673945360590675,"True",0.306937085907721,0.384299324282702,"within_12m",TRUE,TRUE,FALSE
653,"2-O-methylascorbic acid","RMHBODZVODTFAH-UHFFFAOYSA-N","HMDB0240294","","True","True",-0.184952827105561,0.779048076620811,"True",-0.167442406665119,0.724886439781465,"True",-0.183104979014408,0.788911972156518,"True",-0.167489444148817,0.736531703830524,"within_12m",TRUE,TRUE,FALSE
654,"carboxyethyl-GABA","SRGQUICKDUQCKO-UHFFFAOYSA-N","HMDB0002201","","True","True",-0.0889653716638013,0.933560258432609,"True",-0.0767645277502719,0.904701478610405,"True",-0.0882821438162159,0.928686185046154,"True",-0.0763542355884318,0.880945885492053,"within_12m",TRUE,TRUE,FALSE
655,"beta-citrylglutamate","GAQNUGISBQJMKO-UHFFFAOYSA-N","","C20775","True","True",0.124659874949526,0.891604198181907,"True",0.140836962085126,0.738875591228049,"True",0.125131573837016,0.888606927638337,"True",0.14159847055581,0.735387752059796,"within_12m",TRUE,TRUE,FALSE
656,"rosuvastatin","BPRHUIZQVSMCRT-VEUZHWNKSA-N","HMDB0015230","D01915","False","True",-0.0347396394795894,0.494849464209036,"True",-0.0338592776461399,0.369563675097385,"False",NA,NA,"False",NA,NA,"within_12m",FALSE,FALSE,FALSE
657,"trimethylamine N-oxide","UYPYRKYUKCHHIB-UHFFFAOYSA-N","HMDB0000925","C01104","True","True",-0.575630678225509,0.410629340944375,"True",-0.552518328036683,0.347454848245875,"False",NA,NA,"False",NA,NA,"within_12m",FALSE,FALSE,FALSE
658,"N6-methyllysine","PQNASZJZHFPQLE-LURJTMIESA-N","HMDB0002038","C02728","True","True",-0.179195902345082,0.865585941924816,"True",-0.167469139365689,0.807912985288609,"True",-0.178294845845697,0.876979283382671,"True",-0.166509160466633,0.827462791346729,"within_12m",TRUE,TRUE,FALSE
659,"cis-urocanate","LOIYMIARKYCTBW-UPHRSURJSA-N","HMDB0034174","","True","True",-0.669245692251192,0.534424784808473,"True",-0.596437157267616,0.446733078722612,"False",NA,NA,"False",NA,NA,"within_12m",FALSE,FALSE,FALSE
660,"dihydroferulate","BOLQJTPHPSDZHR-UHFFFAOYSA-N","HMDB0062121","","False","True",0.513553098561621,0.67481421775999,"True",0.420264989862569,0.648230307827127,"False",NA,NA,"False",NA,NA,"within_12m",FALSE,FALSE,FALSE
661,"imidazole propionate","ZCKYOWGFRHAZIQ-UHFFFAOYSA-N","HMDB0002271","","True","True",0.04240011045228,0.977044769737705,"True",0.0617779524435582,0.943887141430153,"False",NA,NA,"False",NA,NA,"within_12m",FALSE,FALSE,FALSE
662,"maprotiline","QSLMDECMDJKHMQ-UHFFFAOYSA-N","HMDB0015069","C07107,D02566","False","True",-0.00414961226405779,0.728928173456934,"True",-0.00414961226405733,0.649206823724323,"True",-0.0060647987089288,0.888606927638337,"True",-0.0060640405967293,0.830309028999247,"within_12m",TRUE,TRUE,FALSE
663,"paroxetine","AHOUBRCZNHFOSL-YOEHRIQHSA-N","HMDB0014853","C07415,D02362","False","True",-0.046956663953713,0.571182946544255,"True",-0.0354311155288426,0.407149842625747,"False",NA,NA,"False",NA,NA,"within_12m",FALSE,FALSE,FALSE
664,"citalopram/escitalopram","WSEQXVZVJXJVFP-FQEVSTJZSA-N","HMDB0005028","D07913","False","True",-0.0669123435990338,0.950103455972402,"True",-0.0363787357368517,0.961738709767977,"True",-0.0697205506948443,0.95728495346398,"True",-0.0379442033320351,0.961259477458997,"within_12m",TRUE,TRUE,FALSE
665,"duloxetine","ZEUITGRIYCTCEM-KRWDZBQOSA-N","HMDB0014619","","False","True",-0.0893429776517934,0.323217023884006,"True",-0.0965868338535573,0.227636967257004,"True",-0.0987336662661119,0.776375516568353,"False",NA,NA,"within_12m",FALSE,FALSE,FALSE
666,"mirtazapine","RONZAEMNMFQXRA-UHFFFAOYSA-N","HMDB0014514","C07570","False","True",-0.0100497564556486,0.728928173456934,"True",-0.00995611770550485,0.649206823724323,"False",NA,NA,"False",NA,NA,"within_12m",FALSE,FALSE,FALSE
667,"pregnanediol-3-glucuronide","ZFFFJLDTCLJDHL-JQYCEVDMSA-N","HMDB0010318","","False","True",-0.291933070436401,0.871296156678076,"True",-0.269534884394584,0.821150130167197,"True",-0.29080260178151,0.878730575651829,"True",-0.26978540950654,0.822904790118241,"within_12m",TRUE,TRUE,FALSE
668,"(15:2)-anacardic acid","KAOMOVYHGLSFHQ-UTOQUPLUSA-N","HMDB0033896","","False","True",-0.0214205409858904,0.984452686039136,"True",0.0336213039708994,0.96694589809692,"False",NA,NA,"False",NA,NA,"within_12m",FALSE,FALSE,FALSE
669,"alliin","XUHLIQGRKRUKPH-ITZCMCNPSA-N","HMDB0033592","C08265","True","True",-0.182400316347086,0.925975861729946,"True",-0.116490710808664,0.937507669861187,"True",-0.173273162890492,0.928686185046154,"False",NA,NA,"within_12m",FALSE,FALSE,FALSE
670,"histidylalanine","FRJIAZKQGSCKPQ-UHFFFAOYSA-N","HMDB0028878","","False","True",0.385330404956314,0.649383890789257,"True",0.306216599208815,0.706559444221797,"False",NA,NA,"False",NA,NA,"within_12m",FALSE,FALSE,FALSE
671,"phenylalanylglycine","GLUBLISJVJFHQS-UHFFFAOYSA-N","HMDB0028995","","False","True",-0.365733614192134,0.598097678966885,"True",-0.540552757849218,0.276621655144282,"False",NA,NA,"False",NA,NA,"within_12m",FALSE,FALSE,FALSE
672,"(15:0)-anacardic acid","ADFWQBGTDJIESE-UHFFFAOYSA-N","HMDB0033896","C10759","False","True",-0.0381778822232176,0.949330150141282,"True",-0.0533323015096095,0.904715388218868,"False",NA,NA,"False",NA,NA,"within_12m",FALSE,FALSE,FALSE
673,"valylglycine","IOUPEELXVYPCPG-UHFFFAOYSA-N","HMDB0029127","","True","True",0.294627734307194,0.746853700175934,"True",0.297038117298491,0.640283932409579,"True",0.295878294342749,0.803202422313388,"False",NA,NA,"within_12m",FALSE,FALSE,FALSE
674,"prolylglycine","RNKSNIBMTUYWSH-YFKPBYRVSA-N","HMDB0011178","","True","True",0.126698747899643,0.880354456478155,"True",0.150223516551548,0.821150130167197,"True",0.125632513274757,0.879846542207038,"True",0.14856675925519,0.811669408435198,"within_12m",TRUE,TRUE,FALSE
675,"N-palmitoylglycine","KVTFEOAKFFQCCX-UHFFFAOYSA-N","HMDB0013034","","True","True",0.170991390581745,0.862812014989596,"True",0.182411111316903,0.627952933455121,"True",0.16925704465927,0.877426156560315,"True",0.181612474844051,0.688129844049815,"within_12m",TRUE,TRUE,FALSE
676,"mannonate*","RGHNJXZEOKUKBD-MBMOQRBOSA-N","","","True","True",0.188143080725912,0.706288370426304,"True",0.200199060546161,0.645706134494875,"True",0.18645307813239,0.739408200731499,"True",0.200334974820099,0.666368998613729,"within_12m",TRUE,TRUE,FALSE
677,"succinimide","KZNICNPSHKQLFF-UHFFFAOYSA-N","","C07273","True","True",-0.215038746447641,0.874782976201546,"True",-0.203472437963727,0.798432880868688,"True",-0.213909278559213,0.903357675679266,"True",-0.20297811671391,0.840192357862207,"within_12m",TRUE,TRUE,FALSE
678,"diglycerol","GPLRAVKSCUXZTP-UHFFFAOYSA-N","","","True","True",-0.252207155093359,0.766759015609992,"True",-0.251670069995914,0.649206823724323,"False",NA,NA,"True",-0.250303601542375,0.736042367078794,"within_12m",FALSE,FALSE,FALSE
679,"norfluoxetine","WIQRCHMSJFFONW-UHFFFAOYSA-N","HMDB0060551","","False","True",-0.0922555040726677,0.542979223467223,"True",-0.0863398144949487,0.407149842625747,"True",-0.0898288550063506,0.888606927638337,"True",-0.0856427517899739,0.830309028999247,"within_12m",TRUE,TRUE,FALSE
680,"lanthionine","DWPCPZJAHOETAG-IMJSIDKUSA-N","","","True","True",0.228672251350417,0.756273191873482,"True",0.261783096145354,0.576711332047548,"False",NA,NA,"True",0.261811795354909,0.656646977816507,"within_12m",FALSE,FALSE,FALSE
681,"2-stearoyl-GPE (18:0)*","KIHAGWUUUHJRMS-JOCHJYFZSA-N","HMDB0011129","","True","True",-0.116907763752935,0.901678413689622,"True",-0.0817966167596915,0.875859973159426,"True",-0.115627500159209,0.928686185046154,"True",-0.0815110714872962,0.895926397034687,"within_12m",TRUE,TRUE,FALSE
682,"(R)-3-hydroxybutyrylcarnitine","UEFRDQSMQXDWTO-UHFFFAOYSA-N","HMDB0013127","","True","True",0.0183974316340405,0.988521206905055,"True",0.0923667943080935,0.924803169886568,"True",0.0183301676907791,0.987774253607679,"True",0.092375416313981,0.918239276480889,"within_12m",TRUE,TRUE,FALSE
683,"N-octanoylglycine","SAVLIIGUQOSOEP-UHFFFAOYSA-N","HMDB0000832","","False","True",-0.53225520304569,0.575090075530887,"True",-0.578097656857765,0.316013233909381,"False",NA,NA,"False",NA,NA,"within_12m",FALSE,FALSE,FALSE
684,"5-hydroxymethyl-2-furoic acid","PCSKKIUURRTAEM-UHFFFAOYSA-N","HMDB0002432","C20448","False","True",-0.915532143612326,0.248657819707594,"True",-0.930642115954808,0.0880150810256941,"True",-0.923903279844797,0.4417862379961,"False",NA,NA,"within_12m",FALSE,FALSE,FALSE
685,"famotidine","XUFQPHANEAPEMJ-UHFFFAOYSA-N","HMDB0001919","D00318","False","True",0.332066388336584,0.616054777048265,"True",0.341716739040986,0.535670094318844,"True",0.333613330354121,0.0767786194674975,"True",0.343139507199006,0.0365508199269164,"within_12m",TRUE,TRUE,FALSE
686,"doxylamine","HCFDWZZGGLSKEP-UHFFFAOYSA-N","HMDB0001936","D07878","False","True",0.179387561925679,0.821508034171585,"True",0.16371735160195,0.772226576436768,"True",0.175806673351264,0.630022258548796,"True",0.160069970032912,0.627208616589337,"within_12m",TRUE,TRUE,FALSE
688,"fexofenadine","RWTNPBWLLIMQHL-UHFFFAOYSA-N","HMDB0005030","C06999","False","True",-0.00414961226405904,0.728928173456934,"True",-0.00414961226406008,0.649206823724323,"True",-0.006052714874122,0.888606927638337,"True",-0.0060524428763265,0.830309028999247,"within_12m",TRUE,TRUE,FALSE
690,"N-acetylcarnosine","BKAYIFDRRZZKNF-VIFPVBQESA-N","HMDB0012881","","True","True",-0.367717186219641,0.571182946544255,"True",-0.357082391131991,0.471857144763795,"True",-0.367791253543111,0.568922214481028,"True",-0.356534551104854,0.500525344008514,"within_12m",TRUE,TRUE,FALSE
691,"margaroylcarnitine (C17)*","DWSFAVOTORHAAL-UHFFFAOYSA-N","HMDB0006210","","True","True",-0.0162270472262207,0.987990676477414,"True",-0.0079241271836795,0.990094371079293,"True",-0.0155182138204934,0.987178571736496,"True",-0.0070579995693509,0.983597097250046,"within_12m",TRUE,TRUE,FALSE
692,"histidine betaine (hercynine)*","GPPYTCRVKHULJH-UHFFFAOYSA-N","HMDB0029422","","True","True",0.103587091609307,0.940548087522928,"True",0.119804943553974,0.904715388218868,"True",0.0970754409156821,0.94289644037195,"True",0.111512571288364,0.911545532297799,"within_12m",TRUE,TRUE,FALSE
693,"glycohyocholate","ZQYUKJFJPJDMMR-JPZDKMBBSA-N","HMDB0000138","","True","True",1.31511303403076,0.312380258890106,"True",1.34173640315938,0.194657931636546,"True",1.32054140852205,0.273026681997262,"True",1.34918678969337,0.163483912853288,"within_12m",TRUE,TRUE,FALSE
694,"taurohyocholate*","XSOLDPYUICCHJX-QZWOQUDZSA-N","HMDB0011637","C15516","False","True",2.95703282086405,0.0243197958737936,"True",3.11571344641466,0.00671090568751851,"True",2.95634768573622,0.0767786194674975,"True",3.11861360257868,0.0365508199269164,"within_12m",TRUE,TRUE,FALSE
695,"retinal","NCYCYZXNIZJOKI-OVSJKPMPSA-N","HMDB0001358","C00376","True","True",-0.752619561891481,0.438974615411543,"True",-0.722625964812473,0.225417769945334,"True",-0.752727586776653,0.442497498692544,"True",-0.724161729854064,0.289591863187917,"within_12m",TRUE,TRUE,FALSE
696,"2-hydroxydecanoate","GHPVDCPCKSNJDR-UHFFFAOYSA-N","HMDB0094656","","True","True",-0.0222231542086092,0.986709548180007,"True",-0.0161132850670297,0.986135052914481,"True",-0.0289499579595838,0.987178571736496,"True",-0.0181502039422611,0.982385186243838,"within_12m",TRUE,TRUE,FALSE
697,"5-hydroxydecanoate","LMHJFKYQYDSOQO-UHFFFAOYSA-N","HMDB0040329","","False","True",-0.620855219544396,0.756273191873482,"True",-0.49159022698076,0.694719003326666,"False",NA,NA,"False",NA,NA,"within_12m",FALSE,FALSE,FALSE
698,"3-methyl catechol sulfate (2)","TZVUCGJSHGKWCJ-UHFFFAOYSA-N","","","False","True",-0.125461835953357,0.969111082335046,"True",-0.0909597104418776,0.96694589809692,"False",NA,NA,"False",NA,NA,"within_12m",FALSE,FALSE,FALSE
699,"4-methylcatechol sulfate","NCOMUGOPQPRVSE-UHFFFAOYSA-N","HMDB0240459","","True","True",-1.00902211704556,0.571182946544255,"True",-0.99729252615257,0.411507068483557,"True",-1.02023948345284,0.47646102799304,"True",-1.00568663703497,0.384299324282702,"within_12m",TRUE,TRUE,FALSE
700,"3-methyl catechol sulfate (1)","HFDKYCXWNHNKAF-UHFFFAOYSA-N","","","True","True",-0.0222262964974962,0.988521206905055,"True",0.0420143253993129,0.984783502491525,"True",-0.0198847574690492,0.988572266306796,"False",NA,NA,"within_12m",FALSE,FALSE,FALSE
701,"2-hydroxyibuprofen","UJHKVYPPCJBOSG-UHFFFAOYSA-N","HMDB0060920","","False","True",-0.0342803941736253,0.987990676477414,"True",-0.0652465349652886,0.979590431718109,"True",-0.0260927233224797,0.987774253607679,"True",-0.0592017184079447,0.969571040930476,"within_12m",TRUE,TRUE,FALSE
702,"carboxyibuprofen","DIVLBIVDYADZPL-UHFFFAOYSA-N","HMDB0060564","","False","True",0.143337076681474,0.939047316937831,"True",0.0695129777159963,0.964149929654582,"True",0.154915213144514,0.928686185046154,"True",0.0795743762381985,0.949383246213765,"within_12m",TRUE,TRUE,FALSE
703,"O-desmethylvenlafaxine","KYYIDSXMWOZKMP-UHFFFAOYSA-N","HMDB0015646","D07793","False","True",-0.0157101817481457,0.616054777048265,"True",-0.0172303625329024,0.535670094318844,"True",-0.015656837006509,0.928686185046154,"True",-0.0174430799983514,0.877489330205671,"within_12m",TRUE,TRUE,FALSE
704,"zolpidem","ZAFYATHCZYHLPB-UHFFFAOYSA-N","HMDB0005023","C07219","False","True",0.13081120325926,0.867408321511711,"True",0.118133355515622,0.826589879892362,"True",0.138575655712818,0.787542257637965,"True",0.125562626627199,0.705179115947292,"within_12m",TRUE,TRUE,FALSE
705,"warfarin","PJVWKTKQMONHTI-UHFFFAOYSA-N","HMDB0001935","
DG00149,D08682,C01541","False","True",-0.156019990945801,0.489366645543462,"True",-0.15960486671138,0.3531829244535,"True",-0.178407448270556,0.866233582388587,"True",-0.182480864697775,0.796937305312324,"within_12m",TRUE,TRUE,FALSE
706,"ketopioglitazone","JMLKLMFMQRAJNI-UHFFFAOYSA-N","","","False","True",-0.0194539903143686,0.634447318904849,"True",-0.0169871432146197,0.554349428208145,"True",-0.0262926084221106,0.928686185046154,"True",-0.0229674466854605,0.873454342509889,"within_12m",TRUE,TRUE,FALSE
707,"hydroxypioglitazone (M-IV)","OXVFDZYQLGRLCD-UHFFFAOYSA-N","","","False","True",-0.0155913713855385,0.625050578072282,"True",-0.0130565387395745,0.531154018748911,"True",-0.020615551555598,0.905736307167968,"True",-0.0172857860478579,0.864188022281478,"within_12m",TRUE,TRUE,FALSE
708,"3beta-hydroxy-5-cholenoate","HIAJCGFYHIANNA-QIZZZRFXSA-N","HMDB0000308","","True","True",0.113092669405644,0.940955755978225,"True",0.0530468269978896,0.974454163854919,"True",0.111271882308836,0.928686185046154,"True",0.0559923838969688,0.958994300655033,"within_12m",TRUE,TRUE,FALSE
709,"guaiacol sulfate","AQTYXAPIHMXAAV-UHFFFAOYSA-N","HMDB0060013","","True","True",-0.4579824424196,0.756273191873482,"True",-0.436551964451592,0.687052576684489,"True",-0.460423675612788,0.763694441852884,"False",NA,NA,"within_12m",FALSE,FALSE,FALSE
710,"2-aminooctanoate","AKVBCGQVQXPRLD-UHFFFAOYSA-N","HMDB0000991","","True","True",0.145885745193318,0.880082080082563,"True",0.162461123064689,0.817982923225258,"True",0.144059773520192,0.905736307167968,"True",0.16159665953793,0.840192357862207,"within_12m",TRUE,TRUE,FALSE
711,"furosemide","ZZUFCTLCJUWOSV-UHFFFAOYSA-N","HMDB0001933","D00331","False","True",0.0988149176662674,0.969111082335046,"True",0.112109535222488,0.943887141430153,"True",0.0938472972948841,0.965353120323321,"True",0.107550503466925,0.934596718983093,"within_12m",TRUE,TRUE,FALSE
712,"gamma-CEHC glucuronide*","NOZSTAZEOBPSBY-UHFFFAOYSA-N","","","False","True",0.0963416620741135,0.968216736762183,"True",0.0746917632915502,0.958721556914424,"True",0.0963976036513384,0.951520137209749,"True",0.074700371641498,0.945929341200195,"within_12m",TRUE,TRUE,FALSE
713,"dimethyl sulfone","HHVIBTZHLRERCL-UHFFFAOYSA-N","HMDB0004983","C11142","True","True",-0.448640129882873,0.607690715462152,"True",-0.429964651524457,0.526371411781846,"True",-0.455819716756377,0.64538652632675,"True",-0.440927251534271,0.612467638501127,"within_12m",TRUE,TRUE,FALSE
714,"guaifenesin","HSRJKNPTNIJEKV-UHFFFAOYSA-N","HMDB0004998","D00337","False","True",-0.152733340670665,0.392510275419282,"True",-0.132604268616236,0.273801996873161,"True",-0.159772390529882,0.838422162559451,"True",-0.139681646941418,0.743126340435999,"within_12m",TRUE,TRUE,FALSE
715,"2-piperidinone","XUWHAWMETYGRKB-UHFFFAOYSA-N","HMDB0011749","","True","True",-0.444152473182577,0.790654872121126,"True",-0.425224435256905,0.740423733470625,"True",-0.442268230539455,0.825620431189875,"False",NA,NA,"within_12m",FALSE,FALSE,FALSE
716,"N-acetyl-1-methylhistidine*","GVRCKHXHWSYDEF-UHFFFAOYSA-N","HMDB0240340","","True","True",-0.589350362737067,0.591551254936853,"True",-0.56001052252255,0.405512676159476,"True",-0.588847771660053,0.513454955272446,"True",-0.559757793953129,0.391950178725596,"within_12m",TRUE,TRUE,FALSE
717,"indolin-2-one","JYGFTBXVXVMTGB-UHFFFAOYSA-N","","C12312","True","True",-0.186603522174079,0.880880773542656,"True",-0.192817217360544,0.826940719358029,"True",-0.194851780625013,0.889072052918522,"False",NA,NA,"within_12m",FALSE,FALSE,FALSE
718,"2,8-quinolinediol sulfate","ZLYUIVZAQHFCNP-UHFFFAOYSA-N","HMDB0240658","","False","True",0.794609483002381,0.616054777048265,"True",0.729153825654857,0.552578286891726,"False",NA,NA,"False",NA,NA,"within_12m",FALSE,FALSE,FALSE
719,"2-aminophenol sulfate","VSTZVCJQGSLNLL-UHFFFAOYSA-N","HMDB0061116","","True","True",0.00404756473100734,0.995479615498565,"True",0.0153251680545167,0.990094371079293,"True",0.0035031168593067,0.995754784439462,"False",NA,NA,"within_12m",FALSE,FALSE,FALSE
720,"3-acetylphenol sulfate","CGFRVKXGZRODPA-UHFFFAOYSA-N","","","False","True",-0.215983221818925,0.903551212429734,"True",-0.21156462136007,0.877976606852706,"True",-0.21673144160019,0.928686185046154,"False",NA,NA,"within_12m",FALSE,FALSE,FALSE
721,"1-stearoyl-GPS (18:0)*","ZPDQFUYPBVXUKS-KEKNWZKVSA-N","HMDB0061698","","False","True",0.110491765972179,0.93048469905844,"True",0.146063344552507,0.864945671603811,"False",NA,NA,"False",NA,NA,"within_12m",FALSE,FALSE,FALSE
722,"sphingomyelin (d18:1/14:0, d16:1/16:0)*","KYICBZWZQPCUMO-PSALXKTOSA-N","HMDB0012097","","True","True",-0.0613233778427614,0.938620224639443,"True",-0.0493070587833065,0.884903157331247,"True",-0.0608979399154344,0.928686185046154,"True",-0.0501178446371279,0.873454342509889,"within_12m",TRUE,TRUE,FALSE
723,"sphingomyelin (d18:2/16:0, d18:1/16:1)*","IWHLTJGDYLJQSH-FLPFCPAFSA-N","HMDB0240638,HMDB0240613","","True","True",-0.222993990564076,0.625050578072282,"True",-0.208495452562359,0.305851472460884,"True",-0.222977898781763,0.547793129325831,"True",-0.20927127113541,0.351934777853035,"within_12m",TRUE,TRUE,FALSE
724,"3-hydroxyadipate","YVOMYDHIQVMMTA-UHFFFAOYSA-N","HMDB0000345","","True","True",0.00514060634176767,0.995479615498565,"True",0.0215548162324437,0.984783502491525,"True",0.0049742272136452,0.995754784439462,"False",NA,NA,"within_12m",FALSE,FALSE,FALSE
725,"meglumine","MBBZMMPHUWSWHV-UHFFFAOYSA-N","HMDB0240291","","False","True",-0.00414961226406065,0.728928173456934,"True",-0.00414961226405754,0.649206823724323,"True",-0.00604674452608,0.888606927638337,"True",-0.0060766338056738,0.830309028999247,"within_12m",TRUE,TRUE,FALSE
726,"1-arachidonoyl-GPA (20:4)","XBFQFMCUPHZKTI-DOFZRALJSA-N","HMDB0062312","","True","True",0.214778989631397,0.815074785813441,"True",0.237407142494816,0.729097169882706,"False",NA,NA,"False",NA,NA,"within_12m",FALSE,FALSE,FALSE
727,"3-hydroxycotinine glucuronide","WALNNKZUGHYSCT-MGKNELHOSA-N","HMDB0001204","","False","True",-0.139189690907811,0.924981843639678,"True",-0.118431269182409,0.904715388218868,"True",-0.137732541399217,0.928686185046154,"True",-0.117411767066957,0.916704979802481,"within_12m",TRUE,TRUE,FALSE
728,"6-oxopiperidine-2-carboxylate","FZXCPFJMYOQZCA-UHFFFAOYSA-N","HMDB0061705","","True","True",0.368498406946578,0.507754447725712,"True",0.382807362682249,0.28866847189111,"True",0.36790173758252,0.47646102799304,"True",0.382918048411635,0.248299539123894,"within_12m",TRUE,TRUE,FALSE
729,"S-allylcysteine","ZFAHNWWNDFHPOH-UHFFFAOYSA-N","HMDB0034323","","True","True",-0.509152068858602,0.640227842768685,"True",-0.486998873577447,0.605507965210776,"False",NA,NA,"False",NA,NA,"within_12m",FALSE,FALSE,FALSE
730,"allopurinol","OFCNXPDARWKPPY-UHFFFAOYSA-N","HMDB0014581","D00224","False","True",-0.135360523013644,0.616054777048265,"True",-0.105846786652876,0.586399162105076,"True",-0.127608912726353,0.928686185046154,"True",-0.09904652331978,0.905784920162162,"within_12m",TRUE,TRUE,FALSE
731,"N-delta-acetylornithine","SRXKAYJJGAAOBP-UHFFFAOYSA-N","HMDB0003357","C00437","True","True",0.439904395800619,0.494849464209036,"True",0.45200434921744,0.342416488455456,"True",0.438318347264667,0.501206095928264,"True",0.451993077191364,0.335307085143404,"within_12m",TRUE,TRUE,FALSE
732,"acisoga","OAUYENAPBFTAQT-UHFFFAOYSA-N","HMDB0061384","","True","True",-0.394617930305438,0.704333092669721,"True",-0.389633872566082,0.586399162105076,"True",-0.393915051169734,0.64538652632675,"True",-0.388594643606017,0.48040451506793,"within_12m",TRUE,TRUE,FALSE
733,"2-aminoheptanoate","RDFMDVXONNIGBC-UHFFFAOYSA-N","HMDB0094649","","True","True",-0.301597638839998,0.298715592902716,"True",-0.284496834100876,0.273801996873161,"True",-0.301585053001166,0.47646102799304,"True",-0.284308451532704,0.390068252620306,"within_12m",TRUE,TRUE,FALSE
734,"benzoylcarnitine*","AWUHAZDZHNWQAG-UHFFFAOYSA-N","","","True","True",0.0249101665189972,0.986709548180007,"True",0.0696262097001786,0.943887141430153,"True",0.0236112152925393,0.987178571736496,"True",0.0699674900721561,0.945929341200195,"within_12m",TRUE,TRUE,FALSE
735,"N-formylanthranilic acid","LLLPDUXGHXIXIW-UHFFFAOYSA-N","HMDB0004089","C05653","True","True",0.298060013227529,0.668687820663629,"True",0.258511541723684,0.529809896353254,"True",0.296047988642209,0.822782498577788,"True",0.258918751434946,0.688129844049815,"within_12m",TRUE,TRUE,FALSE
736,"S-(3-hydroxypropyl)mercapturic acid (HPMA)","FMWPQZPFBAHHMB-UHFFFAOYSA-N","","","False","True",0.143464220356348,0.937919587076881,"True",0.157809100406496,0.894892807778064,"True",0.141152607674756,0.928686185046154,"True",0.158131254657972,0.877966297957988,"within_12m",TRUE,TRUE,FALSE
737,"N2,N5-diacetylornithine","XUYANFPPYJSBPU-UHFFFAOYSA-N","HMDB0240345","","True","True",0.193939462181618,0.89062029400032,"True",0.212830734488924,0.799032036349783,"True",0.188983788637545,0.898325050608298,"True",0.210892654748561,0.796937305312324,"within_12m",TRUE,TRUE,FALSE
738,"1H-indole-7-acetic acid","KNSAWRXCIVESQC-UHFFFAOYSA-N","","","False","True",-0.426370291268543,0.726551497736962,"True",-0.533465470253176,0.593982455343516,"True",-0.424155068370923,0.776375516568353,"True",-0.531546776109535,0.633074164000706,"within_12m",TRUE,TRUE,FALSE
739,"3-methoxytyramine sulfate","ORZHQEJEAKXCJA-UHFFFAOYSA-N","","","True","True",0.410488638016103,0.632947856935218,"True",0.417004294389096,0.443614582394484,"True",0.410308459561315,0.583448675605382,"True",0.424212162098418,0.384299324282702,"within_12m",TRUE,TRUE,FALSE
740,"methionine sulfone","UCUNFLYVYCGDHP-UHFFFAOYSA-N","HMDB0062174","","True","True",0.0584549028763034,0.956486216892354,"True",0.0740709310482682,0.905829482102459,"True",0.0601969885192609,0.938262443532464,"True",0.0730508498880178,0.877966297957988,"within_12m",TRUE,TRUE,FALSE
741,"1-linolenoyl-GPC (18:3)*","WKQNRCYKYCKESD-YHTMAJSVSA-N","HMDB0010388","C04100","True","True",-0.371698132110346,0.232921160258346,"True",-0.352463745214772,0.194657931636546,"True",-0.369850253256031,0.385334517966758,"True",-0.352772869725544,0.306521169997493,"within_12m",TRUE,TRUE,FALSE
742,"N-acetylalliin","CCCNUHFRBBIFHO-CVSPRKDYSA-N","","","False","True",-0.481849164046586,0.791667451977021,"True",-0.404472364781616,0.768669656360632,"False",NA,NA,"False",NA,NA,"within_12m",FALSE,FALSE,FALSE
743,"1-(1-enyl-oleoyl)-GPE (P-18:1)*","URGVIWXYPWWBQO-ZCJATDNESA-N","","","True","True",-0.527823430001351,0.430407960175543,"True",-0.47397013414733,0.157343455363254,"True",-0.527840812788868,0.23087659236693,"False",NA,NA,"within_12m",FALSE,FALSE,FALSE
744,"fructosyllysine","BFSYFTQDGRDJNV-QCNRFFRDSA-N","HMDB0034879","","True","True",0.183230452904926,0.76491224287638,"True",0.198949571819007,0.627952933455121,"True",0.182454623001135,0.747529151870383,"True",0.198912930680905,0.620027956473038,"within_12m",TRUE,TRUE,FALSE
745,"N-methylpipecolate","BPSLZWSRHTULGU-ZCFIWIBFSA-N","","","True","True",-0.154616101417292,0.888572288556398,"True",-0.141580255494737,0.833287047421672,"True",-0.154621564375966,0.904783596045417,"True",-0.142034068553492,0.866949286212259,"within_12m",TRUE,TRUE,FALSE
746,"O-sulfo-tyrosine","CIQHWLTYGMYQQR-QMMMGPOBSA-N","HMDB0155722","","True","True",0.0718015320699194,0.950103455972402,"True",0.0799308532334157,0.89146905539005,"True",0.0717145627448343,0.928686185046154,"True",0.0822667864971909,0.853713139777326,"within_12m",TRUE,TRUE,FALSE
747,"ferulic acid 4-sulfate","PZPATWACAAOHTJ-HWKANZROSA-N","HMDB0029200","","True","True",0.520144001947109,0.728928173456934,"True",0.535770452865052,0.627952933455121,"True",0.508770321335132,0.790040273439938,"True",0.528146078104519,0.676177321366061,"within_12m",TRUE,TRUE,FALSE
748,"3-(3-hydroxyphenyl)propionate sulfate","IQWLPDPKVFZEOK-UHFFFAOYSA-N","HMDB0094710","","False","True",0.0568834340828425,0.984452686039136,"True",0.102400619642326,0.952768583586684,"True",0.0577628471463382,0.983285867704434,"True",0.103647621067426,0.940600674089049,"within_12m",TRUE,TRUE,FALSE
749,"5alpha-androstan-3alpha,17beta-diol 17-glucuronide","ZJYZOWMDMWQJIV-UPDIMMRZSA-N","","","False","True",-0.674393559938077,0.203065442460779,"True",-0.695728797698939,0.0834650461594131,"True",-0.670403029581466,0.442497498692544,"True",-0.693496586124839,0.335307085143404,"within_12m",TRUE,TRUE,FALSE
750,"etiocholanolone glucuronide","VFUIRAVTUVCQTF-ILTUOXSPSA-N","HMDB0004484","","False","True",-0.492641818798829,0.659041538507331,"True",-0.51609583846575,0.640283932409579,"True",-0.477245669483576,0.785338595612902,"True",-0.505140411324893,0.702007206726114,"within_12m",TRUE,TRUE,FALSE
751,"17alpha-hydroxypregnanolone glucuronide","IZDWMNZNEAXAFE-CQQKWVOPSA-N","","","False","True",0.101907254269757,0.969111082335046,"True",0.111979318279406,0.938512049487863,"True",0.0973722522077013,0.965353120323321,"True",0.10973905567412,0.931582737459357,"within_12m",TRUE,TRUE,FALSE
752,"N-acetylmethionine sulfoxide","NPIMMZJBURSMON-UHFFFAOYSA-N","","","False","True",-0.821691031380253,0.547971879039154,"True",-0.703007828936279,0.376681871104714,"True",-0.817851347394626,0.500870271324167,"True",-0.699975786815189,0.390068252620306,"within_12m",TRUE,TRUE,FALSE
753,"N-acetyltaurine","CXJAAWRLVGAKDV-UHFFFAOYSA-N","HMDB0240253","","True","True",0.209333028391625,0.859783253708033,"True",0.232561057201437,0.740423733470625,"True",0.209181409700681,0.860094337374561,"True",0.23130627227359,0.727624604715321,"within_12m",TRUE,TRUE,FALSE
754,"1-oleoyl-GPG (18:1)*","FQQQKGAFQIIGLQ-VYFUBJQISA-N","HMDB0240602","","True","True",0.0909227178729292,0.951971292052074,"True",0.00812016214900916,0.994043335105554,"True",0.0980983254433141,0.928686185046154,"False",NA,NA,"within_12m",FALSE,FALSE,FALSE
755,"1-palmitoyl-GPG (16:0)*","BVJSKAUUFXBDOB-UHFFFAOYSA-N","HMDB0240601","","True","True",-0.0202095540827828,0.986709548180007,"True",-0.0151332013365369,0.984783502491525,"True",-0.023654298869715,0.987178571736496,"True",-0.0150707886141448,0.977163936066928,"within_12m",TRUE,TRUE,FALSE
756,"N-linoleoyltaurine*","YIWODQVLEDDQSF-HZJYTTRNSA-N","","","True","True",0.20700621427076,0.925975861729946,"True",0.271359820581464,0.797568001335094,"True",0.207667014157926,0.90445232843401,"True",0.272154875930763,0.747476612091161,"within_12m",TRUE,TRUE,FALSE
757,"N-acetyl-S-allyl-cysteine","LKRAEHUDIUJBSF-ZETCQYMHSA-N","HMDB0240543","","False","True",-0.660641212323964,0.560147373164604,"True",-0.678971051677812,0.443614582394484,"False",NA,NA,"False",NA,NA,"within_12m",FALSE,FALSE,FALSE
758,"9-hydroxystearate","RKHXDCVAPIMDMG-UHFFFAOYSA-N","HMDB0061661","","True","True",0.518137286758149,0.656078025747242,"True",0.505035776346264,0.446733078722612,"False",NA,NA,"False",NA,NA,"within_12m",FALSE,FALSE,FALSE
759,"3-methylglutarylcarnitine (2)","HFCPFJNSBPQJDP-UHFFFAOYSA-N","HMDB0000552","","True","True",-0.297267593754739,0.778588493008722,"True",-0.279222082706011,0.684368321328408,"True",-0.299064522642772,0.82431063463704,"True",-0.282036342474557,0.719395262001295,"within_12m",TRUE,TRUE,FALSE
760,"methyl glucopyranoside (alpha + beta)","HOVAGTYPODGVJG-ZFYZTMLRSA-N","HMDB0029965","","True","True",-0.561448008089603,0.695550137636389,"True",-0.419685081006887,0.694719003326666,"True",-0.560890249320057,0.685345035021524,"True",-0.418554236825074,0.705179115947292,"within_12m",TRUE,TRUE,FALSE
761,"o-hydroxyatorvastatin","CZBPKFICAYVHHM-JWQCQUIFSA-N","","","False","True",0.579297908134114,0.640227842768685,"True",0.620692022199216,0.556950516808061,"True",0.581189829783652,0.3614608390015,"True",0.621565662053586,0.246313298888152,"within_12m",TRUE,TRUE,FALSE
762,"p-hydroxyatorvastatin","SOZOATLLFFVAPM-KAYWLYCHSA-N","","","False","True",0.546786056225783,0.649383890789257,"True",0.599747836584001,0.559164313582811,"True",0.55267892923674,0.367896240752893,"True",0.604978117302766,0.237216547750453,"within_12m",TRUE,TRUE,FALSE
763,"2-keto-3-deoxy-gluconate","WPAMZTWLKIDIOP-WVZVXSGGSA-N","HMDB0001353","C00204","True","True",0.262190280111294,0.634447318904849,"True",0.275573827471496,0.602260086541914,"True",0.260253865710783,0.596106826509034,"True",0.275286008005782,0.576399030950651,"within_12m",TRUE,TRUE,FALSE
764,"alpha-CEHC sulfate","ZQMMTPNJGWUHCB-UHFFFAOYSA-N","","","False","True",-0.431168883334295,0.812175971063647,"True",-0.452815280938356,0.649206823724323,"True",-0.431399485428732,0.856875202647641,"True",-0.452916235370615,0.688749122134744,"within_12m",TRUE,TRUE,FALSE
765,"alpha-CMBHC glucuronide","DYOFESDCRUIQTB-UHFFFAOYSA-N","","","False","True",-0.233635826728674,0.89062029400032,"True",-0.37557843560013,0.725110176918057,"True",-0.232938999600929,0.898325050608298,"True",-0.374122205885056,0.737889637906262,"within_12m",TRUE,TRUE,FALSE
766,"sphingomyelin (d18:2/14:0, d18:1/14:1)*","SOWIKWJDPCEPOJ-IOBWIPHESA-N","HMDB0240637,HMDB0240612","","True","True",-0.173649481352264,0.76802155771741,"True",-0.158337915846741,0.587028312136414,"True",-0.172643579244168,0.800994616143905,"True",-0.158803174552763,0.676177321366061,"within_12m",TRUE,TRUE,FALSE
767,"sphingomyelin (d18:1/24:1, d18:2/24:0)*","WKZHECFHXLTOLJ-QYKFWSDSSA-N","HMDB0012107","","True","True",-0.280302691793756,0.534424784808473,"True",-0.267133918219807,0.138228804368812,"True",-0.279933791785846,0.471014273897511,"True",-0.26713258032425,0.261223888157048,"within_12m",TRUE,TRUE,FALSE
768,"octadecenedioylcarnitine (C18:1-DC)*","CYPBWZKNUDFJJE-PLNGDYQASA-N","","","True","True",-0.025005062378986,0.986709548180007,"True",-0.0259556162848594,0.979590431718109,"True",-0.03057847456703,0.987178571736496,"True",-0.0281549981042109,0.966654041393169,"within_12m",TRUE,TRUE,FALSE
769,"octadecanedioylcarnitine (C18-DC)*","ULCCGBCYWCYNIC-UHFFFAOYSA-N","","","True","True",-0.0112480111954343,0.988693476493313,"True",-0.00406705353988426,0.995347794690103,"True",-0.0177161046484237,0.987178571736496,"True",-0.0084556645563994,0.983597097250046,"within_12m",TRUE,TRUE,FALSE
770,"N,O-didesmethylvenlafaxine glucuronide","UDNAJOOLWIWCAW-SQBZNDFJSA-N","HMDB0061167","","False","True",-0.00414596438012663,0.728928173456934,"True",-0.00414596438012848,0.649206823724323,"False",NA,NA,"False",NA,NA,"within_12m",FALSE,FALSE,FALSE
771,"5alpha-androstan-3alpha,17beta-diol monosulfate (2)","LERFMBCTNMFXCT-ILBJSTGGSA-N","","","False","True",0.0725712069863225,0.982647974336207,"True",0.189962294611176,0.924803169886568,"True",0.07147495946798,0.987178571736496,"True",0.18831491089124,0.921513187691322,"within_12m",TRUE,TRUE,FALSE
772,"myristoleoylcarnitine (C14:1)*","ABVVZYXTZLEOHP-OLHLWXQYSA-N","HMDB0240588","","True","True",-0.0333644201474635,0.986709548180007,"True",-0.0247010421681472,0.984783502491525,"True",-0.0325827810241633,0.987178571736496,"True",-0.025074942101001,0.977163936066928,"within_12m",TRUE,TRUE,FALSE
773,"N-formylphenylalanine","NSTPXGARCQOSAU-VIFPVBQESA-N","HMDB0240317","","False","True",0.616623477784685,0.616054777048265,"True",0.598023849030297,0.406439010619353,"False",NA,NA,"False",NA,NA,"within_12m",FALSE,FALSE,FALSE
774,"4-hydroxychlorothalonil","MDQKYGOECVSPIW-UHFFFAOYSA-N","HMDB0240624","","True","True",0.0415127647669509,0.980565110436277,"True",0.0551297556310413,0.943887141430153,"True",0.0418307040151996,0.981554318998432,"True",0.0550345396927195,0.931582737459357,"within_12m",TRUE,TRUE,FALSE
775,"isoeugenol sulfate","HRHBRUPGUDLQIF-ONEGZZNKSA-N","","","False","True",0.0803296523977204,0.969971429194474,"True",0.0597788323555922,0.979590431718109,"False",NA,NA,"False",NA,NA,"within_12m",FALSE,FALSE,FALSE
776,"tyramine O-sulfate","DYDUXGMDSXJQFT-UHFFFAOYSA-N","HMDB0006409","","True","True",0.749387742474943,0.616054777048265,"True",0.78238400653567,0.447024387496891,"False",NA,NA,"False",NA,NA,"within_12m",FALSE,FALSE,FALSE
777,"3-hydroxypyridine sulfate","BDERIBJTVYFANV-UHFFFAOYSA-N","","","True","True",-0.0647680933200813,0.984452686039136,"True",-0.0377064242216465,0.984783502491525,"True",-0.0647379969229615,0.987178571736496,"True",-0.0374696032040893,0.982385186243838,"within_12m",TRUE,TRUE,FALSE
778,"4-methylguaiacol sulfate","LILXPJXZNJTPQZ-UHFFFAOYSA-N","","","False","True",-1.0569006886936,0.564806050079913,"True",-1.17992193478674,0.3531829244535,"False",NA,NA,"False",NA,NA,"within_12m",FALSE,FALSE,FALSE
779,"maltol sulfate","PVWYGTJERKKPRW-UHFFFAOYSA-N","","","False","True",0.320245928521702,0.88118467804561,"True",0.341395091919229,0.826940719358029,"False",NA,NA,"False",NA,NA,"within_12m",FALSE,FALSE,FALSE
780,"phenylacetylcarnitine","DZTZJNGATJMDSH-CYBMUJFWSA-N","","","True","True",-0.0874495416818842,0.964121523549659,"True",-0.0799006532427362,0.938512049487863,"True",-0.086737117930151,0.949942522025778,"False",NA,NA,"within_12m",FALSE,FALSE,FALSE
781,"arabonate/xylonate","QXKAIJAYHKCRRA-JJYYJPOSSA-N","HMDB0000539","C00502,C05411","True","True",0.118884449069866,0.872545697206833,"True",0.129194002302208,0.822584893163442,"True",0.117621973454086,0.876979283382671,"True",0.129454079252529,0.827462791346729,"within_12m",TRUE,TRUE,FALSE
782,"methyl-4-hydroxybenzoate sulfate","IBEAHXYYSZWGED-UHFFFAOYSA-N","HMDB0041646","","True","True",0.928129711560743,0.571182946544255,"True",0.964510567929425,0.36249017963071,"False",NA,NA,"False",NA,NA,"within_12m",FALSE,FALSE,FALSE
783,"1-dihomo-linolenylglycerol (20:3)","LERKRWCYZNDWFH-QNEBEIHSSA-N","HMDB0011577","","True","True",-0.33074174761025,0.728696303357368,"True",-0.306663048301818,0.548499633557303,"True",-0.331921664122284,0.763694441852884,"True",-0.309855289468273,0.62556705841328,"within_12m",TRUE,TRUE,FALSE
784,"N-acetylhistamine","XJWPISBUKWZALE-UHFFFAOYSA-N","HMDB0013253","C05135","False","True",0.232123020548925,0.880880773542656,"True",0.22265642235038,0.864945671603811,"False",NA,NA,"False",NA,NA,"within_12m",FALSE,FALSE,FALSE
785,"vanillic alcohol sulfate","LGXHPUANUXIBJQ-UHFFFAOYSA-N","HMDB0041788","","True","True",0.289384455371294,0.903551212429734,"True",0.326106776629099,0.854737241529273,"False",NA,NA,"False",NA,NA,"within_12m",FALSE,FALSE,FALSE
786,"4-vinylguaiacol sulfate","FKCHAXAGQVCJPN-UHFFFAOYSA-N","HMDB0127980","","True","True",0.0466278240662249,0.986709548180007,"True",0.117018677322298,0.951864165647985,"False",NA,NA,"True",0.117624364318733,0.945162480830864,"within_12m",FALSE,FALSE,FALSE
787,"vanillactate","SVYIZYRTOYHQRE-UHFFFAOYSA-N","HMDB0000913","","True","True",-0.119256522136106,0.932366462486156,"True",-0.104182317987071,0.890346546720237,"True",-0.115244987822761,0.928686185046154,"True",-0.0973383166114766,0.869327645417334,"within_12m",TRUE,TRUE,FALSE
788,"eugenol sulfate","XWAZTQUZONPJEW-UHFFFAOYSA-N","HMDB0135245","","True","True",1.16717464509872,0.430407960175543,"True",1.19771733796432,0.273801996873161,"False",NA,NA,"False",NA,NA,"within_12m",FALSE,FALSE,FALSE
789,"pregnanolone/allopregnanolone sulfate","MENQCIVHHONJLU-GQCBXAOTSA-N","HMDB0240591,HMDB0062782","C05480","False","True",-0.257649835236145,0.756159071622652,"True",-0.295372904765872,0.640283932409579,"False",NA,NA,"True",-0.293951335004715,0.736531703830524,"within_12m",FALSE,FALSE,FALSE
790,"2-methoxyresorcinol sulfate","ARLAWMCEVZUXEY-UHFFFAOYSA-N","","","True","True",-0.51462729867321,0.653554806611746,"True",-0.45982227403629,0.649206823724323,"False",NA,NA,"False",NA,NA,"within_12m",FALSE,FALSE,FALSE
791,"2-acetamidophenol sulfate","JCVGTUVGDOWZJE-UHFFFAOYSA-N","","","False","True",-0.385011284494804,0.800068514083477,"True",-0.4318252263569,0.702576717420341,"False",NA,NA,"False",NA,NA,"within_12m",FALSE,FALSE,FALSE
792,"p-cresol glucuronide*","JPAUCQAJHLSMQW-XPORZQOISA-N","HMDB0011686","","False","True",-0.507223322002203,0.865585941924816,"True",-0.5886158350848,0.765327190980502,"True",-0.506458114939618,0.866233582388587,"True",-0.58657849391592,0.747455042584454,"within_12m",TRUE,TRUE,FALSE
793,"acesulfame","YGCFIWIQZPHFLU-UHFFFAOYSA-N","HMDB0033585","","False","True",0.237222447732438,0.951971292052074,"True",0.233549122660404,0.937507669861187,"False",NA,NA,"True",0.265134465798307,0.927490510106652,"within_12m",FALSE,FALSE,FALSE
794,"propyl 4-hydroxybenzoate","QELSKZZBTMNZEB-UHFFFAOYSA-N","HMDB0032574","D01422","False","True",0.564734176538746,0.728928173456934,"True",0.619636868943084,0.649206823724323,"False",NA,NA,"False",NA,NA,"within_12m",FALSE,FALSE,FALSE
795,"valsartan","ACWBQPMHZXGDFX-UHFFFAOYSA-N","HMDB0014323","","False","True",-0.0906085526583269,0.471274891192849,"True",-0.09285603006297,0.345227894264535,"True",-0.0919311535503082,0.889072052918522,"True",-0.0932889744528139,0.83122221530521,"within_12m",TRUE,TRUE,FALSE
796,"olmesartan","VTRAEEWXHOVJFV-UHFFFAOYSA-N","HMDB0014420","D05246","False","True",-0.0240312531764109,0.634447318904849,"True",-0.0242760780833753,0.575855516393977,"True",-0.0252083852270403,0.904783596045417,"True",-0.0254866843484515,0.866949286212259,"within_12m",TRUE,TRUE,FALSE
797,"syringol sulfate","UDIAPBFEZFMUCP-UHFFFAOYSA-N","","","False","True",0.154145072551106,0.933003438766831,"True",0.158674524661627,0.904715388218868,"False",NA,NA,"True",0.158726419289628,0.898744770564968,"within_12m",FALSE,FALSE,FALSE
798,"6-hydroxyindole sulfate","QRHHXPIYYXPEMG-UHFFFAOYSA-N","HMDB0000682","","True","True",-0.308769202892013,0.8498818250374,"True",-0.332807259263038,0.745797705430532,"True",-0.312925172763418,0.856875202647641,"True",-0.335349971438346,0.729561787912736,"within_12m",TRUE,TRUE,FALSE
799,"4-methoxyphenol sulfate","IGTMFIJOUADBDC-UHFFFAOYSA-N","","","False","True",0.193241805870864,0.925975861729946,"True",0.199545020671195,0.89146905539005,"False",NA,NA,"False",NA,NA,"within_12m",FALSE,FALSE,FALSE
800,"propyl 4-hydroxybenzoate sulfate","WEKBGFBWJOHXKR-UHFFFAOYSA-N","HMDB0135261","","False","True",0.517810815252965,0.862812014989596,"True",0.463771960385903,0.826940719358029,"False",NA,NA,"False",NA,NA,"within_12m",FALSE,FALSE,FALSE
801,"umbelliferone sulfate","LJOOSFYJELZGMR-UHFFFAOYSA-N","HMDB0240565","","True","True",0.738590802445693,0.631863134660954,"True",0.799049775757729,0.508674266370899,"False",NA,NA,"True",0.804422463702081,0.457511620815746,"within_12m",FALSE,FALSE,FALSE
802,"sphingomyelin (d18:1/20:0, d16:1/22:0)*","AADLTHQNYQJHQV-SVLGDMRNSA-N","HMDB0012102","","True","True",-0.300690604697257,0.572865461036842,"True",-0.285690215622972,0.229048066240218,"True",-0.299966788271884,0.442497498692544,"True",-0.285954409984375,0.329834913428571,"within_12m",TRUE,TRUE,FALSE
803,"sphingomyelin (d18:1/20:1, d18:2/20:0)*","MDRFMTLYKHBJTF-YECRPIIFSA-N","HMDB0240610,HMDB0240632","","True","True",-0.292437898302763,0.541126525579616,"True",-0.276786219006317,0.271875259518813,"True",-0.295065313866796,0.44927798591374,"True",-0.280146097446839,0.348943118065099,"within_12m",TRUE,TRUE,FALSE
804,"sphingomyelin (d18:1/20:2, d18:2/20:1, d16:1/22:2)*","YVTVVJRJLRHYSJ-COUPUTHFSA-N","","","True","True",-0.237202500024992,0.649383890789257,"True",-0.229671423514448,0.42425480041998,"True",-0.236443195359495,0.64538652632675,"True",-0.229878196678503,0.487502965699851,"within_12m",TRUE,TRUE,FALSE
805,"behenoyl sphingomyelin (d18:1/22:0)*","FJJANLYCZUNFSE-TWKUQIQBSA-N","HMDB0012103","","True","True",-0.277576387927052,0.616054777048265,"True",-0.26294838127774,0.285857222639734,"True",-0.276631446099843,0.501206095928264,"True",-0.262850247161861,0.351085088181267,"within_12m",TRUE,TRUE,FALSE
806,"sphingomyelin (d18:1/22:1, d18:2/22:0, d16:1/24:1)*","VBFKEZGCUWHGSK-ADSSWVSQSA-N","HMDB0012104","","True","True",-0.214693837901787,0.625050578072282,"True",-0.198975725136475,0.319468095096083,"True",-0.214861492966993,0.559590089822638,"True",-0.20076951645146,0.431799495396124,"within_12m",TRUE,TRUE,FALSE
807,"sphingomyelin (d18:1/22:2, d18:2/22:1, d16:1/24:2)*","BBJBWENPFZYXKM-CUYAXJSGSA-N","HMDB0240670,HMDB0240672,HMDB0240669","","True","True",-0.093240825435005,0.864961022928201,"True",-0.0790683487176835,0.753549015981599,"True",-0.0925404257126547,0.880003889413317,"True",-0.0792926249238275,0.830309028999247,"within_12m",TRUE,TRUE,FALSE
808,"lignoceroyl sphingomyelin (d18:1/24:0)","QEDPUVGSSDPBMD-XTAIVQBESA-N","HMDB0011697","","True","True",-0.230688640969376,0.681245875377457,"True",-0.215719781407407,0.407149842625747,"True",-0.228952464467059,0.6092349712286,"True",-0.215137326051614,0.479655901179859,"within_12m",TRUE,TRUE,FALSE
809,"sphingomyelin (d17:1/16:0, d18:1/15:0, d16:1/17:0)*","LQINJRUGTUOHGS-YPDYIYJKSA-N","HMDB0240617,HMDB0240608","","True","True",-0.112481420825479,0.876968348205018,"True",-0.100187982252891,0.719040733821279,"True",-0.111214835960203,0.866233582388587,"True",-0.0996045524210248,0.751819554839438,"within_12m",TRUE,TRUE,FALSE
810,"dopamine 4-sulfate","DEKNNWJXAQTLFA-UHFFFAOYSA-N","HMDB0004148","C13691","True","True",0.599237852262616,0.616054777048265,"True",0.612297980621096,0.475062062347564,"True",0.603062607791955,0.491037118066983,"True",0.621402928497749,0.335307085143404,"within_12m",TRUE,TRUE,FALSE
811,"dopamine 3-O-sulfate","NZKRYJGNYPYXJZ-UHFFFAOYSA-N","HMDB0006275","C13690","True","True",0.492242710216212,0.616054777048265,"True",0.497612094312267,0.471743540055415,"True",0.497333391651585,0.527531640372649,"True",0.508672200796421,0.364172844669901,"within_12m",TRUE,TRUE,FALSE
812,"daidzein sulfate (2)","CQRHJEVIKOKQMO-UHFFFAOYSA-N","","","False","True",-0.836694031805404,0.248657819707594,"True",-0.896839304710855,0.129364509930531,"False",NA,NA,"False",NA,NA,"within_12m",FALSE,FALSE,FALSE
813,"3-hydroxyhexanoate","HPMGFDVTYHWBAG-UHFFFAOYSA-N","HMDB0061652,HMDB0010718","","True","True",0.197785012685227,0.862812014989596,"True",0.205018242098176,0.68379648559767,"True",0.197679283778159,0.860094337374561,"True",0.204816493815236,0.627908428508981,"within_12m",TRUE,TRUE,FALSE
814,"N-carbamoylalanine","LUSWEUMSEVLFEQ-UHFFFAOYSA-N","","","True","True",-0.162942591465134,0.92839539560438,"True",-0.193847819572619,0.857046546839784,"False",NA,NA,"False",NA,NA,"within_12m",FALSE,FALSE,FALSE
815,"3beta-hydroxy-5-cholestenoate","WVXOMPRLWLXFAP-AMQKJUDNSA-N","HMDB0012453","C17333","True","True",0.160043612072951,0.756273191873482,"True",0.173188213005337,0.587451132705477,"True",0.159033050382319,0.856875202647641,"True",0.173055586521905,0.670692595241329,"within_12m",TRUE,TRUE,FALSE
816,"1,2,3-benzenetriol sulfate (1)","NGVLEQPKHLWZLN-UHFFFAOYSA-N","","","False","True",-0.463339213341287,0.72087224447134,"True",-0.449630506758363,0.687026179275186,"False",NA,NA,"True",-0.451514514391482,0.736531703830524,"within_12m",FALSE,FALSE,FALSE
817,"1,2,3-benzenetriol sulfate (2)","NGVLEQPKHLWZLN-UHFFFAOYSA-N","HMDB0060018,HMDB0060016","","True","True",-0.114159886229768,0.933560258432609,"True",-0.0947690813449766,0.930138912235325,"False",NA,NA,"True",-0.0889520168870954,0.946034311545916,"within_12m",FALSE,FALSE,FALSE
818,"3-methoxycatechol sulfate (1)","NTXOJWKIHIOUQN-UHFFFAOYSA-N","","","True","True",-0.584391143610533,0.605417378417204,"True",-0.570976286621112,0.510074770170897,"False",NA,NA,"True",-0.570388949501659,0.548141786976397,"within_12m",FALSE,FALSE,FALSE
819,"3-methoxycatechol sulfate (2)","NTXOJWKIHIOUQN-UHFFFAOYSA-N","","","False","True",-0.490373672552104,0.640227842768685,"True",-0.460919501698702,0.586949901625404,"False",NA,NA,"False",NA,NA,"within_12m",FALSE,FALSE,FALSE
820,"N-acetylkynurenine (2)","PPIMFXHQDQRWGJ-JTQLQIEISA-N","HMDB0240342","","True","True",-0.0557214158516325,0.980565110436277,"True",-0.116402341410222,0.924803169886568,"True",-0.0589575852813858,0.978430478957147,"True",-0.116090924199399,0.911545532297799,"within_12m",TRUE,TRUE,FALSE
821,"C-glycosyltryptophan","CPXSBHKDEPPWIX-RAYCSJGISA-N","HMDB0240296","","True","True",0.0955985709970463,0.919129209052446,"True",0.10348264047545,0.833287047421672,"True",0.0939379523240091,0.911336625268797,"True",0.105224328532973,0.829554406346201,"within_12m",TRUE,TRUE,FALSE
822,"tramadol","TVYLLZQTGLZFBW-ZBFHGGJFSA-N","HMDB0014339","C07153","False","True",0.0879298328162759,0.969971429194474,"True",0.112187212897166,0.94287750000942,"True",0.0920312685400751,0.976415052864609,"False",NA,NA,"within_12m",FALSE,FALSE,FALSE
823,"O-desmethyltramadol","UWJUQVWARXYRCG-UHFFFAOYSA-N","HMDB0060997","","False","True",0.278832234778647,0.899359337113473,"True",0.230534504687467,0.884903157331247,"True",0.281660145934817,0.905736307167968,"True",0.23233994924197,0.873454342509889,"within_12m",TRUE,TRUE,FALSE
824,"O-desmethyltramadol glucuronide","DSBGQRZOJXSECT-VFUSOVNCSA-N","HMDB0060856","","False","True",0.0894627768353,0.969111082335046,"True",0.106129442687138,0.941167272614689,"True",0.0949306849330926,0.965353120323321,"True",0.110387942157698,0.931582737459357,"within_12m",TRUE,TRUE,FALSE
825,"N-desmethyl tramadol","VUMQHLSPUAFKKK-DZGCQCFKSA-N","HMDB0061007","","False","True",0.0243874017489299,0.987990676477414,"True",0.0378096934978138,0.984783502491525,"True",0.0358618268662675,0.987178571736496,"True",0.0467148764280747,0.977163936066928,"within_12m",TRUE,TRUE,FALSE
826,"arabitol/xylitol","HEBKCHPVOIAQTA-IMJSIDKUSA-N","HMDB0001851,HMDB0000568,HMDB0002917","C00379,C00542,C01904","True","True",0.0995573053857235,0.856357264387178,"True",0.115811202523861,0.799290086985876,"True",0.100017091418822,0.876979283382671,"True",0.11569267221675,0.796673135830674,"within_12m",TRUE,TRUE,FALSE
827,"N-acetylglucosamine/N-acetylgalactosamine","OVRNDRQMDRJTHS-FMDGEEDCSA-N","HMDB0000212,HMDB0000215","C01074","True","True",-0.0987952562374809,0.880354456478155,"True",-0.0847557945065333,0.702576717420341,"True",-0.098985788003883,0.89121497618183,"True",-0.0842008794931178,0.721639931580446,"within_12m",TRUE,TRUE,FALSE
828,"citraconate/glutaconate","HNEGQIOMVPPMNR-IHWYPQMZSA-N","HMDB0000634,HMDB0000620","C02226,C02214","True","True",-0.218358719191626,0.891604198181907,"True",-0.180666437597234,0.894892807778064,"True",-0.217510868740345,0.928686185046154,"True",-0.181091947925343,0.898744770564968,"within_12m",TRUE,TRUE,FALSE
829,"adipoylcarnitine (C6-DC)","BSVHAXJKBCWVDA-UHFFFAOYSA-N","HMDB0061677","","True","True",-0.234924262762007,0.823567361276336,"True",-0.226720184820331,0.649206823724323,"True",-0.233011505765266,0.81425771755904,"True",-0.224641421350059,0.618773744784475,"within_12m",TRUE,TRUE,FALSE
830,"4-hydroxyphenylacetoylcarnitine","RLMMGDAPWBGWEF-UHFFFAOYSA-N","","","True","True",-0.137737581000393,0.925975861729946,"True",-0.135590166241429,0.862136397259902,"True",-0.147264843666462,0.928686185046154,"True",-0.14421368309266,0.872412778004457,"within_12m",TRUE,TRUE,FALSE
831,"nonanoylcarnitine (C9)","MPSPNFAQQQMFLK-UHFFFAOYSA-N","HMDB0013288","","True","True",-0.076471456026037,0.969971429194474,"True",-0.12623741140573,0.904715388218868,"True",-0.0753191593211144,0.965353120323321,"True",-0.12413357472611,0.891003474338417,"within_12m",TRUE,TRUE,FALSE
832,"suberoylcarnitine (C8-DC)","YVWVEIPYMGBQPE-UHFFFAOYSA-N","","","True","True",-0.035117037756255,0.986709548180007,"True",-0.0483851015476005,0.979590431718109,"True",-0.0335173562395147,0.987178571736496,"True",-0.046040261806319,0.967972128458937,"within_12m",TRUE,TRUE,FALSE
833,"glycocholate sulfate","ZXUWKFXQTSOVDY-FTKNGHMZSA-N","","","False","True",0.618311506263568,0.550265734182478,"True",0.713470574045982,0.380089218948179,"True",0.617695682952882,0.589376822950471,"True",0.712825263762552,0.439222305061591,"within_12m",TRUE,TRUE,FALSE
834,"glycochenodeoxycholate 3-sulfate","DKXXSIJHWWVNMO-ISIKUUMTSA-N","HMDB0002409,HMDB0002496,HMDB0002497","","True","True",0.347404623603329,0.789423051590922,"True",0.3550578659125,0.688308582751587,"True",0.356140590059503,0.82441161363005,"True",0.36983632562227,0.688749122134744,"within_12m",TRUE,TRUE,FALSE
835,"glycodeoxycholate 3-sulfate","QJZCNFGUZPMYAX-WWZCPACMSA-N","","","False","True",-1.14220465077384,0.598097678966885,"True",-1.23901236732731,0.456275577725209,"True",-1.13610078305992,0.552423625547267,"True",-1.23266748659015,0.446890599543296,"within_12m",TRUE,TRUE,FALSE
836,"taurodeoxycholic acid 3-sulfate","UCVGCHGIKFWAGH-WQVRBXQRSA-N","","","False","True",-0.537188638538478,0.809843246933974,"True",-0.526891121675007,0.74233003894224,"True",-0.530506221349289,0.85296116318833,"True",-0.521364953727438,0.747455042584454,"within_12m",TRUE,TRUE,FALSE
837,"trans-3,4-methyleneheptanoate","VFMNSFWBDMRNLJ-UHFFFAOYSA-N","","","True","True",0.663314659264568,0.459455290469122,"True",0.664417234672093,0.224610633042578,"True",0.653140276443744,0.513454955272446,"True",0.656354674870158,0.335307085143404,"within_12m",TRUE,TRUE,FALSE
838,"phenol glucuronide","WVHAUDNUGBNUDZ-GOVZDWNOSA-N","HMDB0060014","","False","True",0.0457036683852158,0.986709548180007,"True",0.0482117469026241,0.984783502491525,"True",0.0469905335599323,0.987178571736496,"True",0.0496469220346789,0.977163936066928,"within_12m",TRUE,TRUE,FALSE
839,"linoleoyl ethanolamide","KQXDGUVSAAQARU-HZJYTTRNSA-N","HMDB0012252","","True","True",-0.149027351666861,0.874782976201546,"True",-0.129401805813015,0.762981433407521,"True",-0.147050139909461,0.894248112093751,"True",-0.126121686050146,0.816570654972881,"within_12m",TRUE,TRUE,FALSE
840,"1,2-dilinoleoyl-GPC (18:2/18:2)","FVXDQWZBHIXIEJ-LNDKUQBDSA-N","HMDB0008138","","True","True",-0.0949889699925963,0.880880773542656,"True",-0.0757190889834467,0.888867309429428,"True",-0.0947035381003817,0.889072052918522,"True",-0.0787961926226517,0.866949286212259,"within_12m",TRUE,TRUE,FALSE
841,"1-stearoyl-2-oleoyl-GPC (18:0/18:1)","ATHVAWFAEPLPPQ-VRDBWYNSSA-N","HMDB0008038","","True","True",-0.134340558063717,0.728928173456934,"True",-0.120392701881171,0.508674266370899,"True",-0.133621024723519,0.698974439937652,"True",-0.120805418559235,0.596334700215226,"within_12m",TRUE,TRUE,FALSE
842,"1-palmitoyl-2-arachidonoyl-GPC (16:0/20:4n6)","IIZPXYDJLKNOIY-JXPKJXOSSA-N","HMDB0007982","C05208","True","True",-0.204585950354221,0.550265734182478,"True",-0.190171194721165,0.374566592861613,"True",-0.204442260591836,0.47646102799304,"True",-0.191224785942462,0.441421243854716,"within_12m",TRUE,TRUE,FALSE
843,"1-palmitoyl-2-docosahexaenoyl-GPC (16:0/22:6)","IESVDEZGAHUQJU-ZLBXKVHBSA-N","HMDB0007991","","True","True",-0.326171302245644,0.459455290469122,"True",-0.313940264755777,0.27990328631257,"True",-0.328448122052034,0.442497498692544,"True",-0.315920180727928,0.390068252620306,"within_12m",TRUE,TRUE,FALSE
844,"1-stearoyl-2-docosahexaenoyl-GPC (18:0/22:6)","FAUYAENFVCNTAL-PFFNLMTBSA-N","HMDB0008057","","True","True",-0.37126408238821,0.489366645543462,"True",-0.35491703288183,0.273801996873161,"True",-0.374405826719801,0.442497498692544,"True",-0.360289694432733,0.364172844669901,"within_12m",TRUE,TRUE,FALSE
845,"1-(1-enyl-stearoyl)-2-oleoyl-GPE (P-18:0/18:1)","XVYPOHCSLJZFED-QZEVRULJSA-N","HMDB0011375","","True","True",0.0629582549850649,0.932366462486156,"True",0.0783488930716984,0.833287047421672,"True",0.0632055302195073,0.928686185046154,"True",0.077875794926518,0.869327645417334,"within_12m",TRUE,TRUE,FALSE
846,"sphingomyelin (d18:1/17:0, d17:1/18:0, d19:1/16:0)","YMQZQHIESOAPQH-JXGHDCMNSA-N","HMDB0240620,HMDB0240609,HMDB0240622","","True","True",-0.253303782208496,0.625050578072282,"True",-0.239537959579117,0.354246733256717,"True",-0.252456483956538,0.525098167095897,"True",-0.239423641368597,0.384299324282702,"within_12m",TRUE,TRUE,FALSE
847,"1-palmitoyl-2-stearoyl-GPC (16:0/18:0)","PZNPLUBHRSSFHT-RRHRGVEJSA-N","HMDB0007970","C03889","True","True",-0.147457377566049,0.67481421775999,"True",-0.133481749854548,0.358237133893581,"True",-0.147523143144127,0.67077906163916,"True",-0.133525560233269,0.48040451506793,"within_12m",TRUE,TRUE,FALSE
848,"2-hydroxybutyrate/2-hydroxyisobutyrate","AFENDNXGAFYKQO-UHFFFAOYSA-N","HMDB0000729,HMDB00008","C21297,C05984","True","True",-0.239574445968218,0.779048076620811,"True",-0.236276532784416,0.745797705430532,"True",-0.238861717648291,0.82431063463704,"True",-0.229628733848028,0.779970629232896,"within_12m",TRUE,TRUE,FALSE
849,"2-methylcitrate/homocitrate","YNOXCRMFGMSKIJ-UHFFFAOYSA-N","HMDB0003518,HMDB0000379","C01251","True","True",0.0164185346775072,0.986709548180007,"True",0.0185640270345764,0.979590431718109,"True",0.0142904961779562,0.987178571736496,"True",0.0198565596124008,0.966642630624207,"within_12m",TRUE,TRUE,FALSE
850,"oleate/vaccenate (18:1)","ZQPPMHVWECSIRJ-KTKRTIGZSA-N","HMDB0003231,HMDB0000573,HMDB0240219,HMDB0000207","C21944,C08367,C01712,C00712","True","True",0.196754927853107,0.791667451977021,"True",0.219558357138697,0.587028312136414,"False",NA,NA,"False",NA,NA,"within_12m",FALSE,FALSE,FALSE
851,"2-hydroxylaurate","YDZIJQXINJLRLL-UHFFFAOYSA-N","","","True","True",-0.011804309675892,0.99247971124157,"True",-0.0325921643294312,0.984783502491525,"False",NA,NA,"False",NA,NA,"within_12m",FALSE,FALSE,FALSE
852,"aripiprazole","CEUORZQYGODEFX-UHFFFAOYSA-N","HMDB0005042","C12564","False","True",-0.00414961226405812,0.728928173456934,"True",-0.00414961226405788,0.649206823724323,"True",-0.0060579829708976,0.888606927638337,"True",-0.0060745607037769,0.830309028999247,"within_12m",TRUE,TRUE,FALSE
853,"pregabalin","AYXYPKUFHZROOJ-UHFFFAOYSA-N","HMDB0014375","","False","True",-0.0154115480362777,0.987990676477414,"True",-0.0401536647754025,0.968496420418043,"True",-0.002484283685597,0.995754784439462,"True",-0.023778897035709,0.981880553635197,"within_12m",TRUE,TRUE,FALSE
854,"enalapril","GBXSMTUPTTWBMN-UHFFFAOYSA-N","HMDB0014722","C06977,D03769,DG00335","False","True",-0.0041496122640599,0.728928173456934,"True",-0.00414961226405983,0.649206823724323,"True",-0.0060846089054848,0.888606927638337,"True",-0.006058249431512,0.830309028999247,"within_12m",TRUE,TRUE,FALSE
855,"rivaroxaban","KGFYHTZWPPHNLQ-UHFFFAOYSA-N","","","False","True",-0.0301852499046355,0.591551254936853,"True",-0.0313165105266562,0.45339205111802,"False",NA,NA,"False",NA,NA,"within_12m",FALSE,FALSE,FALSE
856,"1-palmitoleoylglycerol (16:1)*","KVYUBFKSKZWZSV-BQYQJAHWSA-N","HMDB0011565","","True","True",-0.099967116121122,0.950103455972402,"True",-0.090099167267045,0.922207880002696,"True",-0.0991497250318199,0.938262443532464,"True",-0.0889058392536645,0.912154000650964,"within_12m",TRUE,TRUE,FALSE
857,"palmitoyl dihydrosphingomyelin (d18:0/16:0)*","QHZIGNLCLJPLCU-QPPIDDCLSA-N","HMDB0010168","","True","True",-0.0772353274145195,0.915558030522133,"True",-0.0646279961844969,0.748684114135573,"True",-0.0774295656733895,0.904783596045417,"True",-0.0647109341667277,0.834684007355853,"within_12m",TRUE,TRUE,FALSE
858,"tricosanoyl sphingomyelin (d18:1/23:0)*","SXZWBNWTCVLZJN-NMIJJABPSA-N","HMDB0012105","","True","True",-0.141986104949752,0.852903543034053,"True",-0.127966009905594,0.674185948336609,"True",-0.141165165759096,0.856875202647641,"True",-0.127577672702456,0.751819554839438,"within_12m",TRUE,TRUE,FALSE
859,"sphingomyelin (d18:2/23:0, d18:1/23:1, d17:1/24:1)*","JBDGKEXQKCCQFK-JWQIMADESA-N","HMDB0240634,HMDB0011696,HMDB0240614","","True","True",-0.0993270288914416,0.929430981826353,"True",-0.0878312498217697,0.857785546660334,"True",-0.0996590253919981,0.919234230168244,"True",-0.0873023906758494,0.864048376613398,"within_12m",TRUE,TRUE,FALSE
860,"sphingomyelin (d18:2/24:1, d18:1/24:2)*","TXFLWJQVQCDUDZ-BRUGZULGSA-N","HMDB0240636,HMDB0240615","","True","True",-0.1865340219452,0.616054777048265,"True",-0.172012374846114,0.294664710234562,"True",-0.186449292869962,0.589376822950471,"True",-0.173106749129937,0.431799495396124,"within_12m",TRUE,TRUE,FALSE
861,"amoxicillin","LSQZJLSUYDQPKJ-UHFFFAOYSA-N","HMDB0015193","DG00520,C06827,D00229","False","True",0.057401074583787,0.874057733245772,"True",0.047992321142738,0.842102701325093,"False",NA,NA,"False",NA,NA,"within_12m",FALSE,FALSE,FALSE
862,"azithromycin","MQTOSJVFKKJCRP-UHFFFAOYSA-N","HMDB0014352","DG00606,D06390,C06838","False","True",-0.021606194800951,0.634275095599802,"True",-0.0218842325351782,0.495896789184955,"False",NA,NA,"False",NA,NA,"within_12m",FALSE,FALSE,FALSE
863,"sitagliptin","MFFMDFFZMYYVKS-UHFFFAOYSA-N","HMDB0015390","DG00118,D08516","False","True",-0.0177747512615037,0.615061069890096,"True",-0.0222955886590729,0.430203361880555,"True",-0.0233610961656088,0.898325050608298,"True",-0.0269423871639495,0.830272784371066,"within_12m",TRUE,TRUE,FALSE
864,"sildenafil","BNRNXUUZRGQAQC-UHFFFAOYSA-N","HMDB0005039","C07259","False","True",0.00966440617199006,0.820161027052141,"True",0.0112706097660073,0.736242246671429,"False",NA,NA,"False",NA,NA,"within_12m",FALSE,FALSE,FALSE
865,"solifenacin","FBOUYBDGKBSUES-HMTLIYDFSA-N","","","False","True",-0.00754880287730336,0.728928173456934,"True",-0.0082799157671216,0.649206823724323,"True",-0.0064149760535822,0.928686185046154,"True",-0.0070501897597842,0.898744770564968,"within_12m",TRUE,TRUE,FALSE
866,"1-stearoyl-2-linoleoyl-GPE (18:0/18:2)*","YDTWOEYVDRKKCR-KNERPIHHSA-N","HMDB0008994","","True","True",-0.143024356536059,0.797581345536016,"True",-0.128167455700566,0.75550751351719,"True",-0.140606045110986,0.866233582388587,"True",-0.126153002007215,0.809403583752234,"within_12m",TRUE,TRUE,FALSE
867,"1-stearoyl-2-arachidonoyl-GPE (18:0/20:4)","ANRKEHNWXKCXDB-BHFWLYLHSA-N","HMDB0009003","C05210","True","True",-0.324357356882694,0.430912555260351,"True",-0.309535725297178,0.3531829244535,"True",-0.323234121669098,0.471014273897511,"True",-0.310075887173971,0.407838227921623,"within_12m",TRUE,TRUE,FALSE
868,"1-stearoyl-2-linoleoyl-GPC (18:0/18:2)*","FORFDCPQKJHEBF-JEFUZMEDSA-N","HMDB0008039","","True","True",-0.140284511816044,0.572865461036842,"True",-0.125637456259221,0.417274673831787,"True",-0.140280480787866,0.522816110047872,"True",-0.126408315149261,0.436183122669713,"within_12m",TRUE,TRUE,FALSE
869,"1-palmitoyl-2-palmitoleoyl-GPC (16:0/16:1)*","QIBZFHLFHCIUOT-HTXNQAPBSA-N","HMDB0007969","","True","True",-0.150011129673805,0.791667451977021,"True",-0.135934807241901,0.696626637680884,"True",-0.149045828495422,0.85296116318833,"True",-0.135751743913081,0.729561787912736,"within_12m",TRUE,TRUE,FALSE
870,"1-palmitoyl-2-dihomo-linolenoyl-GPC (16:0/20:3n3 or 6)*","SRIGHEHXEGELQJ-YYQUKWHJSA-N","","","True","True",-0.136254538743488,0.589801963124219,"True",-0.121110022373784,0.508674266370899,"True",-0.136047475536906,0.565411006890362,"True",-0.119924579696243,0.583794177959484,"within_12m",TRUE,TRUE,FALSE
871,"1-palmitoyl-2-arachidonoyl-GPE (16:0/20:4)*","DRIVXEVMDWCWLI-CAQMIEAISA-N","HMDB0005323","C05210","True","True",-0.216051574855184,0.591551254936853,"True",-0.199595558031147,0.587028312136414,"True",-0.213337836323197,0.614320982068247,"True",-0.199491681817394,0.634153058488229,"within_12m",TRUE,TRUE,FALSE
872,"1-palmitoyl-2-docosahexaenoyl-GPE (16:0/22:6)*","MPWUZHVZZKSTPV-MADBQMNMSA-N","HMDB0008946","","True","True",-0.27739823671428,0.728928173456934,"True",-0.259678937385029,0.649206823724323,"True",-0.280326559539828,0.745105762322228,"True",-0.266476820960716,0.659882487375445,"within_12m",TRUE,TRUE,FALSE
873,"1-stearoyl-2-docosahexaenoyl-GPE (18:0/22:6)*","XYYHNDVKALDFHQ-OXHZBIAZSA-N","HMDB0009012","","True","True",-0.128064044433233,0.900575145360652,"True",-0.0918132876425683,0.904715388218868,"True",-0.133401948472154,0.928686185046154,"True",-0.100747415559298,0.905870567015206,"within_12m",TRUE,TRUE,FALSE
874,"1-palmitoyl-2-arachidonoyl-GPI (16:0/20:4)*","KIQYUSYSJTUGFZ-LSLODQAYSA-N","HMDB0009789","","True","True",-0.352687251609545,0.494338484359352,"True",-0.340958282210195,0.405512676159476,"True",-0.352896620490465,0.47646102799304,"True",-0.339946599754579,0.441421243854716,"within_12m",TRUE,TRUE,FALSE
875,"1-stearoyl-2-linoleoyl-GPI (18:0/18:2)","KZVRAFHIKMDULK-HAVSRZFESA-N","HMDB0009809","","True","True",-0.152827010627849,0.822960148051204,"True",-0.137301573869881,0.673169099094756,"True",-0.152770483479623,0.856875202647641,"True",-0.137094534306201,0.721584204104508,"within_12m",TRUE,TRUE,FALSE
876,"gamma-tocopherol/beta-tocopherol","QUEDXNHFTDJVIY-DQCZWYHMSA-N","HMDB0006335,HMDB0001492","C14152,C02483","True","True",-0.17588958945413,0.80160584918353,"True",-0.160263703199039,0.784474719099917,"True",-0.17444965311055,0.866233582388587,"True",-0.161715219407344,0.827462791346729,"within_12m",TRUE,TRUE,FALSE
877,"1-(1-enyl-stearoyl)-2-arachidonoyl-GPE (P-18:0/20:4)*","URPXXNCTXCOATD-FXMFQVEGSA-N","HMDB0005779","","True","True",-0.258728907707472,0.60480355386267,"True",-0.242752945463621,0.400023810772928,"True",-0.259545862816065,0.589376822950471,"True",-0.24579600845027,0.523397695153657,"within_12m",TRUE,TRUE,FALSE
878,"1-(1-enyl-palmitoyl)-2-arachidonoyl-GPE (P-16:0/20:4)*","UUYSKERSKRMYME-MAIXUNBTSA-N","HMDB0011352","","True","True",-0.116066903009798,0.8498818250374,"True",-0.10096966994202,0.726632702496158,"True",-0.116018783033423,0.876979283382671,"True",-0.101907347180269,0.827462791346729,"within_12m",TRUE,TRUE,FALSE
879,"1-(1-enyl-palmitoyl)-2-oleoyl-GPE (P-16:0/18:1)*","ZVVYJAAMWXATNY-PRWZWGSOSA-N","HMDB0011342","","True","True",0.0135056270725345,0.986709548180007,"True",0.0376944706453628,0.924803169886568,"True",0.0135817529629767,0.987178571736496,"True",0.0378519538895061,0.931582737459357,"within_12m",TRUE,TRUE,FALSE
880,"1-(1-enyl-palmitoyl)-2-oleoyl-GPC (P-16:0/18:1)*","CRBBMHQTIAELIS-KQBBALDBSA-N","HMDB0007996","","True","True",-0.091711411163231,0.880354456478155,"True",-0.0786567955491859,0.745797705430532,"True",-0.0900369167830459,0.894159161394938,"True",-0.0778682020655479,0.830309028999247,"within_12m",TRUE,TRUE,FALSE
881,"1-(1-enyl-palmitoyl)-2-linoleoyl-GPC (P-16:0/18:2)*","QLEHHUPUHJPURI-PWYDUFMYSA-N","HMDB0011211","","True","True",-0.0860669834995935,0.880354456478155,"True",-0.0716772974093746,0.791304483595399,"True",-0.0858901503937557,0.898325050608298,"True",-0.0723393761322642,0.851921874566675,"within_12m",TRUE,TRUE,FALSE
882,"1-(1-enyl-palmitoyl)-2-arachidonoyl-GPC (P-16:0/20:4)*","IOYKZPNDXIIXLN-LOQSCQKMSA-N","HMDB0011220","","True","True",-0.246980053273516,0.465263336328469,"True",-0.233201085635747,0.269651889666165,"True",-0.246694425871692,0.438539717896713,"True",-0.233236170155422,0.335307085143404,"within_12m",TRUE,TRUE,FALSE
883,"sphingomyelin (d18:1/21:0, d17:1/22:0, d16:1/23:0)*","YXSZOBWVQJIWNE-QVDCKBILSA-N","HMDB0240619,HMDB0240611,HMDB0240621","","True","True",-0.0445699532070294,0.978565692036393,"True",-0.0337273133112818,0.964843795690245,"True",-0.046542369876638,0.965353120323321,"True",-0.0352935815866525,0.951352835823224,"within_12m",TRUE,TRUE,FALSE
884,"behenoyl dihydrosphingomyelin (d18:0/22:0)*","FONAXCRWZQFJHY-JCGOJSMZSA-N","HMDB0012091","","True","True",-0.0913827706992204,0.930830476194383,"True",-0.0760549488716614,0.875859973159426,"True",-0.0913595023502192,0.928686185046154,"True",-0.0760939690191194,0.877966297957988,"within_12m",TRUE,TRUE,FALSE
885,"sphingomyelin (d18:0/18:0, d19:0/17:0)*","JCELSEVNSMXGKA-IOLBBIBUSA-N","HMDB0012087","","True","True",-0.333468064968678,0.649383890789257,"True",-0.319855130655145,0.417115708455857,"True",-0.333530209874193,0.589376822950471,"True",-0.320412075974923,0.419562035506925,"within_12m",TRUE,TRUE,FALSE
886,"N-palmitoyl-sphinganine (d18:0/16:0)","GCGTXOVNNFGTPQ-JHOUSYSJSA-N","HMDB11760","","True","True",-0.117314244920892,0.880354456478155,"True",-0.104448084276646,0.737386739373153,"True",-0.118395689246955,0.894359366537194,"True",-0.10543448158233,0.827462791346729,"within_12m",TRUE,TRUE,FALSE
887,"lactosyl-N-palmitoyl-sphingosine (d18:1/16:0)","HLIJNIKSBCIDGO-QKLMXXKVSA-N","HMDB0006750","","True","True",-0.109394130496478,0.812175971063647,"True",-0.100156193490438,0.708306839063909,"True",-0.111899232744303,0.838422162559451,"True",-0.0994091093730334,0.736531703830524,"within_12m",TRUE,TRUE,FALSE
888,"cetirizine","ZKLPARSLTMPFCP-UHFFFAOYSA-N","HMDB0005032","C07778","False","True",0.354244390463221,0.891604198181907,"True",0.362553034238808,0.859631010428556,"True",0.379122963828898,0.898325050608298,"True",0.383503926204586,0.851921874566675,"within_12m",TRUE,TRUE,FALSE
889,"myristoyl dihydrosphingomyelin (d18:0/14:0)*","MJAFYELZQYPMQG-MPQUPPDSSA-N","HMDB0012085","","True","True",0.00885265736956456,0.988521206905055,"True",0.0200620338524073,0.96694589809692,"True",0.0092047912289221,0.987774253607679,"True",0.0192617783953777,0.962048122318358,"within_12m",TRUE,TRUE,FALSE
890,"5-hydroxyindole sulfate","YJRFFCVUYDRNTR-UHFFFAOYSA-N","","","False","True",-0.208908850619265,0.901290290792279,"True",-0.177803771586986,0.894892807778064,"True",-0.211785078086214,0.898325050608298,"True",-0.17830406446555,0.877966297957988,"within_12m",TRUE,TRUE,FALSE
891,"7-hydroxyindole sulfate","YBMPUGDWCSVZRS-UHFFFAOYSA-N","","","False","True",-0.120619465425703,0.949330150141282,"True",-0.14816477553292,0.904715388218868,"True",-0.118333223404848,0.932927630234122,"True",-0.146388936036424,0.880945885492053,"within_12m",TRUE,TRUE,FALSE
892,"phenylacetylglutamate","PTSRBZOZSRJCKX-JTQLQIEISA-N","HMDB0059772","","False","True",0.100973747216492,0.969111082335046,"True",0.105920450145911,0.943887141430153,"True",0.100980514967717,0.965353120323321,"True",0.108275558246912,0.931582737459357,"within_12m",TRUE,TRUE,FALSE
893,"palmitoyl-linoleoyl-glycerol (16:0/18:2) [2]*","ZKYDYRLDJZZKEU-BCTRXSSUSA-N","HMDB0007103","","False","True",-1.18999278962069,0.43602067784514,"True",-1.28072507655615,0.325800369233096,"True",-1.18920950766059,0.467019045468145,"True",-1.2783177995468,0.349259949558233,"within_12m",TRUE,TRUE,FALSE
894,"1-palmitoyl-2-oleoyl-GPI (16:0/18:1)*","PDLAMJKMOKWLAJ-KTBSNPQYSA-N","HMDB0009783","","True","True",-0.0995605011974416,0.930366463310681,"True",-0.0847051274479804,0.878212145231226,"True",-0.0987189606290009,0.928686185046154,"True",-0.0848313373414596,0.866949286212259,"within_12m",TRUE,TRUE,FALSE
895,"1-(1-enyl-palmitoyl)-2-linoleoyl-GPE (P-16:0/18:2)*","LJVXDBWIBQQKFU-CCJYEBHUSA-N","HMDB0011343","","True","True",0.0585848437155698,0.92839539560438,"True",0.074392523342424,0.812416548871191,"True",0.0585695861642157,0.928686185046154,"True",0.0742743096339933,0.872412778004457,"within_12m",TRUE,TRUE,FALSE
896,"1-palmitoleoyl-2-linoleoyl-GPC (16:1/18:2)*","QJWDAOSZZYVBJZ-KXESGEQTSA-N","HMDB0008006","","True","True",-0.571005625827914,0.396696999394945,"True",-0.559215965661854,0.212683144295418,"True",-0.571314281674662,0.442497498692544,"True",-0.560427077022856,0.335307085143404,"within_12m",TRUE,TRUE,FALSE
897,"1-oleoyl-2-linoleoyl-GPE (18:1/18:2)*","GKAFCSRKMWFPSJ-RJXNKANHSA-N","HMDB0005349","","True","True",0.101541365511124,0.899359337113473,"True",0.116574572959694,0.859539573730948,"True",0.107804715493108,0.928686185046154,"True",0.121317963910317,0.866949286212259,"within_12m",TRUE,TRUE,FALSE
898,"1-linoleoyl-GPA (18:2)*","ZQTAMPRZFOOEEP-KKFOGOCZSA-N","HMDB0007856","","True","True",0.214115901231276,0.685616421904615,"True",0.225325321399238,0.586399162105076,"True",0.21754805440714,0.678339126444402,"True",0.232460889937284,0.521515829996594,"within_12m",TRUE,TRUE,FALSE
899,"1-oleoyl-2-docosahexaenoyl-GPC (18:1/22:6)*","FPEVDFOXMCHLKL-KFDYCXSYSA-N","HMDB0008123","","True","True",-0.270350054631361,0.494338484359352,"True",-0.255322182507131,0.226920971847248,"True",-0.270156434223162,0.47646102799304,"True",-0.255998321316832,0.391950178725596,"within_12m",TRUE,TRUE,FALSE
900,"1-linoleoyl-2-arachidonoyl-GPC (18:2/20:4n6)*","ZZSZQATYGVHNLZ-PUMLCSCDSA-N","HMDB0008147","C05208","True","True",-0.301788741026361,0.390036313433661,"True",-0.283099923373534,0.224610633042578,"True",-0.302857637665842,0.436023528663194,"True",-0.286783714165365,0.335307085143404,"within_12m",TRUE,TRUE,FALSE
901,"1-myristoyl-2-arachidonoyl-GPC (14:0/20:4)*","SRQSAJRUMDQMMS-NLDJLLEISA-N","HMDB0007883","","True","True",-0.393887045572194,0.331878581843716,"True",-0.376502924597118,0.275579940499685,"True",-0.394846648811386,0.442497498692544,"True",-0.38172671781181,0.364756523821747,"within_12m",TRUE,TRUE,FALSE
902,"1-(1-enyl-palmitoyl)-2-palmitoleoyl-GPC (P-16:0/16:1)*","FZMYLOBGNYZPQO-QLSONYGBSA-N","HMDB0011207","","True","True",-0.161590324195447,0.798055943848249,"True",-0.150575893609736,0.649206823724323,"True",-0.161957646264385,0.856875202647641,"True",-0.150556893193425,0.726309080222025,"within_12m",TRUE,TRUE,FALSE
903,"1-(1-enyl-palmitoyl)-2-palmitoyl-GPC (P-16:0/16:0)*","PEWXKAOBUSBJLD-MCBGMKGZSA-N","HMDB0011206","","True","True",-0.124779949159293,0.803164162395397,"True",-0.114161062356104,0.601292630305719,"True",-0.126691188253994,0.856875202647641,"True",-0.115368546429302,0.715682872986438,"within_12m",TRUE,TRUE,FALSE
904,"1-stearoyl-2-oleoyl-GPI (18:0/18:1)*","YOBFISPJJWPPTK-BAAZTTAESA-N","HMDB0240667","","True","True",-0.127925912785629,0.916428948967701,"True",-0.114428130217832,0.857785546660334,"True",-0.127406974619423,0.90445232843401,"True",-0.114099524921094,0.840192357862207,"within_12m",TRUE,TRUE,FALSE
905,"1,2-dipalmitoyl-GPE (16:0/16:0)*","SLKDGVPOSSLUAI-PGUFJCEWSA-N","HMDB0008923","","False","True",0.124460151649444,0.93048469905844,"True",0.141144692823162,0.89146905539005,"False",NA,NA,"False",NA,NA,"within_12m",FALSE,FALSE,FALSE
906,"1,2-dilinoleoyl-GPE (18:2/18:2)*","SSCDRSKJTAQNNB-DWEQTYCFSA-N","HMDB0009093","","True","True",0.236531943537957,0.864961022928201,"True",0.268823276172368,0.804700540679519,"False",NA,NA,"False",NA,NA,"within_12m",FALSE,FALSE,FALSE
907,"1-oleoyl-2-arachidonoyl-GPE (18:1/20:4)*","PECSWFQRRFRZPW-BHPGJWMBSA-N","HMDB0009069","","True","True",-0.0338807822585272,0.984452686039136,"True",0.00819884579989095,0.994726391355845,"True",-0.0302303821829134,0.987178571736496,"True",0.0076102558161136,0.991346425202895,"within_12m",FALSE,TRUE,FALSE
908,"1-linoleoyl-2-arachidonoyl-GPE (18:2/20:4)*","LFGBKOUQHCWBQI-BZGLIJSBSA-N","HMDB0009102","","False","True",-0.488131607126998,0.663726648207912,"True",-0.402827331389963,0.70329750811673,"False",NA,NA,"True",-0.392487300546347,0.688129844049815,"within_12m",FALSE,FALSE,FALSE
909,"1-(1-enyl-stearoyl)-2-linoleoyl-GPE (P-18:0/18:2)*","XVXISDREVDGQPX-PISDLAQISA-N","HMDB0011376","","True","True",0.0309033965903066,0.969206271994178,"True",0.0460783306269271,0.919959339935433,"True",0.0305788964683168,0.965980807301841,"True",0.0450214990977899,0.926532805977279,"within_12m",TRUE,TRUE,FALSE
910,"1-linoleoyl-GPG (18:2)*","VEEHTGYBVMTAAF-RFFZIGDUSA-N","HMDB0240600","","True","True",0.151835809840118,0.859178383970413,"True",0.16373549858595,0.673169099094756,"True",0.150976516785909,0.876979283382671,"True",0.164129037434137,0.697539375189354,"within_12m",TRUE,TRUE,FALSE
911,"gamma-glutamylserine","SQBNIUOYNOKDTI-WHFBIAKZSA-N","HMDB0029158","","True","True",0.118995775697363,0.859783253708033,"True",0.12749531617083,0.65011093290066,"True",0.120482188667928,0.860094337374561,"True",0.127322728956337,0.64142963467817,"within_12m",TRUE,TRUE,FALSE
912,"thioproline","DZLNHFMRPBPULJ-VKHMYHEASA-N","HMDB0062164","","True","True",-0.320922984328976,0.591551254936853,"True",-0.303604866233443,0.326785276302396,"True",-0.323054003387176,0.501206095928264,"True",-0.309079710384889,0.335307085143404,"within_12m",TRUE,TRUE,FALSE
913,"palmitoylcholine","UFQZDKMTMXCDBP-UHFFFAOYSA-N","HMDB0240592","","True","True",-0.92940493428879,0.232990370237545,"True",-0.914279418020027,0.0569704373883002,"True",-0.92930501216061,0.18810484008132,"True",-0.914201158999611,0.0724864344488691,"within_12m",TRUE,TRUE,FALSE
914,"2-methylserine","CDUUKBXTEOFITR-UHFFFAOYSA-N","","C02115","True","True",-0.345248454864456,0.707300953225367,"True",-0.271973507765954,0.650272044628486,"False",NA,NA,"False",NA,NA,"within_12m",FALSE,FALSE,FALSE
915,"mycophenolic acid","HPNSFSBZBAHARI-RUDMXATFSA-N","HMDB0015159","C20380","False","True",-0.113177987456757,0.323217023884006,"True",-0.106908913496408,0.224610633042578,"True",-0.112697779438071,0.788911972156518,"True",-0.106649725006309,0.688129844049815,"within_12m",TRUE,TRUE,FALSE
916,"mycophenolic acid glucuronide","BYFGTSAYQQIUCN-HGIHDBQLSA-N","HMDB0060634","","False","True",-0.0977507822332578,0.258991412422672,"True",-0.0919214830721003,0.165700706552184,"True",-0.0976173565335506,0.735874787567266,"True",-0.0919808777080929,0.644648334553371,"within_12m",TRUE,TRUE,FALSE
917,"glycocholate glucuronide (1)","BWWWIHHYPYDOJQ-ICKMJTCPSA-N","","","False","True",0.0827477611321843,0.973659698358058,"True",0.135800744020443,0.930138912235325,"True",0.0815523486804049,0.978050558758361,"True",0.135335886628359,0.926532805977279,"within_12m",TRUE,TRUE,FALSE
918,"glycochenodeoxycholate glucuronide (1)","ABFZMYIIUREPLL-ASWJIRIHSA-N","HMDB0002579","","True","True",0.120389049959511,0.932366462486156,"True",0.135360660586857,0.884903157331247,"True",0.120563651640813,0.928686185046154,"True",0.134727115262205,0.873454342509889,"within_12m",TRUE,TRUE,FALSE
919,"(S)-3-hydroxybutyrylcarnitine","UEFRDQSMQXDWTO-UHFFFAOYSA-N","HMDB0013127","","True","True",0.154193085829197,0.89062029400032,"True",0.169355049101337,0.772226576436768,"True",0.154376348331089,0.889072052918522,"True",0.169460947156972,0.730704773759869,"within_12m",TRUE,TRUE,FALSE
920,"glycosyl-N-palmitoyl-sphingosine (d18:1/16:0)","VJLLLMIZEJJZTE-NNTBDIJYSA-N","","","True","True",-0.371325741902468,0.403817002433853,"True",-0.360071777167747,0.296561864538655,"True",-0.371437926080482,0.436023528663194,"True",-0.359236778118676,0.351085088181267,"within_12m",TRUE,TRUE,FALSE
921,"methylsuccinoylcarnitine","GFWWWKVGRZVWDS-UHFFFAOYSA-N","","","True","True",-0.324886753008528,0.674781141873427,"True",-0.307671980053583,0.471743540055415,"True",-0.323359328707043,0.678339126444402,"True",-0.307340294420658,0.48040451506793,"within_12m",TRUE,TRUE,FALSE
922,"14-HDoHE/17-HDoHE","ZNEBXONKCYFJAF-BGKMTWLOSA-N","HMDB0060044,HMDB0010213","","False","True",1.11260125465166,0.208422462582084,"True",1.24180688633574,0.0880150810256941,"False",NA,NA,"True",1.24532188673094,0.159901012347262,"within_12m",FALSE,FALSE,FALSE
923,"catechol glucuronide","ICPYZFZFSLTYID-GOVZDWNOSA-N","HMDB0240490","","False","True",-0.130283514807409,0.941656297650961,"True",-0.114233786310093,0.938512049487863,"False",NA,NA,"False",NA,NA,"within_12m",FALSE,FALSE,FALSE
924,"sulfamethoxazole","JLKIGFTWXXRPMT-UHFFFAOYSA-N","HMDB0015150","D00447","False","True",-0.178446180786944,0.459455290469122,"True",-0.163054437937548,0.347454848245875,"False",NA,NA,"True",-0.162957862374387,0.77512086005068,"within_12m",FALSE,FALSE,FALSE
925,"ascorbic acid 2-sulfate","SKKZOYBAANIUOV-ZAFYKAAXSA-N","HMDB0060649","","True","True",-0.143501858950554,0.812175971063647,"True",-0.12699957177628,0.826940719358029,"True",-0.144462552609576,0.860094337374561,"True",-0.127405361171328,0.840192357862207,"within_12m",TRUE,TRUE,FALSE
926,"oleoylcholine","GFSSJDJAEKYAGX-UHFFFAOYSA-N","HMDB0240596","","True","True",-0.950734628161333,0.232921160258346,"True",-0.941682959057297,0.0497354722312172,"True",-0.949792046078272,0.18810484008132,"True",-0.941695940820685,0.0724864344488691,"within_12m",TRUE,TRUE,FALSE
927,"arachidonoylcholine","XUWOVXDQNYUPNL-WYTUUNCASA-N","HMDB0240583","","True","True",-1.06525728158489,0.232990370237545,"True",-1.06953659203904,0.0880150810256941,"True",-1.06601753237439,0.18810484008132,"True",-1.07006652982631,0.101174601672051,"within_12m",TRUE,TRUE,FALSE
928,"docosahexaenoylcholine","OKLWSURGMYZXCS-GUTOPQIJSA-N","HMDB0240647","","True","True",-1.46957947562433,0.208422462582084,"True",-1.66511900819998,0.0569704373883002,"True",-1.47499953554728,0.164762729386488,"True",-1.66955965068449,0.0500058137667134,"within_12m",TRUE,TRUE,FALSE
929,"palmitoloelycholine","CLIZBTUFRKKPFA-UHFFFAOYSA-N","HMDB0013208","","False","True",-1.15394429444854,0.205927755684893,"True",-1.21917366383018,0.0497354722312172,"True",-1.1540633063818,0.169007009843401,"True",-1.21944860980467,0.0724864344488691,"within_12m",TRUE,TRUE,FALSE
930,"dihomo-linolenoyl-choline","FRBBZHFNTVMXIH-OKLKQMLOSA-N","HMDB0240646","","True","True",-1.01220503133615,0.208422462582084,"True",-0.999411800648506,0.054969066444065,"True",-1.01224246350055,0.23087659236693,"True",-0.999444415522108,0.132499507800644,"within_12m",TRUE,TRUE,FALSE
931,"eicosapentaenoylcholine","AVBRNEQAXKXDAZ-CGRWFSSPSA-N","","","False","True",-0.552782548014218,0.459455290469122,"True",-0.59809091458582,0.342416488455456,"True",-0.561501741238372,0.552009680383734,"True",-0.60842089770641,0.462864211305942,"within_12m",TRUE,TRUE,FALSE
932,"caffeic acid sulfate","SNVAIAITQIIEMQ-DUXPYHPUSA-N","HMDB0041708","","False","True",-0.404894377707698,0.874782976201546,"True",-0.464704526773835,0.811169299571275,"True",-0.388671256528451,0.894359366537194,"False",NA,NA,"within_12m",FALSE,FALSE,FALSE
933,"1-linoleoyl-2-linolenoyl-GPC (18:2/18:3)*","HZGAVPNEGHQJID-UNBCHYIMSA-N","HMDB0008141","","True","True",-0.0989489421899906,0.902866795328881,"True",-0.070886185079189,0.919170348933185,"True",-0.0986565978454078,0.928686185046154,"False",NA,NA,"within_12m",FALSE,FALSE,FALSE
934,"1-palmitoleoyl-2-linolenoyl-GPC (16:1/18:3)*","MMUCLZZSNHBNFL-KBTBXKTRSA-N","HMDB0008008","","True","True",-0.208192951054386,0.654096848477784,"True",-0.176583947106481,0.649206823724323,"True",-0.208229767259175,0.803202422313388,"True",-0.177530973993261,0.736531703830524,"within_12m",TRUE,TRUE,FALSE
935,"hexadecadienoate (16:2n6)","WPJGPAAPSBVXNU-HZJYTTRNSA-N","HMDB0000477","","True","True",0.193788777516281,0.856357264387178,"True",0.222487203892963,0.714414008652387,"True",0.198756663397095,0.89121497618183,"False",NA,NA,"within_12m",FALSE,FALSE,FALSE
936,"palmitoleoylcarnitine (C16:1)*","JFAGPSOZZSTLRF-KHPPLWFESA-N","HMDB0013207","","True","True",-0.0704295667824723,0.962200775973492,"True",-0.0580319888989953,0.930138912235325,"True",-0.0690417681133442,0.944162983398225,"True",-0.0604053078912875,0.912154000650964,"within_12m",TRUE,TRUE,FALSE
937,"pimeloylcarnitine/3-methyladipoylcarnitine (C7-DC)","NTBUXPPQHCFLOM-UHFFFAOYSA-N","","","True","True",-0.0739222662051295,0.969120018664779,"True",-0.114574333270814,0.904715388218868,"True",-0.0747095193481579,0.965353120323321,"True",-0.114868287303911,0.898744770564968,"within_12m",TRUE,TRUE,FALSE
938,"4-acetamidobenzoate","QCXJEYYXVJIFCE-UHFFFAOYSA-N","","D03836","False","True",-0.695967480053233,0.0137763128490118,"True",-0.684079115928707,0.00868470584456653,"False",NA,NA,"False",NA,NA,"within_12m",FALSE,FALSE,FALSE
939,"4-hydroxyphenylacetylglutamine","NNBITIFYUGRBJL-JTQLQIEISA-N","","","True","True",-0.137851441062762,0.933560258432609,"True",-0.133167378518801,0.904715388218868,"True",-0.13126756763325,0.928686185046154,"True",-0.122941249672777,0.905784920162162,"within_12m",TRUE,TRUE,FALSE
940,"2,3-dihydroxy-2-methylbutyrate","AOWPAWLEXIYETE-UHFFFAOYSA-N","HMDB0029576","","True","True",0.100480530139414,0.938620224639443,"True",0.135425949523908,0.882401058212065,"True",0.0994759477327225,0.938262443532464,"False",NA,NA,"within_12m",FALSE,FALSE,FALSE
941,"4-aminophenol sulfate (2)","DJEGXIBXYHERSU-UHFFFAOYSA-N","","","False","True",-0.13821562315853,0.872545697206833,"True",-0.157649930078284,0.772619208367538,"True",-0.129313575567601,0.928686185046154,"True",-0.149304985338715,0.866949286212259,"within_12m",TRUE,TRUE,FALSE
942,"2'-O-methylcytidine","RFCQJGFZUQFYRF-ZOQUXTDFSA-N","","","True","True",0.32997396539303,0.248657819707594,"True",0.343266916168578,0.0569704373883002,"True",0.331797466321351,0.441084799548638,"True",0.346113984039495,0.243058304519916,"within_12m",TRUE,TRUE,FALSE
943,"2'-O-methyluridine","SXUXMRMBWZCMEN-ZOQUXTDFSA-N","HMDB0240328","","True","True",0.0359883025436612,0.969971429194474,"True",0.0599734096673107,0.875859973159426,"True",0.0352399083974512,0.98195480987979,"True",0.0608960503236841,0.907287904675304,"within_12m",TRUE,TRUE,FALSE
944,"naringenin 7-glucuronide","BDCRTIDKZGEVEN-UHFFFAOYSA-N","","","False","True",0.651547494174211,0.547971879039154,"True",0.684130422699482,0.381290116865646,"False",NA,NA,"False",NA,NA,"within_12m",FALSE,FALSE,FALSE
945,"gamma-glutamyl-alpha-lysine","LNLLNTMHVMIMOG-YUMQZZPRSA-N","","","True","True",-0.0452334346709165,0.941656297650961,"True",-0.0301511995617591,0.937507669861187,"True",-0.044791888101314,0.928686185046154,"True",-0.0300869442356414,0.921513187691322,"within_12m",TRUE,TRUE,FALSE
946,"ferulylglycine (1)","CLGNQAIRBLDHIN-HWKANZROSA-N","","","False","True",-0.396975327546209,0.641732729610631,"True",-0.302929820953469,0.716675584561716,"False",NA,NA,"False",NA,NA,"within_12m",FALSE,FALSE,FALSE
947,"ferulylglycine (2)","CLGNQAIRBLDHIN-HWKANZROSA-N","","","False","True",-0.849860507163782,0.026619829627674,"True",-0.883786107078703,0.0426787624730239,"True",-0.844518863326994,0.299226613042662,"True",-0.880238751532449,0.235886740239012,"within_12m",TRUE,TRUE,FALSE
948,"palmitoyl-oleoyl-glycerol (16:0/18:1) [2]*","YEJYLHKQOBOSCP-OZKTZCCCSA-N","HMDB0007102","C13861","False","True",-0.895331261664635,0.489366645543462,"True",-0.966518690284368,0.356053121401395,"True",-0.909871075291122,0.523677548997167,"True",-0.981665449065998,0.421657691241714,"within_12m",TRUE,TRUE,FALSE
949,"oleoyl-oleoyl-glycerol (18:1/18:1) [1]*","AFSHUZFNMVJNKX-CLFAGFIQSA-N","HMDB0007218","","False","True",-1.35906573014791,0.423633567814107,"True",-1.34852678427865,0.273801996873161,"True",-1.37414020196336,0.442497498692544,"True",-1.3636697237725,0.335307085143404,"within_12m",TRUE,TRUE,FALSE
950,"oleoyl-oleoyl-glycerol (18:1/18:1) [2]*","AFSHUZFNMVJNKX-CLFAGFIQSA-N","HMDB0007218","","False","True",-1.39507190291629,0.364434583108635,"True",-1.38375369869831,0.275360060583032,"True",-1.4032806107315,0.438539717896713,"True",-1.39314875803492,0.335307085143404,"within_12m",TRUE,TRUE,FALSE
951,"linoleoyl-arachidonoyl-glycerol (18:2/20:4) [1]*","KRECEGQUDDMNAQ-MYBRWWDOSA-N","HMDB0007257","","True","True",-1.08654786883355,0.402087977862112,"True",-1.0238568762914,0.3531829244535,"True",-1.08295917537752,0.4417862379961,"True",-1.01807606694266,0.384299324282702,"within_12m",TRUE,TRUE,FALSE
952,"linoleoyl-arachidonoyl-glycerol (18:2/20:4) [2]*","KRECEGQUDDMNAQ-MYBRWWDOSA-N","HMDB0007257","","True","True",-1.25874578438335,0.248657819707594,"True",-1.22566641628936,0.227150532510776,"True",-1.25245326395784,0.25095175886595,"True",-1.21500273404654,0.248299539123894,"within_12m",TRUE,TRUE,FALSE
953,"linoleoyl-linolenoyl-glycerol (18:2/18:3) [2]*","ZDBLXLQFRZTIIU-ZPNZQGKLSA-N","HMDB0007250","","False","True",-0.728533602556434,0.547971879039154,"True",-0.750944619651097,0.43811045931818,"True",-0.744460291154213,0.56750359732725,"True",-0.769429407470073,0.48040451506793,"within_12m",TRUE,TRUE,FALSE
954,"linoleoyl-docosahexaenoyl-glycerol (18:2/22:6) [1]*","GPMAAGRGFWBOSO-KLJRXRINSA-N","HMDB0007266","","False","True",-0.884044006846265,0.248657819707594,"True",-0.884773057911588,0.235081598892088,"True",-0.918257671070131,0.438539717896713,"True",-0.919637763424945,0.364172844669901,"within_12m",TRUE,TRUE,FALSE
955,"linoleoyl-docosahexaenoyl-glycerol (18:2/22:6) [2]*","GPMAAGRGFWBOSO-KLJRXRINSA-N","HMDB0007266","","False","True",-0.297045655855746,0.861971163992027,"True",-0.350042559559361,0.765327190980502,"True",-0.308888031294453,0.876979283382671,"True",-0.36579973710307,0.780402283243029,"within_12m",TRUE,TRUE,FALSE
956,"palmitoleoyl-linoleoyl-glycerol (16:1/18:2) [1]*","BHGPPCIWDXQOMA-HZFIRFLSSA-N","HMDB0007132","","False","True",-1.79530261092064,0.136660724961199,"True",-1.63795461892796,0.0569704373883002,"True",-1.79934748470612,0.18810484008132,"True",-1.64260613017385,0.132499507800644,"within_12m",TRUE,TRUE,FALSE
957,"oleoyl-arachidonoyl-glycerol (18:1/20:4) [1]*","LWXLWRXRJKMNLM-XBUMEPTLSA-N","HMDB0007228","","False","True",-0.944851369106379,0.534424784808473,"True",-0.899671100826605,0.420255227377929,"True",-0.940532511295931,0.550826211367377,"True",-0.892715638050996,0.48040451506793,"within_12m",TRUE,TRUE,FALSE
958,"oleoyl-arachidonoyl-glycerol (18:1/20:4) [2]*","LWXLWRXRJKMNLM-XBUMEPTLSA-N","HMDB0007228","","False","True",-0.896143375208379,0.494849464209036,"True",-0.85006368085643,0.427612542841945,"True",-0.890956233379933,0.524288797888214,"True",-0.840414450396934,0.48040451506793,"within_12m",TRUE,TRUE,FALSE
959,"diacylglycerol (16:1/18:2 [2], 16:0/18:3 [1])*","BHGPPCIWDXQOMA-HZFIRFLSSA-N","","","False","True",-0.324744372679871,0.800013628420709,"True",-0.340546306080922,0.708306839063909,"True",-0.330936764920742,0.876979283382671,"True",-0.349823063812586,0.796937305312324,"within_12m",TRUE,TRUE,FALSE
960,"linoleoyl-linoleoyl-glycerol (18:2/18:2) [1]*","MQGBAQLIFKSMEM-WVZYQCMWSA-N","HMDB0007248","","True","True",-1.15403516468406,0.232990370237545,"True",-1.11578114565627,0.115857058181651,"True",-1.14148616793054,0.25095175886595,"True",-1.10203828856675,0.165289509245238,"within_12m",TRUE,TRUE,FALSE
961,"perfluorooctanesulfonate (PFOS)","YFSUTJLHUFNCNZ-UHFFFAOYSA-N","HMDB0059586","C18142","True","True",-0.757379320358385,0.534424784808473,"True",-0.721313372784903,0.435026406941251,"True",-0.773373530619938,0.439444233230581,"True",-0.738673709846577,0.364172844669901,"within_12m",TRUE,TRUE,FALSE
962,"N-palmitoyl-sphingadienine (d18:2/16:0)*","XXWRZIYYFPIQHE-XPAOSYCESA-N","HMDB0240686","","True","True",0.0449330657267783,0.973659698358058,"True",0.0283814599495418,0.96694589809692,"True",0.0448923775252154,0.981554318998432,"True",0.0289960224134369,0.968276385499244,"within_12m",TRUE,TRUE,FALSE
963,"palmitoyl-docosahexaenoyl-glycerol (16:0/22:6) [1]*","BXVYQJJBMVVALQ-UNMZRDIWSA-N","HMDB0007121","","False","True",-0.326211527605358,0.77506259315111,"True",-0.238607965765346,0.852701864411185,"False",NA,NA,"False",NA,NA,"within_12m",FALSE,FALSE,FALSE
964,"lactosyl-N-nervonoyl-sphingosine (d18:1/24:1)*","MKOKWBRPIBQYJJ-WZBOJYASSA-N","HMDB0004872","","True","True",-0.136318236042083,0.880880773542656,"True",-0.127588455589185,0.754158262456456,"True",-0.138036648237885,0.888606927638337,"True",-0.126908399221238,0.764142665524708,"within_12m",TRUE,TRUE,FALSE
965,"lactosyl-N-behenoyl-sphingosine (d18:1/22:0)*","QYWVASPEUXEHSY-NNRNTGNWSA-N","HMDB0011594","","True","True",-0.0777362464610365,0.941170561999109,"True",-0.0671306213776009,0.894892807778064,"True",-0.0792202780857646,0.928686185046154,"True",-0.0671681344528807,0.880945885492053,"within_12m",TRUE,TRUE,FALSE
966,"N-behenoyl-sphingadienine (d18:2/22:0)*","HILTUFAERVOALR-MQXYEJFFSA-N","","","True","True",-0.654293568446995,0.442218694805409,"True",-0.647494552813802,0.229578020797881,"True",-0.654725039792067,0.299226613042662,"True",-0.647224016027269,0.199464027991959,"within_12m",TRUE,TRUE,FALSE
967,"glycosyl-N-behenoyl-sphingadienine (d18:2/22:0)*","BZVOAOVDSULRAB-NUBHLNQHSA-N","","","True","True",-0.265135587665635,0.634866852558907,"True",-0.248048687846081,0.45272538059461,"True",-0.265900653392062,0.550664537021009,"True",-0.251615600490364,0.441421243854716,"within_12m",TRUE,TRUE,FALSE
968,"N-stearoyl-sphingadienine (d18:2/18:0)*","LBBFOWQGVUEADU-CKGMUTLASA-N","HMDB0240362","","False","True",-1.1965743743085,0.248657819707594,"True",-1.12613038154565,0.171594538327097,"True",-1.19458220760402,0.18810484008132,"True",-1.12366206307135,0.134472371874204,"within_12m",TRUE,TRUE,FALSE
969,"2-hydroxybehenate","RPGJJWLCCOPDAZ-UHFFFAOYSA-N","HMDB0061660","","True","True",0.0530022677206482,0.969206271994178,"True",0.0686102351075238,0.904715388218868,"True",0.0528946286069593,0.965353120323321,"True",0.0693563652380552,0.905784920162162,"within_12m",TRUE,TRUE,FALSE
970,"2-hydroxynervonate*","UFOOFOUFKSIFCD-KTKRTIGZSA-N","","","True","True",0.204953745235689,0.880354456478155,"True",0.209425137769723,0.746768049507035,"True",0.214595838289786,0.90445232843401,"True",0.221555149563913,0.816570654972881,"within_12m",TRUE,TRUE,FALSE
971,"N-palmitoylserine","BFVRFWIQTACAPT-KRWDZBQOSA-N","","","True","True",-0.0395839123009256,0.986709548180007,"True",-0.0579601701263818,0.956282536217556,"True",-0.0501903064083827,0.982952101329358,"False",NA,NA,"within_12m",FALSE,FALSE,FALSE
972,"N-oleoylserine","MBDKGXAMSZIDKF-KTKRTIGZSA-N","","","True","True",0.153484623924164,0.89062029400032,"True",0.162436969266251,0.736242246671429,"True",0.15163357110204,0.897915404675263,"True",0.16248784294744,0.736756541011548,"within_12m",TRUE,TRUE,FALSE
973,"sphingadienine","KWDXKYNWAKMLKK-YQMRQDNGSA-N","","","True","True",-0.431187758460645,0.591551254936853,"True",-0.504632061666056,0.435026406941251,"True",-0.432362686265462,0.531900585016469,"True",-0.506303010032817,0.421657691241714,"within_12m",TRUE,TRUE,FALSE
974,"glycerophosphoserine*","ZWZWYGMENQVNFU-AKGZTFGVSA-N","","","True","True",-0.0667712246685086,0.933560258432609,"True",-0.0770464066904287,0.857785546660334,"True",-0.0668127571618899,0.938262443532464,"False",NA,NA,"within_12m",FALSE,FALSE,FALSE
975,"myristoyl-linoleoyl-glycerol (14:0/18:2) [1]*","AMBUOMWGQGABQI-BIXSNLIQSA-N","HMDB0007016","","False","True",-0.781541159870881,0.202167488008218,"True",-0.752830709122407,0.115857058181651,"True",-0.801497505819208,0.327475962050099,"True",-0.774527301959891,0.270524544493092,"within_12m",TRUE,TRUE,FALSE
976,"ceramide (d16:1/24:1, d18:1/22:1)*","ODRVSCJZSDNQBP-LMGPGFSZSA-N","","","True","True",-0.315833999995564,0.720913902386001,"True",-0.346665913672272,0.521754420466778,"True",-0.314962058676186,0.745105762322228,"True",-0.346386771091533,0.500525344008514,"within_12m",TRUE,TRUE,FALSE
977,"N-palmitoyl-heptadecasphingosine (d17:1/16:0)*","KXVLPPCAUYSNGY-BYCLXTJYSA-N","HMDB0240685","","True","True",-0.23793481278105,0.756273191873482,"True",-0.228132267695498,0.586399162105076,"True",-0.236540922021634,0.779319829090188,"True",-0.227999395939309,0.596334700215226,"within_12m",TRUE,TRUE,FALSE
978,"ceramide (d18:1/14:0, d16:1/16:0)*","ZKRPGPZHULJLKJ-IMVLJIQESA-N","HMDB0240681,HMDB0011773","","True","True",0.48811081615668,0.571182946544255,"True",0.448670325026875,0.275579940499685,"True",0.488107341681494,0.573647357784482,"True",0.450948886524494,0.409335889911801,"within_12m",TRUE,TRUE,FALSE
979,"ceramide (d18:1/17:0, d17:1/18:0)*","ICWGMOFDULMCFL-SJCQXOIGSA-N","HMDB0240683,HMDB0240678","","True","True",-0.543106973785041,0.557703719233006,"True",-0.528224820791322,0.420255227377929,"True",-0.5455135397518,0.525098167095897,"True",-0.53096332802899,0.441421243854716,"within_12m",TRUE,TRUE,FALSE
980,"ceramide (d18:2/24:1, d18:1/24:2)*","QMVWGDBKESWTON-OQKRWUNJSA-N","HMDB0240679,HMDB0240680","","True","True",-0.49474005185985,0.266775436384933,"True",-0.494519222869207,0.0657866160373853,"True",-0.494729346798907,0.327475962050099,"True",-0.49369265709568,0.159901012347262,"within_12m",TRUE,TRUE,FALSE
981,"glycosyl ceramide (d18:2/24:1, d18:1/24:2)*","WYTRSDHGWSSQLK-PCKKJQKNSA-N","","","True","True",-0.20286040677066,0.663059893055265,"True",-0.188942489155737,0.567982971700648,"True",-0.202783349713482,0.735874787567266,"True",-0.189430902764231,0.64142963467817,"within_12m",TRUE,TRUE,FALSE
982,"glycosyl-N-tricosanoyl-sphingadienine (d18:2/23:0)*","WKJGTBSWYQRTEJ-PBFIFAMQSA-N","","","True","True",-0.0294292162370575,0.986709548180007,"True",-0.00847418026614966,0.992047901298663,"False",NA,NA,"False",NA,NA,"within_12m",FALSE,FALSE,FALSE
983,"glycosyl ceramide (d18:1/23:1, d17:1/24:1)*","ZTXYYHYUNQRYIR-BLIGVESQSA-N","","","False","True",0.146223438915155,0.905432674747387,"True",0.190134541146858,0.838203249651723,"True",0.147094779007488,0.928686185046154,"False",NA,NA,"within_12m",FALSE,FALSE,FALSE
984,"glycosyl-N-(2-hydroxynervonoyl)-sphingosine (d18:1/24:1(2OH))*","KNDOGXSGCOJBRQ-UHRQUHAFSA-N","","","True","True",0.0264160730894326,0.984750280782153,"True",0.0479779130428429,0.941167272614689,"True",0.0231955161265934,0.987178571736496,"True",0.0479628115069372,0.935634843259796,"within_12m",TRUE,TRUE,FALSE
985,"ceramide (d18:1/20:0, d16:1/22:0, d20:1/18:0)*","XWBWIAOWSABHFI-QOSDPKFLSA-N","HMDB0240684,HMDB0240682,HMDB0004951","","True","True",-0.412951454674634,0.575050864241751,"True",-0.410345563993518,0.3531829244535,"True",-0.411585469154499,0.589376822950471,"True",-0.407998147298544,0.441421243854716,"within_12m",TRUE,TRUE,FALSE
986,"stearoylcholine*","WYVHUXGFCVDOEA-UHFFFAOYSA-N","HMDB0240648","","True","True",-1.05556435955865,0.248657819707594,"True",-1.03219379811446,0.109934106300513,"True",-1.05634518126832,0.169007009843401,"True",-1.03293304146138,0.0718552645566109,"within_12m",TRUE,TRUE,FALSE
987,"linoleoylcholine*","GVYIAXNFCSAJSK-OKLKQMLOSA-N","HMDB0013213","","True","True",-1.0321749751409,0.205927755684893,"True",-1.02570154767932,0.0426787624730239,"True",-1.03222134219842,0.169007009843401,"True",-1.02580523531826,0.0625318684461658,"within_12m",TRUE,TRUE,FALSE
988,"1-cerotoyl-GPC (26:0)*","WSDKRPCAPHRNNZ-MGBGTMOVSA-N","HMDB29205","","False","True",0.044650964139091,0.982647974336207,"True",-0.0412176918870777,0.968311500334867,"True",0.0444689302394033,0.982952101329358,"False",NA,NA,"within_12m",FALSE,FALSE,FALSE
989,"ondansetron","FELGMEQIXOGIFQ-UHFFFAOYSA-N","HMDB0005035","C07325","False","True",0.760394239791059,0.591551254936853,"True",0.78013428515363,0.456275577725209,"False",NA,NA,"False",NA,NA,"within_12m",FALSE,FALSE,FALSE
990,"baclofen","KPYSYYIEGFHWSV-UHFFFAOYSA-N","HMDB0014327","D00241","False","True",-0.0325465062178101,0.572865461036842,"True",-0.0383998355141085,0.427533862593959,"False",NA,NA,"True",-0.0382346457673633,0.800202850887762,"within_12m",FALSE,FALSE,FALSE
991,"metoclopramide","TTWJBBZEZQICBI-UHFFFAOYSA-N","HMDB0015363","C07868,D00726,
DG00055","False","True",-0.00496023345082,0.659041538507331,"True",-0.00604396880173593,0.639046072475859,"False",NA,NA,"False",NA,NA,"within_12m",FALSE,FALSE,FALSE
992,"trazadone","PHLBKPHSAVXXEF-UHFFFAOYSA-N","HMDB0014794","C07156,D08626","False","True",0.0337264569749876,0.986709548180007,"True",0.0177699368916889,0.991397669284378,"True",0.0338026489552521,0.987178571736496,"True",0.0151032239711465,0.987559268823482,"within_12m",TRUE,TRUE,FALSE
993,"nisinate (24:6n3)","YHGJECVSSKXFCJ-KUBAVDMBSA-N","HMDB0013025","","False","True",0.494134811826031,0.72087224447134,"True",0.384638141303367,0.649206823724323,"False",NA,NA,"False",NA,NA,"within_12m",FALSE,FALSE,FALSE
994,"sphingomyelin (d18:0/20:0, d16:0/22:0)*","UGRZESKDAPEULH-ACEXITHZSA-N","HMDB0012090","","True","True",-0.0739794832810997,0.964121523549659,"True",-0.0618108678223635,0.930138912235325,"True",-0.0753189225152975,0.94041515654415,"True",-0.0626761120901662,0.916704979802481,"within_12m",TRUE,TRUE,FALSE
995,"sphingomyelin (d18:1/19:0, d19:1/18:0)*","HAFQHLHNPJDAGB-MAJDXUCPSA-N","","","True","True",-0.305741741498559,0.649383890789257,"True",-0.291913013581546,0.436548703619325,"True",-0.305163873529059,0.589376822950471,"True",-0.29188604505678,0.463088593239291,"within_12m",TRUE,TRUE,FALSE
996,"sphingomyelin (d18:2/18:1)*","YMTVMVYOUDDTQJ-UOMMIRHQSA-N","HMDB0001348","","True","True",-0.369743931601,0.43602067784514,"True",-0.354812482944101,0.0880150810256941,"True",-0.372043507830331,0.363177062901985,"True",-0.357726373053117,0.224055683043674,"within_12m",TRUE,TRUE,FALSE
997,"sphingomyelin (d18:2/24:2)*","ZLNGRWIWHFFRNK-UKCALJHFSA-N","HMDB0240644","","True","True",-0.101788471307407,0.812175971063647,"True",-0.0842788861467249,0.774664196676311,"True",-0.102213758305686,0.876979283382671,"True",-0.0880934094187618,0.830309028999247,"within_12m",TRUE,TRUE,FALSE
998,"sphingomyelin (d18:2/21:0, d16:2/23:0)*","SDUGEKJCGFHJRC-GKPQAQNZSA-N","HMDB0240676","","True","True",-0.236133841788775,0.72087224447134,"True",-0.220747975956348,0.538738236163569,"True",-0.236191395096611,0.702628502573777,"True",-0.222111546078769,0.616609878926857,"within_12m",TRUE,TRUE,FALSE
999,"sphingomyelin (d18:2/23:1)*","FEKSRDMVIULIDJ-SQPFVDNVSA-N","HMDB0240668","","True","True",-0.157439812007098,0.783882864962508,"True",-0.143989664600254,0.605507965210776,"True",-0.156176904056805,0.825620431189875,"True",-0.143287313946801,0.71918741703878,"within_12m",TRUE,TRUE,FALSE
1000,"sphingomyelin (d18:1/25:0, d19:0/24:1, d20:1/23:0, d19:1/24:0)*","JONXXLXMISNQNG-BXMSAMRLSA-N","HMDB0240675,HMDB0240674,HMDB0240673,HMDB0240671","","True","True",-0.228336651450618,0.756273191873482,"True",-0.209020032357519,0.586399162105076,"True",-0.228426136811678,0.804158789527817,"True",-0.209500983161039,0.721584204104508,"within_12m",TRUE,TRUE,FALSE
1001,"sphingomyelin (d17:2/16:0, d18:2/15:0)*","YHBBZTIPONDTRX-TVUHHANTSA-N","HMDB0240677","","True","True",-0.121310549622612,0.892984902790634,"True",-0.108700266826631,0.826940719358029,"True",-0.117640109146751,0.898325050608298,"True",-0.106935680852855,0.848549561920636,"within_12m",TRUE,TRUE,FALSE
1002,"dexlansoprazole","MJIHNNLFOKEZEW-RUZDIDTESA-N","","D08903","False","True",-0.148122994781805,0.310301659185462,"True",-0.154221787104395,0.227636967257004,"True",-0.145088888634571,0.81425771755904,"True",-0.150423046067526,0.721639931580446,"within_12m",TRUE,TRUE,FALSE
1003,"linolenoylcarnitine (C18:3)*","WJCRATGUUISKDG-QNEBEIHSSA-N","","","True","True",-0.0636354178447103,0.941170561999109,"True",-0.0526563961070372,0.91529279665329,"True",-0.061363059244674,0.94289644037195,"True",-0.0499010111190678,0.908597817984967,"within_12m",TRUE,TRUE,FALSE
1004,"behenoylcarnitine (C22)*","IUMXSSOVGPXXJL-UHFFFAOYSA-N","HMDB0062468","","True","True",-0.222949565242893,0.89062029400032,"True",-0.237058981814866,0.765951873322285,"True",-0.215627905657401,0.889072052918522,"True",-0.227403490011434,0.763324332812801,"within_12m",TRUE,TRUE,FALSE
1005,"arachidoylcarnitine (C20)*","SVJLJQBGUITFLI-UHFFFAOYSA-N","HMDB0006460","","True","True",-0.152286157783472,0.930366463310681,"True",-0.146318438151579,0.859539573730948,"True",-0.152520328574498,0.928686185046154,"True",-0.146643634291569,0.842066656661028,"within_12m",TRUE,TRUE,FALSE
1006,"lignoceroylcarnitine (C24)*","YDUFZFUYBBPVLJ-UHFFFAOYSA-N","HMDB0240665","","True","True",-0.16166456266517,0.880354456478155,"True",-0.149799017072083,0.774664196676311,"True",-0.158291234035701,0.866233582388587,"True",-0.145435792915377,0.747455042584454,"within_12m",TRUE,TRUE,FALSE
1007,"cerotoylcarnitine (C26)*","KOCKWDDTAHPJSX-UHFFFAOYSA-N","HMDB0006347","","True","True",-0.197468606582503,0.856357264387178,"True",-0.184854261251841,0.738875591228049,"True",-0.195139306622792,0.821267764623125,"True",-0.183087916567791,0.630815497496734,"within_12m",TRUE,TRUE,FALSE
1008,"ximenoylcarnitine (C26:1)*","ONGUASHYQLGIFC-OCOZRVBESA-N","","","True","True",-0.218008272927692,0.791667451977021,"True",-0.204121078993862,0.649206823724323,"True",-0.21534088163901,0.768899726595683,"True",-0.20290611699785,0.543326936228714,"within_12m",TRUE,TRUE,FALSE
1009,"arachidonoylcarnitine (C20:4)","RBFQHRALHSUPIA-SNPVRQPZSA-N","HMDB0006455","","True","True",-0.320873578599443,0.598097678966885,"True",-0.318161059381058,0.341217263406816,"True",-0.317186272100538,0.589376822950471,"True",-0.308812108770245,0.358364469696554,"within_12m",TRUE,TRUE,FALSE
1010,"eicosenoylcarnitine (C20:1)*","PVOQPLSKYNZHOT-OUKQBFOZSA-N","","","True","True",-0.15681177899338,0.880354456478155,"True",-0.149964164488726,0.745797705430532,"True",-0.15348973580488,0.876979283382671,"True",-0.146018763579285,0.690812721183071,"within_12m",TRUE,TRUE,FALSE
1011,"dihomo-linoleoylcarnitine (C20:2)*","OLZWDVKTOGTVLC-UTJQPWESSA-N","","","True","True",-0.0844848962826438,0.941170561999109,"True",-0.082355743799163,0.89146905539005,"True",-0.0822755837608051,0.93293377298526,"True",-0.076755207223806,0.877966297957988,"within_12m",TRUE,TRUE,FALSE
1012,"dihomo-linolenoylcarnitine (C20:3n3 or 6)*","RDIZZXFTCZPSRY-WYTUUNCASA-N","","","True","True",-0.184447245090181,0.789423051590922,"True",-0.181640956889842,0.605507965210776,"True",-0.179026841340769,0.856875202647641,"True",-0.169747347820282,0.656246647944701,"within_12m",TRUE,TRUE,FALSE
1013,"docosahexaenoylcarnitine (C22:6)*","WLLMYDQRCSWAST-WSDBEMKQSA-N","","","True","True",-0.690311175507895,0.298715592902716,"True",-0.701449991514332,0.273801996873161,"True",-0.691822072263576,0.416022177544784,"True",-0.700781292261926,0.334656510571359,"within_12m",TRUE,TRUE,FALSE
1014,"nervonoylcarnitine (C24:1)*","QGIHQXKFCAACHN-SEYXRHQNSA-N","HMDB0006509","","True","True",-0.260260028769661,0.818493704411827,"True",-0.237984218068486,0.649206823724323,"True",-0.257156975426661,0.81425771755904,"True",-0.234869539855584,0.596334700215226,"within_12m",TRUE,TRUE,FALSE
1015,"adrenoylcarnitine (C22:4)*","OLORTLVEDIELGC-SNPVRQPZSA-N","","","True","True",-0.338125267585207,0.740848573086409,"True",-0.319703431954796,0.587028312136414,"True",-0.326289563428314,0.788911972156518,"True",-0.300312348343704,0.616613784657801,"within_12m",TRUE,TRUE,FALSE
1016,"docosapentaenoylcarnitine (C22:5n3)*","MJPIXACTUMSGGI-WMPRHZDHSA-N","","","False","True",-0.24380445130822,0.865585941924816,"True",-0.177697692022811,0.848845717140423,"True",-0.239510746322905,0.889072052918522,"True",-0.167612750637781,0.866949286212259,"within_12m",TRUE,TRUE,FALSE
1017,"levetiracetam","HPHUVLMMVZITSG-LURJTMIESA-N","HMDB0015333","C07841","False","True",-0.218663382105595,0.571182946544255,"True",-0.226869676810389,0.430203361880555,"False",NA,NA,"False",NA,NA,"within_12m",FALSE,FALSE,FALSE
1018,"metronidazole","VAOCPAMSLUNLGC-UHFFFAOYSA-N","HMDB0015052","DG00006,C07203,D00409","False","True",-0.00414961226405853,0.728928173456934,"True",-0.00414961226405828,0.649206823724323,"True",-0.0060463801194433,0.888606927638337,"True",-0.0059982775882004,0.830309028999247,"within_12m",TRUE,TRUE,FALSE
1019,"glycosyl ceramide (d18:1/20:0, d16:1/22:0)*","FXNTXJCUSRJUFN-QOSDPKFLSA-N","","","True","True",-0.178822790494523,0.779048076620811,"True",-0.165150344934008,0.632285349677055,"True",-0.178523189881297,0.763694441852884,"True",-0.165389410324064,0.664564307522825,"within_12m",TRUE,TRUE,FALSE
1020,"cephalexin","ZAIPMKNFIOOWCQ-UEKVPHQBSA-N","HMDB0014707","C06895","False","True",-0.00913030449967807,0.614370577812897,"True",-0.00913674893055114,0.508674266370899,"False",NA,NA,"False",NA,NA,"within_12m",FALSE,FALSE,FALSE
1021,"N,N,N-trimethyl-5-aminovalerate","CDLVFVFTRQPQFU-UHFFFAOYSA-N","","","True","True",0.0575217820415207,0.951971292052074,"True",0.0699182711332662,0.89146905539005,"True",0.0580568827650762,0.928686185046154,"True",0.0698404756908382,0.866949286212259,"within_12m",TRUE,TRUE,FALSE
1022,"ethyl alpha-glucopyranoside","WYUFTYLVLQZQNH-UHFFFAOYSA-N","HMDB0029968","","True","True",-0.301123619301495,0.893645036696495,"True",-0.257225948194398,0.864945671603811,"False",NA,NA,"False",NA,NA,"within_12m",FALSE,FALSE,FALSE
1023,"carotene diol (1)","JKQXZKUSFCKOGQ-DKLMTRRASA-N","","","True","True",-0.168790742476543,0.887038517208771,"True",-0.156919031528528,0.814891714659237,"True",-0.17077183579117,0.889072052918522,"True",-0.1594979238953,0.816570654972881,"within_12m",TRUE,TRUE,FALSE
1024,"carotene diol (2)","JKQXZKUSFCKOGQ-DKLMTRRASA-N","","","True","True",-0.172156117716625,0.894543349566628,"True",-0.161114375859966,0.822584893163442,"True",-0.175075025499489,0.894159161394938,"True",-0.163780753744424,0.816570654972881,"within_12m",TRUE,TRUE,FALSE
1025,"carotene diol (3)","JKQXZKUSFCKOGQ-DKLMTRRASA-N","","","True","True",-0.111856659622562,0.933560258432609,"True",-0.123355195175218,0.875859973159426,"True",-0.112646127330675,0.928686185046154,"True",-0.124292497190895,0.875025632262387,"within_12m",TRUE,TRUE,FALSE
1026,"cortolone glucuronide (1)","INMJYSGZRBTEOR-RXCXIKFNSA-N","","","True","True",0.255409162200921,0.756273191873482,"True",0.303713139405568,0.496310577754375,"True",0.254898831701403,0.856875202647641,"True",0.304115920654315,0.690812721183071,"within_12m",TRUE,TRUE,FALSE
1027,"fluconazole","RFHAOTPXVQNOHP-UHFFFAOYSA-N","HMDB0014342","C07002","False","True",-0.209853974463399,0.430407960175543,"True",-0.191680029248762,0.294664710234562,"False",NA,NA,"False",NA,NA,"within_12m",FALSE,FALSE,FALSE
1028,"(N(1) + N(8))-acetylspermidine","MQTAVJHICJWXBR-UHFFFAOYSA-N","HMDB0002189,HMDB0001276","C01029,C00612","True","True",-0.0316159111732422,0.969971429194474,"True",-0.0227861174979036,0.951864165647985,"True",-0.0299865752751426,0.965980807301841,"True",-0.0206601177006815,0.945929341200195,"within_12m",TRUE,TRUE,FALSE
1029,"THC carboxylic acid","YOVRGSHRZRJTLZ-UHFFFAOYSA-N","","","False","True",0.0759308170737648,0.940955755978225,"True",0.127233223953287,0.889640728996709,"True",0.0806104213066177,0.93293377298526,"True",0.133666135623837,0.873454342509889,"within_12m",TRUE,TRUE,FALSE
1030,"THC carboxylic acid glucuronide","UWXZAZRSQQLWKH-AREXMYMPSA-N","","","False","True",0.201471643903806,0.888572288556398,"True",0.231507640202036,0.842102701325093,"True",0.207937200502001,0.89121497618183,"True",0.238387177199865,0.830309028999247,"within_12m",TRUE,TRUE,FALSE
1031,"5-dodecenoylcarnitine (C12:1)","PETYOUXDCHQKTQ-QXPKXGMISA-N","HMDB13326","","True","True",0.0859038145892751,0.951971292052074,"True",0.0757546223179398,0.919170348933185,"True",0.0873257874992591,0.944162983398225,"False",NA,NA,"within_12m",FALSE,FALSE,FALSE
1032,"2-butenoylglycine","WWJXRJJBIVSSNF-NSCUHMNNSA-N","","","False","True",-0.349800936860247,0.789423051590922,"True",-0.293096963920759,0.714035387284852,"True",-0.349987668207953,0.854686942158662,"True",-0.294256095510043,0.758195182299146,"within_12m",TRUE,TRUE,FALSE
1033,"hydroxy-CMPF*","OZOJARPUDFLESM-UHFFFAOYSA-N","","","True","True",0.0186182255709582,0.988521206905055,"True",0.035815615295493,0.984783502491525,"True",0.0119370040125361,0.99220761627218,"True",0.0257407862679851,0.983175016860835,"within_12m",TRUE,TRUE,FALSE
1034,"3-hydroxyoleoylcarnitine","YBCVTTMMURGSEY-LMLDZDDJSA-N","","","True","True",-0.0189247301071552,0.987990676477414,"True",-0.00691430766874433,0.994726391355845,"True",-0.0188972778278886,0.987178571736496,"False",NA,NA,"within_12m",FALSE,FALSE,FALSE
1035,"trans-2-hexenoylglycine","AAPHATPOQGNLOZ-SNAWJCMRSA-N","","","False","True",-0.155683398809,0.932366462486156,"True",-0.160774495038526,0.875328922195503,"True",-0.161620241503738,0.928686185046154,"True",-0.167093919224035,0.872412778004457,"within_12m",TRUE,TRUE,FALSE
1036,"2-hydroxyarachidate*","CPLYLXYEVLGWFJ-UHFFFAOYSA-N","","","True","True",-0.213225647707839,0.865585941924816,"True",-0.215221773053843,0.717366136603918,"True",-0.212979102025823,0.856875202647641,"True",-0.215950092872463,0.664564307522825,"within_12m",TRUE,TRUE,FALSE
1037,"N-stearoylserine*","CLHUCXCVFSEJRR-UHFFFAOYSA-N","","","True","True",-0.305309062401261,0.787444039534867,"True",-0.286784101626773,0.643536945361086,"False",NA,NA,"False",NA,NA,"within_12m",FALSE,FALSE,FALSE
1038,"2-hydroxyheptanoate*","RGMMREBHCYXQMA-UHFFFAOYSA-N","","","True","True",0.0445418082551612,0.969111082335046,"True",0.0651636497751656,0.897543424995614,"True",0.0452442753958531,0.95728495346398,"True",0.0655200050627128,0.884386593627781,"within_12m",TRUE,TRUE,FALSE
1039,"3-hydroxyoleate*","MFBDGGFIQVOLTJ-MDZDMXLPSA-N","","","True","True",-0.122505517687698,0.969111082335046,"True",-0.0775209570984632,0.96694589809692,"False",NA,NA,"False",NA,NA,"within_12m",FALSE,FALSE,FALSE
1040,"lyxonate","QXKAIJAYHKCRRA-PZGQECOJSA-N","HMDB0060255","","True","True",-0.107542574383103,0.969111082335046,"True",-0.07683935601288,0.968311500334867,"False",NA,NA,"False",NA,NA,"within_12m",FALSE,FALSE,FALSE
1041,"dodecenedioate (C12:1-DC)*","OHCMUMNQAHNIEP-HNQUOIGGSA-N","HMDB0000933","","True","True",0.139476611708643,0.92839539560438,"True",0.128350673947543,0.89146905539005,"True",0.139916380875283,0.928686185046154,"False",NA,NA,"within_12m",FALSE,FALSE,FALSE
1042,"hexadecenedioate (C16:1-DC)*","IWTMSCUHCJHPPR-ACCUITESSA-N","","","True","True",0.304974772352834,0.72087224447134,"True",0.317898808385461,0.465598022715269,"True",0.303877158006849,0.745105762322228,"True",0.3181380648609,0.48040451506793,"within_12m",TRUE,TRUE,FALSE
1043,"octadecenedioate (C18:1-DC)","YDPSQMGOAILWPE-FYWRMAATSA-N","","","True","True",0.614077797254592,0.514841330207144,"True",0.648047454506583,0.269651889666165,"True",0.609167814344969,0.471014273897511,"True",0.647478988863158,0.254412517107667,"within_12m",TRUE,TRUE,FALSE
1044,"heptenedioate (C7:1-DC)*","OXQWBLJQOBXJPM-DUXPYHPUSA-N","","","True","True",0.0864935328593567,0.940077862638557,"True",0.0762703553118455,0.924803169886568,"True",0.097217451217305,0.928686185046154,"True",0.0845508929571026,0.905784920162162,"within_12m",TRUE,TRUE,FALSE
1045,"octadecadienedioate (C18:2-DC)*","ZKQNWTGXRAIVGG-PXELCPQFSA-N","","","True","True",0.542637367601387,0.572865461036842,"True",0.568983987982197,0.327642505455269,"True",0.53713926710718,0.552423625547267,"True",0.568828272317864,0.349259949558233,"within_12m",TRUE,TRUE,FALSE
1046,"glucuronide of C12H22O4 (1)*","","","","False","True",-0.120167319523507,0.963389014239092,"True",-0.120953402250889,0.937507669861187,"False",NA,NA,"True",-0.121147145557238,0.927490510106652,"within_12m",FALSE,FALSE,FALSE
1047,"glucuronide of C14H26O4 (1)*","","","","False","True",-0.373219112870589,0.815074785813441,"True",-0.441947305867489,0.663097646808214,"False",NA,NA,"False",NA,NA,"within_12m",FALSE,FALSE,FALSE
1048,"glucuronide of C10H18O2 (1)*","","","","False","True",0.318908819550344,0.874782976201546,"True",0.376623957566203,0.798432880868688,"False",NA,NA,"False",NA,NA,"within_12m",FALSE,FALSE,FALSE
1049,"N-acetylglucosamine conjugate of C24H40O4 bile acid**","","","","False","True",-0.666104778618793,0.600491176005318,"True",-0.838482895292057,0.374566592861613,"True",-0.664228812415051,0.606423418808717,"True",-0.83592625694775,0.421657691241714,"within_12m",TRUE,TRUE,FALSE
1050,"3-carboxy-4-methyl-5-pentyl-2-furanpropionate (3-CMPFP)**","RIJDKRLRDVBUHJ-UHFFFAOYSA-N","HMDB0061643","","True","True",-0.11212944598527,0.929430981826353,"True",-0.0950336330562375,0.889640728996709,"True",-0.111183921557518,0.928686185046154,"True",-0.0951606735726119,0.896133376701789,"within_12m",TRUE,TRUE,FALSE
1051,"methylnaphthyl sulfate (2)*","SBYDEYGHJXSIDV-UHFFFAOYSA-N","","","False","True",0.034304903506413,0.987990676477414,"True",0.0429503755320556,0.984783502491525,"True",0.0391555837569622,0.987178571736496,"True",0.0485893149366977,0.977643622344698,"within_12m",TRUE,TRUE,FALSE
1052,"glucuronide of C10H18O2 (7)*","","","","True","True",0.984419569989977,0.457925442058962,"True",1.03043897836936,0.233611036799118,"True",0.983998278713908,0.471014273897511,"True",1.02908936290358,0.335307085143404,"within_12m",TRUE,TRUE,FALSE
1053,"glucuronide of C10H18O2 (8)*","","","","False","True",0.973647786623635,0.442218694805409,"True",0.985245938418751,0.248835542382882,"False",NA,NA,"False",NA,NA,"within_12m",FALSE,FALSE,FALSE
1054,"3-hydroxystachydrine*","DJMIFDZBCUUQJN-NTSWFWBYSA-N","","C10151","False","True",1.05039830734478,0.640227842768685,"True",0.987419136333859,0.586399162105076,"False",NA,NA,"True",0.991336888465188,0.612467638501127,"within_12m",FALSE,FALSE,FALSE
1055,"N-acetyl-2-aminooctanoate*","JJGNMSOJTSABGA-UHFFFAOYSA-N","HMDB0059745","","True","True",0.163188677166396,0.880880773542656,"True",0.167303078864023,0.762100140674643,"True",0.158682744668435,0.898325050608298,"True",0.166045203997221,0.792534339586065,"within_12m",TRUE,TRUE,FALSE
1056,"hydroxyasparagine**","ZBYVTTSIVDYQSO-REOHCLBHSA-N","HMDB32332","C20631","True","True",-0.160610793083615,0.789423051590922,"True",-0.147868056510201,0.599952921390706,"True",-0.159088497340547,0.821267764623125,"True",-0.147613609483521,0.619756030162634,"within_12m",TRUE,TRUE,FALSE
1057,"genistein sulfate*","DKEIWIJUHWVGRC-UHFFFAOYSA-N","","","False","True",-0.081839029367279,0.969971429194474,"True",-0.0851736262492926,0.951864165647985,"False",NA,NA,"False",NA,NA,"within_12m",FALSE,FALSE,FALSE
1058,"perfluorooctanoate (PFOA)","SNGREZUHAYWORS-UHFFFAOYSA-N","HMDB0059587","","True","True",-0.291710468992649,0.789423051590922,"True",-0.262781525023151,0.684368321328408,"True",-0.288268482104361,0.821267764623125,"True",-0.263447348778369,0.726309080222025,"within_12m",TRUE,TRUE,FALSE
1059,"3-hydroxybutyroylglycine**","VMIWHQCIHIUYCS-UHFFFAOYSA-N","","","True","True",-0.292568983767681,0.746853700175934,"True",-0.272757388213401,0.602181472260842,"True",-0.300838598014089,0.856875202647641,"True",-0.282727873811618,0.763324332812801,"within_12m",TRUE,TRUE,FALSE
1060,"carboxyibuprofen glucuronide*","FLVLKWAQHDRIPH-UHFFFAOYSA-N","HMDB60564","","False","True",0.00236060563750912,0.995479615498565,"True",-0.029410034013168,0.961738709767977,"True",0.0059373975034221,0.99220761627218,"True",-0.0242169919272602,0.977101242449428,"within_12m",FALSE,TRUE,FALSE
1061,"glyco-beta-muricholate**","ZQYUKJFJPJDMMR-PRRFOZOMSA-N","","","False","True",-0.339316868255482,0.933560258432609,"True",-0.250482981899143,0.930138912235325,"True",-0.351292278831755,0.928686185046154,"True",-0.258951258161091,0.916704979802481,"within_12m",TRUE,TRUE,FALSE
1062,"N-methylhydroxyproline**","FMIPNAUMSPFTHK-UHFFFAOYSA-N","","","True","True",0.00266246086225886,0.997614663873257,"True",0.0346487686363087,0.984783502491525,"False",NA,NA,"False",NA,NA,"within_12m",FALSE,FALSE,FALSE
1063,"N,N,N-trimethyl-alanylproline betaine (TMAP)","KXONJPJIFNGMCN-UHFFFAOYSA-N","HMDB0240365","","True","True",0.120745152015788,0.866290930114929,"True",0.128172197727576,0.649206823724323,"True",0.118570062741169,0.876979283382671,"True",0.128695039913475,0.671408950430884,"within_12m",TRUE,TRUE,FALSE
1064,"3-formylindole","OLNJUISKUQQNIM-UHFFFAOYSA-N","HMDB29737","C08493","True","True",-0.187429781858012,0.625050578072282,"True",-0.173202963899445,0.544984009887734,"True",-0.19009268331246,0.608896163822627,"True",-0.171884704116682,0.551273300335964,"within_12m",TRUE,TRUE,FALSE
1065,"gamma-glutamylcitrulline*","SCTJBDDLOROJJM-UHFFFAOYSA-N","","","True","True",-0.512710834672268,0.489451530466618,"True",-0.496987388269899,0.269696441310854,"True",-0.512167728492374,0.383992643358471,"True",-0.497393962198336,0.163483912853288,"within_12m",TRUE,TRUE,FALSE
1066,"N4-acetylsulfamethoxazole*","GXPIUNZCALHVBA-UHFFFAOYSA-N","HMDB0013854","D01601,C13061","False","True",-0.235950332279082,0.459455290469122,"True",-0.237410455699658,0.343860038164163,"False",NA,NA,"False",NA,NA,"within_12m",FALSE,FALSE,FALSE
1067,"N4-acetyl-5-hydroxysulfamethoxazole*","YKWZTWOYFWCVKH-UHFFFAOYSA-N","","","False","True",-0.0521813086095759,0.534424784808473,"True",-0.0482576322135851,0.427533862593959,"True",-0.0521772195380434,0.874488746552887,"False",NA,NA,"within_12m",FALSE,FALSE,FALSE
1068,"resveratrol sulfate (1)*","KOTTWDFKZULRPN-OWOJBTEDSA-N","","","False","True",-0.232747994323381,0.616054777048265,"True",-0.222056522229157,0.529809896353254,"False",NA,NA,"False",NA,NA,"within_12m",FALSE,FALSE,FALSE
1069,"resveratrol disulfate (1)*","DHYDAGFKCXRMSL-OWOJBTEDSA-N","","","False","True",-0.090600023325903,0.933560258432609,"True",-0.116825964755626,0.885846539479429,"False",NA,NA,"False",NA,NA,"within_12m",FALSE,FALSE,FALSE
1070,"resveratrol disulfate (2)*","DHYDAGFKCXRMSL-OWOJBTEDSA-N","","","False","True",-0.251131282402944,0.616054777048265,"True",-0.249238689031917,0.526371411781846,"False",NA,NA,"False",NA,NA,"within_12m",FALSE,FALSE,FALSE
1071,"glycine conjugate of C10H12O2*","","","","True","True",-0.649163654361297,0.571182946544255,"True",-0.700794263985206,0.347454848245875,"True",-0.649246032259846,0.501206095928264,"False",NA,NA,"within_12m",FALSE,FALSE,FALSE
1072,"glycine conjugate of C10H14O2 (1)*","","","","True","True",-0.115681767082242,0.929430981826353,"True",-0.104552223835067,0.870295847577229,"True",-0.116235197086577,0.928686185046154,"True",-0.104602447452283,0.877966297957988,"within_12m",TRUE,TRUE,FALSE
1073,"glutamine conjugate of C7H12O2*","","","","True","True",0.745119835525456,0.589801963124219,"True",0.733900562483707,0.420255227377929,"True",0.746057639472412,0.495376189250303,"True",0.733978684948475,0.364172844669901,"within_12m",TRUE,TRUE,FALSE
1074,"glutamine conjugate of C6H10O2 (1)*","","","","True","True",0.594924102923165,0.616054777048265,"True",0.625019171830989,0.407149842625747,"True",0.594855470948239,0.523677548997167,"True",0.623484566880202,0.341894930630236,"within_12m",TRUE,TRUE,FALSE
1075,"glutamine conjugate of C6H10O2 (2)*","","","","True","True",0.623339345106209,0.616054777048265,"True",0.651331835684822,0.411507068483557,"True",0.622860857531686,0.547793129325831,"True",0.649410464343167,0.364172844669901,"within_12m",TRUE,TRUE,FALSE
1076,"glutamine conjugate of C8H12O4 (1)*","","","","False","True",-0.241661929854462,0.862812014989596,"True",-0.194140134049875,0.842102701325093,"False",NA,NA,"True",-0.193981955364891,0.840192357862207,"within_12m",FALSE,FALSE,FALSE
1077,"dihydroferulic acid sulfate","UMCDODPBPQMWQP-UHFFFAOYSA-N","HMDB0041724","","False","True",0.703760045303266,0.634275095599802,"True",0.700393395690709,0.538738236163569,"True",0.674169080659188,0.64538652632675,"False",NA,NA,"within_12m",FALSE,FALSE,FALSE
1078,"fibrinopeptide A (5-16)*","NFUNGJWOQYYPEX-UHFFFAOYSA-N","","","True","True",0.0419724016301856,0.969971429194474,"True",0.0536857359817145,0.937507669861187,"True",0.0361622778444711,0.980041272400043,"True",0.0516826334812626,0.931582737459357,"within_12m",TRUE,TRUE,FALSE
1079,"fibrinopeptide A (7-16)*","NQUPYRJVFYRZQX-UHFFFAOYSA-N","","","True","True",0.108856329522132,0.888572288556398,"True",0.122230562580971,0.824159984300078,"True",0.104729638150032,0.905736307167968,"True",0.121533879956994,0.847279145864782,"within_12m",TRUE,TRUE,FALSE
1080,"sphingomyelin (d17:1/14:0, d16:1/15:0)*","VDFACZRLDXDTEB-WSYRTZMQSA-N","","","True","True",-0.0272022095216448,0.982647974336207,"True",-0.0139661929074573,0.984783502491525,"True",-0.0258722227717215,0.982952101329358,"True",-0.0139300681460203,0.977643622344698,"within_12m",TRUE,TRUE,FALSE
1081,"tetradecadienoate (14:2)*","HXHZGHRLVRFQDR-HZJYTTRNSA-N","HMDB0000560","","True","True",0.47188263425738,0.616054777048265,"True",0.490985779405791,0.421677680072619,"True",0.470355508672557,0.608896163822627,"False",NA,NA,"within_12m",FALSE,FALSE,FALSE
1082,"N-carbamoylvaline","JDXMIYHOSFNZKO-UHFFFAOYSA-N","","","False","True",-0.12885673240874,0.933003438766831,"True",-0.16249323503019,0.875694556000025,"True",-0.1273875946821,0.928686185046154,"True",-0.160370645792431,0.866949286212259,"within_12m",TRUE,TRUE,FALSE
1083,"8-methoxykynurenate","BXZSKDOPGDPDEG-UHFFFAOYSA-N","HMDB0060426","C05830","True","True",0.138604008432348,0.938620224639443,"True",0.124544152161789,0.919959339935433,"True",0.137811071728261,0.928686185046154,"True",0.124942536239758,0.880945885492053,"within_12m",TRUE,TRUE,FALSE
1084,"3-amino-2-piperidone","YCCMTCQQDULIFE-UHFFFAOYSA-N","HMDB0000323","","True","True",-0.102160848943315,0.865585941924816,"True",-0.0869931398386542,0.798432880868688,"True",-0.104867366321638,0.876979283382671,"True",-0.0940815960709012,0.808958211146469,"within_12m",TRUE,TRUE,FALSE
1085,"N,N-dimethylalanine","QCYOIFVBYZNUNW-BYPYZUCNSA-N","","","True","True",-0.96663174362769,0.310301659185462,"True",-0.859641484409931,0.256533251687986,"True",-0.96113608241386,0.208422566826935,"True",-0.852380884217208,0.163483912853288,"within_12m",TRUE,TRUE,FALSE
1086,"3-indoleglyoxylic acid","DWLVFWDCSFTDOD-UHFFFAOYSA-N","","","True","True",-0.117343173678312,0.932366462486156,"True",-0.0962869583203032,0.894892807778064,"True",-0.116858730278132,0.928686185046154,"True",-0.0955160284012064,0.880945885492053,"within_12m",TRUE,TRUE,FALSE
1087,"2,2'-methylenebis(6-tert-butyl-p-cresol)","KGRVJHAUYBGFFP-UHFFFAOYSA-N","","","False","True",-0.0571184953609365,0.977937784416617,"True",-0.0335952302299595,0.984783502491525,"False",NA,NA,"False",NA,NA,"within_12m",FALSE,FALSE,FALSE
1088,"ethyl beta-glucopyranoside","WYUFTYLVLQZQNH-JAJWTYFOSA-N","HMDB0029968","","True","True",-0.317965425202584,0.880082080082563,"True",-0.232685331395644,0.875859973159426,"True",-0.319902224531418,0.889072052918522,"False",NA,NA,"within_12m",FALSE,FALSE,FALSE
1089,"2-hydroxysebacate","LPIOYESQKJFWPQ-UHFFFAOYSA-N","HMDB0000424","","True","True",-0.163846384609734,0.888572288556398,"True",-0.140613977852329,0.821150130167197,"True",-0.162337936168326,0.902872240862443,"True",-0.137488388354807,0.851921874566675,"within_12m",TRUE,TRUE,FALSE
1090,"enterolactone sulfate","CGSFDOCYHBJLFW-WMLDXEAASA-N","HMDB0240506,HMDB0240505","","False","True",-0.331106784968644,0.471274891192849,"True",-0.37183125941061,0.194657931636546,"True",-0.330746883804879,0.589376822950471,"True",-0.372114761956925,0.431799495396124,"within_12m",TRUE,TRUE,FALSE
1091,"ascorbic acid 3-sulfate*","FBFZPSQPKNIVMT-ZAFYKAAXSA-N","","","True","True",-0.407889703665881,0.54649333291539,"True",-0.391893898667849,0.342416488455456,"True",-0.407570736926511,0.573647357784482,"True",-0.391321641389628,0.48040451506793,"within_12m",TRUE,TRUE,FALSE
1092,"3-hydroxyhippurate sulfate","SBLCKJXUMHOIBU-UHFFFAOYSA-N","","","False","True",-0.0912035821468848,0.969971429194474,"True",-0.104140173370539,0.950681963855602,"True",-0.0568222319324892,0.982952101329358,"True",-0.0657317695931111,0.960042576578117,"within_12m",TRUE,TRUE,FALSE
1093,"6-bromotryptophan","OAORYCZPERQARS-UHFFFAOYSA-N","","","True","True",-0.270651811257281,0.611298408781366,"True",-0.263323599203341,0.468422562756805,"True",-0.275072759574584,0.573647357784482,"True",-0.264059443220527,0.441421243854716,"within_12m",TRUE,TRUE,FALSE
1094,"delta-CEHC","BNVXCCQXUZCRSR-UHFFFAOYSA-N","","","True","True",-0.159347101365906,0.892984902790634,"True",-0.180279165567369,0.859539573730948,"True",-0.162859334489555,0.898325050608298,"True",-0.18959461636445,0.830309028999247,"within_12m",TRUE,TRUE,FALSE
1095,"N6,N6-dimethyllysine","XXEWFEBMSGLYBY-ZETCQYMHSA-N","HMDB0013287","C05545","True","True",-0.0600200340529131,0.964121523549659,"True",-0.0514484341207256,0.939086289553643,"True",-0.0609952588492951,0.945554729105146,"True",-0.0504839195874169,0.928114358573867,"within_12m",TRUE,TRUE,FALSE
1096,"dodecadienoate (12:2)*","QHRHXXRXWDTFLI-HZJYTTRNSA-N","","","True","True",0.456495585121253,0.591551254936853,"True",0.478832473628776,0.294664710234562,"True",0.45829333465198,0.573647357784482,"False",NA,NA,"within_12m",FALSE,FALSE,FALSE
1097,"indoleacetoylcarnitine*","PBMNAYVZYLZVKC-UHFFFAOYSA-N","","","False","True",-0.388586009382003,0.812175971063647,"True",-0.398673331280756,0.717366136603918,"True",-0.388569505301082,0.854790150702715,"True",-0.398386318985783,0.729561787912736,"within_12m",TRUE,TRUE,FALSE
1098,"gamma-CEHC sulfate","XJAVOQFBEMHLBM-UHFFFAOYSA-N","","","False","True",0.516759721189824,0.728928173456934,"True",0.541773005143955,0.630601154189398,"True",0.51715909497938,0.59499761552963,"True",0.541748118182474,0.512178673986949,"within_12m",TRUE,TRUE,FALSE
1099,"delta-CEHC glucuronide","UCCZSQROJUPRKT-UHFFFAOYSA-N","","","False","True",0.0700460833339146,0.971763409221243,"True",0.118498811380048,0.919959339935433,"False",NA,NA,"False",NA,NA,"within_12m",FALSE,FALSE,FALSE
1100,"N-acetyl-isoputreanine","YGIAGXACEXFIDU-UHFFFAOYSA-N","","","True","True",0.235467018573092,0.720913902386001,"True",0.235796509274595,0.495896789184955,"True",0.234458852709195,0.75303928946506,"True",0.24237124308722,0.48040451506793,"within_12m",TRUE,TRUE,FALSE
1101,"glucuronide of piperine metabolite C17H21NO3 (3)*","","","","True","True",0.0610339535635794,0.978889384616665,"True",0.0920194121128772,0.943887141430153,"True",0.0636879969582136,0.978381661521096,"True",0.0923512470943923,0.931582737459357,"within_12m",TRUE,TRUE,FALSE
1102,"glucuronide of piperine metabolite C17H21NO3 (4)*","","","","True","True",0.00871846433852058,0.994004849303556,"True",0.0339964155097609,0.984783502491525,"True",0.0087726028799178,0.99220761627218,"True",0.0335149279501918,0.977163936066928,"within_12m",TRUE,TRUE,FALSE
1103,"glucuronide of piperine metabolite C17H21NO3 (5)*","","","","True","True",-0.520126733740299,0.789423051590922,"True",-0.529568505814065,0.717366136603918,"True",-0.519148002436009,0.776375516568353,"True",-0.532202548659035,0.664564307522825,"within_12m",TRUE,TRUE,FALSE
1104,"sulfate of piperine metabolite C16H19NO3 (2)*","","","","True","True",0.334208111048608,0.812950687405207,"True",0.346384049349713,0.674185948336609,"True",0.333633373789277,0.838422162559451,"True",0.3466621315316,0.68896755759805,"within_12m",TRUE,TRUE,FALSE
1105,"sulfate of piperine metabolite C16H19NO3 (3)*","","","","True","True",0.146062694935364,0.938619853894336,"True",0.152694559581432,0.894275520730416,"True",0.145151872895951,0.928686185046154,"True",0.152560529307559,0.875025632262387,"within_12m",TRUE,TRUE,FALSE
1106,"sulfate of piperine metabolite C18H21NO3 (1)*","","","","True","True",0.507011995185583,0.728928173456934,"True",0.48864749697504,0.628457695041133,"True",0.504448683318252,0.678339126444402,"True",0.488383417624612,0.556948334215937,"within_12m",TRUE,TRUE,FALSE
1107,"sulfate of piperine metabolite C18H21NO3 (3)*","","","","True","True",0.559102917501046,0.634447318904849,"True",0.576135458670244,0.46431487742584,"True",0.556266714702739,0.589376822950471,"True",0.575445336305928,0.421657691241714,"within_12m",TRUE,TRUE,FALSE
1108,"N-acetyltheanine","STZOUWQDQRPMBI-ZETCQYMHSA-N","","","False","True",0.258100033712698,0.925975861729946,"True",0.241710315486761,0.890738237474029,"False",NA,NA,"False",NA,NA,"within_12m",FALSE,FALSE,FALSE
1109,"2-naphthol sulfate","HXEZIDSFDHEIIQ-UHFFFAOYSA-N","","","True","True",-0.0360709289626967,0.986709548180007,"True",-0.0050785067627149,0.995705713825596,"True",-0.0274386124184325,0.987178571736496,"True",0.0042411429388604,0.99404961517285,"within_12m",FALSE,TRUE,FALSE
1110,"(2,4 or 2,5)-dimethylphenol sulfate","CLCCTVXAPVYLKM-UHFFFAOYSA-N","","","False","True",-0.126978566383916,0.964121523549659,"True",-0.108923638296949,0.95003667502823,"True",-0.12473777450691,0.965353120323321,"True",-0.107439460685883,0.945929341200195,"within_12m",TRUE,TRUE,FALSE
1111,"4-ethylcatechol sulfate","KHZCNGJFSKSSIJ-UHFFFAOYSA-N","","","True","True",-0.350523626109617,0.865585941924816,"True",-0.297912564364695,0.842102701325093,"False",NA,NA,"False",NA,NA,"within_12m",FALSE,FALSE,FALSE
1112,"11beta-hydroxyandrosterone glucuronide","BRPLOVMHAFXVOQ-HXVIYJDASA-N","HMDB0010351","","True","True",-0.208378719597397,0.919129209052446,"True",-0.187434344154813,0.884903157331247,"True",-0.202175168631929,0.911336625268797,"True",-0.179215040917374,0.877966297957988,"within_12m",TRUE,TRUE,FALSE
1113,"N2-acetyl,N6,N6-dimethyllysine","UNPVIYLDJYPILW-VIFPVBQESA-N","","","True","True",-0.507785788954355,0.649383890789257,"True",-0.496309194974574,0.508674266370899,"True",-0.506836516096621,0.618556831360625,"True",-0.495480884140913,0.480148128345665,"within_12m",TRUE,TRUE,FALSE
1114,"N2-acetyl,N6-methyllysine","MKWKYAGEJHBUOX-QMMMGPOBSA-N","","","True","True",-0.623924744116803,0.571182946544255,"True",-0.621219149351604,0.326794247295229,"True",-0.615916597958963,0.527531640372649,"True",-0.612477800810047,0.364172844669901,"within_12m",TRUE,TRUE,FALSE
1115,"cholic acid glucuronide","RBLDVEUUCHVWMW-LFKDYQRZSA-N","HMDB0002577","","False","True",-0.575839129369115,0.625050578072282,"True",-0.54637972965973,0.593982455343516,"True",-0.570067931790732,0.678339126444402,"True",-0.541686941225308,0.64142963467817,"within_12m",TRUE,TRUE,FALSE
1116,"deoxycholic acid glucuronide","NNEIBJNHWVDJBA-WOSXBVGSSA-N","","","True","True",-0.00744222514895812,0.994004849303556,"True",-0.00132421224602716,0.998025104112486,"True",-0.0052436393899627,0.995754784439462,"True",0.0063003792293644,0.993031634015178,"within_12m",FALSE,TRUE,FALSE
1117,"4-allylcatechol sulfate","USWXDXYEVISELK-UHFFFAOYSA-N","","","True","True",-0.0288962635542541,0.986709548180007,"True",-0.00442915338683277,0.995705713825596,"False",NA,NA,"False",NA,NA,"within_12m",FALSE,FALSE,FALSE
1118,"2-hydroxyfluorene sulfate","ZAEQSKSORYMOAE-UHFFFAOYSA-N","","","False","True",-0.0180744795453025,0.988521206905055,"True",-0.0417839968139213,0.984783502491525,"True",-0.0164138801071493,0.99220761627218,"True",-0.0387728624834151,0.977643622344698,"within_12m",TRUE,TRUE,FALSE
1119,"3-hydroxypyridine glucuronide","IOLHQSZMUUGACW-UHFFFAOYSA-N","","","False","True",-0.35444403976494,0.856357264387178,"True",-0.303487986384811,0.826940719358029,"False",NA,NA,"True",-0.303452800479138,0.866949286212259,"within_12m",FALSE,FALSE,FALSE
1120,"vanillate glucuronide","GRERMCGRRAMWSD-UHFFFAOYSA-N","HMDB0240572","","False","True",-0.0700910557084809,0.973659698358058,"True",-0.131236116115924,0.924803169886568,"False",NA,NA,"False",NA,NA,"within_12m",FALSE,FALSE,FALSE
1121,"triclosan sulfate","ZPFYUMPBKRRSTR-UHFFFAOYSA-N","HMDB0061387","","False","True",0.734737626758056,0.656187580807994,"True",0.703961235189102,0.602181472260842,"False",NA,NA,"False",NA,NA,"within_12m",FALSE,FALSE,FALSE
1122,"methyl vanillate sulfate","IWRNHPTWPBSQSA-UHFFFAOYSA-N","","","False","True",0.364608970563078,0.880354456478155,"True",0.337114861839765,0.854737241529273,"False",NA,NA,"False",NA,NA,"within_12m",FALSE,FALSE,FALSE
1123,"4-methylhexanoylglutamine","VCZLDSLBUPQMCV-UHFFFAOYSA-N","","","False","True",0.359479182506823,0.756273191873482,"True",0.411708470015142,0.627952933455121,"True",0.35704253205315,0.82431063463704,"True",0.410379226598539,0.676177321366061,"within_12m",TRUE,TRUE,FALSE
1124,"pravastatin","TUZYXOIXSAXUGO-PZAWKZKUSA-N","HMDB0005022","DG00353,C01844,D08410","False","True",-0.00414961226405852,0.728928173456934,"True",-0.00414961226405798,0.649206823724323,"True",-0.0060589749573772,0.888606927638337,"True",-0.0060552123941885,0.830309028999247,"within_12m",TRUE,TRUE,FALSE
1125,"benazeprilat","MADRIHWFJGRSBP-ROUUACIJSA-N","HMDB0060582","D03077","False","True",-0.046239607178254,0.611298408781366,"True",-0.0477748418010161,0.506953095684788,"True",-0.0674950271496405,0.823062317098733,"True",-0.0697153145818207,0.729561787912736,"within_12m",TRUE,TRUE,FALSE
1126,"1-heptadecenoylglycerol (17:1)*","KRUXHXDPFZXFJX-FPLPWBNLSA-N","","","False","True",-0.512757871359914,0.67481421775999,"True",-0.478537806209362,0.569798905092352,"False",NA,NA,"False",NA,NA,"within_12m",FALSE,FALSE,FALSE
1127,"sulfociprofloxacin*","SDLYZOYQWKDWJG-UHFFFAOYSA-N","","","False","True",-0.0475900581190334,0.616054777048265,"True",-0.0471124145767072,0.511253692016131,"False",NA,NA,"False",NA,NA,"within_12m",FALSE,FALSE,FALSE
1128,"desmethylcitalopram*","PTJADDMMFYXMMG-UHFFFAOYSA-N","HMDB0014021","C16608","False","True",-0.0105039451563088,0.988521206905055,"True",0.0213890770002693,0.984783502491525,"True",-0.0112537821005022,0.987774253607679,"True",0.0218357451587877,0.977163936066928,"within_12m",FALSE,TRUE,FALSE
1129,"citalopram N-oxide*","DIOGFDCEWUUSBQ-UHFFFAOYSA-N","HMDB0060654","C16607","False","True",-0.0580147646323198,0.933560258432609,"True",-0.0338048772463611,0.937507669861187,"True",-0.0585523117201942,0.945554729105146,"True",-0.0333971768624904,0.945338533421238,"within_12m",TRUE,TRUE,FALSE
1130,"citalopram propionate*","JSYNRZJODZWUKX-UHFFFAOYSA-N","HMDB60463","C16610","False","True",-0.0223903859828657,0.986709548180007,"True",0.0113529995603487,0.990094371079293,"True",-0.0265250672647042,0.987178571736496,"True",0.0086689077592207,0.987559268823482,"within_12m",FALSE,TRUE,FALSE
1131,"4-hydroxy duloxetine glucuronide*","OBIZFSZXDHWUJZ-ANUWOGMRSA-N","HMDB0060763","","False","True",-0.0639328744952668,0.403817002433853,"True",-0.0660307504706209,0.271875259518813,"True",-0.0744660587084504,0.856875202647641,"True",-0.0771289648946044,0.747455042584454,"within_12m",TRUE,TRUE,FALSE
1132,"5-hydroxy-6-methoxy duloxetine sulfate*","XYZBSFYKOKLCKI-INIZCTEOSA-N","","","False","True",-0.0521769070305589,0.430407960175543,"True",-0.0599645864585467,0.273801996873161,"True",-0.0640758189214212,0.863615906535827,"True",-0.073543988894794,0.758195182299146,"within_12m",TRUE,TRUE,FALSE
1133,"ezetimibe glucuronide*","UOFYCFMTERCNEW-ADEYADIWSA-N","","","False","True",0.205757369242757,0.634447318904849,"True",0.192212898312613,0.569798905092352,"True",0.193171946012301,0.0767786194674975,"True",0.181050553179659,0.0365508199269164,"within_12m",TRUE,TRUE,FALSE
1134,"N-desalkylquetiapine*","JLOAJISUHPIQOX-UHFFFAOYSA-N","","","False","True",0.0528521816656369,0.756273191873482,"True",0.073647655415994,0.688308582751587,"True",0.0538693422352194,0.50904215530688,"True",0.0766326322238012,0.407838227921623,"within_12m",TRUE,TRUE,FALSE
1135,"ranitidine N-oxide*","DFJVUWAHTQPQCV-MDWZMJQESA-N","","","False","True",0.0166742594231793,0.929043543887905,"True",0.00527336079005822,0.979590431718109,"True",0.0172621538537991,0.928686185046154,"True",0.0066716493297533,0.977163936066928,"within_12m",TRUE,TRUE,FALSE
1136,"10-hydroxywarfarin","BPZSPAZBZFZZBN-UHFFFAOYSA-N","HMDB0013884","","False","True",-0.14519669466289,0.489366645543462,"True",-0.148854665810176,0.3531829244535,"True",-0.165078202123104,0.874488746552887,"True",-0.169255837935527,0.80940900597938,"within_12m",TRUE,TRUE,FALSE
1137,"7-hydroxywarfarin","SKFYEJMLNMTTJA-UHFFFAOYSA-N","HMDB0013886","","False","True",-0.0378565203300623,0.557703719233006,"True",-0.0414598767815294,0.411507068483557,"True",-0.0434521312875423,0.876979283382671,"True",-0.0475443160251384,0.827462791346729,"within_12m",TRUE,TRUE,FALSE
1138,"6-hydroxywarfarin","IQWPEJBUOJQPDE-UHFFFAOYSA-N","HMDB0013883,HMDB0013880","","False","True",-0.0385265252242387,0.534424784808473,"True",-0.0354190153748787,0.392476632609484,"True",-0.0448240012783851,0.856875202647641,"True",-0.0411425985182917,0.775060040238286,"within_12m",TRUE,TRUE,FALSE
1139,"glycoursodeoxycholic acid sulfate (1)","DKXXSIJHWWVNMO-XROMFQGDSA-N","","","True","True",-0.917269749802175,0.640227842768685,"True",-0.927414418046348,0.575855516393977,"True",-0.920456643126752,0.620691958663919,"True",-0.929543656746141,0.523175073629039,"within_12m",TRUE,TRUE,FALSE
1140,"glycoursodeoxycholic acid sulfate (2)","DKXXSIJHWWVNMO-XROMFQGDSA-N","","","False","True",-1.19284605292236,0.266775436384933,"True",-1.27031379577765,0.157343455363254,"True",-1.19235857788537,0.25095175886595,"True",-1.27025293311245,0.163483912853288,"within_12m",TRUE,TRUE,FALSE
1141,"dihydrocaffeate sulfate (2)","WEPNMLSXEATIJK-UHFFFAOYSA-N","","","True","True",-0.322473821807382,0.862812014989596,"True",-0.255695448871863,0.859539573730948,"True",-0.332630257564993,0.89121497618183,"True",-0.259223137664082,0.873454342509889,"within_12m",TRUE,TRUE,FALSE
1142,"lithocholate sulfate (1)","AXDXVEYHEODSPN-HVATVPOCSA-N","","","False","True",-0.833193939807404,0.616054777048265,"True",-0.842520378066444,0.538738236163569,"True",-0.83006037300688,0.589376822950471,"True",-0.840440009355706,0.497233528893343,"within_12m",TRUE,TRUE,FALSE
1143,"lithocholic acid sulfate (2)","AXDXVEYHEODSPN-HVATVPOCSA-N","","","False","True",-0.46052502724503,0.706288370426304,"True",-0.396920660121179,0.605507965210776,"True",-0.461400988597328,0.803202422313388,"True",-0.397862975236813,0.702007206726114,"within_12m",TRUE,TRUE,FALSE
1144,"3-hydroxyhexanoylcarnitine (1)","VYEONLJQPYRKAN-UHFFFAOYSA-N","","","True","True",0.157630338715693,0.89062029400032,"True",0.173249719618497,0.743238584775319,"True",0.158239831635844,0.889072052918522,"True",0.173255480591162,0.716643948508448,"within_12m",TRUE,TRUE,FALSE
1145,"3-(methylthio)acetaminophen sulfate*","VOXWKXZBPMQUJH-UHFFFAOYSA-N","","","False","True",0.140334706193821,0.969111082335046,"True",0.041871028106118,0.984783502491525,"True",0.140658211770507,0.965980807301841,"True",0.0424384405460276,0.983114823973893,"within_12m",TRUE,TRUE,FALSE
1146,"2-ketocaprylate","GPPUPQFYDYLTIY-UHFFFAOYSA-N","HMDB13211","","True","True",-0.051707956185883,0.969111082335046,"True",-0.0416561567213141,0.950681963855602,"True",-0.0537023894252757,0.965353120323321,"True",-0.0423581410055095,0.940600674089049,"within_12m",TRUE,TRUE,FALSE
1147,"2,6-dihydroxybenzoic acid","AKEUNCKRJATALU-UHFFFAOYSA-N","HMDB0013676","","True","True",0.171609651644007,0.887038517208771,"True",0.172923043811381,0.821150130167197,"True",0.164949989694709,0.898325050608298,"True",0.172184724534325,0.80940900597938,"within_12m",TRUE,TRUE,FALSE
1148,"N,N-dimethyl-5-aminovalerate","UYZSNVLEDLCWGU-UHFFFAOYSA-N","","","False","True",0.0659808610019321,0.98373801409131,"True",0.0985496354281637,0.952768583586684,"False",NA,NA,"False",NA,NA,"within_12m",FALSE,FALSE,FALSE
1149,"tauroursodeoxycholic acid sulfate (1)","GLVWZDCWCRWVFM-LBSADWJPSA-N","","","True","True",0.336284451784577,0.891604198181907,"True",0.375926647159984,0.820064366408264,"True",0.32559753975486,0.928686185046154,"True",0.366900421085489,0.866949286212259,"within_12m",TRUE,TRUE,FALSE
1150,"tetrahydrocortisol sulfate (1)","UCVZOQFWMUAZJZ-GXBDJPPSSA-N","","","False","True",0.0416871595466387,0.986709548180007,"True",-0.0459124705308373,0.979590431718109,"True",0.0369552706904869,0.987178571736496,"True",-0.0495104202303759,0.971409884882655,"within_12m",FALSE,TRUE,FALSE
1151,"3-ethylcatechol sulfate (1)","NUPWKYZXNXCOHY-UHFFFAOYSA-N","","","True","True",0.0629605117248837,0.978889384616665,"True",0.127494543932711,0.924803169886568,"True",0.0632090388430746,0.982952101329358,"True",0.127295716314932,0.926532805977279,"within_12m",TRUE,TRUE,FALSE
1152,"3-ethylcatechol sulfate (2)","NUPWKYZXNXCOHY-UHFFFAOYSA-N","","","False","True",-0.0546771762754137,0.982647974336207,"True",0.00980188568585012,0.994726391355845,"False",NA,NA,"False",NA,NA,"within_12m",FALSE,FALSE,FALSE
1153,"4-acetylcatechol sulfate (1)","RRWBOGSYNDIRNR-UHFFFAOYSA-N","","","False","True",-1.06239624466842,0.232921160258346,"True",-1.0287684794006,0.224610633042578,"True",-1.06261812148163,0.421860189773632,"False",NA,NA,"within_12m",FALSE,FALSE,FALSE
1154,"4-acetylcatechol sulfate (2)","RRWBOGSYNDIRNR-UHFFFAOYSA-N","","","False","True",-0.350258675575473,0.791667451977021,"True",-0.418729788163997,0.671223340882341,"False",NA,NA,"False",NA,NA,"within_12m",FALSE,FALSE,FALSE
1155,"dimethylguanidino valeric acid (DMGV)*","GLWRPXRMUUZNMD-UHFFFAOYSA-N","","","False","True",-0.999891862456506,0.598097678966885,"True",-0.908384692055036,0.469696226802345,"True",-1.00039616604117,0.500870271324167,"True",-0.908755797813036,0.407838227921623,"within_12m",TRUE,TRUE,FALSE
1156,"trimethoprim","IEDVJHCEMCRBQM-UHFFFAOYSA-N","HMDB0014583","C01965,D00145","False","True",-0.0390507002203123,0.578177787139482,"True",-0.0435148034288253,0.508674266370899,"False",NA,NA,"False",NA,NA,"within_12m",FALSE,FALSE,FALSE
1157,"clarithromycin","AGOYDEPGAOXOCK-KCBOHYOISA-N","HMDB0015342","C06912,D00276","False","True",0.537137961791065,0.728928173456934,"True",0.540086724327457,0.649206823724323,"True",0.498460922963183,0.138009215301796,"True",0.501552118192408,0.0625318684461658,"within_12m",TRUE,TRUE,FALSE
1158,"donepezil","ADEBPBSSDYVVLD-UHFFFAOYSA-N","HMDB0005041","D07869","False","True",-0.0198980873109327,0.728928173456934,"True",-0.0201888403136295,0.649206823724323,"False",NA,NA,"False",NA,NA,"within_12m",FALSE,FALSE,FALSE
1159,"glyburide","ZNNLBTZKUZBEKO-UHFFFAOYSA-N","HMDB0015151","D00336,C07022","False","True",-0.00733433262134429,0.616054777048265,"True",-0.00666149630607451,0.581931505275115,"False",NA,NA,"False",NA,NA,"within_12m",FALSE,FALSE,FALSE
1160,"glipizide","ZJJXGWJIGJFDTL-UHFFFAOYSA-N","HMDB0015200","D00335","False","True",0.0885192278762459,0.925975861729946,"True",0.101105525067272,0.873755400665013,"True",0.120015754166626,0.889072052918522,"True",0.131267233085654,0.80940900597938,"within_12m",TRUE,TRUE,FALSE
1161,"glimepiride","WIGIZIANZCJQQY-RUCARUNLSA-N","HMDB0014367","C07669","False","True",0.13453220937194,0.8498818250374,"True",0.142744134086029,0.765327190980502,"True",0.134755974389027,0.817527835247072,"True",0.142135207545577,0.664564307522825,"within_12m",TRUE,TRUE,FALSE
1162,"nateglinide","OELFLUMRDSZNSF-BRWVUGGUSA-N","HMDB0014869","C12508,D01111","False","True",0.0710230778871064,0.742546590310109,"True",0.077674481918199,0.656049532465198,"False",NA,NA,"False",NA,NA,"within_12m",FALSE,FALSE,FALSE
1163,"canagliflozin","XTNGUQKDFGDXSJ-ZXGKGEBGSA-N","","D09592","False","True",-0.0164372090339038,0.634447318904849,"True",-0.0159074921291575,0.569798905092352,"True",-0.024006205722274,0.856875202647641,"True",-0.0232314558402785,0.763324332812801,"within_12m",TRUE,TRUE,FALSE
1164,"montelukast","UCHDWCPVSPXUMX-TZIWLTJVSA-N","HMDB0014614","C07482","False","True",0.0392961715793943,0.892984902790634,"True",0.0518325389323602,0.826940719358029,"False",NA,NA,"True",0.0559979290622985,0.620027956473038,"within_12m",FALSE,FALSE,FALSE
1165,"2,3-dihydroxy-5-methylthio-4-pentenoate (DMTPA)*","XMZBEAXQGSBWLG-NSCUHMNNSA-N","HMDB0240388","","True","True",0.208021726835113,0.82806410235225,"True",0.216308134192363,0.613781432832577,"True",0.207082980694188,0.825620431189875,"True",0.217970186626729,0.507706918770645,"within_12m",TRUE,TRUE,FALSE
1166,"fibrinopeptide A (3-15)**","ROMVHQMTMINAHB-UHFFFAOYSA-N","","","True","True",-0.27433221204994,0.81118618924493,"True",-0.236007592138944,0.697208993521494,"True",-0.274478928319226,0.803202422313388,"True",-0.238380280060077,0.68896755759805,"within_12m",TRUE,TRUE,FALSE
1167,"fibrinopeptide A (2-15)**","BIJNWWNHDMFRFM-UHFFFAOYSA-N","","","True","True",-0.244859915622958,0.899359337113473,"True",-0.246604952411103,0.842102701325093,"True",-0.244514215092712,0.905736307167968,"True",-0.246340673518623,0.851921874566675,"within_12m",TRUE,TRUE,FALSE
1168,"fibrinopeptide A (3-16)**","RTIAWGDTSQOGQP-UHFFFAOYSA-N","","","True","True",-0.0164400670808024,0.987990676477414,"True",-0.00467342850754703,0.994726391355845,"True",-0.0214902522522841,0.987178571736496,"True",-0.0065545866495602,0.990057030773461,"within_12m",TRUE,TRUE,FALSE
1169,"fibrinopeptide A (4-15)**","GXMAZYIQAHTXHM-UHFFFAOYSA-N","","","True","True",0.0623184331316074,0.969971429194474,"True",0.0771670019835015,0.930138912235325,"True",0.0620892995870162,0.965353120323321,"False",NA,NA,"within_12m",FALSE,FALSE,FALSE
1170,"fibrinopeptide A (8-16)**","IVDQZJOLQPZCET-UHFFFAOYSA-N","","","True","True",0.00299124090996735,0.995479615498565,"True",0.0113554056927768,0.990094371079293,"True",-0.0008751545024706,0.997426805477132,"True",0.0088933118624315,0.983597097250046,"within_12m",FALSE,TRUE,FALSE
1171,"tamsulosin","DRHKJLXJIQTDTD-OAHLLOKOSA-N","HMDB0014844","D08560,C07124","False","True",0.440741865566276,0.572865461036842,"True",0.453358957076631,0.475062062347564,"True",0.422740430089496,0.18810484008132,"True",0.446625485066281,0.132499507800644,"within_12m",TRUE,TRUE,FALSE
1172,"meloxicam","ZRVUJXDFFKFLMG-UHFFFAOYSA-N","HMDB0014952","D00969,C08169","False","True",-0.23083862886422,0.449802297318704,"True",-0.234601788678404,0.327642505455269,"False",NA,NA,"False",NA,NA,"within_12m",FALSE,FALSE,FALSE
1173,"fibrinopeptide B (1-13)**","CCYANGYMJWBLQM-UHFFFAOYSA-N","","","True","True",-0.110575004319001,0.929430981826353,"True",-0.095065995081277,0.904701478610405,"True",-0.110201197276447,0.932927630234122,"True",-0.093909893625658,0.921513187691322,"within_12m",TRUE,TRUE,FALSE
1174,"losartan","PSIFNNKUMBGKDQ-UHFFFAOYSA-N","HMDB0014816","C07072,D08146","False","True",-0.515738176168697,0.0961226461829578,"True",-0.53789882182035,0.0497354722312172,"False",NA,NA,"False",NA,NA,"within_12m",FALSE,FALSE,FALSE
1175,"fibrinopeptide B (1-12)**","BQQBOORXDTXWLE-UHFFFAOYSA-N","","","True","True",0.05980847453628,0.973659698358058,"True",0.0471438959287925,0.96694589809692,"True",0.063118917154624,0.965980807301841,"True",0.0689139101532513,0.931582737459357,"within_12m",TRUE,TRUE,FALSE
1176,"fibrinopeptide B (1-11)**","YXFOTICOZNPKPN-UHFFFAOYSA-N","","","True","True",0.147890940805101,0.865585941924816,"True",0.159850693478395,0.765327190980502,"True",0.15797687897383,0.888606927638337,"True",0.172207334160297,0.814071458470125,"within_12m",TRUE,TRUE,FALSE
1177,"fibrinopeptide B (1-9)**","WWZFLBITCJUQNV-UHFFFAOYSA-N","","","True","True",-0.216694872717764,0.822960148051204,"True",-0.196687003561928,0.798432880868688,"True",-0.214596896479489,0.856875202647641,"True",-0.196243254083358,0.796937305312324,"within_12m",TRUE,TRUE,FALSE
1178,"cyclobenzaprine","JURKNVYFZMSNLP-UHFFFAOYSA-N","HMDB0015060","D07758,C06931","False","True",-0.00414687020742061,0.728928173456934,"True",-0.00414687020742036,0.649206823724323,"False",NA,NA,"False",NA,NA,"within_12m",FALSE,FALSE,FALSE
1180,"emtricitabine","XQSPYNMVSIKCOC-NTSWFWBYSA-N","HMDB0015017","C12599,D01199","False","True",-0.0431814761731591,0.603983882513198,"True",-0.0581979445031608,0.522618962496532,"True",-0.0434509823575238,0.89121497618183,"True",-0.0573545076143875,0.851921874566675,"within_12m",TRUE,TRUE,FALSE
1182,"tenofovir","SGOIRFVFHAKUTI-ZCFIWIBFSA-N","HMDB0014445","C17407","False","True",0.0287651587487356,0.842135149166474,"True",0.0203492314159271,0.875859973159426,"True",0.0343797508338283,0.684714036417037,"True",0.0270292714845532,0.848549561920636,"within_12m",TRUE,TRUE,FALSE
1183,"darunavir","CJBJHOAVZSMMDJ-HEXNFIEUSA-N","HMDB0015393","D03656","False","True",-0.0139970055523847,0.616054777048265,"True",-0.0259634912168761,0.587451132705477,"True",-0.01384253232101,0.904326408335686,"True",-0.0239704510673152,0.872412778004457,"within_12m",TRUE,TRUE,FALSE
1184,"ritonavir","NCDNCNXCDXHOMX-XGKFQTDJSA-N","HMDB0014646","D00427","False","True",-0.0206968051869371,0.640227842768685,"True",-0.0326549841303726,0.602181472260842,"True",-0.0197886275675306,0.904783596045417,"True",-0.0298133090505062,0.873454342509889,"within_12m",TRUE,TRUE,FALSE
1187,"5-hydroxy-2-methylpyridine sulfate","UAQAOMYUJQVGMD-UHFFFAOYSA-N","","","False","True",-0.714618635347155,0.756273191873482,"True",-0.690419056399223,0.689957055379829,"False",NA,NA,"False",NA,NA,"within_12m",FALSE,FALSE,FALSE
1188,"3-hydroxy-2-methylpyridine sulfate","GOXQGRHDLROYBT-UHFFFAOYSA-N","","","True","True",-0.403942261953919,0.880880773542656,"True",-0.43616503892773,0.826940719358029,"False",NA,NA,"False",NA,NA,"within_12m",FALSE,FALSE,FALSE
1189,"hydroxypalmitoyl sphingomyelin (d18:1/16:0(OH))**","FAVAZPKFPKOYCT-VTAPXIELSA-N","","","True","True",-0.110312188878555,0.869804468504585,"True",-0.10956518117429,0.688308582751587,"True",-0.109511489738348,0.876979283382671,"True",-0.101917065734752,0.742169343026305,"within_12m",TRUE,TRUE,FALSE
1190,"cortisol 21-sulfate","JOVLCJDINAUYJW-VWUMJDOOSA-N","HMDB0062779","","False","True",0.42486129438409,0.625050578072282,"True",0.355015780975861,0.576836183884697,"True",0.42853644872663,0.442497498692544,"True",0.358994808853266,0.384299324282702,"within_12m",TRUE,TRUE,FALSE
1191,"2-acrylamidoglycolic acid","NEYTXADIGVEHQD-UHFFFAOYSA-N","","","True","True",0.0251376366926495,0.982647974336207,"True",0.0400283093360116,0.937507669861187,"True",0.0261958700472462,0.983285867704434,"True",0.0392185149823302,0.931582737459357,"within_12m",TRUE,TRUE,FALSE
1192,"mercaptopurine","GLVAUDGFNGKCSF-UHFFFAOYSA-N","HMDB0015167","C02380","False","True",-0.188625372330997,0.289947319096667,"True",-0.182363591374166,0.224610633042578,"True",-0.199241683935109,0.833262005959925,"True",-0.193012983172715,0.736531703830524,"within_12m",TRUE,TRUE,FALSE
1193,"ribavirin","IWUCXVSUMQZMFG-AFCXAGJDSA-N","HMDB14949","D00423","False","True",-0.00328188044739539,0.728928173456934,"True",-0.00328188044739545,0.649206823724323,"False",NA,NA,"False",NA,NA,"within_12m",FALSE,FALSE,FALSE
1194,"taurochenodeoxycholic acid 3-sulfate","IJHJZQKOSUFQCX-WZJRQFJBSA-N","HMDB0002486","","True","True",1.5468769372175,0.248657819707594,"True",1.55852113598693,0.132961214426443,"True",1.55938919438328,0.25095175886595,"True",1.57486517520933,0.146376228419289,"within_12m",TRUE,TRUE,FALSE
1195,"tetradecadienedioate (C14:2-DC)*","MUFSRLVOUKHPIZ-OVYZBVKCSA-N","","","True","True",0.288001681250655,0.825968787180514,"True",0.293812436536047,0.698485771062216,"True",0.292914952727987,0.866233582388587,"True",0.301649332849967,0.736531703830524,"within_12m",TRUE,TRUE,FALSE
1196,"pregnenetriol sulfate*","HIYOTPJZDPVBTL-HXOPQMAFSA-N","","","True","True",0.138320761497762,0.926412577528318,"True",0.150665266051404,0.871975246305973,"True",0.1377980539542,0.928686185046154,"True",0.150951636205158,0.866949286212259,"within_12m",TRUE,TRUE,FALSE
1197,"pregnenetriol disulfate*","KANYWSIUKWPEOE-HXOPQMAFSA-N","","","True","True",-0.0085151650376447,0.993109194642626,"True",0.00446691784841348,0.995705713825596,"True",-0.0087802474789683,0.99220761627218,"True",0.0047283473496643,0.993703358586985,"within_12m",FALSE,TRUE,FALSE
1198,"eicosenedioate (C20:1-DC)*","NZLFRLCYQVOISV-IWQZZHSRSA-N","","","True","True",0.127728108310827,0.891604198181907,"True",0.145305020365066,0.772619208367538,"True",0.133407356336726,0.928686185046154,"True",0.151936189333893,0.835286177199552,"within_12m",TRUE,TRUE,FALSE
1199,"glu-gly-asn-val**","QTVRCQRIGVKQHD-UHFFFAOYSA-N","","","True","True",0.0951818255468408,0.969111082335046,"True",0.124764004049503,0.919736642541228,"False",NA,NA,"False",NA,NA,"within_12m",FALSE,FALSE,FALSE
1200,"hydroxy-N6,N6,N6-trimethyllysine*","ZRJHLGYVUCPZNH-MQWKRIRWSA-N","","","True","True",-0.0717821044521447,0.933560258432609,"True",-0.0642453226160246,0.894275520730416,"True",-0.0728866844681769,0.928686185046154,"True",-0.0643245640343418,0.877966297957988,"within_12m",TRUE,TRUE,FALSE
1201,"undecenoylcarnitine (C11:1)","FVOVZEONZTWNTC-OUKQBFOZSA-N","","","True","True",-0.3188831658153,0.625050578072282,"True",-0.304552304189485,0.411507068483557,"True",-0.315096980705384,0.608896163822627,"True",-0.302299818011351,0.441421243854716,"within_12m",TRUE,TRUE,FALSE
1202,"3-decenoylcarnitine","YMJNFVUJNDWLND-ZHACJKMWSA-N","","","False","True",1.29553073043511,0.208422462582084,"True",1.03833399837803,0.0733670452208167,"True",1.29429312793112,0.25095175886595,"True",1.03769061507957,0.132499507800644,"within_12m",TRUE,TRUE,FALSE
1203,"levulinoylcarnitine","XDZHMFWKQXZAFO-UHFFFAOYSA-N","","","True","True",-0.219245706992198,0.8498818250374,"True",-0.229585597489256,0.726632702496158,"True",-0.217486914865296,0.889072052918522,"False",NA,NA,"within_12m",FALSE,FALSE,FALSE
1204,"3-hydroxydecanoylcarnitine","VCRSQDIROUELAR-UHFFFAOYSA-N","HMDB0061636","","True","True",0.0777411317284322,0.963389014239092,"True",0.0941670434554386,0.894892807778064,"True",0.0780374560804182,0.949942522025778,"True",0.0936514982068289,0.881746883539061,"within_12m",TRUE,TRUE,FALSE
1205,"palmitoyl-sphingosine-phosphoethanolamine (d18:1/16:0)","JTVNQMOIYKXJKF-WSYRTZMQSA-N","","","True","True",-0.0500923574850175,0.93048469905844,"True",-0.0395171193421466,0.875859973159426,"True",-0.0487382854132007,0.928686185046154,"True",-0.0369047404197275,0.905784920162162,"within_12m",TRUE,TRUE,FALSE
1206,"picolinoylglycine","MNYZGNSHBPLAFN-UHFFFAOYSA-N","HMDB0059766","","True","True",-0.24132085179635,0.880082080082563,"True",-0.288522616001122,0.765951873322285,"True",-0.24080467144881,0.860094337374561,"True",-0.286288775426261,0.68896755759805,"within_12m",TRUE,TRUE,FALSE
1207,"4-vinylcatechol sulfate","ILVXQMHYFMBCMJ-UHFFFAOYSA-N","","","True","True",-0.291769165901112,0.901290290792279,"True",-0.234924045422542,0.894892807778064,"False",NA,NA,"False",NA,NA,"within_12m",FALSE,FALSE,FALSE
1208,"4-vinylguaiacol glucuronide","RRBFAJWNNUHFMC-DKBOKBLXSA-N","","","False","True",-0.320444323752939,0.830293247174803,"True",-0.271120443583823,0.826940719358029,"False",NA,NA,"False",NA,NA,"within_12m",FALSE,FALSE,FALSE
1209,"succinoyltaurine","SBQWITJAJITAMM-UHFFFAOYSA-N","","","True","True",0.84291297842466,0.323217023884006,"True",0.963302389856822,0.269651889666165,"True",0.844298093410271,0.37365047084245,"True",0.96448573359182,0.313834340096814,"within_12m",TRUE,TRUE,FALSE
1210,"(15:3)-anacardic acid","QUVGEKPNSCFQIR-AOSYACOCSA-N","HMDB31059","","False","True",0.271119060917004,0.800068514083477,"True",0.255759067715329,0.765951873322285,"False",NA,NA,"False",NA,NA,"within_12m",FALSE,FALSE,FALSE
1211,"3,5-dichloro-2,6-dihydroxybenzoic acid","KLXACYSQYFWVLM-UHFFFAOYSA-N","","","True","True",-0.402668989628465,0.616054777048265,"True",-0.387505814876156,0.508674266370899,"True",-0.403683606686101,0.547793129325831,"True",-0.390391229252931,0.439227812305624,"within_12m",TRUE,TRUE,FALSE
1212,"metabolonic lactone sulfate","IJIWKJRHDDIJKI-MVCMDAJNSA-N","","","False","True",-1.42077929738269,0.0250266355729596,"True",-1.46423745330348,0.021719581712891,"True",-1.42319319130082,0.169007009843401,"True",-1.47307383650356,0.116335900085206,"within_12m",TRUE,TRUE,FALSE
1213,"vanillic acid glycine","LOODYTDRRBLQNH-UHFFFAOYSA-N","HMDB0060026","","False","True",-1.00552641271073,0.459455290469122,"True",-1.1411794442685,0.294664710234562,"False",NA,NA,"False",NA,NA,"within_12m",FALSE,FALSE,FALSE
1214,"2-hydroxy-4-(methylthio)butanoic acid","ONFOSYPQQXJWGS-UHFFFAOYSA-N","HMDB0037115","","True","True",0.273348847862969,0.640227842768685,"True",0.287122238702488,0.572869347075459,"True",0.272438523151134,0.776375516568353,"True",0.286637073406984,0.643904680858582,"within_12m",TRUE,TRUE,FALSE
1215,"branched chain 14:0 dicarboxylic acid**","JUODHHFNSQAXKF-UHFFFAOYSA-N","","","False","True",-1.33956357081385,0.459455290469122,"True",-1.21808400518097,0.316013233909381,"True",-1.34660174113363,0.47646102799304,"True",-1.22389184227021,0.364172844669901,"within_12m",TRUE,TRUE,FALSE
1216,"pentose acid*","","HMDB0000892","C00803","True","True",0.108966589935305,0.950103455972402,"True",0.137562108775977,0.91529279665329,"True",0.108191572441104,0.928686185046154,"False",NA,NA,"within_12m",FALSE,FALSE,FALSE
1217,"1-methyl-5-imidazolelactate","MXETUSMIYKMMAT-UHFFFAOYSA-N","","","True","True",-0.616121632595846,0.668687820663629,"True",-0.559311395746967,0.590997708472935,"True",-0.616095127805062,0.56750359732725,"True",-0.559575774587897,0.443810092798802,"within_12m",TRUE,TRUE,FALSE
1218,"feruloylquinate (2)","RAGZUCNPTLULOL-KQJPBSFVSA-N","","","False","True",-0.067169127303332,0.973659698358058,"True",-0.0338784900901827,0.984783502491525,"False",NA,NA,"False",NA,NA,"within_12m",FALSE,FALSE,FALSE
1219,"feruloylquinate (4)","RAGZUCNPTLULOL-KQJPBSFVSA-N","","","False","True",0.0612836356305626,0.978889384616665,"True",0.0986255402164814,0.943887141430153,"True",0.0603312949053998,0.983285867704434,"False",NA,NA,"within_12m",FALSE,FALSE,FALSE
1220,"(2 or 3)-decenoate (10:1n7 or n8)","WXBXVVIUZANZAU-CMDGGOBGSA-N","","","True","True",0.346997150744503,0.756273191873482,"True",0.348043451420423,0.627952933455121,"True",0.349992823791602,0.822782498577788,"True",0.352191359536348,0.664222049780685,"within_12m",TRUE,TRUE,FALSE
1221,"S-carboxyethylcysteine","CAMXXPUSAROUCX-BYPYZUCNSA-N","","","True","True",-0.376962270900543,0.489451530466618,"True",-0.356451600236782,0.400734081972634,"True",-0.37636029670472,0.471014273897511,"False",NA,NA,"within_12m",FALSE,FALSE,FALSE
1222,"isoursodeoxycholate sulfate (1)","WHMOBEGYTDWMIG-DNMBCGTGSA-N","","","False","True",-0.618707207327254,0.67481421775999,"True",-0.715183202041037,0.552578286891726,"True",-0.622478850118406,0.70602106319256,"True",-0.717498010633771,0.548141786976397,"within_12m",TRUE,TRUE,FALSE
1223,"isoursodeoxycholate sulfate (2)","WHMOBEGYTDWMIG-DNMBCGTGSA-N","","","False","True",-0.800887977496107,0.248657819707594,"True",-0.689024456625482,0.194657931636546,"False",NA,NA,"True",-0.690686447950702,0.407838227921623,"within_12m",FALSE,FALSE,FALSE
1224,"chenodeoxycholic acid sulfate (1)","WHMOBEGYTDWMIG-BSWAIDMHSA-N","HMDB0002522","","False","True",-0.965861619732619,0.299381268108276,"True",-1.07554321893338,0.227636967257004,"True",-0.972687234208434,0.363177062901985,"True",-1.08533922245736,0.253899351919251,"within_12m",TRUE,TRUE,FALSE
1225,"branched-chain, straight-chain, or cyclopropyl 10:1 fatty acid (1)*","NIFITBVFNGQSNA-SOFGYWHQSA-N","","","True","True",0.690543908676972,0.547971879039154,"True",0.699532004716884,0.301682883731793,"True",0.690070147086643,0.442497498692544,"True",0.700231324419505,0.248299539123894,"within_12m",TRUE,TRUE,FALSE
1226,"branched-chain, straight-chain, or cyclopropyl 10:1 fatty acid (2)*","NIFITBVFNGQSNA-SOFGYWHQSA-N","","","True","True",-0.153831019791747,0.964121523549659,"True",-0.121786088433895,0.943887141430153,"True",-0.151557019370968,0.950238293552163,"False",NA,NA,"within_12m",FALSE,FALSE,FALSE
1227,"carnitine of C10H14O2 (5)*","","","","True","True",-0.454872355493262,0.616054777048265,"True",-0.498279221826646,0.524952035226946,"True",-0.453763414982219,0.631557453101187,"True",-0.497904769654996,0.548141786976397,"within_12m",TRUE,TRUE,FALSE
1228,"4-ethyl-2-methoxyphenol sulfate","MKBJQFWSHNXYFZ-UHFFFAOYSA-N","","","False","True",-0.0556240056809109,0.982647974336207,"True",-0.0343584727928322,0.984783502491525,"False",NA,NA,"False",NA,NA,"within_12m",FALSE,FALSE,FALSE
1229,"3-bromo-5-chloro-2,6-dihydroxybenzoic acid*","AJSVSHDVMDXRFN-UHFFFAOYSA-N","","","True","True",-0.0822881708481194,0.951971292052074,"True",-0.0704277299763524,0.930138912235325,"True",-0.0817259583947628,0.928686185046154,"True",-0.069382434999544,0.905784920162162,"within_12m",TRUE,TRUE,FALSE
1230,"branched-chain, straight-chain, or cyclopropyl 12:1 fatty acid*","FQSFPMAZIOPKLO-JXMROGBWSA-N","","","True","True",0.467025715724379,0.73910267290227,"True",0.472337528707345,0.593982455343516,"False",NA,NA,"False",NA,NA,"within_12m",FALSE,FALSE,FALSE
1231,"decadienedioic acid (C10:2-DC)**","FRWVXIATCBRYHA-KPMZXABDSA-N","","","True","True",-0.313813232570195,0.861971163992027,"True",-0.327016736288682,0.791304483595399,"True",-0.315332122549955,0.876979283382671,"True",-0.325778544009137,0.80940900597938,"within_12m",TRUE,TRUE,FALSE
1232,"deoxycholic acid 12-sulfate*","GMRIQHBJNVMHJA-LLQZFEROSA-N","","","False","True",-0.959719009294708,0.598097678966885,"True",-0.920575082771646,0.464501113819777,"True",-0.957824461744002,0.547793129325831,"True",-0.920252543316532,0.441421243854716,"within_12m",TRUE,TRUE,FALSE
1233,"GlcNAc sulfate conjugate of C21H34O2 steroid**","","","","False","True",0.242821047912137,0.880354456478155,"True",0.182944071149868,0.89146905539005,"True",0.241578056002982,0.898325050608298,"True",0.182215331557103,0.877966297957988,"within_12m",TRUE,TRUE,FALSE
1234,"cis-3,4-methyleneheptanoate","VFMNSFWBDMRNLJ-BQBZGAKWSA-N","","","True","True",0.391997973319964,0.598097678966885,"True",0.397571394446534,0.314959794203091,"True",0.385558006897963,0.589376822950471,"True",0.394338399079607,0.364756523821747,"within_12m",TRUE,TRUE,FALSE
1235,"cis-3,4-methyleneheptanoylcarnitine","LNGSHJPPGDBEPT-VYAYZGMFSA-N","","","True","True",-0.408810230647504,0.572865461036842,"True",-0.393856296299361,0.301682883731793,"True",-0.408292732877271,0.524288797888214,"True",-0.394022545686864,0.335307085143404,"within_12m",TRUE,TRUE,FALSE
1236,"N-acetyl-2-aminoadipate","FTTGAAZKBNZDCZ-LURJTMIESA-N","","C12986","True","True",-0.247239123933778,0.779048076620811,"True",-0.231429498349246,0.627952933455121,"True",-0.242471547014208,0.745105762322228,"True",-0.229534938612448,0.591849199415836,"within_12m",TRUE,TRUE,FALSE
1237,"De(carboxymethoxy) cetirizine acetic acid","NBQBQRKLQXVPIS-LJQANCHMSA-N","","","False","True",-0.155632649906355,0.905432674747387,"True",-0.144259723464817,0.894892807778064,"True",-0.132852917921959,0.944957139729006,"True",-0.12333031041161,0.931582737459357,"within_12m",TRUE,TRUE,FALSE
1238,"4-chlorobenzoic acid","XRHGYUZYPHTUJZ-UHFFFAOYSA-N","","C02370","True","True",0.0644032366191083,0.942378521218326,"True",0.0770276637069086,0.857785546660334,"True",0.0638685943963234,0.932762338729961,"True",0.0770361068385931,0.856347833024907,"within_12m",TRUE,TRUE,FALSE
1239,"torasemide","NGBFQHCMQULJNZ-UHFFFAOYSA-N","","","False","True",0.373347166161866,0.869259593150686,"True",0.330786158403636,0.839064246415683,"True",0.367158179798056,0.814972175535092,"True",0.327783096040043,0.757835060586593,"within_12m",TRUE,TRUE,FALSE
1240,"2-methoxyhydroquinone sulfate (1)","LEJCLCZOTCOTQE-UHFFFAOYSA-N","","","True","True",0.527949768256872,0.728928173456934,"True",0.561555403914619,0.586399162105076,"True",0.525465890033805,0.754310799930916,"False",NA,NA,"within_12m",FALSE,FALSE,FALSE
1241,"2-methoxyhydroquinone sulfate (2)","DQJWAJBJWZYKLK-UHFFFAOYSA-N","","","False","True",0.0976445076268267,0.969206271994178,"True",0.0495755987090885,0.980188501176237,"False",NA,NA,"True",0.0474665229765463,0.977101242449428,"within_12m",FALSE,FALSE,FALSE
1242,"norethindrone sulfate","GCUIJBFFHDSMDP-UHFFFAOYSA-N","","","False","True",-0.00414961226405788,0.728928173456934,"True",-0.0041496122640597,0.649206823724323,"True",-0.0060472664639978,0.888606927638337,"True",-0.0060194875501703,0.830309028999247,"within_12m",TRUE,TRUE,FALSE
1243,"diazepam","AAOVKJBEBIDNHE-UHFFFAOYSA-N","HMDB0014967","D00293","False","True",-0.040779188585161,0.634447318904849,"True",-0.0424549964750402,0.552578286891726,"True",-0.0508537853918038,0.928686185046154,"True",-0.0539524838878084,0.873454342509889,"within_12m",TRUE,TRUE,FALSE
1244,"temazepam","SEQDDYPDSLOBDC-UHFFFAOYSA-N","HMDB0014376","D00370","False","True",-0.00736100557590856,0.685616421904615,"True",-0.00736535084886574,0.627952933455121,"False",NA,NA,"False",NA,NA,"within_12m",FALSE,FALSE,FALSE
1245,"2,4-di-tert-butylphenol","ICKWICRCANNIBI-UHFFFAOYSA-N","","","True","True",-0.435854785894348,0.634447318904849,"True",-0.415763620992061,0.442132624447698,"True",-0.433415002628261,0.583448675605382,"True",-0.415409944029282,0.364172844669901,"within_12m",TRUE,TRUE,FALSE
1246,"3-hydroxyoctanoylcarnitine (1)","RCXSFDNDEVSQNG-UHFFFAOYSA-N","","","True","True",-0.861749913970824,0.634447318904849,"True",-0.774736701807117,0.602181472260842,"False",NA,NA,"False",NA,NA,"within_12m",FALSE,FALSE,FALSE
1247,"3-hydroxyoctanoylcarnitine (2)","RCXSFDNDEVSQNG-UHFFFAOYSA-N","","","False","True",0.157405570214621,0.950103455972402,"True",0.163415458955145,0.91529279665329,"False",NA,NA,"False",NA,NA,"within_12m",FALSE,FALSE,FALSE
1248,"cis-3,4-methyleneheptanoylglycine","FFFQOVJTIDIKQJ-YUMQZZPRSA-N","","","True","True",-0.655859139271812,0.489366645543462,"True",-0.617581178163482,0.271875259518813,"True",-0.658499933075198,0.442497498692544,"True",-0.621596311716725,0.306521169997493,"within_12m",TRUE,TRUE,FALSE
1249,"bilirubin degradation product, C16H18N2O5 (1)**","","","","False","True",0.347586092821886,0.8498818250374,"True",0.378344506046857,0.725503054545946,"True",0.347055773766923,0.886332972303202,"True",0.378462442115676,0.787542631091052,"within_12m",TRUE,TRUE,FALSE
1250,"bilirubin degradation product, C16H18N2O5 (2)**","","","","True","True",0.0311372508772059,0.986709548180007,"True",0.0850434232003334,0.951864165647985,"True",0.0330531927064141,0.987178571736496,"True",0.0867770146258987,0.945338533421238,"within_12m",TRUE,TRUE,FALSE
1251,"bilirubin degradation product, C17H18N2O4 (1)**","","","","True","True",-0.327146184166648,0.845836726340495,"True",-0.310191033985387,0.720817947277671,"True",-0.32478428208545,0.860094337374561,"True",-0.308118660880462,0.729561787912736,"within_12m",TRUE,TRUE,FALSE
1252,"bilirubin degradation product, C17H18N2O4 (2)**","","","","True","True",-0.100776958785215,0.951971292052074,"True",-0.0906228060891384,0.919959339935433,"True",-0.0990955954696489,0.94289644037195,"True",-0.0887386680998504,0.912154000650964,"within_12m",TRUE,TRUE,FALSE
1253,"bilirubin degradation product, C17H18N2O4 (3)**","","","","True","True",-0.0643629484680201,0.969971429194474,"True",-0.0535708665529746,0.951864165647985,"True",-0.0629941275295466,0.965980807301841,"True",-0.0519565712303057,0.945929341200195,"within_12m",TRUE,TRUE,FALSE
1254,"bilirubin degradation product, C17H20N2O5 (1)**","","","","True","True",-0.0566855211191095,0.984452686039136,"True",-0.0355197320094774,0.984783502491525,"True",-0.0523801723205441,0.987178571736496,"True",-0.0321423238754478,0.982385186243838,"within_12m",TRUE,TRUE,FALSE
1255,"bilirubin degradation product, C17H20N2O5 (2)**","","","","True","True",0.0190788866032974,0.988521206905055,"True",0.0141796218150627,0.992047901298663,"True",0.0224717708069569,0.987774253607679,"True",0.0166298273769502,0.983597097250046,"within_12m",TRUE,TRUE,FALSE
1256,"tetrahydrocortisol glucuronide","OZINUFSVVJAFHD-LUPKFNMHSA-N","","","True","True",0.0750888378923326,0.969111082335046,"True",0.122867113860882,0.904715388218868,"True",0.0769860137084543,0.965353120323321,"True",0.125084376764637,0.912154000650964,"within_12m",TRUE,TRUE,FALSE
1257,"bilirubin degradation product, C16H18N2O5 (3)**","","","","True","True",0.236710257488934,0.880082080082563,"True",0.322397682369573,0.736242246671429,"True",0.236362653267457,0.898325050608298,"True",0.322844531378978,0.796937305312324,"within_12m",TRUE,TRUE,FALSE
1258,"bilirubin degradation product, C16H18N2O5 (4)**","","","","True","True",-0.0681427783222979,0.979445008277292,"True",0.0332505181331674,0.984783502491525,"True",-0.0643047768017791,0.984099666219677,"True",0.0365281861626675,0.981880553635197,"within_12m",FALSE,TRUE,FALSE
1259,"N,N-dimethyl-pro-pro","VOWFCBSRZKGKTF-UHFFFAOYSA-N","","","True","True",0.0925712711378089,0.892984902790634,"True",0.101429955367004,0.741680312525074,"True",0.0912621076485281,0.899989811116936,"True",0.102724682443381,0.747476612091161,"within_12m",TRUE,TRUE,FALSE
1260,"oxindolylalanine","YLEQTOAIAOPFBY-UHFFFAOYSA-N","","","True","True",-0.244097759475081,0.616054777048265,"True",-0.235229583497173,0.374566592861613,"True",-0.246880181513114,0.573647357784482,"True",-0.235242376977384,0.419562035506925,"within_12m",TRUE,TRUE,FALSE
1261,"tetrahydrocortisone glucuronide (5)","QUOCEDQXFGCYTL-QMELEVSMSA-N","","","False","True",-0.210989709618097,0.891604198181907,"True",-0.306336380549317,0.740423733470625,"True",-0.21113621683441,0.916244998490274,"True",-0.303719892806942,0.810457906305805,"within_12m",TRUE,TRUE,FALSE
1262,"perfluorohexanesulfonate (PFHxS)","QZHDEAJFRJCDMF-UHFFFAOYSA-N","HMDB0094700","","True","True",-0.00942454129657428,0.99247971124157,"True",0.038894796875249,0.980188501176237,"True",-0.0097117224544017,0.99220761627218,"True",0.0319895218656758,0.977163936066928,"within_12m",FALSE,TRUE,FALSE
1263,"menthol glucuronide","CLJGMBYGTHRUNF-PJQJKGEDSA-N","","","True","True",0.166835511254735,0.950103455972402,"True",0.20790376145182,0.904715388218868,"True",0.16714903359626,0.93293377298526,"True",0.207725527302343,0.880945885492053,"within_12m",TRUE,TRUE,FALSE
