"gene","mean_hcc","mean_cirrhosis","mean_difference","welch_p","plate_adjusted_beta","plate_adjusted_se","plate_adjusted_p","welch_q_union","plate_adjusted_q_union"
"ABCB11",6.18555073332167,6.07410220309532,0.111448530226357,0.229060498681701,0.118712166904069,0.101406779671176,0.242454860247822,0.270067712731408,0.285343987150866
"ABCC2",9.55936123702112,9.49462011774459,0.0647411192765315,0.413227825928471,0.0632717770108737,0.0841506766999515,0.452573859280952,0.463725546480831,0.498442831505372
"ABCC3",7.85976448960354,7.88351390337103,-0.0237494137674883,0.728438748592614,-0.0188247147196995,0.0753004803502068,0.802723480546676,0.757483355793277,0.832075849469687
"ABRAXAS2",7.12795909839452,6.88104470391727,0.246914394477253,5.09887051825315e-12,0.245321445738369,0.0360765232355307,3.95380831185202e-11,1.31401722446682e-11,1.01491457453839e-10
"ACTR8",5.6761981109904,5.56057796817251,0.115620142817895,2.86310192992374e-05,0.117686711881248,0.0278957619739087,3.05890700208066e-05,5.11436289948021e-05,5.58657525309969e-05
"ADRM1",8.50321653181039,8.12255054426295,0.380665987547442,8.4750928719651e-22,0.381415716684277,0.0347830929512419,1.46158226103333e-24,3.97536730397212e-21,8.50849673387258e-24
"AFG2A",4.10215341724853,3.99214675567898,0.110006661569552,3.43231163757049e-11,0.107313315637748,0.0167032581010812,3.86411888965543e-10,8.57420378427571e-11,9.33113154094571e-10
"AFG2B",5.44680717165942,5.20492596009093,0.241881211568482,4.66184605222464e-12,0.24558981138878,0.0360124042575169,3.50158950302659e-11,1.20616016906765e-11,9.02385911451913e-11
"AHCTF1",7.55725227329172,6.94945396476747,0.607798308524251,1.15792349782993e-32,0.609452498124889,0.049480340438632,1.15736664350527e-29,1.06333256420439e-31,1.03370281036361e-28
"AHR",9.64260083525665,9.58642207253208,0.0561787627245689,0.402932905765388,0.0672154454327556,0.0688808509373953,0.329759145009578,0.452952163032816,0.376537587646663
"AHRR",4.11630141430655,4.11803146594079,-0.00173005163424111,0.939839211327185,-0.00227021932779146,0.0245374420228258,0.926332038749307,0.945640687940316,0.936385254673718
"AIFM2",6.66304120612288,5.64027594193562,1.02276526418726,1.6943001391516e-47,1.01848285288657,0.0663743993061948,6.87091729586974e-42,5.81412468803602e-46,1.84612087566912e-40
"AIRIM",5.31243903279193,4.91039591418392,0.402043118608004,1.79340526357515e-20,0.41759832308194,0.0408425009772951,6.81138707508049e-22,7.69276468323024e-20,3.49686958500195e-21
"ANAPC10",6.92048754688376,7.03472601467357,-0.114238467789805,0.040334123047516,-0.105170234326895,0.0582271076685561,0.0716587029613412,0.0534509110304481,0.0917907157775923
"ANAPC11",10.3594604497239,9.62733099974984,0.732129449974064,8.65305150266202e-29,0.744076211036582,0.0647838392552189,1.71943960615617e-26,5.64178957973564e-28,1.16778606584773e-25
"ANAPC13",8.71127625571279,8.9055439497639,-0.194267694051103,0.00334629962635282,-0.176559377517467,0.0689256000944454,0.0107954193414366,0.00506215163893745,0.0154017798919402
"ANAPC15",5.68576448690241,5.50946620071315,0.176298286189267,2.86366709818193e-06,0.173402210338269,0.0374431451987624,4.96729270643396e-06,5.57346551646154e-06,9.63891322796115e-06
"ANAPC16",8.47125268842356,8.67061965801247,-0.19936696958891,3.2869762965779e-08,-0.200585462565753,0.0378301373072719,1.92214289831017e-07,7.09638591181719e-08,4.00395261884419e-07
"ANAPC2",4.08763521246912,4.10036785432728,-0.0127326418581637,0.503508829620448,-0.0185284074989932,0.0183920171403855,0.314361255469936,0.54897618212798,0.360851300292955
"ANAPC4",8.5432366535058,8.34506564957639,0.198171003929405,1.56458679610186e-05,0.18891624184193,0.0448476782025371,3.14306017807138e-05,2.87355096072793e-05,5.70828756574523e-05
"ANAPC5",9.3175116878877,9.12567687752839,0.191834810359314,3.46685392072772e-11,0.189919030611268,0.0299875554947453,6.63321931851454e-10,8.59463405442766e-11,1.5900216895851e-09
"ANAPC7",5.89765285045643,5.389705638561,0.507947211895427,3.52082927452833e-36,0.51199205651572,0.0391401457254709,1.16778188843927e-32,4.25107534628236e-35,1.40998850233778e-31
"ANKLE1",3.96942777474812,3.97463420042061,-0.00520642567249219,0.704988747819548,-0.00980497537417134,0.0132587992931882,0.460045188538758,0.739307283999735,0.505816969523221
"ANKLE2",5.95661196737265,5.93151096590848,0.0251010014641695,0.480486615028783,0.0305111507158281,0.0362688560548057,0.40072510130406,0.529184582768187,0.448152257376067
"ANKRD53",3.74352262983451,3.78819609233333,-0.0446734624988201,0.0256121807349545,-0.0446552871965605,0.0188416352423511,0.0182735712485697,0.0350822307546015,0.0253497201150371
"ANLN",4.56035640599077,3.85461691090882,0.705739495081951,6.41195062803295e-33,0.716359835046323,0.0583674831188887,1.70989744561753e-29,6.05882870938766e-32,1.50655828992248e-28
"ANXA11",8.87137584299751,8.67533991332151,0.196035929675997,0.000337528531265395,0.197352740032438,0.0501949833331438,9.98371019680456e-05,0.00055572879390161,0.000173583441288442
"ARF6",8.97339543721566,9.06274291662104,-0.0893474794053777,0.0290780205498114,-0.0885301122780649,0.0404209930768595,0.029102706326429,0.0394155288949627,0.0394489906961159
"ARHGEF2",3.85123785538719,3.87717749564865,-0.0259396402614591,0.104454149621914,-0.028337650688948,0.015447074428499,0.0673434429289065,0.129229801809276,0.0864329228142658
"ARL3",4.06447518226923,4.01182882059395,0.0526463616752828,0.0114483969849454,0.0496113661085122,0.0207660590190545,0.0173672884035124,0.0161916590763219,0.0241954530749789
"ARL8A",4.19733016991528,4.13407660882762,0.0632535610876568,0.00415313886570254,0.055961681094421,0.0217559364742407,0.0104742263832788,0.00622493457571967,0.0149763061445127
"ARL8B",6.71809536888182,6.49467290309443,0.223422465787391,1.68004088240797e-05,0.232152136905005,0.0545804220015373,2.64031205283165e-05,3.07692880710673e-05,4.86294762272947e-05
"ARNT",4.81160740519543,4.59929662136644,0.212310783828991,2.63456905662574e-10,0.21103304089437,0.0338546215012679,1.1879616547667e-09,6.22369211927529e-10,2.80634419894163e-09
"ARPP19",7.8270354596062,7.38681527920714,0.440220180399059,3.80287115336504e-29,0.447650726656492,0.0380065918534673,1.35004625171006e-27,2.53007346121837e-28,1.01175880013214e-26
"ASPM",6.50115621756075,4.46224394368066,2.03891227388009,1.43271216217265e-70,2.05010779642289,0.0961312216276778,2.14357888828769e-67,1.86825665947313e-68,3.49403358790893e-65
"ATXN10",9.9363347117757,10.0959744174351,-0.159639705659373,0.00141018244725275,-0.15394371453688,0.0551145983631088,0.00547755575808942,0.00221018979713653,0.00809833640425012
"AURKA",7.47890330801939,5.45463186222533,2.02427144579406,3.85840169078847e-72,2.03265776917711,0.0958791215671553,7.41506869422194e-67,8.38559300798028e-70,9.66924957726541e-65
"AURKB",5.14642692184487,4.5475514076886,0.598875514156271,8.2490037450526e-30,0.603964492816155,0.0531552761701675,4.97407481027105e-26,5.91027521074098e-29,3.24309677629673e-25
"AURKC",4.28877790942486,4.35955040490762,-0.0707724954827693,0.000115969821001421,-0.0716043399385889,0.0188674329600495,0.000171086589375778,0.00019897979813928,0.000292011665636145
"BAAT",11.6092377268255,11.6745959709761,-0.0653582441505929,0.485419279130427,-0.0573447285395084,0.0986034286224776,0.561193660087383,0.533715632366001,0.607804429197631
"BABAM1",7.84393570892917,7.6174683278179,0.226467381111264,1.45306265248529e-05,0.239888118776104,0.049295403778443,1.65491649529221e-06,2.68384376606348e-05,3.28965108210524e-06
"BABAM2",7.7002972562926,7.23316685314942,0.467130403143185,6.8191568987712e-16,0.480296952237249,0.0584392178770303,3.0944022077918e-15,2.15829626116448e-15,1.00663111465105e-14
"BCAR1",5.08645796992685,5.1360818825152,-0.0496239125883529,0.187806688478961,-0.0570412990146219,0.035199552975201,0.10593263239319,0.225506373643245,0.132314322452797
"BECN1",8.64867988673158,8.53417861835569,0.114501268375893,0.00255933879142856,0.115812364316225,0.0413223303275531,0.00532191726612111,0.00391711007514419,0.0079221234189748
"BIN3",5.67117400602532,5.88187042692802,-0.210696420902699,5.94577103499399e-08,-0.214158442362173,0.0381730582354639,3.84289144033313e-08,1.25865023208314e-07,8.40793697683624e-08
"BIRC5",4.26009510338559,3.94645660886259,0.313638494523002,2.06115941545667e-32,0.314436485361993,0.0265000509628086,6.28664378564304e-28,1.86649435955243e-31,4.82222558616384e-27
"BIRC6",6.83390537546602,6.78959574622296,0.0443096292430614,0.223952562253514,0.0398326353206381,0.0355102401562756,0.262672382442106,0.264523678603789,0.308580888922978
"BOD1",8.53556941753166,8.17573780077491,0.359831616756757,9.17204475757196e-17,0.363223172745656,0.0415013550513802,6.4563245896355e-17,3.13098072352718e-16,2.32570366433279e-16
"BOD1L2",3.85349172234433,3.85794124337961,-0.00444952103528218,0.813337759094329,-0.00716027239556484,0.0185866318579036,0.70027182859385,0.832490139606754,0.739688595380814
"BORA",4.25826891382201,4.00021970128409,0.258049212537914,7.88675871662905e-24,0.260614287337289,0.0260694293449179,4.28994210647864e-21,4.11373334659371e-23,2.056648715753e-20
"BRCC3",5.91604621711112,5.67599642795597,0.240049789155146,4.92931934247203e-10,0.237033349616396,0.0397787602766723,5.69645802914375e-09,1.15194129436981e-09,1.29863308916144e-08
"BRIX1",7.73595045704157,7.53059880395037,0.205351653091195,0.000772491281673149,0.214527104352834,0.0614352635399842,0.000534602209862717,0.00123145309450096,0.000875780504599224
"BRSK2",4.00931571809169,4.01839394724616,-0.00907822915446843,0.578034891421284,-0.0130211230565404,0.0155828684734266,0.403890085340456,0.620887560472285,0.450918382948592
"BUB1",5.10631571786433,3.82409926263572,1.28221645522861,5.78193697920269e-42,1.29340731858442,0.0896029029868087,3.97914637955447e-38,1.14237057892126e-40,7.41258125562718e-37
"BUB1B",4.88867232996545,4.02261931137739,0.866053018588056,2.72759171188117e-36,0.873638684790651,0.067162061457395,2.27525601102421e-32,3.35545244555947e-35,2.60257354243471e-31
"BUB3",7.42325937056909,6.94800131587884,0.475258054690251,1.33520759934707e-15,0.48039606591377,0.0602018363316617,1.66144321359006e-14,4.16533662571431e-15,5.06196717411552e-14
"BUD23",8.34771777140452,7.86691276238355,0.480805009020973,3.81087808552189e-30,0.493491673566523,0.0409906478806152,1.36371412262673e-28,2.79178933905649e-29,1.0977056888304e-27
"BYSL",3.90637682601937,3.88631717175081,0.0200596542685587,0.325245759219659,0.0208158598423389,0.0199316424311471,0.296966259199104,0.37203550001968,0.34251102380605
"C1QBP",9.36040660166384,9.39635091211172,-0.0359443104478849,0.591524808484317,-0.0180813849037181,0.0679592512539862,0.790332300758858,0.630297824028457,0.823157603985265
"C2orf69",8.5993318109726,8.17983748355087,0.419494327421727,1.06233000973705e-18,0.423643288307716,0.0452493478108278,6.36966871778336e-19,4.12285218064618e-18,2.64523821910494e-18
"CABLES1",4.58925133216824,4.54753556457941,0.0417157675888289,0.205623579491279,0.0371008782070656,0.0346190550493729,0.28452394426048,0.24420140952334,0.331859770407573
"CABLES2",5.79439720988323,5.23154871263065,0.562848497252576,3.08181692783359e-22,0.559256021154078,0.0595981862195648,5.40015358674721e-19,1.46667491747993e-21,2.25698726830717e-18
"CCDC124",5.65867076548907,5.27379009680174,0.384880668687327,3.93969394493192e-17,0.381691431823841,0.0433972433547712,4.68594998793882e-17,1.38847592005168e-16,1.71642662479557e-16
"CCDC66",5.68070848476111,5.48634030590019,0.194368178860921,0.000229252676662233,0.188007641465987,0.0509734413590199,0.000257831677747958,0.000385239033978804,0.000435508429771162
"CCNA1",3.90132827165075,3.88420236431911,0.0171259073316379,0.273398647213569,0.0166369885087813,0.015649291769132,0.288389553232194,0.318314139255798,0.335767836977483
"CCNA2",5.48933694509555,4.37109888407187,1.11823806102368,2.5716386927901e-43,1.12329290997782,0.0769190992323149,8.06779945191939e-39,5.58902809233048e-42,1.64381413832858e-37
"CCNB1",6.13232693596443,4.40841886820454,1.72390806775989,2.31044695068846e-55,1.73835449196483,0.0980774533385763,5.9502047962826e-52,1.15877800911452e-53,3.23294460598021e-50
"CCNB2",6.10481761960735,4.73689315419583,1.36792446541152,4.48384463223719e-47,1.37466026282457,0.0887506598275095,1.71382029206779e-42,1.46173335010933e-45,4.85830795838346e-41
"CCNB3",3.97992358639838,3.91147086407018,0.0684527223281988,0.0022900830290208,0.0661300950709832,0.0231325065946775,0.00448200261874275,0.00352154277104142,0.00676450395236175
"CCND1",6.72510634952152,7.305602389951,-0.580496040429486,2.36730630689947e-14,-0.575414283730764,0.0797470841089328,2.83466857010882e-12,6.98408919501564e-14,7.73307074356046e-12
"CCND2",4.63437404502075,4.78376069896658,-0.149386653945832,0.0108049400355462,-0.162914189743977,0.0570459899982813,0.00452245285964013,0.0153148280503829,0.00680979044915788
"CCND3",5.43543056169112,5.56299168325148,-0.127561121560361,0.000320202483695964,-0.128394933049921,0.0329832854742359,0.000116618538634939,0.000531226512391268,0.00020222150848399
"CCNE1",4.48916267500249,3.96042512636703,0.52873754863546,1.00087315482439e-24,0.536175213107683,0.0533071163432951,2.61982726483676e-21,5.48377560458408e-24,1.2843062982508e-20
"CCNE2",4.90785321257649,4.0567661358145,0.851087076761987,3.36647843875469e-38,0.857053509889548,0.0637154977270411,3.89455721469331e-34,4.98850895924559e-37,5.52011153039139e-33
"CCNF",4.56480193441955,4.2336600140765,0.331141920343049,7.9601787321785e-26,0.32606095382005,0.0318400766340324,5.98075724394867e-22,4.51307524641772e-25,3.09480454210677e-21
"CCNG1",7.42202295825901,7.15393860910726,0.268084349151751,0.00352484262682967,0.289811707534047,0.0962680911998476,0.00277857005741524,0.00531990137197442,0.00433403750582473
"CCNG2",4.45355682890457,4.38620641017862,0.0673504187259448,0.000716547960080299,0.0694151282187616,0.0199811209990796,0.000570375036536543,0.00114788518420726,0.000929711309554565
"CCNK",7.47238538232404,7.31776139536154,0.154623986962504,1.70617683235231e-05,0.149242409383786,0.0362044382410737,4.58919816208086e-05,3.11604284227929e-05,8.22021209251847e-05
"CCNO",3.81256989341039,3.71928965269647,0.0932802407139239,7.60973418083395e-10,0.0885867252102678,0.01486118268277,5.62803254587203e-09,1.76567497718994e-09,1.28753586663458e-08
"CCNT1",7.30436876657453,7.23633016022747,0.0680386063470673,0.310715408711693,0.071642149170874,0.0681268047496168,0.293635910851896,0.357295320070589,0.34065945529437
"CCNT2",4.42166826059004,4.40833489701447,0.0133333635755735,0.658114894983473,0.005107950507369,0.028288601044001,0.856802527897189,0.694321863315897,0.881128151717614
"CCNY",7.11575739754459,6.53541209049637,0.580345307048222,1.36209560956818e-29,0.584623529677004,0.0506958052183548,1.15038155280345e-26,9.54931545632749e-29,7.8952502360826e-26
"CCSAP",4.16504911603602,4.0591146363673,0.105934479668723,4.35922821041913e-09,0.100422068562414,0.0175521250344893,2.11139636696063e-08,9.80074756273541e-09,4.65077848398086e-08
"CD2AP",5.90489396827818,5.66534780845077,0.239546159827406,0.000727431227404591,0.218501005587444,0.0660354404765308,0.00102415860060066,0.00116246362810734,0.001644707900472
"CDC14A",4.14942135472229,4.18874904714998,-0.0393276924276877,0.12086172261855,-0.0405581501036053,0.0256863122799964,0.115153634124486,0.148682722919423,0.142112628523828
"CDC16",7.91378710301735,7.99110656980407,-0.0773194667867241,0.0643666524769445,-0.067944798238936,0.0430485871377955,0.115303037559977,0.0829388486461815,0.142112628523828
"CDC20",4.00146644557781,3.90364035536614,0.0978260902116705,3.66594471635342e-08,0.0962573520401338,0.0176020428725775,8.13231710307322e-08,7.88843549525554e-08,1.74416801026439e-07
"CDC23",4.64813848805519,4.372027834899,0.276110653156194,4.19374200208985e-21,0.283716388137095,0.0290499973073291,2.69690319174584e-20,1.89883318427957e-20,1.22109783404048e-19
"CDC25A",4.1635464827667,3.9000466232609,0.263499859505798,1.23357806457274e-12,0.265086877876841,0.0403939170741217,1.69195003341971e-10,3.32352437231995e-12,4.1628355539232e-10
"CDC25B",4.98965816556976,4.75711507667285,0.232543088896908,1.17722655915826e-08,0.237151850711186,0.0385882411463478,1.97239267299765e-09,2.57567690124559e-08,4.57651253663511e-09
"CDC25C",4.84523884142472,4.13150748225474,0.71373135916998,1.21360057015418e-41,0.71931572073057,0.0503016386928528,1.41929571455679e-37,2.32725756394271e-40,2.43521264708166e-36
"CDC26",8.29311272455677,8.36143927205802,-0.0683265475012522,0.181055676074398,-0.0571106979971135,0.051928647709655,0.272103013184528,0.218607964445384,0.318511965163936
"CDC27",7.53952030428244,7.25865555992753,0.28086474435491,3.72661184283424e-12,0.288891672570546,0.0415241855931886,1.47902013565085e-11,9.75803582942943e-12,3.90413412325649e-11
"CDC6",5.65337256466813,4.59775768923262,1.05561487543551,1.16912588268437e-29,1.0674041186069,0.0939562507714801,5.04371675893955e-26,8.28554429902404e-29,3.2559438879491e-25
"CDC7",4.01714838257171,3.98369590523911,0.0334524773326068,0.0542149413500906,0.0301632696083216,0.0173330651229559,0.0826119849146833,0.0705551731741698,0.104996128975387
"CDCA2",4.24806396149554,3.94898780161908,0.29907615987646,7.7348130923633e-18,0.304179374255798,0.0368189810821079,2.28298356417608e-15,2.83320120012409e-17,7.51770345375154e-15
"CDCA3",4.41228396862911,4.09922407377231,0.313059894856806,1.79945651189565e-28,0.311292223562805,0.0285996754393872,2.89481523843598e-24,1.12812081322689e-27,1.64123437866109e-23
"CDCA5",4.68514031514621,4.11095734315098,0.57418297199523,2.58046001885629e-38,0.578886808980274,0.0433608593519099,9.86412481753524e-34,3.91269751696349e-37,1.28628187620659e-32
"CDCA8",4.04697547174294,3.78727208784612,0.259703383896823,5.88751154825773e-30,0.260974605754828,0.022904359568943,3.78261811850331e-26,4.26517503273782e-29,2.49117880127693e-25
"CDK1",5.54358075697032,4.44693406300776,1.09664669396256,1.51126500732267e-43,1.10391721147567,0.0757839192057357,1.14457585726167e-38,3.39774063715303e-42,2.19489252627827e-37
"CDK14",4.86952868983235,4.5260586094321,0.34347008040025,7.10133483106062e-14,0.340613939443296,0.0427705130964403,1.85707165934615e-14,2.03073259204014e-13,5.60560519395226e-14
"CDK2",5.76178403598857,5.68848767947227,0.073296356516293,0.0689876301328204,0.0748567932917314,0.0427171457322128,0.0804958525216052,0.0876801848861577,0.102506437195482
"CDK20",4.07291664371708,4.10579696590792,-0.0328803221908336,0.0217913738552515,-0.0358779940671187,0.0139346756534826,0.0104007387062675,0.0300380037074503,0.0149367436927013
"CDK4",7.34654009419502,6.73710842601567,0.609431668179357,1.17263169080967e-20,0.629525002751728,0.059447951006838,3.4004764240464e-23,5.13124739871079e-20,1.8323228334531e-22
"CDK5",4.85683085047549,4.15756636500829,0.699264485467196,2.99661678243204e-41,0.713479893630291,0.0476974250336929,2.7629570861984e-40,5.58226897755912e-40,6.21188972483226e-39
"CDK6",6.59855090344038,6.06388845934976,0.534662444090619,4.35473370077141e-09,0.531840033672176,0.0993930980540964,1.4980579305881e-07,9.80074756273541e-09,3.15075409917239e-07
"CDK7",8.08621581838576,7.45283556933623,0.633380249049533,1.07277203740366e-34,0.637939796058172,0.048800746116247,1.26390552501003e-32,1.14663503014293e-33,1.49830254964826e-31
"CDT1",4.43356023291058,4.05112016648344,0.382440066427145,3.81456769439525e-24,0.384457085103313,0.0391890606532683,1.9047633513502e-20,2.02203100548431e-23,8.80784188000236e-20
"CENPA",4.28696127118771,4.03062071106771,0.256340560120007,6.9908892064366e-17,0.258791458008121,0.031974412480935,7.48694587206397e-15,2.41167183206173e-16,2.32451843265986e-14
"CENPC",4.56542830844067,4.78479444563456,-0.219366137193884,8.73337242882434e-12,-0.219225979529297,0.0319682095598085,2.76288236758788e-11,2.21562600139824e-11,7.1484099351877e-11
"CENPE",4.84718555720053,4.0832545967055,0.763930960495032,8.85765997146584e-37,0.766918118783803,0.0591928857952766,3.64293452158167e-32,1.15503886027915e-35,4.09516087598492e-31
"CENPF",6.28307833721105,4.4659737120521,1.81710462515895,2.94030669382281e-64,1.81854637544128,0.0914027542372488,2.90713713468046e-61,3.19513327395412e-62,3.1590890196861e-59
"CENPT",4.00650653463891,3.9901723024422,0.0163342321967095,0.258528041411438,0.0130314831532042,0.0139191645006142,0.349737709528573,0.302621692998667,0.39657215063066
"CENPV",8.5122844100858,8.42635844790449,0.0859259621813031,0.198765662100273,0.095423549116838,0.0698029799660243,0.172401850006078,0.236919948243835,0.207391155357865
"CENPW",6.43492360626899,4.96004830107476,1.47487530519423,1.81405923885872e-57,1.48537944638253,0.0834021238546918,2.56443258581417e-52,1.18276662373588e-55,1.53320455901054e-50
"CENPX",8.7778772245012,7.87589383328534,0.901983391215858,1.78792131709063e-30,0.913029415139075,0.0779656355905409,2.43558585605481e-27,1.37144082205069e-29,1.80454770244061e-26
"CEP164",4.90884044338108,4.88986229931508,0.0189781440660033,0.521552032678454,0.0132788250532314,0.0298888328280243,0.657091699582193,0.563933541138229,0.700038869489526
"CEP55",4.62646643159718,3.85781893788827,0.768647493708906,1.84363340779823e-30,0.776868492801214,0.0672452871765355,9.6100794670993e-27,1.39773137428424e-29,6.66571469420079e-26
"CEP63",4.79896420810529,4.72390938992719,0.0750548181781019,0.00835969345097463,0.0796019736838166,0.0299035189585155,0.00809082976531135,0.0120854104878835,0.0117750468905871
"CETN1",3.90760741200913,3.90216253632548,0.00544487568364893,0.768190023507935,0.00401179262441253,0.0181955216873538,0.825611132997228,0.792499834378439,0.851738067585747
"CETN2",9.0288652571798,8.42398192237937,0.604883334800428,1.97536909214342e-30,0.609326757334636,0.0523233817999798,4.29976315421929e-27,1.48039154951438e-29,3.08070942478129e-26
"CETN3",7.15076262493264,6.73304060185114,0.417722023081495,3.86594633776969e-12,0.427114314586543,0.0604198931749666,7.26918331080151e-12,1.00823880489034e-11,1.94242111419778e-11
"CHEK2",4.7309685179877,4.62969229601271,0.101276221974996,0.00477443772485582,0.103228895848003,0.036685029693935,0.00514257145840173,0.00711625448742309,0.00767266954434309
"CHFR",5.67612813891546,5.64143719012893,0.0346909487865306,0.305142952197443,0.0279215082627094,0.0360119550921097,0.438609867584859,0.352129566075633,0.486349717117905
"CHKA",7.41465872585249,7.07510876900929,0.3395499568432,1.14738868472951e-07,0.337612856638296,0.0683654153623115,1.17165624762909e-06,2.39774814885783e-07,2.37242196724897e-06
"CHMP1A",6.53345071305887,6.14233472620986,0.391115986849004,3.4661881245961e-14,0.390099550173247,0.0422126130535613,1.61756999167222e-18,1.00442429210518e-13,6.51021996648326e-18
"CHMP1B",8.7573235288278,8.78193832613938,-0.0246147973115836,0.605568803142789,-0.0140896454404628,0.0492185765221543,0.774826160862387,0.643047002685828,0.810893510244424
"CIB1",10.2661916150211,10.4304712745857,-0.164279659564629,5.45654413216801e-07,-0.169525795225762,0.034383576062982,1.21730014536418e-06,1.09804530067085e-06,2.44962868758472e-06
"CINP",7.07158998914555,6.59640188470028,0.475188104445271,7.52618127783971e-20,0.483242797281206,0.0481741206391552,3.25770160310495e-21,3.10574062857689e-19,1.57334921868476e-20
"CKAP5",6.07029818110806,5.24633475296064,0.823963428147423,4.85060604177616e-50,0.832404436611509,0.048217898303273,5.50410621036744e-50,1.97662196202379e-48,2.56334089225684e-48
"CKS1B",6.70637691913616,5.8584500547786,0.847926864357562,1.44587327697458e-17,0.878487743254942,0.0983190273897051,1.65024969222604e-17,5.20833909716809e-17,6.25559767053128e-17
"CKS2",8.16765157216861,7.44746698287627,0.720184589292344,2.16850108661006e-13,0.736533339530567,0.0974233620080533,2.92246997969364e-13,6.04214832679384e-13,8.43119657858518e-13
"CLASP1",4.31918481831443,4.30262116776428,0.0165636505501459,0.474529127677731,0.019807267955053,0.0226268240458048,0.381902587121281,0.523507599400813,0.428572266442471
"CLASP2",5.23779179891017,5.2962884601143,-0.0584966612041242,0.0329169983284879,-0.0575286416709419,0.027995830829297,0.0405559920049539,0.0441602529015928,0.0540746560066052
"CLTA",9.55962089427943,9.1329391123662,0.426681781913231,4.58369990858156e-17,0.433422031183256,0.0492749507701669,4.66167889439598e-17,1.60675932279311e-16,1.71642662479557e-16
"CLTC",8.70114626231226,8.36441716054037,0.336729101771883,2.66391292594679e-07,0.35410353269464,0.0669107822443118,2.02377300194005e-07,5.49642793581426e-07,4.20222929065258e-07
"CNTRL",5.22565464427226,5.43542610053265,-0.209771456260389,2.84595417101219e-08,-0.21678685725843,0.0367519315081156,7.96967832643741e-09,6.18520706499982e-08,1.78564614049388e-08
"CNTROB",4.07384086683504,4.09754723322978,-0.0237063663947445,0.18454316994134,-0.0257211163513353,0.0171532705486737,0.134558297142571,0.221996580815044,0.164600393502732
"COXFA4",11.254014548485,10.9610615075759,0.292953040909074,2.10174165607199e-06,0.312893817513541,0.0638813965789375,1.42224464068029e-06,4.12751674626187e-06,2.83579053738089e-06
"CPAP",4.25919899888365,4.05997358097773,0.199225417905926,2.64982840710202e-17,0.200745796642537,0.0247428531014614,6.52353775746979e-15,9.44091869634161e-17,2.03509407553603e-14
"CSNK1A1",7.76148812436085,7.96736683750251,-0.205878713141658,1.02821941834168e-08,-0.206101834595075,0.0354391547862166,1.26123959527953e-08,2.26486169175261e-08,2.79703474871514e-08
"CTDP1",5.99064420065213,5.72338455191711,0.267259648735017,2.53962897791634e-11,0.268664044266603,0.0412241746265742,2.22403369563461e-10,6.36860805231329e-11,5.42051999954877e-10
"CUL3",6.96948918904915,7.15306482993021,-0.183575640881062,5.71113797545384e-05,-0.177188755804459,0.0466003563926285,0.000166378242143603,0.000100639512432322,0.00028472077133236
"CUL4A",8.02363929385752,8.23874377019743,-0.215104476339906,6.53473350720684e-08,-0.204439032333752,0.0416642566944313,1.36362456966327e-06,1.37440201506415e-07,2.72724913932655e-06
"CUL4B",6.28601971786683,6.00390837074445,0.282111347122374,5.11766584673621e-07,0.295510193666657,0.0543148482404817,9.40630165068342e-08,1.03303966937214e-06,2.00421852164889e-07
"CYC1",10.1826489837385,9.38143030891202,0.801218674826444,5.99884668172638e-37,0.806137823151087,0.0600623930998896,5.11691652456405e-34,7.98213884997061e-36,6.9504782791995e-33
"CYCS",9.78982790541835,9.60761086646012,0.18221703895823,0.00755949035825092,0.200112370351095,0.071523644518511,0.00540018275447301,0.0109772554868142,0.00800208899071909
"CYP1A1",5.87090307796704,6.23362557024475,-0.362722492277717,0.0143741047264022,-0.349337162712115,0.156596400248399,0.0262630840890657,0.0200254621402013,0.0356740225543142
"CYP1B1",7.25532689574809,7.57421368483284,-0.318886789084758,0.0125770968711941,-0.307150005882718,0.133511218972841,0.0219451170837786,0.0176349831398249,0.0300592780223185
"CYP27A1",11.1793522779389,11.3759207699382,-0.196568491999335,0.00759218346711278,-0.210267849163572,0.0811969307038116,0.00996932367368268,0.0110002302679056,0.0143487837422541
"CYP7A1",6.88560330377253,5.39803980970128,1.48756349407124,2.22547473806079e-18,1.48753064560942,0.17446305619762,3.38721450798886e-16,8.58585520245937e-18,1.16849939640674e-15
"CYP7B1",6.47543406058893,6.70191970435107,-0.226485643762146,0.00679243596547926,-0.242287711495812,0.0900418476692896,0.00743468083191611,0.00990753523376393,0.0108686365524872
"CYP8B1",10.0210423130177,11.4042292727171,-1.38318695969934,5.10439770363499e-16,-1.38691807353934,0.1845484855477,3.94706861803129e-13,1.63899714621372e-15,1.13369547971648e-12
"DCAF13",7.55782993342027,6.72801147519368,0.829818458226595,1.54509010811067e-35,0.833828293392264,0.0648554596420546,9.00336378303495e-32,1.76736622892659e-34,9.78365531089798e-31
"DCLRE1A",6.43189351474475,5.83444349893079,0.597450015813958,7.62549279723039e-32,0.60014915737418,0.0485653420486641,8.06314941764781e-30,6.37412987665925e-31,7.40446960606532e-29
"DCTN1",6.56478312285572,6.12637550871175,0.438407614143974,6.00438444152813e-17,0.431197937622197,0.0447526025193573,7.60366277467871e-20,2.09350730260767e-16,3.37250893135409e-19
"DCTN3",7.20791196889308,7.11671032103214,0.0912016478609408,0.17100848683426,0.105958296263363,0.0695409300312447,0.128400570862922,0.207630416044577,0.157517302446659
"DDX27",8.0967741288236,7.87992585460759,0.21684827421601,4.34335845293672e-05,0.206061774892408,0.0536850653302957,0.000144525153135775,7.69529812857267e-05,0.000247974736432962
"DDX28",4.37891845677487,4.37301497994713,0.00590347682773906,0.794040900990174,0.000968847765014419,0.0221295032755011,0.965101581219219,0.816584648967813,0.96658407212739
"DDX31",4.21450464886958,4.18449470749061,0.0300099413789727,0.102535329071365,0.0260431809463538,0.017501608394707,0.137549195210957,0.127582127012462,0.167943961193903
"DDX3X",6.42882484225593,6.62792689500924,-0.199102052753303,0.000582510459376121,-0.211664876035501,0.0509206388478712,3.97294290703715e-05,0.000942423869759878,7.15568722482935e-05
"DDX47",3.67104061778253,3.6942997679313,-0.0232591501487698,0.0600411298947563,-0.0209902439455412,0.0121735268980186,0.0854565521048648,0.0776722553400418,0.10840014002407
"DDX51",4.65693006717281,4.52631690232864,0.130613164844161,2.61493653443608e-05,0.129359427284006,0.0311277104755971,3.98954504478107e-05,4.68389730893496e-05,7.16579440550209e-05
"DDX55",6.10444783023766,5.69656907026792,0.407878759969744,2.29612341753982e-19,0.40307688018167,0.0444677876669977,6.22211441162154e-18,9.29858675922956e-19,2.44386662432364e-17
"DDX56",8.76573347335763,8.29802549891235,0.467707974445283,1.46080526092718e-22,0.459218506325409,0.0467421299463087,1.70157710054205e-20,7.21549265245848e-22,7.92448763966725e-20
"DHX30",7.01293484986409,6.79522364769626,0.217711202167823,4.33071846554974e-07,0.228809294602651,0.03715818176843,1.8408809453035e-09,8.82383887355759e-07,4.2866227726353e-09
"DHX37",5.10862115523532,4.77225065531849,0.336370499916832,4.42417430766992e-18,0.332614300615111,0.0384144618273043,1.28724528776696e-16,1.66737667549179e-17,4.58625097062327e-16
"DIS3L2",4.68373322657109,4.35004943367393,0.333683792897164,1.24594206530839e-27,0.331710975716434,0.0306605707746592,5.02469685250184e-24,7.592095575524e-27,2.77635792189085e-23
"DROSHA",8.27780087700328,7.53586863847609,0.741932238527186,6.45555647284009e-48,0.736646182197784,0.0431421930145292,3.49282034400187e-49,2.33834601127319e-46,1.42332429018076e-47
"DSN1",8.22722888147293,7.59473541457849,0.632493466894443,5.39467441118311e-32,0.629601666076952,0.0514640405008568,2.42907533019571e-29,4.62806278433078e-31,2.0838909411679e-28
"DYNC1H1",8.511364432173,7.99605791297258,0.515306519200421,1.57970164885841e-29,0.523213619416692,0.0424257712406059,1.00894294209137e-29,1.09570795218689e-28,9.13653886449404e-29
"DYNC1LI1",6.43793549236968,6.32658040963983,0.111355082729851,0.0107537370523876,0.118441334553376,0.0465909276580624,0.0114041144175023,0.0152754609110168,0.0161640926091554
"DYNLT1",9.40785148501548,9.79284016281897,-0.384988677803493,1.98944265242278e-12,-0.389789898074705,0.0558178322784393,1.25447924533539e-11,5.29435350767205e-12,3.32487995105152e-11
"DYNLT3",10.2641805341381,9.99425269087341,0.2699278432647,1.19076427565473e-14,0.268287851971789,0.0347592366189615,1.00332269836218e-13,3.61106189640412e-14,2.97348363332793e-13
"DYRK3",5.08842628312238,4.89220969597975,0.19621658714263,9.44460302521839e-06,0.196198761752926,0.0464309359477062,2.97189878739119e-05,1.78489309346156e-05,5.44291575668275e-05
"E4F1",4.90102007950006,4.55028557295211,0.350734506547949,1.02431085306913e-28,0.347500552311967,0.0307390613120377,8.14302316785379e-26,6.54755564903014e-28,5.1546127237288e-25
"EBNA1BP2",3.87048513112362,3.84281907013586,0.0276660609877566,0.277158412771386,0.0306622757397941,0.0260184732613264,0.239325286271219,0.322116372775301,0.282681316392817
"ECT2",4.81919901519426,4.09593384789907,0.723265167295189,1.14609193404742e-39,0.732266222961172,0.0527577928767289,7.29765379658332e-36,1.91603061794594e-38,1.16050494521276e-34
"EFL1",6.08681301733581,5.82092003415478,0.265892983181023,4.09147645059339e-11,0.272511227192603,0.0407968514481331,8.29857413048291e-11,1.0104706991617e-10,2.08906190466211e-10
"EIF6",8.47703594756653,7.97014352725527,0.50689242031126,1.03688164070278e-30,0.512923357846074,0.0402005191523456,2.1803676530961e-31,8.04817654450255e-30,2.25650747590263e-30
"EMG1",4.0000525424542,4.01092149807441,-0.0108689556202055,0.581007088650522,-0.0168490297068999,0.0192325763007291,0.381534137023054,0.623053654276547,0.428572266442471
"EML3",8.34403982673475,8.4672060497127,-0.123166222977947,0.0413782574159399,-0.126185824084431,0.063027448338799,0.0459702254631319,0.0545022703741269,0.0607963225191927
"EML4",6.32421277524832,6.36792587014782,-0.0437130948995037,0.353412780984927,-0.0350106964696599,0.0477260886703391,0.463649277685308,0.400043634031549,0.508921429378487
"ENSA",6.99287668887956,6.54933842199091,0.443538266888649,5.40994507266875e-19,0.448517449204015,0.0472319877046901,2.25842187738941e-19,2.12486999239761e-18,9.62412460168557e-19
"ENTR1",7.37436606645908,7.17737012999982,0.196995936459261,1.7486009800421e-06,0.200226519294494,0.0427406750461281,3.88204206804801e-06,3.45481163329529e-06,7.5781180490039e-06
"EPB41",4.32309281872384,4.48959859516783,-0.166505776443984,9.5091969959892e-10,-0.163014856073795,0.0267350325722383,2.60031914416447e-09,2.18309733851583e-09,5.99084127913509e-09
"EPB41L2",5.1899861956349,5.51051359825204,-0.320527402617143,4.15260860206507e-08,-0.312060903499153,0.0583695306943347,1.53375438650737e-07,8.87705183129976e-08,3.21545935692221e-07
"ERAL1",4.60165651977044,4.28643922172545,0.315217298044987,1.00513971092672e-21,0.314755879476771,0.0309736435243789,1.13190611729443e-21,4.64788008173208e-21,5.67694452673821e-21
"ERCC6L",4.0167859173377,3.82439013658042,0.192395780757281,2.09988290800259e-14,0.196401656767707,0.0265936943745702,9.34413975928999e-13,6.22328934553496e-14,2.64886048828568e-12
"ETFA",9.89577151639819,10.2832179488467,-0.38744643244854,2.04352885499801e-05,-0.369074030178933,0.0954573141557483,0.000129433871057673,3.72173411580643e-05,0.00022325630669207
"ETFB",10.6591395391758,10.8180220798099,-0.158882540634048,0.027271823015488,-0.159594264559232,0.0770839816120835,0.0390746828466106,0.0371215628519795,0.0522063385573567
"ETFDH",7.82939544345629,8.93707054627231,-1.10767510281603,5.15302344822214e-35,-1.09182524309115,0.0843957386190935,4.3418111281203e-32,5.79270911765661e-34,4.79806924666854e-31
"EVI5",6.0696680174701,6.12581291168041,-0.0561448942103082,0.0672026434923542,-0.0506340856812845,0.0306306473591201,0.0991268452742055,0.0860827574794007,0.124051253586914
"FASTKD2",5.0879961818434,5.06821741543529,0.0197787664081144,0.589447576888044,0.0202830318204966,0.0381712278591223,0.595465932322172,0.630032492018041,0.638558861634961
"FBXL7",3.96519113881868,3.94008617865558,0.0251049601630906,0.105370986420436,0.0214558718187674,0.0156493174915617,0.171152309142248,0.130117202928265,0.206268586988439
"FBXO5",5.68626133894993,5.82179952085575,-0.135538181905812,0.0464805062587721,-0.121199406193156,0.0709389636750016,0.0883408150641312,0.0610993751627407,0.111646830681427
"FCF1",4.31572826591521,4.29654576466757,0.0191825012476441,0.359480795129839,0.0195052548802882,0.0217844893788795,0.37114115000124,0.405504287931929,0.418657491004859
"FGF12",4.29628046882592,3.92154756729814,0.374732901527778,1.74211000063014e-12,0.377631147983986,0.0578228900969192,2.0484739936128e-10,4.65514639512643e-12,5.02107159336671e-10
"FGF19",4.23423157984267,4.17310933504317,0.0611222447995088,0.314757570655785,0.0604138727266781,0.0674063011286942,0.370665827392782,0.361306225471077,0.418657491004859
"FGFR4",6.14383367650535,5.39095109612118,0.752882580384164,1.31901519201644e-23,0.743805242599079,0.0661026627882206,1.27749341644679e-25,6.77163704877732e-23,7.93262578593628e-25
"FIGN",4.17771077860059,4.28405222546869,-0.106341446868101,0.00265827218770418,-0.107648672295223,0.0378348285852677,0.00467267814065657,0.00405900109223214,0.00701978375047945
"FOXRED1",6.64276345787041,6.60774932550265,0.0350141323677562,0.6465629459518,0.0495580254600374,0.0656835161554525,0.451007263729727,0.684349092143788,0.497557928852423
"FRG1",8.22816375663206,8.47084190492388,-0.242678148291821,9.36577001524773e-11,-0.246280259803816,0.0358518526190843,2.5671567887669e-11,2.25331440957252e-10,6.66847102102e-11
"FSD1",4.29234855822206,4.27126509781873,0.0210834604033243,0.281180801969492,0.0204694355915519,0.0195858557366341,0.296619666839816,0.325630342600548,0.34251102380605
"FTSJ3",8.93342967863502,8.30785557930635,0.625574099328674,1.10437501185446e-42,0.619559702790315,0.0429770068356998,4.75246336669804e-38,2.32275002493261e-41,8.60723920857535e-37
"FZR1",4.42865347295139,4.36769620170307,0.0609572712483191,0.00159090608389495,0.0586725208495179,0.0197808621358478,0.00320183326767509,0.00247558655536876,0.00492357379840604
"GAR1",6.26580644975841,6.11764287201296,0.148163577745447,9.63441788771886e-05,0.156079447658347,0.0385604070820378,6.24326481991652e-05,0.00016795830114419,0.000110016450340151
"GLUL",10.8906117576727,9.47907411737111,1.41153764030162,2.49582959882316e-24,1.41086751943831,0.142384319999545,8.68618999242721e-21,1.33383680199402e-23,4.10391005439314e-20
"GNAI1",6.98652085864859,5.86580656360655,1.12071429504205,5.04307475071183e-28,1.12684189053755,0.102812000209561,1.52888268473202e-24,3.10196673345671e-27,8.8215177915511e-24
"GNAI2",7.96707700551293,8.12299209957351,-0.155915094060576,0.00643603152109254,-0.152935772162908,0.051946598597637,0.00343336264887698,0.00945110935079355,0.00524251158563886
"GNAI3",7.29465425876595,7.37715855726833,-0.0825042985023803,0.0369694924567641,-0.0791255147439486,0.0393008770491045,0.0447685703128033,0.0492926566090189,0.0593274549673734
"GNL2",7.83132202581028,7.60194857096017,0.229373454850104,2.06961477232291e-06,0.232382233834521,0.0471313458297816,1.2167454165964e-06,4.07670341859377e-06,2.44962868758472e-06
"GNL3L",8.1254906345892,7.87176081519885,0.253729819390354,6.25470717282324e-08,0.252502394755574,0.0454735884751453,5.21834818142157e-08,1.31976345523649e-07,1.13412100476229e-07
"GOLGA2",7.15263047054205,7.09002007512265,0.0626103954193953,0.0817588843320242,0.0582737378085537,0.0374544698308871,0.120555661277202,0.103307737566821,0.148306209722142
"GPBAR1",4.46452674992301,4.68210207578821,-0.217575325865204,6.27670141648441e-10,-0.222218063278715,0.035453411940643,9.72579161774728e-10,1.46157475840994e-09,2.3143124579457e-09
"GPCPD1",6.23719854097368,6.47583653083027,-0.238637989856589,1.03885570098587e-05,-0.247657218220365,0.0544115636980033,7.13003701234201e-06,1.95761247700227e-05,1.36728945060206e-05
"GPSM2",5.2648678326871,4.48236851792751,0.782499314759589,4.33925705269462e-40,0.782885478150219,0.0565440121625376,1.00373834387583e-35,7.4452515746234e-39,1.55818428620724e-34
"GRWD1",5.64270609482038,5.56525326934795,0.0774528254724363,0.0377324320448626,0.0797983599196543,0.035056779740542,0.0233731958363441,0.0502072361086744,0.0319482676840594
"GTF3A",10.1214902936742,10.20208624972,-0.0805959560457268,0.0131126353077872,-0.0732544773470807,0.0358484376303411,0.0416811853712848,0.0183071482241484,0.0554614956368932
"GTPBP4",7.1580950856994,6.82746165923986,0.330633426459533,1.52074955899299e-07,0.332395960614023,0.0650009778954148,4.96795051731365e-07,3.16782336250296e-07,1.02503282825585e-06
"HAUS1",6.07820982681196,5.63832671649917,0.439883110312783,3.13072871801876e-13,0.457601210370078,0.0605224086364121,2.908296340684e-13,8.6128064310052e-13,8.42759650722652e-13
"HAUS2",5.67191934804642,5.36036243613982,0.311556911906601,1.08730888709942e-17,0.322745741238878,0.0351607962473745,2.60225877172559e-18,3.93847441327125e-17,1.04090350869024e-17
"HAUS3",4.60319470348604,4.46857346634661,0.134621237139426,2.20316429837847e-05,0.140439603403773,0.0324993155481283,1.97213496852043e-05,4.00129003493805e-05,3.67380571278662e-05
"HAUS5",5.06085887328338,4.83380162484578,0.227057248437601,8.58686803907723e-13,0.224872706574195,0.0331255207046344,4.2466828644485e-11,2.32308629106986e-12,1.08581852063546e-10
"HAUS6",5.24179500237057,5.05589355436646,0.185901448004112,3.45781722251432e-07,0.191999543018589,0.0377982593943243,5.88178594808563e-07,7.06738817893208e-07,1.20975534326556e-06
"HAUS7",5.04389313907171,4.97417750973713,0.0697156293345884,0.0102183607853801,0.0726612883606325,0.0272212661436384,0.00791965103326721,0.0145466620787507,0.0115517057576962
"HAUS8",5.08762223931697,4.95261999497118,0.135002244345798,0.000529840045060723,0.134153930412114,0.0413428434468693,0.00127652967062888,0.00085934256064575,0.00202013918750007
"HCCS",6.86174003410691,6.78104371261957,0.0806963214873413,0.138268964737534,0.0914166440607457,0.057113644471264,0.110275201492325,0.169139521592631,0.137212655291977
"HEATR1",5.82255770338921,5.48627438033666,0.336283323052545,2.46683873214639e-24,0.330667200960587,0.031735732603096,1.38509395924537e-22,1.33383680199402e-23,7.34212407665023e-22
"HEATR3",4.91066382928178,4.82540305988737,0.085260769394405,0.0546770707579007,0.086598261837977,0.0459629716484052,0.0602986420095677,0.0710148409046838,0.0780053860917423
"HELLS",4.25988776020607,4.03248682536837,0.227400934837698,4.75584955811398e-14,0.233116006930653,0.0317444083333323,1.22965949311474e-12,1.37204155393377e-13,3.44093557729961e-12
"HEPACAM2",3.86023316435262,3.86532132601589,-0.00508816166326875,0.746081640262378,-0.00246380863808189,0.0157897489110511,0.876083622309926,0.773362844914262,0.89530802781516
"HIGD1A",7.42228840635804,7.70308827100319,-0.280799864645148,0.000136407890964146,-0.269420529378853,0.0758784081976863,0.000431293435462974,0.000232821845310532,0.000711907139042681
"HIGD2A",8.8893339588067,8.48543615182764,0.40389780697906,5.25694445794619e-12,0.41695434056326,0.0511834763091956,5.16988975880846e-15,1.34942038841768e-11,1.66047690775523e-14
"HMCN1",5.52449162388071,5.95470048601589,-0.430208862135177,4.58966004761477e-06,-0.423073374686941,0.0991071692219982,2.47155223738561e-05,8.82731077004375e-06,4.59103150648267e-05
"HMGA2",3.96908765021646,3.95537148846713,0.0137161617493247,0.303520173261071,0.0131355757357526,0.0134016575359865,0.327623426993952,0.350877930791167,0.374755218245713
"HNRNPU",9.79207001698339,9.46112321607322,0.330946800910164,1.428992843974e-16,0.32552973860875,0.0370466258226732,4.98253882637194e-17,4.7535884401584e-16,1.80478628599695e-16
"IDO1",4.75568634698816,5.14058522972263,-0.38489888273447,9.72453728225229e-05,-0.381545650330718,0.0982564147268266,0.000121124756629776,0.000168627614575226,0.000209478358945926
"IFI27",9.95569069963594,9.85830935935965,0.0973813402762893,0.6539093825719,0.0915966132150287,0.222276990670335,0.680505427836223,0.691003107677276,0.722432000317027
"IFI6",8.3620821686387,9.01241722440028,-0.650335055761584,0.000449221165575907,-0.65907325203902,0.179775901488146,0.000280507484590034,0.000732230499888728,0.000471368247300778
"IFIT1",8.85093561343722,9.30477549132668,-0.453839877889457,0.00418888030183267,-0.476614078068833,0.159628808578076,0.00300756372275495,0.0062641054054929,0.00465779464901717
"IFIT2",6.18262054795483,6.32239388224043,-0.1397733342856,0.175150819202726,-0.148918542393444,0.102766377793257,0.148115882511242,0.212264561561668,0.179501032337044
"IFIT3",7.07847198647952,7.20138990511946,-0.122917918639946,0.357124552101338,-0.136209004490483,0.129968067033925,0.295280558507363,0.403544554540853,0.34195901269414
"IL22",3.7009541132042,3.72661155977654,-0.0256574465723394,0.0686617259893366,-0.0271937036799394,0.014002144972476,0.052845297495572,0.0874364166895458,0.0691870159982188
"IMP3",8.97853611182203,9.01477524477918,-0.0362391329571512,0.453019926373734,-0.0233290459469897,0.0502216663571854,0.642534005419536,0.505684443127047,0.685650035243106
"IMP4",8.68926453301527,8.11915802590878,0.57010650710648,2.28762082952459e-32,0.57507651224223,0.0450715186848701,2.17884761620376e-31,2.04319011075347e-31,2.25650747590263e-30
"INCENP",4.10220729705507,3.97521186417146,0.12699543288361,5.4614099810482e-13,0.124764545018112,0.0175791367077321,6.06958173739279e-12,1.48368304485143e-12,1.63527574081822e-11
"INO80",5.27218384434956,5.27631022304602,-0.00412637869646382,0.861009086198946,-0.00106556498004062,0.0216157973436289,0.960708979017455,0.875784593138398,0.963665006645201
"INTS13",7.04460554057269,6.82108209270818,0.223523447864507,2.00066066806854e-07,0.225884475160872,0.0447974019907075,7.06433748864113e-07,4.14105001771648e-07,1.44841133414906e-06
"IRF7",7.7797673289645,8.30858745962838,-0.528820130663881,6.53203639230371e-11,-0.534449211309809,0.0807004461148698,1.17556645777285e-10,1.58322963858068e-10,2.92545545980114e-10
"ISG15",9.73157321396879,10.0708868791312,-0.339313665162445,0.0289553265678765,-0.361940389131903,0.149914808714485,0.0162259935741327,0.0393309852546989,0.0227024631123058
"ISG20L2",7.76134842133849,7.07351245784169,0.687835963496801,6.71842991749354e-36,0.688912141111946,0.0519350453522194,2.16653612398761e-33,7.82217197536748e-35,2.71650298623062e-32
"IST1",5.82209256066645,5.89930654174497,-0.0772139810785148,0.0666688350364096,-0.0638782415988159,0.0362265724741671,0.0786353024680216,0.0857358588633907,0.100333106084442
"ITGB3BP",7.52796611425406,6.87985603111584,0.648110083138212,3.13475500426623e-18,0.652084671215488,0.0731205362346784,1.87649012035357e-17,1.19523991975531e-17,7.03144573833635e-17
"JTB",10.641683075846,10.2568726739434,0.384810401902547,1.38105137630424e-20,0.39526678563193,0.0406026463208143,3.46025053533197e-20,5.9632152142408e-20,1.55591955105961e-19
"KATNA1",5.26479089467795,5.24012483923467,0.0246660554432809,0.601953472699476,0.028761572162381,0.0503659569213845,0.568294256230428,0.640250675693407,0.614474054829584
"KATNB1",4.55684634177664,4.42404477027084,0.1328015715058,3.6496053857912e-09,0.128919544707461,0.0206104278478556,1.04803526032657e-09,8.34927267205566e-09,2.48479632630155e-09
"KIF11",4.76575029064865,4.15942175739975,0.606328533248903,1.20635453838527e-38,0.612255208770502,0.0451458803164913,1.40291878165652e-34,1.91839794884682e-37,2.03267343475566e-33
"KIF13A",4.38465063421914,4.36141774442474,0.023232889794393,0.257323488277239,0.0250728755505309,0.021370147815761,0.241406900891007,0.301753443087697,0.2846244111771
"KIF14",4.59601003566683,3.85800549168743,0.7380045439794,8.00257204680148e-46,0.740778060991145,0.0482861794737971,7.07868433922209e-42,2.37167135205207e-44,1.84612087566912e-40
"KIF18B",4.01245898853617,3.97951897841282,0.0329400101233452,0.0570164369009522,0.032973621399896,0.0168215863692377,0.0506862121380775,0.073905997732447,0.0666278433750535
"KIF20B",4.16420123414019,3.86586625642053,0.298334977719662,1.03561692698012e-21,0.300808692226152,0.0321973962815006,7.42044847770545e-19,4.75508617176789e-21,3.06210911864807e-18
"KIF23",4.70460644544018,3.99066847050422,0.713937974935964,8.8372415314346e-29,0.723236131012956,0.0650301223155571,3.89597142968601e-25,5.70483314702511e-28,2.35201238162526e-24
"KIF2A",4.56964603323075,4.54229007980182,0.027355953428926,0.343925124070744,0.0331477688300494,0.0298128648789645,0.266884502533262,0.392026540024695,0.312965279949078
"KIF2B",3.82477126277158,3.81996747149106,0.00480379128051478,0.765108484016608,0.00406489783696828,0.0162499618634306,0.802604838180565,0.790571682375322,0.832075849469687
"KIF2C",4.70913911105975,4.01678870094468,0.692350410115074,1.19972516898515e-36,0.696889244231245,0.0535578130155792,2.19402977437981e-32,1.53376629446729e-35,2.55447752302792e-31
"KIFC1",5.18109136228296,4.19043014822444,0.990661214058528,2.39210657737111e-33,0.992204354140958,0.0814786785108443,4.00710090463333e-29,2.36311134613025e-32,3.34952537156529e-28
"KLB",8.30625656327488,7.39164109044252,0.914615472832359,1.19068156633522e-20,0.921066866908778,0.0971094352018493,2.46466477808653e-19,5.17549587500377e-20,1.03674931310478e-18
"KLHDC8B",5.76132462816083,5.23452182899531,0.526802799165521,2.45063307552432e-18,0.528303148128049,0.0589544440243493,1.35611314995441e-17,9.39889861906973e-18,5.17067703959227e-17
"KLHL13",4.99347352514385,4.64490703784735,0.348566487296504,1.03577793377627e-11,0.362708467741157,0.0545231146560494,9.80720621566967e-11,2.60744097614721e-11,2.4593455586987e-10
"KLHL18",4.32590259531946,4.32676409953968,-0.000861504220222464,0.971527049270259,-0.00452705643531457,0.0242870308748902,0.852229748038848,0.974516363268013,0.877810103825164
"KLHL21",5.63930353837193,5.28492193843757,0.354381599934364,3.50485277651665e-18,0.357613874590076,0.0412015460374985,1.10249002558523e-16,1.32858372691212e-17,3.94957965209655e-16
"KLHL22",4.46691484906698,4.31005602918981,0.156858819877166,9.16177809875528e-10,0.156797421389028,0.0254411060917863,1.78412761155586e-09,2.11077007787577e-09,4.16935914958575e-09
"KLHL42",6.12641496097069,5.88650830515654,0.239906655814153,2.24778661771657e-06,0.240769135715862,0.0542092471085008,1.16595758258854e-05,4.40107169594956e-06,2.18262397861688e-05
"KLHL9",5.6756968325884,5.62836470478709,0.0473321278013135,0.320804001128359,0.0388169432233348,0.0473765102680966,0.413100484644544,0.367599663858858,0.459627160389493
"KMT5A",4.64541692596878,4.61353721534812,0.0318797106206565,0.175578939410306,0.0327536176260251,0.0244439218917103,0.181043987043424,0.212388624295955,0.217386150188421
"KNL1",4.68664105246316,4.26172001767759,0.424921034785567,2.94802324572527e-30,0.426964758208957,0.0372549427753777,2.13198392988231e-26,2.18421722296917e-29,1.43304486833326e-25
"KNSTRN",6.96016061034973,5.86586560447187,1.09429500587786,7.64376394181922e-57,1.09374206961279,0.0614152233973275,2.58669480814661e-52,4.53066735460558e-55,1.53320455901054e-50
"KNTC1",5.96591752406732,5.31376223964116,0.652155284426162,1.22445749745854e-16,0.648534902900032,0.0810520579555064,1.42826361875006e-14,4.09408352996394e-16,4.4134022721566e-14
"KRR1",7.50700403310831,7.44710123089218,0.059902802216131,0.182562923086128,0.0709812421021112,0.0441316658707773,0.108559501341734,0.22002038050306,0.135336127867706
"LATS1",3.86139317015644,3.86581826094771,-0.00442509079126863,0.739866631798379,-0.0036596720004605,0.013140164400584,0.780768595842685,0.768141789701502,0.815803084117677
"LATS2",6.15403887712657,6.65525354186312,-0.501214664736555,3.42755285406072e-16,-0.491795149700586,0.0546574538594137,1.02986256782366e-17,1.12866891961999e-15,3.94982584835896e-17
"LIG1",5.93482449417281,5.56911107070335,0.365713423469453,6.00408950671872e-12,0.368380598406102,0.0554261675206714,1.01758716253368e-10,1.53516327779631e-11,2.5420185056397e-10
"LIG3",3.95825763516222,3.91577781477516,0.0424798203870584,0.000182273149902755,0.0418374943890881,0.0111362459907222,0.000198382869734061,0.000307881071856467,0.000336837580902625
"LIG4",5.43583023998073,5.48652763648164,-0.0506973965009081,0.190877757459665,-0.0500156704162648,0.0404667705994171,0.217215935567007,0.228654736720828,0.258439397791402
"LLGL2",6.88221265702526,6.42971111023976,0.452501546785499,9.86762247296436e-20,0.455243609488303,0.0498645051641852,3.79510503056716e-18,4.04634581910237e-19,1.49964150298775e-17
"LMLN",5.44952560963266,5.06182486400218,0.387700745630487,4.77580208080525e-10,0.385943386567484,0.0653993555689126,7.85170542425743e-09,1.12008020024641e-09,1.76527997814339e-08
"LPCAT1",7.17548302546643,6.82143790284936,0.354045122617063,9.59515577338405e-05,0.345855533124752,0.097001002055,0.000408405027216944,0.000167722293947625,0.000675837760775248
"LPCAT2",5.02406751234379,4.73469399803319,0.289373514310595,3.31549421323507e-05,0.296888617558456,0.0768023833256303,0.000129822799804181,5.89019680389446e-05,0.000223336320507456
"LRRCC1",4.40934136263164,4.14495069145921,0.264390671172425,4.84409028480689e-09,0.261570253955431,0.0489582438572646,1.56222277509084e-07,1.08534256553061e-08,3.26464502999752e-07
"LTV1",6.56961549417789,6.63076446402358,-0.0611489698456857,0.309545486680387,-0.0546028180786749,0.0615342886251184,0.375435576388934,0.356578899850906,0.422770286365431
"LZTS2",5.21050085217374,4.95049882013451,0.260002032039232,5.06454641332817e-08,0.254817425480694,0.0471101612314333,1.10944438576801e-07,1.07559747931269e-07,2.34856408935305e-07
"MAD1L1",5.90464311112929,6.09471963650148,-0.190076525372191,0.0491195813672288,-0.184652270599488,0.0972395846677042,0.0583118256869316,0.0644385654958414,0.0755851100355455
"MAD2L1",4.72975778845767,4.07700057651096,0.652757211946708,5.1079299396959e-22,0.673113085082258,0.0698122997976519,7.21876934224807e-20,2.41331182658096e-21,3.22372439119571e-19
"MAD2L2",6.48681867652635,6.00505231771917,0.481766358807174,2.08489778379511e-14,0.500085065929743,0.0614986347286068,5.7318457740171e-15,6.20709294536261e-14,1.80539296843437e-14
"MAEA",5.28488414002222,5.31134211828046,-0.026457978258235,0.511189143775924,-0.0189040556697884,0.0310583507497262,0.543103372783448,0.555033194215261,0.591157594415373
"MALSU1",10.368145439662,10.1594070181426,0.208738421519348,4.0558607307514e-09,0.214747184345566,0.0377086436790145,2.43689142238013e-08,9.21401113745614e-09,5.34967409896245e-08
"MAP10",4.73395265056667,4.40081452933777,0.333138121228901,9.62765236508778e-23,0.336001285257778,0.0353148306828102,1.95659446894739e-19,4.79177812369254e-22,8.44834168048806e-19
"MAP4",5.85153690981239,5.50131993087257,0.350216978939823,9.05946561625083e-18,0.351187477268712,0.0406599555684848,1.50628176613962e-16,3.29987239206455e-17,5.30862546769206e-16
"MAP9",3.93570533485647,3.99542966399783,-0.0597243291413521,2.21753437456017e-05,-0.0579418575940007,0.0140615725214622,4.62044236187378e-05,4.01203631536215e-05,8.23095196705383e-05
"MAPRE1",7.20743741303331,7.18494456302564,0.0224928500076702,0.709316722749728,0.0306702564391779,0.0603742936862031,0.611739934282437,0.742334676136152,0.65385973303631
"MAPRE2",4.38607949561273,4.46996098519142,-0.0838814895786895,0.00313370555407215,-0.0780268676417908,0.0260673004521786,0.00293607452228133,0.00475157214245359,0.00455790616316054
"MAPRE3",3.97705504027765,3.94141541667424,0.035639623603406,0.00182322465738585,0.033644478975897,0.0113427098302788,0.00320131522254269,0.00282361633400374,0.00492357379840604
"MARK4",4.04275709769332,4.03603736110871,0.00671973658460967,0.725539273245908,0.000627365352168387,0.0183021700069838,0.972672894321676,0.755673492262511,0.972672894321676
"MASTL",6.82529056105712,6.49584466259281,0.329445898464312,9.97594246407343e-11,0.334337151159185,0.0519228071253152,3.54641557786699e-10,2.3912920906529e-10,8.59577307349175e-10
"MAU2",8.13492807119056,8.08485574852903,0.0500723226615314,0.350074412092682,0.0482250763689882,0.055646643658234,0.386678742987752,0.397645499450224,0.43318649558078
"MCMBP",8.3924595117488,8.41763332036884,-0.0251738086200479,0.56153395275864,-0.0329730066225325,0.0436532004858784,0.450502123650356,0.605157251567989,0.497557928852423
"MDN1",6.39380829070392,6.63845365463692,-0.244645363933003,1.04415480733731e-05,-0.245329859410421,0.0552417549766084,1.1683063934621e-05,1.96192776479518e-05,2.18262397861688e-05
"MICAL3",4.22764120951916,4.16602323476641,0.0616179747527426,0.00011488311808192,0.0591980007913086,0.0163249826408753,0.000325863152302679,0.000197635337702933,0.000541996875768741
"MIS12",5.60523794571614,5.6427960375008,-0.0375580917846614,0.457385245214066,-0.0367158580903965,0.0520939219518844,0.481355728701726,0.507175942002502,0.527468798510127
"MIS18A",5.38520285217906,4.8284765312052,0.556726320973855,1.09109097412954e-28,0.555824774436477,0.0505386834076721,1.11095909312625e-24,6.90671179740251e-28,6.58495753380286e-24
"MIS18BP1",5.86752353134016,5.78418581159762,0.0833377197425405,0.0987191595727942,0.0892980524532416,0.0500541336776871,0.0751982346859841,0.123201644265922,0.096135782382866
"MISP",4.22090418895601,4.12076827181789,0.100135917138123,0.03321697613609,0.0992365479065285,0.0518222212751203,0.056233003099936,0.0444711877633073,0.0731814730961243
"MITD1",7.08352899600288,6.71116639280826,0.372362603194614,2.88473683521822e-14,0.377302728745724,0.0472036409715145,1.51415184003301e-14,8.43429783211784e-14,4.63486854319965e-14
"MKI67",4.31907249951809,3.90957480783308,0.409497691685013,2.47555778408337e-24,0.415169199868725,0.0416122452532476,5.03047725435872e-21,1.33383680199402e-23,2.39406654732984e-20
"MPHOSPH10",9.58266988882513,9.51765606185019,0.0650138269749387,0.082606056354715,0.0548899864044039,0.0360364609691662,0.128526387885925,0.103975190624081,0.157517302446659
"MPLKIP",10.8530011221951,10.3765548500322,0.476446272162868,9.7070582017885e-17,0.478046027166039,0.0567797504262284,7.35891678342894e-16,3.29635518102401e-16,2.48601748331382e-15
"MRTO4",6.05161360908043,5.74418830476698,0.307425304313447,1.14185781318944e-10,0.303251388797388,0.0487888851664524,1.3180975362324e-09,2.71712151167706e-10,3.09136544468893e-09
"MT-ND1",12.8721789645816,13.0067379634216,-0.134558998840051,0.00652553229253585,-0.128079430495838,0.0494453387417263,0.00994884811681842,0.00956100461737838,0.0143487837422541
"MT-ND4",14.1368880735775,14.1645006808599,-0.0276126072824621,0.0695942487094191,-0.0265556720647745,0.0155441118710921,0.0883585347110677,0.0882790859115589,0.111646830681427
"MTCL1",5.8741502064711,6.3542761111786,-0.480125904707502,5.57662833820165e-07,-0.479483088639623,0.0998113075103827,2.2251313363771e-06,1.11875743892538e-06,4.39632009490264e-06
"MTCL2",4.31626347542375,4.19581076953808,0.120452705885677,1.42415055245051e-05,0.111057652504676,0.0266447862728103,3.78874230045979e-05,2.63791522783446e-05,6.84282542908527e-05
"MTERF3",8.98528438174898,8.37258676258664,0.61269761916234,1.24185738179604e-26,0.617307244513927,0.0550923262898444,1.91410572062895e-25,7.29451363000916e-26,1.17735559419818e-24
"MTG2",5.63483659820762,5.53985396986801,0.0949826283396114,0.00354874055073669,0.0880618954577738,0.0325149060324448,0.00706029950713239,0.00534360009025478,0.0103445287160681
"MX1",7.90779207562306,8.53134539722714,-0.623553321604081,0.000100190334650762,-0.646808816534888,0.154804014485165,3.63038021013235e-05,0.000173273470006093,6.57502193612859e-05
"MYBBP1A",4.9437343973832,4.89396183482641,0.0497725625567922,0.155368718773815,0.0460028203194055,0.034847715218508,0.187574525198385,0.189346550729957,0.224813585348064
"NAF1",3.90285779853098,3.9640661123808,-0.0612083138498232,0.000419207960047404,-0.0615638296420397,0.0168585648546314,0.000296047096582479,0.000686742688318862,0.000493664212204031
"NAT10",6.86471904264969,6.52724048116748,0.337478561482213,3.40059822908661e-19,0.332940763537428,0.0369347069849554,9.09108791140777e-18,1.36023929163464e-18,3.5073309575372e-17
"NCAPD2",5.55915569842963,4.76085104620452,0.798304652225114,2.08741382478953e-31,0.798118228790232,0.0684131833406497,3.58963030679934e-27,1.70124226720347e-30,2.60048773337019e-26
"NCAPD3",6.39969272579997,6.55866035101389,-0.158967625213927,0.00217080374479434,-0.146956660213641,0.0520898693264237,0.00502946943165319,0.00334601428275629,0.00752113318678412
"NCAPG",5.01737713850283,4.07181445328953,0.945562685213299,1.74321633724183e-55,0.948025396743545,0.054710407874693,2.91859182424435e-50,9.47147543234728e-54,1.46378605339024e-48
"NCAPG2",4.0527850262077,4.00230951899444,0.050475507213255,0.0314660620314049,0.0529923028584606,0.0235933758210771,0.0252602901247181,0.0423881662075951,0.0343835264328105
"NCAPH",4.42370105675501,4.32161892964013,0.102082127114873,2.2635671692663e-06,0.100061131604378,0.0214848376213599,4.4045001411969e-06,4.41869998311864e-06,8.57234057331456e-06
"NDC80",5.33654985677742,4.22486582619988,1.11168403057755,6.74464865473494e-47,1.11034433429313,0.0728422715064077,1.81681728464826e-41,2.09405282042247e-45,4.55601872919486e-40
"NDE1",4.88438739080691,4.86766250635283,0.0167248844540842,0.507509577050679,0.0143022443129518,0.0255543496264072,0.576020218133319,0.552414431113594,0.621499092332721
"NDUFA1",11.900742379052,11.3447565161893,0.55598586286265,7.96731146779032e-44,0.557950150345118,0.0382155223748174,8.33754388951169e-39,1.9239581766664e-42,1.6472965502914e-37
"NDUFA10",7.73189228607079,7.74549572633005,-0.01360344025926,0.759930188790723,-0.00347268752842513,0.0453844149632175,0.939046983036126,0.786467433478653,0.944843569351164
"NDUFA11",10.5255118164599,10.2994705058953,0.22604131056459,4.30311851888481e-10,0.230412562673401,0.0370590045929121,1.30390927663411e-09,1.01286399794689e-09,3.06912941648173e-09
"NDUFA12",10.4323912905016,10.1938261273113,0.238565163190327,3.9199099130051e-09,0.248466490542557,0.0421008625194542,7.83587338445672e-09,8.93629812335429e-09,1.76527997814339e-08
"NDUFA13",4.60601188760117,4.59205961519167,0.0139522724095018,0.690128614069231,0.00341333737832154,0.032927252760428,0.917490222559335,0.726920608034149,0.930332231895313
"NDUFA2",10.2621987823538,9.80349439711566,0.458704385238118,1.42075018091788e-36,0.459843138195247,0.0351534292003898,1.16738699832368e-32,1.78140214992011e-35,1.40998850233778e-31
"NDUFA3",10.5695146832197,10.1914357161828,0.378078967036945,1.07949113444222e-20,0.380381764804769,0.0372118240754909,6.95328529275058e-22,4.75559607875896e-20,3.54182969599483e-21
"NDUFA5",8.47724343684851,8.52126746751559,-0.0440240306670834,0.458311974774576,-0.0236137398091349,0.0630679067875475,0.708297602206455,0.507333459342994,0.746058217509869
"NDUFA6",11.2898816240034,11.0130655828898,0.276816041113639,4.53522059707947e-11,0.285533233199007,0.0433984756111841,1.52861767529264e-10,1.11583540728144e-10,3.77522244049547e-10
"NDUFA7",10.1370655388397,9.59453014677341,0.54253539206629,1.93770999085755e-29,0.549266645949029,0.0469371131333736,2.62254292162277e-27,1.32988096214645e-28,1.92123369089668e-26
"NDUFA8",7.14621671264868,6.88269651668991,0.263520195958769,9.18074884281596e-31,0.263709947286092,0.0220263990572491,2.45540619097409e-28,7.21186535604338e-30,1.92882510423507e-27
"NDUFA9",9.29673917663161,9.12654421221273,0.170194964418878,9.08805951593494e-07,0.169942369366689,0.0368589413794548,5.45417625003355e-06,1.81205345699987e-06,1.05210737130825e-05
"NDUFAB1",10.2167897426972,10.4639193672136,-0.247129624516376,0.000439003279955932,-0.232230708277953,0.0743587777965396,0.00192344538667104,0.000717368768248791,0.00302189492074582
"NDUFB1",11.0746600635619,11.0130964645586,0.0615635990032963,0.0506737225969768,0.0675609339547238,0.0326269532578477,0.0390450919570662,0.066343909906082,0.0522063385573567
"NDUFB10",9.92063462286512,9.76843528387554,0.152199338989584,0.000702942937784893,0.159932738621489,0.0467456650219074,0.000689212148774725,0.00112886402816687,0.00111505290570998
"NDUFB11",8.93114412501111,8.81853073249259,0.112613392518526,0.0673641538544222,0.128782219842708,0.0617763607404704,0.037752628078479,0.0861204476727122,0.0506475586567249
"NDUFB2",10.1565501343345,10.1614326635205,-0.00488252918607124,0.935221044424876,0.00779609124008895,0.0647457577605561,0.904219869522061,0.942448409528623,0.919736903164405
"NDUFB3",6.93123851995569,6.79393239944519,0.137306120510503,0.0174499242405894,0.149372248530638,0.059666282935897,0.0127074223987055,0.0242071289465198,0.017894685537702
"NDUFB4",10.9496842481116,10.9171256813845,0.0325585667271042,0.495637566509299,0.0416466376639504,0.0507150468882278,0.412041607206902,0.543118812376577,0.459232697263077
"NDUFB5",9.52988225291108,9.78135800676788,-0.251475753856798,0.000368912137307491,-0.241390598795911,0.0752313305313547,0.00144419328104575,0.000605870814923135,0.00227993709259523
"NDUFB6",9.90191135447669,9.81042147981915,0.0914898746575314,0.104388361366252,0.101820787241439,0.0599079970626754,0.0900019687689509,0.129229801809276,0.113503449975544
"NDUFB7",9.82081242160666,9.53013663133182,0.290675790274838,9.20461234587207e-11,0.296371526504445,0.0438759473623248,5.23202036239189e-11,2.22274342574392e-10,1.33253018604668e-10
"NDUFB8",10.434134200452,10.1986394006606,0.235494799791322,1.18956813500632e-14,0.237973252077021,0.0318485481726771,5.26192196400452e-13,3.61106189640412e-14,1.50472505286445e-12
"NDUFB9",11.0449823548043,10.5011132979046,0.54386905689962,5.99579195142414e-16,0.555535030577356,0.0696414676844055,1.69278902417203e-14,1.90695431820904e-15,5.1334811337682e-14
"NDUFC1",10.3000503778672,10.4802430881982,-0.180192710331003,3.46472683391387e-06,-0.175913646762234,0.0428203169387286,4.86461951903066e-05,6.70326972021318e-06,8.61883675654345e-05
"NDUFC2",5.98358617574932,6.07007592477753,-0.0864897490282059,0.142964146730273,-0.089061480359758,0.0620755222061073,0.152168116457483,0.174555475033966,0.184069780946714
"NDUFS1",7.71795712177175,7.74704642732355,-0.0290893055518024,0.697709181371434,-0.0102816807424394,0.0762060946481403,0.892745381207388,0.733719977829314,0.910907650308634
"NDUFS2",6.14781974988417,5.94554395744815,0.202275792436017,0.000289819116147785,0.204198239403781,0.057849342870898,0.000465609000993135,0.000483278935366639,0.00076660875921092
"NDUFS3",6.91311393450559,6.86867884001186,0.0444350944937328,0.00995954897035754,0.0446810568482199,0.0179991875967121,0.0134713652213721,0.0142404077383182,0.0188888819878164
"NDUFS4",7.06619248023361,6.92947460653026,0.136717873703354,1.46949843591529e-06,0.141311738092475,0.0300274790732665,3.51594609325277e-06,2.91219750825766e-06,6.90480979759278e-06
"NDUFS5",7.55374478576307,7.62318261190367,-0.0694378261406019,0.0294194422531048,-0.0749841824931493,0.0321786414155317,0.0203038110758284,0.0397955940851127,0.0279284489903799
"NDUFS6",10.1129268931268,9.74735078801494,0.365576105111833,7.45273927868812e-18,0.365264604648792,0.0439916281703941,1.69673013477656e-15,2.74530283034161e-17,5.61557384707777e-15
"NDUFS7",8.27287481757259,8.00549752847217,0.267377289100425,2.5951105952207e-05,0.283199250745385,0.059629606644373,2.87509586040792e-06,4.66119038039642e-05,5.6633308186887e-06
"NDUFV1",8.7373364342665,8.61479646098048,0.122539973286013,0.00312794187954177,0.130165473858301,0.0392894217792517,0.00100951141559228,0.00475157214245359,0.00162518874806461
"NDUFV2",10.6781113962636,10.6927730438068,-0.0146616475431749,0.721964458821854,-0.00423331557131286,0.0422857910327854,0.920306973892126,0.753153323442958,0.931739358660973
"NDUFV3",6.41731494490986,5.86892340255698,0.548391542352877,2.82966558822413e-20,0.540492119425457,0.0605301561024984,1.72325864051301e-17,1.2058444206027e-19,6.49459325788717e-17
"NEDD1",5.7160190392308,5.4460273159152,0.2699917233156,1.37409159815781e-14,0.274576272143173,0.0329289117862919,1.31666383905838e-15,4.12860701381976e-14,4.40238370803108e-15
"NEDD9",6.56530676611725,6.78942745826641,-0.22412069214916,0.017961516654591,-0.226012698302774,0.0969566169735759,0.0202598694298097,0.0248639253902194,0.0279269236114924
"NEK1",5.95619266218322,6.06012091320713,-0.103928251023913,0.0322343475307802,-0.102339776376881,0.051366858333234,0.047033257176027,0.0433335970929252,0.0620762827505458
"NEK2",4.15547474532174,3.7568890286715,0.398585716650243,2.13583252968006e-28,0.406105097441567,0.0364111470865069,2.97309940632457e-25,1.32625029462038e-27,1.81164561955478e-24
"NEK3",5.81083510919245,5.17852561494538,0.632309494247069,2.47707915236208e-17,0.628513344513056,0.0797987129225423,3.40454223939816e-14,8.87393190846197e-17,1.02293158529382e-13
"NEK4",7.33093569565735,6.78950635613339,0.54142933952396,8.09352867866566e-23,0.555311921816042,0.0514509769279057,6.23668000206028e-24,4.05921592191539e-22,3.41707173222126e-23
"NEK6",6.96454358641959,7.37106392765117,-0.406520341231576,1.46215495783786e-12,-0.410624617866408,0.0590717294253565,1.53512289058772e-11,3.92314828193533e-12,4.03588759944835e-11
"NEK9",6.96937631688391,6.96809200771479,0.00128430916911881,0.969837847262929,0.00177456662044654,0.0323738702654401,0.956314165207188,0.974320918976009,0.96073472375206
"NHP2",9.09796716632409,8.35168923809976,0.746277928224334,7.69090895645417e-26,0.755785753665553,0.0688610516029298,1.34354629900876e-24,4.39866021018256e-25,7.89182150408751e-24
"NIP7",6.33179915779569,6.40349654187401,-0.0716973840783233,0.250546268582258,-0.0600636660125735,0.0625737368740255,0.337708730535708,0.294335436244383,0.384268922005727
"NOC4L",6.59434686444924,6.49882903956188,0.0955178248873558,0.0117914231894969,0.0884754870910794,0.034393443729062,0.0104681808923291,0.01664070978258,0.0149763061445127
"NOL11",8.59552638518579,8.29289675031536,0.302629634870431,6.76169087616627e-15,0.307151746114927,0.0399189046500019,1.18157501178858e-13,2.06977579871381e-14,3.4859136094396e-13
"NOL7",10.0653415357435,9.50740582655744,0.557935709186086,3.61410779712571e-32,0.557110264946922,0.0440461458200474,5.93170017557739e-31,3.18432200503509e-31,5.85980077950978e-30
"NOLC1",6.26088247338687,6.58907294224687,-0.328190468860003,5.99533940744659e-06,-0.321761708375925,0.071087205139324,7.98882895460227e-06,1.13963886112396e-05,1.52748283824067e-05
"NOP10",9.69602722438111,9.5266739174266,0.169353306954507,0.0158373082357373,0.186496599038809,0.0703693036810827,0.0083713210350396,0.0220168975899802,0.0121561276499907
"NOP14",4.61604915487592,4.50740302401147,0.10864613086445,2.22138820528487e-05,0.105862891541599,0.0257262070599132,4.72921983384611e-05,4.01203631536215e-05,8.40177474568846e-05
"NOP2",5.8059844315576,5.56649190211991,0.239492529437687,6.19492417738533e-05,0.242630106888743,0.0570067974836507,2.60932411376595e-05,0.000108870365597176,4.81948816480283e-05
"NOP58",8.35367450636881,8.3438384365838,0.00983606978501506,0.855575777959404,0.016419440842919,0.05441860465588,0.76302312206543,0.871617823796143,0.799824880364405
"NPM1",11.8734034019886,11.7225625600632,0.150840841925396,0.00240099434495526,0.155584149110632,0.0523243169878971,0.00312799865670547,0.00368340779508431,0.00483283204780086
"NR0B2",8.208256355523,9.20923121802894,-1.00097486250594,1.73250981433359e-16,-1.00261120780502,0.12532816852707,1.44402890021077e-14,5.7339918728198e-16,4.44107001385576e-14
"NR1H4",8.4666952868992,9.06002574278624,-0.593330455887042,7.21431878401622e-21,-0.590882900192661,0.0639163137605531,1.5767992619192e-18,3.22173688162916e-20,6.38554732156097e-18
"NR3C1",8.00558765971937,8.06650402246142,-0.0609163627420592,0.202735820840922,-0.0613810449346607,0.0508138238406263,0.227796678204984,0.241211232095403,0.270042607617545
"NRDE2",6.61581602340804,6.50927787507373,0.106538148334305,0.0678681615091854,0.113740284952528,0.0612485014714336,0.0640625892470244,0.0865949927671016,0.0823842370592897
"NSA2",9.69836466113282,9.5184816270204,0.179883034112416,7.69653801964621e-09,0.181190403169156,0.0309763439897285,1.04763953710142e-08,1.70106535213875e-08,2.33924992530864e-08
"NSL1",5.28202930420095,4.92481820009368,0.357211104107275,5.28075353387241e-20,0.357253605260838,0.0395179538056263,7.47135748008535e-18,2.2213234219902e-19,2.89959826012836e-17
"NSMCE2",8.23795522439722,6.75167200504529,1.48628321935194,1.01494230254688e-74,1.48870852918526,0.0686241031662473,5.74963607457424e-69,3.30871190630282e-72,1.2495875735408e-66
"NSUN2",7.33322007458557,7.42958106897066,-0.0963609943850896,0.0411514059180662,-0.0814391899619907,0.0482647711460743,0.092339166916394,0.0543936378697265,0.116002190422907
"NSUN4",5.67223172858427,5.78835058982486,-0.116118861240594,0.00180513795452586,-0.104440838207994,0.0376056395441212,0.0057471094825244,0.00280226177702587,0.00843944905992322
"NUDC",9.71674663133074,9.69488443909934,0.0218621922313957,0.587297897786419,0.0235606805809878,0.0434226486245882,0.587723068305947,0.628765565446215,0.632335710454584
"NUF2",4.83789804238992,3.85645174487007,0.981446297519857,1.66232762589227e-34,0.994243081126635,0.0786515978558527,6.33109750241411e-31,1.74812518077703e-33,6.16100831578209e-30
"NUMA1",5.95622151599745,5.90828049104606,0.0479410249513865,0.13058633407678,0.0403426866866766,0.0312490157842796,0.19746806581216,0.160343295325914,0.235804356977158
"NUP37",5.8705758066965,5.23424867548854,0.636327131207954,6.14759734053863e-26,0.650341133293302,0.0599967462679459,4.22027426968382e-24,3.5471092619745e-25,2.35181096054175e-23
"NUP43",4.2530731649252,4.18199950404782,0.0710736608773797,0.000141897749602925,0.070851439795929,0.0193348054751676,0.000282241190806119,0.00024155961551203,0.000471849375398947
"NUSAP1",6.21876558001161,4.76911320183282,1.44965237817879,6.19404963854278e-50,1.46830015900894,0.0899745765224442,5.58082097389827e-46,2.3756002143117e-48,1.81934763749084e-44
"NVL",5.51735140578143,4.8935463519914,0.623805053790027,1.64733960038658e-38,0.617730839394955,0.0451645690503486,4.80269714953317e-35,2.55729861774298e-37,7.1167239579446e-34
"OAS1",6.20872810681623,6.63416600527608,-0.425437898459853,8.80229454674929e-05,-0.427867114568905,0.105227685024123,5.78792228556271e-05,0.000154276775389262,0.000102268979137856
"OAS2",5.13966459032537,5.38993530288337,-0.250270712558001,0.00978781419053671,-0.262814087755633,0.0929081746194101,0.00491490469801711,0.014025615059846,0.00736670773128082
"OIP5",5.11117560892618,4.1385389445307,0.972636664395483,2.86041293065627e-33,0.983704736949379,0.0805629016206487,2.99134625161972e-29,2.78356601610132e-32,2.53293215072216e-28
"PAFAH1B1",7.31964529679076,7.53591159483372,-0.216266298042965,6.1965406869356e-11,-0.21577104542658,0.0337864346664373,4.85122322827593e-10,1.51213153857917e-10,1.16715776562211e-09
"PAK1IP1",7.91321538685035,7.56377681639353,0.349438570456822,3.77065579464754e-08,0.351868920491064,0.0614703750387889,2.07907493701896e-08,8.08706440167828e-08,4.59510799639445e-08
"PARD3",6.07995349878483,5.67869410948535,0.401259389299477,6.0209931303808e-18,0.397522305877204,0.0477600357432565,1.46749990991283e-15,2.24325001200473e-17,4.88168337379165e-15
"PARD3B",4.01846241719099,4.00700608832829,0.0114563288626988,0.539842748864151,0.00742056057187361,0.018065367984629,0.681473477142557,0.582744159369911,0.722432000317027
"PARD6A",4.65424692789284,4.54354569056223,0.110701237330613,0.0010638228093023,0.116057926158549,0.0353124989645336,0.00110619250563965,0.00167539244363551,0.00176341690385587
"PARD6B",6.10799657847884,5.874737325027,0.23325925345184,2.43428410985822e-05,0.232449051704028,0.0547599687862204,2.73806061343052e-05,4.38440121444077e-05,5.02877611255409e-05
"PARD6G",4.77104681924378,4.69769190999887,0.0733549092449124,0.00927316370866228,0.0748247366196091,0.0293638760756189,0.011211927981658,0.0133174069119996,0.0159610852489978
"PCNA",6.75140877675014,6.39099061306081,0.360418163689332,3.64285190736037e-19,0.368445425121205,0.0406678952835503,6.44308131709476e-18,1.44825575829205e-18,2.5155024064346e-17
"PCYT1A",5.04494646402962,4.97309286007603,0.0718536039535884,0.0238004760185471,0.0709958240844182,0.0327044630742429,0.0305481826806235,0.0327382075191829,0.041322437982918
"PCYT1B",3.82279390702209,3.8305140834567,-0.00772017643460865,0.498305051322917,-0.0104215307616771,0.0113714375773601,0.359990571712247,0.544212551863554,0.407489327702058
"PDCD2",5.96836007181066,5.68028126344047,0.288078808370189,7.53527067949504e-09,0.295250382960261,0.0526403261265861,3.87120855519284e-08,1.67108723912611e-08,8.44156514376499e-08
"PDCD2L",5.56973145769054,4.84252321566561,0.727208242024934,2.11558037359309e-29,0.737410808894471,0.063657692611368,7.32956833551742e-27,1.42201897276567e-28,5.19443321169278e-26
"PDCD6IP",8.52821809107398,8.28761508817129,0.240603002902684,2.7580521797671e-12,0.240082276489297,0.0358015271236783,7.06689351815629e-11,7.25100815003286e-12,1.7858971216426e-10
"PDS5A",7.05167297710204,6.96293877663301,0.088734200469033,0.0123402367387576,0.0858019415353858,0.0341513006684028,0.012394904412778,0.0173401602449784,0.0174923759245265
"PDS5B",4.8571450702756,4.84407871734589,0.0130663529297124,0.705290077680729,0.00888903608378766,0.0329576795820026,0.787525906884217,0.739307283999735,0.821547026061615
"PELO",7.2122592370659,7.72392482312702,-0.511665586061122,7.81401863203142e-14,-0.505142294338742,0.0694187264628297,1.9035173920515e-12,2.22477735724213e-13,5.25887008312534e-12
"PEMT",7.93314706766826,8.81781153855342,-0.884664470885167,1.04069099715915e-16,-0.864543295621329,0.100974713094832,2.61219314979394e-16,3.49758005230806e-16,9.10775365596605e-16
"PES1",6.08437968846873,5.75311059785208,0.33126909061665,1.87784358542255e-07,0.345020955244829,0.0581963050735769,6.74578776277449e-09,3.89921661686467e-07,1.5324925509857e-08
"PHF13",8.39977738427173,8.49400963226533,-0.0942322479936006,0.0988258588206703,-0.0973865172039749,0.0583909098903073,0.0961528340887709,0.123201644265922,0.120560861203613
"PIK3C3",8.08233132129341,8.21263034864057,-0.13029902734716,0.000302833135169494,-0.119250723309247,0.0378560572718809,0.00175828968594078,0.00050369184727171,0.00276909390152992
"PIMREG",4.21120497282779,4.05009790985628,0.161107062971506,5.98380441064706e-07,0.159529572851702,0.0359110621003361,1.16145551745161e-05,1.19676088212941e-06,2.18233140454884e-05
"PINK1",8.12461351403634,8.58621130399811,-0.461597789961777,4.42631697020228e-16,-0.452587466842939,0.058345291836545,7.71343134359651e-14,1.44297933228594e-15,2.30695286056189e-13
"PKN2",8.14710878610119,8.04797122865819,0.0991375574430009,0.00514869290328401,0.102311842306958,0.0349948811243667,0.00366214404002855,0.00764680586091384,0.00556577602353989
"PLA2G6",4.09763022661081,4.09040679054399,0.00722343606682063,0.716197803128554,0.00506390436596884,0.0204926495627032,0.804954751427228,0.748334884038169,0.833064282429449
"PLEC",8.91854178835612,8.53888481290602,0.379656975450102,1.01062341578027e-10,0.365278214078886,0.0608115521854428,4.35053135674019e-09,2.41365006259611e-10,9.98783959364297e-09
"PLK1",3.99311467914273,3.99313926952389,-2.45903811659787e-05,0.998859780077557,-0.00516014207837218,0.0164863326789607,0.75445208966645,0.998859780077557,0.792113949215017
"PNPLA7",5.10474858147422,5.36063390434354,-0.255885322869323,1.7051583463383e-14,-0.261600891746884,0.0297609555411178,4.87125252940595e-17,5.09983138446134e-14,1.77433332356016e-16
"POGZ",7.83371270552337,7.30740567311918,0.526307032404189,1.74049336973966e-25,0.509972156859364,0.0490608985515987,1.69693763022464e-22,9.69915963307911e-25,8.92260753956828e-22
"PPARGC1A",6.80938151676626,7.74398312497166,-0.934601608205402,5.04064196162577e-16,-0.927474525795491,0.11392611279566,5.36509988278014e-15,1.62697948464356e-15,1.70636347491349e-14
"PPP1CA",9.46000597553462,9.14529286678501,0.314713108749604,1.95770157299802e-13,0.315289270926181,0.0407731178060799,9.10204572114497e-14,5.47820354332494e-13,2.70983279003951e-13
"PPP1CB",7.09695968278509,7.18658393258866,-0.0896242498035722,0.0713676381107781,-0.0944770021252008,0.046546704336207,0.0430646995023719,0.0903528156276259,0.0571857109481598
"PPP1CC",9.41310616946414,9.11108813745621,0.302018032007933,4.80397409826197e-07,0.311853621018568,0.0630229806208786,1.11700269698073e-06,9.75760471048848e-07,2.26880298576772e-06
"PPP1R1C",4.27328914635284,4.36264943810603,-0.089360291753187,0.0100683592251176,-0.0875364559188757,0.037399150803338,0.0197573271715251,0.014364486246776,0.0272919010928694
"PPP2R2D",6.80155201629268,6.99401005244027,-0.192458036147587,5.45529003984839e-06,-0.184679769015145,0.0413281148165209,1.03373367365005e-05,1.04306425395342e-05,1.95360682672416e-05
"PRC1",4.03799028801711,3.87945466128551,0.158535626731602,1.22076700275425e-15,0.160234790536931,0.0210720204832214,2.1744467607152e-13,3.82663502786428e-15,6.32919324993888e-13
"PRKCE",5.63807854289744,5.57555790510376,0.0625206377936776,0.191130109682287,0.0625090713533933,0.0492664059513853,0.205272145358834,0.228654736720828,0.244675390811626
"PRKDC",6.96654288378485,6.19486755399451,0.771675329790348,3.43431978832895e-26,0.787139470921181,0.072220958763246,2.56060662313783e-24,1.99926473392007e-25,1.46448729674199e-23
"PRPF40A",7.73306331588268,7.68458846318738,0.0484748526952927,0.160399552232102,0.0510518838684012,0.0346871721472979,0.141888840762157,0.19511288816293,0.172918736779302
"PSMA1",8.1127307614784,8.00327880885354,0.109451952624863,0.00371008328143002,0.117313014782388,0.0391552693171927,0.00290974207495167,0.00557367350113449,0.00452780867033053
"PSMA2",10.7716553391775,10.9981311277033,-0.22647578852583,0.00010413110845581,-0.216771205533668,0.0622371355499609,0.000552198532666596,0.000179612388130128,0.000902339456888773
"PSMA3",9.56521572275915,9.48164922581208,0.0835664969470695,0.0883921873703429,0.0974482247838242,0.0511182856682887,0.0573443001786318,0.110830204164353,0.0744790512280237
"PSMA4",10.3057535428776,10.0560896423099,0.249663900567684,6.91556073695075e-21,0.248307273473057,0.0261513773391681,2.27706185623546e-19,3.10961765551165e-20,9.64054759912674e-19
"PSMA5",9.58099801243792,9.63131193762867,-0.0503139251907498,0.457391800456245,-0.0381544585889728,0.0705900979072463,0.589156605650498,0.507175942002502,0.632833783993616
"PSMA7",10.9040568544549,10.5532200633874,0.350836791067538,6.20655577719139e-19,0.350515747993997,0.041027408471962,2.99013603978672e-16,2.42315830343041e-18,1.03700462656433e-15
"PSMB1",11.1846491793572,11.1575591826064,0.0270899967507408,0.454742215195564,0.0248123818671596,0.0402019588135068,0.537468284015095,0.505958915200525,0.586002209327495
"PSMB2",9.56963705775914,9.25119105910156,0.318445998657578,6.42274259420777e-09,0.320487927961273,0.0580796945085169,6.26796257624037e-08,1.43411923678886e-08,1.35771149491984e-07
"PSMB3",10.7383356124115,10.1803837755571,0.557951836854402,6.36056547034161e-32,0.567098511175092,0.0446510980716349,3.69886971746379e-31,5.38582946319835e-31,3.76822352466624e-30
"PSMB4",11.6153149312079,10.8017653348055,0.813549596402446,2.30639601802286e-82,0.810733243013148,0.03379948300117,1.0695653862759e-78,1.5037702037509e-79,6.97356631851887e-76
"PSMB5",7.77780384572541,7.48417258778501,0.293631257940404,1.53997067650385e-05,0.303377295992335,0.0712720492823894,2.60432844213194e-05,2.83633017254382e-05,4.81948816480283e-05
"PSMB6",10.0133560904901,10.0086491081736,0.00470698231656819,0.91172703649721,0.00619165029464971,0.0465959877545051,0.894357410175595,0.920195089467773,0.911126611616387
"PSMB7",9.54631336914819,9.28666353554513,0.259649833603069,4.50901777979475e-08,0.261182293730126,0.0474671949985198,6.80844865822237e-08,9.60744964845156e-08,1.46990348515264e-07
"PSMC1",9.33228778002431,9.32366879754745,0.00861898247685211,0.805774688110932,0.00972743260932321,0.037606216097344,0.796030112089099,0.826045749447056,0.827769749732205
"PSMC2",7.24884036854927,6.90234106500989,0.346499303539376,5.12184597377334e-06,0.371057047385399,0.0790914530701123,3.76171317485212e-06,9.82189286735358e-06,7.365276246257e-06
"PSMC3",9.43575469807022,9.0335084091655,0.402246288904712,1.11452041969301e-25,0.407047944688294,0.0351646772704697,7.89203108600303e-27,6.26437339344691e-25,5.53290781513331e-26
"PSMC4",8.1822530213451,7.46649021286291,0.715762808482188,4.60282849547025e-36,0.729585323384448,0.0461632371317315,8.18623985726357e-44,5.45644396190291e-35,2.42610381224357e-42
"PSMC5",10.6618683636677,10.3591508421972,0.30271752147052,1.63448972566131e-21,0.300633520448808,0.0315327557453512,1.67960542853413e-19,7.45235874916903e-21,7.30068492936169e-19
"PSMC6",6.70358606880348,6.61995991085196,0.0836261579515165,0.000482921862232788,0.0867195776788502,0.0218089681203059,8.3451162211206e-05,0.000785199636348573,0.000146263864950823
"PSMD1",9.5949979464705,9.20556164941052,0.389436297059987,6.74105275938551e-29,0.39057309692328,0.0345821026030776,8.93068167496669e-26,4.43956201931248e-28,5.59885043469065e-25
"PSMD11",9.1189107586253,8.63399288620733,0.48491787241797,2.08208489317853e-22,0.500998712569211,0.0489013752375394,5.7655359846642e-22,1.01307414205403e-21,3.00730356960085e-21
"PSMD12",8.87246447470354,8.73632775669539,0.136136718008146,0.00544517937543986,0.144098695732767,0.0497431622220535,0.00398226510315388,0.00805046928069567,0.00602421542286851
"PSMD13",7.95834698791161,7.69994650962008,0.258400478291534,1.73325843146732e-15,0.256290003586887,0.0311770240797901,3.05653900203382e-15,5.38135474912711e-15,1.00143890920907e-14
"PSMD14",8.79683344704737,8.1474950446458,0.64933840240157,6.20097024760463e-27,0.664507079620259,0.0587707550325878,8.01060953851483e-26,3.70920422150295e-26,5.12050727363889e-25
"PSMD2",8.07743071834456,7.59341068602619,0.484020032318363,6.35200876877694e-17,0.466688603774737,0.0549759756327767,4.44477911728314e-16,2.20293070066094e-16,1.51727538453854e-15
"PSMD3",8.34290073503641,7.81705175553385,0.525848979502567,9.8678352581807e-27,0.536280846524603,0.0442474027843136,6.66679361204616e-29,5.84893508030347e-26,5.43343679381762e-28
"PSMD4",10.4178864845356,9.25744567796552,1.16044080657009,3.43634601216253e-71,1.16227960362596,0.0534914603593893,4.08885565353689e-69,5.60124399982492e-69,1.2495875735408e-66
"PSMD6",9.11420310908286,9.15270662502596,-0.0385035159430949,0.344881567029959,-0.0272774066571927,0.041663434018073,0.513042336882743,0.39243068360128,0.561247657126759
"PSMD7",8.27168668391717,8.21678165541447,0.0549050285027075,0.43331617292579,0.0731554178808693,0.0701012182868507,0.297333189377644,0.485433238397964,0.34251102380605
"PSMD8",8.71848511629437,8.46794606150193,0.250539054792441,0.000158382141689849,0.261657706032663,0.0664625096604858,9.77807177616281e-05,0.000268919678077556,0.000170462641659309
"PSME1",9.47531354481205,9.32101421311972,0.154299331692325,3.27494414509128e-06,0.159625179306429,0.0330446900058947,1.96138955554833e-06,6.35495113868903e-06,3.88700908880702e-06
"PSRC1",4.43967117056624,4.25371264447206,0.185958526094174,4.50945317581704e-06,0.189465177719165,0.0420066287151094,8.58064499791073e-06,8.69870849299618e-06,1.63584226275959e-05
"PUM2",6.94491927633211,6.98873266731541,-0.0438133909833009,0.394682520147327,-0.069327311741001,0.0434227349449639,0.111174237130757,0.444443874155539,0.138067814493816
"PWP1",8.19506984429002,7.84914546281849,0.345924381471533,2.17339660018869e-25,0.350757119529018,0.0318924549031108,1.10987266038761e-24,1.20089371468053e-24,6.58495753380286e-24
"RAB11FIP3",4.41603195489435,4.45202489617357,-0.0359929412792219,0.132490119699516,-0.0400422853694397,0.0237250950441791,0.0922586984896147,0.162375109105422,0.116002190422907
"RACGAP1",4.54547983599934,4.19848773812078,0.346992097878566,6.28267963971794e-24,0.345884923466935,0.0353503734162487,2.33841444564165e-20,3.30347348798072e-23,1.06618616682402e-19
"RAD21",8.18844065840608,7.47440847130536,0.714032187100724,4.36934645263263e-19,0.722965325244813,0.0760988912987148,2.1842144650024e-19,1.72655387097968e-18,9.36913046829976e-19
"RAE1",7.47536239763108,7.23158560862717,0.243776789003912,6.21551000520273e-11,0.245079966312028,0.0376071419864775,2.22806650288201e-10,1.51213153857917e-10,5.42051999954877e-10
"RALA",6.8057603857389,6.13565152542375,0.670108860315151,5.91518343784629e-31,0.667331082575774,0.0532139893437266,1.56553952922451e-30,4.70329219692168e-30,1.50107613684467e-29
"RALB",5.82363933146383,5.86097399714444,-0.0373346656806159,0.233434973756389,-0.0345455907088114,0.0319849638043144,0.280785883024213,0.274728525070696,0.328086730702127
"RAN",8.50383234511281,8.48673640076966,0.0170959443431489,0.805410571920284,0.0270958832106484,0.0705442412161937,0.701115877216784,0.826045749447056,0.739688595380814
"RBBP8",8.13437902213191,8.14866722046837,-0.0142881983364571,0.832025735591933,-0.00735790811949124,0.0694972807487307,0.915737433112793,0.850283353614327,0.930001256058475
"RBIS",8.31568416620572,7.49424874516762,0.821435421038098,9.08846378112898e-44,0.818813025014807,0.0548253510715667,3.45774574426274e-40,2.11631370903432e-42,7.5148340841977e-39
"RCC1",6.03899956445783,5.71302176583916,0.325977798618666,4.8498685373001e-14,0.325115676008472,0.0441427773878437,1.06719617548336e-12,1.39300188824655e-13,3.01217275504393e-12
"RCC2",6.27893564732391,6.21813802089705,0.0607976264268579,0.0941398879279055,0.0527498392567827,0.0379113777450745,0.164899766009481,0.117810377982715,0.199101198959596
"RCL1",8.31479799450313,9.29076172445269,-0.975963729949568,2.7251189675144e-22,-0.963065042687891,0.100486585214965,1.13578696736672e-19,1.30645409324955e-21,4.97002082364498e-19
"RECQL5",5.03161588173175,4.76540553742565,0.266210344306098,5.14469393404742e-18,0.266182940737451,0.0287036914046142,1.26377075745834e-18,1.92778186494191e-17,5.14986583664274e-18
"REEP3",5.02470507721845,5.01761490238863,0.00709017482982244,0.863092495827936,0.0187143021960586,0.0423770478192738,0.659013851232891,0.876536304174166,0.700941323007904
"REEP4",4.32235493979252,4.23677351376144,0.085581426031081,1.34248005294051e-05,0.0841067441905798,0.0188908408638827,1.11165344118385e-05,2.50084855576346e-05,2.09479203367592e-05
"RGS14",5.09668783700419,4.7067814082701,0.389906428734087,8.41696641590335e-24,0.39209104961355,0.036839677545084,2.17800353729833e-23,4.35544611362618e-23,1.18338192193209e-22
"RHOA",8.30850480281498,8.48563602625727,-0.177131223442295,0.084979906079589,-0.150042354788882,0.103406981789341,0.147588932099574,0.106757030373588,0.179195500426299
"RIOK1",5.849036137964,5.70854426455351,0.140491873410495,0.0072178722889457,0.14726743203236,0.0527931308812786,0.00553823211147275,0.0105045819919478,0.00815107750943619
"RIOK2",5.56468448454086,5.41695493840458,0.147729546136272,0.00157455693880177,0.144205553644246,0.049054758047126,0.00348151734343289,0.00245600747392047,0.00530361987831366
"RIOK3",8.55398730614412,8.94012480746902,-0.386137501324901,4.53445086774987e-12,-0.375739584997998,0.0567538565127877,1.19080539375181e-10,1.17787329313662e-11,2.95211070998548e-10
"RIOX2",8.32055207085792,8.14552725958697,0.175024811270957,0.000613382758791309,0.170033717846103,0.0523878036372184,0.00127321441304169,0.000989914749336469,0.00201979512725835
"RNF8",5.72780759027776,5.35080149901656,0.377006091261198,1.3095314356827e-37,0.378683695874172,0.0282212840803206,5.27510712299459e-34,1.8166265873726e-36,7.01912213100505e-33
"RPF1",6.3270231064172,6.41869747091186,-0.0916743644946649,0.00108268178911553,-0.0865049211440229,0.0292500958909398,0.00329152896244647,0.00170098440121283,0.00504959266709435
"RPF2",8.95831169912774,8.88033590209669,0.077975797031046,0.0820349290758755,0.0766313635606965,0.0481480542051403,0.112291920729769,0.103456042084083,0.139190745847546
"RPLP0",13.2496508696373,12.9905097366899,0.259141132947422,2.97206944508137e-19,0.261926744300779,0.0295714351838555,2.95050541060251e-17,1.19616622110682e-18,1.09302814074593e-16
"RPS28",12.4796553905326,12.3499646573026,0.129690733229992,0.000223642215327777,0.131994800881655,0.0351030624774646,0.000195851227192389,0.00037678223357548,0.000333407311042918
"RPS3",11.7442517806377,11.6277349107172,0.116516869920448,0.0193267721494767,0.118956820072204,0.049445333120462,0.0166018249016191,0.0266971513590229,0.0231785649590057
"RRP36",8.12936050964763,7.64205729373097,0.487303215916659,6.35348104942051e-20,0.490011726503259,0.0533984144701434,2.65469644106504e-18,2.6385156969568e-19,1.05540370705757e-17
"RRP7A",4.82640802668122,4.75270341123438,0.0737046154468421,0.0385400836220875,0.0688103521447879,0.036608308113872,0.0609047090986385,0.0511774633841162,0.0786334065986383
"RRS1",8.76123653959223,8.09713981939509,0.664096720197145,2.27761319402391e-12,0.664931843812298,0.0940280680766059,7.15266208768757e-12,6.01216114373922e-12,1.91915048607913e-11
"RSL24D1",8.99205669574468,9.04055173907922,-0.0484950433345421,0.331039399395639,-0.0325469512830475,0.0503047802157093,0.518016637706213,0.37799945430115,0.565740113541794
"RUVBL1",6.71536908904304,6.03759491610373,0.677774172939313,9.32815506970865e-34,0.686335768846599,0.0535423277948156,1.27265089424681e-31,9.50305797726569e-33,1.36027603778511e-30
"SAC3D1",6.28565116053351,5.44780589654184,0.837845263991667,1.65812523394923e-57,0.834002909850556,0.0466725974779961,1.42960863016306e-52,1.18276662373588e-55,1.03567202985146e-50
"SACK1D",5.90695785602985,4.26623889155847,1.64071896447137,5.17174270184786e-53,1.6539460541098,0.0972400623491928,6.66162948341748e-49,2.40855445828914e-51,2.55493083716953e-47
"SAPCD2",4.10893571788764,3.98637522410121,0.122560493786432,0.00025880720748811,0.122419112001816,0.0372266363136231,0.00109901075200034,0.000433784831059763,0.00175626228015741
"SBDS",9.85948233035961,10.1162989205529,-0.256816590193301,5.08538816731341e-07,-0.246820115688532,0.0547464788601342,8.65566957569471e-06,1.02971213822619e-06,1.64533427503001e-05
"SDAD1",5.74970888879661,5.59214494755773,0.157563941238886,6.76959193232712e-08,0.162370596946087,0.0297486956964772,8.58983531577171e-08,1.41921991635925e-07,1.83625331996169e-07
"SDE2",7.04087927969604,6.74301372424365,0.297865555452393,4.88997915418665e-16,0.299347926822747,0.0364243739131815,3.10326463258989e-15,1.58620219329836e-15,1.00663111465105e-14
"SDHA",9.14990256123337,9.59211869610659,-0.442216134873222,8.66147258073354e-14,-0.440163975090964,0.0608264108051547,2.47512040001151e-12,2.44471000980012e-13,6.78058193616599e-12
"SDHB",9.96273804418984,10.5278624235554,-0.565124379365548,4.73980868479633e-20,-0.55142262473547,0.0620517574255718,2.3745779299855e-17,2.00672419642027e-19,8.84699891628882e-17
"SEH1L",5.86509077737634,5.8419647831935,0.0231259941828359,0.632584289516451,0.0364171848632318,0.048236357051645,0.450721552569352,0.670642206121505,0.497557928852423
"SEM1",11.1455352019233,10.6190194547029,0.526515747220374,5.09384236338219e-45,0.529037378297752,0.0353192686780539,2.27735821773329e-40,1.4439935743153e-43,5.3029912784361e-39
"SENP5",5.66130153924675,5.6017120763229,0.0595894629238494,0.104285051312702,0.0597518493244621,0.0376514122183592,0.113330791505957,0.129229801809276,0.140211909035833
"SEPTIN1",3.96260993848855,4.13874532734911,-0.176135388860557,6.04921939933529e-11,-0.178531444977655,0.0243091132452513,1.22411034654915e-12,1.48274099562655e-10,3.44017218081917e-12
"SEPTIN10",8.2341764537063,8.26917883953389,-0.0350023858275836,0.511618021048116,-0.0216863740447093,0.052983761454046,0.68254311686394,0.555033194215261,0.722432000317027
"SEPTIN11",7.24883847698222,7.28112371178883,-0.0322852348066043,0.469573093521896,-0.0374720259226234,0.0461296305860469,0.417104808679914,0.518918062671655,0.463291882894896
"SEPTIN12",3.95980594065544,3.99748727924333,-0.037681338587888,0.0668115997130373,-0.0400988530420264,0.0204171976174348,0.0502447776659084,0.0857503208915361,0.0661810000771157
"SEPTIN14",4.07278274762705,3.89189375631834,0.180888991308706,3.43387355435402e-13,0.180602350427127,0.0262352453837404,2.34350449940219e-11,9.4070821741127e-13,6.11185973444092e-11
"SEPTIN2",8.45733972174423,8.54633691819984,-0.0889971964556064,0.0088394366698932,-0.0919316473942734,0.0364437113252261,0.0120482554733661,0.0127225446109721,0.0170400489558237
"SEPTIN3",3.78209915496028,3.76757115136686,0.0145280035934232,0.270159183150843,0.0131598760733391,0.0130037042134419,0.312162418463154,0.315105165320841,0.358959253682498
"SEPTIN4",6.93129983351647,6.95335917819348,-0.022059344677003,0.86475754660251,-0.0257844579185987,0.146352409465885,0.860243728628676,0.876861462495858,0.883273875694326
"SEPTIN6",5.72725939049417,5.87725074870834,-0.149991358214168,0.0262292276261593,-0.170933863983224,0.0722322820237611,0.0184489258266483,0.0357771054649704,0.0255386404224515
"SEPTIN7",8.10796699628547,7.94389639052423,0.164070605761245,0.00657110672786725,0.144472002327294,0.0545700271772635,0.00843955941270029,0.00960619189813778,0.0122279838601791
"SEPTIN9",4.5378182383772,4.41102261206543,0.126795626311775,3.15703365440943e-08,0.122804443242665,0.022615488617874,9.93984485801851e-08,6.83849150390348e-08,2.11100288189839e-07
"SETDB2",5.83230720718715,5.68270650772369,0.149600699463459,0.000265604351224461,0.144007085275047,0.041525454457925,0.000583105329269315,0.000444035992303458,0.000945733021600978
"SGO1",3.95274889551762,3.83111679747125,0.12163209804637,1.07476189359843e-08,0.118383803022246,0.0215435433055287,7.07426016975866e-08,2.35940994823629e-08,1.52225004312959e-07
"SGO2",4.22037528629805,3.79160094875576,0.42877433754229,2.0475511807537e-29,0.437011917048047,0.0383194040865188,3.4600497105913e-26,1.39062851026189e-28,2.30199225643421e-25
"SIRT2",5.55992601618475,5.44834730473791,0.111578711446835,0.00862813989299783,0.122345015099046,0.0338701807575588,0.000343425967827822,0.0124459009075986,0.000569755040772876
"SKA1",4.56617231380885,3.99877444785215,0.567397865956698,6.67774281825803e-33,0.569364767650131,0.0473213051293549,1.4537063881127e-28,6.21984045357748e-32,1.15587385981644e-27
"SKA2",6.31181862154785,5.97476018556785,0.337058435979993,7.67808591570595e-17,0.341944469790234,0.0420598058599097,5.80042310457119e-15,2.63479579844225e-16,1.81820955008674e-14
"SKA3",4.13229185976803,3.89773694922556,0.234554910542474,7.37525255630266e-16,0.233744431509676,0.0304847117061132,1.41693532184521e-13,2.32302640903833e-15,4.16144968397783e-13
"SLC10A1",7.59274008474608,9.09839724668372,-1.50565716193765,2.03274243157805e-19,-1.48195550105446,0.172429676170467,2.05881517485014e-16,8.28342540868054e-19,7.216922010765e-16
"SLC44A1",9.17407687456477,9.01524596564552,0.158830908919253,0.0121991798653003,0.157976729296689,0.0666543069540083,0.0182707525897851,0.0171789746699261,0.0253497201150371
"SLC51A",5.96848529147529,6.37296889858864,-0.40448360711335,1.16808619609796e-10,-0.408582408077535,0.0665702751708427,2.06616235292738e-09,2.76942618129406e-10,4.77708458903778e-09
"SLC51B",4.96769156626797,4.3332371592628,0.63445440700517,8.1875208425251e-14,0.631695697439217,0.0911537501865945,1.75537543766581e-11,2.32098416927233e-13,4.59640476047432e-11
"SMC1A",5.45650765462866,5.36177967797382,0.0947279766548359,0.0130274746261336,0.093707570033622,0.0406859801922526,0.021794916364314,0.0182272820949337,0.0299163904621742
"SMC2",5.45749700778233,4.88599975533589,0.571497252446442,1.50768865113214e-27,0.57780051604925,0.0531183676018214,3.06686007496449e-24,9.10197222720513e-27,1.72378686972142e-23
"SMC3",8.26131309016252,7.79474438945264,0.466568700709875,2.76332968177009e-15,0.472428966580494,0.0561249836347902,7.45837297212671e-16,8.4985422288401e-15,2.50662844217867e-15
"SMC4",9.15231580853523,8.29618822932148,0.856127579213751,1.10964693194403e-37,0.855756981654686,0.061825401572433,1.04268555101484e-35,1.57280391223371e-36,1.58100227735273e-34
"SMC5",7.78070956410802,8.01894062654686,-0.238231062438836,1.11817409094461e-05,-0.243005448071844,0.0529788759683834,6.07750829280412e-06,2.09496984855139e-05,1.16888950056292e-05
"SNU13",8.08328310225958,8.07677875265933,0.00650434960024349,0.888063371628856,0.00431608690336163,0.0480623527827627,0.928490917489807,0.897701268685293,0.937114672141415
"SNX18",4.99908659310194,5.02109807385852,-0.0220114807565741,0.48698882624257,-0.0181261383279352,0.0324442570462271,0.576697777394626,0.534539923754471,0.621499092332721
"SNX33",5.25187090709626,5.24558915773249,0.00628174936376702,0.83342518374376,0.00445689867535677,0.028479226132231,0.875722878992245,0.850380625666559,0.89530802781516
"SNX9",8.88231083915844,9.2616415573235,-0.379330718165065,3.63286501717931e-16,-0.383944435805024,0.0471858522625757,5.52503534882246e-15,1.19026532221151e-15,1.74870050846225e-14
"SPAG5",4.9633070934383,4.48875778596483,0.474549307473471,8.98626609926199e-22,0.481113380894902,0.0518376645305845,1.19135954908488e-18,4.1850324976563e-21,4.88532343398328e-18
"SPART",4.89327921921496,6.1948987740715,-1.30161955485653,2.52359765059072e-61,-1.29234007731457,0.0685108806251109,7.88344246430618e-57,2.05673208523143e-59,6.42500560840954e-55
"SPAST",5.74399299165172,5.52226071706604,0.221732274585678,8.97995153926156e-21,0.225501925156862,0.0224624240335773,3.05692468774525e-21,3.9829444922439e-20,1.4873991764253e-20
"SPC24",4.16145098113969,3.98764457749077,0.173806403648916,9.91037701931746e-17,0.174006629409399,0.0204894941461119,4.33247752873989e-16,3.34796156300258e-16,1.48672386775706e-15
"SPC25",4.65041652401314,3.78455566546067,0.865860858552474,1.20697118230308e-33,0.872985197267253,0.0711881816420847,1.87254528731987e-29,1.21068493978709e-32,1.62786603644341e-28
"SPDL1",5.8466653646824,5.08005566997408,0.766609694708313,6.00636507547572e-41,0.775541796593016,0.0548696140093366,6.74431308238944e-37,1.05841892681356e-39,1.12751080249177e-35
"SPECC1L",4.86814654617629,4.80411372895174,0.0640328172245415,0.00526319779635128,0.0634139001669198,0.0227231418466949,0.00551815033399785,0.00779910218913872,0.00813989596779773
"SPICE1",4.08723796596751,4.04622118890986,0.0410167770576493,0.0258801228759366,0.0393493099222158,0.0183257276003495,0.0323935091186056,0.0353749268660602,0.0436375370771299
"SPOUT1",5.05251025503204,4.96884035328501,0.0836699017470357,0.00623647549825109,0.0760974359956959,0.0304216913974935,0.0127797180552253,0.00917874046243728,0.0179577072672563
"SSNA1",7.12187125144017,6.4476042720579,0.674266979382271,9.84231424935106e-35,0.683561610525534,0.0414951156834211,1.24399605952569e-46,1.06953148176282e-33,4.50603017117083e-45
"STAG1",6.64471780059611,6.48028933278528,0.164428467810828,0.000879255011425397,0.166557145812823,0.0475122002357828,0.000508734951456412,0.00139482790133664,0.000835504252769724
"STAG2",8.49720065287753,8.27876732939992,0.218433323477614,5.85885540517427e-06,0.213335353006824,0.0477179926299761,1.02399152771793e-05,1.11695138133732e-05,1.94082115137235e-05
"STAT1",6.79511862475753,7.0917530000597,-0.296634375302168,0.00150930661957498,-0.297212326527072,0.0908128291020754,0.00116007882370766,0.00235987509823235,0.00184480827574974
"STAT2",5.1070168995926,5.17425144938267,-0.0672345497900695,0.0412123575270627,-0.0735481022877832,0.0324030691222398,0.0237670350074174,0.0543936378697265,0.0324186335247618
"STOX1",3.92366933581177,3.87188447544433,0.0517848603674422,0.00203749086006667,0.0522783580771708,0.0179193994764643,0.00373419733529348,0.00314797166057693,0.00566208526188686
"SYCE1",3.86380274951329,3.77071207802048,0.0930906714928139,0.0245550959305105,0.0888187583073439,0.0463715659699388,0.0561781148454119,0.0337051000983007,0.0731814730961243
"SYCE2",3.95950836454603,3.90750703881018,0.0520013257358527,0.00478055132744066,0.0465894777124022,0.0176459798763664,0.00861841520405738,0.00711625448742309,0.0124594383881273
"SYCE3",4.16453334100772,4.02521406412917,0.139319276878551,0.000864174223043536,0.139076797671111,0.0446034497302289,0.00195580524964992,0.00137424778883997,0.00306534861243209
"SYCP1",3.76557330295977,3.80688642524008,-0.0413131222803136,0.000330788898939418,-0.0407797347347474,0.0109183067039425,0.000215799040286079,0.000547396858143402,0.000365457076016945
"SYCP2",3.98592104975431,3.98102188652462,0.0048991632296902,0.884437667377118,0.00575167346272849,0.036710390292692,0.875580704305374,0.895424470698573,0.89530802781516
"SYCP3",3.95983067537477,3.80993482488996,0.149895850484813,3.44584872874296e-11,0.146806858608117,0.0218353721762193,6.34922576471622e-11,8.57516553870385e-11,1.61077634186575e-10
"TACC1",7.86335940581308,7.98812406091742,-0.124764655104342,0.0520919538198883,-0.139322783458289,0.0654354871288089,0.0338683611505127,0.0679279077811343,0.045530250453885
"TACC3",3.961122296463,3.89652168164048,0.064600614822528,3.19148620218408e-07,0.0619801831517108,0.0126060934301946,1.30053415887246e-06,6.54355032649062e-07,2.60907160487644e-06
"TCOF1",4.60739817481994,4.51354300906224,0.0938551657576987,0.000126813599212575,0.0926711808220963,0.0252876869800702,0.000282001062876109,0.00021701434825879,0.000471849375398947
"TDO2",10.890593842385,12.806785534938,-1.91619169255298,9.13594964533134e-35,-1.91289679070326,0.153616248229377,3.4507238458327e-30,1.00959985911119e-33,3.21410278211846e-29
"TENT4B",7.99621390765698,7.81286281004645,0.183351097610529,0.000631363695804023,0.180349615809032,0.0530421503786684,0.000743290881272463,0.00101641760410919,0.00119956845195457
"TERF1",7.85204402148499,7.04930233748601,0.802741683998981,4.65111325194355e-41,0.797864554964677,0.0557266786123883,1.20455394976587e-37,8.42368288963109e-40,2.1226193925604e-36
"TEX14",4.18684509113486,4.16970722560585,0.0171378655290129,0.49752319830134,0.0156622232824536,0.0260090569550839,0.547402874025397,0.544212551863554,0.593854698609914
"TIMELESS",5.05188250902062,4.55895141697871,0.492931092041916,9.0251512016917e-39,0.499166684247689,0.0354926703709898,1.30422640318967e-36,1.47109964587575e-37,2.12588903719917e-35
"TIPIN",4.94423671084236,4.41396103576856,0.530275675073796,6.29202031103103e-33,0.529358028972493,0.0436550506121092,6.32867634207951e-29,6.03293712175328e-32,5.22316072789347e-28
"TMA16",4.71642862410423,4.47945432405379,0.236974300050438,2.24430925213273e-12,0.233600518759492,0.0333017686066775,1.02805198676587e-11,5.94833183898593e-12,2.73587712396468e-11
"TNKS",5.45500115581257,5.38079075460252,0.0742104012100517,0.0302494295450147,0.0716453679180014,0.0372295671254745,0.0550309329391021,0.0408335984748439,0.0719041448422737
"TOP2A",6.05003945877898,4.4381292811637,1.61191017761528,1.89940758622686e-52,1.62883378413068,0.0944945824268387,7.10719659019384e-50,8.25609164146608e-51,3.08926145120425e-48
"TPPP",4.60177671231991,4.79594736791026,-0.194170655590346,0.000336763046855357,-0.197161622848375,0.0568431018150967,0.000581843805087331,0.00055572879390161,0.000945733021600978
"TPR",7.26330234781355,6.71506350519365,0.5482388426199,1.66826956477794e-13,0.51723710295662,0.0538982958515541,1.02959210516817e-19,4.68841274239319e-13,4.53577062547057e-19
"TPX2",6.2276239867054,4.89972024915471,1.32790373755069,1.42647356132941e-44,1.33920608706401,0.0891127864721241,1.41984789930127e-40,3.72024304794709e-43,3.42866974201639e-39
"TRIOBP",5.05391539018987,5.00165325564442,0.0522621345454484,0.211418195970326,0.0536028509513138,0.0451701281394267,0.236074914627895,0.250626661404823,0.279348174840994
"TSG101",7.34176203911032,7.14920597738102,0.1925560617293,1.39078005815971e-05,0.203432776346365,0.040985868203818,1.03764791991175e-06,2.58344329891774e-05,2.1142076368202e-06
"TSR1",6.89906082258743,6.91202171394467,-0.0129608913572392,0.774039230116808,-0.0106849297854205,0.0470573624213852,0.820494961020226,0.797272635128213,0.84780144942185
"TSR3",7.15613795571331,6.83574126633876,0.32039668937455,7.31165299394861e-12,0.323047223133943,0.042447105404404,2.08227154132812e-13,1.86218662189629e-11,6.08807643473513e-13
"TTC19",7.4783898014245,8.16952290608406,-0.691133104659563,4.02210852067996e-32,-0.68408197565851,0.0573574411575304,3.6744286411089e-28,3.49655300731111e-31,2.85205651667024e-27
"TTC28",7.81788847157324,7.81928632014011,-0.00139784856687442,0.976889299190352,-0.00439710753710775,0.0504151805137566,0.930543168054242,0.978389897192181,0.937734382645079
"TUBA1A",7.7308749680466,8.11191591507345,-0.381040947026847,0.00100410368379049,-0.382269265504874,0.116228875243884,0.00109728893842206,0.00158901845104708,0.00175626228015741
"TUBA1B",11.1534618224193,10.4916069903831,0.661854832036189,3.94992252324624e-31,0.665401729021764,0.0534328661749723,3.43209516638857e-30,3.17944380883524e-30,3.21410278211846e-29
"TUBA1C",10.309640486396,9.74998230990035,0.559658176495628,2.5565886206283e-14,0.568313791411847,0.0697973626681759,5.31530681783355e-15,7.5085395524759e-14,1.69881374766053e-14
"TUBB",9.09524392266903,8.39159189180187,0.703652030867159,6.6550754296817e-18,0.725443416566838,0.071848507862283,1.91848716444579e-21,2.46540294326845e-17,9.47616387286862e-21
"TXNL4A",7.12318216192437,6.89830651640322,0.224875645521149,3.2548887128879e-17,0.232195297346087,0.0274348163654022,5.34478912483656e-16,1.1533627395668e-16,1.81500130697575e-15
"UBE2C",6.91488341656082,4.90303849652692,2.0118449200339,3.84460181416824e-64,2.02089348761487,0.1032354413338,6.90415818084616e-60,3.58097197548241e-62,6.43073019130242e-58
"UBE2I",8.03768746284333,7.98044813491805,0.0572393279252834,0.21193504263157,0.0617060951919806,0.0469127798461011,0.189171572094884,0.250783389829008,0.226311678909843
"UBE2S",7.21007916812886,6.06314879699774,1.14693037113112,2.90359300895885e-44,1.160299969496,0.0710441830855141,4.91651417215544e-46,7.28131785323527e-43,1.68714065276071e-44
"UQCC4",6.79279923053394,6.54539316529244,0.247406065241495,9.69740581957338e-05,0.258533431505208,0.0653484924120336,9.04915511748318e-05,0.000168605562516316,0.000158178261034827
"UQCR10",11.2541377198646,11.0483899730733,0.205747746791282,2.69031844346636e-07,0.214620386247594,0.0412954566497823,3.2739986556446e-07,5.53339944839138e-07,6.77665753485803e-07
"UQCR11",8.44574383584734,8.27388305249172,0.171860783355621,4.3354526265097e-09,0.176012986736573,0.0301416600793214,1.10582535563729e-08,9.80074756273541e-09,2.46074447739083e-08
"UQCRB",5.31859196920433,5.09969286473948,0.218899104464848,1.29109658473585e-05,0.226385964354827,0.0537343037545181,3.13422373787642e-05,2.41201998065265e-05,5.70813932149559e-05
"UQCRC1",6.64169480223411,6.4324610084582,0.209233793775916,0.0616970410528674,0.247304690273064,0.0971703388015563,0.0113111180795975,0.0796563777553852,0.0160672091239598
"UQCRC2",8.70650875845376,9.23413995725241,-0.527631198798659,1.29324031747523e-14,-0.513251523019767,0.0688976038267499,6.11160700334267e-13,3.90366984719375e-14,1.74007326034036e-12
"UQCRFS1",9.22929087504881,9.62621956538861,-0.3969286903398,1.19841890830946e-08,-0.381998950848515,0.0711418736073303,1.36067464489985e-07,2.61327467631361e-08,2.87106753551683e-07
"UQCRHL",6.13313609833789,5.8616384815449,0.271497616792988,2.83463954770064e-13,0.271417631442822,0.0376452875590595,2.9397896956218e-12,7.83129230974922e-13,7.98642867310589e-12
"UQCRQ",6.06316316034872,6.19770744909281,-0.134544288744084,0.0513965123702882,-0.13412561991955,0.0685287414498037,0.0510367345017634,0.067155362856569,0.0669536235314883
"URB2",4.33415572811879,4.15955867710531,0.174597051013479,7.3605861493906e-06,0.177578802514242,0.0384971133277142,5.40050875742611e-06,1.39508783994264e-05,1.04484620470084e-05
"USP16",8.33307707182483,8.36328112473423,-0.0302040529094079,0.453719937468286,-0.0401099600545441,0.0378805033254754,0.290322868131919,0.505684443127047,0.337416238898415
"USP37",4.15745111092695,4.17310824110685,-0.0156571301798953,0.440744167295478,-0.0189471229636863,0.0201739285700003,0.348216731627504,0.492907713682079,0.395535381569917
"USP39",7.41631967629681,6.83636832271101,0.579951353585797,1.39771566378949e-44,0.582768354085954,0.0365911483379303,2.5155923911775e-44,3.72024304794709e-43,7.81031542403681e-43
"USP44",3.82536706756204,3.90730140579266,-0.0819343382306275,6.70080138043237e-09,-0.0834364931287685,0.0131973233872039,7.07730061822307e-10,1.49109982936584e-08,1.69025641138514e-09
"USP9X",7.3732900638905,7.53489093299565,-0.161600869105156,0.00102125264407973,-0.156174512586942,0.0510028396512747,0.00235083369419812,0.00161224388363192,0.00367564404944167
"UTP14A",3.79488761151395,3.73934111718816,0.0555464943257951,0.00559927148233501,0.0544861664291079,0.0194583749638494,0.00536277682743489,0.00825955883819554,0.00796476193960717
"UTP15",4.84322110898673,4.49771675868947,0.345504350297259,2.09705787983561e-23,0.351976826417052,0.0347337097266461,1.42553660764606e-21,1.05990832376188e-22,7.0950371617193e-21
"UTP23",6.59117671711841,5.88891468358252,0.702262033535888,3.92861072369132e-34,0.700382646948619,0.0553428613091227,5.56846750783767e-31,4.06580030451864e-33,5.58560125401564e-30
"UTP4",7.74087755508264,7.64649977777098,0.0943777773116619,0.118958031613537,0.108111590897741,0.0580984228189255,0.0635217234586357,0.146617460514227,0.0818501258795068
"VPS4A",7.52714176370091,7.4736999331882,0.0534418305127096,0.266320075765386,0.0477124379202805,0.0491119634777428,0.331901360056946,0.31118403118106,0.378321130694281
"VPS4B",4.38642653704465,4.35324099436194,0.0331855426827099,0.351059624571342,0.0344704352566718,0.034862575774522,0.323399186928686,0.398071087340027,0.37057340927505
"VPS54",7.36336696000779,6.8800852802461,0.483281679761684,5.69302154528256e-20,0.496439739713856,0.0503440854267945,1.27332148412267e-20,2.37939105610528e-19,5.97270221329485e-20
"VRK1",5.73109907426409,5.33136353239477,0.39973554186932,2.77634040002057e-13,0.409650439921017,0.0562754031406182,1.87098487259474e-12,7.70286783324857e-13,5.19098781673094e-12
"WAPL",7.36824791627699,7.33816034538146,0.0300875708955353,0.517565994197879,0.0276270171964079,0.0455204987806768,0.544262203198625,0.5605532030183,0.591431594142506
"WASL",8.63149279473854,8.29557629771151,0.335916497027027,2.4671676089e-15,0.335533857872324,0.0410061490114969,4.00070872400116e-15,7.62366483887584e-15,1.29131786537067e-14
"WDR12",8.42741204467327,7.74802840242357,0.679383642249698,8.1405813522731e-38,0.677842899701123,0.0505020036471595,5.09686182415677e-34,1.17947978704046e-36,6.9504782791995e-33
"WDR36",7.37352968390038,7.66815154313261,-0.294621859232229,8.15549539722537e-10,-0.285531278324158,0.0482677584163025,7.25327667902576e-09,1.88559680815282e-09,1.64206124816833e-08
"WDR43",6.30489821954465,6.17967983432463,0.125218385220021,0.0361936942424179,0.119669899775449,0.0553852285142343,0.0313297655942499,0.0483571488648698,0.0422919403052814
"WDR75",8.08528068798061,7.89780667191728,0.187474016063331,3.26504123989647e-05,0.188715192279663,0.0457879616074219,4.60278455226147e-05,5.81641226342212e-05,8.22196035088897e-05
"WEE1",9.1100182851008,9.94224284145747,-0.832224556356673,2.28922528041519e-22,-0.831544665550359,0.0818038198125698,1.10423762048118e-21,1.10561102431904e-21,5.58110797328472e-21
"XPO1",8.02290346546712,7.72918351763786,0.293719947829264,9.81797123389324e-12,0.306010710184294,0.0419996647378041,1.79164865196073e-12,2.48113071492186e-11,4.99211504734358e-12
"XRCC5",8.75913720203475,8.6930713158468,0.0660658861879497,0.19821183287235,0.0774894049498013,0.0527151019986459,0.142379297264594,0.236692518375041,0.173192727269618
"YTHDF2",8.63076037541145,8.4655385693961,0.165221806015353,5.46712003093053e-05,0.165988405462637,0.041097646762239,6.47181600157568e-05,9.66006032565502e-05,0.000113736496847098
"ZC3HC1",7.59518822258575,7.02093802690174,0.574250195684009,3.78856736127119e-37,0.569954644905884,0.0429028295893469,1.80454294326877e-33,5.14613733239336e-36,2.30698431178674e-32
"ZFYVE19",6.47306400929394,6.10403278862911,0.369031220664836,5.34122030231557e-13,0.369887137459074,0.0515806467597449,3.77851800330057e-12,1.45710277703337e-12,1.02223806562322e-11
"ZFYVE26",5.12579747908989,4.87102101942131,0.25477645966858,3.46251365169594e-14,0.24707514382575,0.0340616887233636,2.21100035667912e-12,1.00442429210518e-13,6.08258325972484e-12
"ZNF16",5.64311522000232,5.0987072796442,0.544407940358121,7.98034008829884e-32,0.533239242884734,0.0451727779662824,1.07353442337317e-27,6.58630599692512e-31,8.13888888417797e-27
"ZNF207",8.39725478320197,8.0161478109965,0.381106972205473,1.48273417146793e-22,0.390159006249203,0.0368634692430946,3.56274373296687e-23,7.26874195336156e-22,1.90402369991344e-22
"ZNF593",7.58657001734343,7.74529476396472,-0.158724746621293,0.00297182035662512,-0.162678116809703,0.0552087718507099,0.00340630552239982,0.00452716558999902,0.0052134065741894
"ZNF622",7.45616957960189,7.23516294351803,0.221006636083866,0.000173502315254353,0.227083645678053,0.0616900162923247,0.000265071171724491,0.000293827297521657,0.000446579855205085
"ZNF658",4.71975748294591,4.73443770341707,-0.0146802204711616,0.56634581283159,-0.0080253970612074,0.0249443910487198,0.747828901639369,0.609335759020126,0.786426522369143
"ZNF830",6.30362826974129,6.25296645485049,0.0506618148908027,0.277915557785615,0.057968817853852,0.047284737546539,0.220958385973112,0.322421607964806,0.262413237986283
"ZNHIT6",6.09154602710501,6.06647695075641,0.0250690763486014,0.591629245867202,0.0245947838766861,0.0467143443261356,0.598845648567477,0.630297824028457,0.641128674656807
"ZNRD2",7.50619238777005,7.09775800032035,0.408434387449704,5.1281505801779e-16,0.415102245311502,0.0480568127065189,1.50013656647205e-16,1.63899714621372e-15,5.30862546769206e-16
"ZW10",7.18822063597806,6.91452741852524,0.273693217452824,1.16755419784988e-06,0.287569404453131,0.0571847991722413,7.55058535649946e-07,2.32086992987232e-06,1.54325443650083e-06
"ZWILCH",5.06478970335317,4.62265952921326,0.442130174139912,1.6953044407533e-23,0.446065998787228,0.0455814995758174,2.30815016525791e-20,8.63545699508713e-23,1.05979852658321e-19
"ZWINT",6.30537404967988,5.29983455436802,1.00553949531186,1.73148098758299e-42,1.01835998367569,0.0693707448804599,3.90938957564604e-39,3.52789251220034e-41,8.22232904297167e-38
