feature_index,metabolite,method,inchikey,hmdb,kegg,missing_fraction,high_coverage,analysis,normalization,converged,beta_time,beta_group,beta_time_group,se_group_robust,p_group,p_time_group,working_correlation,error,q_group,q_time_group
299,N-acetylglycine,Method 1,OKJIRPAQVSHGFK-UHFFFAOYSA-N,HMDB0000532,,0.0,True,all_pre_hcc,provided_area,True,0.006600499629573554,-0.6757517262640912,-0.009766469675594842,0.16133598634789026,2.8083538713223907e-05,0.0389313389248676,0.6760964532417937,,0.018693050037357908,0.6371910443942032
694,taurohyocholate*,Method 3,XSOLDPYUICCHJX-QZWOQUDZSA-N,HMDB0011637,C15516,0.23183391003460208,False,all_pre_hcc,provided_area,True,-0.02367763293451406,2.5218133269570777,0.052250498331076506,0.6165300207220598,4.307535624176263e-05,0.038277100742194994,0.7161457304313695,,0.018693050037357908,0.6371910443942032
255,2-arachidonoylglycerol (20:4),Method 3,RCRCTBLIHCHWDZ-DOFZRALJSA-N,HMDB0004666,C13856,0.42214532871972316,False,all_pre_hcc,provided_area,True,0.01677181456527977,-1.8461052558563287,-0.02678348409002041,0.4591873852558141,5.8105696643837086e-05,0.051939524998302324,0.44919334372483016,,0.018693050037357908,0.7119046884207239
1153,4-acetylcatechol sulfate (1),Method 3,RRWBOGSYNDIRNR-UHFFFAOYSA-N,,,0.4204152249134948,False,all_pre_hcc,provided_area,True,0.007912786154478315,-1.2321715845001537,-0.010862522006129638,0.3068894931103724,5.943736100908715e-05,0.5585990526978072,0.17210012453064585,,0.018693050037357908,0.8901608221888474
548,"5alpha-androstan-3alpha,17beta-diol monosulfate (1)",Method 3,LERFMBCTNMFXCT-ILBJSTGGSA-N,,,0.7352941176470589,False,all_pre_hcc,provided_area,True,0.009593698186983657,-0.9552610805120455,-0.018918626281440223,0.2592366620714454,0.00022879278234393222,0.01011277142909096,0.8203458630681502,,0.05756426403773335,0.3975583268061384
443,hexanoylglycine,Method 3,UPCKIPHSXMXJOX-UHFFFAOYSA-N,HMDB0000701,,0.5795847750865052,False,all_pre_hcc,provided_area,True,0.013467653249605877,-0.947318751469974,-0.02156640360027654,0.26300966127397374,0.0003159726709635742,0.09421789257474265,0.5113780954572996,,0.06449928638401366,0.7746804500589951
210,taurocholate,Method 3,WBWWGRHZICKQGZ-HGVCTONRSA-N,HMDB0000036,C05122,0.0034602076124567475,True,all_pre_hcc,provided_area,True,-0.02754777435836729,1.7265272912407779,0.04666815408359633,0.4850027036564348,0.0003710946042034711,0.002452860948574677,0.7223656940955809,,0.06449928638401366,0.20571327155379623
198,arachidonoyl ethanolamide,Method 2,LGEQQWMQCRIYKG-DOFZRALJSA-N,HMDB0004080,C11695,0.5259515570934256,False,all_pre_hcc,provided_area,True,0.006114856690156817,-0.7126758398267868,-0.0019924102938886578,0.2016939274068765,0.00041017034266463377,0.860158862881006,0.3371073475462672,,0.06449928638401366,0.9756547618749309
376,gamma-glutamyltryptophan,Method 3,CATMPQFFVNKDEY-AAEUAGOBSA-N,HMDB0029160,,0.00865051903114187,True,all_pre_hcc,provided_area,True,-0.0048994977903065165,0.5301507781690091,0.008064862920583095,0.1513948492822974,0.0004621688249126475,0.0472117121611616,0.8481214919038712,,0.06460093130445672,0.6879935391895626
209,taurochenodeoxycholate,Method 3,BHTRKEVKTKCXOH-BJLOMENOSA-N,HMDB0000951,C05465,0.0,True,all_pre_hcc,provided_area,True,-0.02682611980569511,1.578060955235834,0.04509420693033687,0.4729757333647076,0.0008485500035924751,0.027942170164271717,0.7540333218977928,,0.10674759045193336,0.6306020546424962
537,taurocholenate sulfate*,Method 3,OEDITLKCLMKBOM-UHFFFAOYSA-N,,,0.0,True,all_pre_hcc,provided_area,True,-0.011695100441419286,0.840652627380629,0.006950526272958861,0.25563454548161246,0.0010072498967007204,0.5408735216187199,0.8144610653234617,,0.11519276091359147,0.8843780156115931
930,dihomo-linolenoyl-choline,Method 2,FRBBZHFNTVMXIH-OKLKQMLOSA-N,HMDB0240646,,0.06228373702422145,True,all_pre_hcc,provided_area,True,0.0009720073581688353,-1.012774362654616,-0.015493348507696337,0.31510012515400543,0.0013083811078746018,0.18495870762699418,0.7644723781146805,,0.1371619528088541,0.84072113895278
1224,chenodeoxycholic acid sulfate (1),Method 3,WHMOBEGYTDWMIG-BSWAIDMHSA-N,HMDB0002522,,0.3373702422145329,False,all_pre_hcc,provided_area,True,0.00927773044558835,-0.9917716135959688,-0.0106272291142823,0.31165246963992416,0.0014611045432074538,0.5691212380063838,0.6061096533219317,,0.1411530062353563,0.8923698243750036
595,isoursodeoxycholate,Method 3,RUDATBOHQWOJDD-DNMBCGTGSA-N,HMDB0000686,C17662,0.05536332179930796,True,all_pre_hcc,provided_area,True,0.005291214235511701,-1.470087465984068,-0.02753543765284425,0.4685222608190484,0.001702726530254435,0.11433298889947896,0.7551129258081575,,0.1411530062353563,0.7897057642414003
156,gamma-glutamyltyrosine,Method 3,VVLXCWVSSLFQDS-QWRGUYRKSA-N,HMDB0011741,,0.0,True,all_pre_hcc,provided_area,True,-0.005368408704660937,0.5050782109925417,0.005394382972816917,0.16134611434162924,0.0017456719014312583,0.26398360894892214,0.888138221120313,,0.1411530062353563,0.8560732014389768
71,methionine,Method 1,FFEARJCKVFRZRR-UHFFFAOYSA-N,HMDB0000696,C00073,0.0,True,all_pre_hcc,provided_area,True,-0.005246437671222907,0.32433684226238063,0.0071581292295420755,0.10388206321449468,0.0017952687597501593,0.00849622761877416,0.6639783235705231,,0.1411530062353563,0.358669260381597
987,linoleoylcholine*,Method 2,GVYIAXNFCSAJSK-OKLKQMLOSA-N,HMDB0013213,,0.0034602076124567475,True,all_pre_hcc,provided_area,True,0.002498924230280404,-0.8893525925890653,-0.01911259329625737,0.2929829938453124,0.002401298448893166,0.0932545119379645,0.7852455767159063,,0.1514584196517911,0.7746804500589951
913,palmitoylcholine,Method 2,UFQZDKMTMXCDBP-UHFFFAOYSA-N,HMDB0240592,,0.0017301038062283738,True,all_pre_hcc,provided_area,True,0.0024541922814813838,-0.8596189870077593,-0.017784042993373446,0.2835322220036851,0.0024308318653707317,0.06991672079222136,0.7744929525936298,,0.1514584196517911,0.7672613886135418
1194,taurochenodeoxycholic acid 3-sulfate,Method 3,IJHJZQKOSUFQCX-WZJRQFJBSA-N,HMDB0002486,,0.02422145328719723,True,all_pre_hcc,provided_area,True,-0.026415965454001232,1.420662482167001,0.036518637746137096,0.4706895085977429,0.002542321708017331,0.11157786725749588,0.7436453733973385,,0.1514584196517911,0.7897057642414003
574,N-acetyl-3-methylhistidine*,Method 1,FKTXRTPBUWLETL-UHFFFAOYSA-N,HMDB0240341,,0.27162629757785467,False,all_pre_hcc,provided_area,True,0.006168279188633165,-1.1298515068885897,-0.029988719661532694,0.3755295273296145,0.002623776659620734,0.033229026303749354,0.5550295445608932,,0.1514584196517911,0.6371910443942032
657,trimethylamine N-oxide,Method 1,UYPYRKYUKCHHIB-UHFFFAOYSA-N,HMDB0000925,C01104,0.0,True,all_pre_hcc,provided_area,True,0.007879801739878105,-0.6113286192783349,-0.00753437414495624,0.20327536327545703,0.0026350008517948714,0.6569619715201332,0.5412316077519205,,0.1514584196517911,0.923416938740031
927,arachidonoylcholine,Method 2,XUWOVXDQNYUPNL-WYTUUNCASA-N,HMDB0240583,,0.01730103806228374,True,all_pre_hcc,provided_area,True,0.0043314993084250086,-0.9751274434388372,-0.019631424581609668,0.3244138510537989,0.0026487164009057268,0.04324779146233314,0.7645920287686501,,0.1514584196517911,0.6642350630515248
442,malonylcarnitine,Method 1,ZGNBLKBZJBJFDG-UHFFFAOYSA-N,HMDB0002095,,0.32698961937716264,False,all_pre_hcc,provided_area,True,0.005008778097995234,-0.8494444737958606,-0.030081799693836436,0.2863579484063304,0.003013348282741029,0.03445329835316258,0.4230913280641986,,0.16209843309686314,0.6371910443942032
671,phenylalanylglycine,Method 1,GLUBLISJVJFHQS-UHFFFAOYSA-N,HMDB0028995,,0.5294117647058824,False,all_pre_hcc,provided_area,True,-0.00042758436464366737,-0.5309747135744446,0.007062972949079182,0.18008657316759535,0.003193806513530042,0.46067733320994186,0.3549410179799043,,0.16209843309686314,0.8756937734462804
111,tyrosine,Method 1,OUYCCCASQSFEME-QMMMGPOBSA-N,HMDB0000158,C00082,0.0,True,all_pre_hcc,provided_area,True,-0.006269621582601591,0.32685380596350955,0.006467117383330931,0.11140901991352836,0.003348203010434153,0.10996082448718181,0.7499690938331791,,0.16209843309686314,0.7897057642414003
986,stearoylcholine*,Method 2,WYVHUXGFCVDOEA-UHFFFAOYSA-N,HMDB0240648,,0.01730103806228374,True,all_pre_hcc,provided_area,True,0.0013105159953161508,-0.9942349264380145,-0.02354847813837688,0.33890915842096386,0.0033502060894423226,0.15337506713481106,0.7387328670930153,,0.16209843309686314,0.8035053187401463
926,oleoylcholine,Method 2,GFSSJDJAEKYAGX-UHFFFAOYSA-N,HMDB0240596,,0.012110726643598616,True,all_pre_hcc,provided_area,True,0.002265304676940588,-0.8586903361264131,-0.015975850971142107,0.2940247603076289,0.0034950443900165344,0.15160296983457713,0.7546999408887686,,0.16284317935706666,0.8035053187401463
254,"1,5-anhydroglucitol (1,5-AG)",Method 3,MPCAJMNYNOGXPB-SLPGGIOYSA-N,HMDB0002712,C07326,0.0017301038062283738,True,all_pre_hcc,provided_area,True,-0.000257316170533828,-1.022285393826086,-0.017468630838949232,0.3553908476354196,0.004020992153766499,0.19100626891958572,0.7713148725093627,,0.17304926431155848,0.8527909813692914
956,palmitoleoyl-linoleoyl-glycerol (16:1/18:2) [1]*,Method 2,BHGPPCIWDXQOMA-HZFIRFLSSA-N,HMDB0007132,,0.4930795847750865,False,all_pre_hcc,provided_area,True,0.011608571858058019,-1.3923902155928616,-0.003735460020992881,0.4846512770885607,0.004066283831107084,0.8314926702292489,0.8052433487842864,,0.17304926431155848,0.9715887475748598
929,palmitoloelycholine,Method 2,CLIZBTUFRKKPFA-UHFFFAOYSA-N,HMDB0013208,,0.23875432525951557,False,all_pre_hcc,provided_area,True,-0.003084040104499633,-0.9799235753218689,-0.004784367931408889,0.3417329044941132,0.004137116958709133,0.6808114636959982,0.6894354192597565,,0.17304926431155848,0.9295013183590858
52,gamma-glutamylglutamate,Method 1,OWQDWQKWSLFFFR-UHFFFAOYSA-N,HMDB0011737,C05282,0.14359861591695502,True,all_pre_hcc,provided_area,True,0.0008716554687951657,-0.8530212160727458,-0.02194987214941231,0.2984766378754095,0.004264330042653667,0.14188108187343787,0.28097762707675406,,0.17304926431155848,0.8024739512831196
330,propionylglycine,Method 3,WOMAZEJKVZLLFE-UHFFFAOYSA-N,HMDB0000783,,0.4515570934256055,False,all_pre_hcc,provided_area,True,0.020611980153876715,-1.0405375040284384,-0.03886118279365204,0.3761803924218366,0.005673810937199527,0.004659735866357782,0.24671353781588043,,0.2230516924686564,0.2669782588287296
303,beta-sitosterol,Method 2,KZJWDPNRJALLNS-XGEQACPASA-N,HMDB0000852,C01753,0.33217993079584773,False,all_pre_hcc,provided_area,True,-0.018941361733181613,0.9245964893908323,0.028997876183934634,0.33571687498142094,0.005885450897836058,0.005751812697801287,0.820918326349111,,0.22436052210538668,0.3014908489097508
142,picolinate,Method 1,SIOXPEMLGUPBBT-UHFFFAOYSA-N,HMDB0002243,C10164,0.0017301038062283738,True,all_pre_hcc,provided_area,True,-0.003888075780994761,0.42350641821640433,-0.0016759178619099068,0.15531553880300503,0.0063961762886600845,0.8540849980042889,0.7828558779652055,,0.23273137082102247,0.9740000183001865
546,5alpha-pregnan-diol disulfate,Method 3,LSQGWMYMIHQKSA-UHFFFAOYSA-N,"HMDB0240581,HMDB0240582",,0.5778546712802768,False,all_pre_hcc,provided_area,True,-0.009310878331003702,-0.7556544477119097,-0.006628513198794746,0.2775384053904886,0.006475038138899671,0.5090841602426651,0.7333150428988982,,0.23273137082102247,0.8775481470960588
693,glycohyocholate,Method 3,ZQYUKJFJPJDMMR-JPZDKMBBSA-N,HMDB0000138,,0.01730103806228374,True,all_pre_hcc,provided_area,True,-0.023931024208143414,1.1798372682986724,0.04028322360258763,0.4371972870864978,0.006962383809018696,0.01734907214397155,0.6943073014628727,,0.2432966342151533,0.5494625398699967
158,alpha-tocopherol,Method 2,GVJHHUAWPYXKBD-IEOSBIPESA-N,HMDB0001893,C02477,0.0,True,all_pre_hcc,provided_area,True,0.0003337889831585695,-0.3820313661383382,0.002460853805347207,0.14289189930302046,0.00750488138706373,0.5192581008209236,0.9005479534032099,,0.24378660037594974,0.8775481470960588
83,pristanate,Method 3,PAHGJZDQXIOYTH-UHFFFAOYSA-N,HMDB0000795,,0.4204152249134948,False,all_pre_hcc,provided_area,True,-0.01864261594602051,1.2776408592445847,0.03267103449203945,0.47837055678638124,0.007566658321386743,0.21267637809608886,0.389366770127514,,0.24378660037594974,0.8553386981638129
410,N1-methylinosine,Method 1,WJNGQIYEQLPJMN-UHFFFAOYSA-N,HMDB0002721,,0.00865051903114187,True,all_pre_hcc,provided_area,True,-0.0010343743203835294,-0.5681478275408202,0.0008791394788829839,0.21312846375154432,0.007681612297090037,0.8968496911544331,0.5293980024745469,,0.24378660037594974,0.9809690571997466
928,docosahexaenoylcholine,Method 2,OKLWSURGMYZXCS-GUTOPQIJSA-N,HMDB0240647,,0.18166089965397925,True,all_pre_hcc,provided_area,True,0.0038812667324807267,-1.0333053548725797,-0.021292158034524656,0.3880662026019577,0.0077515612202209766,0.12745890884614616,0.7262565555007685,,0.24378660037594974,0.7930025537695831
716,N-acetyl-1-methylhistidine*,Method 1,GVRCKHXHWSYDEF-UHFFFAOYSA-N,HMDB0240340,,0.01730103806228374,True,all_pre_hcc,provided_area,True,-0.002118934168392665,-0.7870215125768001,-0.006580520007802136,0.29845182058457986,0.008363947596613895,0.6126091114490909,0.7863801644341609,,0.2566303921107385,0.8960599110954367
683,N-octanoylglycine,Method 3,SAVLIIGUQOSOEP-UHFFFAOYSA-N,HMDB0000832,,0.4809688581314879,False,all_pre_hcc,provided_area,True,0.00682850868132579,-0.6230082152490366,-0.001170974896440862,0.23745234528613973,0.008697552519337518,0.9068010114080345,0.41342438064356657,,0.26051240641253803,0.9816872402027719
975,myristoyl-linoleoyl-glycerol (14:0/18:2) [1]*,Method 2,AMBUOMWGQGABQI-BIXSNLIQSA-N,HMDB0007016,,0.7768166089965398,False,all_pre_hcc,provided_area,True,0.01234107325380196,-0.5782632850222476,-0.012309957462114983,0.2246594612830452,0.01005434250502305,0.2268746283228642,0.5254850003788183,,0.27482397772766,0.8560732014389768
162,4-acetamidobutanoate,Method 1,UZTFMUBKZQVKLK-UHFFFAOYSA-N,HMDB0003681,C02946,0.0,True,all_pre_hcc,provided_area,True,0.0036211351833640923,-0.5189034857896183,-0.017765224201796024,0.20187051496917982,0.01015586137369843,0.003515824542774981,0.4636081367420813,,0.27482397772766,0.24571707082282923
331,butyrylglycine,Method 3,WPSSBBPLVMTKRN-UHFFFAOYSA-N,HMDB0000808,,0.5692041522491349,False,all_pre_hcc,provided_area,True,0.01515967771902073,-0.8303802440652959,-0.0149195957730832,0.32362969613021103,0.010292792111575341,0.5526707745084115,0.5677948673827163,,0.27482397772766,0.8901608221888474
474,hexadecanedioate (C16-DC),Method 3,QQHJDPROMQRDLA-UHFFFAOYSA-N,HMDB0000672,C19615,0.00865051903114187,True,all_pre_hcc,provided_area,True,-0.006789465158794348,0.5919655646848765,0.026297246915518095,0.2328630710773029,0.01101827515625548,0.07978663518613906,0.7653190626445314,,0.27482397772766,0.7672613886135418
916,mycophenolic acid glucuronide,Method 3,BYFGTSAYQQIUCN-HGIHDBQLSA-N,HMDB0060634,,0.9757785467128027,False,all_pre_hcc,provided_area,True,0.0024304744844451083,-0.09776661281911644,-0.0024304744844451105,0.038515057019600514,0.011136068848045414,0.1837343580744063,0.363457647882731,,0.27482397772766,0.84072113895278
960,linoleoyl-linoleoyl-glycerol (18:2/18:2) [1]*,Method 2,MQGBAQLIFKSMEM-WVZYQCMWSA-N,HMDB0007248,,0.058823529411764705,True,all_pre_hcc,provided_area,True,0.001490256369397139,-0.8270650230959209,-0.010285984302408296,0.32675628399055767,0.011369332977358008,0.3682152058645559,0.8121546004641087,,0.27482397772766,0.8560732014389768
401,7-methylxanthine,Method 1,PFWLFWPASULGAN-UHFFFAOYSA-N,HMDB0001991,C16353,0.12283737024221453,True,all_pre_hcc,provided_area,True,0.013218158712232963,-0.8520892613381688,-0.000988808040919477,0.3370169850041043,0.011460743798921882,0.9474907723410925,0.5249635687409014,,0.27482397772766,0.989321788397764
1202,3-decenoylcarnitine,Method 2,YMJNFVUJNDWLND-ZHACJKMWSA-N,,,0.46366782006920415,False,all_pre_hcc,provided_area,True,-0.0018794083537306608,0.9175967261024184,0.015685325466418234,0.3664956671252819,0.012290075120028414,0.29566503730500104,0.8187464129238895,,0.27482397772766,0.8560732014389768
627,1-(1-enyl-palmitoyl)-GPC (P-16:0)*,Method 2,HTZINLFNXLXRBC-CQLBIITFSA-N,HMDB0010407,,0.0,True,all_pre_hcc,provided_area,True,0.00036108039727520016,-0.36543776210603973,-0.004936293156416692,0.14641433536433301,0.01256326385676633,0.35395718429692424,0.8225597118189997,,0.27482397772766,0.8560732014389768
411,"N2,N2-dimethylguanosine",Method 1,RSPURTUNRHNVGF-IOSLPCCCSA-N,HMDB0004824,,0.0,True,all_pre_hcc,provided_area,True,0.0019161612608222765,-0.3819471246492985,-0.00177193259265515,0.15305268397200472,0.012577013843822892,0.4817902969871144,0.719928003952387,,0.27482397772766,0.8756937734462804
177,N-acetylglucosaminylasparagine,Method 1,YTTRPBWEMMPYSW-VFFCQLMOSA-N,HMDB0000489,C04540,0.00865051903114187,True,all_pre_hcc,provided_area,True,0.001829637098725167,-0.45807091431967656,-0.013203203474049583,0.1837249524996834,0.012658225581261633,0.052625328977116706,0.7582959214418575,,0.27482397772766,0.7119046884207239
1049,N-acetylglucosamine conjugate of C24H40O4 bile acid**,Method 3,,,,0.36678200692041524,False,all_pre_hcc,provided_area,True,-0.0043751411068448775,-0.8659908745769321,-0.0029228824254658417,0.3485731227934207,0.012977433287017627,0.8685611399846169,0.8280241684860488,,0.27482397772766,0.9771235901832512
559,5-methylthioribose**,Method 1,OLVVOVIFTBSBBH-UHFFFAOYSA-N,HMDB0001087,,0.0,True,all_pre_hcc,provided_area,True,0.00308585706414342,-0.45483072484851106,-0.006790998672893623,0.18359771044961476,0.013237226126041784,0.6390907884294585,0.5053389740267602,,0.27482397772766,0.9105053361769636
1053,glucuronide of C10H18O2 (8)*,Method 3,,,,0.27162629757785467,False,all_pre_hcc,provided_area,True,-0.0033576219048683646,0.9406570196166734,-0.0005107066378518986,0.3798243642083288,0.013265611648727927,0.9773375895994606,0.4770501031134545,,0.27482397772766,0.9957854249164945
905,"1,2-dipalmitoyl-GPE (16:0/16:0)*",Method 2,SLKDGVPOSSLUAI-PGUFJCEWSA-N,HMDB0008923,,0.4100346020761246,False,all_pre_hcc,provided_area,True,-0.014079678738798935,0.6897243090781344,0.019075589809043426,0.27894774631298186,0.013413672159753321,0.19392639639067566,0.40085984095029537,,0.27482397772766,0.8527909813692914
947,ferulylglycine (2),Method 3,CLGNQAIRBLDHIN-HWKANZROSA-N,,,0.671280276816609,False,all_pre_hcc,provided_area,True,0.008814798208830275,-0.5818601953773328,-0.014029578595727038,0.235327968255934,0.01341529023326207,0.2362093111482897,0.6505461785277971,,0.27482397772766,0.8560732014389768
882,1-(1-enyl-palmitoyl)-2-arachidonoyl-GPC (P-16:0/20:4)*,Method 2,IOYKZPNDXIIXLN-LOQSCQKMSA-N,HMDB0011220,,0.0,True,all_pre_hcc,provided_area,True,-0.0006387824765832056,-0.24814091178975226,-0.004036811873574913,0.10048347569919347,0.013531342775383976,0.26757855355513727,0.8410264858846912,,0.27482397772766,0.8560732014389768
942,2'-O-methylcytidine,Method 1,RFCQJGFZUQFYRF-ZOQUXTDFSA-N,,,0.020761245674740483,True,all_pre_hcc,provided_area,True,-0.0047117230368191815,0.2720801320347294,0.0012792930857629323,0.11031269841134768,0.013646193019878091,0.8064203636845437,0.6219759819704461,,0.27482397772766,0.9657345946249472
440,1-palmitoleoyl-GPC (16:1)*,Method 2,LFUDDCMNKWEORN-KHPPLWFESA-N,HMDB0010383,,0.0,True,all_pre_hcc,provided_area,True,0.001105459336084224,-0.3841570251398681,-0.007109527915761087,0.15601219503863287,0.013802891750765047,0.28872362783445216,0.9059958174984695,,0.27482397772766,0.8560732014389768
450,1-arachidonoyl-GPC (20:4n6)*,Method 2,LAXQYRRMGGEGOH-JXRLJXCWSA-N,HMDB0010395,C05208,0.0,True,all_pre_hcc,provided_area,True,0.00440663629971149,-0.43024502499583356,-0.01150780472801094,0.17527473570579558,0.014100638679432294,0.07367869954989686,0.8010674204520339,,0.27482397772766,0.7672613886135418
87,retinol (vitamin A),Method 2,FPIPGXGPPPQFEQ-OVSJKPMPSA-N,HMDB0000305,C00473,0.0,True,all_pre_hcc,provided_area,True,0.007085744829097249,-0.58451679682274,-0.017046425560539837,0.23834545994008532,0.014190947943036464,0.06656450165411053,0.8154169983016873,,0.27482397772766,0.7672613886135418
1155,dimethylguanidino valeric acid (DMGV)*,Method 1,GLWRPXRMUUZNMD-UHFFFAOYSA-N,,,0.22145328719723184,False,all_pre_hcc,provided_area,True,0.0008840099388566667,-1.2518968637536185,-0.0036558210530935765,0.5106245128553162,0.014218411822579435,0.8490638485361038,0.6587437412308974,,0.27482397772766,0.9727889995067565
388,"fibrinopeptide A, phosphono-ser(3)*",Method 3,DROFZMGQYLJNLQ-UHFFFAOYSA-N,,,0.1384083044982699,True,all_pre_hcc,provided_area,True,0.005378052495209685,-0.9118068891696395,-0.01262232904222008,0.37301041259431844,0.014507147809374586,0.5277372465091784,0.7738052001258957,,0.27482397772766,0.8823523230339035
812,daidzein sulfate (2),Method 3,CQRHJEVIKOKQMO-UHFFFAOYSA-N,,,0.6678200692041523,False,all_pre_hcc,provided_area,True,0.006448441721407888,-0.6890444734309077,-0.01124298282746347,0.28269633741573214,0.0147932443787491,0.3859443608743949,0.0807834216857477,,0.27482397772766,0.8560732014389768
405,1-methylurate,Method 1,QFDRTQONISXGJA-UHFFFAOYSA-N,HMDB0003099,C16359,0.23529411764705882,False,all_pre_hcc,provided_area,True,0.02215555498797169,-0.859795710241936,-0.0155526600190219,0.35280852070718505,0.014809523199262596,0.25254540634959133,0.4753193250593607,,0.27482397772766,0.8560732014389768
360,1-palmitoyl-GPC (16:0),Method 2,ASWBNKHCZGQVJV-UHFFFAOYSA-N,HMDB0010382,C04102,0.0,True,all_pre_hcc,provided_area,True,0.0009343774245188714,-0.28733038437293523,-0.005824610720003711,0.11795721983021358,0.01485535014744108,0.1113229492208722,0.9391341623461269,,0.27482397772766,0.7897057642414003
639,oleoyl-linoleoyl-glycerol (18:1/18:2) [2],Method 2,GREDRAMJRDQWEJ-LTEAFHAISA-N,HMDB0007219,,0.00865051903114187,True,all_pre_hcc,provided_area,True,0.0013261419076062576,-0.8362954877420518,0.00599882651974735,0.34546738242195096,0.01548786878383456,0.6604724300628831,0.9198717474320584,,0.27789199832112654,0.9252497962350857
749,"5alpha-androstan-3alpha,17beta-diol 17-glucuronide",Method 3,ZJYZOWMDMWQJIV-UPDIMMRZSA-N,,,0.7024221453287197,False,all_pre_hcc,provided_area,True,0.004978339086406401,-0.5245206886147419,-0.012594996453861307,0.21720490875973109,0.015741011542634707,0.006440674409557121,0.933667176152622,,0.27789199832112654,0.3193860935411965
1248,"cis-3,4-methyleneheptanoylglycine",Method 3,FFFQOVJTIDIKQJ-YUMQZZPRSA-N,,,0.05536332179930796,True,all_pre_hcc,provided_area,True,0.012033337783883123,-0.6661489151394409,-0.009428159863034165,0.27662000346242327,0.016032567159672582,0.5219860826656976,0.6360332128308666,,0.27789199832112654,0.8789248271390785
1222,isoursodeoxycholate sulfate (1),Method 3,WHMOBEGYTDWMIG-DNMBCGTGSA-N,,,0.36505190311418684,False,all_pre_hcc,provided_area,True,0.00012747647016127776,-0.9786679774716032,-0.013994054716399766,0.40665893811775766,0.01610151571141648,0.5714290294747697,0.621410899692578,,0.27789199832112654,0.8923698243750036
1192,mercaptopurine,Method 3,GLVAUDGFNGKCSF-UHFFFAOYSA-N,HMDB0015167,C02380,0.9775086505190311,False,all_pre_hcc,provided_area,True,0.0007068220663491924,-0.18802579865183547,-0.0007068220663491928,0.07814681537078716,0.016125688296853926,0.8003898767079272,0.34381908794932453,,0.27789199832112654,0.9657345946249472
776,tyramine O-sulfate,Method 3,DYDUXGMDSXJQFT-UHFFFAOYSA-N,HMDB0006409,,0.08131487889273356,True,all_pre_hcc,provided_area,True,-0.007668122621689589,0.9169362489065445,0.010607643845098996,0.3845286074658667,0.017098989776767493,0.7298071306087011,0.36365424130563395,,0.28923665558625583,0.9494285111745046
472,N-acetyl-aspartyl-glutamate (NAAG),Method 1,OPVPGKGADVGKTG-UHFFFAOYSA-N,HMDB0001067,C12270,0.06747404844290658,True,all_pre_hcc,provided_area,True,-0.0010718989217676337,-0.5327715676299927,-0.009610233085632214,0.22371571063643017,0.017243838767066127,0.19621186395571022,0.572651048741345,,0.28923665558625583,0.8527909813692914
1085,"N,N-dimethylalanine",Method 1,QCYOIFVBYZNUNW-BYPYZUCNSA-N,,,0.04498269896193772,True,all_pre_hcc,provided_area,True,-0.000742773461611398,-0.6571159639952183,0.006147879080526479,0.2770422780940334,0.017696986030206894,0.5778850004619138,0.7089973287959789,,0.29180501629986777,0.8923698243750036
1212,metabolonic lactone sulfate,Method 3,IJIWKJRHDDIJKI-MVCMDAJNSA-N,,,0.45501730103806226,False,all_pre_hcc,provided_area,True,0.012804842707325764,-0.8610243045469391,-0.02608895667010043,0.36575171828570996,0.01856649748807961,0.10498891008667573,0.7269177309525935,,0.29180501629986777,0.7856191265038538
373,epiandrosterone sulfate,Method 3,ZMITXKRGXGRMKS-FMLJXKFRSA-N,HMDB0062657,C04555,0.0017301038062283738,True,all_pre_hcc,provided_area,True,0.0024688612527634874,-0.7233514887865021,-0.01774497110256702,0.3082533012760361,0.018944873661741496,0.060533369273503036,0.9244217311007789,,0.29180501629986777,0.7424394730757755
445,N-ethylglycinexylidide,Method 1,WRMRXPASUROZGT-UHFFFAOYSA-N,HMDB0060656,C16561,0.9377162629757786,False,all_pre_hcc,provided_area,True,-0.004244688601814651,0.6245558655324673,0.015342698236256148,0.26649060766558014,0.01909701300933156,0.2128747348611565,0.09568239546950608,,0.29180501629986777,0.8553386981638129
160,N-acetylalanine,Method 4,KTHDTJVBEPMMGL-VKHMYHEASA-N,HMDB0000766,C02847,0.0,True,all_pre_hcc,provided_area,True,0.0008099508716111206,-0.24957792127363312,-0.000454578383262076,0.10664104089463308,0.01926540418281748,0.8781980094236053,0.8865347440044475,,0.29180501629986777,0.9809690571997466
549,"5alpha-androstan-3beta,17alpha-diol disulfate",Method 3,JHFAETDERBWUOO-ILSMVHKQSA-N,HMDB0094682,,0.7006920415224913,False,all_pre_hcc,provided_area,True,-0.0004321671188953523,-0.7395208005481162,-0.015040818142731826,0.3160538211955948,0.01929111573620877,0.0716273403798109,0.9490441957826037,,0.29180501629986777,0.7672613886135418
1002,dexlansoprazole,Method 2,MJIHNNLFOKEZEW-RUZDIDTESA-N,,D08903,0.972318339100346,False,all_pre_hcc,provided_area,True,0.002797626093456337,-0.14824912085736838,-0.0027976260934563187,0.0633851027201254,0.019342484626571704,0.10734535620048913,0.30957533155870054,,0.29180501629986777,0.7856191265038538
920,glycosyl-N-palmitoyl-sphingosine (d18:1/16:0),Method 2,VJLLLMIZEJJZTE-NNTBDIJYSA-N,,,0.0,True,all_pre_hcc,provided_area,True,-0.004034808432510836,-0.323873119698131,0.009158172539325896,0.13859096098960488,0.019444420770352508,0.1642412791397435,0.8934877725469625,,0.29180501629986777,0.8292493875977212
270,alprazolam,Method 2,VREFGVBLTWBCJP-UHFFFAOYSA-N,HMDB14548,C06817,0.9498269896193772,False,all_pre_hcc,provided_area,True,0.00036376184639200373,-0.18393616100535531,-0.006299837341271574,0.07873549639131504,0.019484595682980044,0.3737277872186884,0.6926626214237557,,0.29180501629986777,0.8560732014389768
1052,glucuronide of C10H18O2 (7)*,Method 3,,,,0.06228373702422145,True,all_pre_hcc,provided_area,True,-0.011088189379774986,0.9099198417341345,0.00020847737589235377,0.39144646814548756,0.02009836604268753,0.9886506818338728,0.4935719924280393,,0.29580161037049724,0.9975249643908218
980,"ceramide (d18:2/24:1, d18:1/24:2)*",Method 2,QMVWGDBKESWTON-OQKRWUNJSA-N,"HMDB0240679,HMDB0240680",,0.00865051903114187,True,all_pre_hcc,provided_area,True,0.003918285925803994,-0.35637478222598373,0.0007414014215808075,0.15366593866647807,0.020386756121590174,0.8837982081495941,0.7561066523945844,,0.29580161037049724,0.9809690571997466
1213,vanillic acid glycine,Method 3,LOODYTDRRBLQNH-UHFFFAOYSA-N,HMDB0060026,,0.2768166089965398,False,all_pre_hcc,provided_area,True,0.01438019646181048,-0.947814960558937,0.008920416928425727,0.40891791906268116,0.020456868125781607,0.5117914424491383,0.4547668629409926,,0.29580161037049724,0.8775481470960588
228,methionine sulfoxide,Method 1,QEFRNWWLZKMPFJ-YGVKFDHGSA-N,HMDB0002005,C02989,0.0,True,all_pre_hcc,provided_area,True,-0.005554223591789581,0.3212747147205905,0.004670690568169695,0.13896470863657004,0.02078232020294751,0.29559643852100503,0.6996866423183419,,0.2970927138103178,0.8560732014389768
665,duloxetine,Method 2,ZEUITGRIYCTCEM-KRWDZBQOSA-N,HMDB0014619,,0.9826989619377162,False,all_pre_hcc,provided_area,True,0.0019980049965117137,-0.08915378344142504,-0.001998004996511714,0.03874937971084064,0.02140409051396696,0.20016249400922215,0.13752717991942343,,0.30154247774924337,0.8527909813692914
915,mycophenolic acid,Method 3,HPNSFSBZBAHARI-RUDMXATFSA-N,HMDB0015159,C20380,0.9757785467128027,False,all_pre_hcc,provided_area,True,0.0024731365148053784,-0.11322093450318524,-0.0024731365148053797,0.049273555441026566,0.02157299125392043,0.2970396436774191,0.3871380263455659,,0.30154247774924337,0.8560732014389768
733,2-aminoheptanoate,Method 1,RDFMDVXONNIGBC-UHFFFAOYSA-N,HMDB0094649,,0.0017301038062283738,True,all_pre_hcc,provided_area,True,0.00019347913498229675,-0.24169073529341512,0.006285013207813399,0.10602166088932116,0.02262931937137407,0.2500892786726997,0.5496068494103907,,0.31283168977130305,0.8560732014389768
556,2-hydroxyglutarate,Method 1,HWXBTNAVRSUOJR-UHFFFAOYSA-N,HMDB0059655,C02630,0.005190311418685121,True,all_pre_hcc,provided_area,True,0.00169085707944343,-0.5739670336166505,0.004376582065043558,0.25316344987843126,0.02337925057264507,0.35650315338090166,0.8734050614554031,,0.31773649090417944,0.8560732014389768
1154,4-acetylcatechol sulfate (2),Method 3,RRWBOGSYNDIRNR-UHFFFAOYSA-N,,,0.5795847750865052,False,all_pre_hcc,provided_area,True,0.006935261849896883,-0.6566102913900137,-0.011012239514131918,0.2899378806357224,0.023533642844058535,0.35574195598177727,0.41480406750792853,,0.31773649090417944,0.8560732014389768
833,glycocholate sulfate,Method 3,ZXUWKFXQTSOVDY-FTKNGHMZSA-N,,,0.5363321799307958,False,all_pre_hcc,provided_area,True,-0.012359279926498998,0.6885008098070208,0.037616537749231176,0.30463341021559254,0.02381528155630696,0.049636660331738906,0.706016804592728,,0.31773649090417944,0.7095451385631178
1013,docosahexaenoylcarnitine (C22:6)*,Method 2,WLLMYDQRCSWAST-WSDBEMKQSA-N,,,0.05709342560553633,True,all_pre_hcc,provided_area,True,0.001732365096727422,-0.6303687006714769,-0.015983058191908213,0.27926788195145025,0.023994409090538193,0.14746841102691235,0.6413385319529666,,0.31773649090417944,0.8035053187401463
638,oleoyl-linoleoyl-glycerol (18:1/18:2) [1],Method 2,BLZVZPYMHLXLHG-RQOIEFAZSA-N,HMDB0007219,,0.01730103806228374,True,all_pre_hcc,provided_area,True,0.0003508759714324238,-0.7390003415211756,0.02325039872241798,0.32945389938590103,0.024889916636635555,0.060787969576156495,0.909361069387247,,0.32616161592591175,0.7424394730757755
592,3-methylglutaconate,Method 4,WKRBKYFIJPGYQC-DUXPYHPUSA-N,HMDB0000522,,0.0,True,all_pre_hcc,provided_area,True,0.009276306634218807,-0.48353164188033154,-0.0009224021448400473,0.2171817925237378,0.02598798626880468,0.9402052893910984,0.8107260563703789,,0.3370400693418174,0.9891436004219372
690,N-acetylcarnosine,Method 1,BKAYIFDRRZZKNF-VIFPVBQESA-N,HMDB0012881,,0.0017301038062283738,True,all_pre_hcc,provided_area,True,-0.0006645714510962252,-0.41095403469481917,0.0009312165205157927,0.18522849993246782,0.026511712794954848,0.9398699009095753,0.8361103886187615,,0.34032382342911427,0.9891436004219372
58,histidine,Method 3,HNDVDQJCIGZPNO-UHFFFAOYSA-N,HMDB0000177,C00135,0.0,True,all_pre_hcc,provided_area,True,-0.0017626967092363671,0.3207800065905457,-0.0016454759924625982,0.1452227148882101,0.027182770135162623,0.7629628997607797,0.9437140366532772,,0.3449187050544186,0.9569365183440288
636,16-hydroxypalmitate,Method 3,UGAGPNKCDRTDHP-UHFFFAOYSA-N,HMDB0006294,C18218,0.0034602076124567475,True,all_pre_hcc,provided_area,True,-0.005747737429301175,0.3791337888846641,0.020033825878370097,0.171902661491016,0.027418021069508632,0.0018394415796752868,0.661229957560463,,0.3449187050544186,0.17800134671011622
145,pipecolate,Method 1,HXEACLLIILLPRG-UHFFFAOYSA-N,HMDB0000070,,0.0,True,all_pre_hcc,provided_area,True,-0.0017610925386954402,0.3808280166714554,0.008253521923550245,0.17341924317872384,0.0280922080911005,0.6443913347401251,0.5044181432814148,,0.3499009681049943,0.9149484188522319
81,phosphate,Method 1,NBIIXXVUZAFLBC-UHFFFAOYSA-N,HMDB0001429,C00009,0.0,True,all_pre_hcc,provided_area,True,-0.003977013659814752,-0.33830305417130846,0.004066716032583867,0.15524436452905274,0.029319428020584352,0.4152835492698954,0.7637378364867808,,0.36160627892054037,0.8560732014389768
713,dimethyl sulfone,Method 1,HHVIBTZHLRERCL-UHFFFAOYSA-N,HMDB0004983,C11142,0.0034602076124567475,True,all_pre_hcc,provided_area,True,0.007227324147785685,-0.5563955249871273,-0.0060255253671946075,0.25714600007402394,0.030484775491453446,0.4936787287271145,0.5491687009692454,,0.3723286171674605,0.8756937734462804
486,taurolithocholate 3-sulfate,Method 3,HSNPMXROZIQAQD-VUIPEFFGSA-N,HMDB0002580,C03642,0.05536332179930796,True,all_pre_hcc,provided_area,True,-0.0022182876241867108,0.9151483432410268,0.003923349500797898,0.424045489838201,0.03091716678083033,0.8480823500329591,0.888481065884319,,0.37259237519913885,0.9727713262462616
444,lidocaine,Method 1,NNJVILVZKWQKPM-UHFFFAOYSA-N,HMDB0014426,D00358,0.916955017301038,False,all_pre_hcc,provided_area,True,-0.006304423237235278,0.7379575276475883,0.028378352146183918,0.34268827001169855,0.03128436694878162,0.03197657794735553,0.19938020374790058,,0.37259237519913885,0.6371910443942032
15,"9,10-DiHOME",Method 3,XEBKSQSGNGRGDW-YFHOEESVSA-N,HMDB0004704,C14828,0.03806228373702422,True,all_pre_hcc,provided_area,True,-0.01194768806488729,0.5367942530565001,-0.00011581866426615338,0.24957416821599943,0.031488783515448954,0.9876188221477519,0.5859530362359047,,0.37259237519913885,0.9975249643908218
562,cysteine sulfinic acid,Method 1,ADVPTQAUNPRNPO-UHFFFAOYSA-N,HMDB0000996,C00606,0.0,True,all_pre_hcc,provided_area,True,-0.004662252261795524,-0.36207525078361313,0.0027377390448788145,0.1685414977114368,0.031691084377033274,0.6177731954885382,0.7453785171232128,,0.37259237519913885,0.8963184038198125
358,N-acetylasparagine,Method 1,HXFOXFJUNFFYMO-BYPYZUCNSA-N,HMDB0006028,,0.02249134948096886,True,all_pre_hcc,provided_area,True,-0.00047155176230085906,-0.4670838632463169,0.0015643959126446327,0.2184002529798394,0.03246322246103285,0.9216011330519103,0.5180983264996726,,0.37643087990798035,0.9891436004219372
381,gamma-glutamylmethionine,Method 1,RQNSKRXMANOPQY-BQBZGAKWSA-N,HMDB0029155,,0.0,True,all_pre_hcc,provided_area,True,-0.005190244444421844,0.32556219603262376,0.009219172070751213,0.15238553499040877,0.03264375704369501,0.026369747300217884,0.626742683706538,,0.37643087990798035,0.6306020546424962
295,homoarginine,Method 1,QUOGESRFPZDMMT-YFKPBYRVSA-N,HMDB0000670,C01924,0.0,True,all_pre_hcc,provided_area,True,-0.002991525023538563,0.29567979446484577,0.012162844754138475,0.13861406314951608,0.03291525976937825,0.04029691419601549,0.7238673018786997,,0.37643087990798035,0.6371910443942032
594,cysteinylglycine disulfide*,Method 1,ZHRLECIZINSPKL-AKGZTFGVSA-N,HMDB0000709,,0.0,True,all_pre_hcc,provided_area,True,0.0034732973172095926,-0.2024293176626772,-0.006494232431457435,0.0950782659898069,0.03324756985379477,0.00013264558703075569,0.7150583153930432,,0.37680579167634076,0.027811358080781775
1131,4-hydroxy duloxetine glucuronide*,Method 3,OBIZFSZXDHWUJZ-ANUWOGMRSA-N,HMDB0060763,,0.9826989619377162,False,all_pre_hcc,provided_area,True,0.0003712401935063794,-0.06373951130171497,-0.00037124019350638144,0.03007001551472093,0.03403107401702377,0.8093984547433044,0.16287090556135034,,0.3822418849412134,0.9657345946249472
448,testosterone sulfate,Method 3,WAQBISPOEAOCOG-DYKIIFRCSA-N,HMDB0002833,,0.6626297577854672,False,all_pre_hcc,provided_area,True,-0.0024405009122351186,0.8143848123502301,0.006107616045654141,0.38578154711006296,0.0347723193482205,0.6223588188344953,1.1449426012193993,,0.384574570368991,0.8968240482174056
475,octadecanedioate (C18-DC),Method 3,BNJOQKFENDDGSC-UHFFFAOYSA-N,HMDB0000782,,0.010380622837370242,True,all_pre_hcc,provided_area,True,-0.006396281745092844,0.5142416089706322,0.008606192229554952,0.24370541093846762,0.03485015979496421,0.4707700510169388,0.6799038822389258,,0.384574570368991,0.8756937734462804
120,caffeine,Method 1,RYYVLZVUVIJVGH-UHFFFAOYSA-N,HMDB0001847,C07481,0.006920415224913495,True,all_pre_hcc,provided_area,True,0.0045826686131893125,0.4897730585329609,-0.008085817755560559,0.23390340075266927,0.0362678502464627,0.6831970483771603,0.5521212047355138,,0.3935666976472214,0.9295013183590858
952,linoleoyl-arachidonoyl-glycerol (18:2/20:4) [2]*,Method 2,KRECEGQUDDMNAQ-MYBRWWDOSA-N,HMDB0007257,,0.11072664359861592,True,all_pre_hcc,provided_area,True,0.0060117835507506635,-0.8419183387745409,-0.02613363883174577,0.40242786791304225,0.03642979422848973,0.269445416423695,0.7242157649683136,,0.3935666976472214,0.8560732014389768
1115,cholic acid glucuronide,Method 3,RBLDVEUUCHVWMW-LFKDYQRZSA-N,HMDB0002577,,0.4913494809688581,False,all_pre_hcc,provided_area,True,0.0002143491507091308,-0.7000672993723251,0.006613340119757173,0.33563187098769687,0.036995030887362904,0.6806943532875867,0.4640053546966394,,0.3935666976472214,0.9295013183590858
953,linoleoyl-linolenoyl-glycerol (18:2/18:3) [2]*,Method 2,ZDBLXLQFRZTIIU-ZPNZQGKLSA-N,HMDB0007250,,0.6487889273356401,False,all_pre_hcc,provided_area,True,0.008290191290040608,-0.7670424156909865,-0.004490633509693741,0.36787829165209224,0.037065308978810246,0.7679782621157126,0.5962365511331725,,0.3935666976472214,0.9575808199502114
788,eugenol sulfate,Method 3,XWAZTQUZONPJEW-UHFFFAOYSA-N,HMDB0135245,,0.16262975778546712,True,all_pre_hcc,provided_area,True,0.0028429970615882973,0.8805970755087732,-0.009900250987736994,0.42351739558960905,0.037594696864480484,0.6625806229458546,0.3039073056125053,,0.3935666976472214,0.9267378914140691
1227,carnitine of C10H14O2 (5)*,Method 3,,,,0.19896193771626297,True,all_pre_hcc,provided_area,True,0.005355338187637297,-0.5978236883263257,0.010249336674304728,0.28759639740391846,0.037645874128823614,0.2805766554358815,0.8884322573518826,,0.3935666976472214,0.8560732014389768
365,1-stearoyl-GPC (18:0),Method 2,IHNKQIMGVNPMTC-RUZDIDTESA-N,HMDB0010384,,0.0,True,all_pre_hcc,provided_area,True,-0.00017272429332844248,-0.2902825330075504,-0.004351373217555161,0.13980651812102818,0.03786471956390118,0.2913907904937757,0.8971092650758589,,0.3935666976472214,0.8560732014389768
32,2-hydroxyphenylacetate,Method 4,CCVYRRGZDBSHFU-UHFFFAOYSA-N,HMDB0000669,C05852,0.11072664359861592,True,all_pre_hcc,provided_area,True,0.00539761910680184,-0.5874368196955027,-0.009208214062952363,0.2835050681885949,0.03826073144154892,0.4732433182331345,0.6146335864366473,,0.3935666976472214,0.8756937734462804
633,(14 or 15)-methylpalmitate (a17:0 or i17:0),Method 3,IIUXHTGBZYEGHI-UHFFFAOYSA-N,HMDB0061859,C16995,0.015570934256055362,True,all_pre_hcc,provided_area,True,-0.0022213864470070573,0.47215052943679975,0.016314558355962527,0.22812538699645923,0.038480686653901613,0.17281745197690113,0.5604860220687267,,0.3935666976472214,0.8356623817957427
1071,glycine conjugate of C10H12O2*,Method 3,,,,0.20761245674740483,False,all_pre_hcc,provided_area,True,0.009079014908026815,-0.6647974749740408,-0.009361305089871551,0.32180316924492336,0.038842528494227875,0.45812453747226245,0.5744695550789006,,0.3940637164978925,0.8756937734462804
1235,"cis-3,4-methyleneheptanoylcarnitine",Method 2,LNGSHJPPGDBEPT-VYAYZGMFSA-N,,,0.0,True,all_pre_hcc,provided_area,True,0.0044294628561375084,-0.42530157321821,0.0005216613680621505,0.20627759321366557,0.03922750530126065,0.9205528576519939,0.8122567060465585,,0.3947856133518872,0.9891436004219372
752,N-acetylmethionine sulfoxide,Method 1,NPIMMZJBURSMON-UHFFFAOYSA-N,,,0.3027681660899654,False,all_pre_hcc,provided_area,True,0.005585611791537479,-0.8199256299687646,-0.005086703624678368,0.39940335029108365,0.040084586309795465,0.77562309761843,0.8753025613825924,,0.3957201305231116,0.9603679692952607
56,glycocholate,Method 3,RFDAIACWWDREDC-FRVQLJSFSA-N,HMDB0000138,C01921,0.0,True,all_pre_hcc,provided_area,True,-0.020989877547497718,0.8533970749395307,0.038918202411102235,0.41658068683104993,0.04050362215734356,0.00017216412213352154,0.6778725938237653,,0.3957201305231116,0.03094035223485287
327,O-acetylhomoserine,Method 4,FCXZBWSIAGGPCB-YFKPBYRVSA-N,HMDB0029423,C01077,0.2301038062283737,False,all_pre_hcc,provided_area,True,-0.016584186430158982,0.7431860981626379,0.034465991470938824,0.3628277035131457,0.040528963157622784,0.0999421309019251,0.2973496212872847,,0.3957201305231116,0.7856191265038538
1132,5-hydroxy-6-methoxy duloxetine sulfate*,Method 3,XYZBSFYKOKLCKI-INIZCTEOSA-N,,,0.9826989619377162,False,all_pre_hcc,provided_area,True,0.0002658016666058379,-0.05199106783155565,-0.0002658016666058373,0.0253886182473651,0.040578614338220506,0.8137350320369189,0.16808018790665372,,0.3957201305231116,0.9657345946249472
266,maleate,Method 4,VZCYOOQTPOCHFL-UHFFFAOYSA-N,HMDB0000176,C01384,0.0034602076124567475,True,all_pre_hcc,provided_area,True,0.006890373532753656,-0.5031894918796794,-0.004209135405827385,0.24732013529996477,0.041894417427134664,0.7091837535475054,0.6537087991912683,,0.4031817879406394,0.9391335845712927
951,linoleoyl-arachidonoyl-glycerol (18:2/20:4) [1]*,Method 2,KRECEGQUDDMNAQ-MYBRWWDOSA-N,HMDB0007257,,0.18166089965397925,True,all_pre_hcc,provided_area,True,0.00016862679800445956,-0.8326731661577647,-0.0007532556064202487,0.4094433409059725,0.04198474898268979,0.964636177199733,0.8991442295380727,,0.4031817879406394,0.9927133185833146
186,choline,Method 1,CRBHXDCYXIISFC-UHFFFAOYSA-N,HMDB0000097,C00114,0.0,True,all_pre_hcc,provided_area,True,0.0008219705912346501,-0.19450160624339277,-0.0023240747930699905,0.09580138202910964,0.04233023197358052,0.2723814737074025,0.8330538988991876,,0.4034199380512446,0.8560732014389768
695,retinal,Method 2,NCYCYZXNIZJOKI-OVSJKPMPSA-N,HMDB0001358,C00376,0.11418685121107267,True,all_pre_hcc,provided_area,True,0.0056868346139767375,-0.6059783793826037,-0.027371239823207844,0.29965844981106865,0.04315257142003154,0.022155556715546483,0.5769294628710886,,0.4063798559982889,0.5803159703588947
82,phytanate,Method 3,RLCKHJSFHOZMDR-UHFFFAOYSA-N,HMDB0000801,C01607,0.0034602076124567475,True,all_pre_hcc,provided_area,True,-0.009860344518114333,0.5889536633116993,-0.0034734361191451476,0.2921424584265068,0.043801956234542555,0.5868623203899807,0.7402145471210193,,0.4063798559982889,0.8937927349280819
403,"3,7-dimethylurate",Method 3,HMLZLHKHNBLLJD-UHFFFAOYSA-N,HMDB0001982,C16360,0.2958477508650519,False,all_pre_hcc,provided_area,True,0.0077642363127678376,-0.7483731139527646,-0.0017856749107883383,0.37126790746893706,0.0438289903939629,0.9021510792625491,0.5677996204516811,,0.4063798559982889,0.9816872402027719
684,5-hydroxymethyl-2-furoic acid,Method 3,PCSKKIUURRTAEM-UHFFFAOYSA-N,HMDB0002432,C20448,0.6920415224913494,False,all_pre_hcc,provided_area,True,0.0018763290957729036,-0.5856633314112745,0.010511012641858523,0.2911033008121104,0.04423315950720713,0.5099837993996439,0.3288692195952402,,0.4063798559982889,0.8775481470960588
323,3-hydroxylaurate,Method 3,MUCMKTPAZLSKTL-UHFFFAOYSA-N,HMDB0000387,,0.0017301038062283738,True,all_pre_hcc,provided_area,True,-0.008319218826821078,0.5199559157160708,0.011311823420128507,0.2590879988693754,0.04476351375651373,0.34416564936916794,0.5635425715723167,,0.4063798559982889,0.8560732014389768
732,acisoga,Method 3,OAUYENAPBFTAQT-UHFFFAOYSA-N,HMDB0061384,,0.0657439446366782,True,all_pre_hcc,provided_area,True,0.0057615165453232435,-0.5248557631875908,-0.023945594306303063,0.2617756834028897,0.04496487747902583,0.3326126095383991,0.7647452705061747,,0.4063798559982889,0.8560732014389768
4,"12,13-DiHOME",Method 3,CQSLTKIXAJTQGA-FLIBITNWSA-N,HMDB0004705,C14829,0.01903114186851211,True,all_pre_hcc,provided_area,True,-0.011286757380161067,0.5345026423806288,0.02260655885601875,0.267758057926597,0.04591052916365344,0.036833185733422556,0.4884789000565796,,0.4063798559982889,0.6371910443942032
434,1-docosahexaenoylglycerol (22:6),Method 3,JWPHORDRFVRZPP-KUBAVDMBSA-N,HMDB0011587,,0.3892733564013841,False,all_pre_hcc,provided_area,True,0.006849324851752635,-0.6852656621371569,-0.0023422102592020413,0.34342716700705195,0.04600209742323006,0.835833880991183,0.6020220176218402,,0.4063798559982889,0.972152403262362
778,4-methylguaiacol sulfate,Method 3,LILXPJXZNJTPQZ-UHFFFAOYSA-N,,,0.28546712802768165,False,all_pre_hcc,provided_area,True,0.009545858370105093,-0.8548671496240162,-0.004793474005781208,0.42845129663131243,0.0460156965357356,0.8621727169378408,0.5658202781644862,,0.4063798559982889,0.9756547618749309
527,glycosyl-N-stearoyl-sphingosine (d18:1/18:0),Method 2,YMYQEDCYNANIPI-OQRGLTFYSA-N,,,0.0034602076124567475,True,all_pre_hcc,provided_area,True,-0.002083412243114332,-0.2947389924016608,0.0015568710073921633,0.1477328744105758,0.04603408936298318,0.8115626531510245,0.9290757295305065,,0.4063798559982889,0.9657345946249472
422,cysteine-glutathione disulfide,Method 1,BNRXZEPOHPEEAS-UHFFFAOYSA-N,HMDB0000656,R00900,0.11937716262975778,True,all_pre_hcc,provided_area,True,0.006400646314580611,-0.8291762737178748,0.006909436244295174,0.4159160777158716,0.04619421256578324,0.6122819991235785,0.6241841173846294,,0.4063798559982889,0.8960599110954367
482,ectoine,Method 1,WQXNXVUDBPYKBA-YFKPBYRVSA-N,HMDB0240650,C06231,0.0017301038062283738,True,all_pre_hcc,provided_area,True,0.0052814482989792,-0.5529391895832142,-0.019678706054747388,0.2788839986848142,0.0474025986122418,0.011392689578859803,0.48778716564389374,,0.4124223418334831,0.4215295144178127
265,alpha-hydroxyisocaproate,Method 3,LVRFTAZAXQPQHI-UHFFFAOYSA-N,"HMDB0000665,HMDB00746,HMDB0000624",C03264,0.012110726643598616,True,all_pre_hcc,provided_area,True,-0.004804859685006449,0.3846951834180525,0.006193354011033419,0.19414475378986487,0.047536756411649485,0.4942967144474949,0.7711048327442626,,0.4124223418334831,0.8756937734462804
1172,meloxicam,Method 3,ZRVUJXDFFKFLMG-UHFFFAOYSA-N,HMDB0014952,"D00969,C08169",0.986159169550173,False,all_pre_hcc,provided_area,True,0.006460246807753052,-0.23097375900265493,-0.006460246807753055,0.1168461835762172,0.048071768231014056,0.08210765189475842,0.10251994613213936,,0.414207427634354,0.7672613886135418
288,"2,3-dihydroxypyridine",Method 1,GGOZGYRTNQBSSA-UHFFFAOYSA-N,,,0.3356401384083045,False,all_pre_hcc,provided_area,True,0.01807059910570624,-0.8115622663082982,-0.03156499877506492,0.4144970157669816,0.05023649317623819,0.09232757486482464,0.3080256019570526,,0.4299150232361064,0.7746804500589951
420,1-arachidonylglycerol (20:4),Method 3,DCPCOKIYJYGMDN-DOFZRALJSA-N,HMDB11578,C13857,0.005190311418685121,True,all_pre_hcc,provided_area,True,0.005898499272113271,-0.5050324405934492,-0.0084123238574055,0.25871263146198903,0.05092655682199812,0.16997939226411074,0.7080284455778812,,0.43240740679571205,0.8356623817957427
922,14-HDoHE/17-HDoHE,Method 3,ZNEBXONKCYFJAF-BGKMTWLOSA-N,"HMDB0060044,HMDB0010213",,0.513840830449827,False,all_pre_hcc,provided_area,True,-0.014779243315956654,0.6620411774457453,0.002654662559672813,0.33974192098351597,0.051336152207195236,0.8839983520180004,0.27511041438055445,,0.43240740679571205,0.9809690571997466
471,"3beta,7alpha-dihydroxy-5-cholestenoate",Method 3,GYJSAWZGYQXRBS-GRJZKGIBSA-N,HMDB0012454,C17335,0.0,True,all_pre_hcc,provided_area,True,-0.003242741640856505,0.27558696070401084,0.014040046110862814,0.1417565590281498,0.05188506516486406,5.469233357426537e-05,0.9263435683270949,,0.43240740679571205,0.013760591127285166
1054,3-hydroxystachydrine*,Method 1,DJMIFDZBCUUQJN-NTSWFWBYSA-N,,C10151,0.2958477508650519,False,all_pre_hcc,provided_area,True,-0.01001825222217302,1.3268119290011167,-0.01977508201490669,0.6825373475292923,0.0519026378586268,0.5864589698636187,0.3485364355362792,,0.43240740679571205,0.8937927349280819
222,3-phenylpropionate (hydrocinnamate),Method 3,XMIIGOLPHOKFCH-UHFFFAOYSA-N,HMDB0000764,C05629,0.2231833910034602,False,all_pre_hcc,provided_area,True,0.0024190062804489384,-1.043307011286441,0.00502040977013157,0.5459330641079232,0.05599777227488602,0.8192770551323698,0.6259378380334155,,0.45275876590754577,0.967746981555419
400,1-linoleoyl-GPC (18:2),Method 2,SPJFYYJXNPEZDW-UTJQPWESSA-N,HMDB0010386,C04100,0.0,True,all_pre_hcc,provided_area,True,0.0029028701446465245,-0.2350625884564303,-0.003693528260106825,0.12303481473366824,0.0560640835104551,0.38738385801447595,0.7900855133341722,,0.45275876590754577,0.8560732014389768
60,hypotaurine,Method 1,VVIUBCNYACGLLV-UHFFFAOYSA-N,HMDB0000965,C00519,0.0,True,all_pre_hcc,provided_area,True,0.0010003615657357713,-0.2589607718615182,-0.00162488483653693,0.13558774422231995,0.056144438254295895,0.7210893140561834,0.45855580262875806,,0.45275876590754577,0.944887406965256
80,phenylalanine,Method 1,COLNVLDHVKWLRT-UHFFFAOYSA-N,HMDB0000159,C00079,0.0,True,all_pre_hcc,provided_area,True,-0.0033139601219944518,0.15512209488566797,0.0010404575114186093,0.08131118215749145,0.05642244321972356,0.6765551662228049,0.8813900751334823,,0.45275876590754577,0.9295013183590858
1056,hydroxyasparagine**,Method 1,ZBYVTTSIVDYQSO-REOHCLBHSA-N,HMDB32332,C20631,0.0,True,all_pre_hcc,provided_area,True,0.0002904872613511471,-0.26994188862793544,-0.0033041572028707326,0.14150491141846475,0.056436427588496395,0.43048095732190417,0.8340859267574424,,0.45275876590754577,0.8720532114508138
353,tauro-beta-muricholate,Method 3,XSOLDPYUICCHJX-OEYGYFRSSA-N,HMDB0000932,,0.27162629757785467,False,all_pre_hcc,provided_area,True,-0.011008670790629914,1.2693764845975022,-0.002782293851993967,0.6655981578303203,0.05650486983106891,0.9257716304863878,0.9142452063151911,,0.45275876590754577,0.9891436004219372
85,lactate,Method 4,JVTAAEKCZFNVCJ-UHFFFAOYSA-N,HMDB0000190,C00186,0.0,True,all_pre_hcc,provided_area,True,0.0002596318076863145,-0.4038061620905821,0.009226230200196703,0.21240983026626126,0.057292717399500155,0.10609149145000579,0.9314858749487924,,0.4542282672415843,0.7856191265038538
937,pimeloylcarnitine/3-methyladipoylcarnitine (C7-DC),Method 1,NTBUXPPQHCFLOM-UHFFFAOYSA-N,,,0.10207612456747404,True,all_pre_hcc,provided_area,True,0.010688114831472629,-0.5602733619346092,-0.026756271262676608,0.2955671890830626,0.05801465940229042,0.22678781383137248,0.6483340387196319,,0.4542282672415843,0.8560732014389768
829,adipoylcarnitine (C6-DC),Method 1,BSVHAXJKBCWVDA-UHFFFAOYSA-N,HMDB0061677,,0.0,True,all_pre_hcc,provided_area,True,0.0021746740737951195,-0.40938435181189003,-0.0019386576104808112,0.21651838212233326,0.05865635468548297,0.8651548252426711,0.6687208895322873,,0.4542282672415843,0.9769881240173072
122,adenine,Method 1,GFFGJBXGBJISGV-UHFFFAOYSA-N,HMDB0000034,C00147,0.0,True,all_pre_hcc,provided_area,True,-0.0029115805522171123,0.17849116788201644,0.002784412487065548,0.09440810940346524,0.05867323761337663,0.5750117628941566,0.6582597379018691,,0.4542282672415843,0.8923698243750036
366,1-oleoyl-GPC (18:1),Method 2,YAMUFBLWGFFICM-PTGWMXDISA-N,HMDB0002815,C03916,0.0,True,all_pre_hcc,provided_area,True,0.0020410704946593984,-0.23237589333921224,-0.0020080275184058767,0.12299446596861818,0.05884897531367774,0.6088356875222031,0.8688996406110173,,0.4542282672415843,0.8960599110954367
583,(12 or 13)-methylmyristate (a15:0 or i15:0),Method 3,ZOCYQVNGROEVLU-UHFFFAOYSA-N,HMDB0061707,,0.5536332179930796,False,all_pre_hcc,provided_area,True,-0.009715704273112547,0.8366473792268067,0.0037868337139741345,0.44288705818757923,0.05888162557136378,0.8930664389734403,0.5956410535924235,,0.4542282672415843,0.9809690571997466
428,1-stearoyl-GPE (18:0),Method 2,BBYWOYAFBUOUFP-JOCHJYFZSA-N,HMDB0011130,,0.0,True,all_pre_hcc,provided_area,True,0.002478544437401165,-0.22560862915891017,-0.004802930323704303,0.11958553443100252,0.05921576774850543,0.23245260807501866,0.7581936926606431,,0.4542282672415843,0.8560732014389768
57,guanidinoacetate,Method 4,BPMFZUMJYQTVII-UHFFFAOYSA-N,HMDB0000128,C00581,0.0,True,all_pre_hcc,provided_area,True,-0.005487947961729775,0.3302053639792218,0.009745688152589495,0.1754633623087775,0.05984892695758686,0.29885294927545514,0.6937423737732352,,0.4557652721322919,0.8560732014389768
1114,"N2-acetyl,N6-methyllysine",Method 1,MKWKYAGEJHBUOX-QMMMGPOBSA-N,,,0.025951557093425604,True,all_pre_hcc,provided_area,True,0.0016327778642500484,-0.5901368355891481,-0.005064385324230935,0.3139425681690955,0.060140727483275404,0.34328434327512136,0.9900473383399275,,0.4557652721322919,0.8560732014389768
795,valsartan,Method 3,ACWBQPMHZXGDFX-UHFFFAOYSA-N,HMDB0014323,,0.9826989619377162,False,all_pre_hcc,provided_area,True,-0.0007189269511409512,-0.18084306243681827,0.0006641413831681277,0.09650804039939799,0.06094900130419329,0.8909013647429559,0.23907830469948596,,0.4591248122196117,0.9809690571997466
551,"androstenediol (3alpha, 17alpha) monosulfate (3)",Method 3,VPDALJSLCNNODJ-IUIQAQCZSA-N,,,0.2508650519031142,False,all_pre_hcc,provided_area,True,-0.00826308868711402,-0.85829465938698,-0.0023990859439947257,0.45886453191749393,0.061417878230598105,0.811738594955383,0.8317626571054105,,0.4599029215124548,0.9657345946249472
180,"cys-gly, oxidized",Method 1,KDJVKDYFFTWHBO-UHFFFAOYSA-N,,,0.006920415224913495,True,all_pre_hcc,provided_area,True,0.007490697548900524,-0.3493913941636884,-0.013508904475094893,0.1877114534575215,0.06269876615790629,0.036671015548306034,0.6734424165434482,,0.4634216727327275,0.6371910443942032
1201,undecenoylcarnitine (C11:1),Method 2,FVOVZEONZTWNTC-OUKQBFOZSA-N,,,0.0,True,all_pre_hcc,provided_area,True,0.0050014228171942855,-0.4010702239601899,-0.008608106601415137,0.21614766361030324,0.06351942447118912,0.24708911857492888,0.6754701091995401,,0.4634216727327275,0.8560732014389768
966,N-behenoyl-sphingadienine (d18:2/22:0)*,Method 2,HILTUFAERVOALR-MQXYEJFFSA-N,,,0.01384083044982699,True,all_pre_hcc,provided_area,True,0.0050606573150127464,-0.42517169025347373,-0.0010433890528131879,0.22944946975430508,0.06388122000571822,0.8912871764701644,0.701452912299225,,0.4634216727327275,0.9809690571997466
580,cis-4-decenoylcarnitine (C10:1),Method 2,OQWOHRPOYAVIOK-KTKRTIGZSA-N,HMDB0013205,,0.0,True,all_pre_hcc,provided_area,True,0.004198310689332875,-0.4087153077294369,0.0005242870017136407,0.22064976179551665,0.06397901326475229,0.9509858090627487,0.678724938276473,,0.4634216727327275,0.989321788397764
1140,glycoursodeoxycholic acid sulfate (2),Method 3,DKXXSIJHWWVNMO-XROMFQGDSA-N,,,0.5380622837370242,False,all_pre_hcc,provided_area,True,0.018789320608940216,-0.7350553526661318,-0.014129895694644878,0.39751350700769084,0.06443860709978745,0.3460131986242617,0.6371970078020006,,0.4634216727327275,0.8560732014389768
968,N-stearoyl-sphingadienine (d18:2/18:0)*,Method 2,LBBFOWQGVUEADU-CKGMUTLASA-N,HMDB0240362,,0.21107266435986158,False,all_pre_hcc,provided_area,True,0.0022010388536784792,-0.6085584656666219,0.018519875101610572,0.32959498444449636,0.0648366624746835,0.19801658979765846,0.7473517113818764,,0.4634216727327275,0.8527909813692914
1136,10-hydroxywarfarin,Method 3,BPZSPAZBZFZZBN-UHFFFAOYSA-N,HMDB0013884,,0.9688581314878892,False,all_pre_hcc,provided_area,True,0.007270253514254897,-0.14636485485170497,-0.007270253514254908,0.07927780592631671,0.06485919895742048,0.17777361212558207,1.5457062919035862,,0.4634216727327275,0.840461736108878
705,warfarin,Method 3,PJVWKTKQMONHTI-UHFFFAOYSA-N,HMDB0001935,"
DG00149,D08682,C01541",0.9688581314878892,False,all_pre_hcc,provided_area,True,0.008372269026930609,-0.15727701873312272,-0.008372269026930619,0.08530659540236309,0.06523157588387077,0.1806105747251966,1.5181503303710884,,0.4634216727327275,0.84072113895278
560,"sphingomyelin (d18:1/18:1, d18:2/18:0)",Method 2,NBEADXWAAWCCDG-QDDWGVBQSA-N,HMDB0012101,,0.0,True,all_pre_hcc,provided_area,True,0.0015486714413109346,-0.26276511219127163,-0.00200846536507261,0.1427511948369288,0.06566246507580574,0.6085835757557926,0.8268922910831662,,0.4634216727327275,0.8960599110954367
1027,fluconazole,Method 3,RFHAOTPXVQNOHP-UHFFFAOYSA-N,HMDB0014342,C07002,0.9809688581314879,False,all_pre_hcc,provided_area,True,0.0050878996138491416,-0.2219407180776979,-0.03477491175819048,0.12057368198519088,0.06566463206278503,0.2634395283522628,0.14493180670037106,,0.4634216727327275,0.8560732014389768
282,cysteine s-sulfate,Method 1,NOKPBJYHPHHWAN-REOHCLBHSA-N,HMDB0000731,C05824,0.0,True,all_pre_hcc,provided_area,True,-0.008380641714864493,-0.30405334191960126,-0.003553855500896199,0.1655727520621969,0.06630250059686967,0.598185524301315,0.7246348943872761,,0.4634216727327275,0.8960599110954367
356,N-acetyltryptophan,Method 3,DZTHIGRZJZPRDV-LBPRGKRZSA-N,HMDB0013713,C03137,0.0,True,all_pre_hcc,provided_area,True,-0.0028578262153313456,0.32980014870452473,0.0054476142693713585,0.1802905740730387,0.06735916198847207,0.666049261451793,0.7399085137688789,,0.4634216727327275,0.9270214017943843
534,"5alpha-androstan-3beta,17beta-diol disulfate",Method 3,JHFAETDERBWUOO-ARKAXQQOSA-N,HMDB00493,C12525,0.13494809688581316,True,all_pre_hcc,provided_area,True,0.003581839475748573,-0.9699479469648475,-0.022820196976652822,0.5303828734433577,0.0674341671672621,0.35180129346134237,0.8832163597049796,,0.4634216727327275,0.8560732014389768
313,androsterone sulfate,Method 3,ZMITXKRGXGRMKS-HLUDHZFRSA-N,HMDB0002759,,0.06747404844290658,True,all_pre_hcc,provided_area,True,-0.006404006175559694,-0.7829473874723154,0.012293914104025312,0.4283901736604351,0.06760206628116201,0.5373510715450845,0.8016887488186392,,0.4634216727327275,0.8843780156115931
453,1-palmitoyl-GPE (16:0),Method 2,YVYMBNSKXOXSKW-HXUWFJFHSA-N,HMDB0011503,,0.0,True,all_pre_hcc,provided_area,True,0.002907980045007589,-0.22322541803606896,-0.0038211265837692185,0.12216965502068373,0.0676733647373177,0.382646606148896,0.6846876632269513,,0.4634216727327275,0.8560732014389768
1223,isoursodeoxycholate sulfate (2),Method 3,WHMOBEGYTDWMIG-DNMBCGTGSA-N,,,0.7283737024221453,False,all_pre_hcc,provided_area,True,0.004281518017757321,-0.5905001931914048,-0.014762598000239706,0.3233041246780084,0.06778186628205235,0.29200617662806727,0.5383470671676787,,0.4634216727327275,0.8560732014389768
585,"2R,3R-dihydroxybutyrate",Method 4,LOUGYXZSURQALL-PWNYCUMCSA-N,HMDB0000498,,0.0,True,all_pre_hcc,provided_area,True,-4.244595532266213e-05,-0.2581110625250899,-0.003455140873659565,0.14194595129886478,0.06900673629544897,0.439023316383117,0.7236004362752171,,0.469245806809053,0.8726314266623042
730,allopurinol,Method 3,OFCNXPDARWKPPY-UHFFFAOYSA-N,HMDB0014581,D00224,0.9705882352941176,False,all_pre_hcc,provided_area,True,-0.009921968647183324,-0.16279938096712113,0.010367508781894505,0.09021480355586738,0.07114120989632443,0.09413787863608916,0.9875142240780644,,0.4784042371926492,0.7746804500589951
298,3-hydroxydecanoate,Method 3,FYSSBMZUBSBFJL-UHFFFAOYSA-N,HMDB0002203,,0.0,True,all_pre_hcc,provided_area,True,-0.007120900003812052,0.4227256373421399,0.009949744503508787,0.23442176540739038,0.07134588837054918,0.38575252928664994,0.6456901387767461,,0.4784042371926492,0.8560732014389768
205,stearoyl sphingomyelin (d18:1/18:0),Method 2,LKQLRGMMMAHREN-YJFXYUILSA-N,HMDB0001348,C00550,0.0,True,all_pre_hcc,provided_area,True,-4.61015153291748e-05,-0.2522021843598688,-0.004949550728920131,0.14006842922397292,0.0717716128181364,0.20317229929442038,0.9141803884539639,,0.4784042371926492,0.8527909813692914
811,dopamine 3-O-sulfate,Method 3,NZKRYJGNYPYXJZ-UHFFFAOYSA-N,HMDB0006275,C13690,0.0,True,all_pre_hcc,provided_area,True,-0.0008075743883796839,0.4619891932692761,-0.01140282432701048,0.25667338105215637,0.07187472243991312,0.2605036151813762,0.727234168856086,,0.4784042371926492,0.8560732014389768
898,1-linoleoyl-GPA (18:2)*,Method 3,ZQTAMPRZFOOEEP-KKFOGOCZSA-N,HMDB0007856,,0.0017301038062283738,True,all_pre_hcc,provided_area,True,-0.007514210516059839,0.2876265837649284,0.004577867939764492,0.1602714706624454,0.0727140683527953,0.4319533319367964,0.5161755589133473,,0.4814436736200868,0.8722267922576082
782,methyl-4-hydroxybenzoate sulfate,Method 3,IBEAHXYYSZWGED-UHFFFAOYSA-N,HMDB0041646,,0.029411764705882353,True,all_pre_hcc,provided_area,True,-0.021934057152612006,0.8200923170998035,0.04815030111786904,0.459560849845946,0.07434034209266531,0.10597421778110579,0.4840678931644988,,0.489634295039649,0.7856191265038538
1231,decadienedioic acid (C10:2-DC)**,Method 4,FRWVXIATCBRYHA-KPMZXABDSA-N,,,0.07612456747404844,True,all_pre_hcc,provided_area,True,0.008208810928553401,-0.6724755678459647,-0.009007838969024682,0.3791168109437217,0.07609703747130495,0.39387867200152016,0.6826555128168851,,0.49859413093177923,0.8560732014389768
124,caprate (10:0),Method 3,GHVNFZFCNZKVNT-UHFFFAOYSA-N,HMDB0000511,C01571,0.0,True,all_pre_hcc,provided_area,True,-0.009866302481827516,0.5206202812054554,0.026606688435324006,0.2940892188014572,0.0766804973722866,0.13499548947549267,0.5869719771055496,,0.49981381188775414,0.8024739512831196
819,3-methoxycatechol sulfate (2),Method 3,NTXOJWKIHIOUQN-UHFFFAOYSA-N,,,0.2768166089965398,False,all_pre_hcc,provided_area,True,0.01929100865118446,-0.4684043655437994,-0.014646039451579655,0.2665588311494102,0.07887913102772894,0.21328809718402686,0.45230850963854113,,0.5082895850428575,0.8553386981638129
234,glycerol 3-phosphate,Method 1,AWUCVROLDVIAJX-UHFFFAOYSA-N,HMDB0000126,C0093,0.006920415224913495,True,all_pre_hcc,provided_area,True,-0.00045412840269262256,-0.20791476114380933,0.00791441192491042,0.11841890402154791,0.07912999389815514,0.19691021508679496,0.8687440247421147,,0.5082895850428575,0.8527909813692914
140,xanthine,Method 4,LRFVTYWOQMYALW-UHFFFAOYSA-N,HMDB0000292,C00385,0.0,True,all_pre_hcc,provided_area,True,-0.007504646334009952,0.2302987087382755,0.008415916506643164,0.13119533424505328,0.07919297191446747,0.09393813484713491,0.821758449638991,,0.5082895850428575,0.7746804500589951
1138,6-hydroxywarfarin,Method 3,IQWPEJBUOJQPDE-UHFFFAOYSA-N,"HMDB0013883,HMDB0013880",,0.9705882352941176,False,all_pre_hcc,provided_area,True,0.0027012839610491978,-0.03886549536022323,-0.002701283961049203,0.022235485143013725,0.08048063701996051,0.07993690238074128,1.5107335492031841,,0.5125753008648992,0.7672613886135418
545,"5alpha-pregnan-3beta,20alpha-diol monosulfate (2)",Method 3,ZIVKBPVUJZDVBI-MHACIFFSSA-N,,,0.22145328719723184,False,all_pre_hcc,provided_area,True,-0.003173049674608946,-0.6174011454620847,-0.017783951273393633,0.35368850964781495,0.08087926152166965,0.4714247619240488,0.8079624150709986,,0.5125753008648992,0.8756937734462804
173,4-hydroxyphenylpyruvate,Method 3,KKADPXVIOXHVKN-UHFFFAOYSA-N,HMDB0000707,C01179,0.0,True,all_pre_hcc,provided_area,True,-0.005366565226037324,0.3201649922299664,0.004112542812923681,0.18386340431051398,0.0816275318759572,0.34251884965324975,0.8813034432233107,,0.5125753008648992,0.8560732014389768
893,palmitoyl-linoleoyl-glycerol (16:0/18:2) [2]*,Method 2,ZKYDYRLDJZZKEU-BCTRXSSUSA-N,HMDB0007103,,0.29411764705882354,False,all_pre_hcc,provided_area,True,0.005609557581178235,-0.8406470173734382,-0.005801372511886506,0.48300723255105266,0.08178109332206644,0.8390516499609291,0.8194545759736772,,0.5125753008648992,0.972152403262362
9,3-hydroxy-3-methylglutarate,Method 4,NPOAOTPXWNWTSH-UHFFFAOYSA-N,HMDB0000355,C03761,0.0,True,all_pre_hcc,provided_area,True,0.005598262823841329,-0.2942179062037114,0.00043477708794933094,0.1692696040480902,0.08218236361845739,0.9281667571287575,0.6177515412767725,,0.5125753008648992,0.9891436004219372
552,"androstenediol (3beta,17beta) monosulfate (1)",Method 3,VPDALJSLCNNODJ-QJIZPQHZSA-N,HMDB0240429,,0.0986159169550173,True,all_pre_hcc,provided_area,True,4.6415915003876895e-05,-0.6904872244134334,-0.00456952336164493,0.3974110970343043,0.08230541397035743,0.6904854149734063,0.8007097317883403,,0.5125753008648992,0.9313341947091618
659,cis-urocanate,Method 3,LOIYMIARKYCTBW-UPHRSURJSA-N,HMDB0034174,,0.06920415224913495,True,all_pre_hcc,provided_area,True,-0.0003236572709300862,-0.47750762898809945,-0.000319031436341374,0.27586242348907924,0.08345837625170337,0.9856123274359816,0.47792862588906665,,0.5145552355046299,0.9975249643908218
599,sulfate*,Method 3,QAOWNCQODCNURD-UHFFFAOYSA-N,HMDB01448,C00059,0.0,True,all_pre_hcc,provided_area,True,0.0001082240901368031,-0.22018384148299416,-0.003155866568894696,0.12724028068263335,0.08354864752743475,0.46220834851223624,0.9713144115019461,,0.5145552355046299,0.8756937734462804
950,oleoyl-oleoyl-glycerol (18:1/18:1) [2]*,Method 2,AFSHUZFNMVJNKX-CLFAGFIQSA-N,HMDB0007218,,0.3685121107266436,False,all_pre_hcc,provided_area,True,0.0062420836833099545,-0.8907530615313497,0.031331410585242574,0.5153630756471284,0.08391670181828412,0.10651128186901893,0.8057404670745271,,0.5145552355046299,0.7856191265038538
818,3-methoxycatechol sulfate (1),Method 3,NTXOJWKIHIOUQN-UHFFFAOYSA-N,,,0.00865051903114187,True,all_pre_hcc,provided_area,True,0.007099272079025973,-0.5957399123449645,-0.005924555790883712,0.3451874616621129,0.08437537591148915,0.8156633170572426,0.43669530571030263,,0.5145552355046299,0.9669475505175992
767,"sphingomyelin (d18:1/24:1, d18:2/24:0)*",Method 2,WKZHECFHXLTOLJ-QYKFWSDSSA-N,HMDB0012107,,0.0,True,all_pre_hcc,provided_area,True,8.803614477454437e-06,-0.2191855714232694,0.00245008539016037,0.12720835961914012,0.08488061023039131,0.5026661901802125,0.9013777576019447,,0.5145552355046299,0.8756937734462804
456,1-arachidonoyl-GPE (20:4n6)*,Method 2,ROPRRXYVXLDXQO-XSQXPFHXSA-N,HMDB0011517,,0.0,True,all_pre_hcc,provided_area,True,0.005771980236441828,-0.2287854005138171,-0.009081097933018912,0.13289583518396597,0.08515301061210916,0.1381378053124259,0.6490888976839108,,0.5145552355046299,0.8024739512831196
169,ursodeoxycholate,Method 3,RUDATBOHQWOJDD-UZVSRGJWSA-N,HMDB0000946,C07880,0.04325259515570934,True,all_pre_hcc,provided_area,True,-0.005644529344498828,-1.1562824060858512,-0.013665771306832228,0.6723734852054857,0.08548652163789161,0.5853716722478208,0.6982466268103447,,0.5145552355046299,0.8937927349280819
166,"5,6-dihydrouracil",Method 3,OIVLITBTBDPEFK-UHFFFAOYSA-N,HMDB0000076,C00429,0.08131487889273356,True,all_pre_hcc,provided_area,True,-0.0068982825352372195,0.4769970849337993,0.015338728967697826,0.2787208987686294,0.0870111766098641,0.1905236337238353,0.42089909481555554,,0.5189534953251078,0.8527909813692914
576,4-cholesten-3-one,Method 2,NYOXRYYXRWJDKP-UHFFFAOYSA-N,HMDB0000921,C00599,0.13494809688581316,True,all_pre_hcc,provided_area,True,-0.007355661671786768,-0.3318177659747752,0.016156841916548738,0.194281244676493,0.08765028726977617,0.14151354333866403,0.7960335330104193,,0.5189534953251078,0.8024739512831196
572,13-HODE + 9-HODE,Method 3,HNICUWMFWZBIFP-IRQZEAMPSA-N,"HMDB0004670,HMDB0004667","C14767,C14762",0.00865051903114187,True,all_pre_hcc,provided_area,True,-0.010300735205034155,0.3712932659060555,0.018104771196147566,0.21751371201255698,0.08782430876242808,0.022603722215886995,0.37641296803342206,,0.5189534953251078,0.5803159703588947
679,norfluoxetine,Method 2,WIQRCHMSJFFONW-UHFFFAOYSA-N,HMDB0060551,,0.9775086505190311,False,all_pre_hcc,provided_area,True,-0.0016586797374449976,-0.0918972855208725,0.0016586797374449908,0.05384849650449089,0.08789835467802536,0.4546702789592981,0.9859259906232136,,0.5189534953251078,0.8756937734462804
237,glycerophosphorylcholine (GPC),Method 1,SUHOQUVVVLNYQR-MRVPVSSYSA-N,HMDB0000086,C00670,0.0,True,all_pre_hcc,provided_area,True,0.0006077237633489418,-0.21658956694781184,-0.008887749222636568,0.12706612516386126,0.08827984737644919,0.00174777435080932,0.907714854320712,,0.5189534953251078,0.17800134671011622
896,1-palmitoleoyl-2-linoleoyl-GPC (16:1/18:2)*,Method 2,QJWDAOSZZYVBJZ-KXESGEQTSA-N,HMDB0008006,,0.11937716262975778,True,all_pre_hcc,provided_area,True,0.004927042912716474,-0.3965254039838812,0.00143609185851259,0.2332279269108312,0.0891003406506135,0.9058613997664853,0.6056993898492887,,0.5213405978533572,0.9816872402027719
470,7alpha-hydroxy-3-oxo-4-cholestenoate (7-Hoca),Method 3,SATGKQGFUDXGAX-MYWFJNCASA-N,HMDB0012458,C17337,0.0,True,all_pre_hcc,provided_area,True,-0.006546412957745731,0.3113519812613238,0.007710806724281209,0.18372281482872954,0.09013552037144142,0.2299947872073328,0.8271858231747402,,0.5247207644173624,0.8560732014389768
248,paraxanthine,Method 3,QUNWUDVFRNGTCO-UHFFFAOYSA-N,HMDB0001860,C13747,0.1453287197231834,True,all_pre_hcc,provided_area,True,-0.01098751325597023,0.6761715982756042,0.011245333096681312,0.3994629215451587,0.09051224632636536,0.4119284372226354,0.5202165668472059,,0.5247207644173624,0.8560732014389768
279,N-acetylaspartate (NAA),Method 4,OTCCIMWXFLJLIA-BYPYZUCNSA-N,HMDB0000812,C01042,0.012110726643598616,True,all_pre_hcc,provided_area,True,0.0036485148903722046,-0.4927265330067817,-0.0219620989375513,0.2918749966785331,0.09138391302251293,0.11915890179888802,0.8605071615585658,,0.5273088177932787,0.7930025537695831
814,N-carbamoylalanine,Method 1,LUSWEUMSEVLFEQ-UHFFFAOYSA-N,,,0.11764705882352941,True,all_pre_hcc,provided_area,True,0.013194788775805322,-0.5396444823714898,-0.025662360553078634,0.32040748871022356,0.09213446756609399,0.11197883221964972,0.5416663187727674,,0.5273088177932787,0.7897057642414003
1150,tetrahydrocortisol sulfate (1),Method 3,UCVZOQFWMUAZJZ-GXBDJPPSSA-N,,,0.3477508650519031,False,all_pre_hcc,provided_area,True,-0.0005775451120994502,-0.5866936380324456,-0.008704419088847044,0.348728639067493,0.092495427017213,0.8007604973924551,0.720589479854604,,0.5273088177932787,0.9657345946249472
743,1-(1-enyl-oleoyl)-GPE (P-18:1)*,Method 2,URGVIWXYPWWBQO-ZCJATDNESA-N,,,0.02422145328719723,True,all_pre_hcc,provided_area,True,-0.0003619674513424076,-0.29232241288910243,-0.009810593498884898,0.17415149734026547,0.0932393110638673,0.35060993811380814,0.5918821491051216,,0.5273088177932787,0.8560732014389768
502,pyrraline,Method 3,VTYFITADLSVOAS-UHFFFAOYSA-N,HMDB0033143,C21013,0.20242214532871972,False,all_pre_hcc,provided_area,True,-0.003051474839156563,0.5244470707672575,-0.00433718969020176,0.3124966665717767,0.09329859169111952,0.7524882856972108,0.33466753568681257,,0.5273088177932787,0.9566553883857777
201,N-palmitoyl-sphingosine (d18:1/16:0),Method 2,YDNKGFDKKRUKPY-TURZORIXSA-N,HMDB0004949,,0.0,True,all_pre_hcc,provided_area,True,-0.000662649862210369,-0.2858550984590743,0.004707981597389703,0.17042045524183594,0.09347366165969884,0.3494574832920522,1.0074000453983893,,0.5273088177932787,0.8560732014389768
837,"trans-3,4-methyleneheptanoate",Method 3,VFMNSFWBDMRNLJ-UHFFFAOYSA-N,,,0.058823529411764705,True,all_pre_hcc,provided_area,True,-0.005145338216854247,0.4993417672407654,0.008971595843403625,0.29891952509709246,0.09482266147861236,0.20557181960011994,0.7892893693520621,,0.5323184491641738,0.8527909813692914
192,fluoxetine,Method 2,RTHCYVBBDHJXIQ-UHFFFAOYSA-N,HMDB0014615,D00326,0.9775086505190311,False,all_pre_hcc,provided_area,True,-0.00377471147546907,-0.1732493519700139,0.0037747114754690734,0.10383271831772953,0.09520798971537289,0.4129470099087199,1.1134460821795926,,0.5323184491641738,0.8560732014389768
340,10-undecenoate (11:1n1),Method 3,FRPZMMHWLSIFAZ-UHFFFAOYSA-N,HMDB0033724,C13910,0.0,True,all_pre_hcc,provided_area,True,-0.003513796425702097,0.3722196243846694,0.006642472601143412,0.22370468118542644,0.09613473328284242,0.18299730318588003,0.7319560286616305,,0.5351216569460875,0.84072113895278
1217,1-methyl-5-imidazolelactate,Method 3,MXETUSMIYKMMAT-UHFFFAOYSA-N,,,0.02768166089965398,True,all_pre_hcc,provided_area,True,0.0002851256388356668,-0.6171371693753102,-0.03112256635679852,0.3717910905845074,0.09693395555320052,0.07546364062616925,0.7070710736582754,,0.5371934629335958,0.7672613886135418
1137,7-hydroxywarfarin,Method 3,SKFYEJMLNMTTJA-UHFFFAOYSA-N,HMDB0013886,,0.9705882352941176,False,all_pre_hcc,provided_area,True,0.002033593488618723,-0.03820648816861172,-0.0020335934886187112,0.02305713432620688,0.09751231504450315,0.06610040396295995,1.639418639541719,,0.5380284751139691,0.7672613886135418
578,cinnamoylglycine,Method 3,YAADMLWHGMUGQL-VOTSOKGWSA-N,HMDB0011621,,0.3494809688581315,False,all_pre_hcc,provided_area,True,0.018259039532592565,-0.7934683539389512,-0.025040119313226836,0.4808492183291911,0.09891437969764529,0.17208745323855812,0.5157387512052231,,0.5428258685752957,0.8356623817957427
1065,gamma-glutamylcitrulline*,Method 1,SCTJBDDLOROJJM-UHFFFAOYSA-N,,,0.0,True,all_pre_hcc,provided_area,True,0.00298197234146381,-0.39151564063650207,-0.004260605305505133,0.2377004517022335,0.09953816177266975,0.6566035922183251,0.6594407829138841,,0.5428258685752957,0.923416938740031
589,metformin,Method 1,XZWYZXLIPXDOLR-UHFFFAOYSA-N,HMDB0001921,C07151,0.8546712802768166,False,all_pre_hcc,provided_area,True,-0.02632238940305391,1.2807160953746,0.026806633917946437,0.7790164367333806,0.10017273593518675,0.5788545905892092,0.6941888687286515,,0.5428258685752957,0.8923698243750036
1087,"2,2'-methylenebis(6-tert-butyl-p-cresol)",Method 4,KGRVJHAUYBGFFP-UHFFFAOYSA-N,,,0.7785467128027682,False,all_pre_hcc,provided_area,True,-0.005167837485835298,-0.3944812970589182,-0.025631888839482475,0.24007308044435266,0.10034740880319425,0.30403473430644135,0.14108159140390789,,0.5428258685752957,0.8560732014389768
363,campesterol,Method 2,SGNBVLSWZMBQTH-PODYLUTMSA-N,HMDB0002869,C01789,0.19377162629757785,True,all_pre_hcc,provided_area,True,-0.010088791061251576,0.6617491558419696,0.025190375152769912,0.402954037571924,0.1005392904435961,0.07807589764197496,0.7476933049489132,,0.5428258685752957,0.7672613886135418
663,paroxetine,Method 2,AHOUBRCZNHFOSL-YOEHRIQHSA-N,HMDB0014853,"C07415,D02362",0.9930795847750865,False,all_pre_hcc,provided_area,True,0.001682158889793499,-0.046953400945963404,-0.001682158889793501,0.028741588327178047,0.10233451779709322,0.10762028641046316,0.009939063456755092,,0.5460494481344701,0.7856191265038538
389,HWESASXX*,Method 3,KUZSCKDYVGVVKC-PLNQFBRDSA-N,,,0.7923875432525952,False,all_pre_hcc,provided_area,True,-0.010369303195313961,0.5159155999102346,0.023333378646776468,0.3162155836315032,0.1027782758281707,0.07521164192623622,0.39617657120523864,,0.5460494481344701,0.7672613886135418
451,2-palmitoleoyl-GPC (16:1)*,Method 3,GKXPPJQBVCKAGD-DJYGDJEFSA-N,HMDB10383,,0.006920415224913495,True,all_pre_hcc,provided_area,True,-0.0009376934630189516,-0.387912352404127,-0.008028195561757063,0.23787455410411756,0.10294448078204746,0.17265188500355144,0.7698821510671122,,0.5460494481344701,0.8356623817957427
803,"sphingomyelin (d18:1/20:1, d18:2/20:0)*",Method 2,MDRFMTLYKHBJTF-YECRPIIFSA-N,"HMDB0240610,HMDB0240632",,0.0,True,all_pre_hcc,provided_area,True,0.0010854852263326247,-0.20966310063487664,0.0003419942792040764,0.1294779294424295,0.10538357862681219,0.9283051479651521,0.7489422026978908,,0.5460494481344701,0.9891436004219372
1141,dihydrocaffeate sulfate (2),Method 4,WEPNMLSXEATIJK-UHFFFAOYSA-N,,,0.18166089965397925,True,all_pre_hcc,provided_area,True,0.01184851738223886,-0.7124238958745209,-0.027661420111182573,0.4404104231489338,0.10574099713818422,0.37207282793132535,0.4758099127019842,,0.5460494481344701,0.8560732014389768
614,androsterone glucuronide,Method 3,VFUIRAVTUVCQTF-BSOWLZGZSA-N,HMDB0002829,C11135,0.17647058823529413,True,all_pre_hcc,provided_area,True,-0.004896359795275605,-0.7031542503362228,-0.01614703369398707,0.43472913897112214,0.10578038416646512,0.48302166094303345,0.8612553498124556,,0.5460494481344701,0.8756937734462804
18,quinolinate,Method 4,GJAWHXHKYYXBSV-UHFFFAOYSA-N,HMDB0000232,C03722,0.00865051903114187,True,all_pre_hcc,provided_area,True,-0.002444432266896727,-0.3380774114170597,0.002760924326354713,0.20904424199891972,0.1058236966856723,0.6986206069550417,0.8014873194308231,,0.5460494481344701,0.9319880419400238
949,oleoyl-oleoyl-glycerol (18:1/18:1) [1]*,Method 2,AFSHUZFNMVJNKX-CLFAGFIQSA-N,HMDB0007218,,0.29238754325259514,False,all_pre_hcc,provided_area,True,0.0094273808113243,-0.8433851610910734,0.023765240194617416,0.5219556905293374,0.1061337676168956,0.2563704449180636,0.7454074093446079,,0.5460494481344701,0.8560732014389768
257,sphingosine 1-phosphate,Method 2,DUYSYHSSBDVJSM-KRWOKUGFSA-N,HMDB0000277,C06124,0.0,True,all_pre_hcc,provided_area,True,-0.0019045166093447613,-0.21650501130385996,-0.0012457484547527867,0.13417574566442356,0.10661578904015757,0.7159295996947923,0.8439775795194995,,0.5460494481344701,0.9441621919693807
208,glycochenodeoxycholate,Method 3,GHCZAUBVMUEKKP-AZDOMVTHSA-N,HMDB0000637,C05466,0.0,True,all_pre_hcc,provided_area,True,-0.02163239875621345,0.6254246937485538,0.037600546708830916,0.38862864527314456,0.10754816380774207,0.014552951187255355,0.7093902330759906,,0.5460494481344701,0.494800340366682
1017,levetiracetam,Method 1,HPHUVLMMVZITSG-LURJTMIESA-N,HMDB0015333,C07841,0.9878892733564014,False,all_pre_hcc,provided_area,True,0.008951477560319556,-0.21890580768936643,-0.008951477560319552,0.136089114044182,0.10771531618141635,0.14368272589111503,0.5227471966855698,,0.5460494481344701,0.8024739512831196
100,threonine,Method 1,AYFVYJQAPQTCCC-GBXIJSLDSA-N,HMDB0000167,C00188,0.0,True,all_pre_hcc,provided_area,True,-0.00284585044191206,0.1543274516088048,0.007319477400074177,0.09612768512203343,0.10839650235279999,0.02591181800730059,0.6703001585148762,,0.5460494481344701,0.6306020546424962
179,creatine,Method 1,CVSVTCORWBXHQV-UHFFFAOYSA-N,HMDB0000064,C00300,0.0,True,all_pre_hcc,provided_area,True,-0.002897897929204048,-0.29568352573640155,0.008424498204672242,0.18421370012014088,0.10846927224660424,0.31473547692935755,0.9396372015002652,,0.5460494481344701,0.8560732014389768
1032,2-butenoylglycine,Method 3,WWJXRJJBIVSSNF-NSCUHMNNSA-N,,,0.31314878892733566,False,all_pre_hcc,provided_area,True,0.011373638702853421,-0.451578731844679,-0.016260248425937443,0.28164640591230455,0.1088566458011331,0.386176785566652,0.4993667164236048,,0.5460494481344701,0.8560732014389768
996,sphingomyelin (d18:2/18:1)*,Method 2,YMTVMVYOUDDTQJ-UOMMIRHQSA-N,HMDB0001348,,0.0,True,all_pre_hcc,provided_area,True,-0.0008183631898622932,-0.2313176635971905,0.0013507631505732245,0.1443012082633879,0.10893032928032469,0.7186845576508123,0.8182497289669305,,0.5460494481344701,0.9447284989809006
570,S-methylmethionine,Method 1,YDBYJHTYSHBBAU-UHFFFAOYSA-N,HMDB0038670,C05319,0.5155709342560554,False,all_pre_hcc,provided_area,True,-0.012066666192688518,0.693445770080293,-0.005921139592925955,0.4328426077582437,0.10913930688630487,0.8411171646821759,0.2697360186885867,,0.5460494481344701,0.972152403262362
901,1-myristoyl-2-arachidonoyl-GPC (14:0/20:4)*,Method 2,SRQSAJRUMDQMMS-NLDJLLEISA-N,HMDB0007883,,0.0034602076124567475,True,all_pre_hcc,provided_area,True,0.005055878632905817,-0.26626893763690923,-0.008407695114080033,0.16640971715329278,0.10958073401324614,0.180060892154562,0.4987467719129693,,0.5460494481344701,0.84072113895278
906,"1,2-dilinoleoyl-GPE (18:2/18:2)*",Method 2,SSCDRSKJTAQNNB-DWEQTYCFSA-N,HMDB0009093,,0.12110726643598616,True,all_pre_hcc,provided_area,True,-0.012546285809823796,0.5333886290211529,0.02724591015783909,0.33337887375873226,0.10961027489886248,0.09730090480877478,0.22624833041445885,,0.5460494481344701,0.7796467404422845
148,3-ureidopropionate,Method 1,JSJWCHRYRHKBBW-UHFFFAOYSA-N,HMDB0000026,C02642,0.0,True,all_pre_hcc,provided_area,True,-0.005760401631206982,0.28577935665002024,0.009874017462951658,0.17861918059599582,0.10961265862179839,0.11801645627081639,0.806676269861392,,0.5460494481344701,0.7930025537695831
1133,ezetimibe glucuronide*,Method 3,UOFYCFMTERCNEW-ADEYADIWSA-N,,,0.986159169550173,False,all_pre_hcc,provided_area,True,-1.8668052497553273e-18,0.1753525734227161,0.0024750758596352534,0.10974001765684811,0.11006726403525706,0.41753758602883884,1.1780900299631194,,0.5460494481344701,0.8560732014389768
355,N-acetylglutamine,Method 4,KSMRODHGGIIXDV-YFKPBYRVSA-N,HMDB0006029,C02716,0.01730103806228374,True,all_pre_hcc,provided_area,True,0.0003404128288901543,-0.273900808906596,-0.0046912738419541584,0.17171226803920184,0.11068652895623204,0.46919037128859087,0.6318554511978115,,0.5460494481344701,0.8756937734462804
990,baclofen,Method 1,KPYSYYIEGFHWSV-UHFFFAOYSA-N,HMDB0014327,D00241,0.9930795847750865,False,all_pre_hcc,provided_area,True,0.0010646640201422166,-0.03252625921440647,-0.00106466402014221,0.020479643221557563,0.1122357142685866,0.16619186247438655,0.04158794892484675,,0.5460494481344701,0.8329456692939373
720,3-acetylphenol sulfate,Method 3,CGFRVKXGZRODPA-UHFFFAOYSA-N,,,0.4186851211072664,False,all_pre_hcc,provided_area,True,0.00016399680115323467,-0.5452349812579623,0.0015321474807288415,0.34417786053744226,0.11315587117170893,0.9169779660205822,0.4792185143576077,,0.5460494481344701,0.9884818176982797
897,1-oleoyl-2-linoleoyl-GPE (18:1/18:2)*,Method 2,GKAFCSRKMWFPSJ-RJXNKANHSA-N,HMDB0005349,,0.005190311418685121,True,all_pre_hcc,provided_area,True,-0.004441453798442339,0.3085969775704598,0.018025559984710567,0.19504470172634905,0.11360713750960462,0.14361364640095178,0.5001851755662649,,0.5460494481344701,0.8024739512831196
1076,glutamine conjugate of C8H12O4 (1)*,Method 3,,,,0.6401384083044983,False,all_pre_hcc,provided_area,True,0.006902003552775846,-0.43981858984701727,-0.0005117321110608367,0.2781368322089372,0.11380878824730714,0.959330266293704,0.5176024087560298,,0.5460494481344701,0.9927133185833146
462,isobutyrylglycine,Method 3,DCICDMMXFIELDF-UHFFFAOYSA-N,HMDB0000730,,0.4117647058823529,False,all_pre_hcc,provided_area,True,0.01589642476524093,-0.5738991872214496,-0.0006575786115405196,0.3633383945247293,0.11421751003278016,0.9682624888419115,0.43010466609034514,,0.5460494481344701,0.9943462946637752
1151,3-ethylcatechol sulfate (1),Method 3,NUPWKYZXNXCOHY-UHFFFAOYSA-N,,,0.11418685121107267,True,all_pre_hcc,provided_area,True,-0.0028221069373591708,-0.5988666246962611,0.0072538709352634,0.37922918942145767,0.11429751316128003,0.7512653428156597,0.5099477479560978,,0.5460494481344701,0.9565706490507084
406,5-acetylamino-6-formylamino-3-methyluracil,Method 4,RDZNZFGKEVDNPK-UHFFFAOYSA-N,HMDB0011105,C16365,0.06055363321799308,True,all_pre_hcc,provided_area,True,0.013752121231692128,-0.45832331919928077,-0.003940818998848003,0.29032577680977306,0.11441593904692703,0.8101760696290131,0.4610916329231046,,0.5460494481344701,0.9657345946249472
738,1H-indole-7-acetic acid,Method 3,KNSAWRXCIVESQC-UHFFFAOYSA-N,,,0.7179930795847751,False,all_pre_hcc,provided_area,True,0.0066064186207409805,-0.4922112994967266,0.0035288136534674633,0.31205778735142786,0.11472463195118791,0.7583537985797382,0.5838239583917246,,0.5460494481344701,0.9566553883857777
538,"androstenediol (3beta,17beta) disulfate (1)",Method 3,UWPTUYJASNIIJM-QJIZPQHZSA-N,HMDB0240313,C04295,0.0034602076124567475,True,all_pre_hcc,provided_area,True,0.0012345500708907196,-0.6499217034136391,-0.015534453456710765,0.4122295495697256,0.11488726013058957,0.3480712503079395,0.783663161362445,,0.5460494481344701,0.8560732014389768
900,1-linoleoyl-2-arachidonoyl-GPC (18:2/20:4n6)*,Method 2,ZZSZQATYGVHNLZ-PUMLCSCDSA-N,HMDB0008147,C05208,0.0,True,all_pre_hcc,provided_area,True,0.000986627718990028,-0.2004785857365844,-0.00417703313678802,0.12716073560930174,0.11489307914418195,0.41716168487155514,0.683182187408511,,0.5460494481344701,0.8560732014389768
993,nisinate (24:6n3),Method 3,YHGJECVSSKXFCJ-KUBAVDMBSA-N,HMDB0013025,,0.7024221453287197,False,all_pre_hcc,provided_area,True,-0.012161205824251339,0.6240407387890908,0.001378585439020346,0.3959654932840502,0.11502631459112446,0.942087005203774,0.39641025913507777,,0.5460494481344701,0.9891436004219372
43,creatinine,Method 1,DDRJAANPRJIHGJ-UHFFFAOYSA-N,HMDB0000562,C00791,0.0,True,all_pre_hcc,provided_area,True,0.0007696096376734567,-0.11165673816572218,-0.002438328928168285,0.07094604234307618,0.1155276419109578,0.12514892792052054,0.8121371574538482,,0.5463675696390411,0.7930025537695831
535,"5alpha-pregnan-3beta,20alpha-diol disulfate",Method 3,LSQGWMYMIHQKSA-VNCHAANSSA-N,HMDB0094650,,0.010380622837370242,True,all_pre_hcc,provided_area,True,-0.002753861850810643,-0.37887074121241426,-0.01070264523752338,0.24151575858450933,0.11671306076203483,0.44080295336089126,0.8647603891030683,,0.5474152699137848,0.8740860284642196
985,"ceramide (d18:1/20:0, d16:1/22:0, d20:1/18:0)*",Method 2,XWBWIAOWSABHFI-QOSDPKFLSA-N,"HMDB0240684,HMDB0240682,HMDB0004951",,0.029411764705882353,True,all_pre_hcc,provided_area,True,0.009275689676489896,-0.34806928868779924,-0.00304556693131441,0.22236057512721885,0.1175038559129883,0.7572083358660462,0.7867318138229646,,0.5474152699137848,0.9566553883857777
667,pregnanediol-3-glucuronide,Method 3,ZFFFJLDTCLJDHL-JQYCEVDMSA-N,HMDB0010318,,0.596885813148789,False,all_pre_hcc,provided_area,True,-0.004170820131802355,-0.5539315396920843,-0.021247980705557917,0.3541197757668482,0.11775908105654304,0.2742800592855916,0.7327434663424027,,0.5474152699137848,0.8560732014389768
802,"sphingomyelin (d18:1/20:0, d16:1/22:0)*",Method 2,AADLTHQNYQJHQV-SVLGDMRNSA-N,HMDB0012102,,0.0,True,all_pre_hcc,provided_area,True,0.0006955212262152655,-0.22226563726395596,-0.004213885996574309,0.1422931606853061,0.11828182976769536,0.37113733115286307,0.8669939775933759,,0.5474152699137848,0.8560732014389768
651,N-palmitoyltaurine,Method 3,LPDJCYFKKSLKRO-UHFFFAOYSA-N,,,0.20069204152249134,False,all_pre_hcc,provided_area,True,-0.01466338648291568,0.46915807714689206,0.026536450612601327,0.300380642710525,0.11831660686096265,0.016309734886528315,0.3629885634664945,,0.5474152699137848,0.5399380654540163
955,linoleoyl-docosahexaenoyl-glycerol (18:2/22:6) [2]*,Method 2,GPMAAGRGFWBOSO-KLJRXRINSA-N,HMDB0007266,,0.6747404844290658,False,all_pre_hcc,provided_area,True,0.008519545641045371,-0.493195627285376,-0.004080641363421606,0.3158080782420592,0.11836005835973724,0.7805797504357574,0.4450488822477845,,0.5474152699137848,0.9627150255374342
520,chiro-inositol,Method 4,CDAISMWEOUEBRE-LKPKBOIGSA-N,HMDB0240209,C19891,0.5363321799307958,False,all_pre_hcc,provided_area,True,-0.00611711652569163,0.77637764771981,-0.01724933290325335,0.4994297007303403,0.12005843055132806,0.5137721857375571,0.179221588139439,,0.5511331322438067,0.8775481470960588
861,amoxicillin,Method 3,LSQZJLSUYDQPKJ-UHFFFAOYSA-N,HMDB0015193,"DG00520,C06827,D00229",0.9896193771626297,False,all_pre_hcc,provided_area,True,0.0008663947983829032,0.2822766779158055,0.0109038885305175,0.181816391649548,0.12053378315718404,0.14189269885041153,-0.005135927156794739,,0.5511331322438067,0.8024739512831196
699,4-methylcatechol sulfate,Method 3,NCOMUGOPQPRVSE-UHFFFAOYSA-N,HMDB0240459,,0.012110726643598616,True,all_pre_hcc,provided_area,True,0.015521889833566511,-0.73119464830231,-0.046377750927053374,0.471912681903118,0.12127890514460136,0.2588659773865746,0.7495821827902429,,0.5511331322438067,0.8560732014389768
630,tauroursodeoxycholate,Method 3,BHTRKEVKTKCXOH-BWIGJTJCSA-N,HMDB0000874,,0.031141868512110725,True,all_pre_hcc,provided_area,True,-0.03579795311412677,0.8878568241315345,0.029726070635407397,0.5736581319517685,0.12169196679606427,0.35694212500920564,0.7425484759289739,,0.5511331322438067,0.8560732014389768
876,gamma-tocopherol/beta-tocopherol,Method 2,QUEDXNHFTDJVIY-DQCZWYHMSA-N,"HMDB0006335,HMDB0001492","C14152,C02483",0.0,True,all_pre_hcc,provided_area,True,-0.0027845060412684127,-0.27170764822983223,0.00023771004835897297,0.1759151785343737,0.12245809389327747,0.9597364785980323,0.8648529382329051,,0.5511331322438067,0.9927133185833146
59,cortisol,Method 3,JYGXADMDTFJGBT-VWUMJDOOSA-N,HMDB0000063,C00735,0.005190311418685121,True,all_pre_hcc,provided_area,True,0.004765086542111337,-0.42753858128189437,0.002656775185507121,0.27715672189420276,0.12293081701330826,0.8132107540433581,0.8370721867976693,,0.5511331322438067,0.9657345946249472
1208,4-vinylguaiacol glucuronide,Method 3,RRBFAJWNNUHFMC-DKBOKBLXSA-N,,,0.6211072664359861,False,all_pre_hcc,provided_area,True,0.007967812798780526,-0.4585088102969387,-0.027845804690257776,0.29750324983085763,0.12327073321213554,0.06593245813914447,0.5001555315494383,,0.5511331322438067,0.7672613886135418
207,N-stearoyl-sphingosine (d18:1/18:0)*,Method 2,VODZWWMEJITOND-NXCSZAMKSA-N,HMDB0004950,,0.06228373702422145,True,all_pre_hcc,provided_area,True,0.007791034733400119,-0.4010268254442826,-0.005128151784078149,0.2603346562759151,0.12345603111165677,0.6313006321618098,0.7202135013084316,,0.5511331322438067,0.9065938302049734
3,1-methylnicotinamide,Method 1,LDHMAVIPBRSVRG-UHFFFAOYSA-N,HMDB0000699,C02918,0.0,True,all_pre_hcc,provided_area,True,-0.00017433333080338543,0.26815137865970196,-0.009578324851648282,0.17413749336331444,0.12358885718251324,0.1216659895774573,0.5715519120420495,,0.5511331322438067,0.7930025537695831
416,4-hydroxyhippurate,Method 3,ZMHLUFWWWPBTIU-UHFFFAOYSA-N,HMDB0013678,,0.0,True,all_pre_hcc,provided_area,True,0.005357745628880648,-0.40526424081965556,0.00424305960541986,0.26342034207786796,0.12393378727953491,0.7445525947878722,0.5813814432083492,,0.5511331322438067,0.9520692363125214
855,rivaroxaban,Method 3,KGFYHTZWPPHNLQ-UHFFFAOYSA-N,,,0.9878892733564014,False,all_pre_hcc,provided_area,True,0.00034307685812507056,-0.030170547037364655,-0.0003430768581250769,0.019662498052238207,0.12492615067996929,0.8058567256939018,0.4145089846654736,,0.5511331322438067,0.9657345946249472
673,valylglycine,Method 3,IOUPEELXVYPCPG-UHFFFAOYSA-N,HMDB0029127,,0.08131487889273356,True,all_pre_hcc,provided_area,True,-0.01825226110754523,0.3156569355699066,0.001652658565123847,0.20614870334778734,0.1257175246660011,0.8624335796523801,0.5883228991281024,,0.5511331322438067,0.9756547618749309
33,3-(4-hydroxyphenyl)lactate,Method 3,JVGVDSSUAVXRDY-UHFFFAOYSA-N,HMDB0000755,C03672,0.0,True,all_pre_hcc,provided_area,True,-0.004844587583440657,0.31970516129499693,0.0026694926129746384,0.2093404678663298,0.12671081279287164,0.6952533787113431,0.9012767251764348,,0.5511331322438067,0.9313341947091618
315,indolepropionate,Method 3,GOLXRNDWAUTYKT-UHFFFAOYSA-N,HMDB0002302,,0.26124567474048443,False,all_pre_hcc,provided_area,True,-0.014020025015788999,-0.9726162065993429,0.06560774519877385,0.6377646927994726,0.1272493011195695,0.020404575264504322,0.7260363134624315,,0.5511331322438067,0.572051285966171
1211,"3,5-dichloro-2,6-dihydroxybenzoic acid",Method 4,KLXACYSQYFWVLM-UHFFFAOYSA-N,,,0.00865051903114187,True,all_pre_hcc,provided_area,True,0.0018036388764619236,-0.3504504495279443,0.019502866923760468,0.22988950451884207,0.12740133925642458,0.14416463671699922,0.8879488182518949,,0.5511331322438067,0.8024739512831196
163,3-aminoisobutyrate,Method 1,QCHPKSFMDHPSNR-UHFFFAOYSA-N,HMDB0002166,C05145,0.0,True,all_pre_hcc,provided_area,True,0.010520458747817152,-0.30752199056328383,0.0017628977300774497,0.2020591660304517,0.12802403668680115,0.8440788093247509,0.7231572352213904,,0.5511331322438067,0.972152403262362
174,butyrate/isobutyrate (4:0),Method 3,FERIUCNNQQJTOY-UHFFFAOYSA-N,HMDB0000039,C00246,0.0,True,all_pre_hcc,provided_area,True,-0.00140448821185599,-0.4805442142807396,0.00496898174085303,0.31593682424056124,0.1282564182190463,0.7732211209721522,0.8412234552734178,,0.5511331322438067,0.9584353768563199
877,1-(1-enyl-stearoyl)-2-arachidonoyl-GPE (P-18:0/20:4)*,Method 2,URPXXNCTXCOATD-FXMFQVEGSA-N,HMDB0005779,,0.0,True,all_pre_hcc,provided_area,True,-0.00045151826802014176,-0.23883563220439163,-0.00992007324094148,0.15706467875749205,0.12835532019198043,0.15312449509329645,0.8029201669485723,,0.5511331322438067,0.8035053187401463
610,hydrochlorothiazide,Method 3,JZUFKLXOESDKRF-UHFFFAOYSA-N,HMDB0001928,C07041,0.9740484429065744,False,all_pre_hcc,provided_area,True,0.00016928532041404981,-0.07158476261233054,0.00026840148175522245,0.04715671600937809,0.12900976005887546,0.7780847244967998,0.4053266024796175,,0.5511331322438067,0.9624686169291781
312,taurolithocholate,Method 3,QBYUNVOYXHFVKC-OQHFDXPESA-N,HMDB0000722,C02592,0.49653979238754326,False,all_pre_hcc,provided_area,True,-0.006124483622545208,0.7147998917954617,0.009892314349121653,0.47093686811670143,0.1290584460367465,0.6371906506104544,0.7263214574219723,,0.5511331322438067,0.908983321324644
75,pelargonate (9:0),Method 3,FBUKVWPVBMHYJY-UHFFFAOYSA-N,HMDB0000847,C01601,0.0,True,all_pre_hcc,provided_area,True,-7.51218472187552e-05,0.2588723013613402,0.00020672354555240882,0.17075359996431244,0.12950477585692777,0.9769212525504957,0.9417969045400182,,0.5511331322438067,0.9957854249164945
801,umbelliferone sulfate,Method 3,LJOOSFYJELZGMR-UHFFFAOYSA-N,HMDB0240565,,0.14705882352941177,True,all_pre_hcc,provided_area,True,0.0002415826182510081,0.6500285000829061,0.02666308375720828,0.4287964644157817,0.12953523958312904,0.13509782313075896,0.3728377387354492,,0.5511331322438067,0.8024739512831196
219,ethylmalonate,Method 4,UKFXDFUAPNAMPJ-UHFFFAOYSA-N,HMDB0000622,,0.0034602076124567475,True,all_pre_hcc,provided_area,True,0.0034952874474102787,-0.27920450708895644,0.001462181606138904,0.18423883320067116,0.12965880300499258,0.7581600520041333,0.8155274532817285,,0.5511331322438067,0.9566553883857777
256,1-stearoyl-2-arachidonoyl-GPI (18:0/20:4),Method 2,KRTOMQDUKGRFDJ-YKOKTLGVSA-N,HMDB0009815,,0.0,True,all_pre_hcc,provided_area,True,0.0016956631906061253,-0.20390250482369765,0.0015615862959551937,0.13455612870705747,0.12967838405736629,0.7413750590384484,0.8828601807713263,,0.5511331322438067,0.9513420678357163
1236,N-acetyl-2-aminoadipate,Method 4,FTTGAAZKBNZDCZ-LURJTMIESA-N,,C12986,0.015570934256055362,True,all_pre_hcc,provided_area,True,0.002130639878619396,-0.31331566056015264,-0.004997361731302487,0.20706138505644978,0.13024067133838246,0.5490105897333766,0.7794127917044048,,0.5516591398777277,0.8901608221888474
1091,ascorbic acid 3-sulfate*,Method 4,FBFZPSQPKNIVMT-ZAFYKAAXSA-N,,,0.0,True,all_pre_hcc,provided_area,True,0.005793637710137197,-0.3165692791709984,0.0030765654852086552,0.21019921936159602,0.13205587143024874,0.6518784579362009,0.7239603394348272,,0.5569539413053507,0.9203850730457248
117,cytidine,Method 1,UHDGCWIWMRVCDJ-XVFCMESISA-N,HMDB0000089,C00475,0.05363321799307959,True,all_pre_hcc,provided_area,True,-0.0009339843304541537,-0.2857388948794128,-0.0018551266539956167,0.18988529416386365,0.13237617523871212,0.6665828564119102,0.6500065547427623,,0.5569539413053507,0.9270214017943843
790,2-methoxyresorcinol sulfate,Method 3,ARLAWMCEVZUXEY-UHFFFAOYSA-N,,,0.08823529411764706,True,all_pre_hcc,provided_area,True,-0.0027089599766076176,-0.5695525227718565,-0.019335051360668393,0.3793656383166663,0.1332705638554516,0.41304326243157774,0.3723872572415101,,0.5579763300441104,0.8560732014389768
241,ribitol,Method 4,HEBKCHPVOIAQTA-ZXFHETKHSA-N,"HMDB0002917,HMDB0001851,HMDB0000568,HMDB0000508","C00379,C01904,C00474,C00532",0.01384083044982699,True,all_pre_hcc,provided_area,True,-0.0016074795378937014,0.21853688306145988,0.00044921446246385397,0.14575250497871042,0.1337777613596999,0.9201905004666238,0.6626308235800006,,0.5579763300441104,0.9891436004219372
603,sedoheptulose,Method 4,HSNZZMHEPUFJNZ-SHUUEZRQSA-N,HMDB0003219,C02076,0.4463667820069204,False,all_pre_hcc,provided_area,True,-0.003241956960649173,0.40921611109386685,-0.008852539589850331,0.27304620660515955,0.13394980260200426,0.5862509221718267,0.727719488293777,,0.5579763300441104,0.8937927349280819
944,naringenin 7-glucuronide,Method 3,BDCRTIDKZGEVEN-UHFFFAOYSA-N,,,0.698961937716263,False,all_pre_hcc,provided_area,True,-0.0029858959281654726,0.49158408412334037,-0.022332852368316638,0.32981197624721825,0.13609334740803497,0.3763785088873882,0.1876987174701418,,0.5650344258723036,0.8560732014389768
1113,"N2-acetyl,N6,N6-dimethyllysine",Method 1,UNPVIYLDJYPILW-VIFPVBQESA-N,,,0.0017301038062283738,True,all_pre_hcc,provided_area,True,0.0013326169305443055,-0.49474943070101673,-0.013091231869981883,0.33308047999088347,0.13744450423733506,0.08709926694144501,0.9326354072228795,,0.5662228411945633,0.7732012916310346
773,N-formylphenylalanine,Method 3,NSTPXGARCQOSAU-VIFPVBQESA-N,HMDB0240317,,0.3788927335640138,False,all_pre_hcc,provided_area,True,-0.008846598905900803,0.5075754527219917,0.021675312043535667,0.34199518821704133,0.13776657628546116,0.23413929888963803,0.3527427910434473,,0.5662228411945633,0.8560732014389768
506,desmethylnaproxen,Method 3,XWJUDDGELKXYNO-QMMMGPOBSA-N,HMDB0013989,,0.9792387543252595,False,all_pre_hcc,provided_area,True,-0.005081436339641547,-0.042859345000045644,0.005081436339641545,0.028933520714453334,0.13852553676166685,0.0934526177594691,0.1720524243393755,,0.5662228411945633,0.7746804500589951
1009,arachidonoylcarnitine (C20:4),Method 2,RBFQHRALHSUPIA-SNPVRQPZSA-N,HMDB0006455,,0.0,True,all_pre_hcc,provided_area,True,0.0006995749383104495,-0.2613968281566484,-0.00534437995806332,0.17663273121167566,0.13890288352944494,0.22783973685107195,0.8719131409431826,,0.5662228411945633,0.8560732014389768
571,indole-3-carboxylate,Method 3,KMAKOBLIOCQGJP-UHFFFAOYSA-N,HMDB0003320,C19837,0.43771626297577854,False,all_pre_hcc,provided_area,True,-0.009080842911413605,-0.3919732312155228,0.012360031462468692,0.26514995758834736,0.13932543030056654,0.36855606029765176,0.4025208303403189,,0.5662228411945633,0.8560732014389768
798,6-hydroxyindole sulfate,Method 3,QRHHXPIYYXPEMG-UHFFFAOYSA-N,HMDB0000682,,0.015570934256055362,True,all_pre_hcc,provided_area,True,0.006393621240632575,-0.5478113874356562,-0.0202863640267752,0.3711865664544645,0.139987280065984,0.4843983890560116,0.836240495629617,,0.5662228411945633,0.8756937734462804
758,9-hydroxystearate,Method 3,RKHXDCVAPIMDMG-UHFFFAOYSA-N,HMDB0061661,,0.10899653979238755,True,all_pre_hcc,provided_area,True,-0.025338358662893117,0.48527074183294827,0.0286217560969913,0.3288725416364289,0.1400623976414454,0.005342806805690466,0.24242933623383767,,0.5662228411945633,0.29222830267646116
126,nonadecanoate (19:0),Method 3,ISYWECDDZWTKFF-UHFFFAOYSA-N,HMDB0000772,C16535,0.0,True,all_pre_hcc,provided_area,True,-4.0316058163103855e-05,0.23134100358992252,0.0007603733659014105,0.15695231571393026,0.14049310190531697,0.8826879814740058,0.7654181040767046,,0.5662228411945633,0.9809690571997466
72,methylmalonate (MMA),Method 4,ZIYVHBGGAOATLY-UHFFFAOYSA-N,HMDB0000202,C02170,0.15051903114186851,True,all_pre_hcc,provided_area,True,0.0021374954182383672,-0.41261116720217256,0.004172164729071492,0.2800042022708686,0.14059223213813352,0.788931059310792,0.93492785205069,,0.5662228411945633,0.9657345946249472
439,phenol sulfate,Method 3,CTYRPMDGLDAWRQ-UHFFFAOYSA-N,HMDB0060015,C02180,0.0,True,all_pre_hcc,provided_area,True,0.0014483814940673778,-0.5349876161960765,-0.027626482096695267,0.36382109070014573,0.14143478992403727,0.07631486696775368,0.6309670884895286,,0.5662228411945633,0.7672613886135418
48,cystathionine,Method 1,ILRYLPWNYFXEMH-UHFFFAOYSA-N,HMDB0000099,C02291,0.005190311418685121,True,all_pre_hcc,provided_area,True,-0.00834573846767214,0.31793422530073895,0.007013109678599343,0.21626178818821853,0.14152494265772314,0.12291152383081555,0.7436779864713471,,0.5662228411945633,0.7930025537695831
1180,emtricitabine,Method 1,XQSPYNMVSIKCOC-NTSWFWBYSA-N,HMDB0015017,"C12599,D01199",0.9930795847750865,False,all_pre_hcc,provided_area,True,0.0009255283161082758,-0.04316243369137341,-0.0009255283161082708,0.029441542402463553,0.14263780753098482,0.12537244388554972,0.21449395979891728,,0.5662228411945633,0.7930025537695831
274,3-hydroxyoctanoate,Method 3,NDPLAKGOSZHTPH-UHFFFAOYSA-N,HMDB0001954,C20793,0.0,True,all_pre_hcc,provided_area,True,-0.005364234513708823,0.35771767502562973,0.009002934873880456,0.24419152156070498,0.1429465097981551,0.4376710811039496,0.6390866130938831,,0.5662228411945633,0.8726314266623042
258,1-stearoyl-2-oleoyl-GPS (18:0/18:1),Method 2,AJFWREUFUPEYII-PAHWMLEVSA-N,HMDB0010163,,0.09342560553633218,True,all_pre_hcc,provided_area,True,0.00027834752225550606,-0.30027171213731335,-0.012777868340025448,0.20498922414774673,0.1429708367694346,0.32929460574154923,0.25038827617373083,,0.5662228411945633,0.8560732014389768
185,glycerol,Method 3,PEDCQBHIVMGVHV-UHFFFAOYSA-N,HMDB0000131,C00116,0.0,True,all_pre_hcc,provided_area,True,0.00457174431950609,-0.4974336750504668,0.010475337692380382,0.34007657099675737,0.14354652822204464,0.08074517487701428,0.7809532625839029,,0.5662228411945633,0.7672613886135418
647,isoleucylglycine,Method 3,UCGDDTHMMVWVMV-UHFFFAOYSA-N,HMDB0028907,,0.06920415224913495,True,all_pre_hcc,provided_area,True,-0.012533295384430541,0.2893813521719275,0.0068460482169201455,0.19785618061014307,0.1435811497146786,0.5277133767135963,0.5996498893830452,,0.5662228411945633,0.8823523230339035
522,1-stearoyl-2-arachidonoyl-GPC (18:0/20:4),Method 2,PSVRFUPOQYJOOZ-QNPWAGBNSA-N,HMDB0008048,,0.0,True,all_pre_hcc,provided_area,True,0.0011319334235724292,-0.14511969902817415,-0.0042671673497804855,0.09949590664886715,0.14468915782132846,0.18469281048239616,0.7865380103149965,,0.5678549737853963,0.84072113895278
468,catechol sulfate,Method 3,MZPWKJZDOCIALD-UHFFFAOYSA-N,HMDB0059724,,0.0,True,all_pre_hcc,provided_area,True,0.006150982724963627,-0.37856376628981453,0.003697575362635532,0.25996843980259193,0.14533975879981942,0.8733275105528089,0.5465988588086759,,0.5678549737853963,0.977443067860706
37,succinate,Method 4,KDYFGRWQOYBRFD-UHFFFAOYSA-N,HMDB0000254,C00042,0.0,True,all_pre_hcc,provided_area,True,-0.00131199051030672,-0.2371574814114359,-0.010362843968936471,0.16286531696202255,0.14534920632662765,0.16201838720380235,0.6537357077275553,,0.5678549737853963,0.8259463527830706
912,thioproline,Method 1,DZLNHFMRPBPULJ-VKHMYHEASA-N,HMDB0062164,,0.0,True,all_pre_hcc,provided_area,True,0.00042001101061492363,-0.23327833940580803,0.004568186715819953,0.16051611006661165,0.14613999900226698,0.3233539294136277,0.8474462479113983,,0.5688323110316356,0.8560732014389768
515,2-ethylphenylsulfate,Method 3,TXENPQZYQPWRAV-UHFFFAOYSA-N,,,0.5916955017301038,False,all_pre_hcc,provided_area,True,-0.006213655193312566,-0.46563800690579293,-0.010612952881865676,0.32068900540765494,0.14650371126728928,0.5816455250317336,0.683730324112792,,0.5688323110316356,0.8923698243750036
989,ondansetron,Method 2,FELGMEQIXOGIFQ-UHFFFAOYSA-N,HMDB0005035,C07325,0.9619377162629758,False,all_pre_hcc,provided_area,True,-0.001117045818156677,0.4093115034365679,0.015856571587332724,0.2822690229621179,0.14703735885165173,0.32696682428640234,0.1188780938643104,,0.5691476844165473,0.8560732014389768
1059,3-hydroxybutyroylglycine**,Method 1,VMIWHQCIHIUYCS-UHFFFAOYSA-N,,,0.03806228373702422,True,all_pre_hcc,provided_area,True,0.005325606389843438,-0.35958689494874124,-0.01691214815792496,0.24830409831851397,0.14756911960604766,0.17395153536213415,0.5334865196569429,,0.5694538419153619,0.8356623817957427
38,3-hydroxybutyrate (BHBA),Method 4,WHBMMWSBFZVSSR-UHFFFAOYSA-N,"HMDB0000442,HMDB0000357,HMDB0000011","C03197,C01089",0.0,True,all_pre_hcc,provided_area,True,0.013628778017873214,-0.41850035690362625,-0.010813377849521614,0.2900013975448977,0.14899294426445892,0.3514128894593913,0.3931054464558778,,0.5729274509914026,0.8560732014389768
1234,"cis-3,4-methyleneheptanoate",Method 3,VFMNSFWBDMRNLJ-BQBZGAKWSA-N,,,0.0,True,all_pre_hcc,provided_area,True,-0.0023072298802494927,0.3107463122089962,0.0032731729838791973,0.21565376167254993,0.14959877706139746,0.6929283247904127,0.9150416282864376,,0.5729274509914026,0.9313341947091618
50,flavin adenine dinucleotide (FAD),Method 3,VWWQXMAJTJZDQX-KUIMXZBMSA-N,HMDB0001248,C00016,0.3788927335640138,False,all_pre_hcc,provided_area,True,-0.0032635489859118563,0.3092740474722881,0.013070418883468141,0.2147568579623406,0.1498355575327277,0.03517788404557017,0.8407970531272639,,0.5729274509914026,0.6371910443942032
391,N-acetylproline,Method 1,GNMSLDIYJOSUSW-UHFFFAOYSA-N,HMDB0094701,,0.01903114186851211,True,all_pre_hcc,provided_area,True,0.0017722045209231769,-0.2586332094517979,0.007918451049299814,0.18006941680903002,0.1509177742185308,0.48186149469808204,0.3648564910596958,,0.5736761686920107,0.8756937734462804
137,pentadecanoate (15:0),Method 3,WQEPLUUGTLDZJY-UHFFFAOYSA-N,HMDB0000826,C16537,0.0,True,all_pre_hcc,provided_area,True,0.0003801563704605081,0.26630132751600244,0.008784580014822942,0.18541986215772352,0.15094341163517927,0.3622688629104259,0.592332292882385,,0.5736761686920107,0.8560732014389768
1020,cephalexin,Method 1,ZAIPMKNFIOOWCQ-UEKVPHQBSA-N,HMDB0014707,C06895,0.9965397923875432,False,all_pre_hcc,provided_area,True,-0.00033010684670945693,-0.009129121554051104,0.00033010684670945633,0.006372888496513734,0.1520026277456655,0.5158387297859908,-0.0022532183537451764,,0.574142745721525,0.8775481470960588
759,3-methylglutarylcarnitine (2),Method 1,HFCPFJNSBPQJDP-UHFFFAOYSA-N,HMDB0000552,,0.01384083044982699,True,all_pre_hcc,provided_area,True,0.0035692867930255754,-0.3587711812565461,-8.845158030059018e-05,0.25097815546687985,0.15286296897105825,0.9932839841455076,0.7078575619402748,,0.574142745721525,0.9975249643908218
863,sitagliptin,Method 3,MFFMDFFZMYYVKS-UHFFFAOYSA-N,HMDB0015390,"DG00118,D08516",0.9930795847750865,False,all_pre_hcc,provided_area,True,0.00033719048076231095,-0.017775796208377513,-0.00033719048076232715,0.012444099832048484,0.15316187240402868,0.5720349012625052,-0.0031595738994489096,,0.574142745721525,0.8923698243750036
644,2-oxindole-3-acetate,Method 3,ILGMGHZPXRDCCS-UHFFFAOYSA-N,HMDB0035514,,0.6366782006920415,False,all_pre_hcc,provided_area,True,0.007571131073270205,-0.4069335645248905,-0.004295066286746652,0.2855852508785176,0.15418293041734302,0.8015582529637585,0.38397492273094563,,0.574142745721525,0.9657345946249472
1127,sulfociprofloxacin*,Method 3,SDLYZOYQWKDWJG-UHFFFAOYSA-N,,,0.986159169550173,False,all_pre_hcc,provided_area,True,0.0002495856160445853,-0.04791930024941889,-0.0002495856160445792,0.03366832346845019,0.15465630353099888,0.8220516844950733,0.9157150468377311,,0.574142745721525,0.9679048171217595
783,1-dihomo-linolenylglycerol (20:3),Method 3,LERKRWCYZNDWFH-QNEBEIHSSA-N,HMDB0011577,,0.01730103806228374,True,all_pre_hcc,provided_area,True,0.0026370898915929392,-0.35711497959071714,0.003693889605855917,0.25108788472063365,0.1549476373523142,0.6662463220158092,0.5804919641101852,,0.574142745721525,0.9270214017943843
1198,eicosenedioate (C20:1-DC)*,Method 3,NZLFRLCYQVOISV-IWQZZHSRSA-N,,,0.0034602076124567475,True,all_pre_hcc,provided_area,True,-0.0054852481886075,0.3102409042069614,0.023873815630054876,0.21828096569471347,0.15523200288004124,0.11282773258181154,0.9241894329800813,,0.574142745721525,0.7897057642414003
607,omeprazole,Method 3,SUBDBMMJDZJVOS-UHFFFAOYSA-N,HMDB0001913,C07324,0.8771626297577855,False,all_pre_hcc,provided_area,True,0.007027595549147794,-0.5249761548478982,-0.041969594534022076,0.3694911005036019,0.1553723928418666,0.24339372991430375,0.5790408690669957,,0.574142745721525,0.8560732014389768
165,citrate,Method 3,KRKNYBCHXYNGOX-UHFFFAOYSA-N,HMDB0000094,C00158,0.0,True,all_pre_hcc,provided_area,True,-0.0012354200233519435,0.23757792687732018,0.0029615966864876414,0.16757268301244382,0.1562607069562175,0.5654973086680607,0.9485133473734259,,0.574142745721525,0.8923698243750036
460,gulonate*,Method 4,RGHNJXZEOKUKBD-NRXMZTRTSA-N,HMDB0003290,C00800,0.03633217993079585,True,all_pre_hcc,provided_area,True,0.0039760747829113395,-0.29748526025307886,-0.00760600049185675,0.20984833756331386,0.1563016543531865,0.3933125651513374,0.6189686579705004,,0.574142745721525,0.8560732014389768
384,pioglitazone,Method 1,HYAFETHFCAUJAY-UHFFFAOYSA-N,HMDB0015264,"D08378,C07675,
DG00117",0.9948096885813149,False,all_pre_hcc,provided_area,True,-7.47509891039556e-05,-0.009322617312902478,7.47509891039609e-05,0.006578541003720918,0.15644627815176732,0.7411072643363626,0.20475244595269662,,0.574142745721525,0.9513420678357163
579,stearoyl ethanolamide,Method 2,OTGQIQQTPXJQRG-UHFFFAOYSA-N,HMDB0013078,,0.0,True,all_pre_hcc,provided_area,True,-0.0027809119200521053,-0.18550811219653066,0.007409137595876804,0.13093504879275383,0.1565428948986352,0.08878970024642291,0.7753993700731036,,0.574142745721525,0.7732012916310346
268,4-acetylphenol sulfate,Method 3,HOFGLAYWQRGTKC-UHFFFAOYSA-N,,,0.10380622837370242,True,all_pre_hcc,provided_area,True,0.0042753128107805086,-0.4835665064433943,-0.015074685563533979,0.34191979040933806,0.1572829813669529,0.1719097881044419,0.5424320793171925,,0.5744883580688834,0.8356623817957427
967,glycosyl-N-behenoyl-sphingadienine (d18:2/22:0)*,Method 2,BZVOAOVDSULRAB-NUBHLNQHSA-N,,,0.0,True,all_pre_hcc,provided_area,True,-0.0041962117871189065,-0.20742811721029758,0.009803310230761624,0.14676260723612103,0.1575504638583186,0.18923404850310566,0.7796130930794153,,0.5744883580688834,0.8527909813692914
526,glycosyl-N-nervonoyl-sphingosine (d18:1/24:1)*,Method 2,WBOZIXHPUPAOIA-YEWIENRVSA-N,"HMDB0004975,HMDB0010712",,0.17474048442906576,True,all_pre_hcc,provided_area,True,-0.002836310738043316,-0.5019939512873781,0.019279247735878798,0.356647737603908,0.15926899083809687,0.4158499791028153,0.41222194772350795,,0.5775820440913533,0.8560732014389768
593,5-(galactosylhydroxy)-lysine,Method 1,OWGKYELXGFKIHH-MYLOADSESA-N,,,0.005190311418685121,True,all_pre_hcc,provided_area,True,-0.003509624322048586,-0.26381527647159597,-0.005633653969913186,0.18768894148745058,0.15984341045421235,0.49828946675142605,0.5983610531326092,,0.5775820440913533,0.8756937734462804
489,1-ribosyl-imidazoleacetate*,Method 1,AHPWEWASPTZMEK-UHFFFAOYSA-N,HMDB0002331,C05131,0.0,True,all_pre_hcc,provided_area,True,0.002110632246918504,-0.2573876535707309,-0.017818884062248845,0.18318543334947407,0.1600016054232295,0.046724231367105934,0.7417034573651943,,0.5775820440913533,0.6879935391895626
221,benzoate,Method 3,WPYMKLBDIGXBTP-UHFFFAOYSA-N,HMDB0001870,C00180,0.0,True,all_pre_hcc,provided_area,True,-0.003011945853713057,0.34292372037896,0.007313295181569135,0.2441989124242754,0.16023540014935,0.5819106972574337,0.3643045970417103,,0.5775820440913533,0.8923698243750036
842,1-palmitoyl-2-arachidonoyl-GPC (16:0/20:4n6),Method 2,IIZPXYDJLKNOIY-JXPKJXOSSA-N,HMDB0007982,C05208,0.006920415224913495,True,all_pre_hcc,provided_area,True,0.0015915576797673713,-0.13460106258571755,-0.004962598091812539,0.09621078649974008,0.16180621253057514,0.07957473822914517,0.6886360841176875,,0.5787524378675519,0.7672613886135418
946,ferulylglycine (1),Method 3,CLGNQAIRBLDHIN-HWKANZROSA-N,,,0.458477508650519,False,all_pre_hcc,provided_area,True,0.013932622929966726,-0.4112693372548773,-0.008426849778004694,0.29450227920093036,0.16256714377885262,0.5818619187040823,0.5738785947468696,,0.5787524378675519,0.8923698243750036
642,doxycycline,Method 2,JBIWCJUYHHGXTC-VONWRGRHSA-N,HMDB0014399,D00307,0.9948096885813149,False,all_pre_hcc,provided_area,True,0.00023162044929587016,-0.009718828568035517,-0.00158133903822897,0.0069603992797095905,0.16262317683651983,0.27850050727941233,-0.0014575755567684762,,0.5787524378675519,0.8560732014389768
342,1-methylhistamine,Method 1,FHQDWPCFSJMNCT-UHFFFAOYSA-N,HMDB0000898,C05127,0.1695501730103806,True,all_pre_hcc,provided_area,True,0.001489040866314292,-0.32464273438193825,-0.00014928265296790185,0.23256422508482663,0.16273640997501437,0.9910465891248241,0.7175434754428778,,0.5787524378675519,0.9975249643908218
250,3-indoxyl sulfate,Method 3,BXFFHSIDQOFMLE-UHFFFAOYSA-N,HMDB0000682,,0.0,True,all_pre_hcc,provided_area,True,0.007575660266134769,-0.43176035850910804,-0.01878994098761153,0.30968924206294807,0.1632653898139429,0.47435233209301264,0.8089297379404408,,0.5787524378675519,0.8756937734462804
302,galactonate,Method 4,RGHNJXZEOKUKBD-MGCNEYSASA-N,HMDB0000565,"C00880,C15930",0.02422145328719723,True,all_pre_hcc,provided_area,True,-0.005994124722622897,0.4095601643896644,0.011316211835605872,0.2938154749377528,0.16333672994727033,0.32905998066248243,0.6041088860244072,,0.5787524378675519,0.8560732014389768
867,1-stearoyl-2-arachidonoyl-GPE (18:0/20:4),Method 2,ANRKEHNWXKCXDB-BHFWLYLHSA-N,HMDB0009003,C05210,0.0,True,all_pre_hcc,provided_area,True,0.005252452208883454,-0.18984103473469516,-0.0028170394118064565,0.1363341440065358,0.1637804991103724,0.5179464667553247,0.6962585618725858,,0.5787524378675519,0.8775481470960588
1084,3-amino-2-piperidone,Method 1,YCCMTCQQDULIFE-UHFFFAOYSA-N,HMDB0000323,,0.0,True,all_pre_hcc,provided_area,True,0.0002925181075717576,-0.18580709558684486,-0.00039053505360978053,0.13362018615940124,0.16435841725351708,0.9251116339609287,0.8403472633678468,,0.5788230707177981,0.9891436004219372
628,1-methyl-5-imidazoleacetate,Method 1,UJCGYTCAMOHYCG-UHFFFAOYSA-N,HMDB04988,,0.0,True,all_pre_hcc,provided_area,True,0.0033447291430845887,-0.46974228690998887,-0.022927798781597324,0.3380976875109913,0.16472071487835593,0.03876659230929511,0.6080462789850323,,0.5788230707177981,0.6371910443942032
981,"glycosyl ceramide (d18:2/24:1, d18:1/24:2)*",Method 2,WYTRSDHGWSSQLK-PCKKJQKNSA-N,,,0.0,True,all_pre_hcc,provided_area,True,-0.004464042630614762,-0.1822355918032988,0.01213063620074593,0.1319017765695914,0.16709432737814,0.05953999555329004,0.8021627304497941,,0.5855283115367691,0.7415971723370185
564,16alpha-hydroxy DHEA 3-sulfate,Method 3,ALBNSVAJDFJRKQ-UAFBDMIJSA-N,HMDB0062544,,0.0,True,all_pre_hcc,provided_area,True,-0.015052959052149808,0.40430219731340894,0.010831779670581878,0.29402741601387217,0.1691161560109078,0.1799368200194491,0.7935324743926528,,0.5909670118381167,0.84072113895278
874,1-palmitoyl-2-arachidonoyl-GPI (16:0/20:4)*,Method 2,KIQYUSYSJTUGFZ-LSLODQAYSA-N,HMDB0009789,,0.005190311418685121,True,all_pre_hcc,provided_area,True,-0.000301176271325553,-0.23101922446621675,0.0040508865835483885,0.1687046245281809,0.1708833269718918,0.5323974046809816,0.7038124986407728,,0.5926544762775185,0.8843264584211039
26,N6-methyladenosine,Method 3,VQAYFKKCNSOZKM-UHFFFAOYSA-N,HMDB0004044,,0.2491349480968858,False,all_pre_hcc,provided_area,True,-0.003409637039340782,0.39091423298792133,-0.0002731809267355213,0.2855683448037369,0.17103083596792668,0.9850313439527125,0.9234805352121183,,0.5926544762775185,0.9975249643908218
464,beta-hydroxyisovaleroylcarnitine,Method 1,IGLHHSKNBDXCEY-UHFFFAOYSA-N,,,0.0,True,all_pre_hcc,provided_area,True,0.0007901934982563431,-0.23187652104072431,-0.011956246952875628,0.16944626779160518,0.17117536867980554,0.0005337835283146582,1.033856696891355,,0.5926544762775185,0.06104542532907637
678,diglycerol,Method 1,GPLRAVKSCUXZTP-UHFFFAOYSA-N,,,0.01384083044982699,True,all_pre_hcc,provided_area,True,0.001237207371241302,-0.33846069819006996,0.004794201522916761,0.2479339055550923,0.17221386032609942,0.6799016863328853,0.4566121395531013,,0.5926544762775185,0.9295013183590858
1022,ethyl alpha-glucopyranoside,Method 1,WYUFTYLVLQZQNH-UHFFFAOYSA-N,HMDB0029968,,0.18339100346020762,True,all_pre_hcc,provided_area,True,0.003522369637732858,-0.667021523326511,0.0036373685547458562,0.48867085442241387,0.17226217876370575,0.8187175703779246,0.4360574104434989,,0.5926544762775185,0.967746981555419
763,2-keto-3-deoxy-gluconate,Method 4,WPAMZTWLKIDIOP-WVZVXSGGSA-N,HMDB0001353,C00204,0.00865051903114187,True,all_pre_hcc,provided_area,True,0.0031117179679727345,0.2050792748600262,0.009338849189642525,0.15068103706961888,0.17350869084913878,0.13318266421803873,0.6812198727021467,,0.5926544762775185,0.8024739512831196
164,chenodeoxycholate,Method 3,RUDATBOHQWOJDD-LXEZOOAESA-N,HMDB0000518,C02528,0.06401384083044982,True,all_pre_hcc,provided_area,True,-0.01218958597842528,0.4500917257704308,0.02782595980172279,0.33121743249597735,0.1741779375121688,0.039015065522042286,0.4984215647189247,,0.5926544762775185,0.6371910443942032
297,2-linoleoylglycerol (18:2),Method 3,IEPGNWMPIFDNSD-HZJYTTRNSA-N,HMDB0011538,,0.08823529411764706,True,all_pre_hcc,provided_area,True,0.008916391691184253,-0.4164326286859517,-0.019474626641825254,0.3064814037698339,0.1742247658627496,0.04757983935571697,0.5207241487438421,,0.5926544762775185,0.6879935391895626
978,"ceramide (d18:1/14:0, d16:1/16:0)*",Method 2,ZKRPGPZHULJLKJ-IMVLJIQESA-N,"HMDB0240681,HMDB0011773",,0.09169550173010381,True,all_pre_hcc,provided_area,True,-0.003307688561981265,0.3756309576968399,0.005593703439708798,0.27676368012441577,0.17470930262208417,0.48246878240866187,0.7357558671311115,,0.5926544762775185,0.8756937734462804
709,guaiacol sulfate,Method 3,AQTYXAPIHMXAAV-UHFFFAOYSA-N,HMDB0060013,,0.005190311418685121,True,all_pre_hcc,provided_area,True,0.008481471193901774,-0.4690986602953324,-0.007616997103157198,0.34582235002329753,0.1749487390524156,0.7624126248915878,0.596918327450586,,0.5926544762775185,0.9569365183440288
810,dopamine 4-sulfate,Method 3,DEKNNWJXAQTLFA-UHFFFAOYSA-N,HMDB0004148,C13691,0.012110726643598616,True,all_pre_hcc,provided_area,True,0.00199793953585214,0.4077575566522931,-0.013237417056213455,0.3006635947256169,0.17503809225397182,0.3346559659338728,0.6644853589217986,,0.5926544762775185,0.8560732014389768
383,p-cresol sulfate,Method 3,WGNAKZGUSRVWRH-UHFFFAOYSA-N,HMDB0011635,,0.0,True,all_pre_hcc,provided_area,True,0.016920108866778298,-0.728101398929892,-0.08118880799659096,0.5380216668185548,0.17596178142610341,0.012047549942752754,0.8784477816473361,,0.5926544762775185,0.43302336651379897
492,indoleacetylglutamine,Method 3,DVJIJAYHBZALOJ-UHFFFAOYSA-N,HMDB0013240,,0.17647058823529413,True,all_pre_hcc,provided_area,True,0.006928271535401439,-0.5286033923887153,-0.012495106148932575,0.3911076684251553,0.17651782247385261,0.34668408219422653,0.6595645839163526,,0.5926544762775185,0.8560732014389768
452,2-palmitoyl-GPC (16:0)*,Method 3,NEGQHKSYEYVFTD-HSZRJFAPSA-N,HMDB0061702,,0.0,True,all_pre_hcc,provided_area,True,0.0013450993985137172,-0.23598636616344038,-0.013063618982685845,0.17465241486452052,0.17663866667700845,0.0002471227247375272,0.8716904494357169,,0.5926544762775185,0.038860048464976156
1183,darunavir,Method 2,CJBJHOAVZSMMDJ-HEXNFIEUSA-N,HMDB0015393,D03656,0.9948096885813149,False,all_pre_hcc,provided_area,True,0.000301741891357928,-0.013993447047716621,-0.0003017418913579242,0.010357131824736293,0.17666568251515857,0.16479518831433249,0.20472992474311347,,0.5926544762775185,0.8292493875977212
640,1-(1-enyl-palmitoyl)-GPE (P-16:0)*,Method 2,QYTPGOPLNFESQC-RLHAVTDZSA-N,HMDB0011152,,0.0,True,all_pre_hcc,provided_area,True,8.034464013409038e-05,-0.17196520851695318,-0.0032543496713374545,0.12787388726487908,0.17868880740591053,0.488027024413374,0.8844085389468053,,0.5978471269059453,0.8756937734462804
1232,deoxycholic acid 12-sulfate*,Method 3,GMRIQHBJNVMHJA-LLQZFEROSA-N,,,0.4930795847750865,False,all_pre_hcc,provided_area,True,0.024795062955755485,-0.7094943505030743,-0.02090316701866728,0.5304348337604122,0.18103626200519018,0.291240159245161,0.7352944696939177,,0.6036064771926182,0.8560732014389768
433,mead acid (20:3n9),Method 3,UNSRRHDPHVZAHH-YOILPLPUSA-N,HMDB0010378,,0.4429065743944637,False,all_pre_hcc,provided_area,True,-0.030012885059022953,0.8344948909685785,0.0013240270364805135,0.6243652634586422,0.18136983177965793,0.9587368175722244,0.5308834186302623,,0.6036064771926182,0.9927133185833146
329,5-hydroxyhexanoate,Method 3,YDCRNMJQROAWFT-UHFFFAOYSA-N,"HMDB0000409,HMDB0000525",,0.09342560553633218,True,all_pre_hcc,provided_area,True,-0.008412408846622274,0.31223522465843057,0.008451491950755917,0.2341101577557577,0.18229868352613388,0.5819622326494993,0.5272406119729957,,0.6038093383225671,0.8923698243750036
105,adenosine,Method 3,OIRDTQYFTABQOQ-KQYNXXCUSA-N,HMDB0000050,C00212,0.6332179930795848,False,all_pre_hcc,provided_area,True,0.001889735204309807,0.44517578121848744,-0.004385658675631396,0.3338576352398492,0.18239073812605366,0.7957258769199391,0.4853556383995123,,0.6038093383225671,0.9657345946249472
246,theobromine,Method 1,YAPQBXQYLJRXSA-UHFFFAOYSA-N,HMDB0002825,C07480,0.006920415224913495,True,all_pre_hcc,provided_area,True,0.007065867297037535,-0.42087417805323785,-0.00606483413970034,0.3175820058955665,0.18508968245091362,0.6193756052424054,0.4945622113768018,,0.6096327329715717,0.8963184038198125
707,hydroxypioglitazone (M-IV),Method 1,OXVFDZYQLGRLCD-UHFFFAOYSA-N,,,0.9948096885813149,False,all_pre_hcc,provided_area,True,-0.00014630755453144096,-0.01547607741815494,0.00014630755453145245,0.011678672426495063,0.18511900158596217,0.602565305179745,0.24904764446420502,,0.6096327329715717,0.8960599110954367
170,valerate (5:0),Method 3,NQPDZGIKBAWPEJ-UHFFFAOYSA-N,HMDB0000892,C00803,0.31141868512110726,False,all_pre_hcc,provided_area,True,-0.0033186728034305026,-0.6404379568745128,-0.0133059911067881,0.4851827555376163,0.18683727539850858,0.4178429878074048,0.6166038253383902,,0.6136848366875295,0.8560732014389768
727,3-hydroxycotinine glucuronide,Method 3,WALNNKZUGHYSCT-MGKNELHOSA-N,HMDB0001204,,0.8062283737024222,False,all_pre_hcc,provided_area,True,0.003660552867749938,-0.32544173500064716,-0.0051987663290262295,0.24779391985878868,0.18906287582181547,0.008553320994791662,1.0688140013992475,,0.6182743850828522,0.358669260381597
724,3-hydroxyadipate,Method 4,YVOMYDHIQVMMTA-UHFFFAOYSA-N,HMDB0000345,,0.10207612456747404,True,all_pre_hcc,provided_area,True,0.012609831508502856,-0.3319228813578344,-0.006003253360543855,0.2528170730476013,0.18921751848720036,0.6372999120892973,0.38648526306160635,,0.6182743850828522,0.908983321324644
641,1-(1-enyl-stearoyl)-GPE (P-18:0)*,Method 2,KACDZDULGKPXHT-BIHRDVDLSA-N,HMDB0240598,,0.0,True,all_pre_hcc,provided_area,True,-0.0016045290681312929,-0.18826272392607107,-0.006174784717036463,0.14369039555240762,0.1901292033208648,0.12387142074171395,0.8934623396881501,,0.6194399908864971,0.7930025537695831
931,eicosapentaenoylcholine,Method 2,AVBRNEQAXKXDAZ-CGRWFSSPSA-N,,,0.6522491349480969,False,all_pre_hcc,provided_area,True,0.00905357216647344,-0.3235859687802358,-0.011639911764780702,0.24721465919499624,0.190559043301331,0.3542413653658252,0.37103744200659117,,0.6194399908864971,0.8560732014389768
461,pivaloylcarnitine (C5),Method 1,YICAQFPUDACYGQ-UHFFFAOYSA-N,HMDB0041993,,0.9792387543252595,False,all_pre_hcc,provided_area,True,0.0013857429969043782,-0.04303447479800224,-0.00047934028864904615,0.032918870819188255,0.1911146087312786,0.7218098554003267,0.005700307654954239,,0.61964478810296,0.944887406965256
728,6-oxopiperidine-2-carboxylate,Method 3,FZXCPFJMYOQZCA-UHFFFAOYSA-N,HMDB0061705,,0.0017301038062283738,True,all_pre_hcc,provided_area,True,0.00088220853491263,0.20824932909547605,-0.008227707335013821,0.15968272894776409,0.19218436914573334,0.4452494903951276,0.8034204568391036,,0.6215114045895438,0.8748548822686447
744,fructosyllysine,Method 1,BFSYFTQDGRDJNV-QCNRFFRDSA-N,HMDB0034879,,0.0,True,all_pre_hcc,provided_area,True,-0.00028050951056902393,0.1957509770724526,0.009119169724676994,0.1504028472506312,0.19308356324468423,0.14663013551855442,0.6813069753929373,,0.6221133405993697,0.8035053187401463
723,"sphingomyelin (d18:2/16:0, d18:1/16:1)*",Method 2,IWHLTJGDYLJQSH-FLPFCPAFSA-N,"HMDB0240638,HMDB0240613",,0.0,True,all_pre_hcc,provided_area,True,-0.0008581806830063272,-0.1651672023120561,0.0022786692424573178,0.1269828592980476,0.1933595518079122,0.598016350242051,0.8944713201898917,,0.6221133405993697,0.8960599110954367
369,N-acetylisoleucine,Method 3,JDTWZSUNGHMMJM-MSZQBOFLSA-N,HMDB0061684,,0.03806228373702422,True,all_pre_hcc,provided_area,True,0.0036771137499219553,-0.29610033365645017,-0.025158169295536336,0.22793181295631113,0.19391847212577829,0.07910395868817399,0.6534511040473108,,0.6223199947301762,0.7672613886135418
1069,resveratrol disulfate (1)*,Method 3,DHYDAGFKCXRMSL-OWOJBTEDSA-N,,,0.9359861591695502,False,all_pre_hcc,provided_area,True,-0.002285527647926765,0.16575577298137867,-0.003363511075085546,0.1281252223922773,0.19576859939292912,0.6939729063056665,0.45258165864302236,,0.6266587736292744,0.9313341947091618
141,5-oxoproline,Method 3,ODHCTXKNWHHXJC-VKHMYHEASA-N,HMDB0000267,"C02237,C01879",0.0,True,all_pre_hcc,provided_area,True,0.0011507457409729704,0.1774339092461577,-0.009349483019789029,0.13760923019203933,0.1972576276005179,0.1536976238953569,1.008512606252132,,0.629822577465613,0.8035053187401463
240,xanthosine,Method 3,UBORTCNDUKBEOP-UUOKFMHZSA-N,HMDB0000299,C01762,0.23529411764705882,False,all_pre_hcc,provided_area,True,-0.0041800867429871566,0.32733579704589943,0.0019216450394915084,0.2543431586862309,0.19809956170080478,0.8694691095943822,0.9148898901292035,,0.630909490176234,0.9771235901832512
1121,triclosan sulfate,Method 3,ZPFYUMPBKRRSTR-UHFFFAOYSA-N,HMDB0061387,,0.7145328719723183,False,all_pre_hcc,provided_area,True,-0.03824346098594431,0.6369018477982822,0.02591585794940161,0.49631257911175214,0.19939834288955227,0.3216709084632501,0.2740252095456005,,0.6318619427776123,0.8560732014389768
891,7-hydroxyindole sulfate,Method 3,YBMPUGDWCSVZRS-UHFFFAOYSA-N,,,0.6072664359861591,False,all_pre_hcc,provided_area,True,0.004701605412221593,-0.37346019244460466,0.004831529076954978,0.29102597810032665,0.1994031727207568,0.7070059833415223,0.7075471747319244,,0.6318619427776123,0.9391335845712927
347,delta-tocopherol,Method 2,GZIFEOYASATJEH-VHFRWLAGSA-N,HMDB0002902,C14151,0.5519031141868512,False,all_pre_hcc,provided_area,True,-0.010073243972231931,0.31606549599254885,0.01059707709318644,0.24675602966869578,0.20023491794307047,0.494852588310143,0.4237256798926991,,0.6320215559065334,0.8756937734462804
890,5-hydroxyindole sulfate,Method 3,YJRFFCVUYDRNTR-UHFFFAOYSA-N,,,0.38235294117647056,False,all_pre_hcc,provided_area,True,0.0027429144363120476,-0.4049659286896613,0.004533622481593778,0.3163186387169329,0.20045834722313738,0.7092026274584484,0.677678668502179,,0.6320215559065334,0.9391335845712927
1019,"glycosyl ceramide (d18:1/20:0, d16:1/22:0)*",Method 2,FXNTXJCUSRJUFN-QOSDPKFLSA-N,,,0.0,True,all_pre_hcc,provided_area,True,-0.002686575045809653,-0.1851583649363677,0.0066154794554345924,0.14580141223366544,0.20410766612519282,0.3246274629740802,0.8725490018146019,,0.6398485862851372,0.8560732014389768
653,2-O-methylascorbic acid,Method 4,RMHBODZVODTFAH-UHFFFAOYSA-N,HMDB0240294,,0.0,True,all_pre_hcc,provided_area,True,0.0027844007210969,-0.19921989304138404,-0.005671103707384532,0.15715315419673234,0.20491228958807683,0.15010453426456866,0.609873314971435,,0.6398485862851372,0.8035053187401463
706,ketopioglitazone,Method 3,JMLKLMFMQRAJNI-UHFFFAOYSA-N,,,0.9948096885813149,False,all_pre_hcc,provided_area,True,-0.0004063528389732992,-0.01928776717668693,0.00040635283897330415,0.01522213610279158,0.20512426773235515,0.44193395623467424,0.2585334432785,,0.6398485862851372,0.8740860284642196
1035,trans-2-hexenoylglycine,Method 3,AAPHATPOQGNLOZ-SNAWJCMRSA-N,,,0.22491349480968859,False,all_pre_hcc,provided_area,True,0.005973747498190496,-0.394903091392987,-0.008541131751020878,0.31172050073596635,0.2052089585007717,0.6786060680062176,0.4989048464676566,,0.6398485862851372,0.9295013183590858
921,methylsuccinoylcarnitine,Method 1,GFWWWKVGRZVWDS-UHFFFAOYSA-N,,,0.010380622837370242,True,all_pre_hcc,provided_area,True,0.0017575876715737427,-0.26222735577845985,-0.0026076480030532575,0.20730299994527812,0.20589024469199202,0.8093666942371005,0.7887506608124789,,0.6398485862851372,0.9657345946249472
501,3-methyladipate,Method 4,SYEOWUNSTUDKGM-UHFFFAOYSA-N,HMDB0000555,,0.5692041522491349,False,all_pre_hcc,provided_area,True,0.012245899767382561,-0.3768207047728095,-0.018086218803861465,0.2979616407923971,0.20599258938432474,0.4491995798164997,0.38945671606964055,,0.6398485862851372,0.8756937734462804
1099,delta-CEHC glucuronide,Method 3,UCCZSQROJUPRKT-UHFFFAOYSA-N,,,0.5709342560553633,False,all_pre_hcc,provided_area,True,0.0090964314364852,-0.3697937443528799,-0.00014988236662591075,0.29360975781594356,0.2078593129986358,0.9860455587870813,0.46183954069457883,,0.6433532977084173,0.9975249643908218
961,perfluorooctanesulfonate (PFOS),Method 4,YFSUTJLHUFNCNZ-UHFFFAOYSA-N,HMDB0059586,C18142,0.012110726643598616,True,all_pre_hcc,provided_area,True,-0.007706492066604246,-0.4294534650812395,0.011576934766891873,0.34157983747836,0.20866077634711,0.38081458227129183,0.9010714728472371,,0.6433532977084173,0.8560732014389768
796,olmesartan,Method 3,VTRAEEWXHOVJFV-UHFFFAOYSA-N,HMDB0014420,D05246,0.9913494809688581,False,all_pre_hcc,provided_area,True,0.000364445715618659,-0.024229266976050455,-0.00036444571561865995,0.019286626194915744,0.20901702212498752,0.2752902042501726,0.7498898845570887,,0.6433532977084173,0.8560732014389768
286,erythritol,Method 4,UNXHWFMMPAWVPI-UHFFFAOYSA-N,HMDB0002994,C00503,0.0,True,all_pre_hcc,provided_area,True,0.0019041869022517555,-0.33683513720208147,0.015735640049276585,0.26821062000261947,0.2091665331977287,0.3268537174965719,0.4783587208408362,,0.6433532977084173,0.8560732014389768
1129,citalopram N-oxide*,Method 2,DIOGFDCEWUUSBQ-UHFFFAOYSA-N,HMDB0060654,C16607,0.9238754325259516,False,all_pre_hcc,provided_area,True,-0.0028383440114673345,-0.14230767973615205,0.01071655019076955,0.1134706411238444,0.20979237307327558,0.21564755807147273,0.6407623781871461,,0.643704403234587,0.8557874702016173
756,N-linoleoyltaurine*,Method 3,YIWODQVLEDDQSF-HZJYTTRNSA-N,,,0.1245674740484429,True,all_pre_hcc,provided_area,True,-0.008558822594740712,0.42288410257962483,0.004829937112857118,0.33896044745929294,0.21218076907475913,0.6978288222359985,0.5995576527174464,,0.6494486800390438,0.9319200195041254
553,"androstenediol (3beta,17beta) monosulfate (2)",Method 3,KMTOEENORMWLCF-QJIZPQHZSA-N,"HMDB0240429,HMDB0186954",,0.18685121107266436,True,all_pre_hcc,provided_area,True,-0.003621115724653151,-0.4317068715695,-0.0054167768009476475,0.34703921018854056,0.213510068513313,0.7566801658093962,0.7870910121301403,,0.6519312286158926,0.9566553883857777
750,etiocholanolone glucuronide,Method 3,VFUIRAVTUVCQTF-ILTUOXSPSA-N,HMDB0004484,,0.5622837370242214,False,all_pre_hcc,provided_area,True,0.0027944726551760294,-0.4112289680499038,-0.027351471773657925,0.3312057772260068,0.21437986292944766,0.0302380303601312,0.8013829558050836,,0.6528641962818749,0.6306020546424962
1184,ritonavir,Method 2,NCDNCNXCDXHOMX-XGKFQTDJSA-N,HMDB0014646,D00427,0.9948096885813149,False,all_pre_hcc,provided_area,True,0.0005538608878390606,-0.020697390310336353,-0.0005538608878390584,0.016687010126392732,0.2148535590307601,0.211700884069441,0.14642459327312968,,0.6528641962818749,0.8553386981638129
787,vanillactate,Method 3,SVYIZYRTOYHQRE-UHFFFAOYSA-N,HMDB0000913,,0.01384083044982699,True,all_pre_hcc,provided_area,True,0.006644017266365989,-0.2782670170120115,-0.01110150313442207,0.2246985503595949,0.2155672326550525,0.3276803024149023,0.7588251951768074,,0.6534544064579664,0.8560732014389768
127,arachidate (20:0),Method 3,VKOBVWXKNCXXDE-UHFFFAOYSA-N,HMDB0002212,C06425,0.0,True,all_pre_hcc,provided_area,True,-0.00019852580450315925,0.19141097911315771,-0.0019419482556284487,0.15502347287155754,0.21693377715604223,0.759780620810079,0.8458091054022192,,0.6552643230231475,0.9566553883857777
806,"sphingomyelin (d18:1/22:1, d18:2/22:0, d16:1/24:1)*",Method 2,VBFKEZGCUWHGSK-ADSSWVSQSA-N,HMDB0012104,,0.0,True,all_pre_hcc,provided_area,True,-0.0003088370148922544,-0.157473948057752,-0.00021951623186842282,0.12761347535055378,0.21720605938048687,0.9501075083376557,0.8041274265158332,,0.6552643230231475,0.989321788397764
519,1-stearoyl-2-oleoyl-GPE (18:0/18:1),Method 2,JQKOHRZNEOQNJE-AYBNWLFXSA-N,HMDB0008993,,0.0,True,all_pre_hcc,provided_area,True,-0.0020536324083346336,0.25763364358063157,0.014984055563845522,0.20950369461985957,0.2187970393907297,0.2388559686641255,0.6458574778457666,,0.6572634574127918,0.8560732014389768
447,2-hydroxy-3-methylvalerate,Method 3,RILPIWOPNGRASR-UHFFFAOYSA-N,HMDB0000317,,0.0,True,all_pre_hcc,provided_area,True,-0.0039230053973670544,0.290679152361355,0.0015748822002586585,0.236435638898253,0.21891366347850538,0.8998570949051524,0.7277034123828778,,0.6572634574127918,0.9816872402027719
925,ascorbic acid 2-sulfate,Method 4,SKKZOYBAANIUOV-ZAFYKAAXSA-N,HMDB0060649,,0.0,True,all_pre_hcc,provided_area,True,0.0031045795234058743,-0.1870105171969637,-0.008046144591404562,0.15238946440709114,0.21975195056995156,0.4065654190500104,0.6594392154497037,,0.657882122447869,0.8560732014389768
239,tartarate,Method 3,FEWJPZIEWOKRBE-JCYAYHJZSA-N,"HMDB0000956,HMDB0062642","C00552,C02107,C00898",0.3062283737024221,False,all_pre_hcc,provided_area,True,0.0007920597580011629,0.5491858528734651,0.053466400697773364,0.44791723374586917,0.22016563875242678,0.007478768718601266,0.3143854221664143,,0.657882122447869,0.34845522400001455
598,hydantoin-5-propionate,Method 4,VWFWNXQAMGDPGG-UHFFFAOYSA-N,HMDB0001212,C05565,0.09342560553633218,True,all_pre_hcc,provided_area,True,0.0018238443211398745,0.31728367016585696,-0.013461919220693064,0.2595362682157357,0.2215177559985354,0.512295948746464,0.47720366914064827,,0.6585219590256377,0.8775481470960588
1042,hexadecenedioate (C16:1-DC)*,Method 3,IWTMSCUHCJHPPR-ACCUITESSA-N,,,0.0,True,all_pre_hcc,provided_area,True,-0.006253932491845984,0.2670273942695258,0.005528833065564,0.21856045139813582,0.22180016937306668,0.4853391371060507,0.8782976968917434,,0.6585219590256377,0.8756937734462804
435,gamma-glutamylisoleucine*,Method 1,SNCKGJWJABDZHI-SIPWABPFSA-N,HMDB0011170,,0.0,True,all_pre_hcc,provided_area,True,0.002021798483510712,-0.19766616068264165,-0.002768422990809901,0.16184117808863827,0.22195016742994467,0.5575290512713678,0.8523549594809352,,0.6585219590256377,0.8901608221888474
473,tetradecanedioate (C14-DC),Method 3,HQHCYKULIHKCEB-UHFFFAOYSA-N,HMDB0000872,,0.006920415224913495,True,all_pre_hcc,provided_area,True,-0.0031839294462321288,0.2537431091784049,0.018987597175747092,0.2081286372064332,0.22278164760730523,0.040520893125227546,0.8480270103774328,,0.6594336769176236,0.6371910443942032
625,ethyl glucuronide,Method 3,IWJBVMJWSPZNJH-XWBUKDKVSA-N,HMDB0010325,,0.9152249134948097,False,all_pre_hcc,provided_area,True,0.013016286440219882,-0.3497975399323223,-0.010347869850406992,0.28795751893641736,0.2244599406937251,0.30827262502253827,0.3869018114042031,,0.6602070585920211,0.8560732014389768
672,(15:0)-anacardic acid,Method 3,ADFWQBGTDJIESE-UHFFFAOYSA-N,HMDB0033896,C10759,0.9480968858131488,False,all_pre_hcc,provided_area,True,0.0018677199592014677,0.23542954602552302,0.014260745502209843,0.19396770416650008,0.22484075282508242,0.11564602577450699,0.20225679235921962,,0.6602070585920211,0.790666850132227
563,3-hydroxyhippurate,Method 3,XDOFWFNMYJRHEW-UHFFFAOYSA-N,HMDB0006116,,0.19204152249134948,True,all_pre_hcc,provided_area,True,0.01606259266170466,-0.6653350105763027,0.0067766987285273325,0.5497990116354088,0.22622431505451523,0.7985277283047576,0.7811386668851421,,0.6602070585920211,0.9657345946249472
979,"ceramide (d18:1/17:0, d17:1/18:0)*",Method 2,ICWGMOFDULMCFL-SJCQXOIGSA-N,"HMDB0240683,HMDB0240678",,0.17474048442906576,True,all_pre_hcc,provided_area,True,0.0030466270455483833,-0.34993049785761565,-0.0015437374767773907,0.2899070037460069,0.22741521477716897,0.8631985293853721,0.8905830367228971,,0.6602070585920211,0.9756547618749309
805,behenoyl sphingomyelin (d18:1/22:0)*,Method 2,FJJANLYCZUNFSE-TWKUQIQBSA-N,HMDB0012103,,0.0,True,all_pre_hcc,provided_area,True,-0.0015752222402558983,-0.1893048877021952,4.363566779291423e-06,0.1570696893325234,0.22811504982609476,0.9993209269025732,0.8777668157135807,,0.6602070585920211,0.9993209269025733
948,palmitoyl-oleoyl-glycerol (16:0/18:1) [2]*,Method 2,YEJYLHKQOBOSCP-OZKTZCCCSA-N,HMDB0007102,C13861,0.5934256055363322,False,all_pre_hcc,provided_area,True,0.005126157089038171,-0.5326341976190081,0.0006994573394555534,0.44230347541916415,0.22850149445696566,0.9619530399124395,0.7985167905998053,,0.6602070585920211,0.9927133185833146
277,hexanoylcarnitine (C6),Method 1,VVPRQWTYSNDTEA-UHFFFAOYSA-N,HMDB0000756,,0.0,True,all_pre_hcc,provided_area,True,-6.790292296603218e-05,-0.24777253635001864,0.00947816461015518,0.20605652493245483,0.22918947524011346,0.2073256106715241,0.8038882642432121,,0.6602070585920211,0.8527909813692914
643,alpha-CEHC glucuronide*,Method 3,MWDYOFPRWKTECC-UHFFFAOYSA-N,HMDB0062445,,0.7283737024221453,False,all_pre_hcc,provided_area,True,0.005245027065300588,-0.31154128763425604,-0.012783607809910395,0.2591228628536057,0.229250501138331,0.21560924511798607,0.7116319885689151,,0.6602070585920211,0.8557874702016173
688,fexofenadine,Method 2,RWTNPBWLLIMQHL-UHFFFAOYSA-N,HMDB0005030,C06999,0.9948096885813149,False,all_pre_hcc,provided_area,True,0.0001503365074018793,0.09222024567947743,0.0008079894773050969,0.07677983096240364,0.2297124599691478,0.828341454198702,0.0001124191539425623,,0.6602070585920211,0.9711589463019265
94,urea,Method 1,XSQUKJJJFZCRTK-UHFFFAOYSA-N,HMDB0000294,C00086,0.0,True,all_pre_hcc,provided_area,True,0.00278769432676406,-0.24455528210894528,-0.008510218968462295,0.20368577995605552,0.22988709150712783,0.36815153253586663,0.9438264744603394,,0.6602070585920211,0.8560732014389768
923,catechol glucuronide,Method 3,ICPYZFZFSLTYID-GOVZDWNOSA-N,HMDB0240490,,0.629757785467128,False,all_pre_hcc,provided_area,True,0.007687686116289484,-0.3840852236256611,-0.02415617086647436,0.3199692120390977,0.22999108795279166,0.0568066170412976,0.4490490685686617,,0.6602070585920211,0.7415971723370185
349,stearidonate (18:4n3),Method 3,JIWBIWFOSCKQMA-LTKCOYKYSA-N,HMDB0006547,C16300,0.012110726643598616,True,all_pre_hcc,provided_area,True,-0.0010862187077028262,0.2900334487970226,0.01993945636670927,0.24179297782095846,0.23032912984127585,0.028373987604989884,0.325397910456635,,0.6602070585920211,0.6306020546424962
152,erucate (22:1n9),Method 3,DPUOLQHDNGRHBS-KTKRTIGZSA-N,HMDB0002068,C08316,0.0,True,all_pre_hcc,provided_area,True,-0.0020147360037324554,0.2466462909429474,0.00033313398815312096,0.20603548745999203,0.23126529329712764,0.9770201654925691,0.7128756144212679,,0.6602070585920211,0.9957854249164945
293,3-methyl-2-oxobutyrate,Method 3,QHKABHOOEWYVLI-UHFFFAOYSA-N,HMDB0000019,C00141,0.0,True,all_pre_hcc,provided_area,True,-0.0008728300891475863,-0.23138178685152525,-0.0043542684156056485,0.19383692073191428,0.232598056616373,0.3924537966707182,0.9757843792108701,,0.6602070585920211,0.8560732014389768
1082,N-carbamoylvaline,Method 3,JDXMIYHOSFNZKO-UHFFFAOYSA-N,,,0.23875432525951557,False,all_pre_hcc,provided_area,True,0.0016249723992738723,-0.3510487356462477,-0.0007190075902557867,0.2944964435529143,0.23324929585743737,0.970884904210275,0.6546479920505913,,0.6602070585920211,0.9944018406483672
652,N-stearoyltaurine,Method 3,LMIJIHJZVURGQK-UHFFFAOYSA-N,,,0.0017301038062283738,True,all_pre_hcc,provided_area,True,-0.002499602864055039,0.26110405682158266,-0.004885167871857985,0.21904926898372856,0.23326602793300677,0.4624413393001241,0.9116247814170041,,0.6602070585920211,0.8756937734462804
650,valylleucine,Method 1,XCTHZFGSVQBHBW-UHFFFAOYSA-N,HMDB0029131,,0.1695501730103806,True,all_pre_hcc,provided_area,True,-0.01062495427945219,-0.3458060395203997,-0.00763072167351349,0.29011586231956116,0.23327755666370076,0.569083266204081,0.47574208171485394,,0.6602070585920211,0.8923698243750036
427,7-methylguanine,Method 1,FZWGECJQACGGTI-UHFFFAOYSA-N,HMDB0000897,C02242,0.0,True,all_pre_hcc,provided_area,True,-0.0018817123330599579,-0.10122533353546924,0.0016115565042470192,0.08499050431877261,0.23364599640773642,0.6215996119494032,0.7102085017969342,,0.6602070585920211,0.89675723833985
247,gentisate,Method 3,WXTMDXOMEHJXQO-UHFFFAOYSA-N,HMDB0000152,C00628,0.08304498269896193,True,all_pre_hcc,provided_area,True,0.0015113221937430752,-0.3863775000536961,-0.02585783630794937,0.3244546170193318,0.23371160558230708,0.17739889149613075,0.4926702186809068,,0.6602070585920211,0.840461736108878
670,histidylalanine,Method 1,FRJIAZKQGSCKPQ-UHFFFAOYSA-N,HMDB0028878,,0.5069204152249135,False,all_pre_hcc,provided_area,True,-0.00198497989995844,0.30356069334269314,-0.00017928924731177318,0.255056048211837,0.23397860127803827,0.9878645296184861,0.4925354977260174,,0.6602070585920211,0.9975249643908218
280,dehydroepiandrosterone sulfate (DHEA-S),Method 3,CZWCKYRVOZZJNM-DYIPZHMLSA-N,HMDB0001032,C04555,0.0,True,all_pre_hcc,provided_area,True,-0.009029588384362271,-0.3984152013679287,0.005271086774941195,0.3348152012524271,0.2340638697393016,0.5383903930348751,0.8735346891464434,,0.6602070585920211,0.8843780156115931
834,glycochenodeoxycholate 3-sulfate,Method 3,DKXXSIJHWWVNMO-ISIKUUMTSA-N,"HMDB0002409,HMDB0002496,HMDB0002497",,0.0017301038062283738,True,all_pre_hcc,provided_area,True,-0.01669220599951023,0.3710708132236719,0.016933971820208175,0.31232689001649383,0.23480002414251355,0.2061395898634485,0.7210128613822646,,0.6608018576538748,0.8527909813692914
1072,glycine conjugate of C10H14O2 (1)*,Method 3,,,,0.0017301038062283738,True,all_pre_hcc,provided_area,True,0.005643418259943525,-0.2980420487376407,-0.008336353258327297,0.25175614877259467,0.23647160896363606,0.37896028145346716,0.8170461821364731,,0.6629033405172111,0.8560732014389768
991,metoclopramide,Method 1,TTWJBBZEZQICBI-UHFFFAOYSA-N,HMDB0015363,"C07868,D00726,
DG00055",0.9965397923875432,False,all_pre_hcc,provided_area,True,-4.3027301577013606e-05,-0.004960248402259243,4.3027301577020016e-05,0.004197732823524351,0.2373448501495965,0.8611838542969033,-0.0004918504616061508,,0.6629033405172111,0.9756547618749309
910,1-linoleoyl-GPG (18:2)*,Method 3,VEEHTGYBVMTAAF-RFFZIGDUSA-N,HMDB0240600,,0.0,True,all_pre_hcc,provided_area,True,-0.0027988511849952715,0.21617421142259244,-0.0009355614066857632,0.18295302872892083,0.23737115255698948,0.8305513233334617,0.8674359497367047,,0.6629033405172111,0.9715887475748598
577,N-acetyl-cadaverine,Method 1,RMOIHHAKNOFHOE-UHFFFAOYSA-N,HMDB0002284,,0.356401384083045,False,all_pre_hcc,provided_area,True,0.010133195957729393,-0.47640552630376004,-0.01316717930329172,0.4037267819209547,0.23799240913183062,0.4036040623481263,0.48579934420490684,,0.6629033405172111,0.8560732014389768
741,1-linolenoyl-GPC (18:3)*,Method 2,WKQNRCYKYCKESD-YHTMAJSVSA-N,HMDB0010388,C04100,0.0,True,all_pre_hcc,provided_area,True,0.0018350920396198608,-0.17311871416861874,-0.0005526429958273556,0.1467674477313,0.23818148641794867,0.9165245641023485,0.5472354770817299,,0.6629033405172111,0.9884818176982797
1089,2-hydroxysebacate,Method 3,LPIOYESQKJFWPQ-UHFFFAOYSA-N,HMDB0000424,,0.02422145328719723,True,all_pre_hcc,provided_area,True,0.0023794125184758777,-0.26225181111861556,0.003692126587263831,0.22451281883897223,0.24276932721835198,0.7215075041413357,0.7171205746111169,,0.6689247384788407,0.944887406965256
216,4-acetaminophen sulfate,Method 3,IGTYILLPRJOVFY-UHFFFAOYSA-N,HMDB0059911,C06804,0.5605536332179931,False,all_pre_hcc,provided_area,True,0.01339296493025076,1.0726167666463415,-0.047777165346441657,0.9184419888548689,0.2428609985211776,0.2684321830021532,0.6624667699872399,,0.6689247384788407,0.8560732014389768
285,oxalate (ethanedioate),Method 3,MUBZPKHOEPUJKR-UHFFFAOYSA-N,HMDB0002329,C00209,0.0,True,all_pre_hcc,provided_area,True,0.002606136615476642,-0.3001603804353409,0.002314758037334818,0.257077068570738,0.24297255323083045,0.6966498229104302,0.7228077556439751,,0.6689247384788407,0.9313341947091618
1206,picolinoylglycine,Method 3,MNYZGNSHBPLAFN-UHFFFAOYSA-N,HMDB0059766,,0.05536332179930796,True,all_pre_hcc,provided_area,True,0.007295249293901797,-0.34932452104193834,-0.02076752014668756,0.29945674566096564,0.2434012472485062,0.10090907575470903,0.8288646442113587,,0.6689247384788407,0.7856191265038538
343,4-imidazoleacetate,Method 1,PRJKNHOMHKJCEJ-UHFFFAOYSA-N,HMDB0002024,C02835,0.10034602076124567,True,all_pre_hcc,provided_area,True,0.001950016219953366,0.2790307076220784,-0.01831830708075775,0.23945457837358677,0.24390723260362113,0.08752493630645551,0.4669399298545303,,0.6689247384788407,0.7732012916310346
615,argininate*,Method 1,BMFMQGXDDJALKQ-BYPYZUCNSA-N,HMDB0003148,,0.0,True,all_pre_hcc,provided_area,True,-0.0017111873706648147,-0.18008978350256263,-0.006133293502241681,0.15472137007732023,0.2444394428475103,0.22877714235399438,0.8383836503882711,,0.6689247384788407,0.8560732014389768
718,"2,8-quinolinediol sulfate",Method 3,ZLYUIVZAQHFCNP-UHFFFAOYSA-N,HMDB0240658,,0.3356401384083045,False,all_pre_hcc,provided_area,True,0.0026336779776533845,0.5220515481744121,0.01829032721610658,0.4488265961426529,0.2447696493873871,0.12971659920574313,0.4376851262262978,,0.6689247384788407,0.7960169843942676
309,isobutyrylcarnitine (C4),Method 1,LRCNOZRCYBNMEP-VIFPVBQESA-N,HMDB0000736,,0.005190311418685121,True,all_pre_hcc,provided_area,True,0.007699611582543975,-0.27535082696933694,-0.011043803639976205,0.23674339121587779,0.24479820505145877,0.5542367136083102,0.8040774930824577,,0.6689247384788407,0.8901608221888474
175,N-acetylneuraminate,Method 1,SQVRNKJHWKZAKO-UHFFFAOYSA-N,HMDB0000230,C00270,0.0,True,all_pre_hcc,provided_area,True,0.0014421751596446642,-0.18038277218050033,-0.010390838787736906,0.15534673367084748,0.24557589880788055,0.11383937240795944,0.9212299455314366,,0.6689247384788407,0.7897057642414003
206,1-palmitoyl-2-oleoyl-GPC (16:0/18:1),Method 2,WTJKGGKOPKCXLL-PFDVCBLKSA-N,HMDB0007972,C13875,0.0,True,all_pre_hcc,provided_area,True,0.0005463920331587338,-0.09195439248374028,-0.0016210678950065443,0.0795657533223778,0.2478025954875822,0.17339635004239895,0.9220829964969336,,0.6689247384788407,0.8356623817957427
10,homovanillate (HVA),Method 3,QRMZSPFSDQBLIX-UHFFFAOYSA-N,HMDB0000118,C05582,0.31141868512110726,False,all_pre_hcc,provided_area,True,0.001818968293708271,-0.3844873965852671,-0.03266969005664466,0.33281559667858607,0.24798538502748801,0.06794473323755494,0.37234827402917126,,0.6689247384788407,0.7672613886135418
828,citraconate/glutaconate,Method 4,HNEGQIOMVPPMNR-IHWYPQMZSA-N,"HMDB0000634,HMDB0000620","C02226,C02214",0.01384083044982699,True,all_pre_hcc,provided_area,True,0.0038469564658904485,-0.43492727452336594,0.0118280727949937,0.3770086172284385,0.24865317355319116,0.5343566466643532,0.5591117122339193,,0.6689247384788407,0.8843780156115931
54,glutarate (C5-DC),Method 4,JFCQEDHGNNZCLN-UHFFFAOYSA-N,HMDB0000661,C00489,0.0,True,all_pre_hcc,provided_area,True,0.011065925765152619,-0.2853846080491382,-0.0235578933959601,0.24739560663006027,0.24868237614726785,0.06729361294808285,0.6154746493135583,,0.6689247384788407,0.7672613886135418
1094,delta-CEHC,Method 3,BNVXCCQXUZCRSR-UHFFFAOYSA-N,,,0.08650519031141868,True,all_pre_hcc,provided_area,True,-0.00014689062600118407,-0.3003179663454156,0.010287327744440135,0.260697275367463,0.2493294195063348,0.367462400200918,0.551223432412379,,0.6689247384788407,0.8560732014389768
305,1-linoleoylglycerol (18:2),Method 3,WECGLUPZRHILCT-HZJYTTRNSA-N,HMDB0011568,,0.0,True,all_pre_hcc,provided_area,True,0.005402583435100126,-0.2684762146473856,-0.009430639920702848,0.2334117508215704,0.2500508881234367,0.12657803717678767,0.7669404508573562,,0.6689247384788407,0.7930025537695831
195,topiramate,Method 3,KJADKKWYZYXHBB-UHFFFAOYSA-N,HMDB0005034,D00537,0.9878892733564014,False,all_pre_hcc,provided_area,True,0.003788844864860485,-0.11075278835991355,-0.003788844864860485,0.09661527779933374,0.2516595035883117,0.34583968011453714,1.0267685800280186,,0.6689247384788407,0.8560732014389768
267,isovalerate (i5:0),Method 3,GWYFCOCPABKNJV-UHFFFAOYSA-N,HMDB0000718,C08262,0.0,True,all_pre_hcc,provided_area,True,0.00020295039214605608,-0.3082684731607694,-0.011579938031550848,0.26898669269670433,0.25178019547743036,0.41639578251633536,1.0105416324814505,,0.6689247384788407,0.8560732014389768
1221,S-carboxyethylcysteine,Method 1,CAMXXPUSAROUCX-BYPYZUCNSA-N,,,0.0017301038062283738,True,all_pre_hcc,provided_area,True,0.003640088073098591,-0.18064178157552901,-0.014916802322260404,0.1576412085302658,0.25183463933025696,0.21076819741841712,0.48980412047719596,,0.6689247384788407,0.8553386981638129
252,gamma-glutamylphenylalanine,Method 1,XHHOHZPNYFQJKL-QWRGUYRKSA-N,HMDB0000594,,0.0,True,all_pre_hcc,provided_area,True,-0.002547061841905609,0.16433323982428358,0.0004006241648563037,0.14351622698926528,0.2521884917075494,0.889969070095714,0.82959168670648,,0.6689247384788407,0.9809690571997466
196,beta-hydroxyisovalerate,Method 3,AXFYFNCPONWUHW-UHFFFAOYSA-N,HMDB0000754,,0.0,True,all_pre_hcc,provided_area,True,0.0028193638021566767,-0.2644603408187265,-0.009853703035772508,0.2310515402006692,0.252377138163855,0.23714800547779424,0.9980968432760686,,0.6689247384788407,0.8560732014389768
804,"sphingomyelin (d18:1/20:2, d18:2/20:1, d16:1/22:2)*",Method 2,YVTVVJRJLRHYSJ-COUPUTHFSA-N,,,0.00865051903114187,True,all_pre_hcc,provided_area,True,2.4411652628614108e-05,-0.1639536553687774,0.0057193333299085,0.14324999139311934,0.25240464810642615,0.394387395924762,0.6983522429641923,,0.6689247384788407,0.8560732014389768
764,alpha-CEHC sulfate,Method 3,ZQMMTPNJGWUHCB-UHFFFAOYSA-N,,,0.6782006920415224,False,all_pre_hcc,provided_area,True,0.01386654402913165,-0.45868238581931187,6.029046424645791e-05,0.4008113825379193,0.25246415944387357,0.9959390741453674,0.6202651517037743,,0.6689247384788407,0.9975249643908218
674,prolylglycine,Method 1,RNKSNIBMTUYWSH-YFKPBYRVSA-N,HMDB0011178,,0.012110726643598616,True,all_pre_hcc,provided_area,True,-0.0027785080858093785,0.18261297694183742,0.0019475390916254423,0.1596888805462714,0.2528083391072403,0.6765091424076771,0.5136341371535995,,0.6689247384788407,0.9295013183590858
808,lignoceroyl sphingomyelin (d18:1/24:0),Method 2,QEDPUVGSSDPBMD-XTAIVQBESA-N,HMDB0011697,,0.0,True,all_pre_hcc,provided_area,True,-0.0017066398825301677,-0.18503223304702798,-0.0008860698746649867,0.16190618860010839,0.2531066578028046,0.8675462330516822,0.7963299110907754,,0.6689247384788407,0.9771235901832512
1171,tamsulosin,Method 1,DRHKJLXJIQTDTD-OAHLLOKOSA-N,HMDB0014844,"D08560,C07124",0.9550173010380623,False,all_pre_hcc,provided_area,True,0.004515101321203853,0.1907735096374787,-0.0028141704663306255,0.16834979547876264,0.25713146777423423,0.35711343741975987,0.6562256077954599,,0.6781048176175677,0.8560732014389768
51,fumarate,Method 4,VZCYOOQTPOCHFL-OWOJBTEDSA-N,HMDB0000134,C00122,0.0017301038062283738,True,all_pre_hcc,provided_area,True,0.0006847454293847083,-0.17768245241871797,0.004503816835808254,0.15697789335192147,0.2576786886529634,0.283380125875883,0.7693484926282004,,0.6781048176175677,0.8560732014389768
726,1-arachidonoyl-GPA (20:4),Method 3,XBFQFMCUPHZKTI-DOFZRALJSA-N,HMDB0062312,,0.005190311418685121,True,all_pre_hcc,provided_area,True,-0.008529404138323645,0.210554495205677,0.000676542993736035,0.18630235236554926,0.2584019624076973,0.9341460669182046,0.2410773953579935,,0.6781048176175677,0.9891436004219372
1096,dodecadienoate (12:2)*,Method 3,QHRHXXRXWDTFLI-HZJYTTRNSA-N,,,0.0,True,all_pre_hcc,provided_area,True,-0.0051405030159965585,0.26965952181617303,0.0141490885882391,0.2387671342504084,0.2587363374057492,0.020779230920876125,0.61569049504257,,0.6781048176175677,0.572051285966171
685,famotidine,Method 1,XUFQPHANEAPEMJ-UHFFFAOYSA-N,HMDB0001919,D00318,0.9809688581314879,False,all_pre_hcc,provided_area,True,-0.0002006785219034869,0.14431071856842947,0.003400109401423457,0.1280360200895465,0.2596958439026644,0.7926129181771236,0.5027795256395546,,0.6782319072756252,0.9657345946249472
352,octanoylcarnitine (C8),Method 2,CXTATJFJDMJMIY-UHFFFAOYSA-N,HMDB0000791,C02838,0.0,True,all_pre_hcc,provided_area,True,0.0029897085785566646,-0.26873471590393966,0.005841620188713178,0.23897373786880727,0.2607854505512288,0.531177491294103,0.7700099605309125,,0.6782319072756252,0.8838905873650549
361,N-acetylarginine,Method 1,SNEIUMQYRCDYCH-LURJTMIESA-N,HMDB0004620,C02562,0.0,True,all_pre_hcc,provided_area,True,-0.0020788157346066506,-0.20877918403119086,-0.00397544985785765,0.1857300654742735,0.260970565510934,0.5737333318113119,0.9656127106070853,,0.6782319072756252,0.8923698243750036
846,"sphingomyelin (d18:1/17:0, d17:1/18:0, d19:1/16:0)",Method 2,YMQZQHIESOAPQH-JXGHDCMNSA-N,"HMDB0240620,HMDB0240609,HMDB0240622",,0.0,True,all_pre_hcc,provided_area,True,-0.0005530545575303973,-0.16341079407125123,-0.004078583027072583,0.14554830726528084,0.26155410025272574,0.2892627672700502,0.9251146586683271,,0.6782319072756252,0.8560732014389768
860,"sphingomyelin (d18:2/24:1, d18:1/24:2)*",Method 2,TXFLWJQVQCDUDZ-BRUGZULGSA-N,"HMDB0240636,HMDB0240615",,0.0,True,all_pre_hcc,provided_area,True,-0.0010861768463667132,-0.12120706784873177,0.0026901233528740217,0.10805541249433011,0.26198485367053714,0.4039037412398452,0.8483721866189382,,0.6782319072756252,0.8560732014389768
275,phenyllactate (PLA),Method 3,VOXXWSYKYCBWHO-UHFFFAOYSA-N,"HMDB0000779,HMDB0000563",C05607,0.0,True,all_pre_hcc,provided_area,True,-0.0021721603285058963,0.25504087258290037,-0.0047685759223052935,0.22768789605131037,0.2626568157381498,0.7051919830515562,0.928858939937192,,0.6782319072756252,0.9391335845712927
320,N-acetyltyrosine,Method 3,CAHKINHBCWCHCF-JTQLQIEISA-N,HMDB0000866,,0.0017301038062283738,True,all_pre_hcc,provided_area,True,-0.0008883191182839562,0.2144790473432107,-0.0004491380624022364,0.1915743663958388,0.26290119852673766,0.9521237481326245,0.9887198990892899,,0.6782319072756252,0.989321788397764
532,N-methylproline,Method 1,CWLQUGTUXBXTLF-UHFFFAOYSA-N,HMDB0094696,,0.0,True,all_pre_hcc,provided_area,True,-0.0006022745279667625,0.40024975267638013,-0.0030681965575866583,0.35765357278691473,0.26309790997655413,0.870657311023949,0.28659168691974984,,0.6782319072756252,0.9771235901832512
97,trans-urocanate,Method 1,LOIYMIARKYCTBW-OWOJBTEDSA-N,HMDB0000301,C00785,0.0,True,all_pre_hcc,provided_area,True,-0.0026246509411407626,0.17836889484596855,0.010226706541516774,0.1599934149872604,0.2649140734003804,0.15186801012856324,0.5784675023649497,,0.6815171867846188,0.8035053187401463
499,4-ethylphenylsulfate,Method 3,DWZGLEPNCRFCEP-UHFFFAOYSA-N,HMDB0062551,C13637,0.005190311418685121,True,all_pre_hcc,provided_area,True,0.002436920452590759,-0.35683663939095667,-0.02092571243241922,0.3210532002165647,0.2663719401180501,0.24254105298514517,0.6240023147086368,,0.6838691850377694,0.8560732014389768
322,3-methylxanthine,Method 3,GMSNIKWWOQHZGF-UHFFFAOYSA-N,HMDB0001886,C16357,0.01384083044982699,True,all_pre_hcc,provided_area,True,0.006497482109546817,-0.331013319308661,0.004147349559932794,0.2992964275630909,0.26873885469666114,0.7428126475909698,0.6446758219747992,,0.686705847422965,0.9515868744087983
815,3beta-hydroxy-5-cholestenoate,Method 3,WVXOMPRLWLXFAP-AMQKJUDNSA-N,HMDB0012453,C17333,0.0,True,all_pre_hcc,provided_area,True,-0.0024900728890752634,0.15974843294102883,-0.003916094064567114,0.14448398686232838,0.26887889982878144,0.4772803172935498,0.8450544811553435,,0.686705847422965,0.8756937734462804
455,1-linoleoyl-GPE (18:2)*,Method 2,DBHKHNGBVGWQJE-HZJYTTRNSA-N,HMDB0011507,,0.0,True,all_pre_hcc,provided_area,True,0.003815156261946835,-0.1542602618976367,-0.0006317980573219264,0.139694154724367,0.26947541878180836,0.8975321024140765,0.4099570527896806,,0.686705847422965,0.9809690571997466
193,4-acetamidophenol,Method 3,RZVAJINKPMORJF-UHFFFAOYSA-N,HMDB0001859,C06804,0.6228373702422145,False,all_pre_hcc,provided_area,True,0.013790497676780462,0.8371642768768148,-0.035325323199575744,0.7584073664396103,0.26966032482269053,0.3288943638800862,0.6334988917618651,,0.686705847422965,0.8560732014389768
646,linoleoylcarnitine (C18:2)*,Method 2,MJLXQSQYKZWZCB-DQFWFXSYSA-N,HMDB0006469,,0.0,True,all_pre_hcc,provided_area,True,0.0005652387414294008,-0.1759118794756844,0.0014928286503039134,0.15994243646773917,0.27139968787534097,0.5938068692363546,0.8587484946827844,,0.6879984649254136,0.8946216065860289
88,riboflavin (vitamin B2),Method 3,AUNGANRZJHBGPY-UHFFFAOYSA-N,HMDB0000244,C00255,0.015570934256055362,True,all_pre_hcc,provided_area,True,-0.003156799527592869,0.17914796650034923,0.0006720562314624364,0.16297792501323188,0.2716737980503282,0.9379807061581946,0.7828977256205859,,0.6879984649254136,0.9891436004219372
1064,3-formylindole,Method 1,OLNJUISKUQQNIM-UHFFFAOYSA-N,HMDB29737,C08493,0.0017301038062283738,True,all_pre_hcc,provided_area,True,0.00024386345342707695,-0.13624357028377862,-0.008685370308300936,0.1239809783872085,0.2718086145214075,0.2460605727100731,0.8447699770309031,,0.6879984649254136,0.8560732014389768
1112,11beta-hydroxyandrosterone glucuronide,Method 3,BRPLOVMHAFXVOQ-HXVIYJDASA-N,HMDB0010351,,0.06747404844290658,True,all_pre_hcc,provided_area,True,0.0015864226023833967,-0.3823194341602534,-0.0001188124204166797,0.35013734886989295,0.27487145465401475,0.9932189621539032,0.7154249886325872,,0.6888389272366344,0.9975249643908218
220,carnitine,Method 1,PHIQHXFUZVPYII-ZCFIWIBFSA-N,HMDB0000062,"C00487,C00308",0.0,True,all_pre_hcc,provided_area,True,-0.0003804058810272223,-0.08930766952545251,-0.0002449841255317788,0.08179032683171925,0.2748726954161044,0.8822139261649284,0.8124925822923231,,0.6888389272366344,0.9809690571997466
407,5-acetylamino-6-amino-3-methyluracil,Method 4,POQOTWQIYYNXAT-UHFFFAOYSA-N,HMDB0004400,C16366,0.029411764705882353,True,all_pre_hcc,provided_area,True,0.012080289121846248,-0.29442889921721416,-0.0022488672921564495,0.26989741120818284,0.27532045252802717,0.8794838317427156,0.4823553547661801,,0.6888389272366344,0.9809690571997466
1043,octadecenedioate (C18:1-DC),Method 3,YDPSQMGOAILWPE-FYWRMAATSA-N,,,0.050173010380622836,True,all_pre_hcc,provided_area,True,-0.0072905839754875655,0.34183222993350776,0.019493573232970574,0.31358112130141824,0.2756726785946696,0.2965701826223305,0.735951301844897,,0.6888389272366344,0.8560732014389768
1109,2-naphthol sulfate,Method 3,HXEZIDSFDHEIIQ-UHFFFAOYSA-N,,,0.025951557093425604,True,all_pre_hcc,provided_area,True,0.001140613049236278,-0.39950838973359815,-0.017969754212916234,0.3665593647860074,0.2757627996198313,0.17400997798651974,0.660866560277567,,0.6888389272366344,0.8356623817957427
1214,2-hydroxy-4-(methylthio)butanoic acid,Method 4,ONFOSYPQQXJWGS-UHFFFAOYSA-N,HMDB0037115,,0.0,True,all_pre_hcc,provided_area,True,-0.005288983031197789,0.2120546078329845,0.014147990830988512,0.19457329343302004,0.27578170641716726,0.15894726969364015,0.79031139400336,,0.6888389272366344,0.8221943724101882
1209,succinoyltaurine,Method 4,SBQWITJAJITAMM-UHFFFAOYSA-N,,,0.19896193771626297,True,all_pre_hcc,provided_area,True,0.005959433006905356,0.3295203584427872,-0.007675471376064111,0.3029508567158415,0.27672653047065143,0.6827993240748609,0.6627576634213579,,0.6888389272366344,0.9295013183590858
800,propyl 4-hydroxybenzoate sulfate,Method 3,WEKBGFBWJOHXKR-UHFFFAOYSA-N,HMDB0135261,,0.4100346020761246,False,all_pre_hcc,provided_area,True,-0.028882015739120456,0.6044982725237341,0.05065824178742693,0.5563648427350243,0.27725158540846406,0.018322019674034268,0.511607371588475,,0.6888389272366344,0.5621731890228076
76,stearate (18:0),Method 3,QIQXTHQIDYTFRH-UHFFFAOYSA-N,HMDB0000827,C01530,0.0,True,all_pre_hcc,provided_area,True,0.00017392585335200393,0.16937651378348817,-0.0027486020553664304,0.15597114719150265,0.2775021167930829,0.6132810679277989,0.860007109134208,,0.6888389272366344,0.8960599110954367
911,gamma-glutamylserine,Method 1,SQBNIUOYNOKDTI-WHFBIAKZSA-N,HMDB0029158,,0.0034602076124567475,True,all_pre_hcc,provided_area,True,-0.0031582509142639133,0.14929121582378424,0.0030172771837659413,0.13750818826790587,0.27761632441094886,0.29394849085577024,0.7288127065084918,,0.6888389272366344,0.8560732014389768
864,sildenafil,Method 2,BNRNXUUZRGQAQC-UHFFFAOYSA-N,HMDB0005039,C07259,0.9948096885813149,False,all_pre_hcc,provided_area,True,-0.00037703279658783575,0.030144974010633107,0.0005019542344887119,0.02786392706796232,0.2793130523933536,0.27337782832057034,0.10810014202638912,,0.6916846848638559,0.8560732014389768
1107,sulfate of piperine metabolite C18H21NO3 (3)*,Method 3,,,,0.01903114186851211,True,all_pre_hcc,provided_area,True,-0.008415525478222117,0.3601297619029153,-0.008973341307148846,0.3334798260519235,0.2801801724954366,0.591962370332555,0.8229803377366943,,0.6924688742618059,0.8944363557218071
1230,"branched-chain, straight-chain, or cyclopropyl 12:1 fatty acid*",Method 3,FQSFPMAZIOPKLO-JXMROGBWSA-N,,,0.06401384083044982,True,all_pre_hcc,provided_area,True,-0.00587054933637958,0.37102884136067016,0.007278716023290904,0.3441222924719613,0.2809494575325907,0.5630791677465162,0.4566116919784385,,0.6930086619137238,0.8923698243750036
49,sphinganine,Method 2,OTKJDMGTUTTYMP-UHFFFAOYSA-N,HMDB0000269,C00836,0.01730103806228374,True,all_pre_hcc,provided_area,True,0.002544860838964891,-0.19320735803305766,-0.003166386035559144,0.17954894790718393,0.28189564837692294,0.6844192953930028,0.6296165520960766,,0.6933903071245314,0.9295013183590858
334,3-hydroxy-2-ethylpropionate,Method 3,ZMZQVAUJTDKQGE-UHFFFAOYSA-N,HMDB0000396,,0.0017301038062283738,True,all_pre_hcc,provided_area,True,0.0021875090616266264,-0.23457686934226102,-0.009070303032987705,0.21813480168402968,0.2822065478917012,0.059464276200129396,0.8995498403926092,,0.6933903071245314,0.7415971723370185
557,gamma-CEHC,Method 3,VMJQLPNCUPGMNQ-UHFFFAOYSA-N,HMDB0001931,,0.012110726643598616,True,all_pre_hcc,provided_area,True,0.005719411256040812,-0.24416319571419767,0.003616907031603637,0.22756784401048458,0.28330483383195526,0.6348607471742278,0.660250610328841,,0.6947319316970755,0.908983321324644
645,N-oleoyltaurine,Method 3,KOGRJTUIKPMZEJ-KTKRTIGZSA-N,,,0.020761245674740483,True,all_pre_hcc,provided_area,True,-0.005583912717187798,0.2875173388584149,0.01080219464430571,0.2688013679716093,0.28478700568366466,0.32451068193380084,0.66443610295849,,0.6970078855059341,0.8560732014389768
793,acesulfame,Method 3,YGCFIWIQZPHFLU-UHFFFAOYSA-N,HMDB0033585,,0.43771626297577854,False,all_pre_hcc,provided_area,True,-0.0034789717447918974,0.7967777441355369,-0.04763125162348905,0.7461242677940476,0.2855706781650599,0.2250540887839928,0.4811753328803231,,0.697568763362418,0.8560732014389768
843,1-palmitoyl-2-docosahexaenoyl-GPC (16:0/22:6),Method 2,IESVDEZGAHUQJU-ZLBXKVHBSA-N,HMDB0007991,,0.0,True,all_pre_hcc,provided_area,True,-0.0005854471339888006,-0.14176347088035468,-0.0046454308062853205,0.13382686947706082,0.2894609022976945,0.3001974041818797,0.8127416697893539,,0.7043763875811796,0.8560732014389768
172,gamma-glutamylglutamine,Method 1,JBFYFLXEJFQWMU-WDSKDSINSA-N,HMDB0011738,C05283,0.0,True,all_pre_hcc,provided_area,True,0.0014328646157536042,-0.14802001672361711,-0.0017049045493872479,0.1397775536926804,0.28961415716028416,0.47611248301643483,0.7588494832934836,,0.7043763875811796,0.8756937734462804
1261,tetrahydrocortisone glucuronide (5),Method 3,QUOCEDQXFGCYTL-QMELEVSMSA-N,,,0.2647058823529412,False,all_pre_hcc,provided_area,True,-0.00027060200533761386,-0.3691489580625494,-0.0008863765297063002,0.348898961396979,0.29003733606283866,0.959693627261077,0.7163379124791357,,0.7043763875811796,0.9927133185833146
766,"sphingomyelin (d18:2/14:0, d18:1/14:1)*",Method 2,SOWIKWJDPCEPOJ-IOBWIPHESA-N,"HMDB0240637,HMDB0240612",,0.0,True,all_pre_hcc,provided_area,True,-0.0010993668476073004,-0.16482771633773574,0.004194512601147704,0.15756231344188792,0.2955096492638485,0.5151187298850338,0.7076700752171328,,0.7121406375734134,0.8775481470960588
178,acetoacetate,Method 1,WDJHALXBUFZDSR-UHFFFAOYSA-N,HMDB0000060,C00164,0.08650519031141868,True,all_pre_hcc,provided_area,True,0.015325523328592328,-0.29990278010757904,-0.003609651203734924,0.2869291981114328,0.29592348618240183,0.7733004034254091,0.26944568576562467,,0.7121406375734134,0.9584353768563199
958,oleoyl-arachidonoyl-glycerol (18:1/20:4) [2]*,Method 2,LWXLWRXRJKMNLM-XBUMEPTLSA-N,HMDB0007228,,0.20588235294117646,False,all_pre_hcc,provided_area,True,0.00506338217154702,-0.4152146024281756,0.014834270990531511,0.3974031178193098,0.2961063127263428,0.3191855641844987,0.8543492339107718,,0.7121406375734134,0.8560732014389768
1050,3-carboxy-4-methyl-5-pentyl-2-furanpropionate (3-CMPFP)**,Method 3,RIJDKRLRDVBUHJ-UHFFFAOYSA-N,HMDB0061643,,0.0,True,all_pre_hcc,provided_area,True,0.000289414166741266,-0.23315409120930616,-0.007472402250837439,0.22330859507583578,0.296444124575161,0.4129436186654071,0.8638205689562887,,0.7121406375734134,0.8560732014389768
354,decanoylcarnitine (C10),Method 2,LZOSYCMHQXPBFU-UHFFFAOYSA-N,HMDB0000651,,0.0,True,all_pre_hcc,provided_area,True,0.003279290195978812,-0.23808878662514163,0.005372388342686983,0.22860074352869406,0.29764129628522573,0.5367793792499473,0.6680120862774576,,0.7121406375734134,0.8843780156115931
176,isocitrate,Method 1,ODBLHEXUDAPZAU-OKKQSCSOSA-N,HMDB0001874,C00451,0.005190311418685121,True,all_pre_hcc,provided_area,True,0.0005724419636888504,-0.2828820957809905,-0.005934586206910157,0.2728535255533197,0.29985032761289887,0.6041810898450442,0.6380654035974895,,0.7121406375734134,0.8960599110954367
792,p-cresol glucuronide*,Method 3,JPAUCQAJHLSMQW-XPORZQOISA-N,HMDB0011686,,0.33391003460207613,False,all_pre_hcc,provided_area,True,0.013603325896879473,-0.5938822291532598,-0.05130304579967758,0.5735224793056993,0.30043570910726525,0.14011675891023803,0.6891108489788207,,0.7121406375734134,0.8024739512831196
1145,3-(methylthio)acetaminophen sulfate*,Method 3,VOXWKXZBPMQUJH-UHFFFAOYSA-N,,,0.6401384083044983,False,all_pre_hcc,provided_area,True,0.018666854817030627,0.6011467486089692,-0.031326256962085755,0.5814240339515797,0.30117291179826233,0.19560593640162893,0.6622292508566096,,0.7121406375734134,0.8527909813692914
1012,dihomo-linolenoylcarnitine (C20:3n3 or 6)*,Method 2,RDIZZXFTCZPSRY-WYTUUNCASA-N,,,0.0,True,all_pre_hcc,provided_area,True,0.00011331980106421349,-0.1773096302903862,-1.912524430575599e-05,0.17193592335800814,0.30242166475838117,0.9956640518543984,0.8174804738315523,,0.7121406375734134,0.9975249643908218
1240,2-methoxyhydroquinone sulfate (1),Method 3,LEJCLCZOTCOTQE-UHFFFAOYSA-N,,,0.07439446366782007,True,all_pre_hcc,provided_area,True,0.009350034880858706,0.396300267574275,0.006689599600374669,0.3844573008706454,0.3026325664266797,0.769597637656946,0.5845980848954323,,0.7121406375734134,0.9576200080835193
233,glucuronate,Method 4,AEMOLEFTQBMNLQ-QIUUJYRFSA-N,HMDB0000127,C16245,0.0,True,all_pre_hcc,provided_area,True,0.0006262546326660109,0.13170958348993936,-0.004763309654984729,0.12819260345351557,0.3042156192251968,0.3852747917768341,0.6735506895806587,,0.7121406375734134,0.8560732014389768
316,N-(2-furoyl)glycine,Method 3,KSPQDMRTZZYQLM-UHFFFAOYSA-N,HMDB0000439,,0.08650519031141868,True,all_pre_hcc,provided_area,True,0.008447120178158064,-0.46484885136780646,0.0066709738349828955,0.454071250926879,0.30596023091488544,0.7967471003707398,0.6485712332883293,,0.7121406375734134,0.9657345946249472
106,betaine,Method 1,KWIUHFFTVRNATP-UHFFFAOYSA-N,HMDB0000043,C00719,0.0,True,all_pre_hcc,provided_area,True,-0.0013376945433212556,0.09398327462740463,0.003074401199334463,0.0919094361316458,0.30651406913520296,0.3165891129923648,0.8815196283662924,,0.7121406375734134,0.8560732014389768
244,theophylline,Method 3,ZFXYFBGIUFBOJW-UHFFFAOYSA-N,HMDB0001889,C07130,0.012110726643598616,True,all_pre_hcc,provided_area,True,0.0012347198498738434,0.2624602563660518,-0.0038192779073540194,0.25782299446247603,0.3086845033297916,0.7486065116061149,0.6302090961757335,,0.7121406375734134,0.9560883163456778
1119,3-hydroxypyridine glucuronide,Method 1,IOLHQSZMUUGACW-UHFFFAOYSA-N,,,0.5899653979238755,False,all_pre_hcc,provided_area,True,0.009774892073613806,-0.43748122104271747,-0.01025096704178993,0.4308274962574259,0.30989420042658633,0.690055448756552,0.48923474252803506,,0.7121406375734134,0.9313341947091618
1111,4-ethylcatechol sulfate,Method 3,KHZCNGJFSKSSIJ-UHFFFAOYSA-N,,,0.04498269896193772,True,all_pre_hcc,provided_area,True,0.008492241334282762,-0.41475061414589687,-0.021795519502798184,0.40902500540833403,0.31058361713600535,0.38143272764805625,0.5214963599574715,,0.7121406375734134,0.8560732014389768
314,2-pyrrolidinone,Method 1,HNJBEVLQSNELDL-UHFFFAOYSA-N,HMDB0002039,,0.006920415224913495,True,all_pre_hcc,provided_area,True,0.008213487736917605,-0.25102064368105487,-0.0023878860637943262,0.24782782050553773,0.3111159387833603,0.7608123415999279,0.6434882601873472,,0.7121406375734134,0.9566553883857777
1246,3-hydroxyoctanoylcarnitine (1),Method 1,RCXSFDNDEVSQNG-UHFFFAOYSA-N,,,0.0726643598615917,True,all_pre_hcc,provided_area,True,0.015894946345600305,-0.4631484736529853,-0.04132424122287362,0.4572597762039322,0.31111832710472365,0.04743570587471944,0.2359787664062773,,0.7121406375734134,0.6879935391895626
496,mannitol/sorbitol,Method 4,FBPFZTCFMRRESA-UHFFFAOYSA-N,"HMDB0000247,HMDB0000765","C00392,C00794",0.0,True,all_pre_hcc,provided_area,True,-0.0014688607026325992,0.2723292056155676,-0.008573140524786147,0.2695075144765324,0.31227025880787496,0.6005218025506182,0.42485335231757226,,0.7121406375734134,0.8960599110954367
566,pregnenolone sulfate,Method 3,DIJBBUIOWGGQOP-QGVNFLHTSA-N,HMDB0000774,C18044,0.005190311418685121,True,all_pre_hcc,provided_area,True,-0.008505424023573384,0.25053867289736703,0.007472056251987375,0.24809023056950064,0.3125579796299437,0.5059344787156437,0.9042718763833456,,0.7121406375734134,0.8775481470960588
211,taurodeoxycholate,Method 2,AWDRATDZQPNJFN-RZGBOAIJSA-N,HMDB0000896,C05463,0.4844290657439446,False,all_pre_hcc,provided_area,True,0.005840222822638224,0.528350789914926,-0.002035044265934137,0.5236147172747695,0.3129530738885006,0.9428030174917432,0.7970854831816788,,0.7121406375734134,0.9891436004219372
93,myristate (14:0),Method 3,TUNFSRHWOTWDNC-UHFFFAOYSA-N,HMDB0000806,C06424,0.0,True,all_pre_hcc,provided_area,True,-0.0029642766489493344,0.23353756692348823,0.016378311842038664,0.23180313990258067,0.31370304608341626,0.14791379367733526,0.45894691198207244,,0.7121406375734134,0.8035053187401463
1139,glycoursodeoxycholic acid sulfate (1),Method 3,DKXXSIJHWWVNMO-XROMFQGDSA-N,,,0.01730103806228374,True,all_pre_hcc,provided_area,True,-0.022331809378797356,-0.5742167109477112,-0.01567259762762669,0.5699636627746439,0.3137128273513067,0.4845897291115995,0.8370238630428071,,0.7121406375734134,0.8756937734462804
523,1-palmitoyl-2-linoleoyl-GPE (16:0/18:2),Method 2,HBZNVZIRJWODIB-NHCUFCNUSA-N,HMDB0005322,,0.0,True,all_pre_hcc,provided_area,True,-0.0012579551925856747,0.14868954387631056,0.008117154144862332,0.14765581038582887,0.3139343093803988,0.2984684979911896,0.7066072644059886,,0.7121406375734134,0.8560732014389768
567,andro steroid monosulfate C19H28O6S (1)*,Method 3,UNURIUSTYBXRLV-UHFFFAOYSA-N,HMDB0002759,,0.0328719723183391,True,all_pre_hcc,provided_area,True,-0.016033072119584182,0.35530011379790755,0.010440475597659211,0.35314051771534,0.3143600607551845,0.2448619380932221,0.7354908271165118,,0.7121406375734134,0.8560732014389768
1178,cyclobenzaprine,Method 2,JURKNVYFZMSNLP-UHFFFAOYSA-N,HMDB0015060,"D07758,C06931",0.9982698961937716,False,all_pre_hcc,provided_area,True,0.00015016163063458237,-0.004146853708962713,-0.00015016163063457795,0.004122280052030501,0.31443424390382746,0.3139975366179655,-0.0011323094060559302,,0.7121406375734134,0.8560732014389768
66,citrulline,Method 1,RHGKLRLOHDJJDR-UHFFFAOYSA-N,HMDB0000904,C00327,0.0,True,all_pre_hcc,provided_area,True,0.002291664745313579,-0.13673390712583314,0.00048065734464059737,0.13598504813498605,0.3146528182844305,0.9351867411437343,0.700305257142691,,0.7121406375734134,0.9891436004219372
865,solifenacin,Method 2,FBOUYBDGKBSUES-HMTLIYDFSA-N,,,0.9965397923875432,False,all_pre_hcc,provided_area,True,0.00012965672486565434,-0.007562922309060723,-0.00012965672486565312,0.007535443495292932,0.3155489804274406,0.3154952511944361,0.26131285869270743,,0.7121406375734134,0.8560732014389768
1228,4-ethyl-2-methoxyphenol sulfate,Method 3,MKBJQFWSHNXYFZ-UHFFFAOYSA-N,,,0.6176470588235294,False,all_pre_hcc,provided_area,True,-0.0030441336036114664,-0.3253492772530166,-0.00604773442691265,0.32416755883823273,0.3155495662133131,0.6800017707661234,0.4496133999257391,,0.7121406375734134,0.9295013183590858
1193,ribavirin,Method 4,IWUCXVSUMQZMFG-AFCXAGJDSA-N,HMDB14949,D00423,0.9982698961937716,False,all_pre_hcc,provided_area,True,8.873836917748888e-05,-0.003281881738272441,-8.873836917749363e-05,0.0032707418807321814,0.31566505300482683,0.31493591887681327,-0.00037132608460660574,,0.7121406375734134,0.8560732014389768
666,mirtazapine,Method 1,RONZAEMNMFQXRA-UHFFFAOYSA-N,HMDB0014514,C07570,0.9965397923875432,False,all_pre_hcc,provided_area,True,0.00029921507663233657,-0.010069410697895726,-0.0002992150766323303,0.010036800711654617,0.3157407161134549,0.3174444284779252,0.21992445021111903,,0.7121406375734134,0.8560732014389768
1158,donepezil,Method 1,ADEBPBSSDYVVLD-UHFFFAOYSA-N,HMDB0005041,D07869,0.9913494809688581,False,all_pre_hcc,provided_area,True,0.0006046222560770199,-0.020069081459231187,-0.0006046222560770132,0.020010410144962347,0.31589365257140134,0.3175128701620483,0.7458501589852885,,0.7121406375734134,0.8560732014389768
622,venlafaxine,Method 2,PNVNVHUZROJLTJ-UHFFFAOYSA-N,HMDB0005016,C07187,0.9982698961937716,False,all_pre_hcc,provided_area,True,0.00015037053606537285,-0.0041459775738488126,-0.00015037053606536675,0.004139405207258372,0.31654273679140044,0.3175703143874157,-0.0005011562179453936,,0.7121406375734134,0.8560732014389768
687,triamterene,Method 1,FNYLWPVRPXGIIP-UHFFFAOYSA-N,HMDB0001940,D00386,0.9982698961937716,False,all_pre_hcc,provided_area,True,-5.5030163344689486e-18,0.018632526787224688,0.0007549200259589448,0.018617034721291694,0.3169079661289955,0.3282122437530838,0.0047200705201815,,0.7121406375734134,0.8560732014389768
1018,metronidazole,Method 1,VAOCPAMSLUNLGC-UHFFFAOYSA-N,HMDB0015052,"DG00006,C07203,D00409",0.9982698961937716,False,all_pre_hcc,provided_area,True,0.00015022767428262402,-0.004149505032339906,-0.00015022767428262996,0.00414693036474035,0.31701014073191414,0.3172333757512146,0.0009090906047864568,,0.7121406375734134,0.8560732014389768
441,nifedipine,Method 3,HYIMSNHJOBLJNT-UHFFFAOYSA-N,,"C07266,D00437",0.9982698961937716,False,all_pre_hcc,provided_area,True,0.00015022767428262386,-0.004149505032339684,-0.00015022767428260898,0.004146930364740348,0.3170101407319399,0.31723337575128174,0.000909090604786458,,0.7121406375734134,0.8560732014389768
854,enalapril,Method 2,GBXSMTUPTTWBMN-UHFFFAOYSA-N,HMDB0014722,"C06977,D03769,DG00335",0.9982698961937716,False,all_pre_hcc,provided_area,True,0.00015022767428262353,-0.004149505032339386,-0.00015022767428262952,0.004146930364740348,0.31701014073197464,0.3172333757512156,0.0009090906047864576,,0.7121406375734134,0.8560732014389768
1242,norethindrone sulfate,Method 3,GCUIJBFFHDSMDP-UHFFFAOYSA-N,,,0.9982698961937716,False,all_pre_hcc,provided_area,True,0.0001502276742826245,-0.004149505032338959,-0.0001502276742826216,0.00414693036474035,0.3170101407320245,0.31723337575124133,0.0009090906047864568,,0.7121406375734134,0.8560732014389768
1124,pravastatin,Method 3,TUZYXOIXSAXUGO-PZAWKZKUSA-N,HMDB0005022,"DG00353,C01844,D08410",0.9982698961937716,False,all_pre_hcc,provided_area,True,0.00015022767428262343,-0.00414950503233814,-0.00015022767428261586,0.004146930364740351,0.3170101407321202,0.31723337575126,0.0009090906047864561,,0.7121406375734134,0.8560732014389768
852,aripiprazole,Method 2,CEUORZQYGODEFX-UHFFFAOYSA-N,HMDB0005042,C12564,0.9982698961937716,False,all_pre_hcc,provided_area,True,0.00015022767428262416,-0.004149505032337784,-0.00015022767428261337,0.0041469303647403465,0.31701014073216116,0.3172333757512672,0.0009090906047864587,,0.7121406375734134,0.8560732014389768
662,maprotiline,Method 2,QSLMDECMDJKHMQ-UHFFFAOYSA-N,HMDB0015069,"C07107,D02566",0.9982698961937716,False,all_pre_hcc,provided_area,True,0.00015022767428262492,-0.004149505032337573,-0.0001502276742826078,0.004146930364740351,0.31701014073218625,0.31723337575128596,0.0009090906047864566,,0.7121406375734134,0.8560732014389768
725,meglumine,Method 1,MBBZMMPHUWSWHV-UHFFFAOYSA-N,HMDB0240291,,0.9982698961937716,False,all_pre_hcc,provided_area,True,0.0001502276742826243,-0.004149505032337428,-0.00015022767428262744,0.004146930364740348,0.3170101407322031,0.31723337575122235,0.0009090906047864584,,0.7121406375734134,0.8560732014389768
512,3-(cystein-S-yl)acetaminophen*,Method 1,LLHICPSCVFRWDT-UHFFFAOYSA-N,HMDB0240217,,0.8339100346020761,False,all_pre_hcc,provided_area,True,0.006955180548828092,-0.33725023934201254,-0.01790270238255835,0.33827177089013305,0.3187741473059794,0.11487770656293819,0.595250195851857,,0.7124081352860947,0.7897057642414003
637,quinine,Method 1,LOUPRKONTZGTKE-WGFDLZGGSA-N,HMDB0014611,C06526,0.9982698961937716,False,all_pre_hcc,provided_area,True,-9.259599046229763e-05,-0.0007640382008904235,9.25959904622986e-05,0.0007663689266547775,0.31878453679630236,0.3249358495310398,0.0026508163531531385,,0.7124081352860947,0.8560732014389768
278,theanine,Method 1,DATAGRPVKZEWHA-YFKPBYRVSA-N,HMDB0034365,C01047,0.6955017301038062,False,all_pre_hcc,provided_area,True,0.005310741884426765,0.5992951607297701,0.01091297800381528,0.6011774765408848,0.31882812413837147,0.7167526974012389,0.24654665475863927,,0.7124081352860947,0.9441621919693807
130,asparagine,Method 1,DCXYFEDJOCDNAF-REOHCLBHSA-N,HMDB0000168,C00152,0.0,True,all_pre_hcc,provided_area,True,-0.002932333246948821,0.10028541487778647,0.0043520882085558215,0.10086477718344367,0.32009822696776424,0.021896242125739308,0.8068254365212157,,0.7139779601515025,0.5803159703588947
121,fructose,Method 4,RFSUNEUAIZKAJO-ARQDHWQXSA-N,HMDB0000660,C00095,0.0,True,all_pre_hcc,provided_area,True,0.0008359126697540318,0.23811620949166082,0.011152317610806081,0.2408659798563499,0.3228668077078083,0.49420463537804227,0.5680265241410174,,0.7188786621175625,0.8756937734462804
700,3-methyl catechol sulfate (1),Method 3,HFDKYCXWNHNKAF-UHFFFAOYSA-N,,,0.015570934256055362,True,all_pre_hcc,provided_area,True,-0.0031307864484534692,-0.3761884310198382,0.009872092652400822,0.3813094000662193,0.3238534624016254,0.7305658887722379,0.4921869925022843,,0.719801511839655,0.9494337686730117
624,quetiapine,Method 2,URKOMYMAXPYINW-UHFFFAOYSA-N,HMDB0005021,"D08456,
DG00899,C07397",0.9913494809688581,False,all_pre_hcc,provided_area,True,-0.001640994570429731,0.06062439804037156,0.002880576527280221,0.06161224706071183,0.3251318972515752,0.1779336326654547,0.380031038038258,,0.7213684774999676,0.840461736108878
191,3-methoxytyrosine,Method 1,PFDUUKDQEHURQC-ZETCQYMHSA-N,HMDB0001434,,0.0,True,all_pre_hcc,provided_area,True,0.0007599440409875933,-0.10863900659183909,-0.000537683899574279,0.11078620773391033,0.3267809000811218,0.9032761159935075,0.5855608653849314,,0.7225326978597012,0.9816872402027719
544,"5alpha-pregnan-3beta,20beta-diol monosulfate (1)",Method 3,NOGKXXMAHGCQBS-VNCHAANSSA-N,HMDB0240580,,0.21626297577854672,False,all_pre_hcc,provided_area,True,-0.016781826178944914,-0.3067433088337767,-0.008663427634570047,0.3129187475888468,0.3269553065372729,0.49901935128393926,0.8140029098763834,,0.7225326978597012,0.8756937734462804
892,phenylacetylglutamate,Method 3,PTSRBZOZSRJCKX-JTQLQIEISA-N,HMDB0059772,,0.27854671280276816,False,all_pre_hcc,provided_area,True,0.005591555822622216,-0.36845570129366495,-0.02343961977161809,0.3762034379608814,0.32737968027029385,0.16805728738322034,0.6342100786322743,,0.7225326978597012,0.8356366305458149
1142,lithocholate sulfate (1),Method 3,AXDXVEYHEODSPN-HVATVPOCSA-N,,,0.4671280276816609,False,all_pre_hcc,provided_area,True,0.015116360961683083,-0.4908696297944275,-0.0024805702924865034,0.502473598167295,0.32861553649062925,0.8990678210935898,0.7445050871538119,,0.7230617659356242,0.9816872402027719
936,palmitoleoylcarnitine (C16:1)*,Method 2,JFAGPSOZZSTLRF-KHPPLWFESA-N,HMDB0013207,,0.0,True,all_pre_hcc,provided_area,True,-0.0012836033240123319,-0.19998468724124913,0.009455050866809488,0.2049251549806133,0.3291183064527806,0.05935813054545456,0.645742137625494,,0.7230617659356242,0.7415971723370185
939,4-hydroxyphenylacetylglutamine,Method 3,NNBITIFYUGRBJL-JTQLQIEISA-N,,,0.015570934256055362,True,all_pre_hcc,provided_area,True,0.0022873143005803414,-0.28339026688213753,-0.016842575947065463,0.29080337938085377,0.32980428828799546,0.31470956830081054,0.7355547641764879,,0.7230617659356242,0.8560732014389768
1190,cortisol 21-sulfate,Method 3,JOVLCJDINAUYJW-VWUMJDOOSA-N,HMDB0062779,,0.8806228373702422,False,all_pre_hcc,provided_area,True,0.00023404706545172984,0.20921055784605608,-0.00037243708880126705,0.21473392640818792,0.32991848461609563,0.9773650190812484,0.4076116344687928,,0.7230617659356242,0.9957854249164945
204,1-palmitoyl-2-linoleoyl-GPC (16:0/18:2),Method 2,JLPULHDHAOZNQI-ZTIMHPMXSA-N,HMDB0007973,,0.0,True,all_pre_hcc,provided_area,True,-1.1912372066716397e-05,-0.07076219725097269,-0.0023516191395270038,0.0728955547243708,0.3316807300012309,0.21349471480400417,1.0205085127153053,,0.7254935449634345,0.8553386981638129
995,"sphingomyelin (d18:1/19:0, d19:1/18:0)*",Method 2,HAFQHLHNPJDAGB-MAJDXUCPSA-N,,,0.0,True,all_pre_hcc,provided_area,True,0.0010316409182035283,-0.18913862695744357,-0.002580472876918726,0.19504271526272912,0.3321814641485996,0.6946439604225905,0.9110168826410603,,0.7254935449634345,0.9313341947091618
731,N-delta-acetylornithine,Method 3,SRXKAYJJGAAOBP-UHFFFAOYSA-N,HMDB0003357,C00437,0.0,True,all_pre_hcc,provided_area,True,0.00017257757009693796,0.2008671445990095,-0.011568535133465995,0.20778571158145231,0.33369234922940383,0.27925034485622413,0.7967882804459792,,0.7275302865348181,0.8560732014389768
1157,clarithromycin,Method 2,AGOYDEPGAOXOCK-KCBOHYOISA-N,HMDB0015342,"C06912,D00276",0.9930795847750865,False,all_pre_hcc,provided_area,True,0.00028077200899948924,0.2623263651417329,0.014805120727932894,0.27223106276269854,0.3352381921903661,0.35900269779286986,0.2775757126609711,,0.7296360653555026,0.8560732014389768
135,caprylate (8:0),Method 3,WWZKQHOCKIZLMA-UHFFFAOYSA-N,HMDB0000482,C06423,0.0,True,all_pre_hcc,provided_area,True,-0.012227732882070129,0.2861301771628653,0.016119681861639392,0.29883332211263947,0.33831955316867723,0.25555086517852765,0.7009109660065537,,0.7343660682520977,0.8560732014389768
973,sphingadienine,Method 2,KWDXKYNWAKMLKK-YQMRQDNGSA-N,,,0.18339100346020762,True,all_pre_hcc,provided_area,True,-5.596693559942541e-05,-0.22548726110577666,0.005483051475325757,0.23562457758348931,0.33857895038649977,0.151008069363253,0.8876439021937509,,0.7343660682520977,0.8035053187401463
1090,enterolactone sulfate,Method 3,CGSFDOCYHBJLFW-WMLDXEAASA-N,"HMDB0240506,HMDB0240505",,0.903114186851211,False,all_pre_hcc,provided_area,True,0.010123766256250897,-0.18189461483493058,-0.00689673955939385,0.19092976605437406,0.34075317127414373,0.12775037450080914,0.4751505790399559,,0.7378097925350651,0.7930025537695831
478,glycerophosphoethanolamine,Method 1,JZNWSCPGTDBMEW-UHFFFAOYSA-N,HMDB0000114,C01233,0.0,True,all_pre_hcc,provided_area,True,-0.00014774764587762904,-0.11184627417530885,-0.007325267124657108,0.11774971891954861,0.34218112307002124,0.004296783526017148,0.9144836498800021,,0.739628613096369,0.2669782588287296
902,1-(1-enyl-palmitoyl)-2-palmitoleoyl-GPC (P-16:0/16:1)*,Method 2,FZMYLOBGNYZPQO-QLSONYGBSA-N,HMDB0011207,,0.0,True,all_pre_hcc,provided_area,True,-0.003072668828786525,-0.1484601649166131,0.003977162360764734,0.15702783860278063,0.34443505218012505,0.39903984234075507,0.883555915496686,,0.7411397663833572,0.8560732014389768
73,palmitate (16:0),Method 3,IPCSVZSSVZVIGE-UHFFFAOYSA-N,HMDB0000220,C00249,0.0,True,all_pre_hcc,provided_area,True,-0.0003926003299607341,0.16048610457100027,0.0029662604742997692,0.16981310197953578,0.34462062598150767,0.6198704382537654,0.7560996419004361,,0.7411397663833572,0.8963184038198125
224,hippurate,Method 3,QIAFMBKCNZACKA-UHFFFAOYSA-N,HMDB0000714,C01586,0.0,True,all_pre_hcc,provided_area,True,0.014917363368628006,-0.3141136536731376,-0.009295421565069833,0.3323876771566619,0.344647665607523,0.5461504940378146,0.5499453232053553,,0.7411397663833572,0.8887545076124564
664,citalopram/escitalopram,Method 2,WSEQXVZVJXJVFP-FQEVSTJZSA-N,HMDB0005028,D07913,0.9134948096885813,False,all_pre_hcc,provided_area,True,-0.0024613359052579075,-0.16782754329412145,-0.0012513971009250411,0.1785505302211777,0.3472461606239631,0.8235597995924643,0.8041855400359682,,0.7454533618855725,0.968260026062916
115,uracil,Method 1,ISAKRJDGNUQOIC-UHFFFAOYSA-N,HMDB0000300,C00106,0.15397923875432526,True,all_pre_hcc,provided_area,True,-0.002612658341140136,-0.17339397045436475,-0.021645801424382476,0.1847621162938567,0.3480021843445017,0.0028039888370619973,0.25530292571495833,,0.7458036591233103,0.21043579282501648
359,gamma-glutamyl-epsilon-lysine,Method 1,JPKNLFVGUZRHOB-YUMQZZPRSA-N,HMDB0003869,,0.020761245674740483,True,all_pre_hcc,provided_area,True,-0.00027950000624789035,-0.1259417888691453,-0.005812195088758538,0.1343863847169189,0.3486753258904398,0.12832401158663057,0.415865725739986,,0.7459754421261451,0.7930025537695831
1106,sulfate of piperine metabolite C18H21NO3 (1)*,Method 3,,,,0.01730103806228374,True,all_pre_hcc,provided_area,True,-0.005130666059087526,0.3373505845657989,-0.014497532691388773,0.3610274883147358,0.3500883148617536,0.3550713729132714,0.8633921489771004,,0.7463647170426083,0.8560732014389768
6,alpha-ketoglutarate,Method 4,KPGXRSRHYNQIFN-UHFFFAOYSA-N,HMDB0000208,C00026,0.0,True,all_pre_hcc,provided_area,True,-0.0013752245865928223,-0.1108963205585756,0.006701419569553273,0.1187519355172465,0.3503820313557565,0.20088498494204277,0.706983413894758,,0.7463647170426083,0.8527909813692914
754,1-oleoyl-GPG (18:1)*,Method 3,FQQQKGAFQIIGLQ-VYFUBJQISA-N,HMDB0240602,,0.12283737024221453,True,all_pre_hcc,provided_area,True,-0.011982456944770518,0.24456747220543137,0.009063858796005204,0.26265830721667355,0.35178938866578435,0.421702683168918,0.4894684128888664,,0.7463647170426083,0.8570306549701113
1162,nateglinide,Method 2,OELFLUMRDSZNSF-BRWVUGGUSA-N,HMDB0014869,"C12508,D01111",0.9965397923875432,False,all_pre_hcc,provided_area,True,0.00015146169837467296,0.04548865010401008,0.001460797921355454,0.04886649477682661,0.35191767970288623,0.3676180047987775,-0.00867487286800553,,0.7463647170426083,0.8560732014389768
1188,3-hydroxy-2-methylpyridine sulfate,Method 3,GOXQGRHDLROYBT-UHFFFAOYSA-N,,,0.1903114186851211,True,all_pre_hcc,provided_area,True,0.009316457457305114,-0.48012875018235657,-0.012228145562170325,0.516862302858059,0.352925513709759,0.6682091405481878,0.5124327553198089,,0.7463647170426083,0.9270214017943843
218,methylsuccinate,Method 4,WXUAQHNMJWJLTG-UHFFFAOYSA-N,HMDB0001844,,0.0017301038062283738,True,all_pre_hcc,provided_area,True,0.004271923614269158,-0.13313062141490975,-0.003143780798130594,0.14340283956600575,0.3532166609723628,0.6353775269411231,0.7006785503568422,,0.7463647170426083,0.908983321324644
377,stachydrine,Method 1,CMUNUTVVOOHQPW-LURJTMIESA-N,HMDB0004827,C10172,0.0,True,all_pre_hcc,provided_area,True,-0.002140571229968472,0.35219503822019077,-0.018314521407541473,0.37960848767708416,0.35351913718028616,0.3581790602686411,0.42853320812709905,,0.7463647170426083,0.8560732014389768
457,N-acetylcitrulline,Method 3,WMQMIOYQXNRROC-LURJTMIESA-N,HMDB0000856,"C15532,C02851",0.09169550173010381,True,all_pre_hcc,provided_area,True,-0.003362373730495995,-0.3308218146831209,0.0016306311098460554,0.35663425597801246,0.3536036338294074,0.904947078129084,0.779070119302631,,0.7463647170426083,0.9816872402027719
739,3-methoxytyramine sulfate,Method 3,ORZHQEJEAKXCJA-UHFFFAOYSA-N,,,0.02422145328719723,True,all_pre_hcc,provided_area,True,0.0005129804582523226,0.21786549690067472,-0.01369974066315756,0.23519159402226728,0.35427347694830214,0.20614145611739276,0.8178097015137942,,0.7465260201021174,0.8527909813692914
757,N-acetyl-S-allyl-cysteine,Method 3,LKRAEHUDIUJBSF-ZETCQYMHSA-N,HMDB0240543,,0.5224913494809689,False,all_pre_hcc,provided_area,True,0.0004010601510691626,-0.27407346062614535,-0.01700635922437507,0.2970805685071947,0.3562386349211263,0.18436625552192432,0.33320694002429985,,0.7474519889939444,0.84072113895278
379,hydroxybupropion,Method 1,RCOBKSKAZMVBHT-NCWAPJAISA-N,HMDB0012235,,0.9688581314878892,False,all_pre_hcc,provided_area,True,0.0005813871002930364,0.3416340176183011,-0.022501037690887363,0.37039663897894537,0.3563479028948787,0.5495223899948896,0.3870880982468221,,0.7474519889939444,0.8901608221888474
827,N-acetylglucosamine/N-acetylgalactosamine,Method 1,OVRNDRQMDRJTHS-FMDGEEDCSA-N,"HMDB0000212,HMDB0000215",C01074,0.0017301038062283738,True,all_pre_hcc,provided_area,True,-0.0012280487039991199,-0.12507587594802716,-0.0003604195886292227,0.13564777016070928,0.3564953842578431,0.9340878740119006,0.9585348926893438,,0.7474519889939444,0.9891436004219372
542,21-hydroxypregnenolone monosulfate (2),Method 3,DFSPOIZXVIWHFO-WGKOQXAXSA-N,,,0.6332179930795848,False,all_pre_hcc,provided_area,True,-0.009848322633719032,0.2783411238969898,0.017233385718246914,0.3027955382829539,0.3579711701442845,0.029799260364583132,0.8677483125519719,,0.749297391084043,0.6306020546424962
1092,3-hydroxyhippurate sulfate,Method 3,SBLCKJXUMHOIBU-UHFFFAOYSA-N,,,0.7231833910034602,False,all_pre_hcc,provided_area,True,0.008300399378322984,-0.32397193136674496,-0.003439665280952588,0.35298718341534147,0.35872314550445483,0.8392052705841277,0.3941227872045789,,0.7496241146920335,0.972152403262362
187,anthranilate,Method 1,RWZYAGGXGHYGMB-UHFFFAOYSA-N,HMDB0001123,C00108,0.0017301038062283738,True,all_pre_hcc,provided_area,True,-0.006486225530472094,0.12500432278465404,-0.00032871111070461657,0.13668611140417908,0.36043545022708634,0.9523598455879905,0.6948765297867727,,0.7519532278369397,0.989321788397764
242,2-isopropylmalate,Method 4,BITYXLXUCSKTJS-UHFFFAOYSA-N,HMDB0000402,C02504,0.31314878892733566,False,all_pre_hcc,provided_area,True,0.005670468660672614,0.38143875627825374,0.025231750894463896,0.41793170679521985,0.3614098005376599,0.11335072268469536,0.37534147444850724,,0.752261358697651,0.7897057642414003
918,glycochenodeoxycholate glucuronide (1),Method 3,ABFZMYIIUREPLL-ASWJIRIHSA-N,HMDB0002579,,0.0,True,all_pre_hcc,provided_area,True,-0.009162078071717154,0.2142912833123642,0.0009858133117825031,0.2350315568004605,0.3618975107032467,0.9480519582981659,0.8448554055847908,,0.752261358697651,0.989321788397764
698,3-methyl catechol sulfate (2),Method 3,TZVUCGJSHGKWCJ-UHFFFAOYSA-N,,,0.4013840830449827,False,all_pre_hcc,provided_area,True,0.007099617438948179,-0.4011083894947644,-0.004779484545373322,0.4407121173357984,0.3627502815208946,0.8563010956641429,0.44789205613218336,,0.752261358697651,0.9740000183001865
86,pyridoxal,Method 1,RADKZDMFGJYCBB-UHFFFAOYSA-N,HMDB0001545,C00250,0.01730103806228374,True,all_pre_hcc,provided_area,True,-0.0017637821592565092,0.1739668306603694,-0.020533336146699575,0.1912331269612617,0.36297507530164874,0.09714571930275887,0.48633707155509925,,0.752261358697651,0.7796467404422845
84,proline,Method 1,ONIBWKKTOPOVIA-UHFFFAOYSA-N,"HMDB0000162,HMDB0003411","C00148,C000763",0.0,True,all_pre_hcc,provided_area,True,-0.000641254818009128,-0.08269889009831827,0.004176017628181167,0.09109376499252037,0.36396086764108293,0.03593090702286597,0.7283730898436303,,0.7529297481639631,0.6371910443942032
1173,fibrinopeptide B (1-13)**,Method 3,CCYANGYMJWBLQM-UHFFFAOYSA-N,,,0.0017301038062283738,True,all_pre_hcc,provided_area,True,0.010523171940224004,-0.22283058572076103,-0.013065238464068374,0.24598355898827332,0.36500152477673575,0.3657592801525531,0.640551366550787,,0.7529297481639631,0.8560732014389768
503,N6-carboxymethyllysine,Method 1,NUXSIDPKKIEIMI-UHFFFAOYSA-N,HMDB0240347,,0.2664359861591695,False,all_pre_hcc,provided_area,True,0.0034171961730419826,-0.40553829071554404,0.013082612465251778,0.4486344885348218,0.3660276534642708,0.5960829961473059,0.543361199927851,,0.7529297481639631,0.8959049093826891
844,1-stearoyl-2-docosahexaenoyl-GPC (18:0/22:6),Method 2,FAUYAENFVCNTAL-PFFNLMTBSA-N,HMDB0008057,,0.0,True,all_pre_hcc,provided_area,True,-0.00196260906479407,-0.13723559608329436,-0.003521053621272618,0.15208681511873265,0.36687076861745893,0.3500304913200293,0.8563248507886744,,0.7529297481639631,0.8560732014389768
1093,6-bromotryptophan,Method 3,OAORYCZPERQARS-UHFFFAOYSA-N,,,0.0034602076124567475,True,all_pre_hcc,provided_area,True,-0.002078560228770603,-0.14479407022987956,-0.01219900584952623,0.16071163128859126,0.3676118411243938,0.0437274686333109,1.0507695114853401,,0.7529297481639631,0.6642350630515248
1166,fibrinopeptide A (3-15)**,Method 3,ROMVHQMTMINAHB-UHFFFAOYSA-N,,,0.010380622837370242,True,all_pre_hcc,provided_area,True,-0.0029204829779478883,-0.21752339598687256,-0.00448320221044005,0.24145744269774136,0.36765385486197955,0.48493122736055727,0.7282070872417418,,0.7529297481639631,0.8756937734462804
350,nervonate (24:1n9)*,Method 3,GWHCXVQVJPWHRF-KTKRTIGZSA-N,HMDB0002368,C08323,0.4100346020761246,False,all_pre_hcc,provided_area,True,-0.007297693049379904,0.4716880734011774,0.0065884162982078835,0.523717037579121,0.3677720814282962,0.7255394583395686,0.8061156727957525,,0.7529297481639631,0.9468139404472793
1210,(15:3)-anacardic acid,Method 3,QUVGEKPNSCFQIR-AOSYACOCSA-N,HMDB31059,,0.9273356401384083,False,all_pre_hcc,provided_area,True,2.6937242370947707e-05,0.23242627819187642,0.021583067206808873,0.2582327846649636,0.36808568769541916,0.14778167422820004,0.13069860059006114,,0.7529297481639631,0.8035053187401463
762,p-hydroxyatorvastatin,Method 3,SOZOATLLFFVAPM-KAYWLYCHSA-N,,,0.9186851211072664,False,all_pre_hcc,provided_area,True,0.0006900979863680054,0.25295465810021167,0.017935290348147257,0.28254418305426904,0.37064026247643633,0.19719346824938966,0.650465161295751,,0.756061663949569,0.8527909813692914
1070,resveratrol disulfate (2)*,Method 3,DHYDAGFKCXRMSL-OWOJBTEDSA-N,,,0.9705882352941176,False,all_pre_hcc,provided_area,True,-0.0019641051912142747,0.07335997992069898,-0.003278633226119102,0.08197189068910155,0.3708187970245501,0.6488970908817555,0.2966296559269556,,0.756061663949569,0.9197806037261423
997,sphingomyelin (d18:2/24:2)*,Method 2,ZLNGRWIWHFFRNK-UKCALJHFSA-N,HMDB0240644,,0.0,True,all_pre_hcc,provided_area,True,-0.0032386133275553127,-0.09488558769006956,0.006184199839524944,0.10629054542388884,0.37201776072106507,0.13757205746518178,0.7863258464598931,,0.7571434926805454,0.8024739512831196
47,deoxycholate,Method 3,KXGVEGMKQFWNSR-OHAQSFBXSA-N,HMDB0000626,C04483,0.5622837370242214,False,all_pre_hcc,provided_area,True,0.02676698200825924,-0.5671990579019494,-0.015265971089899045,0.6366095740052534,0.3729460857867505,0.5720456475728253,0.5771753154185302,,0.7571434926805454,0.8923698243750036
415,phenylacetylglutamine,Method 3,JFLIEFSWGNOPJJ-JTQLQIEISA-N,HMDB0006344,C04148,0.0,True,all_pre_hcc,provided_area,True,0.010956040312369025,-0.27229763195983764,-0.03824384856084277,0.30578639825741494,0.37320651773584645,0.05019834446114268,0.8456762026566871,,0.7571434926805454,0.7095451385631178
1159,glyburide,Method 3,ZNNLBTZKUZBEKO-UHFFFAOYSA-N,HMDB0015151,"D00336,C07022",0.9913494809688581,False,all_pre_hcc,provided_area,True,-0.0004491166532373897,-0.017449775588703014,-0.006891691190986222,0.01962514535223896,0.3739203455364922,0.3645182626658583,0.09298189436239858,,0.7571434926805454,0.8560732014389768
870,1-palmitoyl-2-dihomo-linolenoyl-GPC (16:0/20:3n3 or 6)*,Method 2,SRIGHEHXEGELQJ-YYQUKWHJSA-N,,,0.0034602076124567475,True,all_pre_hcc,provided_area,True,-0.0008693159111391443,-0.0669594960541297,0.0025465355362500144,0.07537610661489075,0.37435870623791667,0.16370426635453372,0.6953899057299151,,0.7571434926805454,0.8292493875977212
321,"1,3-dimethylurate",Method 3,OTSBKHHWSQYEHK-UHFFFAOYSA-N,HMDB0001857,,0.07093425605536333,True,all_pre_hcc,provided_area,True,0.01735616260500579,-0.2685547294886589,-0.013643454848034706,0.3038343645624186,0.37675813153270976,0.14634119753048436,0.48397643383959027,,0.7598108946411382,0.8035053187401463
34,phenylpyruvate,Method 3,BTNMPGBKDVTSJY-UHFFFAOYSA-N,HMDB0000205,C00166,0.01384083044982699,True,all_pre_hcc,provided_area,True,-0.003099207901640026,-0.19913578154665726,0.0013857838994926627,0.22535611214175938,0.37688553120514323,0.8700463583093988,0.845602428641558,,0.7598108946411382,0.9771235901832512
747,ferulic acid 4-sulfate,Method 3,PZPATWACAAOHTJ-HWKANZROSA-N,HMDB0029200,,0.15397923875432526,True,all_pre_hcc,provided_area,True,0.014670646222970733,0.3420185890708566,-0.017485964329199015,0.3877876417560079,0.377790907277172,0.39547564550415815,0.6617968749005415,,0.7604175381674919,0.8560732014389768
668,(15:2)-anacardic acid,Method 3,KAOMOVYHGLSFHQ-UTOQUPLUSA-N,HMDB0033896,,0.9273356401384083,False,all_pre_hcc,provided_area,True,0.004308415509304841,0.24669044691642666,0.02097856200703812,0.2808882005514314,0.3798073200810588,0.2907565533474247,0.37225075081669257,,0.761769676770543,0.8560732014389768
745,N-methylpipecolate,Method 1,BPSLZWSRHTULGU-ZCFIWIBFSA-N,,,0.00865051903114187,True,all_pre_hcc,provided_area,True,0.0023402034959311827,-0.20314329237802065,-0.007135623831043105,0.23140115759789506,0.38000686399195094,0.3509242481898661,0.8390222476106289,,0.761769676770543,0.8560732014389768
385,erythronate*,Method 4,JPIJQSOTBSSVTP-PWNYCUMCSA-N,HMDB0000613,,0.0,True,all_pre_hcc,provided_area,True,0.0020167248412095557,-0.10250678318734187,-0.004049601569539537,0.11696355187586761,0.38081296066325443,0.4737571063524788,0.8686236203359318,,0.761769676770543,0.8756937734462804
525,sphinganine-1-phosphate,Method 2,YHEDRJPUIRMZMP-UHFFFAOYSA-N,HMDB0001383,,0.01384083044982699,True,all_pre_hcc,provided_area,True,-0.004637126878688242,-0.15374897249716732,-0.004016562050688536,0.17552081662663752,0.381052529184733,0.5908865979366784,0.6563344024728783,,0.761769676770543,0.8944363557218071
932,caffeic acid sulfate,Method 4,SNVAIAITQIIEMQ-DUXPYHPUSA-N,HMDB0041708,,0.28027681660899656,False,all_pre_hcc,provided_area,True,0.010179638844719402,-0.4727022496929566,-0.018129021045173777,0.5414726946971788,0.3826665131295589,0.6014596700883394,0.4634395260422915,,0.761769676770543,0.8960599110954367
19,"N6,N6,N6-trimethyllysine",Method 1,MXNRLFUSFKVQSK-UHFFFAOYSA-N,HMDB0001325,C03793,0.0,True,all_pre_hcc,provided_area,True,0.002974322478960839,-0.14769928992252437,-0.004599885052968663,0.16949077341824298,0.38351958765304517,0.3106707545567676,0.7738977604251569,,0.761769676770543,0.8560732014389768
333,pro-hydroxy-pro,Method 1,ONPXCLZMBSJLSP-ALKRTJFJSA-N,HMDB0006695,,0.0017301038062283738,True,all_pre_hcc,provided_area,True,-0.008850584574382732,-0.13446071705645166,-0.0019020652868143354,0.1546178943088062,0.38450137320386824,0.8438671430401092,0.650305863819846,,0.761769676770543,0.972152403262362
1006,lignoceroylcarnitine (C24)*,Method 2,YDUFZFUYBBPVLJ-UHFFFAOYSA-N,HMDB0240665,,0.0017301038062283738,True,all_pre_hcc,provided_area,True,-0.001106540537489903,-0.1754028970675424,-0.0019811281938575476,0.201964804330729,0.3851302514131356,0.7682558012622398,0.8033139548419642,,0.761769676770543,0.9575808199502114
55,glycine,Method 1,DHMQDGOQFOQNFH-UHFFFAOYSA-N,HMDB0000123,C00037,0.0,True,all_pre_hcc,provided_area,True,-0.001954512190181181,-0.0820307359272203,0.003957764045768602,0.0947034199315321,0.38638840442811906,0.1274442012100984,0.7974901981577638,,0.761769676770543,0.7930025537695831
397,stearoylcarnitine (C18),Method 2,FNPHNLNTJNMAEE-HSZRJFAPSA-N,HMDB0000848,,0.0,True,all_pre_hcc,provided_area,True,0.001034782897344598,-0.16979441147470337,-0.0031120943017925065,0.19610436813061133,0.3865795732570695,0.37268799183341406,0.9588061186759785,,0.761769676770543,0.8560732014389768
772,myristoleoylcarnitine (C14:1)*,Method 2,ABVVZYXTZLEOHP-OLHLWXQYSA-N,HMDB0240588,,0.0,True,all_pre_hcc,provided_area,True,-0.0014569815120881653,-0.21604958470543179,0.00995156326900848,0.2500639470436742,0.3876003367027585,0.17404097299720556,0.6396117963705493,,0.761769676770543,0.8356623817957427
1200,"hydroxy-N6,N6,N6-trimethyllysine*",Method 1,ZRJHLGYVUCPZNH-MQWKRIRWSA-N,,,0.01384083044982699,True,all_pre_hcc,provided_area,True,0.0005225608983762718,-0.1267010736901052,-0.005293092030814794,0.14670089031777345,0.3877695138768339,0.43178931692130673,0.8689521305425528,,0.761769676770543,0.8722267922576082
742,N-acetylalliin,Method 3,CCCNUHFRBBIFHO-CVSPRKDYSA-N,,,0.2422145328719723,False,all_pre_hcc,provided_area,True,0.00848633496787384,-0.36391698367734393,-0.030446638376878138,0.4216961542481243,0.3881463296108022,0.07120689758176593,0.5018410339635409,,0.761769676770543,0.7672613886135418
89,salicylate,Method 4,YGSDEFSMJLZEOE-UHFFFAOYSA-N,HMDB0001895,C00805,0.0,True,all_pre_hcc,provided_area,True,0.0010985760719701286,0.3495003696161769,0.0023720013193990076,0.40629193162435373,0.38966788477740755,0.9080257593661571,0.2572633261975997,,0.761769676770543,0.9816872402027719
69,lysine,Method 1,KDXKERNSBIXSRK-UHFFFAOYSA-N,HMDB0003405,"C00739,C00047",0.0,True,all_pre_hcc,provided_area,True,0.00019814236345537265,0.07078826912857165,0.005276593499906572,0.0823033933204705,0.38973981107269784,0.00029494355387052826,0.8700636711061431,,0.761769676770543,0.04122655452990273
412,N4-acetylcytidine,Method 1,NIDVTARKFBZMOT-PEBGCTIMSA-N,HMDB0005923,,0.0,True,all_pre_hcc,provided_area,True,0.002372495207642394,-0.1882973609699454,-0.0004009217408936284,0.2190475255889598,0.3899992337728072,0.9705670268757982,0.8824122108490118,,0.761769676770543,0.9944018406483672
735,N-formylanthranilic acid,Method 3,LLLPDUXGHXIXIW-UHFFFAOYSA-N,HMDB0004089,C05653,0.08304498269896193,True,all_pre_hcc,provided_area,True,-0.00547447139176466,0.20001688964621842,0.01291065120474971,0.23281950240965538,0.39028142553673684,0.2298043630344503,0.7527221752455513,,0.761769676770543,0.8560732014389768
789,pregnanolone/allopregnanolone sulfate,Method 3,MENQCIVHHONJLU-GQCBXAOTSA-N,"HMDB0240591,HMDB0062782",C05480,0.7612456747404844,False,all_pre_hcc,provided_area,True,-0.01282193021903429,-0.19871495350270008,-0.0031427150707538736,0.23155143692537963,0.39078797219162187,0.8021008212595575,0.5807699223920433,,0.761769676770543,0.9657345946249472
885,"sphingomyelin (d18:0/18:0, d19:0/17:0)*",Method 2,JCELSEVNSMXGKA-IOLBBIBUSA-N,HMDB0012087,,0.0,True,all_pre_hcc,provided_area,True,-0.003734102772016026,-0.16900092619565898,-0.006590593825976402,0.1969449443962432,0.3908303243883626,0.14911110116321719,0.897572021217716,,0.761769676770543,0.8035053187401463
1134,N-desalkylquetiapine*,Method 2,JLOAJISUHPIQOX-UHFFFAOYSA-N,,,0.9913494809688581,False,all_pre_hcc,provided_area,True,-0.0007247988339750685,0.027502812916625104,0.001477556160634017,0.03205834083512859,0.39094833339926915,0.20161104214978176,0.2984758246744447,,0.761769676770543,0.8527909813692914
104,alpha-ketobutyrate,Method 4,TYEYBOSBBBHJIV-UHFFFAOYSA-N,HMDB0000005,C00109,0.1972318339100346,True,all_pre_hcc,provided_area,True,-0.0036269874504917194,0.31693403239038653,-0.0069093804236514365,0.3696104913318904,0.391179023206495,0.6193675295256293,0.26140406053799903,,0.761769676770543,0.8963184038198125
715,2-piperidinone,Method 1,XUWHAWMETYGRKB-UHFFFAOYSA-N,HMDB0011749,,0.00865051903114187,True,all_pre_hcc,provided_area,True,0.011621960684511658,-0.34239878104100857,-0.04024219169284993,0.40142088695547157,0.39367758896588656,0.08923241223295231,0.4933980300341324,,0.7654503970928676,0.7732012916310346
1160,glipizide,Method 3,ZJJXGWJIGJFDTL-UHFFFAOYSA-N,HMDB0015200,D00335,0.9826989619377162,False,all_pre_hcc,provided_area,True,0.002721109528055071,-0.1310020888403729,-0.020591434922093123,0.1537901377029126,0.3943119331578335,0.12321618545075906,0.27262541206774754,,0.7655006356675225,0.7930025537695831
518,N-acetylserine,Method 4,JJIHLJJYMXLCOY-BYPYZUCNSA-N,HMDB0002931,,0.0,True,all_pre_hcc,provided_area,True,0.0001458174498630933,-0.08796155455444855,-0.0028039064492591504,0.10342176932930865,0.39503996142590625,0.5021132962839394,0.8419326091279664,,0.7657323135189369,0.8756937734462804
710,2-aminooctanoate,Method 2,AKVBCGQVQXPRLD-UHFFFAOYSA-N,HMDB0000991,,0.02422145328719723,True,all_pre_hcc,provided_area,True,0.0005967500490669187,0.1741515628228642,0.012755764327328993,0.20590118186781298,0.3976633954714137,0.22548217981068508,0.6835427746454715,,0.7696316176969823,0.8560732014389768
430,3-methylcytidine,Method 1,RDPUKVRQKWBSPK-ZOQUXTDFSA-N,HMDB0240577,,0.08131487889273356,True,all_pre_hcc,provided_area,True,-0.0030770455095178078,-0.1745997949247496,0.0010325442124600895,0.2071901927680793,0.399394574597828,0.887899961839091,0.7060711486693787,,0.7705493504241618,0.9809690571997466
565,17alpha-hydroxypregnenolone 3-sulfate,Method 3,OMOKWYAQVYBHMG-QUPIPBJSSA-N,HMDB00416,,0.4671280276816609,False,all_pre_hcc,provided_area,True,-0.004823607523318843,0.28017489383874644,0.02398843224637622,0.33342084878470774,0.4007379240744553,0.08601557650107185,0.8443889880104462,,0.7705493504241618,0.7732012916310346
588,alpha-ketoglutaramate*,Method 4,COJBGNAUUSNXHX-UHFFFAOYSA-N,HMDB0001552,C00940,0.0,True,all_pre_hcc,provided_area,True,-0.0022844894893452017,0.1131935092744066,-0.0036436580553092387,0.13471963925571967,0.40078765159310414,0.6120913188420517,0.7434278337408995,,0.7705493504241618,0.8960599110954367
291,3-hydroxymyristate,Method 3,ATRNZOYKSNPPBF-UHFFFAOYSA-N,HMDB0061656,,0.0,True,all_pre_hcc,provided_area,True,-0.003720691481933587,0.18647336071280038,0.006510723389370333,0.22211676807580497,0.4011727940298224,0.5775487205946738,0.5000544997484623,,0.7705493504241618,0.8923698243750036
498,4-vinylphenol sulfate,Method 3,IETVQHUKTKKBFF-UHFFFAOYSA-N,HMDB0062775,C05627,0.0,True,all_pre_hcc,provided_area,True,-0.0015619431349620458,-0.3581018381861488,-0.011128818688262924,0.42687061373471935,0.4015253222076619,0.5174349522826928,0.47356749881194865,,0.7705493504241618,0.8775481470960588
392,eicosenoate (20:1),Method 3,BITHHVVYSMSWAG-KTKRTIGZSA-N,"HMDB0002231,HMDB0062436",C16526,0.0,True,all_pre_hcc,provided_area,True,-0.0014079106432875483,0.1928422155067847,0.008934505640667171,0.2300154137236382,0.4018126978364469,0.3864581706867294,0.5260646373430635,,0.7705493504241618,0.8560732014389768
41,corticosterone,Method 3,OMFXVFTZEKFJBZ-UHFFFAOYSA-N,HMDB0001547,C02140,0.4930795847750865,False,all_pre_hcc,provided_area,True,0.008325939426885181,0.214890137450123,-0.011181020447790607,0.2568213250347164,0.4027442861228995,0.6163416912115528,0.5255353040492583,,0.7705567556720683,0.8963184038198125
125,margarate (17:0),Method 3,KEMQGTRYUADPNZ-UHFFFAOYSA-N,HMDB0002259,,0.0,True,all_pre_hcc,provided_area,True,0.0006699755094821157,0.16726008183937527,0.0032443135525673807,0.20026439278838798,0.40360718709362964,0.6593937723322993,0.623889331580025,,0.7705567556720683,0.9252158782177866
306,2-palmitoylglycerol (16:0),Method 3,BBNYCLAREVXOSG-UHFFFAOYSA-N,HMDB0011533,,0.44982698961937717,False,all_pre_hcc,provided_area,True,0.003998094297970091,0.2823891467420597,-0.003310403452367456,0.33887708634478414,0.4046707799414606,0.8421302637989149,0.20839971051761633,,0.7705567556720683,0.972152403262362
263,ofloxacin,Method 3,GSDSWSVVBLHKDQ-UHFFFAOYSA-N,HMDB0015296,"D00453,C07321,DG00616",0.9826989619377162,False,all_pre_hcc,provided_area,True,-0.00023639289880826152,0.05066097405509438,0.007217235658283779,0.06080569081162085,0.40475352747415594,0.34820435169286423,1.0646531183250059,,0.7705567556720683,0.8560732014389768
1048,glucuronide of C10H18O2 (1)*,Method 3,,,,0.3235294117647059,False,all_pre_hcc,provided_area,True,0.0014575816523825997,0.3368135260081918,-0.019933378691927683,0.404367623271449,0.4048791856114763,0.2947719731950238,0.47844891705179915,,0.7705567556720683,0.8560732014389768
561,palmitoyl sphingomyelin (d18:1/16:0),Method 2,RWKUXQNLWDTSLO-GWQJGLRPSA-N,HMDB0010169,,0.0,True,all_pre_hcc,provided_area,True,-0.0008601307733983885,-0.09752586018346673,-0.00027827395168206225,0.11772225338835544,0.40742118539742833,0.908333821618463,1.0457020061685853,,0.7731397736923262,0.9816872402027719
954,linoleoyl-docosahexaenoyl-glycerol (18:2/22:6) [1]*,Method 2,GPMAAGRGFWBOSO-KLJRXRINSA-N,HMDB0007266,,0.5847750865051903,False,all_pre_hcc,provided_area,True,0.0072572843085434765,-0.2664727884360008,-0.022940569618331772,0.3216864233430742,0.40746555640541515,0.012971888397170443,0.4578607496401171,,0.7731397736923262,0.453295433434456
109,dimethylglycine,Method 1,FFDGPVCHZBVARC-UHFFFAOYSA-N,HMDB0000092,C03626,0.0,True,all_pre_hcc,provided_area,True,-0.0005300673379485181,-0.12505830155801986,0.0011855760749252364,0.15124894813573683,0.4083291742519207,0.5540347449181173,0.8816838689819981,,0.7736115982061992,0.8901608221888474
590,ibuprofen acyl glucuronide,Method 3,ABOLXXZAJIAUGR-JPMMFUSZSA-N,HMDB0010343,,0.9307958477508651,False,all_pre_hcc,provided_area,True,0.008157761582460843,0.3435170380512253,-0.018243182825371403,0.41902592118506127,0.4123306918557115,0.1920635438807321,0.3614413451509345,,0.7800180606834362,0.8527909813692914
1128,desmethylcitalopram*,Method 2,PTJADDMMFYXMMG-UHFFFAOYSA-N,HMDB0014021,C16608,0.9134948096885813,False,all_pre_hcc,provided_area,True,-0.002128731649830198,-0.12923650907575757,0.0006937714197933699,0.15810571503130033,0.41369663235320886,0.8573941161145324,0.7521813319475534,,0.7814269722227278,0.9743467010587911
871,1-palmitoyl-2-arachidonoyl-GPE (16:0/20:4)*,Method 2,DRIVXEVMDWCWLI-CAQMIEAISA-N,HMDB0005323,C05210,0.0,True,all_pre_hcc,provided_area,True,0.003899089256260594,-0.10161618471660668,0.0014135662343650046,0.12470421800458058,0.415153803060922,0.7537688099492375,0.6442942481361363,,0.782164390237068,0.9566553883857777
807,"sphingomyelin (d18:1/22:2, d18:2/22:1, d16:1/24:2)*",Method 2,BBJBWENPFZYXKM-CUYAXJSGSA-N,"HMDB0240670,HMDB0240672,HMDB0240669",,0.0,True,all_pre_hcc,provided_area,True,-0.002525275301197014,-0.09012956053472804,0.0019936225317829137,0.11099908050760808,0.416800382618459,0.5797744463909424,0.8169181773432046,,0.782164390237068,0.8923698243750036
17,laurate (12:0),Method 3,POULHZVOKOAJMA-UHFFFAOYSA-N,HMDB0000638,C02679,0.0,True,all_pre_hcc,provided_area,True,-0.010413895250373168,0.2072068888358235,0.020996781559348428,0.25523350312878634,0.41688766985287873,0.10702490906620217,0.40730454247219144,,0.782164390237068,0.7856191265038538
396,heme,Method 2,GGIDWJQWCUJYRY-UHFFFAOYSA-K,HMDB0003178,C00032,0.05709342560553633,True,all_pre_hcc,provided_area,True,0.026570357563939797,-0.2686561521706031,-0.009543356823777481,0.331023618289174,0.4170257281868214,0.5294008217661625,0.43537188590063025,,0.782164390237068,0.8823523230339035
832,suberoylcarnitine (C8-DC),Method 1,YVWVEIPYMGBQPE-UHFFFAOYSA-N,,,0.05190311418685121,True,all_pre_hcc,provided_area,True,0.0033739604854976495,-0.2726945987233372,-0.016434360791184623,0.3363902623154018,0.4175669804294694,0.25445194007197647,0.6739280366172684,,0.782164390237068,0.8560732014389768
632,S-methylcysteine sulfoxide,Method 1,ZZLHPCSGGOGHFW-UHFFFAOYSA-N,HMDB0029432,,0.0,True,all_pre_hcc,provided_area,True,-0.0022349443804486942,-0.13559764453364614,0.0012551576348383121,0.167360409565357,0.41781754391042103,0.8208220080962123,0.4856297623822139,,0.782164390237068,0.9678066985113774
5,5-hydroxyindoleacetate,Method 3,DUUGKQCEGZLZNO-UHFFFAOYSA-N,HMDB0000763,C05635,0.10207612456747404,True,all_pre_hcc,provided_area,True,0.00020756607507049456,-0.22472726503674972,-0.005093398592872453,0.27832200417248015,0.4194152104751575,0.48465364414968837,0.6523305501293154,,0.783988610368125,0.8756937734462804
30,ascorbate (vitamin C),Method 1,CIWBSHSKHKDKBQ-UHFFFAOYSA-N,HMDB0000044,"D00018,C00072",0.10380622837370242,True,all_pre_hcc,provided_area,True,-0.0008754706464663475,0.4686931703473421,0.004206431811803809,0.581289806111897,0.4200706841787353,0.832789815005353,0.45992154564539095,,0.783998087442045,0.971845628271553
714,guaifenesin,Method 1,HSRJKNPTNIJEKV-UHFFFAOYSA-N,HMDB0004998,D00337,0.9688581314878892,False,all_pre_hcc,provided_area,True,0.0039206091429488995,0.22505792221804036,0.019184652302896434,0.2794830103589641,0.4206667003365504,0.36699047473833624,0.46600370617113784,,0.783998087442045,0.8560732014389768
1176,fibrinopeptide B (1-11)**,Method 3,YXFOTICOZNPKPN-UHFFFAOYSA-N,,,0.0017301038062283738,True,all_pre_hcc,provided_area,True,-0.009196953428635673,0.1434914478440692,-0.001877794977629906,0.17864723175145225,0.421852703964127,0.6686107796604812,0.5083232006453805,,0.7850454165486269,0.9270214017943843
236,kynurenine,Method 1,YGPSJZOEDVAXAB-QMMMGPOBSA-N,HMDB0000684,C00328,0.0,True,all_pre_hcc,provided_area,True,-0.0018087960047550413,-0.08803839782950519,-0.0002720441980888234,0.10995405239102393,0.4233148848659213,0.9430307698689309,0.8770656366813906,,0.786254707734317,0.9891436004219372
1060,carboxyibuprofen glucuronide*,Method 4,FLVLKWAQHDRIPH-UHFFFAOYSA-N,HMDB60564,,0.9602076124567474,False,all_pre_hcc,provided_area,True,0.0058915167530657515,0.2432008266969965,-0.005136279387020743,0.30402841120072843,0.4237525372367782,0.5379512650724478,0.2448009116006819,,0.786254707734317,0.8843780156115931
1237,De(carboxymethoxy) cetirizine acetic acid,Method 2,NBQBQRKLQXVPIS-LJQANCHMSA-N,,,0.8650519031141869,False,all_pre_hcc,provided_area,True,-0.001613273933680182,-0.21814555365638913,0.012301783469801292,0.2731263545802321,0.4244653758073945,0.2243907545940681,1.0481662709298123,,0.7864174414811522,0.8560732014389768
1152,3-ethylcatechol sulfate (2),Method 3,NUPWKYZXNXCOHY-UHFFFAOYSA-N,,,0.5069204152249135,False,all_pre_hcc,provided_area,True,0.003370427633610309,-0.25326972757233385,-0.013002897484802477,0.31757430321610897,0.42515298713506366,0.4508224306175317,0.490178957784937,,0.7865330261998678,0.8756937734462804
830,4-hydroxyphenylacetoylcarnitine,Method 1,RLMMGDAPWBGWEF-UHFFFAOYSA-N,,,0.015570934256055362,True,all_pre_hcc,provided_area,True,-0.000728528622932618,-0.1983255588382512,-0.008003350406291286,0.25018771151095415,0.42794853094427343,0.6247411432188614,0.6818827464004108,,0.7905422201584377,0.8992269544271484
253,4-methyl-2-oxopentanoate,Method 3,BKAJNAXTPSGJCU-UHFFFAOYSA-N,HMDB0000695,C00233,0.0,True,all_pre_hcc,provided_area,True,-0.0011187043140063067,-0.15256661067829153,-0.013652246211045526,0.19331824145559973,0.42999556175600995,0.14260904981083752,0.972481433487736,,0.7924107682874713,0.8024739512831196
1130,citalopram propionate*,Method 3,JSYNRZJODZWUKX-UHFFFAOYSA-N,HMDB60463,C16610,0.9134948096885813,False,all_pre_hcc,provided_area,True,-0.0017492396614186827,-0.14421749121802088,0.0010631092209933738,0.1828279077325374,0.43021983683652054,0.7351178699829193,0.8721301853318307,,0.7924107682874713,0.9507328331542158
432,N1-methyl-2-pyridone-5-carboxamide,Method 3,JLQSXXWTCJPCBC-UHFFFAOYSA-N,HMDB0004193,C05842,0.0,True,all_pre_hcc,provided_area,True,0.0003688335167209017,-0.15737448908961085,-0.005645558484751736,0.20065114191238329,0.432852994113191,0.5283429029711759,0.9025972248860474,,0.7960951265999917,0.8823523230339035
386,fibrinopeptide A*,Method 3,JWICNZAGYSIBAR-UHFFFAOYSA-N,,,0.2179930795847751,False,all_pre_hcc,provided_area,True,0.002829726996433286,0.2703772400097444,-0.009773065365589986,0.34552247691073257,0.4339107510662712,0.3670145298286739,0.6696141290728763,,0.7968755107173272,0.8560732014389768
1073,glutamine conjugate of C7H12O2*,Method 3,,,,0.02249134948096886,True,all_pre_hcc,provided_area,True,0.0016459192960533212,0.26538184164035894,-0.005806169095086202,0.34083927163275957,0.4362077986456987,0.7534696985124447,0.5127819829389,,0.7970717906759552,0.9566553883857777
521,4-allylphenol sulfate,Method 3,KFDHKOFCRYUXLA-UHFFFAOYSA-N,,,0.0,True,all_pre_hcc,provided_area,True,-0.006809461287390834,0.250520316963684,-0.010959758140368458,0.3218666246341124,0.43637107528980834,0.3242047956025015,0.7685486916878725,,0.7970717906759552,0.8560732014389768
74,nicotinamide,Method 1,DFPAKSUCGFBDDF-UHFFFAOYSA-N,HMDB0001406,C00153,0.0,True,all_pre_hcc,provided_area,True,0.005467596277323443,-0.09563517839953854,-0.02285741795568712,0.12289770524097203,0.4364694182913925,5.463436685989701e-06,0.4286800876200854,,0.7970717906759552,0.006659692163383917
197,ibuprofen,Method 3,HEFNNWSXXWATRW-UHFFFAOYSA-N,HMDB0001925,C01588,0.9567474048442907,False,all_pre_hcc,provided_area,True,0.004210306421394769,0.17329231546214577,-0.009261693357571599,0.22273252170870378,0.4365520379775303,0.32985849298448977,0.317003253306406,,0.7970717906759552,0.8560732014389768
1225,"branched-chain, straight-chain, or cyclopropyl 10:1 fatty acid (1)*",Method 3,NIFITBVFNGQSNA-SOFGYWHQSA-N,,,0.0,True,all_pre_hcc,provided_area,True,-0.008121807733451654,0.2501141706929024,0.010204521265697512,0.3226310575744807,0.43820212345955634,0.501927338016376,0.6806566043755573,,0.7989250308871332,0.8756937734462804
1103,glucuronide of piperine metabolite C17H21NO3 (5)*,Method 3,,,,0.11072664359861592,True,all_pre_hcc,provided_area,True,-0.0050402696996583694,-0.35194556477568734,-0.03936609397665222,0.4559759582679748,0.44020259665303807,0.05880187348479172,0.5707469896131733,,0.8014108054841128,0.7415971723370185
374,N-acetylhistidine,Method 3,KBOJOGQFRVVWBH-ZETCQYMHSA-N,HMDB0032055,C02997,0.00865051903114187,True,all_pre_hcc,provided_area,True,0.0018147602906826022,-0.1877139622632359,-0.015085568406536999,0.2444845462382853,0.4426091068171184,0.19550500843023344,0.8617376597482733,,0.8046275381155129,0.8527909813692914
409,1-methylxanthine,Method 3,MVOYJPOZRLFTCP-UHFFFAOYSA-N,HMDB0010738,C16358,0.38408304498269896,False,all_pre_hcc,provided_area,True,0.015130256590134174,0.4233922844482473,0.015043255998079161,0.5529320275101628,0.4438416622985524,0.6809174635946609,0.545343393850038,,0.8057039122245006,0.9295013183590858
139,allantoin,Method 4,POJWUDADGALRAB-UHFFFAOYSA-N,HMDB0000462,"C02348,C01551,C02350",0.0,True,all_pre_hcc,provided_area,True,0.0021857149056698543,0.09670351578004663,-0.001747510221979518,0.12716229727973338,0.4469717986454218,0.7381547990982871,0.5700732456487277,,0.8094258642617931,0.9507328331542158
702,carboxyibuprofen,Method 3,DIVLBIVDYADZPL-UHFFFAOYSA-N,HMDB0060564,,0.8494809688581315,False,all_pre_hcc,provided_area,True,0.006964941107027762,0.3527889409989658,-0.010565246823060483,0.46439670742378464,0.4474509715488122,0.41497463736144,0.44911816175677644,,0.8094258642617931,0.8560732014389768
393,linolenate [alpha or gamma; (18:3n3 or 6)],Method 3,DTOSIQBPPRVQHS-PDBXOOCHSA-N,"HMDB0003073,HMDB0001388","C06426,C06427",0.0,True,all_pre_hcc,provided_area,True,-0.0003704271088784234,0.18178633379916315,0.017626074549096094,0.23986923477561167,0.44853720590949475,0.05082315023709531,0.4454898363109604,,0.8094258642617931,0.7103946999807322
136,sucrose,Method 4,CZMRCDWAGMRECN-UGDNZRGBSA-N,HMDB0000258,C00089,0.1453287197231834,True,all_pre_hcc,provided_area,True,-0.005950015754159479,0.309768880589458,0.02777064843485718,0.4094110737899005,0.44927715470041873,0.033221035312178945,0.47399309750099927,,0.8094258642617931,0.6371910443942032
584,(16 or 17)-methylstearate (a19:0 or i19:0),Method 3,YETXGSGCWODRAA-UHFFFAOYSA-N,HMDB0037397,,0.0,True,all_pre_hcc,provided_area,True,-0.0012976235245755207,0.15895122716163182,0.0026839364744745413,0.21016930696174432,0.44946883387391945,0.6861142614357677,0.6554292726004392,,0.8094258642617931,0.930098858713573
784,N-acetylhistamine,Method 1,XJWPISBUKWZALE-UHFFFAOYSA-N,HMDB0013253,C05135,0.7698961937716263,False,all_pre_hcc,provided_area,True,-0.005989245311285613,0.2507208132932025,-0.0016173042841203607,0.33171690405281995,0.4497525271216164,0.943078607926849,0.5002636527810563,,0.8094258642617931,0.9891436004219372
998,"sphingomyelin (d18:2/21:0, d16:2/23:0)*",Method 2,SDUGEKJCGFHJRC-GKPQAQNZSA-N,HMDB0240676,,0.0,True,all_pre_hcc,provided_area,True,0.00037415585414232505,-0.1350622393101015,0.0015890885472858419,0.17897664731248922,0.4504673563249195,0.7599669386257553,0.7920478162760856,,0.8095541917953555,0.9566553883857777
493,hexanoylglutamine,Method 3,NONGMLDQXRDGIT-UHFFFAOYSA-N,,,0.01384083044982699,True,all_pre_hcc,provided_area,True,0.005570815825824159,-0.21101612415248117,-0.0033085605842746164,0.2815917920619166,0.45363490601466805,0.8208662538248328,0.5728278795086407,,0.8130853551929804,0.9678066985113774
1187,5-hydroxy-2-methylpyridine sulfate,Method 3,UAQAOMYUJQVGMD-UHFFFAOYSA-N,,,0.2647058823529412,False,all_pre_hcc,provided_area,True,0.009580348722016335,-0.42912851447441386,-0.025081047713677432,0.5727673850473407,0.4537248961410749,0.3707865568243103,0.4335290051604239,,0.8130853551929804,0.8560732014389768
712,gamma-CEHC glucuronide*,Method 3,NOZSTAZEOBPSBY-UHFFFAOYSA-N,,,0.22664359861591696,False,all_pre_hcc,provided_area,True,0.010677192801740058,-0.24137516391446961,-0.0014101575586637808,0.3235974778348982,0.45572072135009556,0.8873468894884384,0.6610769137663859,,0.8141247731029082,0.9809690571997466
424,5-methyluridine (ribothymidine),Method 3,DWRXFEITVBNRMK-JXOAFFINSA-N,HMDB0000884,,0.0,True,all_pre_hcc,provided_area,True,0.00037129527154249016,0.1088921270904016,-0.0017599858918617717,0.14600243029084295,0.4557736964846649,0.6670189162247353,0.9909482266031042,,0.8141247731029082,0.9270214017943843
740,methionine sulfone,Method 1,UCUNFLYVYCGDHP-UHFFFAOYSA-N,HMDB0062174,,0.0,True,all_pre_hcc,provided_area,True,0.004727977535163203,-0.11875623907505882,0.0031677021433291477,0.1593953847380951,0.4562463951013913,0.7160206645719444,0.6894478118820416,,0.8141247731029082,0.9441621919693807
230,4-acetamidophenylglucuronide,Method 3,IPROLSVTVHAQLE-UHFFFAOYSA-N,HMDB0010316,,0.6401384083044983,False,all_pre_hcc,provided_area,True,0.013446420718075803,0.6173853337049804,-0.04576250011442008,0.8322567790759994,0.45819595724413786,0.2054298270064978,0.6682262200734738,,0.816445487554002,0.8527909813692914
591,"2,3-dihydroxyisovalerate",Method 4,JTEYKUFKXGDTEU-UHFFFAOYSA-N,HMDB0012141,C04039,0.020761245674740483,True,all_pre_hcc,provided_area,True,0.0005441402915637274,-0.22927173231912795,0.005456884438358669,0.30981237933755795,0.4592792897179876,0.6740520476173815,0.4364573634918892,,0.8172183118320062,0.9295013183590858
40,choline phosphate,Method 1,YHHSONZFOIEMCP-UHFFFAOYSA-N,HMDB0001565,C00588,0.0017301038062283738,True,all_pre_hcc,provided_area,True,0.00016888688398090598,-0.1363143623272989,-0.006597681812042365,0.1850557936753301,0.4613581906040237,0.46818800889677636,0.7719462940494007,,0.8187463526657193,0.8756937734462804
878,1-(1-enyl-palmitoyl)-2-arachidonoyl-GPE (P-16:0/20:4)*,Method 2,UUYSKERSKRMYME-MAIXUNBTSA-N,HMDB0011352,,0.0,True,all_pre_hcc,provided_area,True,-0.0001900672211517686,-0.10269754251952433,-0.008333683040121392,0.13971637639092382,0.4623133150880556,0.1388887064852135,0.8045307698119025,,0.8187463526657193,0.8024739512831196
868,1-stearoyl-2-linoleoyl-GPC (18:0/18:2)*,Method 2,FORFDCPQKJHEBF-JEFUZMEDSA-N,HMDB0008039,,0.0,True,all_pre_hcc,provided_area,True,-0.000548447393222803,-0.05260220973247748,-0.00010828663566335171,0.07163679181982502,0.46277175721983754,0.9672128539737217,0.9429376934588389,,0.8187463526657193,0.9940798776952139
596,oxypurinol,Method 4,HXNFUBHNUDHIGC-UHFFFAOYSA-N,HMDB0000786,D02365,0.9619377162629758,False,all_pre_hcc,provided_area,True,-0.0008777562144837578,-0.06334545187342036,0.0014138125950876328,0.08627997193062747,0.46283606003277333,0.10801441204998868,1.2358529206442381,,0.8187463526657193,0.7856191265038538
326,gamma-glutamylvaline,Method 1,AQAKHZVPOOGUCK-XPUUQOCRSA-N,HMDB0011172,,0.031141868512110725,True,all_pre_hcc,provided_area,True,0.0038082377346745733,-0.1769268706433473,-0.012820327405621943,0.24128391291669132,0.46339221231954864,0.043824729915164194,0.7704669471422756,,0.8187463526657193,0.6642350630515248
1207,4-vinylcatechol sulfate,Method 3,ILVXQMHYFMBCMJ-UHFFFAOYSA-N,,,0.050173010380622836,True,all_pre_hcc,provided_area,True,0.00153751202381024,-0.3493457576433312,-0.0249659661480781,0.4781888727906441,0.465047830827069,0.3150474688643443,0.47256665609432846,,0.8205191741661331,0.8560732014389768
1110,"(2,4 or 2,5)-dimethylphenol sulfate",Method 3,CLCCTVXAPVYLKM-UHFFFAOYSA-N,,,0.32525951557093424,False,all_pre_hcc,provided_area,True,-0.003340557754780222,-0.2737178651172994,-0.019001023234581072,0.3758519736311396,0.4664545949835561,0.4129058663427798,0.6203946074383546,,0.8218485721138846,0.8560732014389768
1045,octadecadienedioate (C18:2-DC)*,Method 3,ZKQNWTGXRAIVGG-PXELCPQFSA-N,,,0.050173010380622836,True,all_pre_hcc,provided_area,True,-0.010518816615413108,0.23907379598009182,0.021805878029307734,0.33003347485904916,0.46882476199708656,0.2833648309986958,0.7162944609464127,,0.8243868039592387,0.8560732014389768
514,o-cresol sulfate,Method 3,CYGSXDXRHXMAOV-UHFFFAOYSA-N,HMDB0011635,,0.12110726643598616,True,all_pre_hcc,provided_area,True,-0.0025646379122783182,-0.27012320275539714,-0.009321129332655147,0.3732159808235331,0.46920584390684805,0.5804637839837851,0.6483557851778987,,0.8243868039592387,0.8923698243750036
938,4-acetamidobenzoate,Method 3,QCXJEYYXVJIFCE-UHFFFAOYSA-N,,D03836,0.8356401384083045,False,all_pre_hcc,provided_area,True,0.0003718394444144559,-0.19142080132833264,-0.0009173417179695703,0.26530252795048087,0.4705902859511101,0.9360653336743949,0.22498932835363789,,0.8244346216350987,0.9891436004219372
132,dihydroorotate,Method 4,UFIVEPVSAGBUSI-UHFFFAOYSA-N,HMDB03349,C00337,0.0017301038062283738,True,all_pre_hcc,provided_area,True,0.0017166365682383861,-0.10273989810533092,0.007451235601560479,0.14265734575454425,0.4714101593549873,0.059219865736377095,0.6027795275315471,,0.8244346216350987,0.7415971723370185
129,ribose,Method 4,PYMYPHUHKUWMLA-LMVFSUKVSA-N,HMDB0000283,C00121,0.6764705882352942,False,all_pre_hcc,provided_area,True,0.012051619780343486,0.25708036364998177,0.015238979922598804,0.35769870493867084,0.4723218130640915,0.31167013020502343,0.35594305347327576,,0.8244346216350987,0.8560732014389768
1025,carotene diol (3),Method 2,JKQXZKUSFCKOGQ-DKLMTRRASA-N,,,0.029411764705882353,True,all_pre_hcc,provided_area,True,-0.006232785713438761,-0.2001876119945484,0.010807203139426746,0.2786482477313553,0.4724958416060926,0.18511904251980926,0.8515251656019158,,0.8244346216350987,0.84072113895278
8,3-hydroxyisobutyrate,Method 4,DBXBTMSZEOQQDU-UHFFFAOYSA-N,"HMDB0000023,HMDB0000336","C01188,C06001",0.01384083044982699,True,all_pre_hcc,provided_area,True,0.0009567493170382779,0.11520629341476969,-0.002608878728740086,0.16052484411309553,0.47295145476452827,0.61486805339077,0.5775607352869881,,0.8244346216350987,0.8963184038198125
1262,perfluorohexanesulfonate (PFHxS),Method 3,QZHDEAJFRJCDMF-UHFFFAOYSA-N,HMDB0094700,,0.02422145328719723,True,all_pre_hcc,provided_area,True,-0.006266736873822316,0.22322738745139473,0.00903751116339062,0.3111883006012211,0.473165180302497,0.3302963311834892,1.0006848769296526,,0.8244346216350987,0.8560732014389768
508,sucralose,Method 3,BAQAVOSOZGMPRM-DYDPOALMSA-N,HMDB0031554,C12285,0.5311418685121108,False,all_pre_hcc,provided_area,True,0.010269618074992557,0.3172419342266741,0.007013562679725142,0.4442245509437566,0.4751358628454695,0.5929746432841968,0.46083710905972564,,0.8267170562497128,0.8944389703255631
1256,tetrahydrocortisol glucuronide,Method 3,OZINUFSVVJAFHD-LUPKFNMHSA-N,,,0.07093425605536333,True,all_pre_hcc,provided_area,True,0.004720049806658596,-0.21036703615749755,-0.01108154000636122,0.29500729188508124,0.47578946639490627,0.5420154610783293,0.6549340528715158,,0.8267170562497128,0.8843780156115931
616,solanidine,Method 2,JVKYZPBMZPJNAJ-OQFNDJACSA-N,HMDB0003236,C06543,0.5103806228373703,False,all_pre_hcc,provided_area,True,-0.003743013296349608,0.3292046950676908,-0.016498666026892615,0.46348854032102826,0.47753312193379904,0.558839385242879,0.5214860851104047,,0.8286022998520264,0.8901608221888474
149,N-acetylleucine,Method 3,WXNXCEHXYPACJF-ZETCQYMHSA-N,HMDB0011756,C02710,0.012110726643598616,True,all_pre_hcc,provided_area,True,7.4479165847962655e-06,-0.16068915832772376,-0.010342765566258516,0.22675247718468694,0.4785389205504801,0.41843838735170724,0.9215204370879555,,0.829203804480033,0.8560732014389768
692,histidine betaine (hercynine)*,Method 1,GPPYTCRVKHULJH-UHFFFAOYSA-N,HMDB0029422,,0.04325259515570934,True,all_pre_hcc,provided_area,True,-0.008098848519278688,0.1839105226687289,0.008752938062957656,0.26062863631620514,0.48041077333672055,0.6093827341597038,0.5900225730521989,,0.8307128346065523,0.8960599110954367
283,1-palmitoylglycerol (16:0),Method 3,QHZLMUACJMDIAE-UHFFFAOYSA-N,HMDB0011564,,0.05190311418685121,True,all_pre_hcc,provided_area,True,-0.01010221537191385,0.2390008895498129,0.01843307918731626,0.33894673494594446,0.48073047980410977,0.355726650543969,0.43137400639281415,,0.8307128346065523,0.8560732014389768
1245,"2,4-di-tert-butylphenol",Method 3,ICKWICRCANNIBI-UHFFFAOYSA-N,,,0.0,True,all_pre_hcc,provided_area,True,-0.000654104699398157,-0.19924180585177168,-0.010662269421470952,0.2831151340255072,0.48158950988909766,0.004668936163936448,1.0048499422510617,,0.8310556974492248,0.2669782588287296
1051,methylnaphthyl sulfate (2)*,Method 3,SBYDEYGHJXSIDV-UHFFFAOYSA-N,,,0.5795847750865052,False,all_pre_hcc,provided_area,True,-0.010885648257850395,-0.2907994059418529,0.013756583154905579,0.4141366494989271,0.48256551122599456,0.4026320671929887,0.6193698470713352,,0.8315991960579467,0.8560732014389768
103,glucose,Method 4,WQZGKKKJIJFFOK-DVKNGEFBSA-N,HMDB0000122,C00031,0.0,True,all_pre_hcc,provided_area,True,-6.685226774565417e-05,0.09529617361518387,0.004803377537126148,0.1360505448367593,0.48364829573320434,0.47953129404744677,0.8549217752076254,,0.8323249740524912,0.8756937734462804
372,hyocholate,Method 3,DKPMWHFRUGMUKF-OAEKOJLISA-N,HMDB0000760,C17649,0.025951557093425604,True,all_pre_hcc,provided_area,True,-0.006241029820016439,0.22999478414996555,0.021036875813891236,0.329657005539764,0.4853779371168967,0.11803112915616526,0.6872185870916161,,0.833264343407747,0.7930025537695831
337,docosadienoate (22:2n6),Method 3,HVGRZDASOHMCSK-AVQMFFATSA-N,HMDB0061714,C16533,0.0,True,all_pre_hcc,provided_area,True,-0.0029916984542305764,0.14166030971496882,0.0053441358503686,0.2031766874889884,0.48566062912259533,0.45882239279878345,0.659417913756813,,0.833264343407747,0.8756937734462804
1068,resveratrol sulfate (1)*,Method 3,KOTTWDFKZULRPN-OWOJBTEDSA-N,,,0.9740484429065744,False,all_pre_hcc,provided_area,True,-0.0012575384030892355,0.05295948383389374,-0.002874147048417714,0.07604801264370636,0.4861812623698619,0.618712106829902,0.1268151480758774,,0.833264343407747,0.8963184038198125
761,o-hydroxyatorvastatin,Method 3,CZBPKFICAYVHHM-JWQCQUIFSA-N,,,0.9100346020761245,False,all_pre_hcc,provided_area,True,0.0018818048608091403,0.19935371159098444,0.018470969403788822,0.2873919262574714,0.4878923397290045,0.241797247012851,0.6801236074194836,,0.8334802959551142,0.8560732014389768
1046,glucuronide of C12H22O4 (1)*,Method 3,,,,0.3685121107266436,False,all_pre_hcc,provided_area,True,0.006975442361061391,0.26108149608498665,0.0040542781413849495,0.37728470670604963,0.4889365316157537,0.7371317964372418,0.5278862044272046,,0.8334802959551142,0.9507328331542158
611,ranitidine,Method 1,VMXUWOKSQNHOCA-UKTHLTGXSA-N,HMDB0001930,D00422,0.9826989619377162,False,all_pre_hcc,provided_area,True,0.002690592019142061,0.20124721028181078,-0.01738422647735619,0.29115344944602245,0.48943566415205886,0.46089756613934163,0.13425597404366835,,0.8334802959551142,0.8756937734462804
483,1-arachidonoyl-GPI (20:4)*,Method 3,LXUGKKVCSTYZFK-OSKOXSHBSA-N,HMDB0061690,,0.0,True,all_pre_hcc,provided_area,True,0.0017285786514316323,-0.14096560966329652,-0.008314234075843472,0.20410339388682863,0.48978058825650206,0.210563180900472,0.8958375759724913,,0.8334802959551142,0.8553386981638129
98,glutamate,Method 1,WHUUTDBJXJRKMK-VKHMYHEASA-N,HMDB0000148,"C00025,C00217",0.0,True,all_pre_hcc,provided_area,True,-0.0020992087867837566,-0.09692171422624342,-0.0014684958359690076,0.14037049287053305,0.48989822160325425,0.8051077533070731,0.7921104741086598,,0.8334802959551142,0.9657345946249472
823,O-desmethyltramadol,Method 1,UWJUQVWARXYRCG-UHFFFAOYSA-N,HMDB0060997,,0.884083044982699,False,all_pre_hcc,provided_area,True,-0.002027109344994074,0.345914734228226,0.009292192738982328,0.5014491908968772,0.4903010516272567,0.38556649518857666,0.6564089571876837,,0.8334802959551142,0.8560732014389768
816,"1,2,3-benzenetriol sulfate (1)",Method 3,NGVLEQPKHLWZLN-UHFFFAOYSA-N,,,0.43944636678200694,False,all_pre_hcc,provided_area,True,-0.004821223542625845,-0.24062824786148107,-0.011307546489791941,0.34934087072702796,0.4909450709878693,0.4730003184401306,0.3315535475338639,,0.8334802959551142,0.8756937734462804
945,gamma-glutamyl-alpha-lysine,Method 1,LNLLNTMHVMIMOG-YUMQZZPRSA-N,,,0.0,True,all_pre_hcc,provided_area,True,0.001355826898220412,0.08258635230218433,0.003994548136367511,0.12038556443465413,0.4927033911838953,0.08244788344792137,0.7502052178371577,,0.8353380944869815,0.7672613886135418
1251,"bilirubin degradation product, C17H18N2O4 (1)**",Method 3,,,,0.00865051903114187,True,all_pre_hcc,provided_area,True,-0.0016850192695035092,-0.2407474381296168,0.007038034528590661,0.3526225405596755,0.4947748686039948,0.44577263873942863,0.8360698983222398,,0.835748497541537,0.8748548822686447
1034,3-hydroxyoleoylcarnitine,Method 2,YBCVTTMMURGSEY-LMLDZDDJSA-N,,,0.01903114186851211,True,all_pre_hcc,provided_area,True,0.0008465194993769045,-0.18528436561478195,0.0027198422140710028,0.2722472778120136,0.4961412069543918,0.7343729432777863,0.45088296738280026,,0.835748497541537,0.9507328331542158
382,gamma-glutamylthreonine,Method 1,GWNXFCYUJXASDX-JUZNGCLZSA-N,HMDB0029159,,0.0,True,all_pre_hcc,provided_area,True,-0.0018070927784862886,-0.10209622535021583,0.004045004525085646,0.15003617728611263,0.49620223751362824,0.5182471655898475,0.7473646796998265,,0.835748497541537,0.8775481470960588
227,3-methyl-2-oxovalerate,Method 3,JVQYSWDUAOAHFM-UHFFFAOYSA-N,HMDB0000491,"C03465,C06008,C00671",0.0,True,all_pre_hcc,provided_area,True,-0.001110024933876619,-0.13057914020781639,-0.008980327953081537,0.1919383607606643,0.4963030686003773,0.3002839159857126,0.9962460888076381,,0.835748497541537,0.8560732014389768
339,docosatrienoate (22:3n3),Method 3,WBBQTNCISCKUMU-IUQGRGSQSA-N,HMDB0002823,C16534,0.09688581314878893,True,all_pre_hcc,provided_area,True,-0.002938768384417074,-0.29609449423432727,0.0073990846154514825,0.4359623486875743,0.4970273256555422,0.6538098941913006,0.321796699221379,,0.835748497541537,0.921044621380354
1191,2-acrylamidoglycolic acid,Method 1,NEYTXADIGVEHQD-UHFFFAOYSA-N,,,0.0,True,all_pre_hcc,provided_area,True,-0.0019330832781018065,-0.11353933329349213,-0.007985413915932141,0.16729973881971713,0.49735448101879043,0.4333208726398702,0.7107267870082704,,0.835748497541537,0.8726314266623042
1031,5-dodecenoylcarnitine (C12:1),Method 2,PETYOUXDCHQKTQ-QXPKXGMISA-N,HMDB13326,,0.010380622837370242,True,all_pre_hcc,provided_area,True,-0.00630019447662902,-0.1748541655024166,0.008152301033127671,0.2577915616825796,0.4975958860561297,0.34066060644010887,0.47107675056868414,,0.835748497541537,0.8560732014389768
605,hydroxycotinine,Method 1,XOKCJXZZNAUIQN-IENPIDJESA-N,HMDB0001390,,0.759515570934256,False,all_pre_hcc,provided_area,True,0.003463787507203321,-0.30403409398946235,-0.0005933002267870216,0.4513487406967709,0.5005577880073135,0.8748538728912219,0.9771112513614182,,0.838791199060121,0.9782810418641396
1030,THC carboxylic acid glucuronide,Method 3,UWXZAZRSQQLWKH-AREXMYMPSA-N,,,0.9429065743944637,False,all_pre_hcc,provided_area,True,0.0009473147093680276,0.20275123777038478,0.009533561782324987,0.3011197488250397,0.5007410099317574,0.2638019351319274,0.4505250283877638,,0.838791199060121,0.8560732014389768
831,nonanoylcarnitine (C9),Method 2,MPSPNFAQQQMFLK-UHFFFAOYSA-N,HMDB0013288,,0.09515570934256055,True,all_pre_hcc,provided_area,True,0.0030607705045573165,-0.20740473795815645,0.006245150976665635,0.3102556649624336,0.5038168966600185,0.6113771133728448,0.685527661168696,,0.8418909052079676,0.8960599110954367
1260,oxindolylalanine,Method 1,YLEQTOAIAOPFBY-UHFFFAOYSA-N,,,0.0017301038062283738,True,all_pre_hcc,provided_area,True,0.00018584773485629466,-0.10126781035370976,0.00042914456997897765,0.15152613738640452,0.5039299297468995,0.939171287936917,0.7585469052051762,,0.8418909052079676,0.9891436004219372
332,propionylcarnitine (C3),Method 1,UFAHZIUFPNSHSL-UHFFFAOYSA-N,HMDB0000824,C03017,0.0,True,all_pre_hcc,provided_area,True,0.0002212492123517455,-0.11436158320049328,-0.014187093124828494,0.1715798790448262,0.5050781803224262,0.08128018958719348,0.971884173467457,,0.8426901204848968,0.7672613886135418
116,xylose,Method 4,PYMYPHUHKUWMLA-VPENINKCSA-N,HMDB0000098,C00181,0.3685121107266436,False,all_pre_hcc,provided_area,True,-0.011193295213527094,0.22594103863872872,-0.011086306114934023,0.342571871428227,0.5095468454400554,0.5021136297788164,0.14305666269637207,,0.847523788250036,0.8756937734462804
238,N-acetylglutamate,Method 4,RFMMMVDNIPUKGG-YFKPBYRVSA-N,HMDB0001138,C00624,0.0,True,all_pre_hcc,provided_area,True,0.0025478741569691186,-0.12305916315399291,0.0032442918662318773,0.186941895093379,0.5103614834259069,0.36909796369252157,0.8040367646236741,,0.847523788250036,0.8560732014389768
7,kynurenate,Method 3,HCZHHEIFKROPDY-UHFFFAOYSA-N,HMDB0000715,C01717,0.0,True,all_pre_hcc,provided_area,True,-0.0005771337671605428,0.14852786532032483,0.004064663393526719,0.22609713915416718,0.5112319802307531,0.4455283090406664,0.9339895373228878,,0.847523788250036,0.8748548822686447
903,1-(1-enyl-palmitoyl)-2-palmitoyl-GPC (P-16:0/16:0)*,Method 2,PEWXKAOBUSBJLD-MCBGMKGZSA-N,HMDB0011206,,0.0,True,all_pre_hcc,provided_area,True,-0.0032398377250715082,-0.08136352270838632,0.0027093098962039435,0.1238980406338952,0.5113754984789392,0.5026147829225237,0.9475171562896408,,0.847523788250036,0.8756937734462804
608,atenolol,Method 1,METKIMKYRPQLGS-UHFFFAOYSA-N,HMDB0001924,D00235,0.9948096885813149,False,all_pre_hcc,provided_area,True,0.0005594832633455598,0.032320722225784165,0.001385094150780495,0.04922119722949799,0.5114109163426893,0.4962599682232949,0.0015012246398494042,,0.847523788250036,0.8756937734462804
850,oleate/vaccenate (18:1),Method 3,ZQPPMHVWECSIRJ-KTKRTIGZSA-N,"HMDB0003231,HMDB0000573,HMDB0240219,HMDB0000207","C21944,C08367,C01712,C00712",0.0,True,all_pre_hcc,provided_area,True,-0.000695188779563937,0.1296463920853408,0.00780339261489661,0.19800608381665646,0.5126225200400049,0.32975629676123497,0.5387488472385004,,0.847523788250036,0.8560732014389768
289,adipate (C6-DC),Method 4,WNLRTRBMVRJNCN-UHFFFAOYSA-N,HMDB0000448,C06104,0.5190311418685121,False,all_pre_hcc,provided_area,True,0.00795754095109819,-0.24439382321750588,0.025780178260506183,0.3733181723807519,0.5126912582339248,0.08193816963382589,0.6620026761548699,,0.847523788250036,0.7672613886135418
1135,ranitidine N-oxide*,Method 1,DFJVUWAHTQPQCV-MDWZMJQESA-N,,,0.9844290657439446,False,all_pre_hcc,provided_area,True,0.002197710303620749,0.11806949379748301,-0.0059803497769193095,0.18076383563079357,0.5136467623071215,0.611786118505103,0.12481293017525573,,0.8479890117878724,0.8960599110954367
423,1-palmitoyl-GPA (16:0),Method 3,YNDYKPRNFWPPFU-GOSISDBHSA-N,HMDB00327,C04036,0.04152249134948097,True,all_pre_hcc,provided_area,True,-0.00859777710035269,0.1313229015126222,0.003072578784793166,0.20174800701337925,0.5150946462816978,0.6923223154296041,0.27964809314756284,,0.8485020301166755,0.9313341947091618
1263,menthol glucuronide,Method 3,CLJGMBYGTHRUNF-PJQJKGEDSA-N,,,0.031141868512110725,True,all_pre_hcc,provided_area,True,0.0007642365342622244,0.2659251832442801,0.029515178113741287,0.41095079085037267,0.5175689158676517,0.17838098850641526,0.579763398778759,,0.8485020301166755,0.840461736108878
777,3-hydroxypyridine sulfate,Method 3,BDERIBJTVYFANV-UHFFFAOYSA-N,,,0.006920415224913495,True,all_pre_hcc,provided_area,True,0.0033214471406271943,-0.3062370850057182,-0.0038107403607641464,0.4736259771076827,0.517903804513443,0.9041402274011155,0.5597960598033449,,0.8485020301166755,0.9816872402027719
1197,pregnenetriol disulfate*,Method 3,KANYWSIUKWPEOE-HXOPQMAFSA-N,,,0.0,True,all_pre_hcc,provided_area,True,-0.002208446058281291,-0.18734791248613739,0.004017148337647641,0.289837880608113,0.5180276977050202,0.7729664980031806,0.8555285873600568,,0.8485020301166755,0.9584353768563199
1148,"N,N-dimethyl-5-aminovalerate",Method 1,UYZSNVLEDLCWGU-UHFFFAOYSA-N,,,0.39273356401384085,False,all_pre_hcc,provided_area,True,-0.0024871324222423344,0.2837444396678431,-0.0001232579399199411,0.4399178926611784,0.5189310173734002,0.9950035693830903,0.4572140478047096,,0.8485020301166755,0.9975249643908218
1077,dihydroferulic acid sulfate,Method 3,UMCDODPBPQMWQP-UHFFFAOYSA-N,HMDB0041724,,0.3685121107266436,False,all_pre_hcc,provided_area,True,0.012410434791805048,0.2878747993196441,-0.010097518904115109,0.4471939769133811,0.5197467320255258,0.5693586784559679,0.6291455894966517,,0.8485020301166755,0.8923698243750036
770,"N,O-didesmethylvenlafaxine glucuronide",Method 1,UDNAJOOLWIWCAW-SQBZNDFJSA-N,HMDB0061167,,0.9965397923875432,False,all_pre_hcc,provided_area,True,0.000731408103262125,-0.013625859447668667,-0.0012385303759533616,0.021167960686853903,0.51976866771333,0.2063189091584301,-0.00012421618843150243,,0.8485020301166755,0.8527909813692914
1146,2-ketocaprylate,Method 3,GPPUPQFYDYLTIY-UHFFFAOYSA-N,HMDB13211,,0.0,True,all_pre_hcc,provided_area,True,0.0002723648167672198,-0.14019718398911346,0.0007873009153652882,0.2180637382914308,0.5202770664919985,0.9216955256678251,0.7577457018956752,,0.8485020301166755,0.9891436004219372
431,N2-methylguanosine,Method 3,SLEHROROQDYRAW-KQYNXXCUSA-N,HMDB0005862,,0.0847750865051903,True,all_pre_hcc,provided_area,True,-0.0027869856774721544,-0.1662009098838691,0.008014431247748867,0.2585495026302875,0.5203406063749136,0.6038464227616407,0.2566469704706441,,0.8485020301166755,0.8960599110954367
1161,glimepiride,Method 2,WIGIZIANZCJQQY-RUCARUNLSA-N,HMDB0014367,C07669,0.9757785467128027,False,all_pre_hcc,provided_area,True,-0.0033555251920818676,0.08429319956755504,0.005101656754898802,0.13124402993878004,0.5207023587043509,0.07324134575233211,0.5951329014188654,,0.8485020301166755,0.7672613886135418
1061,glyco-beta-muricholate**,Method 3,ZQYUKJFJPJDMMR-PRRFOZOMSA-N,,,0.28719723183391005,False,all_pre_hcc,provided_area,True,0.0008976255288467986,0.46754352944986083,-0.030274945455385945,0.7291668669130686,0.5213912044529084,0.3110520877927587,0.8803201054843904,,0.8485254012959362,0.8560732014389768
138,trans-4-hydroxyproline,Method 1,PMMYEEVYMWASQN-DMTCNVIQSA-N,HMDB0000725,C01157,0.0,True,all_pre_hcc,provided_area,True,-0.005306381884820209,-0.08360600859239302,0.0013692654131580596,0.13094538891491667,0.523161285608196,0.7903987187935657,0.6541556088057895,,0.8494711843537263,0.9657345946249472
318,dodecanedioate (C12-DC),Method 3,TVIDDXQYHWJXFK-UHFFFAOYSA-N,HMDB0000623,C02678,0.0,True,all_pre_hcc,provided_area,True,-0.0015739856405727547,-0.15656818656376134,0.008466595629459119,0.2453155927028788,0.5233228679444657,0.5538141353058916,0.6600043384235279,,0.8494711843537263,0.8901608221888474
1000,"sphingomyelin (d18:1/25:0, d19:0/24:1, d20:1/23:0, d19:1/24:0)*",Method 2,JONXXLXMISNQNG-BXMSAMRLSA-N,"HMDB0240675,HMDB0240674,HMDB0240673,HMDB0240671",,0.00865051903114187,True,all_pre_hcc,provided_area,True,-0.002045053597006119,-0.12988302276982652,-0.008963489068146865,0.2046450051031603,0.5256405480369286,0.19233872789433049,0.7645760820142076,,0.8513852958139663,0.8527909813692914
153,"bilirubin (Z,Z)",Method 2,BPYKTIZUTYGOLE-KDUUSRDASA-N,HMDB0000054,C00486,0.0,True,all_pre_hcc,provided_area,True,-0.0009209645127613508,-0.0903567958382504,0.009041918326169436,0.14259034441142082,0.526289009646494,0.13892063252472858,0.8171504314874947,,0.8513852958139663,0.8024739512831196
92,taurine,Method 1,XOAAWQZATWQOTB-UHFFFAOYSA-N,HMDB0000251,C00245,0.0,True,all_pre_hcc,provided_area,True,-0.0004951600041206119,-0.05669638439758412,-0.0012219870043048556,0.08952415990828168,0.5265324007498138,0.7889209702198353,0.5427047717655025,,0.8513852958139663,0.9657345946249472
20,N-acetylputrescine,Method 1,KLZGKIDSEJWEDW-UHFFFAOYSA-N,HMDB0002064,C02714,0.0,True,all_pre_hcc,provided_area,True,-0.0012745363546233235,-0.08325512875179292,-0.006684084361254874,0.13178771069841475,0.5275589658325197,0.3659042833511498,0.8301735301654996,,0.8515263150448537,0.8560732014389768
1081,tetradecadienoate (14:2)*,Method 3,HXHZGHRLVRFQDR-HZJYTTRNSA-N,HMDB0000560,,0.006920415224913495,True,all_pre_hcc,provided_area,True,-0.007088337088380273,0.16305309883791114,0.01648506259660071,0.25836223609765663,0.5279733908863162,0.0841669885760483,0.5217729553533802,,0.8515263150448537,0.7672613886135418
704,zolpidem,Method 1,ZAFYATHCZYHLPB-UHFFFAOYSA-N,HMDB0005023,C07219,0.967128027681661,False,all_pre_hcc,provided_area,True,-0.0009795461611449676,0.10891588086368008,-0.016746034496913958,0.17296878461580178,0.5289005784367686,0.3142044142383923,0.5042045563055334,,0.8517693618589793,0.8560732014389768
1015,adrenoylcarnitine (C22:4)*,Method 2,OLORTLVEDIELGC-SNPVRQPZSA-N,,,0.07612456747404844,True,all_pre_hcc,provided_area,True,-0.004109679666972053,-0.15218852694089946,-0.02554981234267778,0.2426316718156229,0.5305012863291126,0.0760680260500875,0.812111256639587,,0.8517693618589793,0.7672613886135418
962,N-palmitoyl-sphingadienine (d18:2/16:0)*,Method 2,XXWRZIYYFPIQHE-XPAOSYCESA-N,HMDB0240686,,0.025951557093425604,True,all_pre_hcc,provided_area,True,0.0003105237065922228,0.1389761570061594,0.0004945104919107367,0.22198991153449973,0.5312839991237659,0.8948552653159616,0.8009325420340102,,0.8517693618589793,0.9809690571997466
184,N1-methyladenosine,Method 1,GFYLSDSUCHVORB-IOSLPCCCSA-N,HMDB0003331,C02494,0.0,True,all_pre_hcc,provided_area,True,0.0011287369343927875,-0.05824557117697357,-0.003309549821073547,0.09308256727099706,0.531484889394307,0.37521653354500595,0.8446390234103397,,0.8517693618589793,0.8560732014389768
554,4-hydroxycoumarin,Method 3,VXIXUWQIVKSKSA-UHFFFAOYSA-N,,C20414,0.5899653979238755,False,all_pre_hcc,provided_area,True,0.013904347542852262,-0.261670849669593,-0.008783267861799747,0.4182026930561901,0.5315094984573122,0.713157195563076,0.40019194997021457,,0.8517693618589793,0.9423862941369219
957,oleoyl-arachidonoyl-glycerol (18:1/20:4) [1]*,Method 2,LWXLWRXRJKMNLM-XBUMEPTLSA-N,HMDB0007228,,0.22491349480968859,False,all_pre_hcc,provided_area,True,0.005225274228638011,-0.25951328046561956,0.028363048136152248,0.4160001094173252,0.532739342452861,0.27464980863169053,0.8544591008510344,,0.8526540620937649,0.8560732014389768
1163,canagliflozin,Method 3,XTNGUQKDFGDXSJ-ZXGKGEBGSA-N,,D09592,0.9948096885813149,False,all_pre_hcc,provided_area,True,0.0005938148984376276,0.029225956093806935,0.001262352826887337,0.04745065000685015,0.537945210193194,0.5185244951304545,0.002697192815138122,,0.8598920894828945,0.8775481470960588
536,glycocholenate sulfate*,Method 3,HCXZDHWUVRQLGC-UHFFFAOYSA-N,,,0.0,True,all_pre_hcc,provided_area,True,-0.002386779267464657,-0.1046351816647838,-0.006109687517246706,0.17032842240141394,0.5390076699310262,0.4355747422074079,0.8238104788555776,,0.860497016209684,0.8726314266623042
213,metoprolol,Method 1,IUBSYMUCCVWXPE-UHFFFAOYSA-N,HMDB0001932,D02358,0.9273356401384083,False,all_pre_hcc,provided_area,True,0.0008765245478784107,0.15784231820126493,-0.009710548851405662,0.2581156282750963,0.5408567942461313,0.5999403017742813,0.6790782502180226,,0.8623546858829318,0.8960599110954367
760,methyl glucopyranoside (alpha + beta),Method 3,HOVAGTYPODGVJG-ZFYZTMLRSA-N,HMDB0029965,,0.1643598615916955,True,all_pre_hcc,provided_area,True,-0.01267813460868052,-0.24136363050053208,-0.005833376245792675,0.39830137706535057,0.5445264302472619,0.7604332759006938,0.5626736613143285,,0.8643704583352542,0.9566553883857777
262,1-myristoyl-2-palmitoyl-GPC (14:0/16:0),Method 2,RFVFQQWKPSOBED-PSXMRANNSA-N,HMDB0007869,,0.0,True,all_pre_hcc,provided_area,True,-0.0034782172333431786,0.09880618524583655,-0.0005762718773132127,0.16370590629194706,0.546136829086487,0.9109746005732823,0.7936878173960464,,0.8643704583352542,0.9836961781297762
1028,(N(1) + N(8))-acetylspermidine,Method 1,MQTAVJHICJWXBR-UHFFFAOYSA-N,"HMDB0002189,HMDB0001276","C01029,C00612",0.0,True,all_pre_hcc,provided_area,True,-0.00018315559781351953,-0.08122257976074979,-0.003062440132500547,0.13485281821754042,0.5469708712269661,0.41154369803154656,0.7669444399699226,,0.8643704583352542,0.8560732014389768
154,thyroxine,Method 3,XUIIKFGFIJCVMT-LBPRGKRZSA-N,HMDB0000248,C01829,0.0,True,all_pre_hcc,provided_area,True,0.00013517249974080194,-0.12735153284654357,-0.01138327430423999,0.21147645844418456,0.5470397266661622,1.0587745887732777e-05,1.0700886205532811,,0.8643704583352542,0.006659692163383917
304,indoleacetate,Method 3,SEOVTRFCIGRIMH-UHFFFAOYSA-N,HMDB0000197,C00954,0.0,True,all_pre_hcc,provided_area,True,0.0012941428408698248,-0.11559067584667496,-0.008300815524463543,0.19202266273600743,0.5471982892568081,0.33443029610339003,0.726192665787641,,0.8643704583352542,0.8560732014389768
438,2-methylbutyrylcarnitine (C5),Method 1,IHCPDBBYTYJYIL-UHFFFAOYSA-N,HMDB0000378,,0.06401384083044982,True,all_pre_hcc,provided_area,True,0.004360032629129027,-0.1516480879154111,-0.01639283605334189,0.25265101762918424,0.548354630681724,0.20961715157360794,0.3566400448539298,,0.8643704583352542,0.8553386981638129
1104,sulfate of piperine metabolite C16H19NO3 (2)*,Method 3,,,,0.00865051903114187,True,all_pre_hcc,provided_area,True,-0.007422031152017459,0.20612021152828025,-0.010790498780879182,0.34492487229484,0.5501202001949305,0.49364603362917814,0.8752482371871423,,0.8643704583352542,0.8756937734462804
817,"1,2,3-benzenetriol sulfate (2)",Method 3,NGVLEQPKHLWZLN-UHFFFAOYSA-N,"HMDB0060018,HMDB0060016",,0.006920415224913495,True,all_pre_hcc,provided_area,True,0.0004919854159131387,-0.19675526523243134,0.007646256280595553,0.32935563324257633,0.5502439815808859,0.7381116962192262,0.322468878403225,,0.8643704583352542,0.9507328331542158
284,tartronate (hydroxymalonate),Method 3,ROBFUDYVXSDBQM-UHFFFAOYSA-N,HMDB0035227,C02287,0.0017301038062283738,True,all_pre_hcc,provided_area,True,-0.0016979369226926885,-0.13881086333772147,0.0051447295934056595,0.23240586577327998,0.5503219262059493,0.36216768570735525,0.7751533040465117,,0.8643704583352542,0.8560732014389768
147,glycerate,Method 4,RBNPOMFGQQGHHO-UHFFFAOYSA-N,"HMDB0000139,HMDB0006372",C00258,0.0,True,all_pre_hcc,provided_area,True,9.732598121415973e-06,0.055610547402416166,0.00039838390740509045,0.09313895442998694,0.5504601310602606,0.8846606147290309,0.5741197764999918,,0.8643704583352542,0.9809690571997466
203,1-palmitoyl-2-linoleoyl-GPI (16:0/18:2),Method 2,BSNJSZUDOMPYIR-DMDPBSJXSA-N,HMDB0009784,,0.0,True,all_pre_hcc,provided_area,True,-0.0011193734286895475,-0.1235951249180137,0.0018412736847587831,0.2072260610457405,0.5508903074066185,0.7401866099730134,0.8789020437937475,,0.8643704583352542,0.9513420678357163
425,isovalerylglycine,Method 3,ZRQXMKMBBMNNQC-UHFFFAOYSA-N,HMDB00678,,0.33217993079584773,False,all_pre_hcc,provided_area,True,-0.0005987717200349389,-0.231269478989565,0.01360021750572881,0.38789448586931935,0.5510299391155633,0.4093874532308732,0.4985290403726768,,0.8643704583352542,0.8560732014389768
202,1-palmitoyl-2-oleoyl-GPE (16:0/18:1),Method 2,FHQVHHIBKUMWTI-OTMQOFQLSA-N,HMDB0005320,,0.0,True,all_pre_hcc,provided_area,True,0.0014724237382815848,0.08802015555982477,0.010651627402458105,0.1476396272888558,0.5510533446620619,0.10222968430268482,0.6794601550274364,,0.8643704583352542,0.7856191265038538
711,furosemide,Method 3,ZZUFCTLCJUWOSV-UHFFFAOYSA-N,HMDB0001933,D00331,0.6314878892733564,False,all_pre_hcc,provided_area,True,-0.01970145055192789,-0.21945825950449946,-0.010929693692898756,0.36921556862300675,0.5522509010937591,0.49769765590244686,0.6908934559220054,,0.8646366956202706,0.8756937734462804
686,doxylamine,Method 1,HCFDWZZGGLSKEP-UHFFFAOYSA-N,HMDB0001936,D07878,0.9809688581314879,False,all_pre_hcc,provided_area,True,-0.0007374561715300833,0.08840941056986294,0.0009677680808334532,0.1488694597258445,0.552597697359855,0.21836295139355266,0.9345751864773797,,0.8646366956202706,0.8560732014389768
669,alliin,Method 1,XUHLIQGRKRUKPH-ITZCMCNPSA-N,HMDB0033592,C08265,0.1903114186851211,True,all_pre_hcc,provided_area,True,0.010619578390006148,0.20753343674711136,-0.025438475407428055,0.35214983126314675,0.5556380637906504,0.2236832412992198,0.48947967761832334,,0.8661186835730155,0.8560732014389768
28,arginine,Method 1,ODKSFYDXXFIFQN-UHFFFAOYSA-N,HMDB0000517,C00062,0.0,True,all_pre_hcc,provided_area,True,-0.002451893168188659,0.048932338367106414,-0.00019362478227908893,0.08304889109531234,0.5557276685164434,0.9483902604011761,0.7610373231466719,,0.8661186835730155,0.989321788397764
600,4-hydroxyglutamate,Method 1,HBDWQSHEVMSFGY-SCQFTWEKSA-N,HMDB0001344,C03079,0.08650519031141868,True,all_pre_hcc,provided_area,True,-0.00975401081559009,-0.16232402031979104,0.020016416203703122,0.27580205932521323,0.5561614358247515,0.006600984445207559,0.6585760558454193,,0.8661186835730155,0.3193860935411965
613,S-methylcysteine,Method 3,IDIDJDIHTAOVLG-VKHMYHEASA-N,HMDB0002108,,0.0,True,all_pre_hcc,provided_area,True,-0.0034930569883189484,-0.11446220612124597,0.005550524621236886,0.19526888472448098,0.5577563108704988,0.5547075762316667,0.6400275350481048,,0.8661186835730155,0.8901608221888474
112,malonate,Method 4,OFOBLEOULBTSOW-UHFFFAOYSA-N,HMDB0000691,C00383,0.012110726643598616,True,all_pre_hcc,provided_area,True,0.0010454889258833544,-0.20076910847879303,0.03825677230846954,0.34269500109151374,0.5579738841600644,0.02573561559815968,0.7610010840883441,,0.8661186835730155,0.6306020546424962
62,myo-inositol,Method 4,CDAISMWEOUEBRE-GPIVLXJGSA-N,HMDB0000211,C00137,0.0,True,all_pre_hcc,provided_area,True,0.0005095190234287018,-0.0764151535201265,-0.0164559960731321,0.13073562452141532,0.5588830341349307,0.0585553268807035,0.7282695976238234,,0.8661186835730155,0.7415971723370185
232,4-guanidinobutanoate,Method 1,TUHVEAJXIMEOSA-UHFFFAOYSA-N,HMDB0003464,C01035,0.0,True,all_pre_hcc,provided_area,True,-0.005088627242729688,0.08257395762275598,0.0041850267972506575,0.14173758647147358,0.5601738181452798,0.3781836158740174,0.49511075182988984,,0.8661186835730155,0.8560732014389768
319,"glutamate, gamma-methyl ester",Method 1,ZGEYCCHDTIDZAE-UHFFFAOYSA-N,HMDB0061715,,0.04844290657439446,True,all_pre_hcc,provided_area,True,-0.00371447940891434,-0.12440402778471907,-0.0015342993473914425,0.21357094151792128,0.5602332384148174,0.765603128274945,0.38441413522262974,,0.8661186835730155,0.9575808199502114
880,1-(1-enyl-palmitoyl)-2-oleoyl-GPC (P-16:0/18:1)*,Method 2,CRBBMHQTIAELIS-KQBBALDBSA-N,HMDB0007996,,0.0,True,all_pre_hcc,provided_area,True,-0.0011948214822097689,-0.07287122847439116,0.003924338635201122,0.12511507558301802,0.5602746301645493,0.32000360663852956,0.8213025287619556,,0.8661186835730155,0.8560732014389768
161,vanillylmandelate (VMA),Method 3,CGQCWMIAEPEHNQ-UHFFFAOYSA-N,HMDB0000291,C05584,0.006920415224913495,True,all_pre_hcc,provided_area,True,0.0038710788952124797,-0.11804694528234058,-0.007104720069536849,0.20281679594480628,0.5605415402103298,0.36142184440304403,0.8848161829452198,,0.8661186835730155,0.8560732014389768
31,aspartate,Method 1,CKLJMWTZIZZHCS-UHFFFAOYSA-N,HMDB0000191,C00049,0.0,True,all_pre_hcc,provided_area,True,-0.006151845424017573,-0.08759184485377168,0.0007236177942392963,0.15115559863632666,0.5622644517118489,0.8722653352748738,0.8507111792786057,,0.8661186835730155,0.9771235901832512
317,trigonelline (N'-methylnicotinate),Method 1,WWNNZCOKKKDOPX-UHFFFAOYSA-N,HMDB0000875,C01004,0.0,True,all_pre_hcc,provided_area,True,0.003906698633698907,-0.16808326529727668,-0.007086846609506347,0.2906239279970576,0.5630257149413465,0.7676973270217595,0.3806134731741997,,0.8661186835730155,0.9575808199502114
261,docosahexaenoate (DHA; 22:6n3),Method 3,MBMBGCFOFBJSGT-KUBAVDMBSA-N,HMDB0002183,C06429,0.0,True,all_pre_hcc,provided_area,True,-0.004975852188877809,0.12806411784962146,0.00030964373652780344,0.2216577080850402,0.5634287219619467,0.9722688903000728,0.6898542127482827,,0.8661186835730155,0.9944018406483672
1010,eicosenoylcarnitine (C20:1)*,Method 2,PVOQPLSKYNZHOT-OUKQBFOZSA-N,,,0.0,True,all_pre_hcc,provided_area,True,0.0017586668844075946,-0.11130713222939718,0.0038740622149550613,0.1930727435568877,0.564274835477346,0.5161575051488405,0.7413716193559352,,0.8661186835730155,0.8775481470960588
857,palmitoyl dihydrosphingomyelin (d18:0/16:0)*,Method 2,QHZIGNLCLJPLCU-QPPIDDCLSA-N,HMDB0010168,,0.0,True,all_pre_hcc,provided_area,True,-0.003552581440873926,-0.07468196681310424,-0.002141739092854909,0.12954465922207734,0.5642800304081776,0.5022407791451693,0.9462860546091941,,0.8661186835730155,0.8756937734462804
1244,temazepam,Method 2,SEQDDYPDSLOBDC-UHFFFAOYSA-N,HMDB0014376,D00370,0.9896193771626297,False,all_pre_hcc,provided_area,True,-0.0016306587888919026,-0.004520810942130944,-0.00047768453687625437,0.007905243801705545,0.5674066925882246,0.8614773931030659,0.30353893660459913,,0.8661186835730155,0.9756547618749309
575,alpha-CEHC,Method 3,AXODOWFEFKOVSH-UHFFFAOYSA-N,HMDB0001518,,0.6730103806228374,False,all_pre_hcc,provided_area,True,0.00709837838191768,-0.14354644595281876,-0.00023372787102510486,0.25137611241953317,0.5679708279279756,0.9817681346073486,0.6312498176525123,,0.8661186835730155,0.9975249643908218
426,3-hydroxydodecanedioate*,Method 3,FYVQCLGZFXHEGL-UHFFFAOYSA-N,HMDB0000413,,0.08304498269896193,True,all_pre_hcc,provided_area,True,-0.0030890212542820706,0.1911738497778762,0.005148536019529996,0.33495656579256244,0.5681744033888378,0.755094419883802,0.42827160336842995,,0.8661186835730155,0.9566553883857777
972,N-oleoylserine,Method 3,MBDKGXAMSZIDKF-KTKRTIGZSA-N,,,0.0,True,all_pre_hcc,provided_area,True,-0.0041933359531956095,0.128911310851222,0.005952073566456256,0.22605616726688582,0.56849980384949,0.31400521582765584,0.9199315487912334,,0.8661186835730155,0.8560732014389768
336,docosapentaenoate (n3 DPA; 22:5n3),Method 3,YUFFSWGQGVEMMI-JLNKQSITSA-N,"HMDB0006528,HMDB0001976",C16513,0.0,True,all_pre_hcc,provided_area,True,-0.0027921292326732916,0.1248761957486198,0.003275626154436902,0.21900801541170573,0.5685487900180122,0.7208787165614856,0.5359288596981129,,0.8661186835730155,0.944887406965256
119,cotinine,Method 1,UIKROCXWUNQSPJ-VIFPVBQESA-N,HMDB0001046,,0.6903114186851211,False,all_pre_hcc,provided_area,True,0.0037449132472715304,-0.47835333888550663,-0.00791744297486997,0.8396554037426128,0.5688798526864447,0.26824466686189585,0.9261958388846212,,0.8661186835730155,0.8560732014389768
654,carboxyethyl-GABA,Method 1,SRGQUICKDUQCKO-UHFFFAOYSA-N,HMDB0002201,,0.015570934256055362,True,all_pre_hcc,provided_area,True,-0.0008897320561641611,-0.10557723947132458,-0.011634077020700911,0.18567156675835547,0.5696115880922754,0.44329641189202873,0.7887292437809202,,0.8661186835730155,0.8740860284642196
862,azithromycin,Method 2,MQTOSJVFKKJCRP-UHFFFAOYSA-N,HMDB0014352,"DG00606,D06390,C06838",0.9948096885813149,False,all_pre_hcc,provided_area,True,4.3833745058164285e-05,0.006004387478460026,-0.0018303882052773733,0.010579182301417177,0.5703294877018072,0.3122248291747912,0.16357921074448184,,0.8661186835730155,0.8560732014389768
516,dimethylarginine (SDMA + ADMA),Method 1,YDGMGEXADBMOMJ-LURJTMIESA-N,"HMDB0003334,HMDB0001539","C21189,C03626",0.0,True,all_pre_hcc,provided_area,True,0.0004126957648926331,0.052806844269723145,-0.00430381836783523,0.09313412320021171,0.5707156667522019,0.25450260858469353,0.9527013543584081,,0.8661186835730155,0.8560732014389768
22,S-adenosylhomocysteine (SAH),Method 3,ZJUKTBDSGOFHSH-UHFFFAOYSA-N,HMDB0000939,C00021,0.04671280276816609,True,all_pre_hcc,provided_area,True,-0.0004087230090155116,0.11903845266483769,-0.00017590994914009844,0.21098192866176144,0.5726101306254594,0.985375945013342,0.7801059423502921,,0.8661186835730155,0.9975249643908218
1258,"bilirubin degradation product, C16H18N2O5 (4)**",Method 3,,,,0.19377162629757785,True,all_pre_hcc,provided_area,True,-0.003237900776937488,-0.2146441562146853,0.020717979517183523,0.3811088923160459,0.5732922212295241,0.08380475227324047,0.5859821321431035,,0.8661186835730155,0.7672613886135418
1088,ethyl beta-glucopyranoside,Method 3,WYUFTYLVLQZQNH-JAJWTYFOSA-N,HMDB0029968,,0.05709342560553633,True,all_pre_hcc,provided_area,True,-0.007379879724979605,0.2319524195497296,-0.008896062106108398,0.41213038115899475,0.5735620893781739,0.6819931996298174,0.390734221488911,,0.8661186835730155,0.9295013183590858
108,mannose,Method 4,WQZGKKKJIJFFOK-DXQLJALPSA-N,HMDB0000169,"C00159,C02209,C00936",0.0,True,all_pre_hcc,provided_area,True,0.0003377869875670376,0.08916576058694095,0.0014681349705017983,0.1586707013988396,0.5741468226967218,0.8401396677696298,0.7404978221876128,,0.8661186835730155,0.972152403262362
619,atorvastatin,Method 3,XUKUURHRXDUEBC-KAYWLYCHSA-N,HMDB0005006,"D07474,D02258,D00887",0.9117647058823529,False,all_pre_hcc,provided_area,True,0.00025816943388758514,0.189349715027527,0.023828607029329842,0.33735646179841133,0.5746101483819506,0.24493687584244928,0.7715838186856933,,0.8661186835730155,0.8560732014389768
346,guanidinosuccinate,Method 4,VVHOUVWJCQOYGG-UHFFFAOYSA-N,HMDB0003157,C03139,0.39792387543252594,False,all_pre_hcc,provided_area,True,0.0019135777929265951,-0.19201377451642002,-0.028785405381783917,0.3442360465087181,0.5769831295788304,0.003993892779862718,0.94136720655067,,0.8661186835730155,0.2644377430035421
881,1-(1-enyl-palmitoyl)-2-linoleoyl-GPC (P-16:0/18:2)*,Method 2,QLEHHUPUHJPURI-PWYDUFMYSA-N,HMDB0011211,,0.0,True,all_pre_hcc,provided_area,True,-0.0011125474535119818,-0.06535907426640782,0.0037905467784720578,0.11718975545139106,0.5770355759155322,0.33396410957242617,0.807473861564753,,0.8661186835730155,0.8560732014389768
144,pantothenate,Method 3,GHOKWGTUZJEAQD-ZETCQYMHSA-N,HMDB0000210,C00864,0.0,True,all_pre_hcc,provided_area,True,0.0001677331405597987,0.10076203021230626,-0.003541349542966076,0.1808523496966909,0.5774244057893889,0.653053722675137,0.8013340403013052,,0.8661186835730155,0.9210107434140384
190,thromboxane B2,Method 3,XNRNNGPBEPRNAR-JQBLCGNGSA-N,HMDB0003252,C05963,0.7474048442906575,False,all_pre_hcc,provided_area,True,-0.010372800756513348,-0.1733632944811486,0.011173916289446183,0.3112131674588976,0.5774888782320007,0.4801151663559945,0.35211080737809336,,0.8661186835730155,0.8756937734462804
899,1-oleoyl-2-docosahexaenoyl-GPC (18:1/22:6)*,Method 2,FPEVDFOXMCHLKL-KFDYCXSYSA-N,HMDB0008123,,0.0,True,all_pre_hcc,provided_area,True,-0.0035067262295864145,-0.06936433227390064,-0.00028748847953875796,0.12454677443521404,0.5775725290368918,0.9458930984309643,0.8662799706535235,,0.8661186835730155,0.989321788397764
618,cis-4-decenoate (10:1n6)*,Method 3,XKZKQTCECFWKBN-SREVYHEPSA-N,HMDB0004980,,0.00865051903114187,True,all_pre_hcc,provided_area,True,-0.004622469557656726,0.14131676037225113,0.013246591427350279,0.2537868899567974,0.5776419519219078,0.1620210960653128,0.6743014812255217,,0.8661186835730155,0.8259463527830706
351,5-dodecenoate (12:1n7),Method 3,IJBFSOLHRKELLR-FPLPWBNLSA-N,HMDB0000529,,0.0,True,all_pre_hcc,provided_area,True,-0.009402465356963307,0.15730524787805625,0.02334885862918453,0.2830769943108265,0.5784174972427096,0.052628883961150494,0.45788964512205726,,0.86624906134682,0.7119046884207239
1007,cerotoylcarnitine (C26)*,Method 2,KOCKWDDTAHPJSX-UHFFFAOYSA-N,HMDB0006347,,0.0,True,all_pre_hcc,provided_area,True,-0.003153581582849552,-0.11079495471143673,-0.0013362590628847291,0.20098539266536483,0.5814563169546625,0.8517035273254827,0.9492658400982978,,0.8694335682832124,0.9740000183001865
999,sphingomyelin (d18:2/23:1)*,Method 2,FEKSRDMVIULIDJ-SQPFVDNVSA-N,HMDB0240668,,0.0,True,all_pre_hcc,provided_area,True,-0.0008771754258167028,-0.07912530273710484,0.0010392288222735072,0.1437277992636833,0.5819614525175608,0.7677866185071651,0.827223744991747,,0.8694335682832124,0.9575808199502114
65,3-sulfo-alanine,Method 4,XVOYSCVBGLVSOL-UHFFFAOYSA-N,HMDB0002757,C00506,0.05190311418685121,True,all_pre_hcc,provided_area,True,-0.00607253594723181,0.15560148360305776,-0.011895317491476126,0.2831724184004436,0.582666629496127,0.4133484763790686,0.7535638106014348,,0.8694335682832124,0.8560732014389768
1079,fibrinopeptide A (7-16)*,Method 3,NQUPYRJVFYRZQX-UHFFFAOYSA-N,,,0.0017301038062283738,True,all_pre_hcc,provided_area,True,0.0025759215960165695,0.08517808639293785,-0.007530117919293284,0.155276171307004,0.58330837172578,0.33242046764252653,0.6779748928515887,,0.8694335682832124,0.8560732014389768
848,2-hydroxybutyrate/2-hydroxyisobutyrate,Method 4,AFENDNXGAFYKQO-UHFFFAOYSA-N,"HMDB0000729,HMDB00008","C21297,C05984",0.0,True,all_pre_hcc,provided_area,True,0.0007495209245431654,-0.1111818862219072,0.0066710708640159155,0.2058702719800256,0.5891570379316722,0.39037807391533763,0.7571915610909484,,0.8707725289182339,0.8560732014389768
703,O-desmethylvenlafaxine,Method 1,KYYIDSXMWOZKMP-UHFFFAOYSA-N,HMDB0015646,D07793,0.9930795847750865,False,all_pre_hcc,provided_area,True,0.0005275320661326478,0.020612033170646058,-0.0037716755409211776,0.03816656343052917,0.5891592880878661,0.33057423178926026,0.10081669852900525,,0.8707725289182339,0.8560732014389768
866,1-stearoyl-2-linoleoyl-GPE (18:0/18:2)*,Method 2,YDTWOEYVDRKKCR-KNERPIHHSA-N,HMDB0008994,,0.0,True,all_pre_hcc,provided_area,True,-0.0006101027532996065,0.0814546333622685,0.009343107911003961,0.15084453509037415,0.5892035042728301,0.32974555645355674,0.6533676675738356,,0.8707725289182339,0.8560732014389768
531,"bilirubin (E,Z or Z,E)*",Method 2,BPYKTIZUTYGOLE-BMNRKXRESA-N,HMDB0000488,C00486,0.0017301038062283738,True,all_pre_hcc,provided_area,True,-0.004347555832286178,0.080902048386438,0.012142011535986114,0.14994543834869303,0.5895120659310369,0.08022708970972073,0.7510164498140923,,0.8707725289182339,0.7672613886135418
281,acetylcarnitine (C2),Method 1,RDHQFKQIGNGIED-MRVPVSSYSA-N,HMDB0000201,C02571,0.0,True,all_pre_hcc,provided_area,True,0.001897962105532671,-0.06190104836617082,-0.0031594049443834592,0.11485900222738624,0.5899346376012391,0.4350177870089742,0.7746788187069089,,0.8707725289182339,0.8726314266623042
491,"3,4-dihydroxybutyrate",Method 4,DZAIOXUZHHTJKN-UHFFFAOYSA-N,HMDB0000337,,0.0,True,all_pre_hcc,provided_area,True,0.0017526960008750552,-0.15496707308559135,0.02288112733228996,0.28814917962522435,0.5907140674090605,0.11785263797128136,0.719389313843877,,0.8707725289182339,0.7930025537695831
907,1-oleoyl-2-arachidonoyl-GPE (18:1/20:4)*,Method 2,PECSWFQRRFRZPW-BHPGJWMBSA-N,HMDB0009069,,0.12629757785467127,True,all_pre_hcc,provided_area,True,0.005260357579530404,0.1395925479660316,0.016940177313124374,0.2596408053525777,0.5908275631256148,0.06732571344278575,0.3793728099207618,,0.8707725289182339,0.7672613886135418
243,glycodeoxycholate,Method 2,WVULKSPCQVQLCU-BUXLTGKBSA-N,HMDB00631,C05464,0.4913494809688581,False,all_pre_hcc,provided_area,True,0.011949743577070486,-0.27561388983059,0.0019964761677834764,0.5127298272420865,0.5908931831380064,0.9033915354797315,0.7602733278055935,,0.8707725289182339,0.9816872402027719
582,S-carboxymethyl-cysteine,Method 1,GBFLZEXEOZUWRN-UHFFFAOYSA-N,HMDB0029415,C03727,0.4913494809688581,False,all_pre_hcc,provided_area,True,-0.0008677033244439051,-0.13311805741942087,0.013143928802720925,0.24792467541157076,0.5913163535644927,0.27960354324211056,0.34308905552521574,,0.8707725289182339,0.8560732014389768
794,propyl 4-hydroxybenzoate,Method 3,QELSKZZBTMNZEB-UHFFFAOYSA-N,HMDB0032574,D01422,0.903114186851211,False,all_pre_hcc,provided_area,True,-0.009697056496668341,0.1571884600698248,0.019316738728400427,0.29311096995672864,0.5917676227252482,0.384808999699663,0.17210453650441385,,0.8707725289182339,0.8560732014389768
364,myristoylcarnitine (C14),Method 2,PSHXNVGSVNEJBD-UHFFFAOYSA-N,HMDB0005066,,0.0,True,all_pre_hcc,provided_area,True,-0.00027866125560547237,-0.10685957648423466,0.006070480740185359,0.19939850865651995,0.5920210242700135,0.30883646308745827,0.77449187751263,,0.8707725289182339,0.8560732014389768
976,"ceramide (d16:1/24:1, d18:1/22:1)*",Method 2,ODRVSCJZSDNQBP-LMGPGFSZSA-N,,,0.05190311418685121,True,all_pre_hcc,provided_area,True,0.0013576988977176052,-0.12473096992818025,0.004009752003283901,0.23311669291497372,0.5926096966494105,0.5810121351670825,0.5759672907810324,,0.8707725289182339,0.8923698243750036
44,cysteinylglycine,Method 1,ZUKPVRWZDMRIEO-UHFFFAOYSA-N,HMDB0000078,C01419,0.0,True,all_pre_hcc,provided_area,True,-0.0006411529684781159,-0.09034878289283292,-0.0020595896343947534,0.16913003185323872,0.5932051329752992,0.7892138371998626,0.5559175627598304,,0.8707725289182339,0.9657345946249472
344,1-methyl-4-imidazoleacetate,Method 1,ZHCKPJGJQOPTLB-UHFFFAOYSA-N,HMDB0002820,C05828,0.0,True,all_pre_hcc,provided_area,True,0.0013505165764316955,-0.07394429189357178,-0.011543563434537918,0.14053932285059006,0.5987863282648453,0.10720270115930472,0.7052636651160159,,0.8747401809578469,0.7856191265038538
604,norcotinine,Method 1,FXFANIORDKRCCA-UHFFFAOYSA-N,HMDB0001297,,0.8339100346020761,False,all_pre_hcc,provided_area,True,0.0037555960709750886,-0.13300558050360453,-0.001608055628711607,0.25323732834382245,0.5994295195377279,0.6210912891233817,1.02222370037049,,0.8747401809578469,0.89675723833985
1004,behenoylcarnitine (C22)*,Method 2,IUMXSSOVGPXXJL-UHFFFAOYSA-N,HMDB0062468,,0.1384083044982699,True,all_pre_hcc,provided_area,True,-0.0028201107801291273,-0.16547327424657135,-0.011162632944783136,0.31521735789836447,0.599618121261923,0.4695485184287219,0.6450167099631673,,0.8747401809578469,0.8756937734462804
809,"sphingomyelin (d17:1/16:0, d18:1/15:0, d16:1/17:0)*",Method 2,LQINJRUGTUOHGS-YPDYIYJKSA-N,"HMDB0240617,HMDB0240608",,0.0,True,all_pre_hcc,provided_area,True,-0.00031380569230184265,-0.07588377304814452,-0.003171149063182673,0.1445813732291309,0.5996863193033191,0.40295211613046755,0.9477232736743536,,0.8747401809578469,0.8560732014389768
1118,2-hydroxyfluorene sulfate,Method 3,ZAEQSKSORYMOAE-UHFFFAOYSA-N,,,0.3771626297577855,False,all_pre_hcc,provided_area,True,-0.016106295380294552,-0.175001765405744,0.01851985954584752,0.33440934320378307,0.6007543568973244,0.25203232352912963,0.6073021384775672,,0.8747401809578469,0.8560732014389768
1001,"sphingomyelin (d17:2/16:0, d18:2/15:0)*",Method 2,YHBBZTIPONDTRX-TVUHHANTSA-N,HMDB0240677,,0.010380622837370242,True,all_pre_hcc,provided_area,True,0.0006268981096826823,-0.10414411391230978,0.00179153664862269,0.19904017553532988,0.6008130782332647,0.7383158462800815,0.6969533669072036,,0.8747401809578469,0.9507328331542158
786,4-vinylguaiacol sulfate,Method 3,FKCHAXAGQVCJPN-UHFFFAOYSA-N,HMDB0127980,,0.1695501730103806,True,all_pre_hcc,provided_area,True,0.004136335836363209,-0.24494361445682153,-0.014146127411516145,0.4681438618329478,0.6008191093659324,0.4857153111490158,0.5344096924964096,,0.8747401809578469,0.8756937734462804
1226,"branched-chain, straight-chain, or cyclopropyl 10:1 fatty acid (2)*",Method 3,NIFITBVFNGQSNA-SOFGYWHQSA-N,,,0.17474048442906576,True,all_pre_hcc,provided_area,True,-0.0034046588234658876,-0.2538871905737462,-0.021640773348144352,0.4863648313750913,0.6016635327146176,0.19586334237954994,0.3287739840955548,,0.8747401809578469,0.8527909813692914
869,1-palmitoyl-2-palmitoleoyl-GPC (16:0/16:1)*,Method 2,QIBZFHLFHCIUOT-HTXNQAPBSA-N,HMDB0007969,,0.0,True,all_pre_hcc,provided_area,True,-0.0014629044409726515,-0.07635501666146377,0.0002666579854022566,0.14647375613337693,0.6021661341092969,0.9379791568098917,0.7914483763667167,,0.8747401809578469,0.9891436004219372
188,12-HHTrE,Method 3,KUKJHGXXZWHSBG-WBGSEQOASA-N,HMDB0012535,C20388,0.3494809688581315,False,all_pre_hcc,provided_area,True,-0.013212867973189523,-0.20312879895831049,-0.004999577585256612,0.3912779915213662,0.6036617930878321,0.7880248405947674,0.37383819175792216,,0.8752613574704936,0.9657345946249472
722,"sphingomyelin (d18:1/14:0, d16:1/16:0)*",Method 2,KYICBZWZQPCUMO-PSALXKTOSA-N,HMDB0012097,,0.0,True,all_pre_hcc,provided_area,True,-0.001168765141701617,-0.07555754843086218,-0.0008075500917649826,0.14588455780990345,0.6045092171120057,0.8438780112996155,0.9396770631894402,,0.8752613574704936,0.972152403262362
131,N-stearoyl-sphinganine (d18:0/18:0)*,Method 2,KZTJQXAANJHSCE-OIDHKYIRSA-N,HMDB0011761,,0.039792387543252594,True,all_pre_hcc,provided_area,True,-0.0005366354605898854,-0.12616420820260468,-0.0071503763376014814,0.2436640063139535,0.6046121777757225,0.341383101163621,0.7446945489506094,,0.8752613574704936,0.8560732014389768
458,2-hydroxypalmitate,Method 3,JGHSBPIZNUXPLA-UHFFFAOYSA-N,HMDB0031057,,0.0,True,all_pre_hcc,provided_area,True,-0.0030362772871465795,0.10464215431678053,-0.007533138084687557,0.20288401988030896,0.6060127738322385,0.057261553123325454,1.0055375323958968,,0.8756600116115754,0.7415971723370185
414,orotidine,Method 4,FKCRAVPPBFWEJD-XVFCMESISA-N,HMDB0000788,,0.010380622837370242,True,all_pre_hcc,provided_area,True,0.003494653990577269,-0.11234900853425092,-0.008329667786961197,0.21820443523883212,0.606637169195295,0.16748848721491372,1.043827147342464,,0.8756600116115754,0.8356366305458149
984,glycosyl-N-(2-hydroxynervonoyl)-sphingosine (d18:1/24:1(2OH))*,Method 2,KNDOGXSGCOJBRQ-UHRQUHAFSA-N,,,0.005190311418685121,True,all_pre_hcc,provided_area,True,-0.0034454795626257715,0.09402624821605159,0.009290041734154968,0.18312506076020582,0.607633958819153,0.13875960208692908,0.857383942576219,,0.8756600116115754,0.8024739512831196
734,benzoylcarnitine*,Method 1,AWUHAZDZHNWQAG-UHFFFAOYSA-N,,,0.07612456747404844,True,all_pre_hcc,provided_area,True,0.0015055406211510064,0.13702947182164696,0.004702612412634889,0.2671466311425673,0.6079951802810726,0.5826156675296279,0.809072432918129,,0.8756600116115754,0.8923698243750036
217,eicosapentaenoate (EPA; 20:5n3),Method 3,JAZBEHYOTPTENJ-JLNKQSITSA-N,HMDB0001999,C06428,0.0,True,all_pre_hcc,provided_area,True,-0.0010797155895764365,0.10937373751414393,0.00292074643181238,0.213851184952388,0.6090374677153466,0.7418653168098869,0.6122650498624896,,0.8756600116115754,0.9513420678357163
1165,"2,3-dihydroxy-5-methylthio-4-pentenoate (DMTPA)*",Method 3,XMZBEAXQGSBWLG-NSCUHMNNSA-N,HMDB0240388,,0.0,True,all_pre_hcc,provided_area,True,0.0009360597777897204,0.10177373758382997,-0.007420398454156928,0.19900615717729603,0.609063998537463,0.3259692671611275,0.9998426018774941,,0.8756600116115754,0.8560732014389768
1016,docosapentaenoylcarnitine (C22:5n3)*,Method 2,MJPIXACTUMSGGI-WMPRHZDHSA-N,,,0.3096885813148789,False,all_pre_hcc,provided_area,True,-0.006813242581452569,0.1499314747898972,0.006038901915404272,0.2939804900720686,0.6100480662372798,0.42149576625926155,0.6100090523139572,,0.8760735928384681,0.8570306549701113
157,methyl indole-3-acetate,Method 1,KTHADMDGDNYQRX-UHFFFAOYSA-N,HMDB0029738,,0.01384083044982699,True,all_pre_hcc,provided_area,True,-0.0008195789996691937,-0.11765259110496763,0.0003851291180274423,0.23170541196689162,0.6116160614005695,0.9646869699521398,0.448235113477312,,0.8764526106146975,0.9927133185833146
963,palmitoyl-docosahexaenoyl-glycerol (16:0/22:6) [1]*,Method 2,BXVYQJJBMVVALQ-UNMZRDIWSA-N,HMDB0007121,,0.6972318339100346,False,all_pre_hcc,provided_area,True,0.0053800398424532075,-0.17016891948145024,-0.0096872351621835,0.3362924311944472,0.6128463180711377,0.5376223476016606,0.2817374788889318,,0.8764526106146975,0.8843780156115931
436,oleoylcarnitine (C18:1),Method 2,IPOLTUVFXFHAHI-WHIOSMTNSA-N,HMDB0005065,,0.0,True,all_pre_hcc,provided_area,True,0.000911061067254063,-0.09495423153434446,0.0036941094642244845,0.18796746869459527,0.6134442763906418,0.3808212811223759,0.8498973065015519,,0.8764526106146975,0.8560732014389768
717,indolin-2-one,Method 1,JYGFTBXVXVMTGB-UHFFFAOYSA-N,,C12312,0.07785467128027682,True,all_pre_hcc,provided_area,True,0.004999150936816003,-0.14024173438365015,-0.018259709616499725,0.2778869246634845,0.6137892699507298,0.19115623936306858,0.6184428997835948,,0.8764526106146975,0.8527909813692914
1037,N-stearoylserine*,Method 3,CLHUCXCVFSEJRR-UHFFFAOYSA-N,,,0.10899653979238755,True,all_pre_hcc,provided_area,True,-0.004559818726698084,-0.14166377042923162,-0.0007093260792257471,0.28070960789689575,0.6137955087055235,0.9309078254096099,0.5558531079358151,,0.8764526106146975,0.9891436004219372
146,phosphoethanolamine,Method 1,SUHOOTKUPISOBE-UHFFFAOYSA-N,HMDB0000224,C00346,0.03633217993079585,True,all_pre_hcc,provided_area,True,-0.0033611141433852144,-0.09428158092757102,0.010236316580797208,0.187838781946116,0.6157180307770171,0.2807008581321603,0.589000200769302,,0.8772313039412923,0.8560732014389768
601,L-urobilin,Method 2,TYOWQSLRVAUSMI-WKULSOCRSA-N,HMDB0004159,C05793,0.7006920415224913,False,all_pre_hcc,provided_area,True,0.02192123421122099,-0.24413392701345202,-0.025637962945117353,0.48724253290269115,0.6163344093257099,0.09658404370673303,0.5307527741477591,,0.8772313039412923,0.7796467404422845
1098,gamma-CEHC sulfate,Method 3,XJAVOQFBEMHLBM-UHFFFAOYSA-N,,,0.532871972318339,False,all_pre_hcc,provided_area,True,0.004649308154470463,0.17750462145080176,0.009308564410306178,0.35436263511686894,0.6164328081749622,0.3748605271532087,0.6338615661898936,,0.8772313039412923,0.8560732014389768
276,palmitoylcarnitine (C16),Method 2,XOMRRQXKHMYMOC-UHFFFAOYSA-N,HMDB0000222,C02990,0.0,True,all_pre_hcc,provided_area,True,0.0006495327818409916,-0.09510476560127498,-0.00018600166736909077,0.19092389418515301,0.6183929845473144,0.9450713190000071,0.9400290745406871,,0.8776635990216404,0.989321788397764
272,2-hydroxyoctanoate,Method 3,JKRDADVRIYVCCY-UHFFFAOYSA-N,HMDB0002264,,0.0,True,all_pre_hcc,provided_area,True,0.004570136172981181,-0.10371958668743264,-0.008306471756025523,0.2082325643317787,0.6184171266817988,0.32865332875315356,0.8312323139989916,,0.8776635990216404,0.8560732014389768
775,isoeugenol sulfate,Method 3,HRHBRUPGUDLQIF-ONEGZZNKSA-N,,,0.39273356401384085,False,all_pre_hcc,provided_area,True,-0.009492203345491687,0.1776245199481677,-0.029888029992786898,0.35702716452605554,0.6188295805502345,0.15052607828820075,0.3887545212167566,,0.8776635990216404,0.8035053187401463
1108,N-acetyltheanine,Method 3,STZOUWQDQRPMBI-ZETCQYMHSA-N,,,0.7681660899653979,False,all_pre_hcc,provided_area,True,0.001114066160725621,0.20208704820861384,0.004925608775903876,0.4085889887222028,0.620884343534811,0.8224882746448019,0.24491405201288385,,0.8790715785396873,0.9679048171217595
822,tramadol,Method 1,TVYLLZQTGLZFBW-ZBFHGGJFSA-N,HMDB0014339,C07153,0.8875432525951558,False,all_pre_hcc,provided_area,True,-0.0052519120045002405,0.2113741930388772,0.012434302890314403,0.42837690886339014,0.6217085008187873,0.2711283284636755,0.6140761078017746,,0.8790715785396873,0.8560732014389768
390,salicyluric glucuronide*,Method 3,OEPADIDIUZTYOX-UHFFFAOYSA-N,HMDB0240252,,0.5657439446366782,False,all_pre_hcc,provided_area,True,0.01056314916318839,0.2606677189565282,-0.0053834515228212525,0.5293614151579394,0.6224230364559125,0.8277686255735638,0.29855173399260876,,0.8790715785396873,0.9711589463019265
1040,lyxonate,Method 4,QXKAIJAYHKCRRA-PZGQECOJSA-N,HMDB0060255,,0.11418685121107267,True,all_pre_hcc,provided_area,True,-0.007526438085390717,-0.1885916625100222,-0.02156972670682057,0.38320414195591557,0.6226174693790631,0.31325174269260947,0.41626380577353517,,0.8790715785396873,0.8560732014389768
1074,glutamine conjugate of C6H10O2 (1)*,Method 3,,,,0.0034602076124567475,True,all_pre_hcc,provided_area,True,0.0015106202994713536,0.15187579700662082,-0.012190503628124958,0.3101875892113205,0.6243988292533997,0.4136966328799315,0.6259160913051721,,0.8805983488797947,0.8560732014389768
1003,linolenoylcarnitine (C18:3)*,Method 2,WJCRATGUUISKDG-QNEBEIHSSA-N,,,0.0,True,all_pre_hcc,provided_area,True,-0.0010385408964335863,-0.08236137903788135,0.009632662051344817,0.1689218369721622,0.6258537825975619,0.027138281449545353,0.69180063673491,,0.8816618796279203,0.6306020546424962
1029,THC carboxylic acid,Method 3,YOVRGSHRZRJTLZ-UHFFFAOYSA-N,,,0.9498269896193772,False,all_pre_hcc,provided_area,True,0.0021218623958115905,0.1004541556998421,0.006088453731479177,0.20663795198255422,0.6268707157354706,0.34695362315400846,0.36162259224048265,,0.881766553017527,0.8560732014389768
1075,glutamine conjugate of C6H10O2 (2)*,Method 3,,,,0.0034602076124567475,True,all_pre_hcc,provided_area,True,-0.0022859405725383845,0.15420846454429935,-0.0007868723403338554,0.31838172338731524,0.6281368798081859,0.9607394645634575,0.514915613843465,,0.881766553017527,0.9927133185833146
1008,ximenoylcarnitine (C26:1)*,Method 2,ONGUASHYQLGIFC-OCOZRVBESA-N,,,0.0,True,all_pre_hcc,provided_area,True,0.0002673867768916837,-0.08899834229951781,-0.000664669766070716,0.18421891835713855,0.6290163211316329,0.9339111101486484,0.8272141049826035,,0.881766553017527,0.9891436004219372
839,linoleoyl ethanolamide,Method 3,KQXDGUVSAAQARU-HZJYTTRNSA-N,HMDB0012252,,0.0,True,all_pre_hcc,provided_area,True,-0.00047055594464289765,-0.10052875111938954,0.004716174040242445,0.20839975676378292,0.6295330390380677,0.48605623098194517,0.8101550418367364,,0.881766553017527,0.8756937734462804
46,sphingosine,Method 2,WWUZIQQURGPMPG-CCEZHUSRSA-N,HMDB0000252,C00319,0.050173010380622836,True,all_pre_hcc,provided_area,True,-0.0029836919103788605,0.10318615404367817,0.0035056121387448324,0.2140823106204264,0.6298109889605739,0.5393314831645099,0.6392246531280167,,0.881766553017527,0.8843780156115931
755,1-palmitoyl-GPG (16:0)*,Method 3,BVJSKAUUFXBDOB-UHFFFAOYSA-N,HMDB0240601,,0.0,True,all_pre_hcc,provided_area,True,-0.0017025530953990902,0.09714091587769628,-0.009979584508445048,0.20173021770295627,0.6301336495729386,0.0202800398356065,0.9464496254642961,,0.881766553017527,0.572051285966171
408,indolebutyrate,Method 3,JTEDVYBZBROSJT-UHFFFAOYSA-N,HMDB0002096,C11284,0.1314878892733564,True,all_pre_hcc,provided_area,True,-0.008529173633538775,-0.16426140445832876,-0.006076294270559109,0.34516777141058425,0.6341537505358017,0.7071661044108952,0.7413958343028606,,0.8845701811135096,0.9391335845712927
449,homostachydrine*,Method 1,XULZWQRXYTVUTE-ZETCQYMHSA-N,HMDB0033433,C08283,0.0,True,all_pre_hcc,provided_area,True,-0.009118196574460908,0.08744213579445977,0.009218237689738121,0.1837824322158528,0.6342228613452496,0.2591018042593748,0.6227303664431847,,0.8845701811135096,0.8560732014389768
737,"N2,N5-diacetylornithine",Method 3,XUYANFPPYJSBPU-UHFFFAOYSA-N,HMDB0240345,,0.031141868512110725,True,all_pre_hcc,provided_area,True,0.0015595890184280945,-0.13074315958711746,-0.00860787324100296,0.2748101116843089,0.634246664041642,0.503280284738999,0.8361260483569194,,0.8845701811135096,0.8756937734462804
824,O-desmethyltramadol glucuronide,Method 1,DSBGQRZOJXSECT-VFUSOVNCSA-N,HMDB0060856,,0.884083044982699,False,all_pre_hcc,provided_area,True,-0.0011370710243856178,0.18294244897833084,0.0054961746278785065,0.3874248917786327,0.6367832750800032,0.48645335445183924,0.7043953238193963,,0.8871244297349326,0.8756937734462804
1220,(2 or 3)-decenoate (10:1n7 or n8),Method 3,WXBXVVIUZANZAU-CMDGGOBGSA-N,,,0.03633217993079585,True,all_pre_hcc,provided_area,True,-0.00854277170957831,0.14674793738133973,0.016530177077109864,0.3121711831862032,0.638292123819761,0.06310830550362895,0.6570216907357836,,0.8882428006252868,0.7633677723419733
96,2'-deoxyuridine,Method 3,MXHRCPNRJAMMIM-UHFFFAOYSA-N,HMDB0000012,C00526,0.02422145328719723,True,all_pre_hcc,provided_area,True,0.0013887974875002069,-0.10570861575548565,0.0005678662208292911,0.22634034414378873,0.6404756176752096,0.889611550549261,0.8744333930770487,,0.8888143507962836,0.9809690571997466
380,nicotinamide riboside,Method 1,BUCXGWMZJBKEMD-UHFFFAOYSA-N,HMDB0000855,C03150,0.2491349480968858,False,all_pre_hcc,provided_area,True,0.0006455007061016725,-0.13666033832076432,-0.000959051619856961,0.2937237696516505,0.641739383230653,0.9488149041923731,0.42652025798849036,,0.8888143507962836,0.989321788397764
623,pantoprazole,Method 3,IQPSEEYGBUAQFF-UHFFFAOYSA-N,HMDB0005017,C11806,0.7197231833910035,False,all_pre_hcc,provided_area,True,-0.010201111979814709,0.34773653439718966,-0.047346283273046845,0.7491985537670305,0.6425440814477172,0.17638715928574045,0.7024132119125004,,0.8888143507962836,0.840461736108878
858,tricosanoyl sphingomyelin (d18:1/23:0)*,Method 2,SXZWBNWTCVLZJN-NMIJJABPSA-N,HMDB0012105,,0.0,True,all_pre_hcc,provided_area,True,-0.0012193696134097283,-0.0775526872576076,-0.001087054145479555,0.16727312417582169,0.6429135050294851,0.8351749105189521,0.8655168365646053,,0.8888143507962836,0.972152403262362
597,formiminoglutamate,Method 1,NRXIKWMTVXPVEF-BYPYZUCNSA-N,HMDB0000854,C00439,0.0017301038062283738,True,all_pre_hcc,provided_area,True,-0.0043066864861765865,0.08923535116240065,0.00020523844535729076,0.19275807298470524,0.6434076395179299,0.9822123823472305,0.7200229041849869,,0.8888143507962836,0.9975249643908218
697,5-hydroxydecanoate,Method 3,LMHJFKYQYDSOQO-UHFFFAOYSA-N,HMDB0040329,,0.45674740484429066,False,all_pre_hcc,provided_area,True,0.0005472308726374625,-0.2272137758957836,-0.018293631807608457,0.49141770363231113,0.6438204266463704,0.46204430675174457,0.5482937554615207,,0.8888143507962836,0.8756937734462804
541,21-hydroxypregnenolone disulfate,Method 3,CBOVWLYQUCVTFA-WGKOQXAXSA-N,,,0.012110726643598616,True,all_pre_hcc,provided_area,True,-0.0034166465769066086,-0.1227107943118464,-0.0032548775837280036,0.26549782263564903,0.6439441132146613,0.7612178408379677,0.8645290116531335,,0.8888143507962836,0.9566553883857777
701,2-hydroxyibuprofen,Method 3,UJHKVYPPCJBOSG-UHFFFAOYSA-N,HMDB0060920,,0.8633217993079585,False,all_pre_hcc,provided_area,True,0.008930696313964717,0.2522502096532987,-0.011454690984567618,0.5483100803508402,0.6454801261178826,0.30885213701377134,0.4864930530716233,,0.8888143507962836,0.8560732014389768
39,cholesterol,Method 2,HVYWMOMLDIMFJA-LBHVWCRMSA-N,HMDB0000067,C00187,0.0,True,all_pre_hcc,provided_area,True,-0.001713059431657441,0.06150596705158101,-0.005574127686227257,0.13384180937854795,0.6458448147160968,0.33959605444818164,1.026928019368833,,0.8888143507962836,0.8560732014389768
1120,vanillate glucuronide,Method 4,GRERMCGRRAMWSD-UHFFFAOYSA-N,HMDB0240572,,0.6211072664359861,False,all_pre_hcc,provided_area,True,0.0015028461162287926,-0.13509884233271735,0.008002659044911157,0.29667859951195785,0.6488423263260102,0.41919005730239245,0.33330557303207387,,0.8888143507962836,0.8560732014389768
1182,tenofovir,Method 3,SGOIRFVFHAKUTI-ZCFIWIBFSA-N,HMDB0014445,C17407,0.9948096885813149,False,all_pre_hcc,provided_area,True,0.00019489883681282982,0.010580165770514535,0.00043356631625085176,0.023293876305638304,0.6496821903875765,0.520242419109771,0.1815588195027146,,0.8888143507962836,0.8775481470960588
13,"5,6-dihydrothymine",Method 3,NBAKTGXDIBVZOO-UHFFFAOYSA-N,HMDB0000079,C00906,0.0,True,all_pre_hcc,provided_area,True,-0.0012663748772330887,0.10224463480238391,0.0031486210381889597,0.2255244249634732,0.6502867205245508,0.46818136412870803,0.8637631083362719,,0.8888143507962836,0.8756937734462804
820,N-acetylkynurenine (2),Method 3,PPIMFXHQDQRWGJ-JTQLQIEISA-N,HMDB0240342,,0.16089965397923875,True,all_pre_hcc,provided_area,True,-0.0020450915490111466,-0.14684966825308035,0.005499782119726713,0.3252088693430843,0.6515896447669736,0.4918673315534585,0.8244170305762484,,0.8888143507962836,0.8756937734462804
102,valine,Method 1,KZSNJWFQEVHDMF-BYPYZUCNSA-N,HMDB0000883,C00183,0.0017301038062283738,True,all_pre_hcc,provided_area,True,0.002061630877007562,-0.055455400152529165,0.0012877525972710905,0.1230026825088375,0.6520997672077637,0.7801608194055781,0.6613669390702726,,0.8888143507962836,0.9627150255374342
533,beta-cryptoxanthin,Method 2,DMASLKHVQRHNES-QQGJMDNJSA-N,HMDB0033844,C08591,0.01903114186851211,True,all_pre_hcc,provided_area,True,-0.008539104075228447,0.16517684179301012,-0.009398192281018375,0.3663997744904873,0.6521261797075616,0.5393695326691277,0.8871342927259304,,0.8888143507962836,0.8843780156115931
629,glycoursodeoxycholate,Method 3,GHCZAUBVMUEKKP-XROMFQGDSA-N,HMDB0000708,,0.0,True,all_pre_hcc,provided_area,True,-0.02491866488589477,-0.24998602124710656,0.012319893371110101,0.5547524719072183,0.6522589505043327,0.6197078701776909,0.784574441249261,,0.8888143507962836,0.8963184038198125
1116,deoxycholic acid glucuronide,Method 3,NNEIBJNHWVDJBA-WOSXBVGSSA-N,,,0.0,True,all_pre_hcc,provided_area,True,-0.004587041709694262,-0.1328402436875194,-0.01184746795349626,0.2967141697494868,0.6543665351814401,0.4693385771275209,0.8060757102183873,,0.8888143507962836,0.8756937734462804
799,4-methoxyphenol sulfate,Method 3,IGTMFIJOUADBDC-UHFFFAOYSA-N,,,0.3754325259515571,False,all_pre_hcc,provided_area,True,0.004211429860289697,0.1626514085060034,0.004591972687261119,0.3633256188519845,0.6543885373937471,0.7938838806989301,0.23055791622843,,0.8888143507962836,0.9657345946249472
260,"1,2-dipalmitoyl-GPC (16:0/16:0)",Method 2,KILNVBDSWZSGLL-KXQOOQHDSA-N,HMDB0000564,D03585,0.0,True,all_pre_hcc,provided_area,True,-0.0043050947501633175,0.04734119962012544,0.002385336140738342,0.1059534714465787,0.6550113709782098,0.5291737708533157,0.9954884010331725,,0.8888143507962836,0.8823523230339035
1239,torasemide,Method 3,NGBFQHCMQULJNZ-UHFFFAOYSA-N,,,0.9653979238754326,False,all_pre_hcc,provided_area,True,0.0015394615692913346,0.19628583816202516,-0.0009038647954496729,0.4394203194014794,0.6550969709976834,0.8971318349089609,0.5764556318821594,,0.8888143507962836,0.9809690571997466
269,1-methylguanidine,Method 1,CHJJGSNFBQVOTG-UHFFFAOYSA-N,HMDB0001522,C02294,0.8114186851211073,False,all_pre_hcc,provided_area,True,-0.0005701657606886291,-0.12745102016141224,-0.0024380796104548513,0.28534523307204956,0.6551238104686642,0.7860157249110324,0.40765746628870236,,0.8888143507962836,0.9657345946249472
934,1-palmitoleoyl-2-linolenoyl-GPC (16:1/18:3)*,Method 2,MMUCLZZSNHBNFL-KBTBXKTRSA-N,HMDB0008008,,0.01730103806228374,True,all_pre_hcc,provided_area,True,-0.0011550751995835268,-0.07553335974220664,0.008905645522117363,0.16919072291341664,0.6552800701017236,0.33584355487781203,0.5053527167104862,,0.8888143507962836,0.8560732014389768
399,isovalerylcarnitine (C5),Method 1,IGQBPDJNUXPEMT-UHFFFAOYSA-N,HMDB0000688,C20826,0.0,True,all_pre_hcc,provided_area,True,-0.0008146936988809077,-0.08807869990846665,0.0033673562623701353,0.1973920827309315,0.6554441745100699,0.723590800173109,0.921317311812507,,0.8888143507962836,0.9457735841237144
387,"fibrinopeptide A, des-ala(1)*",Method 3,JAMFMQAPZKXSKC-UHFFFAOYSA-N,,,0.0,True,all_pre_hcc,provided_area,True,0.0064530850272015465,-0.10469524018506636,-0.006745765518536855,0.23582210735482206,0.6570725541445585,0.451808485818356,0.7310442116121824,,0.8888143507962836,0.8756937734462804
480,3-(2-hydroxyphenyl)propionate,Method 3,CJBDUOMQLFKVQC-UHFFFAOYSA-N,HMDB0033752,C01198,0.8581314878892734,False,all_pre_hcc,provided_area,True,0.001997640828000411,0.10799172237236078,0.0019547029840310494,0.2437468068463685,0.6577304609623081,0.8455479921378486,0.21842036597485734,,0.8888143507962836,0.97230290137972
813,3-hydroxyhexanoate,Method 3,HPMGFDVTYHWBAG-UHFFFAOYSA-N,"HMDB0061652,HMDB0010718",,0.0,True,all_pre_hcc,provided_area,True,0.0006675473107607723,0.09904728545950735,0.002108669450090592,0.2238254875095983,0.6581128616214402,0.7713354763598964,0.7274255952386334,,0.8888143507962836,0.9584353768563199
101,tryptophan,Method 1,QIVBCDIJIAJPQS-VIFPVBQESA-N,HMDB0000929,C00078,0.0,True,all_pre_hcc,provided_area,True,-0.0022456705577682157,0.045037999568624705,-0.0025840785229795204,0.10178906164858535,0.6581534456527153,0.5946586797970154,0.9159474734753701,,0.8888143507962836,0.8948332765366571
1036,2-hydroxyarachidate*,Method 3,CPLYLXYEVLGWFJ-UHFFFAOYSA-N,,,0.010380622837370242,True,all_pre_hcc,provided_area,True,-0.001586859766881425,-0.1298317895973853,-0.006969252503995462,0.294121458657613,0.658907254690386,0.1539306691704096,0.9281564804259574,,0.8888143507962836,0.8035053187401463
568,ergothioneine,Method 1,SSISHJJTAXXQAX-UHFFFAOYSA-N,HMDB0003045,C05570,0.0,True,all_pre_hcc,provided_area,True,-0.0015672817661535725,-0.11278731782797245,-0.0038686219169406437,0.25669900432869164,0.6603892940096372,0.4916242623473541,0.8897614536691073,,0.8888143507962836,0.8756937734462804
477,1-myristoylglycerol (14:0),Method 3,DCBSHORRWZKAKO-UHFFFAOYSA-N,HMDB0011561,C01885,0.039792387543252594,True,all_pre_hcc,provided_area,True,0.006682216720459189,0.11308243087871928,-0.0020872306106357666,0.2581031895867369,0.6612929458421302,0.802715223511896,0.2963448772703491,,0.8888143507962836,0.9657345946249472
873,1-stearoyl-2-docosahexaenoyl-GPE (18:0/22:6)*,Method 2,XYYHNDVKALDFHQ-OXHZBIAZSA-N,HMDB0009012,,0.02422145328719723,True,all_pre_hcc,provided_area,True,0.002012717883247813,0.08655532829175122,-0.0021049138083663026,0.19785091398986382,0.6617650715480059,0.6952997401611137,0.5055995064432597,,0.8888143507962836,0.9313341947091618
398,laurylcarnitine (C12),Method 2,FUJLYHJROOYKRA-UHFFFAOYSA-N,HMDB000225,,0.0,True,all_pre_hcc,provided_area,True,-0.0004904240179861022,-0.10275723533326038,0.009795207558777953,0.23509790003428827,0.6620513410181774,0.10803824235704824,0.7452814909140454,,0.8888143507962836,0.7856191265038538
371,10-heptadecenoate (17:1n7),Method 3,GDTXICBNEOEPAZ-FPLPWBNLSA-N,HMDB0060038,,0.0,True,all_pre_hcc,provided_area,True,-0.0015478080020253201,0.10833051447872576,0.013737920487826696,0.24810672310988152,0.662380649609847,0.1387667968603682,0.43439427108505463,,0.8888143507962836,0.8024739512831196
301,threonate,Method 4,JPIJQSOTBSSVTP-UHFFFAOYSA-N,"HMDB0062620,HMDB0000943",C01620,0.0,True,all_pre_hcc,provided_area,True,0.0026231819477095597,0.07367409446191575,0.0006899203324270093,0.1691785072436556,0.6632130315545322,0.9034985908338202,0.46678044604532637,,0.8888143507962836,0.9816872402027719
1205,palmitoyl-sphingosine-phosphoethanolamine (d18:1/16:0),Method 2,JTVNQMOIYKXJKF-WSYRTZMQSA-N,,,0.0,True,all_pre_hcc,provided_area,True,-0.0008968917710486043,-0.042923839852186174,0.002025953053243465,0.0991178574279808,0.6649722035582483,0.5810725311395246,0.8143048982188533,,0.8888143507962836,0.8923698243750036
310,7-ketodeoxycholate,Method 3,RHCPKKNRWFXMAT-RRWYKFPJSA-N,HMDB0000391,,0.3408304498269896,False,all_pre_hcc,provided_area,True,-0.00274163261089774,0.1998363626038011,0.03150613679057976,0.463298126096254,0.6662253299278982,0.07409913727494066,0.44242294584986297,,0.8888143507962836,0.7672613886135418
836,taurodeoxycholic acid 3-sulfate,Method 3,UCVGCHGIKFWAGH-WQVRBXQRSA-N,,,0.5034602076124568,False,all_pre_hcc,provided_area,True,0.014451424909990754,0.25174917603534097,-0.009760445528096797,0.5863014188566484,0.6676428926921383,0.6367725124753417,0.6929037363307101,,0.8888143507962836,0.908983321324644
540,"androstenediol (3beta,17beta) disulfate (2)",Method 3,UWPTUYJASNIIJM-QJIZPQHZSA-N,HMDB0240313,,0.0,True,all_pre_hcc,provided_area,True,-0.009119699534145254,-0.11809384647606634,-0.003173615129692008,0.2750718697193375,0.667690386807805,0.6887794586664651,0.8977597682631896,,0.8888143507962836,0.9313341947091618
1102,glucuronide of piperine metabolite C17H21NO3 (4)*,Method 3,,,,0.01384083044982699,True,all_pre_hcc,provided_area,True,-0.003968885726584655,-0.1490854686167016,-0.019122393602239086,0.34734322462403583,0.6677656230567397,0.2737208465194877,0.7963131529589742,,0.8888143507962836,0.8560732014389768
746,O-sulfo-tyrosine,Method 3,CIQHWLTYGMYQQR-QMMMGPOBSA-N,HMDB0155722,,0.0,True,all_pre_hcc,provided_area,True,0.001160876935026717,-0.07667360470157558,-0.009896291543045865,0.17996343718840024,0.6700706746487237,0.12845279554064287,0.8967933261507012,,0.8888143507962836,0.7930025537695831
1078,fibrinopeptide A (5-16)*,Method 3,NFUNGJWOQYYPEX-UHFFFAOYSA-N,,,0.0034602076124567475,True,all_pre_hcc,provided_area,True,0.0033785166082412822,0.07824235736504036,-0.0034581479786312116,0.18391724600599932,0.6705294090980016,0.6100667687856927,0.7165642027324346,,0.8888143507962836,0.8960599110954367
943,2'-O-methyluridine,Method 3,SXUXMRMBWZCMEN-ZOQUXTDFSA-N,HMDB0240328,,0.031141868512110725,True,all_pre_hcc,provided_area,True,-0.004315784039692039,-0.07889267770478471,-0.0037459010498795404,0.18548567825281348,0.6705959141001852,0.6801110782352476,0.6656492074166912,,0.8888143507962836,0.9295013183590858
676,mannonate*,Method 4,RGHNJXZEOKUKBD-MBMOQRBOSA-N,,,0.0,True,all_pre_hcc,provided_area,True,0.0015122758665894098,0.05801750738407149,-0.003656547876416137,0.13653547565901034,0.6708904396269265,0.5529730331265276,0.9483430187553857,,0.8888143507962836,0.8901608221888474
459,docosapentaenoate (n6 DPA; 22:5n6),Method 3,AVKOENOBFIYBSA-WMPRHZDHSA-N,HMDB0001976,C16513,0.0328719723183391,True,all_pre_hcc,provided_area,True,-0.0072613956712691725,0.09433038728315433,0.0037856500817842176,0.22227637683822388,0.6712862816047603,0.6111218512794361,0.6406223039245393,,0.8888143507962836,0.8960599110954367
875,1-stearoyl-2-linoleoyl-GPI (18:0/18:2),Method 2,KZVRAFHIKMDULK-HAVSRZFESA-N,HMDB0009809,,0.0,True,all_pre_hcc,provided_area,True,-0.0006975378105621814,-0.07212772990890837,0.0016353921273264853,0.1699967497092295,0.6713551506549751,0.7677897445342833,0.8678500716388345,,0.8888143507962836,0.9575808199502114
1229,"3-bromo-5-chloro-2,6-dihydroxybenzoic acid*",Method 3,AJSVSHDVMDXRFN-UHFFFAOYSA-N,,,0.00865051903114187,True,all_pre_hcc,provided_area,True,0.007275648181322363,-0.09782929910841177,0.02030065131764355,0.23066908040776493,0.6714848486330314,0.09081228089676263,0.9804056563061192,,0.8888143507962836,0.7746804500589951
1164,montelukast,Method 2,UCHDWCPVSPXUMX-TZIWLTJVSA-N,HMDB0014614,C07482,0.9792387543252595,False,all_pre_hcc,provided_area,True,0.0037217874980817207,0.04266753089822365,-5.401176849084554e-05,0.10085071547665125,0.6722397138182596,0.9949369846170742,0.5759514500494244,,0.8888143507962836,0.9975249643908218
418,3-(3-amino-3-carboxypropyl)uridine*,Method 3,YXNIEZJFCGTDKV-UHFFFAOYSA-N,,,0.0,True,all_pre_hcc,provided_area,True,0.0010062040165800515,-0.069908716529926,-0.006923675313815821,0.16544089620407462,0.6726162654674578,0.3287679972639217,0.916179365764976,,0.8888143507962836,0.8560732014389768
791,2-acetamidophenol sulfate,Method 3,JCVGTUVGDOWZJE-UHFFFAOYSA-N,,,0.22664359861591696,False,all_pre_hcc,provided_area,True,0.0176072797328571,-0.16952660791498386,-0.029529432297404536,0.4061232890921348,0.67636650238888,0.254996600610896,0.510102467432337,,0.8927424684821608,0.8560732014389768
16,linoleate (18:2n6),Method 3,OYHQOLUKZRVURQ-HZJYTTRNSA-N,"HMDB0006270,HMDB0000673",C01595,0.0,True,all_pre_hcc,provided_area,True,-5.741013371612959e-05,0.08533023749818651,0.007190367377114552,0.20485033902611133,0.6770081994689836,0.3635009587545034,0.5477938582373427,,0.8927424684821608,0.8560732014389768
1247,3-hydroxyoctanoylcarnitine (2),Method 1,RCXSFDNDEVSQNG-UHFFFAOYSA-N,,,0.23183391003460208,False,all_pre_hcc,provided_area,True,0.00607275034382156,-0.18844461719614564,-0.02324487025891056,0.4551929931849026,0.6788826049816423,0.262907687307234,0.2962099354883269,,0.8942767717978074,0.8560732014389768
1259,"N,N-dimethyl-pro-pro",Method 1,VOWFCBSRZKGKTF-UHFFFAOYSA-N,,,0.0,True,all_pre_hcc,provided_area,True,0.0021965542413516148,-0.05535633108023505,-0.006788394295631714,0.13516804069077132,0.6821455262287273,0.33356890276254325,0.8865764052099494,,0.897635012547844,0.8560732014389768
509,2-hydroxyacetaminophen sulfate*,Method 3,HRLQZTOIKWEZBN-UHFFFAOYSA-N,HMDB0062547,,0.6262975778546713,False,all_pre_hcc,provided_area,True,0.008909607615783903,0.292058573029162,-0.038325870007184466,0.723461643266444,0.6864362798774959,0.20119385537201773,0.641319216884915,,0.9004035752085248,0.8527909813692914
181,dihomo-linoleate (20:2n6),Method 3,XSXIVVZCUAHUJO-HZJYTTRNSA-N,HMDB0005060,C16525,0.0,True,all_pre_hcc,provided_area,True,-0.00238570274930223,0.08867965218977253,0.008093461549385799,0.22063584007492976,0.6877372480580699,0.34606092933663835,0.5584110971841221,,0.9004035752085248,0.8560732014389768
507,desmethylnaproxen sulfate,Method 3,BNKMSCMOWGCUOF-QMMMGPOBSA-N,,,0.9636678200692042,False,all_pre_hcc,provided_area,True,-0.013962685032478795,-0.03096133572432556,0.015391541990397287,0.0770633058529129,0.6878570146597145,0.03057768309474743,0.17547097391899383,,0.9004035752085248,0.6306020546424962
413,N6-carbamoylthreonyladenosine,Method 3,UNUYMBPXEFMLNW-HZPYULPISA-N,HMDB0041623,,0.0017301038062283738,True,all_pre_hcc,provided_area,True,0.0003825242449874011,0.07137965550973825,-0.005026726355949899,0.17818899791129286,0.6887264524335316,0.4965220702002202,0.8673819460404901,,0.9004035752085248,0.8756937734462804
1097,indoleacetoylcarnitine*,Method 1,PBMNAYVZYLZVKC-UHFFFAOYSA-N,,,0.2681660899653979,False,all_pre_hcc,provided_area,True,-0.0025563858143594228,-0.14792918801811614,0.005347829243246299,0.3695579866783642,0.6889452809432659,0.6505678315791636,0.6162092531118257,,0.9004035752085248,0.9203850730457248
1215,branched chain 14:0 dicarboxylic acid**,Method 3,JUODHHFNSQAXKF-UHFFFAOYSA-N,,,0.46539792387543255,False,all_pre_hcc,provided_area,True,0.0012753663753070105,-0.26113382764929466,0.01956797690706285,0.6526234013959616,0.6890611910460991,0.35454522420402335,0.6854374192312479,,0.9004035752085248,0.8560732014389768
543,"5alpha-androstan-3alpha,17alpha-diol disulfate",Method 3,JHFAETDERBWUOO-SKIFDASYSA-N,,,0.6453287197231834,False,all_pre_hcc,provided_area,True,-0.016168538632666617,0.09706884714806116,0.007774196309022616,0.24275709707407053,0.6892596525642364,0.20743564411685467,0.9667489996706308,,0.9004035752085248,0.8527909813692914
446,glutamine_degradant*,Method 1,NPWMTBZSRRLQNJ-UHFFFAOYSA-N,,,0.0,True,all_pre_hcc,provided_area,True,-0.0016000358123782704,-0.06629193442528587,-0.002972505631560637,0.16706213492856875,0.691507537697587,0.5902353191792561,0.7133981417304841,,0.9024029900659382,0.8944363557218071
14,hypoxanthine,Method 3,FDGQSTZJBFJUBT-UHFFFAOYSA-N,HMDB0000157,C00262,0.0,True,all_pre_hcc,provided_area,True,-0.00020288653809994508,0.06271772993968575,0.0012741050002108595,0.15851046895269266,0.6923489891689459,0.8967549607233561,0.7744678479161734,,0.9025647962430404,0.9809690571997466
150,N-acetylmethionine,Method 3,XUYPXLNMDZIRQH-LURJTMIESA-N,HMDB0011745,C02712,0.0,True,all_pre_hcc,provided_area,True,0.000575234120512919,-0.07446833019570326,-0.002123754717511945,0.18916226345846696,0.6938214845868207,0.7688049508344305,0.982584309476123,,0.9034705443152691,0.9575808199502114
155,guanosine,Method 3,NYHBQMYGNKIUIF-UUOKFMHZSA-N,HMDB0000133,C00387,0.02768166089965398,True,all_pre_hcc,provided_area,True,0.003808067994137774,0.09773172802455872,0.011678101885029359,0.24881895480590902,0.6944801401851075,0.30926580263995085,0.5364331729670199,,0.9034705443152691,0.8560732014389768
895,1-(1-enyl-palmitoyl)-2-linoleoyl-GPE (P-16:0/18:2)*,Method 2,LJVXDBWIBQQKFU-CCJYEBHUSA-N,HMDB0011343,,0.0,True,all_pre_hcc,provided_area,True,-0.0016783142254088719,0.050755501447527794,7.190786202027679e-05,0.12983979867361614,0.695864754065046,0.9912544855184258,0.6961836462124166,,0.9043366328655247,0.9975249643908218
64,2-aminoadipate,Method 4,OYIFNHCXNCRBQI-UHFFFAOYSA-N,HMDB0000510,C00956,0.16608996539792387,True,all_pre_hcc,provided_area,True,-0.0015539998173964495,-0.09917354010459437,0.012819707414066888,0.25602425174515775,0.6984897527741278,0.028442376728974508,0.934094194194985,,0.9055458006390699,0.6306020546424962
223,phenylacetate,Method 3,WLJVXDMOQOGPHL-UHFFFAOYSA-N,HMDB0000209,C07086,0.02768166089965398,True,all_pre_hcc,provided_area,True,0.001878970878740335,0.11496211770410143,-0.021924672280442654,0.29748695224025573,0.6991676947936545,0.07262985952178498,0.8083655474957512,,0.9055458006390699,0.7672613886135418
528,cyclo(leu-pro),Method 1,SZJNCZMRZAUNQT-IUCAKERBSA-N,HMDB0034276,,0.025951557093425604,True,all_pre_hcc,provided_area,True,-0.0007959520773577437,-0.08410768255346937,-0.010186889223473458,0.2181447766443547,0.6998233008226438,0.4991903715157111,0.6092161904269007,,0.9055458006390699,0.8756937734462804
1195,tetradecadienedioate (C14:2-DC)*,Method 3,MUFSRLVOUKHPIZ-OVYZBVKCSA-N,,,0.03806228373702422,True,all_pre_hcc,provided_area,True,-0.004227079506317262,-0.1232958447343956,0.007402439917894914,0.3208723522204452,0.7007916767850484,0.3947357752336592,0.6970406042063217,,0.9055458006390699,0.8560732014389768
362,piperine,Method 2,MXXWOMGUGJBKIW-YPCIICBESA-N,HMDB0029377,C03882,0.0,True,all_pre_hcc,provided_area,True,-0.012683818491505294,-0.15185543747688965,-0.020713869062469168,0.396414152301441,0.7016658648284367,0.3438582481157699,0.788252350660127,,0.9055458006390699,0.8560732014389768
36,biliverdin,Method 2,QBUVFDKTZJNUPP-YBRAVLHJSA-N,HMDB0001008,C00500,0.0,True,all_pre_hcc,provided_area,True,-0.004392540328052899,-0.0820624076906437,0.013345199998043367,0.21439709835118054,0.70189850286668,0.08773904415985423,0.7299259595093491,,0.9055458006390699,0.7732012916310346
2,spermidine,Method 1,ATHGHQPFGPMSJY-UHFFFAOYSA-N,HMDB0001257,C00315,0.010380622837370242,True,all_pre_hcc,provided_area,True,-0.001229187475714705,0.07563976991775385,0.0055804094866804006,0.19811397940544018,0.7026102707501795,0.24527938611032762,0.43756946942461405,,0.9055458006390699,0.8560732014389768
797,syringol sulfate,Method 3,UDIAPBFEZFMUCP-UHFFFAOYSA-N,,,0.6089965397923875,False,all_pre_hcc,provided_area,True,-0.014084902677587642,0.11512641069662186,0.009162282808625676,0.3019737875080313,0.7030204434108493,0.6826856757967985,0.3365409143391911,,0.9055458006390699,0.9295013183590858
751,17alpha-hydroxypregnanolone glucuronide,Method 3,IZDWMNZNEAXAFE-CQQKWVOPSA-N,,,0.43252595155709345,False,all_pre_hcc,provided_area,True,-0.006945181602669169,-0.14169909992426366,-0.0062473009318447445,0.3720622479654549,0.7033161654872607,0.6071495019106818,0.8563529653527406,,0.9055458006390699,0.8960599110954367
12,4-hydroxyphenylacetate,Method 3,XQXPVVBIMDBYFF-UHFFFAOYSA-N,HMDB0000020,C00642,0.06920415224913495,True,all_pre_hcc,provided_area,True,-0.001278963490477722,-0.12003695467982346,-0.0038916306491288627,0.31636077815963654,0.7043681430861658,0.8098551352852392,0.5139612704518449,,0.9055458006390699,0.9657345946249472
573,tridecenedioate (C13:1-DC)*,Method 3,LGDMAFABHAIORE-DUXPYHPUSA-N,,,0.0,True,all_pre_hcc,provided_area,True,-0.0012943349843514826,0.08241492394376122,0.003408195630178554,0.2174732844491868,0.704713305902742,0.5191822052833192,0.7458575995253411,,0.9055458006390699,0.8775481470960588
215,3-(N-acetyl-cystein-S-yl) acetaminophen,Method 3,DVPRQNKJGQEICH-JTQLQIEISA-N,,,0.7093425605536332,False,all_pre_hcc,provided_area,True,0.013800943633461649,0.20734760660715235,-0.023640157340173083,0.5516770231405245,0.7070286867651686,0.24599618406084323,0.686647711173443,,0.9073063068810762,0.8560732014389768
602,pantoate,Method 3,OTOIIPJYVQJATP-BYPYZUCNSA-N,HMDB0240389,C00522,0.03633217993079585,True,all_pre_hcc,provided_area,True,0.0003611379497961234,-0.1439060886191409,0.00017300039903976882,0.3835643873337479,0.7075258243643368,0.9894782571294481,0.488233708661738,,0.9073063068810762,0.9975249643908218
977,N-palmitoyl-heptadecasphingosine (d17:1/16:0)*,Method 2,KXVLPPCAUYSNGY-BYCLXTJYSA-N,HMDB0240685,,0.0034602076124567475,True,all_pre_hcc,provided_area,True,0.0004855768707173144,-0.07527804555305095,-0.005820462988259583,0.20467410481576417,0.7130263410106426,0.39045162487322094,0.9939458383966523,,0.9121041012936668,0.8560732014389768
1252,"bilirubin degradation product, C17H18N2O4 (2)**",Method 3,,,,0.0,True,all_pre_hcc,provided_area,True,-0.0004198586223751726,-0.10393719889251204,0.0022872525397891847,0.2836671730425723,0.7140625517262575,0.7877605653321036,0.8173991448770249,,0.9121041012936668,0.9657345946249472
214,azelate (C9-DC),Method 3,BDJRBEYXGGNYIS-UHFFFAOYSA-N,HMDB0000784,C08261,0.0328719723183391,True,all_pre_hcc,provided_area,True,-0.005907161975678904,-0.07747777029476333,-0.004562641226090016,0.21152309807882444,0.714152307324357,0.6402813991971527,0.6053773213998083,,0.9121041012936668,0.9111696834728711
1218,feruloylquinate (2),Method 3,RAGZUCNPTLULOL-KQJPBSFVSA-N,,,0.6851211072664359,False,all_pre_hcc,provided_area,True,0.00010789581192674159,-0.12317226924151731,-0.005055289869689941,0.3364278691841353,0.714277091690398,0.8162943550474486,0.4028108147651346,,0.9121041012936668,0.9669475505175992
469,cholesterol sulfate,Method 4,BHYOQNUELFTYRT-UHFFFAOYSA-N,HMDB00653,C18043,0.0,True,all_pre_hcc,provided_area,True,-0.0046021770476376124,0.04692518140135359,0.005398530746808467,0.12845888060707006,0.7148924037166577,0.39939705540787795,0.7525731034180341,,0.9121041012936668,0.8560732014389768
904,1-stearoyl-2-oleoyl-GPI (18:0/18:1)*,Method 2,YOBFISPJJWPPTK-BAAZTTAESA-N,HMDB0240667,,0.0,True,all_pre_hcc,provided_area,True,-0.000902069565810532,0.08453513054060492,0.001697877063789094,0.234339205377127,0.7182950779166357,0.8317973617950111,0.7663808038758065,,0.9152254943869423,0.9715887475748598
889,myristoyl dihydrosphingomyelin (d18:0/14:0)*,Method 2,MJAFYELZQYPMQG-MPQUPPDSSA-N,HMDB0012085,,0.0,True,all_pre_hcc,provided_area,True,-0.0031897499649106474,-0.06089833396568064,-0.0027109258131036676,0.16955703179354778,0.7194743817059334,0.6087900992443719,0.8585397279589634,,0.9152254943869423,0.8960599110954367
1026,cortolone glucuronide (1),Method 3,INMJYSGZRBTEOR-RXCXIKFNSA-N,,,0.04498269896193772,True,all_pre_hcc,provided_area,True,-0.011675876829031895,0.09118644849633258,0.010426780315698594,0.25440601983492817,0.7200224300901841,0.3030632935593922,0.7554303893199852,,0.9152254943869423,0.8560732014389768
394,aconitate [cis or trans],Method 3,,"HMDB0000958,HMDB000072","C004174,C02341",0.0,True,all_pre_hcc,provided_area,True,-0.0019705324954281517,0.05630995186192643,0.003636005105109405,0.15727221986340892,0.7203123979737961,0.4843198952052383,0.868535243503136,,0.9152254943869423,0.8756937734462804
845,1-(1-enyl-stearoyl)-2-oleoyl-GPE (P-18:0/18:1),Method 2,XVYPOHCSLJZFED-QZEVRULJSA-N,HMDB0011375,,0.0,True,all_pre_hcc,provided_area,True,-0.001577583244084808,0.049614776093125555,0.003309850510388027,0.1389170397302558,0.7209765222078377,0.5014322561543081,0.6969923395030656,,0.9152254943869423,0.8756937734462804
1147,"2,6-dihydroxybenzoic acid",Method 3,AKEUNCKRJATALU-UHFFFAOYSA-N,HMDB0013676,,0.0,True,all_pre_hcc,provided_area,True,-0.006655251261138119,0.0855396115764929,0.005065362647621971,0.24089486694830212,0.7225213803625987,0.6515346264125061,0.7542341891295601,,0.9160296353592999,0.9203850730457248
682,(R)-3-hydroxybutyrylcarnitine,Method 1,UEFRDQSMQXDWTO-UHFFFAOYSA-N,HMDB0013127,,0.05709342560553633,True,all_pre_hcc,provided_area,True,0.009290485027702992,-0.09590683850613253,-0.014419540078928903,0.2706451939838006,0.7230663178949005,0.24442163783861748,0.5231565348198931,,0.9160296353592999,0.8560732014389768
325,threonylphenylalanine,Method 3,IQHUITKNHOKGFC-CSUXEGHOSA-N,HMDB0029068,,0.06055363321799308,True,all_pre_hcc,provided_area,True,-0.0059190495906414255,0.1051655625229682,-0.0030368045199231928,0.29929500718015994,0.725305081947629,0.8307904182813302,0.5041886189145883,,0.9179414417405607,0.9715887475748598
308,butyrylcarnitine (C4),Method 1,QWYFHHGCZUCMBN-SECBINFHSA-N,HMDB0002013,C02862,0.0034602076124567475,True,all_pre_hcc,provided_area,True,0.0004524125262339816,0.05849311080498586,1.8561361300413392e-05,0.16721071725501238,0.7264762225749644,0.997319808045757,0.976086796700682,,0.91849958592895,0.9981132207808769
677,succinimide,Method 3,KZNICNPSHKQLFF-UHFFFAOYSA-N,,C07273,0.10207612456747404,True,all_pre_hcc,provided_area,True,-0.0009365949690749903,-0.10964067592865298,0.008052254651896367,0.31570351533969426,0.7283734577095713,0.5922619112211966,0.719535775803945,,0.9199737046171091,0.8944363557218071
466,tiglylcarnitine (C5:1-DC),Method 1,WURBQCVBQNMUQT-RMKNXTFCSA-N,HMDB0002366,,0.0034602076124567475,True,all_pre_hcc,provided_area,True,0.001993379330256729,0.06649021866870913,-0.014335417203876067,0.19312434232473752,0.7306303889307759,0.03899881789550809,0.860239243016166,,0.9218987254512699,0.6371910443942032
1005,arachidoylcarnitine (C20)*,Method 2,SVJLJQBGUITFLI-UHFFFAOYSA-N,HMDB0006460,,0.07958477508650519,True,all_pre_hcc,provided_area,True,-0.00417013658249891,-0.10343142711223653,0.008801372309879507,0.30167400194780186,0.7317050849315019,0.29389725285399193,0.7686387355765931,,0.9222459900929476,0.8560732014389768
133,heptanoate (7:0),Method 3,MNWFXJYAOYHMED-UHFFFAOYSA-N,HMDB0000666,C17714,0.0017301038062283738,True,all_pre_hcc,provided_area,True,-0.004331132297868211,0.0771089603862275,0.007223375290511792,0.225483127045624,0.7323718156620467,0.35204734950973715,0.9120860940067941,,0.9222459900929476,0.8560732014389768
656,rosuvastatin,Method 3,BPRHUIZQVSMCRT-VEUZHWNKSA-N,HMDB0015230,D01915,0.9913494809688581,False,all_pre_hcc,provided_area,True,0.0008279131247149515,0.01943427693583978,0.0013152771816757347,0.057164355708419025,0.7338776589412214,0.5579915567442086,-0.006611379943170785,,0.9232180949480564,0.8901608221888474
1122,methyl vanillate sulfate,Method 3,IWRNHPTWPBSQSA-UHFFFAOYSA-N,,,0.45501730103806226,False,all_pre_hcc,provided_area,True,-0.006979791736201787,-0.14270960176069875,0.00889953828677652,0.4211271038204929,0.7347036221079006,0.6298377573592007,0.32014455704930517,,0.92333382278895,0.9055267414375708
849,2-methylcitrate/homocitrate,Method 3,YNOXCRMFGMSKIJ-UHFFFAOYSA-N,"HMDB0003518,HMDB0000379",C01251,0.0017301038062283738,True,all_pre_hcc,provided_area,True,0.002875614142361241,-0.06280531312848878,-0.017372205259524983,0.18645719143465797,0.7362412666469556,0.0028437269300677906,0.9988569102768103,,0.9243428277862974,0.21043579282501648
1143,lithocholic acid sulfate (2),Method 3,AXDXVEYHEODSPN-HVATVPOCSA-N,,,0.6401384083044983,False,all_pre_hcc,provided_area,True,0.0013736325922912994,-0.13563935316625547,0.007187908790070068,0.4058813456496789,0.7382401561982918,0.6848667683319702,0.5697180639968115,,0.9259283315029422,0.9295013183590858
884,behenoyl dihydrosphingomyelin (d18:0/22:0)*,Method 2,FONAXCRWZQFJHY-JCGOJSMZSA-N,HMDB0012091,,0.0,True,all_pre_hcc,provided_area,True,-0.006386576237897467,-0.05995212860404423,-0.003406832956101425,0.18130362009476295,0.7408918462597647,0.4381182729684764,0.8188031761374035,,0.92631812083019,0.8726314266623042
587,1-hydroxy-2-naphthalenecarboxylate,Method 3,SJJCQDRGABAVBB-UHFFFAOYSA-N,,C03203,0.9446366782006921,False,all_pre_hcc,provided_area,True,0.005337839232148528,-0.06292187549410541,-0.005219866512716234,0.19078597602581263,0.7415484709173273,0.0653931078210598,0.9785371300166127,,0.92631812083019,0.7672613886135418
487,deoxycarnitine,Method 1,JHPNVNIEXXLNTR-UHFFFAOYSA-N,HMDB0001161,C01181,0.0,True,all_pre_hcc,provided_area,True,0.00017285363048891988,0.03234852539204144,0.0018043163445057835,0.0983257231151565,0.7421605887333127,0.49304022428891814,0.9004759177700404,,0.92631812083019,0.8756937734462804
249,indolelactate,Method 3,XGILAAMKEQUXLS-UHFFFAOYSA-N,HMDB0000671,C02043,0.0,True,all_pre_hcc,provided_area,True,0.00014878489369164798,-0.06826404680559543,-0.01534888834013959,0.2075155415528222,0.7421868901993219,0.2625089137620432,0.9066568398405781,,0.92631812083019,0.8560732014389768
1216,pentose acid*,Method 4,,HMDB0000892,C00803,0.020761245674740483,True,all_pre_hcc,provided_area,True,-0.0007537066993869759,0.086618663588475,-0.0013629250799996478,0.2641317526575721,0.7429590425095742,0.9318731501040968,0.5943556135099362,,0.92631812083019,0.9891436004219372
1189,hydroxypalmitoyl sphingomyelin (d18:1/16:0(OH))**,Method 2,FAVAZPKFPKOYCT-VTAPXIELSA-N,,,0.0,True,all_pre_hcc,provided_area,True,-0.0021946894063277576,-0.044464426946869404,0.0024802092906147035,0.13600001641228035,0.7437100319922745,0.60605596521751,0.9130387677231494,,0.92631812083019,0.8960599110954367
888,cetirizine,Method 2,ZKLPARSLTMPFCP-UHFFFAOYSA-N,HMDB0005032,C07778,0.870242214532872,False,all_pre_hcc,provided_area,True,-0.002106719569122219,0.17282821379848104,0.022114966770036625,0.5289508904745198,0.7438662598733032,0.2279193419441008,0.9401655597916866,,0.92631812083019,0.8560732014389768
370,10-nonadecenoate (19:1n9),Method 3,BBOWBNGUEWHNQZ-KTKRTIGZSA-N,HMDB0013622,,0.0,True,all_pre_hcc,provided_area,True,-0.001043238048772647,0.07705370284534445,0.007619921764156691,0.2371605254381176,0.7452559650163255,0.3720864827912409,0.4904510298640717,,0.92631812083019,0.8560732014389768
1149,tauroursodeoxycholic acid sulfate (1),Method 3,GLVWZDCWCRWVFM-LBSADWJPSA-N,,,0.17647058823529413,True,all_pre_hcc,provided_area,True,-0.042162553226644105,0.20337267317599794,0.017419798048611303,0.6262525829541928,0.7453737376557554,0.6837644829628601,0.7006981117414081,,0.92631812083019,0.9295013183590858
1243,diazepam,Method 2,AAOVKJBEBIDNHE-UHFFFAOYSA-N,HMDB0014967,D00293,0.9896193771626297,False,all_pre_hcc,provided_area,True,0.0005868959002016523,0.01700185548905415,-0.00483686569516804,0.05248637335792084,0.7459918304064304,0.46592723724646834,0.0027699083663767715,,0.92631812083019,0.8756937734462804
648,leucylalanine,Method 1,HSQGMTRYSIHDAC-UHFFFAOYSA-N,HMDB0028922,,0.01730103806228374,True,all_pre_hcc,provided_area,True,-0.014112550547423358,0.08567809685472196,0.0044491845252331375,0.2667504240764623,0.7480649095202061,0.6744082673424991,0.5107195182247012,,0.92631812083019,0.9295013183590858
199,palmitoyl ethanolamide,Method 3,HXYVTAGFYLMHSO-UHFFFAOYSA-N,HMDB0002100,C16512,0.0,True,all_pre_hcc,provided_area,True,-0.0020321083397786565,0.059935878490782406,-0.0012419493671102647,0.18739546484900657,0.7490924026007453,0.7950316482690809,0.8802580576781367,,0.92631812083019,0.9657345946249472
1062,N-methylhydroxyproline**,Method 1,FMIPNAUMSPFTHK-UHFFFAOYSA-N,,,0.11245674740484429,True,all_pre_hcc,provided_area,True,-0.0041270094565892725,0.13993957719567846,-0.003886552897584604,0.43774441911363443,0.7492084263017651,0.8421964672335109,0.45606876200288693,,0.92631812083019,0.972152403262362
311,glycolithocholate,Method 3,XBSQTYHEGZTYJE-PGVYWSLXSA-N,HMDB0000698,C15557,0.3460207612456747,False,all_pre_hcc,provided_area,True,0.003022655710886291,-0.16687631751106258,-0.004194200935818392,0.5236455738871694,0.7499678121170963,0.8719834881749573,0.7379476537331581,,0.92631812083019,0.9771235901832512
1175,fibrinopeptide B (1-12)**,Method 3,BQQBOORXDTXWLE-UHFFFAOYSA-N,,,0.0034602076124567475,True,all_pre_hcc,provided_area,True,-0.009552602952937196,0.09182942803401757,0.002685534502923089,0.28832880260466937,0.7501143634478274,0.684934596278913,0.7803064431749819,,0.92631812083019,0.9295013183590858
1011,dihomo-linoleoylcarnitine (C20:2)*,Method 2,OLZWDVKTOGTVLC-UTJQPWESSA-N,,,0.0017301038062283738,True,all_pre_hcc,provided_area,True,-0.00013437638699883433,-0.06709499462020199,0.00271023486412953,0.21114739380080713,0.750664124842626,0.5889143074436365,0.8518960606435668,,0.92631812083019,0.8944363557218071
847,1-palmitoyl-2-stearoyl-GPC (16:0/18:0),Method 2,PZNPLUBHRSSFHT-RRHRGVEJSA-N,HMDB0007970,C03889,0.0,True,all_pre_hcc,provided_area,True,-0.002512201598112088,-0.03302743280584335,-0.0004793345738457746,0.10477367970570987,0.7525897410171833,0.8941712514343495,0.9732576150591494,,0.92631812083019,0.9809690571997466
634,eicosanedioate (C20-DC),Method 3,JJOJFIHJIRWASH-UHFFFAOYSA-N,,,0.04844290657439446,True,all_pre_hcc,provided_area,True,-0.009135405970719861,0.09427848641223978,0.01230251768075451,0.30109733414725665,0.7541922976326403,0.4384246996272959,0.6209876723663861,,0.92631812083019,0.8726314266623042
821,C-glycosyltryptophan,Method 3,CPXSBHKDEPPWIX-RAYCSJGISA-N,HMDB0240296,,0.0,True,all_pre_hcc,provided_area,True,-0.0005376074002824369,-0.048657789680564716,-0.00483312125056097,0.1557879996903893,0.7547871882160031,0.5142475974515022,0.9333677634899735,,0.92631812083019,0.8775481470960588
708,3beta-hydroxy-5-cholenoate,Method 3,HIAJCGFYHIANNA-QIZZZRFXSA-N,HMDB0000308,,0.15570934256055363,True,all_pre_hcc,provided_area,True,0.0002785187450203421,0.0855302909715944,-0.0034371949451204925,0.27385581195818176,0.7547983303727375,0.7088152643223951,0.8889419398579026,,0.92631812083019,0.9391335845712927
530,"bilirubin (E,E)*",Method 2,BPYKTIZUTYGOLE-VVCLLGATSA-N,HMDB0240584,,0.0,True,all_pre_hcc,provided_area,True,-0.005689671043067306,-0.0627423513459887,0.014945749099197962,0.20249577239462976,0.756678646278884,0.12029921854943132,0.7713384986772369,,0.92631812083019,0.7930025537695831
307,1-methylhistidine,Method 3,BRMWTNUJHUMWMS-LURJTMIESA-N,HMDB0000001,C01152,0.0,True,all_pre_hcc,provided_area,True,-0.000709762726192096,-0.05534796149962051,-0.008589454208094371,0.17892078942578885,0.7570603366795056,0.4341922550071461,0.8676875708858018,,0.92631812083019,0.8726314266623042
463,glutarylcarnitine (C5-DC),Method 1,NXJAXUYOQLTISD-UHFFFAOYSA-N,HMDB0013130,,0.0,True,all_pre_hcc,provided_area,True,0.0021637414285128674,-0.05293843335974932,-0.0065875936008353685,0.17245576605683058,0.7588675891591646,0.4168722737757383,1.0658106252621702,,0.92631812083019,0.8560732014389768
909,1-(1-enyl-stearoyl)-2-linoleoyl-GPE (P-18:0/18:2)*,Method 2,XVXISDREVDGQPX-PISDLAQISA-N,HMDB0011376,,0.0,True,all_pre_hcc,provided_area,True,-0.002223232518184648,0.04132385091645758,0.0011987311032153013,0.13471221727503047,0.7590287059295022,0.8370645429965238,0.6883425025983836,,0.92631812083019,0.972152403262362
626,1-lignoceroyl-GPC (24:0),Method 2,SKJMUADLQLZAGH-WJOKGBTCSA-N,HMDB0010405,,0.1972318339100346,True,all_pre_hcc,provided_area,True,-0.0101749411261727,0.10987027471074123,0.003911834223280992,0.3583194149421352,0.7591275815371673,0.8722404651962187,0.5592653332044406,,0.92631812083019,0.9771235901832512
273,ethacrynic acid,Method 3,AVOLMBLBETYQHX-UHFFFAOYSA-N,HMDB15039,D00313,0.9948096885813149,False,all_pre_hcc,provided_area,True,-0.00041369754563821905,-5.753922583048355e-05,0.00041369754563821536,0.0001883350653027006,0.7599737923156505,0.31142422894933586,0.5104901066135333,,0.92631812083019,0.8560732014389768
67,lactose,Method 4,GUBGYTABKSRVRQ-DCSYEGIMSA-N,HMDB0041627,C01970,0.25259515570934254,False,all_pre_hcc,provided_area,True,-0.014856419004492593,-0.13360747831817718,0.006575873611974784,0.4374532320814272,0.7600453996352768,0.750432087658651,0.46327770590787437,,0.92631812083019,0.9565706490507084
658,N6-methyllysine,Method 1,PQNASZJZHFPQLE-LURJTMIESA-N,HMDB0002038,C02728,0.0,True,all_pre_hcc,provided_area,True,0.0017633342771801864,-0.06621710569767066,-0.002290706144156173,0.21683124057044856,0.7600726030487147,0.5468171612814319,0.9268456354933841,,0.92631812083019,0.8887545076124564
1086,3-indoleglyoxylic acid,Method 3,DWLVFWDCSFTDOD-UHFFFAOYSA-N,,,0.00865051903114187,True,all_pre_hcc,provided_area,True,-0.005695522725809673,-0.07171146777783284,-0.006491286818048579,0.23519863578648598,0.7604442466804275,0.37125819543880567,0.8852518918675262,,0.92631812083019,0.8560732014389768
63,isoleucine,Method 1,AGPKZVBTJJNPAG-UHFFFAOYSA-N,HMDB0000172,"C06418,C00407,C16424",0.0,True,all_pre_hcc,provided_area,True,-0.0006994222149646842,-0.031304452199447594,0.0026989618030831323,0.10301917742942635,0.7612268251177685,0.36655630477065726,0.8712368149015296,,0.92631812083019,0.8560732014389768
1014,nervonoylcarnitine (C24:1)*,Method 2,QGIHQXKFCAACHN-SEYXRHQNSA-N,HMDB0006509,,0.029411764705882353,True,all_pre_hcc,provided_area,True,0.002604212750193372,-0.06933671320031212,-0.0033863509397674568,0.2283273917115218,0.761377533337374,0.6937828300809114,0.812953215622368,,0.92631812083019,0.9313341947091618
1250,"bilirubin degradation product, C16H18N2O5 (2)**",Method 3,,,,0.07439446366782007,True,all_pre_hcc,provided_area,True,-0.008575438151188289,-0.09884668226308184,0.016510271912205974,0.3287307120184724,0.7636493998609977,0.08409044991861357,0.6543180158001467,,0.9281844879469904,0.7672613886135418
259,1-stearoyl-GPI (18:0),Method 3,MXAFDFDAIFZFET-CLBYPKMISA-N,HMDB0240261,,0.0,True,all_pre_hcc,provided_area,True,-1.9904545761592285e-05,-0.06206214356760236,-0.010636549643297397,0.20802875553864764,0.7654479163724452,0.2443285965838844,0.7610482312063673,,0.9287959619731957,0.8560732014389768
77,ornithine,Method 1,AHLPHDHHMVZTML-BYPYZUCNSA-N,HMDB0000214,C00077,0.0,True,all_pre_hcc,provided_area,True,0.00022157415475791594,-0.027731336713307863,-0.001672537633000407,0.09363408785634839,0.7671024690377746,0.5226039512718845,0.6822974556679396,,0.9287959619731957,0.8789248271390785
123,cytosine,Method 1,OPTASPLRGRRNAP-UHFFFAOYSA-N,HMDB0000630,C00380,0.12975778546712802,True,all_pre_hcc,provided_area,True,-0.0006381155339981656,0.0834874357835888,-0.009663294169309916,0.2826939634530795,0.7677433480540824,0.48965300335214723,0.3743098698304486,,0.9287959619731957,0.8756937734462804
235,imidazole lactate,Method 1,ACZFBYCNAVEFLC-UHFFFAOYSA-N,HMDB0002320,C05568,0.0,True,all_pre_hcc,provided_area,True,-0.0015779202025678922,-0.04020186722428297,0.0007131115261884135,0.13642774378712116,0.7682420405017841,0.8551542167739363,0.8051267956465954,,0.9287959619731957,0.9740000183001865
1144,3-hydroxyhexanoylcarnitine (1),Method 1,VYEONLJQPYRKAN-UHFFFAOYSA-N,,,0.0,True,all_pre_hcc,provided_area,True,0.0013656425344832411,-0.06324655627670196,-0.004099960727941471,0.21465612518678015,0.7682679215739535,0.5722514463501813,0.7126707895955782,,0.9287959619731957,0.8923698243750036
550,"androstenediol (3alpha, 17alpha) monosulfate (2)",Method 3,VPDALJSLCNNODJ-BVKUPEMCSA-N,,,0.02249134948096886,True,all_pre_hcc,provided_area,True,-0.009246801090739012,0.06987315525546305,0.0027566443842938974,0.23747821416674594,0.768582350090697,0.7101651473935418,1.0572555045205831,,0.9287959619731957,0.9394193011788387
212,2-hydroxyhippurate (salicylurate),Method 3,ONJSZLXSECQROL-UHFFFAOYSA-N,HMDB0000840,C07588,0.006920415224913495,True,all_pre_hcc,provided_area,True,0.005516940742052797,0.13802594342284394,0.0006360646639237705,0.4717382058096181,0.7698354581556391,0.977579491074619,0.30602280033053636,,0.9294174725141977,0.9957854249164945
840,"1,2-dilinoleoyl-GPC (18:2/18:2)",Method 2,FVXDQWZBHIXIEJ-LNDKUQBDSA-N,HMDB0008138,,0.0,True,all_pre_hcc,provided_area,True,-0.0025164179624254154,-0.039846638443694245,0.0010921036965463786,0.1367361088452608,0.7707357038910385,0.856314801462644,0.5857896455015152,,0.9296121912703034,0.9740000183001865
419,1-pentadecanoylglycerol (15:0),Method 3,QSKPZDMBULYMDQ-UHFFFAOYSA-N,,,0.4031141868512111,False,all_pre_hcc,provided_area,True,0.0101384547048815,0.08176898259565037,-0.007937088311091781,0.2819929292810286,0.7718405643407803,0.4985512992621177,0.26438116110097953,,0.9297114085624939,0.8756937734462804
42,cortisone,Method 3,MFYSYFVPBJMHGN-ZPOLXVRWSA-N,HMDB0002802,C00762,0.010380622837370242,True,all_pre_hcc,provided_area,True,-0.005513063018072718,0.08076539949040057,0.022508801677754747,0.2791049328931879,0.7722960428837886,0.018895336840963256,0.8711536266909878,,0.9297114085624939,0.5659603272840898
908,1-linoleoyl-2-arachidonoyl-GPE (18:2/20:4)*,Method 2,LFGBKOUQHCWBQI-BZGLIJSBSA-N,HMDB0009102,,0.20242214532871972,False,all_pre_hcc,provided_area,True,0.00820393313474649,-0.08989891112088567,0.0005429136251703795,0.314780992437495,0.7751906851603048,0.9784218011249162,0.23746949471792653,,0.9315900561695319,0.9958370759022205
872,1-palmitoyl-2-docosahexaenoyl-GPE (16:0/22:6)*,Method 2,MPWUZHVZZKSTPV-MADBQMNMSA-N,HMDB0008946,,0.0,True,all_pre_hcc,provided_area,True,0.0013806377683083964,-0.05910106058139942,-0.006412136722950575,0.20708146609554273,0.7753376699598569,0.09490339817740016,0.8147918985964688,,0.9315900561695319,0.7752498370595416
1168,fibrinopeptide A (3-16)**,Method 3,RTIAWGDTSQOGQP-UHFFFAOYSA-N,,,0.0034602076124567475,True,all_pre_hcc,provided_area,True,0.003741461216420017,0.0654256826989052,0.0005442789785974646,0.2313194801695708,0.7773018731987359,0.9435392054899242,0.6922454855312955,,0.9325771149732045,0.9891436004219372
189,gamma-glutamylleucine,Method 1,MYFMARDICOWMQP-YUMQZZPRSA-N,HMDB0011171,,0.0,True,all_pre_hcc,provided_area,True,0.0008229464865723198,-0.041738767050362835,-0.0024045289754993054,0.14780357461220406,0.7776418073186737,0.6597127525924917,0.853676391035905,,0.9325771149732045,0.9252158782177866
421,1-linolenoylglycerol (18:3),Method 3,XQBHBEXBUZDCRY-QNEBEIHSSA-N,HMDB0011569,,0.15051903114186851,True,all_pre_hcc,provided_area,True,0.0003446225657424646,0.0974996586240744,0.017990033086280666,0.34979580916297215,0.7804496841875916,0.27790911483644043,0.3913512607214989,,0.9350530501980859,0.8560732014389768
1254,"bilirubin degradation product, C17H20N2O5 (1)**",Method 3,,,,0.03460207612456748,True,all_pre_hcc,provided_area,True,-0.004817925099422994,0.10442005764101026,0.008635607138765846,0.3791517446674332,0.7830055662813974,0.5328453541201882,0.6928393287416121,,0.935148523033745,0.8843264584211039
1204,3-hydroxydecanoylcarnitine,Method 2,VCRSQDIROUELAR-UHFFFAOYSA-N,HMDB0061636,,0.0,True,all_pre_hcc,provided_area,True,0.004048735578053385,-0.06641433906949055,-0.005088447915028109,0.24122265320803965,0.7830674761141935,0.5279511382814236,0.7220474435231076,,0.935148523033745,0.8823523230339035
481,3-(3-hydroxyphenyl)propionate,Method 3,QVWAEZJXDYOKEH-UHFFFAOYSA-N,HMDB0000375,C11457,0.2681660899653979,False,all_pre_hcc,provided_area,True,0.009216035035338509,0.1498514216221644,0.017406189728928777,0.5463129972976009,0.7838572261301838,0.5581762546948726,0.6943430726628376,,0.935148523033745,0.8901608221888474
497,tryptophan betaine,Method 1,AOHCBEAZXHZMOR-ZDUSSCGKSA-N,HMDB0061115,C09213,0.0,True,all_pre_hcc,provided_area,True,-0.009423371820371866,-0.08853084234397164,0.004650274300551522,0.32398890376519895,0.7846589729497744,0.5830906165629992,0.6904425665491568,,0.935148523033745,0.8923698243750036
781,arabonate/xylonate,Method 4,QXKAIJAYHKCRRA-JJYYJPOSSA-N,HMDB0000539,"C00502,C05411",0.0017301038062283738,True,all_pre_hcc,provided_area,True,0.002646574513241104,-0.038021041083597815,-0.000382757264794425,0.13935649722211868,0.7849816470680464,0.963615356744542,0.7851038658173132,,0.935148523033745,0.9927133185833146
748,3-(3-hydroxyphenyl)propionate sulfate,Method 3,IQWLPDPKVFZEOK-UHFFFAOYSA-N,HMDB0094710,,0.5449826989619377,False,all_pre_hcc,provided_area,True,0.0030408528515210825,-0.10230333495673044,0.010977737668951498,0.37498107597138114,0.7849895392079768,0.47211798291683915,0.5855754557513038,,0.935148523033745,0.8756937734462804
1063,"N,N,N-trimethyl-alanylproline betaine (TMAP)",Method 1,KXONJPJIFNGMCN-UHFFFAOYSA-N,HMDB0240365,,0.0,True,all_pre_hcc,provided_area,True,0.0020030861747473874,-0.03743995761493467,-0.004105415704247418,0.13807382729863865,0.786268763753037,0.6492568967478652,0.8470280307370622,,0.935591154518678,0.9197806037261423
841,1-stearoyl-2-oleoyl-GPC (18:0/18:1),Method 2,ATHVAWFAEPLPPQ-VRDBWYNSSA-N,HMDB0008038,,0.0,True,all_pre_hcc,provided_area,True,-0.0003750109803622824,-0.027050931062004666,0.001364714889632063,0.10030150712895912,0.7873940169345734,0.6664496178360763,0.8380064690350484,,0.935591154518678,0.9270214017943843
271,dextromethorphan,Method 2,MKXZASYAUGDDCJ-CGTJXYLNSA-N,HMDB0001920,"D03744,DG01078,C06947",0.9653979238754326,False,all_pre_hcc,provided_area,True,0.0018598626029451184,-0.027968302154321216,0.0044150973208994465,0.10383484685783739,0.7876574973543168,0.49845896339191487,0.5292839805982679,,0.935591154518678,0.8756937734462804
539,pregnenediol disulfate (C21H34O8S2)*,Method 3,RKYCGXFEFAPXIP-BWUXAKENSA-N,,,0.0,True,all_pre_hcc,provided_area,True,-0.002027552214892315,-0.07399413631153409,-0.007694428855672185,0.2787700546939992,0.7906776735184314,0.4860885172706475,0.8596429783556309,,0.935591154518678,0.8756937734462804
1021,"N,N,N-trimethyl-5-aminovalerate",Method 1,CDLVFVFTRQPQFU-UHFFFAOYSA-N,,,0.0,True,all_pre_hcc,provided_area,True,0.0025927033715043373,-0.03841105416951267,-0.008210327312297712,0.14641337681529795,0.7930542246201763,0.020917614590177956,0.938792169510594,,0.935591154518678,0.572051285966171
194,naproxen,Method 3,CMWTZPSULFXXJA-VIFPVBQESA-N,HMDB0001923,C01517,0.9636678200692042,False,all_pre_hcc,provided_area,True,-0.015123365659611466,-0.021675984979232583,0.012256657122965281,0.0826589283251217,0.7931410088156533,0.13785777591310835,0.25523786762259165,,0.935591154518678,0.8024739512831196
226,suberate (C8-DC),Method 4,TYFQFVWCELRYAO-UHFFFAOYSA-N,HMDB0000893,C08278,0.2698961937716263,False,all_pre_hcc,provided_area,True,0.005255673543864838,-0.059688954962758355,0.014036948820879495,0.22836409668707502,0.7938023577524105,0.39477653214877806,0.24605531248549664,,0.935591154518678,0.8560732014389768
1249,"bilirubin degradation product, C16H18N2O5 (1)**",Method 3,,,,0.4083044982698962,False,all_pre_hcc,provided_area,True,-0.006992690978726526,-0.10402617087693056,0.013403527528909656,0.4008240124930458,0.7952257319902957,0.45388021414461477,0.666745763191545,,0.935591154518678,0.8756937734462804
883,"sphingomyelin (d18:1/21:0, d17:1/22:0, d16:1/23:0)*",Method 2,YXSZOBWVQJIWNE-QVDCKBILSA-N,"HMDB0240619,HMDB0240611,HMDB0240621",,0.0,True,all_pre_hcc,provided_area,True,-0.00050055331521058,0.06340197882704798,-0.008527047914545142,0.24463116104207214,0.7955011728648904,0.1561833111480588,0.941481343305849,,0.935591154518678,0.8118950637366033
1156,trimethoprim,Method 1,IEDVJHCEMCRBQM-UHFFFAOYSA-N,HMDB0014583,"C01965,D00145",0.9896193771626297,False,all_pre_hcc,provided_area,True,0.0006013068077788202,0.015302817987868767,0.0005430733255237237,0.05910329081669783,0.7956996567001837,0.7347545906304441,-0.008924039581270575,,0.935591154518678,0.9507328331542158
1253,"bilirubin degradation product, C17H18N2O4 (3)**",Method 3,,,,0.0,True,all_pre_hcc,provided_area,True,-3.601545648956042e-05,-0.0733530904123397,0.002763132998800401,0.28332636965732877,0.7957126887408733,0.750988306516329,0.8150872333683682,,0.935591154518678,0.9565706490507084
1100,N-acetyl-isoputreanine,Method 1,YGIAGXACEXFIDU-UHFFFAOYSA-N,,,0.0,True,all_pre_hcc,provided_area,True,-0.0020105900400197952,0.043993792398632804,-0.0041178438481402615,0.17049231690727443,0.7963762406806363,0.5531879969884091,0.8520227232614727,,0.935591154518678,0.8901608221888474
114,pyruvate,Method 4,LCTONWCANYUPML-UHFFFAOYSA-N,HMDB0000243,C00022,0.0,True,all_pre_hcc,provided_area,True,-0.006642006798571185,-0.05528263210121294,0.01060762826601367,0.2143994745311621,0.7965236550366528,0.16216911696138192,0.7479918709875931,,0.935591154518678,0.8259463527830706
887,lactosyl-N-palmitoyl-sphingosine (d18:1/16:0),Method 2,HLIJNIKSBCIDGO-QKLMXXKVSA-N,HMDB0006750,,0.0,True,all_pre_hcc,provided_area,True,-0.004608088603810903,0.027636616196649446,0.0036994249267589645,0.10774892378686532,0.797571822279097,0.2489392539803409,1.0032518646769095,,0.935591154518678,0.8560732014389768
524,1-stearoyl-2-arachidonoyl-GPS (18:0/20:4),Method 2,SVOUGFFDROZBJI-DNALCEECSA-N,HMDB0012383,,0.7906574394463668,False,all_pre_hcc,provided_area,True,0.0007700927076926012,0.05042483395594806,-0.009745255886886609,0.1966021388481187,0.7975789753780926,0.25564156516230896,0.8127174864832547,,0.935591154518678,0.8560732014389768
290,saccharin,Method 3,CVHZOJJKTDOEJC-UHFFFAOYSA-N,HMDB0029723,C12283,0.3373702422145329,False,all_pre_hcc,provided_area,True,0.014655595840467469,-0.13366643626985963,-0.03087967055709724,0.5221318092814727,0.7979498123218915,0.47937418772917895,0.4593775072169844,,0.935591154518678,0.8756937734462804
495,dihomo-linolenate (20:3n3 or n6),Method 3,AHANXAKGNAKFSK-PDBXOOCHSA-N,HMDB0002925,C03242,0.0,True,all_pre_hcc,provided_area,True,-0.0016146232003539005,0.045730582163138654,0.004567902515428428,0.17965254183778903,0.799070562556282,0.5405443381042692,0.641171959523287,,0.935591154518678,0.8843780156115931
1167,fibrinopeptide A (2-15)**,Method 3,BIJNWWNHDMFRFM-UHFFFAOYSA-N,,,0.1453287197231834,True,all_pre_hcc,provided_area,True,-0.005998620951687078,0.08539102263960661,-0.023597443327045702,0.3359064698986384,0.79933277595352,0.08163568784833666,0.6041509189130196,,0.935591154518678,0.7672613886135418
1170,fibrinopeptide A (8-16)**,Method 3,IVDQZJOLQPZCET-UHFFFAOYSA-N,,,0.005190311418685121,True,all_pre_hcc,provided_area,True,0.0015327620534783264,0.062146446279133565,-0.000722159699444303,0.24466617102590835,0.7994916463494268,0.9078850907757055,0.9071757338423111,,0.935591154518678,0.9816872402027719
680,lanthionine,Method 1,DWPCPZJAHOETAG-IMJSIDKUSA-N,,,0.03806228373702422,True,all_pre_hcc,provided_area,True,-0.0012662773780165878,-0.05005322753521496,0.0015893299300823286,0.19872367261519705,0.8011388410372745,0.8542312774201221,0.41970499707734404,,0.9356529933640524,0.9740000183001865
110,alanine,Method 1,QNAYBMKLOCPYGJ-REOHCLBHSA-N,HMDB0000161,C00041,0.0,True,all_pre_hcc,provided_area,True,-0.002383824041526579,0.026830930754671693,0.0076654567231021565,0.10670940833791198,0.801474545676192,0.0004460739693723434,0.8083942474799368,,0.9356529933640524,0.0561161053470408
1257,"bilirubin degradation product, C16H18N2O5 (3)**",Method 3,,,,0.18685121107266436,True,all_pre_hcc,provided_area,True,-0.009923643955303492,0.0817440646928771,0.020300618641484927,0.32560924609820535,0.8017757765075108,0.08934813046041994,0.6665649401295288,,0.9356529933640524,0.7732012916310346
21,N-formylmethionine,Method 3,PYUSHNKNPOHWEZ-UHFFFAOYSA-N,HMDB0001015,C03145,0.0,True,all_pre_hcc,provided_area,True,0.0022537077978268217,0.04238131715125192,-0.006645409569299258,0.17047259060488262,0.8036618988373302,0.30883922526412866,1.0571378002921608,,0.9369848644461181,0.8560732014389768
437,gamma-glutamyl-2-aminobutyrate,Method 1,FUZOZPRKGAXGOB-UHFFFAOYSA-N,,,0.031141868512110725,True,all_pre_hcc,provided_area,True,0.0065672880243346585,0.05301475658668603,-0.007261374024606844,0.21983561698345291,0.8094339346158449,0.3681283745679085,0.3765171533772517,,0.9421335491532503,0.8560732014389768
681,2-stearoyl-GPE (18:0)*,Method 3,KIHAGWUUUHJRMS-JOCHJYFZSA-N,HMDB0011129,,0.039792387543252594,True,all_pre_hcc,provided_area,True,-0.0006915212757036969,-0.059959728432217176,0.007458337984149148,0.24882311743438007,0.8095758081356627,0.30303883612335736,0.6793810701556355,,0.9421335491532503,0.8560732014389768
1080,"sphingomyelin (d17:1/14:0, d16:1/15:0)*",Method 2,VDFACZRLDXDTEB-WSYRTZMQSA-N,,,0.0,True,all_pre_hcc,provided_area,True,-0.0003091693252257774,-0.04618895138347879,0.0012680556964360951,0.19519048253473742,0.8129397602589867,0.8482751549222171,0.8113165955923446,,0.9434798081913568,0.9727713262462616
27,arachidonate (20:4n6),Method 3,YZXBAPSDXZZRGB-DOFZRALJSA-N,HMDB0001043,C00219,0.0,True,all_pre_hcc,provided_area,True,-0.0014157201515111182,-0.04415854550771984,-0.004531803234451592,0.18678142875524753,0.8131081070458188,0.5203902366722256,0.7388022289347794,,0.9434798081913568,0.8775481470960588
581,"2S,3R-dihydroxybutyrate",Method 4,LOUGYXZSURQALL-GBXIJSLDSA-N,HMDB0002453,,0.0,True,all_pre_hcc,provided_area,True,0.0033700074265996484,-0.035609313126919735,-0.006971706661548972,0.15108738280096662,0.8136756551406181,0.35362566878396895,0.6294205661479289,,0.9434798081913568,0.8560732014389768
1101,glucuronide of piperine metabolite C17H21NO3 (3)*,Method 3,,,,0.029411764705882353,True,all_pre_hcc,provided_area,True,-0.007691116151762943,-0.08096568050020678,-0.015421806847399253,0.34376241154635717,0.8137989328278129,0.38727467629078405,0.7266305727813388,,0.9434798081913568,0.8560732014389768
292,1-oleoylglycerol (18:1),Method 3,RZRNAYUHWVFMIP-KTKRTIGZSA-N,HMDB0011567,,0.03460207612456748,True,all_pre_hcc,provided_area,True,-0.0007785501084404245,0.0997388189931604,-0.005973795530406047,0.4257873592595927,0.8147943094508704,0.5905705746204373,0.7234459904018629,,0.9434798081913568,0.8944363557218071
134,caproate (6:0),Method 3,FUZZWVXGSFPDMH-UHFFFAOYSA-N,HMDB0000535,C01585,0.0,True,all_pre_hcc,provided_area,True,-0.0023112098574155212,-0.060580154615179675,0.002353812637365224,0.2592428386695167,0.8152325528648687,0.8466829198465617,0.8793597831633998,,0.9434798081913568,0.9727188248100225
719,2-aminophenol sulfate,Method 3,VSTZVCJQGSLNLL-UHFFFAOYSA-N,HMDB0061116,,0.005190311418685121,True,all_pre_hcc,provided_area,True,0.009377596597323788,0.07346322445757186,-0.012886696753848667,0.3202787046162348,0.8185791721858566,0.5752908407589702,0.5893194898866926,,0.9464821678398967,0.8923698243750036
287,trizma acetate,Method 1,LENZDBCJOHFCAS-UHFFFAOYSA-N,,C07182,0.18858131487889274,True,all_pre_hcc,provided_area,True,-0.02610727593182327,0.13606590086437487,-0.011381199347100458,0.601165114818451,0.820939333112504,0.8415343982319418,0.16860629723520826,,0.9481000576215233,0.972152403262362
229,3-methylhistidine,Method 3,JDHILDINMRGULE-LURJTMIESA-N,HMDB0000479,C01152,0.0,True,all_pre_hcc,provided_area,True,-0.004004420464130085,-0.07995889413676463,-0.011202644382077508,0.3570407417588445,0.8227970373824992,0.5550078615123661,0.4931963126697594,,0.9481000576215233,0.8901608221888474
1047,glucuronide of C14H26O4 (1)*,Method 3,,,,0.48961937716262977,False,all_pre_hcc,provided_area,True,0.007445642189783017,0.07835278506407749,0.005722237042748719,0.3511664044267825,0.8234409230144257,0.6415415772413167,0.47563177142589197,,0.9481000576215233,0.9119314171407642
300,ribonate,Method 4,QXKAIJAYHKCRRA-BXXZVTAOSA-N,HMDB0000867,C01685,0.0,True,all_pre_hcc,provided_area,True,0.0001961329882275051,-0.026763984929506594,-0.004567176410096101,0.11999865908911403,0.8235077216515011,0.41852420533979007,0.7667717673579463,,0.9481000576215233,0.8560732014389768
660,dihydroferulate,Method 3,BOLQJTPHPSDZHR-UHFFFAOYSA-N,HMDB0062121,,0.21107266435986158,False,all_pre_hcc,provided_area,True,0.0007239882449784943,0.09353118030653781,0.002020782538706062,0.4199333378681201,0.8237467114311009,0.9371793917483824,0.4952656665271398,,0.9481000576215233,0.9891436004219372
505,1-linoleoyl-GPI (18:2)*,Method 3,SAHCQBPGXQFTRA-WNOZMNFTSA-N,HMDB0240597,,0.0,True,all_pre_hcc,provided_area,True,0.0005368855925571816,-0.04403256615043943,-0.007519156295853369,0.19908348829863387,0.8249550963877146,0.4368458389319697,0.7865415895667924,,0.9486229536158547,0.8726314266623042
988,1-cerotoyl-GPC (26:0)*,Method 2,WSDKRPCAPHRNNZ-MGBGTMOVSA-N,HMDB29205,,0.38235294117647056,False,all_pre_hcc,provided_area,True,-0.005912005934112981,-0.05874857918817914,-0.00555513741945226,0.2702387601440432,0.8279004584592915,0.6089004789578889,0.535775572765163,,0.9497119213891936,0.8960599110954367
825,N-desmethyl tramadol,Method 1,VUMQHLSPUAFKKK-DZGCQCFKSA-N,HMDB0061007,,0.8875432525951558,False,all_pre_hcc,provided_area,True,-0.000155146275122131,0.0744996814884629,0.0031270981783207965,0.3430493417419923,0.8280766448707476,0.7265259970603994,0.7234770906681014,,0.9497119213891936,0.9471188645616399
484,1-palmitoyl-GPI (16:0),Method 3,UOXRPRZMAROFPH-AQFLIPHUSA-N,HMDB0061695,,0.0,True,all_pre_hcc,provided_area,True,-0.0020491979489266738,-0.050348045369118646,-0.006806044825057236,0.23196181330405902,0.8281669139618006,0.4780197132898145,0.7248805069953715,,0.9497119213891936,0.8756937734462804
1123,4-methylhexanoylglutamine,Method 3,VCZLDSLBUPQMCV-UHFFFAOYSA-N,,,0.28027681660899656,False,all_pre_hcc,provided_area,True,0.0070477580685199956,-0.06427169248426545,0.0007453633604146569,0.30121143425525687,0.8310326591100662,0.9650941086068312,0.5727374084329269,,0.9517386229372882,0.9927133185833146
53,gluconate,Method 4,RGHNJXZEOKUKBD-SQOUGZDYSA-N,HMDB0000625,C00257,0.0017301038062283738,True,all_pre_hcc,provided_area,True,0.0029479797584629095,0.03068748338883631,-0.004977532241699196,0.14417715091637184,0.8314473343466452,0.28732882165491225,0.8198393374743633,,0.9517386229372882,0.8560732014389768
1044,heptenedioate (C7:1-DC)*,Method 4,OXQWBLJQOBXJPM-DUXPYHPUSA-N,,,0.015570934256055362,True,all_pre_hcc,provided_area,True,0.006128290105256325,-0.045277259913789225,-0.0033117802039071874,0.2137800879018436,0.8322680416938236,0.6901776836314834,0.3958368881671592,,0.9518119967734818,0.9313341947091618
768,octadecenedioylcarnitine (C18:1-DC)*,Method 2,CYPBWZKNUDFJJE-PLNGDYQASA-N,,,0.0034602076124567475,True,all_pre_hcc,provided_area,True,0.00024544103814569623,-0.044232072738224035,0.005136163717188842,0.21293611413065977,0.8354439953825027,0.6083719746904692,0.7139659781148742,,0.9543143284848291,0.8960599110954367
335,3-carboxy-4-methyl-5-propyl-2-furanpropanoate (CMPF),Method 3,WMCQWXZMVIETAO-UHFFFAOYSA-N,HMDB0061112,,0.0,True,all_pre_hcc,provided_area,True,0.002663792443300236,0.08676384903648579,0.006284300585036819,0.4226105807223221,0.8373342375730667,0.6691060674318767,0.7041762274715501,,0.9543143284848291,0.9270214017943843
357,N-acetylphenylalanine,Method 3,CBQJSKKFNMDLON-JTQLQIEISA-N,HMDB0000512,C03519,0.0,True,all_pre_hcc,provided_area,True,0.0009541424083426947,0.04258644659937796,-0.008358880850161964,0.2087189127559755,0.8383243388850263,0.21474417646246347,0.9908397715473025,,0.9543143284848291,0.8557874702016173
70,malate,Method 3,BJEPYKJPYRNKOW-UHFFFAOYSA-N,"HMDB0031518,HMDB0000156,HMDB0000744","C00149,C00711,C00497",0.0,True,all_pre_hcc,provided_area,True,-0.0012969279354812257,0.036260736863492425,0.003809663378385066,0.17780270351381863,0.8384019092887327,0.5153671938658424,0.7623527633820625,,0.9543143284848291,0.8775481470960588
983,"glycosyl ceramide (d18:1/23:1, d17:1/24:1)*",Method 2,ZTXYYHYUNQRYIR-BLIGVESQSA-N,,,0.21280276816608998,False,all_pre_hcc,provided_area,True,-0.0007260196191733004,0.05418894547195407,0.002678670899078737,0.26659937473039985,0.8389319455969976,0.8109007366133258,0.5022550589560263,,0.9543143284848291,0.9657345946249472
941,4-aminophenol sulfate (2),Method 3,DJEGXIBXYHERSU-UHFFFAOYSA-N,,,0.8927335640138409,False,all_pre_hcc,provided_area,True,0.00527692244228092,0.04491826846334717,-0.010440013670039959,0.22116546981728208,0.83905842123128,0.11121359388733948,0.8101607495680051,,0.9543143284848291,0.7897057642414003
95,uridine,Method 3,DRTQHJPVMGBUCF-UHFFFAOYSA-N,HMDB0000296,C00299,0.0,True,all_pre_hcc,provided_area,True,-0.0007304608335010642,0.030043868602046844,-0.0040786939140886385,0.14859044781458766,0.8397662652088281,0.31511804505285235,1.0313622223379106,,0.9543143284848291,0.8560732014389768
621,gabapentin,Method 1,UGJMXCAKCUNAIE-UHFFFAOYSA-N,HMDB0005015,D00332,0.8477508650519031,False,all_pre_hcc,provided_area,True,0.005524040121033646,0.09968716231034931,0.02224227064629604,0.49759412505154044,0.841216008692822,0.46776789676983865,0.9494033623219482,,0.9550990423606228,0.8756937734462804
264,ciprofloxacin,Method 3,MYSWGUAQZAJSOK-UHFFFAOYSA-N,HMDB0014677,C05349,0.9809688581314879,False,all_pre_hcc,provided_area,True,-0.0009162562026585937,0.013379203560978702,-0.017759009228150335,0.06728589442742228,0.8423870179980966,0.3881516024071392,0.6324937167146761,,0.9555661574766505,0.8560732014389768
68,leucine,Method 1,ROHFNLRQFUQHCH-YFKPBYRVSA-N,HMDB0000687,C00123,0.0,True,all_pre_hcc,provided_area,True,-0.0009046821123681792,0.017400284089616556,0.0010942687411322003,0.08797178601630502,0.8432063061450245,0.7990794344418488,0.7634865007966157,,0.9556338136310276,0.9657345946249472
1,S-1-pyrroline-5-carboxylate,Method 1,DWAKNKKXGALPNW-UHFFFAOYSA-N,HMDB0001301,C04322,0.010380622837370242,True,all_pre_hcc,provided_area,True,0.0013148344304946763,0.031350759830457396,-0.001343368015070786,0.16002373791873992,0.8446781187802346,0.854697361590221,0.7136636074818389,,0.9564402101039919,0.9740000183001865
99,glutamine,Method 1,ZDXPYRJPNDTMRX-VKHMYHEASA-N,HMDB0000641,C00064,0.0,True,all_pre_hcc,provided_area,True,-0.00013463218316313574,0.014198673572464501,-0.0018243835088168439,0.07363724236483227,0.8471005725085202,0.12859500871939183,0.8344668310022121,,0.9566571010787562,0.7930025537695831
328,3-hydroxysebacate,Method 3,OQYZCCKCJQWHIE-UHFFFAOYSA-N,HMDB0000350,,0.0657439446366782,True,all_pre_hcc,provided_area,True,0.0002869493199884477,0.06377699728240566,0.008011113667783905,0.33329645926758306,0.848249698503926,0.7075961643535054,0.4801032314325233,,0.9566571010787562,0.9391335845712927
1105,sulfate of piperine metabolite C16H19NO3 (3)*,Method 3,,,,0.00865051903114187,True,all_pre_hcc,provided_area,True,-0.006644727519388304,0.06698140285170953,-0.012718701004733981,0.3537122373499036,0.8498052363140636,0.4599011907078855,0.8364490807180517,,0.9566571010787562,0.8756937734462804
488,N6-succinyladenosine,Method 3,VKGZCEJTCKHMRL-UHFFFAOYSA-N,HMDB0000912,,0.09169550173010381,True,all_pre_hcc,provided_area,True,0.00027803671430304413,0.04431622608528276,-0.01139238057586591,0.23407614741220434,0.849838907769829,0.4101341466202134,0.7204848760892935,,0.9566571010787562,0.8560732014389768
1066,N4-acetylsulfamethoxazole*,Method 3,GXPIUNZCALHVBA-UHFFFAOYSA-N,HMDB0013854,"D01601,C13061",0.9826989619377162,False,all_pre_hcc,provided_area,True,0.005091103469976174,-0.04266241824236747,-0.0021107829177943217,0.22677743525240296,0.8507789637207543,0.7447028048740231,0.02997159254844682,,0.9566571010787562,0.9520692363125214
696,2-hydroxydecanoate,Method 3,GHPVDCPCKSNJDR-UHFFFAOYSA-N,HMDB0094656,,0.0,True,all_pre_hcc,provided_area,True,-0.0023346689055230726,-0.04539025056620238,-0.006292063682346903,0.2420346490275124,0.8512402688461895,0.5076289133998307,0.8815062179187633,,0.9566571010787562,0.8775481470960588
1255,"bilirubin degradation product, C17H20N2O5 (2)**",Method 3,,,,0.010380622837370242,True,all_pre_hcc,provided_area,True,-0.003915904466089959,0.0648292053299402,0.0068357224108127074,0.34571145079209953,0.851249782697248,0.5663694381831889,0.7116322518097604,,0.9566571010787562,0.8923698243750036
341,myristoleate (14:1n5),Method 3,YWWVWXASSLXJHU-WAYWQWQTSA-N,HMDB0002000,C08322,0.0,True,all_pre_hcc,provided_area,True,-0.007844052242497708,0.053519908925107725,0.0188697608694165,0.28596685596006444,0.8515397038451691,0.24975469940813522,0.3810972344824907,,0.9566571010787562,0.8560732014389768
851,2-hydroxylaurate,Method 3,YDZIJQXINJLRLL-UHFFFAOYSA-N,,,0.16262975778546712,True,all_pre_hcc,provided_area,True,-0.008698741063494383,0.06071701873776393,0.035980392383689684,0.32580653972431495,0.852163151436878,0.03385191314728508,0.35301874427615887,,0.9566571010787562,0.6371910443942032
631,3-(4-hydroxyphenyl)propionate,Method 3,NMHMNPHRMNGLLB-UHFFFAOYSA-N,HMDB0002199,C01744,0.22664359861591696,False,all_pre_hcc,provided_area,True,-0.0023170637173046474,0.06344138423750516,-0.003662322192536353,0.34293463661597917,0.8532325201487094,0.8511585863806702,0.46437658461110265,,0.9566571010787562,0.9740000183001865
547,"5alpha-androstan-3alpha,17beta-diol disulfate",Method 3,JHFAETDERBWUOO-ILBJSTGGSA-N,HMDB0094682,,0.4013840830449827,False,all_pre_hcc,provided_area,True,-0.00869969598758023,0.08704144612496606,0.0020394277914327864,0.47051270892855485,0.8532347117729447,0.8662885664956343,1.0025558503985714,,0.9566571010787562,0.9771235901832512
479,glycerophosphoinositol*,Method 1,BMVUIWJCUQSHLZ-GFSNQTMESA-N,,,0.18685121107266436,True,all_pre_hcc,provided_area,True,-0.00603074888451946,-0.061991090970403534,0.005434642388044654,0.3375730053320919,0.8542977770751395,0.8275523111142764,0.4039864028235535,,0.9569960850939675,0.9711589463019265
1023,carotene diol (1),Method 2,JKQXZKUSFCKOGQ-DKLMTRRASA-N,,,0.0,True,all_pre_hcc,provided_area,True,-0.004584775463695894,-0.04753201305080606,0.005210855721973635,0.26150491375990037,0.8557684361501743,0.4103191182266457,1.018328547121374,,0.9577441764285848,0.8560732014389768
992,trazadone,Method 1,PHLBKPHSAVXXEF-UHFFFAOYSA-N,HMDB0014794,"C07156,D08626",0.9377162629757786,False,all_pre_hcc,provided_area,True,-0.007819914654131786,0.06465010101309666,0.00677538738557369,0.3574864809905267,0.8564882340875659,0.377772382938077,0.6753488518276903,,0.9577441764285848,0.8560732014389768
1095,"N6,N6-dimethyllysine",Method 1,XXEWFEBMSGLYBY-ZETCQYMHSA-N,HMDB0013287,C05545,0.012110726643598616,True,all_pre_hcc,provided_area,True,0.002500126033761991,0.03254757700767203,-0.004451358772968208,0.1832750695363597,0.8590460181426217,0.41683300855236116,0.9436413786311328,,0.9593988380095816,0.8560732014389768
143,sarcosine,Method 1,FSYKKLYZXJSNPZ-UHFFFAOYSA-N,HMDB0000271,C00213,0.0017301038062283738,True,all_pre_hcc,provided_area,True,0.0008055745442152999,-0.025189496157105487,0.0009879575586311624,0.14275515995852622,0.8599385105052284,0.8446443376516387,0.7078938614992518,,0.9593988380095816,0.972152403262362
225,xanthurenate,Method 3,FBZONXHGGPHHIY-UHFFFAOYSA-N,HMDB0000881,C02470,0.33391003460207613,False,all_pre_hcc,provided_area,True,-0.0023870153228692796,0.05463259756961081,-0.012106466492979475,0.31032704599626615,0.8602558738273514,0.3022544798662882,0.6710434496719334,,0.9593988380095816,0.8560732014389768
402,"1,3,7-trimethylurate",Method 3,BYXCFUMGEBZDDI-UHFFFAOYSA-N,HMDB0002123,C16361,0.0657439446366782,True,all_pre_hcc,provided_area,True,0.015282375192344492,-0.049127832905981446,-0.013910490179107927,0.2826925350551763,0.8620341255101546,0.32110234367164303,0.5948001660356952,,0.9605304959183122,0.8560732014389768
914,2-methylserine,Method 1,CDUUKBXTEOFITR-UHFFFAOYSA-N,,C02115,0.04671280276816609,True,all_pre_hcc,provided_area,True,-0.000865862561638872,-0.033064090666403326,-0.009887195149785396,0.19188485406459088,0.8631921373664492,0.4557552679780543,0.33849980874536567,,0.9609696538114983,0.8756937734462804
785,vanillic alcohol sulfate,Method 3,LGXHPUANUXIBJQ-UHFFFAOYSA-N,HMDB0041788,,0.18166089965397925,True,all_pre_hcc,provided_area,True,-0.010295502927737114,0.08100396356073071,0.0329785140000567,0.4753533493270109,0.8646893637717085,0.14356429847375415,0.35263009710056464,,0.9609815960616168,0.8024739512831196
940,"2,3-dihydroxy-2-methylbutyrate",Method 3,AOWPAWLEXIYETE-UHFFFAOYSA-N,HMDB0029576,,0.02768166089965398,True,all_pre_hcc,provided_area,True,0.0024725901753634657,0.03907037365530266,0.007572072831193993,0.23033079734116935,0.8653033114947117,0.6327069267114704,0.6654033182834391,,0.9609815960616168,0.9075773247468982
1219,feruloylquinate (4),Method 3,RAGZUCNPTLULOL-KQJPBSFVSA-N,,,0.6868512110726643,False,all_pre_hcc,provided_area,True,0.0008161296575263624,-0.057792507943739004,-0.013478861367118457,0.3411921102071026,0.8654945535276724,0.5295516724090598,0.41803942048489234,,0.9609815960616168,0.8823523230339035
1125,benazeprilat,Method 3,MADRIHWFJGRSBP-ROUUACIJSA-N,HMDB0060582,D03077,0.9930795847750865,False,all_pre_hcc,provided_area,True,0.0016704563213107493,0.010860142676801986,0.000651630459714803,0.0654615972548844,0.8682348817864207,0.8052319975398922,0.0022903505528650264,,0.9628944370118001,0.9657345946249472
182,gamma-glutamylhistidine,Method 1,PXVCMZCJAUJLJP-YUMQZZPRSA-N,HMDB0029151,,0.0,True,all_pre_hcc,provided_area,True,-0.0009732579987321633,0.017390650600299616,-0.008989186092489526,0.10610371783704316,0.8698080029679218,0.00814613778636675,0.4828560403433215,,0.9628944370118001,0.358669260381597
61,inosine,Method 3,UGQMRVRMYYASKQ-KQYNXXCUSA-N,HMDB0000195,C00294,0.0034602076124567475,True,all_pre_hcc,provided_area,True,0.0071613801018457005,0.0346645821968235,0.006393636236139769,0.2117107422869863,0.8699393029570515,0.5711296759406379,0.5499471405378183,,0.9628944370118001,0.8923698243750036
838,phenol glucuronide,Method 3,WVHAUDNUGBNUDZ-GOVZDWNOSA-N,HMDB0060014,,0.5501730103806228,False,all_pre_hcc,provided_area,True,0.0022244932273745585,0.06960582132803807,-0.0024872953722738017,0.42963121774592217,0.8712956553712743,0.8931547191487155,0.5082367021347768,,0.9628944370118001,0.9809690571997466
500,thymol sulfate,Method 3,NODSEPOUFZPJEQ-UHFFFAOYSA-N,HMDB0062720,C09908,0.0034602076124567475,True,all_pre_hcc,provided_area,True,-0.001693895908753975,0.06827171198465566,-0.053227634769963866,0.4258094110885377,0.872618003330466,2.5958025500723096e-05,0.5999391768113419,,0.9628944370118001,0.008527376556880338
964,lactosyl-N-nervonoyl-sphingosine (d18:1/24:1)*,Method 2,MKOKWBRPIBQYJJ-WZBOJYASSA-N,HMDB0004872,,0.0,True,all_pre_hcc,provided_area,True,-0.007186291499781384,-0.02948112170555763,0.00975619580864768,0.18565976601424425,0.8738334472880807,0.07358131300772143,1.0015174718145998,,0.9628944370118001,0.7672613886135418
769,octadecanedioylcarnitine (C18-DC)*,Method 2,ULCCGBCYWCYNIC-UHFFFAOYSA-N,,,0.0,True,all_pre_hcc,provided_area,True,0.0008538822623786017,0.03533500979865582,-0.0013482867311134157,0.2236886021421834,0.8744842382782674,0.8413482325053111,0.9555481191836498,,0.9628944370118001,0.972152403262362
368,phenylacetylglycine,Method 3,UTYVDVLMYQPLQB-UHFFFAOYSA-N,HMDB0000821,C05598,0.48788927335640137,False,all_pre_hcc,provided_area,True,0.001561838589196883,0.06210220235636691,0.019289909885601947,0.3941437173481783,0.874801689222426,0.274508350283416,0.3205330799278724,,0.9628944370118001,0.8560732014389768
886,N-palmitoyl-sphinganine (d18:0/16:0),Method 2,GCGTXOVNNFGTPQ-JHOUSYSJSA-N,HMDB11760,,0.0,True,all_pre_hcc,provided_area,True,-0.003500367963890941,0.026956489575890665,-0.005166160568006473,0.17228084133859062,0.8756639080121779,0.32545379875131986,1.0131420513395935,,0.9628944370118001,0.8560732014389768
1238,4-chlorobenzoic acid,Method 3,XRHGYUZYPHTUJZ-UHFFFAOYSA-N,,C02370,0.0,True,all_pre_hcc,provided_area,True,0.0018348973703019372,0.02458866696626101,-0.0036151067184216857,0.15809800742517158,0.8764050813614338,0.5440433874619316,0.9709032849459244,,0.9628944370118001,0.8865370225739766
853,pregabalin,Method 1,AYXYPKUFHZROOJ-UHFFFAOYSA-N,HMDB0014375,,0.9377162629757786,False,all_pre_hcc,provided_area,True,-0.00261635978239448,0.03774701655510163,0.009069256243161893,0.24351152473570986,0.8768124783486307,0.32460711615263693,0.768911324290231,,0.9628944370118001,0.8560732014389768
91,serotonin,Method 1,QZAYGJVTTNCVMB-UHFFFAOYSA-N,HMDB0000259,C00780,0.058823529411764705,True,all_pre_hcc,provided_area,True,-0.003252992275978632,0.047121164653397066,-0.009213392229151728,0.30513288785255066,0.8772720113890549,0.26139140701800656,0.7476261943455383,,0.9628944370118001,0.8560732014389768
45,cystine,Method 1,LEVWYRKDKASIDU-UHFFFAOYSA-N,HMDB0000192,C00491,0.0,True,all_pre_hcc,provided_area,True,-0.002907941130020161,-0.03388994428152565,0.023902236542817454,0.22078510420077319,0.8780060232681055,0.011135962296252747,0.39077144871908326,,0.9628944370118001,0.4215295144178127
294,2-oleoylglycerol (18:1),Method 3,UPWGQKDVAURUGE-KTKRTIGZSA-N,HMDB0011537,,0.08996539792387544,True,all_pre_hcc,provided_area,True,0.01116449253384685,-0.05591720154422008,-0.02470723807376257,0.3691578845360671,0.8796031436219481,0.1843554759911964,0.554985217543454,,0.9628944370118001,0.84072113895278
128,maltose,Method 4,GUBGYTABKSRVRQ-ASMJPISFSA-N,HMDB0000163,C00208,0.15051903114186851,True,all_pre_hcc,provided_area,True,0.004818596115142973,-0.0340134857040662,-0.005001981753017765,0.2246587265423473,0.8796596469829477,0.8170890029270559,0.35843191043038025,,0.9628944370118001,0.9669783308393567
90,serine,Method 1,MTCFGRXMJLQNBG-REOHCLBHSA-N,HMDB0000187,C00065,0.0,True,all_pre_hcc,provided_area,True,-0.002561539122210539,-0.018205233164903804,0.004136366251314195,0.12132661404538307,0.8807240312715414,0.41240989730023947,0.8921187292253251,,0.9628944370118001,0.8560732014389768
609,diphenhydramine,Method 2,ZZVUWRFHKOJYTH-UHFFFAOYSA-N,HMDB0001927,C06960,0.9290657439446367,False,all_pre_hcc,provided_area,True,-0.002087432103979033,-0.01370604414029059,-0.0004486332725213868,0.09155138986847558,0.8809944044659616,0.9584899823198137,0.8704058901123831,,0.9628944370118001,0.9927133185833146
404,"1,7-dimethylurate",Method 3,NOFNCLGCUJJPKU-UHFFFAOYSA-N,HMDB0011103,C16356,0.01384083044982699,True,all_pre_hcc,provided_area,True,0.009410556827777004,0.0343238372958635,-0.007401226136128246,0.23119973314476627,0.8819800077505098,0.44313263385469404,0.5807468045917514,,0.9628944370118001,0.8740860284642196
675,N-palmitoylglycine,Method 3,KVTFEOAKFFQCCX-UHFFFAOYSA-N,HMDB0013034,,0.0,True,all_pre_hcc,provided_area,True,-0.0034821164907455284,0.03106490602839668,0.0005001865873345252,0.2095771434369992,0.8821639451260045,0.9273207505745295,0.8803519890166229,,0.9628944370118001,0.9891436004219372
620,sertraline,Method 2,VGKDLMBJGBXTGI-SJCJKPOMSA-N,HMDB0005010,C07246,0.9256055363321799,False,all_pre_hcc,provided_area,True,-0.0026183808755706733,-0.01670241963732223,0.01492722682078998,0.11303117730446624,0.8825256644472221,0.22579048805549096,0.9830624205177879,,0.9628944370118001,0.8560732014389768
29,argininosuccinate,Method 1,KDZOASGQNOPSCU-UHFFFAOYSA-N,HMDB0000052,C03406,0.24394463667820068,False,all_pre_hcc,provided_area,True,0.0005043008882041777,-0.03881761282050701,0.008720160046451672,0.266652889040847,0.8842580343240591,0.4781875713968271,0.5038320957304441,,0.963948533084633,0.8756937734462804
569,12-HETE,Method 3,ZNHVWPKMFKADKW-VXBMJZGYSA-N,HMDB0006111,C14777,0.09169550173010381,True,all_pre_hcc,provided_area,True,-0.01398228389755509,0.0481770110963328,0.02454567581256249,0.33660359232995585,0.8861900018241634,0.1360766407807528,0.41447366394712165,,0.9648843667756606,0.8024739512831196
231,5-hydroxylysine,Method 1,YSMODUONRAFBET-AKGZTFGVSA-N,HMDB0000450,C16741,0.0,True,all_pre_hcc,provided_area,True,-0.007187411461413822,0.018478407465841926,0.007817311836325232,0.1296332058590458,0.8866504991992556,0.0371752950114666,0.5780090915400948,,0.9648843667756606,0.6371910443942032
1024,carotene diol (2),Method 2,JKQXZKUSFCKOGQ-DKLMTRRASA-N,,,0.012110726643598616,True,all_pre_hcc,provided_area,True,-0.0021448064509909095,-0.04093490035318651,0.004456506706655376,0.29569810006267094,0.8898968140366974,0.535146260162429,1.041379338490277,,0.9670793028210432,0.8843780156115931
183,2-hydroxystearate,Method 3,KIHBGTRZFAVZRV-QGZVFWFLSA-N,HMDB0062549,"C03042,C03045",0.0,True,all_pre_hcc,provided_area,True,-0.0014826091688374574,0.028289449592631424,-0.01141720570964864,0.20603380613164024,0.8907898034462638,0.00977599684159448,1.0233612326312438,,0.9670793028210432,0.3967162589266405
24,adenosine 5'-monophosphate (AMP),Method 1,UDMBCSSLTHHNCD-UHFFFAOYSA-N,HMDB0000045,C00020,0.3408304498269896,False,all_pre_hcc,provided_area,True,-0.0009185796984506828,-0.032942825445632117,0.01483617501311716,0.2416026334673528,0.8915435962240215,0.14363278161703394,0.44792464330179166,,0.9670793028210432,0.8024739512831196
835,glycodeoxycholate 3-sulfate,Method 3,QJZCNFGUZPMYAX-WWZCPACMSA-N,,,0.4602076124567474,False,all_pre_hcc,provided_area,True,0.020466437457149968,-0.08542257914963228,-0.021225163950945185,0.6282494106697559,0.8918456178360382,0.32900062974431754,0.796341508230785,,0.9670793028210432,0.8560732014389768
586,4-methylbenzenesulfonate,Method 3,JOXIMZWYDAKGHI-UHFFFAOYSA-N,HMDB0059933,C06677,0.8252595155709342,False,all_pre_hcc,provided_area,True,0.00493157780546058,-0.01859189174562889,-0.009657075491430434,0.1380666019760291,0.8928815988334671,0.4211132304936561,0.17973544352527326,,0.9670793028210432,0.8570306549701113
879,1-(1-enyl-palmitoyl)-2-oleoyl-GPE (P-16:0/18:1)*,Method 2,ZVVYJAAMWXATNY-PRWZWGSOSA-N,HMDB0011342,,0.005190311418685121,True,all_pre_hcc,provided_area,True,0.0006751187137826254,0.01691094049723863,0.005316802728709307,0.12605514254784692,0.8932799283609318,0.20373697454302198,0.6448313419214011,,0.9670793028210432,0.8527909813692914
375,gamma-glutamylglycine,Method 1,ACIJGUBIMXQCMF-BYPYZUCNSA-N,HMDB0011667,,0.0,True,all_pre_hcc,provided_area,True,-0.0015945811248109533,0.016220478225529352,-0.0006849994808409033,0.12252281092701188,0.8946778683814289,0.8087563927959236,0.7433463408120433,,0.9673046614952192,0.9657345946249472
1241,2-methoxyhydroquinone sulfate (2),Method 3,DQJWAJBJWZYKLK-UHFFFAOYSA-N,,,0.21972318339100347,False,all_pre_hcc,provided_area,True,0.012936055487390253,0.04761878616554878,-0.007852009090996483,0.3647479084607179,0.8961292449417027,0.7177624917350169,0.41642628828645906,,0.9673046614952192,0.9445033625550746
1169,fibrinopeptide A (4-15)**,Method 3,GXMAZYIQAHTXHM-UHFFFAOYSA-N,,,0.03806228373702422,True,all_pre_hcc,provided_area,True,-0.006920872272271989,0.030554974229242037,0.010864175191039141,0.2349452040623104,0.8965256881859408,0.2850247386556021,0.488769876226831,,0.9673046614952192,0.8560732014389768
113,pseudouridine,Method 3,PTJWIQPHWPFNBW-GBNDHIKLSA-N,HMDB0000767,C02067,0.0,True,all_pre_hcc,provided_area,True,0.0004324867863396661,0.02290129799402978,-0.008704653247457271,0.17615929771007535,0.8965637800504178,0.29833851743922146,1.0163138410161183,,0.9673046614952192,0.8560732014389768
348,I-urobilinogen,Method 3,OBHRVMZSZIDDEK-UHFFFAOYSA-N,HMDB0004157,C05789,0.22491349480968859,False,all_pre_hcc,provided_area,True,0.00013228324347293072,0.079236900038348,0.0337768949135822,0.6144509253004198,0.8973927656302203,0.3826216376064594,0.7063312178065331,,0.9673694080229797,0.8560732014389768
1055,N-acetyl-2-aminooctanoate*,Method 3,JJGNMSOJTSABGA-UHFFFAOYSA-N,HMDB0059745,,0.0,True,all_pre_hcc,provided_area,True,0.003929733761652581,-0.030289292605792634,-0.0003069315515988142,0.23888683688356677,0.89910385884181,0.9700498760177949,0.8827492206035084,,0.9678578379383241,0.9944018406483672
649,leucylglycine,Method 1,LESXFEZIFXFIQR-UHFFFAOYSA-N,HMDB0028929,,0.22837370242214533,False,all_pre_hcc,provided_area,True,-0.016815584816379476,-0.03386594182101613,0.0012566403749046222,0.26784453157567556,0.8993845886724172,0.8848316317506477,0.3370241907082767,,0.9678578379383241,0.9809690571997466
970,2-hydroxynervonate*,Method 3,UFOOFOUFKSIFCD-KTKRTIGZSA-N,,,0.04498269896193772,True,all_pre_hcc,provided_area,True,-0.009563996147716098,-0.048562467059049465,0.014643317601548828,0.38896437133338846,0.9006417627764015,0.44150217590264984,0.5924861481450026,,0.9683823398057377,0.8740860284642196
982,glycosyl-N-tricosanoyl-sphingadienine (d18:2/23:0)*,Method 2,WKJGTBSWYQRTEJ-PBFIFAMQSA-N,,,0.08131487889273356,True,all_pre_hcc,provided_area,True,0.0012181185300285016,-0.029167527584300943,-0.002779270078171739,0.23842810401231435,0.9026356224305475,0.7823418275483385,0.4670489625398711,,0.9696973638066856,0.9639432116119586
558,N-acetyl-beta-alanine,Method 3,LJLLAWRMBZNPMO-UHFFFAOYSA-N,HMDB0061880,C01073,0.0017301038062283738,True,all_pre_hcc,provided_area,True,0.001252367679536386,0.021202203407681978,-0.0011929261367738466,0.17688137069043752,0.9045886667046839,0.8883472381031525,0.9485574229518842,,0.9698564364873239,0.9809690571997466
691,margaroylcarnitine (C17)*,Method 2,DWSFAVOTORHAAL-UHFFFAOYSA-N,HMDB0006210,,0.0,True,all_pre_hcc,provided_area,True,0.0006475335968771342,-0.02564861988818755,-0.0019481100468787527,0.21480814931376915,0.9049565182237604,0.559711613951811,0.9088348560164548,,0.9698564364873239,0.8901608221888474
1067,N4-acetyl-5-hydroxysulfamethoxazole*,Method 3,YKWZTWOYFWCVKH-UHFFFAOYSA-N,,,0.9878892733564014,False,all_pre_hcc,provided_area,True,0.001014107753071045,0.007896802809746048,0.00016004361686256676,0.06623406611472904,0.9050965472465169,0.9263821528130904,0.0009246804288295988,,0.9698564364873239,0.9891436004219372
859,"sphingomyelin (d18:2/23:0, d18:1/23:1, d17:1/24:1)*",Method 2,JBDGKEXQKCCQFK-JWQIMADESA-N,"HMDB0240634,HMDB0011696,HMDB0240614",,0.0,True,all_pre_hcc,provided_area,True,-0.0002952639345464541,0.023960595925828207,-0.0038594009529171473,0.20853354244111466,0.9085240357864774,0.37858268399592176,0.8988076070993453,,0.9727006272505435,0.8560732014389768
974,glycerophosphoserine*,Method 1,ZWZWYGMENQVNFU-AKGZTFGVSA-N,,,0.08650519031141868,True,all_pre_hcc,provided_area,True,-0.0018669552523226374,0.01733942484060389,0.020776293340304335,0.15529181203120845,0.911095339416397,0.09863960797941339,0.4204944922125338,,0.9746240960763838,0.7853710559373547
856,1-palmitoleoylglycerol (16:1)*,Method 3,KVYUBFKSKZWZSV-BQYQJAHWSA-N,HMDB0011565,,0.012110726643598616,True,all_pre_hcc,provided_area,True,0.0061945528919648,0.030037050176575177,-0.0059379068217217945,0.27879851036205616,0.9142039342607791,0.5031059999819936,0.5935533206240808,,0.9764396867189087,0.8756937734462804
1177,fibrinopeptide B (1-9)**,Method 3,WWZFLBITCJUQNV-UHFFFAOYSA-N,,,0.0017301038062283738,True,all_pre_hcc,provided_area,True,-0.004497742991682793,-0.02321947923240083,-0.008158857472017703,0.21741010320473408,0.9149473547829402,0.411803984254244,0.5484430442426733,,0.9764396867189087,0.8560732014389768
721,1-stearoyl-GPS (18:0)*,Method 3,ZPDQFUYPBVXUKS-KEKNWZKVSA-N,HMDB0061698,,0.8252595155709342,False,all_pre_hcc,provided_area,True,-0.005055575065306075,-0.01974202566688639,4.859686502422843e-05,0.18861175861986793,0.9166375293155063,0.9953086635264742,0.2661117341009305,,0.9764396867189087,0.9975249643908218
971,N-palmitoylserine,Method 3,BFVRFWIQTACAPT-KRWDZBQOSA-N,,,0.13667820069204153,True,all_pre_hcc,provided_area,True,-0.007566351000872886,-0.03218147077974859,-0.004987380134725347,0.3106016509048116,0.9174787653450246,0.5902313386423226,0.6620393564081942,,0.9764396867189087,0.8944363557218071
151,N-acetylvaline,Method 3,IHYJTAOFMMMOPX-LURJTMIESA-N,HMDB0011757,,0.0,True,all_pre_hcc,provided_area,True,0.0014660408048839362,-0.017009726327260225,-0.009055846217628566,0.16494378269562926,0.9178642509139495,0.24474966247934937,1.0262414034399663,,0.9764396867189087,0.8560732014389768
655,beta-citrylglutamate,Method 3,GAQNUGISBQJMKO-UHFFFAOYSA-N,,C20775,0.005190311418685121,True,all_pre_hcc,provided_area,True,-0.0005662243136245822,0.01793443776534882,-0.0005562490729468199,0.1749391663317028,0.9183454158874083,0.9290627255838729,0.7083715855593993,,0.9764396867189087,0.9891436004219372
774,4-hydroxychlorothalonil,Method 3,MDQKYGOECVSPIW-UHFFFAOYSA-N,HMDB0240624,,0.00865051903114187,True,all_pre_hcc,provided_area,True,-0.0026487458460791257,0.02474750002891526,0.015971474619329653,0.24347200020170529,0.9190391488786491,0.3213338630361626,0.9515460117431661,,0.9764396867189087,0.8560732014389768
771,"5alpha-androstan-3alpha,17beta-diol monosulfate (2)",Method 3,LERFMBCTNMFXCT-ILBJSTGGSA-N,,,0.41522491349480967,False,all_pre_hcc,provided_area,True,-0.004473412130546028,0.0508186004866492,-0.008823210371114141,0.5073766086895829,0.9202176781765272,0.25699675735817507,1.0312675853969495,,0.9764396867189087,0.8560732014389768
107,cysteine,Method 1,XUJNEKJLAYXESH-REOHCLBHSA-N,HMDB0000574,C00097,0.0,True,all_pre_hcc,provided_area,True,-0.0029724281765235927,-0.018042020756072252,0.0037316356510495555,0.18022127796467916,0.9202566940909357,0.5596177529757125,0.7099683850076149,,0.9764396867189087,0.8901608221888474
1058,perfluorooctanoate (PFOA),Method 3,SNGREZUHAYWORS-UHFFFAOYSA-N,HMDB0059587,,0.01384083044982699,True,all_pre_hcc,provided_area,True,-0.010304127670109785,-0.02759974182232184,-0.0004418357153635475,0.276729752919996,0.9205544264297503,0.9510567865239576,1.096852789805237,,0.9764396867189087,0.989321788397764
485,glycolithocholate sulfate*,Method 3,FHXBAFXQVZOILS-OETIFKLTSA-N,HMDB0002639,C11301,0.005190311418685121,True,all_pre_hcc,provided_area,True,0.00041556871794888085,-0.0400436009391881,-0.006353509371973434,0.41044169797481633,0.9222799298518315,0.7239904304540039,0.8638223608523855,,0.9768912206343147,0.9457735841237144
933,1-linoleoyl-2-linolenoyl-GPC (18:2/18:3)*,Method 2,HZGAVPNEGHQJID-UNBCHYIMSA-N,HMDB0008141,,0.0034602076124567475,True,all_pre_hcc,provided_area,True,-0.004098163002952016,0.017810759955058743,0.006208408233660769,0.18315672967095425,0.9225332035878901,0.4036797080505363,0.5188979262352689,,0.9768912206343147,0.8560732014389768
606,cotinine N-oxide,Method 1,CIPULDKLIIVIER-VIFPVBQESA-N,HMDB0001411,,0.7975778546712803,False,all_pre_hcc,provided_area,True,0.001430368438073786,-0.024821086429437082,0.0045764465140026665,0.25903645532753333,0.9236628788077786,0.43909037605503864,0.8975376260812038,,0.9772648457024268,0.8726314266623042
1196,pregnenetriol sulfate*,Method 3,HIYOTPJZDPVBTL-HXOPQMAFSA-N,,,0.0,True,all_pre_hcc,provided_area,True,-0.00628952029196387,0.025206454399652564,0.00801794627620581,0.2674980125246452,0.9249261077530536,0.49960863749033224,0.8655197240920476,,0.9776329649738529,0.8756937734462804
78,orotate,Method 4,PXQPEWDEAKTCGB-UHFFFAOYSA-N,HMDB0000226,C00295,0.0,True,all_pre_hcc,provided_area,True,-0.0010421217746078278,0.014099834258756886,0.004808999790437038,0.1521640154262531,0.9261720226679864,0.08973560300328383,0.9294619409505996,,0.9776329649738529,0.7732012916310346
1041,dodecenedioate (C12:1-DC)*,Method 3,OHCMUMNQAHNIEP-HNQUOIGGSA-N,HMDB0000933,,0.01903114186851211,True,all_pre_hcc,provided_area,True,-0.00253101747367474,0.02145717768905525,0.0016130263020348494,0.23210028578887262,0.9263422052852405,0.8879310966118186,0.5467872134859891,,0.9776329649738529,0.9809690571997466
965,lactosyl-N-behenoyl-sphingosine (d18:1/22:0)*,Method 2,QYWVASPEUXEHSY-NNRNTGNWSA-N,HMDB0011594,,0.0,True,all_pre_hcc,provided_area,True,-0.009360559987174125,-0.01731075015513022,0.010704563256082864,0.19206449883672272,0.928184005355871,0.10580208493166819,1.0353006300819745,,0.9787556401824691,0.7856191265038538
417,"5,6-dihydrouridine",Method 3,ZPTBLXKRQACLCR-XVFCMESISA-N,HMDB0000497,,0.0,True,all_pre_hcc,provided_area,True,0.00044960465977489497,0.015743218003723695,-0.0069016854648729095,0.18120623456698381,0.9307668078437048,0.4591763539602184,0.9408619474750863,,0.9806571560028314,0.8756937734462804
494,N6-acetyllysine,Method 3,DTERQYGMUDWYAZ-ZETCQYMHSA-N,HMDB0000206,C02727,0.0,True,all_pre_hcc,provided_area,True,0.0011799053091815432,-0.013820600219503537,-0.0051076131532340335,0.16164801026739392,0.9318653937611729,0.48584710738638337,1.0168053273492643,,0.9807361631992525,0.8756937734462804
454,1-oleoyl-GPE (18:1),Method 2,PYVRVRFVLRNJLY-MZMPXXGTSA-N,HMDB0011506,,0.0,True,all_pre_hcc,provided_area,True,0.0021653281349150546,-0.012510603123259946,0.007491869064110873,0.14748825852487496,0.9324009945837092,0.21996976954770953,0.41898416460588994,,0.9807361631992525,0.8560732014389768
395,metoprolol acid metabolite*,Method 1,PUQIRTNPJRFRCZ-UHFFFAOYSA-N,,,0.9307958477508651,False,all_pre_hcc,provided_area,True,0.0009724274219999532,0.01352533562979415,-0.007419180269947099,0.16137100077478303,0.9332033975483108,0.3182440894630634,0.6806735951802526,,0.9807601287516917,0.8560732014389768
296,homocitrulline,Method 1,XIGSAGMEBXLVJJ-YFKPBYRVSA-N,HMDB0000679,C02427,0.01903114186851211,True,all_pre_hcc,provided_area,True,-0.001635964451643736,0.01709969036575819,0.003075848581895266,0.2073093152981446,0.9342618840757178,0.7363022539328713,0.4354651118609315,,0.9810529634117302,0.9507328331542158
780,phenylacetylcarnitine,Method 1,DZTZJNGATJMDSH-CYBMUJFWSA-N,,,0.0034602076124567475,True,all_pre_hcc,provided_area,True,-0.0013522031782040055,-0.024487804761008432,-0.01270372616292653,0.3009876709972448,0.9351571178413542,0.45162372318076627,0.6183512751641379,,0.9811740235566502,0.8756937734462804
513,methylphosphate,Method 1,CAAULPUQFIIOTL-UHFFFAOYSA-N,HMDB61711,,0.0,True,all_pre_hcc,provided_area,True,-0.0019212792317282678,-0.010631081018802432,-0.0001630809853122545,0.14270027666872903,0.9406130407245187,0.9619042235842845,0.9130032920774438,,0.9860760043595371,0.9927133185833146
378,alpha-hydroxyisovalerate,Method 4,NGEWQZIDQIYUNV-UHFFFAOYSA-N,HMDB0000407,,0.0,True,all_pre_hcc,provided_area,True,-0.0004937274211002271,-0.013412890229884422,0.004402604831302797,0.1866468547785609,0.9427114161203413,0.5415396947607152,0.7481739311661686,,0.9862594512649409,0.8843780156115931
736,S-(3-hydroxypropyl)mercapturic acid (HPMA),Method 3,FMWPQZPFBAHHMB-UHFFFAOYSA-N,,,0.5951557093425606,False,all_pre_hcc,provided_area,True,0.00582132627884295,-0.022827393843262565,-0.038473866347991464,0.31803621604166304,0.9427801067089108,0.04009470284072555,0.6560216741911554,,0.9862594512649409,0.6371910443942032
924,sulfamethoxazole,Method 1,JLKIGFTWXXRPMT-UHFFFAOYSA-N,HMDB0015150,D00447,0.9844290657439446,False,all_pre_hcc,provided_area,True,0.003421037978439512,-0.013290887013200458,-0.00046678245722230283,0.18720862666843496,0.9434016899673474,0.9308365514757392,0.012183038095054858,,0.9862594512649409,0.9891436004219372
1117,4-allylcatechol sulfate,Method 3,USWXDXYEVISELK-UHFFFAOYSA-N,,,0.010380622837370242,True,all_pre_hcc,provided_area,True,-0.007619822178878958,-0.022118428819964828,0.03103441942321938,0.31445552710762603,0.9439239899228845,0.03328561682666892,0.6157938028384257,,0.9862594512649409,0.6371910443942032
467,hydroquinone sulfate,Method 3,FPXPQMOQWJZYBL-UHFFFAOYSA-N,HMDB0240263,C00530,0.10380622837370242,True,all_pre_hcc,provided_area,True,0.0045201118945151905,-0.02705622470505067,0.0031004416956368665,0.3924533469729567,0.9450363830513221,0.8061954515190759,0.5126660952742705,,0.9866022986544093,0.9657345946249472
1038,2-hydroxyheptanoate*,Method 4,RGMMREBHCYXQMA-UHFFFAOYSA-N,,,0.005190311418685121,True,all_pre_hcc,provided_area,True,-0.0020228815317410555,0.010372831919014863,0.011898582824892624,0.1581782359384848,0.9477147130686047,0.017470986959300373,0.6241579249746634,,0.9879881104228718,0.5494625398699967
510,2-methoxyacetaminophen sulfate*,Method 3,NZKKXAGORRATJB-UHFFFAOYSA-N,HMDB0062550,,0.7301038062283737,False,all_pre_hcc,provided_area,True,0.012565838147383546,0.03345456266247629,-0.030348447113519663,0.512315069407653,0.9479345383787015,0.15947172247065655,0.6261558802605044,,0.9879881104228718,0.8221943724101882
1033,hydroxy-CMPF*,Method 3,OZOJARPUDFLESM-UHFFFAOYSA-N,,,0.0,True,all_pre_hcc,provided_area,True,0.005309045013311197,0.02257715270157933,-0.006536772256823882,0.3825635009760818,0.9529398115296568,0.582453556671928,0.8112162250071191,,0.992382684523434,0.8923698243750036
251,glycylvaline,Method 1,STKYPAFSDFAEPH-LURJTMIESA-N,HMDB0028854,,0.03633217993079585,True,all_pre_hcc,provided_area,True,-0.017141649154904254,-0.01997493432460602,0.0010668771039706916,0.3546933630369684,0.9550900214919024,0.9297453843019481,0.5007203799313356,,0.9937992117756933,0.9891436004219372
171,oleoyl ethanolamide,Method 3,BOWVQLFMWHZBEF-KTKRTIGZSA-N,HMDB0002088,,0.0,True,all_pre_hcc,provided_area,True,-0.0005428102848764256,-0.011677808388795247,0.0019965111140976062,0.21413690345107825,0.9565094734008115,0.8052900842994404,0.79743454595129,,0.9944536508580337,0.9657345946249472
1199,glu-gly-asn-val**,Method 3,QTVRCQRIGVKQHD-UHFFFAOYSA-N,,,0.01384083044982699,True,all_pre_hcc,provided_area,True,-0.0150922134338231,-0.01623012016759263,-0.007126628586077525,0.3236029230655952,0.9599993253748516,0.5127783742638484,0.4892782308291926,,0.9945669621929785,0.8775481470960588
1057,genistein sulfate*,Method 3,DKEIWIJUHWVGRC-UHFFFAOYSA-N,,,0.5674740484429066,False,all_pre_hcc,provided_area,True,-0.004805157059242923,-0.018609813468049713,-0.005248725383302807,0.3746309624187864,0.9603813355519951,0.7294321903324814,0.19637636407260606,,0.9945669621929785,0.9494285111745046
490,alpha-hydroxycaproate,Method 3,NYHNVHGFPZAZGA-UHFFFAOYSA-N,HMDB0001624,,0.19204152249134948,True,all_pre_hcc,provided_area,True,-0.005349026917281205,-0.017766333766363232,0.019589131326137862,0.3591728458935435,0.9605490641458465,0.2514958702997172,0.4492758582461703,,0.9945669621929785,0.8560732014389768
894,1-palmitoyl-2-oleoyl-GPI (16:0/18:1)*,Method 2,PDLAMJKMOKWLAJ-KTBSNPQYSA-N,HMDB0009783,,0.0,True,all_pre_hcc,provided_area,True,0.0005263243395247289,-0.010248072138354491,0.0035315610327613413,0.21364762126900355,0.9617424056445606,0.579094776026305,0.7589528388211618,,0.9945669621929785,0.8923698243750036
1083,8-methoxykynurenate,Method 3,BXZSKDOPGDPDEG-UHFFFAOYSA-N,HMDB0060426,C05830,0.07093425605536333,True,all_pre_hcc,provided_area,True,-0.0012523622696567335,0.014100679755839993,0.0027819666057977946,0.3063245832906963,0.9632848837284191,0.7383672321078448,0.7945283707582577,,0.9945669621929785,0.9507328331542158
529,succinylcarnitine (C4-DC),Method 1,HAEVNYBCYZZDFL-UHFFFAOYSA-N,HMDB0061717,,0.00865051903114187,True,all_pre_hcc,provided_area,True,-0.0046981185229431986,-0.006994411994866589,0.00615832333688406,0.154509035883631,0.9638931933996859,0.12018492127158832,0.5860307646618036,,0.9945669621929785,0.7930025537695831
959,"diacylglycerol (16:1/18:2 [2], 16:0/18:3 [1])*",Method 2,BHGPPCIWDXQOMA-HZFIRFLSSA-N,,,0.2837370242214533,False,all_pre_hcc,provided_area,True,0.001013647372835473,0.015071691546467456,0.010461595507127431,0.334319672228349,0.9640422060453039,0.5617979162204498,0.5541333026533475,,0.9945669621929785,0.8923507305622801
35,beta-alanine,Method 1,UCMIRNVEIXFBKS-UHFFFAOYSA-N,HMDB0000056,C00099,0.0017301038062283738,True,all_pre_hcc,provided_area,True,-0.001330459442272598,0.00719343662319618,0.016298154664946097,0.16102771602771662,0.9643687200336046,2.7114074902640183e-05,0.5501305949617412,,0.9945669621929785,0.008527376556880338
969,2-hydroxybehenate,Method 3,RPGJJWLCCOPDAZ-UHFFFAOYSA-N,HMDB0061660,,0.02768166089965398,True,all_pre_hcc,provided_area,True,-0.004551308684659946,0.01154903860248551,0.0014729466490151233,0.25916822586585114,0.9644564809957595,0.8956497648612955,0.818889413770999,,0.9945669621929785,0.9809690571997466
917,glycocholate glucuronide (1),Method 3,BWWWIHHYPYDOJQ-ICKMJTCPSA-N,,,0.42560553633217996,False,all_pre_hcc,provided_area,True,0.007675639610210874,0.016915061036567564,0.013045088294272304,0.38112887309143,0.9646003289857484,0.4127363134998425,0.732524780808902,,0.9945669621929785,0.8560732014389768
465,2-methylmalonylcarnitine (C4-DC),Method 1,XROYFEWIXXCPAW-UHFFFAOYSA-N,HMDB0013133,,0.17474048442906576,True,all_pre_hcc,provided_area,True,-0.00685957580200999,0.012628530698843083,0.008470873090821411,0.29041178915186566,0.9653149927167143,0.31551760679439034,0.45934513803983695,,0.9945669621929785,0.8560732014389768
1126,1-heptadecenoylglycerol (17:1)*,Method 3,KRUXHXDPFZXFJX-FPLPWBNLSA-N,,,0.5242214532871973,False,all_pre_hcc,provided_area,True,0.013066852783495541,0.014502355025630489,-0.014552278859353267,0.35151379260767257,0.9670911251888922,0.2887230378944212,0.43523171701560187,,0.995581534768925,0.8560732014389768
338,adrenate (22:4n6),Method 3,TWSWSIQAPQLDBP-CGRWFSSPSA-N,HMDB0002226,C16527,0.0,True,all_pre_hcc,provided_area,True,-0.003063781109499697,-0.009039877797523002,-0.0008331510945257937,0.23414654486264808,0.9692031010590726,0.9198277342544504,0.623402071436134,,0.9969399028064704,0.9891436004219372
1203,levulinoylcarnitine,Method 1,XDZHMFWKQXZAFO-UHFFFAOYSA-N,,,0.14359861591695502,True,all_pre_hcc,provided_area,True,0.003983727788674906,0.007786409650249892,0.008466003223613856,0.2415365731247134,0.974283065807917,0.5158103233638569,0.6446526680476697,,0.9986922912310074,0.8775481470960588
511,2-methoxyacetaminophen glucuronide*,Method 3,GDCCQRYSPGZVPX-UHFFFAOYSA-N,HMDB0240215,,0.7301038062283737,False,all_pre_hcc,provided_area,True,0.011863604223450798,0.016034662649419416,-0.019457528031968853,0.5092416173849388,0.9748808903912884,0.20496112857444737,0.6534238896698449,,0.9986922912310074,0.8527909813692914
919,(S)-3-hydroxybutyrylcarnitine,Method 1,UEFRDQSMQXDWTO-UHFFFAOYSA-N,HMDB0013127,,0.0,True,all_pre_hcc,provided_area,True,0.0010767546311171645,-0.005914359129509037,-0.0016000168156633935,0.20576266125715387,0.9770690848883712,0.8887416715876133,0.7119097211792117,,0.9986922912310074,0.9809690571997466
994,"sphingomyelin (d18:0/20:0, d16:0/22:0)*",Method 2,UGRZESKDAPEULH-ACEXITHZSA-N,HMDB0012090,,0.0,True,all_pre_hcc,provided_area,True,-0.005535773448224634,0.006251590627000197,-0.00692292560834676,0.23307006644439324,0.9786010719281167,0.12121144741097854,1.0142297288046345,,0.9986922912310074,0.7930025537695831
661,imidazole propionate,Method 1,ZCKYOWGFRHAZIQ-UHFFFAOYSA-N,HMDB0002271,,0.0,True,all_pre_hcc,provided_area,True,-0.010415899712027152,0.006113671271033694,0.007742017639335933,0.2326166454914337,0.9790322726799437,0.4052146875231263,0.4669493797139786,,0.9986922912310074,0.8560732014389768
612,pseudoephedrine,Method 1,KWGRBVOPPLSCSI-WCBMZHEXSA-N,HMDB0001943,C02765,0.9948096885813149,False,all_pre_hcc,provided_area,True,0.0005060717858849486,0.0005658338328658499,0.00023430852455219621,0.022857009490879612,0.9802500860251139,0.7796959748235996,-0.004110465170155819,,0.9986922912310074,0.9627150255374342
200,N-linoleoylglycine,Method 3,YCRHZEHWEYAHCO-HZJYTTRNSA-N,,,0.21280276816608998,False,all_pre_hcc,provided_area,True,-0.0133561041053059,0.00811252476199533,0.0057779506160420034,0.3340642792060242,0.9806258181098078,0.6960764313982296,0.4981529473430595,,0.9986922912310074,0.9313341947091618
753,N-acetyltaurine,Method 3,CXJAAWRLVGAKDV-UHFFFAOYSA-N,HMDB0240253,,0.010380622837370242,True,all_pre_hcc,provided_area,True,0.00047185719199275265,-0.004847779769995823,-0.01036441948424385,0.21224087360844365,0.9817771559831299,0.36562803423841117,0.7525039988333636,,0.9986922912310074,0.8560732014389768
635,docosadioate (C22-DC),Method 3,DGXRZJSPDXZJFG-UHFFFAOYSA-N,,C14240,0.01903114186851211,True,all_pre_hcc,provided_area,True,-0.003257856020062835,-0.0042912155961953476,-0.006385487163107783,0.19019777878025776,0.9819997676439194,0.6174453208073949,0.47277407731585486,,0.9986922912310074,0.8963184038198125
429,1-stearoyl-GPG (18:0),Method 3,HFJVKBVEKQHVTO-OZAIVSQSSA-N,,,0.0657439446366782,True,all_pre_hcc,provided_area,True,-0.003160856239470353,-0.00608171721784828,-0.011978602142172817,0.2754770269543888,0.9823865018007978,0.002222213103669431,1.0185963051103004,,0.9986922912310074,0.19968172031543885
1233,GlcNAc sulfate conjugate of C21H34O2 steroid**,Method 3,,,,0.4083044982698962,False,all_pre_hcc,provided_area,True,-0.007486283558879909,-0.006965372498799333,0.01377415819118465,0.3337636210388626,0.9833500134655365,0.38861106791995625,0.800992984510363,,0.9986922912310074,0.8560732014389768
118,arabinose,Method 4,SRBFZHDQGSBBOR-SQOUGZDYSA-N,HMDB0029942,C00216,0.3027681660899654,False,all_pre_hcc,provided_area,True,-0.0018858161744319231,-0.006429961541950062,0.01730571945345891,0.3105703626910151,0.9834820022645915,0.37244792203002963,0.3525470318456554,,0.9986922912310074,0.8560732014389768
25,5-methylthioadenosine (MTA),Method 1,WUUGFSXJNOTRMR-IOSLPCCCSA-N,HMDB0001173,C00170,0.0,True,all_pre_hcc,provided_area,True,0.00027957375551861623,-0.0026890752814685507,-0.0011772276815151576,0.13002890784206747,0.983500448042892,0.813590907041942,0.8853541633359289,,0.9986922912310074,0.9657345946249472
555,pregnenediol sulfate (C21H34O5S)*,Method 3,MENQCIVHHONJLU-UHFFFAOYSA-N,HMDB0000774,C18044,0.0,True,all_pre_hcc,provided_area,True,-0.003560125275758091,0.005216272128117757,0.00016645222375707112,0.25733592758589346,0.9838277614908106,0.989850112274173,0.8721102802156326,,0.9986922912310074,0.9975249643908218
324,pyridoxate,Method 3,HXACOUQIXZGNBF-UHFFFAOYSA-N,HMDB0000017,C00847,0.0,True,all_pre_hcc,provided_area,True,0.006476942877636951,0.005587677785773176,-0.04932309509758989,0.31822506667571265,0.9859907555398743,0.02890728733766717,0.6196701784502131,,0.9986922912310074,0.6306020546424962
517,gamma-glutamylalanine,Method 1,WQXXXVRAFAKQJM-WHFBIAKZSA-N,HMDB0029142,C03738,0.05190311418685121,True,all_pre_hcc,provided_area,True,0.001771896525240743,0.003594799739176264,-0.001838918540807133,0.21273690707898887,0.9865180952473337,0.8123740865518176,0.4873838428074652,,0.9986922912310074,0.9657345946249472
765,alpha-CMBHC glucuronide,Method 3,DYOFESDCRUIQTB-UHFFFAOYSA-N,,,0.42214532871972316,False,all_pre_hcc,provided_area,True,0.01351156259292425,0.005501775734271088,0.00359802091755271,0.33175735325035377,0.9867687010776852,0.7843750737891352,0.7085294974876134,,0.9986922912310074,0.9655027816308532
935,hexadecadienoate (16:2n6),Method 3,WPJGPAAPSBVXNU-HZJYTTRNSA-N,HMDB0000477,,0.01384083044982699,True,all_pre_hcc,provided_area,True,4.4961240478133634e-05,0.0035100158217945114,0.011106698871244028,0.22318851809259244,0.9874524369965719,0.30568866608257106,0.4025011161319807,,0.9986922912310074,0.8560732014389768
11,cholate,Method 3,BHQCQFFYRZLCQQ-OLRQUHAPSA-N,HMDB0000619,C00695,0.0034602076124567475,True,all_pre_hcc,provided_area,True,-0.010517317226091134,0.0066650441828134425,0.028383451005583708,0.43378021428116253,0.9877409655022014,0.2733030581946021,0.4364116475819946,,0.9986922912310074,0.8560732014389768
79,palmitoleate (16:1n7),Method 3,SECPZKHBENQXJG-FPLPWBNLSA-N,HMDB0003229,C08362,0.0,True,all_pre_hcc,provided_area,True,-0.003385517627407437,-0.004214414825075532,0.015532242073551411,0.2776456200030111,0.9878892834736743,0.10033433991947242,0.3899597623009609,,0.9986922912310074,0.7856191265038538
504,1-oleoyl-GPI (18:1),Method 3,UGDOFRYHDCDVHD-JCASDCETSA-N,HMDB0061693,,0.0017301038062283738,True,all_pre_hcc,provided_area,True,-0.0010167340070520873,-0.0035640740107131747,-0.0003822025626835997,0.24197927982672332,0.9882485111399867,0.9719022475601748,0.6232649514634283,,0.9986922912310074,0.9944018406483672
1174,losartan,Method 3,PSIFNNKUMBGKDQ-UHFFFAOYSA-N,HMDB0014816,"C07072,D08146",0.9602076124567474,False,all_pre_hcc,provided_area,True,0.013977868506827586,-0.0041690060987558935,-0.006130709726726888,0.3018086606735693,0.9889788456999261,0.5136188418685734,0.16348640056284383,,0.9986922912310074,0.8775481470960588
476,undecanedioate (C11-DC),Method 3,LWBHHRRTOZQPDM-UHFFFAOYSA-N,HMDB0000888,,0.27335640138408307,False,all_pre_hcc,provided_area,True,-0.009785961553182445,0.003254149338481771,0.013088622714802772,0.2751766166200045,0.9905646961149175,0.49892664433244205,0.5134662199199411,,0.9986922912310074,0.8756937734462804
168,urate,Method 3,LEHOTFFKMJEONL-UHFFFAOYSA-N,HMDB0000289,C00366,0.0,True,all_pre_hcc,provided_area,True,-0.001319041497018663,-0.0015057823445220968,-0.006377961466715068,0.12905688883463962,0.9906908245128668,0.4253508872429361,0.8784957386655383,,0.9986922912310074,0.8630506712122801
826,arabitol/xylitol,Method 4,HEBKCHPVOIAQTA-IMJSIDKUSA-N,"HMDB0001851,HMDB0000568,HMDB0002917","C00379,C00542,C01904",0.0,True,all_pre_hcc,provided_area,True,-0.0016560159446851617,0.0012667691338011564,-0.0060536416998316755,0.10941854592402982,0.9907628734493007,0.3621630463777573,0.6276849828994997,,0.9986922912310074,0.8560732014389768
779,maltol sulfate,Method 3,PVWYGTJERKKPRW-UHFFFAOYSA-N,,,0.29411764705882354,False,all_pre_hcc,provided_area,True,-0.0032892489991191774,0.004702161796242251,-0.011624224236561584,0.4507839653561415,0.9916773564453374,0.5744436985569124,0.49992500040175747,,0.9986922912310074,0.8923698243750036
23,"adenosine 3',5'-cyclic monophosphate (cAMP)",Method 3,IVOMOUWHDPKRLL-UHFFFAOYSA-N,HMDB0000058,C00575,0.370242214532872,False,all_pre_hcc,provided_area,True,0.0050192823908496885,0.0018831940467586457,0.0045866570011078855,0.19618861272456298,0.9923413068670582,0.6630080304234199,0.4256053421296377,,0.9986922912310074,0.9267378914140691
367,N-acetylthreonine,Method 3,PEDXUVCGOLSNLQ-UHFFFAOYSA-N,HMDB0062557,,0.0,True,all_pre_hcc,provided_area,True,8.744710620603047e-05,0.0014116870176910335,-0.008600019097253204,0.1668154760924233,0.9932479296373414,0.2933228862704427,0.8814256944320901,,0.9988056718495407,0.8560732014389768
167,2-aminobutyrate,Method 1,QWCKQJZIFLGMSD-GSVOUGTGSA-N,HMDB0000452,C02356,0.0,True,all_pre_hcc,provided_area,True,0.0017864992310824858,-0.0010056276374869723,0.004683996451889659,0.15561244799953766,0.9948437982220296,0.4072082309891788,0.693432889413923,,0.9989684332108886,0.8560732014389768
617,2-oxoarginine*,Method 1,ARBHXJXXVVHMET-UHFFFAOYSA-N,HMDB0004225,C03771,0.0,True,all_pre_hcc,provided_area,True,-0.0074474286358552026,0.0011251310878357464,0.005565346576388669,0.17947091928344605,0.9949979704397802,0.44931689491180593,0.8005858835843666,,0.9989684332108886,0.8756937734462804
245,quinate,Method 4,AAWZDTNXLSGCEK-WYWMIBKRSA-N,HMDB0003072,C00296,0.06401384083044982,True,all_pre_hcc,provided_area,True,-0.00033543680290297397,0.0021447686694359034,-0.007439713823538592,0.5173889429477382,0.9966924826476321,0.7950327852648783,0.6032148227241753,,0.999630215506687,0.9657345946249472
345,sebacate (C10-DC),Method 3,CXMXRPHRNRROMY-UHFFFAOYSA-N,HMDB0000792,C08277,0.012110726643598616,True,all_pre_hcc,provided_area,True,-0.0027510184656724898,0.0004323803020228671,0.012844848268663575,0.24268546403293978,0.9985784505625874,0.26439210162968285,0.5605739769146022,,0.999630215506687,0.8560732014389768
1039,3-hydroxyoleate*,Method 3,MFBDGGFIQVOLTJ-MDZDMXLPSA-N,,,0.08650519031141868,True,all_pre_hcc,provided_area,True,-0.00745585890557353,-0.0004171250781982256,0.0016248229525066165,0.4521233650319213,0.9992638787588864,0.9367310440149361,0.19613089941956086,,0.999630215506687,0.9891436004219372
159,N-carbamoylaspartate,Method 1,HLKXYZVTANABHZ-REOHCLBHSA-N,HMDB0000828,C00438,0.9221453287197232,False,all_pre_hcc,provided_area,True,-0.003988591204206072,7.850386174822293e-05,0.006216631882747883,0.15234527629317596,0.9995888483187382,0.029215320424534705,0.7208581849065565,,0.999630215506687,0.6306020546424962
729,S-allylcysteine,Method 1,ZFAHNWWNDFHPOH-UHFFFAOYSA-N,HMDB0034323,,0.04498269896193772,True,all_pre_hcc,provided_area,True,0.003933340699352251,-0.00016216544119480148,-0.01970604153610373,0.34990460533908385,0.9996302155066871,0.2038558068286641,0.34833245242236116,,0.999630215506687,0.8527909813692914
