feature_index,metabolite,method,inchikey,hmdb,kegg,missing_fraction,high_coverage,analysis,normalization,converged,optimizer,beta_time,beta_group,beta_time_group,se_group,p_group,p_time_group,patient_variance,residual_variance,log_likelihood,error,q_group,q_time_group
299,N-acetylglycine,Method 1,OKJIRPAQVSHGFK-UHFFFAOYSA-N,HMDB0000532,,0.0,True,all_pre_hcc,provided_area,True,lbfgs,0.0061830950952001,-0.6821115707503338,-0.0102651682237047,0.1641396286992413,3.24323232118306e-05,0.0396609658995883,0.6949508966364261,0.1516014260662617,-514.5285094945284,,0.033405292908185516,0.4688000905322482
694,taurohyocholate*,Method 3,XSOLDPYUICCHJX-QZWOQUDZSA-N,HMDB0011637,C15516,0.231833910034602,False,all_pre_hcc,provided_area,True,lbfgs,-0.0226653396594724,2.5255463667351035,0.0513415799474512,0.65735536234838,0.0001220456229455,0.0318177170358833,10.277499283284872,3.5601853847017657,-1386.6202707454163,,0.0628534958169325,0.4350874456788234
687,triamterene,Method 1,FNYLWPVRPXGIIP-UHFFFAOYSA-N,HMDB0001940,D00386,0.9982698961937716,False,all_pre_hcc,provided_area,True,lbfgs,3.0993397724711285e-17,0.027040586639373,8.017753582021878e-14,0.0074631042685429,0.0002909403532375,0.9999894383423886,0.0016833449940659,2.1331370427251645e-13,5237.006158479913,,0.08324974302758237,0.9999989883008276
1133,ezetimibe glucuronide*,Method 3,UOFYCFMTERCNEW-ADEYADIWSA-N,,,0.986159169550173,False,all_pre_hcc,provided_area,True,lbfgs,-1.0272504737575961e-16,0.1820496924872461,0.0021494111106517,0.0518379408168698,0.0004449144656669,0.0337377272385054,0.0763970665535855,0.006065924902679,321.4328115716023,,0.08324974302758237,0.4390952019553782
986,stearoylcholine*,Method 2,WYVHUXGFCVDOEA-UHFFFAOYSA-N,HMDB0240648,,0.0173010380622837,True,all_pre_hcc,provided_area,True,lbfgs,0.0015265487949015,-0.994724352941466,-0.0226240189950165,0.2877284891609912,0.0005458940810286,0.0498014552727744,1.8476877985425788,0.8419492020124172,-947.4668406717084,,0.08324974302758237,0.5028970483427219
210,taurocholate,Method 3,WBWWGRHZICKQGZ-HGVCTONRSA-N,HMDB0000036,C05122,0.0034602076124567,True,all_pre_hcc,provided_area,True,lbfgs,-0.0250722347991664,1.740783674118836,0.0448320302247464,0.5048187652252688,0.0005640562231889,0.0041355138371589,6.529787796641203,1.4902801708749849,-1171.006625385653,,0.08324974302758237,0.1503452325081814
71,methionine,Method 1,FFEARJCKVFRZRR-UHFFFAOYSA-N,HMDB0000696,C00073,0.0,True,all_pre_hcc,provided_area,True,lbfgs,-0.0048268762643392,0.3275225244047982,0.0068015479899165,0.0983472460155071,0.0008676294500178,0.0452902831165209,0.2364238165177708,0.0713477723509125,-268.31793761533254,,0.08324974302758237,0.4990060030315879
376,gamma-glutamyltryptophan,Method 3,CATMPQFFVNKDEY-AAEUAGOBSA-N,HMDB0029160,,0.0086505190311418,True,all_pre_hcc,provided_area,True,lbfgs,-0.0055207499469756,0.5271650307437789,0.0086093469300557,0.1603409722205158,0.0010098253089705,0.1099368114694999,0.6370325901167532,0.1784683520467244,-539.6858916353676,,0.08324974302758237,0.6500146004657739
930,dihomo-linolenoyl-choline,Method 2,FRBBZHFNTVMXIH-OKLKQMLOSA-N,HMDB0240646,,0.0622837370242214,True,all_pre_hcc,provided_area,True,lbfgs,0.001417242805856,-1.0128020908823758,-0.0146168818837094,0.3082001924173526,0.0010155517535369,0.2308876533906485,2.1385674214312567,0.941412503304938,-982.5055235782174,,0.08324974302758237,0.7969835758472709
209,taurochenodeoxycholate,Method 3,BHTRKEVKTKCXOH-BJLOMENOSA-N,HMDB0000951,C05465,0.0,True,all_pre_hcc,provided_area,True,lbfgs,-0.0252165031809493,1.586207945230902,0.0437726168866329,0.4841916237893955,0.0010529149771449,0.0041422098284954,5.966615523032379,1.42321040127763,-1153.7893209678757,,0.08324974302758237,0.1503452325081814
913,palmitoylcholine,Method 2,UFQZDKMTMXCDBP-UHFFFAOYSA-N,HMDB0240592,,0.0017301038062283,True,all_pre_hcc,provided_area,True,lbfgs,0.0028000441650627,-0.8613292456986992,-0.0163622214108949,0.265134362756972,0.001159532891017,0.1225753268722813,1.5723635380289782,0.7103113237131276,-899.0246227649786,,0.08324974302758237,0.6692838749246058
410,N1-methylinosine,Method 1,WJNGQIYEQLPJMN-UHFFFAOYSA-N,HMDB0002721,,0.0086505190311418,True,all_pre_hcc,provided_area,True,lbfgs,-0.0003258883460524,-0.5894411070037696,0.0017891273205943,0.1818708594830199,0.0011911657973872,0.7894765295866055,0.780474083185164,0.2804138394194952,-649.1318769595568,,0.08324974302758237,0.9710595005057202
927,arachidonoylcholine,Method 2,XUWOVXDQNYUPNL-WYTUUNCASA-N,HMDB0240583,,0.0173010380622837,True,all_pre_hcc,provided_area,True,lbfgs,0.0045596641756797,-0.9758998087883396,-0.0190615331520261,0.3013435550256039,0.0012016183004404,0.088631470853691,2.133782014913115,0.7823540472699292,-943.9691465641458,,0.08324974302758237,0.6203324878305547
987,linoleoylcholine*,Method 2,GVYIAXNFCSAJSK-OKLKQMLOSA-N,HMDB0013213,,0.0034602076124567,True,all_pre_hcc,provided_area,True,lbfgs,0.0028382589565729,-0.8926476920619129,-0.0176392779869911,0.2759085354879609,0.0012151373706718,0.1039836652395892,1.7232044260145014,0.7421274641985702,-915.529453059988,,0.08324974302758237,0.6413363784238136
254,"1,5-anhydroglucitol (1,5-AG)",Method 3,MPCAJMNYNOGXPB-SLPGGIOYSA-N,HMDB0002712,C07326,0.0017301038062283,True,all_pre_hcc,provided_area,True,lbfgs,-0.0002283554399845,-1.0253057431228665,-0.0176242635301355,0.3181035166514196,0.0012677467762925,0.0822885510813783,2.5633617269446343,0.6297667561187273,-915.557321641778,,0.08324974302758237,0.5968817437592933
111,tyrosine,Method 1,OUYCCCASQSFEME-QMMMGPOBSA-N,HMDB0000158,C00082,0.0,True,all_pre_hcc,provided_area,True,lbfgs,-0.0063021069986027,0.3267452812224531,0.0064715112806814,0.1015530224203151,0.0012931998916906,0.0802350359565337,0.2450057200537536,0.0853449740555275,-307.93353965603,,0.08324974302758237,0.5903006216802122
537,taurocholenate sulfate*,Method 3,OEDITLKCLMKBOM-UHFFFAOYSA-N,,,0.0,True,all_pre_hcc,provided_area,True,lbfgs,-0.012086277712034,0.840384818182164,0.0074235055803936,0.2659804320322225,0.0015800005140701,0.4194057239937286,1.729014800582815,0.5223848645183188,-843.5711606734003,,0.09572944291130607,0.8649610746772486
156,gamma-glutamyltyrosine,Method 3,VVLXCWVSSLFQDS-QWRGUYRKSA-N,HMDB0011741,,0.0,True,all_pre_hcc,provided_area,True,lbfgs,-0.0056023583693395,0.5041220977517838,0.0056095881847534,0.1604415553068839,0.0016774542457781,0.1938283548351652,0.6894085428338788,0.1121820187056821,-454.0587977524233,,0.09598765961952462,0.7619969674817564
926,oleoylcholine,Method 2,GFSSJDJAEKYAGX-UHFFFAOYSA-N,HMDB0240596,,0.0121107266435986,True,all_pre_hcc,provided_area,True,lbfgs,0.0023999983640636,-0.8607714868256324,-0.0148236474607104,0.2758255978216096,0.0018041608549119,0.1757631763852922,1.7107335336189908,0.7568069286841461,-919.0274243258632,,0.09780450950311878,0.7343833629054249
595,isoursodeoxycholate,Method 3,RUDATBOHQWOJDD-DNMBCGTGSA-N,HMDB0000686,C17662,0.0553633217993079,True,all_pre_hcc,provided_area,True,lbfgs,0.0046423658961481,-1.4623728038975004,-0.0285379012818813,0.4710132162876391,0.0019044740333504,0.1757029517267987,4.468246644985462,2.9014705303776225,-1277.7648331762052,,0.09808041271754561,0.7343833629054249
574,N-acetyl-3-methylhistidine*,Method 1,FKTXRTPBUWLETL-UHFFFAOYSA-N,HMDB0240341,,0.2716262975778546,False,all_pre_hcc,provided_area,True,lbfgs,0.0060957202767193,-1.137422265728108,-0.0294547266728965,0.3745985499433417,0.0023944010748257,0.0643831509647443,2.9768156506443004,1.6328870553538724,-1124.3544304883285,,0.11743967176526053,0.5364511212388774
929,palmitoloelycholine,Method 2,CLIZBTUFRKKPFA-UHFFFAOYSA-N,HMDB0013208,,0.2387543252595155,False,all_pre_hcc,provided_area,True,lbfgs,-0.0030295987633573,-0.9800935599307448,-0.0045435255349695,0.3260406657307914,0.0026466809898671,0.7338362123548701,2.329740949455453,1.1378016638411572,-1028.9950258814995,,0.12391279179832332,0.9581920026367826
162,4-acetamidobutanoate,Method 1,UZTFMUBKZQVKLK-UHFFFAOYSA-N,HMDB0003681,C02946,0.0,True,all_pre_hcc,provided_area,True,lbfgs,0.0033515142420152,-0.5328267742771192,-0.016442829341185,0.1787656502807565,0.0028769544811895,0.0207290034817929,0.7168106696280333,0.3201134504626315,-669.6051767709641,,0.12883752676631238,0.35001432108601127
444,lidocaine,Method 1,NNJVILVZKWQKPM-UHFFFAOYSA-N,HMDB0014426,D00358,0.916955017301038,False,all_pre_hcc,provided_area,True,lbfgs,-0.0065387167040035,0.7329006981493872,0.0268608574135679,0.2528924003815026,0.003754628993362,0.0897374181424783,0.4194881566815644,2.0933208916514614,-1075.3464030053378,,0.15717623367955816,0.6203324878305547
1194,taurochenodeoxycholic acid 3-sulfate,Method 3,IJHJZQKOSUFQCX-WZJRQFJBSA-N,HMDB0002486,,0.0242214532871972,True,all_pre_hcc,provided_area,True,lbfgs,-0.0249124740054041,1.4291891102537528,0.0352030430011213,0.4952454123326181,0.003903953777047,0.0258639903517525,6.213186128451874,1.526466296082719,-1171.4260994901206,,0.15717623367955816,0.39176338326919224
1224,chenodeoxycholic acid sulfate (1),Method 3,WHMOBEGYTDWMIG-BSWAIDMHSA-N,HMDB0002522,,0.3373702422145329,False,all_pre_hcc,provided_area,True,lbfgs,0.009004685711628,-0.9918608722412234,-0.0104597193143705,0.344308881035933,0.0039675554132704,0.5251960294659093,2.19509319744541,1.811903813627992,-1124.4861682700098,,0.15717623367955816,0.8893204180990235
443,hexanoylglycine,Method 3,UPCKIPHSXMXJOX-UHFFFAOYSA-N,HMDB0000701,,0.5795847750865052,False,all_pre_hcc,provided_area,True,lbfgs,0.0134875159606924,-0.9472715643783352,-0.0216039274452681,0.3304534464045239,0.0041493198745354,0.1882183635408582,1.9131930333001224,1.8183425575649776,-1115.9182349435068,,0.15828886928783192,0.7494321942192218
450,1-arachidonoyl-GPC (20:4n6)*,Method 2,LAXQYRRMGGEGOH-JXRLJXCWSA-N,HMDB0010395,C05208,0.0,True,all_pre_hcc,provided_area,True,lbfgs,0.0043451023329435,-0.4299127003190575,-0.0116161635420101,0.1534414263049508,0.0050817841706152,0.0141645615518869,0.6041183479824953,0.1366208016508999,-481.251002386708,,0.18607025895667917,0.27898626106553864
627,1-(1-enyl-palmitoyl)-GPC (P-16:0)*,Method 2,HTZINLFNXLXRBC-CQLBIITFSA-N,HMDB0010407,,0.0,True,all_pre_hcc,provided_area,True,lbfgs,0.0003844331518155,-0.3671680904866142,-0.0043877021165835,0.1315087544483711,0.0052388713686832,0.3506081451676847,0.4154940328057648,0.1370573183686722,-449.4167097694499,,0.18607025895667917,0.8398288128435237
928,docosahexaenoylcholine,Method 2,OKLWSURGMYZXCS-GUTOPQIJSA-N,HMDB0240647,,0.1816608996539792,True,all_pre_hcc,provided_area,True,lbfgs,0.0039587495611704,-1.0329007103099412,-0.0212220811799012,0.3735107409352602,0.0056855783608704,0.1334950898901364,3.237712105915312,1.254930739734853,-1075.935910259,,0.18888916429943492,0.6758022901938247
548,"5alpha-androstan-3alpha,17beta-diol monosulfate (1)",Method 3,LERFMBCTNMFXCT-ILBJSTGGSA-N,,,0.7352941176470589,False,all_pre_hcc,provided_area,True,lbfgs,0.0093498505857959,-0.9563357115884954,-0.0189652346518661,0.3466263261032631,0.0057981770984725,0.0509119143832062,3.1814132254729004,0.5703855653552206,-915.1601777713475,,0.18888916429943492,0.5035487532926729
693,glycohyocholate,Method 3,ZQYUKJFJPJDMMR-JPZDKMBBSA-N,HMDB0000138,,0.0173010380622837,True,all_pre_hcc,provided_area,True,lbfgs,-0.0217785973451792,1.1879705580457196,0.0385837659494155,0.4330425409580012,0.0060822968043976,0.0085729617718455,4.626862185233357,1.3275106117647228,-1117.5486374698394,,0.18888916429943492,0.21815051257640422
716,N-acetyl-1-methylhistidine*,Method 1,GVRCKHXHWSYDEF-UHFFFAOYSA-N,HMDB0240340,,0.0173010380622837,True,all_pre_hcc,provided_area,True,lbfgs,-0.0020420750526486,-0.788302752588256,-0.0066648093726935,0.2879995349190704,0.0061970870987918,0.440768167458315,2.1489423168345563,0.4546050961539766,-834.6465294948098,,0.18888916429943492,0.8787342319132073
440,1-palmitoleoyl-GPC (16:1)*,Method 2,LFUDDCMNKWEORN-KHPPLWFESA-N,HMDB0010383,,0.0,True,all_pre_hcc,provided_area,True,lbfgs,0.0011681087354438,-0.3871350888133048,-0.00617131609002,0.1415406905096374,0.0062351762972629,0.1991098515388378,0.4939482516049775,0.1422873298786681,-471.8061941561805,,0.18888916429943492,0.765502224408302
303,beta-sitosterol,Method 2,KZJWDPNRJALLNS-XGEQACPASA-N,HMDB0000852,C01753,0.3321799307958477,False,all_pre_hcc,provided_area,True,lbfgs,-0.0192032898914152,0.9233635003572525,0.0291815321101774,0.3409018600243936,0.0067569704485324,0.0075844396793231,2.9377373949633454,0.7314543413682965,-957.6411546424712,,0.1972838124959012,0.20030699665904597
956,palmitoleoyl-linoleoyl-glycerol (16:1/18:2) [1]*,Method 2,BHGPPCIWDXQOMA-HZFIRFLSSA-N,HMDB0007132,,0.4930795847750865,False,all_pre_hcc,provided_area,True,lbfgs,0.0104445115581903,-1.400060762855499,-0.002034024147033,0.5181847699390097,0.0068953565532548,0.8853696281152184,7.169268018555276,1.1984184433974323,-1136.1250486581685,,0.1972838124959012,0.9969785874248245
360,1-palmitoyl-GPC (16:0),Method 2,ASWBNKHCZGQVJV-UHFFFAOYSA-N,HMDB0010382,C04102,0.0,True,all_pre_hcc,provided_area,True,lbfgs,0.0011123176175758,-0.2871564679678371,-0.0055312324788631,0.1073477673453246,0.0074726778577296,0.0655679034647136,0.3052859398295282,0.0545053771110266,-236.96519083199155,,0.2045052655238541,0.5364511212388774
158,alpha-tocopherol,Method 2,GVJHHUAWPYXKBD-IEOSBIPESA-N,HMDB0001893,C02477,0.0,True,all_pre_hcc,provided_area,True,lbfgs,0.0005532049809981,-0.3779613495151294,0.0020215802610226,0.1418550705364986,0.0077121429816718,0.6184801528678767,0.5295685018210875,0.0996561297784106,-406.5745585957561,,0.2045052655238541,0.9252575853260273
1155,dimethylguanidino valeric acid (DMGV)*,Method 1,GLWRPXRMUUZNMD-UHFFFAOYSA-N,,,0.2214532871972318,False,all_pre_hcc,provided_area,True,lbfgs,0.0010851326859744,-1.2434268571217912,-0.0047744602539196,0.4669764154736843,0.0077512170296816,0.8177918292429516,4.4349177811302765,2.792169173810974,-1268.9616684236726,,0.2045052655238541,0.980588572898999
142,picolinate,Method 1,SIOXPEMLGUPBBT-UHFFFAOYSA-N,HMDB0002243,C10164,0.0017301038062283,True,all_pre_hcc,provided_area,True,lbfgs,-0.0044831761842583,0.4246342700208559,-0.0009077717286615,0.1599660351169382,0.0079419520591788,0.903082102630391,0.4909393792360527,0.3677623035627408,-670.4469873463208,,0.2045052655238541,0.9969785874248245
411,"N2,N2-dimethylguanosine",Method 1,RSPURTUNRHNVGF-IOSLPCCCSA-N,HMDB0004824,,0.0,True,all_pre_hcc,provided_area,True,lbfgs,0.0022074890277279,-0.3885846766667886,-0.0012704868774218,0.1478937957495904,0.0086025563588737,0.6501506889694206,0.6242112084741201,0.0463954619967985,-272.9069658445228,,0.21611300121072954,0.9265555417511936
405,1-methylurate,Method 1,QFDRTQONISXGJA-UHFFFAOYSA-N,HMDB0003099,C16359,0.2352941176470588,False,all_pre_hcc,provided_area,True,lbfgs,0.0221152449461756,-0.8652331293948785,-0.0146983211183993,0.3305605891119461,0.0088583721738404,0.3688736747803396,1.92235470255316,1.8072096746579145,-1114.8720738015277,,0.2172410318822765,0.8441779558581768
882,1-(1-enyl-palmitoyl)-2-arachidonoyl-GPC (P-16:0/20:4)*,Method 2,IOYKZPNDXIIXLN-LOQSCQKMSA-N,HMDB0011220,,0.0,True,all_pre_hcc,provided_area,True,lbfgs,-0.0006195129236251,-0.2480234413678837,-0.0040135565871096,0.0968710347341892,0.0104567763665727,0.1750528238129519,0.2416269754999239,0.0533655078354924,-211.68457949702952,,0.2504762711062763,0.7343833629054249
401,7-methylxanthine,Method 1,PFWLFWPASULGAN-UHFFFAOYSA-N,HMDB0001991,C16353,0.1228373702422145,True,all_pre_hcc,provided_area,True,lbfgs,0.0131949829769121,-0.8518363858562853,-0.0010088304328859,0.3363740130534843,0.0113281954266705,0.951319664389581,2.009908402277423,1.8458056581484568,-1122.549374731008,,0.26518275657887763,0.9969785874248245
87,retinol (vitamin A),Method 2,FPIPGXGPPPQFEQ-OVSJKPMPSA-N,HMDB0000305,C00473,0.0,True,all_pre_hcc,provided_area,True,lbfgs,0.0068949863129958,-0.5860002354864792,-0.0170295531224255,0.2359274419058699,0.0129983136340135,0.0108568746123009,1.4690530946607343,0.270382937279874,-697.0434532662007,,0.29751695651186455,0.2430995837102158
472,N-acetyl-aspartyl-glutamate (NAAG),Method 1,OPVPGKGADVGKTG-UHFFFAOYSA-N,HMDB0001067,C12270,0.0674740484429065,True,all_pre_hcc,provided_area,True,lbfgs,-0.0009753483430563,-0.5339670995450927,-0.0098483567912578,0.2174451485485476,0.0140633790968115,0.2989327507433221,0.978855243589692,0.5826695767155521,-820.3168339022691,,0.3084037860905983,0.8178108858282597
388,"fibrinopeptide A, phosphono-ser(3)*",Method 3,DROFZMGQYLJNLQ-UHFFFAOYSA-N,,,0.1384083044982699,True,all_pre_hcc,provided_area,True,lbfgs,0.0050772975041954,-0.90915655211792,-0.0124978869815684,0.3702682212635683,0.0140727941225807,0.3715137864294646,3.186285109942294,1.2273636325023043,-1070.027230277935,,0.3084037860905983,0.8441779558581768
474,hexadecanedioate (C16-DC),Method 3,QQHJDPROMQRDLA-UHFFFAOYSA-N,HMDB0000672,C19615,0.0086505190311418,True,all_pre_hcc,provided_area,True,lbfgs,-0.0075640997673137,0.59157894730737,0.0264618572026492,0.2418515907631885,0.0144434507733395,0.0060736196077119,1.3091738463453952,0.5899389984469813,-845.5620304224249,,0.3099323811779101,0.1787379484555216
1248,"cis-3,4-methyleneheptanoylglycine",Method 3,FFFQOVJTIDIKQJ-YUMQZZPRSA-N,,,0.0553633217993079,True,all_pre_hcc,provided_area,True,lbfgs,0.0123853747862425,-0.6789142252767646,-0.00968694150641,0.2798299368790696,0.0152592367388082,0.3425924720538533,1.858610781935782,0.6498176892008835,-894.2919253293571,,0.32075538450964175,0.83760830376663
592,3-methylglutaconate,Method 4,WKRBKYFIJPGYQC-DUXPYHPUSA-N,HMDB0000522,,0.0,True,all_pre_hcc,provided_area,True,lbfgs,0.0093106887834131,-0.4880996180051271,0.0001978878900148,0.202249121190172,0.0158062677806779,0.9684325087297676,1.1180251753469206,0.1494598210109913,-555.1819263884045,,0.3256091162819647,0.9974755988405244
556,2-hydroxyglutarate,Method 1,HWXBTNAVRSUOJR-UHFFFAOYSA-N,HMDB0059655,C02630,0.0051903114186851,True,all_pre_hcc,provided_area,True,lbfgs,0.0015339364535242,-0.5795251000307242,0.0046843028401887,0.2444840391108578,0.017768823631013,0.2631162021462645,1.7244013962852776,0.103275151075653,-525.1027501260678,,0.3546642432201204,0.8057213303079476
381,gamma-glutamylmethionine,Method 1,RQNSKRXMANOPQY-BQBZGAKWSA-N,HMDB0029155,,0.0,True,all_pre_hcc,provided_area,True,lbfgs,-0.0044260456756978,0.3282410328616458,0.0091377047432284,0.1393562294061615,0.0185022868089896,0.0541540880951921,0.477994524301036,0.1390063290976773,-464.24563798450026,,0.3546642432201204,0.5035487532926729
1013,docosahexaenoylcarnitine (C22:6)*,Method 2,WLLMYDQRCSWAST-WSDBEMKQSA-N,,,0.0570934256055363,True,all_pre_hcc,provided_area,True,lbfgs,0.0011051998369729,-0.6415815186714499,-0.0149025199687074,0.2725667782291193,0.0185800689390876,0.1595568636802934,1.6944570274926087,0.7062769524606356,-903.8677809834036,,0.3546642432201204,0.6963710575877212
82,phytanate,Method 3,RLCKHJSFHOZMDR-UHFFFAOYSA-N,HMDB0000801,C01607,0.0034602076124567,True,all_pre_hcc,provided_area,True,lbfgs,-0.0102797020848293,0.5859450265588853,-0.0029740532687473,0.2489861126365117,0.0186064073057799,0.765316836881818,1.3843172465902152,0.629402777504802,-863.5601992428933,,0.3546642432201204,0.9674286269784143
989,ondansetron,Method 2,FELGMEQIXOGIFQ-UHFFFAOYSA-N,HMDB0005035,C07325,0.9619377162629758,False,all_pre_hcc,provided_area,True,lbfgs,-0.0011357253010479,0.4113959904479962,0.0166060028981322,0.1754517822739108,0.0190382628388648,0.1383960815453378,0.1655609682533095,1.0655813629672408,-872.7150093484402,,0.3546642432201204,0.6758022901938247
228,methionine sulfoxide,Method 1,QEFRNWWLZKMPFJ-YGVKFDHGSA-N,HMDB0002005,C02989,0.0,True,all_pre_hcc,provided_area,True,lbfgs,-0.0054434045720769,0.3226472257828195,0.0043081248038762,0.1378999836036699,0.0192982483145962,0.3865823499787868,0.4544423275358539,0.1538583349594725,-480.63965157800885,,0.3546642432201204,0.8481513895397405
1085,"N,N-dimethylalanine",Method 1,QCYOIFVBYZNUNW-BYPYZUCNSA-N,,,0.0449826989619377,True,all_pre_hcc,provided_area,True,lbfgs,8.541582626597337e-05,-0.6396328169371042,0.005747289247341,0.2763283315736063,0.0206262587431981,0.6504303119812256,1.4918688735276635,1.0595349947138142,-980.0797823337772,,0.3546642432201204,0.9265555417511936
365,1-stearoyl-GPC (18:0),Method 2,IHNKQIMGVNPMTC-RUZDIDTESA-N,HMDB0010384,,0.0,True,all_pre_hcc,provided_area,True,lbfgs,4.6704761141765225e-06,-0.290260282779005,-0.0040297437432474,0.1256469696581585,0.0208812008140234,0.3014902751979607,0.404169470674773,0.0927904867805318,-368.1087507883613,,0.3546642432201204,0.8178108858282597
562,cysteine sulfinic acid,Method 1,ADVPTQAUNPRNPO-UHFFFAOYSA-N,HMDB0000996,C00606,0.0,True,all_pre_hcc,provided_area,True,lbfgs,-0.0050047111084293,-0.363490042403255,0.0030446366467566,0.1579357598295665,0.0213630668175997,0.5463938046722,0.631369107162714,0.1559309443173543,-511.6700505351432,,0.3546642432201204,0.8893204180990235
448,testosterone sulfate,Method 3,WAQBISPOEAOCOG-DYKIIFRCSA-N,HMDB0002833,,0.6626297577854672,False,all_pre_hcc,provided_area,True,lbfgs,-0.0039693378086128,0.8307942555907698,0.006847765810002,0.3610882479170189,0.0214025602841354,0.4076752924060391,3.617615467007817,0.4077832511639983,-861.2671104505753,,0.3546642432201204,0.858046920793799
327,O-acetylhomoserine,Method 4,FCXZBWSIAGGPCB-YFKPBYRVSA-N,HMDB0029423,C01077,0.2301038062283737,False,all_pre_hcc,provided_area,True,lbfgs,-0.0164659281587469,0.7460667104099076,0.0343262812159111,0.3244521231484338,0.0214784771134261,0.0683645987128602,1.183796579820678,2.6825102279682564,-1178.3789502468107,,0.3546642432201204,0.5460257868381959
295,homoarginine,Method 1,QUOGESRFPZDMMT-YFKPBYRVSA-N,HMDB0000670,C01924,0.0,True,all_pre_hcc,provided_area,True,lbfgs,-0.0027891644700033,0.294423374742335,0.0122129063188839,0.12809133412692,0.0215309321666622,0.0028949988497221,0.4149995590604005,0.1029601926576062,-391.31521125933614,,0.3546642432201204,0.14909244076068814
177,N-acetylglucosaminylasparagine,Method 1,YTTRPBWEMMPYSW-VFFCQLMOSA-N,HMDB0000489,C04540,0.0086505190311418,True,all_pre_hcc,provided_area,True,lbfgs,0.0019195733632048,-0.4593270841569009,-0.0134966669082831,0.2000815164428053,0.0216930556532695,0.0044453693252786,1.1034726596147015,0.1344611577894914,-533.2959867218942,,0.3546642432201204,0.1503452325081814
960,linoleoyl-linoleoyl-glycerol (18:2/18:2) [1]*,Method 2,MQGBAQLIFKSMEM-WVZYQCMWSA-N,HMDB0007248,,0.0588235294117647,True,all_pre_hcc,provided_area,True,lbfgs,0.0033929821556967,-0.8199317813565876,-0.0114177546498412,0.3593611497383235,0.0225107662704444,0.4111625270516579,2.956001603414486,1.2157053686032002,-1061.905833821429,,0.35811995738894886,0.8607670789902594
1053,glucuronide of C10H18O2 (8)*,Method 3,,,,0.2716262975778546,False,all_pre_hcc,provided_area,True,lbfgs,-0.0029632310500018,0.9408066926863062,-0.0009977860369935,0.4126104502240962,0.0225998031361958,0.961363447158584,2.9472771502946267,2.8840600944522303,-1247.291685960016,,0.35811995738894886,0.9974755988405244
1202,3-decenoylcarnitine,Method 2,YMJNFVUJNDWLND-ZHACJKMWSA-N,,,0.4636678200692041,False,all_pre_hcc,provided_area,True,lbfgs,-0.0027709240305069,0.9163761220551658,0.018151856279025,0.4068600566780069,0.0243025105095975,0.2319670600290962,3.879757403745733,1.4392459153951016,-1119.163809320166,,0.3724001431407567,0.7969835758472709
56,glycocholate,Method 3,RFDAIACWWDREDC-FRVQLJSFSA-N,HMDB0000138,C01921,0.0,True,all_pre_hcc,provided_area,True,lbfgs,-0.018572245622168,0.8757211487440592,0.0374896082965422,0.3889293567242163,0.0243462911057911,0.0025556852396586,3.828658899361946,0.9452795642727116,-1032.49496784446,,0.3724001431407567,0.14624198871379768
688,fexofenadine,Method 2,RWTNPBWLLIMQHL-UHFFFAOYSA-N,HMDB0005030,C06999,0.9948096885813148,False,all_pre_hcc,provided_area,True,lbfgs,5.5523167108275416e-05,0.1061166325825467,-0.0023020243092452,0.0472477276622252,0.0247063990783446,0.280451610167813,0.0446372644362104,0.029581868172473,49.03706587625084,,0.3724001431407567,0.8169680049949793
546,5alpha-pregnan-diol disulfate,Method 3,LSQGWMYMIHQKSA-UHFFFAOYSA-N,"HMDB0240581,HMDB0240582",,0.5778546712802768,False,all_pre_hcc,provided_area,True,lbfgs,-0.0088571533565515,-0.746888270306334,-0.0082992837868347,0.333102220355383,0.0249471940550604,0.5471502731606256,2.414338797814681,1.2099461932545648,-1044.7338415288632,,0.3724001431407567,0.8893204180990235
331,butyrylglycine,Method 3,WPSSBBPLVMTKRN-UHFFFAOYSA-N,HMDB0000808,,0.5692041522491349,False,all_pre_hcc,provided_area,True,lbfgs,0.0149744890468322,-0.8299682990465884,-0.0146745518317212,0.3722569258605657,0.0257768200586807,0.4274703568500939,2.416378244798982,2.323474295381685,-1185.9888612124337,,0.3792148544186714,0.8685876672807371
1222,isoursodeoxycholate sulfate (1),Method 3,WHMOBEGYTDWMIG-DNMBCGTGSA-N,,,0.3650519031141868,False,all_pre_hcc,provided_area,True,lbfgs,-0.0001253715403167,-0.9717917443134692,-0.0157354306963258,0.4377608554414009,0.026424560591933,0.4578256251210739,3.487376272479859,3.0119734783829823,-1268.236483369828,,0.3792148544186714,0.8855918593261037
1212,metabolonic lactone sulfate,Method 3,IJIWKJRHDDIJKI-MVCMDAJNSA-N,,,0.4550173010380622,False,all_pre_hcc,provided_area,True,lbfgs,0.0117491409558684,-0.8626927046787797,-0.0255944787682172,0.3900803634311357,0.0269959158689597,0.0482459913921639,3.788600983265048,1.03282445431072,-1049.4317202068742,,0.3792148544186714,0.5028970483427219
920,glycosyl-N-palmitoyl-sphingosine (d18:1/16:0),Method 2,VJLLLMIZEJJZTE-NNTBDIJYSA-N,,,0.0,True,all_pre_hcc,provided_area,True,lbfgs,-0.0040502047129078,-0.3243625689760975,0.0092226011478641,0.1468243747588168,0.0271616040703076,0.005508275354737,0.5994503012346877,0.0657199979693445,-336.3712140820153,,0.3792148544186714,0.16686834162879735
639,oleoyl-linoleoyl-glycerol (18:1/18:2) [2],Method 2,GREDRAMJRDQWEJ-LTEAFHAISA-N,HMDB0007219,,0.0086505190311418,True,all_pre_hcc,provided_area,True,lbfgs,0.0012828980976715,-0.8365184945805539,0.0060550025115142,0.3788587256731306,0.0272445623562929,0.4263489230475735,4.065767873662375,0.3430661900457931,-838.9045327648073,,0.3792148544186714,0.8685876672807371
1049,N-acetylglucosamine conjugate of C24H40O4 bile acid**,Method 3,,,,0.3667820069204152,False,all_pre_hcc,provided_area,True,lbfgs,-0.0058946589610603,-0.8504661397576397,-0.0034058722367739,0.3865488149625186,0.0277961141279937,0.8372153517446164,3.143619436217042,1.7736199506134944,-1146.089182590472,,0.3817333006911135,0.9909331294058851
80,phenylalanine,Method 1,COLNVLDHVKWLRT-UHFFFAOYSA-N,HMDB0000159,C00079,0.0,True,all_pre_hcc,provided_area,True,lbfgs,-0.0035361724305079,0.1540214128503704,0.0013790611660928,0.0702236929341633,0.028285989902512,0.5504638002870696,0.1233539610174174,0.0327287155323369,-54.219667579417546,,0.3833495999945705,0.8893204180990235
422,cysteine-glutathione disulfide,Method 1,BNRXZEPOHPEEAS-UHFFFAOYSA-N,HMDB0000656,R00900,0.1193771626297577,True,all_pre_hcc,provided_area,True,lbfgs,0.0063976512604979,-0.8302964208768134,0.0076081093594028,0.3815703535591595,0.0295553915547698,0.6359710800668689,3.11865638134711,1.6544575943860227,-1130.7263223099608,,0.3932381166846817,0.9265555417511936
482,ectoine,Method 1,WQXNXVUDBPYKBA-YFKPBYRVSA-N,HMDB0240650,C06231,0.0017301038062283,True,all_pre_hcc,provided_area,True,lbfgs,0.0053665937302544,-0.5531419716585506,-0.0195679648082812,0.2548635176417173,0.0299806574950454,0.1152245548593341,1.1683867572852389,1.0398690085410025,-958.8357635413148,,0.3932381166846817,0.6552592569782668
636,16-hydroxypalmitate,Method 3,UGAGPNKCDRTDHP-UHFFFAOYSA-N,HMDB0006294,C18218,0.0034602076124567,True,all_pre_hcc,provided_area,True,lbfgs,-0.0056055657071608,0.3787688376802701,0.0198779872519411,0.1754884316867785,0.0308991331971082,0.0051809874172292,0.6812232824263246,0.3212617334792884,-666.2920224407371,,0.3932381166846817,0.16170960726503258
1052,glucuronide of C10H18O2 (7)*,Method 3,,,,0.0622837370242214,True,all_pre_hcc,provided_area,True,lbfgs,-0.0099170529296281,0.9132611278401608,-0.0008692549628468,0.4242271570961653,0.031337198104806,0.965506510031942,3.3783512544583685,2.687587524599444,-1241.0039679773429,,0.3932381166846817,0.9974755988405244
975,myristoyl-linoleoyl-glycerol (14:0/18:2) [1]*,Method 2,AMBUOMWGQGABQI-BIXSNLIQSA-N,HMDB0007016,,0.7768166089965398,False,all_pre_hcc,provided_area,True,lbfgs,0.0085722819904063,-0.5998810697633479,-0.0085473993045106,0.2811321143415615,0.0328587585307956,0.3598173763202408,1.9686222151002997,0.5353083092905034,-859.7193252351158,,0.3932381166846817,0.8441779558581768
32,2-hydroxyphenylacetate,Method 4,CCVYRRGZDBSHFU-UHFFFAOYSA-N,HMDB0000669,C05852,0.1107266435986159,True,all_pre_hcc,provided_area,True,lbfgs,0.0054814908025621,-0.5913736575292499,-0.0093151136005533,0.2783989291262668,0.0336538278681646,0.4338602507389373,1.6347580655164684,0.9135756874423362,-955.0922570363304,,0.3932381166846817,0.8728048012912215
9,3-hydroxy-3-methylglutarate,Method 4,NPOAOTPXWNWTSH-UHFFFAOYSA-N,HMDB0000355,C03761,0.0,True,all_pre_hcc,provided_area,True,lbfgs,0.0058604108737276,-0.2989109368502746,0.000900021449462,0.1407493954575729,0.0336943779557448,0.855320707279309,0.480527922781834,0.1509916735757109,-481.5202732339899,,0.3932381166846817,0.9909789971852511
60,hypotaurine,Method 1,VVIUBCNYACGLLV-UHFFFAOYSA-N,HMDB0000965,C00519,0.0,True,all_pre_hcc,provided_area,True,lbfgs,0.0012993525463185,-0.2580127265535315,-0.0012929523973814,0.1215339918539421,0.0337565672908338,0.8205851667360775,0.2809317919500246,0.2156075886075587,-514.4056778352715,,0.3932381166846817,0.9808001174589639
366,1-oleoyl-GPC (18:1),Method 2,YAMUFBLWGFFICM-PTGWMXDISA-N,HMDB0002815,C03916,0.0,True,all_pre_hcc,provided_area,True,lbfgs,0.0019409989109087,-0.2345901682980654,-0.0014804961818151,0.1105971337807463,0.0339114193362541,0.6832413986547995,0.3063349824429903,0.0806920199403139,-315.64024416755,,0.3932381166846817,0.9408270596449779
160,N-acetylalanine,Method 4,KTHDTJVBEPMMGL-VKHMYHEASA-N,HMDB0000766,C02847,0.0,True,all_pre_hcc,provided_area,True,lbfgs,0.0007968938946047,-0.2493395053656375,-0.0004907780571383,0.1176495896384032,0.0340617262382526,0.8683150284754,0.3768076831198574,0.0525097626197596,-249.00707379067853,,0.3932381166846817,0.9956788041480279
475,octadecanedioate (C18-DC),Method 3,BNJOQKFENDDGSC-UHFFFAOYSA-N,HMDB0000782,,0.0103806228373702,True,all_pre_hcc,provided_area,True,lbfgs,-0.0073557493237313,0.5066907337553875,0.0098904991828704,0.2401040930542892,0.0348328583882425,0.3663190901785254,1.1376667625180354,0.7851858950694124,-895.5529288784428,,0.3932381166846817,0.8441779558581768
186,choline,Method 1,CRBHXDCYXIISFC-UHFFFAOYSA-N,HMDB0000097,C00114,0.0,True,all_pre_hcc,provided_area,True,lbfgs,0.0008178419529106,-0.1951368420511603,-0.0022954648462092,0.0925813453091326,0.0350540113488494,0.2994467492204998,0.2359027667567104,0.0292469167727985,-90.80207389217594,,0.3932381166846817,0.8178108858282597
1071,glycine conjugate of C10H12O2*,Method 3,,,,0.2076124567474048,False,all_pre_hcc,provided_area,True,lbfgs,0.009038813098268,-0.6601678015380322,-0.0093298561800012,0.3135780995605577,0.035267469099247,0.5353603740265631,1.8089386659055555,1.5172160689104042,-1072.0811769647876,,0.3932381166846817,0.8893204180990235
237,glycerophosphorylcholine (GPC),Method 1,SUHOQUVVVLNYQR-MRVPVSSYSA-N,HMDB0000086,C00670,0.0,True,all_pre_hcc,provided_area,True,lbfgs,0.0004933892112778,-0.2207317350392171,-0.0066654476676315,0.1050768130984469,0.0356699227624674,0.0894844611749938,0.2592272756543392,0.0953931138948363,-335.5234323353325,,0.3932381166846817,0.6203324878305547
829,adipoylcarnitine (C6-DC),Method 1,BSVHAXJKBCWVDA-UHFFFAOYSA-N,HMDB0061677,,0.0,True,all_pre_hcc,provided_area,True,lbfgs,0.0021221946871602,-0.4093744987204525,-0.0018942755195991,0.1951499153413504,0.035927795351917,0.8161552745007488,0.8213246068027501,0.4253412728180499,-740.0380393044784,,0.3932381166846817,0.9797668213703628
1235,"cis-3,4-methyleneheptanoylcarnitine",Method 2,LNGSHJPPGDBEPT-VYAYZGMFSA-N,,,0.0,True,all_pre_hcc,provided_area,True,lbfgs,0.0044273445848978,-0.4253772284348482,0.0005273347570603,0.2031356630813623,0.0362550909520788,0.9332930077644992,1.0566378674981494,0.2421759468255815,-645.5025311683626,,0.3932381166846817,0.9969785874248245
952,linoleoyl-arachidonoyl-glycerol (18:2/20:4) [2]*,Method 2,KRECEGQUDDMNAQ-MYBRWWDOSA-N,HMDB0007257,,0.1107266435986159,True,all_pre_hcc,provided_area,True,lbfgs,0.0068450542219347,-0.840356477003227,-0.0266762195329126,0.4032558146372624,0.0371666281580006,0.0958837071952329,3.651335660367642,1.624564275022948,-1139.331710123523,,0.3932381166846817,0.6364334943702539
752,N-acetylmethionine sulfoxide,Method 1,NPIMMZJBURSMON-UHFFFAOYSA-N,,,0.3027681660899654,False,all_pre_hcc,provided_area,True,lbfgs,0.0056867645210542,-0.8163445594543862,-0.0056866871356131,0.3922070787175633,0.0373962020626632,0.6452837715846094,3.915966799855522,0.9327228840214676,-1031.7964214548883,,0.3932381166846817,0.9265555417511936
947,ferulylglycine (2),Method 3,CLGNQAIRBLDHIN-HWKANZROSA-N,,,0.671280276816609,False,all_pre_hcc,provided_area,True,lbfgs,0.0084667411841173,-0.5892315293182099,-0.0132316307661633,0.2834624022141462,0.0376455060330613,0.3252967090222805,1.504145117534641,1.2053394272311828,-1008.749689668552,,0.3932381166846817,0.83760830376663
549,"5alpha-androstan-3beta,17alpha-diol disulfate",Method 3,JHFAETDERBWUOO-ILSMVHKQSA-N,HMDB0094682,,0.7006920415224913,False,all_pre_hcc,provided_area,True,lbfgs,0.0005599464188591,-0.7283623868861573,-0.0148710576244094,0.3506563653130502,0.0377886332986981,0.1884494546628917,3.100641018048327,0.7837350447431978,-976.270096623417,,0.3932381166846817,0.7494321942192218
124,caprate (10:0),Method 3,GHVNFZFCNZKVNT-UHFFFAOYSA-N,HMDB0000511,C01571,0.0,True,all_pre_hcc,provided_area,True,lbfgs,-0.0104725606179637,0.5192061873282264,0.027170115789449,0.2504029213178003,0.0381273565036709,0.0237492060542715,1.15685943844812,0.9639317366047356,-941.4425821749314,,0.3932381166846817,0.3706315490287825
980,"ceramide (d18:2/24:1, d18:1/24:2)*",Method 2,QMVWGDBKESWTON-OQKRWUNJSA-N,"HMDB0240679,HMDB0240680",,0.0086505190311418,True,all_pre_hcc,provided_area,True,lbfgs,0.0040071418002482,-0.3554441956644725,0.0006055489557214,0.1717440849052281,0.0384883787569332,0.923615197186968,0.6970472210574725,0.248867085170242,-615.165774328033,,0.3932381166846817,0.9969785874248245
1201,undecenoylcarnitine (C11:1),Method 2,FVOVZEONZTWNTC-OUKQBFOZSA-N,,,0.0,True,all_pre_hcc,provided_area,True,lbfgs,0.0051116115064779,-0.4054451765443975,-0.0083871504299651,0.1960017610721016,0.0385855864614549,0.2470528099226545,0.9047550194975283,0.3281223431856122,-693.7601814348654,,0.3932381166846817,0.8002024975482205
690,N-acetylcarnosine,Method 1,BKAYIFDRRZZKNF-VIFPVBQESA-N,HMDB0012881,,0.0017301038062283,True,all_pre_hcc,provided_area,True,lbfgs,-0.0008216762056003,-0.412434362166277,0.0010475486009899,0.1995725556109297,0.0387729388198455,0.8384861464713993,1.078421106891034,0.1585854971716071,-563.444108116701,,0.3932381166846817,0.9909331294058851
713,dimethyl sulfone,Method 1,HHVIBTZHLRERCL-UHFFFAOYSA-N,HMDB0004983,C11142,0.0034602076124567,True,all_pre_hcc,provided_area,True,lbfgs,0.0054839269767882,-0.6003508697470121,-2.7396275198872767e-05,0.2910837962822774,0.0391632486181293,0.9973219995452056,2.243570900252018,0.4019626016582451,-814.0870629971505,,0.3932381166846817,0.9999989883008276
594,cysteinylglycine disulfide*,Method 1,ZHRLECIZINSPKL-AKGZTFGVSA-N,HMDB0000709,,0.0,True,all_pre_hcc,provided_area,True,lbfgs,0.0037122633685969,-0.2048481531958759,-0.0061278170916182,0.0993755706875217,0.0392693537760706,0.030554190871008,0.2601736854562028,0.04857059024669,-199.59298283877024,,0.3932381166846817,0.4350874456788234
58,histidine,Method 3,HNDVDQJCIGZPNO-UHFFFAOYSA-N,HMDB0000177,C00135,0.0,True,all_pre_hcc,provided_area,True,lbfgs,-0.0018874695359264,0.320580849963254,-0.001407511636997,0.1558338824399629,0.0396673697821698,0.6593837010714805,0.6860036169298324,0.060425697253324,-332.93418130433247,,0.3932381166846817,0.9265555417511936
583,(12 or 13)-methylmyristate (a15:0 or i15:0),Method 3,ZOCYQVNGROEVLU-UHFFFAOYSA-N,HMDB0061707,,0.5536332179930796,False,all_pre_hcc,provided_area,True,lbfgs,-0.0111490204919552,0.8294939627493003,0.0055172059675823,0.4034163928761843,0.0397658275742462,0.7785754592662848,2.9447793385816143,2.58054196570095,-1222.5651171255558,,0.3932381166846817,0.9696412414258495
400,1-linoleoyl-GPC (18:2),Method 2,SPJFYYJXNPEZDW-UTJQPWESSA-N,HMDB0010386,C04100,0.0,True,all_pre_hcc,provided_area,True,lbfgs,0.0029199948320646,-0.2374928808774489,-0.0030564339220852,0.1159021337968347,0.0404541776348388,0.5082928996157028,0.3009569178000711,0.1350734393331496,-419.8397309442976,,0.3932381166846817,0.8893204180990235
373,epiandrosterone sulfate,Method 3,ZMITXKRGXGRMKS-FMLJXKFRSA-N,HMDB0062657,C04555,0.0017301038062283,True,all_pre_hcc,provided_area,True,lbfgs,0.0029882622097026,-0.7208763067781172,-0.0173159950315819,0.3527061041781378,0.0409689462722615,0.073534901215806,3.3140499242995958,0.5648397488509594,-916.9566254818188,,0.3932381166846817,0.556918737149119
1065,gamma-glutamylcitrulline*,Method 1,SCTJBDDLOROJJM-UHFFFAOYSA-N,,,0.0,True,all_pre_hcc,provided_area,True,lbfgs,0.0035524160947863,-0.4039075447344704,-0.0037170518058874,0.197846561015368,0.0411992515646875,0.5812703701487327,0.9631674346269572,0.2802981927994979,-666.8705072231928,,0.3932381166846817,0.9158671755912854
15,"9,10-DiHOME",Method 3,XEBKSQSGNGRGDW-YFHOEESVSA-N,HMDB0004704,C14828,0.0380622837370242,True,all_pre_hcc,provided_area,True,lbfgs,-0.0122721988793144,0.5352540247542089,0.0008966924694028,0.2624278793464737,0.0413878567001446,0.9434175428734092,1.2690080502680745,1.0609543541380886,-968.9249992381395,,0.3932381166846817,0.9969785874248245
732,acisoga,Method 3,OAUYENAPBFTAQT-UHFFFAOYSA-N,HMDB0061384,,0.0657439446366782,True,all_pre_hcc,provided_area,True,lbfgs,0.0056423876619975,-0.5234461426541329,-0.0232889193788355,0.2571723057630786,0.0418115672839714,0.0156153088688067,1.546656852453279,0.5795189853842091,-855.4388982285436,,0.3932381166846817,0.28721014526555183
1227,carnitine of C10H14O2 (5)*,Method 3,,,,0.1989619377162629,True,all_pre_hcc,provided_area,True,lbfgs,0.0052950242903827,-0.5915733821687902,0.0095508121328302,0.2909066230021547,0.041996911493064,0.2425559832381975,2.239463037072914,0.4031959763883831,-814.5266748315976,,0.3932381166846817,0.8002024975482205
1154,4-acetylcatechol sulfate (2),Method 3,RRWBOGSYNDIRNR-UHFFFAOYSA-N,,,0.5795847750865052,False,all_pre_hcc,provided_area,True,lbfgs,0.0063559556774203,-0.6684126982334031,-0.0094870072201132,0.3293017212588982,0.0423780883029123,0.6120065808296522,1.3505955571239376,2.5809599363790494,-1175.7283771959517,,0.3932381166846817,0.9249126500816807
81,phosphate,Method 1,NBIIXXVUZAFLBC-UHFFFAOYSA-N,HMDB0001429,C00009,0.0,True,all_pre_hcc,provided_area,True,lbfgs,-0.0040905118508525,-0.3389024085364724,0.0043093898097734,0.1673247127079588,0.0428245075495753,0.4284229331610972,0.7036570658032041,0.1815178078560471,-551.7620413019877,,0.39383252478627284,0.8685876672807371
323,3-hydroxylaurate,Method 3,MUCMKTPAZLSKTL-UHFFFAOYSA-N,HMDB0000387,,0.0017301038062283,True,all_pre_hcc,provided_area,True,lbfgs,-0.0084631084447114,0.5198950429053026,0.0113299209216635,0.2597981556115768,0.0453762424075757,0.3604472004218316,1.2545038610823809,1.025120829769684,-960.5821837080256,,0.39631860041112615,0.8441779558581768
420,1-arachidonylglycerol (20:4),Method 3,DCPCOKIYJYGMDN-DOFZRALJSA-N,HMDB11578,C13857,0.0051903114186851,True,all_pre_hcc,provided_area,True,lbfgs,0.0059062555302711,-0.5057085882335278,-0.008912111200634,0.2527098571027431,0.0453769701729111,0.3380935332549487,1.5091120736508974,0.5390642477610724,-838.497370341855,,0.39631860041112615,0.83760830376663
205,stearoyl sphingomyelin (d18:1/18:0),Method 2,LKQLRGMMMAHREN-YJFXYUILSA-N,HMDB0001348,C00550,0.0,True,all_pre_hcc,provided_area,True,lbfgs,9.709229047533457e-05,-0.2518904927743985,-0.0048039958135014,0.1259932773799396,0.045582656154465,0.1667523085744064,0.4222928222464074,0.0728447697864049,-323.92479784116586,,0.39631860041112615,0.7207572983028669
222,3-phenylpropionate (hydrocinnamate),Method 3,XMIIGOLPHOKFCH-UHFFFAOYSA-N,HMDB0000764,C05629,0.2231833910034602,False,all_pre_hcc,provided_area,True,lbfgs,0.0028151495477787,-1.038523888480154,0.0059658523689226,0.5203441369798305,0.045951289816172,0.8110736875418593,4.991899795512503,4.167515081319108,-1364.4196121545683,,0.39631860041112615,0.9786094631220575
695,retinal,Method 2,NCYCYZXNIZJOKI-OVSJKPMPSA-N,HMDB0001358,C00376,0.1141868512110726,True,all_pre_hcc,provided_area,True,lbfgs,0.0051023731788487,-0.6087983187197451,-0.0273292079257814,0.3053260475607443,0.0461598650200821,0.0390160865863609,1.9401943301072968,1.134994616549216,-1014.327070759748,,0.39631860041112615,0.4688000905322482
898,1-linoleoyl-GPA (18:2)*,Method 3,ZQTAMPRZFOOEEP-KKFOGOCZSA-N,HMDB0007856,,0.0017301038062283,True,all_pre_hcc,provided_area,True,lbfgs,-0.0070991261342552,0.2908848121881486,0.0038576898187159,0.1460292346286671,0.0463751327862866,0.5514216278568185,0.4339935060260904,0.2727778839236872,-596.8971624132259,,0.39631860041112615,0.8893204180990235
659,cis-urocanate,Method 3,LOIYMIARKYCTBW-UPHRSURJSA-N,HMDB0034174,,0.0692041522491349,True,all_pre_hcc,provided_area,True,lbfgs,-0.0008203910551194,-0.4774647373062062,0.0020756429628647,0.2397219804380546,0.0463991895048895,0.8760883469553218,0.7817797447222142,1.2736511113881182,-980.1497173866524,,0.39631860041112615,0.9969785874248245
589,metformin,Method 1,XZWYZXLIPXDOLR-UHFFFAOYSA-N,HMDB0001921,C07151,0.8546712802768166,False,all_pre_hcc,provided_area,True,lbfgs,-0.0266568701811825,1.286723811496992,0.0273465837548427,0.646395581801788,0.0465233881166324,0.2641792342860392,9.691750225818868,3.763739163330517,-1393.1956669307538,,0.39631860041112615,0.8057213303079476
266,maleate,Method 4,VZCYOOQTPOCHFL-UHFFFAOYSA-N,HMDB0000176,C01384,0.0034602076124567,True,all_pre_hcc,provided_area,True,lbfgs,0.0064206209866543,-0.5075867840187887,-0.0022275954672294,0.255030193636447,0.0465578161648022,0.8090507739482362,1.5536395536021164,0.5271040503280003,-836.3292280471887,,0.39631860041112615,0.9786094631220575
778,4-methylguaiacol sulfate,Method 3,LILXPJXZNJTPQZ-UHFFFAOYSA-N,,,0.2854671280276816,False,all_pre_hcc,provided_area,True,lbfgs,0.0096871213333217,-0.8512353648438805,-0.0018614344550937,0.4301175719791147,0.047807449896977,0.9334545846091248,2.9880702894617377,3.432234838446468,-1287.2619602627374,,0.40066033216094527,0.9969785874248245
527,glycosyl-N-stearoyl-sphingosine (d18:1/18:0),Method 2,YMYQEDCYNANIPI-OQRGLTFYSA-N,,,0.0034602076124567,True,all_pre_hcc,provided_area,True,lbfgs,-0.0021880313925582,-0.2918585557399575,0.0016953910394252,0.1475945820143179,0.0479925854980549,0.7180685905565061,0.5523439820268421,0.1349527458173237,-470.860575348845,,0.40066033216094527,0.9529646481877615
298,3-hydroxydecanoate,Method 3,FYSSBMZUBSBFJL-UHFFFAOYSA-N,HMDB0002203,,0.0,True,all_pre_hcc,provided_area,True,lbfgs,-0.0072680945784283,0.4222126172930245,0.0100077675060755,0.2143697562196796,0.0488896115673863,0.2848692092991696,0.9501743302584365,0.5678872567264159,-812.5854277447138,,0.40066033216094527,0.8178108858282597
633,(14 or 15)-methylpalmitate (a17:0 or i17:0),Method 3,IIUXHTGBZYEGHI-UHFFFAOYSA-N,HMDB0061859,C16995,0.0155709342560553,True,all_pre_hcc,provided_area,True,lbfgs,-0.0015376370780682,0.4762525903018164,0.0153111321688491,0.2420481409276689,0.0491147133250601,0.1465265776416991,1.2152729893754892,0.7186031844533644,-881.4193906020027,,0.40066033216094527,0.6869213040773252
833,glycocholate sulfate,Method 3,ZXUWKFXQTSOVDY-FTKNGHMZSA-N,,,0.5363321799307958,False,all_pre_hcc,provided_area,True,lbfgs,-0.0122635102227869,0.6800447463419842,0.0378325045411757,0.3459507028542726,0.049330117774953,0.0124267130781349,2.468627578686288,1.486450496508412,-1090.106584240643,,0.40066033216094527,0.2559902894095789
428,1-stearoyl-GPE (18:0),Method 2,BBYWOYAFBUOUFP-JOCHJYFZSA-N,HMDB0011130,,0.0,True,all_pre_hcc,provided_area,True,lbfgs,0.0024689263224119,-0.2246697711342418,-0.004985165195993,0.1143295123553543,0.0494018079460583,0.1785416934744043,0.3289650453959205,0.0841556725308794,-330.3423258501657,,0.40066033216094527,0.7349110186116559
434,1-docosahexaenoylglycerol (22:6),Method 3,JWPHORDRFVRZPP-KUBAVDMBSA-N,HMDB0011587,,0.3892733564013841,False,all_pre_hcc,provided_area,True,lbfgs,0.0065098863318818,-0.6895836066416694,-0.0023293568635896,0.3517731750617586,0.0499598555386779,0.8796267185737721,2.5525290630027957,1.5352391140026227,-1099.5247306554295,,0.4006796790383514,0.9969785874248245
4,"12,13-DiHOME",Method 3,CQSLTKIXAJTQGA-FLIBITNWSA-N,HMDB0004705,C14829,0.0190311418685121,True,all_pre_hcc,provided_area,True,lbfgs,-0.0110359713776607,0.5353601528708852,0.0223540205318342,0.2740056526562039,0.0507214596088989,0.100468085346659,1.3109391504650554,1.2562890353206535,-1008.5065624730032,,0.4006796790383514,0.6364334943702539
942,2'-O-methylcytidine,Method 1,RFCQJGFZUQFYRF-ZOQUXTDFSA-N,,,0.0207612456747404,True,all_pre_hcc,provided_area,True,lbfgs,-0.0038349488660978,0.2777446592504283,-0.0001209983922416,0.1422956446737427,0.050951922266706,0.9812559733562092,0.4832667783378593,0.1645754247509166,-499.6088179793351,,0.4006796790383514,0.9999989883008276
451,2-palmitoleoyl-GPC (16:1)*,Method 3,GKXPPJQBVCKAGD-DJYGDJEFSA-N,HMDB10383,,0.0069204152249134,True,all_pre_hcc,provided_area,True,lbfgs,-0.001011707995722,-0.3872457711558309,-0.0074823687579849,0.1984029575060239,0.0509602310233243,0.3206637778590652,0.9122608747596136,0.355817927937028,-711.1590304232059,,0.4006796790383514,0.8319488443194891
1056,hydroxyasparagine**,Method 1,ZBYVTTSIVDYQSO-REOHCLBHSA-N,HMDB32332,C20631,0.0,True,all_pre_hcc,provided_area,True,lbfgs,0.0005125743049824,-0.2707524732798728,-0.003484430399746,0.1390354449920108,0.0514912375209912,0.2907403750642816,0.5328104696063918,0.0649680044779228,-323.0199739152404,,0.4017876867168253,0.8178108858282597
560,"sphingomyelin (d18:1/18:1, d18:2/18:0)",Method 2,NBEADXWAAWCCDG-QDDWGVBQSA-N,HMDB0012101,,0.0,True,all_pre_hcc,provided_area,True,lbfgs,0.0013581609496291,-0.2628333082872774,-0.0021264238746501,0.1354107845142262,0.0522574035291887,0.5239658634882196,0.5014418331851691,0.0666634092797898,-322.3687654337418,,0.4018427971024043,0.8893204180990235
966,N-behenoyl-sphingadienine (d18:2/22:0)*,Method 2,HILTUFAERVOALR-MQXYEJFFSA-N,,,0.0138408304498269,True,all_pre_hcc,provided_area,True,lbfgs,0.0058075625608566,-0.4238942169019071,-0.001666641279635,0.2184084308153532,0.0522785774871089,0.8615960969314976,0.9841025122603356,0.5924822327350578,-824.2874081529949,,0.4018427971024043,0.9956788041480279
1140,glycoursodeoxycholic acid sulfate (2),Method 3,DKXXSIJHWWVNMO-XROMFQGDSA-N,,,0.5380622837370242,False,all_pre_hcc,provided_area,True,lbfgs,0.018867533845922,-0.7350569144181188,-0.0141053931034907,0.3805452680577514,0.0534102998608994,0.3925423388115653,3.015201393652924,1.7615978490148865,-1141.4669567914343,,0.4046225889475927,0.8491254119232278
937,pimeloylcarnitine/3-methyladipoylcarnitine (C7-DC),Method 1,NTBUXPPQHCFLOM-UHFFFAOYSA-N,,,0.102076124567474,True,all_pre_hcc,provided_area,True,lbfgs,0.0104151527663214,-0.5573162468827145,-0.0262062151825683,0.2889608202709415,0.0537691854259629,0.0400528232687746,1.7076071141928677,1.0566635088520693,-989.4300064602688,,0.4046225889475927,0.4688000905322482
453,1-palmitoyl-GPE (16:0),Method 2,YVYMBNSKXOXSKW-HXUWFJFHSA-N,HMDB0011503,,0.0,True,all_pre_hcc,provided_area,True,lbfgs,0.0028769233100091,-0.2224477999014734,-0.004033668661003,0.1153599777939183,0.0538187327046798,0.3085938682697924,0.3262338314368204,0.0969747932090006,-358.3023083193434,,0.4046225889475927,0.8183214317698541
580,cis-4-decenoylcarnitine (C10:1),Method 2,OQWOHRPOYAVIOK-KTKRTIGZSA-N,HMDB0013205,,0.0,True,all_pre_hcc,provided_area,True,lbfgs,0.0042785263231943,-0.4117597760594935,0.0006583987089499,0.2144307923408484,0.0548268897748966,0.9366385790992175,1.0527798243298183,0.4321482002720685,-763.1452960341212,,0.4092151917981413,0.9969785874248245
279,N-acetylaspartate (NAA),Method 4,OTCCIMWXFLJLIA-BYPYZUCNSA-N,HMDB0000812,C01042,0.0121107266435986,True,all_pre_hcc,provided_area,True,lbfgs,0.0038180610202638,-0.4929694646675717,-0.0223398619098591,0.2579811234010643,0.0560207533925687,0.0002658390775722,1.8341132788251988,0.2240663877208798,-680.6375045659283,,0.4151178129089623,0.045635708316561
749,"5alpha-androstan-3alpha,17beta-diol 17-glucuronide",Method 3,ZJYZOWMDMWQJIV-UPDIMMRZSA-N,,,0.7024221453287197,False,all_pre_hcc,provided_area,True,lbfgs,0.0048184738131478,-0.5224049558097078,-0.012237646552101,0.2747478793492827,0.0572499549008271,0.1319477138918415,1.9658279136646075,0.4007336724135788,-801.5202557655934,,0.4175309868006514,0.6758022901938247
169,ursodeoxycholate,Method 3,RUDATBOHQWOJDD-UZVSRGJWSA-N,HMDB0000946,C07880,0.0432525951557093,True,all_pre_hcc,provided_area,True,lbfgs,-0.0069030520913747,-1.16135082520706,-0.0141758978872312,0.6116935753990257,0.0576193679849885,0.5910451446893217,7.829854341754078,4.498640126173882,-1413.6901727270124,,0.4175309868006514,0.9162183727321864
353,tauro-beta-muricholate,Method 3,XSOLDPYUICCHJX-OEYGYFRSSA-N,HMDB0000932,,0.2716262975778546,False,all_pre_hcc,provided_area,True,lbfgs,-0.0126753244167291,1.247516837611189,0.0059457460543621,0.6596687152789961,0.0586074903800148,0.8124957378589659,10.085571239912776,3.9324263115609233,-1405.5364756116942,,0.4175309868006514,0.9786094631220575
638,oleoyl-linoleoyl-glycerol (18:1/18:2) [1],Method 2,BLZVZPYMHLXLHG-RQOIEFAZSA-N,HMDB0007219,,0.0173010380622837,True,all_pre_hcc,provided_area,True,lbfgs,0.0005356649015313,-0.7376786967847843,0.0229671484388392,0.3902145930993764,0.0586986512184524,0.0098865926140344,4.228263250610716,0.4717139233351293,-904.3328762278608,,0.4175309868006514,0.2379635533639244
122,adenine,Method 1,GFFGJBXGBJISGV-UHFFFAOYSA-N,HMDB0000034,C00147,0.0,True,all_pre_hcc,provided_area,True,lbfgs,-0.0029398539348212,0.1781987099738715,0.0029562039491312,0.0942928209142555,0.0587788437837697,0.4656230584723375,0.1875420734357717,0.1049010004009555,-329.52661608508333,,0.4175309868006514,0.8855918593261037
953,linoleoyl-linolenoyl-glycerol (18:2/18:3) [2]*,Method 2,ZDBLXLQFRZTIIU-ZPNZQGKLSA-N,HMDB0007250,,0.6487889273356401,False,all_pre_hcc,provided_area,True,lbfgs,0.0050768370626953,-0.7952017996411914,0.0010528476352739,0.421016179409918,0.0589229502514655,0.9451707462430822,4.220089731373035,1.4539217239203228,-1128.2638446854444,,0.4175309868006514,0.9969785874248245
1114,"N2-acetyl,N6-methyllysine",Method 1,MKWKYAGEJHBUOX-QMMMGPOBSA-N,,,0.0259515570934256,True,all_pre_hcc,provided_area,True,lbfgs,0.0015220839075338,-0.5898330392834529,-0.0038896735807278,0.3134769452257077,0.0598925919294234,0.5964371113333207,2.715074063693814,0.321924294336961,-788.1735801785098,,0.4175309868006514,0.9185098146816871
356,N-acetyltryptophan,Method 3,DZTHIGRZJZPRDV-LBPRGKRZSA-N,HMDB0013713,C03137,0.0,True,all_pre_hcc,provided_area,True,lbfgs,-0.0034818787993341,0.3292150352030086,0.006524335756398,0.1751825183546372,0.0602078041448792,0.3729135630247286,0.6623762468030463,0.3420521209568161,-677.2780940253142,,0.4175309868006514,0.8441779558581768
951,linoleoyl-arachidonoyl-glycerol (18:2/20:4) [1]*,Method 2,KRECEGQUDDMNAQ-MYBRWWDOSA-N,HMDB0007257,,0.1816608996539792,True,all_pre_hcc,provided_area,True,lbfgs,0.0008008063672566,-0.8323252166065646,-0.0012811313981053,0.4429046672386704,0.0602114066841363,0.9109933418951988,5.305648772307736,0.7884539410878231,-1025.963552519157,,0.4175309868006514,0.9969785874248245
1217,1-methyl-5-imidazolelactate,Method 3,MXETUSMIYKMMAT-UHFFFAOYSA-N,,,0.0276816608996539,True,all_pre_hcc,provided_area,True,lbfgs,0.0004750175052568,-0.6175753951257219,-0.0315000818331564,0.3291357621315563,0.0606066068430974,0.0086836611802258,2.572456365371471,0.898029043204748,-987.9138687904692,,0.4175309868006514,0.21815051257640422
57,guanidinoacetate,Method 4,BPMFZUMJYQTVII-UHFFFAOYSA-N,HMDB0000128,C00581,0.0,True,all_pre_hcc,provided_area,True,lbfgs,-0.0048530058785502,0.3335191468366955,0.0094512915813961,0.1780655670432634,0.0610665705365387,0.0699761202549921,0.8282620415106234,0.165056283551062,-547.2147382956668,,0.4175309868006514,0.5460257868381959
1231,decadienedioic acid (C10:2-DC)**,Method 4,FRWVXIATCBRYHA-KPMZXABDSA-N,,,0.0761245674740484,True,all_pre_hcc,provided_area,True,lbfgs,0.0081092726054401,-0.6834118956574923,-0.0075621473865353,0.3650764476877831,0.0612108534047557,0.5624429266432589,3.200454069913534,1.057683637983459,-1039.813160640053,,0.4175309868006514,0.9009583428344583
811,dopamine 3-O-sulfate,Method 3,NZKRYJGNYPYXJZ-UHFFFAOYSA-N,HMDB0006275,C13690,0.0,True,all_pre_hcc,provided_area,True,lbfgs,-0.0006232729710924,0.465038829518478,-0.0122516353242692,0.2490342560909341,0.0618500871164049,0.1581433131664695,1.5105833473863954,0.4644482365411858,-808.101523158512,,0.4191157219072174,0.6961863763795457
486,taurolithocholate 3-sulfate,Method 3,HSNPMXROZIQAQD-VUIPEFFGSA-N,HMDB0002580,C03642,0.0553633217993079,True,all_pre_hcc,provided_area,True,lbfgs,-0.0026121672209644,0.8780506739842042,0.0135702339747082,0.4715792289313879,0.0626120130176442,0.4987166173764435,4.727664925073446,2.5737217244964667,-1256.433190182041,,0.42150570855015373,0.8893204180990235
864,sildenafil,Method 2,BNRNXUUZRGQAQC-UHFFFAOYSA-N,HMDB0005039,C07259,0.9948096885813148,False,all_pre_hcc,provided_area,True,lbfgs,-0.000376200396845,0.0304710638607261,0.000516084377194,0.0165566869305632,0.0657083174833569,0.6230382798986307,0.0010450754536677,0.0101848091286069,481.0856439407999,,0.436668126479199,0.9252575853260273
100,threonine,Method 1,AYFVYJQAPQTCCC-GBXIJSLDSA-N,HMDB0000167,C00188,0.0,True,all_pre_hcc,provided_area,True,lbfgs,-0.0027763987034943,0.1546013232429514,0.007192829212478,0.084015201763095,0.0657449085787011,0.0249219282864878,0.1629514196955443,0.0646349693257282,-216.84238180630064,,0.436668126479199,0.38312815126988714
534,"5alpha-androstan-3beta,17beta-diol disulfate",Method 3,JHFAETDERBWUOO-ARKAXQQOSA-N,HMDB00493,C12525,0.1349480968858131,True,all_pre_hcc,provided_area,True,lbfgs,0.0037210960383382,-0.969726989057924,-0.0227021250544682,0.5296757636788173,0.0671313585514171,0.1273085456395118,7.422443726504013,1.3400533881336212,-1161.375725352755,,0.436668126479199,0.6714885441387137
743,1-(1-enyl-oleoyl)-GPE (P-18:1)*,Method 2,URGVIWXYPWWBQO-ZCJATDNESA-N,,,0.0242214532871972,True,all_pre_hcc,provided_area,True,lbfgs,-0.0003055010270023,-0.2945374580843586,-0.0091066326598543,0.1609592841418924,0.0672666923384419,0.2466559846361016,0.4660220001809177,0.4146572580201199,-693.1468960630295,,0.436668126479199,0.8002024975482205
456,1-arachidonoyl-GPE (20:4n6)*,Method 2,ROPRRXYVXLDXQO-XSQXPFHXSA-N,HMDB0011517,,0.0,True,all_pre_hcc,provided_area,True,lbfgs,0.00569495493165,-0.22507978879648,-0.00970215124983,0.1231189363991716,0.0675271581611376,0.0264863356122102,0.3653389641994234,0.118584342085448,-408.9415830212215,,0.436668126479199,0.39537573450110874
1115,cholic acid glucuronide,Method 3,RBLDVEUUCHVWMW-LFKDYQRZSA-N,HMDB0002577,,0.4913494809688581,False,all_pre_hcc,provided_area,True,lbfgs,0.0004881014586867,-0.6819929570070499,0.005311474303611,0.3732185005829708,0.0676503305145214,0.7494522862820909,2.817964345184776,1.8039371148930212,-1141.475232542607,,0.436668126479199,0.9590589646401889
545,"5alpha-pregnan-3beta,20alpha-diol monosulfate (2)",Method 3,ZIVKBPVUJZDVBI-MHACIFFSSA-N,,,0.2214532871972318,False,all_pre_hcc,provided_area,True,lbfgs,-0.0029265705405082,-0.6143434768161573,-0.0167109816359564,0.3364198008362918,0.0678319419773513,0.1966592704224318,2.5994143689796627,1.053968296146188,-1021.8063440803712,,0.436668126479199,0.765502224408302
551,"androstenediol (3alpha, 17alpha) monosulfate (3)",Method 3,VPDALJSLCNNODJ-IUIQAQCZSA-N,,,0.2508650519031142,False,all_pre_hcc,provided_area,True,lbfgs,-0.0073514913960931,-0.8567682843289952,-0.002651244541282,0.4706447314723563,0.0686959735605118,0.8664072201424948,5.494966603898755,1.5297194828344782,-1161.1303460968709,,0.4394835575610382,0.9956788041480279
733,2-aminoheptanoate,Method 1,RDFMDVXONNIGBC-UHFFFAOYSA-N,HMDB0094649,,0.0017301038062283,True,all_pre_hcc,provided_area,True,lbfgs,0.0001772638950169,-0.2418719077031537,0.0062925018096738,0.133091958442503,0.069166715300998,0.3190869539056484,0.3314768185546263,0.2658809933430971,-571.8687266921802,,0.4397636837038761,0.8319488443194891
585,"2R,3R-dihydroxybutyrate",Method 4,LOUGYXZSURQALL-PWNYCUMCSA-N,HMDB0000498,,0.0,True,all_pre_hcc,provided_area,True,lbfgs,-5.0862252988391455e-05,-0.2571482185884548,-0.0035176372959818,0.1420989728924561,0.070351377888703,0.5228084412595331,0.4614381286271765,0.1909757164970806,-526.4723809930365,,0.44205192167449137,0.8893204180990235
265,alpha-hydroxyisocaproate,Method 3,LVRFTAZAXQPQHI-UHFFFAOYSA-N,"HMDB0000665,HMDB00746,HMDB0000624",C03264,0.0121107266435986,True,all_pre_hcc,provided_area,True,lbfgs,-0.0051222869063691,0.3828970018937155,0.0065493501633508,0.2120133479788819,0.0709176798492081,0.4016751660945304,1.0613503347104838,0.3804537521671354,-737.4967873650257,,0.44205192167449137,0.857240317014965
389,HWESASXX*,Method 3,KUZSCKDYVGVVKC-PLNQFBRDSA-N,,,0.7923875432525952,False,all_pre_hcc,provided_area,True,lbfgs,-0.010931910789112,0.4748363691409825,0.0236768865607711,0.2630018574822507,0.0710044918244526,0.0560773212587551,1.3041377157514296,1.0212763412566328,-962.4770428540128,,0.44205192167449137,0.5035487532926729
968,N-stearoyl-sphingadienine (d18:2/18:0)*,Method 2,LBBFOWQGVUEADU-CKGMUTLASA-N,HMDB0240362,,0.2110726643598615,False,all_pre_hcc,provided_area,True,lbfgs,0.002608745303728,-0.6088896304899031,0.0182633009888837,0.3377860519549601,0.0714526886481857,0.1576630038921401,2.629720329986705,1.050538042663757,-1022.0783634816836,,0.44205192167449137,0.6961863763795457
282,cysteine s-sulfate,Method 1,NOKPBJYHPHHWAN-REOHCLBHSA-N,HMDB0000731,C05824,0.0,True,all_pre_hcc,provided_area,True,lbfgs,-0.0083124900214256,-0.3042425468470183,-0.0032822975439865,0.1689117045163721,0.0716724960384855,0.6388368381178622,0.6197885195074305,0.3126993633423006,-653.1653119492521,,0.44205192167449137,0.9265555417511936
340,10-undecenoate (11:1n1),Method 3,FRPZMMHWLSIFAZ-UHFFFAOYSA-N,HMDB0033724,C13910,0.0,True,all_pre_hcc,provided_area,True,lbfgs,-0.0037093017339503,0.3718966270194351,0.0068744638987343,0.207201716551566,0.0726771204936711,0.3886342046893075,0.9862420027913752,0.3995632616030936,-741.5578801695633,,0.44557996493143587,0.8481513895397405
599,sulfate*,Method 3,QAOWNCQODCNURD-UHFFFAOYSA-N,HMDB01448,C00059,0.0,True,all_pre_hcc,provided_area,True,lbfgs,-0.0001092481600935,-0.2174316787960285,-0.0030351209549738,0.1217061375801136,0.0740134672256707,0.3459506027349005,0.3983916580243735,0.0623925083000408,-288.03153898694745,,0.45108799551740136,0.83760830376663
1236,N-acetyl-2-aminoadipate,Method 4,FTTGAAZKBNZDCZ-LURJTMIESA-N,,C12986,0.0155709342560553,True,all_pre_hcc,provided_area,True,lbfgs,0.0023517298306998,-0.3146032411063768,-0.0050846778185968,0.1773560762501085,0.0760878109193761,0.3204355310888445,0.8256049094042748,0.1586899458861763,-539.1080836684478,,0.45847483215368096,0.8319488443194891
180,"cys-gly, oxidized",Method 1,KDJVKDYFFTWHBO-UHFFFAOYSA-N,,,0.0069204152249134,True,all_pre_hcc,provided_area,True,lbfgs,0.0078603514824328,-0.3559567181876416,-0.0130886518474384,0.2009668976029444,0.0765240173026089,0.0307221491323204,1.0448909640893704,0.2232622563880593,-628.2505910457844,,0.45847483215368096,0.4350874456788234
179,creatine,Method 1,CVSVTCORWBXHQV-UHFFFAOYSA-N,HMDB0000064,C00300,0.0,True,all_pre_hcc,provided_area,True,lbfgs,-0.0016893795771533,-0.2939485523228515,0.0082420219772797,0.1662471663800384,0.0770372127084767,0.1241331756149633,0.6969993943518793,0.1761137657561009,-544.8418747411506,,0.45847483215368096,0.6692838749246058
173,4-hydroxyphenylpyruvate,Method 3,KKADPXVIOXHVKN-UHFFFAOYSA-N,HMDB0000707,C01179,0.0,True,all_pre_hcc,provided_area,True,lbfgs,-0.0063450432822756,0.3196686791117684,0.0048973411143062,0.1810277579660562,0.0774202641195456,0.4306221138445381,0.8036885435607823,0.2383770306956982,-618.4180049512261,,0.45847483215368096,0.869687798548773
802,"sphingomyelin (d18:1/20:0, d16:1/22:0)*",Method 2,AADLTHQNYQJHQV-SVLGDMRNSA-N,HMDB0012102,,0.0,True,all_pre_hcc,provided_area,True,lbfgs,0.0008364143176823,-0.2215416802990243,-0.0042194780195342,0.1255694526168587,0.077682160660145,0.2640996865938013,0.40818250497141,0.0868492427687787,-355.76202389577475,,0.45847483215368096,0.8057213303079476
174,butyrate/isobutyrate (4:0),Method 3,FERIUCNNQQJTOY-UHFFFAOYSA-N,HMDB0000039,C00246,0.0,True,all_pre_hcc,provided_area,True,lbfgs,-0.0017692703548195,-0.4781887028809223,0.0049287505738876,0.2713001040840317,0.0779710009431213,0.6222362212109772,1.736201752658872,0.6253695451908051,-880.7216759802182,,0.45847483215368096,0.9252575853260273
767,"sphingomyelin (d18:1/24:1, d18:2/24:0)*",Method 2,WKZHECFHXLTOLJ-QYKFWSDSSA-N,HMDB0012107,,0.0,True,all_pre_hcc,provided_area,True,lbfgs,9.020281165603891e-06,-0.2191789119698427,0.002449232130525,0.124505727572833,0.0783413305427649,0.3848645481034551,0.4310126860980526,0.0473288209773515,-241.34662147118297,,0.45847483215368096,0.8481513895397405
1150,tetrahydrocortisol sulfate (1),Method 3,UCVZOQFWMUAZJZ-GXBDJPPSSA-N,,,0.3477508650519031,False,all_pre_hcc,provided_area,True,lbfgs,-0.0005942386092153,-0.584324646499975,-0.0090362491354797,0.3377427101750627,0.0836145345562991,0.5076623660042289,2.5285997105437263,1.182802494160029,-1043.6173371148209,,0.4865704553276162,0.8893204180990235
43,creatinine,Method 1,DDRJAANPRJIHGJ-UHFFFAOYSA-N,HMDB0000562,C00791,0.0,True,all_pre_hcc,provided_area,True,lbfgs,0.0008477910608098,-0.1118082704264457,-0.0024756516640323,0.064909644726694,0.0849750585305199,0.1396365646422757,0.1140069998432402,0.0168690760452782,84.72309832389556,,0.48910367629705254,0.6758022901938247
552,"androstenediol (3beta,17beta) monosulfate (1)",Method 3,VPDALJSLCNNODJ-QJIZPQHZSA-N,HMDB0240429,,0.0986159169550173,True,all_pre_hcc,provided_area,True,lbfgs,-0.0005587333942621,-0.697196504662201,-0.003910139457082,0.4047852219222111,0.0849995709292936,0.7141170830506137,4.410848599660572,0.6851149407187995,-981.2766775758588,,0.48910367629705254,0.9527350695410636
471,"3beta,7alpha-dihydroxy-5-cholestenoate",Method 3,GYJSAWZGYQXRBS-GRJZKGIBSA-N,HMDB0012454,C17335,0.0,True,all_pre_hcc,provided_area,True,lbfgs,-0.0036829667751443,0.2740870704834506,0.0145819836421347,0.159631183587619,0.085978796260031,0.0009059353216786,0.6782655857641972,0.1164381107955371,-459.913985513912,,0.49198977859906634,0.10367926459210644
363,campesterol,Method 2,SGNBVLSWZMBQTH-PODYLUTMSA-N,HMDB0002869,C01789,0.1937716262975778,True,all_pre_hcc,provided_area,True,lbfgs,-0.0083972773331919,0.6720236278157966,0.0237775142294075,0.3923212828544221,0.0867231987672398,0.0397679110361362,4.012678639446888,0.8112657368709902,-1006.0932543179784,,0.4933569949529926,0.4688000905322482
798,6-hydroxyindole sulfate,Method 3,QRHHXPIYYXPEMG-UHFFFAOYSA-N,HMDB0000682,,0.0155709342560553,True,all_pre_hcc,provided_area,True,lbfgs,0.0063109972694123,-0.5431883279631013,-0.0165127251262511,0.3182541052969208,0.0878637771965397,0.2002314671186621,2.2440735264538545,1.051814552314386,-1009.5382915974157,,0.4933569949529926,0.765502224408302
85,lactate,Method 4,JVTAAEKCZFNVCJ-UHFFFAOYSA-N,HMDB0000190,C00186,0.0,True,all_pre_hcc,provided_area,True,lbfgs,0.0001855140206748,-0.404701496353233,0.0094795234831976,0.2372570440068753,0.0880544055570208,0.0177248695127801,1.6264904147877677,0.094066524669158,-501.5155801953852,,0.4933569949529926,0.3198509959276159
996,sphingomyelin (d18:2/18:1)*,Method 2,YMTVMVYOUDDTQJ-UOMMIRHQSA-N,HMDB0001348,,0.0,True,all_pre_hcc,provided_area,True,lbfgs,-0.0010924395805177,-0.2320400310976152,0.0013578383927513,0.1360678586628993,0.0881336767683016,0.6979591908575595,0.5014716651777572,0.0735037459240911,-341.51667412324787,,0.4933569949529926,0.9496670628577099
208,glycochenodeoxycholate,Method 3,GHCZAUBVMUEKKP-AZDOMVTHSA-N,HMDB0000637,C05466,0.0,True,all_pre_hcc,provided_area,True,lbfgs,-0.01985748370688,0.6373844869147439,0.0364621790001762,0.3746369959778597,0.0888793712390332,0.003492299905896,3.489700991430169,0.9584134324389296,-1027.1793011670452,,0.49484190473623885,0.1503452325081814
1171,tamsulosin,Method 1,DRHKJLXJIQTDTD-OAHLLOKOSA-N,HMDB0014844,"D08560,C07124",0.9550173010380624,False,all_pre_hcc,provided_area,True,lbfgs,0.0045166619054442,0.1907075185860617,-0.0028157558491114,0.1124577637700725,0.0899209951289207,0.5495111761935657,0.2719976666037338,0.1419342353981861,-422.2615565095544,,0.49730316566668054,0.8893204180990235
814,N-carbamoylalanine,Method 1,LUSWEUMSEVLFEQ-UHFFFAOYSA-N,,,0.1176470588235294,True,all_pre_hcc,provided_area,True,lbfgs,0.0130582164520827,-0.5314031220109791,-0.0258097978037612,0.3137184790411013,0.0902870795919119,0.1025708350150118,1.670984418946153,1.710129601836382,-1093.3111358601673,,0.49730316566668054,0.6364334943702539
803,"sphingomyelin (d18:1/20:1, d18:2/20:0)*",Method 2,MDRFMTLYKHBJTF-YECRPIIFSA-N,"HMDB0240610,HMDB0240632",,0.0,True,all_pre_hcc,provided_area,True,lbfgs,0.0006943561559932,-0.2114247368858754,0.0003838557665607,0.1251322802519335,0.091102614714978,0.9084343571757671,0.4202824086128892,0.0670549443338453,-307.14809400264176,,0.499126027427805,0.9969785874248245
439,phenol sulfate,Method 3,CTYRPMDGLDAWRQ-UHFFFAOYSA-N,HMDB0060015,C02180,0.0,True,all_pre_hcc,provided_area,True,lbfgs,0.001583675015241,-0.5346494250744885,-0.0226270512638202,0.3175844321932211,0.0922807551866771,0.1563040401477646,1.7460409714487135,1.7086309245384153,-1095.996671161573,,0.5016111370453213,0.6961863763795457
140,xanthine,Method 4,LRFVTYWOQMYALW-UHFFFAOYSA-N,HMDB0000292,C00385,0.0,True,all_pre_hcc,provided_area,True,lbfgs,-0.0073866238727134,0.2349828708987391,0.0082242493814097,0.1401330710900288,0.0935707977316322,0.1417216453222001,0.4389570635627151,0.1987570481404265,-530.7633177608668,,0.5016111370453213,0.6758022901938247
470,7alpha-hydroxy-3-oxo-4-cholestenoate (7-Hoca),Method 3,SATGKQGFUDXGAX-MYWFJNCASA-N,HMDB0012458,C17337,0.0,True,all_pre_hcc,provided_area,True,lbfgs,-0.0060061233172347,0.3126783700043118,0.0070455517055455,0.1864752517454769,0.0935850931988745,0.1244164006679171,0.9514933748114256,0.1257210805008919,-506.2861625926812,,0.5016111370453213,0.6692838749246058
538,"androstenediol (3beta,17beta) disulfate (1)",Method 3,UWPTUYJASNIIJM-QJIZPQHZSA-N,HMDB0240313,C04295,0.0034602076124567,True,all_pre_hcc,provided_area,True,lbfgs,0.0007952031126687,-0.6570437467533816,-0.014766320393926,0.39219035665711,0.0938717642118711,0.2094320372989624,3.986365291903561,0.8409403379585425,-1012.6598711608644,,0.5016111370453213,0.7736886008292502
900,1-linoleoyl-2-arachidonoyl-GPC (18:2/20:4n6)*,Method 2,ZZSZQATYGVHNLZ-PUMLCSCDSA-N,HMDB0008147,C05208,0.0,True,all_pre_hcc,provided_area,True,lbfgs,0.0008433090846011,-0.2007809746747471,-0.004242751333674,0.1198923401485482,0.0939975731065601,0.341593679235213,0.3372172725592374,0.1245550406700284,-412.3029923314193,,0.5016111370453213,0.83760830376663
699,4-methylcatechol sulfate,Method 3,NCOMUGOPQPRVSE-UHFFFAOYSA-N,HMDB0240459,,0.0121107266435986,True,all_pre_hcc,provided_area,True,lbfgs,0.0176787980106466,-0.7644781970870053,-0.0358067724937651,0.4571598572511867,0.0944782141619343,0.1141651473753248,3.680700612210717,3.4527180734731124,-1302.1096507798688,,0.5016111370453213,0.6552592569782668
313,androsterone sulfate,Method 3,ZMITXKRGXGRMKS-HLUDHZFRSA-N,HMDB0002759,,0.0674740484429065,True,all_pre_hcc,provided_area,True,lbfgs,-0.0062498006718375,-0.781842643670526,0.0122436506076372,0.471124675301554,0.097010275083375,0.4292340996562089,5.55139631323556,1.4739554310598877,-1154.5118391615229,,0.5124132478762884,0.8685876672807371
274,3-hydroxyoctanoate,Method 3,NDPLAKGOSZHTPH-UHFFFAOYSA-N,HMDB0001954,C20793,0.0,True,all_pre_hcc,provided_area,True,lbfgs,-0.0053785678673315,0.3576392199189583,0.0090144706776143,0.2172711057226728,0.0997533550734173,0.3347026524053295,0.990805322638918,0.5635283718018581,-814.1186268630327,,0.5229889658819907,0.83760830376663
893,palmitoyl-linoleoyl-glycerol (16:0/18:2) [2]*,Method 2,ZKYDYRLDJZZKEU-BCTRXSSUSA-N,HMDB0007103,,0.2941176470588235,False,all_pre_hcc,provided_area,True,lbfgs,0.0059368866314018,-0.8407102177283892,-0.0059739554231508,0.5112829994192257,0.1001111878136268,0.7116559382978945,6.6456132518258455,1.5969461874867488,-1186.4224118421917,,0.5229889658819907,0.9527350695410636
614,androsterone glucuronide,Method 3,VFUIRAVTUVCQTF-BSOWLZGZSA-N,HMDB0002829,C11135,0.1764705882352941,True,all_pre_hcc,provided_area,True,lbfgs,-0.0049548524969871,-0.7028838649067155,-0.0156767609588925,0.4279974298490737,0.1005357429559555,0.2109329908103003,4.786284132654127,0.952085055244318,-1053.8123611901906,,0.5229889658819907,0.7759320733378905
818,3-methoxycatechol sulfate (1),Method 3,NTXOJWKIHIOUQN-UHFFFAOYSA-N,,,0.0086505190311418,True,all_pre_hcc,provided_area,True,lbfgs,0.0070904918391406,-0.5978022031473672,-0.0058574477265985,0.3654499044093758,0.1018818819742042,0.7642422720832885,1.9995577033002647,2.696315127342489,-1207.7314927014768,,0.5249651489887323,0.9674286269784143
315,indolepropionate,Method 3,GOLXRNDWAUTYKT-UHFFFAOYSA-N,HMDB0002302,,0.2612456747404844,False,all_pre_hcc,provided_area,True,lbfgs,-0.0105395282254029,-0.9870608115344834,0.06335443848802,0.6035059806859656,0.1019349803861616,0.0218364724547715,7.145721665070412,5.019116081870368,-1430.3979916809203,,0.5249651489887323,0.35700899410181974
201,N-palmitoyl-sphingosine (d18:1/16:0),Method 2,YDNKGFDKKRUKPY-TURZORIXSA-N,HMDB0004949,,0.0,True,all_pre_hcc,provided_area,True,lbfgs,-0.0004827777443029,-0.284643695896966,0.0046272676992606,0.1746602182177666,0.1031649921194923,0.1798034725146964,0.866052387175098,0.070475017689651,-384.9966956711337,,0.5286564272789904,0.7349110186116559
901,1-myristoyl-2-arachidonoyl-GPC (14:0/20:4)*,Method 2,SRQSAJRUMDQMMS-NLDJLLEISA-N,HMDB0007883,,0.0034602076124567,True,all_pre_hcc,provided_area,True,lbfgs,0.0041724786152999,-0.2687463377521203,-0.0086564431684114,0.1653626688674203,0.1041213309240151,0.2034194550980891,0.5968613544346598,0.2959064445039285,-638.5854561124124,,0.5305001044540361,0.7703016130552639
1211,"3,5-dichloro-2,6-dihydroxybenzoic acid",Method 4,KLXACYSQYFWVLM-UHFFFAOYSA-N,,,0.0086505190311418,True,all_pre_hcc,provided_area,True,lbfgs,0.0018317467467333,-0.3500018779326637,0.0193733093731907,0.2156460225623616,0.1045810947573109,0.0006052453832855,1.2539290639462748,0.1918208627300509,-614.7790923674111,,0.5305001044540361,0.08905753496915214
256,1-stearoyl-2-arachidonoyl-GPI (18:0/20:4),Method 2,KRTOMQDUKGRFDJ-YKOKTLGVSA-N,HMDB0009815,,0.0,True,all_pre_hcc,provided_area,True,lbfgs,0.0016668139043529,-0.2038738579573421,0.0015700419554766,0.1258155225527971,0.1051423101728984,0.5903959830691687,0.4382226007974847,0.0507586153589428,-256.52567148699154,,0.5305001044540361,0.9162183727321864
522,1-stearoyl-2-arachidonoyl-GPC (18:0/20:4),Method 2,PSVRFUPOQYJOOZ-QNPWAGBNSA-N,HMDB0008048,,0.0,True,all_pre_hcc,provided_area,True,lbfgs,0.0010022794760579,-0.1453997203779161,-0.0043152604592959,0.089843850153838,0.1055849722457062,0.0945817088195306,0.2121479907935329,0.0403582430961732,-144.3560866734183,,0.5305001044540361,0.6364334943702539
897,1-oleoyl-2-linoleoyl-GPE (18:1/18:2)*,Method 2,GKAFCSRKMWFPSJ-RJXNKANHSA-N,HMDB0005349,,0.0051903114186851,True,all_pre_hcc,provided_area,True,lbfgs,-0.0037448245327487,0.3255567103430415,0.0174152673159136,0.2015899874388711,0.1063226403020518,0.0399118783327089,0.8705347955713723,0.4611691918075786,-761.6488663605251,,0.5316132015102589,0.4688000905322482
896,1-palmitoleoyl-2-linoleoyl-GPC (16:1/18:2)*,Method 2,QJWDAOSZZYVBJZ-KXESGEQTSA-N,HMDB0008006,,0.1193771626297577,True,all_pre_hcc,provided_area,True,lbfgs,0.0049389162291012,-0.3963267692345921,0.0014420578950811,0.2462756070298565,0.1075548104806262,0.8963108900164977,1.2156360209411945,0.8009480872620889,-904.69672214124,,0.5351761101209903,0.9969785874248245
1223,isoursodeoxycholate sulfate (2),Method 3,WHMOBEGYTDWMIG-DNMBCGTGSA-N,,,0.7283737024221453,False,all_pre_hcc,provided_area,True,lbfgs,0.0044828151059232,-0.5885185090080854,-0.0150484290039182,0.3669813803230395,0.1087859232779533,0.4034102379071501,2.399301652702769,2.186460743013656,-1172.0171298456066,,0.53650857631956,0.857240317014965
59,cortisol,Method 3,JYGXADMDTFJGBT-VWUMJDOOSA-N,HMDB0000063,C00735,0.0051903114186851,True,all_pre_hcc,provided_area,True,lbfgs,0.0047950612779931,-0.4245017625301829,0.0023833762869452,0.2656774313287114,0.1100855148107308,0.7741234786035297,1.802135157865483,0.4209691775188162,-803.6037550725523,,0.53650857631956,0.9696412414258495
257,sphingosine 1-phosphate,Method 2,DUYSYHSSBDVJSM-KRWOKUGFSA-N,HMDB0000277,C06124,0.0,True,all_pre_hcc,provided_area,True,lbfgs,-0.0018897230033544,-0.2155251118538774,-0.0011819863562514,0.134947618086749,0.1102429706160466,0.782169635523298,0.4625365496191022,0.1117838254602714,-417.3867860650589,,0.53650857631956,0.9696412414258495
877,1-(1-enyl-stearoyl)-2-arachidonoyl-GPE (P-18:0/20:4)*,Method 2,URPXXNCTXCOATD-FXMFQVEGSA-N,HMDB0005779,,0.0,True,all_pre_hcc,provided_area,True,lbfgs,-0.0004768190111044,-0.239046013892467,-0.00992360273078,0.1501528515439772,0.1113807028206114,0.0341044817052721,0.5760801055937806,0.133952063929037,-473.0834425425628,,0.53650857631956,0.4390952019553782
37,succinate,Method 4,KDYFGRWQOYBRFD-UHFFFAOYSA-N,HMDB0000254,C00042,0.0,True,all_pre_hcc,provided_area,True,lbfgs,-0.0009180329690745,-0.2403382931145356,-0.0109088452606206,0.1510660486278536,0.1116211817489238,0.0448761172960816,0.5458863991847439,0.1839541740755934,-532.6652196380214,,0.53650857631956,0.4990060030315879
773,N-formylphenylalanine,Method 3,NSTPXGARCQOSAU-VIFPVBQESA-N,HMDB0240317,,0.3788927335640138,False,all_pre_hcc,provided_area,True,lbfgs,-0.0083670254366947,0.5120409866334635,0.0200011204269385,0.321948686671158,0.1117350181667825,0.2637189193888016,1.427277259517425,2.270744590885846,-1148.5721250494337,,0.53650857631956,0.8057213303079476
185,glycerol,Method 3,PEDCQBHIVMGVHV-UHFFFAOYSA-N,HMDB0000131,C00116,0.0,True,all_pre_hcc,provided_area,True,lbfgs,0.0047459320648685,-0.5054092627693493,0.0109451263532119,0.3179954294158988,0.1119791064374045,0.168799950685309,2.7563612237979527,0.379113570080853,-821.531914297007,,0.53650857631956,0.7244331216911177
628,1-methyl-5-imidazoleacetate,Method 1,UJCGYTCAMOHYCG-UHFFFAOYSA-N,HMDB04988,,0.0,True,all_pre_hcc,provided_area,True,lbfgs,0.003508266432041,-0.4765970677872941,-0.0230587025430472,0.3003055374379297,0.112503459074185,0.0555533315723345,2.009432264847937,0.9212462822829134,-972.9928084329354,,0.53650857631956,0.5035487532926729
234,glycerol 3-phosphate,Method 1,AWUCVROLDVIAJX-UHFFFAOYSA-N,HMDB0000126,C0093,0.0069204152249134,True,all_pre_hcc,provided_area,True,lbfgs,-0.0002708220224247,-0.2077756449177215,0.0076257439617962,0.1309227638419958,0.1125105363932281,0.1477051549309891,0.3810473759844296,0.1763180746903334,-494.412189792386,,0.53650857631956,0.6869213040773252
667,pregnanediol-3-glucuronide,Method 3,ZFFFJLDTCLJDHL-JQYCEVDMSA-N,HMDB0010318,,0.596885813148789,False,all_pre_hcc,provided_area,True,lbfgs,-0.0040128141362222,-0.5516442825204243,-0.0212184860205217,0.3484935991471484,0.1134352552486864,0.1127418916064396,2.792295249473049,1.1266414183495832,-1041.4766337530837,,0.5373578645190448,0.6552592569782668
1113,"N2-acetyl,N6,N6-dimethyllysine",Method 1,UNPVIYLDJYPILW-VIFPVBQESA-N,,,0.0017301038062283,True,all_pre_hcc,provided_area,True,lbfgs,0.0013939625466281,-0.4959842142818141,-0.0131405477409816,0.314117735888515,0.1143416729677402,0.0117432988432226,2.8547439736141174,0.1601644943416528,-658.2820524339372,,0.5373578645190448,0.2519916210108183
837,"trans-3,4-methyleneheptanoate",Method 3,VFMNSFWBDMRNLJ-UHFFFAOYSA-N,,,0.0588235294117647,True,all_pre_hcc,provided_area,True,lbfgs,-0.0062662499469325,0.5003936222882465,0.0097148367724495,0.3171835468331022,0.1146540110121388,0.4444501352013409,2.2445380865562066,1.0242290538442282,-1003.9911327814766,,0.5373578645190448,0.8837521993385736
166,"5,6-dihydrouracil",Method 3,OIVLITBTBDPEFK-UHFFFAOYSA-N,HMDB0000076,C00429,0.0813148788927335,True,all_pre_hcc,provided_area,True,lbfgs,-0.0069023174840143,0.4769822342589166,0.0153409598322704,0.3028219579112663,0.1152277486020823,0.3453451878214072,1.359399974608419,1.8724749371265652,-1101.0987211298834,,0.5373578645190448,0.83760830376663
18,quinolinate,Method 4,GJAWHXHKYYXBSV-UHFFFAOYSA-N,HMDB0000232,C03722,0.0086505190311418,True,all_pre_hcc,provided_area,True,lbfgs,-0.0024754791101797,-0.3371781182015297,0.002765772294129,0.2143158996704353,0.1156548626794665,0.6977151948812292,1.1433902710193895,0.3119866569497217,-703.3933502583968,,0.5373578645190448,0.9496670628577099
416,4-hydroxyhippurate,Method 3,ZMHLUFWWWPBTIU-UHFFFAOYSA-N,HMDB0013678,,0.0,True,all_pre_hcc,provided_area,True,lbfgs,0.005573239077649,-0.4068041962083624,0.0036341991355767,0.2586878235318354,0.1158188795371145,0.7324940801948793,1.4626426443441096,0.7215355566893019,-896.5733835439723,,0.5373578645190448,0.9581920026367826
241,ribitol,Method 4,HEBKCHPVOIAQTA-ZXFHETKHSA-N,"HMDB0002917,HMDB0001851,HMDB0000568,HMDB0000508","C00379,C01904,C00474,C00532",0.0138408304498269,True,all_pre_hcc,provided_area,True,lbfgs,-0.0006244914537771,0.2194424726243751,-0.0002529816398629,0.1399658909595567,0.1169212288857218,0.9568129180479884,0.4867980679036791,0.1342355999093589,-458.7466620967312,,0.5382040398592421,0.9969785874248245
950,oleoyl-oleoyl-glycerol (18:1/18:1) [2]*,Method 2,AFSHUZFNMVJNKX-CLFAGFIQSA-N,HMDB0007218,,0.3685121107266436,False,all_pre_hcc,provided_area,True,lbfgs,0.0047997861776422,-0.8999552960317405,0.0336085477236417,0.5742101372381468,0.1170463154645342,0.0237338284622978,8.91783172558206,1.325086255867903,-1176.0117464370578,,0.5382040398592421,0.3706315490287825
1151,3-ethylcatechol sulfate (1),Method 3,NUPWKYZXNXCOHY-UHFFFAOYSA-N,,,0.1141868512110726,True,all_pre_hcc,provided_area,True,lbfgs,-0.0024958654319069,-0.5979547970591261,0.007648884792003,0.3839982919120675,0.1194275472104219,0.6806435952384464,2.6840801962633805,2.3169414747375416,-1192.454787396272,,0.5454236552402949,0.939747810338364
250,3-indoxyl sulfate,Method 3,BXFFHSIDQOFMLE-UHFFFAOYSA-N,HMDB0000682,,0.0,True,all_pre_hcc,provided_area,True,lbfgs,0.0074099661340176,-0.4305566468338484,-0.0156792432785622,0.2771126330442799,0.1202501812032215,0.1672436837809565,1.6865974783940827,0.8171076207905963,-933.9460960908636,,0.5454236552402949,0.7207572983028669
578,cinnamoylglycine,Method 3,YAADMLWHGMUGQL-VOTSOKGWSA-N,HMDB0011621,,0.3494809688581315,False,all_pre_hcc,provided_area,True,lbfgs,0.0181132390510117,-0.795483251142506,-0.0252988059372105,0.5126222571877315,0.1207119384681337,0.3087544577593784,4.766895126905228,4.150856922764718,-1360.364785053181,,0.5454236552402949,0.8183214317698541
163,3-aminoisobutyrate,Method 1,QCHPKSFMDHPSNR-UHFFFAOYSA-N,HMDB0002166,C05145,0.0,True,all_pre_hcc,provided_area,True,lbfgs,0.0104591143646952,-0.3086841402943168,0.0015473475788876,0.1989331597891055,0.1207345566939682,0.8232148808026805,0.9635557631074227,0.2969383172667045,-678.628446993087,,0.5454236552402949,0.9808001174589639
75,pelargonate (9:0),Method 3,FBUKVWPVBMHYJY-UHFFFAOYSA-N,HMDB0000847,C01601,0.0,True,all_pre_hcc,provided_area,True,lbfgs,-0.0008117544927453,0.2544051026744599,0.0015222488663826,0.1652711896857995,0.123726407809948,0.749704548857199,0.717088616886944,0.1375722606271273,-498.0086259404402,,0.5564986901495477,0.9590589646401889
460,gulonate*,Method 4,RGHNJXZEOKUKBD-NRXMZTRTSA-N,HMDB0003290,C00800,0.0363321799307958,True,all_pre_hcc,provided_area,True,lbfgs,0.0047732170132284,-0.2974112920554284,-0.0076947457149744,0.1935014160893149,0.1242937959378664,0.2785235535848316,0.8857552835859246,0.3148148885710125,-683.4772403299858,,0.5566200426782713,0.8169680049949793
33,3-(4-hydroxyphenyl)lactate,Method 3,JVGVDSSUAVXRDY-UHFFFAOYSA-N,HMDB0000755,C03672,0.0,True,all_pre_hcc,provided_area,True,lbfgs,-0.0050165110056798,0.3193704327355301,0.0028338543254084,0.2082275228027771,0.1250894309412118,0.5782759034792038,1.1874770752887212,0.1554202901434292,-568.4600586110778,,0.5577580686989098,0.9135340192999692
312,taurolithocholate,Method 3,QBYUNVOYXHFVKC-OQHFDXPESA-N,HMDB0000722,C02592,0.4965397923875432,False,all_pre_hcc,provided_area,True,lbfgs,-0.0071667767828098,0.6939849804271607,0.0156916764400438,0.4533120880961863,0.1257889265131014,0.4472104787083071,4.072546019895123,2.7755171535227725,-1261.385402511437,,0.5584594582262691,0.8841205241258279
912,thioproline,Method 1,DZLNHFMRPBPULJ-VKHMYHEASA-N,HMDB0062164,,0.0,True,all_pre_hcc,provided_area,True,lbfgs,0.0003352054301863,-0.2357144529721428,0.0047039901794164,0.1542800678180808,0.1265535653696784,0.0919499947560186,0.682830031258633,0.0460014513490195,-279.9501785285529,,0.5594427997028703,0.6230822013072314
738,1H-indole-7-acetic acid,Method 3,KNSAWRXCIVESQC-UHFFFAOYSA-N,,,0.7179930795847751,False,all_pre_hcc,provided_area,True,lbfgs,0.006102180855364,-0.4924301542813806,0.0032613638600377,0.3242248365637193,0.1288148087377982,0.8108616354576341,2.2533888532817543,1.192341426405732,-1036.2635621072068,,0.5634763111576627,0.9786094631220575
383,p-cresol sulfate,Method 3,WGNAKZGUSRVWRH-UHFFFAOYSA-N,HMDB0011635,,0.0,True,all_pre_hcc,provided_area,True,lbfgs,0.0191367511204194,-0.7632534208300662,-0.0662478039183105,0.5027257244217475,0.1289563548672617,0.0023669539396809,5.293025454243896,3.0321727587221505,-1299.9048406122165,,0.5634763111576627,0.14340956222772513
949,oleoyl-oleoyl-glycerol (18:1/18:1) [1]*,Method 2,AFSHUZFNMVJNKX-CLFAGFIQSA-N,HMDB0007218,,0.2923875432525951,False,all_pre_hcc,provided_area,True,lbfgs,0.0074772079350588,-0.861036605490989,0.0271820139236957,0.5678472451135981,0.1294391374614824,0.0913552554615722,8.510382807812068,1.5659949106773128,-1204.6748857917885,,0.5634763111576627,0.6230822013072314
1084,3-amino-2-piperidone,Method 1,YCCMTCQQDULIFE-UHFFFAOYSA-N,HMDB0000323,,0.0,True,all_pre_hcc,provided_area,True,lbfgs,0.0002396850203124,-0.1859470836129826,-0.0003774508506706,0.1226995512493276,0.1296542580042389,0.9177841940810144,0.3910305716733819,0.081260785627844,-338.6534613036888,,0.5634763111576627,0.9969785874248245
985,"ceramide (d18:1/20:0, d16:1/22:0, d20:1/18:0)*",Method 2,XWBWIAOWSABHFI-QOSDPKFLSA-N,"HMDB0240684,HMDB0240682,HMDB0004951",,0.0294117647058823,True,all_pre_hcc,provided_area,True,lbfgs,0.0099261807474505,-0.346217558927355,-0.0034867482595513,0.2287989485509794,0.1302299852313984,0.6943362633855052,1.1956428564137225,0.496302226478002,-802.2388956345394,,0.5636003562535309,0.9496670628577099
452,2-palmitoyl-GPC (16:0)*,Method 3,NEGQHKSYEYVFTD-HSZRJFAPSA-N,HMDB0061702,,0.0,True,all_pre_hcc,provided_area,True,lbfgs,0.0013885600244979,-0.236611753750237,-0.0121150945709022,0.1568406062216295,0.131397748719618,0.0186652410207175,0.6159567142000362,0.1624515540341079,-517.7567533613837,,0.5649339328088792,0.32585081781930547
967,glycosyl-N-behenoyl-sphingadienine (d18:2/22:0)*,Method 2,BZVOAOVDSULRAB-NUBHLNQHSA-N,,,0.0,True,all_pre_hcc,provided_area,True,lbfgs,-0.0042038702069512,-0.2077805095156971,0.0098369320262387,0.1378563786891948,0.1317531259415351,0.0312088429313374,0.4737935576026261,0.1281485195642527,-447.0132689796619,,0.5649339328088792,0.4350874456788234
624,quetiapine,Method 2,URKOMYMAXPYINW-UHFFFAOYSA-N,HMDB0005021,"D08456,
DG00899,C07397",0.991349480968858,False,all_pre_hcc,provided_area,True,lbfgs,-0.0015952324683079,0.0628558985537466,0.002468916503199,0.0417495498846989,0.1321835706863494,0.2178913844812976,0.0321531796676266,0.0267911188753385,94.03017465708716,,0.5649339328088792,0.7843166023654028
492,indoleacetylglutamine,Method 3,DVJIJAYHBZALOJ-UHFFFAOYSA-N,HMDB0013240,,0.1764705882352941,True,all_pre_hcc,provided_area,True,lbfgs,0.0073264076378597,-0.5359227837354095,-0.0129832325133199,0.3569617702360507,0.1332663408064089,0.3488679245785284,2.9073572787776603,1.211029263587943,-1059.7558383596795,,0.5672079794652941,0.83760830376663
744,fructosyllysine,Method 1,BFSYFTQDGRDJNV-QCNRFFRDSA-N,HMDB0034879,,0.0,True,all_pre_hcc,provided_area,True,lbfgs,-7.708395520410835e-05,0.1985603144131331,0.0083842672410283,0.1330406410918755,0.1355737140851414,0.1588386392710614,0.3574346341632039,0.230129118692891,-545.9743642636449,,0.5732109995699001,0.6961863763795457
489,1-ribosyl-imidazoleacetate*,Method 1,AHPWEWASPTZMEK-UHFFFAOYSA-N,HMDB0002331,C05131,0.0,True,all_pre_hcc,provided_area,True,lbfgs,0.0024207988139527,-0.2614899120009796,-0.0175124913389311,0.1753019507023722,0.1357897901893744,0.0007432676589977,0.7998412553636559,0.1636990802422051,-542.4295771341913,,0.5732109995699001,0.09569571109595387
126,nonadecanoate (19:0),Method 3,ISYWECDDZWTKFF-UHFFFAOYSA-N,HMDB0000772,C16535,0.0,True,all_pre_hcc,provided_area,True,lbfgs,-0.0001727630506074,0.2293799963222062,0.0012148187977495,0.1541212680640897,0.1366695491744248,0.8389671160516332,0.5426695690841941,0.224968944273765,-573.6799388178947,,0.573971934066514,0.9909331294058851
576,4-cholesten-3-one,Method 2,NYOXRYYXRWJDKP-UHFFFAOYSA-N,HMDB0000921,C00599,0.1349480968858131,True,all_pre_hcc,provided_area,True,lbfgs,-0.0069944150373115,-0.3296621216891366,0.0153576860754025,0.221735485466089,0.1370845590100606,0.058378997617034,1.1659084749011586,0.4096592642589933,-760.5417932266987,,0.573971934066514,0.5098831377064287
630,tauroursodeoxycholate,Method 3,BHTRKEVKTKCXOH-BWIGJTJCSA-N,HMDB0000874,,0.0311418685121107,True,all_pre_hcc,provided_area,True,lbfgs,-0.0364594993049134,0.885811106023784,0.029831422916599,0.5989875756042173,0.139181154503746,0.1871643049914065,8.340278230955157,3.209514738369365,-1347.9103827610998,,0.5803910491451756,0.7494321942192218
955,linoleoyl-docosahexaenoyl-glycerol (18:2/22:6) [2]*,Method 2,GPMAAGRGFWBOSO-KLJRXRINSA-N,HMDB0007266,,0.6747404844290658,False,all_pre_hcc,provided_area,True,lbfgs,0.0040348740981372,-0.5299871793307035,0.0021614173081689,0.3590135830428599,0.1398817416859338,0.888320870343545,2.71893841360222,1.5185951224903824,-1101.9985442739835,,0.5809604594214187,0.9969785874248245
593,5-(galactosylhydroxy)-lysine,Method 1,OWGKYELXGFKIHH-MYLOADSESA-N,,,0.0051903114186851,True,all_pre_hcc,provided_area,True,lbfgs,-0.003317321130632,-0.2676562228969655,-0.005686086083581,0.1818309418777768,0.1410192789227267,0.4285760931075191,0.7451461537070089,0.3265982926775893,-676.9046483616571,,0.5816539069783965,0.8685876672807371
219,ethylmalonate,Method 4,UKFXDFUAPNAMPJ-UHFFFAOYSA-N,HMDB0000622,,0.0034602076124567,True,all_pre_hcc,provided_area,True,lbfgs,0.0034834458750368,-0.2794125765657841,0.0016664730477527,0.1898934182058262,0.1411781327617467,0.7654896417353472,0.9408379507201508,0.1891503260029862,-585.7986973104535,,0.5816539069783965,0.9674286269784143
137,pentadecanoate (15:0),Method 3,WQEPLUUGTLDZJY-UHFFFAOYSA-N,HMDB0000826,C16537,0.0,True,all_pre_hcc,provided_area,True,lbfgs,0.0003441893514817,0.2661758688469048,0.0088461437006645,0.1815380724275804,0.1425866870170319,0.2902175555850816,0.641598952475937,0.460979935587153,-738.7283647914032,,0.5818236075186373,0.8178108858282597
207,N-stearoyl-sphingosine (d18:1/18:0)*,Method 2,VODZWWMEJITOND-NXCSZAMKSA-N,HMDB0004950,,0.0622837370242214,True,all_pre_hcc,provided_area,True,lbfgs,0.009148169121054,-0.4072084553010742,-0.0054595192283222,0.2778397009044454,0.142750826217947,0.6628488537653104,1.541934730166118,1.0267439918158467,-975.6918386696002,,0.5818236075186373,0.9286537822071105
248,paraxanthine,Method 3,QUNWUDVFRNGTCO-UHFFFAOYSA-N,HMDB0001860,C13747,0.1453287197231834,True,all_pre_hcc,provided_area,True,lbfgs,-0.0105733577019989,0.6803372056326886,0.0106640485721961,0.4643859061573294,0.1429139540798206,0.6295522169391766,4.020259048931285,3.257745197737228,-1295.3153901711717,,0.5818236075186373,0.9263411192105028
842,1-palmitoyl-2-arachidonoyl-GPC (16:0/20:4n6),Method 2,IIZPXYDJLKNOIY-JXPKJXOSSA-N,HMDB0007982,C05208,0.0069204152249134,True,all_pre_hcc,provided_area,True,lbfgs,0.0014640375907541,-0.135014673663616,-0.0050329565835145,0.0925216625254522,0.1444890629303994,0.1377272607137436,0.2026642109515087,0.0717608175977805,-256.46221778361314,,0.5838229664141206,0.6758022901938247
148,3-ureidopropionate,Method 1,JSJWCHRYRHKBBW-UHFFFAOYSA-N,HMDB0000026,C02642,0.0,True,all_pre_hcc,provided_area,True,lbfgs,-0.0058367536147815,0.2854697558087866,0.0100095176449991,0.195816292697812,0.1448833382203556,0.1170343472224119,0.9626388428249844,0.2499620498625059,-643.654877429527,,0.5838229664141206,0.6552592569782668
810,dopamine 4-sulfate,Method 3,DEKNNWJXAQTLFA-UHFFFAOYSA-N,HMDB0004148,C13691,0.0121107266435986,True,all_pre_hcc,provided_area,True,lbfgs,0.0022113177817756,0.410564737477565,-0.0140491707500943,0.2817801269003967,0.1451055139825387,0.2095719608071464,1.7859188219535505,0.7887810631728973,-931.1174157185868,,0.5838229664141206,0.7736886008292502
916,mycophenolic acid glucuronide,Method 3,BYFGTSAYQQIUCN-HGIHDBQLSA-N,HMDB0060634,,0.9757785467128028,False,all_pre_hcc,provided_area,True,lbfgs,0.0024348685920195,-0.0976127064139851,-0.0024348685920195,0.0675269922174282,0.1483073546070678,0.4516779958093802,0.0841846447370976,0.0700331270134439,-183.7803695747261,,0.5908594446450368,0.8845012363653422
608,atenolol,Method 1,METKIMKYRPQLGS-UHFFFAOYSA-N,HMDB0001924,D00235,0.9948096885813148,False,all_pre_hcc,provided_area,True,lbfgs,0.0004589102535835,0.0481345035192841,0.0002409359742079,0.0333026177436398,0.1483548375012056,0.8710020158741482,0.0224697609536083,0.0142892195226473,256.2790771621226,,0.5908594446450368,0.9956788041480279
72,methylmalonate (MMA),Method 4,ZIYVHBGGAOATLY-UHFFFAOYSA-N,HMDB0000202,C02170,0.1505190311418685,True,all_pre_hcc,provided_area,True,lbfgs,0.0023516232866658,-0.4151725263974933,0.0039046250166427,0.2873997674281199,0.1485753360806452,0.5985922798806909,2.235294252150141,0.3303735679147704,-775.0816311878489,,0.5908594446450368,0.9201136062928084
1009,arachidonoylcarnitine (C20:4),Method 2,RBFQHRALHSUPIA-SNPVRQPZSA-N,HMDB0006455,,0.0,True,all_pre_hcc,provided_area,True,lbfgs,0.0005633710013024,-0.2616495140247567,-0.005116610126061,0.1821382506427093,0.1508477570332291,0.3204394352360095,0.8762625445299932,0.1602551574500255,-546.453930419711,,0.5926163926263918,0.8319488443194891
165,citrate,Method 3,KRKNYBCHXYNGOX-UHFFFAOYSA-N,HMDB0000094,C00158,0.0,True,all_pre_hcc,provided_area,True,lbfgs,-0.0017426366271883,0.2372341624329456,0.0034753718615736,0.1653190575106187,0.1512848311063336,0.3828289425856308,0.7510363472423899,0.0947393707312989,-428.8553798983744,,0.5926163926263918,0.8481513895397405
641,1-(1-enyl-stearoyl)-GPE (P-18:0)*,Method 2,KACDZDULGKPXHT-BIHRDVDLSA-N,HMDB0240598,,0.0,True,all_pre_hcc,provided_area,True,lbfgs,-0.0015847493667455,-0.1887022393243458,-0.0057786189997333,0.1316404730248575,0.1517244982043735,0.1555855182536238,0.4443536892225125,0.1009418219444145,-393.3824057600732,,0.5926163926263918,0.6961863763795457
355,N-acetylglutamine,Method 4,KSMRODHGGIIXDV-YFKPBYRVSA-N,HMDB0006029,C02716,0.0173010380622837,True,all_pre_hcc,provided_area,True,lbfgs,0.0016895012057331,-0.2687841316408965,-0.0063144608624292,0.187665129014169,0.1520711426436642,0.2069521783506319,0.945437888959213,0.1506435214762442,-541.1870683074112,,0.5926163926263918,0.7723215351490973
564,16alpha-hydroxy DHEA 3-sulfate,Method 3,ALBNSVAJDFJRKQ-UAFBDMIJSA-N,HMDB0062544,,0.0,True,all_pre_hcc,provided_area,True,lbfgs,-0.0149111198861017,0.397360807293731,0.0111195142747092,0.278304642934354,0.153352083202661,0.0871088735562258,2.141246136366002,0.2521078140679112,-718.1864465919057,,0.5926163926263918,0.6145352038555656
876,gamma-tocopherol/beta-tocopherol,Method 2,QUEDXNHFTDJVIY-DQCZWYHMSA-N,"HMDB0006335,HMDB0001492","C14152,C02483",0.0,True,all_pre_hcc,provided_area,True,lbfgs,-0.0027975677170485,-0.2715554880183187,0.0002709614245968,0.1905889705390904,0.154208464219775,0.954726028807244,0.9898764738927478,0.1365166303399912,-526.0992045368957,,0.5926163926263918,0.9969785874248245
874,1-palmitoyl-2-arachidonoyl-GPI (16:0/20:4)*,Method 2,KIQYUSYSJTUGFZ-LSLODQAYSA-N,HMDB0009789,,0.0051903114186851,True,all_pre_hcc,provided_area,True,lbfgs,-0.0003312698191681,-0.2306440190091818,0.0042117790710194,0.161914194929101,0.1543067011826228,0.4799739630322632,0.6189753042392253,0.221993373125652,-581.764620931317,,0.5926163926263918,0.8855918593261037
1232,deoxycholic acid 12-sulfate*,Method 3,GMRIQHBJNVMHJA-LLQZFEROSA-N,,,0.4930795847750865,False,all_pre_hcc,provided_area,True,lbfgs,0.0255733943170885,-0.7061505004690434,-0.0207770541421887,0.4964237562901993,0.1548883352279215,0.2875356372136036,5.569601508838281,2.413968651708518,-1255.8928545319195,,0.5926163926263918,0.8178108858282597
1163,canagliflozin,Method 3,XTNGUQKDFGDXSJ-ZXGKGEBGSA-N,,D09592,0.9948096885813148,False,all_pre_hcc,provided_area,True,lbfgs,6.50236356905841e-14,0.0424148992248613,1.321592512137879e-13,0.0298180168426612,0.1548931157876983,0.999995637959278,0.0268714764916302,3.397764110464327e-12,4436.80313370441,,0.5926163926263918,0.9999989883008276
723,"sphingomyelin (d18:2/16:0, d18:1/16:1)*",Method 2,IWHLTJGDYLJQSH-FLPFCPAFSA-N,"HMDB0240638,HMDB0240613",,0.0,True,all_pre_hcc,provided_area,True,lbfgs,-0.0008461855591303,-0.1651723363754724,0.0022764706452484,0.1164681884043337,0.1561395202709326,0.4212659257702502,0.3720467473535555,0.0479320298212892,-229.97136328670376,,0.5926163926263918,0.8649610746772486
783,1-dihomo-linolenylglycerol (20:3),Method 3,LERKRWCYZNDWFH-QNEBEIHSSA-N,HMDB0011577,,0.0173010380622837,True,all_pre_hcc,provided_area,True,lbfgs,0.0026448073006634,-0.3602764950723057,0.0024583359143412,0.2544049531393922,0.1567305321418755,0.8132909712936711,1.4206007464677202,0.6898488147334119,-884.8346332688375,,0.5926163926263918,0.9786094631220575
579,stearoyl ethanolamide,Method 2,OTGQIQQTPXJQRG-UHFFFAOYSA-N,HMDB0013078,,0.0,True,all_pre_hcc,provided_area,True,lbfgs,-0.0028485430516018,-0.1863505950380352,0.0075624432494619,0.1316954985204256,0.1570652352917096,0.0731708442228562,0.4385391766647025,0.1090042701213699,-407.6365007119698,,0.5926163926263918,0.556918737149119
603,sedoheptulose,Method 4,HSNZZMHEPUFJNZ-SHUUEZRQSA-N,HMDB0003219,C02076,0.4463667820069204,False,all_pre_hcc,provided_area,True,lbfgs,-0.0037404771207535,0.4097511633520282,-0.0085018728391386,0.2896716979581341,0.1572044650878906,0.4704043995760379,1.8501089446638903,0.8833398387459557,-957.6238725125396,,0.5926163926263918,0.8855918593261037
48,cystathionine,Method 1,ILRYLPWNYFXEMH-UHFFFAOYSA-N,HMDB0000099,C02291,0.0051903114186851,True,all_pre_hcc,provided_area,True,lbfgs,-0.0079199885205765,0.3232595006844524,0.006721461808897,0.2288544244913055,0.1577994143653435,0.3725838780942305,1.3087446129842328,0.3491056434179664,-737.8512316082129,,0.5926163926263918,0.8441779558581768
50,flavin adenine dinucleotide (FAD),Method 3,VWWQXMAJTJZDQX-KUIMXZBMSA-N,HMDB0001248,C00016,0.3788927335640138,False,all_pre_hcc,provided_area,True,lbfgs,-0.0035479240455411,0.3064775386298946,0.0143350117104133,0.2171508098178775,0.1581390723827155,0.0667576661027338,1.128429208276561,0.3795149553464135,-742.1265334097302,,0.5926163926263918,0.541420441620597
805,behenoyl sphingomyelin (d18:1/22:0)*,Method 2,FJJANLYCZUNFSE-TWKUQIQBSA-N,HMDB0012103,,0.0,True,all_pre_hcc,provided_area,True,lbfgs,-0.0014092516273374,-0.1885617316192543,-4.797213286673267e-05,0.1340526270305201,0.159538715188565,0.9904508414128652,0.4662108350420916,0.0976757321006928,-391.09673913328015,,0.5926163926263918,0.9999989883008276
1022,ethyl alpha-glucopyranoside,Method 1,WYUFTYLVLQZQNH-UHFFFAOYSA-N,HMDB0029968,,0.1833910034602076,True,all_pre_hcc,provided_area,True,lbfgs,0.0038738007046368,-0.6869293670321595,0.0036106114422826,0.4895351299801876,0.1605488814679627,0.8817667274814199,4.186439598860983,4.001916421669564,-1343.5111227743928,,0.5926163926263918,0.9969785874248245
267,isovalerate (i5:0),Method 3,GWYFCOCPABKNJV-UHFFFAOYSA-N,HMDB0000718,C08262,0.0,True,all_pre_hcc,provided_area,True,lbfgs,-0.000115895258836,-0.304117083501527,-0.00919510771409,0.2169211381367155,0.1609239913660326,0.1987722298743589,1.1756186589698063,0.3141500703682885,-707.2065044600408,,0.5926163926263918,0.765502224408302
1091,ascorbic acid 3-sulfate*,Method 4,FBFZPSQPKNIVMT-ZAFYKAAXSA-N,,,0.0,True,all_pre_hcc,provided_area,True,lbfgs,0.0059320036294427,-0.3137689928193764,0.0026543221236365,0.2239935601862865,0.1612754728235312,0.7696935977439849,1.110554100768269,0.5223047056612207,-806.9611981436997,,0.5926163926263918,0.9691740900688318
640,1-(1-enyl-palmitoyl)-GPE (P-16:0)*,Method 2,QYTPGOPLNFESQC-RLHAVTDZSA-N,HMDB0011152,,0.0,True,all_pre_hcc,provided_area,True,lbfgs,4.476160197213367e-05,-0.1724610037128222,-0.0030021477492123,0.1231262820648939,0.1613086125668028,0.4061488103915562,0.3957889550226545,0.0792086366178902,-334.6479541443982,,0.5926163926263918,0.857240317014965
653,2-O-methylascorbic acid,Method 4,RMHBODZVODTFAH-UHFFFAOYSA-N,HMDB0240294,,0.0,True,all_pre_hcc,provided_area,True,lbfgs,0.0027308593496863,-0.2057032983392566,-0.0050745208393626,0.1468917603916743,0.1614015629905375,0.3800425693126072,0.4877478160823293,0.211051982323933,-551.7546292436446,,0.5926163926263918,0.8481513895397405
3,1-methylnicotinamide,Method 1,LDHMAVIPBRSVRG-UHFFFAOYSA-N,HMDB0000699,C02918,0.0,True,all_pre_hcc,provided_area,True,lbfgs,0.0004835916290357,0.2648914407305807,-0.0103485070031118,0.1892811227886367,0.1616749576000156,0.2063340635600863,0.7484896536866505,0.4323031007503264,-736.3371990244914,,0.5926163926263918,0.7723215351490973
342,1-methylhistamine,Method 1,FHQDWPCFSJMNCT-UHFFFAOYSA-N,HMDB0000898,C05127,0.1695501730103806,True,all_pre_hcc,provided_area,True,lbfgs,0.0014865773424348,-0.3245931139426003,-0.0001485095526831,0.2328908820400773,0.1633912346665402,0.9866402281067996,1.2534392889591972,0.4943540643918239,-805.279105013226,,0.5954597437705006,0.9999989883008276
978,"ceramide (d18:1/14:0, d16:1/16:0)*",Method 2,ZKRPGPZHULJLKJ-IMVLJIQESA-N,"HMDB0240681,HMDB0011773",,0.0916955017301038,True,all_pre_hcc,provided_area,True,lbfgs,-0.0033589646046937,0.3751735098364477,0.0058365497180245,0.2693194754205404,0.1636069004728657,0.5669891506541564,1.6847292162059715,0.6506686947428454,-886.4047064326978,,0.5954597437705006,0.9039081818108017
1234,"cis-3,4-methyleneheptanoate",Method 3,VFMNSFWBDMRNLJ-BQBZGAKWSA-N,,,0.0,True,all_pre_hcc,provided_area,True,lbfgs,-0.003012174063549,0.3083383312944295,0.0041506265914995,0.2219358355008034,0.1647376063742431,0.5412645930361797,1.2675155895431134,0.2810776019306975,-691.4877191977102,,0.5955799196378896,0.8893204180990235
170,valerate (5:0),Method 3,NQPDZGIKBAWPEJ-UHFFFAOYSA-N,HMDB0000892,C00803,0.3114186851211072,False,all_pre_hcc,provided_area,True,lbfgs,-0.0034085739749422,-0.6390980811928004,-0.0131758585458825,0.4611009953443611,0.1657388896338331,0.5440996916255786,4.019996228445656,3.1360771553145144,-1286.9809948329116,,0.5955799196378896,0.8893204180990235
302,galactonate,Method 4,RGHNJXZEOKUKBD-MGCNEYSASA-N,HMDB0000565,"C00880,C15930",0.0242214532871972,True,all_pre_hcc,provided_area,True,lbfgs,-0.0069311652180304,0.4129233748661164,0.0118582190486752,0.298042337596736,0.1659142773420747,0.4157043143487038,1.5908953395749317,1.4313707170569432,-1050.4451444377337,,0.5955799196378896,0.8649610746772486
535,"5alpha-pregnan-3beta,20alpha-diol disulfate",Method 3,LSQGWMYMIHQKSA-VNCHAANSSA-N,HMDB0094650,,0.0103806228373702,True,all_pre_hcc,provided_area,True,lbfgs,-0.0024078216149749,-0.3726871203826041,-0.0110096043894225,0.2690248789334551,0.1659528513942469,0.2340171319232213,1.772895379434258,0.5289977966378048,-848.2762733386844,,0.5955799196378896,0.7984481970018844
759,3-methylglutarylcarnitine (2),Method 1,HFCPFJNSBPQJDP-UHFFFAOYSA-N,HMDB0000552,,0.0138408304498269,True,all_pre_hcc,provided_area,True,lbfgs,0.0039740948142139,-0.364989123483447,0.0006672541237845,0.264252870154023,0.1672139162313989,0.9397376083476072,1.7344671308851425,0.4792602262479806,-826.3647642304327,,0.5980219920775725,0.9969785874248245
464,beta-hydroxyisovaleroylcarnitine,Method 1,IGLHHSKNBDXCEY-UHFFFAOYSA-N,,,0.0,True,all_pre_hcc,provided_area,True,lbfgs,0.000914944344023,-0.2256760510563389,-0.0114713192084426,0.1646028982850474,0.1703645827395675,0.0117389187303941,0.720161795556793,0.1250905280355843,-479.5559713993948,,0.6025578809772054,0.2519916210108183
806,"sphingomyelin (d18:1/22:1, d18:2/22:0, d16:1/24:1)*",Method 2,VBFKEZGCUWHGSK-ADSSWVSQSA-N,HMDB0012104,,0.0,True,all_pre_hcc,provided_area,True,lbfgs,-0.0004932051531403,-0.1582068193850332,-0.0001574785222616,0.1154387442422541,0.1705362248555868,0.9583861163416963,0.3594995081892789,0.0547516221322643,-252.85317979517004,,0.6025578809772054,0.9969785874248245
1206,picolinoylglycine,Method 3,MNYZGNSHBPLAFN-UHFFFAOYSA-N,HMDB0059766,,0.0553633217993079,True,all_pre_hcc,provided_area,True,lbfgs,0.0071796433427419,-0.3445350415252312,-0.0194428462388865,0.2517579354686171,0.1711502709562102,0.0347241531234893,1.5032989175046,0.5276631756921945,-833.7831474960963,,0.6025578809772054,0.441294046909255
961,perfluorooctanesulfonate (PFOS),Method 4,YFSUTJLHUFNCNZ-UHFFFAOYSA-N,HMDB0059586,C18142,0.0121107266435986,True,all_pre_hcc,provided_area,True,lbfgs,-0.0085467920220451,-0.4339014494655729,0.0117770782541065,0.3172280051251605,0.1713776644498035,0.0134648289645321,2.9352640487077557,0.1334363630693669,-626.115648497012,,0.6025578809772054,0.2719367418327071
1032,2-butenoylglycine,Method 3,WWJXRJJBIVSSNF-NSCUHMNNSA-N,,,0.3131487889273356,False,all_pre_hcc,provided_area,True,lbfgs,0.0116186247780138,-0.4535218949319514,-0.0165778841007223,0.3317120535721234,0.1715577364809315,0.3040986109439063,1.9871541785190376,1.750340393296491,-1110.027809702308,,0.6025578809772054,0.8178108858282597
406,5-acetylamino-6-formylamino-3-methyluracil,Method 4,RDZNZFGKEVDNPK-UHFFFAOYSA-N,HMDB0011105,C16365,0.060553633217993,True,all_pre_hcc,provided_area,True,lbfgs,0.0133322514354016,-0.4439463140755454,-0.0018030256300578,0.3253174184383746,0.1723612461155118,0.9060862645011816,2.010908938937864,1.5463306712043492,-1083.649636041524,,0.6025578809772054,0.9969785874248245
293,3-methyl-2-oxobutyrate,Method 3,QHKABHOOEWYVLI-UHFFFAOYSA-N,HMDB0000019,C00141,0.0,True,all_pre_hcc,provided_area,True,lbfgs,-0.0007550853716761,-0.2285032279208322,-0.0042116854882013,0.1675281426059475,0.1725772571730831,0.2918397434738001,0.7727238005665267,0.0953912097105785,-432.86402299176734,,0.6025578809772054,0.8178108858282597
519,1-stearoyl-2-oleoyl-GPE (18:0/18:1),Method 2,JQKOHRZNEOQNJE-AYBNWLFXSA-N,HMDB0008993,,0.0,True,all_pre_hcc,provided_area,True,lbfgs,-0.001904911477002,0.2629992512562555,0.0144324618859358,0.1936527218885586,0.1744327913347547,0.0537624094488063,0.8587212823628351,0.3523899267556347,-704.2037870456629,,0.6069789698472884,0.5035487532926729
120,caffeine,Method 1,RYYVLZVUVIJVGH-UHFFFAOYSA-N,HMDB0001847,C07481,0.0069204152249134,True,all_pre_hcc,provided_area,True,lbfgs,0.0052134357248916,0.4980118983447075,-0.0076237227007501,0.3680132096336533,0.1759774928555429,0.6397755966638026,2.7595547280449293,1.7275010863421232,-1130.6255033730083,,0.6102923152902666,0.9265555417511936
1019,"glycosyl ceramide (d18:1/20:0, d16:1/22:0)*",Method 2,FXNTXJCUSRJUFN-QOSDPKFLSA-N,,,0.0,True,all_pre_hcc,provided_area,True,lbfgs,-0.0027016538870178,-0.1842088929639266,0.0065660879767277,0.1363252056694834,0.1766166340448786,0.0858678192570698,0.4920103031937171,0.0883206889663284,-375.96426527478206,,0.6104534666651844,0.6099576126536682
709,guaiacol sulfate,Method 3,AQTYXAPIHMXAAV-UHFFFAOYSA-N,HMDB0060013,,0.0051903114186851,True,all_pre_hcc,provided_area,True,lbfgs,0.008217051347857,-0.4748876454150325,-0.0062022367465424,0.3521713156984425,0.177511651805956,0.7239891648770419,2.150674382898901,2.095742102969338,-1155.2934318739094,,0.6113848141537563,0.9535918667817815
819,3-methoxycatechol sulfate (2),Method 3,NTXOJWKIHIOUQN-UHFFFAOYSA-N,,,0.2768166089965398,False,all_pre_hcc,provided_area,True,lbfgs,0.0187529768022058,-0.4724551604104685,-0.0123239255599366,0.3508214248492936,0.1780732468408999,0.5303993281570465,1.6224028904831795,2.80243043536506,-1204.8607187934035,,0.6113848141537563,0.8893204180990235
756,N-linoleoyltaurine*,Method 3,YIWODQVLEDDQSF-HZJYTTRNSA-N,,,0.1245674740484429,True,all_pre_hcc,provided_area,True,lbfgs,-0.009098302022155,0.4233001263457696,0.0049522204176089,0.3171296374039429,0.1819464730860818,0.7421944692054414,1.8813442447447568,1.5109976145091166,-1073.9090064164798,,0.6195375595433197,0.9590589646401889
665,duloxetine,Method 2,ZEUITGRIYCTCEM-KRWDZBQOSA-N,HMDB0014619,,0.9826989619377162,False,all_pre_hcc,provided_area,True,lbfgs,0.0024166088495221,-0.0989189285661154,-0.0024166088495221,0.0741231693696262,0.1820331583922427,0.5091595433259414,0.0967359071101796,0.0908031641770739,-250.61969748038652,,0.6195375595433197,0.8893204180990235
763,2-keto-3-deoxy-gluconate,Method 4,WPAMZTWLKIDIOP-WVZVXSGGSA-N,HMDB0001353,C00204,0.0086505190311418,True,all_pre_hcc,provided_area,True,lbfgs,0.002615004664277,0.2044365425851475,0.0098711036912838,0.1532677668579275,0.182252311205462,0.1740743918678623,0.4407656377564364,0.3511202133228654,-652.7154469115785,,0.6195375595433197,0.7343833629054249
867,1-stearoyl-2-arachidonoyl-GPE (18:0/20:4),Method 2,ANRKEHNWXKCXDB-BHFWLYLHSA-N,HMDB0009003,C05210,0.0,True,all_pre_hcc,provided_area,True,lbfgs,0.0046099150531244,-0.1871423244897648,-0.0025801241100056,0.1406458199514424,0.1833230115511327,0.5182837068990075,0.5217493347742165,0.0965183178264848,-398.88141359826113,,0.619576200404864,0.8893204180990235
647,isoleucylglycine,Method 3,UCGDDTHMMVWVMV-UHFFFAOYSA-N,HMDB0028907,,0.0692041522491349,True,all_pre_hcc,provided_area,True,lbfgs,-0.0122860061871894,0.2889431635013144,0.006463120991613,0.2172249509943088,0.1834667389548384,0.4952764698977426,0.9777056156037844,0.5803881862469157,-819.3905419044586,,0.619576200404864,0.8893204180990235
808,lignoceroyl sphingomyelin (d18:1/24:0),Method 2,QEDPUVGSSDPBMD-XTAIVQBESA-N,HMDB0011697,,0.0,True,all_pre_hcc,provided_area,True,lbfgs,-0.0016968845724396,-0.1849738267915881,-0.0008857843484066,0.1393761486578961,0.1844572385674269,0.8458115048863493,0.4871055660117182,0.1273914645538222,-448.23120875946825,,0.620885476223692,0.9909331294058851
762,p-hydroxyatorvastatin,Method 3,SOZOATLLFFVAPM-KAYWLYCHSA-N,,,0.9186851211072664,False,all_pre_hcc,provided_area,True,lbfgs,0.0004935811537759,0.2523917788085795,0.0172966469624178,0.1908790832707759,0.1860815838036378,0.045149632969519,0.7262645780860987,0.4867190720162463,-759.4934347131111,,0.623595100153847,0.4990060030315879
1099,delta-CEHC glucuronide,Method 3,UCCZSQROJUPRKT-UHFFFAOYSA-N,,,0.5709342560553633,False,all_pre_hcc,provided_area,True,lbfgs,0.0090001134600975,-0.371310776063771,-3.803077444409397e-05,0.2815909456083543,0.1872969877069177,0.9978402942646284,1.372092122647951,1.3440153059664963,-1026.562838268766,,0.623595100153847,0.9999989883008276
673,valylglycine,Method 3,IOUPEELXVYPCPG-UHFFFAOYSA-N,HMDB0029127,,0.0813148788927335,True,all_pre_hcc,provided_area,True,lbfgs,-0.0186558919315205,0.3128489397083746,0.002882132672143,0.2372666034525477,0.1873181047702226,0.8013996216498271,1.036798403999099,0.8677434982777446,-910.7539049541524,,0.623595100153847,0.9743737587783531
164,chenodeoxycholate,Method 3,RUDATBOHQWOJDD-LXEZOOAESA-N,HMDB0000518,C02528,0.0640138408304498,True,all_pre_hcc,provided_area,True,lbfgs,-0.0098886880190089,0.460783039329756,0.0253528741332023,0.3497506551930694,0.1876839621822258,0.1104393738655441,2.427457154736812,1.6479457873583518,-1111.011372527445,,0.623595100153847,0.6500146004657739
652,N-stearoyltaurine,Method 3,LMIJIHJZVURGQK-UHFFFAOYSA-N,,,0.0017301038062283,True,all_pre_hcc,provided_area,True,lbfgs,-0.0031597614184411,0.2582596247163324,-0.0034195020636459,0.1966300128879087,0.1890383220551057,0.5888547216885469,0.9763495254280948,0.244667445560261,-640.5816419343546,,0.6260754717580671,0.9161939023250805
1198,eicosenedioate (C20:1-DC)*,Method 3,NZLFRLCYQVOISV-IWQZZHSRSA-N,,,0.0034602076124567,True,all_pre_hcc,provided_area,True,lbfgs,-0.00621743652971,0.3142930694177436,0.0239739140008913,0.2402690213796396,0.1908433985163052,0.0016428352446326,1.4659606160805767,0.3547608902022779,-751.0284178544198,,0.630027886127546,0.12233352911591464
369,N-acetylisoleucine,Method 3,JDTWZSUNGHMMJM-MSZQBOFLSA-N,HMDB0061684,,0.0380622837370242,True,all_pre_hcc,provided_area,True,lbfgs,0.0041363554609477,-0.2943142134827013,-0.0260299695514108,0.2255297582577642,0.1918960502302095,0.0034223024574502,1.1500878472731944,0.4975119352942352,-799.5990804230173,,0.6301434496285188,0.1503452325081814
246,theobromine,Method 1,YAPQBXQYLJRXSA-UHFFFAOYSA-N,HMDB0002825,C07480,0.0069204152249134,True,all_pre_hcc,provided_area,True,lbfgs,0.0072311049445101,-0.4193174074865945,-0.0062307053404211,0.321467254543223,0.1921019836731601,0.6955533102000284,1.811526562972388,1.7189565037365775,-1099.7810453444065,,0.6301434496285188,0.9496670628577099
890,5-hydroxyindole sulfate,Method 3,YJRFFCVUYDRNTR-UHFFFAOYSA-N,,,0.3823529411764705,False,all_pre_hcc,provided_area,True,lbfgs,0.0028699069022859,-0.4027121340391981,0.0050923159799929,0.3091653053217047,0.1927186417642544,0.7043719645468607,1.9884563442244203,1.1648417042706185,-1021.7236490958276,,0.6301593683085144,0.9512266322974133
846,"sphingomyelin (d18:1/17:0, d17:1/18:0, d19:1/16:0)",Method 2,YMQZQHIESOAPQH-JXGHDCMNSA-N,"HMDB0240620,HMDB0240609,HMDB0240622",,0.0,True,all_pre_hcc,provided_area,True,lbfgs,-0.0004220031160481,-0.1639435315966589,-0.0039733316023806,0.126497478842981,0.1949678617595122,0.2437733957489829,0.4283520023406322,0.0700021711327711,-317.3731601874288,,0.6346912770193933,0.8002024975482205
915,mycophenolic acid,Method 3,HPNSFSBZBAHARI-RUDMXATFSA-N,HMDB0015159,C20380,0.9757785467128028,False,all_pre_hcc,provided_area,True,lbfgs,0.0024704817398108,-0.1126797317238971,-0.0024704817398111,0.0870552808552625,0.1955456279953364,0.5381926845344245,0.1473525192877895,0.1062674814960463,-314.38167884931954,,0.6346912770193933,0.8893204180990235
891,7-hydroxyindole sulfate,Method 3,YBMPUGDWCSVZRS-UHFFFAOYSA-N,,,0.6072664359861591,False,all_pre_hcc,provided_area,True,lbfgs,0.0043197338564803,-0.3719750265098019,0.0056498158335507,0.2878261893405719,0.1962325354104043,0.6378639514636251,1.7902780330882688,0.9203571570481536,-963.6800957824116,,0.6346912770193933,0.9265555417511936
787,vanillactate,Method 3,SVYIZYRTOYHQRE-UHFFFAOYSA-N,HMDB0000913,,0.0138408304498269,True,all_pre_hcc,provided_area,True,lbfgs,0.0068187736537718,-0.2774686536183062,-0.0114417089667586,0.2148712807146243,0.1965910099817015,0.1160378107742519,1.1400691417573892,0.3256620523828314,-711.8261487811669,,0.6346912770193933,0.6552592569782668
252,gamma-glutamylphenylalanine,Method 1,XHHOHZPNYFQJKL-QWRGUYRKSA-N,HMDB0000594,,0.0,True,all_pre_hcc,provided_area,True,lbfgs,-0.0025870189411371,0.1642077892608652,0.0004406085544163,0.1275219027818406,0.1978563256690205,0.9091043737283846,0.4201958879943209,0.0905746876802407,-366.73835025256994,,0.6346912770193933,0.9969785874248245
979,"ceramide (d18:1/17:0, d17:1/18:0)*",Method 2,ICWGMOFDULMCFL-SJCQXOIGSA-N,"HMDB0240683,HMDB0240678",,0.1747404844290657,True,all_pre_hcc,provided_area,True,lbfgs,0.0045400234773856,-0.353517250818258,-0.0014353100101567,0.2748183280091799,0.1983149808919814,0.8886234567249796,1.7693564227034573,0.6576502062846807,-892.6565066781345,,0.6346912770193933,0.9969785874248245
26,N6-methyladenosine,Method 3,VQAYFKKCNSOZKM-UHFFFAOYSA-N,HMDB0004044,,0.2491349480968858,False,all_pre_hcc,provided_area,True,lbfgs,-0.0038256474001552,0.3899808951599047,0.0004030824763468,0.3034559383001415,0.198746209017652,0.9560961323452656,2.529763437049218,0.3201454240375074,-780.4533439233965,,0.6346912770193933,0.9969785874248245
329,5-hydroxyhexanoate,Method 3,YDCRNMJQROAWFT-UHFFFAOYSA-N,"HMDB0000409,HMDB0000525",,0.0934256055363321,True,all_pre_hcc,provided_area,True,lbfgs,-0.0074338970432073,0.3153564437775231,0.0066963761671458,0.2455458317775787,0.1990342548322952,0.539420285746151,1.2266650384313766,0.771873926686028,-897.4195448536407,,0.6346912770193933,0.8893204180990235
435,gamma-glutamylisoleucine*,Method 1,SNCKGJWJABDZHI-SIPWABPFSA-N,HMDB0011170,,0.0,True,all_pre_hcc,provided_area,True,lbfgs,0.0020576043171875,-0.1975180676600028,-0.0027023299204329,0.154446717096412,0.2009410266240457,0.5500868832316741,0.6232303648998477,0.124025033873961,-464.74288276479865,,0.6387940043912564,0.8893204180990235
117,cytidine,Method 1,UHDGCWIWMRVCDJ-XVFCMESISA-N,HMDB0000089,C00475,0.0536332179930795,True,all_pre_hcc,provided_area,True,lbfgs,-0.0009663621765626,-0.2854531904420079,-0.001453443137577,0.223552838416623,0.2016398110953169,0.8679240150644731,1.1351185016283232,0.4821625007314656,-792.0162197258564,,0.6390430936251582,0.9956788041480279
925,ascorbic acid 2-sulfate,Method 4,SKKZOYBAANIUOV-ZAFYKAAXSA-N,HMDB0060649,,0.0,True,all_pre_hcc,provided_area,True,lbfgs,0.0031267543607681,-0.187033692207195,-0.0080245262387882,0.1471825978275094,0.2038142020601542,0.1866959959598261,0.4716284026172309,0.2360320464119241,-572.5104917318467,,0.6436093047937335,0.7494321942192218
1094,delta-CEHC,Method 3,BNVXCCQXUZCRSR-UHFFFAOYSA-N,,,0.0865051903114186,True,all_pre_hcc,provided_area,True,lbfgs,-0.0001141134279183,-0.3002015569830405,0.0101727378085008,0.2365075765266489,0.2043303326869426,0.3549334523760239,1.0761547539600835,0.7998288579239207,-895.5502278880267,,0.6436093047937335,0.8441779558581768
196,beta-hydroxyisovalerate,Method 3,AXFYFNCPONWUHW-UHFFFAOYSA-N,HMDB0000754,,0.0,True,all_pre_hcc,provided_area,True,lbfgs,0.0027375256015258,-0.2602452087323155,-0.0091527172657763,0.2054371492723404,0.205231289821302,0.123855471929526,1.1066025759037248,0.2143797489383264,-625.3274323004666,,0.6444763064510399,0.6692838749246058
175,N-acetylneuraminate,Method 1,SQVRNKJHWKZAKO-UHFFFAOYSA-N,HMDB0000230,C00270,0.0,True,all_pre_hcc,provided_area,True,lbfgs,0.0012656149758475,-0.1802424504029867,-0.0101416980133876,0.1432564829705,0.2083266444356942,0.0043057581203066,0.5605058973603411,0.0755391933254588,-357.2191592925142,,0.6501049555361071,0.1503452325081814
206,1-palmitoyl-2-oleoyl-GPC (16:0/18:1),Method 2,WTJKGGKOPKCXLL-PFDVCBLKSA-N,HMDB0007972,C13875,0.0,True,all_pre_hcc,provided_area,True,lbfgs,0.0005277260192283,-0.0917085563100375,-0.0015763297481771,0.0729431566091177,0.2086592886351999,0.4183817268516434,0.1427694968438376,0.0228436057654729,4.321632996905919,,0.6501049555361071,0.8649610746772486
728,6-oxopiperidine-2-carboxylate,Method 3,FZXCPFJMYOQZCA-UHFFFAOYSA-N,HMDB0061705,,0.0017301038062283,True,all_pre_hcc,provided_area,True,lbfgs,0.0004819595973263,0.2103086637562136,-0.0075113406255201,0.1673808949557108,0.2089465022856723,0.2379896524042871,0.6486424501943323,0.2540687333252802,-613.4720853362951,,0.6501049555361071,0.8002024975482205
152,erucate (22:1n9),Method 3,DPUOLQHDNGRHBS-KTKRTIGZSA-N,HMDB0002068,C08316,0.0,True,all_pre_hcc,provided_area,True,lbfgs,-0.0021338730479782,0.2462897101490423,0.0005457185017893,0.1962767769872721,0.2095483934349394,0.944936421813092,0.856332738031632,0.3963905014801971,-728.504185556098,,0.6501049555361071,0.9969785874248245
650,valylleucine,Method 1,XCTHZFGSVQBHBW-UHFFFAOYSA-N,HMDB0029131,,0.1695501730103806,True,all_pre_hcc,provided_area,True,lbfgs,-0.0110832538913149,-0.3488291065868741,-0.0080713264116293,0.2786583736383565,0.2106367931140672,0.5365137771007757,1.4785013269100935,1.1312385789892234,-993.6716153661856,,0.6515192099324,0.8893204180990235
94,urea,Method 1,XSQUKJJJFZCRTK-UHFFFAOYSA-N,HMDB0000294,C00086,0.0,True,all_pre_hcc,provided_area,True,lbfgs,0.0025948382789809,-0.2399067354395888,-0.0079335819893058,0.1924474951783676,0.2125409841086954,0.1452140680794411,0.9778956196527532,0.1793532704934793,-578.7332187921606,,0.6554407593771145,0.6869213040773252
981,"glycosyl ceramide (d18:2/24:1, d18:1/24:2)*",Method 2,WYTRSDHGWSSQLK-PCKKJQKNSA-N,,,0.0,True,all_pre_hcc,provided_area,True,lbfgs,-0.0044075348652633,-0.1837279146719184,0.0122629663901706,0.1476191140038198,0.2132759170536228,0.0041640428934371,0.5711236909322999,0.110991576982622,-434.7957040687538,,0.6557438643738254,0.1503452325081814
1059,3-hydroxybutyroylglycine**,Method 1,VMIWHQCIHIUYCS-UHFFFAOYSA-N,,,0.0380622837370242,True,all_pre_hcc,provided_area,True,lbfgs,0.0055642699836147,-0.3703811932101152,-0.0179311963349133,0.2992130946849988,0.2157713576688524,0.1286179380680655,2.020354351269783,0.8809759454652509,-964.0937345113216,,0.6606635565078378,0.6724694223863323
515,2-ethylphenylsulfate,Method 3,TXENPQZYQPWRAV-UHFFFAOYSA-N,,,0.5916955017301038,False,all_pre_hcc,provided_area,True,lbfgs,-0.0063036456711824,-0.4683275172794987,-0.009995869610094,0.3790563248682706,0.216641112926046,0.5442309013025799,2.9832898391874867,1.758927081455415,-1140.3376402962772,,0.6606635565078378,0.8893204180990235
563,3-hydroxyhippurate,Method 3,XDOFWFNMYJRHEW-UHFFFAOYSA-N,HMDB0006116,,0.1920415224913494,True,all_pre_hcc,provided_area,True,lbfgs,0.017266044179634,-0.6685447568261726,0.0049004712793633,0.5414363130568051,0.2169192504164444,0.8156101716816869,6.694194111743778,2.7811164739362337,-1300.2376410800875,,0.6606635565078378,0.9797668213703628
611,ranitidine,Method 1,VMXUWOKSQNHOCA-UKTHLTGXSA-N,HMDB0001930,D00422,0.9826989619377162,False,all_pre_hcc,provided_area,True,lbfgs,0.0006459281317866,0.2469188697582501,-0.0119027323054075,0.2003993811646115,0.2178990723462222,0.1277784025739688,0.9135012779580156,0.3856188315804732,-727.9486160385882,,0.6606635565078378,0.6714885441387137
127,arachidate (20:0),Method 3,VKOBVWXKNCXXDE-UHFFFAOYSA-N,HMDB0002212,C06425,0.0,True,all_pre_hcc,provided_area,True,lbfgs,-0.0002712038267506,0.1907364381664527,-0.0016259832970853,0.1549870280826972,0.2184498077127012,0.7370120103278801,0.6136037407610933,0.14293720249072,-491.6850214118044,,0.6606635565078378,0.9584878417142885
309,isobutyrylcarnitine (C4),Method 1,LRCNOZRCYBNMEP-VIFPVBQESA-N,HMDB0000736,,0.0051903114186851,True,all_pre_hcc,provided_area,True,lbfgs,0.0078458932501364,-0.2678317168995358,-0.0097800045716937,0.2177623319799282,0.2187245366690997,0.2603443569171999,1.0615573795318085,0.4778002700417234,-784.7266670296108,,0.6606635565078378,0.8057213303079476
1043,octadecenedioate (C18:1-DC),Method 3,YDPSQMGOAILWPE-FYWRMAATSA-N,,,0.0501730103806228,True,all_pre_hcc,provided_area,True,lbfgs,-0.0071908464680373,0.3423739566002055,0.01945892945949,0.2798478487562733,0.2211677287723316,0.0551244399412556,1.8655908405433,0.6413580341787545,-891.9177543101218,,0.662010352672424,0.5035487532926729
553,"androstenediol (3beta,17beta) monosulfate (2)",Method 3,KMTOEENORMWLCF-QJIZPQHZSA-N,"HMDB0240429,HMDB0186954",,0.1868512110726643,True,all_pre_hcc,provided_area,True,lbfgs,-0.0036086407333341,-0.4315071353559066,-0.0054164604565698,0.3537250726890024,0.222505016126863,0.6453257215526829,3.112876330145264,0.8522452721575298,-993.5214055159744,,0.662010352672424,0.9265555417511936
172,gamma-glutamylglutamine,Method 1,JBFYFLXEJFQWMU-WDSKDSINSA-N,HMDB0011738,C05283,0.0,True,all_pre_hcc,provided_area,True,lbfgs,0.0016732435822177,-0.1505042294550952,-0.0017229315380646,0.1234099393804191,0.2226366235162313,0.6179164775900694,0.4034228252096353,0.0721006478629684,-317.7233103701078,,0.662010352672424,0.9252575853260273
1002,dexlansoprazole,Method 2,MJIHNNLFOKEZEW-RUZDIDTESA-N,,D08903,0.972318339100346,False,all_pre_hcc,provided_area,True,lbfgs,0.0030063376080436,-0.145003340738125,-0.0030063376080434,0.1189110937982937,0.2226823511650268,0.5840087676318196,0.2743898428869479,0.1989835438150346,-495.2619330235944,,0.662010352672424,0.9158671755912854
921,methylsuccinoylcarnitine,Method 1,GFWWWKVGRZVWDS-UHFFFAOYSA-N,,,0.0103806228373702,True,all_pre_hcc,provided_area,True,lbfgs,0.0017607901765607,-0.263004239366068,-0.0028906825471753,0.2165130418700251,0.2244702283964108,0.6555025186322085,1.2159284633281946,0.2551362195770897,-668.4423265864843,,0.662010352672424,0.9265555417511936
910,1-linoleoyl-GPG (18:2)*,Method 3,VEEHTGYBVMTAAF-RFFZIGDUSA-N,HMDB0240600,,0.0,True,all_pre_hcc,provided_area,True,lbfgs,-0.0030995451256698,0.2152201652844906,-0.0003445899082218,0.1772466507987326,0.2246556764491037,0.950681945771354,0.8006273637120899,0.1893883729335166,-571.6498733330382,,0.662010352672424,0.9969785874248245
240,xanthosine,Method 3,UBORTCNDUKBEOP-UUOKFMHZSA-N,HMDB0000299,C01762,0.2352941176470588,False,all_pre_hcc,provided_area,True,lbfgs,-0.0057295097557052,0.3256545838726096,0.003706711540204,0.2685151560521121,0.2252071462343636,0.6576179917294522,1.844061398508892,0.4260882464846985,-808.0635691706284,,0.662010352672424,0.9265555417511936
598,hydantoin-5-propionate,Method 4,VWFWNXQAMGDPGG-UHFFFAOYSA-N,HMDB0001212,C05565,0.0934256055363321,True,all_pre_hcc,provided_area,True,lbfgs,0.0017222841659444,0.3141687179777857,-0.0144532189855315,0.2597728122465773,0.2265099790294525,0.2341081121306496,1.2893680498795472,0.9769991301879272,-951.998198536699,,0.662010352672424,0.7984481970018844
615,argininate*,Method 1,BMFMQGXDDJALKQ-BYPYZUCNSA-N,HMDB0003148,,0.0,True,all_pre_hcc,provided_area,True,lbfgs,-0.0019772157794582,-0.1826357129898297,-0.0046454544702387,0.1511115821313499,0.2268108210485926,0.463618164205844,0.4909049281053503,0.2570995065440067,-593.6733105144503,,0.662010352672424,0.8855918593261037
1064,3-formylindole,Method 1,OLNJUISKUQQNIM-UHFFFAOYSA-N,HMDB29737,C08493,0.0017301038062283,True,all_pre_hcc,provided_area,True,lbfgs,-0.0002432396318325,-0.1378606803598675,-0.0072945075579513,0.1141981143269921,0.227352713958694,0.0974285981661129,0.2997352161131227,0.121167043244244,-396.9021607627556,,0.662010352672424,0.6364334943702539
285,oxalate (ethanedioate),Method 3,MUBZPKHOEPUJKR-UHFFFAOYSA-N,HMDB0002329,C00209,0.0,True,all_pre_hcc,provided_area,True,lbfgs,0.0026151513706568,-0.3035385236584166,0.0025057309233789,0.2515895530411901,0.227631302481713,0.7769517876470574,1.5332734387573752,0.4850305772584188,-818.2085214231574,,0.662010352672424,0.9696412414258495
1082,N-carbamoylvaline,Method 3,JDXMIYHOSFNZKO-UHFFFAOYSA-N,,,0.2387543252595155,False,all_pre_hcc,provided_area,True,lbfgs,0.0014100982592578,-0.3444718456679242,-0.0002539121154792,0.2858377515210564,0.228152855193563,0.9845721523329554,1.5955987334542037,1.135476470977968,-999.9402525477044,,0.662010352672424,0.9999989883008276
361,N-acetylarginine,Method 1,SNEIUMQYRCDYCH-LURJTMIESA-N,HMDB0004620,C02562,0.0,True,all_pre_hcc,provided_area,True,lbfgs,-0.00232294282648,-0.2064111021706915,-0.0035847653327919,0.1717560696903275,0.2294530797276532,0.4410733960185711,0.7885837499470989,0.1304779161478093,-496.190312444216,,0.662010352672424,0.8787342319132073
1072,glycine conjugate of C10H14O2 (1)*,Method 3,,,,0.0017301038062283,True,all_pre_hcc,provided_area,True,lbfgs,0.0054289760452511,-0.2940620130216216,-0.0077986278674925,0.244693378414364,0.2294576381200458,0.3701759012074875,1.4418182219112838,0.4700527648066201,-806.5869303578202,,0.662010352672424,0.8441779558581768
741,1-linolenoyl-GPC (18:3)*,Method 2,WKQNRCYKYCKESD-YHTMAJSVSA-N,HMDB0010388,C04100,0.0,True,all_pre_hcc,provided_area,True,lbfgs,0.0019690165525394,-0.1704326378736812,-0.0009029199293493,0.1418781072540605,0.2296499712976486,0.8875253485114191,0.403081420614317,0.2662732791368807,-586.2365185346107,,0.662010352672424,0.9969785874248245
834,glycochenodeoxycholate 3-sulfate,Method 3,DKXXSIJHWWVNMO-ISIKUUMTSA-N,"HMDB0002409,HMDB0002496,HMDB0002497",,0.0017301038062283,True,all_pre_hcc,provided_area,True,lbfgs,-0.015347719029049,0.3824750156277375,0.0158996349789136,0.318654450594612,0.2300300642190206,0.1256233018982752,2.549779246553967,0.6607353125945808,-924.7539231691932,,0.662010352672424,0.6692838749246058
674,prolylglycine,Method 1,RNKSNIBMTUYWSH-YFKPBYRVSA-N,HMDB0011178,,0.0121107266435986,True,all_pre_hcc,provided_area,True,lbfgs,-0.0027774156929946,0.1828338303079741,0.0019271358380728,0.1525071913879779,0.2305847875561482,0.7978606783754773,0.4103823101277249,0.3830004000782116,-666.9752428530969,,0.662010352672424,0.9736925340364236
66,citrulline,Method 1,RHGKLRLOHDJJDR-UHFFFAOYSA-N,HMDB0000904,C00327,0.0,True,all_pre_hcc,provided_area,True,lbfgs,0.0025842767837979,-0.1385558729330913,0.0002915057113681,0.1157486474727468,0.2312905872791825,0.9433891590102172,0.3230774390013087,0.1045900010022684,-372.87388970476695,,0.662010352672424,0.9969785874248245
911,gamma-glutamylserine,Method 1,SQBNIUOYNOKDTI-WHFBIAKZSA-N,HMDB0029158,,0.0034602076124567,True,all_pre_hcc,provided_area,True,lbfgs,-0.003042700478493,0.149150939321637,0.002906126133537,0.1246241787895108,0.2313822591864783,0.4781488240510438,0.3884573576879594,0.1031423783881078,-385.8866905047357,,0.662010352672424,0.8855918593261037
277,hexanoylcarnitine (C6),Method 1,VVPRQWTYSNDTEA-UHFFFAOYSA-N,HMDB0000756,,0.0,True,all_pre_hcc,provided_area,True,lbfgs,-0.0008575273914086,-0.2419703077353876,0.0096882138372179,0.204335501434768,0.2363412486233201,0.2587359529460584,0.8959090035956081,0.4723117612473949,-768.9249769541339,,0.672275694841273,0.8057213303079476
1134,N-desalkylquetiapine*,Method 2,JLOAJISUHPIQOX-UHFFFAOYSA-N,,,0.991349480968858,False,all_pre_hcc,provided_area,True,lbfgs,-0.0007267067215539,0.0297714387470924,0.0010379065036449,0.025156322753449,0.2366278819236063,0.3064332304480917,0.0140451466667654,0.0065385058452647,458.204548713034,,0.672275694841273,0.8183214317698541
1042,hexadecenedioate (C16:1-DC)*,Method 3,IWTMSCUHCJHPPR-ACCUITESSA-N,,,0.0,True,all_pre_hcc,provided_area,True,lbfgs,-0.0068953863205585,0.2656312576534024,0.0061236476008322,0.2245974057270517,0.2369282303178467,0.4057812384763012,1.2631329584214337,0.3331046767403489,-725.2894314442556,,0.672275694841273,0.857240317014965
280,dehydroepiandrosterone sulfate (DHEA-S),Method 3,CZWCKYRVOZZJNM-DYIPZHMLSA-N,HMDB0001032,C04555,0.0,True,all_pre_hcc,provided_area,True,lbfgs,-0.0090512726206158,-0.3986424014433873,0.0052913753587436,0.3378908972886046,0.2380812756040594,0.5370821299527222,3.102087824108116,0.4407240765935393,-862.0347519867296,,0.6729530967178659,0.8893204180990235
1109,2-naphthol sulfate,Method 3,HXEZIDSFDHEIIQ-UHFFFAOYSA-N,,,0.0259515570934256,True,all_pre_hcc,provided_area,True,lbfgs,0.0013681111449267,-0.3986166704579591,-0.0190462645935853,0.3381516317609318,0.2384736701961369,0.1500556246770856,2.5982820935900994,1.1017433709452296,-1030.9778776218395,,0.6729530967178659,0.6869213040773252
305,1-linoleoylglycerol (18:2),Method 3,WECGLUPZRHILCT-HZJYTTRNSA-N,HMDB0011568,,0.0,True,all_pre_hcc,provided_area,True,lbfgs,0.0054384192892849,-0.2684506791285646,-0.0091810285178924,0.228483725389845,0.2400257067454373,0.2644017569360061,1.2492316681668976,0.420261964255383,-771.5762117780237,,0.6738734961298034,0.8057213303079476
1035,trans-2-hexenoylglycine,Method 3,AAPHATPOQGNLOZ-SNAWJCMRSA-N,,,0.2249134948096885,False,all_pre_hcc,provided_area,True,lbfgs,0.0064983327087396,-0.4030216577289354,-0.0105432551963923,0.3430800549020619,0.2401083233782892,0.5089950606713252,2.2674820994595195,1.6783469849007508,-1110.041162390633,,0.6738734961298034,0.8893204180990235
343,4-imidazoleacetate,Method 1,PRJKNHOMHKJCEJ-UHFFFAOYSA-N,HMDB0002024,C02835,0.1003460207612456,True,all_pre_hcc,provided_area,True,lbfgs,0.0017773663185541,0.2798672698926618,-0.0181601142801098,0.238947273795288,0.2414978395384722,0.149281238156076,0.8857205939954652,1.1103612835162342,-955.7129890582104,,0.6751327124773769,0.6869213040773252
931,eicosapentaenoylcholine,Method 2,AVBRNEQAXKXDAZ-CGRWFSSPSA-N,,,0.6522491349480969,False,all_pre_hcc,provided_area,True,lbfgs,0.0089176770322259,-0.3431550228128502,-0.0144011565201938,0.2932509775221506,0.2419304687289259,0.2938607209546727,1.642009672892085,1.2460837334143018,-1022.1976614753562,,0.6751327124773769,0.8178108858282597
216,4-acetaminophen sulfate,Method 3,IGTYILLPRJOVFY-UHFFFAOYSA-N,HMDB0059911,C06804,0.5605536332179931,False,all_pre_hcc,provided_area,True,lbfgs,0.012559966286137,1.064272242499665,-0.0454295744619178,0.9106440583744514,0.2425234015695432,0.2612662977222599,16.85791674246633,10.634775960967213,-1655.2955385530304,,0.6751327124773769,0.8057213303079476
220,carnitine,Method 1,PHIQHXFUZVPYII-ZCFIWIBFSA-N,HMDB0000062,"C00487,C00308",0.0,True,all_pre_hcc,provided_area,True,lbfgs,-0.0003820353933475,-0.0889181920680426,-0.0001834307359802,0.0763054886450675,0.2439007282730458,0.9444257475462524,0.142441405635853,0.042809812622284,-121.04855052210904,,0.6770184184553553,0.9969785874248245
379,hydroxybupropion,Method 1,RCOBKSKAZMVBHT-NCWAPJAISA-N,HMDB0012235,,0.9688581314878892,False,all_pre_hcc,provided_area,True,lbfgs,-5.3184016384850085e-05,0.3625172974324765,-0.018832512514634,0.3115614738823081,0.2446064964133858,0.1768418198455246,1.956308308255264,1.267591578940206,-1038.6041273200467,,0.6770184184553553,0.7344640098422998
54,glutarate (C5-DC),Method 4,JFCQEDHGNNZCLN-UHFFFAOYSA-N,HMDB0000661,C00489,0.0,True,all_pre_hcc,provided_area,True,lbfgs,0.0109731870707524,-0.287328716116572,-0.0233994920862287,0.2472379548603608,0.2451726894017937,0.0359663859327385,1.2194458337471443,0.8142681654359456,-908.480384756987,,0.6770184184553553,0.44632984952675486
193,4-acetamidophenol,Method 3,RZVAJINKPMORJF-UHFFFAOYSA-N,HMDB0001859,C06804,0.6228373702422145,False,all_pre_hcc,provided_area,True,lbfgs,0.0128750733465994,0.8336226808594884,-0.0338471377355373,0.7192010050581402,0.2464172416496607,0.300817181701467,10.234734309314906,7.011828847386447,-1528.836710893821,,0.6785328711473378,0.8178108858282597
473,tetradecanedioate (C14-DC),Method 3,HQHCYKULIHKCEB-UHFFFAOYSA-N,HMDB0000872,,0.0069204152249134,True,all_pre_hcc,provided_area,True,lbfgs,-0.0040922532400201,0.2569953019739561,0.0192024652660072,0.2220123339632824,0.247038666679856,0.026908432472461,1.1194283805791838,0.4756460350652504,-788.0584989256654,,0.6785328711473378,0.3959383635233547
334,3-hydroxy-2-ethylpropionate,Method 3,ZMZQVAUJTDKQGE-UHFFFAOYSA-N,HMDB0000396,,0.0017301038062283,True,all_pre_hcc,provided_area,True,lbfgs,0.0019944656800713,-0.2316692548677737,-0.0088194339875613,0.2009597199120796,0.2489865808856864,0.141390791119038,1.0484380360153729,0.2185792706180067,-624.3263746450289,,0.6820643040219602,0.6758022901938247
1112,11beta-hydroxyandrosterone glucuronide,Method 3,BRPLOVMHAFXVOQ-HXVIYJDASA-N,HMDB0010351,,0.0674740484429065,True,all_pre_hcc,provided_area,True,lbfgs,0.0016102613968364,-0.3876879156648377,-0.0004637436917473,0.3380523065212866,0.2514526349352385,0.9659131034144268,2.887157283239034,0.7214373241790136,-953.3417594608036,,0.686992610035267,0.9974755988405244
97,trans-urocanate,Method 1,LOIYMIARKYCTBW-OWOJBTEDSA-N,HMDB0000301,C00785,0.0,True,all_pre_hcc,provided_area,True,lbfgs,-0.0024838115798219,0.1775574879410131,0.0100511260782493,0.1557292109070663,0.2542162495430932,0.1488462907048586,0.4891212275928895,0.3162292868794103,-637.5176302726754,,0.6906340313652085,0.6869213040773252
1192,mercaptopurine,Method 3,GLVAUDGFNGKCSF-UHFFFAOYSA-N,HMDB0015167,C02380,0.9775086505190312,False,all_pre_hcc,provided_area,True,lbfgs,0.0004116273424964,-0.1995210494169427,-0.0004116273424965,0.1751270040910205,0.2545807776626922,0.957088107760225,0.633634153331133,0.3796169102323192,-696.005756051823,,0.6906340313652085,0.9969785874248245
447,2-hydroxy-3-methylvalerate,Method 3,RILPIWOPNGRASR-UHFFFAOYSA-N,HMDB0000317,,0.0,True,all_pre_hcc,provided_area,True,lbfgs,-0.0047704194412559,0.2878645034572755,0.0028481242110118,0.2530457959531725,0.2552881971270726,0.7900464674017413,1.3674080537953548,0.7331427326188334,-894.6929180540192,,0.6906340313652085,0.9710595005057202
643,alpha-CEHC glucuronide*,Method 3,MWDYOFPRWKTECC-UHFFFAOYSA-N,HMDB0062445,,0.7283737024221453,False,all_pre_hcc,provided_area,True,lbfgs,0.0053607228685909,-0.3086464463832256,-0.0128030238941926,0.2716787332252676,0.2559266717757567,0.2500785576427167,1.6168796962731464,0.7907294686985009,-923.7214097684214,,0.6906340313652085,0.8049403574124943
607,omeprazole,Method 3,SUBDBMMJDZJVOS-UHFFFAOYSA-N,HMDB0001913,C07324,0.8771626297577855,False,all_pre_hcc,provided_area,True,lbfgs,0.0069242978293708,-0.5290979170719873,-0.0416828003746744,0.4659330316859108,0.2561380582344754,0.0484360673386942,4.307468812108987,2.9229254945559004,-1276.6573629905315,,0.6906340313652085,0.5028970483427219
766,"sphingomyelin (d18:2/14:0, d18:1/14:1)*",Method 2,SOWIKWJDPCEPOJ-IOBWIPHESA-N,"HMDB0240637,HMDB0240612",,0.0,True,all_pre_hcc,provided_area,True,lbfgs,-0.0011651858343273,-0.1633922315731187,0.0041991219302676,0.1443086766989709,0.2575330364965881,0.3288837027357838,0.5408790859765017,0.1124196429907368,-432.4408589805735,,0.6925823174712421,0.83760830376663
320,N-acetyltyrosine,Method 3,CAHKINHBCWCHCF-JTQLQIEISA-N,HMDB0000866,,0.0017301038062283,True,all_pre_hcc,provided_area,True,lbfgs,-0.0017276236637255,0.211930209383155,0.0008884720175524,0.1880501375926308,0.2597476424908759,0.8501583874331942,0.9641148544360676,0.1323455255953801,-517.5655047210771,,0.6955398989109713,0.9909331294058851
455,1-linoleoyl-GPE (18:2)*,Method 2,DBHKHNGBVGWQJE-HZJYTTRNSA-N,HMDB0011507,,0.0,True,all_pre_hcc,provided_area,True,lbfgs,0.0041285456853084,-0.1472270690114358,-0.001450615596553,0.1307753211130249,0.2602494962274483,0.8264062295753887,0.2895144950075478,0.2981442131834806,-588.0968426346976,,0.6955398989109713,0.9829081021508664
270,alprazolam,Method 2,VREFGVBLTWBCJP-UHFFFAOYSA-N,HMDB14548,C06817,0.9498269896193772,False,all_pre_hcc,provided_area,True,lbfgs,0.0011330274487316,-0.1858127825965181,-0.0070155144063468,0.1654554887100162,0.261421403502288,0.1098822438577932,0.7358757384707312,0.115851116012559,-466.3998534481175,,0.6955398989109713,0.6500146004657739
1107,sulfate of piperine metabolite C18H21NO3 (3)*,Method 3,,,,0.0190311418685121,True,all_pre_hcc,provided_area,True,lbfgs,-0.0090827824849522,0.357295424580129,-0.0077142389648175,0.3182467491051554,0.26156519585126,0.4911237071788311,2.4531433974924823,0.7766933886544207,-954.2056250391912,,0.6955398989109713,0.8890288548228401
176,isocitrate,Method 1,ODBLHEXUDAPZAU-OKKQSCSOSA-N,HMDB0001874,C00451,0.0051903114186851,True,all_pre_hcc,provided_area,True,lbfgs,0.0006506287992408,-0.2818948807199437,-0.0060399955633122,0.2513205121079027,0.2620092046383077,0.5825763054550568,1.3039456482837122,0.7829674531413222,-905.0515484687676,,0.6955398989109713,0.9158671755912854
352,octanoylcarnitine (C8),Method 2,CXTATJFJDMJMIY-UHFFFAOYSA-N,HMDB0000791,C02838,0.0,True,all_pre_hcc,provided_area,True,lbfgs,0.0026125753106194,-0.2640682503760378,0.0058501569500445,0.2358057534247976,0.2627755600934266,0.5199479548088014,1.2746592814922764,0.5207935464857145,-817.4481523146715,,0.6957810460057311,0.8893204180990235
130,asparagine,Method 1,DCXYFEDJOCDNAF-REOHCLBHSA-N,HMDB0000168,C00152,0.0,True,all_pre_hcc,provided_area,True,lbfgs,-0.0028807639085342,0.1005041401330565,0.0043214278510397,0.0899674892305648,0.2639446426163881,0.1005072856199074,0.211543306086298,0.0419982695642691,-152.0112712518585,,0.6970845689612301,0.6364334943702539
860,"sphingomyelin (d18:2/24:1, d18:1/24:2)*",Method 2,TXFLWJQVQCDUDZ-BRUGZULGSA-N,"HMDB0240636,HMDB0240615",,0.0,True,all_pre_hcc,provided_area,True,lbfgs,-0.0010996122906643,-0.1217294033666817,0.0027250877302094,0.1097513687380061,0.2673706943658452,0.2815265919811826,0.3338020539395185,0.0381905957024687,-175.46867717272562,,0.7043268930864977,0.8169680049949793
135,caprylate (8:0),Method 3,WWZKQHOCKIZLMA-UHFFFAOYSA-N,HMDB0000482,C06423,0.0,True,all_pre_hcc,provided_area,True,lbfgs,-0.0142031852798714,0.2794728141420818,0.0190150267719542,0.2527500590392516,0.268844272324967,0.1170560226058263,1.180203492124926,0.9799447524685196,-946.4466952281456,,0.7044578011642466,0.6552592569782668
792,p-cresol glucuronide*,Method 3,JPAUCQAJHLSMQW-XPORZQOISA-N,HMDB0011686,,0.3339100346020761,False,all_pre_hcc,provided_area,True,lbfgs,0.0143796364834572,-0.5945911078261955,-0.0476210426393569,0.5380328398562481,0.2691073894602827,0.0507785836516746,5.762154347849601,3.878075248034265,-1358.974109482694,,0.7044578011642466,0.5035487532926729
141,5-oxoproline,Method 3,ODHCTXKNWHHXJC-VKHMYHEASA-N,HMDB0000267,"C02237,C01879",0.0,True,all_pre_hcc,provided_area,True,lbfgs,0.0004865361713524,0.1756904990060184,-0.0084936151640946,0.1596912410913204,0.2712499128274761,0.0068747188645086,0.7243559215428997,0.0584182857208279,-331.63408724911733,,0.7044578011642466,0.1913773089309151
645,N-oleoyltaurine,Method 3,KOGRJTUIKPMZEJ-KTKRTIGZSA-N,,,0.0207612456747404,True,all_pre_hcc,provided_area,True,lbfgs,-0.0050056071294526,0.2873541326709746,0.010501494974765,0.2613246952530249,0.2715039436664761,0.2944564058090182,1.5721414635674915,0.6311313087556246,-874.4196682871989,,0.7044578011642466,0.8178108858282597
764,alpha-CEHC sulfate,Method 3,ZQMMTPNJGWUHCB-UHFFFAOYSA-N,,,0.6782006920415224,False,all_pre_hcc,provided_area,True,lbfgs,0.0139323236264114,-0.4577121999593884,-0.000124265486084,0.4166629824237026,0.2719779286656691,0.9946476328467188,3.5250847920392787,2.231299345275067,-1203.758087977164,,0.7044578011642466,0.9999989883008276
349,stearidonate (18:4n3),Method 3,JIWBIWFOSCKQMA-LTKCOYKYSA-N,HMDB0006547,C16300,0.0121107266435986,True,all_pre_hcc,provided_area,True,lbfgs,-0.0010473726365252,0.2883106761436615,0.020017740415157,0.2627727634325228,0.2725599606047768,0.1814623504264737,0.8426100068574631,1.667897959750866,-1047.743661465011,,0.7044578011642466,0.7387597665583712
948,palmitoyl-oleoyl-glycerol (16:0/18:1) [2]*,Method 2,YEJYLHKQOBOSCP-OZKTZCCCSA-N,HMDB0007102,C13861,0.5934256055363322,False,all_pre_hcc,provided_area,True,lbfgs,0.0030629380277761,-0.5411586601766492,0.0029195512915847,0.4934090875518973,0.2727398426929529,0.7806122941141914,6.840477776412971,0.6524722687045064,-1012.9577705465776,,0.7044578011642466,0.9696412414258495
1096,dodecadienoate (12:2)*,Method 3,QHRHXXRXWDTFLI-HZJYTTRNSA-N,,,0.0,True,all_pre_hcc,provided_area,True,lbfgs,-0.0052880701778882,0.2716749740607859,0.014212878666996,0.2481077018284853,0.273521862217325,0.2131382205741661,1.1996219422606118,0.8591941539233722,-918.8991531017882,,0.7044578011642466,0.7767623923675955
1089,2-hydroxysebacate,Method 3,LPIOYESQKJFWPQ-UHFFFAOYSA-N,HMDB0000424,,0.0242214532871972,True,all_pre_hcc,provided_area,True,lbfgs,0.002025544105207,-0.2629809825173606,0.0047262146796549,0.2409920022022726,0.2751657031179416,0.6517137433842743,1.2076825348759417,0.7085508063995798,-877.9399454565805,,0.7044578011642466,0.9265555417511936
557,gamma-CEHC,Method 3,VMJQLPNCUPGMNQ-UHFFFAOYSA-N,HMDB0001931,,0.0121107266435986,True,all_pre_hcc,provided_area,True,lbfgs,0.0057199164791494,-0.2441879781148052,0.0036450469070058,0.2239195204935244,0.275485597946005,0.6991341990745203,1.07286827435994,0.5712869294777693,-823.1332329503439,,0.7044578011642466,0.9500108509851661
828,citraconate/glutaconate,Method 4,HNEGQIOMVPPMNR-IHWYPQMZSA-N,"HMDB0000634,HMDB0000620","C02226,C02214",0.0138408304498269,True,all_pre_hcc,provided_area,True,lbfgs,0.0037660313394042,-0.4347934907763228,0.0122381205939306,0.3992169948372921,0.2761028739491287,0.5093435938827122,3.0747702763074365,2.2672814395467653,-1197.235368310537,,0.7044578011642466,0.8893204180990235
804,"sphingomyelin (d18:1/20:2, d18:2/20:1, d16:1/22:2)*",Method 2,YVTVVJRJLRHYSJ-COUPUTHFSA-N,,,0.0086505190311418,True,all_pre_hcc,provided_area,True,lbfgs,-9.007880767260329e-06,-0.1640454330689777,0.0056980099859605,0.150687957097152,0.2763112197312255,0.3256115869229956,0.5214436835456976,0.2115620906050928,-557.6780621704434,,0.7044578011642466,0.83760830376663
278,theanine,Method 1,DATAGRPVKZEWHA-YFKPBYRVSA-N,HMDB0034365,C01047,0.6955017301038062,False,all_pre_hcc,provided_area,True,lbfgs,0.0058336512688407,0.574615126345716,0.0102663955310691,0.5278272432755466,0.2763116035634521,0.7342327391470487,3.3300291283332064,6.833841041349512,-1453.5011255673817,,0.7044578011642466,0.9581920026367826
646,linoleoylcarnitine (C18:2)*,Method 2,MJLXQSQYKZWZCB-DQFWFXSYSA-N,HMDB0006469,,0.0,True,all_pre_hcc,provided_area,True,lbfgs,0.0004265952539512,-0.175020313230808,0.0015308257465673,0.1614983546482307,0.2784853501771449,0.7497229930276581,0.6780849563121332,0.1399158833277522,-496.3276741811819,,0.7044859891159098,0.9590589646401889
754,1-oleoyl-GPG (18:1)*,Method 3,FQQQKGAFQIIGLQ-VYFUBJQISA-N,HMDB0240602,,0.1228373702422145,True,all_pre_hcc,provided_area,True,lbfgs,-0.0116169020990164,0.246730726921914,0.0084093822682025,0.2277449254031809,0.2786467448895694,0.4519655753946219,0.9263167292070488,0.8391682434419971,-895.661795782692,,0.7044859891159098,0.8845012363653422
478,glycerophosphoethanolamine,Method 1,JZNWSCPGTDBMEW-UHFFFAOYSA-N,HMDB0000114,C01233,0.0,True,all_pre_hcc,provided_area,True,lbfgs,-0.0003562004008957,-0.114264393935755,-0.0062323526432011,0.1055226702283662,0.2788784979612626,0.0578461876985449,0.2849887455920354,0.0655424901955683,-267.484929595189,,0.7044859891159098,0.5098831377064287
286,erythritol,Method 4,UNXHWFMMPAWVPI-UHFFFAOYSA-N,HMDB0002994,C00503,0.0,True,all_pre_hcc,provided_area,True,lbfgs,0.0019065736401639,-0.3381871372051176,0.0161640260994345,0.3128222817611114,0.2796597875455413,0.3034048227855644,1.6790768715082218,1.6782091031895368,-1089.413166259218,,0.7044859891159098,0.8178108858282597
427,7-methylguanine,Method 1,FZWGECJQACGGTI-UHFFFAOYSA-N,HMDB0000897,C02242,0.0,True,all_pre_hcc,provided_area,True,lbfgs,-0.0014055734861977,-0.0988449532203458,0.0013250796780023,0.091717567008776,0.2811631258487392,0.6496326194276156,0.2133392138510249,0.0520433290407312,-195.62492117544755,,0.7044859891159098,0.9265555417511936
49,sphinganine,Method 2,OTKJDMGTUTTYMP-UHFFFAOYSA-N,HMDB0000269,C00836,0.0173010380622837,True,all_pre_hcc,provided_area,True,lbfgs,0.0028157509574982,-0.1884900760321122,-0.0034414122037481,0.1750378750283575,0.2815459043726498,0.6785536269123797,0.5735386236290496,0.4594735201998908,-730.0475585581012,,0.7044859891159098,0.9397092048624517
995,"sphingomyelin (d18:1/19:0, d19:1/18:0)*",Method 2,HAFQHLHNPJDAGB-MAJDXUCPSA-N,,,0.0,True,all_pre_hcc,provided_area,True,lbfgs,0.001342422912835,-0.1883812223367182,-0.0025901398761068,0.1749547583095198,0.2815953236636086,0.6108043192611148,0.801346751287623,0.1570669109311359,-534.3713223604414,,0.7044859891159098,0.9249126500816807
750,etiocholanolone glucuronide,Method 3,VFUIRAVTUVCQTF-ILTUOXSPSA-N,HMDB0004484,,0.5622837370242214,False,all_pre_hcc,provided_area,True,lbfgs,0.0036407629632953,-0.4028232533827071,-0.0249812923472614,0.3742677048654874,0.2817943956463639,0.0998121535517179,3.0968684349309297,1.463264019977624,-1104.3130755239165,,0.7044859891159098,0.6364334943702539
1017,levetiracetam,Method 1,HPHUVLMMVZITSG-LURJTMIESA-N,HMDB0015333,C07841,0.9878892733564014,False,all_pre_hcc,provided_area,True,lbfgs,0.0082567903206163,-0.2216644238642498,-0.0082567903206165,0.2062607058244297,0.2825176550560186,0.4792318773813986,0.5357905442279144,1.004985014583233,-904.1148029768596,,0.7045839823430973,0.8855918593261037
567,andro steroid monosulfate C19H28O6S (1)*,Method 3,UNURIUSTYBXRLV-UHFFFAOYSA-N,HMDB0002759,,0.0328719723183391,True,all_pre_hcc,provided_area,True,lbfgs,-0.0158044400824498,0.339427484248839,0.0113687699594563,0.3171547035672012,0.2845172044768592,0.1496248492939945,2.745059780840403,0.3729204584489338,-817.9238016519434,,0.7078568130704467,0.6869213040773252
566,pregnenolone sulfate,Method 3,DIJBBUIOWGGQOP-QGVNFLHTSA-N,HMDB0000774,C18044,0.0051903114186851,True,all_pre_hcc,provided_area,True,lbfgs,-0.0087292529481596,0.2562991507752489,0.0071378120340999,0.2406800823281916,0.2869231950106158,0.357015471735057,1.461633149236722,0.3680388188931043,-758.1558090874692,,0.7106384587895384,0.8441779558581768
1209,succinoyltaurine,Method 4,SBQWITJAJITAMM-UHFFFAOYSA-N,,,0.1989619377162629,True,all_pre_hcc,provided_area,True,lbfgs,0.0060422575497604,0.3304075097473128,-0.0077019672262298,0.3103314212689442,0.2870151445208232,0.5355623459168247,2.147955195146858,0.9812613875191044,-991.5155925739136,,0.7106384587895384,0.8893204180990235
1131,4-hydroxy duloxetine glucuronide*,Method 3,OBIZFSZXDHWUJZ-ANUWOGMRSA-N,HMDB0060763,,0.9826989619377162,False,all_pre_hcc,provided_area,True,lbfgs,0.0005446948794931,-0.0745504124123555,-0.0005446948794932,0.0703751066421783,0.289449835846455,0.8498603526579881,0.1086875358356503,0.0528098300215226,-142.1236461557719,,0.7124339723042031,0.9909331294058851
354,decanoylcarnitine (C10),Method 2,LZOSYCMHQXPBFU-UHFFFAOYSA-N,HMDB0000651,,0.0,True,all_pre_hcc,provided_area,True,lbfgs,0.0032547013288158,-0.2376409137116289,0.005350226015801,0.2243716835380138,0.2895362510900287,0.5654194877334553,1.0913728033440535,0.5543060351807139,-818.0894821933462,,0.7124339723042031,0.9039081818108017
106,betaine,Method 1,KWIUHFFTVRNATP-UHFFFAOYSA-N,HMDB0000043,C00719,0.0,True,all_pre_hcc,provided_area,True,lbfgs,-0.001513296012112,0.0936160235081646,0.0031481435543929,0.088530963262054,0.2903116397811403,0.2308767995181846,0.2038526609257127,0.0419413182986237,-148.40910282338064,,0.7124339723042031,0.7969835758472709
76,stearate (18:0),Method 3,QIQXTHQIDYTFRH-UHFFFAOYSA-N,HMDB0000827,C01530,0.0,True,all_pre_hcc,provided_area,True,lbfgs,1.4186512334513912e-05,0.1679831883234207,-0.0022146409554616,0.1589229996312521,0.2905070566677333,0.6591431108518431,0.6424203638480808,0.1538321287365589,-510.4767290740897,,0.7124339723042031,0.9265555417511936
499,4-ethylphenylsulfate,Method 3,DWZGLEPNCRFCEP-UHFFFAOYSA-N,HMDB0062551,C13637,0.0051903114186851,True,all_pre_hcc,provided_area,True,lbfgs,0.0021462238677764,-0.3572400679690808,-0.0189934188141502,0.3387987651552362,0.2916854367817978,0.2427953388818232,2.120987999847752,1.7604054157251428,-1115.770992165032,,0.7136247028153249,0.8002024975482205
727,3-hydroxycotinine glucuronide,Method 3,WALNNKZUGHYSCT-MGKNELHOSA-N,HMDB0001204,,0.8062283737024222,False,all_pre_hcc,provided_area,True,lbfgs,0.0032041130668651,-0.3256594389783381,-0.0038093815975117,0.3093155793772795,0.2924148854988952,0.4521355367063655,2.771468020170781,0.1510953234575194,-644.236624530356,,0.7137140570233699,0.8845012363653422
51,fumarate,Method 4,VZCYOOQTPOCHFL-OWOJBTEDSA-N,HMDB0000134,C00122,0.0017301038062283,True,all_pre_hcc,provided_area,True,lbfgs,0.0007454775692799,-0.1807307764018814,0.0053189107926143,0.1737983272804933,0.2983919878339568,0.2782354260836691,0.7983115186108122,0.1453087362311489,-518.589813575174,,0.7228260503296479,0.8169680049949793
275,phenyllactate (PLA),Method 3,VOXXWSYKYCBWHO-UHFFFAOYSA-N,"HMDB0000779,HMDB0000563",C05607,0.0,True,all_pre_hcc,provided_area,True,lbfgs,-0.0041496908799829,0.2477377304324201,-0.0028127298924099,0.2385982229671926,0.2991280766856286,0.7142274557208721,1.4371792363482745,0.3607661882219168,-752.6586737314638,,0.7228260503296479,0.9527350695410636
1139,glycoursodeoxycholic acid sulfate (1),Method 3,DKXXSIJHWWVNMO-XROMFQGDSA-N,,,0.0173010380622837,True,all_pre_hcc,provided_area,True,lbfgs,-0.0233510230454229,-0.579971738960787,-0.0168551978294656,0.5588656783604201,0.2993790599617889,0.4081970788242345,7.416377681959464,2.5894893376561328,-1293.9533757016893,,0.7228260503296479,0.858046920793799
34,phenylpyruvate,Method 3,BTNMPGBKDVTSJY-UHFFFAOYSA-N,HMDB0000205,C00166,0.0138408304498269,True,all_pre_hcc,provided_area,True,lbfgs,-0.0039881023322639,-0.2028198260402638,0.0034763836843871,0.1958486795483926,0.3003913335355254,0.6671881542070502,0.8362163687228714,0.4164009000857659,-736.9636653822204,,0.7228260503296479,0.9286537822071105
211,taurodeoxycholate,Method 2,AWDRATDZQPNJFN-RZGBOAIJSA-N,HMDB0000896,C05463,0.4844290657439446,False,all_pre_hcc,provided_area,True,lbfgs,0.0059396439587129,0.5066054000311391,0.0013811068469908,0.4897612975510754,0.3009527215328442,0.9455281815146036,5.226889059027701,2.6060409329826646,-1266.8735598975595,,0.7228260503296479,0.9969785874248245
843,1-palmitoyl-2-docosahexaenoyl-GPC (16:0/22:6),Method 2,IESVDEZGAHUQJU-ZLBXKVHBSA-N,HMDB0007991,,0.0,True,all_pre_hcc,provided_area,True,lbfgs,-0.0005382370999876,-0.1413836891940344,-0.0046658847614568,0.136951649948735,0.3019025324334451,0.2813712011235494,0.4766611900110222,0.114712752841876,-425.2334423183265,,0.7228260503296479,0.8169680049949793
1261,tetrahydrocortisone glucuronide (5),Method 3,QUOCEDQXFGCYTL-QMELEVSMSA-N,,,0.2647058823529412,False,all_pre_hcc,provided_area,True,lbfgs,-0.0002022472283812,-0.3689293446228053,-0.0008769922529952,0.3575163382526002,0.3021081742761333,0.9492376878581024,2.9318867726120788,1.195253124420797,-1057.7177011730637,,0.7228260503296479,0.9969785874248245
542,21-hydroxypregnenolone monosulfate (2),Method 3,DFSPOIZXVIWHFO-WGKOQXAXSA-N,,,0.6332179930795848,False,all_pre_hcc,provided_area,True,lbfgs,-0.0101019339491665,0.2768728099758079,0.0174198586459561,0.2686417602245011,0.3027099045985943,0.0490714091686928,1.803267667114815,0.4815549495315483,-830.7098700714323,,0.7228260503296479,0.5028970483427219
498,4-vinylphenol sulfate,Method 3,IETVQHUKTKKBFF-UHFFFAOYSA-N,HMDB0062775,C05627,0.0,True,all_pre_hcc,provided_area,True,lbfgs,-0.0018824675832605,-0.3516722315542508,-0.0091895034300861,0.3417400833461653,0.3034498567052471,0.6173328395874116,1.744730922012475,2.363934493544791,-1169.428501915505,,0.7228260503296479,0.9252575853260273
1142,lithocholate sulfate (1),Method 3,AXDXVEYHEODSPN-HVATVPOCSA-N,,,0.4671280276816609,False,all_pre_hcc,provided_area,True,lbfgs,0.016273151212031,-0.4890092146621845,-0.0014688588414326,0.4752100548884544,0.3034618085077644,0.9395911652204618,4.967469386622434,2.3928173050560027,-1244.9172525573972,,0.7228260503296479,0.9969785874248245
892,phenylacetylglutamate,Method 3,PTSRBZOZSRJCKX-JTQLQIEISA-N,HMDB0059772,,0.2785467128027681,False,all_pre_hcc,provided_area,True,lbfgs,0.0054676966845169,-0.3648244916682922,-0.02282201909209,0.3548743580999099,0.3039317325974279,0.1488801383608331,2.5538448381517456,1.6219925076538158,-1111.336641995359,,0.7228260503296479,0.6869213040773252
1138,6-hydroxywarfarin,Method 3,IQWPEJBUOJQPDE-UHFFFAOYSA-N,"HMDB0013883,HMDB0013880",,0.9705882352941176,False,all_pre_hcc,provided_area,True,lbfgs,0.0016059741009832,-0.0447959866586672,-0.0016059741009831,0.0436317302962876,0.3045694231486089,0.3283491309278135,0.0443403109589527,0.0169162054634178,167.35598843652315,,0.7228260503296479,0.83760830376663
1240,2-methoxyhydroquinone sulfate (1),Method 3,LEJCLCZOTCOTQE-UHFFFAOYSA-N,,,0.07439446366782,True,all_pre_hcc,provided_area,True,lbfgs,0.008428031317003,0.3938480335971937,0.0084118473873628,0.3868627109781734,0.3086511847911893,0.6554453600986374,2.7068581732417125,2.3754783685201226,-1198.5371597301423,,0.7298580070488628,0.9265555417511936
936,palmitoleoylcarnitine (C16:1)*,Method 2,JFAGPSOZZSTLRF-KHPPLWFESA-N,HMDB0013207,,0.0,True,all_pre_hcc,provided_area,True,lbfgs,-0.0011399165817474,-0.2003916625483741,0.0094717056137545,0.1969834416659437,0.3090097531836212,0.2458220749822638,0.8422316404645172,0.4261579175467191,-742.4041833212359,,0.7298580070488628,0.8002024975482205
314,2-pyrrolidinone,Method 1,HNJBEVLQSNELDL-UHFFFAOYSA-N,HMDB0002039,,0.0069204152249134,True,all_pre_hcc,provided_area,True,lbfgs,0.0085172089560718,-0.2522724842899441,1.702049197755867e-05,0.2483426254141313,0.3097130417286876,0.9981755219366968,1.599026109723835,0.3365587857666365,-748.2114308723721,,0.7298580070488628,0.9999989883008276
204,1-palmitoyl-2-linoleoyl-GPC (16:0/18:2),Method 2,JLPULHDHAOZNQI-ZTIMHPMXSA-N,HMDB0007973,,0.0,True,all_pre_hcc,provided_area,True,lbfgs,4.960872156496413e-05,-0.070199570290467,-0.0022049411462648,0.0691994534525458,0.3103668029974776,0.1778611654548894,0.1320646506813729,0.0159932175803141,81.435800574307,,0.7298580070488628,0.7349110186116559
1093,6-bromotryptophan,Method 3,OAORYCZPERQARS-UHFFFAOYSA-N,,,0.0034602076124567,True,all_pre_hcc,provided_area,True,lbfgs,-0.0028746160122922,-0.1563020755422137,-0.0068388179874366,0.1543968391342248,0.3113755794176699,0.2134211233398345,0.5752140505247945,0.1856314234146979,-538.9432922638662,,0.7301255984364341,0.7767623923675955
815,3beta-hydroxy-5-cholestenoate,Method 3,WVXOMPRLWLXFAP-AMQKJUDNSA-N,HMDB0012453,C17333,0.0,True,all_pre_hcc,provided_area,True,lbfgs,-0.0027390557075243,0.1590404295568943,-0.003653036840847,0.1572716245404604,0.3118983138951757,0.4727960405378039,0.6229539354473638,0.1586663948608342,-513.9915995074471,,0.7301255984364341,0.8855918593261037
1012,dihomo-linolenoylcarnitine (C20:3n3 or 6)*,Method 2,RDIZZXFTCZPSRY-WYTUUNCASA-N,,,0.0,True,all_pre_hcc,provided_area,True,lbfgs,0.0003623048243142,-0.1774933018269971,-0.0001868779237504,0.1769138567959571,0.3157280527126149,0.96860563875421,0.8387410458241106,0.135767592833346,-509.6883812707929,,0.7374147262902343,0.9974755988405244
973,sphingadienine,Method 2,KWDXKYNWAKMLKK-YQMRQDNGSA-N,,,0.1833910034602076,True,all_pre_hcc,provided_area,True,lbfgs,0.0001011301423601,-0.2233274553637288,0.0053999964474039,0.2235854246679655,0.3178691939196996,0.3974790577380781,1.3164805707393052,0.2465478567480608,-668.7969323124603,,0.7407359043830103,0.8547044456580803
625,ethyl glucuronide,Method 3,IWJBVMJWSPZNJH-XWBUKDKVSA-N,HMDB0010325,,0.9152249134948096,False,all_pre_hcc,provided_area,True,lbfgs,0.0137399430777016,-0.3355049976542138,-0.0128976093344435,0.3369010296794251,0.3193199926968142,0.3817286249097791,2.341302320841516,1.409904272814641,-1074.8209128639137,,0.7412204411203086,0.8481513895397405
1006,lignoceroylcarnitine (C24)*,Method 2,YDUFZFUYBBPVLJ-UHFFFAOYSA-N,HMDB0240665,,0.0017301038062283,True,all_pre_hcc,provided_area,True,lbfgs,-0.0009008860289307,-0.1714149902077438,-0.0018145866744843,0.1723806492690168,0.3200290925021626,0.7865384754124293,0.6774709283519124,0.283267777515006,-639.5784006752224,,0.7412204411203086,0.9710595005057202
1050,3-carboxy-4-methyl-5-pentyl-2-furanpropionate (3-CMPFP)**,Method 3,RIJDKRLRDVBUHJ-UHFFFAOYSA-N,HMDB0061643,,0.0,True,all_pre_hcc,provided_area,True,lbfgs,0.0002858551359303,-0.2292306051609205,-0.0071572692570413,0.2306611380336528,0.3203211619607596,0.3366081203036674,1.3408911667275845,0.3400723998911572,-734.6856334476261,,0.7412204411203086,0.83760830376663
1145,3-(methylthio)acetaminophen sulfate*,Method 3,VOXWKXZBPMQUJH-UHFFFAOYSA-N,,,0.6401384083044983,False,all_pre_hcc,provided_area,True,lbfgs,0.0179035483248747,0.5946435025403483,-0.0293481177470648,0.5991394666964978,0.320955647320056,0.2687409311790243,7.324316595359828,4.566771238823982,-1411.869741710099,,0.7412204411203086,0.8165284929628173
523,1-palmitoyl-2-linoleoyl-GPE (16:0/18:2),Method 2,HBZNVZIRJWODIB-NHCUFCNUSA-N,HMDB0005322,,0.0,True,all_pre_hcc,provided_area,True,lbfgs,-0.001148188054043,0.1508154552805357,0.0080152615836274,0.1525832020164376,0.3229496699317514,0.1406219030992965,0.5597906475894668,0.1838674232797874,-534.691126373873,,0.7431154248409778,0.6758022901938247
1106,sulfate of piperine metabolite C18H21NO3 (1)*,Method 3,,,,0.0173010380622837,True,all_pre_hcc,provided_area,True,lbfgs,-0.0058629211587626,0.3335783003836985,-0.0130732947810888,0.3390784299726942,0.3252240974699809,0.2321311385962925,2.8998300279576217,0.7321612801573752,-956.6954595459406,,0.7431154248409778,0.7969835758472709
397,stearoylcarnitine (C18),Method 2,FNPHNLNTJNMAEE-HSZRJFAPSA-N,HMDB0000848,,0.0,True,all_pre_hcc,provided_area,True,lbfgs,0.0006879146935908,-0.1704980469147028,-0.0024887335682846,0.1736991968875581,0.3263113749040485,0.5927119512804433,0.8090026637493151,0.1302813961560862,-498.2410279760716,,0.7431154248409778,0.9166566213496345
1132,5-hydroxy-6-methoxy duloxetine sulfate*,Method 3,XYZBSFYKOKLCKI-INIZCTEOSA-N,,,0.9826989619377162,False,all_pre_hcc,provided_area,True,lbfgs,0.0003404167702533,-0.0641048493513883,-0.0003404167702532,0.0654487232878913,0.3273494017486669,0.8543190474877921,0.1130647896814769,0.0207939748721993,44.22303271529245,,0.7431154248409778,0.9909331294058851
1166,fibrinopeptide A (3-15)**,Method 3,ROMVHQMTMINAHB-UHFFFAOYSA-N,,,0.0103806228373702,True,all_pre_hcc,provided_area,True,lbfgs,-0.002846164030379,-0.220645086356596,-0.0044393209544026,0.2257057132973378,0.3282827613351762,0.5769194510032655,1.232037406405018,0.3928238149073674,-756.6025616470915,,0.7431154248409778,0.9127911436764414
1214,2-hydroxy-4-(methylthio)butanoic acid,Method 4,ONFOSYPQQXJWGS-UHFFFAOYSA-N,HMDB0037115,,0.0,True,all_pre_hcc,provided_area,True,lbfgs,-0.0055599778940332,0.2103687836888648,0.0141067753201403,0.215582914946136,0.3291567442834707,0.0594038607036616,1.133164134031137,0.3465764852104243,-723.9474838405768,,0.7431154248409778,0.5098831377064287
69,lysine,Method 1,KDXKERNSBIXSRK-UHFFFAOYSA-N,HMDB0003405,"C00739,C00047",0.0,True,all_pre_hcc,provided_area,True,lbfgs,0.0001670306299113,0.0711279427523069,0.0053365581017636,0.0729694052804673,0.329677383255452,0.0153801417395885,0.1376988843955449,0.0295074292559163,-43.14107314030343,,0.7431154248409778,0.28721014526555183
990,baclofen,Method 1,KPYSYYIEGFHWSV-UHFFFAOYSA-N,HMDB0014327,D00241,0.9930795847750864,False,all_pre_hcc,provided_area,True,lbfgs,0.0010141365469513,-0.0323150956147417,-0.0010141365469504,0.033188324492172,0.330211143363299,0.6312091811002529,0.0013039047138119,0.0460795553557266,61.54277170253158,,0.7431154248409778,0.926373645420699
496,mannitol/sorbitol,Method 4,FBPFZTCFMRRESA-UHFFFAOYSA-N,"HMDB0000247,HMDB0000765","C00392,C00794",0.0,True,all_pre_hcc,provided_area,True,lbfgs,-0.0005710761783577,0.2772208867964748,-0.0112156116834462,0.2847516975684521,0.3302785021508039,0.4218583914889842,1.4520349223726057,1.3066483577497254,-1024.0867355202536,,0.7431154248409778,0.8649610746772486
1135,ranitidine N-oxide*,Method 1,DFJVUWAHTQPQCV-MDWZMJQESA-N,,,0.9844290657439446,False,all_pre_hcc,provided_area,True,lbfgs,0.0002443171402267,0.1470363087812762,-0.0029779541981596,0.1512685466309736,0.3310397567018104,0.4871383829652226,0.6039593724459291,0.1111065338512577,-440.0652846841927,,0.7431154248409778,0.8864885767741684
457,N-acetylcitrulline,Method 3,WMQMIOYQXNRROC-LURJTMIESA-N,HMDB0000856,"C15532,C02851",0.0916955017301038,True,all_pre_hcc,provided_area,True,lbfgs,-0.0032696377362241,-0.3314344141948985,0.0012315019739428,0.3414251981677624,0.3316787635254427,0.9095715811996588,2.958482940539495,0.7185965463984353,-954.6955429490064,,0.7431154248409778,0.9969785874248245
322,3-methylxanthine,Method 3,GMSNIKWWOQHZGF-UHFFFAOYSA-N,HMDB0001886,C16357,0.0138408304498269,True,all_pre_hcc,provided_area,True,lbfgs,0.0068837883916424,-0.3293742167119741,0.0037332033994522,0.3393078707468875,0.3316858499668405,0.789866839206339,2.5084502327699227,1.2516179961941662,-1054.86306516246,,0.7431154248409778,0.9710595005057202
218,methylsuccinate,Method 4,WXUAQHNMJWJLTG-UHFFFAOYSA-N,HMDB0001844,,0.0017301038062283,True,all_pre_hcc,provided_area,True,lbfgs,0.0041405846846492,-0.1360753476223533,-0.0028333047291404,0.1401943528741379,0.3317378809177218,0.6580703332845435,0.3866825967063835,0.2693990629764184,-585.7178881342857,,0.7431154248409778,0.9265555417511936
700,3-methyl catechol sulfate (1),Method 3,HFDKYCXWNHNKAF-UHFFFAOYSA-N,,,0.0155709342560553,True,all_pre_hcc,provided_area,True,lbfgs,-0.0030262769164581,-0.3755339177212182,0.0098952786281224,0.3870125118621118,0.3318767916765532,0.6078749498056499,2.597573298267024,2.5307120155052027,-1209.8102401198262,,0.7431154248409778,0.9234678441000287
55,glycine,Method 1,DHMQDGOQFOQNFH-UHFFFAOYSA-N,HMDB0000123,C00037,0.0,True,all_pre_hcc,provided_area,True,lbfgs,-0.0019485224373411,-0.0828318126257837,0.0039329891743166,0.0855710985862049,0.333050269142218,0.1053601862812668,0.1931655219509148,0.0356873023622066,-111.4622249564518,,0.7441253301876021,0.6459582849387191
503,N6-carboxymethyllysine,Method 1,NUXSIDPKKIEIMI-UHFFFAOYSA-N,HMDB0240347,,0.2664359861591695,False,all_pre_hcc,provided_area,True,lbfgs,0.0029134912486261,-0.401638340341183,0.0133079304611853,0.4182498276289477,0.3369126338226944,0.5230115980907288,3.035171433718138,2.9530446884096286,-1254.5029237921658,,0.7511255689120675,0.8893204180990235
561,palmitoyl sphingomyelin (d18:1/16:0),Method 2,RWKUXQNLWDTSLO-GWQJGLRPSA-N,HMDB0010169,,0.0,True,all_pre_hcc,provided_area,True,lbfgs,-0.0009664896887739,-0.0976313486913811,-6.374596966493866e-05,0.101885160013386,0.337937233884005,0.9693913344071504,0.3008140431814277,0.0162447853821734,-0.6543980336864479,,0.7513428225826309,0.9974755988405244
1090,enterolactone sulfate,Method 3,CGSFDOCYHBJLFW-WMLDXEAASA-N,"HMDB0240506,HMDB0240505",,0.903114186851211,False,all_pre_hcc,provided_area,True,lbfgs,0.0099165243355137,-0.1824992389401915,-0.0075711261987069,0.1914044834013543,0.3403498562327204,0.3487716338662557,0.7822921156497809,0.4195796038848394,-733.3781563904122,,0.7513428225826309,0.83760830376663
415,phenylacetylglutamine,Method 3,JFLIEFSWGNOPJJ-JTQLQIEISA-N,HMDB0006344,C04148,0.0,True,all_pre_hcc,provided_area,True,lbfgs,0.0100712740978825,-0.2701857443374605,-0.0342610065249483,0.283826117473726,0.3411268578286026,0.0016627858326435,1.8580357801135876,0.7398679920205531,-921.02337460852,,0.7513428225826309,0.12233352911591464
705,warfarin,Method 3,PJVWKTKQMONHTI-UHFFFAOYSA-N,HMDB0001935,"
DG00149,D08682,C01541",0.9688581314878892,False,all_pre_hcc,provided_area,True,lbfgs,0.004256167872967,-0.1783135808393142,-0.0042561678729667,0.187429551528836,0.3414200266296852,0.5235971244070479,0.8454538983727791,0.2764894389515246,-652.9590723930514,,0.7513428225826309,0.8893204180990235
1060,carboxyibuprofen glucuronide*,Method 4,FLVLKWAQHDRIPH-UHFFFAOYSA-N,HMDB60564,,0.9602076124567474,False,all_pre_hcc,provided_area,True,lbfgs,0.0054394081745506,0.1956227314080518,-0.005039444336706,0.2056504809070617,0.3414831299521734,0.602093757904226,0.8014490437117268,0.6204659689098155,-819.2661619503128,,0.7513428225826309,0.9201136062928084
19,"N6,N6,N6-trimethyllysine",Method 1,MXNRLFUSFKVQSK-UHFFFAOYSA-N,HMDB0001325,C03793,0.0,True,all_pre_hcc,provided_area,True,lbfgs,0.0027601159620525,-0.1469877592012402,-0.0044403235072121,0.1546571189370785,0.341903679722797,0.4347922765978629,0.5653183418466586,0.2017625547783669,-554.5559616679466,,0.7513428225826309,0.8729747463855727
739,3-methoxytyramine sulfate,Method 3,ORZHQEJEAKXCJA-UHFFFAOYSA-N,,,0.0242214532871972,True,all_pre_hcc,provided_area,True,lbfgs,0.0004502082505991,0.2171553588429882,-0.0135152178110783,0.228586502476418,0.3421162949429649,0.0601518067959801,1.3317459350538556,0.3147013359360373,-718.5018146429388,,0.7513428225826309,0.512036041321153
731,N-delta-acetylornithine,Method 3,SRXKAYJJGAAOBP-UHFFFAOYSA-N,HMDB0003357,C00437,0.0,True,all_pre_hcc,provided_area,True,lbfgs,4.0334240001523176e-05,0.201686770886554,-0.0115314462793416,0.2128718860815083,0.3434064067332644,0.1153839078626288,1.1097608310780898,0.3316072538766688,-713.180557098724,,0.7525714870963028,0.6552592569782668
139,allantoin,Method 4,POJWUDADGALRAB-UHFFFAOYSA-N,HMDB0000462,"C02348,C01551,C02350",0.0,True,all_pre_hcc,provided_area,True,lbfgs,0.0022697907246648,0.0963087542059607,-0.0018283335589654,0.1019805818820674,0.3449738335320776,0.6811754849554099,0.2151291319599831,0.1284012496036937,-383.0132382210895,,0.7544013769385136,0.939747810338364
333,pro-hydroxy-pro,Method 1,ONPXCLZMBSJLSP-ALKRTJFJSA-N,HMDB0006695,,0.0017301038062283,True,all_pre_hcc,provided_area,True,lbfgs,-0.0088463051402224,-0.1349861964926167,-0.0016401278527267,0.1431859372567645,0.3458171739755735,0.7940422509535742,0.4224867567737623,0.2552675445803313,-580.6787554552379,,0.7546434093111032,0.9713757016489895
958,oleoyl-arachidonoyl-glycerol (18:1/20:4) [2]*,Method 2,LWXLWRXRJKMNLM-XBUMEPTLSA-N,HMDB0007228,,0.2058823529411764,False,all_pre_hcc,provided_area,True,lbfgs,0.0056505666627635,-0.4141418044514546,0.0142395263215912,0.441097751030416,0.347787762965516,0.2793644162084926,5.052080193192993,1.052047278646863,-1078.5484626085615,,0.7547925454270827,0.8169680049949793
316,N-(2-furoyl)glycine,Method 3,KSPQDMRTZZYQLM-UHFFFAOYSA-N,HMDB0000439,,0.0865051903114186,True,all_pre_hcc,provided_area,True,lbfgs,0.0074669800476197,-0.4563446310437845,0.0069100315812245,0.4861200763356788,0.3478597395231589,0.7608753486388841,4.518104923404609,3.4166538952981003,-1313.9491617742574,,0.7547925454270827,0.9674286269784143
407,5-acetylamino-6-amino-3-methyluracil,Method 4,POQOTWQIYYNXAT-UHFFFAOYSA-N,HMDB0004400,C16366,0.0294117647058823,True,all_pre_hcc,provided_area,True,lbfgs,0.0124941708542554,-0.2864348894242915,-0.0006090986944449,0.3055856252463581,0.3485883052576879,0.962861958170626,1.968743742022235,1.1031240534609057,-1009.3772911509404,,0.7547925454270827,0.9974755988405244
939,4-hydroxyphenylacetylglutamine,Method 3,NNBITIFYUGRBJL-JTQLQIEISA-N,,,0.0155709342560553,True,all_pre_hcc,provided_area,True,lbfgs,0.0024600395007298,-0.283108566988394,-0.0171993342543923,0.303170488976021,0.3503935160284228,0.1094909476223691,2.2180124081081494,0.7156047921182395,-928.9317670353788,,0.7547925454270827,0.6500146004657739
197,ibuprofen,Method 3,HEFNNWSXXWATRW-UHFFFAOYSA-N,HMDB0001925,C01588,0.9567474048442908,False,all_pre_hcc,provided_area,True,lbfgs,0.0041761560016965,0.1442365759452132,-0.0092839707581846,0.1544933811057087,0.3505050703043993,0.2128600780321244,0.4356256745966375,0.3726819535675392,-664.987026413397,,0.7547925454270827,0.7767623923675955
761,o-hydroxyatorvastatin,Method 3,CZBPKFICAYVHHM-JWQCQUIFSA-N,,,0.9100346020761244,False,all_pre_hcc,provided_area,True,lbfgs,0.0017292518906677,0.2004534031721666,0.0179494096674875,0.215049986283226,0.3512720863434332,0.0528125556911738,0.9694558169679904,0.5537530287316536,-808.7348510682896,,0.7547925454270827,0.5035487532926729
590,ibuprofen acyl glucuronide,Method 3,ABOLXXZAJIAUGR-JPMMFUSZSA-N,HMDB0010343,,0.9307958477508652,False,all_pre_hcc,provided_area,True,lbfgs,0.0075942632236808,0.2749569421719898,-0.0173986204449651,0.2951317466413343,0.3515219001965972,0.1548047807157891,1.8895705613067624,0.956614742018387,-976.044600048016,,0.7547925454270827,0.6961863763795457
565,17alpha-hydroxypregnenolone 3-sulfate,Method 3,OMOKWYAQVYBHMG-QUPIPBJSSA-N,HMDB00416,,0.4671280276816609,False,all_pre_hcc,provided_area,True,lbfgs,-0.0056300472260881,0.2864865812806071,0.0226269988758715,0.3076517514181371,0.3517479823349512,0.0540691216918849,2.184887510267052,0.8668461638526562,-967.0974560203848,,0.7547925454270827,0.5035487532926729
525,sphinganine-1-phosphate,Method 2,YHEDRJPUIRMZMP-UHFFFAOYSA-N,HMDB0001383,,0.0138408304498269,True,all_pre_hcc,provided_area,True,lbfgs,-0.0045830913036186,-0.1517191259946934,-0.0038110911786909,0.1642896412989616,0.3557541757944301,0.6013932713048677,0.548253213983185,0.3466368315319226,-665.7070131512128,,0.7595564821434352,0.9201136062928084
350,nervonate (24:1n9)*,Method 3,GWHCXVQVJPWHRF-KTKRTIGZSA-N,HMDB0002368,C08323,0.4100346020761246,False,all_pre_hcc,provided_area,True,lbfgs,-0.0085093329135328,0.4782021336726054,0.0097121872799332,0.5179690738698614,0.3558898269199558,0.6433718795327195,5.93776372884593,2.7947153474866213,-1291.6215327624304,,0.7595564821434352,0.9265555417511936
702,carboxyibuprofen,Method 3,DIVLBIVDYADZPL-UHFFFAOYSA-N,HMDB0060564,,0.8494809688581315,False,all_pre_hcc,provided_area,True,lbfgs,0.0064414957090309,0.3299005862755461,-0.0098922266636059,0.3580206385192018,0.3568119355579502,0.5246417044773877,2.6635992729554587,1.565635737876651,-1106.9264007665092,,0.7595564821434352,0.8893204180990235
1136,10-hydroxywarfarin,Method 3,BPZSPAZBZFZZBN-UHFFFAOYSA-N,HMDB0013884,,0.9688581314878892,False,all_pre_hcc,provided_area,True,lbfgs,0.003565565790809,-0.1650047994594771,-0.0035655657908089,0.1791088992457615,0.3569178032596336,0.5374053589984986,0.808719367896585,0.2047966342152983,-588.2536502022544,,0.7595564821434352,0.8893204180990235
902,1-(1-enyl-palmitoyl)-2-palmitoleoyl-GPC (P-16:0/16:1)*,Method 2,FZMYLOBGNYZPQO-QLSONYGBSA-N,HMDB0011207,,0.0,True,all_pre_hcc,provided_area,True,lbfgs,-0.0029987650059042,-0.1483314824226688,0.0039248188235184,0.1615836987788717,0.3586264898537344,0.2970833897966068,0.7221701588172015,0.0845297348428178,-402.9336599116768,,0.7608085803623666,0.8178108858282597
827,N-acetylglucosamine/N-acetylgalactosamine,Method 1,OVRNDRQMDRJTHS-FMDGEEDCSA-N,"HMDB0000212,HMDB0000215",C01074,0.0017301038062283,True,all_pre_hcc,provided_area,True,lbfgs,-0.0017228535814081,-0.1246863083171082,0.0006609878654364,0.135926950438463,0.3589834660738934,0.8707275719713765,0.4795758174861796,0.1001241289605018,-398.5660372411653,,0.7608085803623666,0.9956788041480279
233,glucuronate,Method 4,AEMOLEFTQBMNLQ-QIUUJYRFSA-N,HMDB0000127,C16245,0.0,True,all_pre_hcc,provided_area,True,lbfgs,0.0009789952692672,0.1319342291721611,-0.0048091045355811,0.1445130100057279,0.3612649203111074,0.3576691211391427,0.4980971312411729,0.1702735670733353,-509.12529250822354,,0.7626021353611608,0.8441779558581768
870,1-palmitoyl-2-dihomo-linolenoyl-GPC (16:0/20:3n3 or 6)*,Method 2,SRIGHEHXEGELQJ-YYQUKWHJSA-N,,,0.0034602076124567,True,all_pre_hcc,provided_area,True,lbfgs,-0.000875558046785,-0.0670265203110794,0.0025538162286531,0.0735161508620117,0.3619134452254072,0.3755552051652856,0.1224944953679266,0.0524815898338449,-150.37031800971135,,0.7626021353611608,0.8464373333046918
544,"5alpha-pregnan-3beta,20beta-diol monosulfate (1)",Method 3,NOGKXXMAHGCQBS-VNCHAANSSA-N,HMDB0240580,,0.2162629757785467,False,all_pre_hcc,provided_area,True,lbfgs,-0.0163234469589947,-0.2963390280348587,-0.0098540883885385,0.3257156022430055,0.3629231798824466,0.4334113573429923,2.430063089597584,0.9962836817377512,-1004.6358029653516,,0.7626021353611608,0.8728048012912215
88,riboflavin (vitamin B2),Method 3,AUNGANRZJHBGPY-UHFFFAOYSA-N,HMDB0000244,C00255,0.0155709342560553,True,all_pre_hcc,provided_area,True,lbfgs,-0.0031529742689518,0.1790350032194428,0.0006709807250297,0.1971003764889923,0.3636963448822234,0.9185836136424308,0.9660288942246512,0.2651991999702213,-655.9091518719038,,0.7626021353611608,0.9969785874248245
47,deoxycholate,Method 3,KXGVEGMKQFWNSR-OHAQSFBXSA-N,HMDB0000626,C04483,0.5622837370242214,False,all_pre_hcc,provided_area,True,lbfgs,0.027120727173323,-0.5633030550400618,-0.0149230628159589,0.6202369048485622,0.3637692442396401,0.6142206960374843,7.140790515117467,5.854038762257982,-1463.8877012847938,,0.7626021353611608,0.9252575853260273
632,S-methylcysteine sulfoxide,Method 1,ZZLHPCSGGOGHFW-UHFFFAOYSA-N,HMDB0029432,,0.0,True,all_pre_hcc,provided_area,True,lbfgs,-0.0023538477168007,-0.1514738930193556,0.0026592878202648,0.1669584977566814,0.3642720879589234,0.7223616396625128,0.5606168136142363,0.3645949430627154,-678.212149791615,,0.7626021353611608,0.9529646481877615
512,3-(cystein-S-yl)acetaminophen*,Method 1,LLHICPSCVFRWDT-UHFFFAOYSA-N,HMDB0240217,,0.8339100346020761,False,all_pre_hcc,provided_area,True,lbfgs,0.0068092990302583,-0.3356125047989167,-0.0176151359325864,0.3716517960980028,0.3665102825059444,0.3071934256437938,2.6643087236793206,1.9652047083624733,-1155.8911664370094,,0.7653472992098715,0.8183214317698541
73,palmitate (16:0),Method 3,IPCSVZSSVZVIGE-UHFFFAOYSA-N,HMDB0000220,C00249,0.0,True,all_pre_hcc,provided_area,True,lbfgs,-0.0005696794666467,0.1606992843585605,0.0033292886504463,0.178163541912446,0.367069481368618,0.6278795525356178,0.7281630492533633,0.2967626142298762,-655.1132912442254,,0.7653472992098715,0.9252575853260273
885,"sphingomyelin (d18:0/18:0, d19:0/17:0)*",Method 2,JCELSEVNSMXGKA-IOLBBIBUSA-N,HMDB0012087,,0.0,True,all_pre_hcc,provided_area,True,lbfgs,-0.0033734740867469,-0.1696001284657413,-0.0060935842698889,0.1886118042289697,0.3685450275837578,0.3178542284884401,0.8960427039317687,0.2281126927720055,-618.9509970312502,,0.7668714715379202,0.8319488443194891
291,3-hydroxymyristate,Method 3,ATRNZOYKSNPPBF-UHFFFAOYSA-N,HMDB0061656,,0.0,True,all_pre_hcc,provided_area,True,lbfgs,-0.0036325700323662,0.1864284939762683,0.0065250707606232,0.2085721526318584,0.3714117089659763,0.5261809154363298,0.7668294251906973,0.7179937707205559,-848.3724206251818,,0.7712783472478943,0.8893204180990235
385,erythronate*,Method 4,JPIJQSOTBSSVTP-PWNYCUMCSA-N,HMDB0000613,,0.0,True,all_pre_hcc,provided_area,True,lbfgs,0.0015266608410723,-0.1007527070762819,-0.0037122351365055,0.1133012194896994,0.3738706446835931,0.3479057534708029,0.312160790973648,0.0968369145268203,-354.24058181103373,,0.77207375928871,0.83760830376663
772,myristoleoylcarnitine (C14:1)*,Method 2,ABVVZYXTZLEOHP-OLHLWXQYSA-N,HMDB0240588,,0.0,True,all_pre_hcc,provided_area,True,lbfgs,-0.0013212460397939,-0.2163308735766611,0.0099418093487605,0.2443931181447901,0.3760618229104723,0.3337060308787201,1.2789102722352628,0.6793338744940582,-873.3838946567689,,0.77207375928871,0.83760830376663
84,proline,Method 1,ONIBWKKTOPOVIA-UHFFFAOYSA-N,"HMDB0000162,HMDB0003411","C00148,C000763",0.0,True,all_pre_hcc,provided_area,True,lbfgs,-0.0006032551959164,-0.0824988154074696,0.0045195747562103,0.0932402828944585,0.3762655907645345,0.1013250190941785,0.2263769845668525,0.0461880367152326,-177.03364385184204,,0.77207375928871,0.6364334943702539
844,1-stearoyl-2-docosahexaenoyl-GPC (18:0/22:6),Method 2,FAUYAENFVCNTAL-PFFNLMTBSA-N,HMDB0008057,,0.0,True,all_pre_hcc,provided_area,True,lbfgs,-0.0019583066085653,-0.1371930645208168,-0.0035236361493952,0.1551194124442256,0.3764613424054566,0.4055746220530412,0.6417772887782082,0.108221314912678,-440.4010019854341,,0.77207375928871,0.857240317014965
224,hippurate,Method 3,QIAFMBKCNZACKA-UHFFFAOYSA-N,HMDB0000714,C01586,0.0,True,all_pre_hcc,provided_area,True,lbfgs,0.0146788206045102,-0.3140678040294518,-0.0086411023206976,0.3553133830801045,0.3767406178248792,0.6222399259430977,2.2300317962447718,2.0773061385452154,-1155.740600474358,,0.77207375928871,0.9252575853260273
6,alpha-ketoglutarate,Method 4,KPGXRSRHYNQIFN-UHFFFAOYSA-N,HMDB0000208,C00026,0.0,True,all_pre_hcc,provided_area,True,lbfgs,-0.0013461838457231,-0.1125321747453987,0.0071711647578268,0.1274433696094044,0.3772376307831189,0.1101403813720745,0.3933351265608471,0.1246120247260464,-425.3287413082726,,0.77207375928871,0.6500146004657739
191,3-methoxytyrosine,Method 1,PFDUUKDQEHURQC-ZETCQYMHSA-N,HMDB0001434,,0.0,True,all_pre_hcc,provided_area,True,lbfgs,0.0009329483072477,-0.1077773726356308,-0.0006707916147452,0.1222239053582992,0.377883498542507,0.8988978968416677,0.3121731473468275,0.1801860088706843,-483.4710142704457,,0.77207375928871,0.9969785874248245
704,zolpidem,Method 1,ZAFYATHCZYHLPB-UHFFFAOYSA-N,HMDB0005023,C07219,0.967128027681661,False,all_pre_hcc,provided_area,True,lbfgs,-0.0010434076663406,0.1027868093748809,-0.016050395621239,0.1168570582879536,0.3790790953950308,0.0027349021583735,0.2676884747307876,0.1882423852217341,-481.445888094644,,0.77207375928871,0.14826048542761605
1225,"branched-chain, straight-chain, or cyclopropyl 10:1 fatty acid (1)*",Method 3,NIFITBVFNGQSNA-SOFGYWHQSA-N,,,0.0,True,all_pre_hcc,provided_area,True,lbfgs,-0.0077559744778577,0.2507599347581244,0.009938863919295,0.2851107872932709,0.3791207337684952,0.3723727573407023,1.8471912604571004,0.7830808947432427,-932.3280291316896,,0.77207375928871,0.8441779558581768
109,dimethylglycine,Method 1,FFDGPVCHZBVARC-UHFFFAOYSA-N,HMDB0000092,C03626,0.0,True,all_pre_hcc,provided_area,True,lbfgs,-0.0005830337095643,-0.1264399675397238,0.0013373376791067,0.1438118439588112,0.3792906040777546,0.642731744043685,0.5859886121206809,0.0492418751839196,-278.29939276935283,,0.77207375928871,0.9265555417511936
1092,3-hydroxyhippurate sulfate,Method 3,SBLCKJXUMHOIBU-UHFFFAOYSA-N,,,0.7231833910034602,False,all_pre_hcc,provided_area,True,lbfgs,0.0056807546102044,-0.2840363681325389,-0.0045793949950498,0.3239079681881229,0.3805384895835212,0.7350622287953648,2.2603786744343557,1.173819354114793,-1033.1949801710557,,0.7730860833748063,0.9581920026367826
518,N-acetylserine,Method 4,JJIHLJJYMXLCOY-BYPYZUCNSA-N,HMDB0002931,,0.0,True,all_pre_hcc,provided_area,True,lbfgs,4.0479787642419226e-05,-0.0877863519198133,-0.0027539747274672,0.1008657042398039,0.3841206111932159,0.3753495264939857,0.2612021882462649,0.0588428514185185,-238.1585151441409,,0.773146867653683,0.8464373333046918
253,4-methyl-2-oxopentanoate,Method 3,BKAJNAXTPSGJCU-UHFFFAOYSA-N,HMDB0000695,C00233,0.0,True,all_pre_hcc,provided_area,True,lbfgs,-0.0009027183013323,-0.1500099827613945,-0.012385908948232,0.172371360379584,0.3841517317488842,0.0201382572095444,0.7618432136529159,0.1730978723896092,-549.2266813712058,,0.773146867653683,0.3457067487638455
932,caffeic acid sulfate,Method 4,SNVAIAITQIIEMQ-DUXPYHPUSA-N,HMDB0041708,,0.2802768166089965,False,all_pre_hcc,provided_area,True,lbfgs,0.0099497564483302,-0.4672069388968523,-0.0181954603674176,0.5373723256605389,0.3846126742107398,0.4943921773660883,5.056010521421461,4.812293076513347,-1397.0907927130293,,0.773146867653683,0.8893204180990235
1137,7-hydroxywarfarin,Method 3,SKFYEJMLNMTTJA-UHFFFAOYSA-N,HMDB0013886,,0.9705882352941176,False,all_pre_hcc,provided_area,True,lbfgs,0.0010610654709825,-0.0434404214871152,-0.0010610654709827,0.0500378044518818,0.3853111111785334,0.345517433113565,0.0697027828798201,0.0075338443997506,288.25590623059543,,0.773146867653683,0.83760830376663
374,N-acetylhistidine,Method 3,KBOJOGQFRVVWBH-ZETCQYMHSA-N,HMDB0032055,C02997,0.0086505190311418,True,all_pre_hcc,provided_area,True,lbfgs,0.0020389532358462,-0.1883216657302943,-0.0153482748276057,0.2169672250309876,0.385409183024428,0.0036168896005773,1.2911533269259503,0.1663115162730191,-589.5281586505666,,0.773146867653683,0.1503452325081814
1103,glucuronide of piperine metabolite C17H21NO3 (5)*,Method 3,,,,0.1107266435986159,True,all_pre_hcc,provided_area,True,lbfgs,-0.0049782350839143,-0.3453050127766701,-0.0388588217405113,0.3980021486281708,0.3856156186551865,0.0434347756409079,2.885596623328857,2.4831134708725147,-1212.6869844289436,,0.773146867653683,0.4990060030315879
1188,3-hydroxy-2-methylpyridine sulfate,Method 3,GOXQGRHDLROYBT-UHFFFAOYSA-N,,,0.1903114186851211,True,all_pre_hcc,provided_area,True,lbfgs,0.0090419788048837,-0.4824493953746118,-0.0103923448809908,0.5563187447078829,0.3858228057999933,0.7225877575093609,4.82654564748647,5.983621331305026,-1443.1671384774868,,0.773146867653683,0.9529646481877615
1129,citalopram N-oxide*,Method 2,DIOGFDCEWUUSBQ-UHFFFAOYSA-N,HMDB0060654,C16607,0.9238754325259516,False,all_pre_hcc,provided_area,True,lbfgs,-0.0028474768191289,-0.1420619624575541,0.0106391024475917,0.1642664927593474,0.3871342028366114,0.1383793689309546,0.5573742265152165,0.3341974066779767,-659.1176687984798,,0.7742684056732227,0.6758022901938247
5,5-hydroxyindoleacetate,Method 3,DUUGKQCEGZLZNO-UHFFFAOYSA-N,HMDB0000763,C05635,0.102076124567474,True,all_pre_hcc,provided_area,True,lbfgs,0.0014895955564508,-0.2316757293203431,-0.0059423576319376,0.2692268035853953,0.3895010713491021,0.5268710609948265,1.763128566289566,0.5460055371524434,-854.2424269823996,,0.7772407140826197,0.8893204180990235
430,3-methylcytidine,Method 1,RDPUKVRQKWBSPK-ZOQUXTDFSA-N,HMDB0240577,,0.0813148788927335,True,all_pre_hcc,provided_area,True,lbfgs,-0.0030318131384314,-0.1752675201791083,0.0009605365634989,0.2040144388374192,0.3902888199341843,0.897332441588539,0.9878913600131352,0.3456515235616539,-711.794688327198,,0.7772407140826197,0.9969785874248245
588,alpha-ketoglutaramate*,Method 4,COJBGNAUUSNXHX-UHFFFAOYSA-N,HMDB0001552,C00940,0.0,True,all_pre_hcc,provided_area,True,lbfgs,-0.0021065477509607,0.1128934595569576,-0.0036166864535811,0.1315751540468402,0.3908841649464049,0.4103192768766186,0.4300472127155775,0.1187989709482975,-423.2861032226374,,0.7772407140826197,0.8607512325517661
125,margarate (17:0),Method 3,KEMQGTRYUADPNZ-UHFFFAOYSA-N,HMDB0002259,,0.0,True,all_pre_hcc,provided_area,True,lbfgs,0.0005978433800235,0.166743662113362,0.0035267587483099,0.1957453310508086,0.3943030173847526,0.696073157074723,0.7449804583074762,0.5372751687064211,-782.7194308035473,,0.782528146254904,0.9496670628577099
918,glycochenodeoxycholate glucuronide (1),Method 3,ABFZMYIIUREPLL-ASWJIRIHSA-N,HMDB0002579,,0.0,True,all_pre_hcc,provided_area,True,lbfgs,-0.0094097112251255,0.2101651210671717,0.0016389007829416,0.247143292214553,0.3951151826528289,0.8428948484642306,1.5160293614374762,0.4206695668510979,-788.315512345026,,0.782631996408488,0.9909331294058851
832,suberoylcarnitine (C8-DC),Method 1,YVWVEIPYMGBQPE-UHFFFAOYSA-N,,,0.0519031141868512,True,all_pre_hcc,provided_area,True,lbfgs,0.0040271181962581,-0.2714278148888013,-0.0171574763197238,0.3200181372889892,0.3963467274896731,0.1568063156560153,2.377392527044316,0.9204721467971466,-986.4500772914112,,0.7835645476283365,0.6961863763795457
86,pyridoxal,Method 1,RADKZDMFGJYCBB-UHFFFAOYSA-N,HMDB0001545,C00250,0.0173010380622837,True,all_pre_hcc,provided_area,True,lbfgs,-0.0015528937163543,0.1682339060370594,-0.0214754309812789,0.1989584075176895,0.3977908569262927,0.0223937102188082,0.7461658525447268,0.5865818801368221,-801.9563381815115,,0.7849129935518802,0.3603987738339445
1030,THC carboxylic acid glucuronide,Method 3,UWXZAZRSQQLWKH-AREXMYMPSA-N,,,0.9429065743944636,False,all_pre_hcc,provided_area,True,lbfgs,0.0010423022848287,0.2430876267566176,0.0034074886534333,0.2882173531562075,0.3989948574627397,0.742480389254738,1.9884896100454024,0.6672670334872777,-905.3979525373488,,0.7854618023096039,0.9590589646401889
321,"1,3-dimethylurate",Method 3,OTSBKHHWSQYEHK-UHFFFAOYSA-N,HMDB0001857,,0.0709342560553633,True,all_pre_hcc,provided_area,True,lbfgs,0.0175167537456099,-0.2698739082195112,-0.0136374777151069,0.3203835742663743,0.3995941596215849,0.3817317430768131,1.8509622657845344,1.6368482590723814,-1090.384181109055,,0.7854618023096039,0.8481513895397405
745,N-methylpipecolate,Method 1,BPSLZWSRHTULGU-ZCFIWIBFSA-N,,,0.0086505190311418,True,all_pre_hcc,provided_area,True,lbfgs,0.0023372159458456,-0.2031038868585725,-0.0071381546162096,0.2427119998965487,0.4026992406281479,0.3090553756878381,1.545222237670966,0.2984223264108371,-721.1986028762949,,0.7900575578037949,0.8183214317698541
1034,3-hydroxyoleoylcarnitine,Method 2,YBCVTTMMURGSEY-LMLDZDDJSA-N,,,0.0190311418685121,True,all_pre_hcc,provided_area,True,lbfgs,0.0011716437765355,-0.1889906068174131,0.0036302999141704,0.2277756600564001,0.4066956556585391,0.7302531563351868,1.0058086400623172,0.7313940117436799,-871.2655142291437,,0.7905136269851294,0.9581920026367826
1200,"hydroxy-N6,N6,N6-trimethyllysine*",Method 1,ZRJHLGYVUCPZNH-MQWKRIRWSA-N,,,0.0138408304498269,True,all_pre_hcc,provided_area,True,lbfgs,0.0003226196336447,-0.1264722721604403,-0.0050171061778486,0.1533260631431006,0.409452056618673,0.3000071314589517,0.5979449101684923,0.1432285294179908,-489.80763181835937,,0.7905136269851294,0.8178108858282597
386,fibrinopeptide A*,Method 3,JWICNZAGYSIBAR-UHFFFAOYSA-N,,,0.2179930795847751,False,all_pre_hcc,provided_area,True,lbfgs,0.002686009177807,0.2704315312687482,-0.0096607184553537,0.3281756765454522,0.4099139791751542,0.4814391100630523,2.319805309722679,1.206695082540569,-1041.047850380921,,0.7905136269851294,0.8855918593261037
40,choline phosphate,Method 1,YHHSONZFOIEMCP-UHFFFAOYSA-N,HMDB0001565,C00588,0.0017301038062283,True,all_pre_hcc,provided_area,True,lbfgs,0.0002409696639941,-0.1399453809149452,-0.0046815180183305,0.1703435966679992,0.4113343961536857,0.5182622703502285,0.6170307402569756,0.3357263592217586,-667.8364625506874,,0.7905136269851294,0.8893204180990235
795,valsartan,Method 3,ACWBQPMHZXGDFX-UHFFFAOYSA-N,HMDB0014323,,0.9826989619377162,False,all_pre_hcc,provided_area,True,lbfgs,-0.0040275434633073,-0.1857457701871174,0.0036917356822706,0.226765122822676,0.4127231779227948,0.7046465247018703,1.0807905009851688,0.6119452861642817,-838.2832493719643,,0.7905136269851294,0.9512266322974133
679,norfluoxetine,Method 2,WIQRCHMSJFFONW-UHFFFAOYSA-N,HMDB0060551,,0.9775086505190312,False,all_pre_hcc,provided_area,True,lbfgs,-0.0015207435989956,-0.0898726847891375,0.0015207435989958,0.1098356810781166,0.4132163277360506,0.6624913617225473,0.3062461149280873,0.0742689156840693,-298.91686471433604,,0.7905136269851294,0.9286537822071105
236,kynurenine,Method 1,YGPSJZOEDVAXAB-QMMMGPOBSA-N,HMDB0000684,C00328,0.0,True,all_pre_hcc,provided_area,True,lbfgs,-0.0022142971329486,-0.087172002906718,0.0003142950800451,0.1065602495080109,0.413326543485357,0.9347125383704274,0.271650004116611,0.0915018089749212,-330.88479022633146,,0.7905136269851294,0.9969785874248245
945,gamma-glutamyl-alpha-lysine,Method 1,LNLLNTMHVMIMOG-YUMQZZPRSA-N,,,0.0,True,all_pre_hcc,provided_area,True,lbfgs,0.0013683921332702,0.0825419033552861,0.0039795522929266,0.1009720094977512,0.4136581060008125,0.2625786272128912,0.246901753501615,0.0782433290563502,-290.8088278525088,,0.7905136269851294,0.8057213303079476
998,"sphingomyelin (d18:2/21:0, d16:2/23:0)*",Method 2,SDUGEKJCGFHJRC-GKPQAQNZSA-N,HMDB0240676,,0.0,True,all_pre_hcc,provided_area,True,lbfgs,0.0001436585184775,-0.1358237280658685,0.0017544875685209,0.1666227601004277,0.4149823832170947,0.7134476643088279,0.7301469283736186,0.1382054483133274,-500.5536378224083,,0.7905136269851294,0.9527350695410636
521,4-allylphenol sulfate,Method 3,KFDHKOFCRYUXLA-UHFFFAOYSA-N,,,0.0,True,all_pre_hcc,provided_area,True,lbfgs,-0.0080054637191521,0.2529297609030547,-0.0064276975919818,0.310521316885503,0.4153398577124371,0.6425852500239315,1.9575259419403248,1.2402219431730406,-1033.9610670874022,,0.7905136269851294,0.9265555417511936
1173,fibrinopeptide B (1-13)**,Method 3,CCYANGYMJWBLQM-UHFFFAOYSA-N,,,0.0017301038062283,True,all_pre_hcc,provided_area,True,lbfgs,0.0106249035493594,-0.224165271327152,-0.0132790450713734,0.2752579162674023,0.4154257747505202,0.2419892679267624,1.651626646436957,0.8226752133693045,-933.7251948630797,,0.7905136269851294,0.8002024975482205
30,ascorbate (vitamin C),Method 1,CIWBSHSKHKDKBQ-UHFFFAOYSA-N,HMDB0000044,"D00018,C00072",0.1038062283737024,True,all_pre_hcc,provided_area,True,lbfgs,-3.348608457374526e-05,0.465512831695318,0.0094769699737414,0.5739633865476057,0.4173371307753738,0.7113781904661469,6.6640008010084015,4.269557483456657,-1390.39807143072,,0.7905136269851294,0.9527350695410636
1048,glucuronide of C10H18O2 (1)*,Method 3,,,,0.3235294117647059,False,all_pre_hcc,provided_area,True,lbfgs,0.0018074368340773,0.3374887983497583,-0.0203407740772746,0.4169095078757682,0.4182268419315956,0.3293000655845359,2.998604244371009,2.9587981211101457,-1254.1368368953367,,0.7905136269851294,0.83760830376663
483,1-arachidonoyl-GPI (20:4)*,Method 3,LXUGKKVCSTYZFK-OSKOXSHBSA-N,HMDB0061690,,0.0,True,all_pre_hcc,provided_area,True,lbfgs,0.0017819426077056,-0.1433066720605483,-0.0075014256121966,0.1773597668030434,0.419090645487541,0.1562143378085999,0.817045337847158,0.1697460819464658,-551.5665654490231,,0.7905136269851294,0.6961863763795457
1045,octadecadienedioate (C18:2-DC)*,Method 3,ZKQNWTGXRAIVGG-PXELCPQFSA-N,,,0.0501730103806228,True,all_pre_hcc,provided_area,True,lbfgs,-0.0102958155027627,0.239746073810846,0.0218333480899417,0.2970320196078509,0.4195865087725653,0.0465092973699344,2.079486687624346,0.7518003799471235,-933.6259320674212,,0.7905136269851294,0.4990060030315879
187,anthranilate,Method 1,RWZYAGGXGHYGMB-UHFFFAOYSA-N,HMDB0001123,C00108,0.0017301038062283,True,all_pre_hcc,provided_area,True,lbfgs,-0.0062828786074167,0.1248234518029955,-0.0007730901251946,0.1547310396942701,0.4198321856521559,0.8936338760673309,0.5609905329382245,0.2083539299562629,-560.5334485956259,,0.7905136269851294,0.9969785874248245
412,N4-acetylcytidine,Method 1,NIDVTARKFBZMOT-PEBGCTIMSA-N,HMDB0005923,,0.0,True,all_pre_hcc,provided_area,True,lbfgs,0.0020222140016939,-0.1876588078424359,-0.0001350752443846,0.232725146968753,0.4200388746483438,0.9840484991758944,1.418931288984318,0.2766344851309704,-698.4347767370841,,0.7905136269851294,0.9999989883008276
1018,metronidazole,Method 1,VAOCPAMSLUNLGC-UHFFFAOYSA-N,HMDB0015052,"DG00006,C07203,D00409",0.9982698961937716,False,all_pre_hcc,provided_area,True,lbfgs,1.6449845428113133e-14,-0.0060648776589672,-1.6214906260785338e-14,0.0075430835994554,0.4213787189772512,0.9999978821587132,0.0017196191133247,2.1697993810471552e-13,5231.649131790914,,0.7905136269851294,0.9999989883008276
854,enalapril,Method 2,GBXSMTUPTTWBMN-UHFFFAOYSA-N,HMDB0014722,"C06977,D03769,DG00335",0.9982698961937716,False,all_pre_hcc,provided_area,True,lbfgs,1.626783507497915e-14,-0.0060644530006411,-1.6433154603558276e-14,0.0075430852118142,0.4214113316089736,0.9999978536546726,0.001719620024737,2.1698024987264245e-13,5231.648808132227,,0.7905136269851294,0.9999989883008276
441,nifedipine,Method 3,HYIMSNHJOBLJNT-UHFFFAOYSA-N,,"C07266,D00437",0.9982698961937716,False,all_pre_hcc,provided_area,True,lbfgs,1.6313046917615847e-14,-0.0060613335758814,-1.6528989285785846e-14,0.0075430818657936,0.4216500052301439,0.9999978411355952,0.0017196172601639,2.1697983872640641e-13,5231.649326739724,,0.7905136269851294,0.9999989883008276
997,sphingomyelin (d18:2/24:2)*,Method 2,ZLNGRWIWHFFRNK-UKCALJHFSA-N,HMDB0240644,,0.0,True,all_pre_hcc,provided_area,True,lbfgs,-0.0032849490987366,-0.0959916839285572,0.0063352072671327,0.1194650642320846,0.421678519160953,0.0437589473463974,0.3844514212866401,0.0593574284224501,-274.9339492838208,,0.7905136269851294,0.4990060030315879
1242,norethindrone sulfate,Method 3,GCUIJBFFHDSMDP-UHFFFAOYSA-N,,,0.9982698961937716,False,all_pre_hcc,provided_area,True,lbfgs,1.6297320820479807e-14,-0.0060598903113295,-1.6556774439117972e-14,0.0075430835757837,0.4217606597723086,0.9999978375089555,0.0017196190336026,2.169803205840153e-13,5231.6488050784,,0.7905136269851294,0.9999989883008276
1124,pravastatin,Method 3,TUZYXOIXSAXUGO-PZAWKZKUSA-N,HMDB0005022,"DG00353,C01844,D08410",0.9982698961937716,False,all_pre_hcc,provided_area,True,lbfgs,1.6376072822222293e-14,-0.0060571663368512,-1.6384305755740744e-14,0.0075430824972026,0.4219692871634065,0.999997860033004,0.0017196173770286,2.1697987482407206e-13,5231.649288599327,,0.7905136269851294,0.9999989883008276
662,maprotiline,Method 2,QSLMDECMDJKHMQ-UHFFFAOYSA-N,HMDB0015069,"C07107,D02566",0.9982698961937716,False,all_pre_hcc,provided_area,True,lbfgs,1.6378044641639443e-14,-0.0060562173235968,-1.6407547362597927e-14,0.0075430830767521,0.4220420444567712,0.9999978569975634,0.0017196178057184,2.169799080158733e-13,5231.649234661967,,0.7905136269851294,0.9999989883008276
852,aripiprazole,Method 2,CEUORZQYGODEFX-UHFFFAOYSA-N,HMDB0005042,C12564,0.9982698961937716,False,all_pre_hcc,provided_area,True,lbfgs,1.6272964844619225e-14,-0.0060517877461563,-1.6666925032756346e-14,0.0075430813556807,0.4223814684263544,0.9999978231195428,0.0017196168348269,2.1697980781702202e-13,5231.649378502595,,0.7905136269851294,0.9999989883008276
725,meglumine,Method 1,MBBZMMPHUWSWHV-UHFFFAOYSA-N,HMDB0240291,,0.9982698961937716,False,all_pre_hcc,provided_area,True,lbfgs,1.6375256864693486e-14,-0.0060340938006363,-1.6670421902558206e-14,0.0075430811474307,0.4237393032011159,0.9999978226626902,0.001719616657998,2.1697978316653277e-13,5231.649410246636,,0.7905136269851294,0.9999989883008276
747,ferulic acid 4-sulfate,Method 3,PZPATWACAAOHTJ-HWKANZROSA-N,HMDB0029200,,0.1539792387543252,True,all_pre_hcc,provided_area,True,lbfgs,0.0136465913662219,0.3278443425147191,-0.0140588708692879,0.4102947624049817,0.4242638048394227,0.4803431795621079,3.054806794257718,2.6573095709004906,-1231.5404832246309,,0.7905136269851294,0.8855918593261037
283,1-palmitoylglycerol (16:0),Method 3,QHZLMUACJMDIAE-UHFFFAOYSA-N,HMDB0011564,,0.0519031141868512,True,all_pre_hcc,provided_area,True,lbfgs,-0.0091082118172319,0.2379055820404305,0.0173760672471648,0.2978383665554492,0.4244213939056083,0.2264607180772818,1.6223853064355775,1.3834088032313627,-1044.2599367125467,,0.7905136269851294,0.7962491780602756
807,"sphingomyelin (d18:1/22:2, d18:2/22:1, d16:1/24:2)*",Method 2,BBJBWENPFZYXKM-CUYAXJSGSA-N,"HMDB0240670,HMDB0240672,HMDB0240669",,0.0,True,all_pre_hcc,provided_area,True,lbfgs,-0.0025422259868355,-0.0902439951953557,0.0019516329773882,0.1136155538926368,0.4270251033671356,0.528167322806181,0.344581641887389,0.0577141153552705,-259.33331795385675,,0.7939275387511727,0.8893204180990235
712,gamma-CEHC glucuronide*,Method 3,NOZSTAZEOBPSBY-UHFFFAOYSA-N,,,0.2266435986159169,False,all_pre_hcc,provided_area,True,lbfgs,0.0107399567068731,-0.2413840524062828,-0.001336571684075,0.3046083379148195,0.4281037407056899,0.913922091579447,2.04835072782825,0.9734430208748004,-986.0633632263653,,0.7944988341024516,0.9969785874248245
686,doxylamine,Method 1,HCFDWZZGGLSKEP-UHFFFAOYSA-N,HMDB0001936,D07878,0.980968858131488,False,all_pre_hcc,provided_area,True,lbfgs,-0.0008707804126036,0.0848194392090232,0.0014978972997589,0.1074333215189439,0.4298153059563008,0.6412972640410359,0.2993850017542147,0.0627910778744612,-263.30926247509706,,0.7962405847751616,0.9265555417511936
244,theophylline,Method 3,ZFXYFBGIUFBOJW-UHFFFAOYSA-N,HMDB0001889,C07130,0.0121107266435986,True,all_pre_hcc,provided_area,True,lbfgs,0.0017884299841735,0.2649698637998235,-0.0039567317779516,0.3366702646439141,0.4312638431600188,0.7647725577153799,2.565317161233998,1.1056130906612216,-1030.6751904660136,,0.7974896920194243,0.9674286269784143
192,fluoxetine,Method 2,RTHCYVBBDHJXIQ-UHFFFAOYSA-N,HMDB0014615,D00326,0.9775086505190312,False,all_pre_hcc,provided_area,True,lbfgs,-0.0034244795681033,-0.1674823855576132,0.0034244795681031,0.2133041860858686,0.432347477304651,0.632272497796846,1.127708744013458,0.3154936152629826,-704.4577671248717,,0.7980607555981909,0.926373645420699
584,(16 or 17)-methylstearate (a19:0 or i19:0),Method 3,YETXGSGCWODRAA-UHFFFAOYSA-N,HMDB0037397,,0.0,True,all_pre_hcc,provided_area,True,lbfgs,-0.0015246528238538,0.1573900639369478,0.0031197558774054,0.2018899605051891,0.43563612383472,0.7271358799505107,0.8310967687443435,0.5193113561968855,-783.4064038674373,,0.801808055092078,0.9565133542133155
1182,tenofovir,Method 3,SGOIRFVFHAKUTI-ZCFIWIBFSA-N,HMDB0014445,C17407,0.9948096885813148,False,all_pre_hcc,provided_area,True,lbfgs,-3.702229165092373e-05,0.017843919538038,8.274938063794673e-05,0.0229039288234076,0.4359344765549162,0.8504088374047176,0.0149504609034615,0.0011386875208558,800.86638046692,,0.801808055092078,0.9909331294058851
735,N-formylanthranilic acid,Method 3,LLLPDUXGHXIXIW-UHFFFAOYSA-N,HMDB0004089,C05653,0.0830449826989619,True,all_pre_hcc,provided_area,True,lbfgs,-0.0058896344322967,0.2015167063387483,0.0139061400203455,0.2600625054962953,0.4384117708419881,0.1838673800453639,1.504759918313492,0.6940045784193215,-890.6578064184819,,0.803438910422541,0.745603942703641
1245,"2,4-di-tert-butylphenol",Method 3,ICKWICRCANNIBI-UHFFFAOYSA-N,,,0.0,True,all_pre_hcc,provided_area,True,lbfgs,-0.0007544126446254,-0.1942473071792741,-0.0099867861593885,0.2507640525054218,0.4385631588989003,0.0756111312457614,1.751449506216359,0.1881112601406406,-642.2381320732743,,0.803438910422541,0.5684632495119288
1262,perfluorohexanesulfonate (PFHxS),Method 3,QZHDEAJFRJCDMF-UHFFFAOYSA-N,HMDB0094700,,0.0242214532871972,True,all_pre_hcc,provided_area,True,lbfgs,-0.0058353307861388,0.2201356560943275,0.0103418060558424,0.2851391832311071,0.4400973813042068,0.0540531097703901,2.322074673249467,0.1702250949300701,-649.9171934685219,,0.803438910422541,0.5035487532926729
1073,glutamine conjugate of C7H12O2*,Method 3,,,,0.0224913494809688,True,all_pre_hcc,provided_area,True,lbfgs,0.0023179684409983,0.2653031994047705,-0.0061444631177851,0.3444529330898136,0.4411717070966947,0.7021067007043333,2.273508275866284,1.7090144565123273,-1114.171252645146,,0.803438910422541,0.9512266322974133
227,3-methyl-2-oxovalerate,Method 3,JVQYSWDUAOAHFM-UHFFFAOYSA-N,HMDB0000491,"C03465,C06008,C00671",0.0,True,all_pre_hcc,provided_area,True,lbfgs,-0.0009654157186564,-0.1288830959027105,-0.0077689306898377,0.16736801856556,0.4412654379160073,0.1069081123545397,0.7358669456977068,0.1405076130371162,-504.5387639713181,,0.803438910422541,0.6500146004657739
149,N-acetylleucine,Method 3,WXNXCEHXYPACJF-ZETCQYMHSA-N,HMDB0011756,C02710,0.0121107266435986,True,all_pre_hcc,provided_area,True,lbfgs,-0.0003542852183622,-0.1595184037900004,-0.0093836310385093,0.207258174204563,0.4415013818438429,0.1155329387673662,1.128792436103026,0.2150096065729438,-627.7056981667638,,0.803438910422541,0.6552592569782668
954,linoleoyl-docosahexaenoyl-glycerol (18:2/22:6) [1]*,Method 2,GPMAAGRGFWBOSO-KLJRXRINSA-N,HMDB0007266,,0.5847750865051903,False,all_pre_hcc,provided_area,True,lbfgs,0.001316238625513,-0.2844285578071507,-0.0227216927084359,0.3709655612536979,0.4432450558772863,0.1367920786648946,3.0029978445309435,1.4898785490558162,-1105.669997809859,,0.8051894313114725,0.6758022901938247
740,methionine sulfone,Method 1,UCUNFLYVYCGDHP-UHFFFAOYSA-N,HMDB0062174,,0.0,True,all_pre_hcc,provided_area,True,lbfgs,0.0050021380295295,-0.1220050298409662,0.0038532533281009,0.1602349335050479,0.4464101701347087,0.4987416127513017,0.6186667810732404,0.2010404429753341,-561.4027866795777,,0.8087013219748047,0.8893204180990235
823,O-desmethyltramadol,Method 1,UWJUQVWARXYRCG-UHFFFAOYSA-N,HMDB0060997,,0.884083044982699,False,all_pre_hcc,provided_area,True,lbfgs,-0.0023574987945164,0.3460206273256253,0.0103279364375873,0.4547835913780412,0.4467485943724892,0.6012702847988651,4.308538191249226,2.5130777439084127,-1244.269612238178,,0.8087013219748047,0.9201136062928084
132,dihydroorotate,Method 4,UFIVEPVSAGBUSI-UHFFFAOYSA-N,HMDB03349,C00337,0.0017301038062283,True,all_pre_hcc,provided_area,True,lbfgs,0.0017787015435616,-0.1031194636893527,0.0075327472561494,0.1360141182073878,0.4483596057136384,0.2006656316410112,0.3858611673897175,0.2241282563895354,-546.0598821596723,,0.8097055711905453,0.765502224408302
710,2-aminooctanoate,Method 2,AKVBCGQVQXPRLD-UHFFFAOYSA-N,HMDB0000991,,0.0242214532871972,True,all_pre_hcc,provided_area,True,lbfgs,0.0005779760263115,0.1746948062252794,0.0123300124443144,0.2313171566027932,0.4501183824428314,0.2068406913911123,1.1434090754555424,0.6116707231774077,-842.5150271149146,,0.8097055711905453,0.7723215351490973
326,gamma-glutamylvaline,Method 1,AQAKHZVPOOGUCK-XPUUQOCRSA-N,HMDB0011172,,0.0311418685121107,True,all_pre_hcc,provided_area,True,lbfgs,0.0039419100079636,-0.1731028498459568,-0.0130352648577638,0.2293217321958861,0.4503407155625478,0.1378205747783909,1.210994699947196,0.485398836554456,-798.6712309258705,,0.8097055711905453,0.6758022901938247
871,1-palmitoyl-2-arachidonoyl-GPE (16:0/20:4)*,Method 2,DRIVXEVMDWCWLI-CAQMIEAISA-N,HMDB0005323,C05210,0.0,True,all_pre_hcc,provided_area,True,lbfgs,0.0036066088757211,-0.0975188212556469,0.0018822161018344,0.129220723333388,0.4504478565943519,0.6488787852771696,0.422464917342352,0.1046301429079029,-396.11793566869073,,0.8097055711905453,0.9265555417511936
878,1-(1-enyl-palmitoyl)-2-arachidonoyl-GPE (P-16:0/20:4)*,Method 2,UUYSKERSKRMYME-MAIXUNBTSA-N,HMDB0011352,,0.0,True,all_pre_hcc,provided_area,True,lbfgs,-0.0001908690307221,-0.1027045785495564,-0.0083347378030022,0.1365492904079751,0.451965130718425,0.0541569815421531,0.4734695171553332,0.114607712074056,-424.4569580042048,,0.8109819971101869,0.5035487532926729
424,5-methyluridine (ribothymidine),Method 3,DWRXFEITVBNRMK-JXOAFFINSA-N,HMDB0000884,,0.0,True,all_pre_hcc,provided_area,True,lbfgs,-4.373301004894196e-05,0.1080940967341657,-0.0008626553661662,0.1441099853135934,0.4532061942757858,0.8022028615961586,0.5716400203441883,0.070783717849392,-346.3520106918636,,0.8109819971101869,0.9743737587783531
868,1-stearoyl-2-linoleoyl-GPC (18:0/18:2)*,Method 2,FORFDCPQKJHEBF-JEFUZMEDSA-N,HMDB0008039,,0.0,True,all_pre_hcc,provided_area,True,lbfgs,-0.0005496285653588,-0.052467943710051,-8.125019852680078e-05,0.0701169215661338,0.454283943626378,0.9641231259256352,0.1331039854749355,0.0195932396878846,40.98035932078847,,0.8109819971101869,0.9974755988405244
1180,emtricitabine,Method 1,XQSPYNMVSIKCOC-NTSWFWBYSA-N,HMDB0015017,"C12599,D01199",0.9930795847750864,False,all_pre_hcc,provided_area,True,lbfgs,-1.0624154037468733e-05,-0.043450979813597,1.0624154037405812e-05,0.0581249676004866,0.4547351597229428,0.9195268067074532,0.1020566688919845,6.430596884735743e-05,1151.8456287142378,,0.8109819971101869,0.9969785874248245
1260,oxindolylalanine,Method 1,YLEQTOAIAOPFBY-UHFFFAOYSA-N,,,0.0017301038062283,True,all_pre_hcc,provided_area,True,lbfgs,4.309347614536984e-05,-0.101686103518628,0.0011219243190442,0.1361353919996638,0.4550947517763962,0.852543837635267,0.3772360123960843,0.2370423230480336,-556.3354491354603,,0.8109819971101869,0.9909331294058851
664,citalopram/escitalopram,Method 2,WSEQXVZVJXJVFP-FQEVSTJZSA-N,HMDB0005028,D07913,0.9134948096885812,False,all_pre_hcc,provided_area,True,lbfgs,-0.0025144835072475,-0.1673595791617236,-0.0014750129549636,0.2259119030073865,0.4588038668182395,0.8493288254469026,1.2507103690648542,0.3724299661671586,-747.0303596374797,,0.8161795903675072,0.9909331294058851
610,hydrochlorothiazide,Method 3,JZUFKLXOESDKRF-UHFFFAOYSA-N,HMDB0001928,C07041,0.9740484429065744,False,all_pre_hcc,provided_area,True,lbfgs,-0.0006494409974061,-0.0701210411180756,0.0007977615098392,0.0954839061280904,0.4627199157002731,0.804388660216583,0.2254071168304541,0.0639581344061193,-242.0186731326462,,0.8178656995627659,0.9758778798858427
616,solanidine,Method 2,JVKYZPBMZPJNAJ-OQFNDJACSA-N,HMDB0003236,C06543,0.5103806228373703,False,all_pre_hcc,provided_area,True,lbfgs,-0.0035523719426697,0.3231716469317795,-0.0133770599562811,0.4403550451462272,0.4630164980487217,0.5088510039912835,3.8016873851209305,2.67589605334365,-1248.4736380195914,,0.8178656995627659,0.8893204180990235
1031,5-dodecenoylcarnitine (C12:1),Method 2,PETYOUXDCHQKTQ-QXPKXGMISA-N,HMDB13326,,0.0103806228373702,True,all_pre_hcc,provided_area,True,lbfgs,-0.0061067436077829,-0.1822855255526509,0.0085388041180786,0.2484714613750284,0.4631757258478012,0.483727634804465,1.0981288753007596,1.0038386714083174,-946.8340343645472,,0.8178656995627659,0.8855918593261037
213,metoprolol,Method 1,IUBSYMUCCVWXPE-UHFFFAOYSA-N,HMDB0001932,D02358,0.9273356401384084,False,all_pre_hcc,provided_area,True,lbfgs,0.0008980625340777,0.1590126634913505,-0.0094746348526328,0.2167508197688245,0.4631805731602649,0.2588083939058496,1.0745125857366926,0.4434234682922728,-770.1554878288111,,0.8178656995627659,0.8057213303079476
1025,carotene diol (3),Method 2,JKQXZKUSFCKOGQ-DKLMTRRASA-N,,,0.0294117647058823,True,all_pre_hcc,provided_area,True,lbfgs,-0.0064113007080833,-0.1924844576665184,0.0101471235950742,0.2626942202008673,0.4637219112084032,0.2620155168766498,1.6893046182255165,0.5057485647418888,-834.9998306979201,,0.8178656995627659,0.8057213303079476
230,4-acetamidophenylglucuronide,Method 3,IPROLSVTVHAQLE-UHFFFAOYSA-N,HMDB0010316,,0.6401384083044983,False,all_pre_hcc,provided_area,True,lbfgs,0.0127185754106978,0.6121723402353534,-0.0443716785083348,0.837934456271137,0.4650399718724187,0.2249421668652919,14.530388909695898,8.659439324300894,-1600.1773030423228,,0.8187883265446004,0.7962491780602756
7,kynurenate,Method 3,HCZHHEIFKROPDY-UHFFFAOYSA-N,HMDB0000715,C01717,0.0,True,all_pre_hcc,provided_area,True,lbfgs,-0.001255863596976,0.1490912985433488,0.0049245242109947,0.2050972083545797,0.4672688834698577,0.4046560021670353,1.1047392550335953,0.2113716904188678,-622.3690689863433,,0.8198170264359067,0.857240317014965
332,propionylcarnitine (C3),Method 1,UFAHZIUFPNSHSL-UHFFFAOYSA-N,HMDB0000824,C03017,0.0,True,all_pre_hcc,provided_area,True,lbfgs,-0.0002673943664181,-0.1138258679795013,-0.0128003265391697,0.1568193868909426,0.4679365330449445,0.0214828289323164,0.5928972777322978,0.192201967100968,-548.6139849731208,,0.8198170264359067,0.35689215806912733
830,4-hydroxyphenylacetoylcarnitine,Method 1,RLMMGDAPWBGWEF-UHFFFAOYSA-N,,,0.0155709342560553,True,all_pre_hcc,provided_area,True,lbfgs,-0.0013901428010804,-0.2005219352719147,-0.0073194473108906,0.2763085783691484,0.4680120500430225,0.5561177283965989,1.5282792250932016,1.0111557223758492,-971.7414096141885,,0.8198170264359067,0.8950019691382763
493,hexanoylglutamine,Method 3,NONGMLDQXRDGIT-UHFFFAOYSA-N,,,0.0138408304498269,True,all_pre_hcc,provided_area,True,lbfgs,0.0059916399899751,-0.2119872162306524,-0.003521771920719,0.2926967819732934,0.4689089708247824,0.7841434014296744,1.7601622134369366,1.0738075922875736,-995.1466289393102,,0.8199936162131168,0.9707544512891402
831,nonanoylcarnitine (C9),Method 2,MPSPNFAQQQMFLK-UHFFFAOYSA-N,HMDB0013288,,0.0951557093425605,True,all_pre_hcc,provided_area,True,lbfgs,0.0030556678629896,-0.2073720946410955,0.0062458236920692,0.2875613671653219,0.4708231895835422,0.5884300370610474,1.841320586842642,0.8462627691074709,-948.2602565111432,,0.8219455682560143,0.9161939023250805
238,N-acetylglutamate,Method 4,RFMMMVDNIPUKGG-YFKPBYRVSA-N,HMDB0001138,C00624,0.0,True,all_pre_hcc,provided_area,True,lbfgs,0.0025820390512907,-0.1231820593665947,0.0031288804695706,0.1723083067453628,0.4746749582080997,0.5465589325178193,0.7684218405194645,0.1637691480229407,-538.9216164323097,,0.8267916192228872,0.8893204180990235
372,hyocholate,Method 3,DKPMWHFRUGMUKF-OAEKOJLISA-N,HMDB0000760,C17649,0.0259515570934256,True,all_pre_hcc,provided_area,True,lbfgs,-0.0069165821058446,0.2261416700915176,0.0216072160671526,0.3168299405536475,0.4753733886869133,0.1022129812710958,2.167627748619179,1.1164282354205302,-1019.3486681183168,,0.8267916192228872,0.6364334943702539
1251,"bilirubin degradation product, C17H18N2O4 (1)**",Method 3,,,,0.0086505190311418,True,all_pre_hcc,provided_area,True,lbfgs,-0.0011941496443937,-0.2404964535104566,0.0063097426088877,0.3374256469948024,0.476007213785604,0.4505382745113778,3.1100284379163603,0.4185662170676832,-852.16741289746,,0.8267916192228872,0.8845012363653422
863,sitagliptin,Method 3,MFFMDFFZMYYVKS-UHFFFAOYSA-N,HMDB0015390,"DG00118,D08516",0.9930795847750864,False,all_pre_hcc,provided_area,True,lbfgs,-2.191476875863513e-05,-0.0233939284007067,2.1914768758727623e-05,0.0329285271377332,0.477427831931936,0.984571586253832,0.0265514655408253,0.0079380473049758,365.4950328501559,,0.8278630755722123,0.9999989883008276
1256,tetrahydrocortisol glucuronide,Method 3,OZINUFSVVJAFHD-LUPKFNMHSA-N,,,0.0709342560553633,True,all_pre_hcc,provided_area,True,lbfgs,0.0044079355825475,-0.2173134907796279,-0.0104046834201756,0.3072713619641612,0.4794195838210415,0.3645807578253391,2.2101170959673744,0.8242240763949874,-957.6270859362176,,0.8288679577584674,0.8441779558581768
1191,2-acrylamidoglycolic acid,Method 1,NEYTXADIGVEHQD-UHFFFAOYSA-N,,,0.0,True,all_pre_hcc,provided_area,True,lbfgs,-0.0018865258026169,-0.1137936343197005,-0.0080703540233242,0.1609712426928172,0.4796167988582976,0.1732298647760495,0.6118702205134854,0.2193066099730141,-578.2982066251234,,0.8288679577584674,0.7343833629054249
382,gamma-glutamylthreonine,Method 1,GWNXFCYUJXASDX-JUZNGCLZSA-N,HMDB0029159,,0.0,True,all_pre_hcc,provided_area,True,lbfgs,-0.0017896155500286,-0.1025081874689362,0.0040357247243923,0.1457261548749767,0.4817876522114107,0.3480393993107304,0.5533691478586563,0.1123063128056843,-434.2906566004053,,0.831155905069558,0.83760830376663
1176,fibrinopeptide B (1-11)**,Method 3,YXFOTICOZNPKPN-UHFFFAOYSA-N,,,0.0017301038062283,True,all_pre_hcc,provided_area,True,lbfgs,-0.0077793162720819,0.1401135495723367,-0.0021046585013009,0.1995351707082623,0.4825545934287337,0.7935037412004616,0.8839983225930595,0.4109771927214778,-738.6023944783451,,0.831155905069558,0.9713757016489895
74,nicotinamide,Method 1,DFPAKSUCGFBDDF-UHFFFAOYSA-N,HMDB0001406,C00153,0.0,True,all_pre_hcc,provided_area,True,lbfgs,0.0052784564295943,-0.0939336031143284,-0.0226281713690962,0.1351598322360032,0.4870668018829811,0.0022242971958005,0.2572164255135468,0.3921091263957769,-643.3959515027864,,0.8375272219356771,0.14318913197965719
514,o-cresol sulfate,Method 3,CYGSXDXRHXMAOV-UHFFFAOYSA-N,HMDB0011635,,0.1211072664359861,True,all_pre_hcc,provided_area,True,lbfgs,-0.0030274823596955,-0.2734174478535617,-0.0073460202140107,0.3958481176575925,0.4897459070656127,0.6971181741475351,2.917976674881577,2.3722972651494345,-1203.4226239794202,,0.8401203091785276,0.9496670628577099
1161,glimepiride,Method 2,WIGIZIANZCJQQY-RUCARUNLSA-N,HMDB0014367,C07669,0.9757785467128028,False,all_pre_hcc,provided_area,True,lbfgs,-0.0033176202699232,0.0852111517680468,0.0049198792657426,0.1235469957223209,0.4903788499017589,0.3621721633738316,0.3154684822671922,0.1887665664461779,-494.188840538131,,0.8401203091785276,0.8441779558581768
116,xylose,Method 4,PYMYPHUHKUWMLA-VPENINKCSA-N,HMDB0000098,C00181,0.3685121107266436,False,all_pre_hcc,provided_area,True,lbfgs,-0.0112398756454005,0.2275259343162138,-0.0112143631008976,0.3303775576806806,0.4910217729373531,0.5887887103006368,0.6031750114147157,3.744795693657121,-1236.9329694783,,0.8401203091785276,0.9161939023250805
619,atorvastatin,Method 3,XUKUURHRXDUEBC-KAYWLYCHSA-N,HMDB0005006,"D07474,D02258,D00887",0.9117647058823528,False,all_pre_hcc,provided_area,True,lbfgs,-0.0002646286514373,0.1914327715889253,0.0222573209155222,0.2794364663335699,0.4933014851580726,0.0558857439218048,1.6884039611958055,0.8662328254852898,-946.3219424541136,,0.8401769272479996,0.5035487532926729
98,glutamate,Method 1,WHUUTDBJXJRKMK-VKHMYHEASA-N,HMDB0000148,"C00025,C00217",0.0,True,all_pre_hcc,provided_area,True,lbfgs,-0.0019528532715866,-0.0964714096242688,-0.0013963297543355,0.140865636548455,0.4934404688119103,0.7772429876320555,0.4815562609036947,0.150957894843994,-481.65665468261614,,0.8401769272479996,0.9696412414258495
855,rivaroxaban,Method 3,KGFYHTZWPPHNLQ-UHFFFAOYSA-N,,,0.9878892733564014,False,all_pre_hcc,provided_area,True,lbfgs,0.0001351021274266,-0.0297800358435228,-0.0001351021274263,0.0434904064519638,0.4935019815388736,0.9592289127553408,0.0160082796145776,0.0563432985906213,-42.88296032117705,,0.8401769272479996,0.9969785874248245
1000,"sphingomyelin (d18:1/25:0, d19:0/24:1, d20:1/23:0, d19:1/24:0)*",Method 2,JONXXLXMISNQNG-BXMSAMRLSA-N,"HMDB0240675,HMDB0240674,HMDB0240673,HMDB0240671",,0.0086505190311418,True,all_pre_hcc,provided_area,True,lbfgs,-0.0015099574763018,-0.1304793559201044,-0.0083496735047151,0.1918129142450194,0.4963507292911384,0.2963465264561244,0.7947382877517339,0.4092361982427241,-729.3263118104619,,0.8420753729227501,0.8178108858282597
138,trans-4-hydroxyproline,Method 1,PMMYEEVYMWASQN-DMTCNVIQSA-N,HMDB0000725,C01157,0.0,True,all_pre_hcc,provided_area,True,lbfgs,-0.0053255687504309,-0.0840324427657954,0.001811903293521,0.1235867901178335,0.4965381454498637,0.7432236203800009,0.3083873874053233,0.1987297764137045,-503.512876900113,,0.8420753729227501,0.9590589646401889
613,S-methylcysteine,Method 3,IDIDJDIHTAOVLG-VKHMYHEASA-N,HMDB0002108,,0.0,True,all_pre_hcc,provided_area,True,lbfgs,-0.0033986288004627,-0.1214460892677238,0.0061357626378414,0.179162570684553,0.4978641833300705,0.3705673218451774,0.7400199331730967,0.294958460873769,-655.1695196892265,,0.8420753729227501,0.8441779558581768
203,1-palmitoyl-2-linoleoyl-GPI (16:0/18:2),Method 2,BSNJSZUDOMPYIR-DMDPBSJXSA-N,HMDB0009784,,0.0,True,all_pre_hcc,provided_area,True,lbfgs,-0.0011380128858867,-0.12333193807721,0.0018359798740434,0.1819544356898696,0.4978872836018979,0.7062250758212358,0.88779895421937,0.1428657398720256,-524.9568578892358,,0.8420753729227501,0.9521097226385771
337,docosadienoate (22:2n6),Method 3,HVGRZDASOHMCSK-AVQMFFATSA-N,HMDB0061714,C16533,0.0,True,all_pre_hcc,provided_area,True,lbfgs,-0.0031518105303713,0.1418465161967958,0.0054190530459592,0.2103680208963046,0.5001346249676679,0.5515382467052656,0.9233646682834904,0.53574320951494,-797.9893051962536,,0.8424089364363747,0.8893204180990235
692,histidine betaine (hercynine)*,Method 1,GPPYTCRVKHULJH-UHFFFAOYSA-N,HMDB0029422,,0.0432525951557093,True,all_pre_hcc,provided_area,True,lbfgs,-0.0090771097385937,0.1804939311068082,0.0090930259464997,0.2686010684073847,0.5015978860676942,0.4207388612737754,1.546081231752514,0.8187751656055645,-927.5730317189395,,0.8424089364363747,0.8649610746772486
1146,2-ketocaprylate,Method 3,GPPUPQFYDYLTIY-UHFFFAOYSA-N,HMDB13211,,0.0,True,all_pre_hcc,provided_area,True,lbfgs,0.0001979069411231,-0.1403361745399213,0.0008735174324779,0.2089355091421016,0.50179239869043,0.907301860335511,1.0460355228472544,0.3495626864893486,-718.9062547596504,,0.8424089364363747,0.9969785874248245
103,glucose,Method 4,WQZGKKKJIJFFOK-DVKNGEFBSA-N,HMDB0000122,C00031,0.0,True,all_pre_hcc,provided_area,True,lbfgs,-3.959532367131332e-06,0.0956998693194871,0.0046292010844859,0.1425751595849469,0.5020778399272022,0.2585409642846191,0.534463800620331,0.1013593038662156,-410.7703154528308,,0.8424089364363747,0.8057213303079476
1197,pregnenetriol disulfate*,Method 3,KANYWSIUKWPEOE-HXOPQMAFSA-N,,,0.0,True,all_pre_hcc,provided_area,True,lbfgs,-0.0021359510819241,-0.1843235907052413,0.0036619665926934,0.274669855149461,0.502173870846538,0.6563578144485592,1.956035813898684,0.4115253042244934,-806.366955424342,,0.8424089364363747,0.9265555417511936
409,1-methylxanthine,Method 3,MVOYJPOZRLFTCP-UHFFFAOYSA-N,HMDB0010738,C16358,0.3840830449826989,False,all_pre_hcc,provided_area,True,lbfgs,0.0157086083669895,0.4227701975258832,0.0143759978366536,0.6335984484473218,0.5046108124236737,0.6276431237979032,7.669204645588637,5.814057895988123,-1467.408997536556,,0.8440134301281513,0.9252575853260273
1183,darunavir,Method 2,CJBJHOAVZSMMDJ-HEXNFIEUSA-N,HMDB0015393,D03656,0.9948096885813148,False,all_pre_hcc,provided_area,True,lbfgs,-6.201110558994783e-06,-0.0138425221115686,6.201110558863315e-06,0.0207885594999183,0.5054928444934182,0.9211444666069174,0.0130429841125013,2.2825091849298376e-05,1554.2881631708217,,0.8440134301281513,0.9969785874248245
28,arginine,Method 1,ODKSFYDXXFIFQN-UHFFFAOYSA-N,HMDB0000517,C00062,0.0,True,all_pre_hcc,provided_area,True,lbfgs,-0.0024256572347737,0.0488795755180584,-0.0002302980070199,0.0734856127788902,0.5059491596856729,0.9263002637276953,0.1332522376355511,0.038216782664712,-92.27260636274104,,0.8440134301281513,0.9969785874248245
796,olmesartan,Method 3,VTRAEEWXHOVJFV-UHFFFAOYSA-N,HMDB0014420,D05246,0.991349480968858,False,all_pre_hcc,provided_area,True,lbfgs,0.0003932907347447,-0.0251664851102363,-0.0003932907347447,0.0381466706702237,0.5094274129345764,0.8090333275082211,0.0307682096341897,0.0170686756528624,194.59931283364767,,0.8440134301281513,0.9786094631220575
794,propyl 4-hydroxybenzoate,Method 3,QELSKZZBTMNZEB-UHFFFAOYSA-N,HMDB0032574,D01422,0.903114186851211,False,all_pre_hcc,provided_area,True,lbfgs,-0.0096856414107851,0.1562087081276044,0.0175761747180869,0.2369397630508003,0.5097185269893066,0.2485389436876993,0.3297249277108758,1.9005478030796157,-1043.0385753820506,,0.8440134301281513,0.8024925141013488
1104,sulfate of piperine metabolite C16H19NO3 (2)*,Method 3,,,,0.0086505190311418,True,all_pre_hcc,provided_area,True,lbfgs,-0.0080131306590723,0.2063844607805753,-0.0090778119055454,0.3138670359601442,0.5108248926280051,0.3892858059934023,2.4412533932705887,0.6836752036154525,-927.865997256692,,0.8440134301281513,0.8481513895397405
1184,ritonavir,Method 2,NCDNCNXCDXHOMX-XGKFQTDJSA-N,HMDB0014646,D00427,0.9948096885813148,False,all_pre_hcc,provided_area,True,lbfgs,0.000165051763127,-0.0197830105013074,-0.000165051763127,0.030085804794757,0.5108254188827133,0.8634215186505385,0.0229289632647454,0.0056356690947272,447.4729502508935,,0.8440134301281513,0.9956788041480279
184,N1-methyladenosine,Method 1,GFYLSDSUCHVORB-IOSLPCCCSA-N,HMDB0003331,C02494,0.0,True,all_pre_hcc,provided_area,True,lbfgs,0.0011280887072513,-0.0582438531515902,-0.003308701046007,0.0890205221660073,0.5129350038960687,0.1900122393425178,0.2091300615446702,0.0385258100456732,-133.84152047547468,,0.8440134301281513,0.7527407943184359
432,N1-methyl-2-pyridone-5-carboxamide,Method 3,JLQSXXWTCJPCBC-UHFFFAOYSA-N,HMDB0004193,C05842,0.0,True,all_pre_hcc,provided_area,True,lbfgs,0.0002894979602341,-0.1508353511440896,-0.0049977234049391,0.2306021191762643,0.5130515580237622,0.478206391706177,1.3691706001305175,0.3024077325857697,-712.9832073900002,,0.8440134301281513,0.8855918593261037
1128,desmethylcitalopram*,Method 2,PTJADDMMFYXMMG-UHFFFAOYSA-N,HMDB0014021,C16608,0.9134948096885812,False,all_pre_hcc,provided_area,True,lbfgs,-0.002135586962843,-0.1291783629888861,0.000663631358863,0.1977370449195418,0.5135734813754402,0.9259104020636002,0.9339472806102858,0.3169745110006872,-689.3203921709955,,0.8440134301281513,0.9969785874248245
1029,THC carboxylic acid,Method 3,YOVRGSHRZRJTLZ-UHFFFAOYSA-N,,,0.9498269896193772,False,all_pre_hcc,provided_area,True,lbfgs,0.0020438019482602,0.1360209712326246,0.000967855098236,0.2082145838900279,0.5135802789959794,0.8983210097589007,1.0312896008429733,0.3567542645686859,-721.8849951374814,,0.8440134301281513,0.9969785874248245
1130,citalopram propionate*,Method 3,JSYNRZJODZWUKX-UHFFFAOYSA-N,HMDB60463,C16610,0.9134948096885812,False,all_pre_hcc,provided_area,True,lbfgs,-0.0018439046952058,-0.1438172787297917,0.0007505690681134,0.2202190486610307,0.5137145924365265,0.9106774478011418,1.2512860585641523,0.2724917403061138,-684.1392713885957,,0.8440134301281513,0.9969785874248245
62,myo-inositol,Method 4,CDAISMWEOUEBRE-GPIVLXJGSA-N,HMDB0000211,C00137,0.0,True,all_pre_hcc,provided_area,True,lbfgs,0.0001971395554615,-0.0759877112481586,-0.016062279731144,0.116374460399682,0.5137829327090786,0.0014872586738102,0.2815198731926604,0.1653596152741006,-457.32872355854033,,0.8440134301281513,0.12233352911591464
154,thyroxine,Method 3,XUIIKFGFIJCVMT-LBPRGKRZSA-N,HMDB0000248,C01829,0.0,True,all_pre_hcc,provided_area,True,lbfgs,0.0001913519829885,-0.1285029634339007,-0.0103183746411816,0.1982397827623279,0.5168427611390565,0.001328278502143,1.139378713306996,0.0608034740090369,-383.25835005288445,,0.847687968110236,0.12233352911591464
384,pioglitazone,Method 1,HYAFETHFCAUJAY-UHFFFAOYSA-N,HMDB0015264,"D08378,C07675,
DG00117",0.9948096885813148,False,all_pre_hcc,provided_area,True,lbfgs,-6.380899975918371e-05,-0.0130476698660014,6.380899975923629e-05,0.0202092538163791,0.5185199871358614,0.5074177795111278,0.01230036651323,5.3933540058226594e-05,1398.3814292011657,,0.8488485375788647,0.8893204180990235
1028,(N(1) + N(8))-acetylspermidine,Method 1,MQTAVJHICJWXBR-UHFFFAOYSA-N,"HMDB0002189,HMDB0001276","C01029,C00612",0.0,True,all_pre_hcc,provided_area,True,lbfgs,0.0002502926868101,-0.0834269676696879,-0.003321039342011,0.1300794808460142,0.521292850602079,0.3901814906175617,0.4399443230750718,0.0907207994622683,-371.1736455813766,,0.8488485375788647,0.8481513895397405
903,1-(1-enyl-palmitoyl)-2-palmitoyl-GPC (P-16:0/16:0)*,Method 2,PEWXKAOBUSBJLD-MCBGMKGZSA-N,HMDB0011206,,0.0,True,all_pre_hcc,provided_area,True,lbfgs,-0.0034919083867953,-0.0815096127794968,0.0028396955878831,0.1272714828297087,0.5218872777772243,0.3631880096231301,0.4433786293638008,0.0583712591421247,-284.8926498059277,,0.8488485375788647,0.8441779558581768
1263,menthol glucuronide,Method 3,CLJGMBYGTHRUNF-PJQJKGEDSA-N,,,0.0311418685121107,True,all_pre_hcc,provided_area,True,lbfgs,0.0008742751480263,0.2663018676837481,0.0295825613554632,0.4170784064067557,0.5231524586432853,0.1092892680766499,3.542541831373619,2.222652091892404,-1203.2929970393338,,0.8488485375788647,0.6500146004657739
1051,methylnaphthyl sulfate (2)*,Method 3,SBYDEYGHJXSIDV-UHFFFAOYSA-N,,,0.5795847750865052,False,all_pre_hcc,provided_area,True,lbfgs,-0.0109808486919772,-0.2842866616575176,0.0132262546859206,0.4462136876946222,0.524053984845108,0.4549153519831085,4.473959533318861,1.984592701723377,-1197.4233879908911,,0.8488485375788647,0.8849012386984472
195,topiramate,Method 3,KJADKKWYZYXHBB-UHFFFAOYSA-N,HMDB0005034,D00537,0.9878892733564014,False,all_pre_hcc,provided_area,True,lbfgs,0.0021064742516089,-0.1117043714634682,-0.0021064742516088,0.1753862014108027,0.5241866408357484,0.7754709375993227,0.6584218270117187,0.3501732729591079,-681.7725721999345,,0.8488485375788647,0.9696412414258495
1007,cerotoylcarnitine (C26)*,Method 2,KOCKWDDTAHPJSX-UHFFFAOYSA-N,HMDB0006347,,0.0,True,all_pre_hcc,provided_area,True,lbfgs,-0.0033401103527891,-0.1081570574753328,-0.0007256241744299,0.1700822195155028,0.5248348036539672,0.8796721004641056,0.7647928873345134,0.1388433145576169,-505.6744251388527,,0.8488485375788647,0.9969785874248245
1010,eicosenoylcarnitine (C20:1)*,Method 2,PVOQPLSKYNZHOT-OUKQBFOZSA-N,,,0.0,True,all_pre_hcc,provided_area,True,lbfgs,0.0018237644094414,-0.1114325114206711,0.003862282281399,0.1752550530355417,0.5248868929455621,0.5363917343014073,0.7386143913734713,0.2424998317393165,-614.7184038460864,,0.8488485375788647,0.8893204180990235
760,methyl glucopyranoside (alpha + beta),Method 3,HOVAGTYPODGVJG-ZFYZTMLRSA-N,HMDB0029965,,0.1643598615916955,True,all_pre_hcc,provided_area,True,lbfgs,-0.0126785760708892,-0.2413892846832212,-0.0058327676696512,0.3809662185778771,0.5263263277929748,0.7448130687659191,2.7489858387483643,2.133750831782704,-1176.045441496812,,0.8488485375788647,0.9590589646401889
666,mirtazapine,Method 1,RONZAEMNMFQXRA-UHFFFAOYSA-N,HMDB0014514,C07570,0.9965397923875432,False,all_pre_hcc,provided_area,True,lbfgs,0.0003004831196543,-0.0094205422998166,-0.0003004831196544,0.0148736230667264,0.526490485862509,0.6935962502951383,0.0036372318169143,0.0040146033757776,661.2679216136553,,0.8488485375788647,0.9496670628577099
722,"sphingomyelin (d18:1/14:0, d16:1/16:0)*",Method 2,KYICBZWZQPCUMO-PSALXKTOSA-N,HMDB0012097,,0.0,True,all_pre_hcc,provided_area,True,lbfgs,-0.0012247672411205,-0.0764424981014613,-0.0006494314834781,0.1207278045152904,0.5266157432164025,0.8381421134004146,0.3924932739001979,0.0607836507965507,-281.5151855340528,,0.8488485375788647,0.9909331294058851
318,dodecanedioate (C12-DC),Method 3,TVIDDXQYHWJXFK-UHFFFAOYSA-N,HMDB0000623,C02678,0.0,True,all_pre_hcc,provided_area,True,lbfgs,-0.0022783830337738,-0.1545375781054997,0.0096057333733203,0.2447692585957266,0.5278050063229646,0.4011323732390461,1.1462913815594156,0.8652744792245808,-917.173883796616,,0.849436182051021,0.857240317014965
707,hydroxypioglitazone (M-IV),Method 1,OXVFDZYQLGRLCD-UHFFFAOYSA-N,,,0.9948096885813148,False,all_pre_hcc,provided_area,True,lbfgs,2.1758150577380176e-05,-0.0206155615804578,-2.175815057741748e-05,0.0327960234123664,0.5296113344455782,0.511230213020086,0.032501892461836,6.378696967737213e-06,1701.8499993504606,,0.8510135327284641,0.8893204180990235
809,"sphingomyelin (d17:1/16:0, d18:1/15:0, d16:1/17:0)*",Method 2,LQINJRUGTUOHGS-YPDYIYJKSA-N,"HMDB0240617,HMDB0240608",,0.0,True,all_pre_hcc,provided_area,True,lbfgs,-0.0003206202624038,-0.0766670750176402,-0.0030009305212761,0.1226733597499983,0.5319912542101715,0.3317841343069884,0.4094997622097578,0.0573189999239518,-273.92075326273607,,0.8522211289893786,0.83760830376663
605,hydroxycotinine,Method 1,XOKCJXZZNAUIQN-IENPIDJESA-N,HMDB0001390,,0.759515570934256,False,all_pre_hcc,provided_area,True,lbfgs,0.0034143835800264,-0.3042958364211797,-0.000485280762561,0.4873215510211383,0.5323484073708307,0.9415510412678344,6.972893588037634,0.2568677694703586,-836.1005620363471,,0.8522211289893786,0.9969785874248245
777,3-hydroxypyridine sulfate,Method 3,BDERIBJTVYFANV-UHFFFAOYSA-N,,,0.0069204152249134,True,all_pre_hcc,provided_area,True,lbfgs,0.0033196846385754,-0.3062974283554757,-0.0038086630187034,0.4911218617707489,0.5328450554069513,0.8695699021252757,4.5434711086874975,3.5798170352000933,-1324.5277312941191,,0.8522211289893786,0.9956788041480279
262,1-myristoyl-2-palmitoyl-GPC (14:0/16:0),Method 2,RFVFQQWKPSOBED-PSXMRANNSA-N,HMDB0007869,,0.0,True,all_pre_hcc,provided_area,True,lbfgs,-0.0037753986987864,0.097303981400639,-0.0001771521095411,0.156487377831587,0.5340728405847732,0.97519448503129,0.5822107459917084,0.2020575119272513,-557.3184918569746,,0.8528605051198704,0.9999989883008276
202,1-palmitoyl-2-oleoyl-GPE (16:0/18:1),Method 2,FHQVHHIBKUMWTI-OTMQOFQLSA-N,HMDB0005320,,0.0,True,all_pre_hcc,provided_area,True,lbfgs,0.0015153672704546,0.0910509810603781,0.0108119530347503,0.1476005094753472,0.5373175496617042,0.0338812821668872,0.5326031926695776,0.1606351700374451,-502.9113146889245,,0.8547848520527771,0.4390952019553782
289,adipate (C6-DC),Method 4,WNLRTRBMVRJNCN-UHFFFAOYSA-N,HMDB0000448,C06104,0.5190311418685121,False,all_pre_hcc,provided_area,True,lbfgs,0.0079127856992792,-0.2418124110897974,0.0269953318768105,0.392181087444555,0.5375094408906298,0.0771541785427023,3.5060503168290107,1.4671520183097508,-1114.8270647753316,,0.8547848520527771,0.5717180136617508
1239,torasemide,Method 3,NGBFQHCMQULJNZ-UHFFFAOYSA-N,,,0.9653979238754326,False,all_pre_hcc,provided_area,True,lbfgs,0.0016885060078763,0.1866955390043907,-0.0017075550907494,0.304046490681757,0.539191433884839,0.8933684892939132,1.9872458570381213,1.0405680873387364,-997.727518667853,,0.8547848520527771,0.9969785874248245
600,4-hydroxyglutamate,Method 1,HBDWQSHEVMSFGY-SCQFTWEKSA-N,HMDB0001344,C03079,0.0865051903114186,True,all_pre_hcc,provided_area,True,lbfgs,-0.0097815053861294,-0.16273514106797,0.0199792746776609,0.2651745736286831,0.5394198064510141,0.0698720576832851,1.522385538378953,0.7768079410965729,-915.2580793554284,,0.8547848520527771,0.5460257868381959
1110,"(2,4 or 2,5)-dimethylphenol sulfate",Method 3,CLCCTVXAPVYLKM-UHFFFAOYSA-N,,,0.3252595155709342,False,all_pre_hcc,provided_area,True,lbfgs,-0.0036146839083734,-0.2735760825000643,-0.0169682532180611,0.4459951459033547,0.5396079434092507,0.4213551843550702,3.750721284185206,2.947888482239597,-1268.5718527992776,,0.8547848520527771,0.8649610746772486
92,taurine,Method 1,XOAAWQZATWQOTB-UHFFFAOYSA-N,HMDB0000251,C00245,0.0,True,all_pre_hcc,provided_area,True,lbfgs,-0.0005333489680059,-0.0560107332224598,-0.0011630646826747,0.0914574331078547,0.5402572220255901,0.7950191422233962,0.1494827997476037,0.1351277070995383,-368.03840077632776,,0.8547848520527771,0.9713757016489895
22,S-adenosylhomocysteine (SAH),Method 3,ZJUKTBDSGOFHSH-UHFFFAOYSA-N,HMDB0000939,C00021,0.046712802768166,True,all_pre_hcc,provided_area,True,lbfgs,-5.402802917010978e-05,0.1203944001132089,-0.0007314422386917,0.1988339101749638,0.5448452629003546,0.903707068246548,1.0200559542074528,0.2221321938155872,-625.0881703105656,,0.8573105455110723,0.9969785874248245
1098,gamma-CEHC sulfate,Method 3,XJAVOQFBEMHLBM-UHFFFAOYSA-N,,,0.532871972318339,False,all_pre_hcc,provided_area,True,lbfgs,0.0046556214240958,0.1806129632423959,0.0086195465187081,0.2986618011699355,0.5453512638810135,0.5377817389575257,1.7004668493001858,1.2965495938382212,-1033.3361728605482,,0.8573105455110723,0.8893204180990235
1077,dihydroferulic acid sulfate,Method 3,UMCDODPBPQMWQP-UHFFFAOYSA-N,HMDB0041724,,0.3685121107266436,False,all_pre_hcc,provided_area,True,lbfgs,0.0112912004450164,0.2634010311097047,-0.0078180963850896,0.4361975307842707,0.5459385687558357,0.7152626806769176,3.3812111678806227,3.0981179886743817,-1272.3689852882644,,0.8573105455110723,0.9527350695410636
730,allopurinol,Method 3,OFCNXPDARWKPPY-UHFFFAOYSA-N,HMDB0014581,D00224,0.9705882352941176,False,all_pre_hcc,provided_area,True,lbfgs,-0.0097545422918153,-0.1528547111842446,0.0102202381175343,0.2534430296018243,0.5464337149203152,0.3472327365278225,1.351011153634742,0.7631075778542068,-902.2653914090542,,0.8573105455110723,0.83760830376663
1061,glyco-beta-muricholate**,Method 3,ZQYUKJFJPJDMMR-PRRFOZOMSA-N,,,0.28719723183391,False,all_pre_hcc,provided_area,True,lbfgs,0.0019398728462413,0.4322430901807046,-0.0253621675759661,0.7197852248050736,0.5481618954561689,0.379890809702921,11.543494903052633,5.293289955078514,-1478.2842162491952,,0.8573105455110723,0.8481513895397405
304,indoleacetate,Method 3,SEOVTRFCIGRIMH-UHFFFAOYSA-N,HMDB0000197,C00954,0.0,True,all_pre_hcc,provided_area,True,lbfgs,0.0007933557381989,-0.1109786785312069,-0.0069857516318626,0.1849985499341835,0.5485799133253699,0.3892275349088117,0.7056307474405034,0.4255110761794886,-728.4987277099185,,0.8573105455110723,0.8481513895397405
972,N-oleoylserine,Method 3,MBDKGXAMSZIDKF-KTKRTIGZSA-N,,,0.0,True,all_pre_hcc,provided_area,True,lbfgs,-0.0045769215292753,0.1289371041694882,0.0062863514032181,0.2154380079694536,0.5495142345553696,0.252609341696402,1.259600143532344,0.1811106326019251,-603.9123193451251,,0.8573105455110723,0.8057213303079476
147,glycerate,Method 4,RBNPOMFGQQGHHO-UHFFFAOYSA-N,"HMDB0000139,HMDB0006372",C00258,0.0,True,all_pre_hcc,provided_area,True,lbfgs,-6.741480553219893e-05,0.0534223970572577,0.0007508164610816,0.0893626995368427,0.54996312068326,0.8492071441616533,0.1634372551222148,0.1007968567907441,-310.5984095880194,,0.8573105455110723,0.9909331294058851
20,N-acetylputrescine,Method 1,KLZGKIDSEJWEDW-UHFFFAOYSA-N,HMDB0002064,C02714,0.0,True,all_pre_hcc,provided_area,True,lbfgs,-0.0011697835729241,-0.0836997007939854,-0.0068063312994797,0.1405187140739395,0.551410356745293,0.0832994004750482,0.5232107167243102,0.0932527739201942,-392.3191572648434,,0.8573105455110723,0.5999886887363612
857,palmitoyl dihydrosphingomyelin (d18:0/16:0)*,Method 2,QHZIGNLCLJPLCU-QPPIDDCLSA-N,HMDB0010168,,0.0,True,all_pre_hcc,provided_area,True,lbfgs,-0.0035825696864658,-0.0730534292887377,-0.0021069527663281,0.1235985207183213,0.5544840814604834,0.4888065876691,0.4178255940899413,0.0554683780498803,-269.37066469519505,,0.8573105455110723,0.8867917706160452
261,docosahexaenoate (DHA; 22:6n3),Method 3,MBMBGCFOFBJSGT-KUBAVDMBSA-N,HMDB0002183,C06429,0.0,True,all_pre_hcc,provided_area,True,lbfgs,-0.0048867965548592,0.1345129117726659,0.0003682101138573,0.2289148428878858,0.5567933320150661,0.9706526188003056,1.0812936290804458,0.6499903871622472,-851.1758670640793,,0.8573105455110723,0.9977766440761625
319,"glutamate, gamma-methyl ester",Method 1,ZGEYCCHDTIDZAE-UHFFFAOYSA-N,HMDB0061715,,0.0484429065743944,True,all_pre_hcc,provided_area,True,lbfgs,-0.0025470141592123,-0.1225867834540242,-0.0046645679478694,0.2086744718048678,0.5568984166845876,0.6268534701472976,0.8513467308799647,0.6042040769099702,-817.8073611194905,,0.8573105455110723,0.9252575853260273
654,carboxyethyl-GABA,Method 1,SRGQUICKDUQCKO-UHFFFAOYSA-N,HMDB0002201,,0.0155709342560553,True,all_pre_hcc,provided_area,True,lbfgs,-0.000910817703135,-0.1055098881205442,-0.0111995585449504,0.1799917910993239,0.5577459740672436,0.101592585375421,0.7501345995969193,0.2937349142579001,-655.4226375379776,,0.8573105455110723,0.6364334943702539
880,1-(1-enyl-palmitoyl)-2-oleoyl-GPC (P-16:0/18:1)*,Method 2,CRBBMHQTIAELIS-KQBBALDBSA-N,HMDB0007996,,0.0,True,all_pre_hcc,provided_area,True,lbfgs,-0.00094669105172,-0.073109606555143,0.0038096090475016,0.1247319774248838,0.5577857191253153,0.2059408270489325,0.4272860844950511,0.0542474622457969,-267.1144271318767,,0.8573105455110723,0.7723215351490973
153,"bilirubin (Z,Z)",Method 2,BPYKTIZUTYGOLE-KDUUSRDASA-N,HMDB0000054,C00486,0.0,True,all_pre_hcc,provided_area,True,lbfgs,-0.0008767131925988,-0.0902273345891683,0.0090728986467953,0.15398105248891,0.5578997895543907,0.0482576301155606,0.6156204780373066,0.1282444212065455,-470.2988396415653,,0.8573105455110723,0.5028970483427219
112,malonate,Method 4,OFOBLEOULBTSOW-UHFFFAOYSA-N,HMDB0000691,C00383,0.0121107266435986,True,all_pre_hcc,provided_area,True,lbfgs,0.0011873009176894,-0.2100673604168172,0.0392407151224675,0.3588098056415482,0.5582411310485653,0.000259547769049,3.338771183752375,0.7012362463364962,-960.549633921185,,0.8573105455110723,0.045635708316561
161,vanillylmandelate (VMA),Method 3,CGQCWMIAEPEHNQ-UHFFFAOYSA-N,HMDB0000291,C05584,0.0069204152249134,True,all_pre_hcc,provided_area,True,lbfgs,0.0038612339309871,-0.1180344568280488,-0.0070875811623705,0.2018198191009243,0.5586481290850802,0.1532652820070703,1.114493454141262,0.1473115384491349,-552.0542445055494,,0.8573105455110723,0.6961863763795457
711,furosemide,Method 3,ZZUFCTLCJUWOSV-UHFFFAOYSA-N,HMDB0001933,D00331,0.6314878892733564,False,all_pre_hcc,provided_area,True,lbfgs,-0.0211192311607393,-0.2168062799080489,-0.0083661162975301,0.3711564696420106,0.5591280468202212,0.6346670445164575,2.58330667709135,2.060969911959278,-1164.0840762230623,,0.8573105455110723,0.9265555417511936
364,myristoylcarnitine (C14),Method 2,PSHXNVGSVNEJBD-UHFFFAOYSA-N,HMDB0005066,,0.0,True,all_pre_hcc,provided_area,True,lbfgs,-0.0004040187248247,-0.1067030522619679,0.0060874898272856,0.1832082564001569,0.560287858048336,0.346197189519038,0.8116939471222372,0.2591065634414476,-636.2432069419879,,0.8573105455110723,0.83760830376663
119,cotinine,Method 1,UIKROCXWUNQSPJ-VIFPVBQESA-N,HMDB0001046,,0.6903114186851211,False,all_pre_hcc,provided_area,True,lbfgs,0.0038867027331546,-0.4773860221015202,-0.0084212882225761,0.8200472787379806,0.5604693457016339,0.4799818584273687,19.66004112721561,0.8345685718146871,-1162.6698930851353,,0.8573105455110723,0.8855918593261037
31,aspartate,Method 1,CKLJMWTZIZZHCS-UHFFFAOYSA-N,HMDB0000191,C00049,0.0,True,all_pre_hcc,provided_area,True,lbfgs,-0.005852639551975,-0.0846761021420994,0.0006316939342313,0.1455271376484649,0.5606624582405225,0.9005381057904818,0.5162221098141946,0.1581324702140477,-497.0442961655572,,0.8573105455110723,0.9969785874248245
8,3-hydroxyisobutyrate,Method 4,DBXBTMSZEOQQDU-UHFFFAOYSA-N,"HMDB0000023,HMDB0000336","C01188,C06001",0.0138408304498269,True,all_pre_hcc,provided_area,True,lbfgs,0.0006517974608725,0.1146751006637895,-0.0019094566035893,0.1972492444783365,0.5609900618831896,0.8219574554231515,0.8172011619681497,0.4637593516975503,-757.9757170959751,,0.8573105455110723,0.9808001174589639
284,tartronate (hydroxymalonate),Method 3,ROBFUDYVXSDBQM-UHFFFAOYSA-N,HMDB0035227,C02287,0.0017301038062283,True,all_pre_hcc,provided_area,True,lbfgs,-0.0016876944559827,-0.1379294361506742,0.005115554999555,0.2380484206318491,0.5623074551627876,0.5363415490353427,1.3807589300567122,0.4236649255864343,-781.7149534575419,,0.8573105455110723,0.8893204180990235
962,N-palmitoyl-sphingadienine (d18:2/16:0)*,Method 2,XXWRZIYYFPIQHE-XPAOSYCESA-N,HMDB0240686,,0.0259515570934256,True,all_pre_hcc,provided_area,True,lbfgs,0.0002829160595439,0.1382252651356795,0.0006967698549486,0.2389395419470846,0.5629301562584074,0.9313743775541654,1.4091912616737972,0.4034948209471543,-773.5548211212708,,0.8573105455110723,0.9969785874248245
1015,adrenoylcarnitine (C22:4)*,Method 2,OLORTLVEDIELGC-SNPVRQPZSA-N,,,0.0761245674740484,True,all_pre_hcc,provided_area,True,lbfgs,-0.004120075323984,-0.1522917963281963,-0.0255222043305547,0.2635865150529542,0.5634209092914504,0.0019774244912868,1.7748464414972906,0.4131330796268289,-798.4862397281258,,0.8573105455110723,0.13578314840169362
1001,"sphingomyelin (d17:2/16:0, d18:2/15:0)*",Method 2,YHBBZTIPONDTRX-TVUHHANTSA-N,HMDB0240677,,0.0103806228373702,True,all_pre_hcc,provided_area,True,lbfgs,0.0002829611215247,-0.1006617935195049,0.0018414909028201,0.1742581771625745,0.5634944070980543,0.7390142431155023,0.7708588427274917,0.1869213616797181,-565.6732030994694,,0.8573105455110723,0.9590589646401889
1004,behenoylcarnitine (C22)*,Method 2,IUMXSSOVGPXXJL-UHFFFAOYSA-N,HMDB0062468,,0.1384083044982699,True,all_pre_hcc,provided_area,True,lbfgs,-0.0028453969044696,-0.1659494135099107,-0.0109361176403215,0.2882988675415685,0.564874828206633,0.3844112202523584,1.72152772639749,1.0231485827630238,-983.1476018556492,,0.8581431755941475,0.8481513895397405
907,1-oleoyl-2-arachidonoyl-GPE (18:1/20:4)*,Method 2,PECSWFQRRFRZPW-BHPGJWMBSA-N,HMDB0009069,,0.1262975778546712,True,all_pre_hcc,provided_area,True,lbfgs,0.0043083267336418,0.1569417795496705,0.0200001236799621,0.2738456514730965,0.5665749186344117,0.138485677326778,1.3282139111606377,1.228119480801852,-1004.3427986106536,,0.8594582712716407,0.6758022901938247
232,4-guanidinobutanoate,Method 1,TUHVEAJXIMEOSA-UHFFFAOYSA-N,HMDB0003464,C01035,0.0,True,all_pre_hcc,provided_area,True,lbfgs,-0.004965577728742,0.0841248893826249,0.0038502486747069,0.1473482203424212,0.5680499927576017,0.5965855009922802,0.3846743815563726,0.3552916451505236,-645.9703780625864,,0.860428665500485,0.9185098146816871
108,mannose,Method 4,WQZGKKKJIJFFOK-DXQLJALPSA-N,HMDB0000169,"C00159,C02209,C00936",0.0,True,all_pre_hcc,provided_area,True,lbfgs,0.000114753830141,0.086910988464169,0.0021426883462715,0.1527610314093405,0.5694007360170797,0.6547913272909456,0.5951654008682794,0.1400618863004871,-484.910365526318,,0.8612081616704731,0.9265555417511936
243,glycodeoxycholate,Method 2,WVULKSPCQVQLCU-BUXLTGKBSA-N,HMDB00631,C05464,0.4913494809688581,False,all_pre_hcc,provided_area,True,lbfgs,0.0127020501073758,-0.2889527615668881,0.0034275363523731,0.5097004991381044,0.5707773937982034,0.8719439624674963,5.606358832841783,2.896005772337665,-1294.5946168721491,,0.8613718662202537,0.9956788041480279
157,methyl indole-3-acetate,Method 1,KTHADMDGDNYQRX-UHFFFAOYSA-N,HMDB0029738,,0.0138408304498269,True,all_pre_hcc,provided_area,True,lbfgs,-0.0001567513786855,-0.1267333931850034,-0.0008858155639932,0.223887638500026,0.5713543401762822,0.9345452972066928,0.91922775789055,0.7776724611156675,-878.3386139256104,,0.8613718662202537,0.9969785874248245
866,1-stearoyl-2-linoleoyl-GPE (18:0/18:2)*,Method 2,YDTWOEYVDRKKCR-KNERPIHHSA-N,HMDB0008994,,0.0,True,all_pre_hcc,provided_area,True,lbfgs,-0.0005960253266545,0.0852758131151218,0.0092206380203592,0.1510387438806696,0.5723488457086322,0.112097509738766,0.524175536765874,0.2120024502964174,-558.5358819772291,,0.8613718662202537,0.6552592569782668
706,ketopioglitazone,Method 3,JMLKLMFMQRAJNI-UHFFFAOYSA-N,,,0.9948096885813148,False,all_pre_hcc,provided_area,True,lbfgs,-0.0001439135641845,-0.0262928940330626,0.0001439135641844,0.0466307512851068,0.5728541052047319,0.5038657443564825,0.0655019366740739,0.0002697871151692,926.8232713254996,,0.8613718662202537,0.8893204180990235
1036,2-hydroxyarachidate*,Method 3,CPLYLXYEVLGWFJ-UHFFFAOYSA-N,,,0.0103806228373702,True,all_pre_hcc,provided_area,True,lbfgs,-0.0017023431365818,-0.1291665696305274,-0.0065690277005374,0.2300211347647627,0.5744279837205354,0.2529671631843297,1.442688358007864,0.197782687033584,-633.7931912196173,,0.8624793341576551,0.8057213303079476
536,glycocholenate sulfate*,Method 3,HCXZDHWUVRQLGC-UHFFFAOYSA-N,,,0.0,True,all_pre_hcc,provided_area,True,lbfgs,-0.0024247639784869,-0.1051455976945256,-0.0060319080182383,0.1878273750415962,0.5756164696466024,0.3013724261450818,0.9028270162153196,0.207781382923565,-600.8669460000046,,0.8630057696302773,0.8178108858282597
999,sphingomyelin (d18:2/23:1)*,Method 2,FEKSRDMVIULIDJ-SQPFVDNVSA-N,HMDB0240668,,0.0,True,all_pre_hcc,provided_area,True,lbfgs,-0.0009162725138603,-0.0789640300494226,0.0010307590128801,0.1415961365369797,0.5770692038710823,0.7823027879853214,0.5398478941887432,0.0836929624982598,-373.8488764452877,,0.8632196026499089,0.9696412414258495
336,docosapentaenoate (n3 DPA; 22:5n3),Method 3,YUFFSWGQGVEMMI-JLNKQSITSA-N,"HMDB0006528,HMDB0001976",C16513,0.0,True,all_pre_hcc,provided_area,True,lbfgs,-0.0028437379897988,0.1259598746493022,0.0032983764793368,0.2264395325662217,0.5780312552467766,0.7675201143669326,0.9061480807164232,0.8428157826108787,-895.1410987766135,,0.8632196026499089,0.9684033642502601
899,1-oleoyl-2-docosahexaenoyl-GPC (18:1/22:6)*,Method 2,FPEVDFOXMCHLKL-KFDYCXSYSA-N,HMDB0008123,,0.0,True,all_pre_hcc,provided_area,True,lbfgs,-0.0032003081329468,-0.067091149855885,-0.0003924049746337,0.1210340274798165,0.5793623088902866,0.9181610918858432,0.3726412752881752,0.0891710370281278,-352.9433422722386,,0.8632196026499089,0.9969785874248245
276,palmitoylcarnitine (C16),Method 2,XOMRRQXKHMYMOC-UHFFFAOYSA-N,HMDB0000222,C02990,0.0,True,all_pre_hcc,provided_area,True,lbfgs,0.000340287047635,-0.0956307358775579,0.0001882449573664,0.1731812747950678,0.580811192227525,0.9646717716986868,0.8209526439769836,0.1080689409281708,-462.9098994572819,,0.8632196026499089,0.9974755988405244
963,palmitoyl-docosahexaenoyl-glycerol (16:0/22:6) [1]*,Method 2,BXVYQJJBMVVALQ-UNMZRDIWSA-N,HMDB0007121,,0.6972318339100346,False,all_pre_hcc,provided_area,True,lbfgs,0.0027608265357579,-0.1929209570195761,-0.0035743516449945,0.3495737009242663,0.5810340549496815,0.84994199090726,1.8119595151397947,2.491448085994875,-1183.7417769463705,,0.8632196026499089,0.9909331294058851
344,1-methyl-4-imidazoleacetate,Method 1,ZHCKPJGJQOPTLB-UHFFFAOYSA-N,HMDB0002820,C05828,0.0,True,all_pre_hcc,provided_area,True,lbfgs,0.0019759753693004,-0.075756717969604,-0.0119708684427072,0.1374234706364237,0.5814521850795438,0.0041160791987358,0.4873759733830329,0.1059713228938117,-411.3343955477362,,0.8632196026499089,0.1503452325081814
491,"3,4-dihydroxybutyrate",Method 4,DZAIOXUZHHTJKN-UHFFFAOYSA-N,HMDB0000337,,0.0,True,all_pre_hcc,provided_area,True,lbfgs,0.0001551178067122,-0.152931556012547,0.0194309461281913,0.2775468258567367,0.5816256351835308,0.1414243168101869,1.440552696688438,1.1579700677147278,-996.9456246718814,,0.8632196026499089,0.6758022901938247
858,tricosanoyl sphingomyelin (d18:1/23:0)*,Method 2,SXZWBNWTCVLZJN-NMIJJABPSA-N,HMDB0012105,,0.0,True,all_pre_hcc,provided_area,True,lbfgs,-0.0010487299923619,-0.0767055705785256,-0.0011504354342272,0.1405034671264979,0.5851115468791993,0.7940962945306161,0.5033125513464194,0.1187219590808733,-436.9327365922986,,0.8651035325033416,0.9713757016489895
1037,N-stearoylserine*,Method 3,CLHUCXCVFSEJRR-UHFFFAOYSA-N,,,0.1089965397923875,True,all_pre_hcc,provided_area,True,lbfgs,-0.0046442872295498,-0.1410611926531628,-0.0002793881915981,0.2597415484897488,0.5870727276829695,0.9824391008229876,1.2115765013986473,1.0827116957475973,-970.2270933375784,,0.8651035325033416,0.9999989883008276
881,1-(1-enyl-palmitoyl)-2-linoleoyl-GPC (P-16:0/18:2)*,Method 2,QLEHHUPUHJPURI-PWYDUFMYSA-N,HMDB0011211,,0.0,True,all_pre_hcc,provided_area,True,lbfgs,-0.0010366710049246,-0.0655751897020088,0.0037761233494026,0.12101009539518,0.5878884271891343,0.2749832059248062,0.3854657920328052,0.0724392724256361,-314.5141120011649,,0.8651035325033416,0.8169680049949793
380,nicotinamide riboside,Method 1,BUCXGWMZJBKEMD-UHFFFAOYSA-N,HMDB0000855,C03150,0.2491349480968858,False,all_pre_hcc,provided_area,True,lbfgs,0.0025072392862405,-0.1479882549283377,-0.0013062774184957,0.2732884643910584,0.5881565643508065,0.9216988971985224,1.3477633920075431,1.18885889502185,-998.1397186126378,,0.8651035325033416,0.9969785874248245
516,dimethylarginine (SDMA + ADMA),Method 1,YDGMGEXADBMOMJ-LURJTMIESA-N,"HMDB0003334,HMDB0001539","C21189,C03626",0.0,True,all_pre_hcc,provided_area,True,lbfgs,0.0001842549577895,0.05214401218397,-0.0039848591313835,0.0966344935774181,0.589472635025202,0.065624117743785,0.2601500667299857,0.0278656914914426,-90.60840803256542,,0.8651035325033416,0.5364511212388774
618,cis-4-decenoate (10:1n6)*,Method 3,XKZKQTCECFWKBN-SREVYHEPSA-N,HMDB0004980,,0.0086505190311418,True,all_pre_hcc,provided_area,True,lbfgs,-0.0060064058105847,0.1470510822172548,0.0132620029417824,0.2726130377207529,0.5896017466493595,0.3137054283282576,1.3561106106958527,1.1631107128133638,-993.7318277941516,,0.8651035325033416,0.8263851436780189
1165,"2,3-dihydroxy-5-methylthio-4-pentenoate (DMTPA)*",Method 3,XMZBEAXQGSBWLG-NSCUHMNNSA-N,HMDB0240388,,0.0,True,all_pre_hcc,provided_area,True,lbfgs,0.0004528304805926,0.1005968724613553,-0.0064444780566735,0.187323396479748,0.5912520952029927,0.091827924348986,0.9918488795988016,0.0865635888799214,-437.7030026360621,,0.8651035325033416,0.6230822013072314
281,acetylcarnitine (C2),Method 1,RDHQFKQIGNGIED-MRVPVSSYSA-N,HMDB0000201,C02571,0.0,True,all_pre_hcc,provided_area,True,lbfgs,0.0017993046079796,-0.0617206639736517,-0.0030306508685379,0.11502986640105,0.5915701457271763,0.4636211868702077,0.3168181026670851,0.1062739645106136,-374.4867676453796,,0.8651035325033416,0.8855918593261037
65,3-sulfo-alanine,Method 4,XVOYSCVBGLVSOL-UHFFFAOYSA-N,HMDB0002757,C00506,0.0519031141868512,True,all_pre_hcc,provided_area,True,lbfgs,-0.0070109603022242,0.1504003233656231,-0.0084376921737625,0.2807505130096346,0.5921603059637187,0.4841150708586865,1.6645427684668903,0.9273948343040124,-959.6641002486076,,0.8651035325033416,0.8855918593261037
272,2-hydroxyoctanoate,Method 3,JKRDADVRIYVCCY-UHFFFAOYSA-N,HMDB0002264,,0.0,True,all_pre_hcc,provided_area,True,lbfgs,0.0035076147143542,-0.1081243490165486,-0.0068555573939035,0.202380634720608,0.5931600522217101,0.3478449475849653,0.9795378521445351,0.3303752301894051,-701.8135065856577,,0.8651035325033416,0.83760830376663
269,1-methylguanidine,Method 1,CHJJGSNFBQVOTG-UHFFFAOYSA-N,HMDB0001522,C02294,0.8114186851211073,False,all_pre_hcc,provided_area,True,lbfgs,-0.0004682836239985,-0.1340480756135617,-0.0042899189825515,0.2509473536689879,0.5932252249384147,0.7217372069619223,1.1612289417487158,0.969001315037582,-942.8563739101896,,0.8651035325033416,0.9529646481877615
869,1-palmitoyl-2-palmitoleoyl-GPC (16:0/16:1)*,Method 2,QIBZFHLFHCIUOT-HTXNQAPBSA-N,HMDB0007969,,0.0,True,all_pre_hcc,provided_area,True,lbfgs,-0.0014430094313526,-0.0764080621034759,0.0002598247420798,0.1434987246185007,0.5944039104706227,0.9551621790700086,0.5195597829892015,0.1308812290252545,-459.3215479081055,,0.8651035325033416,0.9969785874248245
601,L-urobilin,Method 2,TYOWQSLRVAUSMI-WKULSOCRSA-N,HMDB0004159,C05793,0.7006920415224913,False,all_pre_hcc,provided_area,True,lbfgs,0.0215949284782291,-0.2453919030343156,-0.0265960146729934,0.4620519539699819,0.5953553175855824,0.1974562305660419,4.309699916850855,2.77901146860373,-1265.8200579608892,,0.8651035325033416,0.765502224408302
1079,fibrinopeptide A (7-16)*,Method 3,NQUPYRJVFYRZQX-UHFFFAOYSA-N,,,0.0017301038062283,True,all_pre_hcc,provided_area,True,lbfgs,0.0020339880044961,0.0875443193708915,-0.0072544164833674,0.1650479958656936,0.5958226043714089,0.3593255164714405,0.5023514569475535,0.4191342392996212,-700.6625085179362,,0.8651035325033416,0.8441779558581768
957,oleoyl-arachidonoyl-glycerol (18:1/20:4) [1]*,Method 2,LWXLWRXRJKMNLM-XBUMEPTLSA-N,HMDB0007228,,0.2249134948096885,False,all_pre_hcc,provided_area,True,lbfgs,0.0060311241092843,-0.2586660997466427,0.0275105911195851,0.4881492983601118,0.5961872510180624,0.0698546788328347,6.097413322862797,1.4045401366623067,-1153.0608862485342,,0.8651035325033416,0.5460257868381959
436,oleoylcarnitine (C18:1),Method 2,IPOLTUVFXFHAHI-WHIOSMTNSA-N,HMDB0005065,,0.0,True,all_pre_hcc,provided_area,True,lbfgs,0.0007896809642683,-0.0948949526551655,0.0038028466712989,0.1791599304589053,0.5963434133493536,0.4745154470895657,0.8348864894129648,0.171718951968623,-555.8078391367103,,0.8651035325033416,0.8855918593261037
1008,ximenoylcarnitine (C26:1)*,Method 2,ONGUASHYQLGIFC-OCOZRVBESA-N,,,0.0,True,all_pre_hcc,provided_area,True,lbfgs,0.0001409406447816,-0.0877347860020492,-0.0005258655155703,0.1660166986593445,0.5971734093299766,0.9232903471553258,0.6891883259600641,0.1832258432589249,-551.8373798644066,,0.8651035325033416,0.9969785874248245
848,2-hydroxybutyrate/2-hydroxyisobutyrate,Method 4,AFENDNXGAFYKQO-UHFFFAOYSA-N,"HMDB0000729,HMDB00008","C21297,C05984",0.0,True,all_pre_hcc,provided_area,True,lbfgs,0.0005654302195553,-0.112148986814768,0.0070673767912663,0.2134929504935203,0.5993709462343277,0.3307771075517685,1.123450302821632,0.3241253535280572,-709.6008361253103,,0.8652679684925728,0.83760830376663
144,pantothenate,Method 3,GHOKWGTUZJEAQD-ZETCQYMHSA-N,HMDB0000210,C00864,0.0,True,all_pre_hcc,provided_area,True,lbfgs,0.0001730728672945,0.0974037591181017,-0.0036482806525837,0.185503833270143,0.5995298033859302,0.5029731163829703,0.8980987567219774,0.1800243786213413,-571.774133996531,,0.8652679684925728,0.8893204180990235
1160,glipizide,Method 3,ZJJXGWJIGJFDTL-UHFFFAOYSA-N,HMDB0015200,D00335,0.9826989619377162,False,all_pre_hcc,provided_area,True,lbfgs,0.0012693249057112,-0.0831788361285255,-0.024052304953635,0.1589038328051231,0.6006584013799678,3.24806128325162e-06,0.6345267555778413,0.1637167288855662,-521.9154849704341,,0.8652679684925728,0.0033455031217491686
346,guanidinosuccinate,Method 4,VVHOUVWJCQOYGG-UHFFFAOYSA-N,HMDB0003157,C03139,0.3979238754325259,False,all_pre_hcc,provided_area,True,lbfgs,0.0016558963983891,-0.1843849413934034,-0.0268613173756444,0.3529225837963,0.6013559906467152,0.0155990238135527,3.17209101115174,0.7535133957411475,-970.3726605336052,,0.8652679684925728,0.28721014526555183
533,beta-cryptoxanthin,Method 2,DMASLKHVQRHNES-QQGJMDNJSA-N,HMDB0033844,C08591,0.0190311418685121,True,all_pre_hcc,provided_area,True,lbfgs,-0.0084632505404716,0.1627845312026158,-0.0086838786728692,0.3116907393494857,0.6014872480006623,0.3932357490168734,2.437823441152017,0.6348742440302624,-912.7804562163,,0.8652679684925728,0.8491254119232278
701,2-hydroxyibuprofen,Method 3,UJHKVYPPCJBOSG-UHFFFAOYSA-N,HMDB0060920,,0.8633217993079585,False,all_pre_hcc,provided_area,True,lbfgs,0.0085823121778138,0.2214689206320888,-0.0090307325373776,0.4267940363385344,0.6038214986680485,0.612417890636608,3.926897204931655,2.0352163887660226,-1192.3969498856895,,0.8668316646094488,0.9249126500816807
1237,De(carboxymethoxy) cetirizine acetic acid,Method 2,NBQBQRKLQXVPIS-LJQANCHMSA-N,,,0.8650519031141869,False,all_pre_hcc,provided_area,True,lbfgs,-0.0026425416047353,-0.1970213494922308,0.0126819046929774,0.3811765641622753,0.6052421147560658,0.2751439517922041,3.7438528845517514,0.8226675923187571,-1002.6651248615576,,0.8668316646094488,0.8169680049949793
1258,"bilirubin degradation product, C16H18N2O5 (4)**",Method 3,,,,0.1937716262975778,True,all_pre_hcc,provided_area,True,lbfgs,-0.0021908876123013,-0.2099528061792497,0.018694534177211,0.4067895177130486,0.6057695695265022,0.2736075008956536,3.5562968026894386,1.8645316730776893,-1166.185927289438,,0.8668316646094488,0.8169680049949793
755,1-palmitoyl-GPG (16:0)*,Method 3,BVJSKAUUFXBDOB-UHFFFAOYSA-N,HMDB0240601,,0.0,True,all_pre_hcc,provided_area,True,lbfgs,-0.0026748560482436,0.0909247221214024,-0.0077821609539785,0.178243147336632,0.6099700362282652,0.1761094083860582,0.8015175273041849,0.2020253606518405,-584.7265995519892,,0.8668316646094488,0.7343833629054249
820,N-acetylkynurenine (2),Method 3,PPIMFXHQDQRWGJ-JTQLQIEISA-N,HMDB0240342,,0.1608996539792387,True,all_pre_hcc,provided_area,True,lbfgs,-0.0027504556943304,-0.1507169410053431,0.0082766649996861,0.2982319902378875,0.6133003040478496,0.4652263403302011,2.062826300097539,0.801877929556095,-946.259328646272,,0.8668316646094488,0.8855918593261037
1074,glutamine conjugate of C6H10O2 (1)*,Method 3,,,,0.0034602076124567,True,all_pre_hcc,provided_area,True,lbfgs,0.0024231208503474,0.1458980481197201,-0.0127769994785431,0.2890320870977647,0.6137123166422717,0.2269407908768241,1.979747572780533,0.697706068170974,-914.1750487090848,,0.8668316646094488,0.7962491780602756
824,O-desmethyltramadol glucuronide,Method 1,DSBGQRZOJXSECT-VFUSOVNCSA-N,HMDB0060856,,0.884083044982699,False,all_pre_hcc,provided_area,True,lbfgs,-0.0015615458890907,0.18414112709585,0.0066871929655379,0.3650800613071455,0.6139904326384437,0.6593216447217836,2.8913777539408017,1.4660120056977235,-1099.3001801011646,,0.8668316646094488,0.9265555417511936
836,taurodeoxycholic acid 3-sulfate,Method 3,UCVGCHGIKFWAGH-WQVRBXQRSA-N,,,0.5034602076124568,False,all_pre_hcc,provided_area,True,lbfgs,0.0158004432946914,0.2542003239475527,-0.0084074065203308,0.507870657923252,0.616707726545497,0.7157946214755477,5.101908023186925,3.499061346429376,-1327.8737348600223,,0.8668316646094488,0.9527350695410636
449,homostachydrine*,Method 1,XULZWQRXYTVUTE-ZETCQYMHSA-N,HMDB0033433,C08283,0.0,True,all_pre_hcc,provided_area,True,lbfgs,-0.0091190127165044,0.0873857762336641,0.0092345827460867,0.1752146370438023,0.6179656651207419,0.2312617008158337,0.6293747386173117,0.3866362534924739,-699.4170288530313,,0.8668316646094488,0.7969835758472709
531,"bilirubin (E,Z or Z,E)*",Method 2,BPYKTIZUTYGOLE-BMNRKXRESA-N,HMDB0000488,C00486,0.0017301038062283,True,all_pre_hcc,provided_area,True,lbfgs,-0.004268855779824,0.0811083884029785,0.0121522473187693,0.1633914394458292,0.6196084351675568,0.032744740946127,0.6497999830507222,0.2005969448213853,-565.1264790329092,,0.8668316646094488,0.4380140672014391
568,ergothioneine,Method 1,SSISHJJTAXXQAX-UHFFFAOYSA-N,HMDB0003045,C05570,0.0,True,all_pre_hcc,provided_area,True,lbfgs,-0.0015572751229675,-0.1127540451618146,-0.0038768859522128,0.2271904902895854,0.6196846143003849,0.4776259628740519,1.4190024350099515,0.1781363837152296,-611.7889975604344,,0.8668316646094488,0.8855918593261037
984,glycosyl-N-(2-hydroxynervonoyl)-sphingosine (d18:1/24:1(2OH))*,Method 2,KNDOGXSGCOJBRQ-UHRQUHAFSA-N,,,0.0051903114186851,True,all_pre_hcc,provided_area,True,lbfgs,-0.0037118698688704,0.0926578221023729,0.0091318505487643,0.1879999204511769,0.6221108307698323,0.1586205051209318,0.8649795204734213,0.2594400016189212,-641.929477504139,,0.8668316646094488,0.6961863763795457
39,cholesterol,Method 2,HVYWMOMLDIMFJA-LBHVWCRMSA-N,HMDB0000067,C00187,0.0,True,all_pre_hcc,provided_area,True,lbfgs,-0.0019378489445699,0.0573746736775809,-0.0041478894517602,0.1164284478693357,0.6221615911770102,0.2164609629709043,0.3560236239048927,0.0680878433749371,-295.0251384737194,,0.8668316646094488,0.7843166023654028
458,2-hydroxypalmitate,Method 3,JGHSBPIZNUXPLA-UHFFFAOYSA-N,HMDB0031057,,0.0,True,all_pre_hcc,provided_area,True,lbfgs,-0.0038165255544829,0.1018520659450237,-0.0059686003582214,0.2070504201709826,0.6227765025541108,0.2447180636190409,1.1711140004789828,0.1574648766612749,-569.7207797520919,,0.8668316646094488,0.8002024975482205
102,valine,Method 1,KZSNJWFQEVHDMF-BYPYZUCNSA-N,HMDB0000883,C00183,0.0017301038062283,True,all_pre_hcc,provided_area,True,lbfgs,0.0021112201936023,-0.0551365355052306,0.0012775420070528,0.1121519790769188,0.6229856092416425,0.7888653254610869,0.2666708842420126,0.1465848908971475,-427.55891564702415,,0.8668316646094488,0.9710595005057202
602,pantoate,Method 3,OTOIIPJYVQJATP-BYPYZUCNSA-N,HMDB0240389,C00522,0.0363321799307958,True,all_pre_hcc,provided_area,True,lbfgs,0.0019928247932105,-0.1646690936412646,-0.0036163427186631,0.335245570116032,0.6232924464293843,0.7996406112838369,2.387634565445833,1.3028425332436184,-1059.501769083662,,0.8668316646094488,0.9743737587783531
96,2'-deoxyuridine,Method 3,MXHRCPNRJAMMIM-UHFFFAOYSA-N,HMDB0000012,C00526,0.0242214532871972,True,all_pre_hcc,provided_area,True,lbfgs,0.001253558840306,-0.1007099278190675,0.0007349998919915,0.2057451236304086,0.6244957020300459,0.9131634095819224,1.0603359634044047,0.2789939011247459,-674.2562397738693,,0.8668316646094488,0.9969785874248245
813,3-hydroxyhexanoate,Method 3,HPMGFDVTYHWBAG-UHFFFAOYSA-N,"HMDB0061652,HMDB0010718",,0.0,True,all_pre_hcc,provided_area,True,lbfgs,0.0006330738326231,0.0989949682220777,0.0021206394909613,0.2023939262603116,0.6247565643814605,0.7811549041087954,0.9529595248390708,0.3655099832426058,-720.3065028665333,,0.8668316646094488,0.9696412414258495
1127,sulfociprofloxacin*,Method 3,SDLYZOYQWKDWJG-UHFFFAOYSA-N,,,0.986159169550173,False,all_pre_hcc,provided_area,True,lbfgs,-0.0007186127912428,-0.0546511683972026,0.0007186127912427,0.1118387456378194,0.625082129791137,0.908951641281442,0.1615285393703287,0.2896589152572248,-546.9591369524655,,0.8668316646094488,0.9969785874248245
1220,(2 or 3)-decenoate (10:1n7 or n8),Method 3,WXBXVVIUZANZAU-CMDGGOBGSA-N,,,0.0363321799307958,True,all_pre_hcc,provided_area,True,lbfgs,-0.0086503082455644,0.1499337853948252,0.0163168490284312,0.3070561970894129,0.6253414108190019,0.2266303013704242,1.9357237229167492,1.183197029127242,-1023.0372014829333,,0.8668316646094488,0.7962491780602756
575,alpha-CEHC,Method 3,AXODOWFEFKOVSH-UHFFFAOYSA-N,HMDB0001518,,0.6730103806228374,False,all_pre_hcc,provided_area,True,lbfgs,0.0071252073019562,-0.1379250737770926,-0.0012652924943599,0.2835817078064861,0.6267062602797308,0.925229818759519,1.5026834857756994,1.210123737051005,-1009.5493996396854,,0.8668316646094488,0.9969785874248245
408,indolebutyrate,Method 3,JTEDVYBZBROSJT-UHFFFAOYSA-N,HMDB0002096,C11284,0.1314878892733564,True,all_pre_hcc,provided_area,True,lbfgs,-0.0083921148760189,-0.1642390729893947,-0.0062065114335738,0.3382371429271931,0.6272694218854413,0.607074419184207,2.750132139418389,0.9046441975361196,-995.0369791637036,,0.8668316646094488,0.9234678441000287
623,pantoprazole,Method 3,IQPSEEYGBUAQFF-UHFFFAOYSA-N,HMDB0005017,C11806,0.7197231833910035,False,all_pre_hcc,provided_area,True,lbfgs,-0.0113223193894023,0.3472185668660276,-0.0457447456754145,0.7159608652749078,0.6276985912088555,0.1260592929469646,11.05867136575875,5.720087208065615,-1491.1987161067568,,0.8668316646094488,0.6692838749246058
1102,glucuronide of piperine metabolite C17H21NO3 (4)*,Method 3,,,,0.0138408304498269,True,all_pre_hcc,provided_area,True,lbfgs,-0.0040798636947718,-0.1467515153393656,-0.018866549130708,0.3031509405719278,0.6283239256632682,0.071331825364542,2.2474791474432467,0.676526865677093,-918.6131582190174,,0.8668316646094488,0.5524193994396862
597,formiminoglutamate,Method 1,NRXIKWMTVXPVEF-BYPYZUCNSA-N,HMDB0000854,C00439,0.0017301038062283,True,all_pre_hcc,provided_area,True,lbfgs,-0.004293695749427,0.0888349009935633,0.0005118397495507,0.1835438129207674,0.6283870463553425,0.9462840434039008,0.7320557397053695,0.3689043463732467,-701.0282306025292,,0.8668316646094488,0.9969785874248245
1003,linolenoylcarnitine (C18:3)*,Method 2,WJCRATGUUISKDG-QNEBEIHSSA-N,,,0.0,True,all_pre_hcc,provided_area,True,lbfgs,-0.000765103707819,-0.083676054399294,0.0097853785244312,0.1729129442793966,0.6284425539001446,0.1190297197557812,0.7117420916051566,0.2455424331693486,-614.1499335006251,,0.8668316646094488,0.6591430717658852
1229,"3-bromo-5-chloro-2,6-dihydroxybenzoic acid*",Method 3,AJSVSHDVMDXRFN-UHFFFAOYSA-N,,,0.0086505190311418,True,all_pre_hcc,provided_area,True,lbfgs,0.0066114940397395,-0.0997126865903955,0.0213247369140694,0.2061614236687979,0.6286249391516663,0.0001995939452295,1.128044866000546,0.1983970472796355,-611.7141844329731,,0.8668316646094488,0.045635708316561
596,oxypurinol,Method 4,HXNFUBHNUDHIGC-UHFFFAOYSA-N,HMDB0000786,D02365,0.9619377162629758,False,all_pre_hcc,provided_area,True,lbfgs,-0.0008149777443605,-0.0559313579544901,0.0014120932537444,0.1156612243820876,0.6286845663926817,0.4224033209346175,0.3898209731995583,0.0182075988874724,-47.83121481803573,,0.8668316646094488,0.8649610746772486
822,tramadol,Method 1,TVYLLZQTGLZFBW-ZBFHGGJFSA-N,HMDB0014339,C07153,0.8875432525951558,False,all_pre_hcc,provided_area,True,lbfgs,-0.0064278287082961,0.2100118149835076,0.0158801697576918,0.4346078651100424,0.6289385519437034,0.455043839957312,3.396687113798926,3.025022977780863,-1267.3929029922715,,0.8668316646094488,0.8849012386984472
629,glycoursodeoxycholate,Method 3,GHCZAUBVMUEKKP-XROMFQGDSA-N,HMDB0000708,,0.0,True,all_pre_hcc,provided_area,True,lbfgs,-0.0267492494585246,-0.2595552351432336,0.0120559281510797,0.5382117982812679,0.6296249363766069,0.5677947510986298,6.563924546059032,2.8146393172200224,-1301.1363852787797,,0.8668316646094488,0.9039081818108017
217,eicosapentaenoate (EPA; 20:5n3),Method 3,JAZBEHYOTPTENJ-JLNKQSITSA-N,HMDB0001999,C06428,0.0,True,all_pre_hcc,provided_area,True,lbfgs,-0.0010841111115803,0.1077874739404327,0.0029425858271485,0.2236792658208393,0.6298883064078509,0.7632271413274831,1.033454022131041,0.6189261862367492,-837.3033620513197,,0.8668316646094488,0.9674286269784143
541,21-hydroxypregnenolone disulfate,Method 3,CBOVWLYQUCVTFA-WGKOQXAXSA-N,,,0.0121107266435986,True,all_pre_hcc,provided_area,True,lbfgs,-0.003409320990961,-0.1209464606715974,-0.0033268967440449,0.2517949048940274,0.6309876382519979,0.6399325114756629,1.6748854697665427,0.3058671348579239,-733.3906392614031,,0.8668316646094488,0.9265555417511936
1016,docosapentaenoylcarnitine (C22:5n3)*,Method 2,MJPIXACTUMSGGI-WMPRHZDHSA-N,,,0.3096885813148789,False,all_pre_hcc,provided_area,True,lbfgs,-0.0067808586261308,0.1497712565502318,0.0059894440079751,0.3118506313144725,0.631038258950996,0.6653813644777326,1.976872185311217,1.247308790189269,-1035.915591207368,,0.8668316646094488,0.9286537822071105
839,linoleoyl ethanolamide,Method 3,KQXDGUVSAAQARU-HZJYTTRNSA-N,HMDB0012252,,0.0,True,all_pre_hcc,provided_area,True,lbfgs,-0.0005282331712077,-0.0981818374632049,0.0048508488073331,0.2045945117205027,0.631309167054059,0.5071601164757289,1.0050328301194644,0.3325180064037031,-705.3035274687973,,0.8668316646094488,0.8893204180990235
746,O-sulfo-tyrosine,Method 3,CIQHWLTYGMYQQR-QMMMGPOBSA-N,HMDB0155722,,0.0,True,all_pre_hcc,provided_area,True,lbfgs,0.0012151007272346,-0.076482004465276,-0.00998264232662,0.1600286697480918,0.6327022416439188,0.0043797944869965,0.7161563674910434,0.0729612788970293,-373.5342661515024,,0.8668316646094488,0.1503452325081814
131,N-stearoyl-sphinganine (d18:0/18:0)*,Method 2,KZTJQXAANJHSCE-OIDHKYIRSA-N,HMDB0011761,,0.0397923875432525,True,all_pre_hcc,provided_area,True,lbfgs,0.0005016742681194,-0.1237165021193689,-0.0060948490346956,0.2595956961709527,0.6336656582117886,0.6016587683446891,1.3499955969344986,0.8911979230814898,-935.4107343588583,,0.8668316646094488,0.9201136062928084
976,"ceramide (d16:1/24:1, d18:1/22:1)*",Method 2,ODRVSCJZSDNQBP-LMGPGFSZSA-N,,,0.0519031141868512,True,all_pre_hcc,provided_area,True,lbfgs,0.0015668996685981,-0.1251556292934429,0.0038663878318097,0.2626519550027344,0.6337128577193349,0.760216903464297,1.2611624773431889,1.0765646973431828,-971.7109848367118,,0.8668316646094488,0.9674286269784143
737,"N2,N5-diacetylornithine",Method 3,XUYANFPPYJSBPU-UHFFFAOYSA-N,HMDB0240345,,0.0311418685121107,True,all_pre_hcc,provided_area,True,lbfgs,0.0011604736684166,-0.1309552714034598,-0.0079489989549238,0.2756058159261357,0.6346770420326167,0.3903143287784825,1.8825038694363705,0.5269398435820349,-852.6535906995359,,0.8669991422991977,0.8481513895397405
399,isovalerylcarnitine (C5),Method 1,IGQBPDJNUXPEMT-UHFFFAOYSA-N,HMDB0000688,C20826,0.0,True,all_pre_hcc,provided_area,True,lbfgs,-0.0001799139745349,-0.0826953529318654,0.0040015568247898,0.1753086863748633,0.6371317929230773,0.5837510915752138,0.6640170210716765,0.3416069964229846,-677.1960065357771,,0.8674830174455229,0.9158671755912854
865,solifenacin,Method 2,FBOUYBDGKBSUES-HMTLIYDFSA-N,,,0.9965397923875432,False,all_pre_hcc,provided_area,True,lbfgs,-6.29286336927404e-06,-0.0064148778714857,6.292863369147564e-06,0.0136112844779238,0.6374328369618144,0.92041336923009,0.0055808621298794,2.308716971602147e-05,1637.7294570813592,,0.8674830174455229,0.9969785874248245
1118,2-hydroxyfluorene sulfate,Method 3,ZAEQSKSORYMOAE-UHFFFAOYSA-N,,,0.3771626297577855,False,all_pre_hcc,provided_area,True,lbfgs,-0.0160676724909764,-0.1741682507457235,0.0177381358962372,0.3697439018709358,0.637604284546564,0.2619234553788144,2.8878168087585405,1.6076266678634816,-1118.7155582319856,,0.8674830174455229,0.8057213303079476
604,norcotinine,Method 1,FXFANIORDKRCCA-UHFFFAOYSA-N,HMDB0001297,,0.8339100346020761,False,all_pre_hcc,provided_area,True,lbfgs,0.0031334583939471,-0.1309042132665857,-0.0013384636242261,0.278557019907691,0.6384001235181616,0.8498281848872103,2.10814878239946,0.2997712798928075,-750.5739285878071,,0.8674830174455229,0.9909331294058851
1075,glutamine conjugate of C6H10O2 (2)*,Method 3,,,,0.0034602076124567,True,all_pre_hcc,provided_area,True,lbfgs,-0.0014706807088224,0.1477267658926212,-0.0007346016165248,0.3166460842575611,0.6408319569682526,0.9590404128412644,1.997365322168398,1.3407026458300122,-1052.2093732321482,,0.8691137322026958,0.9969785874248245
387,"fibrinopeptide A, des-ala(1)*",Method 3,JAMFMQAPZKXSKC-UHFFFAOYSA-N,,,0.0,True,all_pre_hcc,provided_area,True,lbfgs,0.0056120518270669,-0.1047256712976918,-0.0065031710134767,0.2247819226919788,0.6412878024019892,0.5167180338991464,1.020828984176875,0.6565544147801796,-849.0298705829678,,0.8691137322026958,0.8893204180990235
875,1-stearoyl-2-linoleoyl-GPI (18:0/18:2),Method 2,KZVRAFHIKMDULK-HAVSRZFESA-N,HMDB0009809,,0.0,True,all_pre_hcc,provided_area,True,lbfgs,-0.0006990946529625,-0.0721218022147119,0.001638873481776,0.1561560491026576,0.6441836980613933,0.6907767945832979,0.6563422183211451,0.1020914056074541,-430.971002035586,,0.8709166809630343,0.9486667978943958
101,tryptophan,Method 1,QIVBCDIJIAJPQS-VIFPVBQESA-N,HMDB0000929,C00078,0.0,True,all_pre_hcc,provided_area,True,lbfgs,-0.0025234849683733,0.0401745710589585,-0.0013968900917823,0.0870178027318498,0.6443092338775069,0.6787802411821982,0.1731646418107061,0.0714807545812793,-242.6794604157976,,0.8709166809630343,0.9397092048624517
414,orotidine,Method 4,FKCRAVPPBFWEJD-XVFCMESISA-N,HMDB0000788,,0.0103806228373702,True,all_pre_hcc,provided_area,True,lbfgs,0.0027283676874742,-0.109386052477699,-0.007470392831731,0.239122706823609,0.6473495254903783,0.2272788916016709,1.5464735287525715,0.2299003055229933,-669.7578534471872,,0.873560371737325,0.7962491780602756
398,laurylcarnitine (C12),Method 2,FUJLYHJROOYKRA-UHFFFAOYSA-N,HMDB000225,,0.0,True,all_pre_hcc,provided_area,True,lbfgs,-0.0007376823829238,-0.1016296376954046,0.0098156944344507,0.2225809802519354,0.6479612854439964,0.2457928238914332,1.146960776961592,0.4493324109115185,-778.2339119566695,,0.873560371737325,0.8002024975482205
13,"5,6-dihydrothymine",Method 3,NBAKTGXDIBVZOO-UHFFFAOYSA-N,HMDB0000079,C00906,0.0,True,all_pre_hcc,provided_area,True,lbfgs,-0.000602135015336,0.1033140631065094,0.0026494660051543,0.2281895190736764,0.6507247998937156,0.584794537312495,1.4630255972934048,0.1396054398723904,-567.2962761500121,,0.8761392730595124,0.9158671755912854
799,4-methoxyphenol sulfate,Method 3,IGTMFIJOUADBDC-UHFFFAOYSA-N,,,0.3754325259515571,False,all_pre_hcc,provided_area,True,lbfgs,0.0030752059504982,0.1736035489620422,0.0082567419829331,0.3851555453257405,0.6521796848033656,0.731474656622153,1.021585000658217,4.778628493717768,-1315.9826537527165,,0.8769517954927762,0.9581920026367826
44,cysteinylglycine,Method 1,ZUKPVRWZDMRIEO-UHFFFAOYSA-N,HMDB0000078,C01419,0.0,True,all_pre_hcc,provided_area,True,lbfgs,-0.0001906908686472,-0.0856621514222489,-0.0024004577935024,0.1915020534097618,0.6546460909841567,0.7475961296947564,0.8349347517285592,0.351190550214042,-701.2122124989228,,0.8775673981404261,0.9590589646401889
469,cholesterol sulfate,Method 4,BHYOQNUELFTYRT-UHFFFAOYSA-N,HMDB00653,C18043,0.0,True,all_pre_hcc,provided_area,True,lbfgs,-0.0045901135774535,0.0467435887212501,0.0054280332931112,0.1051185921583562,0.6565547846481088,0.137810706970851,0.2691155005721609,0.0828161828848801,-309.7245554242395,,0.8775673981404261,0.6758022901938247
697,5-hydroxydecanoate,Method 3,LMHJFKYQYDSOQO-UHFFFAOYSA-N,HMDB0040329,,0.4567474048442906,False,all_pre_hcc,provided_area,True,lbfgs,0.0001684386112398,-0.2260753732832994,-0.0168276302410849,0.508614380634301,0.6566864140831391,0.5099493747673232,4.438672618151166,4.437127567419191,-1370.3910148500186,,0.8775673981404261,0.8893204180990235
1193,ribavirin,Method 4,IWUCXVSUMQZMFG-AFCXAGJDSA-N,HMDB14949,D00423,0.9982698961937716,False,all_pre_hcc,provided_area,True,lbfgs,2.2202309509929667e-05,-0.0031450214094908,-2.220230951013001e-05,0.0070973138748683,0.6576728572901607,0.957668177476875,0.0005274205604186,0.0013473689174247,1022.5710458144358,,0.8775673981404261,0.9969785874248245
734,benzoylcarnitine*,Method 1,AWUHAZDZHNWQAG-UHFFFAOYSA-N,,,0.0761245674740484,True,all_pre_hcc,provided_area,True,lbfgs,0.001256106014188,0.1353190145154436,0.0047954898905774,0.3057045159673075,0.6580214913706213,0.6740663739804713,2.1892354280793582,0.8140254600885537,-954.2738810414616,,0.8775673981404261,0.9369613565450546
656,rosuvastatin,Method 3,BPRHUIZQVSMCRT-VEUZHWNKSA-N,HMDB0015230,D01915,0.991349480968858,False,all_pre_hcc,provided_area,True,lbfgs,0.0008496934769704,0.0197372798742015,0.0013705542387501,0.0446126105674612,0.6581890599806866,0.6270820606150913,7.363801607892182e-10,0.0876464789610038,-116.59220485984588,,0.8775673981404261,0.9252575853260273
1078,fibrinopeptide A (5-16)*,Method 3,NFUNGJWOQYYPEX-UHFFFAOYSA-N,,,0.0034602076124567,True,all_pre_hcc,provided_area,True,lbfgs,0.0026034587078389,0.0806905128624064,-0.0032114878141987,0.1837794603388556,0.6606168669800859,0.7025429030901533,0.6627941299860248,0.4652994084669286,-743.0991382272987,,0.8775673981404261,0.9512266322974133
770,"N,O-didesmethylvenlafaxine glucuronide",Method 1,UDNAJOOLWIWCAW-SQBZNDFJSA-N,HMDB0061167,,0.9965397923875432,False,all_pre_hcc,provided_area,True,lbfgs,0.0007313732618927,-0.01362804676914,-0.0012392092199774,0.0310875946410805,0.6611139421916564,0.5386976797421853,2.919196856138884e-06,0.0424721500212854,92.75770717021716,,0.8775673981404261,0.8893204180990235
934,1-palmitoleoyl-2-linolenoyl-GPC (16:1/18:3)*,Method 2,MMUCLZZSNHBNFL-KBTBXKTRSA-N,HMDB0008008,,0.0173010380622837,True,all_pre_hcc,provided_area,True,lbfgs,-0.0011654676168775,-0.0756190673616914,0.0088913301436682,0.1726365522208169,0.6613684062042189,0.300274941588316,0.5190148421328089,0.5005974309488115,-742.164925353823,,0.8775673981404261,0.8178108858282597
146,phosphoethanolamine,Method 1,SUHOOTKUPISOBE-UHFFFAOYSA-N,HMDB0000224,C00346,0.0363321799307958,True,all_pre_hcc,provided_area,True,lbfgs,-0.0033903918132909,-0.0942669791426349,0.0103044839635626,0.2156170432231323,0.6619689739075316,0.3037933183726049,0.8950052216995203,0.6640051829953818,-841.8928245317361,,0.8775673981404261,0.8178108858282597
362,piperine,Method 2,MXXWOMGUGJBKIW-YPCIICBESA-N,HMDB0029377,C03882,0.0,True,all_pre_hcc,provided_area,True,lbfgs,-0.0129363035064563,-0.1497875761283205,-0.0198205286359997,0.3426532991973493,0.6620095809272923,0.1335246227970069,2.692784488161871,1.098473909223158,-1033.263931403857,,0.8775673981404261,0.6758022901938247
46,sphingosine,Method 2,WWUZIQQURGPMPG-CCEZHUSRSA-N,HMDB0000252,C00319,0.0501730103806228,True,all_pre_hcc,provided_area,True,lbfgs,-0.0024688551034309,0.1054794445087567,0.0031776531710353,0.2430234238783474,0.664266692381694,0.7821574392630185,1.1108488618810504,0.8790583879270071,-918.4035729616926,,0.8794276261608546,0.9696412414258495
676,mannonate*,Method 4,RGHNJXZEOKUKBD-MBMOQRBOSA-N,,,0.0,True,all_pre_hcc,provided_area,True,lbfgs,0.0014203004971624,0.0591468192591392,-0.0033178715474818,0.1372886459657797,0.6665985950576288,0.4620015325673676,0.4715591399973678,0.1249883871634515,-441.5591914809261,,0.8809865727256344,0.8855918593261037
1205,palmitoyl-sphingosine-phosphoethanolamine (d18:1/16:0),Method 2,JTVNQMOIYKXJKF-WSYRTZMQSA-N,,,0.0,True,all_pre_hcc,provided_area,True,lbfgs,-0.0008246441009459,-0.0425603623365281,0.0020128928846081,0.0993753384106843,0.6684480663562826,0.4857858257468433,0.258622622221248,0.0505639291486902,-207.0356192506852,,0.8809865727256344,0.8855918593261037
418,3-(3-amino-3-carboxypropyl)uridine*,Method 3,YXNIEZJFCGTDKV-UHFFFAOYSA-N,,,0.0,True,all_pre_hcc,provided_area,True,lbfgs,0.0008502130874724,-0.0702651352734605,-0.0066948197379043,0.1642188817434669,0.6687422124153246,0.0810002327366476,0.7455714656570189,0.0877488228857333,-413.2184554921028,,0.8809865727256344,0.5917038277925321
540,"androstenediol (3beta,17beta) disulfate (2)",Method 3,UWPTUYJASNIIJM-QJIZPQHZSA-N,HMDB0240313,,0.0,True,all_pre_hcc,provided_area,True,lbfgs,-0.0091097978394668,-0.1175908167541463,-0.0032118305999605,0.2749340668058531,0.668865533855773,0.6199892060045515,2.086192029300913,0.250460882303684,-714.4578538926921,,0.8809865727256344,0.9252575853260273
413,N6-carbamoylthreonyladenosine,Method 3,UNUYMBPXEFMLNW-HZPYULPISA-N,HMDB0041623,,0.0017301038062283,True,all_pre_hcc,provided_area,True,lbfgs,0.0004759993934547,0.0717957434688914,-0.0051743570157345,0.1690432733901469,0.6710421635119534,0.2208985145297809,0.7791141671434145,0.1068829983235156,-455.8701407955891,,0.8821119396011043,0.7900189929363691
1215,branched chain 14:0 dicarboxylic acid**,Method 3,JUODHHFNSQAXKF-UHFFFAOYSA-N,,,0.4653979238754325,False,all_pre_hcc,provided_area,True,lbfgs,0.003499882282765,-0.2626944309988239,0.0189844342423911,0.6192958870974814,0.6714327773274426,0.5008852292155906,7.568861919954624,5.226272076015612,-1443.3277599737426,,0.8821119396011043,0.8893204180990235
260,"1,2-dipalmitoyl-GPC (16:0/16:0)",Method 2,KILNVBDSWZSGLL-KXQOOQHDSA-N,HMDB0000564,D03585,0.0,True,all_pre_hcc,provided_area,True,lbfgs,-0.0045860309995534,0.0466761489666025,0.002752942569173,0.1107179647876943,0.6733337870833083,0.2768341762801105,0.340238046417546,0.0381914791017896,-177.27599083782115,,0.8834825486570796,0.8169680049949793
904,1-stearoyl-2-oleoyl-GPI (18:0/18:1)*,Method 2,YOBFISPJJWPPTK-BAAZTTAESA-N,HMDB0240667,,0.0,True,all_pre_hcc,provided_area,True,lbfgs,-0.0008270956542289,0.0853226134514481,0.0015291851108372,0.2038552134332341,0.6755485736889093,0.8236816520407804,1.0287480557715083,0.2897336264572503,-679.2649251887797,,0.8852608535618022,0.9808001174589639
977,N-palmitoyl-heptadecasphingosine (d17:1/16:0)*,Method 2,KXVLPPCAUYSNGY-BYCLXTJYSA-N,HMDB0240685,,0.0034602076124567,True,all_pre_hcc,provided_area,True,lbfgs,0.0006165619357117,-0.0783399888906938,-0.0051270834736745,0.1884110293617216,0.677561474698956,0.2563903717738628,0.976380268439518,0.1219276617190417,-502.716534893912,,0.8864240215608894,0.8057213303079476
889,myristoyl dihydrosphingomyelin (d18:0/14:0)*,Method 2,MJAFYELZQYPMQG-MPQUPPDSSA-N,HMDB0012085,,0.0,True,all_pre_hcc,provided_area,True,lbfgs,-0.003283741927896,-0.060743084576692,-0.0025755917504686,0.1463763483731069,0.6781574067863891,0.5609337787829358,0.5535945342101658,0.119397701729066,-446.5335061186188,,0.8864240215608894,0.899940486209383
943,2'-O-methyluridine,Method 3,SXUXMRMBWZCMEN-ZOQUXTDFSA-N,HMDB0240328,,0.0311418685121107,True,all_pre_hcc,provided_area,True,lbfgs,-0.0044110375603951,-0.0796163997319775,-0.0035275488824439,0.193162263251381,0.6802121315522689,0.6664620306170339,0.7952676591079185,0.4291621186521072,-739.430834238764,,0.8870181534476292,0.9286537822071105
301,threonate,Method 4,JPIJQSOTBSSVTP-UHFFFAOYSA-N,"HMDB0062620,HMDB0000943",C01620,0.0,True,all_pre_hcc,provided_area,True,lbfgs,0.0027712138812636,0.0702514612484872,0.0010149191685102,0.1705103693649666,0.6803343118675991,0.9030977167023904,0.5206249372464261,0.4683973405081585,-727.6149527933148,,0.8870181534476292,0.9969785874248245
150,N-acetylmethionine,Method 3,XUYPXLNMDZIRQH-LURJTMIESA-N,HMDB0011745,C02712,0.0,True,all_pre_hcc,provided_area,True,lbfgs,-3.614367854565994e-05,-0.0741616168368693,-0.0013158417381254,0.1810926686701301,0.6821558757149133,0.7496740819892268,0.9109293876778376,0.1012751425129113,-460.0233011638816,,0.8875446303392387,0.9590589646401889
1259,"N,N-dimethyl-pro-pro",Method 1,VOWFCBSRZKGKTF-UHFFFAOYSA-N,,,0.0,True,all_pre_hcc,provided_area,True,lbfgs,0.0020291564829782,-0.0554430023392696,-0.0065372462276998,0.1355221722575909,0.6824615021637641,0.076352720116224,0.4904352968702968,0.0819068690517211,-360.7708076693853,,0.8875446303392387,0.5698789979689183
509,2-hydroxyacetaminophen sulfate*,Method 3,HRLQZTOIKWEZBN-UHFFFAOYSA-N,HMDB0062547,,0.6262975778546713,False,all_pre_hcc,provided_area,True,lbfgs,0.0085529039214273,0.2900218699901014,-0.0374335860590201,0.714079581428521,0.6846339864094797,0.2368600748413236,10.38626702539709,6.512164734216288,-1514.009451100229,,0.889247170241821,0.8002024975482205
67,lactose,Method 4,GUBGYTABKSRVRQ-DCSYEGIMSA-N,HMDB0041627,C01970,0.2525951557093425,False,all_pre_hcc,provided_area,True,lbfgs,-0.0142614294122652,-0.1432524660679676,0.0059511318505009,0.358762961934381,0.6896754212844824,0.7358542466851408,2.2823134244466607,2.1035023491901,-1160.07679875162,,0.8946671082153865,0.9581920026367826
991,metoclopramide,Method 1,TTWJBBZEZQICBI-UHFFFAOYSA-N,HMDB0015363,"C07868,D00726,
DG00055",0.9965397923875432,False,all_pre_hcc,provided_area,True,lbfgs,-4.332909450344989e-05,-0.004960684259261,4.3329094503127205e-05,0.0124872876870724,0.6911766648921445,0.956217749658692,1.2450208587165953e-08,0.0068698871869058,619.2485987257709,,0.8954867482250426,0.9969785874248245
1097,indoleacetoylcarnitine*,Method 1,PBMNAYVZYLZVKC-UHFFFAOYSA-N,,,0.2681660899653979,False,all_pre_hcc,provided_area,True,lbfgs,-0.0021448192613154,-0.1457131183679564,0.0062811597863877,0.3691694006178506,0.6930603921888903,0.7221197998721867,2.5233071968599363,2.0832144597097004,-1164.7984341685578,,0.8967992511991922,0.9529646481877615
573,tridecenedioate (C13:1-DC)*,Method 3,LGDMAFABHAIORE-DUXPYHPUSA-N,,,0.0,True,all_pre_hcc,provided_area,True,lbfgs,-0.0016978101674916,0.0819443690378521,0.0036645603089945,0.2089513532264582,0.694932902873742,0.6570707975562471,0.984207352206585,0.4311005110520845,-757.1860173587402,,0.8977895304535661,0.9265555417511936
181,dihomo-linoleate (20:2n6),Method 3,XSXIVVZCUAHUJO-HZJYTTRNSA-N,HMDB0005060,C16525,0.0,True,all_pre_hcc,provided_area,True,lbfgs,-0.0025313569493293,0.0897665032684519,0.0081415677013965,0.2294006610271212,0.6955689760213066,0.4700562145933237,0.9346446539405324,0.8588301929072172,-901.396586106433,,0.8977895304535661,0.8855918593261037
1116,deoxycholic acid glucuronide,Method 3,NNEIBJNHWVDJBA-WOSXBVGSSA-N,,,0.0,True,all_pre_hcc,provided_area,True,lbfgs,-0.0038709978925514,-0.1249445629788864,-0.0130004259381411,0.3210523376906469,0.6971489548246851,0.1411869053464578,2.7440749371386493,0.4700521369883335,-863.4078147397927,,0.8985355481139113,0.6758022901938247
459,docosapentaenoate (n6 DPA; 22:5n6),Method 3,AVKOENOBFIYBSA-WMPRHZDHSA-N,HMDB0001976,C16513,0.0328719723183391,True,all_pre_hcc,provided_area,True,lbfgs,-0.0073127176390144,0.0934649361590218,0.0039820491180782,0.2407847327724321,0.6978916878554651,0.704598632330071,1.2010955649014834,0.7131488106165604,-878.9064777975868,,0.8985355481139113,0.9512266322974133
223,phenylacetate,Method 3,WLJVXDMOQOGPHL-UHFFFAOYSA-N,HMDB0000209,C07086,0.0276816608996539,True,all_pre_hcc,provided_area,True,lbfgs,-0.000709431946853,0.1113021163384119,-0.0162586481382959,0.2912812578765202,0.7023781580217604,0.2024271261075221,1.7583224939700708,1.043133072686072,-988.8742790876196,,0.8986723611553248,0.7693724719215784
215,3-(N-acetyl-cystein-S-yl) acetaminophen,Method 3,DVPRQNKJGQEICH-JTQLQIEISA-N,,,0.7093425605536332,False,all_pre_hcc,provided_area,True,lbfgs,0.0130658253262026,0.2074876987991652,-0.0226408272069807,0.5455336678198104,0.7036938310547096,0.338348107936573,6.199285897420834,3.616506285454749,-1349.4531857081893,,0.8986723611553248,0.83760830376663
2,spermidine,Method 1,ATHGHQPFGPMSJY-UHFFFAOYSA-N,HMDB0001257,C00315,0.0103806228373702,True,all_pre_hcc,provided_area,True,lbfgs,-0.0008202194667056,0.0697875710829142,0.0053425261704708,0.1835595652975679,0.7038041393419482,0.5486275534177792,0.6101546002669265,0.5335273996554687,-767.1785017364418,,0.8986723611553248,0.8893204180990235
1195,tetradecadienedioate (C14:2-DC)*,Method 3,MUFSRLVOUKHPIZ-OVYZBVKCSA-N,,,0.0380622837370242,True,all_pre_hcc,provided_area,True,lbfgs,-0.0044113838942765,-0.1199084370951981,0.0072236314944485,0.3164453820324568,0.7047450356235405,0.5860347900734714,2.1515782826794423,1.1287479187971323,-1021.0886443723688,,0.8986723611553248,0.9159572591436653
64,2-aminoadipate,Method 4,OYIFNHCXNCRBQI-UHFFFAOYSA-N,HMDB0000510,C00956,0.1660899653979238,True,all_pre_hcc,provided_area,True,lbfgs,-0.0011648791751294,-0.0937120425215559,0.0125552753236437,0.2477175783507177,0.7052062982422374,0.0562214627462693,1.6490672718198467,0.2601979608949973,-700.0346892456314,,0.8986723611553248,0.5035487532926729
249,indolelactate,Method 3,XGILAAMKEQUXLS-UHFFFAOYSA-N,HMDB0000671,C02043,0.0,True,all_pre_hcc,provided_area,True,lbfgs,-0.0008929532857338,-0.0723759205235595,-0.0133550566561505,0.1913233102217772,0.7052142978252567,0.0321035396811559,0.9201148550989128,0.237126620170989,-629.0791217461788,,0.8986723611553248,0.4350874456788234
311,glycolithocholate,Method 3,XBSQTYHEGZTYJE-PGVYWSLXSA-N,HMDB0000698,C15557,0.3460207612456747,False,all_pre_hcc,provided_area,True,lbfgs,0.0035546337124198,-0.1975241274495923,0.0018700252311301,0.5232847573435825,0.7058245960891693,0.937806071171478,5.38142401583442,3.759239459760751,-1347.2635684101133,,0.8986723611553248,0.9969785874248245
394,aconitate [cis or trans],Method 3,,"HMDB0000958,HMDB000072","C004174,C02341",0.0,True,all_pre_hcc,provided_area,True,lbfgs,-0.0020671967253019,0.0565288751661201,0.0037063930434557,0.1499588918867235,0.706201491201307,0.3693327385718401,0.5985039762864457,0.1028305858469359,-423.92214931126864,,0.8986723611553248,0.8441779558581768
1005,arachidoylcarnitine (C20)*,Method 2,SVJLJQBGUITFLI-UHFFFAOYSA-N,HMDB0006460,,0.0795847750865051,True,all_pre_hcc,provided_area,True,lbfgs,-0.0041864376630924,-0.1033094795453731,0.0088012402637441,0.2749938398629912,0.7071553657965403,0.3578738359135357,1.8412338430079704,0.5674248653748702,-865.7782275905452,,0.8986723611553248,0.8441779558581768
36,biliverdin,Method 2,QBUVFDKTZJNUPP-YBRAVLHJSA-N,HMDB0001008,C00500,0.0,True,all_pre_hcc,provided_area,True,lbfgs,-0.0042876799653289,-0.0818180896398131,0.013703805879944,0.218660652774186,0.7082716051210893,0.0734900217570383,1.1610540682531751,0.3627935781753657,-735.3362870146575,,0.8986723611553248,0.556918737149119
849,2-methylcitrate/homocitrate,Method 3,YNOXCRMFGMSKIJ-UHFFFAOYSA-N,"HMDB0003518,HMDB0000379",C01251,0.0017301038062283,True,all_pre_hcc,provided_area,True,lbfgs,0.0021942592892344,-0.0648590809961352,-0.0160218565803733,0.1738430720697925,0.7090815927794029,0.0001025956584382,0.8330765606632162,0.1014508326167607,-451.941605851956,,0.8986723611553248,0.035224509397115335
888,cetirizine,Method 2,ZKLPARSLTMPFCP-UHFFFAOYSA-N,HMDB0005032,C07778,0.870242214532872,False,all_pre_hcc,provided_area,True,lbfgs,-0.002848955338109,0.1993967825981168,0.0225928523710092,0.5359737635600621,0.7098726477710989,0.1860605125844123,7.277513069952915,1.7870119408340743,-1217.0157371864088,,0.8986723611553248,0.7494321942192218
895,1-(1-enyl-palmitoyl)-2-linoleoyl-GPE (P-16:0/18:2)*,Method 2,LJVXDBWIBQQKFU-CCJYEBHUSA-N,HMDB0011343,,0.0,True,all_pre_hcc,provided_area,True,lbfgs,-0.0016765188853379,0.0501979091229296,0.0001671927547106,0.1353308480519523,0.7106916641229124,0.9740067093274384,0.4246588228545642,0.1652452377409967,-489.6924598062592,,0.8986723611553248,0.9999989883008276
446,glutamine_degradant*,Method 1,NPWMTBZSRRLQNJ-UHFFFAOYSA-N,,,0.0,True,all_pre_hcc,provided_area,True,lbfgs,-0.000836575918296,-0.063719168095567,-0.0032572008575467,0.172696397580903,0.7121527694831755,0.5131990180167176,0.7828818891016622,0.1503453932283562,-523.576990365309,,0.8986723611553248,0.8893204180990235
1252,"bilirubin degradation product, C17H18N2O4 (2)**",Method 3,,,,0.0,True,all_pre_hcc,provided_area,True,lbfgs,-0.0002065930451212,-0.1032418280877219,0.0019329098331276,0.2802457151759998,0.7125768420654097,0.8125158180072418,2.056920050526461,0.4019518275223915,-806.2049862553213,,0.8986723611553248,0.9786094631220575
528,cyclo(leu-pro),Method 1,SZJNCZMRZAUNQT-IUCAKERBSA-N,HMDB0034276,,0.0259515570934256,True,all_pre_hcc,provided_area,True,lbfgs,-0.0007472970968802,-0.0863572151822733,-0.0106690900153818,0.2345372527572555,0.7127222070187904,0.3265720975488361,1.0638189576915928,0.7786940165010964,-888.9026599164254,,0.8986723611553248,0.83760830376663
325,threonylphenylalanine,Method 3,IQHUITKNHOKGFC-CSUXEGHOSA-N,HMDB0029068,,0.060553633217993,True,all_pre_hcc,provided_area,True,lbfgs,-0.0052719864101252,0.1068970189161598,-0.0040664940218015,0.2904356987290975,0.7128304068581557,0.7527519846058717,1.7120155413509934,1.085600769938183,-995.4152923914448,,0.8986723611553248,0.9607615169071225
466,tiglylcarnitine (C5:1-DC),Method 1,WURBQCVBQNMUQT-RMKNXTFCSA-N,HMDB0002366,,0.0034602076124567,True,all_pre_hcc,provided_area,True,lbfgs,0.0016396990963647,0.0706980961285411,-0.0135350915889991,0.1927452259788104,0.7137715080518803,0.0646743531140575,0.8600928875478075,0.3369415700079594,-695.0461545203834,,0.8987587448575021,0.5364511212388774
682,(R)-3-hydroxybutyrylcarnitine,Method 1,UEFRDQSMQXDWTO-UHFFFAOYSA-N,HMDB0013127,,0.0570934256055363,True,all_pre_hcc,provided_area,True,lbfgs,0.0092139804762824,-0.0958199464230364,-0.0143287347765688,0.2657462971774731,0.7184214705271015,0.2775809245541654,1.2327069673780422,1.1823471035597763,-990.9177852536724,,0.9035092974882961,0.8169680049949793
1026,cortolone glucuronide (1),Method 3,INMJYSGZRBTEOR-RXCXIKFNSA-N,,,0.0449826989619377,True,all_pre_hcc,provided_area,True,lbfgs,-0.0113628553754521,0.0923348534316305,0.0103585044898245,0.257042901400377,0.7194308000094444,0.3019810190881427,1.5017798445380504,0.6359967586952858,-872.2869377200177,,0.9036752731825948,0.8178108858282597
1143,lithocholic acid sulfate (2),Method 3,AXDXVEYHEODSPN-HVATVPOCSA-N,,,0.6401384083044983,False,all_pre_hcc,provided_area,True,lbfgs,0.0013196540490536,-0.1361145118838668,0.0074168814049051,0.3826104637333609,0.7220261535803116,0.6815452566240368,2.76284378170415,2.165989771978856,-1179.6763647614175,,0.9047756102196126,0.939747810338364
845,1-(1-enyl-stearoyl)-2-oleoyl-GPE (P-18:0/18:1),Method 2,XVYPOHCSLJZFED-QZEVRULJSA-N,HMDB0011375,,0.0,True,all_pre_hcc,provided_area,True,lbfgs,-0.0014801020408481,0.0491098885382744,0.0033543223374513,0.1380646418280459,0.7220636423306035,0.4856128791433135,0.4639078583289671,0.1433076858563464,-467.87711603440994,,0.9047756102196126,0.8855918593261037
626,1-lignoceroyl-GPC (24:0),Method 2,SKJMUADLQLZAGH-WJOKGBTCSA-N,HMDB0010405,,0.1972318339100346,True,all_pre_hcc,provided_area,True,lbfgs,-0.0097742721159515,0.1126266285798373,0.0013894455804162,0.320398913439273,0.7251982648962954,0.9183450739935672,2.192505762317458,1.1750070157849315,-1031.044963266946,,0.9063039546727824,0.9969785874248245
873,1-stearoyl-2-docosahexaenoyl-GPE (18:0/22:6)*,Method 2,XYYHNDVKALDFHQ-OXHZBIAZSA-N,HMDB0009012,,0.0242214532871972,True,all_pre_hcc,provided_area,True,lbfgs,0.0010962298381401,0.0812441816398089,-0.0017995961111946,0.2316000225092419,0.7257419809343477,0.863827588820345,1.0649622015083708,0.722035283460368,-872.6209592574423,,0.9063039546727824,0.9956788041480279
1147,"2,6-dihydroxybenzoic acid",Method 3,AKEUNCKRJATALU-UHFFFAOYSA-N,HMDB0013676,,0.0,True,all_pre_hcc,provided_area,True,lbfgs,-0.0070799296041693,0.0839746578939962,0.0052692125521081,0.2408897945252604,0.7273881455418816,0.574477534558286,1.3210149712290429,0.5558390281018549,-833.8782983530523,,0.9063039546727824,0.9103259393769761
634,eicosanedioate (C20-DC),Method 3,JJOJFIHJIRWASH-UHFFFAOYSA-N,,,0.0484429065743944,True,all_pre_hcc,provided_area,True,lbfgs,-0.0082296041422175,0.0967813043670134,0.0118561036597023,0.2784062631924072,0.7281209460933489,0.2816272171025245,1.7455178195485983,0.7675635721106187,-923.5897262770418,,0.9063039546727824,0.8169680049949793
133,heptanoate (7:0),Method 3,MNWFXJYAOYHMED-UHFFFAOYSA-N,HMDB0000666,C17714,0.0017301038062283,True,all_pre_hcc,provided_area,True,lbfgs,-0.0050530802083678,0.0749573750172272,0.0088213201455502,0.2158812545829171,0.7284292277879522,0.2091671947313123,1.171403192006791,0.3020372077266938,-698.9609310260453,,0.9063039546727824,0.7736886008292502
587,1-hydroxy-2-naphthalenecarboxylate,Method 3,SJJCQDRGABAVBB-UHFFFAOYSA-N,,C03203,0.944636678200692,False,all_pre_hcc,provided_area,True,lbfgs,0.0050388470517006,-0.0686969349070283,-0.0041858206631407,0.1979662860748419,0.7285813243513563,0.4480950764464521,1.0394534574688843,0.1838043841035378,-589.1432630153258,,0.9063039546727824,0.8841722772793978
884,behenoyl dihydrosphingomyelin (d18:0/22:0)*,Method 2,FONAXCRWZQFJHY-JCGOJSMZSA-N,HMDB0012091,,0.0,True,all_pre_hcc,provided_area,True,lbfgs,-0.0060612092806603,-0.0587805296808053,-0.0031392873277125,0.1710027310883,0.7310416026324178,0.6071640068348007,0.7025933332259179,0.2316695869389867,-601.1501004868901,,0.9063039546727824,0.9234678441000287
77,ornithine,Method 1,AHLPHDHHMVZTML-BYPYZUCNSA-N,HMDB0000214,C00077,0.0,True,all_pre_hcc,provided_area,True,lbfgs,8.838010410798333e-05,-0.0289419617710217,-0.0015792932896957,0.0844816573296119,0.7319123519181581,0.6636408734126027,0.1498365595751715,0.0851263076097384,-267.96961723818185,,0.9063039546727824,0.9286537822071105
1189,hydroxypalmitoyl sphingomyelin (d18:1/16:0(OH))**,Method 2,FAVAZPKFPKOYCT-VTAPXIELSA-N,,,0.0,True,all_pre_hcc,provided_area,True,lbfgs,-0.0023305028281844,-0.0447059298829873,0.0025038240547127,0.130575156115276,0.7320671970673447,0.4387311938030374,0.4657721176326501,0.0626191025307954,-303.23561194010426,,0.9063039546727824,0.8781880816551928
155,guanosine,Method 3,NYHBQMYGNKIUIF-UUOKFMHZSA-N,HMDB0000133,C00387,0.0276816608996539,True,all_pre_hcc,provided_area,True,lbfgs,0.0027356723287418,0.0940761184273377,0.0131406068828008,0.2761826759868336,0.733382105124867,0.3607179638051895,1.2211896180617363,1.4301304977490354,-1033.0479262529552,,0.9063039546727824,0.8441779558581768
1175,fibrinopeptide B (1-12)**,Method 3,BQQBOORXDTXWLE-UHFFFAOYSA-N,,,0.0034602076124567,True,all_pre_hcc,provided_area,True,lbfgs,-0.008909989496904,0.0921399074817534,0.0023719668328601,0.2715097714032772,0.7343375728682964,0.765244580981189,1.926434409821464,0.3827629856995473,-790.5685544302114,,0.9063039546727824,0.9674286269784143
847,1-palmitoyl-2-stearoyl-GPC (16:0/18:0),Method 2,PZNPLUBHRSSFHT-RRHRGVEJSA-N,HMDB0007970,C03889,0.0,True,all_pre_hcc,provided_area,True,lbfgs,-0.0025975012194167,-0.033524158693041,-0.0001824983697647,0.0988904471110085,0.7346074667381012,0.943330048411569,0.2642808607572119,0.0395874017207722,-160.66592196221427,,0.9063039546727824,0.9969785874248245
259,1-stearoyl-GPI (18:0),Method 3,MXAFDFDAIFZFET-CLBYPKMISA-N,HMDB0240261,,0.0,True,all_pre_hcc,provided_area,True,lbfgs,-1.6875945661919533e-05,-0.0619877046185122,-0.0106758942792155,0.1833419597834578,0.7352887018263163,0.0959362724730673,0.8174900087606711,0.2534436322682271,-632.3430643681281,,0.9063039546727824,0.6364334943702539
677,succinimide,Method 3,KZNICNPSHKQLFF-UHFFFAOYSA-N,,C07273,0.102076124567474,True,all_pre_hcc,provided_area,True,lbfgs,-0.0004770636515334,-0.1156940146369859,0.0083092886976174,0.3433055511713523,0.7361168037233382,0.463433205894294,2.942434733665497,0.7895147592346344,-973.1764858125224,,0.9063039546727824,0.8855918593261037
751,17alpha-hydroxypregnanolone glucuronide,Method 3,IZDWMNZNEAXAFE-CQQKWVOPSA-N,,,0.4325259515570934,False,all_pre_hcc,provided_area,True,lbfgs,-0.0063142996581919,-0.1324699518881978,-0.0058587700323669,0.393651526780491,0.7364819515156493,0.6782244620483924,3.713376057411784,1.240386364281818,-1084.9603996121605,,0.9063039546727824,0.9397092048624517
199,palmitoyl ethanolamide,Method 3,HXYVTAGFYLMHSO-UHFFFAOYSA-N,HMDB0002100,C16512,0.0,True,all_pre_hcc,provided_area,True,lbfgs,-0.0022486504659722,0.0600972266930381,-0.0007067744015158,0.1796470928993685,0.7379801410391732,0.8971376466493528,0.8323286163194336,0.1818121127827208,-566.9263533918393,,0.9070638965039957,0.9969785874248245
14,hypoxanthine,Method 3,FDGQSTZJBFJUBT-UHFFFAOYSA-N,HMDB0000157,C00262,0.0,True,all_pre_hcc,provided_area,True,lbfgs,-0.0005667453660218,0.0621928718335287,0.0021748835819945,0.1885194021690829,0.7414742366317251,0.7681413093130705,0.8073892504080035,0.3426604131441751,-693.3799991700143,,0.910272304804144,0.9684033642502601
214,azelate (C9-DC),Method 3,BDJRBEYXGGNYIS-UHFFFAOYSA-N,HMDB0000784,C08261,0.0328719723183391,True,all_pre_hcc,provided_area,True,lbfgs,-0.005907163911906,-0.0774777392201949,-0.0045626286800183,0.2364525740311628,0.7431633496395124,0.6669641678684868,1.1246340045723502,0.7331095777828801,-879.908643400348,,0.9110106027957289,0.9286537822071105
463,glutarylcarnitine (C5-DC),Method 1,NXJAXUYOQLTISD-UHFFFAOYSA-N,HMDB0013130,,0.0,True,all_pre_hcc,provided_area,True,lbfgs,0.000427040529653,-0.0557997215372394,-0.0049431809924466,0.1708174722236672,0.7439229048489813,0.2742852264283406,0.7848133936821005,0.1228804733316311,-483.92861890413,,0.9110106027957289,0.8169680049949793
543,"5alpha-androstan-3alpha,17alpha-diol disulfate",Method 3,JHFAETDERBWUOO-SKIFDASYSA-N,,,0.6453287197231834,False,all_pre_hcc,provided_area,True,lbfgs,-0.0158157041118176,0.0924493339001072,0.0096829082788062,0.2852973697739457,0.7459035736683526,0.3591588175066305,1.9160210663965784,0.6967560141251334,-911.16602748973,,0.9110106027957289,0.8441779558581768
1011,dihomo-linoleoylcarnitine (C20:2)*,Method 2,OLZWDVKTOGTVLC-UTJQPWESSA-N,,,0.0017301038062283,True,all_pre_hcc,provided_area,True,lbfgs,-1.7836749434908236e-05,-0.0672584021306449,0.0026525158652741,0.2080729368899649,0.7465101924702564,0.6274155163852178,1.166640821025772,0.1795643728209605,-595.1314046514012,,0.9110106027957289,0.9252575853260273
1170,fibrinopeptide A (8-16)**,Method 3,IVDQZJOLQPZCET-UHFFFAOYSA-N,,,0.0051903114186851,True,all_pre_hcc,provided_area,True,lbfgs,0.0008091088654542,0.0698465409931434,9.118908001750878e-05,0.2173320744417941,0.7479211862516588,0.9909682949668752,1.1107710660815162,0.4056906490076332,-754.5001030305002,,0.9110106027957289,0.9999989883008276
63,isoleucine,Method 1,AGPKZVBTJJNPAG-UHFFFAOYSA-N,HMDB0000172,"C06418,C00407,C16424",0.0,True,all_pre_hcc,provided_area,True,lbfgs,-0.0004703281729793,-0.0306322328895988,0.0028927765531804,0.0954426429311933,0.7482489440004982,0.3914900242824597,0.2199805390717768,0.0707175640324226,-260.3661615206315,,0.9110106027957289,0.8489152105493337
308,butyrylcarnitine (C4),Method 1,QWYFHHGCZUCMBN-SECBINFHSA-N,HMDB0002013,C02862,0.0034602076124567,True,all_pre_hcc,provided_area,True,lbfgs,1.6804996668634525e-05,0.0553422617596446,0.0004575348410941,0.1724459018317227,0.7482669611312491,0.9224727782575284,0.7935794380671035,0.1332584289943519,-500.9301014241428,,0.9110106027957289,0.9969785874248245
658,N6-methyllysine,Method 1,PQNASZJZHFPQLE-LURJTMIESA-N,HMDB0002038,C02728,0.0,True,all_pre_hcc,provided_area,True,lbfgs,0.0018354025785393,-0.0675921722659526,-0.0023479493401671,0.2128415547592249,0.7508108493298662,0.3815048932506616,1.3355630957947764,0.0421601989762154,-329.12128564411023,,0.9115291987093762,0.8481513895397405
1086,3-indoleglyoxylic acid,Method 3,DWLVFWDCSFTDOD-UHFFFAOYSA-N,,,0.0086505190311418,True,all_pre_hcc,provided_area,True,lbfgs,-0.0059338219850397,-0.0734959216995648,-0.0056537107398483,0.231439977309773,0.7508192362453685,0.3873021623904887,1.4156387024920722,0.2577104466356424,-684.1672480575448,,0.9115291987093762,0.8481513895397405
1014,nervonoylcarnitine (C24:1)*,Method 2,QGIHQXKFCAACHN-SEYXRHQNSA-N,HMDB0006509,,0.0294117647058823,True,all_pre_hcc,provided_area,True,lbfgs,0.0022493699501531,-0.0696106116358052,-0.0028626011344246,0.2198212644206571,0.751494664229432,0.7195042455925277,1.1512561240057395,0.3956019861171416,-752.3171588411806,,0.9115291987093762,0.9529646481877615
821,C-glycosyltryptophan,Method 3,CPXSBHKDEPPWIX-RAYCSJGISA-N,HMDB0240296,,0.0,True,all_pre_hcc,provided_area,True,lbfgs,-0.0007348763107323,-0.0491367621598907,-0.0045131329264411,0.1560184828745524,0.7528057445796732,0.197562821199693,0.6778649229732632,0.0729726788783989,-368.3519486903356,,0.9115291987093762,0.765502224408302
1149,tauroursodeoxycholic acid sulfate (1),Method 3,GLVWZDCWCRWVFM-LBSADWJPSA-N,,,0.1764705882352941,True,all_pre_hcc,provided_area,True,lbfgs,-0.0428112262734632,0.2025989983807138,0.0168310249396716,0.6441305647251985,0.7531178136909507,0.5264913914551314,9.040583247977851,4.510677938485922,-1425.3678387934651,,0.9115291987093762,0.8893204180990235
1144,3-hydroxyhexanoylcarnitine (1),Method 1,VYEONLJQPYRKAN-UHFFFAOYSA-N,,,0.0,True,all_pre_hcc,provided_area,True,lbfgs,0.0013886344723189,-0.0635255741095164,-0.0041073881111095,0.2033973026572459,0.7547953672557425,0.594790071952382,0.958274408229189,0.3745423233148757,-725.8098337208553,,0.9116173088542837,0.9184914154587008
883,"sphingomyelin (d18:1/21:0, d17:1/22:0, d16:1/23:0)*",Method 2,YXSZOBWVQJIWNE-QVDCKBILSA-N,"HMDB0240619,HMDB0240611,HMDB0240621",,0.0,True,all_pre_hcc,provided_area,True,lbfgs,-0.0001695460931823,0.062339140564428,-0.0078120697696725,0.1997377312767308,0.7549607421870913,0.2299026236738998,1.0018399273370873,0.2597491543523698,-654.8863754674699,,0.9116173088542837,0.7969835758472709
307,1-methylhistidine,Method 3,BRMWTNUJHUMWMS-LURJTMIESA-N,HMDB0000001,C01152,0.0,True,all_pre_hcc,provided_area,True,lbfgs,-0.0010926641477155,-0.0565818403706694,-0.0077810461920239,0.1829294389653571,0.7570859925613205,0.1753077213638236,0.8535093484094358,0.200793377624588,-589.034624436466,,0.9121451176581822,0.7343833629054249
1168,fibrinopeptide A (3-16)**,Method 3,RTIAWGDTSQOGQP-UHFFFAOYSA-N,,,0.0034602076124567,True,all_pre_hcc,provided_area,True,lbfgs,0.0031498487092944,0.0682452237160403,0.0008636483591607,0.2207151067095477,0.7571690054347047,0.9304694175119754,0.9787324953286054,0.6403432266284668,-840.5390778295432,,0.9121451176581822,0.9969785874248245
235,imidazole lactate,Method 1,ACZFBYCNAVEFLC-UHFFFAOYSA-N,HMDB0002320,C05568,0.0,True,all_pre_hcc,provided_area,True,lbfgs,-0.0015216599986492,-0.0405390384034897,0.0007839608782363,0.1321443016906128,0.7590119295625787,0.8460768264551061,0.4496210355346627,0.0993067269697766,-391.1642017435829,,0.9132970647774019,0.9909331294058851
550,"androstenediol (3alpha, 17alpha) monosulfate (2)",Method 3,VPDALJSLCNNODJ-BVKUPEMCSA-N,,,0.0224913494809688,True,all_pre_hcc,provided_area,True,lbfgs,-0.0099084300690508,0.0736547242424491,0.0035711232156729,0.2418209127586763,0.7606831859394521,0.5303075363366088,1.614305322672868,0.1933316738316672,-639.8684038581482,,0.9142400017708701,0.8893204180990235
909,1-(1-enyl-stearoyl)-2-linoleoyl-GPE (P-18:0/18:2)*,Method 2,XVXISDREVDGQPX-PISDLAQISA-N,HMDB0011376,,0.0,True,all_pre_hcc,provided_area,True,lbfgs,-0.0021846263012395,0.0406256744055695,0.0013937776349437,0.1348530345216642,0.763217092715589,0.7739984314884389,0.4350183764414896,0.1465839763621692,-467.04225467819833,,0.9148018945105489,0.9696412414258495
1021,"N,N,N-trimethyl-5-aminovalerate",Method 1,CDLVFVFTRQPQFU-UHFFFAOYSA-N,,,0.0,True,all_pre_hcc,provided_area,True,lbfgs,0.0022099775500078,-0.0418154789678351,-0.0074381937136027,0.1389583487926669,0.7634747710321523,0.0593929912962307,0.5094302825731009,0.0940406391309016,-391.5574606352584,,0.9148018945105489,0.5098831377064287
189,gamma-glutamylleucine,Method 1,MYFMARDICOWMQP-YUMQZZPRSA-N,HMDB0011171,,0.0,True,all_pre_hcc,provided_area,True,lbfgs,0.0010182015785168,-0.0409758378373848,-0.0021799813699353,0.1363703917205554,0.7638151740573516,0.6579970751942166,0.4440359118546564,0.1509857317598284,-474.8295798505556,,0.9148018945105489,0.9265555417511936
42,cortisone,Method 3,MFYSYFVPBJMHGN-ZPOLXVRWSA-N,HMDB0002802,C00762,0.0103806228373702,True,all_pre_hcc,provided_area,True,lbfgs,-0.0054900777373595,0.0805411990233291,0.0225265835844256,0.2728002463392982,0.7678115155312394,0.0011000376023684,2.023301536467015,0.285721693134065,-737.3446996315993,,0.9177150449268071,0.11330387304394521
872,1-palmitoyl-2-docosahexaenoyl-GPE (16:0/22:6)*,Method 2,MPWUZHVZZKSTPV-MADBQMNMSA-N,HMDB0008946,,0.0,True,all_pre_hcc,provided_area,True,lbfgs,0.0011771897401684,-0.0604199296587287,-0.0063627189136881,0.2065715581711433,0.7699126907037586,0.2823695240565171,1.122440821881518,0.212124722048347,-624.5141143827782,,0.9177150449268071,0.8169680049949793
840,"1,2-dilinoleoyl-GPC (18:2/18:2)",Method 2,FVXDQWZBHIXIEJ-LNDKUQBDSA-N,HMDB0008138,,0.0,True,all_pre_hcc,provided_area,True,lbfgs,-0.0023207731985851,-0.0368088326505024,0.0007131375647655,0.1258825820345085,0.7699761582986493,0.8904918224699603,0.3460512460989048,0.1712012692399099,-480.6090837420738,,0.9177150449268071,0.9969785874248245
530,"bilirubin (E,E)*",Method 2,BPYKTIZUTYGOLE-VVCLLGATSA-N,HMDB0240584,,0.0,True,all_pre_hcc,provided_area,True,lbfgs,-0.0057746764160922,-0.0633860154938736,0.0158191671926337,0.2170531826320502,0.7702637761287012,0.0143556037247316,1.224506177735835,0.2531892826853996,-667.5460730906275,,0.9177150449268071,0.27898626106553864
841,1-stearoyl-2-oleoyl-GPC (18:0/18:1),Method 2,ATHVAWFAEPLPPQ-VRDBWYNSSA-N,HMDB0008038,,0.0,True,all_pre_hcc,provided_area,True,lbfgs,-0.0004270207440003,-0.0274248569777769,0.0014211758104614,0.0940959819455493,0.7707024406424157,0.6279175263523233,0.2263238793077546,0.0524891688874965,-202.55648535272255,,0.9177150449268071,0.9252575853260273
648,leucylalanine,Method 1,HSQGMTRYSIHDAC-UHFFFAOYSA-N,HMDB0028922,,0.0173010380622837,True,all_pre_hcc,provided_area,True,lbfgs,-0.0132664557854556,0.0748680844795683,0.0053355007063789,0.2624631848524445,0.7754512707715165,0.6314244758397828,1.4658799534803717,0.795379830107662,-917.3190295822642,,0.9223034744742056,0.926373645420699
1080,"sphingomyelin (d17:1/14:0, d16:1/15:0)*",Method 2,VDFACZRLDXDTEB-WSYRTZMQSA-N,,,0.0,True,all_pre_hcc,provided_area,True,lbfgs,-0.0002947702504816,-0.0459133478537317,0.0012340730061727,0.1620874174222226,0.7769753337715787,0.8010248899258454,0.679187380994221,0.1459099614867267,-504.8382613491008,,0.9230502811819216,0.9743737587783531
708,3beta-hydroxy-5-cholenoate,Method 3,HIAJCGFYHIANNA-QIZZZRFXSA-N,HMDB0000308,,0.1557093425605536,True,all_pre_hcc,provided_area,True,lbfgs,-0.0006708978996921,0.0751800384224205,-0.0013974417505609,0.2689176862343319,0.7798110758702719,0.876517740945625,1.7960788122754046,0.4964673200093997,-836.5270064438478,,0.9246713244689554,0.9969785874248245
1204,3-hydroxydecanoylcarnitine,Method 2,VCRSQDIROUELAR-UHFFFAOYSA-N,HMDB0061636,,0.0,True,all_pre_hcc,provided_area,True,lbfgs,0.0040825129198024,-0.0669218178009932,-0.0050846359269941,0.239740533224864,0.780135321323808,0.5697529445891926,1.345936019682498,0.5010471895230661,-813.9276091385368,,0.9246713244689554,0.9056258224180067
1250,"bilirubin degradation product, C16H18N2O5 (2)**",Method 3,,,,0.07439446366782,True,all_pre_hcc,provided_area,True,lbfgs,-0.0075868757000871,-0.0948719480010769,0.0148099560097831,0.34550825218964,0.7836338362539967,0.2521608290878588,2.7924653804448707,1.044935638452665,-1025.9169326046667,,0.9260425255534684,0.8057213303079476
292,1-oleoylglycerol (18:1),Method 3,RZRNAYUHWVFMIP-KTKRTIGZSA-N,HMDB0011567,,0.0346020761245674,True,all_pre_hcc,provided_area,True,lbfgs,-2.4723379415672443e-06,0.1057061015677334,-0.0078280414242911,0.3854771606744715,0.7839144537080155,0.4978809776087541,3.852997336674047,0.8102720740664037,-1002.2030307467952,,0.9260425255534684,0.8893204180990235
748,3-(3-hydroxyphenyl)propionate sulfate,Method 3,IQWLPDPKVFZEOK-UHFFFAOYSA-N,HMDB0094710,,0.5449826989619377,False,all_pre_hcc,provided_area,True,lbfgs,0.002721186808863,-0.0979345627431233,0.0113966589578219,0.3572638481199319,0.7839894002743927,0.4649282349120358,2.6393110902014705,1.5764435505075476,-1107.7025729591955,,0.9260425255534684,0.8855918593261037
1254,"bilirubin degradation product, C17H20N2O5 (1)**",Method 3,,,,0.0346020761245674,True,all_pre_hcc,provided_area,True,lbfgs,-0.0026686082687913,0.1113984122672767,0.0050731502107157,0.4132229088476801,0.7874800732988833,0.6865399338246626,4.404734820912632,0.9606286961880324,-1048.1420673619832,,0.9281643494444695,0.9441069850993359
1063,"N,N,N-trimethyl-alanylproline betaine (TMAP)",Method 1,KXONJPJIFNGMCN-UHFFFAOYSA-N,HMDB0240365,,0.0,True,all_pre_hcc,provided_area,True,lbfgs,0.0017100695301117,-0.0374638498283016,-0.0037101344267266,0.1394178475068806,0.788147998075141,0.4131746525032242,0.4885987315142608,0.1259154247449279,-446.1491507337796,,0.9281643494444695,0.8632249332217463
853,pregabalin,Method 1,AYXYPKUFHZROOJ-UHFFFAOYSA-N,HMDB0014375,,0.9377162629757786,False,all_pre_hcc,provided_area,True,lbfgs,-0.0038589970144602,0.064385329208419,0.009645697584479,0.2407011309966986,0.7890913251391404,0.3784700809753348,1.143549411606113,0.7877298363303734,-896.6278148109805,,0.9281643494444695,0.8481513895397405
487,deoxycarnitine,Method 1,JHPNVNIEXXLNTR-UHFFFAOYSA-N,HMDB0001161,C01181,0.0,True,all_pre_hcc,provided_area,True,lbfgs,0.0001721966332578,0.0323536333839203,0.0018052701878067,0.1212340939417029,0.7895699496747006,0.512508499997392,0.4083478068550816,0.0452703238138581,-227.5923472584832,,0.9281643494444695,0.8893204180990235
1044,heptenedioate (C7:1-DC)*,Method 4,OXQWBLJQOBXJPM-DUXPYHPUSA-N,,,0.0155709342560553,True,all_pre_hcc,provided_area,True,lbfgs,0.0072501784917301,-0.0519161574190454,-0.0024273751893148,0.1968681908888754,0.7920032061533836,0.7885477023507604,0.7563578184773112,0.5395787086400567,-784.7402923652862,,0.9281643494444695,0.9710595005057202
539,pregnenediol disulfate (C21H34O8S2)*,Method 3,RKYCGXFEFAPXIP-BWUXAKENSA-N,,,0.0,True,all_pre_hcc,provided_area,True,lbfgs,-0.0020080819961901,-0.0727881195377999,-0.0078117807223296,0.2770241545765597,0.7927432121252564,0.3124971323779254,2.0343576691868765,0.3611953450796898,-784.0060223123487,,0.9281643494444695,0.8253129393570852
134,caproate (6:0),Method 3,FUZZWVXGSFPDMH-UHFFFAOYSA-N,HMDB0000535,C01585,0.0,True,all_pre_hcc,provided_area,True,lbfgs,-0.0040612302619866,-0.0605109667156833,0.0050764812114578,0.2318231307003558,0.794075443544147,0.6042428677466405,1.1479604762553213,0.6149695453337214,-843.960782185618,,0.9281643494444695,0.9220298574504292
887,lactosyl-N-palmitoyl-sphingosine (d18:1/16:0),Method 2,HLIJNIKSBCIDGO-QKLMXXKVSA-N,HMDB0006750,,0.0,True,all_pre_hcc,provided_area,True,lbfgs,-0.0049825121583356,0.0274144039190919,0.004174988598516,0.1050705624342409,0.794158658038169,0.1252087258867415,0.2984790515173421,0.0445191125682401,-194.9927407927221,,0.9281643494444695,0.6692838749246058
1253,"bilirubin degradation product, C17H18N2O4 (3)**",Method 3,,,,0.0,True,all_pre_hcc,provided_area,True,lbfgs,0.0001976703458814,-0.072651804490925,0.0023541814498966,0.2786305567321407,0.7942883861420489,0.7713555168388386,2.0334359374297946,0.3971331656580776,-802.7716464880368,,0.9281643494444695,0.9696412414258495
497,tryptophan betaine,Method 1,AOHCBEAZXHZMOR-ZDUSSCGKSA-N,HMDB0061115,C09213,0.0,True,all_pre_hcc,provided_area,True,lbfgs,-0.0092860851094955,-0.0858706754241383,0.0039423821922092,0.3309428864785994,0.7952704705881573,0.7481810802582274,2.5749090738808538,0.9416938827876408,-997.7534090644796,,0.9281643494444695,0.9590589646401889
481,3-(3-hydroxyphenyl)propionate,Method 3,QVWAEZJXDYOKEH-UHFFFAOYSA-N,HMDB0000375,C11457,0.2681660899653979,False,all_pre_hcc,provided_area,True,lbfgs,0.0100813519586928,0.1414066897097372,0.0148377081694913,0.5461437715708075,0.795698175300453,0.5340575842001614,6.172531285510746,3.6780652471018302,-1352.7270646820407,,0.9281643494444695,0.8893204180990235
781,arabonate/xylonate,Method 4,QXKAIJAYHKCRRA-JJYYJPOSSA-N,HMDB0000539,"C00502,C05411",0.0017301038062283,True,all_pre_hcc,provided_area,True,lbfgs,0.0023467303789298,-0.0356006881533912,-0.0003988533721467,0.1387760273092313,0.7975389823135351,0.9432982517597572,0.4266462839611486,0.2000463507548581,-529.8489705701186,,0.9292592214739154,0.9969785874248245
1100,N-acetyl-isoputreanine,Method 1,YGIAGXACEXFIDU-UHFFFAOYSA-N,,,0.0,True,all_pre_hcc,provided_area,True,lbfgs,-0.0017816610128719,0.0445154624870333,-0.0042849684726254,0.1757278323092725,0.8000205552883102,0.3415475343658888,0.8370631238244749,0.1217522098399232,-488.0748823056133,,0.9310425129712007,0.83760830376663
484,1-palmitoyl-GPI (16:0),Method 3,UOXRPRZMAROFPH-AQFLIPHUSA-N,HMDB0061695,,0.0,True,all_pre_hcc,provided_area,True,lbfgs,-0.001911262295077,-0.0492833129494633,-0.0073716506623163,0.1973472829520404,0.8027970343871007,0.2909606647581477,0.9414519285533872,0.3010859891707608,-679.4807966458111,,0.9310425129712007,0.8178108858282597
1020,cephalexin,Method 1,ZAIPMKNFIOOWCQ-UEKVPHQBSA-N,HMDB0014707,C06895,0.9965397923875432,False,all_pre_hcc,provided_area,True,lbfgs,-0.0003333694108172,-0.0090945758772086,0.0003333694108184,0.036482821072956,0.8031412699503563,0.8848927926517555,5.2055134194480666e-08,0.0586324218720141,-0.4076325049188654,,0.9310425129712007,0.9969785874248245
1125,benazeprilat,Method 3,MADRIHWFJGRSBP-ROUUACIJSA-N,HMDB0060582,D03077,0.9930795847750864,False,all_pre_hcc,provided_area,True,lbfgs,1.823305728167539e-13,0.015528391012301,6.42076660433772e-14,0.0624710791037234,0.8036939755200547,0.9999989883008276,0.1179485261161917,1.4908999315553678e-11,4009.382343595471,,0.9310425129712007,0.9999989883008276
505,1-linoleoyl-GPI (18:2)*,Method 3,SAHCQBPGXQFTRA-WNOZMNFTSA-N,HMDB0240597,,0.0,True,all_pre_hcc,provided_area,True,lbfgs,0.0005282455698122,-0.0443947561961396,-0.0073047307306866,0.1797109574899471,0.8048817409391825,0.238345947425195,0.7907440873701266,0.2365961963710585,-615.5012460523203,,0.9310425129712007,0.8002024975482205
495,dihomo-linolenate (20:3n3 or n6),Method 3,AHANXAKGNAKFSK-PDBXOOCHSA-N,HMDB0002925,C03242,0.0,True,all_pre_hcc,provided_area,True,lbfgs,-0.0016055208690433,0.0456591755057833,0.0045561317201538,0.1867132990354351,0.8068113601205609,0.5664520341209256,0.7387859086461859,0.4067640948885366,-722.3949208407862,,0.9310425129712007,0.9039081818108017
1249,"bilirubin degradation product, C16H18N2O5 (1)**",Method 3,,,,0.4083044982698962,False,all_pre_hcc,provided_area,True,lbfgs,-0.007210382626691,-0.1034959031321993,0.013756482392551,0.4233848065276367,0.806883259624751,0.4462537922950883,3.792318305145837,2.100159711681425,-1196.3525232420193,,0.9310425129712007,0.8839257808921942
114,pyruvate,Method 4,LCTONWCANYUPML-UHFFFAOYSA-N,HMDB0000243,C00022,0.0,True,all_pre_hcc,provided_area,True,lbfgs,-0.0070862265791054,-0.058839582094551,0.0117726175561534,0.241122813559941,0.8072127827845403,0.1250685998545917,1.4748754166432745,0.3592007397215513,-754.0610169296215,,0.9310425129712007,0.6692838749246058
229,3-methylhistidine,Method 3,JDHILDINMRGULE-LURJTMIESA-N,HMDB0000479,C01152,0.0,True,all_pre_hcc,provided_area,True,lbfgs,-0.003871007820847,-0.0794245306920902,-0.011590127876342,0.3281736274400409,0.8087647855958653,0.4763288421752278,1.8883161994911488,1.7913977483182308,-1111.726397381185,,0.9310425129712007,0.8855918593261037
21,N-formylmethionine,Method 3,PYUSHNKNPOHWEZ-UHFFFAOYSA-N,HMDB0001015,C03145,0.0,True,all_pre_hcc,provided_area,True,lbfgs,0.0015141556227082,0.0414433307325763,-0.0055710912288415,0.1714074775809953,0.8089486893121696,0.0319685558649644,0.8564371410948636,0.0396265615976256,-273.500911687006,,0.9310425129712007,0.4350874456788234
681,2-stearoyl-GPE (18:0)*,Method 3,KIHAGWUUUHJRMS-JOCHJYFZSA-N,HMDB0011129,,0.0397923875432525,True,all_pre_hcc,provided_area,True,lbfgs,-0.0001878777745001,-0.0558429752124829,0.0063326361836595,0.2310425609531549,0.8090126690380822,0.3887605101260218,1.3538916707866029,0.3301665796423098,-729.5878467003863,,0.9310425129712007,0.8481513895397405
1101,glucuronide of piperine metabolite C17H21NO3 (3)*,Method 3,,,,0.0294117647058823,True,all_pre_hcc,provided_area,True,lbfgs,-0.0077897387974626,-0.0755273316801343,-0.0147219726105809,0.3190038958620068,0.812843059370996,0.2611061945186974,2.226012295407397,1.0943929138560564,-1017.2300368267806,,0.9339112040191,0.8057213303079476
581,"2S,3R-dihydroxybutyrate",Method 4,LOUGYXZSURQALL-GBXIJSLDSA-N,HMDB0002453,,0.0,True,all_pre_hcc,provided_area,True,lbfgs,0.0033708266462407,-0.0356415857788879,-0.0069665893709548,0.150929807265897,0.8133187864127502,0.2874900565079027,0.473904722167397,0.2775955575547383,-607.2521246192637,,0.9339112040191,0.8178108858282597
1257,"bilirubin degradation product, C16H18N2O5 (3)**",Method 3,,,,0.1868512110726643,True,all_pre_hcc,provided_area,True,lbfgs,-0.009907012208578,0.081814422001086,0.0202591763511873,0.351593352097023,0.8159973532693421,0.1626348590371403,2.696744807293918,1.339628947040471,-1074.8494974327186,,0.9350358913475831,0.706809724929344
27,arachidonate (20:4n6),Method 3,YZXBAPSDXZZRGB-DOFZRALJSA-N,HMDB0001043,C00219,0.0,True,all_pre_hcc,provided_area,True,lbfgs,-0.0014552569083868,-0.0437597719408491,-0.004164817118828,0.1881767248107143,0.8161138507975507,0.571665036124283,0.8040967295427531,0.3418874822881591,-692.5793766893148,,0.9350358913475831,0.907265003402175
524,1-stearoyl-2-arachidonoyl-GPS (18:0/20:4),Method 2,SVOUGFFDROZBJI-DNALCEECSA-N,HMDB0012383,,0.7906574394463668,False,all_pre_hcc,provided_area,True,lbfgs,0.0006695808288724,0.0501385042806384,-0.0089089614214919,0.2179064789640072,0.8180203998769493,0.2863085068725882,1.0931645947451858,0.4387847107455873,-769.3784173323506,,0.9361789020813975,0.8178108858282597
110,alanine,Method 1,QNAYBMKLOCPYGJ-REOHCLBHSA-N,HMDB0000161,C00041,0.0,True,all_pre_hcc,provided_area,True,lbfgs,-0.0025273088369565,0.0253081459562996,0.007970544724195,0.1111702099790868,0.819916613988049,0.0103149660611126,0.3275723955257348,0.0582367327142007,-256.4885204577354,,0.9366869529623937,0.2379635533639244
988,1-cerotoyl-GPC (26:0)*,Method 2,WSDKRPCAPHRNNZ-MGBGTMOVSA-N,HMDB29205,,0.3823529411764705,False,all_pre_hcc,provided_area,True,lbfgs,-0.0057311239167901,-0.0584930018953734,-0.0058130810579074,0.257473322987599,0.8202831374486205,0.6375135377105035,1.2283450903581343,1.0120265833919555,-956.2954681256032,,0.9366869529623937,0.9265555417511936
53,gluconate,Method 4,RGHNJXZEOKUKBD-SQOUGZDYSA-N,HMDB0000625,C00257,0.0017301038062283,True,all_pre_hcc,provided_area,True,lbfgs,0.0029420054957481,0.0320234801416877,-0.0048516160404806,0.1422665985026639,0.8219054791346722,0.3233680093862512,0.4947988353377499,0.1492480477670384,-481.6537708690303,,0.9375001589243769,0.8368569087131627
1167,fibrinopeptide A (2-15)**,Method 3,BIJNWWNHDMFRFM-UHFFFAOYSA-N,,,0.1453287197231834,True,all_pre_hcc,provided_area,True,lbfgs,-0.0058460087503671,0.0854118782969562,-0.0240685087793588,0.3814354105479273,0.8228177963063387,0.1454199244907077,3.032045069888392,1.7662016135360217,-1142.445759210239,,0.9375025776499212,0.6869213040773252
621,gabapentin,Method 1,UGJMXCAKCUNAIE-UHFFFAOYSA-N,HMDB0005015,D00332,0.8477508650519031,False,all_pre_hcc,provided_area,True,lbfgs,0.0003498215450213,0.0986671470484687,0.0245825586254068,0.4466765729785675,0.8251767611290981,0.2235557133123979,3.9713281811268,2.6731346298460044,-1251.4318573927958,,0.937877989634287,0.7962491780602756
95,uridine,Method 3,DRTQHJPVMGBUCF-UHFFFAOYSA-N,HMDB0000296,C00299,0.0,True,all_pre_hcc,provided_area,True,lbfgs,-0.0009618222112037,0.0326939946513585,-0.003399324011412,0.1480725198605206,0.825250360321898,0.2942429906262582,0.6131503421744718,0.0624546790959007,-328.6172572626747,,0.937877989634287,0.8178108858282597
825,N-desmethyl tramadol,Method 1,VUMQHLSPUAFKKK-DZGCQCFKSA-N,HMDB0061007,,0.8875432525951558,False,all_pre_hcc,provided_area,True,lbfgs,-0.0020830364956877,0.079329996020317,0.0075449678846157,0.3606073344053507,0.8258789675711635,0.653430025678746,2.502493959932817,1.8583840757411143,-1139.2551771063631,,0.937877989634287,0.9265555417511936
768,octadecenedioylcarnitine (C18:1-DC)*,Method 2,CYPBWZKNUDFJJE-PLNGDYQASA-N,,,0.0034602076124567,True,all_pre_hcc,provided_area,True,lbfgs,-0.0001222913029604,-0.0456613444817581,0.004920110908552,0.2121042663908947,0.829550719826391,0.5850879626592871,0.9549833828200638,0.5227729479271463,-795.3527044848265,,0.9410101777766329,0.9158671755912854
719,2-aminophenol sulfate,Method 3,VSTZVCJQGSLNLL-UHFFFAOYSA-N,HMDB0061116,,0.0051903114186851,True,all_pre_hcc,provided_area,True,lbfgs,0.0090338211885012,0.0748370012574684,-0.0121851865331315,0.356418956074387,0.8336917159854917,0.4763930572056222,2.341135234804821,1.9566758287903725,-1145.8378890800532,,0.9425581238218944,0.8855918593261037
1105,sulfate of piperine metabolite C16H19NO3 (3)*,Method 3,,,,0.0086505190311418,True,all_pre_hcc,provided_area,True,lbfgs,-0.0072860373145688,0.066848604175358,-0.0109757732194801,0.3191683640672624,0.8340999223201213,0.339074760673969,2.4391137009102715,0.8181582124474406,-964.3482582609554,,0.9425581238218944,0.83760830376663
357,N-acetylphenylalanine,Method 3,CBQJSKKFNMDLON-JTQLQIEISA-N,HMDB0000512,C03519,0.0,True,all_pre_hcc,provided_area,True,lbfgs,0.0004033284675825,0.0412283236718188,-0.0072779502170752,0.1997582032993066,0.8364853896675186,0.0846586919073217,1.1222048366930568,0.105665299267861,-488.0690871047732,,0.9425581238218944,0.605544810170426
696,2-hydroxydecanoate,Method 3,GHPVDCPCKSNJDR-UHFFFAOYSA-N,HMDB0094656,,0.0,True,all_pre_hcc,provided_area,True,lbfgs,-0.0037371310174424,-0.0521935157603126,-0.0042278899995546,0.2533719463306257,0.8367943185346387,0.618295073843057,1.5938295342304167,0.4415935331307493,-802.4744123154187,,0.9425581238218944,0.9252575853260273
1123,4-methylhexanoylglutamine,Method 3,VCZLDSLBUPQMCV-UHFFFAOYSA-N,,,0.2802768166089965,False,all_pre_hcc,provided_area,True,lbfgs,0.006943547956954,-0.064670756699542,0.0008878264929932,0.3145271858022198,0.8370935238764123,0.9522223131875344,1.8719331054000332,1.4571012396827652,-1065.6118530775884,,0.9425581238218944,0.9969785874248245
488,N6-succinyladenosine,Method 3,VKGZCEJTCKHMRL-UHFFFAOYSA-N,HMDB0000912,,0.0916955017301038,True,all_pre_hcc,provided_area,True,lbfgs,0.0009509172845345,0.0448693204105705,-0.0121539267706081,0.2193211230105008,0.8378981269663869,0.0983843693147377,1.1930095024993632,0.3325333006673648,-719.9789885545838,,0.9425581238218944,0.6364334943702539
99,glutamine,Method 1,ZDXPYRJPNDTMRX-VKHMYHEASA-N,HMDB0000641,C00064,0.0,True,all_pre_hcc,provided_area,True,lbfgs,-7.922690050610086e-05,0.0143296046125901,-0.0019139428902001,0.0702019636060388,0.8382599504482486,0.3165773763221188,0.13158982393805,0.0219925920237666,19.29528610939542,,0.9425581238218944,0.8318232081933223
68,leucine,Method 1,ROHFNLRQFUQHCH-YFKPBYRVSA-N,HMDB0000687,C00123,0.0,True,all_pre_hcc,provided_area,True,lbfgs,-0.0006180263368862,0.0179550304620333,0.0011752777009619,0.0883221146636296,0.838908125430038,0.7479136028623061,0.1694267550776119,0.0855366535004462,-278.4837244234168,,0.9425581238218944,0.9590589646401889
941,4-aminophenol sulfate (2),Method 3,DJEGXIBXYHERSU-UHFFFAOYSA-N,,,0.8927335640138409,False,all_pre_hcc,provided_area,True,lbfgs,0.0039503589006703,0.0481976537244192,-0.0083771838778852,0.237451153558952,0.8391512616938613,0.4153925026570643,1.1758448119861944,0.6832985387651929,-868.1779844138637,,0.9425581238218944,0.8649610746772486
485,glycolithocholate sulfate*,Method 3,FHXBAFXQVZOILS-OETIFKLTSA-N,HMDB0002639,C11301,0.0051903114186851,True,all_pre_hcc,provided_area,True,lbfgs,0.001006774598252,-0.0818250964986361,0.0016946764537306,0.408948770959835,0.8414129920625406,0.921997660736644,3.572479996464682,1.911350277893669,-1171.7835941176368,,0.9433075152837767,0.9969785874248245
70,malate,Method 3,BJEPYKJPYRNKOW-UHFFFAOYSA-N,"HMDB0031518,HMDB0000156,HMDB0000744","C00149,C00711,C00497",0.0,True,all_pre_hcc,provided_area,True,lbfgs,-0.000943120927108,0.033750313537185,0.0037031782853593,0.1689346523864827,0.8416501034425153,0.4670234685305663,0.7383697903937201,0.1577259722316762,-527.8502686929833,,0.9433075152837767,0.8855918593261037
264,ciprofloxacin,Method 3,MYSWGUAQZAJSOK-UHFFFAOYSA-N,HMDB0014677,C05349,0.980968858131488,False,all_pre_hcc,provided_area,True,lbfgs,-0.001475277237873,0.0266581649286305,-0.0155619896715315,0.1351302383079227,0.8436103316558423,0.045882487623708,0.2134905041169232,0.4552049462399404,-668.726600307627,,0.9444767843538234,0.4990060030315879
328,3-hydroxysebacate,Method 3,OQYZCCKCJQWHIE-UHFFFAOYSA-N,HMDB0000350,,0.0657439446366782,True,all_pre_hcc,provided_area,True,lbfgs,0.0006522731526334,0.0631032164813485,0.0079186185518939,0.3226089549366224,0.8449210646747822,0.6100081753519502,1.9089742348636367,1.615537586336882,-1089.6088388704493,,0.9449171515906901,0.9249126500816807
1255,"bilirubin degradation product, C17H20N2O5 (2)**",Method 3,,,,0.0103806228373702,True,all_pre_hcc,provided_area,True,lbfgs,-0.0025512779485169,0.0712807576546887,0.0042269832264028,0.3678816827520181,0.8463638027927309,0.7151526618087644,3.447248906789236,0.8180244379167213,-994.2045967061568,,0.9455040313194282,0.9527350695410636
300,ribonate,Method 4,QXKAIJAYHKCRRA-BXXZVTAOSA-N,HMDB0000867,C01685,0.0,True,all_pre_hcc,provided_area,True,lbfgs,-0.0001299996312162,-0.0248793925952407,-0.0040488357105029,0.1296060807553223,0.8477722728736249,0.4727946015009479,0.348553646080095,0.2059210659738906,-520.289329067798,,0.9460513987647169,0.8855918593261037
225,xanthurenate,Method 3,FBZONXHGGPHHIY-UHFFFAOYSA-N,HMDB0000881,C02470,0.3339100346020761,False,all_pre_hcc,provided_area,True,lbfgs,-0.002336290519411,0.0539129962038711,-0.0093947282497635,0.2940348348022634,0.8545188441110044,0.5002816026436591,1.6274155696763204,1.2851492802269355,-1028.3065085983822,,0.951989062025711,0.8893204180990235
1095,"N6,N6-dimethyllysine",Method 1,XXEWFEBMSGLYBY-ZETCQYMHSA-N,HMDB0013287,C05545,0.0121107266435986,True,all_pre_hcc,provided_area,True,lbfgs,0.0023715199515055,0.0331330905474821,-0.004331874787654,0.1812364063446314,0.8549416333726045,0.2399406382182475,0.9288110910463052,0.0805528552111506,-417.50866571989945,,0.951989062025711,0.8002024975482205
992,trazadone,Method 1,PHLBKPHSAVXXEF-UHFFFAOYSA-N,HMDB0014794,"C07156,D08626",0.9377162629757786,False,all_pre_hcc,provided_area,True,lbfgs,-0.0077197657753665,0.063974051551204,0.006691250879109,0.354304070640288,0.8567109421516353,0.6245733424980084,2.876412117397458,1.1778987394520624,-1053.1258404753798,,0.9529290177280608,0.9252575853260273
547,"5alpha-androstan-3alpha,17beta-diol disulfate",Method 3,JHFAETDERBWUOO-ILBJSTGGSA-N,HMDB0094682,,0.4013840830449827,False,all_pre_hcc,provided_area,True,lbfgs,-0.008993177744379,0.085245313847237,0.0026214824569471,0.4799659439141913,0.8590316227436897,0.8231774162216756,6.310876350699803,0.8235479676218931,-1050.6405667099289,,0.9544795808263219,0.9808001174589639
1023,carotene diol (1),Method 2,JKQXZKUSFCKOGQ-DKLMTRRASA-N,,,0.0,True,all_pre_hcc,provided_area,True,lbfgs,-0.00471180142692,-0.0401813845933173,0.0050516309845428,0.2281549230550799,0.8602040089124082,0.4662607237283624,1.342863048006875,0.2927619448608691,-704.7755463142526,,0.9547522943747635,0.8855918593261037
1243,diazepam,Method 2,AAOVKJBEBIDNHE-UHFFFAOYSA-N,HMDB0014967,D00293,0.9896193771626296,False,all_pre_hcc,provided_area,True,lbfgs,0.0004628100645218,0.0133978550059749,-0.0056363511431532,0.0774083832797967,0.8625884232427621,0.2916066961552159,0.0098839388003701,0.2412198777166665,-420.0079744104896,,0.9557461850003656,0.8178108858282597
983,"glycosyl ceramide (d18:1/23:1, d17:1/24:1)*",Method 2,ZTXYYHYUNQRYIR-BLIGVESQSA-N,,,0.2128027681660899,False,all_pre_hcc,provided_area,True,lbfgs,-0.0006630787893089,0.0542288811203818,0.002663636718494,0.3153380329918246,0.8634606165403454,0.864943567183414,1.7346595379140517,1.6662632338259926,-1089.969945124913,,0.9557461850003656,0.9956788041480279
835,glycodeoxycholate 3-sulfate,Method 3,QJZCNFGUZPMYAX-WWZCPACMSA-N,,,0.4602076124567474,False,all_pre_hcc,provided_area,True,lbfgs,0.0237028889766889,-0.1021555772716088,-0.0177147858188137,0.5980736577588442,0.8643749856911297,0.4849247688163153,7.608973218249253,4.134485422518294,-1393.5673924421944,,0.9557461850003656,0.8855918593261037
838,phenol glucuronide,Method 3,WVHAUDNUGBNUDZ-GOVZDWNOSA-N,HMDB0060014,,0.5501730103806228,False,all_pre_hcc,provided_area,True,lbfgs,0.0022323632875353,0.0668681887330075,-0.0030103656655125,0.3953925388850218,0.8657034422909041,0.8754194711247255,2.832043424332201,2.4744715752201527,-1210.6356021529764,,0.9557461850003656,0.9969785874248245
231,5-hydroxylysine,Method 1,YSMODUONRAFBET-AKGZTFGVSA-N,HMDB0000450,C16741,0.0,True,all_pre_hcc,provided_area,True,lbfgs,-0.0071203885696647,0.0187109052416244,0.007266674432682,0.1110107493583237,0.8661503041505043,0.1180676435237183,0.2653147665061341,0.1382430315271507,-414.7608115316407,,0.9557461850003656,0.657349582861783
500,thymol sulfate,Method 3,NODSEPOUFZPJEQ-UHFFFAOYSA-N,HMDB0062720,C09908,0.0034602076124567,True,all_pre_hcc,provided_area,True,lbfgs,-0.0014368164365399,0.0767843782828903,-0.054945420665329,0.4573393245097788,0.8666669289226616,0.0045249535997608,4.462764607146147,2.3986367307012544,-1237.058739688196,,0.9557461850003656,0.1503452325081814
1,S-1-pyrroline-5-carboxylate,Method 1,DWAKNKKXGALPNW-UHFFFAOYSA-N,HMDB0001301,C04322,0.0103806228373702,True,all_pre_hcc,provided_area,True,lbfgs,0.0010925197954108,0.0283518925262091,-0.0014803822691843,0.1701689183196295,0.8676766980318309,0.8533040268388035,0.548373336286763,0.4259300483398945,-710.3146851352253,,0.9558363625377388,0.9909331294058851
29,argininosuccinate,Method 1,KDZOASGQNOPSCU-UHFFFAOYSA-N,HMDB0000052,C03406,0.2439446366782006,False,all_pre_hcc,provided_area,True,lbfgs,0.0009151761698369,-0.0442296032871285,0.0094804718132413,0.2677780901064953,0.8688081312898146,0.4553375305924049,1.344763674801386,1.0718835751451463,-975.2112530508152,,0.955878489269601,0.8849012386984472
964,lactosyl-N-nervonoyl-sphingosine (d18:1/24:1)*,Method 2,MKOKWBRPIBQYJJ-WZBOJYASSA-N,HMDB0004872,,0.0,True,all_pre_hcc,provided_area,True,lbfgs,-0.0076508402739726,-0.0291780737457973,0.0101602422132893,0.177914249271648,0.869730538216253,0.0065429244436525,0.8909410271817181,0.0828709525370398,-419.0109751137516,,0.955878489269601,0.18720033824894652
886,N-palmitoyl-sphinganine (d18:0/16:0),Method 2,GCGTXOVNNFGTPQ-JHOUSYSJSA-N,HMDB11760,,0.0,True,all_pre_hcc,provided_area,True,lbfgs,-0.0032373299526096,0.0271819707688591,-0.0038285633003409,0.1676666204139956,0.8712120224806611,0.4585320428407279,0.7218017096439192,0.1625196268216878,-531.8087110945198,,0.955878489269601,0.8855918593261037
1238,4-chlorobenzoic acid,Method 3,XRHGYUZYPHTUJZ-UHFFFAOYSA-N,,C02370,0.0,True,all_pre_hcc,provided_area,True,lbfgs,0.0014841767196417,0.0258036805930591,-0.0031095246308979,0.1594334904369542,0.8714270887613158,0.401895179886778,0.7032560070827818,0.0820672744638592,-394.6745771814699,,0.955878489269601,0.857240317014965
143,sarcosine,Method 1,FSYKKLYZXJSNPZ-UHFFFAOYSA-N,HMDB0000271,C00213,0.0017301038062283,True,all_pre_hcc,provided_area,True,lbfgs,0.0007551650425575,-0.0241463998728362,0.0010247437112688,0.1513503889668191,0.8732436607935988,0.850353133100431,0.548812680055282,0.1835225435796599,-532.6347814679334,,0.9568520964014966,0.9909331294058851
90,serine,Method 1,MTCFGRXMJLQNBG-REOHCLBHSA-N,HMDB0000187,C00065,0.0,True,all_pre_hcc,provided_area,True,lbfgs,-0.0025508342139918,-0.0181398286512766,0.0041207497705996,0.1154385093493659,0.8751357337529162,0.1397671652481134,0.3659107549078199,0.0465598749381063,-222.73977503893596,,0.9579062760526075,0.6758022901938247
940,"2,3-dihydroxy-2-methylbutyrate",Method 3,AOWPAWLEXIYETE-UHFFFAOYSA-N,HMDB0029576,,0.0276816608996539,True,all_pre_hcc,provided_area,True,lbfgs,0.0008663419213595,0.0396632001455086,0.0074929439180992,0.2574149333552768,0.8775444914271268,0.5397757605531146,1.2394320092827822,0.9956922839882704,-953.3536033503896,,0.9589727741184477,0.8893204180990235
675,N-palmitoylglycine,Method 3,KVTFEOAKFFQCCX-UHFFFAOYSA-N,HMDB0013034,,0.0,True,all_pre_hcc,provided_area,True,lbfgs,-0.0039490814384586,0.031375710866253,0.0011757807645363,0.2043482891779229,0.8779721611589283,0.8536130199841186,1.067332034734821,0.2476677618868484,-650.8875373511505,,0.9589727741184477,0.9909331294058851
294,2-oleoylglycerol (18:1),Method 3,UPWGQKDVAURUGE-KTKRTIGZSA-N,HMDB0011537,,0.0899653979238754,True,all_pre_hcc,provided_area,True,lbfgs,0.0109698582910198,-0.0572659282759765,-0.0240913537020535,0.3867304692426622,0.8822819178515855,0.2000153066089101,2.7117090894203586,2.364477602322285,-1197.634945775612,,0.962659295960946,0.765502224408302
1024,carotene diol (2),Method 2,JKQXZKUSFCKOGQ-DKLMTRRASA-N,,,0.0121107266435986,True,all_pre_hcc,provided_area,True,lbfgs,-0.0027607299733089,-0.036399330424058,0.0046601588732793,0.2540131924309564,0.8860556188541016,0.4999658357394014,1.722942746772034,0.287755415025463,-723.90443590421,,0.9657537433012959,0.8893204180990235
769,octadecanedioylcarnitine (C18-DC)*,Method 2,ULCCGBCYWCYNIC-UHFFFAOYSA-N,,,0.0,True,all_pre_hcc,provided_area,True,lbfgs,0.0001029196794241,0.0293259602483737,-0.0005127102161638,0.209606435829316,0.8887313873427296,0.9405494458506622,1.1000554968812062,0.2902068976398194,-685.4146902843786,,0.9676462251194625,0.9969785874248245
402,"1,3,7-trimethylurate",Method 3,BYXCFUMGEBZDDI-UHFFFAOYSA-N,HMDB0002123,C16361,0.0657439446366782,True,all_pre_hcc,provided_area,True,lbfgs,0.0155216514845304,-0.0462065931134822,-0.0144260280710994,0.3356160445902533,0.890495737783089,0.3078436945401661,2.4087556228022238,1.285133546182061,-1057.2821453758056,,0.9677020680394286,0.8183214317698541
691,margaroylcarnitine (C17)*,Method 2,DWSFAVOTORHAAL-UHFFFAOYSA-N,HMDB0006210,,0.0,True,all_pre_hcc,provided_area,True,lbfgs,0.0002132102818136,-0.0263022586410018,-0.0014453517685668,0.1915555744658753,0.8907867455524846,0.7913303051774394,0.9666923134463504,0.1805004276652423,-578.9509001987913,,0.9677020680394286,0.9713757016489895
45,cystine,Method 1,LEVWYRKDKASIDU-UHFFFAOYSA-N,HMDB0000192,C00491,0.0,True,all_pre_hcc,provided_area,True,lbfgs,-0.0028504335154702,-0.0326048465993272,0.0241137523808551,0.2392518164896839,0.8916012257955512,0.0589736513008986,0.8611137144871123,1.151135985224612,-962.2687807873912,,0.9677020680394286,0.5098831377064287
859,"sphingomyelin (d18:2/23:0, d18:1/23:1, d17:1/24:1)*",Method 2,JBDGKEXQKCCQFK-JWQIMADESA-N,"HMDB0240634,HMDB0011696,HMDB0240614",,0.0,True,all_pre_hcc,provided_area,True,lbfgs,-0.0002351428925719,0.0234581471821062,-0.0036442983783148,0.1764067858499134,0.8942111129063699,0.4728953017314484,0.8174674877306349,0.1561301833776497,-534.9834632494199,,0.967911962639075,0.8855918593261037
375,gamma-glutamylglycine,Method 1,ACIJGUBIMXQCMF-BYPYZUCNSA-N,HMDB0011667,,0.0,True,all_pre_hcc,provided_area,True,lbfgs,-0.0012030315302728,0.0159256496149242,-0.0013452819297049,0.1202762376850378,0.8946608407113275,0.711486766781608,0.3739725530585428,0.0803593673046497,-332.43435433671675,,0.967911962639075,0.9527350695410636
91,serotonin,Method 1,QZAYGJVTTNCVMB-UHFFFAOYSA-N,HMDB0000259,C00780,0.0588235294117647,True,all_pre_hcc,provided_area,True,lbfgs,-0.0033512032434602,0.0477315018211661,-0.0093344817417402,0.3632833210173314,0.8954674385026209,0.4619763849412758,3.207881507796243,0.9973580318392116,-1028.0216686078302,,0.967911962639075,0.8855918593261037
558,N-acetyl-beta-alanine,Method 3,LJLLAWRMBZNPMO-UHFFFAOYSA-N,HMDB0061880,C01073,0.0017301038062283,True,all_pre_hcc,provided_area,True,lbfgs,0.0007883339431713,0.0223094592617007,-0.0004151238917585,0.170982899710868,0.8961884786946157,0.933692666711633,0.7647053424293907,0.1508773369179586,-522.1567487210459,,0.967911962639075,0.9969785874248245
1055,N-acetyl-2-aminooctanoate*,Method 3,JJGNMSOJTSABGA-UHFFFAOYSA-N,HMDB0059745,,0.0,True,all_pre_hcc,provided_area,True,lbfgs,0.0035291684587748,-0.0308702208258624,0.0001473961335474,0.2372943286023595,0.8964932158812403,0.9826316602793338,1.483277451859388,0.2772126486683839,-702.8631753947434,,0.967911962639075,0.9999989883008276
183,2-hydroxystearate,Method 3,KIHBGTRZFAVZRV-QGZVFWFLSA-N,HMDB0062549,"C03042,C03045",0.0,True,all_pre_hcc,provided_area,True,lbfgs,-0.0020516393899174,0.0258191327644821,-0.0098620896846728,0.2007774668749764,0.8976775143048985,0.0351321474238436,1.1149204182648942,0.1306091766547185,-528.6012724937696,,0.968175748412613,0.441294046909255
970,2-hydroxynervonate*,Method 3,UFOOFOUFKSIFCD-KTKRTIGZSA-N,,,0.0449826989619377,True,all_pre_hcc,provided_area,True,lbfgs,-0.0079324111956834,-0.0439738467190911,0.0134384993904961,0.3514950354095105,0.9004402891267949,0.2908053272899367,2.9462674050316005,1.0078871634403537,-1022.9672689347394,,0.9699644567787431,0.8178108858282597
879,1-(1-enyl-palmitoyl)-2-oleoyl-GPE (P-16:0/18:1)*,Method 2,ZVVYJAAMWXATNY-PRWZWGSOSA-N,HMDB0011342,,0.0051903114186851,True,all_pre_hcc,provided_area,True,lbfgs,0.000676461100751,0.016922964646648,0.0053278230459961,0.1363423830099256,0.9012194030458808,0.3567945766138505,0.395371879196547,0.2149933608343659,-539.0782634320244,,0.9699644567787431,0.8441779558581768
404,"1,7-dimethylurate",Method 3,NOFNCLGCUJJPKU-UHFFFAOYSA-N,HMDB0011103,C16356,0.0138408304498269,True,all_pre_hcc,provided_area,True,lbfgs,0.0100927642297278,0.038335207954096,-0.0077969568360347,0.3166862206018717,0.903650579319522,0.5482218628871739,2.1958894594997824,1.0761234874159755,-1012.6175142755988,,0.9705608898370613,0.8893204180990235
113,pseudouridine,Method 3,PTJWIQPHWPFNBW-GBNDHIKLSA-N,HMDB0000767,C02067,0.0,True,all_pre_hcc,provided_area,True,lbfgs,-9.615025458594151e-05,0.0213439994483719,-0.0077969836263751,0.1810664793133745,0.9061632530169018,0.0122721864156413,0.9454754005830174,0.0571003945244843,-353.03147581889925,,0.9705608898370613,0.2559902894095789
1169,fibrinopeptide A (4-15)**,Method 3,GXMAZYIQAHTXHM-UHFFFAOYSA-N,,,0.0380622837370242,True,all_pre_hcc,provided_area,True,lbfgs,-0.006888516357473,0.0277470837403476,0.0108202733773106,0.2392735607575424,0.9076811905453018,0.3627265106087404,0.9967993689154871,0.960466689739528,-930.548593314432,,0.9705608898370613,0.8441779558581768
856,1-palmitoleoylglycerol (16:1)*,Method 3,KVYUBFKSKZWZSV-BQYQJAHWSA-N,HMDB0011565,,0.0121107266435986,True,all_pre_hcc,provided_area,True,lbfgs,0.0061925842573,0.0300501032731671,-0.0059528746348427,0.2620357398374184,0.9086992370092208,0.6168042591759055,1.3612592421113718,0.9272648240891108,-944.5755021223212,,0.9705608898370613,0.9252575853260273
335,3-carboxy-4-methyl-5-propyl-2-furanpropanoate (CMPF),Method 3,WMCQWXZMVIETAO-UHFFFAOYSA-N,HMDB0061112,,0.0,True,all_pre_hcc,provided_area,True,lbfgs,0.0016956264205186,0.0487428794844193,0.0087180715811341,0.4250684558304342,0.9087061720762032,0.4841141719854073,4.718500601751259,0.9412058522743476,-1050.2413402690986,,0.9705608898370613,0.8855918593261037
971,N-palmitoylserine,Method 3,BFVRFWIQTACAPT-KRWDZBQOSA-N,,,0.1366782006920415,True,all_pre_hcc,provided_area,True,lbfgs,-0.0088862926906867,-0.0335531205492156,-0.0002645301383434,0.2966002233250169,0.909930866267118,0.9857075191692904,1.54360160513946,1.461744586620259,-1053.0736812360778,,0.9705608898370613,0.9999989883008276
655,beta-citrylglutamate,Method 3,GAQNUGISBQJMKO-UHFFFAOYSA-N,,C20775,0.0051903114186851,True,all_pre_hcc,provided_area,True,lbfgs,-0.0004297840464063,0.0180340098214681,-0.0007428957679027,0.1596872848477702,0.9100834466639954,0.8996358299383255,0.6015824066961907,0.2165664334455401,-574.2991033351714,,0.9705608898370613,0.9969785874248245
78,orotate,Method 4,PXQPEWDEAKTCGB-UHFFFAOYSA-N,HMDB0000226,C00295,0.0,True,all_pre_hcc,provided_area,True,lbfgs,-0.0014994209775166,0.0183254344669558,0.0049479117564019,0.1647382855409155,0.9114262853429458,0.2852089195048101,0.7179958084448348,0.1295787099960252,-486.2550409613482,,0.9705608898370613,0.8178108858282597
1177,fibrinopeptide B (1-9)**,Method 3,WWZFLBITCJUQNV-UHFFFAOYSA-N,,,0.0017301038062283,True,all_pre_hcc,provided_area,True,lbfgs,-0.004712679159456,-0.0230730170271189,-0.0082759675728132,0.2083950218880502,0.9118402115619472,0.370598403635837,0.8830761384954211,0.556693322385748,-802.8356265356442,,0.9705608898370613,0.8441779558581768
1058,perfluorooctanoate (PFOA),Method 3,SNGREZUHAYWORS-UHFFFAOYSA-N,HMDB0059587,,0.0138408304498269,True,all_pre_hcc,provided_area,True,lbfgs,-0.0094041152752283,-0.0283711629077285,0.0015072044068359,0.2590579556712959,0.9127927058572098,0.7159387804124109,1.94804996065595,0.100893007242271,-532.538897635277,,0.9705608898370613,0.9527350695410636
620,sertraline,Method 2,VGKDLMBJGBXTGI-SJCJKPOMSA-N,HMDB0005010,C07246,0.92560553633218,False,all_pre_hcc,provided_area,True,lbfgs,-0.0035600181976222,-0.0153015846760047,0.0122158554942257,0.1398312859825504,0.91286230758976,0.0494851356119752,0.3969006798698968,0.2515634911639411,-572.8750742061461,,0.9705608898370613,0.5028970483427219
774,4-hydroxychlorothalonil,Method 3,MDQKYGOECVSPIW-UHFFFAOYSA-N,HMDB0240624,,0.0086505190311418,True,all_pre_hcc,provided_area,True,lbfgs,-0.0027028880223518,0.0254310593237115,0.0162573746204627,0.2345236652910265,0.9136489961583802,0.0103964659236666,1.470814925093559,0.2425806578176743,-675.7018333756532,,0.9705608898370613,0.2379635533639244
151,N-acetylvaline,Method 3,IHYJTAOFMMMOPX-LURJTMIESA-N,HMDB0011757,,0.0,True,all_pre_hcc,provided_area,True,lbfgs,0.0009046110262237,-0.0177439045189946,-0.0080148488795482,0.1651192537777058,0.9144231464314224,0.0103934548162449,0.7781176380164407,0.0577937964075203,-336.4628850241829,,0.9705608898370613,0.2379635533639244
107,cysteine,Method 1,XUJNEKJLAYXESH-REOHCLBHSA-N,HMDB0000574,C00097,0.0,True,all_pre_hcc,provided_area,True,lbfgs,-0.0027775205041966,-0.0178028618993565,0.0033567179469411,0.1667288970863806,0.9149656543997928,0.5579862735355231,0.6813104007895293,0.2027666783364686,-571.367044486231,,0.9705608898370613,0.8966082086452244
1196,pregnenetriol sulfate*,Method 3,HIYOTPJZDPVBTL-HXOPQMAFSA-N,,,0.0,True,all_pre_hcc,provided_area,True,lbfgs,-0.00629131789174,0.0260648481581496,0.0079129427837264,0.2588989800191921,0.919807864788326,0.2728768575446799,1.777662003428283,0.3145492224376645,-744.3532711365974,,0.9740234707223621,0.8169680049949793
965,lactosyl-N-behenoyl-sphingosine (d18:1/22:0)*,Method 2,QYWVASPEUXEHSY-NNRNTGNWSA-N,HMDB0011594,,0.0,True,all_pre_hcc,provided_area,True,lbfgs,-0.0097249418134368,-0.0170576505535777,0.011251072513329,0.1740105488410064,0.9219112257034676,0.0049064209243096,0.839611778480664,0.0953697998883026,-440.6347818046329,,0.9740234707223621,0.15792542350121525
395,metoprolol acid metabolite*,Method 1,PUQIRTNPJRFRCZ-UHFFFAOYSA-N,,,0.9307958477508652,False,all_pre_hcc,provided_area,True,lbfgs,0.0009187951485535,0.0166369778562597,-0.0072267094609488,0.1698617484938494,0.921976579776897,0.136717822657903,0.7594736542416031,0.1427766911874936,-510.577576529261,,0.9740234707223621,0.6758022901938247
933,1-linoleoyl-2-linolenoyl-GPC (18:2/18:3)*,Method 2,HZGAVPNEGHQJID-UNBCHYIMSA-N,HMDB0008141,,0.0034602076124567,True,all_pre_hcc,provided_area,True,lbfgs,-0.0040818459732281,0.0181150851547203,0.0061706516533444,0.1850385454919338,0.922012508693498,0.4946335013700158,0.6142956414308126,0.5502137741114935,-774.4430784673027,,0.9740234707223621,0.8893204180990235
606,cotinine N-oxide,Method 1,CIPULDKLIIVIER-VIFPVBQESA-N,HMDB0001411,,0.7975778546712803,False,all_pre_hcc,provided_area,True,lbfgs,0.0014586222343209,-0.0250352852853626,0.004486203347047,0.2740006386486013,0.9271990424204926,0.4453618416839394,2.106244707511431,0.2053250769817632,-676.7478644287671,,0.9784989894396592,0.8838587609527121
780,phenylacetylcarnitine,Method 1,DZTZJNGATJMDSH-CYBMUJFWSA-N,,,0.0034602076124567,True,all_pre_hcc,provided_area,True,lbfgs,-0.0018269911223991,-0.0233012585147136,-0.0112966842696553,0.2637240174510356,0.9295947583517904,0.3691129468164204,1.298064805769134,1.0489844298699582,-968.008249975078,,0.9800231331651424,0.8441779558581768
1041,dodecenedioate (C12:1-DC)*,Method 3,OHCMUMNQAHNIEP-HNQUOIGGSA-N,HMDB0000933,,0.0190311418685121,True,all_pre_hcc,provided_area,True,lbfgs,-0.0025032313416808,0.0211408761794979,0.0015712876912801,0.2529532892995621,0.9333933857066332,0.8957104749598768,1.1999719113832192,0.9571197237993344,-942.436285917216,,0.983021663883264,0.9969785874248245
494,N6-acetyllysine,Method 3,DTERQYGMUDWYAZ-ZETCQYMHSA-N,HMDB0000206,C02727,0.0,True,all_pre_hcc,provided_area,True,lbfgs,0.0006558205383587,-0.0137551523149901,-0.0042637136157046,0.1674429218752749,0.9345287805945997,0.1791573655277298,0.800098747012756,0.0595248623677958,-344.83224868162006,,0.9831075937319388,0.7349110186116559
11,cholate,Method 3,BHQCQFFYRZLCQQ-OLRQUHAPSA-N,HMDB0000619,C00695,0.0034602076124567,True,all_pre_hcc,provided_area,True,lbfgs,-0.0091348866492231,0.0286447242109939,0.0258206718808215,0.3594926148126212,0.9364909863119508,0.1401566694068076,2.3335515386356414,2.0524733537245075,-1156.1458234848228,,0.9831075937319388,0.6758022901938247
771,"5alpha-androstan-3alpha,17beta-diol monosulfate (2)",Method 3,LERFMBCTNMFXCT-ILBJSTGGSA-N,,,0.4152249134948096,False,all_pre_hcc,provided_area,True,lbfgs,-0.004992350399671,0.0410921243433256,-0.0067434384907136,0.5204234626107889,0.9370652219918474,0.5159151460380885,7.679177053974269,0.63812537780377,-1019.7300243867758,,0.9831075937319388,0.8893204180990235
417,"5,6-dihydrouridine",Method 3,ZPTBLXKRQACLCR-XVFCMESISA-N,HMDB0000497,,0.0,True,all_pre_hcc,provided_area,True,lbfgs,0.0002538501403433,0.0149751982378504,-0.006578043292674,0.1903478185418717,0.9372928709172464,0.0992215630188398,1.0201717523184894,0.094407986675425,-457.167314200889,,0.9831075937319388,0.6364334943702539
348,I-urobilinogen,Method 3,OBHRVMZSZIDDEK-UHFFFAOYSA-N,HMDB0004157,C05789,0.2249134948096885,False,all_pre_hcc,provided_area,True,lbfgs,-0.0003734954248776,0.0439190574125986,0.0325743141230807,0.5738485135097793,0.9389940776569866,0.2175900381888106,6.410427658800136,4.601343881380492,-1403.714704448394,,0.9838900305052861,0.7843166023654028
1038,2-hydroxyheptanoate*,Method 4,RGMMREBHCYXQMA-UHFFFAOYSA-N,,,0.0051903114186851,True,all_pre_hcc,provided_area,True,lbfgs,-0.0020031591207151,0.010379312572204,0.0118988797716701,0.1509126867175452,0.9451671750271088,0.06882186116311,0.4743862650383069,0.2767830101539955,-606.7041149005381,,0.9881743198214984,0.5460257868381959
467,hydroquinone sulfate,Method 3,FPXPQMOQWJZYBL-UHFFFAOYSA-N,HMDB0240263,C00530,0.1038062283737024,True,all_pre_hcc,provided_area,True,lbfgs,0.0043343567283568,-0.0240891792509672,0.0042029197390278,0.3632090992109035,0.9471205359250668,0.8235489450885494,2.1234960180049494,2.457353933515529,-1190.2334832482543,,0.9881743198214984,0.9808001174589639
609,diphenhydramine,Method 2,ZZVUWRFHKOJYTH-UHFFFAOYSA-N,HMDB0001927,C06960,0.9290657439446368,False,all_pre_hcc,provided_area,True,lbfgs,-0.0027313647666201,-0.0078708333903208,-0.0009727046434498,0.1211331195167581,0.9481925318763764,0.8660725949988751,0.273313269487468,0.2220350809757869,-518.8979942768215,,0.9881743198214984,0.9956788041480279
429,1-stearoyl-GPG (18:0),Method 3,HFJVKBVEKQHVTO-OZAIVSQSSA-N,,,0.0657439446366782,True,all_pre_hcc,provided_area,True,lbfgs,-0.0041548261596236,-0.0154832013852182,-0.0088436036932882,0.2387038593229297,0.9482825700539836,0.2353822573488925,1.4559902757166336,0.3384216100100572,-740.965720586029,,0.9881743198214984,0.8001443071596016
378,alpha-hydroxyisovalerate,Method 4,NGEWQZIDQIYUNV-UHFFFAOYSA-N,HMDB0000407,,0.0,True,all_pre_hcc,provided_area,True,lbfgs,-0.0004307046619965,-0.013348970726874,0.0044351397985675,0.2058854745360623,0.9483038813942912,0.530367135461981,1.0392210951069911,0.3087759844204948,-693.0503753887124,,0.9881743198214984,0.8893204180990235
513,methylphosphate,Method 1,CAAULPUQFIIOTL-UHFFFAOYSA-N,HMDB61711,,0.0,True,all_pre_hcc,provided_area,True,lbfgs,-0.0019728117934591,-0.0100422937440554,-0.0001873886996992,0.1565085072192684,0.9488392255373416,0.967551453578897,0.6388509876454781,0.128813450625405,-474.5084925270103,,0.9881743198214984,0.9974755988405244
510,2-methoxyacetaminophen sulfate*,Method 3,NZKKXAGORRATJB-UHFFFAOYSA-N,HMDB0062550,,0.7301038062283737,False,all_pre_hcc,provided_area,True,lbfgs,0.0120816999725375,0.0327437487797204,-0.0295364962125381,0.5274568944763601,0.9505002943938128,0.2185425872610394,5.499872509125429,3.7784249714187945,-1349.9484153244352,,0.9889043466925527,0.7843166023654028
736,S-(3-hydroxypropyl)mercapturic acid (HPMA),Method 3,FMWPQZPFBAHHMB-UHFFFAOYSA-N,,,0.5951557093425606,False,all_pre_hcc,provided_area,True,lbfgs,0.0051781544869087,-0.0173180136763777,-0.0376096359953081,0.3089877179888396,0.955303903775372,0.0073682905995466,1.891559740541596,1.290420437336168,-1039.9763864679255,,0.9928991129047762,0.19971945572455257
1083,8-methoxykynurenate,Method 3,BXZSKDOPGDPDEG-UHFFFAOYSA-N,HMDB0060426,C05830,0.0709342560553633,True,all_pre_hcc,provided_area,True,lbfgs,-0.0012845755760204,0.0141006559842828,0.002819795034492,0.2684328091653986,0.958106746437089,0.7504869179611575,1.7985461490626664,0.4833027320615567,-831.2133457759751,,0.9939027948002862,0.9590589646401889
529,succinylcarnitine (C4-DC),Method 1,HAEVNYBCYZZDFL-UHFFFAOYSA-N,HMDB0061717,,0.0086505190311418,True,all_pre_hcc,provided_area,True,lbfgs,-0.0044039900606294,-0.0078226597368784,0.0054695839995106,0.1542939215114974,0.959564793994786,0.3384140321608329,0.5602264165212607,0.2040283563653782,-556.0992506123412,,0.9939027948002862,0.83760830376663
969,2-hydroxybehenate,Method 3,RPGJJWLCCOPDAZ-UHFFFAOYSA-N,HMDB0061660,,0.0276816608996539,True,all_pre_hcc,provided_area,True,lbfgs,-0.0045721911689512,0.0114985548218909,0.0015589758812923,0.2291204277528951,0.9599744564305028,0.828824029427184,1.3369542354082746,0.3176080706072355,-720.6912463667777,,0.9939027948002862,0.9846467708304494
894,1-palmitoyl-2-oleoyl-GPI (16:0/18:1)*,Method 2,PDLAMJKMOKWLAJ-KTBSNPQYSA-N,HMDB0009783,,0.0,True,all_pre_hcc,provided_area,True,lbfgs,0.0008046568338324,-0.0091907452232329,0.0032856486545127,0.1850896304233337,0.9603968019474476,0.5517240263740544,0.8895618669880486,0.1852080128232905,-576.568302722841,,0.9939027948002862,0.8893204180990235
171,oleoyl ethanolamide,Method 3,BOWVQLFMWHZBEF-KTKRTIGZSA-N,HMDB0002088,,0.0,True,all_pre_hcc,provided_area,True,lbfgs,-0.000709254544497,-0.0107618825508474,0.0022093132320807,0.2206192783792203,0.9610943530301796,0.7727691419338303,1.187479266114943,0.3620875212071308,-736.8601577026675,,0.9939027948002862,0.9696412414258495
465,2-methylmalonylcarnitine (C4-DC),Method 1,XROYFEWIXXCPAW-UHFFFAOYSA-N,HMDB0013133,,0.1747404844290657,True,all_pre_hcc,provided_area,True,lbfgs,-0.0057443391509495,0.0138289031647438,0.0076534760643743,0.3009430791393071,0.9633485958642678,0.5915390464727223,1.6987776260541725,1.3544242515824203,-1042.806593406507,,0.9949445584946963,0.9162183727321864
617,2-oxoarginine*,Method 1,ARBHXJXXVVHMET-UHFFFAOYSA-N,HMDB0004225,C03771,0.0,True,all_pre_hcc,provided_area,True,lbfgs,-0.0070225255341371,0.0078082206713618,0.0064464002810427,0.173160460733954,0.9640336595900068,0.4050974256266471,0.604517053247253,0.3912698678002938,-698.9722133183704,,0.9949445584946963,0.857240317014965
1126,1-heptadecenoylglycerol (17:1)*,Method 3,KRUXHXDPFZXFJX-FPLPWBNLSA-N,,,0.5242214532871973,False,all_pre_hcc,provided_area,True,lbfgs,0.0130422989709384,0.014723889573846,-0.0147491400096149,0.3503059612209184,0.96647357654133,0.4232602520457389,1.9164551450184613,2.368714531069436,-1175.541986581427,,0.996206386364545,0.8649961500141092
661,imidazole propionate,Method 1,ZCKYOWGFRHAZIQ-UHFFFAOYSA-N,HMDB0002271,,0.0,True,all_pre_hcc,provided_area,True,lbfgs,-0.0102175218309833,0.0100634330893573,0.0078992684800314,0.2505419746865193,0.9679602615283316,0.5287417859360275,1.079622719550754,1.072079845454685,-960.3310404551052,,0.996206386364545,0.8893204180990235
338,adrenate (22:4n6),Method 3,TWSWSIQAPQLDBP-CGRWFSSPSA-N,HMDB0002226,C16527,0.0,True,all_pre_hcc,provided_area,True,lbfgs,-0.0031146268347981,-0.0089722460111852,-0.000784419302077,0.2367983614521338,0.9697755339969888,0.9403913030529598,1.1419430764761742,0.7164350196130532,-876.1003464161449,,0.996206386364545,0.9969785874248245
35,beta-alanine,Method 1,UCMIRNVEIXFBKS-UHFFFAOYSA-N,HMDB0000056,C00099,0.0017301038062283,True,all_pre_hcc,provided_area,True,lbfgs,-0.001513112877382,0.0057278948194906,0.0165368074134172,0.153021562090312,0.9701406014413072,0.0180110269551473,0.4606157709457389,0.3210048081269679,-636.3467369840478,,0.996206386364545,0.3198509959276159
917,glycocholate glucuronide (1),Method 3,BWWWIHHYPYDOJQ-ICKMJTCPSA-N,,,0.4256055363321799,False,all_pre_hcc,provided_area,True,lbfgs,0.0081128383578221,0.0142425948704779,0.013080327004186,0.3977679000684145,0.9714368134045696,0.4217602978930366,3.4691389625730165,1.691299036773526,-1143.6922490999857,,0.996206386364545,0.8649610746772486
273,ethacrynic acid,Method 3,AVOLMBLBETYQHX-UHFFFAOYSA-N,HMDB15039,D00313,0.9948096885813148,False,all_pre_hcc,provided_area,True,lbfgs,-0.0004643563592849,0.0003560581679504,0.0004643563592851,0.011400830466684,0.9750853992691202,0.4890269181649647,0.0013668915149318,0.0034677089904869,749.0510275901352,,0.996206386364545,0.8867917706160452
555,pregnenediol sulfate (C21H34O5S)*,Method 3,MENQCIVHHONJLU-UHFFFAOYSA-N,HMDB0000774,C18044,0.0,True,all_pre_hcc,provided_area,True,lbfgs,-0.0035763129480067,0.0075202572217558,1.2298647983708818e-05,0.2502100622821312,0.976022571578995,0.9986428888321764,1.642410117718786,0.3167992687426492,-738.580811108222,,0.996206386364545,0.9999989883008276
200,N-linoleoylglycine,Method 3,YCRHZEHWEYAHCO-HZJYTTRNSA-N,,,0.2128027681660899,False,all_pre_hcc,provided_area,True,lbfgs,-0.0131463794199825,0.009075797932564,0.0055693804663582,0.3124252796543627,0.9768251125262056,0.7169195624699447,1.732536537587501,1.5944104491282989,-1080.0956544492833,,0.996206386364545,0.9528092249600556
994,"sphingomyelin (d18:0/20:0, d16:0/22:0)*",Method 2,UGRZESKDAPEULH-ACEXITHZSA-N,HMDB0012090,,0.0,True,all_pre_hcc,provided_area,True,lbfgs,-0.0050624670944583,0.0058136022573274,-0.0056353348436287,0.2070170450170224,0.9775961739738576,0.3326198876975078,1.1340596269367154,0.2043731564440405,-618.0712189697879,,0.996206386364545,0.83760830376663
511,2-methoxyacetaminophen glucuronide*,Method 3,GDCCQRYSPGZVPX-UHFFFAOYSA-N,HMDB0240215,,0.7301038062283737,False,all_pre_hcc,provided_area,True,lbfgs,0.0111161246650517,0.0147174014380032,-0.01837054699015,0.5454610565482677,0.9784744252692816,0.4525554869558595,5.982643250952122,3.90452173060975,-1363.200781765444,,0.996206386364545,0.8845012363653422
919,(S)-3-hydroxybutyrylcarnitine,Method 1,UEFRDQSMQXDWTO-UHFFFAOYSA-N,HMDB0013127,,0.0,True,all_pre_hcc,provided_area,True,lbfgs,0.0010068476654066,-0.005258796179183,-0.0016091504852436,0.2004465775125023,0.979069580318578,0.840057558728329,0.9009249013750796,0.4030211246745603,-736.029198681551,,0.996206386364545,0.9909331294058851
612,pseudoephedrine,Method 1,KWGRBVOPPLSCSI-WCBMZHEXSA-N,HMDB0001943,C02765,0.9948096885813148,False,all_pre_hcc,provided_area,True,lbfgs,0.0005071892998403,0.0006793734696513,0.0002495431841005,0.0269706272710601,0.9799039051263893,0.8835788162830727,9.538662879701845e-12,0.0320285395515862,174.3394944824047,,0.996206386364545,0.9969785874248245
454,1-oleoyl-GPE (18:1),Method 2,PYVRVRFVLRNJLY-MZMPXXGTSA-N,HMDB0011506,,0.0,True,all_pre_hcc,provided_area,True,lbfgs,0.0026038303000398,-0.0033808319762571,0.0064851192504945,0.1378846831259254,0.9804384119303368,0.3444553186561353,0.3314969452424959,0.317956946969872,-611.3617286861395,,0.996206386364545,0.83760830376663
765,alpha-CMBHC glucuronide,Method 3,DYOFESDCRUIQTB-UHFFFAOYSA-N,,,0.4221453287197231,False,all_pre_hcc,provided_area,True,lbfgs,0.0129756295054588,0.0079202040799632,0.002670671735178,0.3313287378177536,0.980928890114218,0.8565336958545458,2.220405876432747,1.423116540391752,-1072.8576757723358,,0.996206386364545,0.991269333404699
504,1-oleoyl-GPI (18:1),Method 3,UGDOFRYHDCDVHD-JCASDCETSA-N,HMDB0061693,,0.0017301038062283,True,all_pre_hcc,provided_area,True,lbfgs,-0.00054603574228,0.0048411312707928,-0.002659713668902,0.2083634286504673,0.98146355900523,0.7316073315693166,1.020067705605382,0.3739700126154379,-730.6577693334157,,0.996206386364545,0.9581920026367826
167,2-aminobutyrate,Method 1,QWCKQJZIFLGMSD-GSVOUGTGSA-N,HMDB0000452,C02356,0.0,True,all_pre_hcc,provided_area,True,lbfgs,0.0011235307486969,-0.0034730009333573,0.0056120834220662,0.1496168394849113,0.9814806608586604,0.2422826284819372,0.565877321597731,0.1408830599144872,-481.635560141388,,0.996206386364545,0.8002024975482205
1233,GlcNAc sulfate conjugate of C21H34O2 steroid**,Method 3,,,,0.4083044982698962,False,all_pre_hcc,provided_area,True,lbfgs,-0.0066803556954367,0.0073522684459313,0.0149466386711129,0.3402452630110958,0.982760068632257,0.2707517696351912,2.5907279266601635,1.167294779648607,-1042.7922827065695,,0.996206386364545,0.8169680049949793
959,"diacylglycerol (16:1/18:2 [2], 16:0/18:3 [1])*",Method 2,BHGPPCIWDXQOMA-HZFIRFLSSA-N,,,0.2837370242214533,False,all_pre_hcc,provided_area,True,lbfgs,-0.0004977606171843,0.0077153256772805,0.0114109609971698,0.3748456278823233,0.983578561006993,0.4719413922585852,2.9938336465191635,1.6175686092330164,-1122.7953373311734,,0.996206386364545,0.8855918593261037
753,N-acetyltaurine,Method 3,CXJAAWRLVGAKDV-UHFFFAOYSA-N,HMDB0240253,,0.0103806228373702,True,all_pre_hcc,provided_area,True,lbfgs,0.0008790840670977,-0.0043051797177026,-0.0111789040971475,0.2098598482605874,0.9836329077016914,0.0970947408221581,1.113297082531754,0.2772265482407761,-677.2434094503878,,0.996206386364545,0.6364334943702539
1033,hydroxy-CMPF*,Method 3,OZOJARPUDFLESM-UHFFFAOYSA-N,,,0.0,True,all_pre_hcc,provided_area,True,lbfgs,0.004945714090475,0.0066790834075953,-0.0063755021716087,0.3965146774131871,0.986560685306972,0.507426857619754,4.31372551886743,0.5533524390137385,-937.3313555617406,,0.99768246593447,0.8893204180990235
1203,levulinoylcarnitine,Method 1,XDZHMFWKQXZAFO-UHFFFAOYSA-N,,,0.143598615916955,True,all_pre_hcc,provided_area,True,lbfgs,0.0036483752743274,0.0046099548422546,0.0099691946023278,0.2835289580804784,0.9870276046477912,0.4390940408275964,1.6003900440638243,1.0763342097726842,-988.5926079074252,,0.99768246593447,0.8781880816551928
79,palmitoleate (16:1n7),Method 3,SECPZKHBENQXJG-FPLPWBNLSA-N,HMDB0003229,C08362,0.0,True,all_pre_hcc,provided_area,True,lbfgs,-0.0033607152399985,-0.0043914896049697,0.0155283306572063,0.2955087395224737,0.988143251545989,0.3373182512587086,1.2243122975187055,1.883199669457274,-1096.3835727878345,,0.9978309304827144,0.83760830376663
25,5-methylthioadenosine (MTA),Method 1,WUUGFSXJNOTRMR-IOSLPCCCSA-N,HMDB0001173,C00170,0.0,True,all_pre_hcc,provided_area,True,lbfgs,2.4056004037317608e-05,-0.0017392230656203,-0.0007731391505411,0.1295753587979655,0.9892907295248008,0.8522408496712018,0.4246041691972483,0.1054484909445939,-398.1286640486278,,0.9980112158771252,0.9909331294058851
324,pyridoxate,Method 3,HXACOUQIXZGNBF-UHFFFAOYSA-N,HMDB0000017,C00847,0.0,True,all_pre_hcc,provided_area,True,lbfgs,0.0065019302139417,-0.0036078659350861,-0.0506276742526942,0.3114659162443746,0.9907579096043396,6.975991422089095e-05,2.132090622938122,1.0292084600725973,-1000.925361400421,,0.9985133531237474,0.035224509397115335
168,urate,Method 3,LEHOTFFKMJEONL-UHFFFAOYSA-N,HMDB0000289,C00366,0.0,True,all_pre_hcc,provided_area,True,lbfgs,-0.0012689370208537,-0.0013972514739083,-0.0064549579314631,0.1360594707248131,0.9918063345570646,0.0461590672174707,0.5099649728375008,0.0625747491549808,-311.58205535450406,,0.9985928881659595,0.4990060030315879
367,N-acetylthreonine,Method 3,PEDXUVCGOLSNLQ-UHFFFAOYSA-N,HMDB0062557,,0.0,True,all_pre_hcc,provided_area,True,lbfgs,-0.0001468660374231,0.0013691109821597,-0.0082672056491517,0.159634862415178,0.9931570140369528,0.0630175398221981,0.6761263669019245,0.1192327589085347,-464.31407046806953,,0.9989762934160755,0.5320333280070823
476,undecanedioate (C11-DC),Method 3,LWBHHRRTOZQPDM-UHFFFAOYSA-N,HMDB0000888,,0.273356401384083,False,all_pre_hcc,provided_area,True,lbfgs,-0.0097228470424247,0.0021815644042436,0.012583132214876,0.3047021093830492,0.9942874642741428,0.395818720929334,1.6825934900405113,1.4688611509194924,-1059.9706275851609,,0.9990572445233087,0.8529148170653014
245,quinate,Method 4,AAWZDTNXLSGCEK-WYWMIBKRSA-N,HMDB0003072,C00296,0.0640138408304498,True,all_pre_hcc,provided_area,True,lbfgs,-0.0002577636382955,0.0027014609935006,-0.0078926357493909,0.5294365027646949,0.9959287947582528,0.7437738233185057,5.539437804676962,3.8091027770099006,-1352.218444336699,,0.9990572445233087,0.9590589646401889
826,arabitol/xylitol,Method 4,HEBKCHPVOIAQTA-IMJSIDKUSA-N,"HMDB0001851,HMDB0000568,HMDB0002917","C00379,C00542,C01904",0.0,True,all_pre_hcc,provided_area,True,lbfgs,-0.0014476542232551,0.0005472119173794,-0.0061194377033632,0.1133278141245409,0.9961473690538232,0.1915324238207144,0.2792812943792624,0.1403647196011064,-421.9774883489422,,0.9990572445233087,0.7558559254227426
517,gamma-glutamylalanine,Method 1,WQXXXVRAFAKQJM-WHFBIAKZSA-N,HMDB0029142,C03738,0.0519031141868512,True,all_pre_hcc,provided_area,True,lbfgs,0.0014334792715206,0.0006970595854604,0.0005445248427292,0.2109062850998083,0.9973629421788924,0.9547002854437228,0.8839111171032297,0.5978736233065103,-818.260654713627,,0.9993033370080342,0.9969785874248245
159,N-carbamoylaspartate,Method 1,HLKXYZVTANABHZ-REOHCLBHSA-N,HMDB0000828,C00438,0.9221453287197232,False,all_pre_hcc,provided_area,True,lbfgs,-0.0039912579286408,0.0001092637666917,0.0062102015347309,0.1524960046509065,0.999428313776228,0.2803131921489251,0.5409848239503481,0.2075122777059095,-556.6962707457651,,0.9999873368170226,0.8169680049949793
345,sebacate (C10-DC),Method 3,CXMXRPHRNRROMY-UHFFFAOYSA-N,HMDB0000792,C08277,0.0121107266435986,True,all_pre_hcc,provided_area,True,lbfgs,-0.0026682603829069,3.7625085159628567e-06,0.0127601426319336,0.237068947039725,0.9999873368170225,0.245597698381965,1.0854536251985794,0.7979012999055886,-895.6411092539533,,0.9999873368170226,0.8002024975482205
10,homovanillate (HVA),Method 3,QRMZSPFSDQBLIX-UHFFFAOYSA-N,HMDB0000118,C05582,0.3114186851211072,False,all_pre_hcc,provided_area,False,failed,,,,,,,,,,LinAlgError: Singular matrix,,
12,4-hydroxyphenylacetate,Method 3,XQXPVVBIMDBYFF-UHFFFAOYSA-N,HMDB0000020,C00642,0.0692041522491349,True,all_pre_hcc,provided_area,False,failed,,,,,,,,,,LinAlgError: Singular matrix,,
16,linoleate (18:2n6),Method 3,OYHQOLUKZRVURQ-HZJYTTRNSA-N,"HMDB0006270,HMDB0000673",C01595,0.0,True,all_pre_hcc,provided_area,False,failed,,,,,,,,,,LinAlgError: Singular matrix,,
17,laurate (12:0),Method 3,POULHZVOKOAJMA-UHFFFAOYSA-N,HMDB0000638,C02679,0.0,True,all_pre_hcc,provided_area,False,failed,,,,,,,,,,LinAlgError: Singular matrix,,
23,"adenosine 3',5'-cyclic monophosphate (cAMP)",Method 3,IVOMOUWHDPKRLL-UHFFFAOYSA-N,HMDB0000058,C00575,0.370242214532872,False,all_pre_hcc,provided_area,False,failed,,,,,,,,,,LinAlgError: Singular matrix,,
24,adenosine 5'-monophosphate (AMP),Method 1,UDMBCSSLTHHNCD-UHFFFAOYSA-N,HMDB0000045,C00020,0.3408304498269896,False,all_pre_hcc,provided_area,False,failed,,,,,,,,,,LinAlgError: Singular matrix,,
38,3-hydroxybutyrate (BHBA),Method 4,WHBMMWSBFZVSSR-UHFFFAOYSA-N,"HMDB0000442,HMDB0000357,HMDB0000011","C03197,C01089",0.0,True,all_pre_hcc,provided_area,False,failed,,,,,,,,,,LinAlgError: Singular matrix,,
41,corticosterone,Method 3,OMFXVFTZEKFJBZ-UHFFFAOYSA-N,HMDB0001547,C02140,0.4930795847750865,False,all_pre_hcc,provided_area,False,failed,,,,,,,,,,LinAlgError: Singular matrix,,
52,gamma-glutamylglutamate,Method 1,OWQDWQKWSLFFFR-UHFFFAOYSA-N,HMDB0011737,C05282,0.143598615916955,True,all_pre_hcc,provided_area,False,failed,,,,,,,,,,LinAlgError: Singular matrix,,
61,inosine,Method 3,UGQMRVRMYYASKQ-KQYNXXCUSA-N,HMDB0000195,C00294,0.0034602076124567,True,all_pre_hcc,provided_area,False,failed,,,,,,,,,,LinAlgError: Singular matrix,,
83,pristanate,Method 3,PAHGJZDQXIOYTH-UHFFFAOYSA-N,HMDB0000795,,0.4204152249134948,False,all_pre_hcc,provided_area,False,failed,,,,,,,,,,LinAlgError: Singular matrix,,
89,salicylate,Method 4,YGSDEFSMJLZEOE-UHFFFAOYSA-N,HMDB0001895,C00805,0.0,True,all_pre_hcc,provided_area,False,failed,,,,,,,,,,LinAlgError: Singular matrix,,
93,myristate (14:0),Method 3,TUNFSRHWOTWDNC-UHFFFAOYSA-N,HMDB0000806,C06424,0.0,True,all_pre_hcc,provided_area,False,failed,,,,,,,,,,LinAlgError: Singular matrix,,
104,alpha-ketobutyrate,Method 4,TYEYBOSBBBHJIV-UHFFFAOYSA-N,HMDB0000005,C00109,0.1972318339100346,True,all_pre_hcc,provided_area,False,failed,,,,,,,,,,LinAlgError: Singular matrix,,
105,adenosine,Method 3,OIRDTQYFTABQOQ-KQYNXXCUSA-N,HMDB0000050,C00212,0.6332179930795848,False,all_pre_hcc,provided_area,False,failed,,,,,,,,,,LinAlgError: Singular matrix,,
115,uracil,Method 1,ISAKRJDGNUQOIC-UHFFFAOYSA-N,HMDB0000300,C00106,0.1539792387543252,True,all_pre_hcc,provided_area,False,failed,,,,,,,,,,LinAlgError: Singular matrix,,
118,arabinose,Method 4,SRBFZHDQGSBBOR-SQOUGZDYSA-N,HMDB0029942,C00216,0.3027681660899654,False,all_pre_hcc,provided_area,False,failed,,,,,,,,,,LinAlgError: Singular matrix,,
121,fructose,Method 4,RFSUNEUAIZKAJO-ARQDHWQXSA-N,HMDB0000660,C00095,0.0,True,all_pre_hcc,provided_area,False,failed,,,,,,,,,,LinAlgError: Singular matrix,,
123,cytosine,Method 1,OPTASPLRGRRNAP-UHFFFAOYSA-N,HMDB0000630,C00380,0.129757785467128,True,all_pre_hcc,provided_area,False,failed,,,,,,,,,,LinAlgError: Singular matrix,,
128,maltose,Method 4,GUBGYTABKSRVRQ-ASMJPISFSA-N,HMDB0000163,C00208,0.1505190311418685,True,all_pre_hcc,provided_area,False,failed,,,,,,,,,,LinAlgError: Singular matrix,,
129,ribose,Method 4,PYMYPHUHKUWMLA-LMVFSUKVSA-N,HMDB0000283,C00121,0.6764705882352942,False,all_pre_hcc,provided_area,False,failed,,,,,,,,,,LinAlgError: Singular matrix,,
136,sucrose,Method 4,CZMRCDWAGMRECN-UGDNZRGBSA-N,HMDB0000258,C00089,0.1453287197231834,True,all_pre_hcc,provided_area,False,failed,,,,,,,,,,LinAlgError: Singular matrix,,
145,pipecolate,Method 1,HXEACLLIILLPRG-UHFFFAOYSA-N,HMDB0000070,,0.0,True,all_pre_hcc,provided_area,False,failed,,,,,,,,,,LinAlgError: Singular matrix,,
178,acetoacetate,Method 1,WDJHALXBUFZDSR-UHFFFAOYSA-N,HMDB0000060,C00164,0.0865051903114186,True,all_pre_hcc,provided_area,False,failed,,,,,,,,,,LinAlgError: Singular matrix,,
182,gamma-glutamylhistidine,Method 1,PXVCMZCJAUJLJP-YUMQZZPRSA-N,HMDB0029151,,0.0,True,all_pre_hcc,provided_area,False,failed,,,,,,,,,,LinAlgError: Singular matrix,,
188,12-HHTrE,Method 3,KUKJHGXXZWHSBG-WBGSEQOASA-N,HMDB0012535,C20388,0.3494809688581315,False,all_pre_hcc,provided_area,False,failed,,,,,,,,,,LinAlgError: Singular matrix,,
190,thromboxane B2,Method 3,XNRNNGPBEPRNAR-JQBLCGNGSA-N,HMDB0003252,C05963,0.7474048442906575,False,all_pre_hcc,provided_area,False,failed,,,,,,,,,,LinAlgError: Singular matrix,,
194,naproxen,Method 3,CMWTZPSULFXXJA-VIFPVBQESA-N,HMDB0001923,C01517,0.9636678200692042,False,all_pre_hcc,provided_area,False,failed,,,,,,,,,,LinAlgError: Singular matrix,,
198,arachidonoyl ethanolamide,Method 2,LGEQQWMQCRIYKG-DOFZRALJSA-N,HMDB0004080,C11695,0.5259515570934256,False,all_pre_hcc,provided_area,False,failed,,,,,,,,,,LinAlgError: Singular matrix,,
212,2-hydroxyhippurate (salicylurate),Method 3,ONJSZLXSECQROL-UHFFFAOYSA-N,HMDB0000840,C07588,0.0069204152249134,True,all_pre_hcc,provided_area,False,failed,,,,,,,,,,LinAlgError: Singular matrix,,
221,benzoate,Method 3,WPYMKLBDIGXBTP-UHFFFAOYSA-N,HMDB0001870,C00180,0.0,True,all_pre_hcc,provided_area,False,failed,,,,,,,,,,LinAlgError: Singular matrix,,
226,suberate (C8-DC),Method 4,TYFQFVWCELRYAO-UHFFFAOYSA-N,HMDB0000893,C08278,0.2698961937716263,False,all_pre_hcc,provided_area,False,failed,,,,,,,,,,LinAlgError: Singular matrix,,
239,tartarate,Method 3,FEWJPZIEWOKRBE-JCYAYHJZSA-N,"HMDB0000956,HMDB0062642","C00552,C02107,C00898",0.3062283737024221,False,all_pre_hcc,provided_area,False,failed,,,,,,,,,,LinAlgError: Singular matrix,,
242,2-isopropylmalate,Method 4,BITYXLXUCSKTJS-UHFFFAOYSA-N,HMDB0000402,C02504,0.3131487889273356,False,all_pre_hcc,provided_area,False,failed,,,,,,,,,,LinAlgError: Singular matrix,,
247,gentisate,Method 3,WXTMDXOMEHJXQO-UHFFFAOYSA-N,HMDB0000152,C00628,0.0830449826989619,True,all_pre_hcc,provided_area,False,failed,,,,,,,,,,LinAlgError: Singular matrix,,
251,glycylvaline,Method 1,STKYPAFSDFAEPH-LURJTMIESA-N,HMDB0028854,,0.0363321799307958,True,all_pre_hcc,provided_area,False,failed,,,,,,,,,,LinAlgError: Singular matrix,,
255,2-arachidonoylglycerol (20:4),Method 3,RCRCTBLIHCHWDZ-DOFZRALJSA-N,HMDB0004666,C13856,0.4221453287197231,False,all_pre_hcc,provided_area,False,failed,,,,,,,,,,LinAlgError: Singular matrix,,
258,1-stearoyl-2-oleoyl-GPS (18:0/18:1),Method 2,AJFWREUFUPEYII-PAHWMLEVSA-N,HMDB0010163,,0.0934256055363321,True,all_pre_hcc,provided_area,False,failed,,,,,,,,,,LinAlgError: Singular matrix,,
263,ofloxacin,Method 3,GSDSWSVVBLHKDQ-UHFFFAOYSA-N,HMDB0015296,"D00453,C07321,DG00616",0.9826989619377162,False,all_pre_hcc,provided_area,False,failed,,,,,,,,,,LinAlgError: Singular matrix,,
268,4-acetylphenol sulfate,Method 3,HOFGLAYWQRGTKC-UHFFFAOYSA-N,,,0.1038062283737024,True,all_pre_hcc,provided_area,False,failed,,,,,,,,,,LinAlgError: Singular matrix,,
271,dextromethorphan,Method 2,MKXZASYAUGDDCJ-CGTJXYLNSA-N,HMDB0001920,"D03744,DG01078,C06947",0.9653979238754326,False,all_pre_hcc,provided_area,False,failed,,,,,,,,,,LinAlgError: Singular matrix,,
287,trizma acetate,Method 1,LENZDBCJOHFCAS-UHFFFAOYSA-N,,C07182,0.1885813148788927,True,all_pre_hcc,provided_area,False,failed,,,,,,,,,,LinAlgError: Singular matrix,,
288,"2,3-dihydroxypyridine",Method 1,GGOZGYRTNQBSSA-UHFFFAOYSA-N,,,0.3356401384083045,False,all_pre_hcc,provided_area,False,failed,,,,,,,,,,LinAlgError: Singular matrix,,
290,saccharin,Method 3,CVHZOJJKTDOEJC-UHFFFAOYSA-N,HMDB0029723,C12283,0.3373702422145329,False,all_pre_hcc,provided_area,False,failed,,,,,,,,,,LinAlgError: Singular matrix,,
296,homocitrulline,Method 1,XIGSAGMEBXLVJJ-YFKPBYRVSA-N,HMDB0000679,C02427,0.0190311418685121,True,all_pre_hcc,provided_area,False,failed,,,,,,,,,,LinAlgError: Singular matrix,,
297,2-linoleoylglycerol (18:2),Method 3,IEPGNWMPIFDNSD-HZJYTTRNSA-N,HMDB0011538,,0.088235294117647,True,all_pre_hcc,provided_area,False,failed,,,,,,,,,,LinAlgError: Singular matrix,,
306,2-palmitoylglycerol (16:0),Method 3,BBNYCLAREVXOSG-UHFFFAOYSA-N,HMDB0011533,,0.4498269896193771,False,all_pre_hcc,provided_area,False,failed,,,,,,,,,,LinAlgError: Singular matrix,,
310,7-ketodeoxycholate,Method 3,RHCPKKNRWFXMAT-RRWYKFPJSA-N,HMDB0000391,,0.3408304498269896,False,all_pre_hcc,provided_area,False,failed,,,,,,,,,,LinAlgError: Singular matrix,,
317,trigonelline (N'-methylnicotinate),Method 1,WWNNZCOKKKDOPX-UHFFFAOYSA-N,HMDB0000875,C01004,0.0,True,all_pre_hcc,provided_area,False,failed,,,,,,,,,,LinAlgError: Singular matrix,,
330,propionylglycine,Method 3,WOMAZEJKVZLLFE-UHFFFAOYSA-N,HMDB0000783,,0.4515570934256055,False,all_pre_hcc,provided_area,False,failed,,,,,,,,,,LinAlgError: Singular matrix,,
339,docosatrienoate (22:3n3),Method 3,WBBQTNCISCKUMU-IUQGRGSQSA-N,HMDB0002823,C16534,0.0968858131487889,True,all_pre_hcc,provided_area,False,failed,,,,,,,,,,LinAlgError: Singular matrix,,
341,myristoleate (14:1n5),Method 3,YWWVWXASSLXJHU-WAYWQWQTSA-N,HMDB0002000,C08322,0.0,True,all_pre_hcc,provided_area,False,failed,,,,,,,,,,LinAlgError: Singular matrix,,
347,delta-tocopherol,Method 2,GZIFEOYASATJEH-VHFRWLAGSA-N,HMDB0002902,C14151,0.5519031141868512,False,all_pre_hcc,provided_area,False,failed,,,,,,,,,,LinAlgError: Singular matrix,,
351,5-dodecenoate (12:1n7),Method 3,IJBFSOLHRKELLR-FPLPWBNLSA-N,HMDB0000529,,0.0,True,all_pre_hcc,provided_area,False,failed,,,,,,,,,,LinAlgError: Singular matrix,,
358,N-acetylasparagine,Method 1,HXFOXFJUNFFYMO-BYPYZUCNSA-N,HMDB0006028,,0.0224913494809688,True,all_pre_hcc,provided_area,False,failed,,,,,,,,,,LinAlgError: Singular matrix,,
359,gamma-glutamyl-epsilon-lysine,Method 1,JPKNLFVGUZRHOB-YUMQZZPRSA-N,HMDB0003869,,0.0207612456747404,True,all_pre_hcc,provided_area,False,failed,,,,,,,,,,LinAlgError: Singular matrix,,
368,phenylacetylglycine,Method 3,UTYVDVLMYQPLQB-UHFFFAOYSA-N,HMDB0000821,C05598,0.4878892733564013,False,all_pre_hcc,provided_area,False,failed,,,,,,,,,,LinAlgError: Singular matrix,,
370,10-nonadecenoate (19:1n9),Method 3,BBOWBNGUEWHNQZ-KTKRTIGZSA-N,HMDB0013622,,0.0,True,all_pre_hcc,provided_area,False,failed,,,,,,,,,,LinAlgError: Singular matrix,,
371,10-heptadecenoate (17:1n7),Method 3,GDTXICBNEOEPAZ-FPLPWBNLSA-N,HMDB0060038,,0.0,True,all_pre_hcc,provided_area,False,failed,,,,,,,,,,LinAlgError: Singular matrix,,
377,stachydrine,Method 1,CMUNUTVVOOHQPW-LURJTMIESA-N,HMDB0004827,C10172,0.0,True,all_pre_hcc,provided_area,False,failed,,,,,,,,,,LinAlgError: Singular matrix,,
390,salicyluric glucuronide*,Method 3,OEPADIDIUZTYOX-UHFFFAOYSA-N,HMDB0240252,,0.5657439446366782,False,all_pre_hcc,provided_area,False,failed,,,,,,,,,,LinAlgError: Singular matrix,,
391,N-acetylproline,Method 1,GNMSLDIYJOSUSW-UHFFFAOYSA-N,HMDB0094701,,0.0190311418685121,True,all_pre_hcc,provided_area,False,failed,,,,,,,,,,LinAlgError: Singular matrix,,
392,eicosenoate (20:1),Method 3,BITHHVVYSMSWAG-KTKRTIGZSA-N,"HMDB0002231,HMDB0062436",C16526,0.0,True,all_pre_hcc,provided_area,False,failed,,,,,,,,,,LinAlgError: Singular matrix,,
393,linolenate [alpha or gamma; (18:3n3 or 6)],Method 3,DTOSIQBPPRVQHS-PDBXOOCHSA-N,"HMDB0003073,HMDB0001388","C06426,C06427",0.0,True,all_pre_hcc,provided_area,False,failed,,,,,,,,,,LinAlgError: Singular matrix,,
396,heme,Method 2,GGIDWJQWCUJYRY-UHFFFAOYSA-K,HMDB0003178,C00032,0.0570934256055363,True,all_pre_hcc,provided_area,False,failed,,,,,,,,,,LinAlgError: Singular matrix,,
403,"3,7-dimethylurate",Method 3,HMLZLHKHNBLLJD-UHFFFAOYSA-N,HMDB0001982,C16360,0.2958477508650519,False,all_pre_hcc,provided_area,False,failed,,,,,,,,,,LinAlgError: Singular matrix,,
419,1-pentadecanoylglycerol (15:0),Method 3,QSKPZDMBULYMDQ-UHFFFAOYSA-N,,,0.4031141868512111,False,all_pre_hcc,provided_area,False,failed,,,,,,,,,,LinAlgError: Singular matrix,,
421,1-linolenoylglycerol (18:3),Method 3,XQBHBEXBUZDCRY-QNEBEIHSSA-N,HMDB0011569,,0.1505190311418685,True,all_pre_hcc,provided_area,False,failed,,,,,,,,,,LinAlgError: Singular matrix,,
423,1-palmitoyl-GPA (16:0),Method 3,YNDYKPRNFWPPFU-GOSISDBHSA-N,HMDB00327,C04036,0.0415224913494809,True,all_pre_hcc,provided_area,False,failed,,,,,,,,,,LinAlgError: Singular matrix,,
425,isovalerylglycine,Method 3,ZRQXMKMBBMNNQC-UHFFFAOYSA-N,HMDB00678,,0.3321799307958477,False,all_pre_hcc,provided_area,False,failed,,,,,,,,,,LinAlgError: Singular matrix,,
426,3-hydroxydodecanedioate*,Method 3,FYVQCLGZFXHEGL-UHFFFAOYSA-N,HMDB0000413,,0.0830449826989619,True,all_pre_hcc,provided_area,False,failed,,,,,,,,,,LinAlgError: Singular matrix,,
431,N2-methylguanosine,Method 3,SLEHROROQDYRAW-KQYNXXCUSA-N,HMDB0005862,,0.0847750865051903,True,all_pre_hcc,provided_area,False,failed,,,,,,,,,,LinAlgError: Singular matrix,,
433,mead acid (20:3n9),Method 3,UNSRRHDPHVZAHH-YOILPLPUSA-N,HMDB0010378,,0.4429065743944637,False,all_pre_hcc,provided_area,False,failed,,,,,,,,,,LinAlgError: Singular matrix,,
437,gamma-glutamyl-2-aminobutyrate,Method 1,FUZOZPRKGAXGOB-UHFFFAOYSA-N,,,0.0311418685121107,True,all_pre_hcc,provided_area,False,failed,,,,,,,,,,LinAlgError: Singular matrix,,
438,2-methylbutyrylcarnitine (C5),Method 1,IHCPDBBYTYJYIL-UHFFFAOYSA-N,HMDB0000378,,0.0640138408304498,True,all_pre_hcc,provided_area,False,failed,,,,,,,,,,LinAlgError: Singular matrix,,
442,malonylcarnitine,Method 1,ZGNBLKBZJBJFDG-UHFFFAOYSA-N,HMDB0002095,,0.3269896193771626,False,all_pre_hcc,provided_area,False,failed,,,,,,,,,,LinAlgError: Singular matrix,,
445,N-ethylglycinexylidide,Method 1,WRMRXPASUROZGT-UHFFFAOYSA-N,HMDB0060656,C16561,0.9377162629757786,False,all_pre_hcc,provided_area,False,failed,,,,,,,,,,LinAlgError: Singular matrix,,
461,pivaloylcarnitine (C5),Method 1,YICAQFPUDACYGQ-UHFFFAOYSA-N,HMDB0041993,,0.9792387543252596,False,all_pre_hcc,provided_area,False,failed,,,,,,,,,,LinAlgError: Singular matrix,,
462,isobutyrylglycine,Method 3,DCICDMMXFIELDF-UHFFFAOYSA-N,HMDB0000730,,0.4117647058823529,False,all_pre_hcc,provided_area,False,failed,,,,,,,,,,LinAlgError: Singular matrix,,
468,catechol sulfate,Method 3,MZPWKJZDOCIALD-UHFFFAOYSA-N,HMDB0059724,,0.0,True,all_pre_hcc,provided_area,False,failed,,,,,,,,,,LinAlgError: Singular matrix,,
477,1-myristoylglycerol (14:0),Method 3,DCBSHORRWZKAKO-UHFFFAOYSA-N,HMDB0011561,C01885,0.0397923875432525,True,all_pre_hcc,provided_area,False,failed,,,,,,,,,,LinAlgError: Singular matrix,,
479,glycerophosphoinositol*,Method 1,BMVUIWJCUQSHLZ-GFSNQTMESA-N,,,0.1868512110726643,True,all_pre_hcc,provided_area,False,failed,,,,,,,,,,LinAlgError: Singular matrix,,
480,3-(2-hydroxyphenyl)propionate,Method 3,CJBDUOMQLFKVQC-UHFFFAOYSA-N,HMDB0033752,C01198,0.8581314878892734,False,all_pre_hcc,provided_area,False,failed,,,,,,,,,,LinAlgError: Singular matrix,,
490,alpha-hydroxycaproate,Method 3,NYHNVHGFPZAZGA-UHFFFAOYSA-N,HMDB0001624,,0.1920415224913494,True,all_pre_hcc,provided_area,False,failed,,,,,,,,,,LinAlgError: Singular matrix,,
501,3-methyladipate,Method 4,SYEOWUNSTUDKGM-UHFFFAOYSA-N,HMDB0000555,,0.5692041522491349,False,all_pre_hcc,provided_area,False,failed,,,,,,,,,,LinAlgError: Singular matrix,,
502,pyrraline,Method 3,VTYFITADLSVOAS-UHFFFAOYSA-N,HMDB0033143,C21013,0.2024221453287197,False,all_pre_hcc,provided_area,False,failed,,,,,,,,,,LinAlgError: Singular matrix,,
506,desmethylnaproxen,Method 3,XWJUDDGELKXYNO-QMMMGPOBSA-N,HMDB0013989,,0.9792387543252596,False,all_pre_hcc,provided_area,False,failed,,,,,,,,,,LinAlgError: Singular matrix,,
507,desmethylnaproxen sulfate,Method 3,BNKMSCMOWGCUOF-QMMMGPOBSA-N,,,0.9636678200692042,False,all_pre_hcc,provided_area,False,failed,,,,,,,,,,LinAlgError: Singular matrix,,
508,sucralose,Method 3,BAQAVOSOZGMPRM-DYDPOALMSA-N,HMDB0031554,C12285,0.5311418685121108,False,all_pre_hcc,provided_area,False,failed,,,,,,,,,,LinAlgError: Singular matrix,,
520,chiro-inositol,Method 4,CDAISMWEOUEBRE-LKPKBOIGSA-N,HMDB0240209,C19891,0.5363321799307958,False,all_pre_hcc,provided_area,False,failed,,,,,,,,,,LinAlgError: Singular matrix,,
526,glycosyl-N-nervonoyl-sphingosine (d18:1/24:1)*,Method 2,WBOZIXHPUPAOIA-YEWIENRVSA-N,"HMDB0004975,HMDB0010712",,0.1747404844290657,True,all_pre_hcc,provided_area,False,failed,,,,,,,,,,LinAlgError: Singular matrix,,
532,N-methylproline,Method 1,CWLQUGTUXBXTLF-UHFFFAOYSA-N,HMDB0094696,,0.0,True,all_pre_hcc,provided_area,False,failed,,,,,,,,,,LinAlgError: Singular matrix,,
554,4-hydroxycoumarin,Method 3,VXIXUWQIVKSKSA-UHFFFAOYSA-N,,C20414,0.5899653979238755,False,all_pre_hcc,provided_area,False,failed,,,,,,,,,,LinAlgError: Singular matrix,,
559,5-methylthioribose**,Method 1,OLVVOVIFTBSBBH-UHFFFAOYSA-N,HMDB0001087,,0.0,True,all_pre_hcc,provided_area,False,failed,,,,,,,,,,LinAlgError: Singular matrix,,
569,12-HETE,Method 3,ZNHVWPKMFKADKW-VXBMJZGYSA-N,HMDB0006111,C14777,0.0916955017301038,True,all_pre_hcc,provided_area,False,failed,,,,,,,,,,LinAlgError: Singular matrix,,
570,S-methylmethionine,Method 1,YDBYJHTYSHBBAU-UHFFFAOYSA-N,HMDB0038670,C05319,0.5155709342560554,False,all_pre_hcc,provided_area,False,failed,,,,,,,,,,LinAlgError: Singular matrix,,
571,indole-3-carboxylate,Method 3,KMAKOBLIOCQGJP-UHFFFAOYSA-N,HMDB0003320,C19837,0.4377162629757785,False,all_pre_hcc,provided_area,False,failed,,,,,,,,,,LinAlgError: Singular matrix,,
572,13-HODE + 9-HODE,Method 3,HNICUWMFWZBIFP-IRQZEAMPSA-N,"HMDB0004670,HMDB0004667","C14767,C14762",0.0086505190311418,True,all_pre_hcc,provided_area,False,failed,,,,,,,,,,LinAlgError: Singular matrix,,
577,N-acetyl-cadaverine,Method 1,RMOIHHAKNOFHOE-UHFFFAOYSA-N,HMDB0002284,,0.356401384083045,False,all_pre_hcc,provided_area,False,failed,,,,,,,,,,LinAlgError: Singular matrix,,
582,S-carboxymethyl-cysteine,Method 1,GBFLZEXEOZUWRN-UHFFFAOYSA-N,HMDB0029415,C03727,0.4913494809688581,False,all_pre_hcc,provided_area,False,failed,,,,,,,,,,LinAlgError: Singular matrix,,
586,4-methylbenzenesulfonate,Method 3,JOXIMZWYDAKGHI-UHFFFAOYSA-N,HMDB0059933,C06677,0.8252595155709342,False,all_pre_hcc,provided_area,False,failed,,,,,,,,,,LinAlgError: Singular matrix,,
591,"2,3-dihydroxyisovalerate",Method 4,JTEYKUFKXGDTEU-UHFFFAOYSA-N,HMDB0012141,C04039,0.0207612456747404,True,all_pre_hcc,provided_area,False,failed,,,,,,,,,,LinAlgError: Singular matrix,,
622,venlafaxine,Method 2,PNVNVHUZROJLTJ-UHFFFAOYSA-N,HMDB0005016,C07187,0.9982698961937716,False,all_pre_hcc,provided_area,False,failed,,,,,,,,,,LinAlgError: Singular matrix,,
631,3-(4-hydroxyphenyl)propionate,Method 3,NMHMNPHRMNGLLB-UHFFFAOYSA-N,HMDB0002199,C01744,0.2266435986159169,False,all_pre_hcc,provided_area,False,failed,,,,,,,,,,LinAlgError: Singular matrix,,
635,docosadioate (C22-DC),Method 3,DGXRZJSPDXZJFG-UHFFFAOYSA-N,,C14240,0.0190311418685121,True,all_pre_hcc,provided_area,False,failed,,,,,,,,,,LinAlgError: Singular matrix,,
637,quinine,Method 1,LOUPRKONTZGTKE-WGFDLZGGSA-N,HMDB0014611,C06526,0.9982698961937716,False,all_pre_hcc,provided_area,False,failed,,,,,,,,,,LinAlgError: Singular matrix,,
642,doxycycline,Method 2,JBIWCJUYHHGXTC-VONWRGRHSA-N,HMDB0014399,D00307,0.9948096885813148,False,all_pre_hcc,provided_area,False,failed,,,,,,,,,,LinAlgError: Singular matrix,,
644,2-oxindole-3-acetate,Method 3,ILGMGHZPXRDCCS-UHFFFAOYSA-N,HMDB0035514,,0.6366782006920415,False,all_pre_hcc,provided_area,False,failed,,,,,,,,,,LinAlgError: Singular matrix,,
649,leucylglycine,Method 1,LESXFEZIFXFIQR-UHFFFAOYSA-N,HMDB0028929,,0.2283737024221453,False,all_pre_hcc,provided_area,False,failed,,,,,,,,,,LinAlgError: Singular matrix,,
651,N-palmitoyltaurine,Method 3,LPDJCYFKKSLKRO-UHFFFAOYSA-N,,,0.2006920415224913,False,all_pre_hcc,provided_area,False,failed,,,,,,,,,,LinAlgError: Singular matrix,,
657,trimethylamine N-oxide,Method 1,UYPYRKYUKCHHIB-UHFFFAOYSA-N,HMDB0000925,C01104,0.0,True,all_pre_hcc,provided_area,False,failed,,,,,,,,,,LinAlgError: Singular matrix,,
660,dihydroferulate,Method 3,BOLQJTPHPSDZHR-UHFFFAOYSA-N,HMDB0062121,,0.2110726643598615,False,all_pre_hcc,provided_area,False,failed,,,,,,,,,,LinAlgError: Singular matrix,,
663,paroxetine,Method 2,AHOUBRCZNHFOSL-YOEHRIQHSA-N,HMDB0014853,"C07415,D02362",0.9930795847750864,False,all_pre_hcc,provided_area,False,failed,,,,,,,,,,LinAlgError: Singular matrix,,
668,(15:2)-anacardic acid,Method 3,KAOMOVYHGLSFHQ-UTOQUPLUSA-N,HMDB0033896,,0.9273356401384084,False,all_pre_hcc,provided_area,False,failed,,,,,,,,,,LinAlgError: Singular matrix,,
669,alliin,Method 1,XUHLIQGRKRUKPH-ITZCMCNPSA-N,HMDB0033592,C08265,0.1903114186851211,True,all_pre_hcc,provided_area,False,failed,,,,,,,,,,LinAlgError: Singular matrix,,
670,histidylalanine,Method 1,FRJIAZKQGSCKPQ-UHFFFAOYSA-N,HMDB0028878,,0.5069204152249135,False,all_pre_hcc,provided_area,False,failed,,,,,,,,,,LinAlgError: Singular matrix,,
671,phenylalanylglycine,Method 1,GLUBLISJVJFHQS-UHFFFAOYSA-N,HMDB0028995,,0.5294117647058824,False,all_pre_hcc,provided_area,False,failed,,,,,,,,,,LinAlgError: Singular matrix,,
672,(15:0)-anacardic acid,Method 3,ADFWQBGTDJIESE-UHFFFAOYSA-N,HMDB0033896,C10759,0.9480968858131488,False,all_pre_hcc,provided_area,False,failed,,,,,,,,,,LinAlgError: Singular matrix,,
678,diglycerol,Method 1,GPLRAVKSCUXZTP-UHFFFAOYSA-N,,,0.0138408304498269,True,all_pre_hcc,provided_area,False,failed,,,,,,,,,,LinAlgError: Singular matrix,,
680,lanthionine,Method 1,DWPCPZJAHOETAG-IMJSIDKUSA-N,,,0.0380622837370242,True,all_pre_hcc,provided_area,False,failed,,,,,,,,,,LinAlgError: Singular matrix,,
683,N-octanoylglycine,Method 3,SAVLIIGUQOSOEP-UHFFFAOYSA-N,HMDB0000832,,0.4809688581314879,False,all_pre_hcc,provided_area,False,failed,,,,,,,,,,LinAlgError: Singular matrix,,
684,5-hydroxymethyl-2-furoic acid,Method 3,PCSKKIUURRTAEM-UHFFFAOYSA-N,HMDB0002432,C20448,0.6920415224913494,False,all_pre_hcc,provided_area,False,failed,,,,,,,,,,LinAlgError: Singular matrix,,
685,famotidine,Method 1,XUFQPHANEAPEMJ-UHFFFAOYSA-N,HMDB0001919,D00318,0.980968858131488,False,all_pre_hcc,provided_area,False,failed,,,,,,,,,,LinAlgError: Singular matrix,,
698,3-methyl catechol sulfate (2),Method 3,TZVUCGJSHGKWCJ-UHFFFAOYSA-N,,,0.4013840830449827,False,all_pre_hcc,provided_area,False,failed,,,,,,,,,,LinAlgError: Singular matrix,,
703,O-desmethylvenlafaxine,Method 1,KYYIDSXMWOZKMP-UHFFFAOYSA-N,HMDB0015646,D07793,0.9930795847750864,False,all_pre_hcc,provided_area,False,failed,,,,,,,,,,LinAlgError: Singular matrix,,
714,guaifenesin,Method 1,HSRJKNPTNIJEKV-UHFFFAOYSA-N,HMDB0004998,D00337,0.9688581314878892,False,all_pre_hcc,provided_area,False,failed,,,,,,,,,,LinAlgError: Singular matrix,,
715,2-piperidinone,Method 1,XUWHAWMETYGRKB-UHFFFAOYSA-N,HMDB0011749,,0.0086505190311418,True,all_pre_hcc,provided_area,False,failed,,,,,,,,,,LinAlgError: Singular matrix,,
717,indolin-2-one,Method 1,JYGFTBXVXVMTGB-UHFFFAOYSA-N,,C12312,0.0778546712802768,True,all_pre_hcc,provided_area,False,failed,,,,,,,,,,LinAlgError: Singular matrix,,
718,"2,8-quinolinediol sulfate",Method 3,ZLYUIVZAQHFCNP-UHFFFAOYSA-N,HMDB0240658,,0.3356401384083045,False,all_pre_hcc,provided_area,False,failed,,,,,,,,,,LinAlgError: Singular matrix,,
720,3-acetylphenol sulfate,Method 3,CGFRVKXGZRODPA-UHFFFAOYSA-N,,,0.4186851211072664,False,all_pre_hcc,provided_area,False,failed,,,,,,,,,,LinAlgError: Singular matrix,,
721,1-stearoyl-GPS (18:0)*,Method 3,ZPDQFUYPBVXUKS-KEKNWZKVSA-N,HMDB0061698,,0.8252595155709342,False,all_pre_hcc,provided_area,False,failed,,,,,,,,,,LinAlgError: Singular matrix,,
724,3-hydroxyadipate,Method 4,YVOMYDHIQVMMTA-UHFFFAOYSA-N,HMDB0000345,,0.102076124567474,True,all_pre_hcc,provided_area,False,failed,,,,,,,,,,LinAlgError: Singular matrix,,
726,1-arachidonoyl-GPA (20:4),Method 3,XBFQFMCUPHZKTI-DOFZRALJSA-N,HMDB0062312,,0.0051903114186851,True,all_pre_hcc,provided_area,False,failed,,,,,,,,,,LinAlgError: Singular matrix,,
729,S-allylcysteine,Method 1,ZFAHNWWNDFHPOH-UHFFFAOYSA-N,HMDB0034323,,0.0449826989619377,True,all_pre_hcc,provided_area,False,failed,,,,,,,,,,LinAlgError: Singular matrix,,
742,N-acetylalliin,Method 3,CCCNUHFRBBIFHO-CVSPRKDYSA-N,,,0.2422145328719723,False,all_pre_hcc,provided_area,False,failed,,,,,,,,,,LinAlgError: Singular matrix,,
757,N-acetyl-S-allyl-cysteine,Method 3,LKRAEHUDIUJBSF-ZETCQYMHSA-N,HMDB0240543,,0.5224913494809689,False,all_pre_hcc,provided_area,False,failed,,,,,,,,,,LinAlgError: Singular matrix,,
758,9-hydroxystearate,Method 3,RKHXDCVAPIMDMG-UHFFFAOYSA-N,HMDB0061661,,0.1089965397923875,True,all_pre_hcc,provided_area,False,failed,,,,,,,,,,LinAlgError: Singular matrix,,
775,isoeugenol sulfate,Method 3,HRHBRUPGUDLQIF-ONEGZZNKSA-N,,,0.3927335640138408,False,all_pre_hcc,provided_area,False,failed,,,,,,,,,,LinAlgError: Singular matrix,,
776,tyramine O-sulfate,Method 3,DYDUXGMDSXJQFT-UHFFFAOYSA-N,HMDB0006409,,0.0813148788927335,True,all_pre_hcc,provided_area,False,failed,,,,,,,,,,LinAlgError: Singular matrix,,
779,maltol sulfate,Method 3,PVWYGTJERKKPRW-UHFFFAOYSA-N,,,0.2941176470588235,False,all_pre_hcc,provided_area,False,failed,,,,,,,,,,LinAlgError: Singular matrix,,
782,methyl-4-hydroxybenzoate sulfate,Method 3,IBEAHXYYSZWGED-UHFFFAOYSA-N,HMDB0041646,,0.0294117647058823,True,all_pre_hcc,provided_area,False,failed,,,,,,,,,,LinAlgError: Singular matrix,,
784,N-acetylhistamine,Method 1,XJWPISBUKWZALE-UHFFFAOYSA-N,HMDB0013253,C05135,0.7698961937716263,False,all_pre_hcc,provided_area,False,failed,,,,,,,,,,LinAlgError: Singular matrix,,
785,vanillic alcohol sulfate,Method 3,LGXHPUANUXIBJQ-UHFFFAOYSA-N,HMDB0041788,,0.1816608996539792,True,all_pre_hcc,provided_area,False,failed,,,,,,,,,,LinAlgError: Singular matrix,,
786,4-vinylguaiacol sulfate,Method 3,FKCHAXAGQVCJPN-UHFFFAOYSA-N,HMDB0127980,,0.1695501730103806,True,all_pre_hcc,provided_area,False,failed,,,,,,,,,,LinAlgError: Singular matrix,,
788,eugenol sulfate,Method 3,XWAZTQUZONPJEW-UHFFFAOYSA-N,HMDB0135245,,0.1626297577854671,True,all_pre_hcc,provided_area,False,failed,,,,,,,,,,LinAlgError: Singular matrix,,
789,pregnanolone/allopregnanolone sulfate,Method 3,MENQCIVHHONJLU-GQCBXAOTSA-N,"HMDB0240591,HMDB0062782",C05480,0.7612456747404844,False,all_pre_hcc,provided_area,False,failed,,,,,,,,,,LinAlgError: Singular matrix,,
790,2-methoxyresorcinol sulfate,Method 3,ARLAWMCEVZUXEY-UHFFFAOYSA-N,,,0.088235294117647,True,all_pre_hcc,provided_area,False,failed,,,,,,,,,,LinAlgError: Singular matrix,,
791,2-acetamidophenol sulfate,Method 3,JCVGTUVGDOWZJE-UHFFFAOYSA-N,,,0.2266435986159169,False,all_pre_hcc,provided_area,False,failed,,,,,,,,,,LinAlgError: Singular matrix,,
793,acesulfame,Method 3,YGCFIWIQZPHFLU-UHFFFAOYSA-N,HMDB0033585,,0.4377162629757785,False,all_pre_hcc,provided_area,False,failed,,,,,,,,,,LinAlgError: Singular matrix,,
797,syringol sulfate,Method 3,UDIAPBFEZFMUCP-UHFFFAOYSA-N,,,0.6089965397923875,False,all_pre_hcc,provided_area,False,failed,,,,,,,,,,LinAlgError: Singular matrix,,
800,propyl 4-hydroxybenzoate sulfate,Method 3,WEKBGFBWJOHXKR-UHFFFAOYSA-N,HMDB0135261,,0.4100346020761246,False,all_pre_hcc,provided_area,False,failed,,,,,,,,,,LinAlgError: Singular matrix,,
801,umbelliferone sulfate,Method 3,LJOOSFYJELZGMR-UHFFFAOYSA-N,HMDB0240565,,0.1470588235294117,True,all_pre_hcc,provided_area,False,failed,,,,,,,,,,LinAlgError: Singular matrix,,
812,daidzein sulfate (2),Method 3,CQRHJEVIKOKQMO-UHFFFAOYSA-N,,,0.6678200692041523,False,all_pre_hcc,provided_area,False,failed,,,,,,,,,,LinAlgError: Singular matrix,,
816,"1,2,3-benzenetriol sulfate (1)",Method 3,NGVLEQPKHLWZLN-UHFFFAOYSA-N,,,0.4394463667820069,False,all_pre_hcc,provided_area,False,failed,,,,,,,,,,LinAlgError: Singular matrix,,
817,"1,2,3-benzenetriol sulfate (2)",Method 3,NGVLEQPKHLWZLN-UHFFFAOYSA-N,"HMDB0060018,HMDB0060016",,0.0069204152249134,True,all_pre_hcc,provided_area,False,failed,,,,,,,,,,LinAlgError: Singular matrix,,
850,oleate/vaccenate (18:1),Method 3,ZQPPMHVWECSIRJ-KTKRTIGZSA-N,"HMDB0003231,HMDB0000573,HMDB0240219,HMDB0000207","C21944,C08367,C01712,C00712",0.0,True,all_pre_hcc,provided_area,False,failed,,,,,,,,,,LinAlgError: Singular matrix,,
851,2-hydroxylaurate,Method 3,YDZIJQXINJLRLL-UHFFFAOYSA-N,,,0.1626297577854671,True,all_pre_hcc,provided_area,False,failed,,,,,,,,,,LinAlgError: Singular matrix,,
861,amoxicillin,Method 3,LSQZJLSUYDQPKJ-UHFFFAOYSA-N,HMDB0015193,"DG00520,C06827,D00229",0.9896193771626296,False,all_pre_hcc,provided_area,False,failed,,,,,,,,,,LinAlgError: Singular matrix,,
862,azithromycin,Method 2,MQTOSJVFKKJCRP-UHFFFAOYSA-N,HMDB0014352,"DG00606,D06390,C06838",0.9948096885813148,False,all_pre_hcc,provided_area,False,failed,,,,,,,,,,LinAlgError: Singular matrix,,
905,"1,2-dipalmitoyl-GPE (16:0/16:0)*",Method 2,SLKDGVPOSSLUAI-PGUFJCEWSA-N,HMDB0008923,,0.4100346020761246,False,all_pre_hcc,provided_area,False,failed,,,,,,,,,,LinAlgError: Singular matrix,,
906,"1,2-dilinoleoyl-GPE (18:2/18:2)*",Method 2,SSCDRSKJTAQNNB-DWEQTYCFSA-N,HMDB0009093,,0.1211072664359861,True,all_pre_hcc,provided_area,False,failed,,,,,,,,,,LinAlgError: Singular matrix,,
908,1-linoleoyl-2-arachidonoyl-GPE (18:2/20:4)*,Method 2,LFGBKOUQHCWBQI-BZGLIJSBSA-N,HMDB0009102,,0.2024221453287197,False,all_pre_hcc,provided_area,False,failed,,,,,,,,,,LinAlgError: Singular matrix,,
914,2-methylserine,Method 1,CDUUKBXTEOFITR-UHFFFAOYSA-N,,C02115,0.046712802768166,True,all_pre_hcc,provided_area,False,failed,,,,,,,,,,LinAlgError: Singular matrix,,
922,14-HDoHE/17-HDoHE,Method 3,ZNEBXONKCYFJAF-BGKMTWLOSA-N,"HMDB0060044,HMDB0010213",,0.513840830449827,False,all_pre_hcc,provided_area,False,failed,,,,,,,,,,LinAlgError: Singular matrix,,
923,catechol glucuronide,Method 3,ICPYZFZFSLTYID-GOVZDWNOSA-N,HMDB0240490,,0.629757785467128,False,all_pre_hcc,provided_area,False,failed,,,,,,,,,,LinAlgError: Singular matrix,,
924,sulfamethoxazole,Method 1,JLKIGFTWXXRPMT-UHFFFAOYSA-N,HMDB0015150,D00447,0.9844290657439446,False,all_pre_hcc,provided_area,False,failed,,,,,,,,,,LinAlgError: Singular matrix,,
935,hexadecadienoate (16:2n6),Method 3,WPJGPAAPSBVXNU-HZJYTTRNSA-N,HMDB0000477,,0.0138408304498269,True,all_pre_hcc,provided_area,False,failed,,,,,,,,,,LinAlgError: Singular matrix,,
938,4-acetamidobenzoate,Method 3,QCXJEYYXVJIFCE-UHFFFAOYSA-N,,D03836,0.8356401384083045,False,all_pre_hcc,provided_area,False,failed,,,,,,,,,,LinAlgError: Singular matrix,,
944,naringenin 7-glucuronide,Method 3,BDCRTIDKZGEVEN-UHFFFAOYSA-N,,,0.698961937716263,False,all_pre_hcc,provided_area,False,failed,,,,,,,,,,LinAlgError: Singular matrix,,
946,ferulylglycine (1),Method 3,CLGNQAIRBLDHIN-HWKANZROSA-N,,,0.458477508650519,False,all_pre_hcc,provided_area,False,failed,,,,,,,,,,LinAlgError: Singular matrix,,
974,glycerophosphoserine*,Method 1,ZWZWYGMENQVNFU-AKGZTFGVSA-N,,,0.0865051903114186,True,all_pre_hcc,provided_area,False,failed,,,,,,,,,,LinAlgError: Singular matrix,,
982,glycosyl-N-tricosanoyl-sphingadienine (d18:2/23:0)*,Method 2,WKJGTBSWYQRTEJ-PBFIFAMQSA-N,,,0.0813148788927335,True,all_pre_hcc,provided_area,False,failed,,,,,,,,,,LinAlgError: Singular matrix,,
993,nisinate (24:6n3),Method 3,YHGJECVSSKXFCJ-KUBAVDMBSA-N,HMDB0013025,,0.7024221453287197,False,all_pre_hcc,provided_area,False,failed,,,,,,,,,,LinAlgError: Singular matrix,,
1027,fluconazole,Method 3,RFHAOTPXVQNOHP-UHFFFAOYSA-N,HMDB0014342,C07002,0.980968858131488,False,all_pre_hcc,provided_area,False,failed,,,,,,,,,,LinAlgError: Singular matrix,,
1039,3-hydroxyoleate*,Method 3,MFBDGGFIQVOLTJ-MDZDMXLPSA-N,,,0.0865051903114186,True,all_pre_hcc,provided_area,False,failed,,,,,,,,,,LinAlgError: Singular matrix,,
1040,lyxonate,Method 4,QXKAIJAYHKCRRA-PZGQECOJSA-N,HMDB0060255,,0.1141868512110726,True,all_pre_hcc,provided_area,False,failed,,,,,,,,,,LinAlgError: Singular matrix,,
1046,glucuronide of C12H22O4 (1)*,Method 3,,,,0.3685121107266436,False,all_pre_hcc,provided_area,False,failed,,,,,,,,,,LinAlgError: Singular matrix,,
1047,glucuronide of C14H26O4 (1)*,Method 3,,,,0.4896193771626297,False,all_pre_hcc,provided_area,False,failed,,,,,,,,,,LinAlgError: Singular matrix,,
1054,3-hydroxystachydrine*,Method 1,DJMIFDZBCUUQJN-NTSWFWBYSA-N,,C10151,0.2958477508650519,False,all_pre_hcc,provided_area,False,failed,,,,,,,,,,LinAlgError: Singular matrix,,
1057,genistein sulfate*,Method 3,DKEIWIJUHWVGRC-UHFFFAOYSA-N,,,0.5674740484429066,False,all_pre_hcc,provided_area,False,failed,,,,,,,,,,LinAlgError: Singular matrix,,
1062,N-methylhydroxyproline**,Method 1,FMIPNAUMSPFTHK-UHFFFAOYSA-N,,,0.1124567474048442,True,all_pre_hcc,provided_area,False,failed,,,,,,,,,,LinAlgError: Singular matrix,,
1066,N4-acetylsulfamethoxazole*,Method 3,GXPIUNZCALHVBA-UHFFFAOYSA-N,HMDB0013854,"D01601,C13061",0.9826989619377162,False,all_pre_hcc,provided_area,False,failed,,,,,,,,,,LinAlgError: Singular matrix,,
1067,N4-acetyl-5-hydroxysulfamethoxazole*,Method 3,YKWZTWOYFWCVKH-UHFFFAOYSA-N,,,0.9878892733564014,False,all_pre_hcc,provided_area,False,failed,,,,,,,,,,LinAlgError: Singular matrix,,
1068,resveratrol sulfate (1)*,Method 3,KOTTWDFKZULRPN-OWOJBTEDSA-N,,,0.9740484429065744,False,all_pre_hcc,provided_area,False,failed,,,,,,,,,,LinAlgError: Singular matrix,,
1069,resveratrol disulfate (1)*,Method 3,DHYDAGFKCXRMSL-OWOJBTEDSA-N,,,0.9359861591695502,False,all_pre_hcc,provided_area,False,failed,,,,,,,,,,LinAlgError: Singular matrix,,
1070,resveratrol disulfate (2)*,Method 3,DHYDAGFKCXRMSL-OWOJBTEDSA-N,,,0.9705882352941176,False,all_pre_hcc,provided_area,False,failed,,,,,,,,,,LinAlgError: Singular matrix,,
1076,glutamine conjugate of C8H12O4 (1)*,Method 3,,,,0.6401384083044983,False,all_pre_hcc,provided_area,False,failed,,,,,,,,,,LinAlgError: Singular matrix,,
1081,tetradecadienoate (14:2)*,Method 3,HXHZGHRLVRFQDR-HZJYTTRNSA-N,HMDB0000560,,0.0069204152249134,True,all_pre_hcc,provided_area,False,failed,,,,,,,,,,LinAlgError: Singular matrix,,
1087,"2,2'-methylenebis(6-tert-butyl-p-cresol)",Method 4,KGRVJHAUYBGFFP-UHFFFAOYSA-N,,,0.7785467128027682,False,all_pre_hcc,provided_area,False,failed,,,,,,,,,,LinAlgError: Singular matrix,,
1088,ethyl beta-glucopyranoside,Method 3,WYUFTYLVLQZQNH-JAJWTYFOSA-N,HMDB0029968,,0.0570934256055363,True,all_pre_hcc,provided_area,False,failed,,,,,,,,,,LinAlgError: Singular matrix,,
1108,N-acetyltheanine,Method 3,STZOUWQDQRPMBI-ZETCQYMHSA-N,,,0.7681660899653979,False,all_pre_hcc,provided_area,False,failed,,,,,,,,,,LinAlgError: Singular matrix,,
1111,4-ethylcatechol sulfate,Method 3,KHZCNGJFSKSSIJ-UHFFFAOYSA-N,,,0.0449826989619377,True,all_pre_hcc,provided_area,False,failed,,,,,,,,,,LinAlgError: Singular matrix,,
1117,4-allylcatechol sulfate,Method 3,USWXDXYEVISELK-UHFFFAOYSA-N,,,0.0103806228373702,True,all_pre_hcc,provided_area,False,failed,,,,,,,,,,LinAlgError: Singular matrix,,
1119,3-hydroxypyridine glucuronide,Method 1,IOLHQSZMUUGACW-UHFFFAOYSA-N,,,0.5899653979238755,False,all_pre_hcc,provided_area,False,failed,,,,,,,,,,LinAlgError: Singular matrix,,
1120,vanillate glucuronide,Method 4,GRERMCGRRAMWSD-UHFFFAOYSA-N,HMDB0240572,,0.6211072664359861,False,all_pre_hcc,provided_area,False,failed,,,,,,,,,,LinAlgError: Singular matrix,,
1121,triclosan sulfate,Method 3,ZPFYUMPBKRRSTR-UHFFFAOYSA-N,HMDB0061387,,0.7145328719723183,False,all_pre_hcc,provided_area,False,failed,,,,,,,,,,LinAlgError: Singular matrix,,
1122,methyl vanillate sulfate,Method 3,IWRNHPTWPBSQSA-UHFFFAOYSA-N,,,0.4550173010380622,False,all_pre_hcc,provided_area,False,failed,,,,,,,,,,LinAlgError: Singular matrix,,
1141,dihydrocaffeate sulfate (2),Method 4,WEPNMLSXEATIJK-UHFFFAOYSA-N,,,0.1816608996539792,True,all_pre_hcc,provided_area,False,failed,,,,,,,,,,LinAlgError: Singular matrix,,
1148,"N,N-dimethyl-5-aminovalerate",Method 1,UYZSNVLEDLCWGU-UHFFFAOYSA-N,,,0.3927335640138408,False,all_pre_hcc,provided_area,False,failed,,,,,,,,,,LinAlgError: Singular matrix,,
1152,3-ethylcatechol sulfate (2),Method 3,NUPWKYZXNXCOHY-UHFFFAOYSA-N,,,0.5069204152249135,False,all_pre_hcc,provided_area,False,failed,,,,,,,,,,LinAlgError: Singular matrix,,
1153,4-acetylcatechol sulfate (1),Method 3,RRWBOGSYNDIRNR-UHFFFAOYSA-N,,,0.4204152249134948,False,all_pre_hcc,provided_area,False,failed,,,,,,,,,,LinAlgError: Singular matrix,,
1156,trimethoprim,Method 1,IEDVJHCEMCRBQM-UHFFFAOYSA-N,HMDB0014583,"C01965,D00145",0.9896193771626296,False,all_pre_hcc,provided_area,False,failed,,,,,,,,,,LinAlgError: Singular matrix,,
1157,clarithromycin,Method 2,AGOYDEPGAOXOCK-KCBOHYOISA-N,HMDB0015342,"C06912,D00276",0.9930795847750864,False,all_pre_hcc,provided_area,False,failed,,,,,,,,,,LinAlgError: Singular matrix,,
1158,donepezil,Method 1,ADEBPBSSDYVVLD-UHFFFAOYSA-N,HMDB0005041,D07869,0.991349480968858,False,all_pre_hcc,provided_area,False,failed,,,,,,,,,,LinAlgError: Singular matrix,,
1159,glyburide,Method 3,ZNNLBTZKUZBEKO-UHFFFAOYSA-N,HMDB0015151,"D00336,C07022",0.991349480968858,False,all_pre_hcc,provided_area,False,failed,,,,,,,,,,LinAlgError: Singular matrix,,
1162,nateglinide,Method 2,OELFLUMRDSZNSF-BRWVUGGUSA-N,HMDB0014869,"C12508,D01111",0.9965397923875432,False,all_pre_hcc,provided_area,False,failed,,,,,,,,,,LinAlgError: Singular matrix,,
1164,montelukast,Method 2,UCHDWCPVSPXUMX-TZIWLTJVSA-N,HMDB0014614,C07482,0.9792387543252596,False,all_pre_hcc,provided_area,False,failed,,,,,,,,,,LinAlgError: Singular matrix,,
1172,meloxicam,Method 3,ZRVUJXDFFKFLMG-UHFFFAOYSA-N,HMDB0014952,"D00969,C08169",0.986159169550173,False,all_pre_hcc,provided_area,False,failed,,,,,,,,,,LinAlgError: Singular matrix,,
1174,losartan,Method 3,PSIFNNKUMBGKDQ-UHFFFAOYSA-N,HMDB0014816,"C07072,D08146",0.9602076124567474,False,all_pre_hcc,provided_area,False,failed,,,,,,,,,,LinAlgError: Singular matrix,,
1178,cyclobenzaprine,Method 2,JURKNVYFZMSNLP-UHFFFAOYSA-N,HMDB0015060,"D07758,C06931",0.9982698961937716,False,all_pre_hcc,provided_area,False,failed,,,,,,,,,,LinAlgError: Singular matrix,,
1187,5-hydroxy-2-methylpyridine sulfate,Method 3,UAQAOMYUJQVGMD-UHFFFAOYSA-N,,,0.2647058823529412,False,all_pre_hcc,provided_area,False,failed,,,,,,,,,,LinAlgError: Singular matrix,,
1190,cortisol 21-sulfate,Method 3,JOVLCJDINAUYJW-VWUMJDOOSA-N,HMDB0062779,,0.8806228373702422,False,all_pre_hcc,provided_area,False,failed,,,,,,,,,,LinAlgError: Singular matrix,,
1199,glu-gly-asn-val**,Method 3,QTVRCQRIGVKQHD-UHFFFAOYSA-N,,,0.0138408304498269,True,all_pre_hcc,provided_area,False,failed,,,,,,,,,,LinAlgError: Singular matrix,,
1207,4-vinylcatechol sulfate,Method 3,ILVXQMHYFMBCMJ-UHFFFAOYSA-N,,,0.0501730103806228,True,all_pre_hcc,provided_area,False,failed,,,,,,,,,,LinAlgError: Singular matrix,,
1208,4-vinylguaiacol glucuronide,Method 3,RRBFAJWNNUHFMC-DKBOKBLXSA-N,,,0.6211072664359861,False,all_pre_hcc,provided_area,False,failed,,,,,,,,,,LinAlgError: Singular matrix,,
1210,(15:3)-anacardic acid,Method 3,QUVGEKPNSCFQIR-AOSYACOCSA-N,HMDB31059,,0.9273356401384084,False,all_pre_hcc,provided_area,False,failed,,,,,,,,,,LinAlgError: Singular matrix,,
1213,vanillic acid glycine,Method 3,LOODYTDRRBLQNH-UHFFFAOYSA-N,HMDB0060026,,0.2768166089965398,False,all_pre_hcc,provided_area,False,failed,,,,,,,,,,LinAlgError: Singular matrix,,
1216,pentose acid*,Method 4,,HMDB0000892,C00803,0.0207612456747404,True,all_pre_hcc,provided_area,False,failed,,,,,,,,,,LinAlgError: Singular matrix,,
1218,feruloylquinate (2),Method 3,RAGZUCNPTLULOL-KQJPBSFVSA-N,,,0.6851211072664359,False,all_pre_hcc,provided_area,False,failed,,,,,,,,,,LinAlgError: Singular matrix,,
1219,feruloylquinate (4),Method 3,RAGZUCNPTLULOL-KQJPBSFVSA-N,,,0.6868512110726643,False,all_pre_hcc,provided_area,False,failed,,,,,,,,,,LinAlgError: Singular matrix,,
1221,S-carboxyethylcysteine,Method 1,CAMXXPUSAROUCX-BYPYZUCNSA-N,,,0.0017301038062283,True,all_pre_hcc,provided_area,False,failed,,,,,,,,,,LinAlgError: Singular matrix,,
1226,"branched-chain, straight-chain, or cyclopropyl 10:1 fatty acid (2)*",Method 3,NIFITBVFNGQSNA-SOFGYWHQSA-N,,,0.1747404844290657,True,all_pre_hcc,provided_area,False,failed,,,,,,,,,,LinAlgError: Singular matrix,,
1228,4-ethyl-2-methoxyphenol sulfate,Method 3,MKBJQFWSHNXYFZ-UHFFFAOYSA-N,,,0.6176470588235294,False,all_pre_hcc,provided_area,False,failed,,,,,,,,,,LinAlgError: Singular matrix,,
1230,"branched-chain, straight-chain, or cyclopropyl 12:1 fatty acid*",Method 3,FQSFPMAZIOPKLO-JXMROGBWSA-N,,,0.0640138408304498,True,all_pre_hcc,provided_area,False,failed,,,,,,,,,,LinAlgError: Singular matrix,,
1241,2-methoxyhydroquinone sulfate (2),Method 3,DQJWAJBJWZYKLK-UHFFFAOYSA-N,,,0.2197231833910034,False,all_pre_hcc,provided_area,False,failed,,,,,,,,,,LinAlgError: Singular matrix,,
1244,temazepam,Method 2,SEQDDYPDSLOBDC-UHFFFAOYSA-N,HMDB0014376,D00370,0.9896193771626296,False,all_pre_hcc,provided_area,False,failed,,,,,,,,,,LinAlgError: Singular matrix,,
1246,3-hydroxyoctanoylcarnitine (1),Method 1,RCXSFDNDEVSQNG-UHFFFAOYSA-N,,,0.0726643598615917,True,all_pre_hcc,provided_area,False,failed,,,,,,,,,,LinAlgError: Singular matrix,,
1247,3-hydroxyoctanoylcarnitine (2),Method 1,RCXSFDNDEVSQNG-UHFFFAOYSA-N,,,0.231833910034602,False,all_pre_hcc,provided_area,False,failed,,,,,,,,,,LinAlgError: Singular matrix,,
