feature_index,metabolite,method,inchikey,hmdb,kegg,missing_fraction,high_coverage,analysis,normalization,converged,beta_time,beta_group,beta_time_group,se_group_robust,p_group,p_time_group,working_correlation,error,q_group,q_time_group
299,N-acetylglycine,Method 1,OKJIRPAQVSHGFK-UHFFFAOYSA-N,HMDB0000532,,0.0,True,all_pre_hcc,sample_median_scaled,True,0.007209676329920161,-0.6506716000291262,-0.009479251903103433,0.1458773702549084,8.180635850317414e-06,0.059410568055458766,0.6909774596587904,,0.006479778692905676,0.7340158078639959
376,gamma-glutamyltryptophan,Method 3,CATMPQFFVNKDEY-AAEUAGOBSA-N,HMDB0029160,,0.00865051903114187,True,all_pre_hcc,sample_median_scaled,True,-0.00553728518527442,0.5571801478700313,0.009618433712798668,0.12745602559703814,1.2336865791857333e-05,0.005474966310397654,0.7400935685869281,,0.006479778692905676,0.34437538092401243
694,taurohyocholate*,Method 3,XSOLDPYUICCHJX-QZWOQUDZSA-N,HMDB0011637,C15516,0.23183391003460208,False,all_pre_hcc,sample_median_scaled,True,-0.02400793339249137,2.6649233498200653,0.05518540284857408,0.6165755098504447,1.545257239961608e-05,0.02568199204019954,0.6936863629695257,,0.006479778692905676,0.5870510593110491
255,2-arachidonoylglycerol (20:4),Method 3,RCRCTBLIHCHWDZ-DOFZRALJSA-N,HMDB0004666,C13856,0.42214532871972316,False,all_pre_hcc,sample_median_scaled,True,0.014711830210451176,-1.6155114426512662,-0.024043794862253488,0.38771316842295567,3.089464697873643e-05,0.041105827483959606,0.45185897533226216,,0.009716366474812608,0.6835859964403045
443,hexanoylglycine,Method 3,UPCKIPHSXMXJOX-UHFFFAOYSA-N,HMDB0000701,,0.5795847750865052,False,all_pre_hcc,sample_median_scaled,True,0.012541970350603787,-0.7963678035504002,-0.01973031598259495,0.20258560280098684,8.458667338473622e-05,0.04716528078192154,0.532845820568328,,0.02128200702359963,0.6980461555724388
156,gamma-glutamyltyrosine,Method 3,VVLXCWVSSLFQDS-QWRGUYRKSA-N,HMDB0011741,,0.0,True,all_pre_hcc,sample_median_scaled,True,-0.006230628830748836,0.5257282072359518,0.0071854875769172466,0.13731038355741573,0.00012879165543417054,0.08477276954889948,0.7265938450954043,,0.02581656287762422,0.7340158078639959
142,picolinate,Method 1,SIOXPEMLGUPBBT-UHFFFAOYSA-N,HMDB0002243,C10164,0.0017301038062283738,True,all_pre_hcc,sample_median_scaled,True,-0.0034046354871913975,0.44912512340455185,-0.0011183156202495385,0.11952621122710604,0.00017158848227324608,0.8787928853243359,0.5244989724815892,,0.02581656287762422,0.9633991866838792
210,taurocholate,Method 3,WBWWGRHZICKQGZ-HGVCTONRSA-N,HMDB0000036,C05122,0.0034602076124567475,True,all_pre_hcc,sample_median_scaled,True,-0.028231272708769017,1.7456272310037428,0.04799164147796666,0.4668968936905858,0.00018491158001271142,0.0013377702514496376,0.6746076449887245,,0.02581656287762422,0.15434503015731735
548,"5alpha-androstan-3alpha,17beta-diol monosulfate (1)",Method 3,LERFMBCTNMFXCT-ILBJSTGGSA-N,,,0.7352941176470589,False,all_pre_hcc,sample_median_scaled,True,0.009273339020530706,-0.9534959214567237,-0.017664014713176537,0.25626077833803856,0.0001985901634165244,0.01001442872719651,0.7707853522318525,,0.02581656287762422,0.5189044350482741
537,taurocholenate sulfate*,Method 3,OEDITLKCLMKBOM-UHFFFAOYSA-N,,,0.0,True,all_pre_hcc,sample_median_scaled,True,-0.012152178425423371,0.865791754081533,0.008683331187742657,0.23320967084063482,0.0002052191007760272,0.3897148036237955,0.682546618278163,,0.02581656287762422,0.8674430787831605
71,methionine,Method 1,FFEARJCKVFRZRR-UHFFFAOYSA-N,HMDB0000696,C00073,0.0,True,all_pre_hcc,sample_median_scaled,True,-0.004472662934344555,0.3513179160666657,0.00741515538868187,0.09589481851526112,0.0002487187741370073,0.0759473984757218,0.6996203012870901,,0.027852647842672943,0.7340158078639959
1153,4-acetylcatechol sulfate (1),Method 3,RRWBOGSYNDIRNR-UHFFFAOYSA-N,,,0.4204152249134948,False,all_pre_hcc,sample_median_scaled,True,0.00932682017956452,-1.2552022058335737,-0.013036485179810209,0.3442072620616493,0.0002656850350652427,0.5440082641887444,0.20466656746783635,,0.027852647842672943,0.8918524885957959
177,N-acetylglucosaminylasparagine,Method 1,YTTRPBWEMMPYSW-VFFCQLMOSA-N,HMDB0000489,C04540,0.00865051903114187,True,all_pre_hcc,sample_median_scaled,True,0.0027295541932827625,-0.4411790805064566,-0.012575142103806242,0.12278051575368827,0.00032659948184372823,0.023535705955114047,0.5994455313231094,,0.03160478062764693,0.5870510593110491
930,dihomo-linolenoyl-choline,Method 2,FRBBZHFNTVMXIH-OKLKQMLOSA-N,HMDB0240646,,0.06228373702422145,True,all_pre_hcc,sample_median_scaled,True,0.002730124817175606,-0.9998215138432693,-0.01288976943467926,0.28514352604902465,0.00045424646552837063,0.23543942919532868,0.6838538216377982,,0.03948103082272832,0.860649621473309
209,taurochenodeoxycholate,Method 3,BHTRKEVKTKCXOH-BJLOMENOSA-N,HMDB0000951,C05465,0.0,True,all_pre_hcc,sample_median_scaled,True,-0.028152724294114438,1.594009956524506,0.047075643497716695,0.4558396821116779,0.00047075950901504356,0.019124094088168536,0.6908141593716862,,0.03948103082272832,0.5870510593110491
198,arachidonoyl ethanolamide,Method 2,LGEQQWMQCRIYKG-DOFZRALJSA-N,HMDB0004080,C11695,0.5259515570934256,False,all_pre_hcc,sample_median_scaled,True,0.007104533328491894,-0.7569454898571759,-0.004397277557155412,0.21922057558133157,0.0005546061429314361,0.7391922948972077,0.33907539645329116,,0.043605907987984166,0.932629781173574
671,phenylalanylglycine,Method 1,GLUBLISJVJFHQS-UHFFFAOYSA-N,HMDB0028995,,0.5294117647058824,False,all_pre_hcc,sample_median_scaled,True,0.0015000514714366383,-0.6888378674927618,0.005208987781827075,0.20132739034342714,0.0006228104615391722,0.634838331778526,0.3504619500265699,,0.046087974153898745,0.9094394729837076
913,palmitoylcholine,Method 2,UFQZDKMTMXCDBP-UHFFFAOYSA-N,HMDB0240592,,0.0017301038062283738,True,all_pre_hcc,sample_median_scaled,True,0.0035102930192158874,-0.8375095204979507,-0.016041851678031262,0.24809890441885854,0.000736259460527422,0.050998589537622485,0.6873295321159427,,0.051456355630194274,0.7207332429243778
987,linoleoylcholine*,Method 2,GVYIAXNFCSAJSK-OKLKQMLOSA-N,HMDB0013213,,0.0034602076124567475,True,all_pre_hcc,sample_median_scaled,True,0.003547482810895207,-0.8698279453213719,-0.017125228418868224,0.26073413129002593,0.0008497102470221003,0.08833461251861156,0.6878016066563362,,0.056259762671252746,0.7340158078639959
926,oleoylcholine,Method 2,GFSSJDJAEKYAGX-UHFFFAOYSA-N,HMDB0240596,,0.012110726643598616,True,all_pre_hcc,sample_median_scaled,True,0.0032666851853147168,-0.8390961046101475,-0.014250386425361711,0.2543031908681395,0.0009682639306041376,0.12966955506897881,0.6821382368306191,,0.060903801235000256,0.7802615335128658
474,hexadecanedioate (C16-DC),Method 3,QQHJDPROMQRDLA-UHFFFAOYSA-N,HMDB0000672,C19615,0.00865051903114187,True,all_pre_hcc,sample_median_scaled,True,-0.00735256567103974,0.6277572911643148,0.02780971851184342,0.19232976168002627,0.0010986538045102356,0.04914369681950793,0.6557058920483609,,0.0658145945749465,0.7106065586085168
595,isoursodeoxycholate,Method 3,RUDATBOHQWOJDD-DNMBCGTGSA-N,HMDB0000686,C17662,0.05536332179930796,True,all_pre_hcc,sample_median_scaled,True,0.00548239734363734,-1.440238526648041,-0.02853348136266677,0.446615870788617,0.001260689172663761,0.08023043330192219,0.7318059260332649,,0.07208849905504598,0.7340158078639959
929,palmitoloelycholine,Method 2,CLIZBTUFRKKPFA-UHFFFAOYSA-N,HMDB0013208,,0.23875432525951557,False,all_pre_hcc,sample_median_scaled,True,-0.0021979699718129436,-1.0060091758518959,-0.00396164924674234,0.3146760264175177,0.0013888034939600754,0.7239055524321336,0.6411223805194343,,0.07596151284355543,0.9315455504233345
1194,taurochenodeoxycholic acid 3-sulfate,Method 3,IJHJZQKOSUFQCX-WZJRQFJBSA-N,HMDB0002486,,0.02422145328719723,True,all_pre_hcc,sample_median_scaled,True,-0.02672867985685741,1.42814971585009,0.038045267394637934,0.44968229310792385,0.0014936817183070202,0.08729186716537898,0.7006759412215599,,0.07750627129334399,0.7340158078639959
683,N-octanoylglycine,Method 3,SAVLIIGUQOSOEP-UHFFFAOYSA-N,HMDB0000832,,0.4809688581314879,False,all_pre_hcc,sample_median_scaled,True,0.006108835769992273,-0.6519654157683926,-0.0026309194187148412,0.20586293775190398,0.001540267712506836,0.794907995016251,0.3830118062926343,,0.07750627129334399,0.9407865353739419
927,arachidonoylcholine,Method 2,XUWOVXDQNYUPNL-WYTUUNCASA-N,HMDB0240583,,0.01730103806228374,True,all_pre_hcc,sample_median_scaled,True,0.006515372215512162,-0.982960688362762,-0.019152045062046732,0.3115461745684329,0.0016044071460862611,0.02293488821387463,0.6934080928343936,,0.07762862268371218,0.5870510593110491
986,stearoylcholine*,Method 2,WYVHUXGFCVDOEA-UHFFFAOYSA-N,HMDB0240648,,0.01730103806228374,True,all_pre_hcc,sample_median_scaled,True,0.0026909298247659664,-0.965517645291165,-0.02174286183648325,0.30731638522923277,0.0016792943697207182,0.10389742797696,0.664435624929671,,0.078242678411432,0.7707122735653882
627,1-(1-enyl-palmitoyl)-GPC (P-16:0)*,Method 2,HTZINLFNXLXRBC-CQLBIITFSA-N,HMDB0010407,,0.0,True,all_pre_hcc,sample_median_scaled,True,0.0009743581822817517,-0.3420641935151311,-0.003646469373820441,0.11080293400929302,0.0020209224668428787,0.5865086320958555,0.7157509129977486,,0.0879014916369125,0.8918524885957959
360,1-palmitoyl-GPC (16:0),Method 2,ASWBNKHCZGQVJV-UHFFFAOYSA-N,HMDB0010382,C04102,0.0,True,all_pre_hcc,sample_median_scaled,True,0.0016990627263371474,-0.26056241162183874,-0.004601484151725844,0.08442430775623377,0.002026345991629938,0.3404609554326222,0.7678866699909181,,0.0879014916369125,0.860649621473309
410,N1-methylinosine,Method 1,WJNGQIYEQLPJMN-UHFFFAOYSA-N,HMDB0002721,,0.00865051903114187,True,all_pre_hcc,sample_median_scaled,True,0.0006946909378818878,-0.46157993241628503,-0.00023260801862566707,0.15046503601464656,0.0021572101363365346,0.9695628049651305,0.3164213792662104,,0.09045901171704536,0.9846225769560532
574,N-acetyl-3-methylhistidine*,Method 1,FKTXRTPBUWLETL-UHFFFAOYSA-N,HMDB0240341,,0.27162629757785467,False,all_pre_hcc,sample_median_scaled,True,0.007194661372759549,-1.0265409696524965,-0.02959230301231058,0.34004762434589675,0.0025376519210149394,0.024496882030314058,0.511041679950467,,0.09601217543040803,0.5870510593110491
599,sulfate*,Method 3,QAOWNCQODCNURD-UHFFFAOYSA-N,HMDB01448,C00059,0.0,True,all_pre_hcc,sample_median_scaled,True,0.00016810576290768572,-0.1848867807389661,-0.0024366283218621577,0.06126744678782208,0.0025470082036283814,0.4253170370872629,0.641128914640706,,0.09601217543040803,0.8731385418330269
440,1-palmitoleoyl-GPC (16:1)*,Method 2,LFUDDCMNKWEORN-KHPPLWFESA-N,HMDB0010383,,0.0,True,all_pre_hcc,sample_median_scaled,True,0.0015069657015702924,-0.3601770941583872,-0.005586730134855207,0.11994796156051538,0.002675275502802159,0.4420914568287948,0.7946966856955344,,0.09601217543040803,0.8731385418330269
411,"N2,N2-dimethylguanosine",Method 1,RSPURTUNRHNVGF-IOSLPCCCSA-N,HMDB0004824,,0.0,True,all_pre_hcc,sample_median_scaled,True,0.002441673374725679,-0.3565600646322756,-0.001166723047537204,0.11883735614576141,0.0026962183491783427,0.5231204375904572,0.7439067958382086,,0.09601217543040803,0.8895039981792914
636,16-hydroxypalmitate,Method 3,UGAGPNKCDRTDHP-UHFFFAOYSA-N,HMDB0006294,C18218,0.0034602076124567475,True,all_pre_hcc,sample_median_scaled,True,-0.005630328759993717,0.41170332522915587,0.020866586247103636,0.13725378418593068,0.002703545780955876,0.001716227369865153,0.5462037877395225,,0.09601217543040803,0.15434503015731735
303,beta-sitosterol,Method 2,KZJWDPNRJALLNS-XGEQACPASA-N,HMDB0000852,C01753,0.33217993079584773,False,all_pre_hcc,sample_median_scaled,True,-0.021230530476640114,1.0235834649645617,0.03292707658379938,0.34180362093074323,0.0027475662285331394,0.0017147697462128373,0.7673727239952058,,0.09601217543040803,0.15434503015731735
111,tyrosine,Method 1,OUYCCCASQSFEME-QMMMGPOBSA-N,HMDB0000158,C00082,0.0,True,all_pre_hcc,sample_median_scaled,True,-0.005906741587107494,0.35046139043793784,0.006621679290977655,0.11742779177544971,0.0028405686140862726,0.1192257439053976,0.6299828429784788,,0.09657933287893328,0.7740872857790064
693,glycohyocholate,Method 3,ZQYUKJFJPJDMMR-JPZDKMBBSA-N,HMDB0000138,,0.01730103806228374,True,all_pre_hcc,sample_median_scaled,True,-0.024827366014471042,1.2106110677572266,0.041901149329254386,0.41263694552733565,0.003347959830611432,0.012374509579847552,0.6383110576022251,,0.11049774700067853,0.5189044350482741
265,alpha-hydroxyisocaproate,Method 3,LVRFTAZAXQPQHI-UHFFFAOYSA-N,"HMDB0000665,HMDB00746,HMDB0000624",C03264,0.012110726643598616,True,all_pre_hcc,sample_median_scaled,True,-0.005097986766843669,0.39585657501454363,0.007618557335958686,0.1352561908468668,0.0034256058291148354,0.3213303749743843,0.6349753001366999,,0.11049774700067853,0.860649621473309
442,malonylcarnitine,Method 1,ZGNBLKBZJBJFDG-UHFFFAOYSA-N,HMDB0002095,,0.32698961937716264,False,all_pre_hcc,sample_median_scaled,True,0.006250190302974965,-0.9065523107044047,-0.039281870073906905,0.311225444954545,0.003581492710121435,0.0511642573080298,0.39331104240675185,,0.11263794573331913,0.7207332429243778
942,2'-O-methylcytidine,Method 1,RFCQJGFZUQFYRF-ZOQUXTDFSA-N,,,0.020761245674740483,True,all_pre_hcc,sample_median_scaled,True,-0.004436912562371684,0.26592741489830785,0.0025234074524309153,0.0918541830846825,0.0037903290534317406,0.3913124531525909,0.4383879989316524,,0.11588379272542047,0.8674430787831605
716,N-acetyl-1-methylhistidine*,Method 1,GVRCKHXHWSYDEF-UHFFFAOYSA-N,HMDB0240340,,0.01730103806228374,True,all_pre_hcc,sample_median_scaled,True,-0.0016447478274248595,-0.779714061280677,-0.004516571055271931,0.2703562093108883,0.0039262760658135085,0.7343171242949059,0.7064612786630183,,0.11588379272542047,0.932629781173574
956,palmitoleoyl-linoleoyl-glycerol (16:1/18:2) [1]*,Method 2,BHGPPCIWDXQOMA-HZFIRFLSSA-N,HMDB0007132,,0.4930795847750865,False,all_pre_hcc,sample_median_scaled,True,0.00922887236847105,-1.2596062641856909,-0.002169574481973081,0.43717400544430973,0.00396105173862725,0.8902977958566002,0.8227597843188494,,0.11588379272542047,0.9633991866838792
83,pristanate,Method 3,PAHGJZDQXIOYTH-UHFFFAOYSA-N,HMDB0000795,,0.4204152249134948,False,all_pre_hcc,sample_median_scaled,True,-0.01685262411739621,1.1625319210436176,0.03127628724385435,0.40603627224779015,0.004194872575318471,0.19137470824039793,0.38092926728806537,,0.11589234754333234,0.8507045334502494
1224,chenodeoxycholic acid sulfate (1),Method 3,WHMOBEGYTDWMIG-BSWAIDMHSA-N,HMDB0002522,,0.3373702422145329,False,all_pre_hcc,sample_median_scaled,True,0.009060416538523958,-1.0273344974857341,-0.00917179715407359,0.35921019631773665,0.004236657913866911,0.6464685346632295,0.5859543152376353,,0.11589234754333234,0.909976024067088
928,docosahexaenoylcholine,Method 2,OKLWSURGMYZXCS-GUTOPQIJSA-N,HMDB0240647,,0.18166089965397925,True,all_pre_hcc,sample_median_scaled,True,0.006384727167034004,-1.1513063507047006,-0.025387471620110343,0.4025684369849067,0.004237717000789577,0.05424223802192191,0.6953193516281185,,0.11589234754333234,0.7337283379739543
980,"ceramide (d18:2/24:1, d18:1/24:2)*",Method 2,QMVWGDBKESWTON-OQKRWUNJSA-N,"HMDB0240679,HMDB0240680",,0.00865051903114187,True,all_pre_hcc,sample_median_scaled,True,0.004457894607459289,-0.34234546243777214,0.0012654279094270143,0.120642063247966,0.004544048310353705,0.8363113223354698,0.7603684975575048,,0.12162580371116938,0.9521516206067531
381,gamma-glutamylmethionine,Method 1,RQNSKRXMANOPQY-BQBZGAKWSA-N,HMDB0029155,,0.0,True,all_pre_hcc,sample_median_scaled,True,-0.004319131413803721,0.35096056237534784,0.009319258310354007,0.12512781523443736,0.005034523063015958,0.10775219221181448,0.6329280245672196,,0.12875008042632005,0.7707122735653882
633,(14 or 15)-methylpalmitate (a17:0 or i17:0),Method 3,IIUXHTGBZYEGHI-UHFFFAOYSA-N,HMDB0061859,C16995,0.015570934256055362,True,all_pre_hcc,sample_median_scaled,True,-0.0020893376536800273,0.4949012599586003,0.017516863277403056,0.17646367071821767,0.005038680791079002,0.1639099486172345,0.4379196880168493,,0.12875008042632005,0.8236857835111566
158,alpha-tocopherol,Method 2,GVJHHUAWPYXKBD-IEOSBIPESA-N,HMDB0001893,C02477,0.0,True,all_pre_hcc,sample_median_scaled,True,0.00026067558428752936,-0.3562914522496188,0.003730533143080761,0.12726701013318292,0.005117252799138316,0.4520729998823837,0.9219549554054713,,0.12875008042632005,0.8731385418330269
87,retinol (vitamin A),Method 2,FPIPGXGPPPQFEQ-OVSJKPMPSA-N,HMDB0000305,C00473,0.0,True,all_pre_hcc,sample_median_scaled,True,0.008272055204933144,-0.5534199040822698,-0.016596454507944426,0.19883119789861642,0.00537981566958943,0.07020838649170266,0.7209107915479157,,0.1315545594380783,0.7340158078639959
228,methionine sulfoxide,Method 1,QEFRNWWLZKMPFJ-YGVKFDHGSA-N,HMDB0002005,C02989,0.0,True,all_pre_hcc,sample_median_scaled,True,-0.004826869585737827,0.34264931695793666,0.005517697129055108,0.12359907898657424,0.005566781359139471,0.16878030856755621,0.583286221064662,,0.1315545594380783,0.8248068919087713
1053,glucuronide of C10H18O2 (8)*,Method 3,,,,0.27162629757785467,False,all_pre_hcc,sample_median_scaled,True,-0.002315319050583181,0.9526139710424631,-0.0020324393640243636,0.3441614724014755,0.005641402028784784,0.9091095504228197,0.4569956225315016,,0.1315545594380783,0.965928897324246
52,gamma-glutamylglutamate,Method 1,OWQDWQKWSLFFFR-UHFFFAOYSA-N,HMDB0011737,C05282,0.14359861591695502,True,all_pre_hcc,sample_median_scaled,True,0.0015261256272664568,-0.6858693314226663,-0.014710399950257731,0.24816229664848805,0.005713369180630812,0.1568557916084934,0.38612015950558426,,0.1315545594380783,0.808969278887591
254,"1,5-anhydroglucitol (1,5-AG)",Method 3,MPCAJMNYNOGXPB-SLPGGIOYSA-N,HMDB0002712,C07326,0.0017301038062283738,True,all_pre_hcc,sample_median_scaled,True,0.0003232882611026513,-1.0019230917066808,-0.017052576790710535,0.3629538989979384,0.005771838430455544,0.16217260747216733,0.7890791099062893,,0.1315545594380783,0.8226336298386553
365,1-stearoyl-GPC (18:0),Method 2,IHNKQIMGVNPMTC-RUZDIDTESA-N,HMDB0010384,,0.0,True,all_pre_hcc,sample_median_scaled,True,0.0009555222269055268,-0.26444198355934734,-0.0031268755730773003,0.09596083858033704,0.005856164808054361,0.5778438976572007,0.6849398749832583,,0.1315545594380783,0.8918524885957959
1052,glucuronide of C10H18O2 (7)*,Method 3,,,,0.06228373702422145,True,all_pre_hcc,sample_median_scaled,True,-0.0101502061805131,0.9575257222496938,-0.0001400342676455268,0.349851534016462,0.006201195114491034,0.9926315336755993,0.4668111677267676,,0.1362459345080219,0.9957978224592535
80,phenylalanine,Method 1,COLNVLDHVKWLRT-UHFFFAOYSA-N,HMDB0000159,C00079,0.0,True,all_pre_hcc,sample_median_scaled,True,-0.003138157238504881,0.17846331455593878,0.0021439890139216254,0.06530640941388925,0.006281609063167941,0.4875169483890772,0.6847270465154333,,0.1362459345080219,0.8816380950693892
471,"3beta,7alpha-dihydroxy-5-cholestenoate",Method 3,GYJSAWZGYQXRBS-GRJZKGIBSA-N,HMDB0012454,C17335,0.0,True,all_pre_hcc,sample_median_scaled,True,-0.0036657455538299908,0.2997866786871153,0.01571263807144007,0.11032403833232526,0.006581120708385465,0.00025599646144572406,0.8071588985776427,,0.13844461628751717,0.1036633383361256
1202,3-decenoylcarnitine,Method 2,YMJNFVUJNDWLND-ZHACJKMWSA-N,,,0.46366782006920415,False,all_pre_hcc,sample_median_scaled,True,-0.0015790240054076564,0.7399770678986729,0.01662742382606791,0.27242838299206995,0.006603081857910198,0.08924678287430156,0.7471015654196238,,0.13844461628751717,0.7340158078639959
1248,"cis-3,4-methyleneheptanoylglycine",Method 3,FFFQOVJTIDIKQJ-YUMQZZPRSA-N,,,0.05536332179930796,True,all_pre_hcc,sample_median_scaled,True,0.012099430009689905,-0.6024288194026164,-0.009006297089180878,0.22304736589823274,0.006915195094695205,0.4874710150820333,0.5699559775313272,,0.1406356561168698,0.8816380950693892
366,1-oleoyl-GPC (18:1),Method 2,YAMUFBLWGFFICM-PTGWMXDISA-N,HMDB0002815,C03916,0.0,True,all_pre_hcc,sample_median_scaled,True,0.0024080420604958457,-0.21062798404340946,-0.0004962397369582517,0.07800651210836472,0.006931169061403758,0.9234244550357369,0.7199845053429057,,0.1406356561168698,0.9696727582929524
657,trimethylamine N-oxide,Method 1,UYPYRKYUKCHHIB-UHFFFAOYSA-N,HMDB0000925,C01104,0.0,True,all_pre_hcc,sample_median_scaled,True,0.009339767019443562,-0.5849687852009702,-0.00830930993909019,0.2175233500491889,0.007161856864288738,0.5965319012037702,0.49325618315502073,,0.14119144813839124,0.894287470086215
882,1-(1-enyl-palmitoyl)-2-arachidonoyl-GPC (P-16:0/20:4)*,Method 2,IOYKZPNDXIIXLN-LOQSCQKMSA-N,HMDB0011220,,0.0,True,all_pre_hcc,sample_median_scaled,True,-0.00011997109862838501,-0.22138231776213455,-0.0033395214865824833,0.082352219823337,0.007183030747899078,0.4938869734685254,0.7599500466184188,,0.14119144813839124,0.8844630760522942
122,adenine,Method 1,GFFGJBXGBJISGV-UHFFFAOYSA-N,HMDB0000034,C00147,0.0,True,all_pre_hcc,sample_median_scaled,True,-0.0018034207201896115,0.19810682640571767,0.0043663515873828,0.07387981774487454,0.007329856265470557,0.1238414359723088,0.44643220138178813,,0.14186091049172248,0.7802615335128658
330,propionylglycine,Method 3,WOMAZEJKVZLLFE-UHFFFAOYSA-N,HMDB0000783,,0.4515570934256055,False,all_pre_hcc,sample_median_scaled,True,0.01853710326855054,-0.9103559400267139,-0.03442145804519743,0.34041519553684446,0.007489619933003365,0.001551516349896749,0.2746827799089804,,0.14275669508663988,0.15434503015731735
1049,N-acetylglucosamine conjugate of C24H40O4 bile acid**,Method 3,,,,0.36678200692041524,False,all_pre_hcc,sample_median_scaled,True,-0.005422166977448953,-0.9812709758844579,-0.00556683126186871,0.3679145604318241,0.007650515858902237,0.7547035908065964,0.7613343049140621,,0.14364699926117933,0.932629781173574
173,4-hydroxyphenylpyruvate,Method 3,KKADPXVIOXHVKN-UHFFFAOYSA-N,HMDB0000707,C01179,0.0,True,all_pre_hcc,sample_median_scaled,True,-0.0067728021364265294,0.34496830596983474,0.006108939109574315,0.13111394058502096,0.008511965375164554,0.10241642888610993,0.6446144323791438,,0.15645064178033863,0.7707122735653882
428,1-stearoyl-GPE (18:0),Method 2,BBYWOYAFBUOUFP-JOCHJYFZSA-N,HMDB0011130,,0.0,True,all_pre_hcc,sample_median_scaled,True,0.0033967123569140843,-0.20419394608417635,-0.004026071253453275,0.07778789058590077,0.008664656830629298,0.46197060450528393,0.6164527406500577,,0.15645064178033863,0.8816380950693892
162,4-acetamidobutanoate,Method 1,UZTFMUBKZQVKLK-UHFFFAOYSA-N,HMDB0003681,C02946,0.0,True,all_pre_hcc,sample_median_scaled,True,0.005097462951428068,-0.495355916435304,-0.018659559129312484,0.1890842245492114,0.008799081127649992,0.0036405074347016916,0.45656893166850754,,0.15645064178033863,0.26572628211568455
916,mycophenolic acid glucuronide,Method 3,BYFGTSAYQQIUCN-HGIHDBQLSA-N,HMDB0060634,,0.9757785467128027,False,all_pre_hcc,sample_median_scaled,True,0.0021978761598009343,-0.09192316874147924,-0.0021978761598009347,0.03510432226581411,0.008829885187920543,0.17941558905524124,0.39002688297717913,,0.15645064178033863,0.8345004227693749
472,N-acetyl-aspartyl-glutamate (NAAG),Method 1,OPVPGKGADVGKTG-UHFFFAOYSA-N,HMDB0001067,C12270,0.06747404844290658,True,all_pre_hcc,sample_median_scaled,True,0.00023916782305290354,-0.4538515854229212,-0.009211382785643882,0.17387473420917848,0.009048359013965957,0.11772369539766869,0.4745336950477211,,0.15776747459103027,0.7723202739516442
475,octadecanedioate (C18-DC),Method 3,BNJOQKFENDDGSC-UHFFFAOYSA-N,HMDB0000782,,0.010380622837370242,True,all_pre_hcc,sample_median_scaled,True,-0.00709176081109523,0.5434888548960661,0.010612904792390248,0.20853608576424557,0.009155028334773618,0.3014444451479342,0.549396755691974,,0.15776747459103027,0.860649621473309
960,linoleoyl-linoleoyl-glycerol (18:2/18:2) [1]*,Method 2,MQGBAQLIFKSMEM-WVZYQCMWSA-N,HMDB0007248,,0.058823529411764705,True,all_pre_hcc,sample_median_scaled,True,0.002150138526545118,-0.7884653722696803,-0.010918026408476212,0.3033791852448932,0.009351115346781735,0.2867814532072096,0.7882628413717345,,0.1589689608952895,0.860649621473309
1222,isoursodeoxycholate sulfate (1),Method 3,WHMOBEGYTDWMIG-DNMBCGTGSA-N,,,0.36505190311418684,False,all_pre_hcc,sample_median_scaled,True,-0.00022208828688773452,-1.0254912069864366,-0.012040205969185782,0.39732048182784835,0.009850952316723722,0.6012766784553147,0.6199099588043695,,0.16228160056987417,0.894287470086215
58,histidine,Method 3,HNDVDQJCIGZPNO-UHFFFAOYSA-N,HMDB0000177,C00135,0.0,True,all_pre_hcc,sample_median_scaled,True,-0.0022377414053769682,0.346347014784224,0.0006823442637344143,0.1342705072806753,0.009895147827087735,0.8804485856675468,0.7869069835183954,,0.16228160056987417,0.9633991866838792
556,2-hydroxyglutarate,Method 1,HWXBTNAVRSUOJR-UHFFFAOYSA-N,HMDB0059655,C02630,0.005190311418685121,True,all_pre_hcc,sample_median_scaled,True,0.0018143016882341814,-0.5409145648999798,0.00531932147862617,0.2107115923461092,0.01025574735250561,0.3214434738074803,0.8568004679360227,,0.16228160056987417,0.860649621473309
388,"fibrinopeptide A, phosphono-ser(3)*",Method 3,DROFZMGQYLJNLQ-UHFFFAOYSA-N,,,0.1384083044982699,True,all_pre_hcc,sample_median_scaled,True,0.005985213421912845,-0.8625639998963955,-0.014110465204042102,0.336290800553746,0.010319517435464496,0.4175532867078835,0.763172713553392,,0.16228160056987417,0.8731385418330269
559,5-methylthioribose**,Method 1,OLVVOVIFTBSBBH-UHFFFAOYSA-N,HMDB0001087,,0.0,True,all_pre_hcc,sample_median_scaled,True,0.005358481327303355,-0.431891954773528,-0.008198400349356632,0.16842785511878788,0.010339757471846659,0.5765338974449589,0.42330438845563667,,0.16228160056987417,0.8918524885957959
947,ferulylglycine (2),Method 3,CLGNQAIRBLDHIN-HWKANZROSA-N,,,0.671280276816609,False,all_pre_hcc,sample_median_scaled,True,0.009142566269740575,-0.6480311417222749,-0.014269555238293158,0.2529013678087174,0.010395545198050344,0.3207809349529389,0.5534569438042195,,0.16228160056987417,0.860649621473309
776,tyramine O-sulfate,Method 3,DYDUXGMDSXJQFT-UHFFFAOYSA-N,HMDB0006409,,0.08131487889273356,True,all_pre_hcc,sample_median_scaled,True,-0.006182282839047971,0.9385462003752661,0.009199847169860923,0.3665328255597781,0.010448974281526078,0.7503028955578435,0.38911114093432175,,0.16228160056987417,0.932629781173574
1155,dimethylguanidino valeric acid (DMGV)*,Method 1,GLWRPXRMUUZNMD-UHFFFAOYSA-N,,,0.22145328719723184,False,all_pre_hcc,sample_median_scaled,True,0.0004674264294161317,-1.1782107828442667,-0.003751881768717401,0.4615442684692128,0.010687375097701377,0.8385123421826148,0.6570576272881616,,0.16300202651068552,0.9521516206067531
812,daidzein sulfate (2),Method 3,CQRHJEVIKOKQMO-UHFFFAOYSA-N,,,0.6678200692041523,False,all_pre_hcc,sample_median_scaled,True,0.007744194500886092,-0.7383832112109434,-0.014268275695773472,0.28949664553491944,0.010754505723677978,0.2564604886826779,0.05878831854846181,,0.16300202651068552,0.860649621473309
1056,hydroxyasparagine**,Method 1,ZBYVTTSIVDYQSO-REOHCLBHSA-N,HMDB32332,C20631,0.0,True,all_pre_hcc,sample_median_scaled,True,0.0004276773015336214,-0.2422919443825453,-0.002437485016485785,0.0954336046812587,0.01112163729994369,0.48430969825087544,0.7490245600744212,,0.1649545952937553,0.8816380950693892
749,"5alpha-androstan-3alpha,17beta-diol 17-glucuronide",Method 3,ZJYZOWMDMWQJIV-UPDIMMRZSA-N,,,0.7024221453287197,False,all_pre_hcc,sample_median_scaled,True,0.004389067193717653,-0.5615615651106542,-0.014709766557341138,0.22125264559743868,0.011145580763091575,0.008773667816660485,0.8590966923661311,,0.1649545952937553,0.47988148318951696
1235,"cis-3,4-methyleneheptanoylcarnitine",Method 2,LNGSHJPPGDBEPT-VYAYZGMFSA-N,,,0.0,True,all_pre_hcc,sample_median_scaled,True,0.005513424567825419,-0.38962779296782163,-2.5689026135100087e-05,0.1539804535071575,0.011394172454759849,0.9962376262370868,0.6443422481733134,,0.16667289474520802,0.9986190707619562
405,1-methylurate,Method 1,QFDRTQONISXGJA-UHFFFAOYSA-N,HMDB0003099,C16359,0.23529411764705882,False,all_pre_hcc,sample_median_scaled,True,0.021921096572535756,-0.8460893002938771,-0.016110041357362843,0.3350371720401348,0.011557999207196802,0.23307840325833185,0.4872575835787149,,0.16712601152475376,0.860649621473309
975,myristoyl-linoleoyl-glycerol (14:0/18:2) [1]*,Method 2,AMBUOMWGQGABQI-BIXSNLIQSA-N,HMDB0007016,,0.7768166089965398,False,all_pre_hcc,sample_median_scaled,True,0.01189497174268659,-0.5706360113698238,-0.01061794045056598,0.22728124731173324,0.012049056915028701,0.2578066286057715,0.5370651063186427,,0.17224674544438756,0.860649621473309
905,"1,2-dipalmitoyl-GPE (16:0/16:0)*",Method 2,SLKDGVPOSSLUAI-PGUFJCEWSA-N,HMDB0008923,,0.4100346020761246,False,all_pre_hcc,sample_median_scaled,True,-0.013736407314828756,0.6956549143328586,0.022534665342313815,0.2783104883064211,0.012434619004194862,0.17788159529011294,0.3281421588927303,,0.17341226036888163,0.8345004227693749
270,alprazolam,Method 2,VREFGVBLTWBCJP-UHFFFAOYSA-N,HMDB14548,C06817,0.9498269896193772,False,all_pre_hcc,sample_median_scaled,True,0.0006953197047061051,-0.20010165333333071,-0.0059737977994562584,0.08028346898179904,0.012686910222395575,0.34058218709059285,0.7260887898430658,,0.17341226036888163,0.860649621473309
450,1-arachidonoyl-GPC (20:4n6)*,Method 2,LAXQYRRMGGEGOH-JXRLJXCWSA-N,HMDB0010395,C05208,0.0,True,all_pre_hcc,sample_median_scaled,True,0.005039443850302069,-0.40491779074471873,-0.010579296429813858,0.16257428897988904,0.012750494076010364,0.15690660099250572,0.758650438588646,,0.17341226036888163,0.808969278887591
331,butyrylglycine,Method 3,WPSSBBPLVMTKRN-UHFFFAOYSA-N,HMDB0000808,,0.5692041522491349,False,all_pre_hcc,sample_median_scaled,True,0.01138917373121711,-0.6668502140425483,-0.012263219013561926,0.26794262604103386,0.012818230435760237,0.5412502500555688,0.5598148038630463,,0.17341226036888163,0.8918524885957959
15,"9,10-DiHOME",Method 3,XEBKSQSGNGRGDW-YFHOEESVSA-N,HMDB0004704,C14828,0.03806228373702422,True,all_pre_hcc,sample_median_scaled,True,-0.012134840573739116,0.548986080243757,0.0038377669746972615,0.22058834720581352,0.01281982528959141,0.6780476975279439,0.38207346051203944,,0.17341226036888163,0.9221448686380037
82,phytanate,Method 3,RLCKHJSFHOZMDR-UHFFFAOYSA-N,HMDB0000801,C01607,0.0034602076124567475,True,all_pre_hcc,sample_median_scaled,True,-0.009632941053907275,0.6045669862509017,-0.002589748172562813,0.2441207991462263,0.013267484318697504,0.7017211205973664,0.6383373245520834,,0.1755243424049501,0.9294235136125881
833,glycocholate sulfate,Method 3,ZXUWKFXQTSOVDY-FTKNGHMZSA-N,,,0.5363321799307958,False,all_pre_hcc,sample_median_scaled,True,-0.01291331248781393,0.8114630854690794,0.0385828764092274,0.328438537243727,0.013486038109270414,0.03944887075951742,0.7091385927482206,,0.1755243424049501,0.6835859964403045
1154,4-acetylcatechol sulfate (2),Method 3,RRWBOGSYNDIRNR-UHFFFAOYSA-N,,,0.5795847750865052,False,all_pre_hcc,sample_median_scaled,True,0.00790106471663871,-0.759404719669439,-0.014296342628775901,0.3074918646361254,0.01352361624867484,0.30657590654988964,0.34564769078799945,,0.1755243424049501,0.860649621473309
695,retinal,Method 2,NCYCYZXNIZJOKI-OVSJKPMPSA-N,HMDB0001358,C00376,0.11418685121107267,True,all_pre_hcc,sample_median_scaled,True,0.008530484931573747,-0.6167334343908177,-0.02749256525506529,0.2500141358062724,0.013632866407640028,0.018135895317318323,0.5411787196610666,,0.1755243424049501,0.5870510593110491
767,"sphingomyelin (d18:1/24:1, d18:2/24:0)*",Method 2,WKZHECFHXLTOLJ-QYKFWSDSSA-N,HMDB0012107,,0.0,True,all_pre_hcc,sample_median_scaled,True,0.00038769887467405927,-0.19058843081983767,0.002959165139733899,0.0772950638857298,0.013673597421053346,0.5081739349248284,0.8062139331500322,,0.1755243424049501,0.8895039981792914
527,glycosyl-N-stearoyl-sphingosine (d18:1/18:0),Method 2,YMYQEDCYNANIPI-OQRGLTFYSA-N,,,0.0034602076124567475,True,all_pre_hcc,sample_median_scaled,True,-0.001553324232169162,-0.2717011877153391,0.002138124719123826,0.11103899143479178,0.014409124471722863,0.7663397892132982,0.8801840390980655,,0.1775463068947749,0.9377971350489582
145,pipecolate,Method 1,HXEACLLIILLPRG-UHFFFAOYSA-N,HMDB0000070,,0.0,True,all_pre_hcc,sample_median_scaled,True,-0.0004625383410157485,0.40289380962838073,0.008236851315195526,0.1646574746324865,0.014410675113369745,0.6779099023427781,0.5347289327839757,,0.1775463068947749,0.9221448686380037
546,5alpha-pregnan-diol disulfate,Method 3,LSQGWMYMIHQKSA-UHFFFAOYSA-N,"HMDB0240581,HMDB0240582",,0.5778546712802768,False,all_pre_hcc,sample_median_scaled,True,-0.009468338584464189,-0.7265024841079729,-0.005424479180255895,0.2969339887650085,0.01441787404631847,0.5748460371825891,0.7603288810702836,,0.1775463068947749,0.8918524885957959
1213,vanillic acid glycine,Method 3,LOODYTDRRBLQNH-UHFFFAOYSA-N,HMDB0060026,,0.2768166089965398,False,all_pre_hcc,sample_median_scaled,True,0.016149171196142006,-1.0746722070317405,0.007291278699855363,0.43933641063800316,0.014440053515181895,0.6254432744454861,0.4253473538448639,,0.1775463068947749,0.9094394729837076
165,citrate,Method 3,KRKNYBCHXYNGOX-UHFFFAOYSA-N,HMDB0000094,C00158,0.0,True,all_pre_hcc,sample_median_scaled,True,-0.002082576467141494,0.26366151484028844,0.00492320876200692,0.10789358853462158,0.014536780294246276,0.26611136083577136,0.8164538788832596,,0.1775463068947749,0.860649621473309
829,adipoylcarnitine (C6-DC),Method 1,BSVHAXJKBCWVDA-UHFFFAOYSA-N,HMDB0061677,,0.0,True,all_pre_hcc,sample_median_scaled,True,0.002498957696565886,-0.38520058235492927,-0.0016043754282594985,0.15812475679885435,0.014848432374890828,0.8712035680426622,0.4823480804480445,,0.17960892238089096,0.9633991866838792
445,N-ethylglycinexylidide,Method 1,WRMRXPASUROZGT-UHFFFAOYSA-N,HMDB0060656,C16561,0.9377162629757786,False,all_pre_hcc,sample_median_scaled,True,-0.00467291234946332,0.7229072323355727,0.01860478427168135,0.2976663180807755,0.01515797305120368,0.16491361175543495,0.08742121730861062,,0.18160695331823073,0.8236857835111566
323,3-hydroxylaurate,Method 3,MUCMKTPAZLSKTL-UHFFFAOYSA-N,HMDB0000387,,0.0017301038062283738,True,all_pre_hcc,sample_median_scaled,True,-0.007828551725501568,0.542119425957029,0.010732427749910038,0.22437162039252204,0.01568484248821632,0.33992659820578053,0.4846364565229486,,0.18614652688845404,0.860649621473309
1192,mercaptopurine,Method 3,GLVAUDGFNGKCSF-UHFFFAOYSA-N,HMDB0015167,C02380,0.9775086505190311,False,all_pre_hcc,sample_median_scaled,True,0.0007615571547156182,-0.18179960315578922,-0.0007615571547156147,0.07573518980969174,0.01637429746243971,0.7692190159910121,0.34224856918958363,,0.1925127682967211,0.9384983717527862
915,mycophenolic acid,Method 3,HPNSFSBZBAHARI-RUDMXATFSA-N,HMDB0015159,C20380,0.9757785467128027,False,all_pre_hcc,sample_median_scaled,True,0.0022249514858675946,-0.10693783332932062,-0.002224951485867586,0.04461655842733316,0.016538072259275845,0.30321379592374287,0.4171974822877018,,0.1926379157608242,0.860649621473309
401,7-methylxanthine,Method 1,PFWLFWPASULGAN-UHFFFAOYSA-N,HMDB0001991,C16353,0.12283737024221453,True,all_pre_hcc,sample_median_scaled,True,0.013353751884641475,-0.7819941287327877,-0.003000813555104783,0.3267695638457744,0.016706424211996168,0.8510813094403549,0.5666768762860768,,0.19281359319900165,0.9583289995996135
373,epiandrosterone sulfate,Method 3,ZMITXKRGXGRMKS-FMLJXKFRSA-N,HMDB0062657,C04555,0.0017301038062283738,True,all_pre_hcc,sample_median_scaled,True,0.003278002485525011,-0.6937334775931624,-0.016365635594361664,0.2939821302562132,0.01828572093434279,0.06134135037381912,0.8439322175608591,,0.20912215395821118,0.7340158078639959
665,duloxetine,Method 2,ZEUITGRIYCTCEM-KRWDZBQOSA-N,HMDB0014619,,0.9826989619377162,False,all_pre_hcc,sample_median_scaled,True,0.0021805075167904146,-0.0963974865266107,-0.0021805075167904064,0.0412081201844321,0.01932075237380773,0.18434565985176077,0.1226324564330164,,0.21702772250399519,0.8345004227693749
1002,dexlansoprazole,Method 2,MJIHNNLFOKEZEW-RUZDIDTESA-N,,D08903,0.972318339100346,False,all_pre_hcc,sample_median_scaled,True,0.0029912953648560266,-0.15445118263661528,-0.002991295364856028,0.06602568144402599,0.019322022989226917,0.10975463709175198,0.3542484002527221,,0.21702772250399519,0.7707122735653882
1085,"N,N-dimethylalanine",Method 1,QCYOIFVBYZNUNW-BYPYZUCNSA-N,,,0.04498269896193772,True,all_pre_hcc,sample_median_scaled,True,-0.0007424786659721863,-0.5944361458526175,0.007185972804013361,0.2549044582866631,0.0197009080391002,0.44148787556701896,0.7565320389576297,,0.21705438914740952,0.8731385418330269
1212,metabolonic lactone sulfate,Method 3,IJIWKJRHDDIJKI-MVCMDAJNSA-N,,,0.45501730103806226,False,all_pre_hcc,sample_median_scaled,True,0.015940746779160717,-0.9064034163626145,-0.030893316644465374,0.3889331903340612,0.019780470785356642,0.17099191235443456,0.6801390660107729,,0.21705438914740952,0.827337791314918
434,1-docosahexaenoylglycerol (22:6),Method 3,JWPHORDRFVRZPP-KUBAVDMBSA-N,HMDB0011587,,0.3892733564013841,False,all_pre_hcc,sample_median_scaled,True,0.008275093900593044,-0.7914892456405149,-0.0027115580663133114,0.3402268763566674,0.01999950254797526,0.7995071214466785,0.5957486167471497,,0.21705438914740952,0.9407865353739419
639,oleoyl-linoleoyl-glycerol (18:1/18:2) [2],Method 2,GREDRAMJRDQWEJ-LTEAFHAISA-N,HMDB0007219,,0.00865051903114187,True,all_pre_hcc,sample_median_scaled,True,0.000596407954247033,-0.8494904157298606,0.006736516413686782,0.3652033766928311,0.020014554166215823,0.6618671777603948,0.9375662794205394,,0.21705438914740952,0.9169921912142914
444,lidocaine,Method 1,NNJVILVZKWQKPM-UHFFFAOYSA-N,HMDB0014426,D00358,0.916955017301038,False,all_pre_hcc,sample_median_scaled,True,-0.006180949822854007,0.7791409551243228,0.02829569087560221,0.3355890210934233,0.02024846477957843,0.028856695697191546,0.16720260187569244,,0.2171659492439293,0.5951102161814256
340,10-undecenoate (11:1n1),Method 3,FRPZMMHWLSIFAZ-UHFFFAOYSA-N,HMDB0033724,C13910,0.0,True,all_pre_hcc,sample_median_scaled,True,-0.004183360845767283,0.394316289629389,0.008567864651370431,0.17010912333034095,0.020448253436498982,0.038794901770830136,0.5631773098267718,,0.2171659492439293,0.6835859964403045
743,1-(1-enyl-oleoyl)-GPE (P-18:1)*,Method 2,URGVIWXYPWWBQO-ZCJATDNESA-N,,,0.02422145328719723,True,all_pre_hcc,sample_median_scaled,True,0.0016992934389579873,-0.27888933990177656,-0.00766114617453723,0.12051941311249724,0.020664346152455527,0.3868104108681073,0.44783840429625477,,0.2171659492439293,0.8674430787831605
448,testosterone sulfate,Method 3,WAQBISPOEAOCOG-DYKIIFRCSA-N,HMDB0002833,,0.6626297577854672,False,all_pre_hcc,sample_median_scaled,True,-0.0027274419894581284,1.028436265011645,0.005777532148735585,0.4446075808721691,0.020715352869055258,0.6674796863119498,1.1265580823871815,,0.2171659492439293,0.9184728843022074
1071,glycine conjugate of C10H12O2*,Method 3,,,,0.20761245674740483,False,all_pre_hcc,sample_median_scaled,True,0.009007919326044833,-0.6648480290253618,-0.01039805724087032,0.28896926737922196,0.02140537720957749,0.3742932750020531,0.5032195816812798,,0.2225451614020536,0.8623826739058293
420,1-arachidonylglycerol (20:4),Method 3,DCPCOKIYJYGMDN-DOFZRALJSA-N,HMDB11578,C13857,0.005190311418685121,True,all_pre_hcc,sample_median_scaled,True,0.006788554542172295,-0.4773265094755002,-0.005311271956418893,0.2087206855321187,0.02220077290906532,0.31408011436341887,0.5576222381259667,,0.22719653345367044,0.860649621473309
75,pelargonate (9:0),Method 3,FBUKVWPVBMHYJY-UHFFFAOYSA-N,HMDB0000847,C01601,0.0,True,all_pre_hcc,sample_median_scaled,True,-0.001167842177422268,0.2754476806185815,0.0036571981310355305,0.12045698141710025,0.02221396948712358,0.573760763591945,0.722366589788099,,0.22719653345367044,0.8918524885957959
124,caprate (10:0),Method 3,GHVNFZFCNZKVNT-UHFFFAOYSA-N,HMDB0000511,C01571,0.0,True,all_pre_hcc,sample_median_scaled,True,-0.009720253533476745,0.5420606016616372,0.027133682919140572,0.24042231170692493,0.024157282641186627,0.13063764270424605,0.5125776366735156,,0.2450795287307482,0.7802615335128658
592,3-methylglutaconate,Method 4,WKRBKYFIJPGYQC-DUXPYHPUSA-N,HMDB0000522,,0.0,True,all_pre_hcc,sample_median_scaled,True,0.009421091403665883,-0.4610324282127027,0.00117945057967027,0.20524101787154064,0.024684945227716436,0.9323701318132895,0.8811702481982414,,0.24842928877173823,0.9733789425901396
580,cis-4-decenoylcarnitine (C10:1),Method 2,OQWOHRPOYAVIOK-KTKRTIGZSA-N,HMDB0013205,,0.0,True,all_pre_hcc,sample_median_scaled,True,0.004989375709291182,-0.36675207684628797,-0.0005411921902484291,0.163690836360347,0.025057388195926244,0.9503137860475998,0.5168822855920026,,0.25017614563869217,0.9803589194340951
400,1-linoleoyl-GPC (18:2),Method 2,SPJFYYJXNPEZDW-UTJQPWESSA-N,HMDB0010386,C04100,0.0,True,all_pre_hcc,sample_median_scaled,True,0.0038183308159337103,-0.21419183829693234,-0.0025036020601493015,0.09591752022069738,0.025543433994848014,0.6547275900578173,0.6175842243573259,,0.2530207871300693,0.9121232649974909
4,"12,13-DiHOME",Method 3,CQSLTKIXAJTQGA-FLIBITNWSA-N,HMDB0004705,C14829,0.01903114186851211,True,all_pre_hcc,sample_median_scaled,True,-0.010874069907607873,0.5346391101215576,0.02265272844483616,0.24005012775962634,0.025934058859531248,0.07089118019427412,0.3573369887722007,,0.25488317222883056,0.7340158078639959
470,7alpha-hydroxy-3-oxo-4-cholestenoate (7-Hoca),Method 3,SATGKQGFUDXGAX-MYWFJNCASA-N,HMDB0012458,C17337,0.0,True,all_pre_hcc,sample_median_scaled,True,-0.00715518432079043,0.3348313616544658,0.009662740203830456,0.1506288779040482,0.02622324724252907,0.08359071345317867,0.7090135657964938,,0.25572748086125247,0.7340158078639959
920,glycosyl-N-palmitoyl-sphingosine (d18:1/16:0),Method 2,VJLLLMIZEJJZTE-NNTBDIJYSA-N,,,0.0,True,all_pre_hcc,sample_median_scaled,True,-0.004060906775803729,-0.2981506190252571,0.010444246467971074,0.1353113595179351,0.027563669819294277,0.1669633344955047,0.9163140843802734,,0.2655033770603407,0.8236857835111566
166,"5,6-dihydrouracil",Method 3,OIVLITBTBDPEFK-UHFFFAOYSA-N,HMDB0000076,C00429,0.08131487889273356,True,all_pre_hcc,sample_median_scaled,True,-0.006084014691861566,0.5044862329188541,0.014069843051343987,0.22925677133521288,0.027769366457052996,0.24354888535442032,0.36094331074859326,,0.2655033770603407,0.860649621473309
358,N-acetylasparagine,Method 1,HXFOXFJUNFFYMO-BYPYZUCNSA-N,HMDB0006028,,0.02249134948096886,True,all_pre_hcc,sample_median_scaled,True,0.001448006826825697,-0.43797031710447704,0.00020479164535946166,0.1992519621888905,0.0279439189618765,0.9894492344885089,0.4274535880331553,,0.2655033770603407,0.9941910039828628
186,choline,Method 1,CRBHXDCYXIISFC-UHFFFAOYSA-N,HMDB0000097,C00114,0.0,True,all_pre_hcc,sample_median_scaled,True,0.0011921411835509313,-0.16748889241922685,-0.001641444338643059,0.07638424424797784,0.028327905840130424,0.6536672964816352,0.7880373208511123,,0.2655033770603407,0.9121232649974909
1131,4-hydroxy duloxetine glucuronide*,Method 3,OBIZFSZXDHWUJZ-ANUWOGMRSA-N,HMDB0060763,,0.9826989619377162,False,all_pre_hcc,sample_median_scaled,True,0.0005215971073172636,-0.06584991714806132,-0.0005215971073172603,0.03009277696437512,0.028652853342867338,0.7307116358024645,0.14324756955187526,,0.2655033770603407,0.932629781173574
732,acisoga,Method 3,OAUYENAPBFTAQT-UHFFFAOYSA-N,HMDB0061384,,0.0657439446366782,True,all_pre_hcc,sample_median_scaled,True,0.005638364520064331,-0.5060105016504995,-0.024306818691971203,0.2312586082581008,0.028664353021501002,0.23879545838943506,0.6834063227874005,,0.2655033770603407,0.860649621473309
295,homoarginine,Method 1,QUOGESRFPZDMMT-YFKPBYRVSA-N,HMDB0000670,C01924,0.0,True,all_pre_hcc,sample_median_scaled,True,-0.002448752264646012,0.3214113194116846,0.012784744988604683,0.14706502501704932,0.028851853734882662,0.08316987444916206,0.7581417147165311,,0.2655033770603407,0.7340158078639959
126,nonadecanoate (19:0),Method 3,ISYWECDDZWTKFF-UHFFFAOYSA-N,HMDB0000772,C16535,0.0,True,all_pre_hcc,sample_median_scaled,True,0.0004996225162943156,0.2506373179329691,0.002067583839718933,0.114726246272973,0.028914119759353485,0.6205104156718477,0.6018170156568242,,0.2655033770603407,0.9087335307510879
56,glycocholate,Method 3,RFDAIACWWDREDC-FRVQLJSFSA-N,HMDB0000138,C01921,0.0,True,all_pre_hcc,sample_median_scaled,True,-0.02085794906246459,0.8726902510289745,0.039450653966665805,0.4015386693259302,0.02975282673772427,0.0004120164480768108,0.6456223843088896,,0.26642707652180736,0.1036633383361256
205,stearoyl sphingomyelin (d18:1/18:0),Method 2,LKQLRGMMMAHREN-YJFXYUILSA-N,HMDB0001348,C00550,0.0,True,all_pre_hcc,sample_median_scaled,True,0.0008358392925359292,-0.22512714855286992,-0.003942473035790702,0.10358468051399428,0.029752980753230424,0.361940668848018,0.7467094481404695,,0.26642707652180736,0.860649621473309
298,3-hydroxydecanoate,Method 3,FYSSBMZUBSBFJL-UHFFFAOYSA-N,HMDB0002203,,0.0,True,all_pre_hcc,sample_median_scaled,True,-0.006805103053129543,0.44387664547770905,0.009912627734015106,0.20429612256284344,0.029801996937849816,0.3517489154410436,0.5361194682389148,,0.26642707652180736,0.860649621473309
1013,docosahexaenoylcarnitine (C22:6)*,Method 2,WLLMYDQRCSWAST-WSDBEMKQSA-N,,,0.05709342560553633,True,all_pre_hcc,sample_median_scaled,True,0.0023739833373361886,-0.6471114726710739,-0.018520003605879083,0.2988963892495299,0.03038748287810688,0.14996245295032087,0.6360042127358668,,0.26642707652180736,0.804580828529926
120,caffeine,Method 1,RYYVLZVUVIJVGH-UHFFFAOYSA-N,HMDB0001847,C07481,0.006920415224913495,True,all_pre_hcc,sample_median_scaled,True,0.005325584800224979,0.5067693642066595,-0.008492387269466798,0.23431712623860662,0.03056041333846867,0.676382670724845,0.5281611328346496,,0.26642707652180736,0.9221448686380037
788,eugenol sulfate,Method 3,XWAZTQUZONPJEW-UHFFFAOYSA-N,HMDB0135245,,0.16262975778546712,True,all_pre_hcc,sample_median_scaled,True,0.004107154489524644,0.8955484523445417,-0.012800838101446523,0.41437061085785826,0.030677901863680294,0.5698224306482866,0.2626506498761963,,0.26642707652180736,0.8918524885957959
837,"trans-3,4-methyleneheptanoate",Method 3,VFMNSFWBDMRNLJ-UHFFFAOYSA-N,,,0.058823529411764705,True,all_pre_hcc,sample_median_scaled,True,-0.005527668575615645,0.5250267442862353,0.010142821389268213,0.2429536256545661,0.030694080602327763,0.14465342570921055,0.7113456675587695,,0.26642707652180736,0.7957800342207456
572,13-HODE + 9-HODE,Method 3,HNICUWMFWZBIFP-IRQZEAMPSA-N,"HMDB0004670,HMDB0004667","C14767,C14762",0.00865051903114187,True,all_pre_hcc,sample_median_scaled,True,-0.008940758094413984,0.39415997637361844,0.01709603561681149,0.18241195571924215,0.03070900325569322,0.06404077996998656,0.268152502571403,,0.26642707652180736,0.7340158078639959
560,"sphingomyelin (d18:1/18:1, d18:2/18:0)",Method 2,NBEADXWAAWCCDG-QDDWGVBQSA-N,HMDB0012101,,0.0,True,all_pre_hcc,sample_median_scaled,True,0.0026014560128068687,-0.23679983445379948,-0.0013010725183750954,0.10989783956836012,0.031183209153911914,0.770642939603043,0.703089680342374,,0.26746947047745684,0.9384983717527862
1132,5-hydroxy-6-methoxy duloxetine sulfate*,Method 3,XYZBSFYKOKLCKI-INIZCTEOSA-N,,,0.9826989619377162,False,all_pre_hcc,sample_median_scaled,True,0.00047663959853900596,-0.05977546155980793,-0.0004766395985390131,0.02775324482539685,0.031254381685362605,0.7024218671663494,0.15027981422944725,,0.26746947047745684,0.9294235136125881
486,taurolithocholate 3-sulfate,Method 3,HSNPMXROZIQAQD-VUIPEFFGSA-N,HMDB0002580,C03642,0.05536332179930796,True,all_pre_hcc,sample_median_scaled,True,-0.0018129335762126929,0.9146729041822798,0.005647055215649309,0.4256736008223192,0.03165296435972045,0.7843625144027182,0.8566273259971938,,0.2690501970576238,0.9407865353739419
1114,"N2-acetyl,N6-methyllysine",Method 1,MKWKYAGEJHBUOX-QMMMGPOBSA-N,,,0.025951557093425604,True,all_pre_hcc,sample_median_scaled,True,0.0015516064384991973,-0.576331087930951,-0.0028315590893385513,0.27000914729789427,0.03280291453480517,0.5323321539108887,0.9200348170967683,,0.2766702606961969,0.8895798552766429
684,5-hydroxymethyl-2-furoic acid,Method 3,PCSKKIUURRTAEM-UHFFFAOYSA-N,HMDB0002432,C20448,0.6920415224913494,False,all_pre_hcc,sample_median_scaled,True,0.0008885354513087875,-0.5875459393847823,0.009618175024840362,0.2755568058388715,0.03298929976504732,0.5396948725599442,0.3382217391651905,,0.2766702606961969,0.8918524885957959
32,2-hydroxyphenylacetate,Method 4,CCVYRRGZDBSHFU-UHFFFAOYSA-N,HMDB0000669,C05852,0.11072664359861592,True,all_pre_hcc,sample_median_scaled,True,0.00575865907433982,-0.6103485303879648,-0.008643121841057148,0.28678958745029526,0.0333196580320436,0.49027318390977626,0.46925155405065844,,0.2775902636047076,0.8823514525872654
137,pentadecanoate (15:0),Method 3,WQEPLUUGTLDZJY-UHFFFAOYSA-N,HMDB0000826,C16537,0.0,True,all_pre_hcc,sample_median_scaled,True,0.0013259327457432097,0.2871676830791274,0.008820399060248913,0.1353088596418681,0.033811505163930895,0.3961480956547887,0.43577969481336165,,0.2795924462714217,0.8674430787831605
33,3-(4-hydroxyphenyl)lactate,Method 3,JVGVDSSUAVXRDY-UHFFFAOYSA-N,HMDB0000755,C03672,0.0,True,all_pre_hcc,sample_median_scaled,True,-0.005771483275112584,0.34377845592881223,0.004628759235606282,0.16215823534962123,0.03400448670868642,0.40243079654995384,0.773761489824011,,0.2795924462714217,0.8674430787831605
100,threonine,Method 1,AYFVYJQAPQTCCC-GBXIJSLDSA-N,HMDB0000167,C00188,0.0,True,all_pre_hcc,sample_median_scaled,True,-0.0021973673951483693,0.18058630381804056,0.007636575922808664,0.08542774420293468,0.03452321389867976,0.1366857605318342,0.7150250163531612,,0.28201430574376063,0.786838116454639
1201,undecenoylcarnitine (C11:1),Method 2,FVOVZEONZTWNTC-OUKQBFOZSA-N,,,0.0,True,all_pre_hcc,sample_median_scaled,True,0.005906973654129223,-0.3662650724021944,-0.009335484588235224,0.1740289665099853,0.03532428467340154,0.21562819435709768,0.5462970598475576,,0.28669645238154284,0.860649621473309
356,N-acetyltryptophan,Method 3,DZTHIGRZJZPRDV-LBPRGKRZSA-N,HMDB0013713,C03137,0.0,True,all_pre_hcc,sample_median_scaled,True,-0.0031411456550488035,0.3538499559817377,0.007582065954018574,0.1687385216500828,0.03599080752218016,0.47199668471740674,0.5780688068367273,,0.2902335632237349,0.8816380950693892
713,dimethyl sulfone,Method 1,HHVIBTZHLRERCL-UHFFFAOYSA-N,HMDB0004983,C11142,0.0034602076124567475,True,all_pre_hcc,sample_median_scaled,True,0.008219818504225448,-0.532395172591377,-0.0059666964188535105,0.25446177437872103,0.03641702745502907,0.5529512229447932,0.5631869599926068,,0.2918001308180036,0.8918524885957959
752,N-acetylmethionine sulfoxide,Method 1,NPIMMZJBURSMON-UHFFFAOYSA-N,,,0.3027681660899654,False,all_pre_hcc,sample_median_scaled,True,0.006074280827597948,-0.6894042070616039,-0.0074039103314308095,0.33069097910628575,0.037093046281527084,0.6379705863177478,0.8287515246640456,,0.29533577355798146,0.9094394729837076
966,N-behenoyl-sphingadienine (d18:2/22:0)*,Method 2,HILTUFAERVOALR-MQXYEJFFSA-N,,,0.01384083044982699,True,all_pre_hcc,sample_median_scaled,True,0.005655862732071757,-0.4066345431366641,-0.0006290724062345779,0.19586321555332112,0.0378833240220997,0.943055355922257,0.7030869193407855,,0.29973095358365676,0.9780409214758445
583,(12 or 13)-methylmyristate (a15:0 or i15:0),Method 3,ZOCYQVNGROEVLU-UHFFFAOYSA-N,HMDB0061707,,0.5536332179930796,False,all_pre_hcc,sample_median_scaled,True,-0.008295903617269557,0.7478000347020828,0.0071647725318001185,0.36108736416972836,0.03836187504506717,0.757541801633312,0.5574611554828747,,0.3016202425418406,0.9345736058962584
937,pimeloylcarnitine/3-methyladipoylcarnitine (C7-DC),Method 1,NTBUXPPQHCFLOM-UHFFFAOYSA-N,,,0.10207612456747404,True,all_pre_hcc,sample_median_scaled,True,0.009663571557711855,-0.5236915538817378,-0.024935423799958546,0.2534969925721213,0.03884085987934934,0.20757259737990097,0.59219707701763,,0.30348945172808367,0.860649621473309
288,"2,3-dihydroxypyridine",Method 1,GGOZGYRTNQBSSA-UHFFFAOYSA-N,,,0.3356401384083045,False,all_pre_hcc,sample_median_scaled,True,0.01971803608382962,-0.8571235704176481,-0.03717403289843215,0.4163184230561366,0.039511744046894726,0.054987174752592544,0.26627902812806215,,0.30682576549996027,0.7339417215854952
638,oleoyl-linoleoyl-glycerol (18:1/18:2) [1],Method 2,BLZVZPYMHLXLHG-RQOIEFAZSA-N,HMDB0007219,,0.01730103806228374,True,all_pre_hcc,sample_median_scaled,True,-0.000215311305187871,-0.697740364675746,0.028290014896150566,0.3395541025134001,0.03989132775661857,0.04129772315537611,0.9286030013531402,,0.3078729467351298,0.6835859964403045
453,1-palmitoyl-GPE (16:0),Method 2,YVYMBNSKXOXSKW-HXUWFJFHSA-N,HMDB0011503,,0.0,True,all_pre_hcc,sample_median_scaled,True,0.0036515742393658968,-0.19783265491102,-0.0035280022568434963,0.09675544966648193,0.040887719637664174,0.5474706487634871,0.6643095092395959,,0.3118230725335811,0.8918524885957959
549,"5alpha-androstan-3beta,17alpha-diol disulfate",Method 3,JHFAETDERBWUOO-ILSMVHKQSA-N,HMDB0094682,,0.7006920415224913,False,all_pre_hcc,sample_median_scaled,True,-0.00010187815824277552,-0.6839101521412221,-0.016499344350730045,0.3345034182847352,0.04089889266139975,0.03867488517416903,0.8998296602157627,,0.3118230725335811,0.6835859964403045
778,4-methylguaiacol sulfate,Method 3,LILXPJXZNJTPQZ-UHFFFAOYSA-N,,,0.28546712802768165,False,all_pre_hcc,sample_median_scaled,True,0.011645052365188186,-0.8933538035288537,-0.00949500672302413,0.43880394279237434,0.04176203293041209,0.7427917214552506,0.5290621925254249,,0.3154661033421853,0.932629781173574
279,N-acetylaspartate (NAA),Method 4,OTCCIMWXFLJLIA-BYPYZUCNSA-N,HMDB0000812,C01042,0.012110726643598616,True,all_pre_hcc,sample_median_scaled,True,0.003326484356032118,-0.4589923003557248,-0.018639081880504692,0.22557919460689002,0.041878250602658935,0.1306133765153458,0.7002575176213967,,0.3154661033421853,0.7802615335128658
996,sphingomyelin (d18:2/18:1)*,Method 2,YMTVMVYOUDDTQJ-UOMMIRHQSA-N,HMDB0001348,,0.0,True,all_pre_hcc,sample_median_scaled,True,0.00034714953845752184,-0.20397736171531378,0.001785509217112067,0.10115130394710498,0.04374177279239323,0.6868222512642022,0.7098607066484028,,0.3275425605525636,0.9270626524574747
811,dopamine 3-O-sulfate,Method 3,NZKRYJGNYPYXJZ-UHFFFAOYSA-N,HMDB0006275,C13690,0.0,True,all_pre_hcc,sample_median_scaled,True,-0.0006795730505856013,0.4722334276820477,-0.007216294170390175,0.23485751364021423,0.04435471275960044,0.48020665663204776,0.5509940599235703,,0.32840829112509723,0.8816380950693892
327,O-acetylhomoserine,Method 4,FCXZBWSIAGGPCB-YFKPBYRVSA-N,HMDB0029423,C01077,0.2301038062283737,False,all_pre_hcc,sample_median_scaled,True,-0.014715470829573876,0.7539546838945385,0.03354699145483692,0.37501066857567994,0.04437949880068882,0.14675752618379412,0.26348987049367734,,0.32840829112509723,0.7957800342207456
953,linoleoyl-linolenoyl-glycerol (18:2/18:3) [2]*,Method 2,ZDBLXLQFRZTIIU-ZPNZQGKLSA-N,HMDB0007250,,0.6487889273356401,False,all_pre_hcc,sample_median_scaled,True,0.009197087158224758,-0.8601670603512397,-0.0037971888725007443,0.4292802641182911,0.04509766341357961,0.8219150958666077,0.5965409544698648,,0.3313150000972733,0.9456727998652892
922,14-HDoHE/17-HDoHE,Method 3,ZNEBXONKCYFJAF-BGKMTWLOSA-N,"HMDB0060044,HMDB0010213",,0.513840830449827,False,all_pre_hcc,sample_median_scaled,True,-0.013620678075526997,0.729484860592424,0.004166842548204393,0.364639398372832,0.045439275967898825,0.8176126006432797,0.23845981275022837,,0.3313150000972733,0.9444540834433404
690,N-acetylcarnosine,Method 1,BKAYIFDRRZZKNF-VIFPVBQESA-N,HMDB0012881,,0.0017301038062283738,True,all_pre_hcc,sample_median_scaled,True,-0.000579487020319383,-0.3853497601011984,0.0019185829696794449,0.1927921861857993,0.045631829054648555,0.8896136123001193,0.8593200096416856,,0.3313150000972733,0.9633991866838792
733,2-aminoheptanoate,Method 1,RDFMDVXONNIGBC-UHFFFAOYSA-N,HMDB0094649,,0.0017301038062283738,True,all_pre_hcc,sample_median_scaled,True,0.0015931020154605873,-0.21761971331460828,0.005699260231747278,0.1089736080510067,0.045825763129511574,0.2691798070452832,0.5179275747642323,,0.3313150000972733,0.860649621473309
782,methyl-4-hydroxybenzoate sulfate,Method 3,IBEAHXYYSZWGED-UHFFFAOYSA-N,HMDB0041646,,0.029411764705882353,True,all_pre_hcc,sample_median_scaled,True,-0.02081287798976573,0.8636373876007889,0.046867512543892514,0.4337642971167262,0.04647767557803211,0.11317283629202388,0.46062110418681357,,0.3341080907266537,0.7723202739516442
422,cysteine-glutathione disulfide,Method 1,BNRXZEPOHPEEAS-UHFFFAOYSA-N,HMDB0000656,R00900,0.11937716262975778,True,all_pre_hcc,sample_median_scaled,True,0.006722209374244858,-0.8858197230398605,0.007873513915077903,0.4459072737292372,0.046971632963313935,0.5620926335141226,0.6676190986463595,,0.3357404219764144,0.8918524885957959
1234,"cis-3,4-methyleneheptanoate",Method 3,VFMNSFWBDMRNLJ-BQBZGAKWSA-N,,,0.0,True,all_pre_hcc,sample_median_scaled,True,-0.00287165664222863,0.3341339217639008,0.005139356768049143,0.1693427158375142,0.048481608104502694,0.4791226631427702,0.7899931352282284,,0.343421372089021,0.8816380950693892
1115,cholic acid glucuronide,Method 3,RBLDVEUUCHVWMW-LFKDYQRZSA-N,HMDB0002577,,0.4913494809688581,False,all_pre_hcc,sample_median_scaled,True,-0.0006176915071386907,-0.6984989363321166,0.00781840761416528,0.3546947916138305,0.04891914197757017,0.6485698192314613,0.43633282222585673,,0.343421372089021,0.9113414112768338
1172,meloxicam,Method 3,ZRVUJXDFFKFLMG-UHFFFAOYSA-N,HMDB0014952,"D00969,C08169",0.986159169550173,False,all_pre_hcc,sample_median_scaled,True,0.006633270652247214,-0.2347350439727222,-0.006633270652247217,0.11925631555508519,0.04903079344457463,0.08035597435468461,0.10194819889837695,,0.343421372089021,0.7340158078639959
237,glycerophosphorylcholine (GPC),Method 1,SUHOQUVVVLNYQR-MRVPVSSYSA-N,HMDB0000086,C00670,0.0,True,all_pre_hcc,sample_median_scaled,True,0.001117554077103192,-0.19580995500846776,-0.005735045207357723,0.09952774578647165,0.04913819314469299,0.1351570174132998,0.6895828245455033,,0.343421372089021,0.786838116454639
266,maleate,Method 4,VZCYOOQTPOCHFL-UHFFFAOYSA-N,HMDB0000176,C01384,0.0034602076124567475,True,all_pre_hcc,sample_median_scaled,True,0.007291815051485466,-0.47442175782570467,-0.003240172830611404,0.2415652469636586,0.04953603893494742,0.8084081820383837,0.6764298248325432,,0.3442891545865407,0.9421232343653363
1227,carnitine of C10H14O2 (5)*,Method 3,,,,0.19896193771626297,True,all_pre_hcc,sample_median_scaled,True,0.006611166104883822,-0.615881353822904,0.018955308762108984,0.3147756714859122,0.050397776509976844,0.21309543752059523,0.796697102373214,,0.34750489736028306,0.860649621473309
451,2-palmitoleoyl-GPC (16:1)*,Method 3,GKXPPJQBVCKAGD-DJYGDJEFSA-N,HMDB10383,,0.006920415224913495,True,all_pre_hcc,sample_median_scaled,True,-0.0004020277267716027,-0.36591338441826426,-0.006056957872880305,0.18745595275183743,0.05093860701486657,0.3241282821501492,0.6056827146828675,,0.34750489736028306,0.860649621473309
898,1-linoleoyl-GPA (18:2)*,Method 3,ZQTAMPRZFOOEEP-KKFOGOCZSA-N,HMDB0007856,,0.0017301038062283738,True,all_pre_hcc,sample_median_scaled,True,-0.006598742988396926,0.29608618393567954,0.004635838059283487,0.15191488966295905,0.051292230061776314,0.39341332739837287,0.276540492112601,,0.34750489736028306,0.8674430787831605
252,gamma-glutamylphenylalanine,Method 1,XHHOHZPNYFQJKL-QWRGUYRKSA-N,HMDB0000594,,0.0,True,all_pre_hcc,sample_median_scaled,True,-0.0028991800563291006,0.18635156293417962,0.0017515802837916685,0.095661102069464,0.051410290133452455,0.558958530411622,0.6399809398674446,,0.34750489736028306,0.8918524885957959
562,cysteine sulfinic acid,Method 1,ADVPTQAUNPRNPO-UHFFFAOYSA-N,HMDB0000996,C00606,0.0,True,all_pre_hcc,sample_median_scaled,True,-0.004639666536196468,-0.3368223957950441,0.0037561057343937832,0.1729154880977926,0.05142671073332854,0.5986430132218454,0.7975714073295934,,0.34750489736028306,0.894287470086215
201,N-palmitoyl-sphingosine (d18:1/16:0),Method 2,YDNKGFDKKRUKPY-TURZORIXSA-N,HMDB0004949,,0.0,True,all_pre_hcc,sample_median_scaled,True,-0.0008064719803503079,-0.25819727732060516,0.005994815467396192,0.13281950701999887,0.051898941551758775,0.3256371992805305,0.9933628929422085,,0.34750489736028306,0.860649621473309
1054,3-hydroxystachydrine*,Method 1,DJMIFDZBCUUQJN-NTSWFWBYSA-N,,C10151,0.2958477508650519,False,all_pre_hcc,sample_median_scaled,True,-0.008193358351551739,1.262290553109548,-0.020804979155715803,0.6494286599125524,0.05193236939883403,0.5345374261015239,0.3563375995516793,,0.34750489736028306,0.8895798552766429
1027,fluconazole,Method 3,RFHAOTPXVQNOHP-UHFFFAOYSA-N,HMDB0014342,C07002,0.9809688581314879,False,all_pre_hcc,sample_median_scaled,True,0.004526015823400997,-0.2102540346904309,-0.029265297300417697,0.10860096063697793,0.05286479716164936,0.2606095575273012,0.12229956544138182,,0.3506525756271112,0.860649621473309
1198,eicosenedioate (C20:1-DC)*,Method 3,NZLFRLCYQVOISV-IWQZZHSRSA-N,,,0.0034602076124567475,True,all_pre_hcc,sample_median_scaled,True,-0.005976742494786279,0.34807193846485174,0.026366655496917402,0.17985937183017656,0.052960245921423794,0.08752941250704085,0.803324887971126,,0.3506525756271112,0.7340158078639959
952,linoleoyl-arachidonoyl-glycerol (18:2/20:4) [2]*,Method 2,KRECEGQUDDMNAQ-MYBRWWDOSA-N,HMDB0007257,,0.11072664359861592,True,all_pre_hcc,sample_median_scaled,True,0.005009160847841253,-0.8155586530938148,-0.02650613465206862,0.4236795963250677,0.05423661366557266,0.30838838729801155,0.7473687537288862,,0.3572233507397403,0.860649621473309
353,tauro-beta-muricholate,Method 3,XSOLDPYUICCHJX-OEYGYFRSSA-N,HMDB0000932,,0.27162629757785467,False,all_pre_hcc,sample_median_scaled,True,-0.012265222883801268,1.3285575528600762,-0.0059134651770626845,0.6919222325829711,0.05484569383407837,0.8572731486993157,0.9034203894301361,,0.3588473018529007,0.9583289995996135
482,ectoine,Method 1,WQXNXVUDBPYKBA-YFKPBYRVSA-N,HMDB0240650,C06231,0.0017301038062283738,True,all_pre_hcc,sample_median_scaled,True,0.006731688332464943,-0.5343502689945018,-0.02118321365577198,0.27853194885159294,0.05505367985501576,0.006632963838662321,0.4268037843337933,,0.3588473018529007,0.3973461194779619
148,3-ureidopropionate,Method 1,JSJWCHRYRHKBBW-UHFFFAOYSA-N,HMDB0000026,C02642,0.0,True,all_pre_hcc,sample_median_scaled,True,-0.0060472755804595645,0.30628318785358727,0.012161909105958848,0.16020870424795133,0.05590490568381922,0.03147537097231208,0.6131491724321199,,0.3625173780940442,0.6285082013201365
127,arachidate (20:0),Method 3,VKOBVWXKNCXXDE-UHFFFAOYSA-N,HMDB0002212,C06425,0.0,True,all_pre_hcc,sample_median_scaled,True,0.0001277870713503322,0.21294676006785956,0.00023911551837161945,0.11167712208476195,0.056545535910537535,0.9590457716688171,0.6429038895644023,,0.36479120089977546,0.9832759419391783
81,phosphate,Method 1,NBIIXXVUZAFLBC-UHFFFAOYSA-N,HMDB0001429,C00009,0.0,True,all_pre_hcc,sample_median_scaled,True,-0.004031918076785164,-0.3129970658596881,0.005528617266264988,0.16506266835144398,0.057929411845537036,0.37810546370181297,0.8407131946631158,,0.3718122454167632,0.8648303151579649
257,sphingosine 1-phosphate,Method 2,DUYSYHSSBDVJSM-KRWOKUGFSA-N,HMDB0000277,C06124,0.0,True,all_pre_hcc,sample_median_scaled,True,-0.0006686858071230966,-0.18353768985129296,-0.0007380391513671773,0.09692604889885022,0.058280146838115776,0.7991558399379246,0.5321557683028927,,0.37216459249923683,0.9407865353739419
222,3-phenylpropionate (hydrocinnamate),Method 3,XMIIGOLPHOKFCH-UHFFFAOYSA-N,HMDB0000764,C05629,0.2231833910034602,False,all_pre_hcc,sample_median_scaled,True,0.003243394632557131,-1.054566621202435,0.007292149452235288,0.5577838861807511,0.05867287314440167,0.738584337402483,0.6030845820774312,,0.372780173816451,0.932629781173574
1150,tetrahydrocortisol sulfate (1),Method 3,UCVZOQFWMUAZJZ-GXBDJPPSSA-N,,,0.3477508650519031,False,all_pre_hcc,sample_median_scaled,True,-0.0009319004149960842,-0.6137383895671793,-0.011985989230559905,0.32731448727083107,0.06078275203321911,0.734752867559654,0.6983650897959188,,0.38337421011052475,0.932629781173574
802,"sphingomyelin (d18:1/20:0, d16:1/22:0)*",Method 2,AADLTHQNYQJHQV-SVLGDMRNSA-N,HMDB0012102,,0.0,True,all_pre_hcc,sample_median_scaled,True,0.0017660054466896791,-0.193679323908151,-0.0037507390597966376,0.10335850977630172,0.06094979493013112,0.4943254413794522,0.7183505899514244,,0.38337421011052475,0.8844630760522942
1065,gamma-glutamylcitrulline*,Method 1,SCTJBDDLOROJJM-UHFFFAOYSA-N,,,0.0,True,all_pre_hcc,sample_median_scaled,True,0.0035248120816131936,-0.3535556979596094,-0.005004976377012729,0.188948846593121,0.06132131278991752,0.6357897724435313,0.5487994563508484,,0.38375843935187837,0.9094394729837076
1140,glycoursodeoxycholic acid sulfate (2),Method 3,DKXXSIJHWWVNMO-XROMFQGDSA-N,,,0.5380622837370242,False,all_pre_hcc,sample_median_scaled,True,0.01895539245331745,-0.7551663220166186,-0.01261868483675165,0.40404549069654366,0.061620989466676816,0.37944514983051614,0.6290591326918626,,0.38375843935187837,0.8663194164914506
545,"5alpha-pregnan-3beta,20alpha-diol monosulfate (2)",Method 3,ZIVKBPVUJZDVBI-MHACIFFSSA-N,,,0.22145328719723184,False,all_pre_hcc,sample_median_scaled,True,-0.0019402779937134048,-0.6526932480809511,-0.01877202590577548,0.34993280699442825,0.06215394556179808,0.4646668461776233,0.7188291488768814,,0.3851707562401083,0.8816380950693892
180,"cys-gly, oxidized",Method 1,KDJVKDYFFTWHBO-UHFFFAOYSA-N,,,0.006920415224913495,True,all_pre_hcc,sample_median_scaled,True,0.008217873117459452,-0.3329162875014757,-0.012905247459354535,0.17980789686367668,0.06409608286121041,0.02019814514890966,0.7309522609306299,,0.3952591776441308,0.5870510593110491
1136,10-hydroxywarfarin,Method 3,BPZSPAZBZFZZBN-UHFFFAOYSA-N,HMDB0013884,,0.9688581314878892,False,all_pre_hcc,sample_median_scaled,True,0.007336265383539506,-0.15005404503652808,-0.007336265383539501,0.08139175630480827,0.06524109208212345,0.18507600791149093,1.5447180414095751,,0.3983123389214945,0.8345004227693749
594,cysteinylglycine disulfide*,Method 1,ZHRLECIZINSPKL-AKGZTFGVSA-N,HMDB0000709,,0.0,True,all_pre_hcc,sample_median_scaled,True,0.003921143570090986,-0.17810695448202088,-0.005215268341661407,0.0966684588323384,0.0654091232535353,0.040879048005585124,0.8482635844484443,,0.3983123389214945,0.6835859964403045
705,warfarin,Method 3,PJVWKTKQMONHTI-UHFFFAOYSA-N,HMDB0001935,"
DG00149,D08682,C01541",0.9688581314878892,False,all_pre_hcc,sample_median_scaled,True,0.008450142469273001,-0.16089423135188705,-0.008450142469273008,0.08737154787888986,0.06554911498767482,0.18670896891957567,1.5207765626034289,,0.3983123389214945,0.8388567246458078
818,3-methoxycatechol sulfate (1),Method 3,NTXOJWKIHIOUQN-UHFFFAOYSA-N,,,0.00865051903114187,True,all_pre_hcc,sample_median_scaled,True,0.008765315883325214,-0.5934050648443404,-0.0082201837144003,0.32288777962104415,0.0660910126618232,0.732552146787341,0.35216166888922745,,0.3983123389214945,0.932629781173574
18,quinolinate,Method 4,GJAWHXHKYYXBSV-UHFFFAOYSA-N,HMDB0000232,C03722,0.00865051903114187,True,all_pre_hcc,sample_median_scaled,True,-0.0019927023573220954,-0.3051017502736949,0.003177790282072777,0.16606516511902286,0.06617430749967596,0.5884636488621767,0.6991813081824764,,0.3983123389214945,0.8918524885957959
795,valsartan,Method 3,ACWBQPMHZXGDFX-UHFFFAOYSA-N,HMDB0014323,,0.9826989619377162,False,all_pre_hcc,sample_median_scaled,True,-0.0006454308307232327,-0.16004759339880267,0.0005886603376943548,0.08723374341792017,0.06655041682215619,0.8910315900676471,0.24092839563386526,,0.3986686874393928,0.9633991866838792
819,3-methoxycatechol sulfate (2),Method 3,NTXOJWKIHIOUQN-UHFFFAOYSA-N,,,0.2768166089965398,False,all_pre_hcc,sample_median_scaled,True,0.02030163174899416,-0.4603832828319541,-0.014400999891091257,0.25175794990047795,0.06744842064336545,0.2229569629479673,0.36406456598493964,,0.39962578461834863,0.860649621473309
274,3-hydroxyoctanoate,Method 3,NDPLAKGOSZHTPH-UHFFFAOYSA-N,HMDB0001954,C20793,0.0,True,all_pre_hcc,sample_median_scaled,True,-0.005386598652297683,0.3740291398155689,0.009484517751921205,0.20488697328566705,0.06791974655600516,0.3653125251706878,0.49709610890185846,,0.39962578461834863,0.860649621473309
647,isoleucylglycine,Method 3,UCGDDTHMMVWVMV-UHFFFAOYSA-N,HMDB0028907,,0.06920415224913495,True,all_pre_hcc,sample_median_scaled,True,-0.012904258630455568,0.3385812717893524,0.008614647998112726,0.18551565088072217,0.06798865876973936,0.3297691867103061,0.40564543692532057,,0.39962578461834863,0.860649621473309
814,N-carbamoylalanine,Method 1,LUSWEUMSEVLFEQ-UHFFFAOYSA-N,,,0.11764705882352941,True,all_pre_hcc,sample_median_scaled,True,0.01469453208208809,-0.5415455149225077,-0.03085128576126879,0.29692015935292876,0.06817083993605845,0.076987668011382,0.43479664341770996,,0.39962578461834863,0.7340158078639959
1042,hexadecenedioate (C16:1-DC)*,Method 3,IWTMSCUHCJHPPR-ACCUITESSA-N,,,0.0,True,all_pre_hcc,sample_median_scaled,True,-0.0067691373354841385,0.29116403591635587,0.007019347913927832,0.15971415466156214,0.06829852439820744,0.3424167887615357,0.7445230897723653,,0.39962578461834863,0.860649621473309
502,pyrraline,Method 3,VTYFITADLSVOAS-UHFFFAOYSA-N,HMDB0033143,C21013,0.20242214532871972,False,all_pre_hcc,sample_median_scaled,True,-0.0012496135726761514,0.534555897798561,-0.005148389069172335,0.29372903396087763,0.06877504963955139,0.7239223161624144,0.32260433655058673,,0.3997801514924912,0.9315455504233345
640,1-(1-enyl-palmitoyl)-GPE (P-16:0)*,Method 2,QYTPGOPLNFESQC-RLHAVTDZSA-N,HMDB0011152,,0.0,True,all_pre_hcc,sample_median_scaled,True,0.0006250677421681903,-0.14814381345484415,-0.0018355547215357325,0.08145684351028579,0.06896048718113719,0.7599856850862944,0.675319072234561,,0.3997801514924912,0.9350781752039757
48,cystathionine,Method 1,ILRYLPWNYFXEMH-UHFFFAOYSA-N,HMDB0000099,C02291,0.005190311418685121,True,all_pre_hcc,sample_median_scaled,True,-0.00767827830644662,0.3466457654287831,0.007447046914274479,0.1913700034945495,0.07008045853389878,0.11084620999500126,0.7599084027076005,,0.40039160719002187,0.7707122735653882
1231,decadienedioic acid (C10:2-DC)**,Method 4,FRWVXIATCBRYHA-KPMZXABDSA-N,,,0.07612456747404844,True,all_pre_hcc,sample_median_scaled,True,0.009134103419634183,-0.7045760450198134,-0.009481099129167983,0.38920606562819426,0.07025074875004028,0.3511000762081503,0.7131988318583264,,0.40039160719002187,0.860649621473309
473,tetradecanedioate (C14-DC),Method 3,HQHCYKULIHKCEB-UHFFFAOYSA-N,HMDB0000872,,0.006920415224913495,True,all_pre_hcc,sample_median_scaled,True,-0.0033774429441356772,0.28210541792017163,0.019477675208611787,0.1558647149021628,0.07030545458703498,0.022252792907279193,0.751959263453872,,0.40039160719002187,0.5870510593110491
773,N-formylphenylalanine,Method 3,NSTPXGARCQOSAU-VIFPVBQESA-N,HMDB0240317,,0.3788927335640138,False,all_pre_hcc,sample_median_scaled,True,-0.005455623106410058,0.49709126950939203,0.021665217087280437,0.2746784022819477,0.07033906612797682,0.08798691855527438,0.33213898201336445,,0.40039160719002187,0.7340158078639959
1236,N-acetyl-2-aminoadipate,Method 4,FTTGAAZKBNZDCZ-LURJTMIESA-N,,C12986,0.015570934256055362,True,all_pre_hcc,sample_median_scaled,True,0.002352360236765447,-0.28485724854931205,-0.004479896846192814,0.1583351641557665,0.07200640501187575,0.6222527503510585,0.7175939668876166,,0.4068924024938139,0.9094394729837076
9,3-hydroxy-3-methylglutarate,Method 4,NPOAOTPXWNWTSH-UHFFFAOYSA-N,HMDB0000355,C03761,0.0,True,all_pre_hcc,sample_median_scaled,True,0.006402181552619758,-0.27061514168266376,0.0009394058218604155,0.1504830795507955,0.07212798549771106,0.8834595731465694,0.6796172607357,,0.4068924024938139,0.9633991866838792
728,6-oxopiperidine-2-carboxylate,Method 3,FZXCPFJMYOQZCA-UHFFFAOYSA-N,HMDB0061705,,0.0017301038062283738,True,all_pre_hcc,sample_median_scaled,True,0.0009174203091186655,0.23805239922088633,-0.006634629698987318,0.1327537729423669,0.07294295656235844,0.5004085720234828,0.6376498245973949,,0.40820642231034654,0.8880490020771443
141,5-oxoproline,Method 3,ODHCTXKNWHHXJC-VKHMYHEASA-N,HMDB0000267,"C02237,C01879",0.0,True,all_pre_hcc,sample_median_scaled,True,0.0002947051794329082,0.20210658906047185,-0.007109101805363518,0.1127343267705915,0.07300989270256596,0.19728783099881642,0.8927217687107614,,0.40820642231034654,0.8558210048155553
363,campesterol,Method 2,SGNBVLSWZMBQTH-PODYLUTMSA-N,HMDB0002869,C01789,0.19377162629757785,True,all_pre_hcc,sample_median_scaled,True,-0.009592031654963206,0.6667398551245391,0.025137829413189115,0.37292735228408125,0.07379948093359233,0.08363989412753216,0.7434635212299145,,0.409168091470409,0.7340158078639959
978,"ceramide (d18:1/14:0, d16:1/16:0)*",Method 2,ZKRPGPZHULJLKJ-IMVLJIQESA-N,"HMDB0240681,HMDB0011773",,0.09169550173010381,True,all_pre_hcc,sample_median_scaled,True,-0.002914806090680863,0.3818195341235357,0.008893371771576775,0.21358733990456522,0.07383239806342039,0.21253155577991334,0.5908242569628354,,0.409168091470409,0.860649621473309
391,N-acetylproline,Method 1,GNMSLDIYJOSUSW-UHFFFAOYSA-N,HMDB0094701,,0.01903114186851211,True,all_pre_hcc,sample_median_scaled,True,0.004844273129469747,-0.2697598783278535,0.0035647950567639876,0.15138489122883445,0.0747578475119563,0.748964685185745,0.21063261880110126,,0.4124797025001799,0.932629781173574
256,1-stearoyl-2-arachidonoyl-GPI (18:0/20:4),Method 2,KRTOMQDUKGRFDJ-YKOKTLGVSA-N,HMDB0009815,,0.0,True,all_pre_hcc,sample_median_scaled,True,0.002053715123790503,-0.17728808557681414,0.002372535566519713,0.09982377434684445,0.07573116308929286,0.7064235524973234,0.8313359351244695,,0.4140171280672703,0.9294235136125881
912,thioproline,Method 1,DZLNHFMRPBPULJ-VKHMYHEASA-N,HMDB0062164,,0.0,True,all_pre_hcc,sample_median_scaled,True,0.00142169847442891,-0.2016817973647795,0.004486808385434298,0.11399580691405493,0.07685989576554475,0.402174252119329,0.6475331798480477,,0.4140171280672703,0.8674430787831605
240,xanthosine,Method 3,UBORTCNDUKBEOP-UUOKFMHZSA-N,HMDB0000299,C01762,0.23529411764705882,False,all_pre_hcc,sample_median_scaled,True,-0.005370104482085884,0.4078065757154544,0.004843165005895915,0.2306375510038532,0.07703235950150658,0.6349345274967704,0.8435730875112066,,0.4140171280672703,0.9094394729837076
464,beta-hydroxyisovaleroylcarnitine,Method 1,IGLHHSKNBDXCEY-UHFFFAOYSA-N,,,0.0,True,all_pre_hcc,sample_median_scaled,True,0.0011623494048719205,-0.19826922697518642,-0.010558112613505104,0.11214119055922066,0.07705553395688189,0.00030482011081970945,0.8347818952208813,,0.4140171280672703,0.1036633383361256
893,palmitoyl-linoleoyl-glycerol (16:0/18:2) [2]*,Method 2,ZKYDYRLDJZZKEU-BCTRXSSUSA-N,HMDB0007103,,0.29411764705882354,False,all_pre_hcc,sample_median_scaled,True,0.006441190850858192,-0.9185679445410065,-0.01510349949291251,0.519752292242732,0.07717487012029339,0.6580374867545735,0.8144110248561323,,0.4140171280672703,0.9157203078951919
174,butyrate/isobutyrate (4:0),Method 3,FERIUCNNQQJTOY-UHFFFAOYSA-N,HMDB0000039,C00246,0.0,True,all_pre_hcc,sample_median_scaled,True,-0.0012598891334026428,-0.4517453906619642,0.005372849500203645,0.2556361616672115,0.07720445499023249,0.7375134930053815,0.7158047929575231,,0.4140171280672703,0.932629781173574
456,1-arachidonoyl-GPE (20:4n6)*,Method 2,ROPRRXYVXLDXQO-XSQXPFHXSA-N,HMDB0011517,,0.0,True,all_pre_hcc,sample_median_scaled,True,0.006418276676569957,-0.2017398987671445,-0.0089759586192723,0.11429434541630092,0.07754850488842424,0.24025380677577357,0.6854196328967757,,0.4140171280672703,0.860649621473309
59,cortisol,Method 3,JYGXADMDTFJGBT-VWUMJDOOSA-N,HMDB0000063,C00735,0.005190311418685121,True,all_pre_hcc,sample_median_scaled,True,0.005440104565973185,-0.38540027854608877,0.001824701020120747,0.21882518866009942,0.07820041669620918,0.8568952011010311,0.7087384273168457,,0.4140171280672703,0.9583289995996135
169,ursodeoxycholate,Method 3,RUDATBOHQWOJDD-UZVSRGJWSA-N,HMDB0000946,C07880,0.04325259515570934,True,all_pre_hcc,sample_median_scaled,True,-0.005415502101956777,-1.1232260081138543,-0.012330919728352253,0.6380208120765117,0.07832562485390966,0.6054658508367,0.6938338003708443,,0.4140171280672703,0.8950364751499044
26,N6-methyladenosine,Method 3,VQAYFKKCNSOZKM-UHFFFAOYSA-N,HMDB0004044,,0.2491349480968858,False,all_pre_hcc,sample_median_scaled,True,-0.004566194251873159,0.49502740973597537,0.005466035311532576,0.2813800643614147,0.07852930420420237,0.7102624747659023,0.8496031244247728,,0.4140171280672703,0.9294235136125881
968,N-stearoyl-sphingadienine (d18:2/18:0)*,Method 2,LBBFOWQGVUEADU-CKGMUTLASA-N,HMDB0240362,,0.21107266435986158,False,all_pre_hcc,sample_median_scaled,True,0.0026036160534474223,-0.5406885571155948,0.018117863523626123,0.30779884536581165,0.07898096731288495,0.23306933434539456,0.7351192293635378,,0.4140171280672703,0.860649621473309
911,gamma-glutamylserine,Method 1,SQBNIUOYNOKDTI-WHFBIAKZSA-N,HMDB0029158,,0.0034602076124567475,True,all_pre_hcc,sample_median_scaled,True,-0.002293686935862769,0.16693949722793208,0.0030852909940263427,0.09510416076171023,0.07920231933893775,0.42752906592003237,0.5904078840194918,,0.4140171280672703,0.8731385418330269
803,"sphingomyelin (d18:1/20:1, d18:2/20:0)*",Method 2,MDRFMTLYKHBJTF-YECRPIIFSA-N,"HMDB0240610,HMDB0240632",,0.0,True,all_pre_hcc,sample_median_scaled,True,0.002097787416030846,-0.1827696114119681,0.0005837558533887782,0.10421844968822384,0.07947910244777637,0.9025783201177506,0.667932853197507,,0.4140171280672703,0.9633991866838792
248,paraxanthine,Method 3,QUNWUDVFRNGTCO-UHFFFAOYSA-N,HMDB0001860,C13747,0.1453287197231834,True,all_pre_hcc,sample_median_scaled,True,-0.0105462610517062,0.6964208638093136,0.011331173832187319,0.39753068013459386,0.07979668713249473,0.4102206709453726,0.4701935207956497,,0.4140171280672703,0.8731385418330269
152,erucate (22:1n9),Method 3,DPUOLQHDNGRHBS-KTKRTIGZSA-N,HMDB0002068,C08316,0.0,True,all_pre_hcc,sample_median_scaled,True,-0.001631808627286398,0.26853752152685734,0.0014225864372859561,0.1533913570987531,0.08000291101152422,0.8801881004329398,0.5287678848248997,,0.4140171280672703,0.9633991866838792
951,linoleoyl-arachidonoyl-glycerol (18:2/20:4) [1]*,Method 2,KRECEGQUDDMNAQ-MYBRWWDOSA-N,HMDB0007257,,0.18166089965397925,True,all_pre_hcc,sample_median_scaled,True,-0.0016116507434335372,-0.7664021552979616,0.0033456512336539675,0.4382821912598452,0.08035153719287691,0.8532680151097222,0.9166922161349395,,0.4140171280672703,0.9583289995996135
730,allopurinol,Method 3,OFCNXPDARWKPPY-UHFFFAOYSA-N,HMDB0014581,D00224,0.9705882352941176,False,all_pre_hcc,sample_median_scaled,True,-0.009185742913911872,-0.1330988511695271,0.00963119820091392,0.07618557895825971,0.08063131667446838,0.08927219284832383,0.951273178775625,,0.4140171280672703,0.7340158078639959
403,"3,7-dimethylurate",Method 3,HMLZLHKHNBLLJD-UHFFFAOYSA-N,HMDB0001982,C16360,0.2958477508650519,False,all_pre_hcc,sample_median_scaled,True,0.0072721305097263565,-0.6248311845615341,1.3331043011485058e-05,0.3590664986332676,0.08183189204826188,0.9991745969457522,0.5737707740535795,,0.41752086447697906,0.9991745969457523
1138,6-hydroxywarfarin,Method 3,IQWPEJBUOJQPDE-UHFFFAOYSA-N,"HMDB0013883,HMDB0013880",,0.9705882352941176,False,all_pre_hcc,sample_median_scaled,True,0.002416634190612652,-0.035731743166398475,-0.002416634190612638,0.020554314790172258,0.08213930870937983,0.083953021374352,1.5228117431792572,,0.41752086447697906,0.7340158078639959
723,"sphingomyelin (d18:2/16:0, d18:1/16:1)*",Method 2,IWHLTJGDYLJQSH-FLPFCPAFSA-N,"HMDB0240638,HMDB0240613",,0.0,True,all_pre_hcc,sample_median_scaled,True,-0.00024317158188421915,-0.1389813245841474,0.0028730069627392733,0.08003422799360167,0.08247129769613441,0.5625757815974888,0.7655040529456371,,0.41752086447697906,0.8918524885957959
208,glycochenodeoxycholate,Method 3,GHCZAUBVMUEKKP-AZDOMVTHSA-N,HMDB0000637,C05466,0.0,True,all_pre_hcc,sample_median_scaled,True,-0.022661252061956554,0.6383056974287211,0.03888054195618639,0.3679953904025362,0.08282088279843537,0.012013684520321272,0.6347080639427567,,0.41752086447697906,0.5189044350482741
185,glycerol,Method 3,PEDCQBHIVMGVHV-UHFFFAOYSA-N,HMDB0000131,C00116,0.0,True,all_pre_hcc,sample_median_scaled,True,0.005018291739469397,-0.46661476350829845,0.01070650296428537,0.2692564911560991,0.08310011518614341,0.10734977924682375,0.7249996324337982,,0.41752086447697906,0.7707122735653882
1217,1-methyl-5-imidazolelactate,Method 3,MXETUSMIYKMMAT-UHFFFAOYSA-N,,,0.02768166089965398,True,all_pre_hcc,sample_median_scaled,True,0.00045240394804122515,-0.5755296985302293,-0.03014040459086214,0.3323258876459977,0.08330503734795051,0.08186064023609965,0.5983091913847429,,0.41752086447697906,0.7340158078639959
738,1H-indole-7-acetic acid,Method 3,KNSAWRXCIVESQC-UHFFFAOYSA-N,,,0.7179930795847751,False,all_pre_hcc,sample_median_scaled,True,0.007876290271607873,-0.6092133777045564,0.0004024149581519382,0.35223255898501427,0.08370585542474372,0.9768698348794879,0.5821457137410395,,0.41786494493780796,0.9857259417614187
416,4-hydroxyhippurate,Method 3,ZMHLUFWWWPBTIU-UHFFFAOYSA-N,HMDB0013678,,0.0,True,all_pre_hcc,sample_median_scaled,True,0.006452610012050232,-0.3787540366517693,0.004563041892113828,0.21958612993822818,0.08455376911314841,0.7153845372072652,0.4385555794133685,,0.41898193800890915,0.9294235136125881
897,1-oleoyl-2-linoleoyl-GPE (18:1/18:2)*,Method 2,GKAFCSRKMWFPSJ-RJXNKANHSA-N,HMDB0005349,,0.005190311418685121,True,all_pre_hcc,sample_median_scaled,True,-0.0031943627150847692,0.32119376470294264,0.017248006524575782,0.18624015533495433,0.08459571721324556,0.13854886228214183,0.4354214281666948,,0.41898193800890915,0.786838116454639
950,oleoyl-oleoyl-glycerol (18:1/18:1) [2]*,Method 2,AFSHUZFNMVJNKX-CLFAGFIQSA-N,HMDB0007218,,0.3685121107266436,False,all_pre_hcc,sample_median_scaled,True,0.006292268390000208,-0.879059224873632,0.035571393124388236,0.5107705536500303,0.08524261674652509,0.06645952916197455,0.8045871938003573,,0.42053024261619043,0.7340158078639959
955,linoleoyl-docosahexaenoyl-glycerol (18:2/22:6) [2]*,Method 2,GPMAAGRGFWBOSO-KLJRXRINSA-N,HMDB0007266,,0.6747404844290658,False,all_pre_hcc,sample_median_scaled,True,0.009421518679161436,-0.5610175458187909,-0.0032126692086058865,0.32697024032106026,0.08619753008543218,0.8297116888068259,0.44852021070746184,,0.4235800501854441,0.9497518694440282
534,"5alpha-androstan-3beta,17beta-diol disulfate",Method 3,JHFAETDERBWUOO-ARKAXQQOSA-N,HMDB00493,C12525,0.13494809688581316,True,all_pre_hcc,sample_median_scaled,True,0.004617475274284324,-0.9105540523811169,-0.022445851268068272,0.5314730304223545,0.08666382910226762,0.3209002465423013,0.8627343771519863,,0.42421438525545785,0.860649621473309
652,N-stearoyltaurine,Method 3,LMIJIHJZVURGQK-UHFFFAOYSA-N,,,0.0017301038062283738,True,all_pre_hcc,sample_median_scaled,True,-0.003043791424456914,0.2824774424895907,-0.0019013594418831833,0.1651080894142967,0.08710627063286133,0.73102317758826,0.7253367317219279,,0.4247274746361998,0.932629781173574
1223,isoursodeoxycholate sulfate (2),Method 3,WHMOBEGYTDWMIG-DNMBCGTGSA-N,,,0.7283737024221453,False,all_pre_hcc,sample_median_scaled,True,0.0018938195275540319,-0.4970312271318822,-0.010899297887897879,0.29227289512464943,0.08902330509642888,0.4046950069721449,0.5953443192457174,,0.4297609397661658,0.8674430787831605
579,stearoyl ethanolamide,Method 2,OTGQIQQTPXJQRG-UHFFFAOYSA-N,HMDB0013078,,0.0,True,all_pre_hcc,sample_median_scaled,True,-0.0022506411422615544,-0.1584908286417447,0.007850535595910058,0.0932317224335732,0.08913717903050436,0.11439311174380364,0.7526344887588866,,0.4297609397661658,0.7723202739516442
1151,3-ethylcatechol sulfate (1),Method 3,NUPWKYZXNXCOHY-UHFFFAOYSA-N,,,0.11418685121107267,True,all_pre_hcc,sample_median_scaled,True,-0.002042997656741219,-0.6317435234062715,0.005681575679281917,0.3718227313332055,0.08931071989545052,0.8041421729365132,0.46866696140947695,,0.4297609397661658,0.9407865353739419
313,androsterone sulfate,Method 3,ZMITXKRGXGRMKS-HLUDHZFRSA-N,HMDB0002759,,0.06747404844290658,True,all_pre_hcc,sample_median_scaled,True,-0.0052413149564088015,-0.7274723582499031,0.01337592442439586,0.4294232663686543,0.09025229839548714,0.5128626515024937,0.7705760828044788,,0.4297609397661658,0.8895039981792914
663,paroxetine,Method 2,AHOUBRCZNHFOSL-YOEHRIQHSA-N,HMDB0014853,"C07415,D02362",0.9930795847750865,False,all_pre_hcc,sample_median_scaled,True,0.0012717770080601346,-0.035427367690852606,-0.001271777008060136,0.02094113883653255,0.09069186473104728,0.09678801200969832,0.02165525659946181,,0.4297609397661658,0.7657818811836509
679,norfluoxetine,Method 2,WIQRCHMSJFFONW-UHFFFAOYSA-N,HMDB0060551,,0.9775086505190311,False,all_pre_hcc,sample_median_scaled,True,-0.001373810765833251,-0.08599861938954768,0.0013738107658332489,0.050874833269529476,0.09095220203232995,0.5219671238426569,0.81512447430567,,0.4297609397661658,0.8895039981792914
551,"androstenediol (3alpha, 17alpha) monosulfate (3)",Method 3,VPDALJSLCNNODJ-IUIQAQCZSA-N,,,0.2508650519031142,False,all_pre_hcc,sample_median_scaled,True,-0.008350061947409903,-0.7764765344524659,-0.0012314547861414608,0.4600078134663608,0.09141817913942606,0.8951122999772112,0.8174775597369576,,0.4297609397661658,0.9633991866838792
282,cysteine s-sulfate,Method 1,NOKPBJYHPHHWAN-REOHCLBHSA-N,HMDB0000731,C05824,0.0,True,all_pre_hcc,sample_median_scaled,True,-0.007800671174696952,-0.2780669347277866,-0.0030724515215541856,0.16477846578971472,0.09150343301698728,0.653150456281858,0.7175936381981575,,0.4297609397661658,0.9121232649974909
241,ribitol,Method 4,HEBKCHPVOIAQTA-ZXFHETKHSA-N,"HMDB0002917,HMDB0001851,HMDB0000568,HMDB0000508","C00379,C01904,C00474,C00532",0.01384083044982699,True,all_pre_hcc,sample_median_scaled,True,-0.0009326231922842248,0.2723943631528454,0.001405683569328809,0.1616666668047423,0.09200524514673719,0.660274462079663,0.6941157772090871,,0.4297609397661658,0.916804937413042
801,umbelliferone sulfate,Method 3,LJOOSFYJELZGMR-UHFFFAOYSA-N,HMDB0240565,,0.14705882352941177,True,all_pre_hcc,sample_median_scaled,True,0.0016217190532843678,0.7016593604116331,0.02539323921030517,0.41680762057091464,0.092295171424961,0.17939670746017655,0.330897865560017,,0.4297609397661658,0.8345004227693749
1009,arachidonoylcarnitine (C20:4),Method 2,RBFQHRALHSUPIA-SNPVRQPZSA-N,HMDB0006455,,0.0,True,all_pre_hcc,sample_median_scaled,True,0.0002185784362828584,-0.23795870147834317,-0.002810887968252404,0.14179043925348725,0.0932998227758714,0.5527064585182702,0.6241517415324724,,0.4297609397661658,0.8918524885957959
641,1-(1-enyl-stearoyl)-GPE (P-18:0)*,Method 2,KACDZDULGKPXHT-BIHRDVDLSA-N,HMDB0240598,,0.0,True,all_pre_hcc,sample_median_scaled,True,-0.0010279065158159484,-0.16305096974143823,-0.004803507105084436,0.0971759431493507,0.09336771814285719,0.36631312094871626,0.7288161030711168,,0.4297609397661658,0.860649621473309
160,N-acetylalanine,Method 4,KTHDTJVBEPMMGL-VKHMYHEASA-N,HMDB0000766,C02847,0.0,True,all_pre_hcc,sample_median_scaled,True,0.0008349871543262336,-0.22399595507189643,0.0009995131265256602,0.1336513305692407,0.09374357863473899,0.7881994557496934,0.9518795019736936,,0.4297609397661658,0.9407865353739419
1137,7-hydroxywarfarin,Method 3,SKFYEJMLNMTTJA-UHFFFAOYSA-N,HMDB0013886,,0.9705882352941176,False,all_pre_hcc,sample_median_scaled,True,0.0021074825455360824,-0.041841808172180875,-0.0021074825455360915,0.02498539984281127,0.09400285753688915,0.07326359488966952,1.6345858497587438,,0.4297609397661658,0.7340158078639959
610,hydrochlorothiazide,Method 3,JZUFKLXOESDKRF-UHFFFAOYSA-N,HMDB0001928,C07041,0.9740484429065744,False,all_pre_hcc,sample_median_scaled,True,3.197231949734339e-05,-0.08713475792107764,0.00036707669543549747,0.052112039973384275,0.09451135476869049,0.7165373347110726,0.45188777711520334,,0.4297609397661658,0.9294235136125881
910,1-linoleoyl-GPG (18:2)*,Method 3,VEEHTGYBVMTAAF-RFFZIGDUSA-N,HMDB0240600,,0.0,True,all_pre_hcc,sample_median_scaled,True,-0.003411903691068866,0.23706902610365538,0.0022115580408029424,0.1419048172365428,0.09479675905079869,0.5751255922394658,0.5891613476549478,,0.4297609397661658,0.8918524885957959
949,oleoyl-oleoyl-glycerol (18:1/18:1) [1]*,Method 2,AFSHUZFNMVJNKX-CLFAGFIQSA-N,HMDB0007218,,0.29238754325259514,False,all_pre_hcc,sample_median_scaled,True,0.008164063473650162,-0.8307508878438409,0.027242570260112557,0.497848974844419,0.09518071108420624,0.15902841878275764,0.7728743830798647,,0.4297609397661658,0.8151774011567372
614,androsterone glucuronide,Method 3,VFUIRAVTUVCQTF-BSOWLZGZSA-N,HMDB0002829,C11135,0.17647058823529413,True,all_pre_hcc,sample_median_scaled,True,-0.00369754062791601,-0.7201100772289234,-0.016645817596763104,0.43217954051070084,0.09566781490214118,0.4524313980717668,0.808428891224497,,0.4297609397661658,0.8731385418330269
389,HWESASXX*,Method 3,KUZSCKDYVGVVKC-PLNQFBRDSA-N,,,0.7923875432525952,False,all_pre_hcc,sample_median_scaled,True,-0.010693565698558102,0.545818899100328,0.025302820314171817,0.32763795176425387,0.09572917777357504,0.06444878903204486,0.40410377222663374,,0.4297609397661658,0.7340158078639959
76,stearate (18:0),Method 3,QIQXTHQIDYTFRH-UHFFFAOYSA-N,HMDB0000827,C01530,0.0,True,all_pre_hcc,sample_median_scaled,True,0.00029541077819660624,0.19173147763005496,-0.0008098154472703444,0.11512486888698442,0.09582861363381386,0.8567067935994576,0.7191736834870085,,0.4297609397661658,0.9583289995996135
268,4-acetylphenol sulfate,Method 3,HOFGLAYWQRGTKC-UHFFFAOYSA-N,,,0.10380622837370242,True,all_pre_hcc,sample_median_scaled,True,0.004902597323373203,-0.5792250804012254,-0.017897990041469032,0.3478018147310656,0.09583530787264201,0.19643654270019428,0.41329620210424767,,0.4297609397661658,0.8550767152831986
329,5-hydroxyhexanoate,Method 3,YDCRNMJQROAWFT-UHFFFAOYSA-N,"HMDB0000409,HMDB0000525",,0.09342560553633218,True,all_pre_hcc,sample_median_scaled,True,-0.00774274041232947,0.29754621416518257,0.010832709817267956,0.17878764752044507,0.09606374038862793,0.3473335340286243,0.3652264100717202,,0.4297609397661658,0.860649621473309
630,tauroursodeoxycholate,Method 3,BHTRKEVKTKCXOH-BWIGJTJCSA-N,HMDB0000874,,0.031141868512110725,True,all_pre_hcc,sample_median_scaled,True,-0.036896182097660865,0.9180170313465882,0.030325389115219054,0.5517043622641473,0.09611932176558907,0.3453301935193338,0.6938858903923896,,0.4297609397661658,0.860649621473309
192,fluoxetine,Method 2,RTHCYVBBDHJXIQ-UHFFFAOYSA-N,HMDB0014615,D00326,0.9775086505190311,False,all_pre_hcc,sample_median_scaled,True,-0.003570974835209398,-0.16829723140195604,0.003570974835209397,0.10120860306412516,0.09633750796030108,0.4307209003872017,1.0443075585371475,,0.4297609397661658,0.8731385418330269
720,3-acetylphenol sulfate,Method 3,CGFRVKXGZRODPA-UHFFFAOYSA-N,,,0.4186851211072664,False,all_pre_hcc,sample_median_scaled,True,0.0019385788941181075,-0.5762901301336901,0.0013782702606875918,0.34721769161233035,0.09696732596290258,0.9221159635641556,0.43323036905314904,,0.43104203555240794,0.9696727582929524
906,"1,2-dilinoleoyl-GPE (18:2/18:2)*",Method 2,SSCDRSKJTAQNNB-DWEQTYCFSA-N,HMDB0009093,,0.12110726643598616,True,all_pre_hcc,sample_median_scaled,True,-0.009263137987777793,0.5213887593111214,0.023428064701096145,0.31462464659929273,0.09748367503044016,0.1163829876064115,0.25137269124700495,,0.43129235506454494,0.7723202739516442
1133,ezetimibe glucuronide*,Method 3,UOFYCFMTERCNEW-ADEYADIWSA-N,,,0.986159169550173,False,all_pre_hcc,sample_median_scaled,True,2.8224266159247797e-18,0.13895141262450622,0.002480630790727469,0.08397263827468288,0.09798080401825653,0.3868924189482146,1.0816883708220741,,0.43129235506454494,0.8674430787831605
552,"androstenediol (3beta,17beta) monosulfate (1)",Method 3,VPDALJSLCNNODJ-QJIZPQHZSA-N,HMDB0240429,,0.0986159169550173,True,all_pre_hcc,sample_median_scaled,True,-0.0002932168014153935,-0.6673929132906927,-0.00424280879425369,0.4035380630475367,0.09815724464720299,0.6923281284285907,0.7632209062856697,,0.43129235506454494,0.928469821638304
896,1-palmitoleoyl-2-linoleoyl-GPC (16:1/18:2)*,Method 2,QJWDAOSZZYVBJZ-KXESGEQTSA-N,HMDB0008006,,0.11937716262975778,True,all_pre_hcc,sample_median_scaled,True,0.0063529168693463554,-0.3354319430229369,0.0014211530282598707,0.20307134174652988,0.09857663343434178,0.903226625876779,0.510156491483921,,0.43129235506454494,0.9633991866838792
651,N-palmitoyltaurine,Method 3,LPDJCYFKKSLKRO-UHFFFAOYSA-N,,,0.20069204152249134,False,all_pre_hcc,sample_median_scaled,True,-0.014981814130114006,0.43393275634765455,0.02266233290800116,0.2634295930297566,0.09950795015675404,0.06029488889233723,0.23126039811407484,,0.43129235506454494,0.7340158078639959
744,fructosyllysine,Method 1,BFSYFTQDGRDJNV-QCNRFFRDSA-N,HMDB0034879,,0.0,True,all_pre_hcc,sample_median_scaled,True,0.0009230887789716623,0.2239569091723784,0.008179862090581675,0.13604692810623195,0.09972795064807277,0.2727466419860538,0.5953643220989369,,0.43129235506454494,0.860649621473309
985,"ceramide (d18:1/20:0, d16:1/22:0, d20:1/18:0)*",Method 2,XWBWIAOWSABHFI-QOSDPKFLSA-N,"HMDB0240684,HMDB0240682,HMDB0004951",,0.029411764705882353,True,all_pre_hcc,sample_median_scaled,True,0.008444139967140513,-0.31437766464326994,-0.0023782452113494906,0.1910587241389849,0.09987695184594401,0.8136483238572974,0.7983030031063257,,0.43129235506454494,0.9444540834433404
603,sedoheptulose,Method 4,HSNZZMHEPUFJNZ-SHUUEZRQSA-N,HMDB0003219,C02076,0.4463667820069204,False,all_pre_hcc,sample_median_scaled,True,-0.00401305214266671,0.5320435128709189,-0.008800813981078367,0.3240577068068871,0.1006278959386386,0.5771528110861633,0.7048484935892204,,0.43129235506454494,0.8918524885957959
1032,2-butenoylglycine,Method 3,WWJXRJJBIVSSNF-NSCUHMNNSA-N,,,0.31314878892733566,False,all_pre_hcc,sample_median_scaled,True,0.009569285054341422,-0.39174591054358304,-0.014980678636539527,0.23872917065673394,0.10080494421924567,0.35274291452985185,0.497740569956976,,0.43129235506454494,0.860649621473309
462,isobutyrylglycine,Method 3,DCICDMMXFIELDF-UHFFFAOYSA-N,HMDB0000730,,0.4117647058823529,False,all_pre_hcc,sample_median_scaled,True,0.014346235333029676,-0.5101988532034974,-0.001205580401155207,0.31104522366493503,0.10094856987408052,0.9290300151824914,0.3971720339791865,,0.43129235506454494,0.9731221974184632
585,"2R,3R-dihydroxybutyrate",Method 4,LOUGYXZSURQALL-PWNYCUMCSA-N,HMDB0000498,,0.0,True,all_pre_hcc,sample_median_scaled,True,0.00033312662534045183,-0.2358546696005228,-0.0024202251984199712,0.14383439815894697,0.10105395463317207,0.6463566446292595,0.8002770863532268,,0.43129235506454494,0.909976024067088
320,N-acetyltyrosine,Method 3,CAHKINHBCWCHCF-JTQLQIEISA-N,HMDB0000866,,0.0017301038062283738,True,all_pre_hcc,sample_median_scaled,True,-0.0020711297646346344,0.236745557231724,0.0027580285074234375,0.14441315274570785,0.10113771442292588,0.6758402023109291,0.7932847184906311,,0.43129235506454494,0.9221448686380037
85,lactate,Method 4,JVTAAEKCZFNVCJ-UHFFFAOYSA-N,HMDB0000190,C00186,0.0,True,all_pre_hcc,sample_median_scaled,True,-0.00030035220052954494,-0.380858496697687,0.01180255066316709,0.23302537838897547,0.102173250939511,0.08667451758940763,1.0016155761472,,0.4338505217234822,0.7340158078639959
900,1-linoleoyl-2-arachidonoyl-GPC (18:2/20:4n6)*,Method 2,ZZSZQATYGVHNLZ-PUMLCSCDSA-N,HMDB0008147,C05208,0.0,True,all_pre_hcc,sample_median_scaled,True,0.002641879306587702,-0.1754045105836749,-0.004296427389406703,0.10747489175370892,0.10266873110430434,0.5253588796877691,0.5294406649293465,,0.4338505217234822,0.8895039981792914
783,1-dihomo-linolenylglycerol (20:3),Method 3,LERKRWCYZNDWFH-QNEBEIHSSA-N,HMDB0011577,,0.01730103806228374,True,all_pre_hcc,sample_median_scaled,True,0.004031357167325471,-0.32576545117196143,0.004797990735898032,0.19966502135218364,0.1027722221570729,0.5218565886509703,0.42035496820181156,,0.4338505217234822,0.8895039981792914
589,metformin,Method 1,XZWYZXLIPXDOLR-UHFFFAOYSA-N,HMDB0001921,C07151,0.8546712802768166,False,all_pre_hcc,sample_median_scaled,True,-0.027640957715912268,1.3215941486461549,0.03246945082202152,0.8131270010181754,0.10409371860507777,0.5061710977876002,0.7271062239540717,,0.43795952510096264,0.8893341354983254
758,9-hydroxystearate,Method 3,RKHXDCVAPIMDMG-UHFFFAOYSA-N,HMDB0061661,,0.10899653979238755,True,all_pre_hcc,sample_median_scaled,True,-0.02048788926289678,0.4058997914261694,0.024990000250280635,0.2501647822931757,0.10468997721512573,0.008636820768911974,0.18833818726755555,,0.4389999711220939,0.47988148318951696
3,1-methylnicotinamide,Method 1,LDHMAVIPBRSVRG-UHFFFAOYSA-N,HMDB0000699,C02918,0.0,True,all_pre_hcc,sample_median_scaled,True,0.0007323808403401002,0.2936580038701405,-0.00961962961751802,0.1816163796325028,0.1058969208358856,0.12557294080236073,0.5533631774011674,,0.44258580203170794,0.7802615335128658
990,baclofen,Method 1,KPYSYYIEGFHWSV-UHFFFAOYSA-N,HMDB0014327,D00241,0.9930795847750865,False,all_pre_hcc,sample_median_scaled,True,0.0012866607851586497,-0.03838712406584771,-0.0012866607851586395,0.023798622656850392,0.10674500330652226,0.1479124424113991,0.026180519281605072,,0.4445029087982326,0.7986002255516741
1141,dihydrocaffeate sulfate (2),Method 4,WEPNMLSXEATIJK-UHFFFAOYSA-N,,,0.18166089965397925,True,all_pre_hcc,sample_median_scaled,True,0.01218920795883965,-0.7002176378249184,-0.027472869838649286,0.4348247663191409,0.10732268611642934,0.3760412790216353,0.45519778016578716,,0.4445029087982326,0.8632480456372578
673,valylglycine,Method 3,IOUPEELXVYPCPG-UHFFFAOYSA-N,HMDB0029127,,0.08131487889273356,True,all_pre_hcc,sample_median_scaled,True,-0.017864721899902472,0.31237050337388333,0.0065366322448444794,0.19402876681602985,0.10741564727715637,0.3530700410128269,0.3644022390854275,,0.4445029087982326,0.860649621473309
877,1-(1-enyl-stearoyl)-2-arachidonoyl-GPE (P-18:0/20:4)*,Method 2,URPXXNCTXCOATD-FXMFQVEGSA-N,HMDB0005779,,0.0,True,all_pre_hcc,sample_median_scaled,True,0.0005266792018006842,-0.21022062302252487,-0.009490226541106992,0.13072804072817007,0.1078185378093018,0.24288056713879325,0.6927552969767359,,0.4447072805380382,0.860649621473309
1017,levetiracetam,Method 1,HPHUVLMMVZITSG-LURJTMIESA-N,HMDB0015333,C07841,0.9878892733564014,False,all_pre_hcc,sample_median_scaled,True,0.009302884012994663,-0.227120497133363,-0.009302884012994653,0.1416541421905727,0.1088584497171157,0.1462281427823427,0.5265540003110961,,0.44711645093124275,0.7957800342207456
863,sitagliptin,Method 3,MFFMDFFZMYYVKS-UHFFFAOYSA-N,HMDB0015390,"DG00118,D08516",0.9930795847750865,False,all_pre_hcc,sample_median_scaled,True,0.0006015084378203959,-0.022296613793107458,-0.0006015084378203838,0.013916330661970611,0.10911347411438119,0.2906564799145416,-0.002973444609099129,,0.44711645093124275,0.860649621473309
349,stearidonate (18:4n3),Method 3,JIWBIWFOSCKQMA-LTKCOYKYSA-N,HMDB0006547,C16300,0.012110726643598616,True,all_pre_hcc,sample_median_scaled,True,0.0006218894049670064,0.3239428708181743,0.01708832950343049,0.20267635957675892,0.10997047059918119,0.026136979095905014,0.2583019380611116,,0.4491651039408115,0.5870510593110491
452,2-palmitoyl-GPC (16:0)*,Method 3,NEGQHKSYEYVFTD-HSZRJFAPSA-N,HMDB0061702,,0.0,True,all_pre_hcc,sample_median_scaled,True,0.0022552940544116,-0.21177720717640788,-0.009898682172835363,0.1328255119901387,0.11084611709888154,0.021896710814059576,0.6395151069479781,,0.4499186607843923,0.5870510593110491
1059,3-hydroxybutyroylglycine**,Method 1,VMIWHQCIHIUYCS-UHFFFAOYSA-N,,,0.03806228373702422,True,all_pre_hcc,sample_median_scaled,True,0.006931775732821798,-0.342020877982251,-0.017898645876194618,0.21452814404709936,0.11087025822190907,0.12489368085722824,0.5085534607399386,,0.4499186607843923,0.7802615335128658
175,N-acetylneuraminate,Method 1,SQVRNKJHWKZAKO-UHFFFAOYSA-N,HMDB0000230,C00270,0.0,True,all_pre_hcc,sample_median_scaled,True,0.0008533973682253575,-0.15279766077642368,-0.008123741238516809,0.09605597204166594,0.1116737642808331,0.10590413048974434,0.6326195691828496,,0.45172217191410946,0.7707122735653882
57,guanidinoacetate,Method 4,BPMFZUMJYQTVII-UHFFFAOYSA-N,HMDB0000128,C00581,0.0,True,all_pre_hcc,sample_median_scaled,True,-0.004580493694999503,0.3608687422563159,0.01032135565179787,0.22729093750050758,0.1123552672509069,0.34548403030125796,0.853608518217535,,0.45178397665649533,0.860649621473309
815,3beta-hydroxy-5-cholestenoate,Method 3,WVXOMPRLWLXFAP-AMQKJUDNSA-N,HMDB0012453,C17333,0.0,True,all_pre_hcc,sample_median_scaled,True,-0.0026570234768310903,0.1835176170362987,-0.002689907131386987,0.11570172633584866,0.11271053267928105,0.641957275047323,0.696274002918963,,0.45178397665649533,0.9094394729837076
659,cis-urocanate,Method 3,LOIYMIARKYCTBW-UPHRSURJSA-N,HMDB0034174,,0.06920415224913495,True,all_pre_hcc,sample_median_scaled,True,0.0008557910244839366,-0.43577360770179546,0.0012149844056621732,0.2747833897065795,0.11276642978548451,0.9378991831148613,0.40479658331013463,,0.45178397665649533,0.9742998945982622
50,flavin adenine dinucleotide (FAD),Method 3,VWWQXMAJTJZDQX-KUIMXZBMSA-N,HMDB0001248,C00016,0.3788927335640138,False,all_pre_hcc,sample_median_scaled,True,-0.003551983437556411,0.3506253194575417,0.020816975907621486,0.22135377893714794,0.113192759282034,0.0007287809748078264,0.7098203818359301,,0.45205235294221835,0.1295718390655658
756,N-linoleoyltaurine*,Method 3,YIWODQVLEDDQSF-HZJYTTRNSA-N,,,0.1245674740484429,True,all_pre_hcc,sample_median_scaled,True,-0.007747582998351219,0.4333013297447732,0.006923931491524669,0.2749892654443666,0.11509433349191299,0.47146951908260903,0.562021940832983,,0.4574277967251249,0.8816380950693892
1113,"N2-acetyl,N6,N6-dimethyllysine",Method 1,UNPVIYLDJYPILW-VIFPVBQESA-N,,,0.0017301038062283738,True,all_pre_hcc,sample_median_scaled,True,0.0013361601015050707,-0.46240385837433107,-0.012022344302911082,0.2937661012436393,0.11547484655075002,0.0650184845496222,0.8661697672797103,,0.4574277967251249,0.7340158078639959
302,galactonate,Method 4,RGHNJXZEOKUKBD-MGCNEYSASA-N,HMDB0000565,"C00880,C15930",0.02422145328719723,True,all_pre_hcc,sample_median_scaled,True,-0.005893057075591796,0.4568579029944997,0.011821198651761823,0.2903661738305074,0.1156296020338551,0.3308130119159144,0.5587542941477013,,0.4574277967251249,0.860649621473309
699,4-methylcatechol sulfate,Method 3,NCOMUGOPQPRVSE-UHFFFAOYSA-N,HMDB0240459,,0.012110726643598616,True,all_pre_hcc,sample_median_scaled,True,0.016941235444654566,-0.7130201663829555,-0.044505835460018066,0.45594619440033646,0.11785861539732112,0.2913683594877551,0.7118076429387753,,0.45922922888797607,0.860649621473309
645,N-oleoyltaurine,Method 3,KOGRJTUIKPMZEJ-KTKRTIGZSA-N,,,0.020761245674740483,True,all_pre_hcc,sample_median_scaled,True,-0.006099251613173858,0.3269889430286805,0.01154221931854424,0.20915368480494712,0.11796070678579004,0.22280472371698323,0.5338911360920441,,0.45922922888797607,0.860649621473309
790,2-methoxyresorcinol sulfate,Method 3,ARLAWMCEVZUXEY-UHFFFAOYSA-N,,,0.08823529411764706,True,all_pre_hcc,sample_median_scaled,True,-0.0020714243626528965,-0.5907840958760956,-0.01992460189957011,0.3779064687693668,0.11798023596123261,0.4001456067702246,0.30065559292098354,,0.45922922888797607,0.8674430787831605
275,phenyllactate (PLA),Method 3,VOXXWSYKYCBWHO-UHFFFAOYSA-N,"HMDB0000779,HMDB0000563",C05607,0.0,True,all_pre_hcc,sample_median_scaled,True,-0.0029478711573747585,0.2784614648877722,-0.002908710876115505,0.17841351267272038,0.1185793422825345,0.8043709798939273,0.866966516474594,,0.45922922888797607,0.9407865353739419
207,N-stearoyl-sphingosine (d18:1/18:0)*,Method 2,VODZWWMEJITOND-NXCSZAMKSA-N,HMDB0004950,,0.06228373702422145,True,all_pre_hcc,sample_median_scaled,True,0.007357159635552945,-0.37285544305247714,-0.00472850915931011,0.23891321603011298,0.11861076910496211,0.6612098564838677,0.7901303274386138,,0.45922922888797607,0.9169921912142914
921,methylsuccinoylcarnitine,Method 1,GFWWWKVGRZVWDS-UHFFFAOYSA-N,,,0.010380622837370242,True,all_pre_hcc,sample_median_scaled,True,0.0025064460825359215,-0.23190993330361354,-0.002117030992244651,0.14865893197833838,0.1187567028635908,0.8174811506437747,0.6070394368512734,,0.45922922888797607,0.9444540834433404
901,1-myristoyl-2-arachidonoyl-GPC (14:0/20:4)*,Method 2,SRQSAJRUMDQMMS-NLDJLLEISA-N,HMDB0007883,,0.0034602076124567475,True,all_pre_hcc,sample_median_scaled,True,0.006955081152152464,-0.24531573712751847,-0.009278259455490781,0.15728254707991635,0.11882756267262719,0.23721732842234788,0.4369594352151173,,0.45922922888797607,0.860649621473309
578,cinnamoylglycine,Method 3,YAADMLWHGMUGQL-VOTSOKGWSA-N,HMDB0011621,,0.3494809688581315,False,all_pre_hcc,sample_median_scaled,True,0.01862327973459797,-0.727104240262574,-0.026224531205502315,0.4664027664258591,0.11900534866254388,0.1332741265315401,0.528275631346707,,0.45922922888797607,0.786838116454639
1211,"3,5-dichloro-2,6-dihydroxybenzoic acid",Method 4,KLXACYSQYFWVLM-UHFFFAOYSA-N,,,0.00865051903114187,True,all_pre_hcc,sample_median_scaled,True,0.0019754987003310774,-0.3336098149477919,0.024591659936843348,0.21426242380618923,0.11946691620543107,0.15952084846576453,0.8682776957556861,,0.4596005522520865,0.8151774011567372
564,16alpha-hydroxy DHEA 3-sulfate,Method 3,ALBNSVAJDFJRKQ-UAFBDMIJSA-N,HMDB0062544,,0.0,True,all_pre_hcc,sample_median_scaled,True,-0.014635352196567844,0.4344725218489042,0.01121448170191535,0.2798895324380468,0.12059045738041074,0.1275492164001325,0.7380004328761599,,0.46003886884404627,0.7802615335128658
571,indole-3-carboxylate,Method 3,KMAKOBLIOCQGJP-UHFFFAOYSA-N,HMDB0003320,C19837,0.43771626297577854,False,all_pre_hcc,sample_median_scaled,True,-0.008042208311599427,-0.4163675271345103,0.009509789170645027,0.26841909363812794,0.12085748487453961,0.5034771867987673,0.34754497157339226,,0.46003886884404627,0.88832300279502
570,S-methylmethionine,Method 1,YDBYJHTYSHBBAU-UHFFFAOYSA-N,HMDB0038670,C05319,0.5155709342560554,False,all_pre_hcc,sample_median_scaled,True,-0.012368295417090017,0.6960158588665906,-0.0045117688014345144,0.4491060726991622,0.1211941955710545,0.8782508668606741,0.32748180933592824,,0.46003886884404627,0.9633991866838792
519,1-stearoyl-2-oleoyl-GPE (18:0/18:1),Method 2,JQKOHRZNEOQNJE-AYBNWLFXSA-N,HMDB0008993,,0.0,True,all_pre_hcc,sample_median_scaled,True,-0.0010457194208316866,0.2585705153034841,0.01608762836567231,0.16687089836394361,0.12125572987954146,0.19056455956443197,0.43211517649984965,,0.46003886884404627,0.850107148695232
293,3-methyl-2-oxobutyrate,Method 3,QHKABHOOEWYVLI-UHFFFAOYSA-N,HMDB0000019,C00141,0.0,True,all_pre_hcc,sample_median_scaled,True,-0.0005644816409177721,-0.2006664778076775,-0.0032145387047911814,0.12955541802634593,0.12140930401925547,0.42381766638288354,0.864603611568924,,0.46003886884404627,0.8731385418330269
861,amoxicillin,Method 3,LSQZJLSUYDQPKJ-UHFFFAOYSA-N,HMDB0015193,"DG00520,C06827,D00229",0.9896193771626297,False,all_pre_hcc,sample_median_scaled,True,0.0008828693455585959,0.2757262065015179,0.010727986205392186,0.17880069259640502,0.1230524768750307,0.1461989972799595,-0.004814794111770724,,0.46435488055749824,0.7957800342207456
855,rivaroxaban,Method 3,KGFYHTZWPPHNLQ-UHFFFAOYSA-N,,,0.9878892733564014,False,all_pre_hcc,sample_median_scaled,True,0.00037939062088266116,-0.03130002117127493,-0.000379390620882657,0.02030986443267876,0.12328658990954246,0.7884694100932638,0.41802466193230475,,0.46435488055749824,0.9407865353739419
607,omeprazole,Method 3,SUBDBMMJDZJVOS-UHFFFAOYSA-N,HMDB0001913,C07324,0.8771626297577855,False,all_pre_hcc,sample_median_scaled,True,0.007968400432701521,-0.5823142268200766,-0.04007531307431088,0.3787564718977269,0.12418632319775483,0.2594678824203729,0.5770908334541399,,0.46478044162329735,0.860649621473309
1096,dodecadienoate (12:2)*,Method 3,QHRHXXRXWDTFLI-HZJYTTRNSA-N,,,0.0,True,all_pre_hcc,sample_median_scaled,True,-0.004377209111081002,0.30034915007762014,0.013861976368596218,0.19536202745176923,0.12419592621668411,0.019864793052045686,0.5072015487041848,,0.46478044162329735,0.5870510593110491
221,benzoate,Method 3,WPYMKLBDIGXBTP-UHFFFAOYSA-N,HMDB0001870,C00180,0.0,True,all_pre_hcc,sample_median_scaled,True,-0.0012871859449885008,0.3637501627543653,0.005824570833945746,0.23694306835594073,0.12473972008952063,0.6454456124203176,0.3573245461683386,,0.46478044162329735,0.909976024067088
993,nisinate (24:6n3),Method 3,YHGJECVSSKXFCJ-KUBAVDMBSA-N,HMDB0013025,,0.7024221453287197,False,all_pre_hcc,sample_median_scaled,True,-0.009145966027610525,0.4945424351904205,0.002043833599992215,0.32229966005989674,0.12492682514968194,0.8927419176207627,0.3617900120876971,,0.46478044162329735,0.9633991866838792
130,asparagine,Method 1,DCXYFEDJOCDNAF-REOHCLBHSA-N,HMDB0000168,C00152,0.0,True,all_pre_hcc,sample_median_scaled,True,-0.0025621097119299884,0.12605417539480737,0.004983867553873631,0.08230497248862911,0.12563353466672322,0.15629910495167507,0.7481798682875708,,0.46478044162329735,0.808969278887591
88,riboflavin (vitamin B2),Method 3,AUNGANRZJHBGPY-UHFFFAOYSA-N,HMDB0000244,C00255,0.015570934256055362,True,all_pre_hcc,sample_median_scaled,True,-0.0026075096095362323,0.2167170409814999,0.00046040534285441044,0.14159706927759722,0.12588825108021487,0.9521967914326247,0.5593006481531452,,0.46478044162329735,0.9803589194340951
447,2-hydroxy-3-methylvalerate,Method 3,RILPIWOPNGRASR-UHFFFAOYSA-N,HMDB0000317,,0.0,True,all_pre_hcc,sample_median_scaled,True,-0.0038114031793636586,0.31429041133032426,0.0027444020000038406,0.20540179058067498,0.12598579538437552,0.8108692015239456,0.6730941679439418,,0.46478044162329735,0.9436387192572836
535,"5alpha-pregnan-3beta,20alpha-diol disulfate",Method 3,LSQGWMYMIHQKSA-VNCHAANSSA-N,HMDB0094650,,0.010380622837370242,True,all_pre_hcc,sample_median_scaled,True,-0.0023484858789964307,-0.349343795228113,-0.010009070527886948,0.22879419265893022,0.12678811617288868,0.4405350813416773,0.8135239996809501,,0.4663726612441344,0.8731385418330269
196,beta-hydroxyisovalerate,Method 3,AXFYFNCPONWUHW-UHFFFAOYSA-N,HMDB0000754,,0.0,True,all_pre_hcc,sample_median_scaled,True,0.0029091669694640957,-0.23405726606916755,-0.008337834883783011,0.1538118211020695,0.12808130486477556,0.2324098233172941,0.8635762940423092,,0.4697559227985063,0.860649621473309
759,3-methylglutarylcarnitine (2),Method 1,HFCPFJNSBPQJDP-UHFFFAOYSA-N,HMDB0000552,,0.01384083044982699,True,all_pre_hcc,sample_median_scaled,True,0.0038436099423972024,-0.3310507885114206,0.0004551753791335293,0.217951752949144,0.12878319786538364,0.9647850072982389,0.6960517260443677,,0.4709571596356181,0.9837697399128694
810,dopamine 4-sulfate,Method 3,DEKNNWJXAQTLFA-UHFFFAOYSA-N,HMDB0004148,C13691,0.012110726643598616,True,all_pre_hcc,sample_median_scaled,True,0.0019243506083723597,0.4189976643924645,-0.008867530107888405,0.2767893493190937,0.130082120522944,0.526558890980114,0.5152068783889686,,0.4731797966788535,0.8895798552766429
164,chenodeoxycholate,Method 3,RUDATBOHQWOJDD-LXEZOOAESA-N,HMDB0000518,C02528,0.06401384083044982,True,all_pre_hcc,sample_median_scaled,True,-0.014347954695015255,0.4710395394639063,0.02952782965880311,0.31127615012377347,0.1302154295329875,0.05156279162416057,0.39752369622670564,,0.4731797966788535,0.7207332429243778
1091,ascorbic acid 3-sulfate*,Method 4,FBFZPSQPKNIVMT-ZAFYKAAXSA-N,,,0.0,True,all_pre_hcc,sample_median_scaled,True,0.006814914519516823,-0.28637252974772154,0.0025375566322043946,0.18948495991870393,0.13070677929759406,0.7184607486048824,0.6499028459557097,,0.4731797966788535,0.9294235136125881
179,creatine,Method 1,CVSVTCORWBXHQV-UHFFFAOYSA-N,HMDB0000064,C00300,0.0,True,all_pre_hcc,sample_median_scaled,True,-0.0021215102017534343,-0.26781019528370703,0.009273660649146117,0.1772896616152104,0.13089552404152704,0.24592912550402024,0.865490426621189,,0.4731797966788535,0.860649621473309
967,glycosyl-N-behenoyl-sphingadienine (d18:2/22:0)*,Method 2,BZVOAOVDSULRAB-NUBHLNQHSA-N,,,0.0,True,all_pre_hcc,sample_median_scaled,True,-0.0033383696308349024,-0.17631032501103702,0.009524572229415646,0.11686457080752216,0.13138258227965752,0.2609367154609895,0.6645673863658381,,0.47338282260803655,0.860649621473309
798,6-hydroxyindole sulfate,Method 3,QRHHXPIYYXPEMG-UHFFFAOYSA-N,HMDB0000682,,0.015570934256055362,True,all_pre_hcc,sample_median_scaled,True,0.00675415905624218,-0.5522624244357781,-0.022786221487459624,0.36636385911557845,0.131704282919565,0.45605714715091294,0.7478080908757322,,0.47338282260803655,0.8772475399324899
538,"androstenediol (3beta,17beta) disulfate (1)",Method 3,UWPTUYJASNIIJM-QJIZPQHZSA-N,HMDB0240313,C04295,0.0034602076124567475,True,all_pre_hcc,sample_median_scaled,True,0.0016206421630222286,-0.6227808687728936,-0.014867786254618749,0.41389793442036077,0.13240827853766265,0.32258175530039523,0.7820242260638891,,0.4745573059839875,0.860649621473309
787,vanillactate,Method 3,SVYIZYRTOYHQRE-UHFFFAOYSA-N,HMDB0000913,,0.01384083044982699,True,all_pre_hcc,sample_median_scaled,True,0.005974232813397876,-0.2514207607416098,-0.008276392249338772,0.16769375505365455,0.13379966689100092,0.35283241705118973,0.5860398512390811,,0.47686032057578487,0.860649621473309
806,"sphingomyelin (d18:1/22:1, d18:2/22:0, d16:1/24:1)*",Method 2,VBFKEZGCUWHGSK-ADSSWVSQSA-N,HMDB0012104,,0.0,True,all_pre_hcc,sample_median_scaled,True,0.0009549060349961139,-0.1303095499358084,-0.00018614724293762927,0.08691653375273067,0.13380897707730688,0.967347510550254,0.6459594582606963,,0.47686032057578487,0.9837697399128694
94,urea,Method 1,XSQUKJJJFZCRTK-UHFFFAOYSA-N,HMDB0000294,C00086,0.0,True,all_pre_hcc,sample_median_scaled,True,0.0028604505868211356,-0.20899549397915393,-0.006741082195702663,0.13986341285760784,0.13510171544032068,0.4018253322985186,0.7611028927787803,,0.478801927886813,0.8674430787831605
1084,3-amino-2-piperidone,Method 1,YCCMTCQQDULIFE-UHFFFAOYSA-N,HMDB0000323,,0.0,True,all_pre_hcc,sample_median_scaled,True,0.0005714130247500705,-0.15838356901365583,0.0005587403509375317,0.1059966438571909,0.13511501144659668,0.9178846971088818,0.8789749575866005,,0.478801927886813,0.9680722792986562
468,catechol sulfate,Method 3,MZPWKJZDOCIALD-UHFFFAOYSA-N,HMDB0059724,,0.0,True,all_pre_hcc,sample_median_scaled,True,0.007667817882188646,-0.3619907333962207,0.0032370024992424643,0.24275120319199656,0.13590884318650998,0.8901806840372821,0.43629252484324554,,0.4802541261908637,0.9633991866838792
1087,"2,2'-methylenebis(6-tert-butyl-p-cresol)",Method 4,KGRVJHAUYBGFFP-UHFFFAOYSA-N,,,0.7785467128027682,False,all_pre_hcc,sample_median_scaled,True,-0.0055846962042269965,-0.4170735814361409,-0.02532738019930161,0.2799609505040962,0.13628833310821808,0.3414538022699457,0.1592335814333987,,0.4802541261908637,0.860649621473309
667,pregnanediol-3-glucuronide,Method 3,ZFFFJLDTCLJDHL-JQYCEVDMSA-N,HMDB0010318,,0.596885813148789,False,all_pre_hcc,sample_median_scaled,True,-0.0017196541138490681,-0.48971368280633853,-0.024840384201377415,0.33132333932190705,0.13939340926487176,0.1887879667318163,0.6985028963016425,,0.4887363317811654,0.8451788688563164
1035,trans-2-hexenoylglycine,Method 3,AAPHATPOQGNLOZ-SNAWJCMRSA-N,,,0.22491349480968859,False,all_pre_hcc,sample_median_scaled,True,0.007094860411428466,-0.36837585187379335,-0.009266111601363479,0.2492801572671526,0.13947245080241524,0.561594901874278,0.49943114045598497,,0.4887363317811654,0.8918524885957959
73,palmitate (16:0),Method 3,IPCSVZSSVZVIGE-UHFFFAOYSA-N,HMDB0000220,C00249,0.0,True,all_pre_hcc,sample_median_scaled,True,-6.0316670701583156e-05,0.18649493327764843,0.004114174250236854,0.12634884112405703,0.13993530062974227,0.4188379951279446,0.6308399258794112,,0.48899613386726604,0.8731385418330269
1208,4-vinylguaiacol glucuronide,Method 3,RRBFAJWNNUHFMC-DKBOKBLXSA-N,,,0.6211072664359861,False,all_pre_hcc,sample_median_scaled,True,0.008733825868254039,-0.45475722086289955,-0.02862540512497578,0.30909868868602425,0.14122721488432427,0.06957270146392767,0.4257565885387873,,0.4919956607344,0.7340158078639959
520,chiro-inositol,Method 4,CDAISMWEOUEBRE-LKPKBOIGSA-N,HMDB0240209,C19891,0.5363321799307958,False,all_pre_hcc,sample_median_scaled,True,-0.005594101361141027,0.7976706477921186,-0.019778383839035435,0.5426523166653568,0.14157585785838855,0.47483320651836847,0.202023658243264,,0.4919956607344,0.8816380950693892
501,3-methyladipate,Method 4,SYEOWUNSTUDKGM-UHFFFAOYSA-N,HMDB0000555,,0.5692041522491349,False,all_pre_hcc,sample_median_scaled,True,0.012449386177666302,-0.4250070524269486,-0.014592139567944449,0.28965037124359083,0.14229158860767485,0.5474777575142369,0.3276594131942685,,0.4931207120343112,0.8918524885957959
312,taurolithocholate,Method 3,QBYUNVOYXHFVKC-OQHFDXPESA-N,HMDB0000722,C02592,0.49653979238754326,False,all_pre_hcc,sample_median_scaled,True,-0.005283549635754298,0.7226132192357727,0.007549480824139013,0.49386354629065793,0.14341704868604924,0.7542549198150247,0.7061518014760354,,0.4945020907238332,0.932629781173574
315,indolepropionate,Method 3,GOLXRNDWAUTYKT-UHFFFAOYSA-N,HMDB0002302,,0.26124567474048443,False,all_pre_hcc,sample_median_scaled,True,-0.013810534130075837,-1.0047859584078203,0.06877918182295154,0.6873999998178576,0.14381810160276765,0.02799925561101983,0.7408679161786108,,0.4945020907238332,0.5870510593110491
805,behenoyl sphingomyelin (d18:1/22:0)*,Method 2,FJJANLYCZUNFSE-TWKUQIQBSA-N,HMDB0012103,,0.0,True,all_pre_hcc,sample_median_scaled,True,-0.0002336728164366123,-0.16078886247568366,0.00014795491664265536,0.11001390414527813,0.1438694476986669,0.9790124340842828,0.6803768417996252,,0.4945020907238332,0.9857259417614187
334,3-hydroxy-2-ethylpropionate,Method 3,ZMZQVAUJTDKQGE-UHFFFAOYSA-N,HMDB0000396,,0.0017301038062283738,True,all_pre_hcc,sample_median_scaled,True,0.0023115313151483626,-0.20392066951234736,-0.007986533216188607,0.14004098064489864,0.14535116683945645,0.04615618625699762,0.757322434600032,,0.4982336999565019,0.6942666304080307
343,4-imidazoleacetate,Method 1,PRJKNHOMHKJCEJ-UHFFFAOYSA-N,HMDB0002024,C02835,0.10034602076124567,True,all_pre_hcc,sample_median_scaled,True,0.003143710079751331,0.2997809792395785,-0.019403304399709546,0.20642804871133594,0.14643769864649558,0.055424851789047734,0.38837373368048206,,0.49957250624796806,0.7339417215854952
277,hexanoylcarnitine (C6),Method 1,VVPRQWTYSNDTEA-UHFFFAOYSA-N,HMDB0000756,,0.0,True,all_pre_hcc,sample_median_scaled,True,0.00010903278626643397,-0.21919805204921358,0.010078489640968144,0.15119930828879713,0.14713405000429036,0.1502992803692628,0.7395322675302172,,0.49957250624796806,0.804580828529926
439,phenol sulfate,Method 3,CTYRPMDGLDAWRQ-UHFFFAOYSA-N,HMDB0060015,C02180,0.0,True,all_pre_hcc,sample_median_scaled,True,0.0027803809250754614,-0.5107434244016846,-0.023847727720941157,0.35242360187376565,0.14727291235549508,0.1553673029486693,0.5230552809519384,,0.49957250624796806,0.808969278887591
37,succinate,Method 4,KDYFGRWQOYBRFD-UHFFFAOYSA-N,HMDB0000254,C00042,0.0,True,all_pre_hcc,sample_median_scaled,True,-0.0005048841272752003,-0.2125933893137654,-0.01023742967171721,0.14671464055891714,0.14733020653258835,0.25469413351308734,0.6873192833695683,,0.49957250624796806,0.860649621473309
239,tartarate,Method 3,FEWJPZIEWOKRBE-JCYAYHJZSA-N,"HMDB0000956,HMDB0062642","C00552,C02107,C00898",0.3062283737024221,False,all_pre_hcc,sample_median_scaled,True,0.0021616921488048307,0.6285227879104851,0.0604315419589296,0.4359497523030322,0.14937794101262866,0.0018028900565805145,0.28373436526839185,,0.5051544349298034,0.15434503015731735
593,5-(galactosylhydroxy)-lysine,Method 1,OWGKYELXGFKIHH-MYLOADSESA-N,,,0.005190311418685121,True,all_pre_hcc,sample_median_scaled,True,-0.0025967384922560553,-0.23549719942401853,-0.005864633496155177,0.1637623088329417,0.15042192745769808,0.3729909417803542,0.5064450423247955,,0.5073211387179201,0.8622171838252481
489,1-ribosyl-imidazoleacetate*,Method 1,AHPWEWASPTZMEK-UHFFFAOYSA-N,HMDB0002331,C05131,0.0,True,all_pre_hcc,sample_median_scaled,True,0.0026081453602646173,-0.23097059591869867,-0.017317651195044692,0.1610145272084663,0.15143803001239545,0.07205724616166653,0.7362261635960318,,0.5093824645871483,0.7340158078639959
1020,cephalexin,Method 1,ZAIPMKNFIOOWCQ-UEKVPHQBSA-N,HMDB0014707,C06895,0.9965397923875432,False,all_pre_hcc,sample_median_scaled,True,-0.00033073355875209927,-0.009135565571241254,0.00033073355875210035,0.006377762414954591,0.15202674657832724,0.5155424209228306,-0.002251983490928181,,0.5099990591880951,0.8895039981792914
234,glycerol 3-phosphate,Method 1,AWUCVROLDVIAJX-UHFFFAOYSA-N,HMDB0000126,C0093,0.006920415224913495,True,all_pre_hcc,sample_median_scaled,True,-0.00048733326573151134,-0.1798317125199657,0.009093324214356553,0.1256899888581915,0.1525001418981217,0.19430066472186158,0.9285418115203158,,0.5102265385846732,0.8546511755947618
989,ondansetron,Method 2,FELGMEQIXOGIFQ-UHFFFAOYSA-N,HMDB0005035,C07325,0.9619377162629758,False,all_pre_hcc,sample_median_scaled,True,-0.0013366794200464964,0.41573125687918083,0.01684859702718959,0.2922680893518204,0.15490110330941537,0.30437934720913595,0.1134488729791943,,0.5142805474261061,0.860649621473309
876,gamma-tocopherol/beta-tocopherol,Method 2,QUEDXNHFTDJVIY-DQCZWYHMSA-N,"HMDB0006335,HMDB0001492","C14152,C02483",0.0,True,all_pre_hcc,sample_median_scaled,True,-0.003005695190655654,-0.2432751174020699,0.0017389696848316059,0.1710350613284668,0.1549189060830952,0.7534011364826871,0.9746479382915103,,0.5142805474261061,0.932629781173574
1127,sulfociprofloxacin*,Method 3,SDLYZOYQWKDWJG-UHFFFAOYSA-N,,,0.986159169550173,False,all_pre_hcc,sample_median_scaled,True,0.00018770508235482186,-0.04744262179256963,-0.0001877050823548275,0.03335619477909708,0.15493825713393816,0.8678699021234686,0.9350947750402454,,0.5142805474261061,0.9633991866838792
93,myristate (14:0),Method 3,TUNFSRHWOTWDNC-UHFFFAOYSA-N,HMDB0000806,C06424,0.0,True,all_pre_hcc,sample_median_scaled,True,-0.0019000012242665863,0.25680748007577603,0.015483179376006108,0.181040884422392,0.15604325051626577,0.2022091590031092,0.33655771497951775,,0.5158277982041316,0.860649621473309
170,valerate (5:0),Method 3,NQPDZGIKBAWPEJ-UHFFFAOYSA-N,HMDB0000892,C00803,0.31141868512110726,False,all_pre_hcc,sample_median_scaled,True,-0.0009685508748374678,-0.5756749333493395,-0.011015453927379662,0.4061625489299907,0.15638030352115886,0.44907682588806663,0.5938117953275085,,0.5158277982041316,0.8731385418330269
406,5-acetylamino-6-formylamino-3-methyluracil,Method 4,RDZNZFGKEVDNPK-UHFFFAOYSA-N,HMDB0011105,C16365,0.06055363321799308,True,all_pre_hcc,sample_median_scaled,True,0.015187758065719143,-0.4462416141640067,-0.00386647671116291,0.315035209910666,0.15663451424004632,0.8364575352605667,0.488249555661313,,0.5158277982041316,0.9521516206067531
515,2-ethylphenylsulfate,Method 3,TXENPQZYQPWRAV-UHFFFAOYSA-N,,,0.5916955017301038,False,all_pre_hcc,sample_median_scaled,True,-0.006323753012470384,-0.48455718614631466,-0.009367174048082433,0.3442719054127417,0.15928392905288158,0.6384981452318645,0.6678235766188714,,0.5211555694403832,0.9094394729837076
60,hypotaurine,Method 1,VVIUBCNYACGLLV-UHFFFAOYSA-N,HMDB0000965,C00519,0.0,True,all_pre_hcc,sample_median_scaled,True,0.0023243186475637805,-0.23267374999495244,-0.0011125092397045546,0.16554296115126277,0.15986705233294896,0.8620816279712946,0.6158716170363452,,0.5211555694403832,0.9622880993681354
1180,emtricitabine,Method 1,XQSPYNMVSIKCOC-NTSWFWBYSA-N,HMDB0015017,"C12599,D01199",0.9930795847750865,False,all_pre_hcc,sample_median_scaled,True,0.0011979877866722874,-0.05818741881669556,-0.0011979877866722917,0.04150459584899692,0.1609298135121039,0.14151599873562096,0.22666759356007748,,0.5211555694403832,0.7877306478292528
981,"glycosyl ceramide (d18:2/24:1, d18:1/24:2)*",Method 2,WYTRSDHGWSSQLK-PCKKJQKNSA-N,,,0.0,True,all_pre_hcc,sample_median_scaled,True,-0.004072654962895187,-0.15370508840872132,0.012500389284338338,0.10967218044030513,0.1610658949272874,0.08135866409828908,0.7496430646410016,,0.5211555694403832,0.7340158078639959
1019,"glycosyl ceramide (d18:1/20:0, d16:1/22:0)*",Method 2,FXNTXJCUSRJUFN-QOSDPKFLSA-N,,,0.0,True,all_pre_hcc,sample_median_scaled,True,-0.0023175221345595994,-0.15451266950473894,0.007023690055439008,0.11040937743564275,0.16167735940621286,0.3569503217415534,0.7632553136200805,,0.5211555694403832,0.860649621473309
576,4-cholesten-3-one,Method 2,NYOXRYYXRWJDKP-UHFFFAOYSA-N,HMDB0000921,C00599,0.13494809688581316,True,all_pre_hcc,sample_median_scaled,True,-0.007406591312102999,-0.28547421189319777,0.017210059924383313,0.20405508314249496,0.16181129221250334,0.13250988114862414,0.8754904646897622,,0.5211555694403832,0.7863086343630622
808,lignoceroyl sphingomyelin (d18:1/24:0),Method 2,QEDPUVGSSDPBMD-XTAIVQBESA-N,HMDB0011697,,0.0,True,all_pre_hcc,sample_median_scaled,True,-0.00030450626202573066,-0.1570320227145989,-0.0007791583833179128,0.11232710739202682,0.1621164715586061,0.8959425464396265,0.6118321928968239,,0.5211555694403832,0.9633991866838792
297,2-linoleoylglycerol (18:2),Method 3,IEPGNWMPIFDNSD-HZJYTTRNSA-N,HMDB0011538,,0.08823529411764706,True,all_pre_hcc,sample_median_scaled,True,0.009668686865251165,-0.3767294848963814,-0.01690595563000799,0.2695644244698246,0.16224855022596596,0.046014242654063196,0.42226790786348817,,0.5211555694403832,0.6942666304080307
69,lysine,Method 1,KDXKERNSBIXSRK-UHFFFAOYSA-N,HMDB0003405,"C00739,C00047",0.0,True,all_pre_hcc,sample_median_scaled,True,0.0007524586729061595,0.09806932178614214,0.005860014900809638,0.07018108568804865,0.16230071656025413,0.0018563928418198735,0.6753418100446842,,0.5211555694403832,0.15434503015731735
644,2-oxindole-3-acetate,Method 3,ILGMGHZPXRDCCS-UHFFFAOYSA-N,HMDB0035514,,0.6366782006920415,False,all_pre_hcc,sample_median_scaled,True,0.006799370047710725,-0.33471148889550356,-0.002846801187111222,0.2395824901886974,0.16239505820399858,0.8404998762349106,0.3263689116071227,,0.5211555694403832,0.9525665263995654
709,guaiacol sulfate,Method 3,AQTYXAPIHMXAAV-UHFFFAOYSA-N,HMDB0060013,,0.005190311418685121,True,all_pre_hcc,sample_median_scaled,True,0.009294838689140194,-0.44688314705366045,-0.0063953704240025736,0.32225594442982447,0.16552300991162794,0.7999458962519337,0.49238180465344095,,0.5298421029741169,0.9407865353739419
492,indoleacetylglutamine,Method 3,DVJIJAYHBZALOJ-UHFFFAOYSA-N,HMDB0013240,,0.17647058823529413,True,all_pre_hcc,sample_median_scaled,True,0.006812700610256472,-0.5235703782617491,-0.013210440457556519,0.37801382584525467,0.16603529550678497,0.2797258577660203,0.6538042651280681,,0.5299310882260688,0.860649621473309
506,desmethylnaproxen,Method 3,XWJUDDGELKXYNO-QMMMGPOBSA-N,HMDB0013989,,0.9792387543252595,False,all_pre_hcc,sample_median_scaled,True,-0.0046939935077323,-0.04226657229472727,0.004693993507732303,0.030541942444373242,0.16639330671645247,0.09258544049647045,0.13744414206254316,,0.5299310882260688,0.7466184881061527
250,3-indoxyl sulfate,Method 3,BXFFHSIDQOFMLE-UHFFFAOYSA-N,HMDB0000682,,0.0,True,all_pre_hcc,sample_median_scaled,True,0.0080780649374888,-0.40504740569602293,-0.01590104494141988,0.2931177755188769,0.1670150309173395,0.5372993626315477,0.6974972683422807,,0.5299942069802861,0.8917184672697717
105,adenosine,Method 3,OIRDTQYFTABQOQ-KQYNXXCUSA-N,HMDB0000050,C00212,0.6332179930795848,False,all_pre_hcc,sample_median_scaled,True,0.0021193713436522777,0.35278971180462865,-0.003143877891038898,0.25590370013591773,0.16801706681664774,0.7935140925700432,0.437276150310947,,0.5299942069802861,0.9407865353739419
347,delta-tocopherol,Method 2,GZIFEOYASATJEH-VHFRWLAGSA-N,HMDB0002902,C14151,0.5519031141868512,False,all_pre_hcc,sample_median_scaled,True,-0.010630512425828407,0.37487821285417244,0.01424490512645308,0.27238074703539283,0.16872810177633346,0.391749420859711,0.35229090467554797,,0.5299942069802861,0.8674430787831605
804,"sphingomyelin (d18:1/20:2, d18:2/20:1, d16:1/22:2)*",Method 2,YVTVVJRJLRHYSJ-COUPUTHFSA-N,,,0.00865051903114187,True,all_pre_hcc,sample_median_scaled,True,0.0018616713444001738,-0.14759566875785501,0.005515267840981174,0.10726811086774021,0.16883679156920384,0.4372319811178298,0.5276037365727105,,0.5299942069802861,0.8731385418330269
642,doxycycline,Method 2,JBIWCJUYHHGXTC-VONWRGRHSA-N,HMDB0014399,D00307,0.9948096885813149,False,all_pre_hcc,sample_median_scaled,True,0.0002952989356132099,-0.011265214210425237,-0.001646903298764397,0.008202515407722702,0.1696325924323706,0.2624771916208809,-0.0006451399204777877,,0.5299942069802861,0.860649621473309
944,naringenin 7-glucuronide,Method 3,BDCRTIDKZGEVEN-UHFFFAOYSA-N,,,0.698961937716263,False,all_pre_hcc,sample_median_scaled,True,-0.0018183238832960677,0.4543299689945318,-0.030358485489699882,0.33126605049996594,0.1702204781818929,0.29191523334275915,0.1520449002275655,,0.5299942069802861,0.860649621473309
163,3-aminoisobutyrate,Method 1,QCHPKSFMDHPSNR-UHFFFAOYSA-N,HMDB0002166,C05145,0.0,True,all_pre_hcc,sample_median_scaled,True,0.011083182616961347,-0.2814378682745721,0.0022374202889081773,0.20523824990054562,0.1702895691150893,0.796926372408888,0.72166451210343,,0.5299942069802861,0.9407865353739419
707,hydroxypioglitazone (M-IV),Method 1,OXVFDZYQLGRLCD-UHFFFAOYSA-N,,,0.9948096885813149,False,all_pre_hcc,sample_median_scaled,True,-6.180539276308518e-05,-0.012967219390759357,6.180539276308376e-05,0.009461053904050129,0.17050301564369252,0.7673641698716258,0.23487001922662756,,0.5299942069802861,0.9381381202123472
1214,2-hydroxy-4-(methylthio)butanoic acid,Method 4,ONFOSYPQQXJWGS-UHFFFAOYSA-N,HMDB0037115,,0.0,True,all_pre_hcc,sample_median_scaled,True,-0.004044295270677906,0.2463576582101682,0.015318073665269091,0.17980240011236073,0.17063765301137634,0.11761021905485095,0.9003205323974675,,0.5299942069802861,0.7723202739516442
384,pioglitazone,Method 1,HYAFETHFCAUJAY-UHFFFAOYSA-N,HMDB0015264,"D08378,C07675,
DG00117",0.9948096885813149,False,all_pre_hcc,sample_median_scaled,True,2.457093630320279e-05,-0.010181089007429221,-2.4570936303190525e-05,0.007432278206765437,0.1707344568755227,0.917484150967503,0.14707572850778144,,0.5299942069802861,0.9680722792986562
1089,2-hydroxysebacate,Method 3,LPIOYESQKJFWPQ-UHFFFAOYSA-N,HMDB0000424,,0.02422145328719723,True,all_pre_hcc,sample_median_scaled,True,0.0030640899431309573,-0.23379021773079572,0.004007175978966365,0.1707936581995113,0.1710474149713801,0.6738223916061458,0.5736946405453975,,0.5299942069802861,0.9221448686380037
267,isovalerate (i5:0),Method 3,GWYFCOCPABKNJV-UHFFFAOYSA-N,HMDB0000718,C08262,0.0,True,all_pre_hcc,sample_median_scaled,True,0.00014064296934512558,-0.27907518952643495,-0.009263596154615078,0.20409146712885995,0.1714991681994109,0.4809039190753307,0.8784840116007131,,0.5300883380709064,0.8816380950693892
678,diglycerol,Method 1,GPLRAVKSCUXZTP-UHFFFAOYSA-N,,,0.01384083044982699,True,all_pre_hcc,sample_median_scaled,True,0.0032258553979413935,-0.3142083374160375,0.0022513413360660695,0.23136941378647294,0.17445178922314086,0.8472013011524221,0.3934744367091093,,0.5376390951722386,0.9575734383196288
1206,picolinoylglycine,Method 3,MNYZGNSHBPLAFN-UHFFFAOYSA-N,HMDB0059766,,0.05536332179930796,True,all_pre_hcc,sample_median_scaled,True,0.008414806865786087,-0.39539119323704264,-0.023519256801702988,0.2917602408200296,0.17535633941611006,0.10305407349488829,0.7042380663661024,,0.5376390951722386,0.7707122735653882
383,p-cresol sulfate,Method 3,WGNAKZGUSRVWRH-UHFFFAOYSA-N,HMDB0011635,,0.0,True,all_pre_hcc,sample_median_scaled,True,0.01738373542299789,-0.7058389968678656,-0.07858936891681918,0.5210015810313727,0.17548981685365517,0.01688019493080757,0.8475310124830047,,0.5376390951722386,0.5870510593110491
361,N-acetylarginine,Method 1,SNEIUMQYRCDYCH-LURJTMIESA-N,HMDB0004620,C02562,0.0,True,all_pre_hcc,sample_median_scaled,True,-0.0021295713697131067,-0.17834856276116742,-0.00259751646186835,0.13169390452624766,0.17565156447996033,0.7160881744480325,0.7988978632229681,,0.5376390951722386,0.9294235136125881
643,alpha-CEHC glucuronide*,Method 3,MWDYOFPRWKTECC-UHFFFAOYSA-N,HMDB0062445,,0.7283737024221453,False,all_pre_hcc,sample_median_scaled,True,0.006116164777455447,-0.3741529345625353,-0.013148661242866858,0.2767897884976955,0.17645260107084115,0.21939427591971028,0.6662166479704276,,0.5387800294832965,0.860649621473309
1082,N-carbamoylvaline,Method 3,JDXMIYHOSFNZKO-UHFFFAOYSA-N,,,0.23875432525951557,False,all_pre_hcc,sample_median_scaled,True,0.0014033624578190858,-0.3692807685525238,-0.004944738300303508,0.27358979354863194,0.17709273444555818,0.8046791033882046,0.5997108609397197,,0.5394253267131046,0.9407865353739419
72,methylmalonate (MMA),Method 4,ZIYVHBGGAOATLY-UHFFFAOYSA-N,HMDB0000202,C02170,0.15051903114186851,True,all_pre_hcc,sample_median_scaled,True,0.0026528460501621574,-0.40607378447457904,0.004391353558989728,0.30123338769448754,0.1776464480642339,0.7866407795130204,0.9813575397736133,,0.5395832014219487,0.9407865353739419
219,ethylmalonate,Method 4,UKFXDFUAPNAMPJ-UHFFFAOYSA-N,HMDB0000622,,0.0034602076124567475,True,all_pre_hcc,sample_median_scaled,True,0.003873129636597605,-0.25116435131041187,0.0022536865639240827,0.18652348560900647,0.1781232168074599,0.6667335327591839,0.8229328978350164,,0.5395832014219487,0.9184728843022074
1022,ethyl alpha-glucopyranoside,Method 1,WYUFTYLVLQZQNH-UHFFFAOYSA-N,HMDB0029968,,0.18339100346020762,True,all_pre_hcc,sample_median_scaled,True,0.004042317367811305,-0.5511168998967247,0.004668458914456813,0.4095694241743464,0.17843132892808478,0.714278822852908,0.4045747784554955,,0.5395832014219487,0.9294235136125881
860,"sphingomyelin (d18:2/24:1, d18:1/24:2)*",Method 2,TXFLWJQVQCDUDZ-BRUGZULGSA-N,"HMDB0240636,HMDB0240615",,0.0,True,all_pre_hcc,sample_median_scaled,True,-0.0003641607271186175,-0.09373514500126173,0.002891390451699567,0.07000601150675166,0.1805841795146026,0.4640098298498957,0.6798410495838383,,0.5447839276483695,0.8816380950693892
628,1-methyl-5-imidazoleacetate,Method 1,UJCGYTCAMOHYCG-UHFFFAOYSA-N,HMDB04988,,0.0,True,all_pre_hcc,sample_median_scaled,True,0.004348884489489334,-0.4383258648784864,-0.023111571965324765,0.32919638542490515,0.1830236683088431,0.025459580364192547,0.5375087930391244,,0.5488850147975597,0.5870510593110491
206,1-palmitoyl-2-oleoyl-GPC (16:0/18:1),Method 2,WTJKGGKOPKCXLL-PFDVCBLKSA-N,HMDB0007972,C13875,0.0,True,all_pre_hcc,sample_median_scaled,True,0.000768819755091362,-0.06482487974484842,-0.0007129785906881906,0.04868923975581273,0.18305725425700825,0.7514386197439129,0.828695532697651,,0.5488850147975597,0.932629781173574
369,N-acetylisoleucine,Method 3,JDTWZSUNGHMMJM-MSZQBOFLSA-N,HMDB0061684,,0.03806228373702422,True,all_pre_hcc,sample_median_scaled,True,0.0017868624052778473,-0.2065975626615538,-0.015477285024017871,0.15524232609308777,0.18325254866055252,0.11390512031212865,0.40492811170348236,,0.5488850147975597,0.7723202739516442
834,glycochenodeoxycholate 3-sulfate,Method 3,DKXXSIJHWWVNMO-ISIKUUMTSA-N,"HMDB0002409,HMDB0002496,HMDB0002497",,0.0017301038062283738,True,all_pre_hcc,sample_median_scaled,True,-0.017364307853674762,0.38597134957912055,0.018188940359486015,0.29052362099106815,0.1840008032116176,0.15414266308077,0.643206754081019,,0.5498171269363775,0.808969278887591
352,octanoylcarnitine (C8),Method 2,CXTATJFJDMJMIY-UHFFFAOYSA-N,HMDB0000791,C02838,0.0,True,all_pre_hcc,sample_median_scaled,True,0.0031550425757102705,-0.23695586752616624,0.006218366031606513,0.1799033043399124,0.18779537253309242,0.4876968609413139,0.6941320390673883,,0.5589762041960558,0.8816380950693892
891,7-hydroxyindole sulfate,Method 3,YBMPUGDWCSVZRS-UHFFFAOYSA-N,,,0.6072664359861591,False,all_pre_hcc,sample_median_scaled,True,0.005430095095676588,-0.38805715300757654,0.006945996421334187,0.2947297927334874,0.18795463781791066,0.608484412501787,0.6718690966482309,,0.5589762041960558,0.8978901000898318
433,mead acid (20:3n9),Method 3,UNSRRHDPHVZAHH-YOILPLPUSA-N,HMDB0010378,,0.4429065743944637,False,all_pre_hcc,sample_median_scaled,True,-0.02892065196067253,0.705786180229824,0.006838196931781905,0.5370302596910654,0.18876574483055175,0.7544584727975293,0.4743481641067263,,0.5600644032944201,0.932629781173574
140,xanthine,Method 4,LRFVTYWOQMYALW-UHFFFAOYSA-N,HMDB0000292,C00385,0.0,True,all_pre_hcc,sample_median_scaled,True,-0.00738145955177139,0.2558264050029288,0.009413817606210526,0.1951918800290359,0.18997921178984534,0.06082337604385345,0.8616545814621298,,0.5612221164872692,0.7340158078639959
598,hydantoin-5-propionate,Method 4,VWFWNXQAMGDPGG-UHFFFAOYSA-N,HMDB0001212,C05565,0.09342560553633218,True,all_pre_hcc,sample_median_scaled,True,0.002701857251769477,0.36871282723989635,-0.013122257975482101,0.28136640534586715,0.19004818888996555,0.5482716370738754,0.49814024039759697,,0.5612221164872692,0.8918524885957959
526,glycosyl-N-nervonoyl-sphingosine (d18:1/24:1)*,Method 2,WBOZIXHPUPAOIA-YEWIENRVSA-N,"HMDB0004975,HMDB0010712",,0.17474048442906576,True,all_pre_hcc,sample_median_scaled,True,-0.00195862172379601,-0.4046740858043233,0.017469563983920754,0.31037114557419826,0.19228839238499262,0.37229034523227034,0.5139962253988047,,0.5635413683456251,0.8622171838252481
706,ketopioglitazone,Method 3,JMLKLMFMQRAJNI-UHFFFAOYSA-N,,,0.9948096885813149,False,all_pre_hcc,sample_median_scaled,True,-0.000322679283778651,-0.016845703135031677,0.0003226792837786595,0.012934876047872176,0.19279763001465167,0.4707391433519621,0.25470681043058035,,0.5635413683456251,0.8816380950693892
424,5-methyluridine (ribothymidine),Method 3,DWRXFEITVBNRMK-JXOAFFINSA-N,HMDB0000884,,0.0,True,all_pre_hcc,sample_median_scaled,True,-0.000322937635280965,0.1331584910518632,0.0016102738884794473,0.10229635450697859,0.19302121150581153,0.6301192016568331,0.6903087639017144,,0.5635413683456251,0.9094394729837076
727,3-hydroxycotinine glucuronide,Method 3,WALNNKZUGHYSCT-MGKNELHOSA-N,HMDB0001204,,0.8062283737024222,False,all_pre_hcc,sample_median_scaled,True,0.003063120625446984,-0.32783315378975547,-0.0045466096757324674,0.2523523678612423,0.193906631589419,0.012300178267544383,1.0583529393515372,,0.5635413683456251,0.5189044350482741
846,"sphingomyelin (d18:1/17:0, d17:1/18:0, d19:1/16:0)",Method 2,YMQZQHIESOAPQH-JXGHDCMNSA-N,"HMDB0240620,HMDB0240609,HMDB0240622",,0.0,True,all_pre_hcc,sample_median_scaled,True,0.00029544366476276317,-0.13881448665564922,-0.003200389094519502,0.10695567894149836,0.19433226874507825,0.469130822807566,0.7468256208376187,,0.5635413683456251,0.8816380950693892
1072,glycine conjugate of C10H14O2 (1)*,Method 3,,,,0.0017301038062283738,True,all_pre_hcc,sample_median_scaled,True,0.005849161236763188,-0.26187396140684766,-0.006600784332951597,0.2021132746487321,0.19508603814455883,0.4719066943062332,0.6520096940113059,,0.5635413683456251,0.8816380950693892
135,caprylate (8:0),Method 3,WWZKQHOCKIZLMA-UHFFFAOYSA-N,HMDB0000482,C06423,0.0,True,all_pre_hcc,sample_median_scaled,True,-0.01283456655214929,0.3049909233442439,0.018336828229668502,0.23548327065039223,0.19526150981824153,0.1828724942439317,0.5697512674790873,,0.5635413683456251,0.8345004227693749
931,eicosapentaenoylcholine,Method 2,AVBRNEQAXKXDAZ-CGRWFSSPSA-N,,,0.6522491349480969,False,all_pre_hcc,sample_median_scaled,True,0.009864071311676584,-0.35059284222572984,-0.010795294278329,0.27080948476216327,0.1954545777120429,0.41544810072703564,0.3470905113604374,,0.5635413683456251,0.8731385418330269
763,2-keto-3-deoxy-gluconate,Method 4,WPAMZTWLKIDIOP-WVZVXSGGSA-N,HMDB0001353,C00204,0.00865051903114187,True,all_pre_hcc,sample_median_scaled,True,0.003748660697869623,0.22896756192624626,0.00984665334832007,0.1768927870487099,0.1955320949819297,0.18160593104394707,0.7650003742600058,,0.5635413683456251,0.8345004227693749
766,"sphingomyelin (d18:2/14:0, d18:1/14:1)*",Method 2,SOWIKWJDPCEPOJ-IOBWIPHESA-N,"HMDB0240637,HMDB0240612",,0.0,True,all_pre_hcc,sample_median_scaled,True,-0.00012619032091981856,-0.14125667333201392,0.004176674073743078,0.10916805873535713,0.19568692045205782,0.5909843744936527,0.60692919923366,,0.5635413683456251,0.8935797393185277
460,gulonate*,Method 4,RGHNJXZEOKUKBD-NRXMZTRTSA-N,HMDB0003290,C00800,0.03633217993079585,True,all_pre_hcc,sample_median_scaled,True,0.005385904906415303,-0.2813062835287445,-0.007773620364989661,0.2174393818508963,0.1957611907528125,0.3505831006258675,0.682685635056161,,0.5635413683456251,0.860649621473309
1107,sulfate of piperine metabolite C18H21NO3 (3)*,Method 3,,,,0.01903114186851211,True,all_pre_hcc,sample_median_scaled,True,-0.008955762991520795,0.3752934910122039,-0.006065716945047638,0.29043937614328785,0.19630251962048206,0.7041463361545233,0.7219582619057198,,0.563809519823211,0.9294235136125881
435,gamma-glutamylisoleucine*,Method 1,SNCKGJWJABDZHI-SIPWABPFSA-N,HMDB0011170,,0.0,True,all_pre_hcc,sample_median_scaled,True,0.0026822710429294304,-0.17050893725108657,-0.0018046052386746932,0.13209970689888095,0.19678712319882552,0.7084180411485463,0.7540761262217464,,0.5639138974581378,0.9294235136125881
724,3-hydroxyadipate,Method 4,YVOMYDHIQVMMTA-UHFFFAOYSA-N,HMDB0000345,,0.10207612456747404,True,all_pre_hcc,sample_median_scaled,True,0.015269045205016209,-0.30715486977114753,-0.00910518987124761,0.23851367440526502,0.1978200304171268,0.44044093184242084,0.3457777500812557,,0.5647592930679941,0.8731385418330269
650,valylleucine,Method 1,XCTHZFGSVQBHBW-UHFFFAOYSA-N,HMDB0029131,,0.1695501730103806,True,all_pre_hcc,sample_median_scaled,True,-0.01094309537813891,-0.4121830322507743,-0.01949479441578323,0.32018494834561523,0.19798000655245263,0.2707789739126272,0.4225335197526843,,0.5647592930679941,0.860649621473309
1230,"branched-chain, straight-chain, or cyclopropyl 12:1 fatty acid*",Method 3,FQSFPMAZIOPKLO-JXMROGBWSA-N,,,0.06401384083044982,True,all_pre_hcc,sample_median_scaled,True,-0.0053058383099899,0.37691905300286194,0.007937219119273873,0.2939442855354125,0.19974423303281208,0.5075656337188772,0.3803859664410732,,0.5647919506986407,0.8895039981792914
38,3-hydroxybutyrate (BHBA),Method 4,WHBMMWSBFZVSSR-UHFFFAOYSA-N,"HMDB0000442,HMDB0000357,HMDB0000011","C03197,C01089",0.0,True,all_pre_hcc,sample_median_scaled,True,0.013091054564919895,-0.397956531606295,-0.007111915494085309,0.31104013607518527,0.2007429025318067,0.5743580550634775,0.5454371268867105,,0.5647919506986407,0.8918524885957959
948,palmitoyl-oleoyl-glycerol (16:0/18:1) [2]*,Method 2,YEJYLHKQOBOSCP-OZKTZCCCSA-N,HMDB0007102,C13861,0.5934256055363322,False,all_pre_hcc,sample_median_scaled,True,0.00461659163970702,-0.5553539149128925,0.0014334201940383996,0.43484992472170486,0.20156120076020356,0.9192373900974755,0.8053292673097417,,0.5647919506986407,0.968509746015598
106,betaine,Method 1,KWIUHFFTVRNATP-UHFFFAOYSA-N,HMDB0000043,C00719,0.0,True,all_pre_hcc,sample_median_scaled,True,-0.0013082698376765838,0.11938017681982684,0.003856641117271443,0.09356394137793572,0.2019835254868314,0.2168182048400834,0.7588639934298215,,0.5647919506986407,0.860649621473309
646,linoleoylcarnitine (C18:2)*,Method 2,MJLXQSQYKZWZCB-DQFWFXSYSA-N,HMDB0006469,,0.0,True,all_pre_hcc,sample_median_scaled,True,0.0002618600395748452,-0.14273194288714322,0.002000218087444559,0.1119318502907299,0.2022496926460976,0.5337111608706896,0.6201356054034065,,0.5647919506986407,0.8895798552766429
1261,tetrahydrocortisone glucuronide (5),Method 3,QUOCEDQXFGCYTL-QMELEVSMSA-N,,,0.2647058823529412,False,all_pre_hcc,sample_median_scaled,True,0.0009145204508546441,-0.4266027414955843,-0.005869627805798773,0.33458744300764504,0.20230527326710024,0.7480476950392903,0.6616519879974436,,0.5647919506986407,0.932629781173574
827,N-acetylglucosamine/N-acetylgalactosamine,Method 1,OVRNDRQMDRJTHS-FMDGEEDCSA-N,"HMDB0000212,HMDB0000215",C01074,0.0017301038062283738,True,all_pre_hcc,sample_median_scaled,True,-0.001670618287304649,-0.09261938379323441,0.0020456283053550775,0.07266279621790021,0.202434367037993,0.5153040189479128,0.66813101871831,,0.5647919506986407,0.8895039981792914
1240,2-methoxyhydroquinone sulfate (1),Method 3,LEJCLCZOTCOTQE-UHFFFAOYSA-N,,,0.07439446366782007,True,all_pre_hcc,sample_median_scaled,True,0.007974319997498105,0.4471086434440252,0.012223262802248839,0.3512367446376402,0.20303393670183756,0.545627292909533,0.4780063057393008,,0.5647919506986407,0.8918524885957959
625,ethyl glucuronide,Method 3,IWJBVMJWSPZNJH-XWBUKDKVSA-N,HMDB0010325,,0.9152249134948097,False,all_pre_hcc,sample_median_scaled,True,0.010819002781890455,-0.3073762838550913,-0.009623501277358077,0.2414943790148309,0.203085731502607,0.2679621700982161,0.39196546628462814,,0.5647919506986407,0.860649621473309
522,1-stearoyl-2-arachidonoyl-GPC (18:0/20:4),Method 2,PSVRFUPOQYJOOZ-QNPWAGBNSA-N,HMDB0008048,,0.0,True,all_pre_hcc,sample_median_scaled,True,0.002135881915709802,-0.11896635464093995,-0.0038726980816217293,0.09348019822927771,0.20314689940340014,0.4160117944287087,0.6696074876723229,,0.5647919506986407,0.8731385418330269
285,oxalate (ethanedioate),Method 3,MUBZPKHOEPUJKR-UHFFFAOYSA-N,HMDB0002329,C00209,0.0,True,all_pre_hcc,sample_median_scaled,True,0.003669993593645246,-0.25915899152856275,0.0013169383107719055,0.20371772143868463,0.20332071433538423,0.8364066121277061,0.5584444582169992,,0.5647919506986407,0.9521516206067531
1232,deoxycholic acid 12-sulfate*,Method 3,GMRIQHBJNVMHJA-LLQZFEROSA-N,,,0.4930795847750865,False,all_pre_hcc,sample_median_scaled,True,0.024055791691611754,-0.6497155156505259,-0.017939893714421534,0.5107892589679217,0.20337897747733247,0.3270819297075346,0.7139175701341127,,0.5647919506986407,0.860649621473309
478,glycerophosphoethanolamine,Method 1,JZNWSCPGTDBMEW-UHFFFAOYSA-N,HMDB0000114,C01233,0.0,True,all_pre_hcc,sample_median_scaled,True,3.775507321177282e-05,-0.092548924605428,-0.003935373631731183,0.07290690074580713,0.20429401220442933,0.213380570393784,0.6403548024941511,,0.5648658665260922,0.860649621473309
305,1-linoleoylglycerol (18:2),Method 3,WECGLUPZRHILCT-HZJYTTRNSA-N,HMDB0011568,,0.0,True,all_pre_hcc,sample_median_scaled,True,0.006667443798132335,-0.2431490601287684,-0.006910677370527442,0.1916110891058802,0.20445113790090097,0.17474722397448772,0.5949650699039682,,0.5648658665260922,0.8345004227693749
674,prolylglycine,Method 1,RNKSNIBMTUYWSH-YFKPBYRVSA-N,HMDB0011178,,0.012110726643598616,True,all_pre_hcc,sample_median_scaled,True,-0.0018429287840047443,0.21264382343536473,0.0014544764553244844,0.16768340003771642,0.2047526511414134,0.7978269835840764,0.6024496935558769,,0.5648658665260922,0.9407865353739419
946,ferulylglycine (1),Method 3,CLGNQAIRBLDHIN-HWKANZROSA-N,,,0.458477508650519,False,all_pre_hcc,sample_median_scaled,True,0.014361066265415652,-0.3866711062523487,-0.006500111391658827,0.30543135228326396,0.20551892647171177,0.7039077358031832,0.4876656698055896,,0.5657391892809921,0.9294235136125881
258,1-stearoyl-2-oleoyl-GPS (18:0/18:1),Method 2,AJFWREUFUPEYII-PAHWMLEVSA-N,HMDB0010163,,0.09342560553633218,True,all_pre_hcc,sample_median_scaled,True,0.0016207296791043583,-0.25578776086492133,-0.012013877519656579,0.2031650773992553,0.2080251256300225,0.2660867545575598,0.35001164630574483,,0.5675147130347643,0.860649621473309
523,1-palmitoyl-2-linoleoyl-GPE (16:0/18:2),Method 2,HBZNVZIRJWODIB-NHCUFCNUSA-N,HMDB0005322,,0.0,True,all_pre_hcc,sample_median_scaled,True,-0.0005686893010358844,0.16761995026080323,0.008286277525674755,0.13313894436811086,0.2080357054240587,0.2840031679049183,0.5897688899536895,,0.5675147130347643,0.860649621473309
309,isobutyrylcarnitine (C4),Method 1,LRCNOZRCYBNMEP-VIFPVBQESA-N,HMDB0000736,,0.005190311418685121,True,all_pre_hcc,sample_median_scaled,True,0.008790957479569903,-0.239388722632924,-0.01105457215609393,0.19034133394363115,0.20850706380181117,0.4858418480433544,0.625086576961237,,0.5675147130347643,0.8816380950693892
1109,2-naphthol sulfate,Method 3,HXEZIDSFDHEIIQ-UHFFFAOYSA-N,,,0.025951557093425604,True,all_pre_hcc,sample_median_scaled,True,0.0012990986757385654,-0.44087655016930755,-0.015320937998301918,0.35101867730327313,0.2091189742731866,0.2508961800103958,0.5659484529344652,,0.5675147130347643,0.860649621473309
247,gentisate,Method 3,WXTMDXOMEHJXQO-UHFFFAOYSA-N,HMDB0000152,C00628,0.08304498269896193,True,all_pre_hcc,sample_median_scaled,True,0.0024227148066186185,-0.3717639118488122,-0.02393642169163533,0.2960263866400984,0.2091713711495743,0.1837755897729313,0.3542718900716028,,0.5675147130347643,0.8345004227693749
342,1-methylhistamine,Method 1,FHQDWPCFSJMNCT-UHFFFAOYSA-N,HMDB0000898,C05127,0.1695501730103806,True,all_pre_hcc,sample_median_scaled,True,0.002323346959194588,-0.28653305914432414,0.0021564699699530504,0.22844490389393352,0.20974154690200664,0.8730995768511158,0.6589158558341759,,0.5675147130347643,0.9633991866838792
796,olmesartan,Method 3,VTRAEEWXHOVJFV-UHFFFAOYSA-N,HMDB0014420,D05246,0.9913494809688581,False,all_pre_hcc,sample_median_scaled,True,0.00036254978211917925,-0.024477786463108234,-0.00036254978211916385,0.019522568453623056,0.20990744389088112,0.27517025287995456,0.750606895523241,,0.5675147130347643,0.860649621473309
117,cytidine,Method 1,UHDGCWIWMRVCDJ-XVFCMESISA-N,HMDB0000089,C00475,0.05363321799307959,True,all_pre_hcc,sample_median_scaled,True,-0.0009703942662535983,-0.2652324145898957,-0.0004291452173398665,0.21163666892810046,0.21011687155510073,0.9180526464255142,0.7350287467396338,,0.5675147130347643,0.9680722792986562
764,alpha-CEHC sulfate,Method 3,ZQMMTPNJGWUHCB-UHFFFAOYSA-N,,,0.6782006920415224,False,all_pre_hcc,sample_median_scaled,True,0.010423849793028423,-0.4123272052504216,0.0024684164890668102,0.3290852296555797,0.21022405109236897,0.8019368806935548,0.6425528074249818,,0.5675147130347643,0.9407865353739419
561,palmitoyl sphingomyelin (d18:1/16:0),Method 2,RWKUXQNLWDTSLO-GWQJGLRPSA-N,HMDB0010169,,0.0,True,all_pre_hcc,sample_median_scaled,True,-0.0006720488912629484,-0.07186446038458219,0.0010363709082458921,0.05744822608845035,0.2109552481356869,0.7386000176392858,0.706757593545002,,0.5682691694961329,0.932629781173574
874,1-palmitoyl-2-arachidonoyl-GPI (16:0/20:4)*,Method 2,KIQYUSYSJTUGFZ-LSLODQAYSA-N,HMDB0009789,,0.005190311418685121,True,all_pre_hcc,sample_median_scaled,True,5.2692402841384385e-06,-0.20419506835258822,0.005108196439870502,0.16542059550920055,0.21705414738080875,0.525272635181584,0.7835103336671136,,0.5834489688142253,0.8895039981792914
246,theobromine,Method 1,YAPQBXQYLJRXSA-UHFFFAOYSA-N,HMDB0002825,C07480,0.006920415224913495,True,all_pre_hcc,sample_median_scaled,True,0.008467651836922545,-0.4058508240851753,-0.007736245986206084,0.3306804816771981,0.2197022785665277,0.5452424209954159,0.4928017036117841,,0.588235949039888,0.8918524885957959
125,margarate (17:0),Method 3,KEMQGTRYUADPNZ-UHFFFAOYSA-N,HMDB0002259,,0.0,True,all_pre_hcc,sample_median_scaled,True,0.001758254123843937,0.1891032567059125,0.003555849219778148,0.15410087155013405,0.21977018763811396,0.612695434026469,0.48904016263506134,,0.588235949039888,0.9004332429968435
842,1-palmitoyl-2-arachidonoyl-GPC (16:0/20:4n6),Method 2,IIZPXYDJLKNOIY-JXPKJXOSSA-N,HMDB0007982,C05208,0.006920415224913495,True,all_pre_hcc,sample_median_scaled,True,0.002525408435980505,-0.11017386579686086,-0.004745612662755743,0.08989520369552487,0.22035634050232067,0.2691189152227764,0.6409588351881983,,0.5885526037195741,0.860649621473309
355,N-acetylglutamine,Method 4,KSMRODHGGIIXDV-YFKPBYRVSA-N,HMDB0006029,C02716,0.01730103806228374,True,all_pre_hcc,sample_median_scaled,True,0.0010893318901806833,-0.21978741841391528,-0.0045254454977824024,0.18024699785684772,0.22270455585730042,0.5678753395497442,0.7062572877415078,,0.5927374895616943,0.8918524885957959
672,(15:0)-anacardic acid,Method 3,ADFWQBGTDJIESE-UHFFFAOYSA-N,HMDB0033896,C10759,0.9480968858131488,False,all_pre_hcc,sample_median_scaled,True,0.0024686216423966283,0.2709711543976216,0.016474264908724324,0.2222999584120027,0.22286552667939696,0.12452580048206885,0.22145964905683813,,0.5927374895616943,0.7802615335128658
1043,octadecenedioate (C18:1-DC),Method 3,YDPSQMGOAILWPE-FYWRMAATSA-N,,,0.050173010380622836,True,all_pre_hcc,sample_median_scaled,True,-0.00905857288111132,0.3448584617880125,0.021353746212953818,0.28336989901788395,0.22360784824997182,0.23251225152795196,0.5680166183659239,,0.5934571162414864,0.860649621473309
945,gamma-glutamyl-alpha-lysine,Method 1,LNLLNTMHVMIMOG-YUMQZZPRSA-N,,,0.0,True,all_pre_hcc,sample_median_scaled,True,0.001984170553121109,0.1085881692363992,0.00436936129720542,0.08954889338438946,0.22527774371818765,0.20442670853048905,0.6546954698612726,,0.5966303191525896,0.860649621473309
97,trans-urocanate,Method 1,LOIYMIARKYCTBW-OWOJBTEDSA-N,HMDB0000301,C00785,0.0,True,all_pre_hcc,sample_median_scaled,True,-0.0014974916823874416,0.2018814277848637,0.00997941619023927,0.1676417890103554,0.22849572385611994,0.15439824639716296,0.6528410263113339,,0.6016992198852482,0.808969278887591
1076,glutamine conjugate of C8H12O4 (1)*,Method 3,,,,0.6401384083044983,False,all_pre_hcc,sample_median_scaled,True,0.00718787118349596,-0.31562358886409786,-0.0017553698440746026,0.2621203697930956,0.228544366703352,0.8772628225782532,0.5438361736457823,,0.6016992198852482,0.9633991866838792
1183,darunavir,Method 2,CJBJHOAVZSMMDJ-HEXNFIEUSA-N,HMDB0015393,D03656,0.9948096885813149,False,all_pre_hcc,sample_median_scaled,True,0.00048504823474069815,-0.025982272116226304,-0.0004850482347406947,0.02161312169940674,0.22930438015945975,0.21163719533958014,0.24939004618185462,,0.6016992198852482,0.860649621473309
1121,triclosan sulfate,Method 3,ZPFYUMPBKRRSTR-UHFFFAOYSA-N,HMDB0061387,,0.7145328719723183,False,all_pre_hcc,sample_median_scaled,True,-0.03469136300900803,0.5865732127490799,0.02459875254713475,0.4888430031615029,0.23016984249320294,0.32891483507464014,0.24380310661093893,,0.6016992198852482,0.860649621473309
1129,citalopram N-oxide*,Method 2,DIOGFDCEWUUSBQ-UHFFFAOYSA-N,HMDB0060654,C16607,0.9238754325259516,False,all_pre_hcc,sample_median_scaled,True,-0.002314005571289154,-0.10474150130040345,0.008061848975372612,0.08731030234067799,0.23027664716304463,0.19808094615687177,0.5803069776379116,,0.6016992198852482,0.856308695069913
923,catechol glucuronide,Method 3,ICPYZFZFSLTYID-GOVZDWNOSA-N,HMDB0240490,,0.629757785467128,False,all_pre_hcc,sample_median_scaled,True,0.009025672075206565,-0.40841465396629884,-0.03154924244355587,0.34045695038591106,0.23029187761375747,0.017427354205754243,0.40858221058669114,,0.6016992198852482,0.5870510593110491
867,1-stearoyl-2-arachidonoyl-GPE (18:0/20:4),Method 2,ANRKEHNWXKCXDB-BHFWLYLHSA-N,HMDB0009003,C05210,0.0,True,all_pre_hcc,sample_median_scaled,True,0.005597634669732886,-0.16285781307961245,-0.002233217010220627,0.13583147766847053,0.23053976469371196,0.7186056116788626,0.7355372856477155,,0.6016992198852482,0.9294235136125881
739,3-methoxytyramine sulfate,Method 3,ORZHQEJEAKXCJA-UHFFFAOYSA-N,,,0.02422145328719723,True,all_pre_hcc,sample_median_scaled,True,0.00012523747706077453,0.2351047253053587,-0.009834330432239077,0.19683833892874103,0.23231952412728607,0.3133603082191404,0.6294311087540359,,0.6041977643962991,0.860649621473309
566,pregnenolone sulfate,Method 3,DIJBBUIOWGGQOP-QGVNFLHTSA-N,HMDB0000774,C18044,0.005190311418685121,True,all_pre_hcc,sample_median_scaled,True,-0.00853648354701666,0.28818856643574786,0.008155138129141558,0.2413534564164818,0.2324576454434092,0.4253766554689584,0.8219424305088463,,0.6041977643962991,0.8731385418330269
553,"androstenediol (3beta,17beta) monosulfate (2)",Method 3,KMTOEENORMWLCF-QJIZPQHZSA-N,"HMDB0240429,HMDB0186954",,0.18685121107266436,True,all_pre_hcc,sample_median_scaled,True,-0.0020692318548964955,-0.4095194494072561,-0.005249690297739579,0.3435774173276904,0.2332895859316514,0.7585052874563432,0.743031907571242,,0.6051098950557061,0.9345736058962584
567,andro steroid monosulfate C19H28O6S (1)*,Method 3,UNURIUSTYBXRLV-UHFFFAOYSA-N,HMDB0002759,,0.0328719723183391,True,all_pre_hcc,sample_median_scaled,True,-0.015316347229943156,0.4001048404259174,0.01057296479386659,0.33665980913700316,0.23465442450199858,0.14447129596894412,0.7071634733356934,,0.6073498331217414,0.7957800342207456
10,homovanillate (HVA),Method 3,QRMZSPFSDQBLIX-UHFFFAOYSA-N,HMDB0000118,C05582,0.31141868512110726,False,all_pre_hcc,sample_median_scaled,True,0.001775056532963329,-0.30120476535919766,-0.025832502645496292,0.2541170778841207,0.23589917555047013,0.06220038216870767,0.30552141492670964,,0.6073498331217414,0.7340158078639959
688,fexofenadine,Method 2,RWTNPBWLLIMQHL-UHFFFAOYSA-N,HMDB0005030,C06999,0.9948096885813149,False,all_pre_hcc,sample_median_scaled,True,0.0001503441012309682,0.06259596835204978,0.000430167650420838,0.05282990044674842,0.23607331011837074,0.8688869178823886,5.675760953214626e-05,,0.6073498331217414,0.9633991866838792
731,N-delta-acetylornithine,Method 3,SRXKAYJJGAAOBP-UHFFFAOYSA-N,HMDB0003357,C00437,0.0,True,all_pre_hcc,sample_median_scaled,True,0.0003204400615603805,0.22959950490477096,-0.011021494895227213,0.1939601999713507,0.23651384023397393,0.27336906132253347,0.7070484813496464,,0.6073498331217414,0.860649621473309
172,gamma-glutamylglutamine,Method 1,JBFYFLXEJFQWMU-WDSKDSINSA-N,HMDB0011738,C05283,0.0,True,all_pre_hcc,sample_median_scaled,True,0.001895407839254832,-0.1198548538264103,-0.0013656346656764815,0.10131940378352002,0.23683262104312086,0.6956213190849648,0.6781542397519073,,0.6073498331217414,0.9294235136125881
936,palmitoleoylcarnitine (C16:1)*,Method 2,JFAGPSOZZSTLRF-KHPPLWFESA-N,HMDB0013207,,0.0,True,all_pre_hcc,sample_median_scaled,True,-0.0008430667996647969,-0.17363621972624727,0.00920600454424195,0.14685155879698605,0.2370498951214428,0.07128923693990484,0.5707550436466738,,0.6073498331217414,0.7340158078639959
741,1-linolenoyl-GPC (18:3)*,Method 2,WKQNRCYKYCKESD-YHTMAJSVSA-N,HMDB0010388,C04100,0.0,True,all_pre_hcc,sample_median_scaled,True,0.0029851804626008843,-0.15016640175751392,-0.0008395614500216255,0.1271705535731247,0.23767152298220529,0.8982535044251023,0.5247577772823971,,0.6077048290886469,0.9633991866838792
187,anthranilate,Method 1,RWZYAGGXGHYGMB-UHFFFAOYSA-N,HMDB0001123,C00108,0.0017301038062283738,True,all_pre_hcc,sample_median_scaled,True,-0.006337251777369074,0.14764176240983823,0.0019898238134364254,0.1254036714360952,0.23906299673658182,0.6466761252114281,0.5074213154343726,,0.610022819258864,0.909976024067088
532,N-methylproline,Method 1,CWLQUGTUXBXTLF-UHFFFAOYSA-N,HMDB0094696,,0.0,True,all_pre_hcc,sample_median_scaled,True,0.0014534949099824744,0.4231308580787224,-0.005581424479893456,0.36061837416806236,0.24065626977343646,0.7506667467418229,0.311589923797613,,0.6128453185728402,0.932629781173574
1012,dihomo-linolenoylcarnitine (C20:3n3 or 6)*,Method 2,RDIZZXFTCZPSRY-WYTUUNCASA-N,,,0.0,True,all_pre_hcc,sample_median_scaled,True,-0.00046513878417816465,-0.15088667913189116,0.0010921796914517938,0.12906086238007344,0.2423582719245463,0.7998256595127697,0.5433450099594229,,0.6159327395577359,0.9407865353739419
584,(16 or 17)-methylstearate (a19:0 or i19:0),Method 3,YETXGSGCWODRAA-UHFFFAOYSA-N,HMDB0037397,,0.0,True,all_pre_hcc,sample_median_scaled,True,-0.0009396755799603407,0.17641945942780035,0.003942673811370864,0.15113712653016867,0.2430970072383417,0.5159842308187154,0.4987986394906623,,0.6165645869069231,0.8895039981792914
828,citraconate/glutaconate,Method 4,HNEGQIOMVPPMNR-IHWYPQMZSA-N,"HMDB0000634,HMDB0000620","C02226,C02214",0.01384083044982699,True,all_pre_hcc,sample_median_scaled,True,0.0047131706333375855,-0.4454516069157692,0.011675427097832794,0.3821146957205843,0.24371405595926177,0.5712467885328172,0.5124631036586996,,0.6168858800739463,0.8918524885957959
260,"1,2-dipalmitoyl-GPC (16:0/16:0)",Method 2,KILNVBDSWZSGLL-KXQOOQHDSA-N,HMDB0000564,D03585,0.0,True,all_pre_hcc,sample_median_scaled,True,-0.004568648356467368,0.07216399670632448,0.003961741653400278,0.06217486478923318,0.24577942169786426,0.3680426651983192,0.7598011509461748,,0.6199010242010841,0.8606806998529316
49,sphinganine,Method 2,OTKJDMGTUTTYMP-UHFFFAOYSA-N,HMDB0000269,C00836,0.01730103806228374,True,all_pre_hcc,sample_median_scaled,True,0.0035504787625756876,-0.17127290371575904,-0.0033068712089041417,0.14778111467997979,0.2464711024470707,0.7131985416026261,0.5830449842679006,,0.6199010242010841,0.9294235136125881
1184,ritonavir,Method 2,NCDNCNXCDXHOMX-XGKFQTDJSA-N,HMDB0014646,D00427,0.9948096885813149,False,all_pre_hcc,sample_median_scaled,True,0.0007052235442108275,-0.03268065488709637,-0.0007052235442108339,0.02820174464443094,0.24653087668448415,0.23957396996304625,0.22712920316281113,,0.6199010242010841,0.860649621473309
322,3-methylxanthine,Method 3,GMSNIKWWOQHZGF-UHFFFAOYSA-N,HMDB0001886,C16357,0.01384083044982699,True,all_pre_hcc,sample_median_scaled,True,0.006388800304396393,-0.30945869006597476,0.005221867746198693,0.2672424312220042,0.24687632203874654,0.6808845221070186,0.5831281825518911,,0.6199010242010841,0.9232482192094918
1099,delta-CEHC glucuronide,Method 3,UCCZSQROJUPRKT-UHFFFAOYSA-N,,,0.5709342560553633,False,all_pre_hcc,sample_median_scaled,True,0.008619882159832913,-0.31342139918549183,0.002535168488230101,0.27152377193614397,0.2483749184838595,0.7419088001632457,0.43935490043160863,,0.6218846776264149,0.932629781173574
392,eicosenoate (20:1),Method 3,BITHHVVYSMSWAG-KTKRTIGZSA-N,"HMDB0002231,HMDB0062436",C16526,0.0,True,all_pre_hcc,sample_median_scaled,True,-0.00031972641558933567,0.21575230267963735,0.008239768768418572,0.18709142366346979,0.24883165299223609,0.2979859329262349,0.41949199853802654,,0.6218846776264149,0.860649621473309
496,mannitol/sorbitol,Method 4,FBPFZTCFMRRESA-UHFFFAOYSA-N,"HMDB0000247,HMDB0000765","C00392,C00794",0.0,True,all_pre_hcc,sample_median_scaled,True,-3.805902471036641e-06,0.29367128951009003,-0.009158425634013598,0.25483052894337516,0.24914934620326956,0.5348960717454205,0.4013551751137051,,0.6218846776264149,0.8895798552766429
726,1-arachidonoyl-GPA (20:4),Method 3,XBFQFMCUPHZKTI-DOFZRALJSA-N,HMDB0062312,,0.005190311418685121,True,all_pre_hcc,sample_median_scaled,True,-0.006212418008015927,0.22414540354041998,-0.0024187433821511763,0.19489379136997834,0.25010679827478755,0.7611447149514079,0.18355708948743046,,0.6230383212468965,0.9350781752039757
244,theophylline,Method 3,ZFXYFBGIUFBOJW-UHFFFAOYSA-N,HMDB0001889,C07130,0.012110726643598616,True,all_pre_hcc,sample_median_scaled,True,0.00166094991698829,0.26764586698520554,-0.004001214427031614,0.23312952001729467,0.2509452292969563,0.740918983094192,0.5420266086867833,,0.6238914989240534,0.932629781173574
354,decanoylcarnitine (C10),Method 2,LZOSYCMHQXPBFU-UHFFFAOYSA-N,HMDB0000651,,0.0,True,all_pre_hcc,sample_median_scaled,True,0.00392358350907982,-0.20884902594294333,0.0052513865338749115,0.18229094232552057,0.2519231790730818,0.5437916508254239,0.6254359575403151,,0.6245239010344616,0.8918524885957959
1209,succinoyltaurine,Method 4,SBQWITJAJITAMM-UHFFFAOYSA-N,,,0.19896193771626297,True,all_pre_hcc,sample_median_scaled,True,0.005857375127289417,0.4179956422566913,-0.006288334331332764,0.36504886147935145,0.2521924814988128,0.7642568725854788,0.696824386238975,,0.6245239010344616,0.9369525455091601
577,N-acetyl-cadaverine,Method 1,RMOIHHAKNOFHOE-UHFFFAOYSA-N,HMDB0002284,,0.356401384083045,False,all_pre_hcc,sample_median_scaled,True,0.012637304688477267,-0.48577752237245825,-0.01822564119686453,0.42515097331114693,0.2532046857519251,0.2719936020395006,0.4584727921738842,,0.6256709042434482,0.860649621473309
653,2-O-methylascorbic acid,Method 4,RMHBODZVODTFAH-UHFFFAOYSA-N,HMDB0240294,,0.0,True,all_pre_hcc,sample_median_scaled,True,0.003291865274701336,-0.1811104894894095,-0.004486400257840681,0.1586562287762332,0.2536503665851817,0.17677296503598028,0.7181447695571036,,0.6256709042434482,0.8345004227693749
195,topiramate,Method 3,KJADKKWYZYXHBB-UHFFFAOYSA-N,HMDB0005034,D00537,0.9878892733564014,False,all_pre_hcc,sample_median_scaled,True,0.003828520549005178,-0.1086021750645515,-0.0038285205490051727,0.095364505924773,0.2547818759669713,0.34541604483182475,1.0264147329657127,,0.6260519921219493,0.860649621473309
512,3-(cystein-S-yl)acetaminophen*,Method 1,LLHICPSCVFRWDT-UHFFFAOYSA-N,HMDB0240217,,0.8339100346020761,False,all_pre_hcc,sample_median_scaled,True,0.006857621272644562,-0.37541906060625363,-0.01670692054832514,0.33040008471641236,0.2558494625606028,0.1148912089654694,0.6014786991679804,,0.6260519921219493,0.7723202739516442
291,3-hydroxymyristate,Method 3,ATRNZOYKSNPPBF-UHFFFAOYSA-N,HMDB0061656,,0.0,True,all_pre_hcc,sample_median_scaled,True,-0.0026304258999937298,0.20799953301939278,0.005019600054854424,0.18316501448343347,0.25613008367789236,0.6202309332485894,0.38192993682140536,,0.6260519921219493,0.9087335307510879
735,N-formylanthranilic acid,Method 3,LLLPDUXGHXIXIW-UHFFFAOYSA-N,HMDB0004089,C05653,0.08304498269896193,True,all_pre_hcc,sample_median_scaled,True,-0.004548707495017982,0.20548629951602337,0.013723307979062545,0.1810053050620403,0.2562705229269572,0.1359899620468599,0.5871730161803,,0.6260519921219493,0.786838116454639
7,kynurenate,Method 3,HCZHHEIFKROPDY-UHFFFAOYSA-N,HMDB0000715,C01717,0.0,True,all_pre_hcc,sample_median_scaled,True,-0.0010857205353937865,0.1759248334002926,0.005867176287093379,0.1549730716317047,0.25629314462861996,0.18413835325424688,0.8281696849816007,,0.6260519921219493,0.8345004227693749
792,p-cresol glucuronide*,Method 3,JPAUCQAJHLSMQW-XPORZQOISA-N,HMDB0011686,,0.33391003460207613,False,all_pre_hcc,sample_median_scaled,True,0.015379396054323907,-0.6613895178253754,-0.06000021684231079,0.5841501468504833,0.257539767412438,0.11150209363187652,0.6754418415298971,,0.6278779600869129,0.7707122735653882
216,4-acetaminophen sulfate,Method 3,IGTYILLPRJOVFY-UHFFFAOYSA-N,HMDB0059911,C06804,0.5605536332179931,False,all_pre_hcc,sample_median_scaled,True,0.015380882071939257,1.054111600621357,-0.05000914269151691,0.9350254582552696,0.25958971623795524,0.253969452327965,0.6579219318108419,,0.6315169800888464,0.860649621473309
1094,delta-CEHC,Method 3,BNVXCCQXUZCRSR-UHFFFAOYSA-N,,,0.08650519031141868,True,all_pre_hcc,sample_median_scaled,True,0.0003898568629953835,-0.3094793533359509,0.0115843565283045,0.2747739984273333,0.26003640356599556,0.32831026285846454,0.5262124648315646,,0.6315169800888464,0.860649621473309
685,famotidine,Method 1,XUFQPHANEAPEMJ-UHFFFAOYSA-N,HMDB0001919,D00318,0.9809688581314879,False,all_pre_hcc,sample_median_scaled,True,-0.0002893449288401868,0.14405878968806757,0.0036248060505554573,0.12847576686304088,0.26216378807818475,0.7888699133440596,0.5190601678409253,,0.6316915724606981,0.9407865353739419
499,4-ethylphenylsulfate,Method 3,DWZGLEPNCRFCEP-UHFFFAOYSA-N,HMDB0062551,C13637,0.005190311418685121,True,all_pre_hcc,sample_median_scaled,True,0.0032181088283733837,-0.3310531657603608,-0.018860676762047657,0.29542388096452676,0.2624564860355222,0.3064086512434937,0.5276404341470455,,0.6316915724606981,0.860649621473309
280,dehydroepiandrosterone sulfate (DHEA-S),Method 3,CZWCKYRVOZZJNM-DYIPZHMLSA-N,HMDB0001032,C04555,0.0,True,all_pre_hcc,sample_median_scaled,True,-0.008208276386208862,-0.36591256692438184,0.00556766450593578,0.32662948629860594,0.2625995669007094,0.5005563838675228,0.8216347552705014,,0.6316915724606981,0.8880490020771443
961,perfluorooctanesulfonate (PFOS),Method 4,YFSUTJLHUFNCNZ-UHFFFAOYSA-N,HMDB0059586,C18142,0.012110726643598616,True,all_pre_hcc,sample_median_scaled,True,-0.0072594317781347305,-0.3967348443907291,0.017182725280295942,0.3543999048335009,0.26294595931704035,0.33633225508533826,0.8848236426115844,,0.6316915724606981,0.860649621473309
397,stearoylcarnitine (C18),Method 2,FNPHNLNTJNMAEE-HSZRJFAPSA-N,HMDB0000848,,0.0,True,all_pre_hcc,sample_median_scaled,True,0.000818693929197178,-0.14398252258744115,-0.0014247940990852286,0.12862605993037354,0.26297446704490746,0.7516500027973085,0.8281130382757498,,0.6316915724606981,0.932629781173574
615,argininate*,Method 1,BMFMQGXDDJALKQ-BYPYZUCNSA-N,HMDB0003148,,0.0,True,all_pre_hcc,sample_median_scaled,True,-0.0011950770232978284,-0.15739682075741995,-0.004384840028224363,0.14065286332621948,0.26312113193116515,0.34138365675523685,0.6452205473844794,,0.6316915724606981,0.860649621473309
17,laurate (12:0),Method 3,POULHZVOKOAJMA-UHFFFAOYSA-N,HMDB0000638,C02679,0.0,True,all_pre_hcc,sample_median_scaled,True,-0.009682825688928122,0.23117103619992668,0.020348059958273983,0.20753204768425204,0.2653198395162766,0.1535363973493715,0.3184833990601893,,0.6356693192230377,0.808969278887591
1050,3-carboxy-4-methyl-5-pentyl-2-furanpropionate (3-CMPFP)**,Method 3,RIJDKRLRDVBUHJ-UHFFFAOYSA-N,HMDB0061643,,0.0,True,all_pre_hcc,sample_median_scaled,True,0.0008377366512618548,-0.19776243023320525,-0.006235323269748936,0.17772596133259302,0.265820971410643,0.4840923146384202,0.7140481413878788,,0.6356693192230377,0.8816380950693892
176,isocitrate,Method 1,ODBLHEXUDAPZAU-OKKQSCSOSA-N,HMDB0001874,C00451,0.005190311418685121,True,all_pre_hcc,sample_median_scaled,True,0.0027082267210411155,-0.25207560587569483,-0.007138526887146049,0.2267605518981982,0.2662939039988401,0.5381877921937064,0.5218935058781277,,0.6356693192230377,0.8918524885957959
193,4-acetamidophenol,Method 3,RZVAJINKPMORJF-UHFFFAOYSA-N,HMDB0001859,C06804,0.6228373702422145,False,all_pre_hcc,sample_median_scaled,True,0.014708204991950649,0.848944371681152,-0.036886082819106054,0.7658390822385902,0.26763931733500224,0.3130583185874761,0.6401829608628278,,0.6376709492565015,0.860649621473309
890,5-hydroxyindole sulfate,Method 3,YJRFFCVUYDRNTR-UHFFFAOYSA-N,,,0.38235294117647056,False,all_pre_hcc,sample_median_scaled,True,0.0055312466271863455,-0.37217056154273026,0.006840542672659484,0.3368190213467449,0.2691781881926921,0.6016816872593309,0.6073499604175733,,0.6398404123567023,0.894287470086215
337,docosadienoate (22:2n6),Method 3,HVGRZDASOHMCSK-AVQMFFATSA-N,HMDB0061714,C16533,0.0,True,all_pre_hcc,sample_median_scaled,True,-0.0026740377719323477,0.16665760591464693,0.00530685314321417,0.15094977071805057,0.26956710536490636,0.3258850988376425,0.5133738760161443,,0.6398404123567023,0.860649621473309
286,erythritol,Method 4,UNXHWFMMPAWVPI-UHFFFAOYSA-N,HMDB0002994,C00503,0.0,True,all_pre_hcc,sample_median_scaled,True,0.002996932476512141,-0.31764855590649793,0.01715781857368153,0.28838061572731666,0.2706831655336228,0.355997821815234,0.5656654011125224,,0.6401751339817644,0.860649621473309
412,N4-acetylcytidine,Method 1,NIDVTARKFBZMOT-PEBGCTIMSA-N,HMDB0005923,,0.0,True,all_pre_hcc,sample_median_scaled,True,0.00152184422200625,-0.15924160289155262,0.0012002787569079783,0.14458207275955443,0.27072589131820246,0.903508933379847,0.6957810538238944,,0.6401751339817644,0.9633991866838792
86,pyridoxal,Method 1,RADKZDMFGJYCBB-UHFFFAOYSA-N,HMDB0001545,C00250,0.01730103806228374,True,all_pre_hcc,sample_median_scaled,True,0.0005159611526589071,0.17566327355980574,-0.021637762838649564,0.1601193093372713,0.2726075642087198,0.12126148908660069,0.4320204115686815,,0.643415226593939,0.7783007819946106
455,1-linoleoyl-GPE (18:2)*,Method 2,DBHKHNGBVGWQJE-HZJYTTRNSA-N,HMDB0011507,,0.0,True,all_pre_hcc,sample_median_scaled,True,0.005463316001975804,-0.13351548751024617,-0.0017789143738584643,0.12199109143768778,0.27374926557054857,0.7746577819393824,0.3951133544220231,,0.6448999552205058,0.9406558780692501
864,sildenafil,Method 2,BNRNXUUZRGQAQC-UHFFFAOYSA-N,HMDB0005039,C07259,0.9948096885813149,False,all_pre_hcc,sample_median_scaled,True,-0.0004200261019169175,0.030016705405532695,0.0005983101664148127,0.02758528366156796,0.27653243003061634,0.2339541882052354,0.09264575392304215,,0.650238872857038,0.860649621473309
991,metoclopramide,Method 1,TTWJBBZEZQICBI-UHFFFAOYSA-N,HMDB0015363,"C07868,D00726,
DG00055",0.9965397923875432,False,all_pre_hcc,sample_median_scaled,True,9.069384003179394e-05,-0.006043940359620613,-9.06938400317943e-05,0.005566425330528111,0.27757418529314426,0.6942764533501252,-0.0019012012925690375,,0.6510053922926107,0.9291487003345293
918,glycochenodeoxycholate glucuronide (1),Method 3,ABFZMYIIUREPLL-ASWJIRIHSA-N,HMDB0002579,,0.0,True,all_pre_hcc,sample_median_scaled,True,-0.009101210491118044,0.23243435928761108,0.0027452984819580604,0.21421261972958006,0.27789339877673447,0.846249815779716,0.7262126585213943,,0.6510053922926107,0.957358154901873
793,acesulfame,Method 3,YGCFIWIQZPHFLU-UHFFFAOYSA-N,HMDB0033585,,0.43771626297577854,False,all_pre_hcc,sample_median_scaled,True,-0.0022769294793499317,0.8225566530213904,-0.05121950797660126,0.7611590516517137,0.27984691358306213,0.19257221698497184,0.45145830217926236,,0.6543632291589074,0.8530135527010373
718,"2,8-quinolinediol sulfate",Method 3,ZLYUIVZAQHFCNP-UHFFFAOYSA-N,HMDB0240658,,0.3356401384083045,False,all_pre_hcc,sample_median_scaled,True,0.0016233690039231723,0.47231616720232167,0.01883647220651351,0.43797407578189596,0.28085027207594926,0.10196921164766205,0.3971064655653084,,0.6554909875167796,0.7707122735653882
1221,S-carboxyethylcysteine,Method 1,CAMXXPUSAROUCX-BYPYZUCNSA-N,,,0.0017301038062283738,True,all_pre_hcc,sample_median_scaled,True,0.005184965703439418,-0.1573459221570819,-0.016822641690835083,0.14706271579629387,0.28465354057421877,0.12683446332163542,0.3465339050873063,,0.66313732230068,0.7802615335128658
1159,glyburide,Method 3,ZNNLBTZKUZBEKO-UHFFFAOYSA-N,HMDB0015151,"D00336,C07022",0.9913494809688581,False,all_pre_hcc,sample_median_scaled,True,-0.00032189108248840525,-0.01946177691462517,-0.005922502067001248,0.018226180887986818,0.2856141798989329,0.3576443097992883,0.12684289200773075,,0.6641453573250603,0.860649621473309
66,citrulline,Method 1,RHGKLRLOHDJJDR-UHFFFAOYSA-N,HMDB0000904,C00327,0.0,True,all_pre_hcc,sample_median_scaled,True,0.0024855164020606848,-0.1049543360597651,0.0008155551565679915,0.09839924404124699,0.28614468489965117,0.9120670381349231,0.5205684791102283,,0.6641513166121055,0.966622016827071
461,pivaloylcarnitine (C5),Method 1,YICAQFPUDACYGQ-UHFFFAOYSA-N,HMDB0041993,,0.9792387543252595,False,all_pre_hcc,sample_median_scaled,True,0.0015076561450873013,-0.041522220852819446,-0.0003322179655653082,0.03899268688331986,0.28693385290870954,0.8360666318741022,0.003120191439004395,,0.6646748648363098,0.9521516206067531
563,3-hydroxyhippurate,Method 3,XDOFWFNMYJRHEW-UHFFFAOYSA-N,HMDB0006116,,0.19204152249134948,True,all_pre_hcc,sample_median_scaled,True,0.016637837859261075,-0.5822506679915984,0.007139337726470546,0.5473396480708835,0.28742696857786365,0.7992858166379457,0.7676270891770404,,0.6646748648363098,0.9407865353739419
995,"sphingomyelin (d18:1/19:0, d19:1/18:0)*",Method 2,HAFQHLHNPJDAGB-MAJDXUCPSA-N,,,0.0,True,all_pre_hcc,sample_median_scaled,True,0.0018094560797800843,-0.16147103395055934,-0.0018371994957583108,0.15229034501402822,0.2890153629323472,0.7919764344799631,0.8024469133741545,,0.6662598898767667,0.9407865353739419
41,corticosterone,Method 3,OMFXVFTZEKFJBZ-UHFFFAOYSA-N,HMDB0001547,C02140,0.4930795847750865,False,all_pre_hcc,sample_median_scaled,True,0.008503648517714419,0.2892283055579769,-0.01074460039223487,0.27287218201490365,0.28917162152044085,0.6315059398672568,0.4530451352212222,,0.6662598898767667,0.9094394729837076
1119,3-hydroxypyridine glucuronide,Method 1,IOLHQSZMUUGACW-UHFFFAOYSA-N,,,0.5899653979238755,False,all_pre_hcc,sample_median_scaled,True,0.009370346584456441,-0.43661631088436365,-0.01084193398556163,0.41475255824863655,0.29247155274295245,0.6710508741263177,0.4522268755965694,,0.6702909796172019,0.9205910574164751
1106,sulfate of piperine metabolite C18H21NO3 (1)*,Method 3,,,,0.01730103806228374,True,all_pre_hcc,sample_median_scaled,True,-0.005886917476909186,0.3386142335182626,-0.011548504850848964,0.3218537940049831,0.29276527906268224,0.4374349428039216,0.7619913455389,,0.6702909796172019,0.8731385418330269
902,1-(1-enyl-palmitoyl)-2-palmitoleoyl-GPC (P-16:0/16:1)*,Method 2,FZMYLOBGNYZPQO-QLSONYGBSA-N,HMDB0011207,,0.0,True,all_pre_hcc,sample_median_scaled,True,-0.003205063875934586,-0.12244781024988617,0.005079697252189011,0.11650836453082009,0.29326836966446723,0.3419718387714079,0.8204512039758627,,0.6702909796172019,0.860649621473309
34,phenylpyruvate,Method 3,BTNMPGBKDVTSJY-UHFFFAOYSA-N,HMDB0000205,C00166,0.01384083044982699,True,all_pre_hcc,sample_median_scaled,True,-0.0035823252620579065,-0.17825877965536588,0.0028428671202998905,0.1696447136165531,0.2933609771749661,0.6865138802551842,0.5722894475284372,,0.6702909796172019,0.9270626524574747
557,gamma-CEHC,Method 3,VMJQLPNCUPGMNQ-UHFFFAOYSA-N,HMDB0001931,,0.012110726643598616,True,all_pre_hcc,sample_median_scaled,True,0.006552441032989139,-0.22800940981457096,0.003428045490362043,0.2170920923837759,0.29358531778146124,0.676921561815257,0.6168220028500982,,0.6702909796172019,0.9221448686380037
359,gamma-glutamyl-epsilon-lysine,Method 1,JPKNLFVGUZRHOB-YUMQZZPRSA-N,HMDB0003869,,0.020761245674740483,True,all_pre_hcc,sample_median_scaled,True,0.0018050136926674868,-0.12047002564727194,-0.009307490365966658,0.1150053989438509,0.29486153578298335,0.08160528840097994,0.35198659221976536,,0.6711196455143668,0.7340158078639959
710,2-aminooctanoate,Method 2,AKVBCGQVQXPRLD-UHFFFAOYSA-N,HMDB0000991,,0.02422145328719723,True,all_pre_hcc,sample_median_scaled,True,0.001490302629108419,0.20136112786037427,0.011865553203952457,0.19228840463737468,0.2950152336800038,0.2720976341412986,0.675047632314746,,0.6711196455143668,0.860649621473309
278,theanine,Method 1,DATAGRPVKZEWHA-YFKPBYRVSA-N,HMDB0034365,C01047,0.6955017301038062,False,all_pre_hcc,sample_median_scaled,True,0.006153858507999144,0.6289195339764848,0.01278905860558077,0.6022210748720119,0.29633120249377387,0.6541484303213772,0.24754495498923024,,0.6726651068253638,0.9121232649974909
1069,resveratrol disulfate (1)*,Method 3,DHYDAGFKCXRMSL-OWOJBTEDSA-N,,,0.9359861591695502,False,all_pre_hcc,sample_median_scaled,True,-0.0014440098224367836,0.1423989774991695,-0.006313691212997371,0.136607232789511,0.2972276301397181,0.48175404264428545,0.6544140476091177,,0.6726651068253638,0.8816380950693892
1092,3-hydroxyhippurate sulfate,Method 3,SBLCKJXUMHOIBU-UHFFFAOYSA-N,,,0.7231833910034602,False,all_pre_hcc,sample_median_scaled,True,0.009423196333014482,-0.3732762559655052,-0.0019247779230954826,0.35814682474198406,0.29729872765890486,0.9085749756719081,0.3891137326485628,,0.6726651068253638,0.965928897324246
233,glucuronate,Method 4,AEMOLEFTQBMNLQ-QIUUJYRFSA-N,HMDB0000127,C16245,0.0,True,all_pre_hcc,sample_median_scaled,True,0.001674899831298337,0.15923400825435277,-0.00396439858174233,0.15344584205801204,0.299399857250789,0.4529791456133503,0.8546372396547068,,0.6737315206076222,0.8731385418330269
1171,tamsulosin,Method 1,DRHKJLXJIQTDTD-OAHLLOKOSA-N,HMDB0014844,"D08560,C07124",0.9550173010380623,False,all_pre_hcc,sample_median_scaled,True,0.005341353580066836,0.18337193005123517,-0.003981239994637963,0.1767862404347057,0.2996183014346112,0.28309873389606177,0.8384482193838706,,0.6737315206076222,0.860649621473309
1112,11beta-hydroxyandrosterone glucuronide,Method 3,BRPLOVMHAFXVOQ-HXVIYJDASA-N,HMDB0010351,,0.06747404844290658,True,all_pre_hcc,sample_median_scaled,True,0.0019396944122735914,-0.33147693243352433,0.002962214130029198,0.31959836651623214,0.2996579567000466,0.8525757575871699,0.642806683929304,,0.6737315206076222,0.9583289995996135
800,propyl 4-hydroxybenzoate sulfate,Method 3,WEKBGFBWJOHXKR-UHFFFAOYSA-N,HMDB0135261,,0.4100346020761246,False,all_pre_hcc,sample_median_scaled,True,-0.026745097122236838,0.5705427572318051,0.04786024237942156,0.5503867605734459,0.29991228262342484,0.02720045640265445,0.5224326501901142,,0.6737315206076222,0.5870510593110491
306,2-palmitoylglycerol (16:0),Method 3,BBNYCLAREVXOSG-UHFFFAOYSA-N,HMDB0011533,,0.44982698961937717,False,all_pre_hcc,sample_median_scaled,True,0.0031581029049538795,0.355874280489152,-0.004189134070567491,0.34548469700265066,0.302975980231996,0.8071240143515114,0.30411247069496344,,0.6783928553744688,0.9421232343653363
1228,4-ethyl-2-methoxyphenol sulfate,Method 3,MKBJQFWSHNXYFZ-UHFFFAOYSA-N,,,0.6176470588235294,False,all_pre_hcc,sample_median_scaled,True,-0.0022292831878958533,-0.33434228691297563,-0.007668504730355058,0.3252699157276996,0.3040007160085636,0.5923331666151335,0.4118775471573776,,0.6783928553744688,0.8938105612988235
393,linolenate [alpha or gamma; (18:3n3 or 6)],Method 3,DTOSIQBPPRVQHS-PDBXOOCHSA-N,"HMDB0003073,HMDB0001388","C06426,C06427",0.0,True,all_pre_hcc,sample_median_scaled,True,0.0012098619765645309,0.2070832852269592,0.015631579584067377,0.20165393565846151,0.3044562078394166,0.07833484835861446,0.37245259494316185,,0.6783928553744688,0.7340158078639959
54,glutarate (C5-DC),Method 4,JFCQEDHGNNZCLN-UHFFFAOYSA-N,HMDB0000661,C00489,0.0,True,all_pre_hcc,sample_median_scaled,True,0.012018482532653366,-0.2573590260217625,-0.023654245927975485,0.25091696789810186,0.3050452438471123,0.10977601728225089,0.6378410153411812,,0.6783928553744688,0.7707122735653882
979,"ceramide (d18:1/17:0, d17:1/18:0)*",Method 2,ICWGMOFDULMCFL-SJCQXOIGSA-N,"HMDB0240683,HMDB0240678",,0.17474048442906576,True,all_pre_hcc,sample_median_scaled,True,0.0032777599774175066,-0.2915849466884274,-0.002453763146044343,0.2847490619370022,0.30583211123295073,0.816508969243653,0.8732145429245369,,0.6783928553744688,0.9444540834433404
316,N-(2-furoyl)glycine,Method 3,KSPQDMRTZZYQLM-UHFFFAOYSA-N,HMDB0000439,,0.08650519031141868,True,all_pre_hcc,sample_median_scaled,True,0.008243830980970705,-0.4272389719146398,0.007940824200697002,0.4174876800033104,0.30613904606790154,0.743244741411309,0.6007170517372373,,0.6783928553744688,0.932629781173574
377,stachydrine,Method 1,CMUNUTVVOOHQPW-LURJTMIESA-N,HMDB0004827,C10172,0.0,True,all_pre_hcc,sample_median_scaled,True,-0.0006272534897587809,0.3755816471447,-0.019398655936316473,0.36801541692097034,0.307463163577286,0.3107903103482573,0.4480947574836826,,0.6783928553744688,0.860649621473309
1111,4-ethylcatechol sulfate,Method 3,KHZCNGJFSKSSIJ-UHFFFAOYSA-N,,,0.04498269896193772,True,all_pre_hcc,sample_median_scaled,True,0.009661248749550882,-0.3981928250544826,-0.022012486285204712,0.3903224060526804,0.30765073898702666,0.3735360613551353,0.45943636403717686,,0.6783928553744688,0.8622171838252481
1225,"branched-chain, straight-chain, or cyclopropyl 10:1 fatty acid (1)*",Method 3,NIFITBVFNGQSNA-SOFGYWHQSA-N,,,0.0,True,all_pre_hcc,sample_median_scaled,True,-0.008646542615485373,0.2728649224250407,0.011236698321138593,0.267587598843606,0.3078603940220451,0.44994212031723235,0.5967067423207634,,0.6783928553744688,0.8731385418330269
750,etiocholanolone glucuronide,Method 3,VFUIRAVTUVCQTF-ILTUOXSPSA-N,HMDB0004484,,0.5622837370242214,False,all_pre_hcc,sample_median_scaled,True,0.0037304531785218144,-0.3900947079277802,-0.031223681991710023,0.38339518737845224,0.30892790414998683,0.015113471236167075,0.7427329017647586,,0.6783928553744688,0.5870510593110491
772,myristoleoylcarnitine (C14:1)*,Method 2,ABVVZYXTZLEOHP-OLHLWXQYSA-N,HMDB0240588,,0.0,True,all_pre_hcc,sample_median_scaled,True,-0.001476023819648431,-0.18942326205303253,0.009635196586218302,0.18790933234874077,0.31342724154298507,0.1275980715652555,0.521860862763873,,0.6783928553744688,0.7802615335128658
1178,cyclobenzaprine,Method 2,JURKNVYFZMSNLP-UHFFFAOYSA-N,HMDB0015060,"D07758,C06931",0.9982698961937716,False,all_pre_hcc,sample_median_scaled,True,0.00015016163063458205,-0.004146853708963763,-0.0001501616306345812,0.004122280052030501,0.3144342439037049,0.31399753661795504,-0.0011323094060559302,,0.6783928553744688,0.860649621473309
892,phenylacetylglutamate,Method 3,PTSRBZOZSRJCKX-JTQLQIEISA-N,HMDB0059772,,0.27854671280276816,False,all_pre_hcc,sample_median_scaled,True,0.006963957782809566,-0.39823511657888566,-0.02864390623663049,0.39641578540093286,0.31509457849014344,0.09174546107779602,0.5611363657893665,,0.6783928553744688,0.7446180002314025
865,solifenacin,Method 2,FBOUYBDGKBSUES-HMTLIYDFSA-N,,,0.9965397923875432,False,all_pre_hcc,sample_median_scaled,True,0.00013895443052213755,-0.00829470323766337,-0.00013895443052212264,0.008264436599300177,0.31554142662826534,0.31531903434609054,0.2513802976056998,,0.6783928553744688,0.860649621473309
1193,ribavirin,Method 4,IWUCXVSUMQZMFG-AFCXAGJDSA-N,HMDB14949,D00423,0.9982698961937716,False,all_pre_hcc,sample_median_scaled,True,8.87383691774888e-05,-0.0032818817382733218,-8.873836917748672e-05,0.0032707418807321814,0.31566505300469705,0.314935918876851,-0.00037132608460660574,,0.6783928553744688,0.860649621473309
666,mirtazapine,Method 1,RONZAEMNMFQXRA-UHFFFAOYSA-N,HMDB0014514,C07570,0.9965397923875432,False,all_pre_hcc,sample_median_scaled,True,0.0002959630687334445,-0.00997573445944639,-0.0002959630687334477,0.009943427822335059,0.31574071498305867,0.31744807347545045,0.22140057624025686,,0.6783928553744688,0.860649621473309
1158,donepezil,Method 1,ADEBPBSSDYVVLD-UHFFFAOYSA-N,HMDB0005041,D07869,0.9913494809688581,False,all_pre_hcc,sample_median_scaled,True,0.000627959719484208,-0.02036302774208262,-0.0006279597194842096,0.02030432915947219,0.31591348479605574,0.3175354157486867,0.7583393288897157,,0.6783928553744688,0.860649621473309
622,venlafaxine,Method 2,PNVNVHUZROJLTJ-UHFFFAOYSA-N,HMDB0005016,C07187,0.9982698961937716,False,all_pre_hcc,sample_median_scaled,True,0.0001503705360653726,-0.004145977573847734,-0.00015037053606537098,0.004139405207258374,0.31654273679152667,0.3175703143874029,-0.0005011562179454184,,0.6783928553744688,0.860649621473309
687,triamterene,Method 1,FNYLWPVRPXGIIP-UHFFFAOYSA-N,HMDB0001940,D00386,0.9982698961937716,False,all_pre_hcc,sample_median_scaled,True,-4.511677025288517e-18,0.018632526787224966,0.0007549200259589447,0.018617034721291694,0.3169079661289882,0.3282122437530839,0.0047200705201815,,0.6783928553744688,0.860649621473309
854,enalapril,Method 2,GBXSMTUPTTWBMN-UHFFFAOYSA-N,HMDB0014722,"C06977,D03769,DG00335",0.9982698961937716,False,all_pre_hcc,sample_median_scaled,True,0.00015022767428262437,-0.004149505032340131,-0.00015022767428262868,0.004146930364740349,0.3170101407318878,0.31723337575121857,0.0009090906047864576,,0.6783928553744688,0.860649621473309
1124,pravastatin,Method 3,TUZYXOIXSAXUGO-PZAWKZKUSA-N,HMDB0005022,"DG00353,C01844,D08410",0.9982698961937716,False,all_pre_hcc,sample_median_scaled,True,0.00015022767428262378,-0.004149505032339527,-0.00015022767428261562,0.004146930364740351,0.31701014073195855,0.31723337575126087,0.0009090906047864561,,0.6783928553744688,0.860649621473309
725,meglumine,Method 1,MBBZMMPHUWSWHV-UHFFFAOYSA-N,HMDB0240291,,0.9982698961937716,False,all_pre_hcc,sample_median_scaled,True,0.00015022767428262408,-0.004149505032339424,-0.0001502276742826263,0.004146930364740348,0.3170101407319702,0.317233375751226,0.0009090906047864584,,0.6783928553744688,0.860649621473309
852,aripiprazole,Method 2,CEUORZQYGODEFX-UHFFFAOYSA-N,HMDB0005042,C12564,0.9982698961937716,False,all_pre_hcc,sample_median_scaled,True,0.00015022767428262448,-0.004149505032339211,-0.0001502276742826246,0.0041469303647403465,0.31701014073199485,0.31723337575123123,0.0009090906047864587,,0.6783928553744688,0.860649621473309
441,nifedipine,Method 3,HYIMSNHJOBLJNT-UHFFFAOYSA-N,,"C07266,D00437",0.9982698961937716,False,all_pre_hcc,sample_median_scaled,True,0.00015022767428262378,-0.0041495050323386,-0.00015022767428262557,0.004146930364740348,0.31701014073206624,0.31723337575122834,0.000909090604786458,,0.6783928553744688,0.860649621473309
1018,metronidazole,Method 1,VAOCPAMSLUNLGC-UHFFFAOYSA-N,HMDB0015052,"DG00006,C07203,D00409",0.9982698961937716,False,all_pre_hcc,sample_median_scaled,True,0.00015022767428262418,-0.004149505032338369,-0.00015022767428263267,0.00414693036474035,0.31701014073209344,0.3172333757512059,0.0009090906047864568,,0.6783928553744688,0.860649621473309
1242,norethindrone sulfate,Method 3,GCUIJBFFHDSMDP-UHFFFAOYSA-N,,,0.9982698961937716,False,all_pre_hcc,sample_median_scaled,True,0.00015022767428262302,-0.0041495050323373745,-0.0001502276742826196,0.00414693036474035,0.31701014073220934,0.3172333757512479,0.0009090906047864568,,0.6783928553744688,0.860649621473309
662,maprotiline,Method 2,QSLMDECMDJKHMQ-UHFFFAOYSA-N,HMDB0015069,"C07107,D02566",0.9982698961937716,False,all_pre_hcc,sample_median_scaled,True,0.00015022767428262288,-0.004149505032336695,-0.00015022767428263492,0.004146930364740351,0.3170101407322887,0.3172333757511985,0.0009090906047864566,,0.6783928553744688,0.860649621473309
762,p-hydroxyatorvastatin,Method 3,SOZOATLLFFVAPM-KAYWLYCHSA-N,,,0.9186851211072664,False,all_pre_hcc,sample_median_scaled,True,0.0008139132241887152,0.29444254220770744,0.020972445792276844,0.2943063695005119,0.3170866446424385,0.15330936488850339,0.7069681006357401,,0.6783928553744688,0.808969278887591
1139,glycoursodeoxycholic acid sulfate (1),Method 3,DKXXSIJHWWVNMO-XROMFQGDSA-N,,,0.01730103806228374,True,all_pre_hcc,sample_median_scaled,True,-0.022232686643217415,-0.5613646634165661,-0.014990488139769088,0.5618861803360974,0.3177598885168751,0.48035131483159554,0.8262795153316108,,0.6786790148628673,0.8816380950693892
637,quinine,Method 1,LOUPRKONTZGTKE-WGFDLZGGSA-N,HMDB0014611,C06526,0.9982698961937716,False,all_pre_hcc,sample_median_scaled,True,-9.259599046229695e-05,-0.000764038200889606,9.259599046229487e-05,0.0007663689266547776,0.3187845367968202,0.3249358495310596,0.002650816353153185,,0.6793692600645761,0.860649621473309
972,N-oleoylserine,Method 3,MBDKGXAMSZIDKF-KTKRTIGZSA-N,,,0.0,True,all_pre_hcc,sample_median_scaled,True,-0.005066532807454546,0.15566540739857812,0.007753579848453844,0.1562624738097096,0.3191631420494153,0.11131709848388556,0.7732175620946028,,0.6793692600645761,0.7707122735653882
932,caffeic acid sulfate,Method 4,SNVAIAITQIIEMQ-DUXPYHPUSA-N,HMDB0041708,,0.28027681660899656,False,all_pre_hcc,sample_median_scaled,True,0.013355951700815443,-0.5624357411401729,-0.022468947029551933,0.5663295610938991,0.32064930388357027,0.5349337388724851,0.4171557546560066,,0.6806668534249153,0.8895798552766429
261,docosahexaenoate (DHA; 22:6n3),Method 3,MBMBGCFOFBJSGT-KUBAVDMBSA-N,HMDB0002183,C06429,0.0,True,all_pre_hcc,sample_median_scaled,True,-0.003679618875324125,0.16675074086852287,0.00021139240696512392,0.16797652465910232,0.32085488400713413,0.9779090306851536,0.5504609552336303,,0.6806668534249153,0.9857259417614187
885,"sphingomyelin (d18:0/18:0, d19:0/17:0)*",Method 2,JCELSEVNSMXGKA-IOLBBIBUSA-N,HMDB0012087,,0.0,True,all_pre_hcc,sample_median_scaled,True,-0.003056989919935653,-0.14299721628933684,-0.0053681647230765265,0.14487928148623613,0.3236380182637548,0.2417421412225771,0.8007912238962716,,0.6849730266179389,0.860649621473309
1190,cortisol 21-sulfate,Method 3,JOVLCJDINAUYJW-VWUMJDOOSA-N,HMDB0062779,,0.8806228373702422,False,all_pre_hcc,sample_median_scaled,True,-0.00016907602314710212,0.1890098884770034,-0.0004622823096284086,0.19163046364433162,0.3239737288057819,0.9699067656609587,0.3942134829419109,,0.6849730266179389,0.9846225769560532
939,4-hydroxyphenylacetylglutamine,Method 3,NNBITIFYUGRBJL-JTQLQIEISA-N,,,0.015570934256055362,True,all_pre_hcc,sample_median_scaled,True,0.0021185266640538023,-0.26495355687276717,-0.01864230694883801,0.26966700034165497,0.3258431218981296,0.2629060031527546,0.6372092859680037,,0.6876142520325177,0.860649621473309
1176,fibrinopeptide B (1-11)**,Method 3,YXFOTICOZNPKPN-UHFFFAOYSA-N,,,0.0017301038062283738,True,all_pre_hcc,sample_median_scaled,True,-0.008156349550783992,0.16626141811420128,-0.0027216771163458327,0.16938469376590162,0.3263161434526336,0.5886890210334301,0.45168282049901765,,0.6876142520325177,0.8918524885957959
973,sphingadienine,Method 2,KWDXKYNWAKMLKK-YQMRQDNGSA-N,,,0.18339100346020762,True,all_pre_hcc,sample_median_scaled,True,-6.729868797129975e-05,-0.25708805899559484,0.010508826364352632,0.2628590848569226,0.3280519828653512,0.09847050872825734,0.8406969161173912,,0.6892813479393648,0.7707122735653882
624,quetiapine,Method 2,URKOMYMAXPYINW-UHFFFAOYSA-N,HMDB0005021,"D08456,
DG00899,C07397",0.9913494809688581,False,all_pre_hcc,sample_median_scaled,True,-0.001256294093471244,0.05735859666580656,0.0026049824699495034,0.058664490645209066,0.3282031219520505,0.1778612748278463,0.3174138731830496,,0.6892813479393648,0.8345004227693749
544,"5alpha-pregnan-3beta,20beta-diol monosulfate (1)",Method 3,NOGKXXMAHGCQBS-VNCHAANSSA-N,HMDB0240580,,0.21626297577854672,False,all_pre_hcc,sample_median_scaled,True,-0.015586829447772375,-0.3111152536586361,-0.007206217150470872,0.31861131015993716,0.3288302586210252,0.5188630944475632,0.7976656665495886,,0.6894474422420829,0.8895039981792914
700,3-methyl catechol sulfate (1),Method 3,HFDKYCXWNHNKAF-UHFFFAOYSA-N,,,0.015570934256055362,True,all_pre_hcc,sample_median_scaled,True,-0.0017506381857895987,-0.3362897185215505,0.007873911361559368,0.34495438289073227,0.32961893981972934,0.7759893011829896,0.42083493858574567,,0.6894876579793102,0.9407865353739419
47,deoxycholate,Method 3,KXGVEGMKQFWNSR-OHAQSFBXSA-N,HMDB0000626,C04483,0.5622837370242214,False,all_pre_hcc,sample_median_scaled,True,0.026317015383249664,-0.603425199317652,-0.014796396801457074,0.6198481497675542,0.3303024354855556,0.5755037950468623,0.5588199604563919,,0.6894876579793102,0.8918524885957959
698,3-methyl catechol sulfate (2),Method 3,TZVUCGJSHGKWCJ-UHFFFAOYSA-N,,,0.4013840830449827,False,all_pre_hcc,sample_median_scaled,True,0.007126193061383576,-0.43460503905603426,-0.003573378368880919,0.44660993347538047,0.330493686614884,0.8937475997514269,0.4024214152100961,,0.6894876579793102,0.9633991866838792
789,pregnanolone/allopregnanolone sulfate,Method 3,MENQCIVHHONJLU-GQCBXAOTSA-N,"HMDB0240591,HMDB0062782",C05480,0.7612456747404844,False,all_pre_hcc,sample_median_scaled,True,-0.011066179992289616,-0.2296400764962171,-0.006132151947756629,0.23745784340689316,0.33350542096419,0.587007078639681,0.5473110245386485,,0.692075551676725,0.8918524885957959
1157,clarithromycin,Method 2,AGOYDEPGAOXOCK-KCBOHYOISA-N,HMDB0015342,"C06912,D00276",0.9930795847750865,False,all_pre_hcc,sample_median_scaled,True,0.0002721903858879247,0.2632089078160722,0.014889754225804961,0.2727346015007633,0.3345080515314651,0.35873282622962166,0.27816520459233457,,0.692075551676725,0.860649621473309
1048,glucuronide of C10H18O2 (1)*,Method 3,,,,0.3235294117647059,False,all_pre_hcc,sample_median_scaled,True,0.003439077843849925,0.411277809853316,-0.021689870825228212,0.4264052768410354,0.3347836500982687,0.3043433421731312,0.4507247354792351,,0.692075551676725,0.860649621473309
1200,"hydroxy-N6,N6,N6-trimethyllysine*",Method 1,ZRJHLGYVUCPZNH-MQWKRIRWSA-N,,,0.01384083044982699,True,all_pre_hcc,sample_median_scaled,True,0.0005535045455887179,-0.10469938851966268,-0.004091059252123118,0.10855347773765167,0.334797343083046,0.45209613452039454,0.7227844412991062,,0.692075551676725,0.8731385418330269
458,2-hydroxypalmitate,Method 3,JGHSBPIZNUXPLA-UHFFFAOYSA-N,HMDB0031057,,0.0,True,all_pre_hcc,sample_median_scaled,True,-0.0036287750352387445,0.12937922865310592,-0.0051782381815408665,0.1341760158877293,0.334920582114821,0.09917380788907858,0.9012918955940445,,0.692075551676725,0.7707122735653882
136,sucrose,Method 4,CZMRCDWAGMRECN-UGDNZRGBSA-N,HMDB0000258,C00089,0.1453287197231834,True,all_pre_hcc,sample_median_scaled,True,-0.005766683526700256,0.41826348873203856,0.0335568430342392,0.43387346502907176,0.33503498487370864,0.015079668506431084,0.5003488918219973,,0.692075551676725,0.5870510593110491
1064,3-formylindole,Method 1,OLNJUISKUQQNIM-UHFFFAOYSA-N,HMDB29737,C08493,0.0017301038062283738,True,all_pre_hcc,sample_median_scaled,True,0.00015416286740766374,-0.11041252414587752,-0.005555088233959478,0.11474746465172433,0.3359381475030502,0.48743143148326873,0.5601322545018803,,0.6928035894407166,0.8816380950693892
1166,fibrinopeptide A (3-15)**,Method 3,ROMVHQMTMINAHB-UHFFFAOYSA-N,,,0.010380622837370242,True,all_pre_hcc,sample_median_scaled,True,-0.0021042846258321427,-0.1725086773937598,-0.004635008529281975,0.18004964955768066,0.33800363156089275,0.44777569043486853,0.6139872271403648,,0.6956727569441439,0.8731385418330269
668,(15:2)-anacardic acid,Method 3,KAOMOVYHGLSFHQ-UTOQUPLUSA-N,HMDB0033896,,0.9273356401384083,False,all_pre_hcc,sample_median_scaled,True,0.004464730776078989,0.2567584238401359,0.02079118405174397,0.26847525780803605,0.3388914654912897,0.3014449794784656,0.4188041350502089,,0.6956727569441439,0.860649621473309
1188,3-hydroxy-2-methylpyridine sulfate,Method 3,GOXQGRHDLROYBT-UHFFFAOYSA-N,,,0.1903114186851211,True,all_pre_hcc,sample_median_scaled,True,0.009658308065998971,-0.4951417780639442,-0.01080201576104898,0.517840833479857,0.33898839428200334,0.7188625427226139,0.46441118033355255,,0.6956727569441439,0.9294235136125881
850,oleate/vaccenate (18:1),Method 3,ZQPPMHVWECSIRJ-KTKRTIGZSA-N,"HMDB0003231,HMDB0000573,HMDB0240219,HMDB0000207","C21944,C08367,C01712,C00712",0.0,True,all_pre_hcc,sample_median_scaled,True,0.0004810904799990264,0.1543392909596015,0.007471636561164352,0.1616533829436784,0.33970187386949247,0.263175566467273,0.4480658715898494,,0.6960015591658331,0.860649621473309
224,hippurate,Method 3,QIAFMBKCNZACKA-UHFFFAOYSA-N,HMDB0000714,C01586,0.0,True,all_pre_hcc,sample_median_scaled,True,0.01588274863597467,-0.29017469864699824,-0.00900396190719756,0.30554394610598434,0.34226535348546927,0.5328128181281733,0.5102334667689993,,0.7001135198125534,0.8895798552766429
217,eicosapentaenoate (EPA; 20:5n3),Method 3,JAZBEHYOTPTENJ-JLNKQSITSA-N,HMDB0001999,C06428,0.0,True,all_pre_hcc,sample_median_scaled,True,0.0003564769886857233,0.15275911371196668,0.0020105798901286324,0.16113108544299623,0.343107829202829,0.8019445758174566,0.460764117103559,,0.7006974823655177,0.9407865353739419
565,17alpha-hydroxypregnenolone 3-sulfate,Method 3,OMOKWYAQVYBHMG-QUPIPBJSSA-N,HMDB00416,,0.4671280276816609,False,all_pre_hcc,sample_median_scaled,True,-0.0051728938034989866,0.3079886401598613,0.0255622800348697,0.3263650444582088,0.34532618836856444,0.05900689382963457,0.7896142970164403,,0.7034604327908651,0.7340158078639959
503,N6-carboxymethyllysine,Method 1,NUXSIDPKKIEIMI-UHFFFAOYSA-N,HMDB0240347,,0.2664359861591695,False,all_pre_hcc,sample_median_scaled,True,0.003893713512460663,-0.3801508265253829,0.015103604502319594,0.4030441421440194,0.34557913153001163,0.5215634464898307,0.45352422113674146,,0.7034604327908651,0.8895039981792914
1162,nateglinide,Method 2,OELFLUMRDSZNSF-BRWVUGGUSA-N,HMDB0014869,"C12508,D01111",0.9965397923875432,False,all_pre_hcc,sample_median_scaled,True,0.00015147370666358442,0.04988321651703724,0.0016033646204887603,0.053159845312632646,0.3480580426194517,0.36326427293650587,-0.008761657744939352,,0.7052161463938612,0.860649621473309
1142,lithocholate sulfate (1),Method 3,AXDXVEYHEODSPN-HVATVPOCSA-N,,,0.4671280276816609,False,all_pre_hcc,sample_median_scaled,True,0.015397591133553266,-0.47709843833465176,-0.0006524108197286502,0.5094919709187462,0.3490570179072422,0.972581954299872,0.7258624510404011,,0.7052161463938612,0.9857259417614187
211,taurodeoxycholate,Method 2,AWDRATDZQPNJFN-RZGBOAIJSA-N,HMDB0000896,C05463,0.4844290657439446,False,all_pre_hcc,sample_median_scaled,True,0.0063131320786895635,0.5368664452403676,-0.004854653866897736,0.5734195125986664,0.3491423067903384,0.8858000399951356,0.7783694249216726,,0.7052161463938612,0.9633991866838792
314,2-pyrrolidinone,Method 1,HNJBEVLQSNELDL-UHFFFAOYSA-N,HMDB0002039,,0.006920415224913495,True,all_pre_hcc,sample_median_scaled,True,0.008921707303458861,-0.2267101927588039,-0.0008667967637167533,0.2422596674679613,0.34936852772567617,0.9311952908294308,0.721195249372576,,0.7052161463938612,0.9733789425901396
394,aconitate [cis or trans],Method 3,,"HMDB0000958,HMDB000072","C004174,C02341",0.0,True,all_pre_hcc,sample_median_scaled,True,-0.0024801409384406286,0.08516978071134387,0.004904981073700606,0.09105827510638563,0.34961687732742475,0.2762995417877788,0.6987961292267599,,0.7052161463938612,0.860649621473309
178,acetoacetate,Method 1,WDJHALXBUFZDSR-UHFFFAOYSA-N,HMDB0000060,C00164,0.08650519031141868,True,all_pre_hcc,sample_median_scaled,True,0.014960791272620967,-0.2934299833549259,-0.0029959707890183903,0.3138398323538566,0.34980514733685963,0.8339625649739772,0.36256251697305986,,0.7052161463938612,0.9521516206067531
1165,"2,3-dihydroxy-5-methylthio-4-pentenoate (DMTPA)*",Method 3,XMZBEAXQGSBWLG-NSCUHMNNSA-N,HMDB0240388,,0.0,True,all_pre_hcc,sample_median_scaled,True,0.00011068150422283843,0.12621569048235348,-0.004359560768622863,0.13517579158001455,0.35045082519899795,0.4769641935260909,0.8255679578026979,,0.7053874209605431,0.8816380950693892
1246,3-hydroxyoctanoylcarnitine (1),Method 1,RCXSFDNDEVSQNG-UHFFFAOYSA-N,,,0.0726643598615917,True,all_pre_hcc,sample_median_scaled,True,0.017402550439357664,-0.41863494594534717,-0.04260794426033525,0.4498489501195733,0.3520541728498866,0.01864302763135807,0.22259860582744598,,0.7070200897095217,0.5870510593110491
757,N-acetyl-S-allyl-cysteine,Method 3,LKRAEHUDIUJBSF-ZETCQYMHSA-N,HMDB0240543,,0.5224913494809689,False,all_pre_hcc,sample_median_scaled,True,0.0018803184495464105,-0.29827767524325044,-0.02195110871173226,0.32109510185440376,0.35292084138208624,0.08605235428328559,0.290660778279807,,0.7070200897095217,0.7340158078639959
521,4-allylphenol sulfate,Method 3,KFDHKOFCRYUXLA-UHFFFAOYSA-N,,,0.0,True,all_pre_hcc,sample_median_scaled,True,-0.006722701366529945,0.27717455341766584,-0.00849503289031441,0.2983944971232968,0.3529480257055482,0.42387662115944,0.6906729215333406,,0.7070200897095217,0.8731385418330269
262,1-myristoyl-2-palmitoyl-GPC (14:0/16:0),Method 2,RFVFQQWKPSOBED-PSXMRANNSA-N,HMDB0007869,,0.0,True,all_pre_hcc,sample_median_scaled,True,-0.0036143419408242883,0.11948229362195509,0.0008670303727857293,0.1294990241758079,0.35618955382314643,0.872569167916459,0.6304685512932625,,0.7114838247024016,0.9633991866838792
832,suberoylcarnitine (C8-DC),Method 1,YVWVEIPYMGBQPE-UHFFFAOYSA-N,,,0.05190311418685121,True,all_pre_hcc,sample_median_scaled,True,0.002926165530708256,-0.26589599365680855,-0.015261231425983535,0.28825790187155265,0.3563074797794221,0.22773584514737255,0.5910643440978686,,0.7114838247024016,0.860649621473309
1090,enterolactone sulfate,Method 3,CGSFDOCYHBJLFW-WMLDXEAASA-N,"HMDB0240506,HMDB0240505",,0.903114186851211,False,all_pre_hcc,sample_median_scaled,True,0.009885276820876223,-0.18539712509501446,-0.006500744483938778,0.20165536809169396,0.35789888782578183,0.14590923547008786,0.4632111973139014,,0.7135290029870579,0.7957800342207456
144,pantothenate,Method 3,GHOKWGTUZJEAQD-ZETCQYMHSA-N,HMDB0000210,C00864,0.0,True,all_pre_hcc,sample_median_scaled,True,0.000809609899250023,0.14073942417129745,-0.0026866545337460085,0.15347122554590883,0.35912109438591355,0.7086826409438385,0.6793719391078283,,0.7148328112934799,0.9294235136125881
336,docosapentaenoate (n3 DPA; 22:5n3),Method 3,YUFFSWGQGVEMMI-JLNKQSITSA-N,"HMDB0006528,HMDB0001976",C16513,0.0,True,all_pre_hcc,sample_median_scaled,True,-0.0015399278140983239,0.15566365829845197,0.0022796753436955318,0.17040083096664618,0.3609719234439409,0.7735774757145142,0.4022286692983264,,0.71738180046205,0.9402819736458121
1006,lignoceroylcarnitine (C24)*,Method 2,YDUFZFUYBBPVLJ-UHFFFAOYSA-N,HMDB0240665,,0.0017301038062283738,True,all_pre_hcc,sample_median_scaled,True,0.00028076781498615947,-0.14221733439441034,-0.0015620344273506327,0.15668357878330383,0.36405141653100614,0.8250658139802645,0.599086418322686,,0.7223606971545832,0.9470189726160335
202,1-palmitoyl-2-oleoyl-GPE (16:0/18:1),Method 2,FHQVHHIBKUMWTI-OTMQOFQLSA-N,HMDB0005320,,0.0,True,all_pre_hcc,sample_median_scaled,True,0.002323524529245022,0.11082141642210588,0.010567642815013168,0.1222921909985144,0.36482899502692545,0.12471463477981133,0.619106266686061,,0.722559486852745,0.7802615335128658
525,sphinganine-1-phosphate,Method 2,YHEDRJPUIRMZMP-UHFFFAOYSA-N,HMDB0001383,,0.01384083044982699,True,all_pre_hcc,sample_median_scaled,True,-0.0024639925019134825,-0.11873925942205085,-0.003242503456387824,0.13115844576140306,0.3653003447045674,0.5938511200492371,0.40949332855912035,,0.722559486852745,0.8938105612988235
415,phenylacetylglutamine,Method 3,JFLIEFSWGNOPJJ-JTQLQIEISA-N,HMDB0006344,C04148,0.0,True,all_pre_hcc,sample_median_scaled,True,0.010704644002469005,-0.2444061768334376,-0.034197644671576904,0.27119151421521653,0.367465556257045,0.07284302927912076,0.7281350151272845,,0.7245613419954045,0.7340158078639959
407,5-acetylamino-6-amino-3-methyluracil,Method 4,POQOTWQIYYNXAT-UHFFFAOYSA-N,HMDB0004400,C16366,0.029411764705882353,True,all_pre_hcc,sample_median_scaled,True,0.013403224539143466,-0.2611097269316833,-0.0020701082657195663,0.28976768155593435,0.3675350261872634,0.8986267650422778,0.549258810561671,,0.7245613419954045,0.9633991866838792
379,hydroxybupropion,Method 1,RCOBKSKAZMVBHT-NCWAPJAISA-N,HMDB0012235,,0.9688581314878892,False,all_pre_hcc,sample_median_scaled,True,0.0007035600517663533,0.3320479183457602,-0.022142730587533188,0.3691574785004226,0.3683997128846208,0.5506802433932589,0.4084617975904989,,0.7245613419954045,0.8918524885957959
747,ferulic acid 4-sulfate,Method 3,PZPATWACAAOHTJ-HWKANZROSA-N,HMDB0029200,,0.15397923875432526,True,all_pre_hcc,sample_median_scaled,True,0.014173720059445501,0.3370622721374386,-0.012264693757317403,0.3750936830101744,0.3688613712355281,0.5550044542527561,0.5845479342090314,,0.7245613419954045,0.8918524885957959
121,fructose,Method 4,RFSUNEUAIZKAJO-ARQDHWQXSA-N,HMDB0000660,C00095,0.0,True,all_pre_hcc,sample_median_scaled,True,0.001636093981659587,0.260218514935224,0.012617220826026409,0.2897796702451593,0.3691922259292959,0.5089371563424769,0.6901484301336756,,0.7245613419954045,0.8895039981792914
1145,3-(methylthio)acetaminophen sulfate*,Method 3,VOXWKXZBPMQUJH-UHFFFAOYSA-N,,,0.6401384083044983,False,all_pre_hcc,sample_median_scaled,True,0.017807219182304292,0.4993149528033628,-0.029796057720025082,0.5575472571318688,0.3704897896916598,0.1849498319785664,0.6676947445091534,,0.7259753199877071,0.8345004227693749
925,ascorbic acid 2-sulfate,Method 4,SKKZOYBAANIUOV-ZAFYKAAXSA-N,HMDB0060649,,0.0,True,all_pre_hcc,sample_median_scaled,True,0.0038624977758856655,-0.16092787983482706,-0.007005251937664209,0.18038868683022735,0.3723300285922989,0.523290243976967,0.7835714776849194,,0.7284466189255242,0.8895039981792914
39,cholesterol,Method 2,HVYWMOMLDIMFJA-LBHVWCRMSA-N,HMDB0000067,C00187,0.0,True,all_pre_hcc,sample_median_scaled,True,-0.0017780250076270337,0.08541438424274207,-0.0035118365369008614,0.09619241230652978,0.37456579227576636,0.4910109353444537,0.8847621619727569,,0.7305432689220968,0.8824167952333182
670,histidylalanine,Method 1,FRJIAZKQGSCKPQ-UHFFFAOYSA-N,HMDB0028878,,0.5069204152249135,False,all_pre_hcc,sample_median_scaled,True,-0.0006686118517915755,0.24423905471627846,-0.0069093102440371664,0.27536455621210176,0.3750970969433003,0.6276413830974417,0.4500144301846576,,0.7305432689220968,0.9094394729837076
28,arginine,Method 1,ODKSFYDXXFIFQN-UHFFFAOYSA-N,HMDB0000517,C00062,0.0,True,all_pre_hcc,sample_median_scaled,True,-0.0019058842173358638,0.0749752596161944,0.00031377469573142896,0.08453828192984393,0.37514384079783347,0.9483159897465656,0.6848292565759271,,0.7305432689220968,0.9803589194340951
350,nervonate (24:1n9)*,Method 3,GWHCXVQVJPWHRF-KTKRTIGZSA-N,HMDB0002368,C08323,0.4100346020761246,False,all_pre_hcc,sample_median_scaled,True,-0.006072960138669462,0.42128503963572517,0.0067794984255815606,0.4784606796412359,0.3785880397928103,0.6895157030089879,0.7756328983624697,,0.73387995922184,0.9277120367757291
218,methylsuccinate,Method 4,WXUAQHNMJWJLTG-UHFFFAOYSA-N,HMDB0001844,,0.0017301038062283738,True,all_pre_hcc,sample_median_scaled,True,0.005578434511093347,-0.11444432226100998,-0.003382945220808463,0.13019392035398109,0.37938517460922094,0.6088237324138526,0.5752914704057311,,0.73387995922184,0.8978901000898318
109,dimethylglycine,Method 1,FFDGPVCHZBVARC-UHFFFAOYSA-N,HMDB0000092,C03626,0.0,True,all_pre_hcc,sample_median_scaled,True,-0.00024502908227608407,-0.09676654565470477,0.0018874926161675156,0.11010205218792167,0.37946607772943264,0.3646263892293502,0.8383645678345294,,0.73387995922184,0.860649621473309
253,4-methyl-2-oxopentanoate,Method 3,BKAJNAXTPSGJCU-UHFFFAOYSA-N,HMDB0000695,C00233,0.0,True,all_pre_hcc,sample_median_scaled,True,-0.0005431799866029925,-0.12312421917703995,-0.011496470934840327,0.14020179425127266,0.3798390486550841,0.1667680973433293,0.7982732477674042,,0.73387995922184,0.8236857835111566
409,1-methylxanthine,Method 3,MVOYJPOZRLFTCP-UHFFFAOYSA-N,HMDB0010738,C16358,0.38408304498269896,False,all_pre_hcc,sample_median_scaled,True,0.015227149968251847,0.48811849920649847,0.012388392609184147,0.5565211814477184,0.38043840366127746,0.7436087541906553,0.5553354923293512,,0.73387995922184,0.932629781173574
1073,glutamine conjugate of C7H12O2*,Method 3,,,,0.02249134948096886,True,all_pre_hcc,sample_median_scaled,True,0.0030605525261680104,0.27815077761656,-0.006937674005479851,0.3175551870366244,0.38107722716141534,0.7024267676153089,0.5019110479781146,,0.73387995922184,0.9294235136125881
457,N-acetylcitrulline,Method 3,WMQMIOYQXNRROC-LURJTMIESA-N,HMDB0000856,"C15532,C02851",0.09169550173010381,True,all_pre_hcc,sample_median_scaled,True,-0.0031334846814001912,-0.2783916161040799,0.0015932182097455846,0.31799994513733704,0.38133156027258885,0.8932656021804146,0.7276857730671236,,0.73387995922184,0.9633991866838792
516,dimethylarginine (SDMA + ADMA),Method 1,YDGMGEXADBMOMJ-LURJTMIESA-N,"HMDB0003334,HMDB0001539","C21189,C03626",0.0,True,all_pre_hcc,sample_median_scaled,True,0.00015924517468955516,0.07861150543426003,-0.0027863714540687016,0.08998731781635701,0.38234469506077584,0.2581620250421761,0.8665308434887642,,0.73387995922184,0.860649621473309
242,2-isopropylmalate,Method 4,BITYXLXUCSKTJS-UHFFFAOYSA-N,HMDB0000402,C02504,0.31314878892733566,False,all_pre_hcc,sample_median_scaled,True,0.007252017071466041,0.40049163886684086,0.03047461348811944,0.45880556648636767,0.3827172775268428,0.08367805261812013,0.35210478650003924,,0.73387995922184,0.7340158078639959
89,salicylate,Method 4,YGSDEFSMJLZEOE-UHFFFAOYSA-N,HMDB0001895,C00805,0.0,True,all_pre_hcc,sample_median_scaled,True,0.003333426574417589,0.35706573868704955,0.0005794197771141661,0.4092955701613269,0.3829951527240294,0.9767311940659537,0.3057252999935324,,0.73387995922184,0.9857259417614187
51,fumarate,Method 4,VZCYOOQTPOCHFL-OWOJBTEDSA-N,HMDB0000134,C00122,0.0017301038062283738,True,all_pre_hcc,sample_median_scaled,True,0.0012659456396227123,-0.15897049795391263,0.006749725959275032,0.18243194912867827,0.3835378876806338,0.2532618092779835,0.9227497433171851,,0.73387995922184,0.860649621473309
43,creatinine,Method 1,DDRJAANPRJIHGJ-UHFFFAOYSA-N,HMDB0000562,C00791,0.0,True,all_pre_hcc,sample_median_scaled,True,0.0007976185675415125,-0.08453607891743824,-0.0011894776967286864,0.09712114930744335,0.38407155002971216,0.5639163654098514,1.0218912292996152,,0.73387995922184,0.8918524885957959
984,glycosyl-N-(2-hydroxynervonoyl)-sphingosine (d18:1/24:1(2OH))*,Method 2,KNDOGXSGCOJBRQ-UHRQUHAFSA-N,,,0.005190311418685121,True,all_pre_hcc,sample_median_scaled,True,-0.0037339967592556833,0.13026587178900692,0.009831047012031626,0.1497752015921758,0.3844410915160513,0.19397893664385313,0.702956832528308,,0.73387995922184,0.8546511755947618
1173,fibrinopeptide B (1-13)**,Method 3,CCYANGYMJWBLQM-UHFFFAOYSA-N,,,0.0017301038062283738,True,all_pre_hcc,sample_median_scaled,True,0.011406853788214148,-0.1971683798558073,-0.012878964189815333,0.22746059853421996,0.38603827175964534,0.3444003379185471,0.6029098268720484,,0.7352242520702881,0.860649621473309
588,alpha-ketoglutaramate*,Method 4,COJBGNAUUSNXHX-UHFFFAOYSA-N,HMDB0001552,C00940,0.0,True,all_pre_hcc,sample_median_scaled,True,-0.0014614785053479037,0.1391966147111533,-0.002339189843373413,0.16067557030474997,0.38631417378255994,0.762990301389614,0.9495224023379051,,0.7352242520702881,0.9364310235591555
958,oleoyl-arachidonoyl-glycerol (18:1/20:4) [2]*,Method 2,LWXLWRXRJKMNLM-XBUMEPTLSA-N,HMDB0007228,,0.20588235294117646,False,all_pre_hcc,sample_median_scaled,True,0.003854055607581359,-0.3589914094964161,0.021305873752657144,0.41549569240896067,0.387583750641993,0.2290745932605307,0.8378973853040038,,0.7365262210085003,0.860649621473309
531,"bilirubin (E,Z or Z,E)*",Method 2,BPYKTIZUTYGOLE-BMNRKXRESA-N,HMDB0000488,C00486,0.0017301038062283738,True,all_pre_hcc,sample_median_scaled,True,-0.004011629782147925,0.10546912189264371,0.012304742163115896,0.12236803328533595,0.38874203629322135,0.13959319130338937,0.6803402335654679,,0.7376130945050866,0.7874808729132907
843,1-palmitoyl-2-docosahexaenoyl-GPC (16:0/22:6),Method 2,IESVDEZGAHUQJU-ZLBXKVHBSA-N,HMDB0007991,,0.0,True,all_pre_hcc,sample_median_scaled,True,0.00031501399000541695,-0.11202371849306796,-0.0042471417415315986,0.13020802799686296,0.3895993484754411,0.40416348114891,0.7521292104782936,,0.7377226307302341,0.8674430787831605
263,ofloxacin,Method 3,GSDSWSVVBLHKDQ-UHFFFAOYSA-N,HMDB0015296,"D00453,C07321,DG00616",0.9826989619377162,False,all_pre_hcc,sample_median_scaled,True,-0.00029360800917535714,0.05807117517692397,0.007486345889881898,0.06756658821533647,0.39008355306296627,0.3437811279963756,0.9439050999531127,,0.7377226307302341,0.860649621473309
830,4-hydroxyphenylacetoylcarnitine,Method 1,RLMMGDAPWBGWEF-UHFFFAOYSA-N,,,0.015570934256055362,True,all_pre_hcc,sample_median_scaled,True,-0.0005416481376144372,-0.18414458019664184,-0.00894922290626769,0.2144697483402941,0.39055903979835926,0.5338302291143924,0.5878678955097038,,0.7377226307302341,0.8895798552766429
1210,(15:3)-anacardic acid,Method 3,QUVGEKPNSCFQIR-AOSYACOCSA-N,HMDB31059,,0.9273356401384083,False,all_pre_hcc,sample_median_scaled,True,0.0004671725917091243,0.23100201234038922,0.021484419848418805,0.2697886133035539,0.39186871051310734,0.16005470436066305,0.12302077524828374,,0.7383862258480286,0.8151774011567372
1103,glucuronide of piperine metabolite C17H21NO3 (5)*,Method 3,,,,0.11072664359861592,True,all_pre_hcc,sample_median_scaled,True,-0.003647599731315358,-0.3948916775311725,-0.04445073714449954,0.46140632258478853,0.39208425983027273,0.04853360191685158,0.5206381286736544,,0.7383862258480286,0.7099450140860383
542,21-hydroxypregnenolone monosulfate (2),Method 3,DFSPOIZXVIWHFO-WGKOQXAXSA-N,,,0.6332179930795848,False,all_pre_hcc,sample_median_scaled,True,-0.01152854311924028,0.2802735370358899,0.018602859123372707,0.32973505086516086,0.39532720434013124,0.012165582312947681,0.819311087353048,,0.7426686409671602,0.5189044350482741
1093,6-bromotryptophan,Method 3,OAORYCZPERQARS-UHFFFAOYSA-N,,,0.0034602076124567475,True,all_pre_hcc,sample_median_scaled,True,-0.002531905410389198,-0.12937911215130743,-0.006524253148027974,0.15227962066787895,0.39553894232750186,0.2543146700927694,0.7788358216336521,,0.7426686409671602,0.860649621473309
191,3-methoxytyrosine,Method 1,PFDUUKDQEHURQC-ZETCQYMHSA-N,HMDB0001434,,0.0,True,all_pre_hcc,sample_median_scaled,True,0.0017441380937082338,-0.08766266870116553,-0.0009684154487589351,0.10332952317720605,0.3962265506197621,0.7828866121147896,0.4670028318102171,,0.7428509697163349,0.9407865353739419
745,N-methylpipecolate,Method 1,BPSLZWSRHTULGU-ZCFIWIBFSA-N,,,0.00865051903114187,True,all_pre_hcc,sample_median_scaled,True,0.002667735493137945,-0.174447165632896,-0.006640209126463215,0.20595925257649705,0.396995990980644,0.3625659020349181,0.7983198503134581,,0.7431859474012651,0.860649621473309
1134,N-desalkylquetiapine*,Method 2,JLOAJISUHPIQOX-UHFFFAOYSA-N,,,0.9913494809688581,False,all_pre_hcc,sample_median_scaled,True,-0.0006641268389740142,0.03685367311972757,0.0019049627835085606,0.044068328217348934,0.40299470124221237,0.2253608660390427,0.20426304486910773,,0.7532947015790536,0.860649621473309
715,2-piperidinone,Method 1,XUWHAWMETYGRKB-UHFFFAOYSA-N,HMDB0011749,,0.00865051903114187,True,all_pre_hcc,sample_median_scaled,True,0.012931530127597917,-0.32768835831697024,-0.04057646630968463,0.39348816077049475,0.40496983731358727,0.11656724969598403,0.46484387284138223,,0.7538638154969152,0.7723202739516442
19,"N6,N6,N6-trimethyllysine",Method 1,MXNRLFUSFKVQSK-UHFFFAOYSA-N,HMDB0001325,C03793,0.0,True,all_pre_hcc,sample_median_scaled,True,0.0029705064176097583,-0.11923113588139808,-0.0038447112412173215,0.14317664004214115,0.4049826309449931,0.35333567796456233,0.6328263930192162,,0.7538638154969152,0.860649621473309
714,guaifenesin,Method 1,HSRJKNPTNIJEKV-UHFFFAOYSA-N,HMDB0004998,D00337,0.9688581314878892,False,all_pre_hcc,sample_median_scaled,True,0.0034890196826017125,0.21188572750751863,0.01786440666574546,0.2545012180626012,0.40509693106193534,0.36669967973743534,0.4872454816492085,,0.7538638154969152,0.860649621473309
962,N-palmitoyl-sphingadienine (d18:2/16:0)*,Method 2,XXWRZIYYFPIQHE-XPAOSYCESA-N,HMDB0240686,,0.025951557093425604,True,all_pre_hcc,sample_median_scaled,True,0.0005170701029922159,0.13102679040991502,0.002390901388183675,0.15773805556579584,0.4061653810421305,0.45091642860859227,0.6589400616723433,,0.754735671124077,0.8731385418330269
742,N-acetylalliin,Method 3,CCCNUHFRBBIFHO-CVSPRKDYSA-N,,,0.2422145328719723,False,all_pre_hcc,sample_median_scaled,True,0.00873515983744844,-0.3331147731541371,-0.03167744803161354,0.40155853304267364,0.40679059120458416,0.06827445495841626,0.42666639553945246,,0.754782542382547,0.7340158078639959
1081,tetradecadienoate (14:2)*,Method 3,HXHZGHRLVRFQDR-HZJYTTRNSA-N,HMDB0000560,,0.006920415224913495,True,all_pre_hcc,sample_median_scaled,True,-0.006225108493621306,0.18876028589960311,0.015906969721101165,0.22908703395874142,0.40995798693787344,0.08017530020781352,0.4902120375933922,,0.7595392453134681,0.7340158078639959
508,sucralose,Method 3,BAQAVOSOZGMPRM-DYDPOALMSA-N,HMDB0031554,C12285,0.5311418685121108,False,all_pre_hcc,sample_median_scaled,True,0.010577368709213707,0.38892961909773727,0.012521943885931525,0.4743012352549488,0.4122129747452191,0.3468825469917204,0.44156327704790527,,0.7625940032786555,0.860649621473309
807,"sphingomyelin (d18:1/22:2, d18:2/22:1, d16:1/24:2)*",Method 2,BBJBWENPFZYXKM-CUYAXJSGSA-N,"HMDB0240670,HMDB0240672,HMDB0240669",,0.0,True,all_pre_hcc,sample_median_scaled,True,-0.0015010399038441454,-0.06463441403162909,0.0022753894818672736,0.0791083630387266,0.4139076130797461,0.6249470953876428,0.5994240076082595,,0.7636642968736366,0.9094394729837076
712,gamma-CEHC glucuronide*,Method 3,NOZSTAZEOBPSBY-UHFFFAOYSA-N,,,0.22664359861591696,False,all_pre_hcc,sample_median_scaled,True,0.010248792412582475,-0.2610058808075679,0.0014046654106206545,0.3198055109243122,0.41442040629148025,0.8770125754808124,0.65604041879429,,0.7636642968736366,0.9633991866838792
425,isovalerylglycine,Method 3,ZRQXMKMBBMNNQC-UHFFFAOYSA-N,HMDB00678,,0.33217993079584773,False,all_pre_hcc,sample_median_scaled,True,0.0018532577805921257,-0.2508459429004504,0.008157620866979487,0.30783005812710246,0.41513842646753507,0.5197426934474912,0.4681074175180327,,0.7636642968736366,0.8895039981792914
1031,5-dodecenoylcarnitine (C12:1),Method 2,PETYOUXDCHQKTQ-QXPKXGMISA-N,HMDB13326,,0.010380622837370242,True,all_pre_hcc,sample_median_scaled,True,-0.0034133643157018196,-0.16451808187013134,0.0043119829364042985,0.20192646589647906,0.4152196971872555,0.5623893842626453,0.3534693704996176,,0.7636642968736366,0.8918524885957959
372,hyocholate,Method 3,DKPMWHFRUGMUKF-OAEKOJLISA-N,HMDB0000760,C17649,0.025951557093425604,True,all_pre_hcc,sample_median_scaled,True,-0.00755095589473688,0.24092458310616252,0.02335442705635425,0.29641687047086174,0.41633863442932273,0.08853559981083703,0.6043203118751305,,0.7646043826453839,0.7340158078639959
692,histidine betaine (hercynine)*,Method 1,GPPYTCRVKHULJH-UHFFFAOYSA-N,HMDB0029422,,0.04325259515570934,True,all_pre_hcc,sample_median_scaled,True,-0.007260590573970484,0.20657483159745837,0.007989433955588487,0.25526038904126364,0.4183592803616609,0.6628537780431543,0.6003326293378142,,0.766565167365471,0.9173487929354104
1262,perfluorohexanesulfonate (PFHxS),Method 3,QZHDEAJFRJCDMF-UHFFFAOYSA-N,HMDB0094700,,0.02422145328719723,True,all_pre_hcc,sample_median_scaled,True,-0.0049263706279820746,0.24845710340532856,0.017566286130465035,0.30718884429555654,0.4186250158824154,0.24525392436747473,0.9015409447149145,,0.766565167365471,0.860649621473309
1070,resveratrol disulfate (2)*,Method 3,DHYDAGFKCXRMSL-OWOJBTEDSA-N,,,0.9705882352941176,False,all_pre_hcc,sample_median_scaled,True,-0.001596181373412787,0.06498655671993325,-0.0041869962534305605,0.08059127227613605,0.4200283057620968,0.5721565741325186,0.4722139100844706,,0.7669483406996006,0.8918524885957959
664,citalopram/escitalopram,Method 2,WSEQXVZVJXJVFP-FQEVSTJZSA-N,HMDB0005028,D07913,0.9134948096885813,False,all_pre_hcc,sample_median_scaled,True,-0.002214741938994954,-0.13096361440274437,-0.0012955478784270403,0.16241971907581595,0.42005358246583846,0.8038732510591579,0.7843094107135388,,0.7669483406996006,0.9407865353739419
761,o-hydroxyatorvastatin,Method 3,CZBPKFICAYVHHM-JWQCQUIFSA-N,,,0.9100346020761245,False,all_pre_hcc,sample_median_scaled,True,0.001630025057524108,0.22608680234969133,0.019432158775267515,0.28132536027031335,0.421599802200074,0.2030719234515227,0.6907019578542613,,0.7682514602970547,0.860649621473309
831,nonanoylcarnitine (C9),Method 2,MPSPNFAQQQMFLK-UHFFFAOYSA-N,HMDB0013288,,0.09515570934256055,True,all_pre_hcc,sample_median_scaled,True,0.0026353444203851143,-0.21081890898281033,0.00526921549937658,0.2630226423040902,0.4228284687146461,0.63936866532481,0.591898810105864,,0.7682514602970547,0.9094394729837076
1110,"(2,4 or 2,5)-dimethylphenol sulfate",Method 3,CLCCTVXAPVYLKM-UHFFFAOYSA-N,,,0.32525951557093424,False,all_pre_hcc,sample_median_scaled,True,-0.0023375105355480856,-0.29964746114459034,-0.017688531231301655,0.3739468857153411,0.4229520759376424,0.4050567264746139,0.5893976276667796,,0.7682514602970547,0.8674430787831605
1152,3-ethylcatechol sulfate (2),Method 3,NUPWKYZXNXCOHY-UHFFFAOYSA-N,,,0.5069204152249135,False,all_pre_hcc,sample_median_scaled,True,0.004476271086875077,-0.2633756016656116,-0.012983088160854648,0.32897713158734093,0.4233693940788176,0.4514137117728384,0.44207841471151066,,0.7682514602970547,0.8731385418330269
590,ibuprofen acyl glucuronide,Method 3,ABOLXXZAJIAUGR-JPMMFUSZSA-N,HMDB0010343,,0.9307958477508651,False,all_pre_hcc,sample_median_scaled,True,0.008793983495738494,0.341464102390164,-0.019217470085092333,0.4269314040889595,0.42382075790632423,0.18233531126495028,0.3416970816682181,,0.7682514602970547,0.8345004227693749
204,1-palmitoyl-2-linoleoyl-GPC (16:0/18:2),Method 2,JLPULHDHAOZNQI-ZTIMHPMXSA-N,HMDB0007973,,0.0,True,all_pre_hcc,sample_median_scaled,True,0.0004790692087979158,-0.04322865555274809,-0.001360717195355252,0.054212426847121874,0.42522233213727567,0.6439395008206825,0.7836604782533355,,0.7687213324251829,0.909976024067088
104,alpha-ketobutyrate,Method 4,TYEYBOSBBBHJIV-UHFFFAOYSA-N,HMDB0000005,C00109,0.1972318339100346,True,all_pre_hcc,sample_median_scaled,True,-0.002022559172173735,0.3116315817248423,-0.008154792066581137,0.3908799731017615,0.42530210442601535,0.5706971631059092,0.29333467472782154,,0.7687213324251829,0.8918524885957959
498,4-vinylphenol sulfate,Method 3,IETVQHUKTKKBFF-UHFFFAOYSA-N,HMDB0062775,C05627,0.0,True,all_pre_hcc,sample_median_scaled,True,-0.00047824212929124945,-0.321683881318816,-0.008370735479521742,0.40612733378851834,0.4283161229993836,0.633671115805142,0.3728382163683776,,0.7720720378280188,0.9094394729837076
1263,menthol glucuronide,Method 3,CLJGMBYGTHRUNF-PJQJKGEDSA-N,,,0.031141868512110725,True,all_pre_hcc,sample_median_scaled,True,0.0015732367256594988,0.3090317819815263,0.029794753201935472,0.3906993191142711,0.4289609879414479,0.13650154086769375,0.5817767884908968,,0.7720720378280188,0.786838116454639
487,deoxycarnitine,Method 1,JHPNVNIEXXLNTR-UHFFFAOYSA-N,HMDB0001161,C01181,0.0,True,all_pre_hcc,sample_median_scaled,True,0.00027475052269236854,0.06372993209559792,0.003114494080549617,0.080578085374009,0.4289971020999882,0.07841926502796577,0.6524771253973195,,0.7720720378280188,0.7340158078639959
30,ascorbate (vitamin C),Method 1,CIWBSHSKHKDKBQ-UHFFFAOYSA-N,HMDB0000044,"D00018,C00072",0.10380622837370242,True,all_pre_hcc,sample_median_scaled,True,0.0008753488048357942,0.4459304577661584,0.001876006999979178,0.5659305716287939,0.43072030546926465,0.9267049713755705,0.45540285102946804,,0.7740659204004784,0.9714957116587232
326,gamma-glutamylvaline,Method 1,AQAKHZVPOOGUCK-XPUUQOCRSA-N,HMDB0011172,,0.031141868512110725,True,all_pre_hcc,sample_median_scaled,True,0.004418022067693843,-0.1876732411984801,-0.013140545860120012,0.23935402386039661,0.4329918508083914,0.03376462222792169,0.7591594459263334,,0.7770381573708366,0.6435741630715983
432,N1-methyl-2-pyridone-5-carboxamide,Method 3,JLQSXXWTCJPCBC-UHFFFAOYSA-N,HMDB0004193,C05842,0.0,True,all_pre_hcc,sample_median_scaled,True,0.0007050977364163913,-0.1173375476182489,-0.003713782226726765,0.14989973746477073,0.4337601103693908,0.6277190725177336,0.736484668728835,,0.7773080040522702,0.9094394729837076
1025,carotene diol (3),Method 2,JKQXZKUSFCKOGQ-DKLMTRRASA-N,,,0.029411764705882353,True,all_pre_hcc,sample_median_scaled,True,-0.005060108460397929,-0.17776546096851154,0.011342489119856468,0.22779651692875083,0.4351733971420677,0.18271121012051428,0.8445821870699568,,0.7776737201715537,0.8345004227693749
597,formiminoglutamate,Method 1,NRXIKWMTVXPVEF-BYPYZUCNSA-N,HMDB0000854,C00439,0.0017301038062283738,True,all_pre_hcc,sample_median_scaled,True,-0.0028737368433711633,0.11089798298482048,0.0010457335420873501,0.14211798097278167,0.4352005556444942,0.9036653738370249,0.4872898799018986,,0.7776737201715537,0.9633991866838792
998,"sphingomyelin (d18:2/21:0, d16:2/23:0)*",Method 2,SDUGEKJCGFHJRC-GKPQAQNZSA-N,HMDB0240676,,0.0,True,all_pre_hcc,sample_median_scaled,True,0.0017073023433014144,-0.1076721767988972,0.0014122423564450223,0.13874728227947242,0.43773074790230326,0.8137472609201283,0.6667338982516346,,0.7810855047675141,0.9444540834433404
618,cis-4-decenoate (10:1n6)*,Method 3,XKZKQTCECFWKBN-SREVYHEPSA-N,HMDB0004980,,0.00865051903114187,True,all_pre_hcc,sample_median_scaled,True,-0.0045805556426741,0.17032066171430346,0.013518913388589335,0.21994328302738536,0.43870346722565146,0.10935223375454257,0.6134030068491104,,0.7817124104389087,0.7707122735653882
997,sphingomyelin (d18:2/24:2)*,Method 2,ZLNGRWIWHFFRNK-UKCALJHFSA-N,HMDB0240644,,0.0,True,all_pre_hcc,sample_median_scaled,True,-0.002441461826346238,-0.06763329452511109,0.006190430325572171,0.08747953181518114,0.43944379697115954,0.23828262488204943,0.6654016074581398,,0.7819240404380746,0.860649621473309
816,"1,2,3-benzenetriol sulfate (1)",Method 3,NGVLEQPKHLWZLN-UHFFFAOYSA-N,,,0.43944636678200694,False,all_pre_hcc,sample_median_scaled,True,-0.003806227255914277,-0.2899415565349362,-0.01534298709997603,0.37658079290104834,0.44134030388635903,0.37752271680486105,0.2944715047805526,,0.7836836612126682,0.8648303151579649
976,"ceramide (d16:1/24:1, d18:1/22:1)*",Method 2,ODRVSCJZSDNQBP-LMGPGFSZSA-N,,,0.05190311418685121,True,all_pre_hcc,sample_median_scaled,True,0.0027985870638247328,-0.1436947939978833,0.0033972526401645463,0.18677144625815645,0.4416786294115912,0.6490953135962186,0.5182943603208396,,0.7836836612126682,0.9113414112768338
895,1-(1-enyl-palmitoyl)-2-linoleoyl-GPE (P-16:0/18:2)*,Method 2,LJVXDBWIBQQKFU-CCJYEBHUSA-N,HMDB0011343,,0.0,True,all_pre_hcc,sample_median_scaled,True,-0.0008154539861628656,0.07770718452217051,-0.0001647991612889313,0.10121465337406184,0.4426378712081478,0.9832734375476865,0.6235012993613012,,0.7842794957462674,0.9887753672541884
813,3-hydroxyhexanoate,Method 3,HPMGFDVTYHWBAG-UHFFFAOYSA-N,"HMDB0061652,HMDB0010718",,0.0,True,all_pre_hcc,sample_median_scaled,True,0.0004501083053404916,0.12139763678949769,0.002386566846579488,0.1587518364921365,0.44444980316272764,0.676357242756962,0.5618720408605169,,0.7863823521500863,0.9221448686380037
1060,carboxyibuprofen glucuronide*,Method 4,FLVLKWAQHDRIPH-UHFFFAOYSA-N,HMDB60564,,0.9602076124567474,False,all_pre_hcc,sample_median_scaled,True,0.005202935983751781,0.19698588106746773,-0.004706500576611951,0.2585107910302586,0.44605848430858996,0.5190600017116144,0.21886172297077702,,0.788120187163211,0.8895039981792914
1187,5-hydroxy-2-methylpyridine sulfate,Method 3,UAQAOMYUJQVGMD-UHFFFAOYSA-N,,,0.2647058823529412,False,all_pre_hcc,sample_median_scaled,True,0.010126485565701181,-0.42624576267331954,-0.02277236365987137,0.560623991916332,0.4470717198169132,0.39707048844984894,0.41085723610750763,,0.7888025575451287,0.8674430787831605
1160,glipizide,Method 3,ZJJXGWJIGJFDTL-UHFFFAOYSA-N,HMDB0015200,D00335,0.9826989619377162,False,all_pre_hcc,sample_median_scaled,True,0.0024259103232434557,-0.11244980099415007,-0.019233413414530574,0.14887191372642333,0.45004141912817774,0.13061057399057413,0.2782570262628644,,0.7896988823288429,0.7802615335128658
427,7-methylguanine,Method 1,FZWGECJQACGGTI-UHFFFAOYSA-N,HMDB0000897,C02242,0.0,True,all_pre_hcc,sample_median_scaled,True,-0.0009785475599295719,-0.07079144989928865,0.0020924509399575845,0.09415811765884619,0.45214977049736504,0.4521850394536886,0.85282930158878,,0.7896988823288429,0.8731385418330269
1163,canagliflozin,Method 3,XTNGUQKDFGDXSJ-ZXGKGEBGSA-N,,D09592,0.9948096885813149,False,all_pre_hcc,sample_median_scaled,True,0.0005743035252165123,0.05145576066585423,0.002161252871223081,0.06848016488029376,0.45241402934312547,0.44564675538582244,0.0033888165736405936,,0.7896988823288429,0.8731385418330269
396,heme,Method 2,GGIDWJQWCUJYRY-UHFFFAOYSA-K,HMDB0003178,C00032,0.05709342560553633,True,all_pre_hcc,sample_median_scaled,True,0.028239672689057464,-0.25259191190751246,-0.012200758904681312,0.336275998722856,0.45256561657851524,0.42055532634523063,0.39147978458034427,,0.7896988823288429,0.8731385418330269
321,"1,3-dimethylurate",Method 3,OTSBKHHWSQYEHK-UHFFFAOYSA-N,HMDB0001857,,0.07093425605536333,True,all_pre_hcc,sample_median_scaled,True,0.018373020943625328,-0.220329876445357,-0.014521503553082593,0.2937747793001956,0.4532571813689902,0.13386325593718015,0.4465340908669805,,0.7896988823288429,0.786838116454639
1245,"2,4-di-tert-butylphenol",Method 3,ICKWICRCANNIBI-UHFFFAOYSA-N,,,0.0,True,all_pre_hcc,sample_median_scaled,True,-0.0006682521525161878,-0.1660638882641776,-0.008829091196871187,0.22162929871066914,0.45368441575933893,0.04258759206509064,0.8809664665038632,,0.7896988823288429,0.6868614207421029
1251,"bilirubin degradation product, C17H18N2O4 (1)**",Method 3,,,,0.00865051903114187,True,all_pre_hcc,sample_median_scaled,True,-0.002268349723261112,-0.2122487335648366,0.009281452446727291,0.28329808006689233,0.45373281470816484,0.2756120569319245,0.7404640714238582,,0.7896988823288429,0.860649621473309
1045,octadecadienedioate (C18:2-DC)*,Method 3,ZKQNWTGXRAIVGG-PXELCPQFSA-N,,,0.050173010380622836,True,all_pre_hcc,sample_median_scaled,True,-0.013202887074090864,0.23689017556082748,0.023367399819528616,0.31677618479402064,0.4545713857368936,0.2549788989556173,0.5016631473194195,,0.7896988823288429,0.860649621473309
283,1-palmitoylglycerol (16:0),Method 3,QHZLMUACJMDIAE-UHFFFAOYSA-N,HMDB0011564,,0.05190311418685121,True,all_pre_hcc,sample_median_scaled,True,-0.011085992208828608,0.24426797274486098,0.020431476952729514,0.32709912344590586,0.4552021114608654,0.27064381270706583,0.29400279348456554,,0.7896988823288429,0.860649621473309
115,uracil,Method 1,ISAKRJDGNUQOIC-UHFFFAOYSA-N,HMDB0000300,C00106,0.15397923875432526,True,all_pre_hcc,sample_median_scaled,True,-0.0010592416741144397,-0.16326890518487133,-0.025572468669288966,0.21954528039281637,0.45707706229577116,0.005286513055917443,0.2763908434046687,,0.7896988823288429,0.34437538092401243
351,5-dodecenoate (12:1n7),Method 3,IJBFSOLHRKELLR-FPLPWBNLSA-N,HMDB0000529,,0.0,True,all_pre_hcc,sample_median_scaled,True,-0.008348718715328819,0.18092129179754896,0.022394460546695402,0.2433900211245537,0.4572764731597987,0.06947333977091669,0.42834821881381363,,0.7896988823288429,0.7340158078639959
844,1-stearoyl-2-docosahexaenoyl-GPC (18:0/22:6),Method 2,FAUYAENFVCNTAL-PFFNLMTBSA-N,HMDB0008057,,0.0,True,all_pre_hcc,sample_median_scaled,True,-0.0005466604198199272,-0.10229629984486285,-0.003514685413108516,0.13784166803736453,0.4580091782390504,0.4268450517684461,0.7316565800075046,,0.7896988823288429,0.8731385418330269
1051,methylnaphthyl sulfate (2)*,Method 3,SBYDEYGHJXSIDV-UHFFFAOYSA-N,,,0.5795847750865052,False,all_pre_hcc,sample_median_scaled,True,-0.010545073171231658,-0.30826094451196673,0.015011326123838648,0.41540819623576525,0.45804640638906846,0.3268659206958491,0.6106590122598013,,0.7896988823288429,0.860649621473309
755,1-palmitoyl-GPG (16:0)*,Method 3,BVJSKAUUFXBDOB-UHFFFAOYSA-N,HMDB0240601,,0.0,True,all_pre_hcc,sample_median_scaled,True,-0.0029293648193822346,0.11112161145887267,-0.005208711678404718,0.1497791504920054,0.45814606610888775,0.2445421922574188,0.6646304353713486,,0.7896988823288429,0.860649621473309
1015,adrenoylcarnitine (C22:4)*,Method 2,OLORTLVEDIELGC-SNPVRQPZSA-N,,,0.07612456747404844,True,all_pre_hcc,sample_median_scaled,True,-0.0042712041515642835,-0.14659128941825886,-0.016318076264577982,0.197619056329027,0.45821626796378456,0.08663096239535772,0.6603644646168146,,0.7896988823288429,0.7340158078639959
1244,temazepam,Method 2,SEQDDYPDSLOBDC-UHFFFAOYSA-N,HMDB0014376,D00370,0.9896193771626297,False,all_pre_hcc,sample_median_scaled,True,-0.0017270782672247102,-0.005426769398092007,0.00027028865882098305,0.007317589378341597,0.45832598701907756,0.9026490351089158,0.30802149397909384,,0.7896988823288429,0.9633991866838792
483,1-arachidonoyl-GPI (20:4)*,Method 3,LXUGKKVCSTYZFK-OSKOXSHBSA-N,HMDB0061690,,0.0,True,all_pre_hcc,sample_median_scaled,True,0.0023759797139928968,-0.12060514952840713,-0.0057337698894125355,0.1627576559602671,0.4586870086645546,0.25582291719126427,0.7314965303822527,,0.7896988823288429,0.860649621473309
784,N-acetylhistamine,Method 1,XJWPISBUKWZALE-UHFFFAOYSA-N,HMDB0013253,C05135,0.7698961937716263,False,all_pre_hcc,sample_median_scaled,True,-0.005214267503546539,0.25973025311292225,-0.0009754487812090502,0.35065803232603654,0.4588790802721655,0.9658744278945187,0.48264699818752943,,0.7896988823288429,0.9837697399128694
616,solanidine,Method 2,JVKYZPBMZPJNAJ-OQFNDJACSA-N,HMDB0003236,C06543,0.5103806228373703,False,all_pre_hcc,sample_median_scaled,True,-0.0043382171526715144,0.3355843585960184,-0.01479871221179227,0.45370848942809466,0.4595139000821208,0.5646413616033406,0.49230285968528603,,0.7897110468624425,0.8918524885957959
236,kynurenine,Method 1,YGPSJZOEDVAXAB-QMMMGPOBSA-N,HMDB0000684,C00328,0.0,True,all_pre_hcc,sample_median_scaled,True,-0.0017613152956835662,-0.06066021413180707,0.0010550222453267527,0.08235607459266309,0.4613897914530821,0.779232188684153,0.6282034571275033,,0.7900680721183992,0.9407865353739419
493,hexanoylglutamine,Method 3,NONGMLDQXRDGIT-UHFFFAOYSA-N,,,0.01384083044982699,True,all_pre_hcc,sample_median_scaled,True,0.006350720565288079,-0.19188841647144017,-0.003500299878378991,0.26061629497321975,0.4615559940962253,0.7939021034678314,0.5651764210765889,,0.7900680721183992,0.9407865353739419
232,4-guanidinobutanoate,Method 1,TUHVEAJXIMEOSA-UHFFFAOYSA-N,HMDB0003464,C01035,0.0,True,all_pre_hcc,sample_median_scaled,True,-0.003972872405512345,0.0922980768974752,0.004850198090533083,0.12579317996291953,0.46311405227283053,0.4464279036018808,0.32715405587705604,,0.7900680721183992,0.8731385418330269
1016,docosapentaenoylcarnitine (C22:5n3)*,Method 2,MJPIXACTUMSGGI-WMPRHZDHSA-N,,,0.3096885813148789,False,all_pre_hcc,sample_median_scaled,True,-0.006317247060306476,0.18634337903616607,0.009097016784691315,0.2540451285375082,0.463250462519752,0.1695473735103724,0.5010403225859744,,0.7900680721183992,0.8248068919087713
466,tiglylcarnitine (C5:1-DC),Method 1,WURBQCVBQNMUQT-RMKNXTFCSA-N,HMDB0002366,,0.0034602076124567475,True,all_pre_hcc,sample_median_scaled,True,0.0020096613066392425,0.09725334062864652,-0.012724790994593017,0.1326259929071218,0.46338145200178205,0.04464036835568459,0.6710647303573773,,0.7900680721183992,0.6942666304080307
514,o-cresol sulfate,Method 3,CYGSXDXRHXMAOV-UHFFFAOYSA-N,HMDB0011635,,0.12110726643598616,True,all_pre_hcc,sample_median_scaled,True,-0.0023984046966451116,-0.28189974855633587,-0.007094883357715042,0.38456574236677316,0.46353771765832197,0.6680466527317328,0.5659705741070844,,0.7900680721183992,0.9184728843022074
190,thromboxane B2,Method 3,XNRNNGPBEPRNAR-JQBLCGNGSA-N,HMDB0003252,C05963,0.7474048442906575,False,all_pre_hcc,sample_median_scaled,True,-0.008065577423868313,-0.20569352937451382,0.010500296565857886,0.2809702183757826,0.4641178897420485,0.43147920021899944,0.3255906930534766,,0.7900680721183992,0.8731385418330269
13,"5,6-dihydrothymine",Method 3,NBAKTGXDIBVZOO-UHFFFAOYSA-N,HMDB0000079,C00906,0.0,True,all_pre_hcc,sample_median_scaled,True,-0.0026366213301970936,0.12582069482055866,0.005148983377426908,0.172199999929222,0.46498315354980324,0.25728764729323383,0.7304311726993575,,0.7904713610346655,0.860649621473309
1074,glutamine conjugate of C6H10O2 (1)*,Method 3,,,,0.0034602076124567475,True,all_pre_hcc,sample_median_scaled,True,0.0020698780813974567,0.1919355691000061,-0.011938154291513797,0.26360023811440164,0.4665332500091931,0.3925586965517488,0.5958790846748928,,0.7920362058185761,0.8674430787831605
227,3-methyl-2-oxovalerate,Method 3,JVQYSWDUAOAHFM-UHFFFAOYSA-N,HMDB0000491,"C03465,C06008,C00671",0.0,True,all_pre_hcc,sample_median_scaled,True,-0.000727048615465512,-0.10204821106192374,-0.006874147147214868,0.14040684418502852,0.46734622837567474,0.3947745009554159,0.8352413786227887,,0.7923471095641494,0.8674430787831605
866,1-stearoyl-2-linoleoyl-GPE (18:0/18:2)*,Method 2,YDTWOEYVDRKKCR-KNERPIHHSA-N,HMDB0008994,,0.0,True,all_pre_hcc,sample_median_scaled,True,0.0005650922393925182,0.0960931509034631,0.00917756661022469,0.13250795018277295,0.468336816904078,0.3377459485766059,0.5273303405413439,,0.7923941659313386,0.860649621473309
903,1-(1-enyl-palmitoyl)-2-palmitoyl-GPC (P-16:0/16:0)*,Method 2,PEWXKAOBUSBJLD-MCBGMKGZSA-N,HMDB0011206,,0.0,True,all_pre_hcc,sample_median_scaled,True,-0.0034560059877396464,-0.05483956152495098,0.003800801014767637,0.0756821242561969,0.46869507272160227,0.4143198858666408,0.8342311529419907,,0.7923941659313386,0.8731385418330269
1207,4-vinylcatechol sulfate,Method 3,ILVXQMHYFMBCMJ-UHFFFAOYSA-N,,,0.050173010380622836,True,all_pre_hcc,sample_median_scaled,True,0.0024718882909835413,-0.33531638105958944,-0.023826272660815686,0.4633504496734849,0.46926363562706463,0.3110466692622479,0.4029476099538484,,0.7923941659313386,0.860649621473309
878,1-(1-enyl-palmitoyl)-2-arachidonoyl-GPE (P-16:0/20:4)*,Method 2,UUYSKERSKRMYME-MAIXUNBTSA-N,HMDB0011352,,0.0,True,all_pre_hcc,sample_median_scaled,True,0.0009089902345412144,-0.07506854157163995,-0.007854958260821327,0.1040081785274474,0.47044441893846245,0.25633682765417765,0.6248025164937262,,0.7931345149459839,0.860649621473309
8,3-hydroxyisobutyrate,Method 4,DBXBTMSZEOQQDU-UHFFFAOYSA-N,"HMDB0000023,HMDB0000336","C01188,C06001",0.01384083044982699,True,all_pre_hcc,sample_median_scaled,True,0.001261682758019596,0.13361124142891578,-0.0011431047279737772,0.18546610634238048,0.4712739098255617,0.8363679769622183,0.696065527715496,,0.7931345149459839,0.9521516206067531
423,1-palmitoyl-GPA (16:0),Method 3,YNDYKPRNFWPPFU-GOSISDBHSA-N,HMDB00327,C04036,0.04152249134948097,True,all_pre_hcc,sample_median_scaled,True,-0.0057484769849867326,0.14589042958873186,-0.00074806950134129,0.202784531992073,0.471872513546561,0.9342009483559245,0.23705081347317747,,0.7931345149459839,0.9736742278639213
1088,ethyl beta-glucopyranoside,Method 3,WYUFTYLVLQZQNH-JAJWTYFOSA-N,HMDB0029968,,0.05709342560553633,True,all_pre_hcc,sample_median_scaled,True,-0.006111709106394581,0.27363883840880615,-0.007131008031670889,0.3814413432839972,0.47313893299151677,0.7013870835956877,0.3422382483723171,,0.7931345149459839,0.9294235136125881
197,ibuprofen,Method 3,HEFNNWSXXWATRW-UHFFFAOYSA-N,HMDB0001925,C01588,0.9567474048442907,False,all_pre_hcc,sample_median_scaled,True,0.004820899563253514,0.16994408362382488,-0.009464895026857472,0.23699321043238,0.4733221522394694,0.32282985834018163,0.29731472824999566,,0.7931345149459839,0.860649621473309
346,guanidinosuccinate,Method 4,VVHOUVWJCQOYGG-UHFFFAOYSA-N,HMDB0003157,C03139,0.39792387543252594,False,all_pre_hcc,sample_median_scaled,True,0.0028959588804867813,-0.25681007088012486,-0.032951799257519176,0.3582627746046985,0.47348491313548,0.0009269845402146997,0.884112370549088,,0.7931345149459839,0.1295718390655658
1118,2-hydroxyfluorene sulfate,Method 3,ZAEQSKSORYMOAE-UHFFFAOYSA-N,,,0.3771626297577855,False,all_pre_hcc,sample_median_scaled,True,-0.015395669603401977,-0.23628856974061255,0.020377049060992504,0.3313669487678687,0.47580106129893907,0.2272099761962998,0.5697965843404372,,0.7935995209495319,0.860649621473309
230,4-acetamidophenylglucuronide,Method 3,IPROLSVTVHAQLE-UHFFFAOYSA-N,HMDB0010316,,0.6401384083044983,False,all_pre_hcc,sample_median_scaled,True,0.014751385099349614,0.6095781922102959,-0.04773693959240873,0.8555495250098741,0.47615582236992304,0.1962397477280301,0.6670786022418234,,0.7935995209495319,0.8550767152831986
139,allantoin,Method 4,POJWUDADGALRAB-UHFFFAOYSA-N,HMDB0000462,"C02348,C01551,C02350",0.0,True,all_pre_hcc,sample_median_scaled,True,0.002916268575319926,0.12203732610415777,-0.001419579077159924,0.1713875079922066,0.4764307398354941,0.7452234440016721,0.7530113477669942,,0.7935995209495319,0.932629781173574
1046,glucuronide of C12H22O4 (1)*,Method 3,,,,0.3685121107266436,False,all_pre_hcc,sample_median_scaled,True,0.007388340930722181,0.26694416023613604,0.00838676866699541,0.37527156435429077,0.47687607005267496,0.49886354905756647,0.44972427547478366,,0.7935995209495319,0.8880490020771443
845,1-(1-enyl-stearoyl)-2-oleoyl-GPE (P-18:0/18:1),Method 2,XVYPOHCSLJZFED-QZEVRULJSA-N,HMDB0011375,,0.0,True,all_pre_hcc,sample_median_scaled,True,-0.0008944953812542207,0.07543957882089261,0.003542918021036415,0.10616540194008016,0.47734122681430424,0.5778859674945959,0.6674618985298124,,0.7935995209495319,0.8918524885957959
129,ribose,Method 4,PYMYPHUHKUWMLA-LMVFSUKVSA-N,HMDB0000283,C00121,0.6764705882352942,False,all_pre_hcc,sample_median_scaled,True,0.013484011154990413,0.27452651222495955,0.015243588313665719,0.3868772639363938,0.4779547757824486,0.3318241467736951,0.34789090062389083,,0.7935995209495319,0.860649621473309
1148,"N,N-dimethyl-5-aminovalerate",Method 1,UYZSNVLEDLCWGU-UHFFFAOYSA-N,,,0.39273356401384085,False,all_pre_hcc,sample_median_scaled,True,-0.0010137250258417726,0.28786127291947206,0.0030686700209264545,0.4058754992170162,0.478178407694551,0.8770081939545005,0.38359701452919337,,0.7935995209495319,0.9633991866838792
734,benzoylcarnitine*,Method 1,AWUHAZDZHNWQAG-UHFFFAOYSA-N,,,0.07612456747404844,True,all_pre_hcc,sample_median_scaled,True,0.0026283420551397275,0.1768316978587458,0.00681848270171199,0.24981626964165168,0.479040273613325,0.5028371045380257,0.7541214378811942,,0.7939824297833502,0.88832300279502
1061,glyco-beta-muricholate**,Method 3,ZQYUKJFJPJDMMR-PRRFOZOMSA-N,,,0.28719723183391005,False,all_pre_hcc,sample_median_scaled,True,0.0009151508931583591,0.4752932474937329,-0.02768217293263648,0.6748719845576941,0.48126357973950995,0.34100246396681566,0.8704426855830859,,0.7956503318725647,0.860649621473309
1104,sulfate of piperine metabolite C16H19NO3 (2)*,Method 3,,,,0.00865051903114187,True,all_pre_hcc,sample_median_scaled,True,-0.00758289322653939,0.21299791760910003,-0.007778580031013069,0.3028106927649623,0.4818047035539156,0.6039672985735027,0.7747685292482026,,0.7956503318725647,0.894287470086215
333,pro-hydroxy-pro,Method 1,ONPXCLZMBSJLSP-ALKRTJFJSA-N,HMDB0006695,,0.0017301038062283738,True,all_pre_hcc,sample_median_scaled,True,-0.007994844755719278,-0.11338303092093956,-0.0017007620710475409,0.16138182456759764,0.48231989163125066,0.8577730155398766,0.6392252556655874,,0.7956503318725647,0.9583289995996135
116,xylose,Method 4,PYMYPHUHKUWMLA-VPENINKCSA-N,HMDB0000098,C00181,0.3685121107266436,False,all_pre_hcc,sample_median_scaled,True,-0.009397710057483662,0.27514570078398154,-0.012041254841898384,0.3918535222625609,0.48257647314687346,0.45287085313248576,0.21639751293917825,,0.7956503318725647,0.8731385418330269
1079,fibrinopeptide A (7-16)*,Method 3,NQUPYRJVFYRZQX-UHFFFAOYSA-N,,,0.0017301038062283738,True,all_pre_hcc,sample_median_scaled,True,0.003368709194717879,0.10971051953633061,-0.007427047447346875,0.15744048771495212,0.48590416232160716,0.3160991997748639,0.6468178788467509,,0.7970123223894415,0.860649621473309
199,palmitoyl ethanolamide,Method 3,HXYVTAGFYLMHSO-UHFFFAOYSA-N,HMDB0002100,C16512,0.0,True,all_pre_hcc,sample_median_scaled,True,-0.0021121845563225115,0.08666925919932675,0.000923616515855999,0.12485889663941821,0.48759589880363496,0.8079538833537045,0.6978442934022123,,0.7970123223894415,0.9421232343653363
754,1-oleoyl-GPG (18:1)*,Method 3,FQQQKGAFQIIGLQ-VYFUBJQISA-N,HMDB0240602,,0.12283737024221453,True,all_pre_hcc,sample_median_scaled,True,-0.010586124191807855,0.16333239413294903,0.01147149028914273,0.23532813201723576,0.4876431143729735,0.2602671874757341,0.28422427114048526,,0.7970123223894415,0.860649621473309
907,1-oleoyl-2-arachidonoyl-GPE (18:1/20:4)*,Method 2,PECSWFQRRFRZPW-BHPGJWMBSA-N,HMDB0009069,,0.12629757785467127,True,all_pre_hcc,sample_median_scaled,True,0.005745833427586152,0.1881751828208753,0.017658182377023567,0.2716529189374134,0.4884950527746881,0.10601454119220474,0.4365158740266579,,0.7970123223894415,0.7707122735653882
1030,THC carboxylic acid glucuronide,Method 3,UWXZAZRSQQLWKH-AREXMYMPSA-N,,,0.9429065743944637,False,all_pre_hcc,sample_median_scaled,True,0.0010056016327368213,0.22123196415836743,0.008236137713520325,0.3195805369733572,0.4887757514654424,0.3139624362376504,0.5240738938831554,,0.7970123223894415,0.860649621473309
431,N2-methylguanosine,Method 3,SLEHROROQDYRAW-KQYNXXCUSA-N,HMDB0005862,,0.0847750865051903,True,all_pre_hcc,sample_median_scaled,True,0.0003770405104603456,-0.18426536047611444,0.0033108883794063537,0.266423183986058,0.4891718535538515,0.80279539090376,0.18872313167299937,,0.7970123223894415,0.9407865353739419
669,alliin,Method 1,XUHLIQGRKRUKPH-ITZCMCNPSA-N,HMDB0033592,C08265,0.1903114186851211,True,all_pre_hcc,sample_median_scaled,True,0.012083315906867759,0.25160760205364463,-0.026592232896575713,0.36382645626994325,0.4892140721594106,0.24047992256805262,0.4244149997722632,,0.7970123223894415,0.860649621473309
1220,(2 or 3)-decenoate (10:1n7 or n8),Method 3,WXBXVVIUZANZAU-CMDGGOBGSA-N,,,0.03633217993079585,True,all_pre_hcc,sample_median_scaled,True,-0.007244140934370658,0.1816448154515567,0.01514419683657401,0.2635491211152176,0.49068127499098124,0.046358026195766754,0.5530250098029417,,0.7970123223894415,0.6942666304080307
1260,oxindolylalanine,Method 1,YLEQTOAIAOPFBY-UHFFFAOYSA-N,,,0.0017301038062283738,True,all_pre_hcc,sample_median_scaled,True,0.001283981030026799,-0.07923528742894136,0.0014195499116803913,0.11500779772429053,0.49085109308861197,0.7972214569400538,0.4546593830866847,,0.7970123223894415,0.9407865353739419
605,hydroxycotinine,Method 1,XOKCJXZZNAUIQN-IENPIDJESA-N,HMDB0001390,,0.759515570934256,False,all_pre_hcc,sample_median_scaled,True,0.0029042363627504557,-0.3213467523712996,-0.0004219808855529645,0.4664359442006404,0.4908605229477422,0.897997796784119,0.9700249174581111,,0.7970123223894415,0.9633991866838792
857,palmitoyl dihydrosphingomyelin (d18:0/16:0)*,Method 2,QHZIGNLCLJPLCU-QPPIDDCLSA-N,HMDB0010168,,0.0,True,all_pre_hcc,sample_median_scaled,True,-0.003271097912387428,-0.04401167706251304,-0.0013184238633367391,0.06390696640076456,0.49102242469693524,0.7518178033901126,0.7908948104695313,,0.7970123223894415,0.932629781173574
438,2-methylbutyrylcarnitine (C5),Method 1,IHCPDBBYTYJYIL-UHFFFAOYSA-N,HMDB0000378,,0.06401384083044982,True,all_pre_hcc,sample_median_scaled,True,0.005230743180129125,-0.127317823835525,-0.011792887879642536,0.18493037807442775,0.4911609189308428,0.14123120804058018,0.2409492455796063,,0.7970123223894415,0.7877306478292528
1191,2-acrylamidoglycolic acid,Method 1,NEYTXADIGVEHQD-UHFFFAOYSA-N,,,0.0,True,all_pre_hcc,sample_median_scaled,True,-0.0012696072562882069,-0.08746680659865692,-0.007585183180987388,0.12718657732250113,0.4916387616647111,0.4595282404343559,0.6565307593377867,,0.7970123223894415,0.8798881681376252
40,choline phosphate,Method 1,YHHSONZFOIEMCP-UHFFFAOYSA-N,HMDB0001565,C00588,0.0017301038062283738,True,all_pre_hcc,sample_median_scaled,True,0.0008265598659984811,-0.11781904632062384,-0.005797761452692655,0.17242268183214984,0.49440766578641815,0.4783055062095133,0.704006552405022,,0.799331986234789,0.8816380950693892
619,atorvastatin,Method 3,XUKUURHRXDUEBC-KAYWLYCHSA-N,HMDB0005006,"D07474,D02258,D00887",0.9117647058823529,False,all_pre_hcc,sample_median_scaled,True,-0.0004499160163890024,0.20500296139874896,0.021953267559596135,0.300723292079632,0.49542889210465113,0.22267376668369354,0.758447534801029,,0.799331986234789,0.860649621473309
740,methionine sulfone,Method 1,UCUNFLYVYCGDHP-UHFFFAOYSA-N,HMDB0062174,,0.0,True,all_pre_hcc,sample_median_scaled,True,0.005442800058239479,-0.09495536984746925,0.004185328807144208,0.13956882271520774,0.4962841362726408,0.6021161824931169,0.7364057521707068,,0.799331986234789,0.894287470086215
702,carboxyibuprofen,Method 3,DIVLBIVDYADZPL-UHFFFAOYSA-N,HMDB0060564,,0.8494809688581315,False,all_pre_hcc,sample_median_scaled,True,0.007563229694900132,0.3086428894999871,-0.011232911189171533,0.45421192805331045,0.4968129018532573,0.38154652124435184,0.439425907890026,,0.799331986234789,0.8674430787831605
611,ranitidine,Method 1,VMXUWOKSQNHOCA-UKTHLTGXSA-N,HMDB0001930,D00422,0.9826989619377162,False,all_pre_hcc,sample_median_scaled,True,0.0025854109236229405,0.19190647934804664,-0.0172816659026407,0.2824275588132027,0.4968279408672148,0.4487982983581916,0.1441331369402006,,0.799331986234789,0.8731385418330269
1146,2-ketocaprylate,Method 3,GPPUPQFYDYLTIY-UHFFFAOYSA-N,HMDB13211,,0.0,True,all_pre_hcc,sample_median_scaled,True,-0.0003578894061610029,-0.1177075747930891,0.0025946434751563767,0.1733401770383128,0.4971027912003714,0.7299863280504411,0.5969123632239787,,0.799331986234789,0.932629781173574
332,propionylcarnitine (C3),Method 1,UFAHZIUFPNSHSL-UHFFFAOYSA-N,HMDB0000824,C03017,0.0,True,all_pre_hcc,sample_median_scaled,True,0.00023979235988714633,-0.0879237533516129,-0.011781522920166832,0.12960438896032195,0.49751744453246405,0.1075033929614264,0.6541824358299317,,0.799331986234789,0.7707122735653882
14,hypoxanthine,Method 3,FDGQSTZJBFJUBT-UHFFFAOYSA-N,HMDB0000157,C00262,0.0,True,all_pre_hcc,sample_median_scaled,True,-0.00048266108491473736,0.08537816569473147,0.004612774440055107,0.12697012493930884,0.501311771079306,0.5829345405232147,0.5082391393768925,,0.8024041957720148,0.8918524885957959
823,O-desmethyltramadol,Method 1,UWJUQVWARXYRCG-UHFFFAOYSA-N,HMDB0060997,,0.884083044982699,False,all_pre_hcc,sample_median_scaled,True,-0.0006988264209918945,0.3069917794345343,0.007298943423230226,0.45663497258439517,0.5013981834939955,0.4578052469956808,0.6446225232294254,,0.8024041957720148,0.8779253059764733
608,atenolol,Method 1,METKIMKYRPQLGS-UHFFFAOYSA-N,HMDB0001924,D00235,0.9948096885813149,False,all_pre_hcc,sample_median_scaled,True,0.0004986546392972374,0.03067577189691387,0.0013101581282722809,0.04562930840276542,0.5014040585435027,0.4877743355868799,0.001724588795819616,,0.8024041957720148,0.8816380950693892
6,alpha-ketoglutarate,Method 4,KPGXRSRHYNQIFN-UHFFFAOYSA-N,HMDB0000208,C00026,0.0,True,all_pre_hcc,sample_median_scaled,True,-0.0013040178963069056,-0.09148814505847108,0.01005320101625039,0.13626960051606396,0.5019810032373415,0.13855847688701972,0.9659453159242405,,0.8024041957720148,0.786838116454639
385,erythronate*,Method 4,JPIJQSOTBSSVTP-PWNYCUMCSA-N,HMDB0000613,,0.0,True,all_pre_hcc,sample_median_scaled,True,0.0021774846228756616,-0.07564482708410741,-0.0030912837889308887,0.11349902751962167,0.5051043699973051,0.509758563266867,0.8777983544785763,,0.8031220183613016,0.8895039981792914
220,carnitine,Method 1,PHIQHXFUZVPYII-ZCFIWIBFSA-N,HMDB0000062,"C00487,C00308",0.0,True,all_pre_hcc,sample_median_scaled,True,0.0004667855602295878,-0.0623406468714383,0.00014705987130448776,0.09393262199416351,0.5068989297751475,0.9530225342655962,0.628057109064895,,0.8031220183613016,0.9803589194340951
820,N-acetylkynurenine (2),Method 3,PPIMFXHQDQRWGJ-JTQLQIEISA-N,HMDB0240342,,0.16089965397923875,True,all_pre_hcc,sample_median_scaled,True,-0.0015015854944186156,-0.21115504546271205,0.007483111210327478,0.3183574215028172,0.5071614310393822,0.4095669779308393,0.7187757044909053,,0.8031220183613016,0.8731385418330269
1237,De(carboxymethoxy) cetirizine acetic acid,Method 2,NBQBQRKLQXVPIS-LJQANCHMSA-N,,,0.8650519031141869,False,all_pre_hcc,sample_median_scaled,True,-0.0019475666685186016,-0.19988050727790288,0.014685688070374672,0.30141203049247317,0.5072363618130044,0.20955402174324755,0.9898403123320456,,0.8031220183613016,0.860649621473309
154,thyroxine,Method 3,XUIIKFGFIJCVMT-LBPRGKRZSA-N,HMDB0000248,C01829,0.0,True,all_pre_hcc,sample_median_scaled,True,9.005490092329917e-05,-0.10104375975084726,-0.009217544329808957,0.1525820318238089,0.5078265148725014,0.0003324892770470212,0.962040357229337,,0.8031220183613016,0.1036633383361256
591,"2,3-dihydroxyisovalerate",Method 4,JTEYKUFKXGDTEU-UHFFFAOYSA-N,HMDB0012141,C04039,0.020761245674740483,True,all_pre_hcc,sample_median_scaled,True,0.00259881730636006,-0.2002135814468198,0.002014056924916533,0.30278988457937256,0.5084651932171205,0.8877046284592591,0.3765135737469785,,0.8031220183613016,0.9633991866838792
1161,glimepiride,Method 2,WIGIZIANZCJQQY-RUCARUNLSA-N,HMDB0014367,C07669,0.9757785467128027,False,all_pre_hcc,sample_median_scaled,True,-0.0036327609970662994,0.10667932004412807,0.005234339160392697,0.16158275508759407,0.509116020999222,0.08329857132475005,0.6793601598751974,,0.8031220183613016,0.7340158078639959
238,N-acetylglutamate,Method 4,RFMMMVDNIPUKGG-YFKPBYRVSA-N,HMDB0001138,C00624,0.0,True,all_pre_hcc,sample_median_scaled,True,0.0029027316014333597,-0.09644734318592006,0.004079361193095056,0.1462739105891206,0.5096638426871349,0.23968424966055368,0.7733915250434934,,0.8031220183613016,0.860649621473309
449,homostachydrine*,Method 1,XULZWQRXYTVUTE-ZETCQYMHSA-N,HMDB0033433,C08283,0.0,True,all_pre_hcc,sample_median_scaled,True,-0.008172971200398825,0.11195543752865615,0.0092854508802019,0.1703591896652687,0.5110697682355289,0.21892063296227493,0.5987105556476598,,0.8031220183613016,0.860649621473309
181,dihomo-linoleate (20:2n6),Method 3,XSXIVVZCUAHUJO-HZJYTTRNSA-N,HMDB0005060,C16525,0.0,True,all_pre_hcc,sample_median_scaled,True,-0.0013544405653240505,0.11513819969127416,0.007243117998661432,0.1752104012858116,0.5110892990058219,0.31375479670656015,0.42826791711155404,,0.8031220183613016,0.860649621473309
954,linoleoyl-docosahexaenoyl-glycerol (18:2/22:6) [1]*,Method 2,GPMAAGRGFWBOSO-KLJRXRINSA-N,HMDB0007266,,0.5847750865051903,False,all_pre_hcc,sample_median_scaled,True,0.007655574779958071,-0.23059309581715665,-0.024221076007249716,0.35136075292594626,0.5116402102491115,0.012107311220814022,0.47454883361123473,,0.8031220183613016,0.5189044350482741
1075,glutamine conjugate of C6H10O2 (2)*,Method 3,,,,0.0034602076124567475,True,all_pre_hcc,sample_median_scaled,True,-0.0012699828886342365,0.18762725046040532,-0.0012764360336528391,0.2861681859905633,0.5120469193892473,0.9317386733511808,0.4978620480845678,,0.8031220183613016,0.9733789425901396
16,linoleate (18:2n6),Method 3,OYHQOLUKZRVURQ-HZJYTTRNSA-N,"HMDB0006270,HMDB0000673",C01595,0.0,True,all_pre_hcc,sample_median_scaled,True,0.0012610441149888722,0.11195438831100743,0.006671900761997125,0.17093136881499482,0.5124890670560255,0.3384864378401474,0.44578297006407486,,0.8031220183613016,0.860649621473309
426,3-hydroxydodecanedioate*,Method 3,FYVQCLGZFXHEGL-UHFFFAOYSA-N,HMDB0000413,,0.08304498269896193,True,all_pre_hcc,sample_median_scaled,True,-0.0025008491425926476,0.22490478480988535,0.0028432785347053276,0.3435264773134266,0.5126646742145544,0.8560710975824479,0.40581244375100056,,0.8031220183613016,0.9583289995996135
21,N-formylmethionine,Method 3,PYUSHNKNPOHWEZ-UHFFFAOYSA-N,HMDB0001015,C03145,0.0,True,all_pre_hcc,sample_median_scaled,True,0.0013983508794334788,0.06868818697755141,-0.00430871414359864,0.10535080702927328,0.5144044741699989,0.42398229099741924,0.9488837107572271,,0.8031220183613016,0.8731385418330269
318,dodecanedioate (C12-DC),Method 3,TVIDDXQYHWJXFK-UHFFFAOYSA-N,HMDB0000623,C02678,0.0,True,all_pre_hcc,sample_median_scaled,True,-0.0011926605911817165,-0.130051369802977,0.009346964646184822,0.19989404417733525,0.5153037462605868,0.5222237038894171,0.5772912003631979,,0.8031220183613016,0.8895039981792914
459,docosapentaenoate (n6 DPA; 22:5n6),Method 3,AVKOENOBFIYBSA-WMPRHZDHSA-N,HMDB0001976,C16513,0.0328719723183391,True,all_pre_hcc,sample_median_scaled,True,-0.006417701404862636,0.1239544136276648,0.004591183479669383,0.19066443504708178,0.5156158931516266,0.4872456289088316,0.5511165745995472,,0.8031220183613016,0.8816380950693892
203,1-palmitoyl-2-linoleoyl-GPI (16:0/18:2),Method 2,BSNJSZUDOMPYIR-DMDPBSJXSA-N,HMDB0009784,,0.0,True,all_pre_hcc,sample_median_scaled,True,-0.0007625408462556074,-0.09516095929117055,0.0023374486827920076,0.1466717032166827,0.5164660785272266,0.7047615123882749,0.7366320294520621,,0.8031220183613016,0.9294235136125881
873,1-stearoyl-2-docosahexaenoyl-GPE (18:0/22:6)*,Method 2,XYYHNDVKALDFHQ-OXHZBIAZSA-N,HMDB0009012,,0.02422145328719723,True,all_pre_hcc,sample_median_scaled,True,0.003326384100606472,0.12754158757010345,-0.002381975110687294,0.1966104686281712,0.5165310661635265,0.5939790375562929,0.4450849872398674,,0.8031220183613016,0.8938105612988235
1026,cortolone glucuronide (1),Method 3,INMJYSGZRBTEOR-RXCXIKFNSA-N,,,0.04498269896193772,True,all_pre_hcc,sample_median_scaled,True,-0.011517354059401855,0.1470263874464088,0.011874747432515138,0.2266566083440461,0.5165487177053296,0.27587883227304133,0.6258562523449596,,0.8031220183613016,0.860649621473309
430,3-methylcytidine,Method 1,RDPUKVRQKWBSPK-ZOQUXTDFSA-N,HMDB0240577,,0.08131487889273356,True,all_pre_hcc,sample_median_scaled,True,-0.003103456051378337,-0.11609962200257508,0.002603501991931658,0.17902258299707055,0.5166490533167879,0.6699821773507854,0.5912356562693897,,0.8031220183613016,0.9201283614708384
1034,3-hydroxyoleoylcarnitine,Method 2,YBCVTTMMURGSEY-LMLDZDDJSA-N,,,0.01903114186851211,True,all_pre_hcc,sample_median_scaled,True,0.0025764443400965635,-0.15165527277309654,0.000353287443627884,0.23424351429005738,0.5173564629455796,0.9618833906577161,0.3732171454279883,,0.8031220183613016,0.9833324907594462
101,tryptophan,Method 1,QIVBCDIJIAJPQS-VIFPVBQESA-N,HMDB0000929,C00078,0.0,True,all_pre_hcc,sample_median_scaled,True,-0.0015632329932360653,0.05896183080057731,-0.0004208723741698827,0.09112406159517178,0.5175995359604135,0.9341014924687261,0.5027776188467119,,0.8031220183613016,0.9736742278639213
119,cotinine,Method 1,UIKROCXWUNQSPJ-VIFPVBQESA-N,HMDB0001046,,0.6903114186851211,False,all_pre_hcc,sample_median_scaled,True,0.003375206216267181,-0.5638251160327085,-0.008223811516629785,0.872007318336924,0.5179018573456016,0.28150241680563026,0.9201991257447315,,0.8031220183613016,0.860649621473309
1128,desmethylcitalopram*,Method 2,PTJADDMMFYXMMG-UHFFFAOYSA-N,HMDB0014021,C16608,0.9134948096885813,False,all_pre_hcc,sample_median_scaled,True,-0.0020250698576117737,-0.0996592954920189,0.0008065676050630525,0.15455911585302404,0.5190585732609527,0.8223895413772865,0.730985830459464,,0.8031220183613016,0.9456727998652892
371,10-heptadecenoate (17:1n7),Method 3,GDTXICBNEOEPAZ-FPLPWBNLSA-N,HMDB0060038,,0.0,True,all_pre_hcc,sample_median_scaled,True,4.829165181917113e-05,0.13104618014375702,0.012247099456603667,0.20378889331700617,0.5201925090324505,0.16690884349499657,0.3289003151565657,,0.8031220183613016,0.8236857835111566
273,ethacrynic acid,Method 3,AVOLMBLBETYQHX-UHFFFAOYSA-N,HMDB15039,D00313,0.9948096885813149,False,all_pre_hcc,sample_median_scaled,True,-0.000463686649763162,0.00016374454784735758,0.0004636866497631546,0.0002557885554705428,0.522071262963044,0.31143513148623814,0.5084661765312997,,0.8031220183613016,0.860649621473309
55,glycine,Method 1,DHMQDGOQFOQNFH-UHFFFAOYSA-N,HMDB0000123,C00037,0.0,True,all_pre_hcc,sample_median_scaled,True,-0.0017951929155719047,-0.05625620364627588,0.00487384247358569,0.0880320165914385,0.5227952570767886,0.2586467826885137,0.866242260094696,,0.8031220183613016,0.860649621473309
184,N1-methyladenosine,Method 1,GFYLSDSUCHVORB-IOSLPCCCSA-N,HMDB0003331,C02494,0.0,True,all_pre_hcc,sample_median_scaled,True,0.0011668339726608992,-0.029756860978873163,-0.00198073022707527,0.04659793083550043,0.5230912478445665,0.640671397330986,0.5327585849197012,,0.8031220183613016,0.9094394729837076
1037,N-stearoylserine*,Method 3,CLHUCXCVFSEJRR-UHFFFAOYSA-N,,,0.10899653979238755,True,all_pre_hcc,sample_median_scaled,True,-0.0034710129072696217,-0.1382946600971972,0.0010931889937645012,0.21701592384114268,0.5239582246480877,0.8920617581778438,0.4310024206949648,,0.8031220183613016,0.9633991866838792
1130,citalopram propionate*,Method 3,JSYNRZJODZWUKX-UHFFFAOYSA-N,HMDB60463,C16610,0.9134948096885813,False,all_pre_hcc,sample_median_scaled,True,-0.0018768170787267443,-0.12084210672636853,0.0012703071935434886,0.1897822772301788,0.5242937351407488,0.6734512492058431,0.8593128504069714,,0.8031220183613016,0.9221448686380037
575,alpha-CEHC,Method 3,AXODOWFEFKOVSH-UHFFFAOYSA-N,HMDB0001518,,0.6730103806228374,False,all_pre_hcc,sample_median_scaled,True,0.006568997972099705,-0.15683074332612634,0.0023630773778507974,0.24633733001377828,0.5243526315397458,0.8016850200483071,0.5990879170283002,,0.8031220183613016,0.9407865353739419
1078,fibrinopeptide A (5-16)*,Method 3,NFUNGJWOQYYPEX-UHFFFAOYSA-N,,,0.0034602076124567475,True,all_pre_hcc,sample_median_scaled,True,0.003837214269805488,0.10369422344592437,-0.003288406321971056,0.16312787811074025,0.5249966286425933,0.5865023430643457,0.6378844421595494,,0.8031220183613016,0.8918524885957959
133,heptanoate (7:0),Method 3,MNWFXJYAOYHMED-UHFFFAOYSA-N,HMDB0000666,C17714,0.0017301038062283738,True,all_pre_hcc,sample_median_scaled,True,-0.005048361427217711,0.09875094703266707,0.010710841703179813,0.15535958209468897,0.5250187195280864,0.14051338807409353,0.6937502852100447,,0.8031220183613016,0.7877306478292528
1010,eicosenoylcarnitine (C20:1)*,Method 2,PVOQPLSKYNZHOT-OUKQBFOZSA-N,,,0.0,True,all_pre_hcc,sample_median_scaled,True,0.0017701264167716054,-0.08498638040046498,0.003934119877155389,0.1341374401815419,0.5263569953521301,0.5292444120406817,0.5648617447596477,,0.8031220183613016,0.8895798552766429
5,5-hydroxyindoleacetate,Method 3,DUUGKQCEGZLZNO-UHFFFAOYSA-N,HMDB0000763,C05635,0.10207612456747404,True,all_pre_hcc,sample_median_scaled,True,0.000257794006606519,-0.1591277571639637,-0.004554198066175225,0.2512023131721855,0.5264303316930925,0.5177857666385302,0.540410327111249,,0.8031220183613016,0.8895039981792914
573,tridecenedioate (C13:1-DC)*,Method 3,LGDMAFABHAIORE-DUXPYHPUSA-N,,,0.0,True,all_pre_hcc,sample_median_scaled,True,-0.0012761723095819591,0.10708664143456618,0.0040821666543488485,0.16991062368058574,0.5285292177964107,0.43755964347186704,0.6534421922479485,,0.8031220183613016,0.8731385418330269
243,glycodeoxycholate,Method 2,WVULKSPCQVQLCU-BUXLTGKBSA-N,HMDB00631,C05464,0.4913494809688581,False,all_pre_hcc,sample_median_scaled,True,0.012796741171169582,-0.33617484622316157,0.0020336678570206266,0.5341405872364465,0.5291034410881985,0.9116078796943619,0.7407155581026389,,0.8031220183613016,0.966622016827071
382,gamma-glutamylthreonine,Method 1,GWNXFCYUJXASDX-JUZNGCLZSA-N,HMDB0029159,,0.0,True,all_pre_hcc,sample_median_scaled,True,-0.001415994835997702,-0.07581666117769675,0.004722026135970447,0.12060040386975329,0.5295716092618257,0.5643543143117344,0.7816053834010924,,0.8031220183613016,0.8918524885957959
22,S-adenosylhomocysteine (SAH),Method 3,ZJUKTBDSGOFHSH-UHFFFAOYSA-N,HMDB0000939,C00021,0.04671280276816609,True,all_pre_hcc,sample_median_scaled,True,-0.0011879604084869023,0.12041648624190675,0.0017144105273830487,0.19159732121926293,0.529684752970482,0.8250101566900292,0.6633034828895793,,0.8031220183613016,0.9470189726160335
413,N6-carbamoylthreonyladenosine,Method 3,UNUYMBPXEFMLNW-HZPYULPISA-N,HMDB0041623,,0.0017301038062283738,True,all_pre_hcc,sample_median_scaled,True,-0.00015109152991863074,0.09398086206249176,-0.002868008950178251,0.1499423363934825,0.530803435774884,0.6125060236470161,0.7500830413477909,,0.8031220183613016,0.9004332429968435
84,proline,Method 1,ONIBWKKTOPOVIA-UHFFFAOYSA-N,"HMDB0000162,HMDB0003411","C00148,C000763",0.0,True,all_pre_hcc,sample_median_scaled,True,-0.0005547083073108747,-0.055277827469093654,0.005891198296399021,0.0882083254268583,0.5308732227179316,0.11937435090709637,0.9191827863802712,,0.8031220183613016,0.7740872857790064
157,methyl indole-3-acetate,Method 1,KTHADMDGDNYQRX-UHFFFAOYSA-N,HMDB0029738,,0.01384083044982699,True,all_pre_hcc,sample_median_scaled,True,0.0006360013565163324,-0.10834733261508789,-0.0003630078229596633,0.17315090223396906,0.5314859201341757,0.9530834328043707,0.37374036999423055,,0.8031220183613016,0.9803589194340951
632,S-methylcysteine sulfoxide,Method 1,ZZLHPCSGGOGHFW-UHFFFAOYSA-N,HMDB0029432,,0.0,True,all_pre_hcc,sample_median_scaled,True,-0.0001438701119301821,-0.09197813318095871,-0.0024923331640482275,0.14731640655470632,0.5323926964368867,0.7032629400290906,0.3295837706512473,,0.8031220183613016,0.9294235136125881
269,1-methylguanidine,Method 1,CHJJGSNFBQVOTG-UHFFFAOYSA-N,HMDB0001522,C02294,0.8114186851211073,False,all_pre_hcc,sample_median_scaled,True,0.0009595974381335834,-0.15720433000732306,-0.0048179792413118126,0.2519971691226603,0.5327367958626641,0.6026740379141184,0.3541349823448291,,0.8031220183613016,0.894287470086215
213,metoprolol,Method 1,IUBSYMUCCVWXPE-UHFFFAOYSA-N,HMDB0001932,D02358,0.9273356401384083,False,all_pre_hcc,sample_median_scaled,True,0.0009686620243044217,0.16173146053523996,-0.009985928786735702,0.2596828416546044,0.5334134609955468,0.5829620588598716,0.6596030305592981,,0.8031220183613016,0.8918524885957959
301,threonate,Method 4,JPIJQSOTBSSVTP-UHFFFAOYSA-N,"HMDB0062620,HMDB0000943",C01620,0.0,True,all_pre_hcc,sample_median_scaled,True,0.004132522806335171,0.09983651367778121,-0.0009183728836895072,0.16042745974058142,0.533734353842414,0.8742363556339162,0.4018057263024802,,0.8031220183613016,0.9633991866838792
149,N-acetylleucine,Method 3,WXNXCEHXYPACJF-ZETCQYMHSA-N,HMDB0011756,C02710,0.012110726643598616,True,all_pre_hcc,sample_median_scaled,True,-4.72873340075303e-05,-0.09779441735800294,-0.004777448992579791,0.15719752208384424,0.5338684235729656,0.6200181743562516,0.7195238903896993,,0.8031220183613016,0.9087335307510879
770,"N,O-didesmethylvenlafaxine glucuronide",Method 1,UDNAJOOLWIWCAW-SQBZNDFJSA-N,HMDB0061167,,0.9965397923875432,False,all_pre_hcc,sample_median_scaled,True,0.0006902215360315307,-0.012490792736493186,-0.0011975084856739708,0.020092472187649493,0.5341619735995674,0.20736710737534425,-7.972580567232112e-05,,0.8031220183613016,0.860649621473309
777,3-hydroxypyridine sulfate,Method 3,BDERIBJTVYFANV-UHFFFAOYSA-N,,,0.006920415224913495,True,all_pre_hcc,sample_median_scaled,True,0.004266456642221091,-0.2803764195615838,-0.004221932713671584,0.4517823713749706,0.5348624319560658,0.8957730384825099,0.5058747342122635,,0.8031220183613016,0.9633991866838792
1000,"sphingomyelin (d18:1/25:0, d19:0/24:1, d20:1/23:0, d19:1/24:0)*",Method 2,JONXXLXMISNQNG-BXMSAMRLSA-N,"HMDB0240675,HMDB0240674,HMDB0240673,HMDB0240671",,0.00865051903114187,True,all_pre_hcc,sample_median_scaled,True,-0.000307443120558256,-0.10205739282168429,-0.00815451571704365,0.16454048520020848,0.5350885794889224,0.28155890307707465,0.6209073399307867,,0.8031220183613016,0.860649621473309
1004,behenoylcarnitine (C22)*,Method 2,IUMXSSOVGPXXJL-UHFFFAOYSA-N,HMDB0062468,,0.1384083044982699,True,all_pre_hcc,sample_median_scaled,True,-0.001316938358105133,-0.14660318380502563,-0.007930429723116021,0.23667106371702318,0.5356274828339682,0.5060741247723379,0.5137778583734626,,0.8031220183613016,0.8893341354983254
870,1-palmitoyl-2-dihomo-linolenoyl-GPC (16:0/20:3n3 or 6)*,Method 2,SRIGHEHXEGELQJ-YYQUKWHJSA-N,,,0.0034602076124567475,True,all_pre_hcc,sample_median_scaled,True,-0.0003390894304571381,-0.04112159381339566,0.003042173353400726,0.06678644832618164,0.5380808981493057,0.3719758845673694,0.7148119675969415,,0.8048021467157407,0.8622171838252481
386,fibrinopeptide A*,Method 3,JWICNZAGYSIBAR-UHFFFAOYSA-N,,,0.2179930795847751,False,all_pre_hcc,sample_median_scaled,True,0.0015397400649009353,0.20850474934704752,-0.011142049544115571,0.3390125825195534,0.538531322805324,0.34161189349868226,0.5048286664953405,,0.8048021467157407,0.860649621473309
988,1-cerotoyl-GPC (26:0)*,Method 2,WSDKRPCAPHRNNZ-MGBGTMOVSA-N,HMDB29205,,0.38235294117647056,False,all_pre_hcc,sample_median_scaled,True,-0.006221596489565547,-0.13301197968497694,-0.006332485021224001,0.21638518284667,0.5387528360559835,0.5878987825394668,0.4318278850966617,,0.8048021467157407,0.8918524885957959
95,uridine,Method 3,DRTQHJPVMGBUCF-UHFFFAOYSA-N,HMDB0000296,C00299,0.0,True,all_pre_hcc,sample_median_scaled,True,-0.0008531437626300047,0.06261325803730235,-0.001849669334128777,0.10223763949643343,0.5402542008938884,0.5616820210311617,0.775550102821113,,0.8048021467157407,0.8918524885957959
276,palmitoylcarnitine (C16),Method 2,XOMRRQXKHMYMOC-UHFFFAOYSA-N,HMDB0000222,C02990,0.0,True,all_pre_hcc,sample_median_scaled,True,0.00010019675950423633,-0.07013153635694692,0.0016665223043029359,0.11457348435212986,0.5404652078334,0.603097784335113,0.7695195968143743,,0.8048021467157407,0.894287470086215
161,vanillylmandelate (VMA),Method 3,CGQCWMIAEPEHNQ-UHFFFAOYSA-N,HMDB0000291,C05584,0.006920415224913495,True,all_pre_hcc,sample_median_scaled,True,0.0036600710782052266,-0.09963351912537316,-0.005135692354581932,0.162819466317139,0.5405864975952313,0.44864122539786533,0.7500523820941428,,0.8048021467157407,0.8731385418330269
1135,ranitidine N-oxide*,Method 1,DFJVUWAHTQPQCV-MDWZMJQESA-N,,,0.9844290657439446,False,all_pre_hcc,sample_median_scaled,True,0.002133530741617543,0.10925232444928389,-0.006800364096139672,0.17884075013648704,0.5412713001081753,0.5608565042692747,0.13914183502856792,,0.8048691436596743,0.8918524885957959
408,indolebutyrate,Method 3,JTEDVYBZBROSJT-UHFFFAOYSA-N,HMDB0002096,C11284,0.1314878892733564,True,all_pre_hcc,sample_median_scaled,True,-0.009612010787044354,-0.21180472953578622,-0.008527460927218433,0.34890294203945577,0.5438116469361349,0.6265887054392054,0.6821257653321116,,0.8076919148118745,0.9094394729837076
99,glutamine,Method 1,ZDXPYRJPNDTMRX-VKHMYHEASA-N,HMDB0000641,C00064,0.0,True,all_pre_hcc,sample_median_scaled,True,0.00012971939564478918,0.039653161794549925,-0.0008668740200186537,0.06550029050134011,0.5449204929945748,0.72817617554517,0.7202655467829526,,0.8083648968883113,0.932629781173574
70,malate,Method 3,BJEPYKJPYRNKOW-UHFFFAOYSA-N,"HMDB0031518,HMDB0000156,HMDB0000744","C00149,C00711,C00497",0.0,True,all_pre_hcc,sample_median_scaled,True,-0.0014509527014071523,0.0704163818733356,0.004147487270861878,0.11681680778715788,0.5466462454163974,0.3925229127532943,0.5676179614405321,,0.8083648968883113,0.8674430787831605
704,zolpidem,Method 1,ZAFYATHCZYHLPB-UHFFFAOYSA-N,HMDB0005023,C07219,0.967128027681661,False,all_pre_hcc,sample_median_scaled,True,-0.0009735601037644149,0.09625357662267177,-0.014503949288737019,0.1597153283594097,0.5467368261888315,0.31848223917993856,0.49284499620614486,,0.8083648968883113,0.860649621473309
880,1-(1-enyl-palmitoyl)-2-oleoyl-GPC (P-16:0/18:1)*,Method 2,CRBBMHQTIAELIS-KQBBALDBSA-N,HMDB0007996,,0.0,True,all_pre_hcc,sample_median_scaled,True,-0.0009896760190568773,-0.04631203651312583,0.004643935279715991,0.07702543586860931,0.5476692224380761,0.2903365924720468,0.7583855794868174,,0.8083648968883113,0.860649621473309
364,myristoylcarnitine (C14),Method 2,PSHXNVGSVNEJBD-UHFFFAOYSA-N,HMDB0005066,,0.0,True,all_pre_hcc,sample_median_scaled,True,-8.692691066287417e-05,-0.08031521807057487,0.006615014496691286,0.1337071497606851,0.5480531058804516,0.29261154490267627,0.7295356805980225,,0.8083648968883113,0.860649621473309
887,lactosyl-N-palmitoyl-sphingosine (d18:1/16:0),Method 2,HLIJNIKSBCIDGO-QKLMXXKVSA-N,HMDB0006750,,0.0,True,all_pre_hcc,sample_median_scaled,True,-0.004886989920352564,0.05362797124123131,0.005260502387310878,0.08939981795069155,0.5485950956193655,0.12092360720502597,0.7382296279421942,,0.8083648968883113,0.7783007819946106
817,"1,2,3-benzenetriol sulfate (2)",Method 3,NGVLEQPKHLWZLN-UHFFFAOYSA-N,"HMDB0060018,HMDB0060016",,0.006920415224913495,True,all_pre_hcc,sample_median_scaled,True,0.0020517807669507633,-0.18509377907359092,0.00539968262026492,0.30868768126991114,0.5487628155346723,0.8194837448607788,0.25754933125047746,,0.8083648968883113,0.9449225948990465
374,N-acetylhistidine,Method 3,KBOJOGQFRVVWBH-ZETCQYMHSA-N,HMDB0032055,C02997,0.00865051903114187,True,all_pre_hcc,sample_median_scaled,True,0.0011504435614143626,-0.13197047256753378,-0.012287611823560444,0.22298780839602325,0.5539656395325606,0.17604581961376542,0.7426801670912794,,0.8150745900958611,0.8345004227693749
98,glutamate,Method 1,WHUUTDBJXJRKMK-VKHMYHEASA-N,HMDB0000148,"C00025,C00217",0.0,True,all_pre_hcc,sample_median_scaled,True,0.0002569088824208623,-0.06887059119578291,-0.0009864804024793145,0.11733840677284121,0.5572440800778355,0.8816506058910574,0.5485430797907691,,0.8189404821704639,0.9633991866838792
604,norcotinine,Method 1,FXFANIORDKRCCA-UHFFFAOYSA-N,HMDB0001297,,0.8339100346020761,False,all_pre_hcc,sample_median_scaled,True,0.0028563912143972324,-0.12504337297451443,-0.0011977478346285523,0.2138054872904041,0.5586509910440911,0.6434729878233467,1.0146553416225466,,0.8200501128745235,0.909976024067088
550,"androstenediol (3alpha, 17alpha) monosulfate (2)",Method 3,VPDALJSLCNNODJ-BVKUPEMCSA-N,,,0.02249134948096886,True,all_pre_hcc,sample_median_scaled,True,-0.009822668468527168,0.12116845764200831,0.004590423369574224,0.20757700797158182,0.5594035012111553,0.47480304946780927,0.9240830029357684,,0.8200594313275437,0.8816380950693892
436,oleoylcarnitine (C18:1),Method 2,IPOLTUVFXFHAHI-WHIOSMTNSA-N,HMDB0005065,,0.0,True,all_pre_hcc,sample_median_scaled,True,0.0003521212833627643,-0.06864312661796752,0.005174076284778452,0.11776155217101092,0.5599610902308109,0.16576294071116138,0.624629970361589,,0.8200594313275437,0.8236857835111566
1029,THC carboxylic acid,Method 3,YOVRGSHRZRJTLZ-UHFFFAOYSA-N,,,0.9498269896193772,False,all_pre_hcc,sample_median_scaled,True,0.0015155745501069424,0.13657829856104525,0.006546663658214563,0.23594262899986032,0.5626820738455371,0.3445809172620937,0.4360397688815441,,0.8212703839251211,0.860649621473309
1068,resveratrol sulfate (1)*,Method 3,KOTTWDFKZULRPN-OWOJBTEDSA-N,,,0.9740484429065744,False,all_pre_hcc,sample_median_scaled,True,-0.0010455295482869268,0.03971347069084297,-0.003829475971439355,0.06864889905091544,0.56292578538489,0.5400606846648498,0.24994397723519748,,0.8212703839251211,0.8918524885957959
1197,pregnenetriol disulfate*,Method 3,KANYWSIUKWPEOE-HXOPQMAFSA-N,,,0.0,True,all_pre_hcc,sample_median_scaled,True,-0.002066503143896148,-0.16116882430964863,0.005044913297190186,0.27860802967751847,0.562940941150265,0.7011433895471912,0.8627749681571641,,0.8212703839251211,0.9294235136125881
103,glucose,Method 4,WQZGKKKJIJFFOK-DVKNGEFBSA-N,HMDB0000122,C00031,0.0,True,all_pre_hcc,sample_median_scaled,True,-0.0007557933261643042,0.11898417165787725,0.0075665315630822705,0.20623575029569075,0.5639848429972285,0.3567495736400953,0.9855744351456495,,0.8212703839251211,0.860649621473309
909,1-(1-enyl-stearoyl)-2-linoleoyl-GPE (P-18:0/18:2)*,Method 2,XVXISDREVDGQPX-PISDLAQISA-N,HMDB0011376,,0.0,True,all_pre_hcc,sample_median_scaled,True,-0.0015479080878651502,0.06711661926410228,0.0014959704184528346,0.11645658450514436,0.5643968149980687,0.8402544558105668,0.6829415025548344,,0.8212703839251211,0.9525665263995654
722,"sphingomyelin (d18:1/14:0, d16:1/16:0)*",Method 2,KYICBZWZQPCUMO-PSALXKTOSA-N,HMDB0012097,,0.0,True,all_pre_hcc,sample_median_scaled,True,-0.0009041158794294953,-0.05108423334189402,0.00022837746544693695,0.08870836788737298,0.5647049937163988,0.9639835013440955,0.7790972264981862,,0.8212703839251211,0.9837697399128694
904,1-stearoyl-2-oleoyl-GPI (18:0/18:1)*,Method 2,YOBFISPJJWPPTK-BAAZTTAESA-N,HMDB0240667,,0.0,True,all_pre_hcc,sample_median_scaled,True,-0.0009213363785242918,0.09929157957743662,0.003922840350385294,0.17355514994827517,0.5672515815736292,0.6361780372834811,0.591626525276332,,0.8220327814073592,0.9094394729837076
304,indoleacetate,Method 3,SEOVTRFCIGRIMH-UHFFFAOYSA-N,HMDB0000197,C00954,0.0,True,all_pre_hcc,sample_median_scaled,True,0.0015366891742351991,-0.0827259765277283,-0.006254263708700543,0.14491732966258086,0.5681017058983724,0.3913792014936386,0.5586316184921002,,0.8220327814073592,0.8674430787831605
1077,dihydroferulic acid sulfate,Method 3,UMCDODPBPQMWQP-UHFFFAOYSA-N,HMDB0041724,,0.3685121107266436,False,all_pre_hcc,sample_median_scaled,True,0.012996697232932971,0.24160620916709696,-0.00889935527405105,0.42401271193441314,0.5688073309520443,0.6325845245984063,0.5549268686956825,,0.8220327814073592,0.9094394729837076
65,3-sulfo-alanine,Method 4,XVOYSCVBGLVSOL-UHFFFAOYSA-N,HMDB0002757,C00506,0.05190311418685121,True,all_pre_hcc,sample_median_scaled,True,-0.006015883630464162,0.17424824732571464,-0.011200842661513976,0.3060140627340639,0.569076202985888,0.471481272300287,0.6856154109998599,,0.8220327814073592,0.8816380950693892
480,3-(2-hydroxyphenyl)propionate,Method 3,CJBDUOMQLFKVQC-UHFFFAOYSA-N,HMDB0033752,C01198,0.8581314878892734,False,all_pre_hcc,sample_median_scaled,True,0.0017300579968927837,0.11530991992779305,0.0012246340691194364,0.20277606334001796,0.569589295718407,0.891653386891544,0.2210928861758784,,0.8220327814073592,0.9633991866838792
155,guanosine,Method 3,NYHBQMYGNKIUIF-UUOKFMHZSA-N,HMDB0000133,C00387,0.02768166089965398,True,all_pre_hcc,sample_median_scaled,True,0.004754702287466145,0.13952329946417152,0.012286131488973905,0.2454863347867564,0.5697941786001632,0.273554025723287,0.5068475615436007,,0.8220327814073592,0.860649621473309
131,N-stearoyl-sphinganine (d18:0/18:0)*,Method 2,KZTJQXAANJHSCE-OIDHKYIRSA-N,HMDB0011761,,0.039792387543252594,True,all_pre_hcc,sample_median_scaled,True,0.0001595360308065659,-0.11537337185525552,-0.0074258372128099895,0.20300020024140766,0.5698033270168659,0.3119395507397441,0.7290826227462778,,0.8220327814073592,0.860649621473309
20,N-acetylputrescine,Method 1,KLZGKIDSEJWEDW-UHFFFAOYSA-N,HMDB0002064,C02714,0.0,True,all_pre_hcc,sample_median_scaled,True,-0.0019622474192310677,-0.04864817959482838,-0.0044674672313980805,0.08589876601539337,0.5711605179836774,0.500429750565681,0.5258774847054989,,0.8230468861666279,0.8880490020771443
536,glycocholenate sulfate*,Method 3,HCXZDHWUVRQLGC-UHFFFAOYSA-N,,,0.0,True,all_pre_hcc,sample_median_scaled,True,-0.00219738641858627,-0.08366004144491297,-0.00487300865101327,0.14888497554719549,0.5741769518213993,0.42936166068722426,0.7185945631440137,,0.8264469169237074,0.8731385418330269
146,phosphoethanolamine,Method 1,SUHOOTKUPISOBE-UHFFFAOYSA-N,HMDB0000224,C00346,0.03633217993079585,True,all_pre_hcc,sample_median_scaled,True,-0.002067473087844491,-0.09910009352033779,0.007235015312022793,0.17694104460645957,0.5754289065182658,0.3986398555278854,0.6401470363469104,,0.8267992784716887,0.8674430787831605
676,mannonate*,Method 4,RGHNJXZEOKUKBD-MBMOQRBOSA-N,,,0.0,True,all_pre_hcc,sample_median_scaled,True,0.0015483809639190063,0.08541426991235565,-0.002512950761147914,0.15262807725171704,0.5757362225287752,0.6669560982132161,0.8998143595275171,,0.8267992784716887,0.9184728843022074
74,nicotinamide,Method 1,DFPAKSUCGFBDDF-UHFFFAOYSA-N,HMDB0001406,C00153,0.0,True,all_pre_hcc,sample_median_scaled,True,0.007067593215303791,-0.07351251672633828,-0.023899712746782868,0.13260860169537836,0.5793344958466353,0.0008272778084336933,0.44482521304276396,,0.8310027169232134,0.1295718390655658
310,7-ketodeoxycholate,Method 3,RHCPKKNRWFXMAT-RRWYKFPJSA-N,HMDB0000391,,0.3408304498269896,False,all_pre_hcc,sample_median_scaled,True,-0.002634339353652844,0.22420691472331797,0.032485229631076654,0.4051389201138915,0.5799844081546752,0.02769171261107011,0.42883291396408857,,0.8310027169232134,0.5870510593110491
654,carboxyethyl-GABA,Method 1,SRGQUICKDUQCKO-UHFFFAOYSA-N,HMDB0002201,,0.015570934256055362,True,all_pre_hcc,sample_median_scaled,True,-0.0001526685775113169,-0.0813909041440781,-0.009810131697493061,0.14742757737458373,0.5808977855987114,0.5149944785551503,0.6408140243824837,,0.8313645213688043,0.8895039981792914
871,1-palmitoyl-2-arachidonoyl-GPE (16:0/20:4)*,Method 2,DRIVXEVMDWCWLI-CAQMIEAISA-N,HMDB0005323,C05210,0.0,True,all_pre_hcc,sample_median_scaled,True,0.004149913960976625,-0.07226920641022666,0.0023481910575358354,0.13161640429383237,0.5829439222747601,0.7165871677469849,0.7559705703967237,,0.8328734869917466,0.9294235136125881
1001,"sphingomyelin (d17:2/16:0, d18:2/15:0)*",Method 2,YHBBZTIPONDTRX-TVUHHANTSA-N,HMDB0240677,,0.010380622837370242,True,all_pre_hcc,sample_median_scaled,True,0.0018167094709471132,-0.08540078025504602,0.001724278896870876,0.1556688599012457,0.5832762655323758,0.7987011635387282,0.583460875594777,,0.8328734869917466,0.9407865353739419
339,docosatrienoate (22:3n3),Method 3,WBBQTNCISCKUMU-IUQGRGSQSA-N,HMDB0002823,C16534,0.09688581314878893,True,all_pre_hcc,sample_median_scaled,True,-0.001412401394428976,-0.19538151312070284,0.00402784119147081,0.35732231902862255,0.584520625216048,0.7649048205388771,0.2676895759583577,,0.8330591155130036,0.9369525455091601
112,malonate,Method 4,OFOBLEOULBTSOW-UHFFFAOYSA-N,HMDB0000691,C00383,0.012110726643598616,True,all_pre_hcc,sample_median_scaled,True,0.0015603381010241178,-0.15675576912643796,0.03712803605686418,0.2870517812936567,0.5850048830198504,0.027099793612147628,0.6756078160946434,,0.8330591155130036,0.5870510593110491
272,2-hydroxyoctanoate,Method 3,JKRDADVRIYVCCY-UHFFFAOYSA-N,HMDB0002264,,0.0,True,all_pre_hcc,sample_median_scaled,True,0.003028821821764949,-0.08726416773039367,-0.004925047904214238,0.16034715504822922,0.5862899231650447,0.5132378361436951,0.6576492654776861,,0.8330591155130036,0.8895039981792914
495,dihomo-linolenate (20:3n3 or n6),Method 3,AHANXAKGNAKFSK-PDBXOOCHSA-N,HMDB0002925,C03242,0.0,True,all_pre_hcc,sample_median_scaled,True,-0.0006927080291799406,0.07289427477777051,0.004453577329569988,0.13417652968655483,0.5869429340833276,0.45322692195307357,0.4660000048471871,,0.8330591155130036,0.8731385418330269
938,4-acetamidobenzoate,Method 3,QCXJEYYXVJIFCE-UHFFFAOYSA-N,,D03836,0.8356401384083045,False,all_pre_hcc,sample_median_scaled,True,0.0005651183911955986,-0.14927597574442786,0.00063963710315211,0.2754614002891398,0.5878787860565255,0.9557688821003388,0.21485379289206566,,0.8330591155130036,0.9815161254548785
809,"sphingomyelin (d17:1/16:0, d18:1/15:0, d16:1/17:0)*",Method 2,LQINJRUGTUOHGS-YPDYIYJKSA-N,"HMDB0240617,HMDB0240608",,0.0,True,all_pre_hcc,sample_median_scaled,True,8.067966801239717e-05,-0.05156126610473981,-0.0020691141319232782,0.09516437046719124,0.5879475300004366,0.652058877868869,0.7709645131137974,,0.8330591155130036,0.9121232649974909
686,doxylamine,Method 1,HCFDWZZGGLSKEP-UHFFFAOYSA-N,HMDB0001936,D07878,0.9809688581314879,False,all_pre_hcc,sample_median_scaled,True,-0.0006611084481838261,0.07743270266595918,0.0008308381014608772,0.14295021973204822,0.5880417285974143,0.2899621139643316,0.949036571130429,,0.8330591155130036,0.860649621473309
999,sphingomyelin (d18:2/23:1)*,Method 2,FEKSRDMVIULIDJ-SQPFVDNVSA-N,HMDB0240668,,0.0,True,all_pre_hcc,sample_median_scaled,True,7.074331484460946e-05,-0.054819768011754005,0.0012993789548781433,0.10220201945553987,0.591691564359272,0.7701654436731865,0.6500433320967698,,0.8358857600046852,0.9384983717527862
188,12-HHTrE,Method 3,KUKJHGXXZWHSBG-WBGSEQOASA-N,HMDB0012535,C20388,0.3494809688581315,False,all_pre_hcc,sample_median_scaled,True,-0.010244483751962009,-0.2020634394304787,-0.00739187509613045,0.3771727807149937,0.5921439469706751,0.7127616093222093,0.32415204189151775,,0.8358857600046852,0.9294235136125881
786,4-vinylguaiacol sulfate,Method 3,FKCHAXAGQVCJPN-UHFFFAOYSA-N,HMDB0127980,,0.1695501730103806,True,all_pre_hcc,sample_median_scaled,True,0.0049274236089164435,-0.2416978731590676,-0.011067899783237042,0.45129220583235113,0.5922568293385214,0.5719356342542294,0.45941637831012944,,0.8358857600046852,0.8918524885957959
284,tartronate (hydroxymalonate),Method 3,ROBFUDYVXSDBQM-UHFFFAOYSA-N,HMDB0035227,C02287,0.0017301038062283738,True,all_pre_hcc,sample_median_scaled,True,-0.0006355066550133432,-0.096664627951262,0.00479266448592113,0.180703515089707,0.5926948314182664,0.43292166021877976,0.6125291300306294,,0.8358857600046852,0.8731385418330269
325,threonylphenylalanine,Method 3,IQHUITKNHOKGFC-CSUXEGHOSA-N,HMDB0029068,,0.06055363321799308,True,all_pre_hcc,sample_median_scaled,True,-0.005478013083112644,0.15131349383339593,-0.0009782880583114985,0.2839517284217449,0.5941134890808317,0.9503284144043884,0.3653391752897627,,0.8369482298585512,0.9803589194340951
703,O-desmethylvenlafaxine,Method 1,KYYIDSXMWOZKMP-UHFFFAOYSA-N,HMDB0015646,D07793,0.9930795847750865,False,all_pre_hcc,sample_median_scaled,True,0.0005821842426837515,0.021877636744901164,-0.0040869364566368735,0.041157240178177484,0.595029190113247,0.3305800923019324,0.09300291303893704,,0.8370162637343546,0.860649621473309
469,cholesterol sulfate,Method 4,BHYOQNUELFTYRT-UHFFFAOYSA-N,HMDB00653,C18043,0.0,True,all_pre_hcc,sample_median_scaled,True,-0.004230766831351124,0.07274121671311176,0.0062811206339235945,0.13732110197004369,0.5963086919773548,0.3253856745827096,0.8044359075691654,,0.8370162637343546,0.860649621473309
822,tramadol,Method 1,TVYLLZQTGLZFBW-ZBFHGGJFSA-N,HMDB0014339,C07153,0.8875432525951558,False,all_pre_hcc,sample_median_scaled,True,-0.004148268189049071,0.23153885223104761,0.011646715701766952,0.4383145316939791,0.5973270953165439,0.30940336683857417,0.6032781504248682,,0.8370162637343546,0.860649621473309
533,beta-cryptoxanthin,Method 2,DMASLKHVQRHNES-QQGJMDNJSA-N,HMDB0033844,C08591,0.01903114186851211,True,all_pre_hcc,sample_median_scaled,True,-0.007918270585173026,0.16945955094408202,-0.009177327070391721,0.3210710575444565,0.5976419475632436,0.5665698946014464,0.8305860818629067,,0.8370162637343546,0.8918524885957959
477,1-myristoylglycerol (14:0),Method 3,DCBSHORRWZKAKO-UHFFFAOYSA-N,HMDB0011561,C01885,0.039792387543252594,True,all_pre_hcc,sample_median_scaled,True,0.008535404304042964,0.13404459901141658,-0.003307829175629446,0.25409621684503436,0.5978222509905948,0.7100576478676198,0.27087403911113206,,0.8370162637343546,0.9294235136125881
317,trigonelline (N'-methylnicotinate),Method 1,WWNNZCOKKKDOPX-UHFFFAOYSA-N,HMDB0000875,C01004,0.0,True,all_pre_hcc,sample_median_scaled,True,0.005876999562543038,-0.1487422816633653,-0.009037689256049556,0.2822128219511701,0.5981539118419592,0.7166904467256796,0.33802723436696275,,0.8370162637343546,0.9294235136125881
223,phenylacetate,Method 3,WLJVXDMOQOGPHL-UHFFFAOYSA-N,HMDB0000209,C07086,0.02768166089965398,True,all_pre_hcc,sample_median_scaled,True,0.00014594324522260063,0.1357566288035597,-0.02037029551426144,0.258390302885356,0.5993095549569054,0.1226442256433747,0.6527568090032878,,0.8377015779286522,0.7802615335128658
42,cortisone,Method 3,MFYSYFVPBJMHGN-ZPOLXVRWSA-N,HMDB0002802,C00762,0.010380622837370242,True,all_pre_hcc,sample_median_scaled,True,-0.005931620620796083,0.1125247931056578,0.022930147121590107,0.21485262744143846,0.6004662606656592,0.015813379274353466,0.7415137480565072,,0.8381358460940233,0.5870510593110491
648,leucylalanine,Method 1,HSQGMTRYSIHDAC-UHFFFAOYSA-N,HMDB0028922,,0.01730103806228374,True,all_pre_hcc,sample_median_scaled,True,-0.012761731273685392,0.11313184857413311,0.002011292231951874,0.21630049389411662,0.6009527290753649,0.8675392709235015,0.35355847573538873,,0.8381358460940233,0.9633991866838792
1100,N-acetyl-isoputreanine,Method 1,YGIAGXACEXFIDU-UHFFFAOYSA-N,,,0.0,True,all_pre_hcc,sample_median_scaled,True,-0.003587055359855179,0.06471516704081756,-0.002139094848085864,0.12464086042885555,0.6036121475165452,0.7234572181144825,0.6514830640007022,,0.8398036526685231,0.9315455504233345
794,propyl 4-hydroxybenzoate,Method 3,QELSKZZBTMNZEB-UHFFFAOYSA-N,HMDB0032574,D01422,0.903114186851211,False,all_pre_hcc,sample_median_scaled,True,-0.010846765737848959,0.1626751633059434,0.017268338127699383,0.3137111902924465,0.6040740825719344,0.4645874288634738,0.16537490080488418,,0.8398036526685231,0.8816380950693892
308,butyrylcarnitine (C4),Method 1,QWYFHHGCZUCMBN-SECBINFHSA-N,HMDB0002013,C02862,0.0034602076124567475,True,all_pre_hcc,sample_median_scaled,True,0.0002216066870107224,0.07142021120121282,0.0013490016325046143,0.13833938396564754,0.6056671714642301,0.7371802839701769,0.848085858621119,,0.8398036526685231,0.932629781173574
600,4-hydroxyglutamate,Method 1,HBDWQSHEVMSFGY-SCQFTWEKSA-N,HMDB0001344,C03079,0.08650519031141868,True,all_pre_hcc,sample_median_scaled,True,-0.008798121466383767,-0.13880036224493808,0.022869269347369207,0.26885567414832884,0.6056704088484588,0.0008444157499402214,0.5911921107630891,,0.8398036526685231,0.1295718390655658
370,10-nonadecenoate (19:1n9),Method 3,BBOWBNGUEWHNQZ-KTKRTIGZSA-N,HMDB0013622,,0.0,True,all_pre_hcc,sample_median_scaled,True,0.00014081452238679646,0.09582851251667338,0.007002130687313405,0.1856675792624039,0.6057639742487456,0.39110831280386305,0.3443716638317819,,0.8398036526685231,0.8674430787831605
711,furosemide,Method 3,ZZUFCTLCJUWOSV-UHFFFAOYSA-N,HMDB0001933,D00331,0.6314878892733564,False,all_pre_hcc,sample_median_scaled,True,-0.020018377529380522,-0.19834510180615447,-0.011965291850108936,0.3847094910343559,0.6061539877766446,0.48099481386052256,0.6388149251680287,,0.8398036526685231,0.8816380950693892
96,2'-deoxyuridine,Method 3,MXHRCPNRJAMMIM-UHFFFAOYSA-N,HMDB0000012,C00526,0.02422145328719723,True,all_pre_hcc,sample_median_scaled,True,0.0008579383846703333,-0.08700820379474448,0.002122052510200554,0.1698730964080644,0.6085143230184658,0.5882495270801824,0.7838981040555746,,0.8414293987502317,0.8918524885957959
879,1-(1-enyl-palmitoyl)-2-oleoyl-GPE (P-16:0/18:1)*,Method 2,ZVVYJAAMWXATNY-PRWZWGSOSA-N,HMDB0011342,,0.005190311418685121,True,all_pre_hcc,sample_median_scaled,True,0.0010257480235558263,0.052238313984513673,0.0061562901911490844,0.10203198202140679,0.6086651453598655,0.2895328339283746,0.6946248130873763,,0.8414293987502317,0.860649621473309
375,gamma-glutamylglycine,Method 1,ACIJGUBIMXQCMF-BYPYZUCNSA-N,HMDB0011667,,0.0,True,all_pre_hcc,sample_median_scaled,True,-0.0014430148144802958,0.04266109417242165,0.0006549529665466373,0.08362581986211409,0.6099515538003432,0.8525800689375915,0.5977840135631579,,0.8416210900923019,0.9583289995996135
319,"glutamate, gamma-methyl ester",Method 1,ZGEYCCHDTIDZAE-UHFFFAOYSA-N,HMDB0061715,,0.04844290657439446,True,all_pre_hcc,sample_median_scaled,True,-0.001553617329463403,-0.08531201296814152,-0.00022617139820837524,0.16769908083886853,0.6109479306370426,0.966846636995706,0.25210535566905623,,0.8416210900923019,0.9837697399128694
46,sphingosine,Method 2,WWUZIQQURGPMPG-CCEZHUSRSA-N,HMDB0000252,C00319,0.050173010380622836,True,all_pre_hcc,sample_median_scaled,True,-0.0012106259056437435,0.0874445785067997,0.002045783804958242,0.17201994647583294,0.6112150901880589,0.7466530049196515,0.5951957677099624,,0.8416210900923019,0.932629781173574
1256,tetrahydrocortisol glucuronide,Method 3,OZINUFSVVJAFHD-LUPKFNMHSA-N,,,0.07093425605536333,True,all_pre_hcc,sample_median_scaled,True,0.004741537165313655,-0.1525655788556481,-0.010063048066638986,0.30062594775487855,0.6118089123067925,0.5891330826892738,0.5919421910258023,,0.8416210900923019,0.8918524885957959
824,O-desmethyltramadol glucuronide,Method 1,DSBGQRZOJXSECT-VFUSOVNCSA-N,HMDB0060856,,0.884083044982699,False,all_pre_hcc,sample_median_scaled,True,-0.00011818450913791911,0.19763798674174698,0.004726847198730066,0.38981201245323616,0.6121488850830336,0.5604651020506494,0.690946873179289,,0.8416210900923019,0.8918524885957959
64,2-aminoadipate,Method 4,OYIFNHCXNCRBQI-UHFFFAOYSA-N,HMDB0000510,C00956,0.16608996539792387,True,all_pre_hcc,sample_median_scaled,True,-0.00031797720552371577,-0.12947818732806501,0.018305249041314132,0.255986898314869,0.6129970196907489,0.00196305284778782,0.8534517276854533,,0.8418670859945002,0.15434503015731735
1147,"2,6-dihydroxybenzoic acid",Method 3,AKEUNCKRJATALU-UHFFFAOYSA-N,HMDB0013676,,0.0,True,all_pre_hcc,sample_median_scaled,True,-0.007436781537935639,0.10285340359140609,0.005705205682550013,0.20457777900759183,0.6151334340983865,0.5845511227465088,0.5429226546518037,,0.8435901434971489,0.8918524885957959
147,glycerate,Method 4,RBNPOMFGQQGHHO-UHFFFAOYSA-N,"HMDB0000139,HMDB0006372",C00258,0.0,True,all_pre_hcc,sample_median_scaled,True,3.7266132539731114e-06,0.07179473016783554,0.0027815193788581164,0.14298713653686068,0.6155928074168384,0.5505866441261538,0.7964055609837091,,0.8435901434971489,0.8918524885957959
108,mannose,Method 4,WQZGKKKJIJFFOK-DXQLJALPSA-N,HMDB0000169,"C00159,C02209,C00936",0.0,True,all_pre_hcc,sample_median_scaled,True,-9.041989372673161e-05,0.11107102318038052,0.004019756854613974,0.2217244401391537,0.6164121372711835,0.6395417920976374,0.9005088850246182,,0.8437937635333502,0.9094394729837076
1007,cerotoylcarnitine (C26)*,Method 2,KOCKWDDTAHPJSX-UHFFFAOYSA-N,HMDB0006347,,0.0,True,all_pre_hcc,sample_median_scaled,True,-0.00310916308899333,-0.08065800826535335,0.000268460961181184,0.16139525672616126,0.6172479414987796,0.9705341776037407,0.8166463190511376,,0.8440194678320269,0.9846225769560532
380,nicotinamide riboside,Method 1,BUCXGWMZJBKEMD-UHFFFAOYSA-N,HMDB0000855,C03150,0.2491349480968858,False,all_pre_hcc,sample_median_scaled,True,-0.0001400926181755253,-0.13853072061744529,-0.004983618187187226,0.27778368810697446,0.6179907563762728,0.7578766739349396,0.3262290527014138,,0.8441176672327374,0.9345736058962584
1238,4-chlorobenzoic acid,Method 3,XRHGYUZYPHTUJZ-UHFFFAOYSA-N,,C02370,0.0,True,all_pre_hcc,sample_median_scaled,True,0.0011628184922701146,0.055529798060993195,-0.0013077739282875477,0.11165352468704734,0.6189490935785091,0.7849151777485041,0.7324368949217865,,0.8445097177025644,0.9407865353739419
1036,2-hydroxyarachidate*,Method 3,CPLYLXYEVLGWFJ-UHFFFAOYSA-N,,,0.010380622837370242,True,all_pre_hcc,sample_median_scaled,True,-0.0016674417247334098,-0.11242674229523462,-0.004974752375613012,0.22718294626558205,0.6206896583793312,0.2466481311887263,0.7672490307813526,,0.8455946210233866,0.860649621473309
1164,montelukast,Method 2,UCHDWCPVSPXUMX-TZIWLTJVSA-N,HMDB0014614,C07482,0.9792387543252595,False,all_pre_hcc,sample_median_scaled,True,0.0033937747737007727,0.050331261999785416,0.001133187719590415,0.10194030410905619,0.6214949653000572,0.892436812250535,0.5704484032902551,,0.8455946210233866,0.9633991866838792
110,alanine,Method 1,QNAYBMKLOCPYGJ-REOHCLBHSA-N,HMDB0000161,C00041,0.0,True,all_pre_hcc,sample_median_scaled,True,-0.0023639967326500306,0.051984404834772645,0.008926258266346566,0.10536885694652384,0.6217607507524902,0.02313244430841132,0.8544748126916347,,0.8455946210233866,0.5870510593110491
1170,fibrinopeptide A (8-16)**,Method 3,IVDQZJOLQPZCET-UHFFFAOYSA-N,,,0.005190311418685121,True,all_pre_hcc,sample_median_scaled,True,0.0015061837703594916,0.09172262817086743,0.0004198363308281449,0.18713674984120862,0.6240370217249047,0.9362482844682357,0.7611885604007183,,0.8477738372893414,0.9741938311505712
1120,vanillate glucuronide,Method 4,GRERMCGRRAMWSD-UHFFFAOYSA-N,HMDB0240572,,0.6211072664359861,False,all_pre_hcc,sample_median_scaled,True,0.0019425295826013308,-0.15072251783462576,0.008795946706664597,0.30905421783261566,0.6257697423702224,0.39431975729138113,0.3133067971615169,,0.848534331899759,0.8674430787831605
153,"bilirubin (Z,Z)",Method 2,BPYKTIZUTYGOLE-KDUUSRDASA-N,HMDB0000054,C00486,0.0,True,all_pre_hcc,sample_median_scaled,True,-0.0005577603195459085,-0.0627686968531207,0.010157625727022194,0.12877188232773498,0.6259458346605535,0.17606839792578466,0.8701777987404037,,0.848534331899759,0.8345004227693749
623,pantoprazole,Method 3,IQPSEEYGBUAQFF-UHFFFAOYSA-N,HMDB0005017,C11806,0.7197231833910035,False,all_pre_hcc,sample_median_scaled,True,-0.010042736525369123,0.34334021805475773,-0.045870609882499046,0.7058696856146055,0.6266783654903096,0.19530741719094968,0.668554718957145,,0.8486128996628735,0.8550767152831986
717,indolin-2-one,Method 1,JYGFTBXVXVMTGB-UHFFFAOYSA-N,,C12312,0.07785467128027682,True,all_pre_hcc,sample_median_scaled,True,0.005449469106763673,-0.1309936696151157,-0.02009054191589815,0.2703179590669228,0.6279664479053824,0.13875636513002984,0.5973632110413031,,0.8494427865214742,0.786838116454639
613,S-methylcysteine,Method 3,IDIDJDIHTAOVLG-VKHMYHEASA-N,HMDB0002108,,0.0,True,all_pre_hcc,sample_median_scaled,True,-0.0022783022025849396,-0.0715313232790255,0.0031681887462747956,0.148938147654416,0.6310316032973979,0.7472023170385723,0.4471116947692196,,0.8521964016307473,0.932629781173574
799,4-methoxyphenol sulfate,Method 3,IGTMFIJOUADBDC-UHFFFAOYSA-N,,,0.3754325259515571,False,all_pre_hcc,sample_median_scaled,True,0.004919111057544992,0.18008968998778888,0.0005346789318901948,0.3760172733073228,0.6319813569408801,0.9781389549954359,0.2261618273122701,,0.8521964016307473,0.9857259417614187
1098,gamma-CEHC sulfate,Method 3,XJAVOQFBEMHLBM-UHFFFAOYSA-N,,,0.532871972318339,False,all_pre_hcc,sample_median_scaled,True,0.00392607253404429,0.17148694750731636,0.010542572386587512,0.35875540335218725,0.6326465055940345,0.30347317107082594,0.6238798642701304,,0.8521964016307473,0.860649621473309
883,"sphingomyelin (d18:1/21:0, d17:1/22:0, d16:1/23:0)*",Method 2,YXSZOBWVQJIWNE-QVDCKBILSA-N,"HMDB0240619,HMDB0240611,HMDB0240621",,0.0,True,all_pre_hcc,sample_median_scaled,True,0.00018886935611614093,0.08885060506023779,-0.0070848993935326,0.18596917873230134,0.6328134926524798,0.23179502772324512,0.7922263934375251,,0.8521964016307473,0.860649621473309
634,eicosanedioate (C20-DC),Method 3,JJOJFIHJIRWASH-UHFFFAOYSA-N,,,0.04844290657439446,True,all_pre_hcc,sample_median_scaled,True,-0.009954872926971973,0.11528376296187169,0.011729739505082354,0.24170431872634543,0.6333892174282582,0.40675428557661863,0.46190027174839837,,0.8521964016307473,0.8687553332009953
1108,N-acetyltheanine,Method 3,STZOUWQDQRPMBI-ZETCQYMHSA-N,,,0.7681660899653979,False,all_pre_hcc,sample_median_scaled,True,0.001618876723517502,0.1870150511031702,0.0041511755852943885,0.3938660674403206,0.6349160637633533,0.8417345166701538,0.23456699042037027,,0.8524567268553085,0.9531071304869968
138,trans-4-hydroxyproline,Method 1,PMMYEEVYMWASQN-DMTCNVIQSA-N,HMDB0000725,C01157,0.0,True,all_pre_hcc,sample_median_scaled,True,-0.004500619100970881,-0.058373745620197634,0.0016312783232614054,0.12301311848735745,0.6351200946607618,0.7397872552316173,0.6411577401900208,,0.8524567268553085,0.932629781173574
1175,fibrinopeptide B (1-12)**,Method 3,BQQBOORXDTXWLE-UHFFFAOYSA-N,,,0.0034602076124567475,True,all_pre_hcc,sample_median_scaled,True,-0.011114638484580731,0.11307066049079333,0.00392148050053789,0.23892526609025913,0.6360369842642548,0.5814157911890719,0.5743019511666961,,0.8524567268553085,0.8918524885957959
1168,fibrinopeptide A (3-16)**,Method 3,RTIAWGDTSQOGQP-UHFFFAOYSA-N,,,0.0034602076124567475,True,all_pre_hcc,sample_median_scaled,True,0.00413107561240811,0.09213128752603973,0.0007467045357337829,0.19482694214118568,0.6362932166272931,0.9137838533016143,0.5952851422642655,,0.8524567268553085,0.9676263362402615
886,N-palmitoyl-sphinganine (d18:0/16:0),Method 2,GCGTXOVNNFGTPQ-JHOUSYSJSA-N,HMDB11760,,0.0,True,all_pre_hcc,sample_median_scaled,True,-0.003475673041551103,0.05429530801479318,-0.00357441011985255,0.11574343043037799,0.6389977589185065,0.541239043287101,0.947016095100326,,0.8547087769505536,0.8918524885957959
390,salicyluric glucuronide*,Method 3,OEPADIDIUZTYOX-UHFFFAOYSA-N,HMDB0240252,,0.5657439446366782,False,all_pre_hcc,sample_median_scaled,True,0.011566262765711623,0.2618738457635813,-0.0059271356631780455,0.5601054559442554,0.6401108468279202,0.8150781614422091,0.31419612405308267,,0.8547087769505536,0.9444540834433404
1226,"branched-chain, straight-chain, or cyclopropyl 10:1 fatty acid (2)*",Method 3,NIFITBVFNGQSNA-SOFGYWHQSA-N,,,0.17474048442906576,True,all_pre_hcc,sample_median_scaled,True,-0.0018870507875551376,-0.19476778175447618,-0.018338500052247436,0.4169395887824495,0.6404020815966471,0.16981318362827647,0.28612479305954275,,0.8547087769505536,0.8248068919087713
957,oleoyl-arachidonoyl-glycerol (18:1/20:4) [1]*,Method 2,LWXLWRXRJKMNLM-XBUMEPTLSA-N,HMDB0007228,,0.22491349480968859,False,all_pre_hcc,sample_median_scaled,True,0.0030504825222296673,-0.1963457727177767,0.03822233077603698,0.4213961779758385,0.641257705263744,0.17515824422667903,0.8575437441229614,,0.8547087769505536,0.8345004227693749
881,1-(1-enyl-palmitoyl)-2-linoleoyl-GPC (P-16:0/18:2)*,Method 2,QLEHHUPUHJPURI-PWYDUFMYSA-N,HMDB0011211,,0.0,True,all_pre_hcc,sample_median_scaled,True,-0.0007560244021256392,-0.038753821465701804,0.004328594753641048,0.0832015651620268,0.6413712920837222,0.4129950151212065,0.7305965375355966,,0.8547087769505536,0.8731385418330269
281,acetylcarnitine (C2),Method 1,RDHQFKQIGNGIED-MRVPVSSYSA-N,HMDB0000201,C02571,0.0,True,all_pre_hcc,sample_median_scaled,True,0.0019635734162054895,-0.03610662354377274,-0.001805159066194485,0.07810028542068434,0.6438582895697342,0.4843089912832015,0.4222170570243399,,0.8571150563796038,0.8816380950693892
518,N-acetylserine,Method 4,JJIHLJJYMXLCOY-BYPYZUCNSA-N,HMDB0002931,,0.0,True,all_pre_hcc,sample_median_scaled,True,0.0005097484370392429,-0.06128887491333889,-0.0018031384561252692,0.13341471127362622,0.6459568688977895,0.592765716947671,0.954965590509707,,0.8589997262932549,0.8938105612988235
839,linoleoyl ethanolamide,Method 3,KQXDGUVSAAQARU-HZJYTTRNSA-N,HMDB0012252,,0.0,True,all_pre_hcc,sample_median_scaled,True,0.00014794606159497831,-0.06797756790716587,0.0053275760903521785,0.1489027814265664,0.6480138223842388,0.3567051691938645,0.6387302714859673,,0.8590362017446362,0.860649621473309
421,1-linolenoylglycerol (18:3),Method 3,XQBHBEXBUZDCRY-QNEBEIHSSA-N,HMDB0011569,,0.15051903114186851,True,all_pre_hcc,sample_median_scaled,True,0.0038336670627102678,0.13644061505407665,0.015929160402220786,0.29900874379126796,0.6481672298569179,0.22463703240360466,0.3562394944259201,,0.8590362017446362,0.860649621473309
1028,(N(1) + N(8))-acetylspermidine,Method 1,MQTAVJHICJWXBR-UHFFFAOYSA-N,"HMDB0002189,HMDB0001276","C01029,C00612",0.0,True,all_pre_hcc,sample_median_scaled,True,-0.0009838790276733558,-0.04434202396643198,-0.002005123166778059,0.09720433760704064,0.6482653599288677,0.4258556813689546,0.4917173890143452,,0.8590362017446362,0.8731385418330269
582,S-carboxymethyl-cysteine,Method 1,GBFLZEXEOZUWRN-UHFFFAOYSA-N,HMDB0029415,C03727,0.4913494809688581,False,all_pre_hcc,sample_median_scaled,True,-0.000302441783701648,-0.11737923177672899,0.013772319993310267,0.2576665437647631,0.6487157326370465,0.26984788674007687,0.30088739400835174,,0.8590362017446362,0.860649621473309
2,spermidine,Method 1,ATHGHQPFGPMSJY-UHFFFAOYSA-N,HMDB0001257,C00315,0.010380622837370242,True,all_pre_hcc,sample_median_scaled,True,0.00033580296898648936,0.0847475547028655,0.0046162020223022735,0.18859015956308942,0.6531617296095941,0.34560648665629323,0.4836426800149701,,0.861904588783398,0.860649621473309
868,1-stearoyl-2-linoleoyl-GPC (18:0/18:2)*,Method 2,FORFDCPQKJHEBF-JEFUZMEDSA-N,HMDB0008039,,0.0,True,all_pre_hcc,sample_median_scaled,True,5.921907197495562e-05,-0.026373963247748516,0.00040587591179125636,0.05874548189764671,0.6534655259950641,0.9166225313643356,0.7022133270790654,,0.861904588783398,0.9680722792986562
836,taurodeoxycholic acid 3-sulfate,Method 3,UCVGCHGIKFWAGH-WQVRBXQRSA-N,,,0.5034602076124568,False,all_pre_hcc,sample_median_scaled,True,0.013082593395176744,0.25640025388094917,-0.008829795734436345,0.573175030820957,0.6546344573698091,0.6836536373751767,0.6829179444347475,,0.861904588783398,0.9257656359719831
543,"5alpha-androstan-3alpha,17alpha-diol disulfate",Method 3,JHFAETDERBWUOO-SKIFDASYSA-N,,,0.6453287197231834,False,all_pre_hcc,sample_median_scaled,True,-0.015250486234377861,0.11069851346689621,0.004129855340791634,0.2474904678185009,0.654670055629831,0.49496184860160186,0.9409482733369873,,0.861904588783398,0.8844630760522942
697,5-hydroxydecanoate,Method 3,LMHJFKYQYDSOQO-UHFFFAOYSA-N,HMDB0040329,,0.45674740484429066,False,all_pre_hcc,sample_median_scaled,True,0.0004446656228847944,-0.175566355926312,-0.01607188398481378,0.3927490295092634,0.6548611990006157,0.4358523201073762,0.5340113787840142,,0.861904588783398,0.8731385418330269
701,2-hydroxyibuprofen,Method 3,UJHKVYPPCJBOSG-UHFFFAOYSA-N,HMDB0060920,,0.8633217993079585,False,all_pre_hcc,sample_median_scaled,True,0.00918249819762104,0.21998171288841473,-0.013050887770328153,0.49230851477171034,0.6549926763727572,0.22877127108159978,0.46126297110870323,,0.861904588783398,0.860649621473309
68,leucine,Method 1,ROHFNLRQFUQHCH-YFKPBYRVSA-N,HMDB0000687,C00123,0.0,True,all_pre_hcc,sample_median_scaled,True,0.00027702281672198467,0.043440743602067726,0.0013317691871998897,0.09774396083047851,0.6567288058965626,0.7062391833096962,0.6388863517461361,,0.8628040616068128,0.9294235136125881
869,1-palmitoyl-2-palmitoleoyl-GPC (16:0/16:1)*,Method 2,QIBZFHLFHCIUOT-HTXNQAPBSA-N,HMDB0007969,,0.0,True,all_pre_hcc,sample_median_scaled,True,-0.0010891585130783175,-0.04969581247407988,0.000690973247409436,0.1119293682859016,0.6570479260884949,0.857419053984527,0.6793752503637314,,0.8628040616068128,0.9583289995996135
357,N-acetylphenylalanine,Method 3,CBQJSKKFNMDLON-JTQLQIEISA-N,HMDB0000512,C03519,0.0,True,all_pre_hcc,sample_median_scaled,True,3.8736375511979194e-05,0.06685521304286166,-0.0052140798014942945,0.1519262526727354,0.6599005817251216,0.3443523977255346,0.8346423822671811,,0.8633644049601512,0.860649621473309
1169,fibrinopeptide A (4-15)**,Method 3,GXMAZYIQAHTXHM-UHFFFAOYSA-N,,,0.03806228373702422,True,all_pre_hcc,sample_median_scaled,True,-0.00564151023837758,0.08817396778587606,0.011251584266792956,0.20050740068015677,0.6601151561620584,0.24635392376816567,0.3292948273715205,,0.8633644049601512,0.860649621473309
558,N-acetyl-beta-alanine,Method 3,LJLLAWRMBZNPMO-UHFFFAOYSA-N,HMDB0061880,C01073,0.0017301038062283738,True,all_pre_hcc,sample_median_scaled,True,0.0011127320480243228,0.04600982616144354,0.000786586597093809,0.10462809947860753,0.6601208195396604,0.9116170439434161,0.695632846404065,,0.8633644049601512,0.966622016827071
132,dihydroorotate,Method 4,UFIVEPVSAGBUSI-UHFFFAOYSA-N,HMDB03349,C00337,0.0017301038062283738,True,all_pre_hcc,sample_median_scaled,True,0.0024318310658128137,-0.0788076741248005,0.00878330209298827,0.17926738266698275,0.6602198390871745,0.03965596226084484,0.8183193011105013,,0.8633644049601512,0.6835859964403045
1216,pentose acid*,Method 4,,HMDB0000892,C00803,0.020761245674740483,True,all_pre_hcc,sample_median_scaled,True,5.108592021015293e-05,0.12262103868378892,-0.0012554086804537875,0.27988102835330597,0.6613004299807903,0.9359757878338544,0.5803134150946282,,0.8636478723766104,0.9741938311505712
31,aspartate,Method 1,CKLJMWTZIZZHCS-UHFFFAOYSA-N,HMDB0000191,C00049,0.0,True,all_pre_hcc,sample_median_scaled,True,-0.004450057793684804,-0.05448607783569406,0.0006347470380356525,0.12470076099158661,0.6621587741698083,0.8978417984827941,0.6245594524400079,,0.8636478723766104,0.9633991866838792
760,methyl glucopyranoside (alpha + beta),Method 3,HOVAGTYPODGVJG-ZFYZTMLRSA-N,HMDB0029965,,0.1643598615916955,True,all_pre_hcc,sample_median_scaled,True,-0.010176032432977508,-0.15736843931567923,-0.005347675022711233,0.360548602692112,0.662496181910516,0.7386007094137559,0.5459036542820225,,0.8636478723766104,0.932629781173574
1003,linolenoylcarnitine (C18:3)*,Method 2,WJCRATGUUISKDG-QNEBEIHSSA-N,,,0.0,True,all_pre_hcc,sample_median_scaled,True,-0.0008720272717073454,-0.0532773311561156,0.008368262532621261,0.123996435010346,0.667436982849253,0.08718424944469438,0.4846473174658922,,0.8691881205221121,0.7340158078639959
67,lactose,Method 4,GUBGYTABKSRVRQ-DCSYEGIMSA-N,HMDB0041627,C01970,0.25259515570934254,False,all_pre_hcc,sample_median_scaled,True,-0.017476426947283893,-0.20590536497119574,0.0060480633387565595,0.4848557418989766,0.6710747344196956,0.786415042701272,0.41848191415502417,,0.871816804086433,0.9407865353739419
629,glycoursodeoxycholate,Method 3,GHCZAUBVMUEKKP-XROMFQGDSA-N,HMDB0000708,,0.0,True,all_pre_hcc,sample_median_scaled,True,-0.025113456971244022,-0.22720697254511876,0.012811485538164956,0.535724233125949,0.6714842751573686,0.6042482905987939,0.7533000391868235,,0.871816804086433,0.894287470086215
601,L-urobilin,Method 2,TYOWQSLRVAUSMI-WKULSOCRSA-N,HMDB0004159,C05793,0.7006920415224913,False,all_pre_hcc,sample_median_scaled,True,0.021644517133252116,-0.21084267355329261,-0.023638106199844414,0.49797204864589417,0.6720015285663771,0.08999729673928894,0.5179442660924174,,0.871816804086433,0.7351727227144512
398,laurylcarnitine (C12),Method 2,FUJLYHJROOYKRA-UHFFFAOYSA-N,HMDB000225,,0.0,True,all_pre_hcc,sample_median_scaled,True,-0.0006019485430668528,-0.07310113479148458,0.01007323223148021,0.17277803227509198,0.6722275834370748,0.07701346493623755,0.6508922337223852,,0.871816804086433,0.7340158078639959
1116,deoxycholic acid glucuronide,Method 3,NNEIBJNHWVDJBA-WOSXBVGSSA-N,,,0.0,True,all_pre_hcc,sample_median_scaled,True,-0.005609588837053726,-0.12479712693714269,-0.008826036510439807,0.2967676021060722,0.67410460091699,0.5650039709754844,0.7017374499227186,,0.8733507599933814,0.8918524885957959
1257,"bilirubin degradation product, C16H18N2O5 (3)**",Method 3,,,,0.18685121107266436,True,all_pre_hcc,sample_median_scaled,True,-0.009977140684819096,0.13299858163809591,0.02380274703220757,0.3195247839574818,0.6772353415222487,0.07265184144917822,0.6134304710724875,,0.8765041765792067,0.7340158078639959
1008,ximenoylcarnitine (C26:1)*,Method 2,ONGUASHYQLGIFC-OCOZRVBESA-N,,,0.0,True,all_pre_hcc,sample_median_scaled,True,0.0004602348416458356,-0.05890538913485957,0.00023989857613335234,0.14196752605803298,0.678199317167756,0.97569342135107,0.7100899229088967,,0.8768496824224431,0.9857259417614187
848,2-hydroxybutyrate/2-hydroxyisobutyrate,Method 4,AFENDNXGAFYKQO-UHFFFAOYSA-N,"HMDB0000729,HMDB00008","C21297,C05984",0.0,True,all_pre_hcc,sample_median_scaled,True,-0.0008974125160291345,-0.09359294080668833,0.011289509657398502,0.2271818884682445,0.6803587723342777,0.22214920354248524,0.9349885528131519,,0.8778595839282364,0.860649621473309
182,gamma-glutamylhistidine,Method 1,PXVCMZCJAUJLJP-YUMQZZPRSA-N,HMDB0029151,,0.0,True,all_pre_hcc,sample_median_scaled,True,0.00048702424033227276,0.04185992688916621,-0.009957720784225554,0.10204339524243614,0.6816468330377823,0.020825077121894315,0.43718121172559843,,0.8778595839282364,0.5870510593110491
1215,branched chain 14:0 dicarboxylic acid**,Method 3,JUODHHFNSQAXKF-UHFFFAOYSA-N,,,0.46539792387543255,False,all_pre_hcc,sample_median_scaled,True,0.00223943442702373,-0.23717255051253586,0.016804227401038978,0.5790091786355498,0.682086230235186,0.36077576031497505,0.6849502748495779,,0.8778595839282364,0.860649621473309
677,succinimide,Method 3,KZNICNPSHKQLFF-UHFFFAOYSA-N,,C07273,0.10207612456747404,True,all_pre_hcc,sample_median_scaled,True,1.5377252934258382e-05,-0.10175051237729689,0.0058878012440663026,0.24851507911467627,0.6822212236179486,0.6792833430666181,0.6088973307655696,,0.8778595839282364,0.9228276950084293
675,N-palmitoylglycine,Method 3,KVTFEOAKFFQCCX-UHFFFAOYSA-N,HMDB0013034,,0.0,True,all_pre_hcc,sample_median_scaled,True,-0.003976736068757951,0.05813342367164423,0.0025124181458892766,0.14235992754113533,0.6830128828473181,0.5716409785398859,0.7364534546260018,,0.8778595839282364,0.8918524885957959
1005,arachidoylcarnitine (C20)*,Method 2,SVJLJQBGUITFLI-UHFFFAOYSA-N,HMDB0006460,,0.07958477508650519,True,all_pre_hcc,sample_median_scaled,True,-0.003082709174331315,-0.09011447261522726,0.0093660293399071,0.2207904346110322,0.6831673550602094,0.24933288689592914,0.6853264581920845,,0.8778595839282364,0.860649621473309
1258,"bilirubin degradation product, C16H18N2O5 (4)**",Method 3,,,,0.19377162629757785,True,all_pre_hcc,sample_median_scaled,True,-0.002614727895995618,-0.15316678250726504,0.02439257834682439,0.37868068460294513,0.6858636278701231,0.05342706430394118,0.5542458960301062,,0.8797941014441708,0.7305570314604132
858,tricosanoyl sphingomyelin (d18:1/23:0)*,Method 2,SXZWBNWTCVLZJN-NMIJJABPSA-N,HMDB0012105,,0.0,True,all_pre_hcc,sample_median_scaled,True,1.0111626848644421e-06,-0.04920758472020599,-0.000930015921227706,0.12180711625522776,0.6862277530084855,0.8715737595472244,0.684664117473541,,0.8797941014441708,0.9633991866838792
737,"N2,N5-diacetylornithine",Method 3,XUYANFPPYJSBPU-UHFFFAOYSA-N,HMDB0240345,,0.031141868512110725,True,all_pre_hcc,sample_median_scaled,True,0.0011524196567765182,-0.09426480107329854,-0.007582053140064663,0.2337678759710259,0.6867709122561015,0.5296056697417164,0.7165635052481079,,0.8797941014441708,0.8895798552766429
1062,N-methylhydroxyproline**,Method 1,FMIPNAUMSPFTHK-UHFFFAOYSA-N,,,0.11245674740484429,True,all_pre_hcc,sample_median_scaled,True,-0.0019341442072455058,0.16192748042020388,-0.005671708972300733,0.4086142571418635,0.691895189654687,0.7513898943032635,0.46932175565343576,,0.8854569161603216,0.932629781173574
1097,indoleacetoylcarnitine*,Method 1,PBMNAYVZYLZVKC-UHFFFAOYSA-N,,,0.2681660899653979,False,all_pre_hcc,sample_median_scaled,True,-0.003111732238151184,-0.13601473547907528,0.007709029025362127,0.3448510053884528,0.6932739728868734,0.4877725852923078,0.6345203025363847,,0.8855588889101923,0.8816380950693892
491,"3,4-dihydroxybutyrate",Method 4,DZAIOXUZHHTJKN-UHFFFAOYSA-N,HMDB0000337,,0.0,True,all_pre_hcc,sample_median_scaled,True,0.002772365470570659,-0.12958381599355026,0.024845673699407822,0.32866888504067404,0.6933827548303175,0.09944406272054307,0.7913701497811012,,0.8855588889101923,0.7707122735653882
1254,"bilirubin degradation product, C17H20N2O5 (1)**",Method 3,,,,0.03460207612456748,True,all_pre_hcc,sample_median_scaled,True,-0.005148670915579946,0.13639175092342432,0.010630660871628292,0.3472819350909999,0.6945110054942754,0.385667109101574,0.6340893089523528,,0.8855940147276617,0.8674430787831605
1218,feruloylquinate (2),Method 3,RAGZUCNPTLULOL-KQJPBSFVSA-N,,,0.6851211072664359,False,all_pre_hcc,sample_median_scaled,True,0.0009419492557934603,-0.13765798859144251,-0.00817073420203147,0.35267403578584594,0.6962952002256242,0.7242063182146432,0.3755690685586055,,0.8855940147276617,0.9315455504233345
746,O-sulfo-tyrosine,Method 3,CIQHWLTYGMYQQR-QMMMGPOBSA-N,HMDB0155722,,0.0,True,all_pre_hcc,sample_median_scaled,True,0.0008321204638272734,-0.053040146289108886,-0.008000056065524851,0.13637037403320743,0.6973191590070786,0.10576822496285625,0.7437296848085423,,0.8855940147276617,0.7707122735653882
875,1-stearoyl-2-linoleoyl-GPI (18:0/18:2),Method 2,KZVRAFHIKMDULK-HAVSRZFESA-N,HMDB0009809,,0.0,True,all_pre_hcc,sample_median_scaled,True,-0.00029281375309665123,-0.04555593634239763,0.0023807992923403757,0.11729413392516835,0.6977270165387859,0.7016869938012276,0.7472850571331889,,0.8855940147276617,0.9294235136125881
1149,tauroursodeoxycholic acid sulfate (1),Method 3,GLVWZDCWCRWVFM-LBSADWJPSA-N,,,0.17647058823529413,True,all_pre_hcc,sample_median_scaled,True,-0.042225186615999846,0.2276941115154767,0.018782273752555832,0.586776057851872,0.6979845029875327,0.6545965769430004,0.668410408548093,,0.8855940147276617,0.9121232649974909
387,"fibrinopeptide A, des-ala(1)*",Method 3,JAMFMQAPZKXSKC-UHFFFAOYSA-N,,,0.0,True,all_pre_hcc,sample_median_scaled,True,0.006655829382116978,-0.07937147462628857,-0.006444285108215521,0.2055472022400389,0.6993876621666149,0.44704559886295725,0.6389109397718957,,0.8855940147276617,0.8731385418330269
1102,glucuronide of piperine metabolite C17H21NO3 (4)*,Method 3,,,,0.01384083044982699,True,all_pre_hcc,sample_median_scaled,True,-0.003986952639905844,-0.12134688466903609,-0.017143268649995217,0.3146194942612194,0.6997232282294574,0.31088827700836685,0.7086829563581166,,0.8855940147276617,0.860649621473309
1095,"N6,N6-dimethyllysine",Method 1,XXEWFEBMSGLYBY-ZETCQYMHSA-N,HMDB0013287,C05545,0.012110726643598616,True,all_pre_hcc,sample_median_scaled,True,0.002060644578123113,0.06076430464398658,-0.0029384785935913076,0.15812175551434238,0.7007649473678104,0.5012041267684996,0.8350215918110778,,0.8855940147276617,0.8880490020771443
791,2-acetamidophenol sulfate,Method 3,JCVGTUVGDOWZJE-UHFFFAOYSA-N,,,0.22664359861591696,False,all_pre_hcc,sample_median_scaled,True,0.01919845935485261,-0.16432892381723735,-0.028105054774194574,0.4285499440555428,0.7013836320021651,0.2751120727653038,0.4250312897692038,,0.8855940147276617,0.860649621473309
1156,trimethoprim,Method 1,IEDVJHCEMCRBQM-UHFFFAOYSA-N,HMDB0014583,"C01965,D00145",0.9896193771626297,False,all_pre_hcc,sample_median_scaled,True,0.00033688530907640237,0.030010435163873438,0.0012232978660850931,0.07864349211182275,0.7027573430296018,0.5844990548628959,-0.00997138042322218,,0.8855940147276617,0.8918524885957959
113,pseudouridine,Method 3,PTJWIQPHWPFNBW-GBNDHIKLSA-N,HMDB0000767,C02067,0.0,True,all_pre_hcc,sample_median_scaled,True,-0.0004881835403879957,0.047004798806454536,-0.005909620052023123,0.12326410688636813,0.702955404538615,0.4012292240722122,0.8743937409057162,,0.8855940147276617,0.8674430787831605
183,2-hydroxystearate,Method 3,KIHBGTRZFAVZRV-QGZVFWFLSA-N,HMDB0062549,"C03042,C03045",0.0,True,all_pre_hcc,sample_median_scaled,True,-0.001973775902007058,0.05293411535881585,-0.008844230419878172,0.13894046485395162,0.7032150072403749,0.0185786588580607,0.8969398280217385,,0.8855940147276617,0.5870510593110491
1040,lyxonate,Method 4,QXKAIJAYHKCRRA-PZGQECOJSA-N,HMDB0060255,,0.11418685121107267,True,all_pre_hcc,sample_median_scaled,True,-0.006246639849031471,-0.15522169027707716,-0.021541527894068192,0.4089497026772484,0.704270712372159,0.2765627338008817,0.4932126412978211,,0.8855940147276617,0.860649621473309
399,isovalerylcarnitine (C5),Method 1,IGQBPDJNUXPEMT-UHFFFAOYSA-N,HMDB0000688,C20826,0.0,True,all_pre_hcc,sample_median_scaled,True,0.00013296094841267354,-0.05829393934420877,0.004281570892156743,0.1540049138324419,0.7050443423067848,0.596682449004027,0.7392726784565187,,0.8855940147276617,0.894287470086215
44,cysteinylglycine,Method 1,ZUKPVRWZDMRIEO-UHFFFAOYSA-N,HMDB0000078,C01419,0.0,True,all_pre_hcc,sample_median_scaled,True,0.0004493391147337739,-0.0637623592088815,-0.0022141329787662848,0.1687188468388057,0.7054894406179816,0.7943370125446017,0.6026470701713078,,0.8855940147276617,0.9407865353739419
1239,torasemide,Method 3,NGBFQHCMQULJNZ-UHFFFAOYSA-N,,,0.9653979238754326,False,all_pre_hcc,sample_median_scaled,True,0.0022921632279162326,0.16087737098956884,-0.0017546897527304186,0.42652585248871866,0.706039232564547,0.8183266700741185,0.5814530623314519,,0.8855940147276617,0.9444540834433404
212,2-hydroxyhippurate (salicylurate),Method 3,ONJSZLXSECQROL-UHFFFAOYSA-N,HMDB0000840,C07588,0.006920415224913495,True,all_pre_hcc,sample_median_scaled,True,0.007384146985730781,0.1714393802663485,-0.0011463201007986445,0.45496175610671336,0.7063062473341906,0.9555542311614099,0.2848429256550251,,0.8855940147276617,0.9815161254548785
419,1-pentadecanoylglycerol (15:0),Method 3,QSKPZDMBULYMDQ-UHFFFAOYSA-N,,,0.4031141868512111,False,all_pre_hcc,sample_median_scaled,True,0.009431140094304156,0.08995700193061394,-0.0064407654397444685,0.2393652338646621,0.7070545704418116,0.5334603848009372,0.21576364152405686,,0.8855940147276617,0.8895798552766429
344,1-methyl-4-imidazoleacetate,Method 1,ZHCKPJGJQOPTLB-UHFFFAOYSA-N,HMDB0002820,C05828,0.0,True,all_pre_hcc,sample_median_scaled,True,0.0018673470371448747,-0.04765475421191354,-0.011130785293521291,0.12687717327705414,0.7072161196064911,0.10806823326876655,0.668985551030008,,0.8855940147276617,0.7707122735653882
849,2-methylcitrate/homocitrate,Method 3,YNOXCRMFGMSKIJ-UHFFFAOYSA-N,"HMDB0003518,HMDB0000379",C01251,0.0017301038062283738,True,all_pre_hcc,sample_median_scaled,True,0.001800801512339265,-0.044514686502084844,-0.013678189846831456,0.11863316827200832,0.7074896540550875,0.01036789988672167,0.770140372432262,,0.8855940147276617,0.5189044350482741
1,S-1-pyrroline-5-carboxylate,Method 1,DWAKNKKXGALPNW-UHFFFAOYSA-N,HMDB0001301,C04322,0.010380622837370242,True,all_pre_hcc,sample_median_scaled,True,0.0022701684125388056,0.05044710469041386,-0.001572784467437982,0.1348921850672625,0.7084185048189087,0.8557587595672139,0.6264281359510449,,0.8858752276960111,0.9583289995996135
528,cyclo(leu-pro),Method 1,SZJNCZMRZAUNQT-IUCAKERBSA-N,HMDB0034276,,0.025951557093425604,True,all_pre_hcc,sample_median_scaled,True,0.0012128296396672358,-0.07165636804514045,-0.012194784950845666,0.19290542659721494,0.7102960310146818,0.45695364744865485,0.5571713462904282,,0.8872181043186046,0.8776300587639814
1229,"3-bromo-5-chloro-2,6-dihydroxybenzoic acid*",Method 3,AJSVSHDVMDXRFN-UHFFFAOYSA-N,,,0.00865051903114187,True,all_pre_hcc,sample_median_scaled,True,0.006876519163135705,-0.06983816961372062,0.020536598699013975,0.18842398376487335,0.7109029007576736,0.05984064672015662,0.8777830728581998,,0.8872181043186046,0.7340158078639959
568,ergothioneine,Method 1,SSISHJJTAXXQAX-UHFFFAOYSA-N,HMDB0003045,C05570,0.0,True,all_pre_hcc,sample_median_scaled,True,0.00041055512976845743,-0.08264105716453776,-0.004594037461057583,0.22421270077572583,0.7124383451224692,0.35483198307856423,0.7150276512390205,,0.8882531597265275,0.860649621473309
1252,"bilirubin degradation product, C17H18N2O4 (2)**",Method 3,,,,0.0,True,all_pre_hcc,sample_median_scaled,True,-0.001131835096538718,-0.08188677431356862,0.004957381277348442,0.22429400935330945,0.7150466399618903,0.5049506022411647,0.704108910322586,,0.8897043900519029,0.8893341354983254
587,1-hydroxy-2-naphthalenecarboxylate,Method 3,SJJCQDRGABAVBB-UHFFFAOYSA-N,,C03203,0.9446366782006921,False,all_pre_hcc,sample_median_scaled,True,0.005991494624675565,-0.07825454655769203,-0.005614642497951939,0.21442321821975338,0.7151459689965061,0.06963480468751854,0.9406969123630603,,0.8897043900519029,0.7340158078639959
53,gluconate,Method 4,RGHNJXZEOKUKBD-SQOUGZDYSA-N,HMDB0000625,C00257,0.0017301038062283738,True,all_pre_hcc,sample_median_scaled,True,0.0038094024199617875,0.05459930170895825,-0.004724313210423696,0.14992418576531302,0.7157240403279219,0.28074657617155496,0.8028551181316907,,0.8897043900519029,0.860649621473309
656,rosuvastatin,Method 3,BPRHUIZQVSMCRT-VEUZHWNKSA-N,HMDB0015230,D01915,0.9913494809688581,False,all_pre_hcc,sample_median_scaled,True,0.0008463692880662766,0.020952632955587285,0.0013265974570553054,0.05768571963250515,0.7164402135618617,0.5609035422929582,-0.006171851511143787,,0.8897154873255894,0.8918524885957959
899,1-oleoyl-2-docosahexaenoyl-GPC (18:1/22:6)*,Method 2,FPEVDFOXMCHLKL-KFDYCXSYSA-N,HMDB0008123,,0.0,True,all_pre_hcc,sample_median_scaled,True,-0.0022967487573668857,-0.038094726448125234,6.054770146269499e-06,0.10551865685565709,0.718081797253278,0.9990526059190097,0.7345216576934632,,0.8908746557639287,0.9991745969457523
963,palmitoyl-docosahexaenoyl-glycerol (16:0/22:6) [1]*,Method 2,BXVYQJJBMVVALQ-UNMZRDIWSA-N,HMDB0007121,,0.6972318339100346,False,all_pre_hcc,sample_median_scaled,True,0.006789353962546184,-0.13778337399486654,-0.012381580566510742,0.3862237948240584,0.7212827793406242,0.4902517057073188,0.271159002858581,,0.8927622968208487,0.8823514525872654
888,cetirizine,Method 2,ZKLPARSLTMPFCP-UHFFFAOYSA-N,HMDB0005032,C07778,0.870242214532872,False,all_pre_hcc,sample_median_scaled,True,-0.0026290894002370764,0.19386749590307212,0.024211350512674017,0.5448035552899045,0.721954069555053,0.210955123929504,0.904723558056843,,0.8927622968208487,0.860649621473309
362,piperine,Method 2,MXXWOMGUGJBKIW-YPCIICBESA-N,HMDB0029377,C03882,0.0,True,all_pre_hcc,sample_median_scaled,True,-0.012346764588403336,-0.12321990848442604,-0.019183034988638787,0.3468066854597362,0.7223659502452555,0.35094190040515694,0.6850926314684197,,0.8927622968208487,0.860649621473309
1122,methyl vanillate sulfate,Method 3,IWRNHPTWPBSQSA-UHFFFAOYSA-N,,,0.45501730103806226,False,all_pre_hcc,sample_median_scaled,True,-0.006190505008450582,-0.14657309896398213,0.010235908312402347,0.4126529349037782,0.7224419858216407,0.5682101719930286,0.26384175677558996,,0.8927622968208487,0.8918524885957959
289,adipate (C6-DC),Method 4,WNLRTRBMVRJNCN-UHFFFAOYSA-N,HMDB0000448,C06104,0.5190311418685121,False,all_pre_hcc,sample_median_scaled,True,0.007379970301372276,-0.14808910708083328,0.03213244416049337,0.42296414880336897,0.7262470462605918,0.042382006675806994,0.7150644990585504,,0.8965836940096412,0.6868614207421029
231,5-hydroxylysine,Method 1,YSMODUONRAFBET-AKGZTFGVSA-N,HMDB0000450,C16741,0.0,True,all_pre_hcc,sample_median_scaled,True,-0.006181437094980974,0.043261302141946234,0.007647970105756148,0.12472211992970902,0.7286953683226611,0.01955223453677447,0.5840254740651679,,0.8982607512412246,0.5870510593110491
977,N-palmitoyl-heptadecasphingosine (d17:1/16:0)*,Method 2,KXVLPPCAUYSNGY-BYCLXTJYSA-N,HMDB0240685,,0.0034602076124567475,True,all_pre_hcc,sample_median_scaled,True,0.0006029784534050197,-0.05392662903075691,-0.004273432996278581,0.15592188786960354,0.7294504138219807,0.5670314781984026,0.9230936020266858,,0.8982607512412246,0.8918524885957959
509,2-hydroxyacetaminophen sulfate*,Method 3,HRLQZTOIKWEZBN-UHFFFAOYSA-N,HMDB0062547,,0.6262975778546713,False,all_pre_hcc,sample_median_scaled,True,0.01055833662067052,0.2525670859050252,-0.041877825505368574,0.7335891895602761,0.7306285485660918,0.1687804544822168,0.6423048149207823,,0.8982607512412246,0.8248068919087713
215,3-(N-acetyl-cystein-S-yl) acetaminophen,Method 3,DVPRQNKJGQEICH-JTQLQIEISA-N,,,0.7093425605536332,False,all_pre_hcc,sample_median_scaled,True,0.012586675475584314,0.17557871410480339,-0.01883635074023466,0.5129924782181463,0.7321524355887669,0.2977531372918534,0.6855276829433058,,0.8982607512412246,0.860649621473309
541,21-hydroxypregnenolone disulfate,Method 3,CBOVWLYQUCVTFA-WGKOQXAXSA-N,,,0.012110726643598616,True,all_pre_hcc,sample_median_scaled,True,-0.0030912188401796643,-0.08392682543164576,-0.002721933404896432,0.2455240146410071,0.7324808191570322,0.7851365575280973,0.800142698539224,,0.8982607512412246,0.9407865353739419
214,azelate (C9-DC),Method 3,BDJRBEYXGGNYIS-UHFFFAOYSA-N,HMDB0000784,C08261,0.0328719723183391,True,all_pre_hcc,sample_median_scaled,True,-0.004690470191757541,-0.05674682168028512,-0.0029354638976020865,0.1662583497292632,0.7328648584204767,0.7385111264688002,0.4228359316126701,,0.8982607512412246,0.932629781173574
488,N6-succinyladenosine,Method 3,VKGZCEJTCKHMRL-UHFFFAOYSA-N,HMDB0000912,,0.09169550173010381,True,all_pre_hcc,sample_median_scaled,True,0.0006702666242985977,0.0773700526434227,-0.010753336075401123,0.2267249704062918,0.7329148657026325,0.3750015247097138,0.6813846677593622,,0.8982607512412246,0.8624349507949177
1125,benazeprilat,Method 3,MADRIHWFJGRSBP-ROUUACIJSA-N,HMDB0060582,D03077,0.9930795847750865,False,all_pre_hcc,sample_median_scaled,True,0.0017256049250792063,0.028242749144407407,0.0013651096001991144,0.08289247920800155,0.733317799304243,0.6863155062112722,0.0024886887568973904,,0.8982607512412246,0.9270626524574747
655,beta-citrylglutamate,Method 3,GAQNUGISBQJMKO-UHFFFAOYSA-N,,C20775,0.005190311418685121,True,all_pre_hcc,sample_median_scaled,True,-0.0003253246234781147,0.04546902335771382,0.00035486048009697793,0.13460749904432395,0.7355216911756349,0.94026609127088,0.5994929654032982,,0.900065701889625,0.975952758101293
12,4-hydroxyphenylacetate,Method 3,XQXPVVBIMDBYFF-UHFFFAOYSA-N,HMDB0000020,C00642,0.06920415224913495,True,all_pre_hcc,sample_median_scaled,True,-0.0012613039030827985,-0.08942868955930058,-0.0030728631718240644,0.26547713381505533,0.736222263310353,0.816067614255237,0.4582470358271435,,0.900065701889625,0.9444540834433404
418,3-(3-amino-3-carboxypropyl)uridine*,Method 3,YXNIEZJFCGTDKV-UHFFFAOYSA-N,,,0.0,True,all_pre_hcc,sample_median_scaled,True,0.00038933451568951076,-0.04538709462702132,-0.004752587149455206,0.13530320884405883,0.7372877005929291,0.40545034207034847,0.7852336068858846,,0.9003845108233081,0.8674430787831605
547,"5alpha-androstan-3alpha,17beta-diol disulfate",Method 3,JHFAETDERBWUOO-ILBJSTGGSA-N,HMDB0094682,,0.4013840830449827,False,all_pre_hcc,sample_median_scaled,True,-0.00898348543920637,0.17160227447159487,0.005023712801090543,0.5128328674568515,0.7379144917796745,0.7274444342968702,0.9772680443560402,,0.9003845108233081,0.932629781173574
719,2-aminophenol sulfate,Method 3,VSTZVCJQGSLNLL-UHFFFAOYSA-N,HMDB0061116,,0.005190311418685121,True,all_pre_hcc,sample_median_scaled,True,0.009769203436899304,0.10322755062661412,-0.011616115811098195,0.31088534139753765,0.7398561845840341,0.5761465076837475,0.4720783792695014,,0.9015344689365417,0.8918524885957959
934,1-palmitoleoyl-2-linolenoyl-GPC (16:1/18:3)*,Method 2,MMUCLZZSNHBNFL-KBTBXKTRSA-N,HMDB0008008,,0.01730103806228374,True,all_pre_hcc,sample_median_scaled,True,0.0011643388629640652,-0.04888105438854154,0.007587830957495089,0.14748392981517155,0.7403173747559363,0.4458562410944046,0.3779866268012852,,0.9015344689365417,0.8731385418330269
769,octadecanedioylcarnitine (C18-DC)*,Method 2,ULCCGBCYWCYNIC-UHFFFAOYSA-N,,,0.0,True,all_pre_hcc,sample_median_scaled,True,0.00048156975795226724,0.05633725906311812,0.0001770777663609613,0.1714891447661192,0.7425200887885421,0.9794574143098357,0.8022783079680643,,0.9015344689365417,0.9857259417614187
311,glycolithocholate,Method 3,XBSQTYHEGZTYJE-PGVYWSLXSA-N,HMDB0000698,C15557,0.3460207612456747,False,all_pre_hcc,sample_median_scaled,True,0.0036910939223724856,-0.17758044204417983,-0.0061783158938046295,0.5409014313357229,0.7426813469127276,0.8381702031702873,0.7410580983907371,,0.9015344689365417,0.9521516206067531
25,5-methylthioadenosine (MTA),Method 1,WUUGFSXJNOTRMR-IOSLPCCCSA-N,HMDB0001173,C00170,0.0,True,all_pre_hcc,sample_median_scaled,True,0.00030770875722161485,0.026566019326187355,0.0005938632758423754,0.08111992062267391,0.7432967782885894,0.8812649657096666,0.5477688111681486,,0.9015344689365417,0.9633991866838792
859,"sphingomyelin (d18:2/23:0, d18:1/23:1, d17:1/24:1)*",Method 2,JBDGKEXQKCCQFK-JWQIMADESA-N,"HMDB0240634,HMDB0011696,HMDB0240614",,0.0,True,all_pre_hcc,sample_median_scaled,True,0.0005226460238867759,0.04796763615667968,-0.0026622951424411703,0.14673085720200496,0.743736722212526,0.5314179226645275,0.6968306481990632,,0.9015344689365417,0.8895798552766429
1195,tetradecadienedioate (C14:2-DC)*,Method 3,MUFSRLVOUKHPIZ-OVYZBVKCSA-N,,,0.03806228373702422,True,all_pre_hcc,sample_median_scaled,True,-0.0035350155197230795,-0.0916556542632101,0.006600180609226247,0.2805256504256679,0.7438734330334899,0.3687927945423225,0.6960115218397473,,0.9015344689365417,0.8606806998529316
328,3-hydroxysebacate,Method 3,OQYZCCKCJQWHIE-UHFFFAOYSA-N,HMDB0000350,,0.0657439446366782,True,all_pre_hcc,sample_median_scaled,True,0.0010523551882917145,0.1035312199388101,0.007100449436930228,0.3200476597840561,0.7463265396934224,0.7319706211005548,0.4103437730624079,,0.9026973660973036,0.932629781173574
540,"androstenediol (3beta,17beta) disulfate (2)",Method 3,UWPTUYJASNIIJM-QJIZPQHZSA-N,HMDB0240313,,0.0,True,all_pre_hcc,sample_median_scaled,True,-0.008770880593343912,-0.0850843215691998,-0.002776363957178151,0.26318040841005585,0.7464735337924076,0.6653171252402487,0.8376489224275845,,0.9026973660973036,0.9184728843022074
481,3-(3-hydroxyphenyl)propionate,Method 3,QVWAEZJXDYOKEH-UHFFFAOYSA-N,HMDB0000375,C11457,0.2681660899653979,False,all_pre_hcc,sample_median_scaled,True,0.009454860428425364,0.16783906467449902,0.01649455836028498,0.521546883759597,0.7475965479972781,0.5826956540502559,0.689508371290105,,0.9026973660973036,0.8918524885957959
62,myo-inositol,Method 4,CDAISMWEOUEBRE-GPIVLXJGSA-N,HMDB0000211,C00137,0.0,True,all_pre_hcc,sample_median_scaled,True,0.001066068256324022,-0.049668258136273756,-0.01598781929614432,0.15487264705150056,0.7484348099949047,0.08001487785560579,0.8874394512139745,,0.9026973660973036,0.7340158078639959
335,3-carboxy-4-methyl-5-propyl-2-furanpropanoate (CMPF),Method 3,WMCQWXZMVIETAO-UHFFFAOYSA-N,HMDB0061112,,0.0,True,all_pre_hcc,sample_median_scaled,True,0.0037466482297035487,0.12649070346972205,0.005683106539208902,0.3947663974040581,0.7486506298481304,0.6884761134626669,0.6596084045748432,,0.9026973660973036,0.9277120367757291
889,myristoyl dihydrosphingomyelin (d18:0/14:0)*,Method 2,MJAFYELZQYPMQG-MPQUPPDSSA-N,HMDB0012085,,0.0,True,all_pre_hcc,sample_median_scaled,True,-0.0029961098337470547,-0.03410960792997095,-0.0016742341239642305,0.10666728526241172,0.7491383546944237,0.7797872656643793,0.7087471297310728,,0.9026973660973036,0.9407865353739419
1247,3-hydroxyoctanoylcarnitine (2),Method 1,RCXSFDNDEVSQNG-UHFFFAOYSA-N,,,0.23183391003460208,False,all_pre_hcc,sample_median_scaled,True,0.004819853477295758,-0.12982488376500342,-0.018763308941515552,0.40738910323560107,0.7499726738684875,0.2810314409319039,0.36178994416811266,,0.9028379174416816,0.860649621473309
150,N-acetylmethionine,Method 3,XUYPXLNMDZIRQH-LURJTMIESA-N,HMDB0011745,C02712,0.0,True,all_pre_hcc,sample_median_scaled,True,-0.00035152022934491407,-0.04696368012469137,0.0003025420849858901,0.1479653585250593,0.750942797456179,0.9610540881100679,0.8267523977565062,,0.9031415288717716,0.9833324907594462
123,cytosine,Method 1,OPTASPLRGRRNAP-UHFFFAOYSA-N,HMDB0000630,C00380,0.12975778546712802,True,all_pre_hcc,sample_median_scaled,True,0.001168060355605964,0.08886595257356758,-0.010280528944767277,0.28269313336101143,0.7532515570246727,0.44463373828448594,0.3736166976165744,,0.9050529691853278,0.8731385418330269
569,12-HETE,Method 3,ZNHVWPKMFKADKW-VXBMJZGYSA-N,HMDB0006111,C14777,0.09169550173010381,True,all_pre_hcc,sample_median_scaled,True,-0.01189388398813521,0.09495282961167267,0.025632205029064842,0.30321684347419126,0.7541655131635853,0.07468956823272883,0.3611928518851739,,0.9052864652288075,0.7340158078639959
797,syringol sulfate,Method 3,UDIAPBFEZFMUCP-UHFFFAOYSA-N,,,0.6089965397923875,False,all_pre_hcc,sample_median_scaled,True,-0.011603701114733795,0.09396574473205799,0.007438300866914061,0.3027898726248777,0.7563076000818929,0.7354663185186543,0.2862721339379866,,0.9059354214120885,0.932629781173574
748,3-(3-hydroxyphenyl)propionate sulfate,Method 3,IQWLPDPKVFZEOK-UHFFFAOYSA-N,HMDB0094710,,0.5449826989619377,False,all_pre_hcc,sample_median_scaled,True,0.0049178039158673,-0.12246168260978633,0.014796165355311315,0.39531921578618867,0.7567288465915185,0.36489767532508377,0.581385248111486,,0.9059354214120885,0.860649621473309
287,trizma acetate,Method 1,LENZDBCJOHFCAS-UHFFFAOYSA-N,,C07182,0.18858131487889274,True,all_pre_hcc,sample_median_scaled,True,-0.023908154729207785,0.18134616396481007,-0.013214503431005341,0.5866167010664092,0.7572157109584037,0.8088180390417832,0.14982394566328786,,0.9059354214120885,0.9421232343653363
417,"5,6-dihydrouridine",Method 3,ZPTBLXKRQACLCR-XVFCMESISA-N,HMDB0000497,,0.0,True,all_pre_hcc,sample_median_scaled,True,-0.0003868799902511525,0.03805190983753846,-0.00417651114906609,0.1235939220288243,0.7581747953382756,0.5991877374248844,0.7915561843722762,,0.9059354214120885,0.894287470086215
1038,2-hydroxyheptanoate*,Method 4,RGMMREBHCYXQMA-UHFFFAOYSA-N,,,0.005190311418685121,True,all_pre_hcc,sample_median_scaled,True,-0.0009128963379566512,0.038533437762865705,0.01086761317905154,0.1252285180103782,0.758306835251931,0.03350739094690256,0.5016236296190771,,0.9059354214120885,0.6435741630715983
341,myristoleate (14:1n5),Method 3,YWWVWXASSLXJHU-WAYWQWQTSA-N,HMDB0002000,C08322,0.0,True,all_pre_hcc,sample_median_scaled,True,-0.0064359710554160576,0.074828830959507,0.017386060663055113,0.24504457350253955,0.76008570552183,0.31607398154665856,0.3464174436114363,,0.9069065453116469,0.860649621473309
194,naproxen,Method 3,CMWTZPSULFXXJA-VIFPVBQESA-N,HMDB0001923,C01517,0.9636678200692042,False,all_pre_hcc,sample_median_scaled,True,-0.013098701683632757,-0.022555968358720868,0.01115215111960456,0.07401624560467898,0.7605615304481618,0.11623534961380075,0.23869226548278358,,0.9069065453116469,0.7723202739516442
1259,"N,N-dimethyl-pro-pro",Method 1,VOWFCBSRZKGKTF-UHFFFAOYSA-N,,,0.0,True,all_pre_hcc,sample_median_scaled,True,0.0017041267134668223,-0.02943752607296331,-0.004666449683698755,0.09730911343585398,0.762259033455195,0.4296180113456307,0.6986204584376159,,0.9080699470517379,0.8731385418330269
414,orotidine,Method 4,FKCRAVPPBFWEJD-XVFCMESISA-N,HMDB0000788,,0.010380622837370242,True,all_pre_hcc,sample_median_scaled,True,0.00341843628658663,-0.07548640721601363,-0.00711653302790982,0.25364523289809426,0.7660037019366586,0.15513412566274756,1.0107827166133851,,0.9109705105553543,0.808969278887591
92,taurine,Method 1,XOAAWQZATWQOTB-UHFFFAOYSA-N,HMDB0000251,C00245,0.0,True,all_pre_hcc,sample_median_scaled,True,0.00052305255786007,-0.03467898372151594,-0.0013796270107495601,0.11712200345873647,0.7671592007856662,0.6925321775548865,0.6317652002268669,,0.9109705105553543,0.928469821638304
838,phenol glucuronide,Method 3,WVHAUDNUGBNUDZ-GOVZDWNOSA-N,HMDB0060014,,0.5501730103806228,False,all_pre_hcc,sample_median_scaled,True,0.003230340162754791,0.13064872528854732,-0.006980839988065469,0.4428291099015961,0.7679694910141712,0.7445991479162339,0.4886453532660737,,0.9109705105553543,0.932629781173574
602,pantoate,Method 3,OTOIIPJYVQJATP-BYPYZUCNSA-N,HMDB0240389,C00522,0.03633217993079585,True,all_pre_hcc,sample_median_scaled,True,0.0009768039957375593,-0.09438021582980569,0.0004986057571896635,0.3200584315440453,0.768082243568276,0.9651267388572728,0.38126350657571656,,0.9109705105553543,0.9837697399128694
940,"2,3-dihydroxy-2-methylbutyrate",Method 3,AOWPAWLEXIYETE-UHFFFAOYSA-N,HMDB0029576,,0.02768166089965398,True,all_pre_hcc,sample_median_scaled,True,0.002411083875038844,0.06248037224217994,0.007776237578908471,0.2124148889596789,0.7686485638476273,0.5794999720449268,0.5960890558317443,,0.9109705105553543,0.8918524885957959
437,gamma-glutamyl-2-aminobutyrate,Method 1,FUZOZPRKGAXGOB-UHFFFAOYSA-N,,,0.031141868512110725,True,all_pre_hcc,sample_median_scaled,True,0.0068395668382420375,0.06717199476867312,-0.006126064940941475,0.22876208409617463,0.769038698099989,0.5029092598456819,0.4925454134425258,,0.9109705105553543,0.88832300279502
554,4-hydroxycoumarin,Method 3,VXIXUWQIVKSKSA-UHFFFAOYSA-N,,C20414,0.5899653979238755,False,all_pre_hcc,sample_median_scaled,True,0.011313794368541139,-0.11161837191859089,-0.002419564928621517,0.3843540101256466,0.7715063282340386,0.9059506630980196,0.3979623149117696,,0.9123928816774927,0.965017725806358
1067,N4-acetyl-5-hydroxysulfamethoxazole*,Method 3,YKWZTWOYFWCVKH-UHFFFAOYSA-N,,,0.9878892733564014,False,all_pre_hcc,sample_median_scaled,True,0.0006074151045113571,0.021862128744141698,0.0008251764143996425,0.07534378080395245,0.7716900048528237,0.6888510662839181,-0.0049270262762437225,,0.9123928816774927,0.9277120367757291
1205,palmitoyl-sphingosine-phosphoethanolamine (d18:1/16:0),Method 2,JTVNQMOIYKXJKF-WSYRTZMQSA-N,,,0.0,True,all_pre_hcc,sample_median_scaled,True,-0.0006674606999086784,-0.01951892768344649,0.0024281895389378716,0.06833472466770735,0.7751561399863811,0.5953735223048299,0.6843819018712741,,0.9156304451670116,0.894287470086215
620,sertraline,Method 2,VGKDLMBJGBXTGI-SJCJKPOMSA-N,HMDB0005010,C07246,0.9256055363321799,False,all_pre_hcc,sample_median_scaled,True,-0.002336410153384528,-0.03012689912516591,0.013196274100090527,0.10601843195475492,0.77628269728344,0.21798676045033016,0.9626904277850581,,0.9161009692144161,0.860649621473309
1011,dihomo-linoleoylcarnitine (C20:2)*,Method 2,OLZWDVKTOGTVLC-UTJQPWESSA-N,,,0.0017301038062283738,True,all_pre_hcc,sample_median_scaled,True,-0.0009755413134106742,-0.04359788340058764,0.0038052526251141777,0.15407669838656848,0.7772058040769396,0.4613878470272704,0.6566061713836236,,0.9163307418264199,0.8816380950693892
943,2'-O-methyluridine,Method 3,SXUXMRMBWZCMEN-ZOQUXTDFSA-N,HMDB0240328,,0.031141868512110725,True,all_pre_hcc,sample_median_scaled,True,-0.0048092653277610545,-0.038461032800095114,0.0002031847326150364,0.13722526001086285,0.7792652825962608,0.9742237474649327,0.3861042607924287,,0.9164632044368992,0.9857259417614187
751,17alpha-hydroxypregnanolone glucuronide,Method 3,IZDWMNZNEAXAFE-CQQKWVOPSA-N,,,0.43252595155709345,False,all_pre_hcc,sample_median_scaled,True,-0.006151762434364497,-0.10963083004967746,-0.011052906940175371,0.39131622087339424,0.7793553856734421,0.3689043638384366,0.7961116846222702,,0.9164632044368992,0.8606806998529316
249,indolelactate,Method 3,XGILAAMKEQUXLS-UHFFFAOYSA-N,HMDB0000671,C02043,0.0,True,all_pre_hcc,sample_median_scaled,True,-0.0011443744730720213,-0.04914165322599704,-0.011263993764239243,0.17599233420928406,0.7800713144820093,0.39652045731505225,0.7113585449258155,,0.9164632044368992,0.8674430787831605
102,valine,Method 1,KZSNJWFQEVHDMF-BYPYZUCNSA-N,HMDB0000883,C00183,0.0017301038062283738,True,all_pre_hcc,sample_median_scaled,True,0.0038208716496407912,-0.028593767402533082,0.0007223919615614835,0.10248057295138108,0.7802321875611439,0.8492235099257424,0.5009820304294004,,0.9164632044368992,0.9581373771180125
1014,nervonoylcarnitine (C24:1)*,Method 2,QGIHQXKFCAACHN-SEYXRHQNSA-N,HMDB0006509,,0.029411764705882353,True,all_pre_hcc,sample_median_scaled,True,0.0022066079058212715,-0.04267407393609218,-0.0008979874843330031,0.1566645278520254,0.7853210656369407,0.9088837918257849,0.6738888506361747,,0.9215801311299174,0.965928897324246
1105,sulfate of piperine metabolite C16H19NO3 (3)*,Method 3,,,,0.00865051903114187,True,all_pre_hcc,sample_median_scaled,True,-0.006985536326522438,0.08123611453332596,-0.010424757418699039,0.2999152376444572,0.7864959582801488,0.524586172144724,0.7642327054348391,,0.9220987097077608,0.8895039981792914
61,inosine,Method 3,UGQMRVRMYYASKQ-KQYNXXCUSA-N,HMDB0000195,C00294,0.0034602076124567475,True,all_pre_hcc,sample_median_scaled,True,0.007544601730365153,0.05445736991588398,0.0075024937169446354,0.20829071208348854,0.7937463794851205,0.44707768282979476,0.45614862035957443,,0.92973272382894,0.8731385418330269
596,oxypurinol,Method 4,HXNFUBHNUDHIGC-UHFFFAOYSA-N,HMDB0000786,D02365,0.9619377162629758,False,all_pre_hcc,sample_median_scaled,True,-0.0011262504032604386,-0.027516325778354184,0.0015557497352636067,0.10567156819853081,0.7945592615895783,0.06986222665321894,1.0908790947565017,,0.9298191172834321,0.7340158078639959
479,glycerophosphoinositol*,Method 1,BMVUIWJCUQSHLZ-GFSNQTMESA-N,,,0.18685121107266436,True,all_pre_hcc,sample_median_scaled,True,-0.0039041034910371475,-0.07081040199302767,0.005500923024292619,0.27411240770981077,0.7961552089012246,0.7845819875483409,0.4869544323020317,,0.9308208669123983,0.9407865353739419
36,biliverdin,Method 2,QBUVFDKTZJNUPP-YBRAVLHJSA-N,HMDB0001008,C00500,0.0,True,all_pre_hcc,sample_median_scaled,True,-0.0038314048386715875,-0.055085134868788126,0.014775405356384254,0.21605657647934973,0.7987563169949404,0.09485845552335212,0.7943351642288448,,0.9329948438065321,0.7598235069151416
771,"5alpha-androstan-3alpha,17beta-diol monosulfate (2)",Method 3,LERFMBCTNMFXCT-ILBJSTGGSA-N,,,0.41522491349480967,False,all_pre_hcc,sample_median_scaled,True,-0.004857846318760312,0.1326809025259923,-0.009517172747483768,0.5234206679680804,0.7998910677286882,0.301976852545361,1.0022762247293968,,0.9334535836759645,0.860649621473309
259,1-stearoyl-GPI (18:0),Method 3,MXAFDFDAIFZFET-CLBYPKMISA-N,HMDB0240261,,0.0,True,all_pre_hcc,sample_median_scaled,True,0.0007158942946245587,-0.04338981822028717,-0.0071070246096488305,0.1728977732167138,0.8018477491392139,0.2981122834969875,0.5681281417402825,,0.9347185692704462,0.860649621473309
825,N-desmethyl tramadol,Method 1,VUMQHLSPUAFKKK-DZGCQCFKSA-N,HMDB0061007,,0.8875432525951558,False,all_pre_hcc,sample_median_scaled,True,0.0008874713209518642,0.08578022060496322,0.0022976461735034976,0.3428969508185745,0.802461092855391,0.8024836773807872,0.7089391146156441,,0.9347185692704462,0.9407865353739419
1086,3-indoleglyoxylic acid,Method 3,DWLVFWDCSFTDOD-UHFFFAOYSA-N,,,0.00865051903114187,True,all_pre_hcc,sample_median_scaled,True,-0.0069558838869782655,-0.04573250572074614,-0.0006467838903414591,0.1854583175863469,0.8052241288877535,0.9175666802165368,0.6742857603562529,,0.937069337780568,0.9680722792986562
774,4-hydroxychlorothalonil,Method 3,MDQKYGOECVSPIW-UHFFFAOYSA-N,HMDB0240624,,0.00865051903114187,True,all_pre_hcc,sample_median_scaled,True,-0.0026346625012720034,0.050265352022539546,0.017228083055097924,0.2067845101746652,0.8079427751348457,0.2758741806702597,0.9135186001688254,,0.9376871058177845,0.860649621473309
1189,hydroxypalmitoyl sphingomyelin (d18:1/16:0(OH))**,Method 2,FAVAZPKFPKOYCT-VTAPXIELSA-N,,,0.0,True,all_pre_hcc,sample_median_scaled,True,-0.0026843533524162633,-0.022272763310334686,0.0028282585645323104,0.0919506368580181,0.8086056535194299,0.5998313344685393,0.6153881172108336,,0.9376871058177845,0.894287470086215
851,2-hydroxylaurate,Method 3,YDZIJQXINJLRLL-UHFFFAOYSA-N,,,0.16262975778546712,True,all_pre_hcc,sample_median_scaled,True,-0.006829692289290806,0.06451709503300358,0.0340583892747187,0.26643999443418714,0.8086678612076892,0.026830247737185092,0.278962895851698,,0.9376871058177845,0.5870510593110491
1167,fibrinopeptide A (2-15)**,Method 3,BIJNWWNHDMFRFM-UHFFFAOYSA-N,,,0.1453287197231834,True,all_pre_hcc,sample_median_scaled,True,-0.004712891462285328,0.07068455799734191,-0.022085626084978948,0.2920169447077531,0.8087364942864039,0.05342606262383423,0.5456891988317741,,0.9376871058177845,0.7305570314604132
884,behenoyl dihydrosphingomyelin (d18:0/22:0)*,Method 2,FONAXCRWZQFJHY-JCGOJSMZSA-N,HMDB0012091,,0.0,True,all_pre_hcc,sample_median_scaled,True,-0.004608573341469393,-0.031289420822579565,-0.0024400765947903596,0.13204135884050136,0.812682531538966,0.6386729836627408,0.6325027553092115,,0.9413946820221171,0.9094394729837076
617,2-oxoarginine*,Method 1,ARBHXJXXVVHMET-UHFFFAOYSA-N,HMDB0004225,C03771,0.0,True,all_pre_hcc,sample_median_scaled,True,-0.005882643095515787,0.033834071266564375,0.00647890845985216,0.14543249128689967,0.8160374583025293,0.3954720910666132,0.5705903637864055,,0.9429457933604017,0.8674430787831605
1255,"bilirubin degradation product, C17H20N2O5 (2)**",Method 3,,,,0.010380622837370242,True,all_pre_hcc,sample_median_scaled,True,-0.004165934231171383,0.07260812292575002,0.00900671578002724,0.3122935858230334,0.8161500248663633,0.38233257382526475,0.6433671345994096,,0.9429457933604017,0.8674430787831605
497,tryptophan betaine,Method 1,AOHCBEAZXHZMOR-ZDUSSCGKSA-N,HMDB0061115,C09213,0.0,True,all_pre_hcc,sample_median_scaled,True,-0.008786836223332952,-0.07200060540807246,0.00671252409772688,0.309886926838785,0.8162702456037182,0.3995175229575658,0.5698536761906775,,0.9429457933604017,0.8674430787831605
933,1-linoleoyl-2-linolenoyl-GPC (18:2/18:3)*,Method 2,HZGAVPNEGHQJID-UNBCHYIMSA-N,HMDB0008141,,0.0034602076124567475,True,all_pre_hcc,sample_median_scaled,True,-0.0026633722369103076,0.038385078996865156,0.005482489943442424,0.1676737331146533,0.818925495814026,0.4857009947976043,0.39916457397516164,,0.9450271282275641,0.8816380950693892
1253,"bilirubin degradation product, C17H18N2O4 (3)**",Method 3,,,,0.0,True,all_pre_hcc,sample_median_scaled,True,-0.0007794136457856424,-0.05111014141739463,0.0056269283583119285,0.22407646818775415,0.8195744013483883,0.45016342233609796,0.694203571577785,,0.9450271282275641,0.8731385418330269
404,"1,7-dimethylurate",Method 3,NOFNCLGCUJJPKU-UHFFFAOYSA-N,HMDB0011103,C16356,0.01384083044982699,True,all_pre_hcc,sample_median_scaled,True,0.01029379884589029,0.0471906654255972,-0.007674135168047207,0.20890184357641745,0.8212801697222145,0.4389046554453785,0.5300595199759129,,0.9455965591400914,0.8731385418330269
775,isoeugenol sulfate,Method 3,HRHBRUPGUDLQIF-ONEGZZNKSA-N,,,0.39273356401384085,False,all_pre_hcc,sample_median_scaled,True,-0.007748911387732869,0.08936377818768171,-0.04481154015862206,0.3964263025988964,0.8216498835841812,0.08546430473725387,0.3359294633380159,,0.9455965591400914,0.7340158078639959
626,1-lignoceroyl-GPC (24:0),Method 2,SKJMUADLQLZAGH-WJOKGBTCSA-N,HMDB0010405,,0.1972318339100346,True,all_pre_hcc,sample_median_scaled,True,-0.008040298611915369,0.06310872625368422,0.0026566931351427203,0.28268093234353453,0.8233403664454467,0.9034657055053088,0.43975691723235183,,0.9455965591400914,0.9633991866838792
446,glutamine_degradant*,Method 1,NPWMTBZSRRLQNJ-UHFFFAOYSA-N,,,0.0,True,all_pre_hcc,sample_median_scaled,True,-0.0008587876270385991,-0.038988300192001675,-0.0024694014926415135,0.17524339857953042,0.8239395795764917,0.5885292553957502,0.7621347649575151,,0.9455965591400914,0.8918524885957959
1143,lithocholic acid sulfate (2),Method 3,AXDXVEYHEODSPN-HVATVPOCSA-N,,,0.6401384083044983,False,all_pre_hcc,sample_median_scaled,True,0.0007843198254945424,-0.07680883036365387,0.005982169779748817,0.3463798043610941,0.8245105077089914,0.6977039166074137,0.5689928919010396,,0.9455965591400914,0.9294235136125881
296,homocitrulline,Method 1,XIGSAGMEBXLVJJ-YFKPBYRVSA-N,HMDB0000679,C02427,0.01903114186851211,True,all_pre_hcc,sample_median_scaled,True,-0.0004042184780097684,0.04290815897943877,0.0022700013972034956,0.19357609223870456,0.8245782395681084,0.8221940484030427,0.4826238602624184,,0.9455965591400914,0.9456727998652892
307,1-methylhistidine,Method 3,BRMWTNUJHUMWMS-LURJTMIESA-N,HMDB0000001,C01152,0.0,True,all_pre_hcc,sample_median_scaled,True,-0.0011401838048724013,-0.0320639079124128,-0.006022658972357774,0.145694387264719,0.8258115919660165,0.5218352990083173,0.7242414456755765,,0.9455977538420504,0.8895039981792914
708,3beta-hydroxy-5-cholenoate,Method 3,HIAJCGFYHIANNA-QIZZZRFXSA-N,HMDB0000308,,0.15570934256055363,True,all_pre_hcc,sample_median_scaled,True,0.0018036051520353734,0.0630200492785833,-0.0015915466628973016,0.2887705831456832,0.8272454736911246,0.8714373791446436,0.7972155593740569,,0.9455977538420504,0.9633991866838792
35,beta-alanine,Method 1,UCMIRNVEIXFBKS-UHFFFAOYSA-N,HMDB0000056,C00099,0.0017301038062283738,True,all_pre_hcc,sample_median_scaled,True,-3.371935769118665e-05,0.030419188884634775,0.01577002644457327,0.1394519258837275,0.8273248048872107,0.0038021248633404786,0.533965341564737,,0.9455977538420504,0.26572628211568455
78,orotate,Method 4,PXQPEWDEAKTCGB-UHFFFAOYSA-N,HMDB0000226,C00295,0.0,True,all_pre_hcc,sample_median_scaled,True,-0.0009510851215402921,0.03964363052640382,0.005989768938589636,0.1831191410217138,0.8286051054752344,0.03324614470716339,0.9672366302584323,,0.9455977538420504,0.6435741630715983
785,vanillic alcohol sulfate,Method 3,LGXHPUANUXIBJQ-UHFFFAOYSA-N,HMDB0041788,,0.18166089965397925,True,all_pre_hcc,sample_median_scaled,True,-0.010101666536130186,0.10188888274669952,0.03056040730358181,0.4706781681299078,0.8286194538348937,0.2147812603480097,0.3073467386772436,,0.9455977538420504,0.860649621473309
367,N-acetylthreonine,Method 3,PEDXUVCGOLSNLQ-UHFFFAOYSA-N,HMDB0062557,,0.0,True,all_pre_hcc,sample_median_scaled,True,-0.0007661532403612356,0.027766770517525047,-0.0060309982658777895,0.12862743421450462,0.8290892865562651,0.3624892689926157,0.6920316288563151,,0.9455977538420504,0.860649621473309
292,1-oleoylglycerol (18:1),Method 3,RZRNAYUHWVFMIP-KTKRTIGZSA-N,HMDB0011567,,0.03460207612456748,True,all_pre_hcc,sample_median_scaled,True,-0.002276805000346335,0.08531733449283245,-0.002291424727675909,0.3984046609715792,0.8304320893283313,0.8270681039869977,0.5840493337142398,,0.9462713481657978,0.947588046280185
290,saccharin,Method 3,CVHZOJJKTDOEJC-UHFFFAOYSA-N,HMDB0029723,C12283,0.3373702422145329,False,all_pre_hcc,sample_median_scaled,True,0.01836600482954293,-0.11703908933233174,-0.03378905804244759,0.5531050179515254,0.8324161928283993,0.4673374445877271,0.45643675297684194,,0.947366279479581,0.8816380950693892
992,trazadone,Method 1,PHLBKPHSAVXXEF-UHFFFAOYSA-N,HMDB0014794,"C07156,D08626",0.9377162629757786,False,all_pre_hcc,sample_median_scaled,True,-0.00814800502722231,0.08070927485997675,0.007043874786911335,0.382597790073987,0.8329257347271593,0.41369805696022666,0.7014555843471175,,0.947366279479581,0.8731385418330269
1196,pregnenetriol sulfate*,Method 3,HIYOTPJZDPVBTL-HXOPQMAFSA-N,,,0.0,True,all_pre_hcc,sample_median_scaled,True,-0.0060539418738318135,0.05371926394171052,0.008654224945897227,0.25578187647302514,0.8336522030078666,0.4450645104395705,0.8333470617889666,,0.947366279479581,0.8731385418330269
1144,3-hydroxyhexanoylcarnitine (1),Method 1,VYEONLJQPYRKAN-UHFFFAOYSA-N,,,0.0,True,all_pre_hcc,sample_median_scaled,True,0.0018399005165912886,-0.031174152187593587,-0.004090884693195485,0.15059547871742837,0.8360052529454944,0.47409605477290484,0.550471619003842,,0.948371018621947,0.8816380950693892
91,serotonin,Method 1,QZAYGJVTTNCVMB-UHFFFAOYSA-N,HMDB0000259,C00780,0.058823529411764705,True,all_pre_hcc,sample_median_scaled,True,-0.002568074136068598,0.05785379600261195,-0.007537999223343754,0.2795461227247811,0.8360440855737195,0.35229195646510636,0.7482827297695768,,0.948371018621947,0.860649621473309
463,glutarylcarnitine (C5-DC),Method 1,NXJAXUYOQLTISD-UHFFFAOYSA-N,HMDB0013130,,0.0,True,all_pre_hcc,sample_median_scaled,True,0.0015988395641939356,-0.02601344581919049,-0.004915523324067609,0.12675360333271346,0.8373936409115232,0.5173609503817732,1.0280707757638647,,0.9488168037584133,0.8895039981792914
856,1-palmitoleoylglycerol (16:1)*,Method 3,KVYUBFKSKZWZSV-BQYQJAHWSA-N,HMDB0011565,,0.012110726643598616,True,all_pre_hcc,sample_median_scaled,True,0.007410072070528812,0.04571048387074542,-0.004623432932520653,0.2234989955420203,0.8379455238279787,0.6109843022138903,0.46462681031596953,,0.9488168037584133,0.900021372582054
507,desmethylnaproxen sulfate,Method 3,BNKMSCMOWGCUOF-QMMMGPOBSA-N,,,0.9636678200692042,False,all_pre_hcc,sample_median_scaled,True,-0.014185568292912953,-0.018184348003396567,0.01633092361796476,0.08942566121199312,0.8388646255612487,0.03529987480850236,0.16814763961161916,,0.9490033263993263,0.6627946643148651
524,1-stearoyl-2-arachidonoyl-GPS (18:0/20:4),Method 2,SVOUGFFDROZBJI-DNALCEECSA-N,HMDB0012383,,0.7906574394463668,False,all_pre_hcc,sample_median_scaled,True,0.0008598599769536088,0.03997070933207896,-0.008854126549774195,0.19811851680898723,0.8401109936837533,0.2756652053334183,0.7813582646790821,,0.9492170956547593,0.860649621473309
681,2-stearoyl-GPE (18:0)*,Method 3,KIHAGWUUUHJRMS-JOCHJYFZSA-N,HMDB0011129,,0.039792387543252594,True,all_pre_hcc,sample_median_scaled,True,-0.0008528510913353143,-0.038501153297990816,0.009573169127612852,0.19155879109034343,0.8407074061839751,0.10622233070888383,0.4249251839758103,,0.9492170956547593,0.7707122735653882
1219,feruloylquinate (4),Method 3,RAGZUCNPTLULOL-KQJPBSFVSA-N,,,0.6868512110726643,False,all_pre_hcc,sample_median_scaled,True,0.0014438108522174652,-0.0714551621743936,-0.015751415208512087,0.35690305352415336,0.8413172191216667,0.4874946774728417,0.3883931864967658,,0.9492170956547593,0.8816380950693892
1044,heptenedioate (C7:1-DC)*,Method 4,OXQWBLJQOBXJPM-DUXPYHPUSA-N,,,0.015570934256055362,True,all_pre_hcc,sample_median_scaled,True,0.007787333554821543,-0.04132414210399714,-0.005792155886727813,0.20872714736540732,0.8430594317237664,0.4959954739727074,0.38126358858056225,,0.9503304346850342,0.8850529166775403
826,arabitol/xylitol,Method 4,HEBKCHPVOIAQTA-IMJSIDKUSA-N,"HMDB0001851,HMDB0000568,HMDB0002917","C00379,C00542,C01904",0.0,True,all_pre_hcc,sample_median_scaled,True,-0.00042197872103231474,0.025080760588471463,-0.005583422279482765,0.1301352879061024,0.8471717119252116,0.23063716869482453,0.7986494790256713,,0.9525511639637401,0.860649621473309
994,"sphingomyelin (d18:0/20:0, d16:0/22:0)*",Method 2,UGRZESKDAPEULH-ACEXITHZSA-N,HMDB0012090,,0.0,True,all_pre_hcc,sample_median_scaled,True,-0.005351560441751402,0.03329107160193729,-0.005210524785720831,0.17280190137501994,0.8472295246668018,0.2656490595984664,0.9368961713538267,,0.9525511639637401,0.860649621473309
500,thymol sulfate,Method 3,NODSEPOUFZPJEQ-UHFFFAOYSA-N,HMDB0062720,C09908,0.0034602076124567475,True,all_pre_hcc,sample_median_scaled,True,-0.0007434133742460595,0.07789216441285901,-0.050817310919361064,0.4063602995615782,0.8479909026412288,6.839923280678183e-05,0.5176520300260886,,0.9525511639637401,0.08604623487093155
941,4-aminophenol sulfate (2),Method 3,DJEGXIBXYHERSU-UHFFFAOYSA-N,,,0.8927335640138409,False,all_pre_hcc,sample_median_scaled,True,0.005141967464166379,0.04213810544799437,-0.009361710976296053,0.22012165257104854,0.8481879439948362,0.1302980121721045,0.8060830053181681,,0.9525511639637401,0.7802615335128658
159,N-carbamoylaspartate,Method 1,HLKXYZVTANABHZ-REOHCLBHSA-N,HMDB0000828,C00438,0.9221453287197232,False,all_pre_hcc,sample_median_scaled,True,-0.004807200092014785,0.02896009922564669,0.007024055911818118,0.15191782721843972,0.8488154648675299,0.029662673716152152,0.6442623692806024,,0.9525511639637401,0.6018652183051517
971,N-palmitoylserine,Method 3,BFVRFWIQTACAPT-KRWDZBQOSA-N,,,0.13667820069204153,True,all_pre_hcc,sample_median_scaled,True,-0.006061351515087052,-0.0462723907354666,-0.0012309109860500454,0.24496443283067273,0.8501756429522935,0.8648853401004875,0.5471789111500012,,0.9532272360374201,0.9633991866838792
168,urate,Method 3,LEHOTFFKMJEONL-UHFFFAOYSA-N,HMDB0000289,C00366,0.0,True,all_pre_hcc,sample_median_scaled,True,-0.0013801725375891922,0.024005731067492125,-0.004982960377309984,0.12825882563624322,0.8515302390696656,0.42310744223315555,0.76312734542855,,0.9534047297996163,0.8731385418330269
609,diphenhydramine,Method 2,ZZVUWRFHKOJYTH-UHFFFAOYSA-N,HMDB0001927,C06960,0.9290657439446367,False,all_pre_hcc,sample_median_scaled,True,-0.001948317055604624,-0.018871007585019747,-0.00011311285316188906,0.1010447717870228,0.8518496949878924,0.9905201919698318,0.8663347407502949,,0.9534047297996163,0.9944727865108128
134,caproate (6:0),Method 3,FUZZWVXGSFPDMH-UHFFFAOYSA-N,HMDB0000535,C01585,0.0,True,all_pre_hcc,sample_median_scaled,True,-0.003151347112084139,-0.034995815571845265,0.005014665479679328,0.19159744851101382,0.8550704317490039,0.6412146699752543,0.6761187400571008,,0.9537278488740002,0.9094394729837076
821,C-glycosyltryptophan,Method 3,CPXSBHKDEPPWIX-RAYCSJGISA-N,HMDB0240296,,0.0,True,all_pre_hcc,sample_median_scaled,True,-0.0011504901967649508,-0.02416682876320748,-0.0025202462003142906,0.13351373349590762,0.8563626200550655,0.6810606895281466,0.7886202539878309,,0.9537278488740002,0.9232482192094918
682,(R)-3-hydroxybutyrylcarnitine,Method 1,UEFRDQSMQXDWTO-UHFFFAOYSA-N,HMDB0013127,,0.05709342560553633,True,all_pre_hcc,sample_median_scaled,True,0.010535622386320867,-0.04465109280226763,-0.01416475037812529,0.2492074902355433,0.8578023703007042,0.17694586967536285,0.46369782046413077,,0.9537278488740002,0.8345004227693749
917,glycocholate glucuronide (1),Method 3,BWWWIHHYPYDOJQ-ICKMJTCPSA-N,,,0.42560553633217996,False,all_pre_hcc,sample_median_scaled,True,0.007017561520834225,0.06706331051770795,0.014857892007393072,0.3745838212700276,0.8579108567244321,0.33172991535716523,0.723937025947973,,0.9537278488740002,0.860649621473309
539,pregnenediol disulfate (C21H34O8S2)*,Method 3,RKYCGXFEFAPXIP-BWUXAKENSA-N,,,0.0,True,all_pre_hcc,sample_median_scaled,True,-0.0019022058688077741,-0.04812787323708868,-0.006629033031104762,0.2697705628356566,0.8584065064944443,0.4923546489669882,0.8690687473399306,,0.9537278488740002,0.8835693985741385
658,N6-methyllysine,Method 1,PQNASZJZHFPQLE-LURJTMIESA-N,HMDB0002038,C02728,0.0,True,all_pre_hcc,sample_median_scaled,True,0.0018212824702311418,-0.03677344989864353,-0.0012570847062878326,0.20622479807895602,0.8584737903963129,0.6350881660423874,0.8513824323122763,,0.9537278488740002,0.9094394729837076
324,pyridoxate,Method 3,HXACOUQIXZGNBF-UHFFFAOYSA-N,HMDB0000017,C00847,0.0,True,all_pre_hcc,sample_median_scaled,True,0.007624042677367264,0.05091479569608445,-0.046794484093527274,0.2857309666763217,0.8585726779568049,0.04078872113759185,0.5127205353198994,,0.9537278488740002,0.6835859964403045
1250,"bilirubin degradation product, C16H18N2O5 (2)**",Method 3,,,,0.07439446366782007,True,all_pre_hcc,sample_median_scaled,True,-0.00962434102636453,-0.05937385907771268,0.018769833662673145,0.3352114381428351,0.8594112992757692,0.04515970548077752,0.6049342427475674,,0.9537278488740002,0.6942666304080307
1047,glucuronide of C14H26O4 (1)*,Method 3,,,,0.48961937716262977,False,all_pre_hcc,sample_median_scaled,True,0.007073609312002518,0.06050045238363568,0.007830356303313498,0.3419147165894409,0.8595507807514131,0.555834943236263,0.40454665383829563,,0.9537278488740002,0.8918524885957959
229,3-methylhistidine,Method 3,JDHILDINMRGULE-LURJTMIESA-N,HMDB0000479,C01152,0.0,True,all_pre_hcc,sample_median_scaled,True,-0.003051271062649235,-0.05954786141831582,-0.010379807367202148,0.3388722413300682,0.8605110676421961,0.5599897006042556,0.39168927563867184,,0.9537278488740002,0.8918524885957959
23,"adenosine 3',5'-cyclic monophosphate (cAMP)",Method 3,IVOMOUWHDPKRLL-UHFFFAOYSA-N,HMDB0000058,C00575,0.370242214532872,False,all_pre_hcc,sample_median_scaled,True,0.004847384757619464,0.03323337040471595,0.0034894021330487916,0.18988340453884284,0.8610640138268235,0.7230160954287699,0.4807845203232343,,0.9537278488740002,0.9315455504233345
768,octadecenedioylcarnitine (C18:1-DC)*,Method 2,CYPBWZKNUDFJJE-PLNGDYQASA-N,,,0.0034602076124567475,True,all_pre_hcc,sample_median_scaled,True,0.0005957189950536275,-0.029367416690858315,0.004245819212491909,0.1680048018172547,0.8612359589196059,0.6648452385702703,0.5574442420992708,,0.9537278488740002,0.9184728843022074
530,"bilirubin (E,E)*",Method 2,BPYKTIZUTYGOLE-VVCLLGATSA-N,HMDB0240584,,0.0,True,all_pre_hcc,sample_median_scaled,True,-0.00567691505510748,-0.036947389765584836,0.017337401757432713,0.21598167253230563,0.8641708906168739,0.11787400047592661,0.8678149275585132,,0.9547490333743109,0.7723202739516442
840,"1,2-dilinoleoyl-GPC (18:2/18:2)",Method 2,FVXDQWZBHIXIEJ-LNDKUQBDSA-N,HMDB0008138,,0.0,True,all_pre_hcc,sample_median_scaled,True,-0.0014140921000900006,-0.020981796772559666,0.0009074807088600204,0.12385981638474512,0.8654823798899033,0.8981340669810127,0.4760569542663186,,0.9547490333743109,0.9633991866838792
765,alpha-CMBHC glucuronide,Method 3,DYOFESDCRUIQTB-UHFFFAOYSA-N,,,0.42214532871972316,False,all_pre_hcc,sample_median_scaled,True,0.01485937782508955,-0.05807154654196444,0.004721060032813492,0.34443547305755384,0.8661119068177862,0.7344544358883404,0.6588717448952146,,0.9547490333743109,0.932629781173574
1033,hydroxy-CMPF*,Method 3,OZOJARPUDFLESM-UHFFFAOYSA-N,,,0.0,True,all_pre_hcc,sample_median_scaled,True,0.005982156070886741,0.05997909109000661,-0.00597650740787475,0.3565774517851694,0.866419843703661,0.6245882227410036,0.7620165307969662,,0.9547490333743109,0.9094394729837076
24,adenosine 5'-monophosphate (AMP),Method 1,UDMBCSSLTHHNCD-UHFFFAOYSA-N,HMDB0000045,C00020,0.3408304498269896,False,all_pre_hcc,sample_median_scaled,True,0.0002815292945986107,-0.03670417313757485,0.016562060063954002,0.21851029552522383,0.8666032842592777,0.06817536762938887,0.3983866616299825,,0.9547490333743109,0.7340158078639959
345,sebacate (C10-DC),Method 3,CXMXRPHRNRROMY-UHFFFAOYSA-N,HMDB0000792,C08277,0.012110726643598616,True,all_pre_hcc,sample_median_scaled,True,-0.0021874416161517265,0.033797057748909634,0.01290410856809621,0.20136871630727432,0.8667117616164254,0.24138784533634539,0.4550724987763977,,0.9547490333743109,0.860649621473309
484,1-palmitoyl-GPI (16:0),Method 3,UOXRPRZMAROFPH-AQFLIPHUSA-N,HMDB0061695,,0.0,True,all_pre_hcc,sample_median_scaled,True,-0.0017892749510130836,-0.03164030372248637,-0.0034021272751387998,0.19084429577102688,0.8683212761449693,0.6504668392734363,0.5349786227009502,,0.9556000387759223,0.9121232649974909
835,glycodeoxycholate 3-sulfate,Method 3,QJZCNFGUZPMYAX-WWZCPACMSA-N,,,0.4602076124567474,False,all_pre_hcc,sample_median_scaled,True,0.02191659299265271,-0.11119741672723979,-0.022731181697567306,0.6742328973937897,0.8690035328773092,0.3723015496096067,0.7868407491961973,,0.9556000387759223,0.8622171838252481
908,1-linoleoyl-2-arachidonoyl-GPE (18:2/20:4)*,Method 2,LFGBKOUQHCWBQI-BZGLIJSBSA-N,HMDB0009102,,0.20242214532871972,False,all_pre_hcc,sample_median_scaled,True,0.010292037909120649,-0.054545266035012016,-0.001118570286952944,0.338019319465117,0.8718041173622454,0.9567058004545348,0.22094639341523792,,0.9556974625843649,0.9816769143326303
969,2-hydroxybehenate,Method 3,RPGJJWLCCOPDAZ-UHFFFAOYSA-N,HMDB0061660,,0.02768166089965398,True,all_pre_hcc,sample_median_scaled,True,-0.004213402118569168,0.031148583215823186,0.0031063253146843043,0.19449364811027292,0.8727611919293788,0.761111067012959,0.6118793651213734,,0.9556974625843649,0.9350781752039757
1204,3-hydroxydecanoylcarnitine,Method 2,VCRSQDIROUELAR-UHFFFAOYSA-N,HMDB0061636,,0.0,True,all_pre_hcc,sample_median_scaled,True,0.004321910824212276,-0.029926643651778575,-0.0052232591371375245,0.18736054316019288,0.8730956846185505,0.48497456155577234,0.5790988080815812,,0.9556974625843649,0.8816380950693892
1080,"sphingomyelin (d17:1/14:0, d16:1/15:0)*",Method 2,VDFACZRLDXDTEB-WSYRTZMQSA-N,,,0.0,True,all_pre_hcc,sample_median_scaled,True,0.00016932504093709452,-0.023007861591372164,0.0019945925627453368,0.14503979485320154,0.8739593107987205,0.7894773141811429,0.7004486775056464,,0.9556974625843649,0.9407865353739419
853,pregabalin,Method 1,AYXYPKUFHZROOJ-UHFFFAOYSA-N,HMDB0014375,,0.9377162629757786,False,all_pre_hcc,sample_median_scaled,True,-0.002491225296807892,0.04135683857589498,0.009266967129621525,0.2637206101178737,0.8753861946430831,0.34217947316560626,0.8204204640973939,,0.9556974625843649,0.860649621473309
167,2-aminobutyrate,Method 1,QWCKQJZIFLGMSD-GSVOUGTGSA-N,HMDB0000452,C02356,0.0,True,all_pre_hcc,sample_median_scaled,True,0.0017008104986431574,0.023595049825687376,0.006028489323307543,0.1514274549268597,0.8761768637818201,0.39813923030575216,0.7727985731910932,,0.9556974625843649,0.8674430787831605
1101,glucuronide of piperine metabolite C17H21NO3 (3)*,Method 3,,,,0.029411764705882353,True,all_pre_hcc,sample_median_scaled,True,-0.007282847694647766,-0.050247491242565195,-0.013554703086625831,0.3237850271367072,0.8766732532775199,0.4332552350810074,0.6477083587149449,,0.9556974625843649,0.8731385418330269
621,gabapentin,Method 1,UGJMXCAKCUNAIE-UHFFFAOYSA-N,HMDB0005015,D00332,0.8477508650519031,False,all_pre_hcc,sample_median_scaled,True,0.0043731245171358644,0.07248728484402453,0.02256849887644783,0.46740196466145306,0.8767538837641045,0.44271928782104086,0.9101427651440508,,0.9556974625843649,0.8731385418330269
1243,diazepam,Method 2,AAOVKJBEBIDNHE-UHFFFAOYSA-N,HMDB0014967,D00293,0.9896193771626297,False,all_pre_hcc,sample_median_scaled,True,0.0006518113617887219,0.007477575188563183,-0.004594671844315697,0.04836442771894831,0.8771295843987664,0.4463363481183762,0.002563018520999712,,0.9556974625843649,0.8731385418330269
529,succinylcarnitine (C4-DC),Method 1,HAEVNYBCYZZDFL-UHFFFAOYSA-N,HMDB0061717,,0.00865051903114187,True,all_pre_hcc,sample_median_scaled,True,-0.003593033991377591,0.022152505754486372,0.0061414171016967375,0.14539574609500128,0.8789029504808836,0.10839543172677592,0.4512189693415951,,0.9556974625843649,0.7707122735653882
114,pyruvate,Method 4,LCTONWCANYUPML-UHFFFAOYSA-N,HMDB0000243,C00022,0.0,True,all_pre_hcc,sample_median_scaled,True,-0.007401870790846167,-0.03590810578683417,0.01395217273881967,0.23691276754349883,0.8795286347940453,0.0764552043365329,0.8667115222296758,,0.9556974625843649,0.7340158078639959
368,phenylacetylglycine,Method 3,UTYVDVLMYQPLQB-UHFFFAOYSA-N,HMDB0000821,C05598,0.48788927335640137,False,all_pre_hcc,sample_median_scaled,True,0.0026679461967877827,0.05754839622690886,0.021127823060668363,0.3819652858460205,0.8802408174448044,0.2313095050012205,0.2932571938430239,,0.9556974625843649,0.860649621473309
696,2-hydroxydecanoate,Method 3,GHPVDCPCKSNJDR-UHFFFAOYSA-N,HMDB0094656,,0.0,True,all_pre_hcc,sample_median_scaled,True,-0.0039962297993370085,-0.02971962717632135,-0.0025358329665996896,0.19903913904172876,0.8813046906540978,0.7800039836435086,0.7301781097562816,,0.9556974625843649,0.9407865353739419
1066,N4-acetylsulfamethoxazole*,Method 3,GXPIUNZCALHVBA-UHFFFAOYSA-N,HMDB0013854,"D01601,C13061",0.9826989619377162,False,all_pre_hcc,sample_median_scaled,True,0.004828066142630155,-0.03483195517974518,-0.0015606736415181746,0.23474527819177612,0.8820413675642931,0.8171540566974147,0.024736046273873293,,0.9556974625843649,0.9444540834433404
517,gamma-glutamylalanine,Method 1,WQXXXVRAFAKQJM-WHFBIAKZSA-N,HMDB0029142,C03738,0.05190311418685121,True,all_pre_hcc,sample_median_scaled,True,0.0016188065146112585,0.031157521679127758,0.0014977784452563608,0.2102279339042931,0.8821783930341406,0.8812408798544077,0.621174828068103,,0.9556974625843649,0.9633991866838792
919,(S)-3-hydroxybutyrylcarnitine,Method 1,UEFRDQSMQXDWTO-UHFFFAOYSA-N,HMDB0013127,,0.0,True,all_pre_hcc,sample_median_scaled,True,0.0016138646309121988,0.023375534763827206,-0.001850827293130546,0.15784905775806732,0.882273402140391,0.8488733984535949,0.5600220420834547,,0.9556974625843649,0.9581373771180125
1057,genistein sulfate*,Method 3,DKEIWIJUHWVGRC-UHFFFAOYSA-N,,,0.5674740484429066,False,all_pre_hcc,sample_median_scaled,True,-0.0034557745983221093,-0.05300810280810485,-0.005918047280647782,0.36008219019443904,0.882965383081376,0.6921246349015693,0.15688240379285653,,0.9556974625843649,0.928469821638304
505,1-linoleoyl-GPI (18:2)*,Method 3,SAHCQBPGXQFTRA-WNOZMNFTSA-N,HMDB0240597,,0.0,True,all_pre_hcc,sample_median_scaled,True,0.001396890439639375,-0.023470173883803475,-0.004665221204629487,0.15962486109984664,0.8831057175927566,0.5344544756294511,0.5786231456143132,,0.9556974625843649,0.8895798552766429
872,1-palmitoyl-2-docosahexaenoyl-GPE (16:0/22:6)*,Method 2,MPWUZHVZZKSTPV-MADBQMNMSA-N,HMDB0008946,,0.0,True,all_pre_hcc,sample_median_scaled,True,0.00285740407559479,-0.027540294655565185,-0.006176464373020142,0.18798780773958995,0.8835263505450052,0.10812357651664142,0.705392777743903,,0.9556974625843649,0.7707122735653882
1249,"bilirubin degradation product, C16H18N2O5 (1)**",Method 3,,,,0.4083044982698962,False,all_pre_hcc,sample_median_scaled,True,-0.007004790057321313,-0.05447157992300063,0.01575324022605469,0.37884252710238614,0.8856708584554662,0.4028714928713315,0.6494414108157991,,0.957146345235811,0.8674430787831605
429,1-stearoyl-GPG (18:0),Method 3,HFJVKBVEKQHVTO-OZAIVSQSSA-N,,,0.0657439446366782,True,all_pre_hcc,sample_median_scaled,True,-0.003127507617865291,0.030501189651729883,-0.008478470434082222,0.21347901374888156,0.8863875136722732,0.043804489605368375,0.8758047784300141,,0.957146345235811,0.6942666304080307
555,pregnenediol sulfate (C21H34O5S)*,Method 3,MENQCIVHHONJLU-UHFFFAOYSA-N,HMDB0000774,C18044,0.0,True,all_pre_hcc,sample_median_scaled,True,-0.0033338585802796055,0.034785548291174924,0.000820783712682787,0.2475737008559831,0.8882603466196494,0.9476871632574029,0.8308816974775647,,0.9572976280146844,0.9803589194340951
1041,dodecenedioate (C12:1-DC)*,Method 3,OHCMUMNQAHNIEP-HNQUOIGGSA-N,HMDB0000933,,0.01903114186851211,True,all_pre_hcc,sample_median_scaled,True,-0.0014957460629719057,0.028807136682589513,0.0009236005178261758,0.20591287562449231,0.8887392876055208,0.9371866307141037,0.4484203314394685,,0.9572976280146844,0.9742998945982622
235,imidazole lactate,Method 1,ACZFBYCNAVEFLC-UHFFFAOYSA-N,HMDB0002320,C05568,0.0,True,all_pre_hcc,sample_median_scaled,True,-0.001002063751713284,-0.01706542268179001,0.002967005672051415,0.12304851183613776,0.8896962471926293,0.554898264231548,1.002534093765152,,0.9572976280146844,0.8918524885957959
661,imidazole propionate,Method 1,ZCKYOWGFRHAZIQ-UHFFFAOYSA-N,HMDB0002271,,0.0,True,all_pre_hcc,sample_median_scaled,True,-0.008972573842559346,0.030752795830762302,0.007076075040934664,0.2233649210964625,0.8904936326323565,0.381863969513644,0.4776763331751344,,0.9572976280146844,0.8674430787831605
631,3-(4-hydroxyphenyl)propionate,Method 3,NMHMNPHRMNGLLB-UHFFFAOYSA-N,HMDB0002199,C01744,0.22664359861591696,False,all_pre_hcc,sample_median_scaled,True,-0.0017982701213304952,0.03991908020386121,-0.0027677565246546276,0.2904303899980669,0.8906766817515777,0.8673532696631615,0.43079120949186694,,0.9572976280146844,0.9633991866838792
226,suberate (C8-DC),Method 4,TYFQFVWCELRYAO-UHFFFAOYSA-N,HMDB0000893,C08278,0.2698961937716263,False,all_pre_hcc,sample_median_scaled,True,0.0062289456698975424,-0.031166574480330375,0.013018601241808326,0.2276248818740387,0.8910934200359264,0.434723543322867,0.17614210081779968,,0.9572976280146844,0.8731385418330269
935,hexadecadienoate (16:2n6),Method 3,WPJGPAAPSBVXNU-HZJYTTRNSA-N,HMDB0000477,,0.01384083044982699,True,all_pre_hcc,sample_median_scaled,True,0.0017047588276612872,0.026626547889205526,0.009400224252761831,0.20106089967018986,0.8946439787966383,0.39583110616839545,0.3555274076991209,,0.9574721921586471,0.8674430787831605
1021,"N,N,N-trimethyl-5-aminovalerate",Method 1,CDLVFVFTRQPQFU-UHFFFAOYSA-N,,,0.0,True,all_pre_hcc,sample_median_scaled,True,0.0024132677955877725,-0.015184850925368101,-0.006529250237609377,0.11594548321615182,0.8958026488102491,0.02232449920836587,0.8395688290471172,,0.9574721921586471,0.5870510593110491
513,methylphosphate,Method 1,CAAULPUQFIIOTL-UHFFFAOYSA-N,HMDB61711,,0.0,True,all_pre_hcc,sample_median_scaled,True,-0.0016869626353294232,0.016747874503802242,0.000590401374907186,0.1280548288636767,0.8959440073047664,0.8915300649383863,0.8121941738062596,,0.9574721921586471,0.9633991866838792
1083,8-methoxykynurenate,Method 3,BXZSKDOPGDPDEG-UHFFFAOYSA-N,HMDB0060426,C05830,0.07093425605536333,True,all_pre_hcc,sample_median_scaled,True,-0.0008516696429507638,0.036245266794688605,0.0032597655501460164,0.27752492058799016,0.8960902827538872,0.6600646704459296,0.7115269041492418,,0.9574721921586471,0.916804937413042
1123,4-methylhexanoylglutamine,Method 3,VCZLDSLBUPQMCV-UHFFFAOYSA-N,,,0.28027681660899656,False,all_pre_hcc,sample_median_scaled,True,0.0069607747173136645,-0.03947853894252406,-0.0008769953261852956,0.3026770726972613,0.8962252699663058,0.9622275803854359,0.5315530433919536,,0.9574721921586471,0.9833324907594462
847,1-palmitoyl-2-stearoyl-GPC (16:0/18:0),Method 2,PZNPLUBHRSSFHT-RRHRGVEJSA-N,HMDB0007970,C03889,0.0,True,all_pre_hcc,sample_median_scaled,True,-0.00219041457895482,-0.008102629497181324,0.0007777614805384279,0.06231524088612044,0.8965455009708079,0.8661381538366472,0.7291891364552439,,0.9574721921586471,0.9633991866838792
680,lanthionine,Method 1,DWPCPZJAHOETAG-IMJSIDKUSA-N,,,0.03806228373702422,True,all_pre_hcc,sample_median_scaled,True,2.1587736384559367e-05,-0.024084853013584994,0.0007151341472587993,0.18529914494601116,0.8965836584760623,0.9261116165661013,0.3424942060975701,,0.9574721921586471,0.9714957116587232
27,arachidonate (20:4n6),Method 3,YZXBAPSDXZZRGB-DOFZRALJSA-N,HMDB0001043,C00219,0.0,True,all_pre_hcc,sample_median_scaled,True,-0.0006163984268756995,-0.01725275325500898,-0.002971557828146494,0.13580809492710075,0.8989105294762498,0.6348472466035716,0.5815372578315786,,0.9591414061187841,0.9094394729837076
294,2-oleoylglycerol (18:1),Method 3,UPWGQKDVAURUGE-KTKRTIGZSA-N,HMDB0011537,,0.08996539792387544,True,all_pre_hcc,sample_median_scaled,True,0.010212653384538672,-0.03974335611204428,-0.021566749480132843,0.31713196283053524,0.900269274381776,0.19879227100810326,0.4639902965444276,,0.9591414061187841,0.856440674411623
189,gamma-glutamylleucine,Method 1,MYFMARDICOWMQP-YUMQZZPRSA-N,HMDB0011171,,0.0,True,all_pre_hcc,sample_median_scaled,True,0.001928199545131139,-0.014733885105182767,-0.0017305302804119912,0.1191647920368511,0.9015979929625982,0.7076044732052691,0.6597578013600645,,0.9591414061187841,0.9294235136125881
494,N6-acetyllysine,Method 3,DTERQYGMUDWYAZ-ZETCQYMHSA-N,HMDB0000206,C02727,0.0,True,all_pre_hcc,sample_median_scaled,True,0.0002784743366880513,0.01344961273686797,-0.0023942182160252195,0.10921721100256541,0.9019918477345599,0.7036237986936493,0.8384364387217673,,0.9591414061187841,0.9294235136125881
171,oleoyl ethanolamide,Method 3,BOWVQLFMWHZBEF-KTKRTIGZSA-N,HMDB0002088,,0.0,True,all_pre_hcc,sample_median_scaled,True,-0.0005704902876784844,0.01828046825164702,0.0032543784915073097,0.14931703498157628,0.9025606887871587,0.6269818936902819,0.6606250685838424,,0.9591414061187841,0.9094394729837076
983,"glycosyl ceramide (d18:1/23:1, d17:1/24:1)*",Method 2,ZTXYYHYUNQRYIR-BLIGVESQSA-N,,,0.21280276816608998,False,all_pre_hcc,sample_median_scaled,True,0.0006009123585841315,0.03436152113753716,0.0003237498080304666,0.28113476859150655,0.9027213234059145,0.9791689255124474,0.4538958691310547,,0.9591414061187841,0.9857259417614187
1063,"N,N,N-trimethyl-alanylproline betaine (TMAP)",Method 1,KXONJPJIFNGMCN-UHFFFAOYSA-N,HMDB0240365,,0.0,True,all_pre_hcc,sample_median_scaled,True,0.0015674461754437308,-0.011470824110900288,-0.0021986370680588696,0.09496943228776883,0.9038618215282149,0.7736024186990584,0.6342045004858126,,0.959542760744721,0.9402819736458121
395,metoprolol acid metabolite*,Method 1,PUQIRTNPJRFRCZ-UHFFFAOYSA-N,,,0.9307958477508651,False,all_pre_hcc,sample_median_scaled,True,0.001119804906592763,0.020220770545676444,-0.00778965527971705,0.16914667873265235,0.904842978002062,0.32437196336849605,0.6455925769199855,,0.9595459698223026,0.860649621473309
476,undecanedioate (C11-DC),Method 3,LWBHHRRTOZQPDM-UHFFFAOYSA-N,HMDB0000888,,0.27335640138408307,False,all_pre_hcc,sample_median_scaled,True,-0.009129311554870127,0.028979449158940126,0.01621607301777763,0.24382218981058806,0.905390354673349,0.3605743320119308,0.3589631703390702,,0.9595459698223026,0.860649621473309
348,I-urobilinogen,Method 3,OBHRVMZSZIDDEK-UHFFFAOYSA-N,HMDB0004157,C05789,0.22491349480968859,False,all_pre_hcc,sample_median_scaled,True,0.0012515040486567126,0.07122904584332491,0.0368260605398366,0.6131188705628989,0.9075139000220422,0.33815939252823346,0.7082948157082889,,0.9609869412691323,0.860649621473309
606,cotinine N-oxide,Method 1,CIPULDKLIIVIER-VIFPVBQESA-N,HMDB0001411,,0.7975778546712803,False,all_pre_hcc,sample_median_scaled,True,0.0007462605503685749,-0.028035585364914697,0.0047209784410839764,0.24592756592893253,0.9092383000011126,0.3579945820041379,0.8703872773797461,,0.9612238964473968,0.860649621473309
1126,1-heptadecenoylglycerol (17:1)*,Method 3,KRUXHXDPFZXFJX-FPLPWBNLSA-N,,,0.5242214532871973,False,all_pre_hcc,sample_median_scaled,True,0.013217371639392602,-0.03410492386539436,-0.01116636897604398,0.3004467449156034,0.9096230325961716,0.2918962592500336,0.42997376797037123,,0.9612238964473968,0.860649621473309
970,2-hydroxynervonate*,Method 3,UFOOFOUFKSIFCD-KTKRTIGZSA-N,,,0.04498269896193772,True,all_pre_hcc,sample_median_scaled,True,-0.01029629405475793,-0.03612347422121779,0.01466155203964148,0.3196745568211761,0.9100299369386722,0.39623154344487166,0.4122206748968246,,0.9612238964473968,0.8674430787831605
660,dihydroferulate,Method 3,BOLQJTPHPSDZHR-UHFFFAOYSA-N,HMDB0062121,,0.21107266435986158,False,all_pre_hcc,sample_median_scaled,True,0.002192679829108732,0.04062423620963157,-0.0014617483216033708,0.3639826012826576,0.9111323419080971,0.9483974242763165,0.4434617027624608,,0.9615809447318677,0.9803589194340951
753,N-acetyltaurine,Method 3,CXJAAWRLVGAKDV-UHFFFAOYSA-N,HMDB0240253,,0.010380622837370242,True,all_pre_hcc,sample_median_scaled,True,0.001030920269488026,0.022788870059251707,-0.009293787675293132,0.20754904029140106,0.9125680467005073,0.34011498099633564,0.7396873207887847,,0.9622888539390093,0.860649621473309
1199,glu-gly-asn-val**,Method 3,QTVRCQRIGVKQHD-UHFFFAOYSA-N,,,0.01384083044982699,True,all_pre_hcc,sample_median_scaled,True,-0.01190341517134594,0.03196661442670405,-0.006939171661810762,0.293816058945376,0.9133626700951871,0.5143299543109368,0.32847169716092595,,0.9623201331488656,0.8895039981792914
77,ornithine,Method 1,AHLPHDHHMVZTML-BYPYZUCNSA-N,HMDB0000214,C00077,0.0,True,all_pre_hcc,sample_median_scaled,True,0.0009341390856880264,-0.008932792599857546,-0.0018096147667184008,0.08480302244945344,0.916109371771677,0.6413536868478034,0.5106642086649532,,0.9644063512039913,0.9094394729837076
118,arabinose,Method 4,SRBFZHDQGSBBOR-SQOUGZDYSA-N,HMDB0029942,C00216,0.3027681660899654,False,all_pre_hcc,sample_median_scaled,True,-0.0012494323638056705,0.036523085365766234,0.019876371039523562,0.3572832057086425,0.9185785074157492,0.348120524853089,0.46136409969534325,,0.9661971256931542,0.860649621473309
490,alpha-hydroxycaproate,Method 3,NYHNVHGFPZAZGA-UHFFFAOYSA-N,HMDB0001624,,0.19204152249134948,True,all_pre_hcc,sample_median_scaled,True,-0.005202433027689767,-0.03032690524546727,0.019213473723991424,0.3116217577017424,0.9224725902240445,0.2548109002769615,0.413015392268208,,0.9694824715971996,0.860649621473309
200,N-linoleoylglycine,Method 3,YCRHZEHWEYAHCO-HZJYTTRNSA-N,,,0.21280276816608998,False,all_pre_hcc,sample_median_scaled,True,-0.012132796274629458,0.0271013694393645,0.008842545581188181,0.28957737986042575,0.9254353406405934,0.4399542351471636,0.4422162392368554,,0.9710006662009419,0.8731385418330269
781,arabonate/xylonate,Method 4,QXKAIJAYHKCRRA-JJYYJPOSSA-N,HMDB0000539,"C00502,C05411",0.0017301038062283738,True,all_pre_hcc,sample_median_scaled,True,0.0034778226655821495,-0.014921307426738034,2.6786320050440832e-05,0.1594885620866635,0.9254608893282428,0.9975648230375926,0.8360067212240192,,0.9710006662009419,0.9991533020551685
485,glycolithocholate sulfate*,Method 3,FHXBAFXQVZOILS-OETIFKLTSA-N,HMDB0002639,C11301,0.005190311418685121,True,all_pre_hcc,sample_median_scaled,True,0.0008417617727616383,-0.03738416311220202,-0.0026298230428800817,0.4108626140223549,0.9275009742780541,0.8865717886537918,0.8122295050881504,,0.9723301880348267,0.9633991866838792
151,N-acetylvaline,Method 3,IHYJTAOFMMMOPX-LURJTMIESA-N,HMDB0011757,,0.0,True,all_pre_hcc,sample_median_scaled,True,0.0006569600641870159,0.008879391475058639,-0.006310678525953083,0.101013743307032,0.9299539264231348,0.3274721925917502,0.8679214301025628,,0.9733537912769847,0.860649621473309
264,ciprofloxacin,Method 3,MYSWGUAQZAJSOK-UHFFFAOYSA-N,HMDB0014677,C05349,0.9809688581314879,False,all_pre_hcc,sample_median_scaled,True,-0.0007514285340989579,0.005062032717881886,-0.01559556929272178,0.058152014184351467,0.9306331371370984,0.38672764299969153,0.7001952527185865,,0.9733537912769847,0.8674430787831605
894,1-palmitoyl-2-oleoyl-GPI (16:0/18:1)*,Method 2,PDLAMJKMOKWLAJ-KTBSNPQYSA-N,HMDB0009783,,0.0,True,all_pre_hcc,sample_median_scaled,True,0.0008209985491616605,0.013076615586647812,0.004132908806257018,0.15116057866306318,0.9310625113927884,0.5353036172054202,0.6287761710195048,,0.9733537912769847,0.8895798552766429
338,adrenate (22:4n6),Method 3,TWSWSIQAPQLDBP-CGRWFSSPSA-N,HMDB0002226,C16527,0.0,True,all_pre_hcc,sample_median_scaled,True,-0.0025564895529013114,0.015837206748114865,-0.0006757195145590741,0.18443924727590097,0.9315723089805165,0.9306242145737507,0.4877508336266953,,0.9733537912769847,0.9733789425901396
1023,carotene diol (1),Method 2,JKQXZKUSFCKOGQ-DKLMTRRASA-N,,,0.0,True,all_pre_hcc,sample_median_scaled,True,-0.00472607690990005,-0.01835988819498781,0.006393685577309596,0.21659866907978415,0.9324485789843427,0.33007289801580053,0.9691153056075125,,0.9733590107983925,0.860649621473309
581,"2S,3R-dihydroxybutyrate",Method 4,LOUGYXZSURQALL-GBXIJSLDSA-N,HMDB0002453,,0.0,True,all_pre_hcc,sample_median_scaled,True,0.003918381814953885,-0.012671530608415532,-0.005834937296335184,0.15140280786885646,0.9332996016441305,0.4346384368736719,0.7592726418220372,,0.9733590107983925,0.8731385418330269
79,palmitoleate (16:1n7),Method 3,SECPZKHBENQXJG-FPLPWBNLSA-N,HMDB0003229,C08362,0.0,True,all_pre_hcc,sample_median_scaled,True,-0.0018443655760162618,0.01955841674649544,0.013519695121748984,0.23781679104555867,0.9344546491458031,0.138853785256701,0.30790353984641466,,0.9733590107983925,0.786838116454639
1233,GlcNAc sulfate conjugate of C21H34O2 steroid**,Method 3,,,,0.4083044982698962,False,all_pre_hcc,sample_median_scaled,True,-0.007225166656921338,-0.028239909529967067,0.013985525239084156,0.34452404108699586,0.9346722456633213,0.3585317466056731,0.7620453637520083,,0.9733590107983925,0.860649621473309
1182,tenofovir,Method 3,SGOIRFVFHAKUTI-ZCFIWIBFSA-N,HMDB0014445,C17407,0.9948096885813149,False,all_pre_hcc,sample_median_scaled,True,0.0003324237516543043,0.002280506590647601,0.00025724328782712443,0.028631944198661285,0.9365163985262468,0.7096891638289836,0.2271324132331963,,0.9744728117005943,0.9294235136125881
965,lactosyl-N-behenoyl-sphingosine (d18:1/22:0)*,Method 2,QYWVASPEUXEHSY-NNRNTGNWSA-N,HMDB0011594,,0.0,True,all_pre_hcc,sample_median_scaled,True,-0.009667670495347006,0.009949695947884528,0.012362985848227698,0.1277758632111984,0.9379327740543545,0.09543093330094782,0.8550671557710586,,0.9751400245953536,0.7598235069151416
90,serine,Method 1,MTCFGRXMJLQNBG-REOHCLBHSA-N,HMDB0000187,C00065,0.0,True,all_pre_hcc,sample_median_scaled,True,-0.002559301998791849,0.008709564612595781,0.005264283521208087,0.11432258933851562,0.9392726250884237,0.42423309293199496,0.908988680114873,,0.9751675202884901,0.8731385418330269
378,alpha-hydroxyisovalerate,Method 4,NGEWQZIDQIYUNV-UHFFFAOYSA-N,HMDB0000407,,0.0,True,all_pre_hcc,sample_median_scaled,True,-1.6909455282937846e-05,0.013597257254913845,0.005376276267198045,0.1793497407755901,0.9395669180628394,0.4685792817026687,0.8347503157518723,,0.9751675202884901,0.8816380950693892
271,dextromethorphan,Method 2,MKXZASYAUGDDCJ-CGTJXYLNSA-N,HMDB0001920,"D03744,DG01078,C06947",0.9653979238754326,False,all_pre_hcc,sample_median_scaled,True,0.0017450853145198303,-0.007213689615792434,0.004144393556687471,0.09629553205491688,0.9402847393560718,0.49026232773681044,0.5211529625925648,,0.9751675202884901,0.8823514525872654
586,4-methylbenzenesulfonate,Method 3,JOXIMZWYDAKGHI-UHFFFAOYSA-N,HMDB0059933,C06677,0.8252595155709342,False,all_pre_hcc,sample_median_scaled,True,0.006298137009636902,0.013487211846542096,-0.013929423702755928,0.18394596433063054,0.9415502061188871,0.3666337719509949,0.16059192567948116,,0.9756755842648764,0.860649621473309
11,cholate,Method 3,BHQCQFFYRZLCQQ-OLRQUHAPSA-N,HMDB0000619,C00695,0.0034602076124567475,True,all_pre_hcc,sample_median_scaled,True,-0.009019422443172323,0.02862517353211473,0.027829598498558764,0.40521095249563915,0.9436821692438536,0.31839571595213034,0.43247616227431657,,0.9770799744105085,0.860649621473309
1203,levulinoylcarnitine,Method 1,XDZHMFWKQXZAFO-UHFFFAOYSA-N,,,0.14359861591695502,True,all_pre_hcc,sample_median_scaled,True,0.00450847437672509,-0.014623166724729656,0.016510409082392898,0.21293198662129134,0.9452480845131533,0.2039501275999619,0.4746707643299545,,0.9778964558532458,0.860649621473309
29,argininosuccinate,Method 1,KDZOASGQNOPSCU-UHFFFAOYSA-N,HMDB0000052,C03406,0.24394463667820068,False,all_pre_hcc,sample_median_scaled,True,0.0021408425281039794,-0.016227371707937206,0.007489567875588452,0.2473387071382284,0.9476900040639238,0.575953194070483,0.5037968126977687,,0.9796171118425768,0.8918524885957959
779,maltol sulfate,Method 3,PVWYGTJERKKPRW-UHFFFAOYSA-N,,,0.29411764705882354,False,all_pre_hcc,sample_median_scaled,True,-0.004004663278418587,-0.0280770422939119,-0.016908665277669047,0.445788640866121,0.9497801552154933,0.477820900400042,0.44288407881258146,,0.980616729456733,0.8816380950693892
45,cystine,Method 1,LEVWYRKDKASIDU-UHFFFAOYSA-N,HMDB0000192,C00491,0.0,True,all_pre_hcc,sample_median_scaled,True,-0.0011417172507647466,-0.012762195082990115,0.02235829317375101,0.20440617796199378,0.9502160518344654,0.03646534155759326,0.3762100392765801,,0.980616729456733,0.6746088188154754
1241,2-methoxyhydroquinone sulfate (2),Method 3,DQJWAJBJWZYKLK-UHFFFAOYSA-N,,,0.21972318339100347,False,all_pre_hcc,sample_median_scaled,True,0.0123103066442931,0.020114844396254883,-0.0038531985321409654,0.33737163902954,0.9524565248317668,0.8386200283245488,0.3346110525333316,,0.9821232034740677,0.9521516206067531
635,docosadioate (C22-DC),Method 3,DGXRZJSPDXZJFG-UHFFFAOYSA-N,,C14240,0.01903114186851211,True,all_pre_hcc,sample_median_scaled,True,-0.0025339446310310544,0.011261062224097009,-0.006661643168276502,0.19499398897110654,0.9539471148881435,0.5686554457530585,0.38913445839131144,,0.9824184428649604,0.8918524885957959
1024,carotene diol (2),Method 2,JKQXZKUSFCKOGQ-DKLMTRRASA-N,,,0.012110726643598616,True,all_pre_hcc,sample_median_scaled,True,-0.002048498997135678,-0.013283076514475214,0.006046517850302963,0.2351502579490588,0.9549533640221093,0.3996669752583909,0.9943710190638417,,0.9824184428649604,0.8674430787831605
736,S-(3-hydroxypropyl)mercapturic acid (HPMA),Method 3,FMWPQZPFBAHHMB-UHFFFAOYSA-N,,,0.5951557093425606,False,all_pre_hcc,sample_median_scaled,True,0.005415665302871621,0.016806205096619786,-0.03632968815876995,0.29839744880784763,0.9550856562987652,0.024392762129456708,0.569006504296501,,0.9824184428649604,0.5870510593110491
649,leucylglycine,Method 1,LESXFEZIFXFIQR-UHFFFAOYSA-N,HMDB0028929,,0.22837370242214533,False,all_pre_hcc,sample_median_scaled,True,-0.016140436924014435,0.013535289282596787,-0.0005954686527192925,0.2522152005721079,0.9572015614025197,0.9512096575175734,0.27545853248375946,,0.9837904936637007,0.9803589194340951
729,S-allylcysteine,Method 1,ZFAHNWWNDFHPOH-UHFFFAOYSA-N,HMDB0034323,,0.04498269896193772,True,all_pre_hcc,sample_median_scaled,True,0.005764839769482366,0.016630457549079148,-0.02171472461027017,0.34349813806541685,0.9613855162013234,0.2002778915734641,0.27254537545494956,,0.9865526803367912,0.8598962034109824
63,isoleucine,Method 1,AGPKZVBTJJNPAG-UHFFFAOYSA-N,HMDB0000172,"C06418,C00407,C16424",0.0,True,all_pre_hcc,sample_median_scaled,True,0.0005196628136931596,-0.0044452962760850555,0.003309995403173379,0.09198824722397629,0.9614575406143928,0.3457417338756349,0.6528563077124113,,0.9865526803367912,0.860649621473309
841,1-stearoyl-2-oleoyl-GPC (18:0/18:1),Method 2,ATHVAWFAEPLPPQ-VRDBWYNSSA-N,HMDB0008038,,0.0,True,all_pre_hcc,sample_median_scaled,True,-5.188989257258832e-05,-0.0027709852676354382,0.002092176100565119,0.06178423258787131,0.9642273555402903,0.6236864314829655,0.7204973799973721,,0.988588437872604,0.9094394729837076
465,2-methylmalonylcarnitine (C4-DC),Method 1,XROYFEWIXXCPAW-UHFFFAOYSA-N,HMDB0013133,,0.17474048442906576,True,all_pre_hcc,sample_median_scaled,True,-0.005232089308238248,-0.00834387922311557,0.007319663139200914,0.20265733102693245,0.9671584938824102,0.31006175797300617,0.3573992347985976,,0.9900503874606874,0.860649621473309
1039,3-hydroxyoleate*,Method 3,MFBDGGFIQVOLTJ-MDZDMXLPSA-N,,,0.08650519031141868,True,all_pre_hcc,sample_median_scaled,True,-0.004496327519300465,0.016707604390884166,-0.0015928090665237788,0.4066489624875909,0.9672272863189069,0.9221408624305213,0.1601249337349982,,0.9900503874606874,0.9696727582929524
251,glycylvaline,Method 1,STKYPAFSDFAEPH-LURJTMIESA-N,HMDB0028854,,0.03633217993079585,True,all_pre_hcc,sample_median_scaled,True,-0.014181491417913512,0.012029995582267548,0.00120541733990996,0.32354116491936685,0.9703396737689752,0.9230778163521862,0.40381786938316105,,0.9922018100710378,0.9696727582929524
107,cysteine,Method 1,XUJNEKJLAYXESH-REOHCLBHSA-N,HMDB0000574,C00097,0.0,True,all_pre_hcc,sample_median_scaled,True,-0.002562018813438714,0.004802789706968285,0.0050326522798692435,0.1328198075884836,0.9711546276190338,0.42996480621930244,0.44227096960036766,,0.9922018100710378,0.8731385418330269
959,"diacylglycerol (16:1/18:2 [2], 16:0/18:3 [1])*",Method 2,BHGPPCIWDXQOMA-HZFIRFLSSA-N,,,0.2837370242214533,False,all_pre_hcc,sample_median_scaled,True,0.00287002770381415,0.011701230574972138,0.011095004172513908,0.33615500650875246,0.9722320180369606,0.6012951018703068,0.5035218402114212,,0.9922018100710378,0.894287470086215
402,"1,3,7-trimethylurate",Method 3,BYXCFUMGEBZDDI-UHFFFAOYSA-N,HMDB0002123,C16361,0.0657439446366782,True,all_pre_hcc,sample_median_scaled,True,0.016134481711561285,0.009761497902747303,-0.013900090572653113,0.28299881052475756,0.9724839680584974,0.3245964425356238,0.5197566560692124,,0.9922018100710378,0.860649621473309
1055,N-acetyl-2-aminooctanoate*,Method 3,JJGNMSOJTSABGA-UHFFFAOYSA-N,HMDB0059745,,0.0,True,all_pre_hcc,sample_median_scaled,True,0.0028123333968184876,-0.006075859470337391,0.002098564674739722,0.18890567476166423,0.9743416985060182,0.769997246108808,0.7231116952498395,,0.9932916180879829,0.9384983717527862
245,quinate,Method 4,AAWZDTNXLSGCEK-WYWMIBKRSA-N,HMDB0003072,C00296,0.06401384083044982,True,all_pre_hcc,sample_median_scaled,True,0.0016121092732669091,-0.015697502339553762,-0.01022545603270634,0.519007966085251,0.9758714966165207,0.7175444038340216,0.5882152345731426,,0.9940456216547231,0.9294235136125881
1174,losartan,Method 3,PSIFNNKUMBGKDQ-UHFFFAOYSA-N,HMDB0014816,"C07072,D08146",0.9602076124567474,False,all_pre_hcc,sample_median_scaled,True,0.01439291236418489,0.0069404380926442666,-0.005691882584274628,0.3134457941879009,0.9823343747817301,0.5619310953804997,0.16550744105916482,,0.9986433969385636,0.8918524885957959
467,hydroquinone sulfate,Method 3,FPXPQMOQWJZYBL-UHFFFAOYSA-N,HMDB0240263,C00530,0.10380622837370242,True,all_pre_hcc,sample_median_scaled,True,0.005728089779618516,0.007421678664808744,0.00531536446250425,0.36083772656707114,0.9835903374339586,0.6347438184956049,0.4171768782191268,,0.9986433969385636,0.9094394729837076
612,pseudoephedrine,Method 1,KWGRBVOPPLSCSI-WCBMZHEXSA-N,HMDB0001943,C02765,0.9948096885813149,False,all_pre_hcc,sample_median_scaled,True,0.0005144148487588264,0.00046243070767298846,0.00022539527389493178,0.02275415897859006,0.9837857806318867,0.7879026472862841,-0.004254116403612999,,0.9986433969385636,0.9407865353739419
721,1-stearoyl-GPS (18:0)*,Method 3,ZPDQFUYPBVXUKS-KEKNWZKVSA-N,HMDB0061698,,0.8252595155709342,False,all_pre_hcc,sample_median_scaled,True,-0.005348294901274519,-0.003006552682577617,-0.001288548159032243,0.18055434833127165,0.9867144096372946,0.879723671377272,0.25202416439475506,,0.9986433969385636,0.9633991866838792
964,lactosyl-N-nervonoyl-sphingosine (d18:1/24:1)*,Method 2,MKOKWBRPIBQYJJ-WZBOJYASSA-N,HMDB0004872,,0.0,True,all_pre_hcc,sample_median_scaled,True,-0.007842822143670004,-0.0019938542505329587,0.011412185972086401,0.12296363618292767,0.9870628759703065,0.0667493723796032,0.8434044465257959,,0.9986433969385636,0.7340158078639959
454,1-oleoyl-GPE (18:1),Method 2,PYVRVRFVLRNJLY-MZMPXXGTSA-N,HMDB0011506,,0.0,True,all_pre_hcc,sample_median_scaled,True,0.0037054022604470706,0.0015512061231536044,0.006623765904549098,0.11461335662048823,0.9892015584555728,0.32427901375176726,0.35142878617524115,,0.9986433969385636,0.860649621473309
974,glycerophosphoserine*,Method 1,ZWZWYGMENQVNFU-AKGZTFGVSA-N,,,0.08650519031141868,True,all_pre_hcc,sample_median_scaled,True,0.0004187306222908663,0.0015464413664740206,0.014253965769998524,0.11529552594714125,0.9892984165296165,0.13087057517584633,0.34755602763444887,,0.9986433969385636,0.7802615335128658
225,xanthurenate,Method 3,FBZONXHGGPHHIY-UHFFFAOYSA-N,HMDB0000881,C02470,0.33391003460207613,False,all_pre_hcc,sample_median_scaled,True,0.0006271759938243767,0.003773623965273965,-0.01418143320616599,0.308059706397853,0.9902264368258836,0.275421787337675,0.5659811992735225,,0.9986433969385636,0.860649621473309
1058,perfluorooctanoate (PFOA),Method 3,SNGREZUHAYWORS-UHFFFAOYSA-N,HMDB0059587,,0.01384083044982699,True,all_pre_hcc,sample_median_scaled,True,-0.009929757140592629,0.0026780119747325365,0.005945711684755614,0.244580569847853,0.9912638125144313,0.5200878035339884,0.9789730851571702,,0.9986433969385636,0.8895039981792914
780,phenylacetylcarnitine,Method 1,DZTZJNGATJMDSH-CYBMUJFWSA-N,,,0.0034602076124567475,True,all_pre_hcc,sample_median_scaled,True,-0.0012063509994560912,0.0023613555241437443,-0.009285796507365308,0.27270426998682895,0.9930911768592463,0.5680001610338301,0.4392375419562564,,0.9986433969385636,0.8918524885957959
862,azithromycin,Method 2,MQTOSJVFKKJCRP-UHFFFAOYSA-N,HMDB0014352,"DG00606,D06390,C06838",0.9948096885813149,False,all_pre_hcc,sample_median_scaled,True,0.0001765402007607675,0.00011368168464133643,-0.002180648616273687,0.013191908480015292,0.9931242898994064,0.2945428349369391,0.06470265143994035,,0.9986433969385636,0.860649621473309
1177,fibrinopeptide B (1-9)**,Method 3,WWZFLBITCJUQNV-UHFFFAOYSA-N,,,0.0017301038062283738,True,all_pre_hcc,sample_median_scaled,True,-0.003106183686362597,0.0016096321448475749,-0.008538235387375024,0.22448792656549724,0.9942790258172699,0.4113271450384004,0.49386463598823016,,0.9986433969385636,0.8731385418330269
143,sarcosine,Method 1,FSYKKLYZXJSNPZ-UHFFFAOYSA-N,HMDB0000271,C00213,0.0017301038062283738,True,all_pre_hcc,sample_median_scaled,True,0.0015760202632029978,-0.000959182146185081,0.001208263686245747,0.14185951934682187,0.9946051502389678,0.8268257834258805,0.6672796312117828,,0.9986433969385636,0.947588046280185
504,1-oleoyl-GPI (18:1),Method 3,UGDOFRYHDCDVHD-JCASDCETSA-N,HMDB0061693,,0.0017301038062283738,True,all_pre_hcc,sample_median_scaled,True,-0.00026080961208973917,0.001292281129752915,0.0024054813635893918,0.19930898359257446,0.9948267061592732,0.7819586172154437,0.47413201301015223,,0.9986433969385636,0.9407865353739419
510,2-methoxyacetaminophen sulfate*,Method 3,NZKKXAGORRATJB-UHFFFAOYSA-N,HMDB0062550,,0.7301038062283737,False,all_pre_hcc,sample_median_scaled,True,0.011999255779124854,-0.0029186278912409483,-0.026460830168927765,0.48894189365467977,0.9952372371158679,0.16672908412551968,0.6291549632352453,,0.9986433969385636,0.8236857835111566
924,sulfamethoxazole,Method 1,JLKIGFTWXXRPMT-UHFFFAOYSA-N,HMDB0015150,D00447,0.9844290657439446,False,all_pre_hcc,sample_median_scaled,True,0.002763368015524755,0.0009812169429716496,0.0003341281726863201,0.1831202122845867,0.995724698582051,0.9502616016841341,0.0053456503868585135,,0.9986433969385636,0.9803589194340951
691,margaroylcarnitine (C17)*,Method 2,DWSFAVOTORHAAL-UHFFFAOYSA-N,HMDB0006210,,0.0,True,all_pre_hcc,sample_median_scaled,True,9.549945182447031e-05,-0.0006626060461398741,-0.00015508080389045755,0.13741861783207548,0.9961527695895519,0.9608770342831188,0.7610842497165018,,0.9986433969385636,0.9833324907594462
982,glycosyl-N-tricosanoyl-sphingadienine (d18:2/23:0)*,Method 2,WKJGTBSWYQRTEJ-PBFIFAMQSA-N,,,0.08131487889273356,True,all_pre_hcc,sample_median_scaled,True,0.00233320829656288,-0.0010503981493756886,-0.004168434083880744,0.22122666048398829,0.9962116079714911,0.6930311307777166,0.4380929969775603,,0.9986433969385636,0.928469821638304
300,ribonate,Method 4,QXKAIJAYHKCRRA-BXXZVTAOSA-N,HMDB0000867,C01685,0.0,True,all_pre_hcc,sample_median_scaled,True,0.0005996311587194378,-0.0005399777816235924,-0.00393555386093072,0.1205068919155683,0.9964247813006321,0.36944958499251435,0.8009095643754424,,0.9986433969385636,0.8606806998529316
128,maltose,Method 4,GUBGYTABKSRVRQ-ASMJPISFSA-N,HMDB0000163,C00208,0.15051903114186851,True,all_pre_hcc,sample_median_scaled,True,0.005619363485815829,-0.0010953446827948262,-0.00277079660459647,0.25125616236559534,0.9965216540972636,0.9001615409996646,0.40673133278459617,,0.9986433969385636,0.9633991866838792
1117,4-allylcatechol sulfate,Method 3,USWXDXYEVISELK-UHFFFAOYSA-N,,,0.010380622837370242,True,all_pre_hcc,sample_median_scaled,True,-0.006653851238763564,-0.0008359683548693963,0.032304561018254005,0.29250654692678923,0.9977196909174296,0.02420893730945106,0.5375345240691237,,0.9986433969385636,0.5870510593110491
511,2-methoxyacetaminophen glucuronide*,Method 3,GDCCQRYSPGZVPX-UHFFFAOYSA-N,HMDB0240215,,0.7301038062283737,False,all_pre_hcc,sample_median_scaled,True,0.011700684140511963,-0.0013408501371922317,-0.018306208498568143,0.4974999072638485,0.9978495627597571,0.2054183935286984,0.6582980424565283,,0.9986433969385636,0.860649621473309
914,2-methylserine,Method 1,CDUUKBXTEOFITR-UHFFFAOYSA-N,,C02115,0.04671280276816609,True,all_pre_hcc,sample_median_scaled,True,0.000414122353486467,-8.573953388745193e-05,-0.00905961427577248,0.17152294606320112,0.9996011597919671,0.35775246598225297,0.28162649322597133,,0.9996011597919672,0.860649621473309
