feature_index,metabolite,method,inchikey,hmdb,kegg,missing_fraction,high_coverage,analysis,normalization,converged,optimizer,beta_time,beta_group,beta_time_group,se_group,p_group,p_time_group,patient_variance,residual_variance,log_likelihood,error,q_group,q_time_group
685,famotidine,Method 1,XUFQPHANEAPEMJ-UHFFFAOYSA-N,HMDB0001919,D00318,0.9830827067669172,False,within_12m,provided_area,True,lbfgs,-6.334917495107855e-05,0.333613330354121,0.0606386377027017,0.0870178149277648,0.0001261526120261,9.832909700152889e-11,0.1151052924938468,0.0427273445194507,-96.56021986280234,,0.07677861946749749,9.980403345655182e-08
299,N-acetylglycine,Method 1,OKJIRPAQVSHGFK-UHFFFAOYSA-N,HMDB0000532,,0.0,True,within_12m,provided_area,True,lbfgs,0.0061870383721022,-0.7624811048491029,-0.0142379735720967,0.2039530603417744,0.000185112148357,0.4278128622900715,0.7025202254287597,0.1547490231057377,-480.81780892874576,,0.07677861946749749,0.999999431203118
1133,ezetimibe glucuronide*,Method 3,UOFYCFMTERCNEW-ADEYADIWSA-N,,,0.9924812030075189,False,within_12m,provided_area,True,lbfgs,-6.049714648492972e-17,0.1931719460123006,0.0053756260647263,0.0526900016680195,0.0002461839381938,0.0297087235762713,0.0535205814149984,0.0028328624979902,458.1175681436666,,0.07677861946749749,0.6853262370435311
694,taurohyocholate*,Method 3,XSOLDPYUICCHJX-QZWOQUDZSA-N,HMDB0011637,C15516,0.2368421052631578,False,within_12m,provided_area,True,lbfgs,-0.0227807303143862,2.9563476857362225,-0.011827819877869,0.8182337122432872,0.000302575840266,0.890556703760427,10.308069952661242,3.6280222539227034,-1282.1593310740584,,0.07677861946749749,0.999999431203118
537,taurocholenate sulfate*,Method 3,OEDITLKCLMKBOM-UHFFFAOYSA-N,,,0.0,True,within_12m,provided_area,True,lbfgs,-0.0121047909929047,1.1340229023019102,0.0005965855475595,0.3301564111314393,0.0005929802900477,0.985557324002032,1.7318100852680829,0.5296219476253997,-781.3775650368386,,0.12037499887968309,0.999999431203118
1157,clarithromycin,Method 2,AGOYDEPGAOXOCK-KCBOHYOISA-N,HMDB0015342,"C06912,D00276",0.9924812030075189,False,within_12m,provided_area,True,lbfgs,0.000136981386039,0.4984609229631833,0.0544629257906236,0.1504396300372459,0.0009218165152939,0.0038711001699693,0.299248974804024,0.1788716307597027,-442.19857507903066,,0.13800921530179613,0.23112745132463763
222,3-phenylpropionate (hydrocinnamate),Method 3,XMIIGOLPHOKFCH-UHFFFAOYSA-N,HMDB0000764,C05629,0.2161654135338346,False,within_12m,provided_area,True,lbfgs,0.0028831824183928,-2.118727640687687,-0.0311503029836409,0.6432533457898266,0.0009885385992064,0.7264796710437393,4.707935002737037,4.155185716935776,-1252.771067218726,,0.13800921530179613,0.999999431203118
440,1-palmitoleoyl-GPC (16:1)*,Method 2,LFUDDCMNKWEORN-KHPPLWFESA-N,HMDB0010383,,0.0,True,within_12m,provided_area,True,lbfgs,0.0011725990662818,-0.5621554658468425,-0.0349255035271097,0.1720821029568401,0.0010877573619846,0.0418139688834884,0.4708861951123923,0.143423220557167,-434.2081652926238,,0.13800921530179613,0.8488235683348145
928,docosahexaenoylcholine,Method 2,OKLWSURGMYZXCS-GUTOPQIJSA-N,HMDB0240647,,0.1710526315789473,True,within_12m,provided_area,True,lbfgs,0.0037996517098597,-1.4749995355472838,-0.037388140523388,0.4659373433726107,0.0015473116709437,0.4514567280460519,3.311840079931432,1.21156603231871,-987.4134335167234,,0.16476272938648792,0.999999431203118
360,1-palmitoyl-GPC (16:0),Method 2,ASWBNKHCZGQVJV-UHFFFAOYSA-N,HMDB0010382,C04102,0.0,True,within_12m,provided_area,True,lbfgs,0.0011245610648487,-0.4111523458367553,-0.0086814287393276,0.1306134016320583,0.0016447198045059,0.420418281265548,0.2953559638091352,0.0552708758220016,-220.6188241932796,,0.16476272938648792,0.999999431203118
627,1-(1-enyl-palmitoyl)-GPC (P-16:0)*,Method 2,HTZINLFNXLXRBC-CQLBIITFSA-N,HMDB0010407,,0.0,True,within_12m,provided_area,True,lbfgs,0.0003854070626904,-0.5058551127725107,-0.0080490387332038,0.1619382825918577,0.0017856059342378,0.6305538629987668,0.4083513351243583,0.1368801275857974,-414.2059360614519,,0.16476272938648792,0.999999431203118
987,linoleoylcholine*,Method 2,GVYIAXNFCSAJSK-OKLKQMLOSA-N,HMDB0013213,,0.0018796992481203,True,within_12m,provided_area,True,lbfgs,0.0027931318543031,-1.0322213421984234,0.0004644681153412,0.3380007111725144,0.0022588520148456,0.9900903411668112,1.695379205023391,0.6918994443975292,-829.9968984374948,,0.16900700984340142,0.999999431203118
548,"5alpha-androstan-3alpha,17beta-diol monosulfate (1)",Method 3,LERFMBCTNMFXCT-ILBJSTGGSA-N,,,0.7255639097744361,False,within_12m,provided_area,True,lbfgs,0.0093449428936876,-1.299755450680916,-0.040291559731293,0.4277577631102475,0.0023773422517678,0.2437963772458067,3.188609120565725,0.569198807248654,-844.921450887063,,0.16900700984340142,0.999999431203118
1212,metabolonic lactone sulfate,Method 3,IJIWKJRHDDIJKI-MVCMDAJNSA-N,,,0.4567669172932331,False,within_12m,provided_area,True,lbfgs,0.0119575932893961,-1.4231931913008191,-0.0412501822410379,0.4722443951620365,0.002581004185733,0.3750508878381512,3.5710710511602435,1.0516966328981012,-966.8640454334188,,0.16900700984340142,0.999999431203118
929,palmitoloelycholine,Method 2,CLIZBTUFRKKPFA-UHFFFAOYSA-N,HMDB0013208,,0.2161654135338346,False,within_12m,provided_area,True,lbfgs,-0.0023334963700729,-1.1540633063818024,-0.0341054777455656,0.3837399205354926,0.0026348405923681,0.4478422760355283,2.081025517473804,1.011358292660642,-917.906438097438,,0.16900700984340142,0.999999431203118
986,stearoylcholine*,Method 2,WYVHUXGFCVDOEA-UHFFFAOYSA-N,HMDB0240648,,0.0112781954887218,True,within_12m,provided_area,True,lbfgs,0.0014250554447919,-1.0563451812683151,-0.0094975338738909,0.3516408074183129,0.0026641499088615,0.8070217015163599,1.837042482238033,0.746499013007019,-850.527414327749,,0.16900700984340142,0.999999431203118
209,taurochenodeoxycholate,Method 3,BHTRKEVKTKCXOH-BJLOMENOSA-N,HMDB0000951,C05465,0.0,True,within_12m,provided_area,True,lbfgs,-0.024902295925832,1.7940286436372208,0.0124167900010196,0.602352088255791,0.002897839607897,0.8155515126882031,6.118052654474138,1.3608367248440196,-1058.3078227369422,,0.17301807070679145,0.999999431203118
450,1-arachidonoyl-GPC (20:4n6)*,Method 2,LAXQYRRMGGEGOH-JXRLJXCWSA-N,HMDB0010395,C05208,0.0,True,within_12m,provided_area,True,lbfgs,0.0043494214909213,-0.5466266993048674,-0.0130009212012696,0.1902332527582293,0.0040600885966497,0.4435338980881895,0.6078804193244098,0.1384047370946187,-448.38414221208,,0.18810484008131964,0.999999431203118
927,arachidonoylcholine,Method 2,XUWOVXDQNYUPNL-WYTUUNCASA-N,HMDB0240583,,0.0112781954887218,True,within_12m,provided_area,True,lbfgs,0.0044979828584191,-1.0660175323743883,0.0011006767915781,0.3712616403150531,0.0040873865498391,0.977455188434076,2.1245769451953507,0.7443138754980675,-861.1814192364193,,0.18810484008131964,0.999999431203118
158,alpha-tocopherol,Method 2,GVJHHUAWPYXKBD-IEOSBIPESA-N,HMDB0001893,C02477,0.0,True,within_12m,provided_area,True,lbfgs,0.0005460225106872,-0.5080680430393029,-0.0022654361236049,0.1776761419039847,0.0042428596306364,0.8770351099833261,0.5472132503297601,0.1015159737253652,-383.0731675360646,,0.18810484008131964,0.999999431203118
1171,tamsulosin,Method 1,DRHKJLXJIQTDTD-OAHLLOKOSA-N,HMDB0014844,"D08560,C07124",0.9605263157894736,False,within_12m,provided_area,True,lbfgs,0.0046033771550749,0.4227404300894961,-0.0057699095263669,0.1478733780324859,0.0042524664552168,0.7262522032335452,0.3235394072499519,0.1334779916111819,-391.4696366451053,,0.18810484008131964,0.999999431203118
913,palmitoylcholine,Method 2,UFQZDKMTMXCDBP-UHFFFAOYSA-N,HMDB0240592,,0.0018796992481203,True,within_12m,provided_area,True,lbfgs,0.0027597060042414,-0.9293050121606102,-0.0015130757483455,0.3252588794388056,0.0042749853919405,0.9668816807109164,1.554564863703364,0.6583522809137388,-813.9718098448682,,0.18810484008131964,0.999999431203118
366,1-oleoyl-GPC (18:1),Method 2,YAMUFBLWGFFICM-PTGWMXDISA-N,HMDB0002815,C03916,0.0,True,within_12m,provided_area,True,lbfgs,0.0019146810089892,-0.3760075023997654,-0.0192864205041663,0.1324187649897343,0.0045179568943559,0.1397233187574908,0.2806177729167614,0.0828921485189483,-290.81839337008523,,0.18810484008131964,0.999999431203118
956,palmitoleoyl-linoleoyl-glycerol (16:1/18:2) [1]*,Method 2,BHGPPCIWDXQOMA-HZFIRFLSSA-N,HMDB0007132,,0.4849624060150376,False,within_12m,provided_area,True,lbfgs,0.0104000683852265,-1.7993474847061233,-0.0268656575208786,0.6390870513833391,0.0048701896993286,0.5905885839962082,7.194824964663669,1.1830281003736112,-1046.528596296758,,0.18810484008131964,0.999999431203118
448,testosterone sulfate,Method 3,WAQBISPOEAOCOG-DYKIIFRCSA-N,HMDB0002833,,0.6766917293233082,False,within_12m,provided_area,True,lbfgs,-0.0036147466582314,1.1264209559434812,0.0349382982758245,0.4001322458106403,0.0048758769940052,0.163815316721624,2.9697144003361577,0.2950144390387393,-721.0298495417635,,0.18810484008131964,0.999999431203118
926,oleoylcholine,Method 2,GFSSJDJAEKYAGX-UHFFFAOYSA-N,HMDB0240596,,0.0075187969924812,True,within_12m,provided_area,True,lbfgs,0.0023658562616071,-0.9497920460782716,-0.0122054303383941,0.3375555727477865,0.0048969526040841,0.7444734895856148,1.6875340908376335,0.6939446559626039,-830.2053177850455,,0.18810484008131964,0.999999431203118
968,N-stearoyl-sphingadienine (d18:2/18:0)*,Method 2,LBBFOWQGVUEADU-CKGMUTLASA-N,HMDB0240362,,0.212406015037594,False,within_12m,provided_area,True,lbfgs,0.00248007314386,-1.194582207604019,-0.0280333343959907,0.4256043051773044,0.0050037740711287,0.5414468697740478,2.7382068354225537,1.039610084935803,-943.8291824532604,,0.18810484008131964,0.999999431203118
1085,"N,N-dimethylalanine",Method 1,QCYOIFVBYZNUNW-BYPYZUCNSA-N,,,0.0451127819548872,True,within_12m,provided_area,True,lbfgs,1.181532258629505e-06,-0.9611360824138596,-0.0901412882425962,0.3480194799786137,0.0057495880503982,0.0456569226277257,1.5338400379370194,1.0367192208322669,-901.0808995921282,,0.20842256682693477,0.8633396828511174
254,"1,5-anhydroglucitol (1,5-AG)",Method 3,MPCAJMNYNOGXPB-SLPGGIOYSA-N,HMDB0002712,C07326,0.0018796992481203,True,within_12m,provided_area,True,lbfgs,-0.0002305967134011,-1.0728719020767854,-0.0181375563103717,0.3905759893637343,0.0060162077304382,0.616015415290278,2.5220038493156807,0.6293663139688239,-843.7016314706718,,0.21056727056533703,0.999999431203118
453,1-palmitoyl-GPE (16:0),Method 2,YVYMBNSKXOXSKW-HXUWFJFHSA-N,HMDB0011503,,0.0,True,within_12m,provided_area,True,lbfgs,0.0028813021125537,-0.3825230084257477,-0.0155361452428623,0.1402552164855949,0.0063848115267602,0.2731995381693785,0.3103376683386011,0.0980947232887909,-330.21549364676184,,0.21096339102737566,0.999999431203118
365,1-stearoyl-GPC (18:0),Method 2,IHNKQIMGVNPMTC-RUZDIDTESA-N,HMDB0010384,,0.0,True,within_12m,provided_area,True,lbfgs,1.5553173526249876e-05,-0.417776742388073,-0.0015600561164919,0.1533502928004474,0.0064432168688164,0.9107688835607232,0.3922390103727938,0.0930913610329259,-339.4617827068387,,0.21096339102737566,0.999999431203118
376,gamma-glutamyltryptophan,Method 3,CATMPQFFVNKDEY-AAEUAGOBSA-N,HMDB0029160,,0.0093984962406015,True,within_12m,provided_area,True,lbfgs,-0.0054482040507216,0.5385529022530511,-0.0060491425638889,0.2007246705806498,0.0072955631105148,0.7509840412391179,0.657450453454302,0.1760058596646641,-499.0409406616109,,0.23087659236692995,0.999999431203118
930,dihomo-linolenoyl-choline,Method 2,FRBBZHFNTVMXIH-OKLKQMLOSA-N,HMDB0240646,,0.0507518796992481,True,within_12m,provided_area,True,lbfgs,0.001364348443908,-1.012242463500547,0.016213227313082,0.3798602365007901,0.007703960622419,0.7032775219754879,2.1204254622167524,0.8978017806875864,-896.5034491488057,,0.23087659236692995,0.999999431203118
743,1-(1-enyl-oleoyl)-GPE (P-18:1)*,Method 2,URGVIWXYPWWBQO-ZCJATDNESA-N,,,0.0206766917293233,True,within_12m,provided_area,True,lbfgs,-0.0003023647000802,-0.5278408127888677,-0.0842687034522045,0.198177438109815,0.0077337971827346,0.0022478529674444,0.4428300145156657,0.3995230823790306,-628.4493491505018,,0.23087659236692995,0.15210471746373774
210,taurocholate,Method 3,WBWWGRHZICKQGZ-HGVCTONRSA-N,HMDB0000036,C05122,0.0037593984962406,True,within_12m,provided_area,True,lbfgs,-0.0249712068345467,1.668461628208371,-0.0317245435666082,0.6342405279600137,0.0085223023863055,0.5713448987787072,6.782929003178932,1.5087161836509422,-1085.748688540036,,0.24381660095983138,0.999999431203118
237,glycerophosphorylcholine (GPC),Method 1,SUHOQUVVVLNYQR-MRVPVSSYSA-N,HMDB0000086,C00670,0.0,True,within_12m,provided_area,True,lbfgs,0.0004809946711141,-0.3312839631452182,-0.0070135022461522,0.1261708724070355,0.0086476823985753,0.6120597955845607,0.2378492703505605,0.0945667612010455,-302.61102859037646,,0.24381660095983138,0.999999431203118
611,ranitidine,Method 1,VMXUWOKSQNHOCA-UKTHLTGXSA-N,HMDB0001930,D00422,0.9924812030075189,False,within_12m,provided_area,True,lbfgs,0.0001498212849782,0.1284164835718869,0.0265673830681972,0.0492052036052529,0.0090591171599328,1.4746659955964229e-05,0.0323451949458733,0.0187805637600456,155.2754141903224,,0.2448182038388334,0.002138265693614813
400,1-linoleoyl-GPC (18:2),Method 2,SPJFYYJXNPEZDW-UTJQPWESSA-N,HMDB0010386,C04100,0.0,True,within_12m,provided_area,True,lbfgs,0.0029224983986726,-0.3669028916522814,-0.0195468979328232,0.1408016137776097,0.0091656076314046,0.2356132472699741,0.2803049070782324,0.1359982520800276,-384.3248483742088,,0.2448182038388334,0.999999431203118
156,gamma-glutamyltyrosine,Method 3,VVLXCWVSSLFQDS-QWRGUYRKSA-N,HMDB0011741,,0.0,True,within_12m,provided_area,True,lbfgs,-0.0056193804073479,0.5142932616385802,-0.0064510446840556,0.1985672347374239,0.0095970142201363,0.6781738018489761,0.6940152355721791,0.1148350130856688,-425.5897121707556,,0.2497684470112396,0.999999431203118
388,"fibrinopeptide A, phosphono-ser(3)*",Method 3,DROFZMGQYLJNLQ-UHFFFAOYSA-N,,,0.1372180451127819,True,within_12m,provided_area,True,lbfgs,0.0051142749094592,-1.1789026842828514,-0.0462944930598157,0.4595760563669798,0.0103117522771611,0.3482119104991058,3.205689922573562,1.1975072090833283,-982.6918558316918,,0.25095175886595006,0.999999431203118
1202,3-decenoylcarnitine,Method 2,YMJNFVUJNDWLND-ZHACJKMWSA-N,,,0.4680451127819549,False,within_12m,provided_area,True,lbfgs,-0.0026737494368435,1.2942931279311232,0.0820539354019458,0.5080331983489246,0.0108449779762768,0.1248416819751039,3.969277225126501,1.4040338752696746,-1029.2452938565837,,0.25095175886595006,0.999999431203118
1194,taurochenodeoxycholic acid 3-sulfate,Method 3,IJHJZQKOSUFQCX-WZJRQFJBSA-N,HMDB0002486,,0.0206766917293233,True,within_12m,provided_area,True,lbfgs,-0.0247987384395372,1.5593891943832774,-0.0007465206380207,0.6134145350347383,0.0110174199354241,0.9893119412017124,6.269876836237207,1.4963738674372182,-1077.7427206936052,,0.25095175886595006,0.999999431203118
142,picolinate,Method 1,SIOXPEMLGUPBBT-UHFFFAOYSA-N,HMDB0002243,C10164,0.0018796992481203,True,within_12m,provided_area,True,lbfgs,-0.0044316407600304,0.5008837152179094,-0.0208746908955457,0.1983009531878467,0.0115410048036708,0.4194667425049618,0.4921122971670151,0.3432331431399489,-604.9058034117888,,0.25095175886595006,0.999999431203118
960,linoleoyl-linoleoyl-glycerol (18:2/18:2) [1]*,Method 2,MQGBAQLIFKSMEM-WVZYQCMWSA-N,HMDB0007248,,0.0601503759398496,True,within_12m,provided_area,True,lbfgs,0.0032576769318537,-1.141486167930542,-0.0255882550975151,0.4530646511661077,0.0117529171283496,0.6064753477606206,3.06738556193091,1.2184834299369174,-982.5897834781985,,0.25095175886595006,0.999999431203118
303,beta-sitosterol,Method 2,KZJWDPNRJALLNS-XGEQACPASA-N,HMDB0000852,C01753,0.3327067669172932,False,within_12m,provided_area,True,lbfgs,-0.0192687830384604,1.0655205113991542,-0.000625997055765,0.424579459006018,0.0120871291663675,0.9874151730350824,2.9645522599143894,0.7615155809432586,-892.0370630948785,,0.25095175886595006,0.999999431203118
428,1-stearoyl-GPE (18:0),Method 2,BBYWOYAFBUOUFP-JOCHJYFZSA-N,HMDB0011130,,0.0,True,within_12m,provided_area,True,lbfgs,0.0024708996334227,-0.3462593652096486,-0.0122057547711848,0.1382674601868594,0.0122703571238522,0.3526926819373557,0.3119689330768802,0.0835332428936118,-300.7827523115309,,0.25095175886595006,0.999999431203118
124,caprate (10:0),Method 3,GHVNFZFCNZKVNT-UHFFFAOYSA-N,HMDB0000511,C01571,0.0,True,within_12m,provided_area,True,lbfgs,-0.0102570471164799,0.7849380320741468,0.0327343189814851,0.3136505526953156,0.0123289057206357,0.4375813375591426,1.1754256783593025,0.9234428393813614,-860.2254849791427,,0.25095175886595006,0.999999431203118
1140,glycoursodeoxycholic acid sulfate (2),Method 3,DKXXSIJHWWVNMO-XROMFQGDSA-N,,,0.5319548872180451,False,within_12m,provided_area,True,lbfgs,0.0187384757594785,-1.1923585778853725,-0.0170355433864542,0.4764648883843872,0.0123315827297689,0.7702822809300212,3.069665822996867,1.7184853918286471,-1048.674348452557,,0.25095175886595006,0.999999431203118
952,linoleoyl-arachidonoyl-glycerol (18:2/20:4) [2]*,Method 2,KRECEGQUDDMNAQ-MYBRWWDOSA-N,HMDB0007257,,0.1109022556390977,True,within_12m,provided_area,True,lbfgs,0.0066550959753051,-1.2524532639578374,-0.1012740289601123,0.5006493561659995,0.0123613412910288,0.0721252603113969,3.667982168203858,1.5769438088052712,-1045.1881007972986,,0.25095175886595006,0.999999431203118
442,malonylcarnitine,Method 1,ZGNBLKBZJBJFDG-UHFFFAOYSA-N,HMDB0002095,,0.3233082706766917,False,within_12m,provided_area,True,lbfgs,0.0047548439714143,-0.9020221329050332,-0.0716549033469684,0.3605731436322826,0.0123621556091601,0.1855074779001136,1.2647561179561997,1.5582307347157305,-971.7377888581298,,0.25095175886595006,0.999999431203118
323,3-hydroxylaurate,Method 3,MUCMKTPAZLSKTL-UHFFFAOYSA-N,HMDB0000387,,0.0018796992481203,True,within_12m,provided_area,True,lbfgs,-0.0085148353730344,0.812247335576201,0.0056999631995682,0.326219912636491,0.0127787445337888,0.8981309647458598,1.2415663248235689,1.0340544485472667,-886.5157706304883,,0.25432207258422806,0.999999431203118
111,tyrosine,Method 1,OUYCCCASQSFEME-QMMMGPOBSA-N,HMDB0000158,C00082,0.0,True,within_12m,provided_area,True,lbfgs,-0.0063424153793342,0.3107716726520446,-0.0049175699147157,0.1255791556028997,0.0133345351631399,0.7134005616108267,0.2403389265128392,0.0882662951081793,-290.3748322863387,,0.25764808884244234,0.999999431203118
595,isoursodeoxycholate,Method 3,RUDATBOHQWOJDD-DNMBCGTGSA-N,HMDB0000686,C17662,0.0582706766917293,True,within_12m,provided_area,True,lbfgs,0.00463955654316,-1.4758088735787602,-0.0128549603847158,0.5971230745057756,0.013453545525763,0.866293941056737,4.578026201373021,2.979597383611199,-1184.4954414252386,,0.25764808884244234,0.999999431203118
693,glycohyocholate,Method 3,ZQYUKJFJPJDMMR-JPZDKMBBSA-N,HMDB0000138,,0.018796992481203,True,within_12m,provided_area,True,lbfgs,-0.0215901926540071,1.3205414085220464,-0.010421412409378,0.5403204441871838,0.0145255574658642,0.8406674076206405,4.740592073365853,1.302154899661909,-1029.2933406277964,,0.27302668199726227,0.999999431203118
32,2-hydroxyphenylacetate,Method 4,CCVYRRGZDBSHFU-UHFFFAOYSA-N,HMDB0000669,C05852,0.1052631578947368,True,within_12m,provided_area,True,lbfgs,0.0055353359175949,-0.8443400073087379,-0.0863534414310492,0.3483500759233464,0.0153579576129009,0.0381483241576642,1.6822825278721307,0.8705448182764949,-873.4369122527826,,0.28342412685626206,0.8001121871866181
87,retinol (vitamin A),Method 2,FPIPGXGPPPQFEQ-OVSJKPMPSA-N,HMDB0000305,C00473,0.0,True,within_12m,provided_area,True,lbfgs,0.0068818462900607,-0.7093663433159924,-0.0220727858863234,0.2946343623243925,0.0160570694022029,0.3573881379980026,1.509661754592698,0.2736092329493028,-648.7821330635231,,0.2863836367423022,0.999999431203118
298,3-hydroxydecanoate,Method 3,FYSSBMZUBSBFJL-UHFFFAOYSA-N,HMDB0002203,,0.0,True,within_12m,provided_area,True,lbfgs,-0.0072379261542164,0.6407163109405958,0.0086139076330246,0.2661848736637948,0.0160826278761687,0.7942862733798288,0.9428613346633892,0.5538941340744451,-744.0816597264577,,0.2863836367423022,0.999999431203118
474,hexadecanedioate (C16-DC),Method 3,QQHJDPROMQRDLA-UHFFFAOYSA-N,HMDB0000672,C19615,0.0075187969924812,True,within_12m,provided_area,True,lbfgs,-0.0074203671742801,0.7256481288969879,0.0054021116213285,0.3047524983099305,0.0172607248568488,0.8740302758484055,1.365812761647064,0.5766533106143612,-778.9577424488491,,0.29833086585185586,0.999999431203118
551,"androstenediol (3alpha, 17alpha) monosulfate (3)",Method 3,VPDALJSLCNNODJ-IUIQAQCZSA-N,,,0.25,False,within_12m,provided_area,True,lbfgs,-0.0072562369349355,-1.3821838962581188,-0.0717033035187906,0.5808988485959852,0.0173414000839995,0.2053426217291628,5.432678901988024,1.557932575286501,-1073.525312745288,,0.29833086585185586,0.999999431203118
966,N-behenoyl-sphingadienine (d18:2/22:0)*,Method 2,HILTUFAERVOALR-MQXYEJFFSA-N,,,0.0131578947368421,True,within_12m,provided_area,True,lbfgs,0.0057919667328991,-0.6547250397920674,-0.020296497132406,0.2766913120248031,0.0179685649667132,0.5572160439320032,1.0125992599292388,0.6055607782873732,-766.5477683097636,,0.29922661304266174,0.999999431203118
639,oleoyl-linoleoyl-glycerol (18:1/18:2) [2],Method 2,GREDRAMJRDQWEJ-LTEAFHAISA-N,HMDB0007219,,0.0075187969924812,True,within_12m,provided_area,True,lbfgs,0.0011113168870766,-1.10238843235507,-0.006088580121812,0.4664007737404216,0.01809796833481,0.8114865731129217,4.121180204413941,0.3034873891275028,-755.2942420995043,,0.29922661304266174,0.999999431203118
947,ferulylglycine (2),Method 3,CLGNQAIRBLDHIN-HWKANZROSA-N,,,0.6654135338345865,False,within_12m,provided_area,True,lbfgs,0.0084857359087238,-0.8445188633269941,-0.0359913165387119,0.3580714524084779,0.018347946024693,0.4548735955204289,1.5320731716504552,1.203667240224771,-930.7187928958932,,0.29922661304266174,0.999999431203118
240,xanthosine,Method 3,UBORTCNDUKBEOP-UUOKFMHZSA-N,HMDB0000299,C01762,0.231203007518797,False,within_12m,provided_area,True,lbfgs,-0.0054197930288003,0.7825467070568789,0.0356920833597045,0.3324329684231634,0.0185726863267859,0.2088451752996389,1.8883809445615247,0.3861904486586179,-730.276456030698,,0.29922661304266174,0.999999431203118
560,"sphingomyelin (d18:1/18:1, d18:2/18:0)",Method 2,NBEADXWAAWCCDG-QDDWGVBQSA-N,HMDB0012101,,0.0,True,within_12m,provided_area,True,lbfgs,0.0013460067694678,-0.3876591584274014,0.0053071796244748,0.1682138965037589,0.021191181346083,0.6534443864787902,0.5127397825887733,0.0658108290859522,-299.43754671124134,,0.3274759620500994,0.999999431203118
179,creatine,Method 1,CVSVTCORWBXHQV-UHFFFAOYSA-N,HMDB0000064,C00300,0.0,True,within_12m,provided_area,True,lbfgs,-0.0018308106502692,-0.4737384792480366,0.0162713136279503,0.2057879002190777,0.021331135105777,0.3756696234067146,0.7111916311815959,0.162135317304626,-490.37202472312765,,0.3274759620500994,0.999999431203118
71,methionine,Method 1,FFEARJCKVFRZRR-UHFFFAOYSA-N,HMDB0000696,C00073,0.0,True,within_12m,provided_area,True,lbfgs,-0.0048108300194756,0.2783413173168217,-0.0156554266161093,0.1211917720938237,0.021635807332875,0.189611195622307,0.2351313161368075,0.0693283296229705,-243.43483179443115,,0.3274759620500994,0.999999431203118
975,myristoyl-linoleoyl-glycerol (14:0/18:2) [1]*,Method 2,AMBUOMWGQGABQI-BIXSNLIQSA-N,HMDB0007016,,0.7725563909774437,False,within_12m,provided_area,True,lbfgs,0.0085058460447752,-0.8014975058192078,-0.0621471461979865,0.3500853003796724,0.0220540961245033,0.0600602401123385,2.005822723773539,0.5287275932345322,-792.8867323033321,,0.3274759620500994,0.999999431203118
205,stearoyl sphingomyelin (d18:1/18:0),Method 2,LKQLRGMMMAHREN-YJFXYUILSA-N,HMDB0001348,C00550,0.0,True,within_12m,provided_area,True,lbfgs,8.757596128204493e-05,-0.3612442276490766,0.0009257216746121,0.157867245929316,0.0221213066687707,0.9405758150129812,0.4381711747534188,0.0731571154727224,-304.8851528598491,,0.3274759620500994,0.999999431203118
980,"ceramide (d18:2/24:1, d18:1/24:2)*",Method 2,QMVWGDBKESWTON-OQKRWUNJSA-N,"HMDB0240679,HMDB0240680",,0.0093984962406015,True,within_12m,provided_area,True,lbfgs,0.0040244985130246,-0.494729346798907,-0.0115562821187607,0.2164294221573333,0.0222619126910905,0.6157677767909215,0.7154844027593809,0.2603863724319543,-578.8410822148596,,0.3274759620500994,0.999999431203118
331,butyrylglycine,Method 3,WPSSBBPLVMTKRN-UHFFFAOYSA-N,HMDB0000808,,0.5601503759398496,False,within_12m,provided_area,True,lbfgs,0.0149443695193704,-1.060920417007026,-0.0398953545211109,0.470398741100088,0.0241104863760745,0.5514096043808616,2.3881780201811345,2.375597546073432,-1096.5816527351164,,0.34960205245308024,0.999999431203118
761,o-hydroxyatorvastatin,Method 3,CZBPKFICAYVHHM-JWQCQUIFSA-N,,,0.9135338345864662,False,within_12m,provided_area,True,lbfgs,0.0016896902933772,0.5811898297836522,0.0646866381839783,0.2598043484532724,0.0252844527774448,0.03127626597817,0.9651423969478444,0.4506358052859529,-705.8322838356855,,0.36146083900149956,0.6901176079965772
1224,chenodeoxycholic acid sulfate (1),Method 3,WHMOBEGYTDWMIG-BSWAIDMHSA-N,HMDB0002522,,0.3270676691729323,False,within_12m,provided_area,True,lbfgs,0.0090956728198554,-0.9726872342084336,0.0097022005388589,0.4371013024324345,0.026060229723719,0.8672888244105322,2.3292908310388283,1.739495530300082,-1032.0191155810987,,0.36317706290198515,0.999999431203118
996,sphingomyelin (d18:2/18:1)*,Method 2,YMTVMVYOUDDTQJ-UOMMIRHQSA-N,HMDB0001348,,0.0,True,within_12m,provided_area,True,lbfgs,-0.0010822862575733,-0.3720435078303313,-0.0008487746095345,0.1672540794355843,0.0261201237358078,0.9460588091453626,0.4986324513692799,0.0744131929307306,-319.0439962922967,,0.36317706290198515,0.999999431203118
762,p-hydroxyatorvastatin,Method 3,SOZOATLLFFVAPM-KAYWLYCHSA-N,,,0.9229323308270676,False,within_12m,provided_area,True,lbfgs,0.0007433902650223,0.5526789292367397,0.0227218693794484,0.2496180211288605,0.0268219919366641,0.4420439979681954,0.8709050031135324,0.438916548922323,-693.2022489770673,,0.36789624075289273,0.999999431203118
574,N-acetyl-3-methylhistidine*,Method 1,FKTXRTPBUWLETL-UHFFFAOYSA-N,HMDB0240341,,0.2669172932330827,False,within_12m,provided_area,True,lbfgs,0.0060958347171367,-1.034810586158046,-0.0779427970893511,0.470864632277567,0.0279717964449336,0.1740100939623431,3.0172423694892894,1.6561385370995454,-1040.255860531399,,0.37365047084244957,0.999999431203118
140,xanthine,Method 4,LRFVTYWOQMYALW-UHFFFAOYSA-N,HMDB0000292,C00385,0.0,True,within_12m,provided_area,True,lbfgs,-0.007383598908544,0.3879313111990798,0.034704715377467,0.1768146000769039,0.0282353775823045,0.0882021721806805,0.4486525537990177,0.2068660640880462,-499.6603381022308,,0.37365047084244957,0.999999431203118
1209,succinoyltaurine,Method 4,SBQWITJAJITAMM-UHFFFAOYSA-N,,,0.1992481203007518,True,within_12m,provided_area,True,lbfgs,0.0060935010802534,0.8442980934102714,0.0097694899693557,0.3850906751940015,0.0283458977880479,0.8213285349568018,2.1762108040679053,0.9261340699658815,-904.3828640335844,,0.37365047084244957,0.999999431203118
256,1-stearoyl-2-arachidonoyl-GPI (18:0/20:4),Method 2,KRTOMQDUKGRFDJ-YKOKTLGVSA-N,HMDB0009815,,0.0,True,within_12m,provided_area,True,lbfgs,0.0016631110103157,-0.3376961688919973,0.0143971991897898,0.1543866075405323,0.0287176339354241,0.1617562544495234,0.4370006756634758,0.0496849007295636,-235.2852766903818,,0.3736974159545572,0.999999431203118
562,cysteine sulfinic acid,Method 1,ADVPTQAUNPRNPO-UHFFFAOYSA-N,HMDB0000996,C00606,0.0,True,within_12m,provided_area,True,lbfgs,-0.0049929014580766,-0.4303344350255803,-0.0075026167963568,0.1978687026121261,0.0296414773324676,0.6819273027596869,0.6470174174025486,0.1618127665162501,-482.2238945657271,,0.3808367024361344,0.999999431203118
636,16-hydroxypalmitate,Method 3,UGAGPNKCDRTDHP-UHFFFAOYSA-N,HMDB0006294,C18218,0.0037593984962406,True,within_12m,provided_area,True,lbfgs,-0.0055618305057617,0.4793347863063746,0.0092465398583703,0.2212965065755845,0.0303089241836962,0.7162711482362616,0.7035248248092092,0.3231820869996896,-618.6105808453333,,0.3839926433584713,0.999999431203118
1065,gamma-glutamylcitrulline*,Method 1,SCTJBDDLOROJJM-UHFFFAOYSA-N,,,0.0,True,within_12m,provided_area,True,lbfgs,0.0035927017787692,-0.5121677284923738,-0.0549942084176099,0.2369316853929079,0.0306437478936317,0.0164489002155049,0.9099605000312688,0.2522074131136229,-591.9213422762637,,0.3839926433584713,0.5354741929848568
741,1-linolenoyl-GPC (18:3)*,Method 2,WKQNRCYKYCKESD-YHTMAJSVSA-N,HMDB0010388,C04100,0.0,True,within_12m,provided_area,True,lbfgs,0.0019058024701481,-0.3698502532560311,-0.0478346622544822,0.1719581819723916,0.031490797277687,0.0353918717159296,0.3623503418121953,0.2671237717984791,-534.4934855179426,,0.3853345179667584,0.7643138253546499
608,atenolol,Method 1,METKIMKYRPQLGS-UHFFFAOYSA-N,HMDB0001924,D00235,0.9943609022556392,False,within_12m,provided_area,True,lbfgs,0.0004596040386997,0.0917693630297102,0.0043129156624844,0.0426721010295646,0.031510113291863,0.4394037558316732,0.0229015767857763,0.0157556400311608,213.76594837814517,,0.3853345179667584,0.999999431203118
475,octadecanedioate (C18-DC),Method 3,BNJOQKFENDDGSC-UHFFFAOYSA-N,HMDB0000782,,0.0112781954887218,True,within_12m,provided_area,True,lbfgs,-0.0073587635000962,0.6540483658941856,0.0484923285890404,0.3054474063101514,0.0322514798335304,0.2218093388166697,1.1718670660066115,0.8096875100310883,-833.8354109039694,,0.3865082606010405,0.999999431203118
578,cinnamoylglycine,Method 3,YAADMLWHGMUGQL-VOTSOKGWSA-N,HMDB0011621,,0.3533834586466165,False,within_12m,provided_area,True,lbfgs,0.0182516243671419,-1.3877027136510145,-0.1328967877443514,0.6485076515816903,0.032367686848363,0.1442733517674036,4.665112566254462,4.363599939314742,-1262.1301367615977,,0.3865082606010405,0.999999431203118
356,N-acetyltryptophan,Method 3,DZTHIGRZJZPRDV-LBPRGKRZSA-N,HMDB0013713,C03137,0.0,True,within_12m,provided_area,True,lbfgs,-0.0030182980646499,0.4791499086189073,-0.0095787600803742,0.2244205749813433,0.032756649574818,0.6953600786875442,0.7555147481494212,0.2957444522815612,-607.092672333677,,0.3866046432376775,0.999999431203118
638,oleoyl-linoleoyl-glycerol (18:1/18:2) [1],Method 2,BLZVZPYMHLXLHG-RQOIEFAZSA-N,HMDB0007219,,0.0169172932330827,True,within_12m,provided_area,True,lbfgs,0.0003442715851269,-1.0193432387409656,0.0097146867929797,0.4848713334872657,0.0355273233775984,0.7493210083166713,4.361052811046206,0.4328408809739657,-823.0797707458621,,0.41448543940531457,0.999999431203118
1013,docosahexaenoylcarnitine (C22:6)*,Method 2,WLLMYDQRCSWAST-WSDBEMKQSA-N,,,0.0545112781954887,True,within_12m,provided_area,True,lbfgs,0.0012548829041293,-0.6918220722635763,-0.0712112097389742,0.330044218209609,0.0360689178560995,0.0591521301804568,1.5746768630835646,0.707511643643015,-828.6837815937117,,0.41602217754478404,0.999999431203118
1153,4-acetylcatechol sulfate (1),Method 3,RRWBOGSYNDIRNR-UHFFFAOYSA-N,,,0.4116541353383459,False,within_12m,provided_area,True,lbfgs,0.0079984788988568,-1.0626181214816326,0.0286041316819453,0.5094372064103723,0.0369906964432052,0.7528940558060732,0.9791612971974422,4.975325733548007,-1219.7517411177007,,0.42186018977363227,0.999999431203118
583,(12 or 13)-methylmyristate (a15:0 or i15:0),Method 3,ZOCYQVNGROEVLU-UHFFFAOYSA-N,HMDB0061707,,0.5582706766917294,False,within_12m,provided_area,True,lbfgs,-0.010988375328382,1.0463709863394088,-0.0260770224552157,0.5042587096302183,0.0379802560903316,0.7064908913750971,2.9371661698121714,2.50416364251249,-1120.2775442652005,,0.4283328881298508,0.999999431203118
920,glycosyl-N-palmitoyl-sphingosine (d18:1/16:0),Method 2,VJLLLMIZEJJZTE-NNTBDIJYSA-N,,,0.0,True,within_12m,provided_area,True,lbfgs,-0.0040707422998452,-0.3714379260804824,0.0036330949239097,0.180546436960878,0.0396575151002124,0.7459507460866961,0.6057793759396547,0.0587650936177936,-293.9530156350397,,0.4360235286631939,0.999999431203118
900,1-linoleoyl-2-arachidonoyl-GPC (18:2/20:4n6)*,Method 2,ZZSZQATYGVHNLZ-PUMLCSCDSA-N,HMDB0008147,C05208,0.0,True,within_12m,provided_area,True,lbfgs,0.0008693965276034,-0.3028576376658423,-0.0173775961739614,0.1472800117489792,0.0397498479375846,0.2766777861269094,0.3266291448021468,0.1259532094516381,-381.1903114685815,,0.4360235286631939,0.999999431203118
274,3-hydroxyoctanoate,Method 3,NDPLAKGOSZHTPH-UHFFFAOYSA-N,HMDB0001954,C20793,0.0,True,within_12m,provided_area,True,lbfgs,-0.0052943864774002,0.555018443106204,-0.0044993502188737,0.2704041515293128,0.0401160967809804,0.8909567279016438,0.9971154883895744,0.5437519573137142,-744.4658509053586,,0.4360235286631939,0.999999431203118
482,ectoine,Method 1,WQXNXVUDBPYKBA-YFKPBYRVSA-N,HMDB0240650,C06231,0.0018796992481203,True,within_12m,provided_area,True,lbfgs,0.0053862211192373,-0.6671130036158155,-0.005490272031801,0.3254471218590543,0.0403805041323549,0.9025006082857204,1.2214717680997604,1.045693720058645,-887.7226745366909,,0.4360235286631939,0.999999431203118
594,cysteinylglycine disulfide*,Method 1,ZHRLECIZINSPKL-AKGZTFGVSA-N,HMDB0000709,,0.0,True,within_12m,provided_area,True,lbfgs,0.0037050232056341,-0.2516817144147588,-0.0229061224193352,0.1236541228355215,0.0418138019724391,0.0265462607286613,0.2636641632345066,0.0507307831585331,-195.47413206195824,,0.4385397178967129,0.6736113659897806
950,oleoyl-oleoyl-glycerol (18:1/18:1) [2]*,Method 2,AFSHUZFNMVJNKX-CLFAGFIQSA-N,HMDB0007218,,0.3590225563909774,False,within_12m,provided_area,True,lbfgs,0.0043930870834458,-1.403280610731495,-0.0380872027631359,0.6918622329550064,0.0425331119396282,0.4379090790743476,8.653221661859035,1.136491052325495,-1055.2456859860893,,0.4385397178967129,0.999999431203118
452,2-palmitoyl-GPC (16:0)*,Method 3,NEGQHKSYEYVFTD-HSZRJFAPSA-N,HMDB0061702,,0.0,True,within_12m,provided_area,True,lbfgs,0.0013935638850716,-0.3845324492896571,-0.0032137159622272,0.1896721056344424,0.0426262511206447,0.8610354860514832,0.5815761932718988,0.1634192360088875,-475.3877061120356,,0.4385397178967129,0.999999431203118
882,1-(1-enyl-palmitoyl)-2-arachidonoyl-GPC (P-16:0/20:4)*,Method 2,IOYKZPNDXIIXLN-LOQSCQKMSA-N,HMDB0011220,,0.0,True,within_12m,provided_area,True,lbfgs,-0.000627826190314,-0.2466944258716919,0.0100065746225347,0.1218902763043542,0.0429798546029322,0.3394526135221176,0.2534228646431801,0.0524421914678902,-198.1885903472239,,0.4385397178967129,0.999999431203118
204,1-palmitoyl-2-linoleoyl-GPC (16:0/18:2),Method 2,JLPULHDHAOZNQI-ZTIMHPMXSA-N,HMDB0007973,,0.0,True,within_12m,provided_area,True,lbfgs,5.209983465115848e-05,-0.1693958331439315,-0.0093614858842367,0.0837796831391904,0.0431845972344258,0.1111717007119746,0.1272493496335311,0.0162572195160412,72.09269690279052,,0.4385397178967129,0.999999431203118
456,1-arachidonoyl-GPE (20:4n6)*,Method 2,ROPRRXYVXLDXQO-XSQXPFHXSA-N,HMDB0011517,,0.0,True,within_12m,provided_area,True,lbfgs,0.0056981586217839,-0.3091061006016123,-0.0146175911917165,0.1533429866311582,0.0438227299741082,0.3539142553314345,0.3670048103971641,0.1217705437738838,-383.89587065149385,,0.4385397178967129,0.999999431203118
624,quetiapine,Method 2,URKOMYMAXPYINW-UHFFFAOYSA-N,HMDB0005021,"D08456,
DG00899,C07397",0.9906015037593984,False,within_12m,provided_area,True,lbfgs,-0.0015976478035433,0.1092263967599791,0.007330709694108,0.0542158836902298,0.0439406254324804,0.32874103365351,0.0336461982303562,0.0293105546316004,64.20530003453132,,0.4385397178967129,0.999999431203118
954,linoleoyl-docosahexaenoyl-glycerol (18:2/22:6) [1]*,Method 2,GPMAAGRGFWBOSO-KLJRXRINSA-N,HMDB0007266,,0.5902255639097744,False,within_12m,provided_area,True,lbfgs,0.0009859941333546,-0.9182576710701306,-0.1445829799885437,0.4560676192973845,0.0440700012073544,0.0059965582909356,2.978664550268249,1.382813122048749,-1004.50140085526,,0.4385397178967129,0.289833650728554
592,3-methylglutaconate,Method 4,WKRBKYFIJPGYQC-DUXPYHPUSA-N,HMDB0000522,,0.0,True,within_12m,provided_area,True,lbfgs,0.0093173718509969,-0.5019783295281574,-0.0276937500809279,0.2502833806744329,0.0448946838142035,0.0984800135211668,1.147298131114171,0.1319241690293225,-494.0486522043,,0.43944423323058085,0.999999431203118
961,perfluorooctanesulfonate (PFOS),Method 4,YFSUTJLHUFNCNZ-UHFFFAOYSA-N,HMDB0059586,C18142,0.0037593984962406,True,within_12m,provided_area,True,lbfgs,-0.0086640402190737,-0.7733735306199384,0.002557036451066,0.3858371466749443,0.0450267982817541,0.8668734103304885,2.909488415890392,0.1074207308874035,-541.869120759229,,0.43944423323058085,0.999999431203118
373,epiandrosterone sulfate,Method 3,ZMITXKRGXGRMKS-FMLJXKFRSA-N,HMDB0062657,C04555,0.0018796992481203,True,within_12m,provided_area,True,lbfgs,0.0030048018933412,-0.8672804191400081,-0.0086081495014515,0.4344078555012389,0.0458832466921395,0.8040399695335825,3.301235739644876,0.5726194016039071,-848.9560752868645,,0.44108479954863816,0.999999431203118
942,2'-O-methylcytidine,Method 1,RFCQJGFZUQFYRF-ZOQUXTDFSA-N,,,0.0225563909774436,True,within_12m,provided_area,True,lbfgs,-0.0035272022342351,0.3317974663213515,0.0001441536688601,0.1664374385857959,0.046203810316173,0.9931118524655946,0.4388512972262875,0.1360359175934868,-418.7428140489351,,0.44108479954863816,0.999999431203118
201,N-palmitoyl-sphingosine (d18:1/16:0),Method 2,YDNKGFDKKRUKPY-TURZORIXSA-N,HMDB0004949,,0.0,True,within_12m,provided_area,True,lbfgs,-0.0004910602905446,-0.4277625130598823,0.0052227197550689,0.214893690206034,0.0465273720699652,0.6637711217860263,0.8723860470670178,0.0672456053840987,-350.3320197142707,,0.44108479954863816,0.999999431203118
3,1-methylnicotinamide,Method 1,LDHMAVIPBRSVRG-UHFFFAOYSA-N,HMDB0000699,C02918,0.0,True,within_12m,provided_area,True,lbfgs,0.0003767071553148,0.4693240700705094,-0.029354402086331,0.2362088634981265,0.046933160937195,0.3204331262195716,0.7355245171713005,0.4441585027316345,-683.4121281301439,,0.44108479954863816,0.999999431203118
58,histidine,Method 3,HNDVDQJCIGZPNO-UHFFFAOYSA-N,HMDB0000177,C00135,0.0,True,within_12m,provided_area,True,lbfgs,-0.0018203779137433,0.3797883362623933,-0.0090961812643408,0.1917466264447456,0.047627388621234,0.3831681892752691,0.6971193553090475,0.0506676063777859,-280.3197971841421,,0.4417862379960996,0.999999431203118
951,linoleoyl-arachidonoyl-glycerol (18:2/20:4) [1]*,Method 2,KRECEGQUDDMNAQ-MYBRWWDOSA-N,HMDB0007257,,0.1804511278195488,True,within_12m,provided_area,True,lbfgs,0.0005890542211539,-1.0829591753775152,-0.067266165523779,0.5479238007402923,0.0481006985827441,0.0885119048415536,5.40639534301817,0.7364362401637193,-936.6635120083469,,0.4417862379960996,0.999999431203118
549,"5alpha-androstan-3beta,17alpha-diol disulfate",Method 3,JHFAETDERBWUOO-ILSMVHKQSA-N,HMDB0094682,,0.6917293233082706,False,within_12m,provided_area,True,lbfgs,0.0005862770381467,-0.8579014376165218,-0.0015837051611509,0.4352924384556659,0.0487396332945574,0.9690655529472308,3.1116590810226263,0.8054213272770933,-906.3260771320936,,0.4417862379960996,0.999999431203118
684,5-hydroxymethyl-2-furoic acid,Method 3,PCSKKIUURRTAEM-UHFFFAOYSA-N,HMDB0002432,C20448,0.6785714285714286,False,within_12m,provided_area,True,lbfgs,0.0003736887102697,-0.9239032798447973,-0.1746957128718483,0.4690742370578545,0.0488806464880758,0.0290378976447682,1.2342473192399863,3.7208120498355695,-1160.2363924761803,,0.4417862379960996,0.6853262370435311
207,N-stearoyl-sphingosine (d18:1/18:0)*,Method 2,VODZWWMEJITOND-NXCSZAMKSA-N,HMDB0004950,,0.0657894736842105,True,within_12m,provided_area,True,lbfgs,0.0091510652085243,-0.6967186700497211,-0.0233339537189031,0.3542402267965025,0.0492066007763938,0.6086733782963522,1.597313628035251,1.064708175275322,-909.1185359814948,,0.4417862379960996,0.999999431203118
472,N-acetyl-aspartyl-glutamate (NAAG),Method 1,OPVPGKGADVGKTG-UHFFFAOYSA-N,HMDB0001067,C12270,0.0657894736842105,True,within_12m,provided_area,True,lbfgs,-0.0010187296344889,-0.5101283454048539,-0.0249470135181088,0.2598412261857594,0.0496193410163107,0.4435410352891481,0.8897546639623377,0.5374723188484738,-734.1137765674819,,0.4417862379960996,0.999999431203118
749,"5alpha-androstan-3alpha,17beta-diol 17-glucuronide",Method 3,ZJYZOWMDMWQJIV-UPDIMMRZSA-N,,,0.6954887218045113,False,within_12m,provided_area,True,lbfgs,0.0048053553874064,-0.670403029581466,-0.0240313266402677,0.3426941870358747,0.0504331252748597,0.4220550072363868,1.989913512982532,0.4295870097247526,-754.0848810715163,,0.4424974986925443,0.999999431203118
949,oleoyl-oleoyl-glycerol (18:1/18:1) [1]*,Method 2,AFSHUZFNMVJNKX-CLFAGFIQSA-N,HMDB0007218,,0.2857142857142857,False,within_12m,provided_area,True,lbfgs,0.0074783856266924,-1.374140201963363,-0.0640895610207201,0.7028571982142588,0.0505739389668605,0.2655670969701438,8.572274425251942,1.5781383609041,-1113.5683784187763,,0.4424974986925443,0.999999431203118
174,butyrate/isobutyrate (4:0),Method 3,FERIUCNNQQJTOY-UHFFFAOYSA-N,HMDB0000039,C00246,0.0,True,within_12m,provided_area,True,lbfgs,-0.001705573630909,-0.6585122605604137,0.0203631687707297,0.3379000785704242,0.0513148634989039,0.5572447021284797,1.7872892535858105,0.5852995841207972,-802.5435353427067,,0.4424974986925443,0.999999431203118
695,retinal,Method 2,NCYCYZXNIZJOKI-OVSJKPMPSA-N,HMDB0001358,C00376,0.1165413533834586,True,within_12m,provided_area,True,lbfgs,0.0051115124222528,-0.7527275867766534,-0.0560001083884974,0.3864986056533894,0.0514681413155538,0.2436370862452824,1.988202151584604,1.1673254264760609,-942.4240798165426,,0.4424974986925443,0.999999431203118
1225,"branched-chain, straight-chain, or cyclopropyl 10:1 fatty acid (1)*",Method 3,NIFITBVFNGQSNA-SOFGYWHQSA-N,,,0.0,True,within_12m,provided_area,True,lbfgs,-0.0075193865223027,0.6900701470866434,0.0382265880296835,0.3552871845937505,0.052102206809975,0.3253465693573864,1.888156710370212,0.7472324479302587,-852.8069897358821,,0.4424974986925443,0.999999431203118
82,phytanate,Method 3,RLCKHJSFHOZMDR-UHFFFAOYSA-N,HMDB0000801,C01607,0.0037593984962406,True,within_12m,provided_area,True,lbfgs,-0.010424135549118,0.5885433367218048,7.341729329772437e-05,0.3040256845167773,0.0528880031261344,0.9983619277106822,1.300557886669717,0.6412328083960642,-795.6432896071794,,0.4424974986925443,0.999999431203118
522,1-stearoyl-2-arachidonoyl-GPC (18:0/20:4),Method 2,PSVRFUPOQYJOOZ-QNPWAGBNSA-N,HMDB0008048,,0.0,True,within_12m,provided_area,True,lbfgs,0.0009922369800548,-0.2168489974365013,0.0002040257078313,0.1125071228743758,0.0539267350682865,0.9823448845424372,0.2196043494950073,0.0404884724467154,-139.08968603675066,,0.4424974986925443,0.999999431203118
267,isovalerate (i5:0),Method 3,GWYFCOCPABKNJV-UHFFFAOYSA-N,HMDB0000718,C08262,0.0,True,within_12m,provided_area,True,lbfgs,-0.0001094307244503,-0.5143362651076139,0.0060276027623758,0.2668803237797205,0.0539526070939514,0.8106419239456101,1.1679761358358345,0.3047088450542831,-647.130401936842,,0.4424974986925443,0.999999431203118
1190,cortisol 21-sulfate,Method 3,JOVLCJDINAUYJW-VWUMJDOOSA-N,HMDB0062779,,0.8759398496240601,False,within_12m,provided_area,True,lbfgs,0.0005082829298212,0.4285364487266305,-0.0249098823301531,0.2226738490013775,0.0542915885062686,0.4273663990637784,0.5496525781695237,0.5152979698113038,-693.7304273607444,,0.4424974986925443,0.999999431203118
901,1-myristoyl-2-arachidonoyl-GPC (14:0/20:4)*,Method 2,SRQSAJRUMDQMMS-NLDJLLEISA-N,HMDB0007883,,0.0037593984962406,True,within_12m,provided_area,True,lbfgs,0.0042597053047264,-0.394846648811386,-0.0233742930321922,0.2053068881803643,0.0544546673302472,0.3450592273412723,0.578577746291312,0.3091469966512727,-595.7286197262667,,0.4424974986925443,0.999999431203118
844,1-stearoyl-2-docosahexaenoyl-GPC (18:0/22:6),Method 2,FAUYAENFVCNTAL-PFFNLMTBSA-N,HMDB0008057,,0.0,True,within_12m,provided_area,True,lbfgs,-0.0019687738146745,-0.3744058267198009,-0.0166565185372607,0.1947948614524222,0.0545992319862828,0.2766605640403408,0.6673228325691436,0.1111560762103218,-416.35954755849593,,0.4424974986925443,0.999999431203118
1248,"cis-3,4-methyleneheptanoylglycine",Method 3,FFFQOVJTIDIKQJ-YUMQZZPRSA-N,,,0.0507518796992481,True,within_12m,provided_area,True,lbfgs,0.0123755668172456,-0.658499933075198,-0.0645166156282086,0.3435457538935128,0.0552665146708323,0.074907946590635,1.812582445765673,0.6448832591164401,-821.8365379655718,,0.4424974986925443,0.999999431203118
843,1-palmitoyl-2-docosahexaenoyl-GPC (16:0/22:6),Method 2,IESVDEZGAHUQJU-ZLBXKVHBSA-N,HMDB0007991,,0.0,True,within_12m,provided_area,True,lbfgs,-0.0005325216116554,-0.3284481220520341,-0.0106162243906652,0.171734512687896,0.0558077153812086,0.4990519619373393,0.4902703006493593,0.1186014098754285,-402.31222034924326,,0.4424974986925443,0.999999431203118
802,"sphingomyelin (d18:1/20:0, d16:1/22:0)*",Method 2,AADLTHQNYQJHQV-SVLGDMRNSA-N,HMDB0012102,,0.0,True,within_12m,provided_area,True,lbfgs,0.0008290654124214,-0.2999667882718841,-0.003066389994996,0.1568759047324891,0.05585979598059,0.8209881856422226,0.4189663584189886,0.0877900937429653,-334.19648994807835,,0.4424974986925443,0.999999431203118
206,1-palmitoyl-2-oleoyl-GPC (16:0/18:1),Method 2,WTJKGGKOPKCXLL-PFDVCBLKSA-N,HMDB0007972,C13875,0.0,True,within_12m,provided_area,True,lbfgs,0.0005244577107762,-0.1692189574212943,-0.0190960644380371,0.0886960954600107,0.0564104434173812,0.0070628621217233,0.1376307073569385,0.023867583426168,-3.706746616352348,,0.4424974986925443,0.3025043773886387
315,indolepropionate,Method 3,GOLXRNDWAUTYKT-UHFFFAOYSA-N,HMDB0002302,,0.2481203007518796,False,within_12m,provided_area,True,lbfgs,-0.0107837105093279,-1.4442285189396642,-0.0263673350875478,0.7580263954186989,0.0567477993801411,0.7877408727949752,7.275344119181984,4.92025876552153,-1315.2828671666214,,0.4424974986925443,0.999999431203118
896,1-palmitoleoyl-2-linoleoyl-GPC (16:1/18:2)*,Method 2,QJWDAOSZZYVBJZ-KXESGEQTSA-N,HMDB0008006,,0.112781954887218,True,within_12m,provided_area,True,lbfgs,0.0048699951796495,-0.5713142816746619,-0.0300108330205742,0.3003022748884358,0.0571105146095796,0.4340705840821506,1.160218565415637,0.7509476183481052,-818.2749032920999,,0.4424974986925443,0.999999431203118
803,"sphingomyelin (d18:1/20:1, d18:2/20:0)*",Method 2,MDRFMTLYKHBJTF-YECRPIIFSA-N,"HMDB0240610,HMDB0240632",,0.0,True,within_12m,provided_area,True,lbfgs,0.0006866987835036,-0.2950653138667956,0.0015071715130833,0.1559153787474128,0.0584282700892745,0.8994874463506237,0.430864183157799,0.0674399968158071,-288.7684521864744,,0.4492779859137395,0.999999431203118
439,phenol sulfate,Method 3,CTYRPMDGLDAWRQ-UHFFFAOYSA-N,HMDB0060015,C02180,0.0,True,within_12m,provided_area,True,lbfgs,0.0015686178600738,-0.7587349257729955,-0.0300480321697015,0.4021031103827056,0.0591715801752825,0.5932022296771294,1.805401262074677,1.6645672105333778,-1006.678926420764,,0.4515725855482085,0.999999431203118
893,palmitoyl-linoleoyl-glycerol (16:0/18:2) [2]*,Method 2,ZKYDYRLDJZZKEU-BCTRXSSUSA-N,HMDB0007103,,0.287593984962406,False,within_12m,provided_area,True,lbfgs,0.0055767507882155,-1.1892095076605929,-0.0163347022595123,0.6363616732701631,0.0616557163475187,0.7697976995053168,6.849112036949229,1.495469671393436,-1084.94189482687,,0.4670190454681454,0.999999431203118
313,androsterone sulfate,Method 3,ZMITXKRGXGRMKS-HLUDHZFRSA-N,HMDB0002759,,0.0639097744360902,True,within_12m,provided_area,True,lbfgs,-0.0061372997917395,-1.0777104666822253,-0.0064246248017699,0.5792526476912856,0.0628121548638123,0.9085141433871882,5.431473456098332,1.5154892465614578,-1068.3846595975626,,0.47101427389751094,0.999999431203118
867,1-stearoyl-2-arachidonoyl-GPE (18:0/20:4),Method 2,ANRKEHNWXKCXDB-BHFWLYLHSA-N,HMDB0009003,C05210,0.0,True,within_12m,provided_area,True,lbfgs,0.0046077830134584,-0.3232341216690976,-0.0016632970937684,0.1742259380013759,0.0635593465651799,0.907181189446222,0.5266643180808811,0.097057251850729,-371.6874150337212,,0.47101427389751094,0.999999431203118
220,carnitine,Method 1,PHIQHXFUZVPYII-ZCFIWIBFSA-N,HMDB0000062,"C00487,C00308",0.0,True,within_12m,provided_area,True,lbfgs,-0.000381883986342,-0.174625579183511,-0.0026242664687484,0.0943796837459357,0.0642781828680552,0.7781886199034255,0.1427101774336582,0.0419303678344975,-109.96004794834356,,0.47101427389751094,0.999999431203118
180,"cys-gly, oxidized",Method 1,KDJVKDYFFTWHBO-UHFFFAOYSA-N,,,0.0075187969924812,True,within_12m,provided_area,True,lbfgs,0.0078569215660438,-0.4646239549999023,-0.0493362365573877,0.2519309154744644,0.0651465040607029,0.0251007037866499,1.0754496671420724,0.2321448405108078,-590.3809719853539,,0.47101427389751094,0.6736113659897806
545,"5alpha-pregnan-3beta,20alpha-diol monosulfate (2)",Method 3,ZIVKBPVUJZDVBI-MHACIFFSSA-N,,,0.2142857142857142,False,within_12m,provided_area,True,lbfgs,-0.0029438323354077,-0.7711318613203603,-0.0146143872591755,0.4189088422292021,0.0656493104749346,0.7494192498456671,2.6313815330683106,1.0316569606200208,-939.3203868633911,,0.47101427389751094,0.999999431203118
1221,S-carboxyethylcysteine,Method 1,CAMXXPUSAROUCX-BYPYZUCNSA-N,,,0.0,True,within_12m,provided_area,True,lbfgs,0.0037287708007408,-0.3763602967047197,-0.0956269984920404,0.2047827494639711,0.0660842807892868,0.000794772438789,0.4726632684494081,0.4267944778367211,-645.9609707968104,,0.47101427389751094,0.06722450211423625
542,21-hydroxypregnenolone monosulfate (2),Method 3,DFSPOIZXVIWHFO-WGKOQXAXSA-N,,,0.6240601503759399,False,within_12m,provided_area,True,lbfgs,-0.0100527754053804,0.6203467503356372,0.0275563183052381,0.3379323671633426,0.0664001533227931,0.3733004724038585,1.895962796942148,0.4619327293386768,-763.3941157993643,,0.47101427389751094,0.999999431203118
451,2-palmitoleoyl-GPC (16:1)*,Method 3,GKXPPJQBVCKAGD-DJYGDJEFSA-N,HMDB10383,,0.0056390977443609,True,within_12m,provided_area,True,lbfgs,-0.0010666864256458,-0.4287509829226934,-0.0321257924374973,0.2342292199827358,0.06717878135175,0.2330852667753951,0.7880666225813048,0.3621810582038751,-648.8821359624319,,0.47101427389751094,0.999999431203118
767,"sphingomyelin (d18:1/24:1, d18:2/24:0)*",Method 2,WKZHECFHXLTOLJ-QYKFWSDSSA-N,HMDB0012107,,0.0,True,within_12m,provided_area,True,lbfgs,8.800755861302582e-06,-0.2799337917858457,0.0043078041994718,0.1531741512126322,0.0676167511334835,0.6678387886754811,0.4316536648165427,0.0472261732331946,-225.16824831923984,,0.47101427389751094,0.999999431203118
177,N-acetylglucosaminylasparagine,Method 1,YTTRPBWEMMPYSW-VFFCQLMOSA-N,HMDB0000489,C04540,0.0093984962406015,True,within_12m,provided_area,True,lbfgs,0.0019268076675325,-0.4525039323314273,-0.0582980475420702,0.2477928170164414,0.0678294452922696,0.0002849490502623,1.1318281765921685,0.1211230827256665,-477.6519797089811,,0.47101427389751094,0.02629302600147587
1052,glucuronide of C10H18O2 (7)*,Method 3,,,,0.0676691729323308,True,within_12m,provided_area,True,lbfgs,-0.0101739009391175,0.9839982787139084,-0.0030076256938414,0.540121026535981,0.0684837099169398,0.9675435724005492,3.3874866739071585,2.853379665634217,-1155.781175799826,,0.47101427389751094,0.999999431203118
564,16alpha-hydroxy DHEA 3-sulfate,Method 3,ALBNSVAJDFJRKQ-UAFBDMIJSA-N,HMDB0062544,,0.0,True,within_12m,provided_area,True,lbfgs,-0.0149124750324416,0.6193743650945209,0.0250797236199854,0.3404806919359637,0.0688935147057141,0.2786902259751185,2.1162265056749017,0.2520544833341098,-663.1739817549385,,0.47101427389751094,0.999999431203118
443,hexanoylglycine,Method 3,UPCKIPHSXMXJOX-UHFFFAOYSA-N,HMDB0000701,,0.5582706766917294,False,within_12m,provided_area,True,lbfgs,0.013614655384191,-0.7742119208099344,-0.0178643930173332,0.4258534551470522,0.0690604220001878,0.7643013380033454,2.028988929068652,1.863212982996125,-1036.9192022462496,,0.47101427389751094,0.999999431203118
420,1-arachidonylglycerol (20:4),Method 3,DCPCOKIYJYGMDN-DOFZRALJSA-N,HMDB11578,C13857,0.0056390977443609,True,within_12m,provided_area,True,lbfgs,0.0059052802902729,-0.571323043188276,0.0137644015712675,0.3143618613480455,0.0691550134135674,0.6809509498704767,1.5078037515354732,0.5512747502490042,-778.0009293631163,,0.47101427389751094,0.999999431203118
33,3-(4-hydroxyphenyl)lactate,Method 3,JVGVDSSUAVXRDY-UHFFFAOYSA-N,HMDB0000755,C03672,0.0,True,within_12m,provided_area,True,lbfgs,-0.0050283026939584,0.4659876612372384,-0.0132108305689316,0.2567781509875264,0.0695626297449549,0.4698197207941637,1.1909746727434427,0.1576478244796885,-529.125238344955,,0.47101427389751094,0.999999431203118
176,isocitrate,Method 1,ODBLHEXUDAPZAU-OKKQSCSOSA-N,HMDB0001874,C00451,0.0056390977443609,True,within_12m,provided_area,True,lbfgs,0.0006221820319863,-0.5779881817307592,-0.0121729731186863,0.3193700180991383,0.0703305370856608,0.7601809869462651,1.3566485157312165,0.7980757886108124,-841.1356431621487,,0.47101427389751094,0.999999431203118
546,5alpha-pregnan-diol disulfate,Method 3,LSQGWMYMIHQKSA-UHFFFAOYSA-N,"HMDB0240581,HMDB0240582",,0.5789473684210527,False,within_12m,provided_area,True,lbfgs,-0.0088964345303177,-0.7649586189970707,-0.0006656884733768,0.4227059117306645,0.0703468263284476,0.989325075891598,2.521201715126717,1.2314134623769526,-969.9063250411948,,0.47101427389751094,0.999999431203118
619,atorvastatin,Method 3,XUKUURHRXDUEBC-KAYWLYCHSA-N,HMDB0005006,"D07474,D02258,D00887",0.9154135338345863,False,within_12m,provided_area,True,lbfgs,-0.0004921148168369,0.5579244558607004,0.0589854600975593,0.3089955247266459,0.0709797619222624,0.0908686967245156,1.3931433464771388,0.6053972030093404,-789.7239494604503,,0.47101427389751094,0.999999431203118
1043,octadecenedioate (C18:1-DC),Method 3,YDPSQMGOAILWPE-FYWRMAATSA-N,,,0.0413533834586466,True,within_12m,provided_area,True,lbfgs,-0.0072469060573717,0.6091678143449691,0.0111794223000284,0.3374000616590137,0.0710001811884918,0.7524266520857755,1.7524290764642698,0.6171790719183843,-810.9479228969878,,0.47101427389751094,0.999999431203118
899,1-oleoyl-2-docosahexaenoyl-GPC (18:1/22:6)*,Method 2,FPEVDFOXMCHLKL-KFDYCXSYSA-N,HMDB0008123,,0.0,True,within_12m,provided_area,True,lbfgs,-0.0031950420384707,-0.270156434223162,-0.009008579383223,0.1506421806311168,0.0729145590357773,0.5126176171955119,0.3775322723295721,0.0909280789608593,-331.9976696402564,,0.47646102799304,0.999999431203118
733,2-aminoheptanoate,Method 1,RDFMDVXONNIGBC-UHFFFAOYSA-N,HMDB0094649,,0.0018796992481203,True,within_12m,provided_area,True,lbfgs,0.0001841598640469,-0.3015850530011657,-0.0235794078932674,0.1683837220632948,0.0732839494495817,0.3016231331610713,0.3347128059629219,0.2709385385179618,-532.0968058836072,,0.47646102799304,0.999999431203118
85,lactate,Method 4,JVTAAEKCZFNVCJ-UHFFFAOYSA-N,HMDB0000190,C00186,0.0,True,within_12m,provided_area,True,lbfgs,0.0001635436992546,-0.5237283738049419,-0.0041368290295134,0.2926795904995129,0.0735462874705994,0.7638797917551003,1.6509830007023951,0.087874806850265,-454.98624799304,,0.47646102799304,0.999999431203118
556,2-hydroxyglutarate,Method 1,HWXBTNAVRSUOJR-UHFFFAOYSA-N,HMDB0059655,C02630,0.0056390977443609,True,within_12m,provided_area,True,lbfgs,0.0015325845563596,-0.5367801762034257,0.0003424017364835,0.3010923960213067,0.0746228396058368,0.9816563338641916,1.7384835774910057,0.1028776961005424,-487.2863218325517,,0.47646102799304,0.999999431203118
340,10-undecenoate (11:1n1),Method 3,FRPZMMHWLSIFAZ-UHFFFAOYSA-N,HMDB0033724,C13910,0.0,True,within_12m,provided_area,True,lbfgs,-0.0037131531226338,0.4634814917848938,0.0001826908423366,0.2604321993115397,0.0751311652151478,0.9949290702571022,1.0078424988037773,0.4091028657871857,-690.6300467718804,,0.47646102799304,0.999999431203118
527,glycosyl-N-stearoyl-sphingosine (d18:1/18:0),Method 2,YMYQEDCYNANIPI-OQRGLTFYSA-N,,,0.0037593984962406,True,within_12m,provided_area,True,lbfgs,-0.0021792203010402,-0.3314148538246373,0.0162249864644304,0.1866936057123524,0.0758680835755272,0.3314191944397783,0.5850074867577513,0.13382333854335,-439.04196487274,,0.47646102799304,0.999999431203118
728,6-oxopiperidine-2-carboxylate,Method 3,FZXCPFJMYOQZCA-UHFFFAOYSA-N,HMDB0061705,,0.0018796992481203,True,within_12m,provided_area,True,lbfgs,0.0005726090023852,0.36790173758252,-0.016401638528451,0.2075087923008335,0.0762377716345848,0.4538750184080428,0.6608377545849355,0.2358151035371873,-554.0031278104716,,0.47646102799304,0.999999431203118
874,1-palmitoyl-2-arachidonoyl-GPI (16:0/20:4)*,Method 2,KIQYUSYSJTUGFZ-LSLODQAYSA-N,HMDB0009789,,0.0056390977443609,True,within_12m,provided_area,True,lbfgs,-0.0003218205448328,-0.3528966204904647,-0.0011498510123828,0.1994623531882285,0.0768539597246549,0.957296703234926,0.6022224929853892,0.227430806567868,-539.9844471424403,,0.47646102799304,0.999999431203118
647,isoleucylglycine,Method 3,UCGDDTHMMVWVMV-UHFFFAOYSA-N,HMDB0028907,,0.0676691729323308,True,within_12m,provided_area,True,lbfgs,-0.0122746206959892,0.4723560564070495,0.0036009388640515,0.2681885200862969,0.0781904054098036,0.9139401406060352,0.9554956130589096,0.5640486738184189,-748.5713549059913,,0.47646102799304,0.999999431203118
1215,branched chain 14:0 dicarboxylic acid**,Method 3,JUODHHFNSQAXKF-UHFFFAOYSA-N,,,0.4567669172932331,False,within_12m,provided_area,True,lbfgs,0.0044588134761578,-1.346601741133626,-0.0347549594456531,0.7651787698771816,0.0784328254931463,0.737356584241938,6.925738491246259,5.578588945177764,-1337.0145254973024,,0.47646102799304,0.999999431203118
842,1-palmitoyl-2-arachidonoyl-GPC (16:0/20:4n6),Method 2,IIZPXYDJLKNOIY-JXPKJXOSSA-N,HMDB0007982,C05208,0.0075187969924812,True,within_12m,provided_area,True,lbfgs,0.0014801978295897,-0.2044422605918358,-0.0087796597244248,0.1164314529421869,0.0791050854761592,0.479138436821093,0.2068110162080726,0.0756538951049572,-249.66598983944917,,0.47646102799304,0.999999431203118
699,4-methylcatechol sulfate,Method 3,NCOMUGOPQPRVSE-UHFFFAOYSA-N,HMDB0240459,,0.0112781954887218,True,within_12m,provided_area,True,lbfgs,0.0175508113413787,-1.0202394834528372,-0.043984855021254,0.5812240549227147,0.0792030357608138,0.5854388906303212,3.8302120085449207,3.4116845671665703,-1199.746484185201,,0.47646102799304,0.999999431203118
567,andro steroid monosulfate C19H28O6S (1)*,Method 3,UNURIUSTYBXRLV-UHFFFAOYSA-N,HMDB0002759,,0.0338345864661654,True,within_12m,provided_area,True,lbfgs,-0.0158095477606463,0.67814518266132,0.0089172455217224,0.3865151730067725,0.0793429601759932,0.7523658892880966,2.680779930948914,0.377230837286826,-755.8997579599197,,0.47646102799304,0.999999431203118
173,4-hydroxyphenylpyruvate,Method 3,KKADPXVIOXHVKN-UHFFFAOYSA-N,HMDB0000707,C01179,0.0,True,within_12m,provided_area,True,lbfgs,-0.0064380165456375,0.3930645296079121,-0.0131268892470127,0.224123471797396,0.0794672421181704,0.5611073950495726,0.7937472635582085,0.2489813594297715,-578.5872796083052,,0.47646102799304,0.999999431203118
576,4-cholesten-3-one,Method 2,NYOXRYYXRWJDKP-UHFFFAOYSA-N,HMDB0000921,C00599,0.1372180451127819,True,within_12m,provided_area,True,lbfgs,-0.0070934825878792,-0.4840968040408701,0.0270005708077088,0.2763708836566325,0.0798391482905956,0.338701035966121,1.1980322342397065,0.3887789522477229,-694.437036106259,,0.47646102799304,0.999999431203118
552,"androstenediol (3beta,17beta) monosulfate (1)",Method 3,VPDALJSLCNNODJ-QJIZPQHZSA-N,HMDB0240429,,0.0977443609022556,True,within_12m,provided_area,True,lbfgs,-0.0005640215503446,-0.8744842279816775,-0.0229311242633555,0.4995399891235659,0.0800184505865556,0.5464052496771659,4.429545843349619,0.684651895223152,-906.3506998890332,,0.47646102799304,0.999999431203118
363,campesterol,Method 2,SGNBVLSWZMBQTH-PODYLUTMSA-N,HMDB0002869,C01789,0.1860902255639097,True,within_12m,provided_area,True,lbfgs,-0.0083790018658501,0.8491961762924615,-0.0295631125708173,0.485240606925198,0.0801093833727246,0.4725463548263479,4.034564861184563,0.8102321162585185,-928.9042977834196,,0.47646102799304,0.999999431203118
422,cysteine-glutathione disulfide,Method 1,BNRXZEPOHPEEAS-UHFFFAOYSA-N,HMDB0000656,R00900,0.1184210526315789,True,within_12m,provided_area,True,lbfgs,0.0063993978776532,-0.8240429678960701,0.0157578499636917,0.4711193733929406,0.0802707741741969,0.7872112075442941,2.9651510845965325,1.7215872995189443,-1046.5630439240788,,0.47646102799304,0.999999431203118
257,sphingosine 1-phosphate,Method 2,DUYSYHSSBDVJSM-KRWOKUGFSA-N,HMDB0000277,C06124,0.0,True,within_12m,provided_area,True,lbfgs,-0.001889107268983,-0.292567806595757,-0.0034975616688298,0.1679808348211672,0.0815655523761648,0.8206077559617612,0.4682655504532093,0.1144152791822439,-391.9336938074414,,0.4813316026849259,0.999999431203118
285,oxalate (ethanedioate),Method 3,MUBZPKHOEPUJKR-UHFFFAOYSA-N,HMDB0002329,C00209,0.0,True,within_12m,provided_area,True,lbfgs,0.0026125894587551,-0.5436389344118948,-0.0356482607936713,0.312743893985726,0.082160093024078,0.2712210145275538,1.524025651647044,0.5094248136421634,-763.9974572328872,,0.48203753999675814,0.999999431203118
265,alpha-hydroxyisocaproate,Method 3,LVRFTAZAXQPQHI-UHFFFAOYSA-N,"HMDB0000665,HMDB00746,HMDB0000624",C03264,0.0131578947368421,True,within_12m,provided_area,True,lbfgs,-0.005107555035813,0.4586288498332561,-0.008779091546409,0.2643882280269795,0.0827975821879703,0.7527767771383779,1.0736882673128256,0.3816976098369146,-682.3966508000501,,0.4829858960964934,0.999999431203118
233,glucuronate,Method 4,AEMOLEFTQBMNLQ-QIUUJYRFSA-N,HMDB0000127,C16245,0.0,True,within_12m,provided_area,True,lbfgs,0.0010091102541781,0.3144064498288624,-0.0252465915185162,0.181965974676848,0.0840185299536286,0.1767773973765152,0.5171745586407495,0.1710268023403816,-474.5128576224433,,0.4873074737310459,0.999999431203118
633,(14 or 15)-methylpalmitate (a17:0 or i17:0),Method 3,IIUXHTGBZYEGHI-UHFFFAOYSA-N,HMDB0061859,C16995,0.0150375939849624,True,within_12m,provided_area,True,lbfgs,-0.001344753893104,0.5190025472526572,0.0211455289376511,0.3017798752776753,0.0854678881162594,0.5629568948109398,1.2440433433101208,0.6748081011401611,-802.2868166779297,,0.4910371180669834,0.999999431203118
810,dopamine 4-sulfate,Method 3,DEKNNWJXAQTLFA-UHFFFAOYSA-N,HMDB0004148,C13691,0.0131578947368421,True,within_12m,provided_area,True,lbfgs,0.0022171938270574,0.6030626077919545,-0.0016177136588752,0.3508383052565234,0.0856291329042917,0.967230896632853,1.8061530475699552,0.7687111633619443,-854.8198672155615,,0.4910371180669834,0.999999431203118
1073,glutamine conjugate of C7H12O2*,Method 3,,,,0.0244360902255639,True,within_12m,provided_area,True,lbfgs,0.0024833507581674,0.7460576394724115,0.0352328354962806,0.4359115589153935,0.0869909641184104,0.5364588971882449,2.366561050875742,1.6726465991370398,-1025.2866726227533,,0.49537618925030275,0.999999431203118
139,allantoin,Method 4,POJWUDADGALRAB-UHFFFAOYSA-N,HMDB0000462,"C02348,C01551,C02350",0.0,True,within_12m,provided_area,True,lbfgs,0.0022941668719074,0.221728951887052,0.0002598303243998,0.1297054290822619,0.0873619092372455,0.9868998853626212,0.2280725119484282,0.1266717909956941,-355.6201768755513,,0.49537618925030275,0.999999431203118
186,choline,Method 1,CRBHXDCYXIISFC-UHFFFAOYSA-N,HMDB0000097,C00114,0.0,True,within_12m,provided_area,True,lbfgs,0.0008176461733592,-0.1939668151813786,-0.0030384521228318,0.1138569447371114,0.0884556376720106,0.6960212945268383,0.2364286944330312,0.0284291135093594,-81.86706459862035,,0.498791512428282,0.999999431203118
752,N-acetylmethionine sulfoxide,Method 1,NPIMMZJBURSMON-UHFFFAOYSA-N,,,0.2969924812030075,False,within_12m,provided_area,True,lbfgs,0.0056659546502254,-0.8178513473946263,-0.040230232772082,0.4826072877920046,0.0901414791950928,0.3420735665133593,3.939046927914027,0.8604003871297315,-937.8658934542916,,0.5008702713241671,0.999999431203118
162,4-acetamidobutanoate,Method 1,UZTFMUBKZQVKLK-UHFFFAOYSA-N,HMDB0003681,C02946,0.0,True,within_12m,provided_area,True,lbfgs,0.0033668374777435,-0.3676486942161067,-0.0567347816652277,0.2173633340583289,0.0907601241100449,0.0265350284239369,0.664629977570712,0.3279617317634041,-617.2311306785814,,0.5008702713241671,0.6736113659897806
601,L-urobilin,Method 2,TYOWQSLRVAUSMI-WKULSOCRSA-N,HMDB0004159,C05793,0.706766917293233,False,within_12m,provided_area,True,lbfgs,0.0216263225454652,-0.9707547991569966,-0.0682275960595991,0.5743160757717768,0.0909744585763471,0.3567667759822926,4.197927654649503,2.799087789108415,-1166.2099527741211,,0.5008702713241671,0.999999431203118
588,alpha-ketoglutaramate*,Method 4,COJBGNAUUSNXHX-UHFFFAOYSA-N,HMDB0001552,C00940,0.0,True,within_12m,provided_area,True,lbfgs,-0.0020708798917554,0.2763866798549918,-0.0096418342693211,0.1635424964603401,0.0910281174374186,0.5320495890828489,0.4378730231992198,0.1152370258338683,-387.7706667144898,,0.5008702713241671,0.999999431203118
1155,dimethylguanidino valeric acid (DMGV)*,Method 1,GLWRPXRMUUZNMD-UHFFFAOYSA-N,,,0.2161654135338346,False,within_12m,provided_area,True,lbfgs,0.0010747023484336,-1.000396166041171,-0.0144760706978596,0.5924329683932225,0.0912916258078531,0.8468042793047266,4.575343715471256,2.8534376688887737,-1175.9441953209714,,0.5008702713241671,0.999999431203118
912,thioproline,Method 1,DZLNHFMRPBPULJ-VKHMYHEASA-N,HMDB0062164,,0.0,True,within_12m,provided_area,True,lbfgs,0.0003319277507034,-0.3230540033871763,0.009937168544859,0.1916692414238565,0.0918966738488425,0.3100518215014336,0.7020234238424136,0.0444691519087168,-258.0155681843856,,0.5012060959282636,0.999999431203118
1071,glycine conjugate of C10H12O2*,Method 3,,,,0.1973684210526315,True,within_12m,provided_area,True,lbfgs,0.0089225531036123,-0.6492460322598461,-0.0629798132445549,0.3860510595755537,0.0926149849136961,0.2384987677820383,1.7015818190240404,1.4914199910463797,-980.6611633729092,,0.5012060959282636,0.999999431203118
805,behenoyl sphingomyelin (d18:1/22:0)*,Method 2,FJJANLYCZUNFSE-TWKUQIQBSA-N,HMDB0012103,,0.0,True,within_12m,provided_area,True,lbfgs,-0.001398299051816,-0.2766314460998426,-0.0002803773118374,0.1647009264326159,0.0930354395075534,0.9844261497347448,0.4601346067462538,0.0986615411031377,-363.330994796667,,0.5012060959282636,0.999999431203118
731,N-delta-acetylornithine,Method 3,SRXKAYJJGAAOBP-UHFFFAOYSA-N,HMDB0003357,C00437,0.0,True,within_12m,provided_area,True,lbfgs,4.835900917404521e-05,0.4383183472646671,-0.0311424850141738,0.2611995431380096,0.0933280316556077,0.2267498834719208,1.0913100859551814,0.323138675963512,-652.5302164501961,,0.5012060959282636,0.999999431203118
1134,N-desalkylquetiapine*,Method 2,JLOAJISUHPIQOX-UHFFFAOYSA-N,,,0.9906015037593984,False,within_12m,provided_area,True,lbfgs,-0.0007261812501405,0.0538693422352194,0.0028461897080072,0.0322931305595444,0.0952886793185292,0.4528731944230749,0.0147293897278417,0.0071712214365365,398.6527329591793,,0.5090421553068797,0.999999431203118
603,sedoheptulose,Method 4,HSNZZMHEPUFJNZ-SHUUEZRQSA-N,HMDB0003219,C02076,0.462406015037594,False,within_12m,provided_area,True,lbfgs,-0.0037551188635529,0.6030050606656996,0.0665706800691665,0.3637846963367306,0.0974007014716609,0.1167061138392382,1.876334911231206,0.901881852252029,-888.2437422309692,,0.5134549552724459,0.999999431203118
837,"trans-3,4-methyleneheptanoate",Method 3,VFMNSFWBDMRNLJ-UHFFFAOYSA-N,,,0.0620300751879699,True,within_12m,provided_area,True,lbfgs,-0.0064049542876113,0.6531402764437435,-0.0337050840340137,0.3941657015772731,0.097515521079393,0.4640971412798921,2.2002907601486523,1.0615787845419649,-931.3323930897944,,0.5134549552724459,0.999999431203118
80,phenylalanine,Method 1,COLNVLDHVKWLRT-UHFFFAOYSA-N,HMDB0000159,C00079,0.0,True,within_12m,provided_area,True,lbfgs,-0.003543424709321,0.1405867346508449,-0.0096831475367325,0.0851077456259608,0.0985615271703821,0.2324298083015319,0.1180075037489451,0.0318565422458634,-43.69712934951326,,0.5134549552724459,0.999999431203118
716,N-acetyl-1-methylhistidine*,Method 1,GVRCKHXHWSYDEF-UHFFFAOYSA-N,HMDB0240340,,0.0131578947368421,True,within_12m,provided_area,True,lbfgs,-0.0020103486278516,-0.5888477716600526,-0.0208815523361142,0.3565604461794868,0.0986432758819993,0.4783806814792826,2.1998739589119616,0.4132715390933869,-755.4450892461693,,0.5134549552724459,0.999999431203118
435,gamma-glutamylisoleucine*,Method 1,SNCKGJWJABDZHI-SIPWABPFSA-N,HMDB0011170,,0.0,True,within_12m,provided_area,True,lbfgs,0.0020598774444278,-0.3150506240782774,-0.0183193646451524,0.1907706140488074,0.0986440554464305,0.2575058348528807,0.623685422852943,0.1251551326985125,-432.1420328666538,,0.5134549552724459,0.999999431203118
243,glycodeoxycholate,Method 2,WVULKSPCQVQLCU-BUXLTGKBSA-N,HMDB00631,C05464,0.4906015037593985,False,within_12m,provided_area,True,lbfgs,0.0127130089682554,-1.0429888317566949,-0.0038763170110868,0.6368114532640121,0.1014571847298142,0.959393632946637,5.614691238000482,2.9185480470881946,-1194.8973873748826,,0.5228161100478715,0.999999431203118
868,1-stearoyl-2-linoleoyl-GPC (18:0/18:2)*,Method 2,FORFDCPQKJHEBF-JEFUZMEDSA-N,HMDB0008039,,0.0,True,within_12m,provided_area,True,lbfgs,-0.0005495371985221,-0.1402804807878656,-0.0110013634896857,0.0856806337354699,0.1015785770304431,0.0812499021350569,0.1314906385797312,0.018810649872787,43.111219223050966,,0.5228161100478715,0.999999431203118
169,ursodeoxycholate,Method 3,RUDATBOHQWOJDD-UZVSRGJWSA-N,HMDB0000946,C07880,0.0413533834586466,True,within_12m,provided_area,True,lbfgs,-0.0073859445522727,-1.2438768581288786,-0.0822218676979586,0.7606449367700906,0.1019877731916045,0.3941468402910877,7.49770337520307,4.754295065002164,-1310.589215125038,,0.5228161100478715,0.999999431203118
948,palmitoyl-oleoyl-glycerol (16:0/18:1) [2]*,Method 2,YEJYLHKQOBOSCP-OZKTZCCCSA-N,HMDB0007102,C13861,0.5958646616541353,False,within_12m,provided_area,True,lbfgs,0.0026475537605472,-0.9098710752911215,-0.0295868756876997,0.5583415956097084,0.103186969279885,0.3450191809290593,5.885969725989003,0.4576494377177077,-859.677193540537,,0.5236775489971669,0.999999431203118
1074,glutamine conjugate of C6H10O2 (1)*,Method 3,,,,0.0037593984962406,True,within_12m,provided_area,True,lbfgs,0.0025922115888312,0.5948554709482387,0.0217087499868108,0.3653047909022086,0.1034440714815739,0.554553200057012,2.1112384806629945,0.6586799047691648,-837.7971018691494,,0.5236775489971669,0.999999431203118
607,omeprazole,Method 3,SUBDBMMJDZJVOS-UHFFFAOYSA-N,HMDB0001913,C07324,0.881578947368421,False,within_12m,provided_area,True,lbfgs,0.0068141583667473,-0.9468170768953944,-0.1981591168837829,0.5818840682943058,0.1037036328555966,0.0071528128643619,4.397654168109983,2.770654386718049,-1167.4055575446712,,0.5236775489971669,0.3025043773886387
1235,"cis-3,4-methyleneheptanoylcarnitine",Method 2,LNGSHJPPGDBEPT-VYAYZGMFSA-N,,,0.0,True,within_12m,provided_area,True,lbfgs,0.0044347443305551,-0.4082927328772713,-0.0298735157007678,0.2515086563058483,0.1045093777795796,0.189731681730144,1.056107654860698,0.2492487940870934,-601.8989055956465,,0.5242887978882145,0.999999431203118
958,oleoyl-arachidonoyl-glycerol (18:1/20:4) [2]*,Method 2,LWXLWRXRJKMNLM-XBUMEPTLSA-N,HMDB0007228,,0.2105263157894736,False,within_12m,provided_area,True,lbfgs,0.0052710527783047,-0.8909562333799332,-0.035366432256898,0.5493808960941019,0.1048577595776429,0.4311043488856091,5.239151320975956,0.9621582052928208,-982.1528989194172,,0.5242887978882145,0.999999431203118
170,valerate (5:0),Method 3,NQPDZGIKBAWPEJ-UHFFFAOYSA-N,HMDB0000892,C00803,0.3045112781954887,False,within_12m,provided_area,True,lbfgs,-0.0027608911800712,-0.8425359518507113,-0.0834566204556994,0.5212899818577529,0.1060398500552224,0.225616036435117,3.3368635111796188,2.44648135610771,-1123.968420498282,,0.5250040061133251,0.999999431203118
228,methionine sulfoxide,Method 1,QEFRNWWLZKMPFJ-YGVKFDHGSA-N,HMDB0002005,C02989,0.0,True,within_12m,provided_area,True,lbfgs,-0.0054484876653297,0.2751478640634841,-0.0179318213799261,0.1704178828100121,0.1064085986111989,0.3117148647164252,0.4500146103651491,0.1541261914235636,-444.0835579555719,,0.5250040061133251,0.999999431203118
478,glycerophosphoethanolamine,Method 1,JZNWSCPGTDBMEW-UHFFFAOYSA-N,HMDB0000114,C01233,0.0,True,within_12m,provided_area,True,lbfgs,-0.0003604421450355,-0.2045171718048239,-0.010575787492316,0.1267235694074821,0.1065525372013251,0.3538011025935721,0.268714898550259,0.0625922772851236,-235.41918008658536,,0.5250040061133251,0.999999431203118
846,"sphingomyelin (d18:1/17:0, d17:1/18:0, d19:1/16:0)",Method 2,YMQZQHIESOAPQH-JXGHDCMNSA-N,"HMDB0240620,HMDB0240609,HMDB0240622",,0.0,True,within_12m,provided_area,True,lbfgs,-0.000422430703867,-0.2524564839565375,0.0061219305390923,0.1567735498094695,0.1073267609194477,0.6160325866851497,0.4333966915270156,0.0707023522181049,-297.7873789998482,,0.5250981670958965,0.999999431203118
165,citrate,Method 3,KRKNYBCHXYNGOX-UHFFFAOYSA-N,HMDB0000094,C00158,0.0,True,within_12m,provided_area,True,lbfgs,-0.0016998362326405,0.3298676243706809,-0.0014501707253968,0.2052057571420894,0.1079454025841374,0.9174205497339096,0.7682597665217116,0.0920518213227958,-394.7109327910193,,0.5250981670958965,0.999999431203118
979,"ceramide (d18:1/17:0, d17:1/18:0)*",Method 2,ICWGMOFDULMCFL-SJCQXOIGSA-N,"HMDB0240683,HMDB0240678",,0.1672932330827067,True,within_12m,provided_area,True,lbfgs,0.004685629051492,-0.5455135397518,0.0083464355752792,0.3395275442364049,0.1081236619931452,0.8228523378091753,1.7195392832018124,0.6880608379398309,-830.0186077452793,,0.5250981670958965,0.999999431203118
464,beta-hydroxyisovaleroylcarnitine,Method 1,IGLHHSKNBDXCEY-UHFFFAOYSA-N,,,0.0,True,within_12m,provided_area,True,lbfgs,0.0009109113119239,-0.3266833024352081,-0.0344220080626857,0.2036654608496353,0.108709828245899,0.0311191242188798,0.7300466777534589,0.1208931126461836,-439.1968603297762,,0.5254308365218452,0.6901176079965772
410,N1-methylinosine,Method 1,WJNGQIYEQLPJMN-UHFFFAOYSA-N,HMDB0002721,,0.0056390977443609,True,within_12m,provided_area,True,lbfgs,-0.0003934595735476,-0.3471730748861124,-0.0196325748786463,0.2175177883539877,0.1104737215354837,0.410713708945014,0.7069043604647349,0.281076880229789,-592.365842050551,,0.5275316403726493,0.999999431203118
811,dopamine 3-O-sulfate,Method 3,NZKRYJGNYPYXJZ-UHFFFAOYSA-N,HMDB0006275,C13690,0.0,True,within_12m,provided_area,True,lbfgs,-0.0005648811759779,0.4973333916515854,-0.0387566583693668,0.3117876463030846,0.1106892178863402,0.2027013485433278,1.5650183885483548,0.4489210069556553,-742.5285777901065,,0.5275316403726493,0.999999431203118
1114,"N2-acetyl,N6-methyllysine",Method 1,MKWKYAGEJHBUOX-QMMMGPOBSA-N,,,0.0169172932330827,True,within_12m,provided_area,True,lbfgs,0.0015442084292098,-0.615916597958963,0.0019178802308149,0.3861453483604666,0.1107036841373146,0.9356985569311757,2.775121457128539,0.2641597626857307,-695.4329923653825,,0.5275316403726493,0.999999431203118
973,sphingadienine,Method 2,KWDXKYNWAKMLKK-YQMRQDNGSA-N,,,0.1672932330827067,True,within_12m,provided_area,True,lbfgs,0.000151066953622,-0.4323626862654619,-0.0008866495007668,0.272323674365954,0.1123588549202296,0.9698332302721804,1.2643728521414055,0.2624252063730143,-626.2669287334672,,0.5319005850164685,0.999999431203118
49,sphinganine,Method 2,OTKJDMGTUTTYMP-UHFFFAOYSA-N,HMDB0000269,C00836,0.018796992481203,True,within_12m,provided_area,True,lbfgs,0.0028651084113479,-0.3506238240980762,-0.0346525007116307,0.2210308364828727,0.1126685968261485,0.2536684015905395,0.5670023472629758,0.4781216191634417,-680.5303800154772,,0.5319005850164685,0.999999431203118
295,homoarginine,Method 1,QUOGESRFPZDMMT-YFKPBYRVSA-N,HMDB0000670,C01924,0.0,True,within_12m,provided_area,True,lbfgs,-0.0027468928110678,0.2533565982417017,0.0042273725657163,0.1610994692107082,0.1157948241586804,0.7669286113277229,0.4374542918864337,0.097546602965457,-357.05064880305144,,0.5441284561160213,0.999999431203118
568,ergothioneine,Method 1,SSISHJJTAXXQAX-UHFFFAOYSA-N,HMDB0003045,C05570,0.0,True,within_12m,provided_area,True,lbfgs,-0.0015027080237098,-0.4253255769122926,-0.0164371575165313,0.2718058428845837,0.1176265378792111,0.3990848322927932,1.3321565616328772,0.1792378963423133,-561.8471384690456,,0.5477931293258311,0.999999431203118
160,N-acetylalanine,Method 4,KTHDTJVBEPMMGL-VKHMYHEASA-N,HMDB0000766,C02847,0.0,True,within_12m,provided_area,True,lbfgs,0.0007929052634386,-0.2279253991343859,-0.0030891820156003,0.1458292465089476,0.118061809943957,0.7734308280052011,0.3809623097895729,0.0544286137628026,-239.61722737084665,,0.5477931293258311,0.999999431203118
589,metformin,Method 1,XZWYZXLIPXDOLR-UHFFFAOYSA-N,HMDB0001921,C07151,0.868421052631579,False,within_12m,provided_area,True,lbfgs,-0.0268836120682435,1.2291310317184898,0.0482685420029288,0.7879165692219813,0.1187655247330958,0.5616398003099,9.539867148866309,3.385004959033616,-1263.084613141679,,0.5477931293258311,0.999999431203118
1075,glutamine conjugate of C6H10O2 (2)*,Method 3,,,,0.0037593984962406,True,within_12m,provided_area,True,lbfgs,-0.0013124929934477,0.6228608575316855,0.0183558240798907,0.3998655403396615,0.1193101305994663,0.7161836147759368,2.083907502211727,1.3004592794413523,-966.8756631805288,,0.5477931293258311,0.999999431203118
623,pantoprazole,Method 3,IQPSEEYGBUAQFF-UHFFFAOYSA-N,HMDB0005017,C11806,0.7180451127819549,False,within_12m,provided_area,True,lbfgs,-0.010899075594574,1.3968625608071847,0.080035004366627,0.8981166585112407,0.119868879982434,0.4449384052360405,11.435023037643733,5.498332388702403,-1369.0701063573413,,0.5477931293258311,0.999999431203118
411,"N2,N2-dimethylguanosine",Method 1,RSPURTUNRHNVGF-IOSLPCCCSA-N,HMDB0004824,,0.0,True,within_12m,provided_area,True,lbfgs,0.0022069066587263,-0.2805035095888967,-0.0103637499736756,0.1806245454195954,0.1204316123130035,0.297996929875459,0.6175052612696645,0.0461862701181422,-253.10947008355083,,0.5477931293258311,0.999999431203118
1211,"3,5-dichloro-2,6-dihydroxybenzoic acid",Method 4,KLXACYSQYFWVLM-UHFFFAOYSA-N,,,0.0,True,within_12m,provided_area,True,lbfgs,0.0018145905918806,-0.4036836066861015,-0.0040860218342373,0.2601898713376238,0.1207828080675252,0.8278462795401165,1.21881157242023,0.1664212425073788,-540.8327329176052,,0.5477931293258311,0.999999431203118
1232,deoxycholic acid 12-sulfate*,Method 3,GMRIQHBJNVMHJA-LLQZFEROSA-N,,,0.4830827067669173,False,within_12m,provided_area,True,lbfgs,0.0254901279794617,-0.9578244617440024,-0.0391139258658174,0.6179473890934771,0.1211391821920351,0.5723664805296942,5.604733073785457,2.3835844812797524,-1155.8954166170186,,0.5477931293258311,0.999999431203118
723,"sphingomyelin (d18:2/16:0, d18:1/16:1)*",Method 2,IWHLTJGDYLJQSH-FLPFCPAFSA-N,"HMDB0240638,HMDB0240613",,0.0,True,within_12m,provided_area,True,lbfgs,-0.0008497857620575,-0.2229778987817631,0.0020709856907952,0.1440610071077427,0.1216700018231121,0.8363988488629353,0.3769053457266441,0.047323069060921,-213.63512067318948,,0.5477931293258311,0.999999431203118
521,4-allylphenol sulfate,Method 3,KFDHKOFCRYUXLA-UHFFFAOYSA-N,,,0.0,True,within_12m,provided_area,True,lbfgs,-0.007997311466571,0.6019933471644487,0.0359165446395698,0.389586371524941,0.1222951101080949,0.4666688825541488,1.9700241273452956,1.243039414373576,-954.0958819275418,,0.5477931293258311,0.999999431203118
470,7alpha-hydroxy-3-oxo-4-cholestenoate (7-Hoca),Method 3,SATGKQGFUDXGAX-MYWFJNCASA-N,HMDB0012458,C17337,0.0,True,within_12m,provided_area,True,lbfgs,-0.0060062036305903,0.3592334912424082,-0.002105454874746,0.2326163036408789,0.1225113698098164,0.8987417770699976,0.9775638901099778,0.1291764259330879,-476.2918907812034,,0.5477931293258311,0.999999431203118
967,glycosyl-N-behenoyl-sphingadienine (d18:2/22:0)*,Method 2,BZVOAOVDSULRAB-NUBHLNQHSA-N,,,0.0,True,within_12m,provided_area,True,lbfgs,-0.0042198158033612,-0.2659006533920617,0.0119307977926818,0.1727702506116626,0.1237940694411381,0.4534630969736121,0.4948780059336212,0.121565177997416,-407.619417608659,,0.5506645370210091,0.999999431203118
75,pelargonate (9:0),Method 3,FBUKVWPVBMHYJY-UHFFFAOYSA-N,HMDB0000847,C01601,0.0,True,within_12m,provided_area,True,lbfgs,-0.000725352833264,0.3130106805930235,0.0175894534899329,0.2036208078957837,0.124238599978139,0.2817362431963153,0.7241651616083956,0.127124536833599,-447.5928760646798,,0.5506645370210091,0.999999431203118
957,oleoyl-arachidonoyl-glycerol (18:1/20:4) [1]*,Method 2,LWXLWRXRJKMNLM-XBUMEPTLSA-N,HMDB0007228,,0.2274436090225564,False,within_12m,provided_area,True,lbfgs,0.0054927919150351,-0.9405325112959314,-0.0538121996728598,0.6127799066043313,0.1248177621817701,0.289350756474734,6.487820943600968,1.2314342893887982,-1045.0020933103322,,0.5508262113673768,0.999999431203118
931,eicosapentaenoylcholine,Method 2,AVBRNEQAXKXDAZ-CGRWFSSPSA-N,,,0.6372180451127819,False,within_12m,provided_area,True,lbfgs,0.0089151420562689,-0.5615017412383719,-0.1365859129392967,0.3670487600623426,0.1260726177477324,0.0051426540478602,1.6371430898190331,1.2331159313590514,-939.9324371531154,,0.5520096803837341,0.26098969292890517
208,glycochenodeoxycholate,Method 3,GHCZAUBVMUEKKP-AZDOMVTHSA-N,HMDB0000637,C05466,0.0,True,within_12m,provided_area,True,lbfgs,-0.019667802489779,0.7115885256448872,0.0039844618009134,0.4656074911000994,0.1264377517256827,0.9275660645429614,3.5536569953706736,0.9287721871268092,-943.4425359329414,,0.5520096803837341,0.999999431203118
383,p-cresol sulfate,Method 3,WGNAKZGUSRVWRH-UHFFFAOYSA-N,HMDB0011635,,0.0,True,within_12m,provided_area,True,lbfgs,0.0189988433458388,-0.961557848879102,0.0256053017475122,0.6296317243544702,0.1267174931324237,0.736618013795062,5.426086809955769,2.9253482517268417,-1192.879327203006,,0.5520096803837341,0.999999431203118
835,glycodeoxycholate 3-sulfate,Method 3,QJZCNFGUZPMYAX-WWZCPACMSA-N,,,0.462406015037594,False,within_12m,provided_area,True,lbfgs,0.0236919917178727,-1.1361007830599232,0.0180880058171812,0.7454050907388183,0.1274740546359598,0.8412066915886014,7.591096137101703,4.116158563847794,-1283.306603614811,,0.552423625547267,0.999999431203118
1045,octadecadienedioate (C18:2-DC)*,Method 3,ZKQNWTGXRAIVGG-PXELCPQFSA-N,,,0.0413533834586466,True,within_12m,provided_area,True,lbfgs,-0.0102938475495655,0.5371392671071796,0.0156799901176817,0.3528167426181289,0.1279010364567564,0.6768110792034266,1.896872088098468,0.6969544510358168,-839.9921865754211,,0.552423625547267,0.999999431203118
806,"sphingomyelin (d18:1/22:1, d18:2/22:0, d16:1/24:1)*",Method 2,VBFKEZGCUWHGSK-ADSSWVSQSA-N,HMDB0012104,,0.0,True,within_12m,provided_area,True,lbfgs,-0.0004860777627966,-0.2148614929669929,-0.0038493227202605,0.1420366196512354,0.1303510517458714,0.7226276910873588,0.3578295555187502,0.0556780358423633,-238.29704450986537,,0.5595900898226379,0.999999431203118
305,1-linoleoylglycerol (18:2),Method 3,WECGLUPZRHILCT-HZJYTTRNSA-N,HMDB0011568,,0.0,True,within_12m,provided_area,True,lbfgs,0.0054428116736852,-0.4283471966864345,-0.0058849358482197,0.2833934497498114,0.1306629076728721,0.8414728552529579,1.246084130053264,0.4243633259568751,-713.9368729914574,,0.5595900898226379,0.999999431203118
283,1-palmitoylglycerol (16:0),Method 3,QHZLMUACJMDIAE-UHFFFAOYSA-N,HMDB0011564,,0.0432330827067669,True,within_12m,provided_area,True,lbfgs,-0.0092256781165074,0.5464585341829569,0.0312303252069065,0.3634162978197433,0.1326661095591014,0.536879500215165,1.4894967759867528,1.3430791404119704,-950.9959697585124,,0.5654110068903624,0.999999431203118
57,guanidinoacetate,Method 4,BPMFZUMJYQTVII-UHFFFAOYSA-N,HMDB0000128,C00581,0.0,True,within_12m,provided_area,True,lbfgs,-0.0047587813125528,0.3334794513834835,0.0063209608899495,0.2221267255305098,0.1332772885936481,0.7190510498484108,0.8657278637364345,0.1468221067074548,-488.84843859162606,,0.5654110068903624,0.999999431203118
870,1-palmitoyl-2-dihomo-linolenoyl-GPC (16:0/20:3n3 or 6)*,Method 2,SRIGHEHXEGELQJ-YYQUKWHJSA-N,,,0.0037593984962406,True,within_12m,provided_area,True,lbfgs,-0.0008458413654057,-0.1360474755369063,-0.0109338204275275,0.0907167199730079,0.1336932430085586,0.3004174267064301,0.1170628402337216,0.0556441357513402,-148.1211931735645,,0.5654110068903624,0.999999431203118
953,linoleoyl-linolenoyl-glycerol (18:2/18:3) [2]*,Method 2,ZDBLXLQFRZTIIU-ZPNZQGKLSA-N,HMDB0007250,,0.6447368421052632,False,within_12m,provided_area,True,lbfgs,0.0045134194401776,-0.7444602911542125,0.004700484441348,0.4978680667704109,0.134837123478174,0.9261422758132573,3.8938614784039465,1.254781550725815,-1006.6650125445492,,0.5675035973272501,0.999999431203118
1217,1-methyl-5-imidazolelactate,Method 3,MXETUSMIYKMMAT-UHFFFAOYSA-N,,,0.0263157894736842,True,within_12m,provided_area,True,lbfgs,0.0005311846360052,-0.6160951278050621,-0.0389355848592389,0.4125175795295257,0.1353062764070882,0.3582434566529234,2.6584337843837997,0.8784789879294492,-909.8460203188822,,0.5675035973272501,0.999999431203118
690,N-acetylcarnosine,Method 1,BKAYIFDRRZZKNF-VIFPVBQESA-N,HMDB0012881,,0.0018796992481203,True,within_12m,provided_area,True,lbfgs,-0.0008360518247885,-0.3677912535431111,-0.0016672559938374,0.2468276620980376,0.1362050227772313,0.9235900988371286,1.1033854934208658,0.142369585572071,-504.2347198635957,,0.5689222144810279,0.999999431203118
135,caprylate (8:0),Method 3,WWZKQHOCKIZLMA-UHFFFAOYSA-N,HMDB0000482,C06423,0.0,True,within_12m,provided_area,True,lbfgs,-0.0141140955784478,0.4677605547334729,0.0121031283179495,0.3155167084369429,0.1382013757799562,0.7770658648864364,1.1752644005388653,0.9506310065580624,-866.037344068827,,0.5726873501288006,0.999999431203118
565,17alpha-hydroxypregnenolone 3-sulfate,Method 3,OMOKWYAQVYBHMG-QUPIPBJSSA-N,HMDB00416,,0.4661654135338345,False,within_12m,provided_area,True,lbfgs,-0.005514515199167,0.5742769666429445,0.0346219347526281,0.3873977331327577,0.1382348776172967,0.4008970867040105,2.293026821010239,0.833427976188936,-888.4002008776486,,0.5726873501288006,0.999999431203118
434,1-docosahexaenoylglycerol (22:6),Method 3,JWPHORDRFVRZPP-KUBAVDMBSA-N,HMDB0011587,,0.3721804511278195,False,within_12m,provided_area,True,lbfgs,0.0066664720094253,-0.6482558747307786,0.0146525620595786,0.4381439058896945,0.1389933426143129,0.7918054482208077,2.495425936405849,1.5683386202007994,-1016.204411868244,,0.5734887916810065,0.999999431203118
978,"ceramide (d18:1/14:0, d16:1/16:0)*",Method 2,ZKRPGPZHULJLKJ-IMVLJIQESA-N,"HMDB0240681,HMDB0011773",,0.0921052631578947,True,within_12m,provided_area,True,lbfgs,-0.0034108188235102,0.4881073416814943,0.0392824314810151,0.3304906321151221,0.1396977991342723,0.2846373469425995,1.614554140966637,0.6686779033899664,-819.7991697120372,,0.5736473577844824,0.999999431203118
1260,oxindolylalanine,Method 1,YLEQTOAIAOPFBY-UHFFFAOYSA-N,,,0.0018796992481203,True,within_12m,provided_area,True,lbfgs,-2.488032042915876e-06,-0.2468801815131142,-0.0083388409729495,0.1680679752411183,0.1418516303115846,0.701522094528142,0.3572921810198902,0.2422169614524348,-514.117208205043,,0.5736473577844824,0.999999431203118
185,glycerol,Method 3,PEDCQBHIVMGVHV-UHFFFAOYSA-N,HMDB0000131,C00116,0.0,True,within_12m,provided_area,True,lbfgs,0.0047482280976709,-0.5796924605028677,-0.0128121255380946,0.395096069585201,0.1423164896625315,0.6527018027778719,2.81197834972027,0.3819032989590319,-762.2503117380222,,0.5736473577844824,0.999999431203118
645,N-oleoyltaurine,Method 3,KOGRJTUIKPMZEJ-KTKRTIGZSA-N,,,0.0206766917293233,True,within_12m,provided_area,True,lbfgs,-0.0050533844039078,0.4744508055299445,0.0140793247926011,0.3234627492272892,0.142434133407433,0.6942411369628114,1.5511444947784114,0.635348088742992,-807.0385910405791,,0.5736473577844824,0.999999431203118
389,HWESASXX*,Method 3,KUZSCKDYVGVVKC-PLNQFBRDSA-N,,,0.7875939849624061,False,within_12m,provided_area,True,lbfgs,-0.0108992488034494,0.4819895730463599,-0.088089554739346,0.3291693469587264,0.1431228679342148,0.0490195501563273,1.274065448180959,1.0412739880398187,-889.5896013393497,,0.5736473577844824,0.8884793465834323
563,3-hydroxyhippurate,Method 3,XDOFWFNMYJRHEW-UHFFFAOYSA-N,HMDB0006116,,0.1973684210526315,True,within_12m,provided_area,True,lbfgs,0.017059273858685,-0.9954420170781054,-0.0436667151574058,0.6808592328204048,0.143730818691435,0.556149266955251,6.95766657626744,2.717857976440945,-1197.2688462675294,,0.5736473577844824,0.999999431203118
172,gamma-glutamylglutamine,Method 1,JBFYFLXEJFQWMU-WDSKDSINSA-N,HMDB0011738,C05283,0.0,True,within_12m,provided_area,True,lbfgs,0.0016708871392386,-0.2184382424216057,-0.0227995818243057,0.1494791202820601,0.1439250482804764,0.0605315532413812,0.3889458515978998,0.0700043932355629,-286.7746723419473,,0.5736473577844824,0.999999431203118
1093,6-bromotryptophan,Method 3,OAORYCZPERQARS-UHFFFAOYSA-N,,,0.0037593984962406,True,within_12m,provided_area,True,lbfgs,-0.0029096425994343,-0.2750727595745837,0.0207713473397792,0.1888399520870779,0.1452144173252794,0.2698624257873188,0.5670261529734814,0.1727441395925865,-483.6695252950624,,0.5736473577844824,0.999999431203118
7,kynurenate,Method 3,HCZHHEIFKROPDY-UHFFFAOYSA-N,HMDB0000715,C01717,0.0,True,within_12m,provided_area,True,lbfgs,-0.0012044941238504,0.3698843023720726,-0.007774349896973,0.2539700525677072,0.1452795541713633,0.7068658974023487,1.1214175281347936,0.2036130172549657,-570.0309395248394,,0.5736473577844824,0.999999431203118
599,sulfate*,Method 3,QAOWNCQODCNURD-UHFFFAOYSA-N,HMDB01448,C00059,0.0,True,within_12m,provided_area,True,lbfgs,-0.0001169240856153,-0.2163257441146286,-0.0149532668560545,0.1485884746903089,0.1454281109667971,0.1946431285009688,0.3898390575302916,0.062929168512945,-267.7097187821198,,0.5736473577844824,0.999999431203118
1096,dodecadienoate (12:2)*,Method 3,QHRHXXRXWDTFLI-HZJYTTRNSA-N,,,0.0,True,within_12m,provided_area,True,lbfgs,-0.0052735088934407,0.4582933346519796,0.0274052831958731,0.3150686996241769,0.1457849508607327,0.505918836198162,1.236269608304182,0.8738589918744989,-852.5814429768568,,0.5736473577844824,0.999999431203118
1091,ascorbic acid 3-sulfate*,Method 4,FBFZPSQPKNIVMT-ZAFYKAAXSA-N,,,0.0,True,within_12m,provided_area,True,lbfgs,0.0059477820948678,-0.4075707369265105,-0.0498726154585911,0.2806039191729061,0.1463690216248008,0.1281419810033823,1.1162143094727766,0.5367792261302483,-750.1817915936451,,0.5736473577844824,0.999999431203118
598,hydantoin-5-propionate,Method 4,VWFWNXQAMGDPGG-UHFFFAOYSA-N,HMDB0001212,C05565,0.093984962406015,True,within_12m,provided_area,True,lbfgs,0.0017086376547314,0.473621191886985,-0.0503984508547017,0.326086321183616,0.1463789809519024,0.2410713745433269,1.30963726793143,0.9528813166347978,-873.6639888619695,,0.5736473577844824,0.999999431203118
430,3-methylcytidine,Method 1,RDPUKVRQKWBSPK-ZOQUXTDFSA-N,HMDB0240577,,0.0827067669172932,True,within_12m,provided_area,True,lbfgs,-0.0030279364342003,-0.3632421653889305,-0.0364018154054561,0.2517218564069631,0.1490120484861135,0.1679861820652418,0.9766719172601168,0.3421704656140508,-654.4566889847044,,0.5796580464394868,0.999999431203118
279,N-acetylaspartate (NAA),Method 4,OTCCIMWXFLJLIA-BYPYZUCNSA-N,HMDB0000812,C01042,0.0131578947368421,True,within_12m,provided_area,True,lbfgs,0.0039426941468261,-0.4641979319545677,-0.0030966599603937,0.321716755436628,0.1490549262272966,0.8751199689100264,1.927986923974484,0.1814849274245829,-596.5733819194295,,0.5796580464394868,0.999999431203118
739,3-methoxytyramine sulfate,Method 3,ORZHQEJEAKXCJA-UHFFFAOYSA-N,,,0.0263157894736842,True,within_12m,provided_area,True,lbfgs,0.0004952010148378,0.4103084595613148,-0.0045191453848771,0.2858537139315499,0.1511790854824551,0.8590560003209673,1.3736132143858495,0.3112477560064877,-664.3509473004058,,0.583448675605382,0.999999431203118
381,gamma-glutamylmethionine,Method 1,RQNSKRXMANOPQY-BQBZGAKWSA-N,HMDB0029155,,0.0,True,within_12m,provided_area,True,lbfgs,-0.0044338585593028,0.2444239163828555,-0.0118725803509894,0.1703907493776429,0.1514323296217492,0.4790114913220742,0.4652610515255214,0.136521461665013,-424.0705303011123,,0.583448675605382,0.999999431203118
1245,"2,4-di-tert-butylphenol",Method 3,ICKWICRCANNIBI-UHFFFAOYSA-N,,,0.0,True,within_12m,provided_area,True,lbfgs,-0.0007625219553799,-0.4334150026282609,-0.0300059832548959,0.3023763102222397,0.1517541382855378,0.1404288695966376,1.6727686162010176,0.1945984862381124,-596.4236667053638,,0.583448675605382,0.999999431203118
483,1-arachidonoyl-GPI (20:4)*,Method 3,LXUGKKVCSTYZFK-OSKOXSHBSA-N,HMDB0061690,,0.0,True,within_12m,provided_area,True,lbfgs,0.0017859372377679,-0.3058576155422655,0.0074755167026351,0.2143038898590477,0.1535180809090754,0.6896024014053976,0.7782524014373223,0.1679192004662857,-504.26551273039263,,0.588003215557402,0.999999431203118
833,glycocholate sulfate,Method 3,ZXUWKFXQTSOVDY-FTKNGHMZSA-N,,,0.5413533834586466,False,within_12m,provided_area,True,lbfgs,-0.0122665702763666,0.617695682952882,0.1079289828759912,0.4339654890582948,0.1546274390347768,0.0459313722896161,2.4945763999411388,1.4854543540269889,-1005.5361238852864,,0.5893768229504711,0.8633396828511174
401,7-methylxanthine,Method 1,PFWLFWPASULGAN-UHFFFAOYSA-N,HMDB0001991,C16353,0.1221804511278195,True,within_12m,provided_area,True,lbfgs,0.0131429843183339,-0.6040708581315892,-0.0041634268321726,0.4259290061587182,0.1561198135085583,0.9446774724709108,2.000051905487009,1.8984956112223208,-1039.8391366230828,,0.5893768229504711,0.999999431203118
985,"ceramide (d18:1/20:0, d16:1/22:0, d20:1/18:0)*",Method 2,XWBWIAOWSABHFI-QOSDPKFLSA-N,"HMDB0240684,HMDB0240682,HMDB0004951",,0.0319548872180451,True,within_12m,provided_area,True,lbfgs,0.0099220514214112,-0.4115854691544994,0.032267071924403,0.2906857957299185,0.1568013086026547,0.3177529500567119,1.249119802648945,0.5172537487676999,-751.5099533548062,,0.5893768229504711,0.999999431203118
1090,enterolactone sulfate,Method 3,CGSFDOCYHBJLFW-WMLDXEAASA-N,"HMDB0240506,HMDB0240505",,0.9022556390977444,False,within_12m,provided_area,True,lbfgs,0.0099339571807644,-0.3307468838048795,-0.0038174367658861,0.2338739720773979,0.1573002856409322,0.8944599995916559,0.73490839084961,0.419455795632469,-672.172933234888,,0.5893768229504711,0.999999431203118
44,cysteinylglycine,Method 1,ZUKPVRWZDMRIEO-UHFFFAOYSA-N,HMDB0000078,C01419,0.0,True,within_12m,provided_area,True,lbfgs,-0.0001389364921007,-0.3446401247117838,-0.020952763973192,0.2438454914235051,0.1575515142815874,0.42761380895215,0.8967557891392667,0.343495087176671,-648.5725959273552,,0.5893768229504711,0.999999431203118
885,"sphingomyelin (d18:0/18:0, d19:0/17:0)*",Method 2,JCELSEVNSMXGKA-IOLBBIBUSA-N,HMDB0012087,,0.0,True,within_12m,provided_area,True,lbfgs,-0.0033632896986775,-0.3335302098741934,-0.0107923176608623,0.2361402597399859,0.1578251044961357,0.6263122311773205,0.915677810503466,0.2371105813220403,-581.0176957129404,,0.5893768229504711,0.999999431203118
1009,arachidonoylcarnitine (C20:4),Method 2,RBFQHRALHSUPIA-SNPVRQPZSA-N,HMDB0006455,,0.0,True,within_12m,provided_area,True,lbfgs,0.0005458915224258,-0.317186272100538,-0.000779368350788,0.2254629232099014,0.1594800831332945,0.9666240373559468,0.8797299795597352,0.1650639238745921,-511.4217627263456,,0.5893768229504711,0.999999431203118
877,1-(1-enyl-stearoyl)-2-arachidonoyl-GPE (P-18:0/20:4)*,Method 2,URPXXNCTXCOATD-FXMFQVEGSA-N,HMDB0005779,,0.0,True,within_12m,provided_area,True,lbfgs,-0.0004839710397657,-0.2595458628160648,0.0082794604523917,0.1847695856742063,0.1601104642082684,0.616372695412613,0.5729433109839165,0.1311565632142273,-433.6290577478039,,0.5893768229504711,0.999999431203118
1107,sulfate of piperine metabolite C18H21NO3 (3)*,Method 3,,,,0.018796992481203,True,within_12m,provided_area,True,lbfgs,-0.0089597082645557,0.5562667147027388,-0.030818583169468,0.3968145348385739,0.1609658706129778,0.4315507747572088,2.517219123796321,0.7474876623054898,-875.3785953465447,,0.5893768229504711,0.999999431203118
995,"sphingomyelin (d18:1/19:0, d19:1/18:0)*",Method 2,HAFQHLHNPJDAGB-MAJDXUCPSA-N,,,0.0,True,within_12m,provided_area,True,lbfgs,0.0013297111464207,-0.3051638735290595,0.0062634407096208,0.2177363702394183,0.161055891966212,0.7297542293895734,0.8179775826638901,0.1567860700392636,-495.9361050369933,,0.5893768229504711,0.999999431203118
1234,"cis-3,4-methyleneheptanoate",Method 3,VFMNSFWBDMRNLJ-BQBZGAKWSA-N,,,0.0,True,within_12m,provided_area,True,lbfgs,-0.0030171491404509,0.3855580068979632,-0.0231245399655213,0.2754686352831081,0.1616199680281113,0.3423416492808001,1.279256697836645,0.2849282155891554,-642.2737517051087,,0.5893768229504711,0.999999431203118
573,tridecenedioate (C13:1-DC)*,Method 3,LGDMAFABHAIORE-DUXPYHPUSA-N,,,0.0,True,within_12m,provided_area,True,lbfgs,-0.0017635566373961,0.3630610164294902,0.0254581220107834,0.2597455330125275,0.1621861904442364,0.3924462756163211,0.9720326455229618,0.4420435388068815,-702.671264981512,,0.5893768229504711,0.999999431203118
585,"2R,3R-dihydroxybutyrate",Method 4,LOUGYXZSURQALL-PWNYCUMCSA-N,HMDB0000498,,0.0,True,within_12m,provided_area,True,lbfgs,-5.065160487640319e-05,-0.250175246492648,-0.0397590322498198,0.1790421054008974,0.1623238583227442,0.045661681993612,0.4741734393617922,0.1958506821694597,-493.369973216953,,0.5893768229504711,0.8633396828511174
1142,lithocholate sulfate (1),Method 3,AXDXVEYHEODSPN-HVATVPOCSA-N,,,0.4548872180451128,False,within_12m,provided_area,True,lbfgs,0.016126897250337,-0.8300603730068798,-0.0267892017100227,0.5948995912648116,0.1629269256721882,0.6960404360429121,5.072618926316015,2.34881625007866,-1145.6182934399728,,0.5893768229504711,0.999999431203118
275,phenyllactate (PLA),Method 3,VOXXWSYKYCBWHO-UHFFFAOYSA-N,"HMDB0000779,HMDB0000563",C05607,0.0,True,within_12m,provided_area,True,lbfgs,-0.0039322788183674,0.4131967749788897,-0.0146375625833085,0.2962943401128723,0.1631520879428205,0.5810595190844636,1.4722137053907418,0.3385038327112334,-685.4708147493013,,0.5893768229504711,0.999999431203118
641,1-(1-enyl-stearoyl)-GPE (P-18:0)*,Method 2,KACDZDULGKPXHT-BIHRDVDLSA-N,HMDB0240598,,0.0,True,within_12m,provided_area,True,lbfgs,-0.0015840061260671,-0.2247768440824265,0.0055006658801611,0.1613496994461284,0.1635884704148411,0.7046443514057104,0.4359080558727115,0.1011501522068822,-363.4046927968259,,0.5893768229504711,0.999999431203118
488,N6-succinyladenosine,Method 3,VKGZCEJTCKHMRL-UHFFFAOYSA-N,HMDB0000912,,0.0883458646616541,True,within_12m,provided_area,True,lbfgs,0.0010740214261418,0.3752840307101061,-0.0021894619611464,0.2697661394986325,0.1641812202825376,0.9311437985396098,1.1940577743351592,0.3105305998236666,-652.4218592867026,,0.5893768229504711,0.999999431203118
164,chenodeoxycholate,Method 3,RUDATBOHQWOJDD-LXEZOOAESA-N,HMDB0000518,C02528,0.0676691729323308,True,within_12m,provided_area,True,lbfgs,-0.0098616900425749,0.6191568643582823,0.0511462912806849,0.4458997967462688,0.1649677870363732,0.3743616226504221,2.518382220233037,1.701200777653599,-1032.8624391168166,,0.5893768229504711,0.999999431203118
628,1-methyl-5-imidazoleacetate,Method 1,UJCGYTCAMOHYCG-UHFFFAOYSA-N,HMDB04988,,0.0,True,within_12m,provided_area,True,lbfgs,0.0035230011611237,-0.5290616474361457,-0.0610640453279563,0.3811616469280061,0.1651296303382583,0.1592431485734081,2.1083564672409296,0.9344745954003496,-903.7123580437226,,0.5893768229504711,0.999999431203118
37,succinate,Method 4,KDYFGRWQOYBRFD-UHFFFAOYSA-N,HMDB0000254,C00042,0.0,True,within_12m,provided_area,True,lbfgs,-0.0007703606711099,-0.2651921257008643,-0.0181321115261809,0.1914446128220201,0.1659864538200328,0.3246197764709579,0.5948265002906178,0.163835810031928,-477.67778850735385,,0.5893768229504711,0.999999431203118
860,"sphingomyelin (d18:2/24:1, d18:1/24:2)*",Method 2,TXFLWJQVQCDUDZ-BRUGZULGSA-N,"HMDB0240636,HMDB0240615",,0.0,True,within_12m,provided_area,True,lbfgs,-0.0010998304227849,-0.1864492928699617,-0.0007777220281436,0.1348036841918171,0.1666289356641342,0.9309496376313294,0.3332297836709942,0.0378134870156954,-162.82781206461482,,0.5893768229504711,0.999999431203118
566,pregnenolone sulfate,Method 3,DIJBBUIOWGGQOP-QGVNFLHTSA-N,HMDB0000774,C18044,0.0056390977443609,True,within_12m,provided_area,True,lbfgs,-0.0087056120519345,0.4163291638726664,-0.00055552488088,0.3010238043500914,0.1666513775239263,0.9837251366107372,1.5134839323782765,0.3563547116242035,-697.1808781392717,,0.5893768229504711,0.999999431203118
81,phosphate,Method 1,NBIIXXVUZAFLBC-UHFFFAOYSA-N,HMDB0001429,C00009,0.0,True,within_12m,provided_area,True,lbfgs,-0.0041103576558549,-0.288847179193485,-0.0077178542382177,0.2098531526377765,0.1686900134320099,0.6907252242922473,0.7282194217399809,0.1815046867240493,-513.0490324644618,,0.5945151515051738,0.999999431203118
473,tetradecanedioate (C14-DC),Method 3,HQHCYKULIHKCEB-UHFFFAOYSA-N,HMDB0000872,,0.0056390977443609,True,within_12m,provided_area,True,lbfgs,-0.0040141010819275,0.3813777117586497,0.0050428409361005,0.277807807184784,0.1698110003155071,0.8688521203068831,1.150150862895159,0.4618597986467797,-723.7161903379799,,0.5949976155296296,0.999999431203118
1098,gamma-CEHC sulfate,Method 3,XJAVOQFBEMHLBM-UHFFFAOYSA-N,,,0.5319548872180451,False,within_12m,provided_area,True,lbfgs,0.0046532763701881,0.5171590949793797,-0.0449099652753003,0.3768815292352471,0.1699993187227513,0.3816408178243554,1.6633511351132717,1.3729488623327366,-962.5010753093144,,0.5949976155296296,0.999999431203118
763,2-keto-3-deoxy-gluconate,Method 4,WPAMZTWLKIDIOP-WVZVXSGGSA-N,HMDB0001353,C00204,0.0075187969924812,True,within_12m,provided_area,True,lbfgs,0.0028017093613596,0.2602538657107829,0.003984890873155,0.1900625564699426,0.1709035335114571,0.870450823203831,0.4609717614645517,0.3051629887188418,-577.193328725361,,0.5961068265090342,0.999999431203118
137,pentadecanoate (15:0),Method 3,WQEPLUUGTLDZJY-UHFFFAOYSA-N,HMDB0000826,C16537,0.0,True,within_12m,provided_area,True,lbfgs,0.0003892111327882,0.308552209135684,0.0309689944550192,0.2274918949050304,0.1749968123808228,0.2929741073084185,0.6536829985376779,0.4449830733273427,-675.6171070953235,,0.6064234188087173,0.999999431203118
1049,N-acetylglucosamine conjugate of C24H40O4 bile acid**,Method 3,,,,0.3552631578947368,False,within_12m,provided_area,True,lbfgs,-0.0058355779818999,-0.6642288124150512,0.0235491464010326,0.4897954939308313,0.1750562184344376,0.6925561105665193,3.2661870172446408,1.790309211403892,-1061.0761426159,,0.6064234188087173,0.999999431203118
353,tauro-beta-muricholate,Method 3,XSOLDPYUICCHJX-OEYGYFRSSA-N,HMDB0000932,,0.2744360902255639,False,within_12m,provided_area,True,lbfgs,-0.0126031101963674,1.1173036896484567,0.0329665379660138,0.8277398444344344,0.1770722189709608,0.710735502797135,10.39256620920168,3.891910619500629,-1296.0223406080356,,0.6088961638226266,0.999999431203118
1081,tetradecadienoate (14:2)*,Method 3,HXHZGHRLVRFQDR-HZJYTTRNSA-N,HMDB0000560,,0.0075187969924812,True,within_12m,provided_area,True,lbfgs,-0.0076368282744352,0.4703555086725574,0.0208385212900301,0.3490248176442288,0.1777781600083713,0.6823565254639723,1.248256371293013,1.385711235844871,-946.586719518263,,0.6088961638226266,0.999999431203118
406,5-acetylamino-6-formylamino-3-methyluracil,Method 4,RDZNZFGKEVDNPK-UHFFFAOYSA-N,HMDB0011105,C16365,0.0582706766917293,True,within_12m,provided_area,True,lbfgs,0.0133072804700948,-0.5517554566307603,-0.0127909566271706,0.4102147232829691,0.1786121244714267,0.8143022526851851,2.050091504197318,1.5342036499478988,-998.474396023422,,0.6088961638226266,0.999999431203118
1064,3-formylindole,Method 1,OLNJUISKUQQNIM-UHFFFAOYSA-N,HMDB29737,C08493,0.0018796992481203,True,within_12m,provided_area,True,lbfgs,-0.0002414564497917,-0.1900926833124603,-0.0081027294309005,0.1414734043620337,0.179057148428622,0.6030183718299402,0.2979174256362974,0.1201630608154148,-365.233731343131,,0.6088961638226266,0.999999431203118
328,3-hydroxysebacate,Method 3,OQYZCCKCJQWHIE-UHFFFAOYSA-N,HMDB0000350,,0.0676691729323308,True,within_12m,provided_area,True,lbfgs,0.0006524888293009,0.5467742846387704,0.0521154776405209,0.407074711189147,0.1792139553111519,0.3507810355834393,1.9204181411344503,1.6249719243210077,-1005.727899091242,,0.6088961638226266,0.999999431203118
614,androsterone glucuronide,Method 3,VFUIRAVTUVCQTF-BSOWLZGZSA-N,HMDB0002829,C11135,0.169172932330827,True,within_12m,provided_area,True,lbfgs,-0.0049172929285153,-0.7094989538824423,-0.0596850226094312,0.5295355674007761,0.1802936718166131,0.1593968631247512,4.901524588856899,0.8554088164193264,-955.1976504669352,,0.6088961638226266,0.999999431203118
148,3-ureidopropionate,Method 1,JSJWCHRYRHKBBW-UHFFFAOYSA-N,HMDB0000026,C02642,0.0,True,within_12m,provided_area,True,lbfgs,-0.0057918674220841,0.3291540450963032,0.0096668945645196,0.2457945878419377,0.180524199317772,0.6696704298006515,1.0000357074904396,0.2478430023200326,-596.3764884355189,,0.6088961638226266,0.999999431203118
1201,undecenoylcarnitine (C11:1),Method 2,FVOVZEONZTWNTC-OUKQBFOZSA-N,,,0.0,True,within_12m,provided_area,True,lbfgs,0.005064176853135,-0.3150969807053836,-0.0397019555803547,0.2353218231619895,0.180569207202572,0.1286106818065989,0.8204535594519664,0.3368609420421031,-638.0794102471375,,0.6088961638226266,0.999999431203118
808,lignoceroyl sphingomyelin (d18:1/24:0),Method 2,QEDPUVGSSDPBMD-XTAIVQBESA-N,HMDB0011697,,0.0,True,within_12m,provided_area,True,lbfgs,-0.001683759490263,-0.2289524644670594,-0.0010068441908113,0.1712619792607868,0.1812699126217114,0.950837668305573,0.4780741649913236,0.12877833699555,-415.4348934012262,,0.6092349712285996,0.999999431203118
163,3-aminoisobutyrate,Method 1,QCHPKSFMDHPSNR-UHFFFAOYSA-N,HMDB0002166,C05145,0.0,True,within_12m,provided_area,True,lbfgs,0.0104460919661315,-0.3285316929300081,-0.0132306108875004,0.2461279132839914,0.1819416082951789,0.5842910629514494,0.9711131342089684,0.2845186535733379,-619.5212459044424,,0.6094743644211439,0.999999431203118
871,1-palmitoyl-2-arachidonoyl-GPE (16:0/20:4)*,Method 2,DRIVXEVMDWCWLI-CAQMIEAISA-N,HMDB0005323,C05210,0.0,True,within_12m,provided_area,True,lbfgs,0.0036062183133141,-0.2133378363231972,-0.0021852569216558,0.1605784294512909,0.1839936734470416,0.8825584046690429,0.426975797461932,0.1056074916624061,-369.6249624609502,,0.6143209820682474,0.999999431203118
56,glycocholate,Method 3,RFDAIACWWDREDC-FRVQLJSFSA-N,HMDB0000138,C01921,0.0,True,within_12m,provided_area,True,lbfgs,-0.018439639744142,0.6460272943992745,-0.0375194773681828,0.4876332810950375,0.1852301991252213,0.3951062915585454,3.970069722115504,0.9365802687660856,-954.05913680651,,0.6164218102036053,0.999999431203118
471,"3beta,7alpha-dihydroxy-5-cholestenoate",Method 3,GYJSAWZGYQXRBS-GRJZKGIBSA-N,HMDB0012454,C17335,0.0,True,within_12m,provided_area,True,lbfgs,-0.0036370237671499,0.2613500654229766,0.0011044196316372,0.197711953177497,0.1862104905165511,0.9425573555757928,0.6901099818525259,0.1115287591650232,-419.8352821260273,,0.6176589799813705,0.999999431203118
1113,"N2-acetyl,N6,N6-dimethyllysine",Method 1,UNPVIYLDJYPILW-VIFPVBQESA-N,,,0.0018796992481203,True,within_12m,provided_area,True,lbfgs,0.0014151353564,-0.5068365160966208,-0.0305799773918151,0.384189737243568,0.1870905884016866,0.0833564785763463,2.8510986644489003,0.1443108462451615,-591.5164513376442,,0.6185568313606251,0.999999431203118
235,imidazole lactate,Method 1,ACZFBYCNAVEFLC-UHFFFAOYSA-N,HMDB0002320,C05568,0.0,True,within_12m,provided_area,True,lbfgs,-0.0015406917859179,0.2122315037057927,0.0058611064176311,0.1613066360719105,0.1882739993904363,0.6842241068249195,0.4369748681224341,0.0996123737963467,-360.79799277092206,,0.6204484070821196,0.999999431203118
1139,glycoursodeoxycholic acid sulfate (1),Method 3,DKXXSIJHWWVNMO-XROMFQGDSA-N,,,0.018796992481203,True,within_12m,provided_area,True,lbfgs,-0.0234163063053519,-0.9204566431267522,-0.0053323439887677,0.7006790923272723,0.1889594238691144,0.9426927952853424,7.518988509700677,2.706490091312816,-1202.4639541865934,,0.6206919586639195,0.999999431203118
280,dehydroepiandrosterone sulfate (DHEA-S),Method 3,CZWCKYRVOZZJNM-DYIPZHMLSA-N,HMDB0001032,C04555,0.0,True,within_12m,provided_area,True,lbfgs,-0.0090590557967451,-0.5422817727986935,-0.0142133536217341,0.4151072691722791,0.1914283270979671,0.6399941556409253,3.0910468203917043,0.4361671843523267,-794.2749811800529,,0.6246836730455796,0.999999431203118
302,galactonate,Method 4,RGHNJXZEOKUKBD-MGCNEYSASA-N,HMDB0000565,"C00880,C15930",0.0263157894736842,True,within_12m,provided_area,True,lbfgs,-0.0070208233075254,0.4985121938996626,-0.0343590850182703,0.3819512812573031,0.1918342182829235,0.5206566871773384,1.626134026524387,1.5056494663692066,-979.722675493506,,0.6246836730455796,0.999999431203118
100,threonine,Method 1,AYFVYJQAPQTCCC-GBXIJSLDSA-N,HMDB0000167,C00188,0.0,True,within_12m,provided_area,True,lbfgs,-0.0027808436680189,0.1344152698453362,-0.0115359063489448,0.1030299103954851,0.1920209911233703,0.3088865973668704,0.1581032402053993,0.0636294679648839,-196.2861557564868,,0.6246836730455796,0.999999431203118
525,sphinganine-1-phosphate,Method 2,YHEDRJPUIRMZMP-UHFFFAOYSA-N,HMDB0001383,,0.0150375939849624,True,within_12m,provided_area,True,lbfgs,-0.0044499696735101,-0.2643038487013847,-0.0295130483573088,0.2031530148936696,0.193255461821096,0.2497503301126732,0.541282285462535,0.3317042685964615,-604.7266268755004,,0.6255895805921218,0.999999431203118
615,argininate*,Method 1,BMFMQGXDDJALKQ-BYPYZUCNSA-N,HMDB0003148,,0.0,True,within_12m,provided_area,True,lbfgs,-0.0019849087361519,-0.2449315467635109,-0.0318959474588119,0.1885064662386315,0.1938317221933531,0.1609619412637374,0.4872064915456524,0.2611707578423753,-550.6359823090543,,0.6255895805921218,0.999999431203118
4,"12,13-DiHOME",Method 3,CQSLTKIXAJTQGA-FLIBITNWSA-N,HMDB0004705,C14829,0.018796992481203,True,within_12m,provided_area,True,lbfgs,-0.0111598617723168,0.4500047458184252,-0.0541215000594659,0.3465829514565411,0.1941484905285895,0.2735986296682478,1.292253611712476,1.294301660328886,-934.6254113083626,,0.6255895805921218,0.999999431203118
372,hyocholate,Method 3,DKPMWHFRUGMUKF-OAEKOJLISA-N,HMDB0000760,C17649,0.018796992481203,True,within_12m,provided_area,True,lbfgs,-0.0073940496407808,0.5035222526335276,0.0500189811420732,0.3887795148902391,0.1952734006269878,0.2926969515066853,2.043800924670556,1.1436948232947914,-940.3947863436384,,0.6272231064442805,0.999999431203118
640,1-(1-enyl-palmitoyl)-GPE (P-16:0)*,Method 2,QYTPGOPLNFESQC-RLHAVTDZSA-N,HMDB0011152,,0.0,True,within_12m,provided_area,True,lbfgs,4.712280839878909e-05,-0.1942813912925002,-0.004603882623019,0.1506621924017831,0.1972185647722925,0.7157833566463128,0.3905481753534649,0.0763047973524717,-302.765581448547,,0.6291735661276748,0.999999431203118
246,theobromine,Method 1,YAPQBXQYLJRXSA-UHFFFAOYSA-N,HMDB0002825,C07480,0.0075187969924812,True,within_12m,provided_area,True,lbfgs,0.0073346141115671,-0.5372535508531096,0.0161446957592254,0.4169796872099374,0.1975926397882331,0.781340913934226,1.95588621449231,1.7719189895103988,-1024.4079659625424,,0.6291735661276748,0.999999431203118
293,3-methyl-2-oxobutyrate,Method 3,QHKABHOOEWYVLI-UHFFFAOYSA-N,HMDB0000019,C00141,0.0,True,within_12m,provided_area,True,lbfgs,-0.0007631795848884,-0.2641215637205162,0.0047482646311193,0.2051025389516951,0.1978316964978492,0.7309050020892116,0.7697432979689363,0.0894110756347787,-389.6901388912454,,0.6291735661276748,0.999999431203118
234,glycerol 3-phosphate,Method 1,AWUCVROLDVIAJX-UHFFFAOYSA-N,HMDB0000126,C0093,0.0075187969924812,True,within_12m,provided_area,True,lbfgs,-0.0002828836244036,-0.2116086850393774,0.0035155028311762,0.1645175655998763,0.1983601390747349,0.8505113514330835,0.393898915766415,0.1727941429755137,-455.5085065457565,,0.6291735661276748,0.999999431203118
686,doxylamine,Method 1,HCFDWZZGGLSKEP-UHFFFAOYSA-N,HMDB0001936,D07878,0.9793233082706768,False,within_12m,provided_area,True,lbfgs,-0.0008759629396211,0.1758066733512643,0.0052541960423944,0.1370705567984509,0.1996323084866537,0.660776399074783,0.3184241880138622,0.0686413491044925,-266.3818655753871,,0.6300222585487957,0.999999431203118
63,isoleucine,Method 1,AGPKZVBTJJNPAG-UHFFFAOYSA-N,HMDB0000172,"C06418,C00407,C16424",0.0,True,within_12m,provided_area,True,lbfgs,-0.0004707658124872,-0.1495283006387319,-0.0192155131316843,0.1166436088061998,0.1998691302982386,0.1052468892767879,0.2139104942643437,0.0686861442039452,-234.17228222455745,,0.6300222585487957,0.999999431203118
266,maleate,Method 4,VZCYOOQTPOCHFL-UHFFFAOYSA-N,HMDB0000176,C01384,0.0037593984962406,True,within_12m,provided_area,True,lbfgs,0.0064317019086642,-0.4061933527541725,0.0209091140067895,0.3178744322433777,0.2013050837504163,0.527813065633125,1.5646965793915262,0.5373736991489858,-776.0811409198916,,0.6315574531011869,0.999999431203118
1227,carnitine of C10H14O2 (5)*,Method 3,,,,0.1860902255639097,True,within_12m,provided_area,True,lbfgs,0.0052847807349493,-0.453763414982219,-0.0568533106927135,0.3553341916972805,0.2016006057189996,0.0539323947695393,2.1818609130839675,0.4137278682266486,-754.9513736107026,,0.6315574531011869,0.9603750998435507
579,stearoyl ethanolamide,Method 2,OTGQIQQTPXJQRG-UHFFFAOYSA-N,HMDB0013078,,0.0,True,within_12m,provided_area,True,lbfgs,-0.0028481780501165,-0.2068064428722778,0.0047736924076202,0.1624215306391506,0.2029222908811324,0.7504811986857021,0.4363813601374642,0.1085627884845767,-376.490452278382,,0.6337419238287673,0.999999431203118
1077,dihydroferulic acid sulfate,Method 3,UMCDODPBPQMWQP-UHFFFAOYSA-N,HMDB0041724,,0.3684210526315789,False,within_12m,provided_area,True,lbfgs,0.0109481539675841,0.6741690806591878,-0.0208781802985394,0.5348906105458633,0.2075298505391845,0.7808835903979267,3.1812136182059554,2.960848167832117,-1159.2803946697838,,0.6453865263267499,0.999999431203118
449,homostachydrine*,Method 1,XULZWQRXYTVUTE-ZETCQYMHSA-N,HMDB0033433,C08283,0.0,True,within_12m,provided_area,True,lbfgs,-0.0091156631586439,0.2785279869150278,0.0209862081173678,0.2214970732764269,0.2085801263407696,0.4433681621526046,0.6555799632875886,0.3803378122785886,-644.9736042832699,,0.6453865263267499,0.999999431203118
48,cystathionine,Method 1,ILRYLPWNYFXEMH-UHFFFAOYSA-N,HMDB0000099,C02291,0.0056390977443609,True,within_12m,provided_area,True,lbfgs,-0.0080515159047879,0.3545492796020142,-0.0239456806840915,0.2819758310746859,0.2086179814671301,0.3855710204054332,1.2770721286750042,0.3703277270883301,-690.4615863378319,,0.6453865263267499,0.999999431203118
102,valine,Method 1,KZSNJWFQEVHDMF-BYPYZUCNSA-N,HMDB0000883,C00183,0.0018796992481203,True,within_12m,provided_area,True,lbfgs,0.002088781393642,-0.1709630155874967,-0.0204278065383428,0.1361684382120922,0.2092878729558659,0.2138305254300375,0.2547929255938648,0.1356663538319087,-376.8984006269213,,0.6453865263267499,0.999999431203118
804,"sphingomyelin (d18:1/20:2, d18:2/20:1, d16:1/22:2)*",Method 2,YVTVVJRJLRHYSJ-COUPUTHFSA-N,,,0.0093984962406015,True,within_12m,provided_area,True,lbfgs,-1.5324433688392044e-05,-0.2364431953594953,0.0133996928004635,0.1888346277582525,0.2105269489277459,0.5185488061297356,0.5316502523482314,0.2131177038772451,-518.1211201924848,,0.6453865263267499,0.999999431203118
732,acisoga,Method 3,OAUYENAPBFTAQT-UHFFFAOYSA-N,HMDB0061384,,0.0582706766917293,True,within_12m,provided_area,True,lbfgs,0.0058248015249883,-0.3939150511697343,-0.066832826577641,0.3149858834560305,0.2110877453542577,0.0282642766884161,1.603895893179106,0.4507184112948988,-745.2450134332869,,0.6453865263267499,0.6830533533033891
713,dimethyl sulfone,Method 1,HHVIBTZHLRERCL-UHFFFAOYSA-N,HMDB0004983,C11142,0.0037593984962406,True,within_12m,provided_area,True,lbfgs,0.0054448651495875,-0.455819716756377,0.0375693468601134,0.3644978684788699,0.2111017997443162,0.1926078123459078,2.3320467982488013,0.3943277792068606,-751.8993251915124,,0.6453865263267499,0.999999431203118
512,3-(cystein-S-yl)acetaminophen*,Method 1,LLHICPSCVFRWDT-UHFFFAOYSA-N,HMDB0240217,,0.8345864661654135,False,within_12m,provided_area,True,lbfgs,0.0063866447192646,-0.52386376250487,-0.0551990030302267,0.4242204308687591,0.2168730297266698,0.3267799697474479,2.1938500970633203,1.6386606843452207,-1016.122046258655,,0.6610394149326422,0.999999431203118
847,1-palmitoyl-2-stearoyl-GPC (16:0/18:0),Method 2,PZNPLUBHRSSFHT-RRHRGVEJSA-N,HMDB0007970,C03889,0.0,True,within_12m,provided_area,True,lbfgs,-0.0025975915608866,-0.1475231431441274,-0.0051723842693688,0.1204672526747634,0.2207292675738714,0.5677361530300971,0.2585417699694579,0.0387633457890792,-145.16881097001055,,0.6707790616391601,0.999999431203118
485,glycolithocholate sulfate*,Method 3,FHXBAFXQVZOILS-OETIFKLTSA-N,HMDB0002639,C11301,0.0018796992481203,True,within_12m,provided_area,True,lbfgs,0.0009999655335491,-0.6237394443899089,-0.0308585650279543,0.5110443497258371,0.2222681130186167,0.6156998802051941,3.5937164837897435,1.9049390551972536,-1079.995968577333,,0.673439208101182,0.999999431203118
652,N-stearoyltaurine,Method 3,LMIJIHJZVURGQK-UHFFFAOYSA-N,,,0.0018796992481203,True,within_12m,provided_area,True,lbfgs,-0.0031624739937862,0.2932079847848612,0.0236452030534899,0.2406641381410386,0.2230991538507063,0.2893091033277065,0.9563517720116764,0.2403132270757896,-587.0391145576396,,0.6739453605906753,0.999999431203118
329,5-hydroxyhexanoate,Method 3,YDCRNMJQROAWFT-UHFFFAOYSA-N,"HMDB0000409,HMDB0000525",,0.0977443609022556,True,within_12m,provided_area,True,lbfgs,-0.007215646550356,0.3799917871953147,0.0176486094650622,0.3127449130075527,0.224357898835351,0.6477591687734467,1.3090435893492869,0.7558766037118814,-828.0012444199613,,0.6757366982726447,0.999999431203118
898,1-linoleoyl-GPA (18:2)*,Method 3,ZQTAMPRZFOOEEP-KKFOGOCZSA-N,HMDB0007856,,0.0018796992481203,True,within_12m,provided_area,True,lbfgs,-0.0071750529574569,0.21754805440714,0.0095040255482513,0.1796984748470789,0.226037903103197,0.6825703872803106,0.4081435499424872,0.2772683308843906,-549.9252445382556,,0.6783391264444018,0.999999431203118
1115,cholic acid glucuronide,Method 3,RBLDVEUUCHVWMW-LFKDYQRZSA-N,HMDB0002577,,0.4812030075187969,False,within_12m,provided_area,True,lbfgs,0.0004905708099584,-0.5700679317907319,0.0715235068121903,0.4725737537968435,0.2277000330564477,0.2339909493385337,2.8902651428093336,1.8398703258051,-1057.791168647031,,0.6783391264444018,0.999999431203118
291,3-hydroxymyristate,Method 3,ATRNZOYKSNPPBF-UHFFFAOYSA-N,HMDB0061656,,0.0,True,within_12m,provided_area,True,lbfgs,-0.0036647760034753,0.3151079938792786,4.915625008235738e-06,0.2612906489019774,0.2278300762247482,0.999893706522806,0.7491812137733612,0.7185676316085147,-780.7598272587522,,0.6783391264444018,0.999999431203118
271,dextromethorphan,Method 2,MKXZASYAUGDDCJ-CGTJXYLNSA-N,HMDB0001920,"D03744,DG01078,C06947",0.9642857142857144,False,within_12m,provided_area,True,lbfgs,0.0014170416610551,-0.1972882855575413,-0.103030517875161,0.1637604075724361,0.228304698012708,3.978566346447277e-05,0.2419459728172926,0.3433758805448401,-561.5362999451663,,0.6783391264444018,0.005047806052054983
650,valylleucine,Method 1,XCTHZFGSVQBHBW-UHFFFAOYSA-N,HMDB0029131,,0.1672932330827067,True,within_12m,provided_area,True,lbfgs,-0.011157960363824,-0.4224992687054325,-0.0589604761477951,0.3510915424964362,0.2288262980069496,0.2011918728304188,1.5255440087124128,1.0962223819181338,-911.776696454462,,0.6783391264444018,0.999999431203118
921,methylsuccinoylcarnitine,Method 1,GFWWWKVGRZVWDS-UHFFFAOYSA-N,,,0.0093984962406015,True,within_12m,provided_area,True,lbfgs,0.0017611070371591,-0.3233593287070427,-0.0271370366071099,0.2694796943364511,0.2301628392145396,0.2157936641871671,1.2627413901500724,0.2290555419201103,-601.4310112756109,,0.6783391264444018,0.999999431203118
292,1-oleoylglycerol (18:1),Method 3,RZRNAYUHWVFMIP-KTKRTIGZSA-N,HMDB0011567,,0.0281954887218045,True,within_12m,provided_area,True,lbfgs,-0.0001415362910153,0.5427985679950778,0.0095519935914338,0.4523995238548511,0.2302087644371038,0.8164102960984936,3.4087287363171206,0.8158228931324062,-916.1547917914766,,0.6783391264444018,0.999999431203118
154,thyroxine,Method 3,XUIIKFGFIJCVMT-LBPRGKRZSA-N,HMDB0000248,C01829,0.0,True,within_12m,provided_area,True,lbfgs,0.0001906609984295,-0.2904962378624387,-0.0147624148166794,0.2427891193866265,0.2315030141484104,0.1883492540547485,1.1379831443815704,0.0583501129013336,-349.472131147083,,0.6783391264444018,0.999999431203118
382,gamma-glutamylthreonine,Method 1,GWNXFCYUJXASDX-JUZNGCLZSA-N,HMDB0029159,,0.0,True,within_12m,provided_area,True,lbfgs,-0.0017867050479718,-0.2127733865800116,-0.0237980031023576,0.1779171983916741,0.2317307394278513,0.1035371339828326,0.5486607264159966,0.1018412990389366,-383.8770738425208,,0.6783391264444018,0.999999431203118
1106,sulfate of piperine metabolite C18H21NO3 (1)*,Method 3,,,,0.0169172932330827,True,within_12m,provided_area,True,lbfgs,-0.0057460753191706,0.5044486833182522,-0.0393164533073595,0.4223847479361521,0.2323656564100726,0.3039980907758652,2.977103328949853,0.704713783742322,-878.1178959916772,,0.6783391264444018,0.999999431203118
203,1-palmitoyl-2-linoleoyl-GPI (16:0/18:2),Method 2,BSNJSZUDOMPYIR-DMDPBSJXSA-N,HMDB0009784,,0.0,True,within_12m,provided_area,True,lbfgs,-0.0011426793674626,-0.2617229874491655,-0.0261490069953798,0.2194442016041733,0.233001368158017,0.1294996141609056,0.8467554571683134,0.1412474512424775,-479.964315414534,,0.6783391264444018,0.999999431203118
320,N-acetyltyrosine,Method 3,CAHKINHBCWCHCF-JTQLQIEISA-N,HMDB0000866,,0.0018796992481203,True,within_12m,provided_area,True,lbfgs,-0.0017084544366566,0.2794127685645613,-0.0163079897923852,0.2343968974042919,0.2332417291912278,0.3312000470606537,0.9910003678303732,0.1329567793687391,-482.6433548866314,,0.6783391264444018,0.999999431203118
1182,tenofovir,Method 3,SGOIRFVFHAKUTI-ZCFIWIBFSA-N,HMDB0014445,C17407,0.9943609022556392,False,within_12m,provided_area,True,lbfgs,-3.6790213001168046e-05,0.0343797508338283,0.0003632011479339,0.0290744116513758,0.2370174715998013,0.8241466372692833,0.0159567224672392,0.0012449418861953,711.8965643355075,,0.6847140364170372,0.999999431203118
618,cis-4-decenoate (10:1n6)*,Method 3,XKZKQTCECFWKBN-SREVYHEPSA-N,HMDB0004980,,0.0093984962406015,True,within_12m,provided_area,True,lbfgs,-0.0059876649468055,0.4117471870598222,0.0216165614710456,0.3486177826124634,0.2375690113835402,0.6514625487142536,1.4045502653194133,1.1964076391303793,-923.859580513483,,0.6847140364170372,0.999999431203118
561,palmitoyl sphingomyelin (d18:1/16:0),Method 2,RWKUXQNLWDTSLO-GWQJGLRPSA-N,HMDB0010169,,0.0,True,within_12m,provided_area,True,lbfgs,-0.0009662183727138,-0.1468516477253853,0.0049454798192517,0.1245335420302019,0.238313127777159,0.4009064459062432,0.2987728444919592,0.0160559934241881,-1.9566126760169027,,0.6847140364170372,0.999999431203118
60,hypotaurine,Method 1,VVIUBCNYACGLLV-UHFFFAOYSA-N,HMDB0000965,C00519,0.0,True,within_12m,provided_area,True,lbfgs,0.00132175184076,-0.1834787586333536,0.0081537604890272,0.1557377855705256,0.2387463160250988,0.6928970637342216,0.2963719372964705,0.21977169276881,-482.1988230195928,,0.6847140364170372,0.999999431203118
141,5-oxoproline,Method 3,ODHCTXKNWHHXJC-VKHMYHEASA-N,HMDB0000267,"C02237,C01879",0.0,True,within_12m,provided_area,True,lbfgs,0.0005844619562192,0.2348338767852686,-0.0039055695450923,0.1994596300901082,0.2390556751966495,0.7083409284069873,0.7579975848902015,0.0506936692627874,-287.9563323653115,,0.6847140364170372,0.999999431203118
270,alprazolam,Method 2,VREFGVBLTWBCJP-UHFFFAOYSA-N,HMDB14548,C06817,0.949248120300752,False,within_12m,provided_area,True,lbfgs,0.0012182977876288,-0.2456266355819513,-0.0326410201384217,0.2088156947461846,0.2394812639685204,0.0275374757571064,0.7882941524684776,0.1034922178965293,-417.889164321469,,0.6847140364170372,0.6817204364259267
84,proline,Method 1,ONIBWKKTOPOVIA-UHFFFAOYSA-N,"HMDB0000162,HMDB0003411","C00148,C000763",0.0,True,within_12m,provided_area,True,lbfgs,-0.0006014514210827,-0.1337390530789332,-0.0124075215767018,0.1138860862288802,0.2402656648621072,0.1961550152142073,0.2227951704869633,0.0440095099490493,-155.4555187432013,,0.685027106278199,0.999999431203118
760,methyl glucopyranoside (alpha + beta),Method 3,HOVAGTYPODGVJG-ZFYZTMLRSA-N,HMDB0029965,,0.1635338345864661,True,within_12m,provided_area,True,lbfgs,-0.0126659510859692,-0.5608902493200574,-0.1276547298831677,0.4784281776804341,0.2410523916282602,0.0487427442591035,2.706871489839515,2.181743262074482,-1087.2489268764737,,0.6853450350215241,0.8884793465834323
15,"9,10-DiHOME",Method 3,XEBKSQSGNGRGDW-YFHOEESVSA-N,HMDB0004704,C14828,0.0394736842105263,True,within_12m,provided_area,True,lbfgs,-0.0122946651161219,0.3858684390066301,-0.0691860537213319,0.3329404463173616,0.2464678628392165,0.1293865621124539,1.2851085604360004,1.0864494740850623,-898.699145518013,,0.6987845831893987,0.999999431203118
841,1-stearoyl-2-oleoyl-GPC (18:0/18:1),Method 2,ATHVAWFAEPLPPQ-VRDBWYNSSA-N,HMDB0008038,,0.0,True,within_12m,provided_area,True,lbfgs,-0.0004455018358933,-0.1336210247235189,-0.0238859275078914,0.11547727373289,0.2472234718597212,0.0245002076369453,0.2210123689910818,0.0543822591561027,-193.50789891853515,,0.6989744399376518,0.6736113659897806
178,acetoacetate,Method 1,WDJHALXBUFZDSR-UHFFFAOYSA-N,HMDB0000060,C00164,0.0883458646616541,True,within_12m,provided_area,True,lbfgs,0.0159854666531766,-0.4493447575105802,-0.059678765838741,0.3892999223637458,0.2484026139354869,0.373783843340181,0.7860648868088286,2.640854254730077,-1064.9269343538356,,0.7003573698458867,0.999999431203118
998,"sphingomyelin (d18:2/21:0, d16:2/23:0)*",Method 2,SDUGEKJCGFHJRC-GKPQAQNZSA-N,HMDB0240676,,0.0,True,within_12m,provided_area,True,lbfgs,0.0001582445669892,-0.2361913950966115,-0.0038915703691766,0.2052782600136879,0.2499003836740231,0.8206303030380846,0.7259484365736801,0.1406096393109368,-466.0887694602173,,0.7026285025737768,0.999999431203118
1222,isoursodeoxycholate sulfate (1),Method 3,WHMOBEGYTDWMIG-DNMBCGTGSA-N,,,0.3609022556390977,False,within_12m,provided_area,True,lbfgs,-0.0001112681271937,-0.622478850118406,0.0415328026949508,0.5431837776664138,0.2518025860844403,0.5755447283299076,3.4416904899018004,2.8674569125252414,-1157.7967557590157,,0.7060210631925604,0.999999431203118
88,riboflavin (vitamin B2),Method 3,AUNGANRZJHBGPY-UHFFFAOYSA-N,HMDB0000244,C00255,0.0150375939849624,True,within_12m,provided_area,True,lbfgs,-0.0031186136862638,0.2767407987738088,-0.026060515920497,0.2443366451899861,0.2573734745616183,0.2487584301423534,0.9869469646559902,0.2463494304028977,-594.1847630595948,,0.7196531038017702,0.999999431203118
575,alpha-CEHC,Method 3,AXODOWFEFKOVSH-UHFFFAOYSA-N,HMDB0001518,,0.6823308270676691,False,within_12m,provided_area,True,lbfgs,0.0071203890943801,-0.405660910446444,-0.0362873921707513,0.3589436307312539,0.2584121248959086,0.4463502012703068,1.5719197120458048,1.1720395078053265,-927.0945061864252,,0.7201872673262881,0.999999431203118
544,"5alpha-pregnan-3beta,20beta-diol monosulfate (1)",Method 3,NOGKXXMAHGCQBS-VNCHAANSSA-N,HMDB0240580,,0.2161654135338346,False,within_12m,provided_area,True,lbfgs,-0.0163094053152244,-0.46034857411521,-0.0474927369122521,0.4078223898502104,0.2589835985951677,0.2961513803737726,2.455060130490621,1.022215909530224,-932.2921132170852,,0.7201872673262881,0.999999431203118
53,gluconate,Method 4,RGHNJXZEOKUKBD-SQOUGZDYSA-N,HMDB0000625,C00257,0.0018796992481203,True,within_12m,provided_area,True,lbfgs,0.002942181801596,0.2008245305840642,0.0096678317414709,0.1781975563883419,0.259752245663018,0.5840144845902522,0.5067054226564226,0.1518019214083963,-450.6303896423626,,0.7203511730818669,0.999999431203118
534,"5alpha-androstan-3beta,17beta-diol disulfate",Method 3,JHFAETDERBWUOO-ARKAXQQOSA-N,HMDB00493,C12525,0.1334586466165413,True,within_12m,provided_area,True,lbfgs,0.0036712694000704,-0.7261720017792241,0.0133040556513239,0.6534371383240161,0.2664344257577521,0.7936181930472896,7.529935316164693,1.2274249668518686,-1057.0711093890666,,0.7358747875672659,0.999999431203118
916,mycophenolic acid glucuronide,Method 3,BYFGTSAYQQIUCN-HGIHDBQLSA-N,HMDB0060634,,0.9736842105263158,False,within_12m,provided_area,True,lbfgs,0.0024346081102565,-0.0976173565335506,-0.002434608110257,0.0880132879477722,0.2673781308538918,0.8406491738251551,0.0891359881012907,0.0767112006278448,-192.490480183988,,0.7358747875672659,0.999999431203118
189,gamma-glutamylleucine,Method 1,MYFMARDICOWMQP-YUMQZZPRSA-N,HMDB0011171,,0.0,True,within_12m,provided_area,True,lbfgs,0.001013123124745,-0.1851523107466581,-0.0237842421692717,0.1671897212998845,0.2681044486614868,0.1685950256522239,0.4353120875438754,0.145850870359318,-431.12722264201625,,0.7358747875672659,0.999999431203118
981,"glycosyl ceramide (d18:2/24:1, d18:1/24:2)*",Method 2,WYTRSDHGWSSQLK-PCKKJQKNSA-N,,,0.0,True,within_12m,provided_area,True,lbfgs,-0.0044003777809851,-0.2027833497134822,0.007025676951762,0.1831659490556452,0.2682499225614664,0.6424815154386094,0.5804735256422783,0.1091168445562343,-401.1638910136018,,0.7358747875672659,0.999999431203118
676,mannonate*,Method 4,RGHNJXZEOKUKBD-MBMOQRBOSA-N,,,0.0,True,within_12m,provided_area,True,lbfgs,0.0014185947599829,0.1864530781323898,0.009456808019176,0.1691262359109297,0.270266445784617,0.55699491733389,0.4662919780678374,0.1255108049427108,-408.6590395356757,,0.7394082007314994,0.999999431203118
1236,N-acetyl-2-aminoadipate,Method 4,FTTGAAZKBNZDCZ-LURJTMIESA-N,,C12986,0.0150375939849624,True,within_12m,provided_area,True,lbfgs,0.002436209974535,-0.2424715470142081,-0.0204504274919844,0.2220229845811734,0.274788663367935,0.2334959257514165,0.8711973437165009,0.1395719218186072,-480.2454612998749,,0.7451057623222276,0.999999431203118
976,"ceramide (d16:1/24:1, d18:1/22:1)*",Method 2,ODRVSCJZSDNQBP-LMGPGFSZSA-N,,,0.056390977443609,True,within_12m,provided_area,True,lbfgs,0.0021702619590268,-0.3149620586761861,-0.0169247144621198,0.2884784232124376,0.2749190131742576,0.6159336291149573,1.1777175043963282,0.5696418216299994,-765.5615499971857,,0.7451057623222276,0.999999431203118
1042,hexadecenedioate (C16:1-DC)*,Method 3,IWTMSCUHCJHPPR-ACCUITESSA-N,,,0.0,True,within_12m,provided_area,True,lbfgs,-0.0069070217276243,0.3038771580068485,-0.0012923253594429,0.2783437500335483,0.2749503166979633,0.96091960974653,1.2657109790601848,0.3368594550416948,-672.1909652485476,,0.7451057623222276,0.999999431203118
872,1-palmitoyl-2-docosahexaenoyl-GPE (16:0/22:6)*,Method 2,MPWUZHVZZKSTPV-MADBQMNMSA-N,HMDB0008946,,0.0,True,within_12m,provided_area,True,lbfgs,0.0011662978248895,-0.280326559539828,-0.03067986388917,0.2570881623612767,0.2755410455534711,0.1474123834558048,1.1443963679241964,0.2139926300109582,-580.7656817769443,,0.7451057623222276,0.999999431203118
630,tauroursodeoxycholate,Method 3,BHTRKEVKTKCXOH-BWIGJTJCSA-N,HMDB0000874,,0.0319548872180451,True,within_12m,provided_area,True,lbfgs,-0.0365047087986035,0.8172625530753349,-0.0166745304850657,0.7502606389068125,0.2760194745154262,0.8378472836994278,8.465499431051354,3.2802294924130004,-1247.9152722633546,,0.7451057623222276,0.999999431203118
405,1-methylurate,Method 1,QFDRTQONISXGJA-UHFFFAOYSA-N,HMDB0003099,C16359,0.2293233082706766,False,within_12m,provided_area,True,lbfgs,0.0221234551700558,-0.451524385053021,-0.0243840248120133,0.4163899836300394,0.2781969707586145,0.6793233607832845,1.8920618865890984,1.837081847443805,-1029.6902312533132,,0.7475291518703833,0.999999431203118
744,fructosyllysine,Method 1,BFSYFTQDGRDJNV-QCNRFFRDSA-N,HMDB0034879,,0.0,True,within_12m,provided_area,True,lbfgs,-0.0001306954796271,0.1824546230011346,0.0045029421069771,0.1683249569740259,0.2783901669034531,0.8302704858904936,0.3754560972102109,0.2233018853870949,-501.56486459053576,,0.7475291518703833,0.999999431203118
332,propionylcarnitine (C3),Method 1,UFAHZIUFPNSHSL-UHFFFAOYSA-N,HMDB0000824,C03017,0.0,True,within_12m,provided_area,True,lbfgs,-0.000261334600799,-0.2066545716961674,-0.0091525045139231,0.1914667665712973,0.2804435612067006,0.6382108150563313,0.5768382604245836,0.1845273828108161,-497.3438537954344,,0.7510559752633275,0.999999431203118
397,stearoylcarnitine (C18),Method 2,FNPHNLNTJNMAEE-HSZRJFAPSA-N,HMDB0000848,,0.0,True,within_12m,provided_area,True,lbfgs,0.0006739524964219,-0.2314717485780945,0.0167171996332977,0.2154571481948294,0.2826754888397442,0.3233668649974538,0.816659834135406,0.1357129270196923,-469.6549510065581,,0.7530392894650597,0.999999431203118
1100,N-acetyl-isoputreanine,Method 1,YGIAGXACEXFIDU-UHFFFAOYSA-N,,,0.0,True,within_12m,provided_area,True,lbfgs,-0.0016979131425011,0.2344588527091952,-0.0062862531412269,0.2187899713062423,0.2838925051830356,0.6893432826385755,0.8625862935837737,0.1167710069625643,-447.33467110121705,,0.7530392894650597,0.999999431203118
118,arabinose,Method 4,SRBFZHDQGSBBOR-SQOUGZDYSA-N,HMDB0029942,C00216,0.2988721804511278,False,within_12m,provided_area,True,lbfgs,-0.0020719396747724,0.416923126031362,0.0790650896058468,0.389584086330486,0.2845405723221504,0.2162558793933618,1.061043594285099,2.3126030802008404,-1047.451793743708,,0.7530392894650597,0.999999431203118
196,beta-hydroxyisovalerate,Method 3,AXFYFNCPONWUHW-UHFFFAOYSA-N,HMDB0000754,,0.0,True,within_12m,provided_area,True,lbfgs,0.0027365057527454,-0.2685473696674608,-0.020110641355372,0.2509697268235972,0.2846018007694514,0.3409736473283333,1.0828742678813914,0.2126667033844347,-574.9783826091825,,0.7530392894650597,0.999999431203118
72,methylmalonate (MMA),Method 4,ZIYVHBGGAOATLY-UHFFFAOYSA-N,HMDB0000202,C02170,0.1484962406015037,True,within_12m,provided_area,True,lbfgs,0.0023282023182281,-0.376131033177882,-0.0397200938513805,0.3517246346949729,0.2848936819256975,0.1205319378496803,2.2227318070313284,0.3091765661722395,-703.983261321943,,0.7530392894650597,0.999999431203118
1240,2-methoxyhydroquinone sulfate (1),Method 3,LEJCLCZOTCOTQE-UHFFFAOYSA-N,,,0.075187969924812,True,within_12m,provided_area,True,lbfgs,0.0085048777552313,0.5254658900338054,-0.0088680377377074,0.4926196765705491,0.2861178896289683,0.8960642502958808,2.789236268568488,2.406823987168851,-1108.9607080342669,,0.7543107999309164,0.999999431203118
367,N-acetylthreonine,Method 3,PEDXUVCGOLSNLQ-UHFFFAOYSA-N,HMDB0062557,,0.0,True,within_12m,provided_area,True,lbfgs,-4.1230359318594345e-05,0.2101389663834273,-0.015193072693623,0.1982413077238907,0.2891373012334259,0.3172401561955035,0.6961601288898001,0.1094595875130221,-417.2078662756151,,0.76029627137805,0.999999431203118
394,aconitate [cis or trans],Method 3,,"HMDB0000958,HMDB000072","C004174,C02341",0.0,True,within_12m,provided_area,True,lbfgs,-0.0020562758472324,0.195818737709498,-0.0097045219503867,0.1853061352591095,0.2906343725556766,0.5079174333864617,0.6025574921395297,0.1021191026144528,-392.32786837984463,,0.7605675230284941,0.999999431203118
284,tartronate (hydroxymalonate),Method 3,ROBFUDYVXSDBQM-UHFFFAOYSA-N,HMDB0035227,C02287,0.0018796992481203,True,within_12m,provided_area,True,lbfgs,-0.0016787310305163,-0.3144450058063155,-0.0194496709708743,0.2976285195560167,0.2907391122512864,0.5217128879320034,1.3920853091577543,0.4478612776454257,-732.7522082311241,,0.7605675230284941,0.999999431203118
374,N-acetylhistidine,Method 3,KBOJOGQFRVVWBH-ZETCQYMHSA-N,HMDB0032055,C02997,0.0037593984962406,True,within_12m,provided_area,True,lbfgs,0.0022594535096502,0.2748332731534128,-0.0086140857220911,0.2606505713274138,0.2916940094284107,0.5972741818392785,1.2607393273305545,0.1245381947330452,-492.12855028704735,,0.7611039063491951,0.999999431203118
1019,"glycosyl ceramide (d18:1/20:0, d16:1/22:0)*",Method 2,FXNTXJCUSRJUFN-QOSDPKFLSA-N,,,0.0,True,within_12m,provided_area,True,lbfgs,-0.002691812222248,-0.1785231898812967,0.0231434374389512,0.1702863407300141,0.2944679025296498,0.0767953529645997,0.5135523980128367,0.0808989645971346,-336.6208164514728,,0.7636944418528842,0.999999431203118
783,1-dihomo-linolenylglycerol (20:3),Method 3,LERKRWCYZNDWFH-QNEBEIHSSA-N,HMDB0011577,,0.0169172932330827,True,within_12m,provided_area,True,lbfgs,0.0026451928670716,-0.3319216641222837,0.0215442556737363,0.3170082990932959,0.2950792465899688,0.563188311630632,1.4152081681619668,0.6959086322489726,-817.6039019560183,,0.7636944418528842,0.999999431203118
709,guaiacol sulfate,Method 3,AQTYXAPIHMXAAV-UHFFFAOYSA-N,HMDB0060013,,0.0037593984962406,True,within_12m,provided_area,True,lbfgs,0.0082638506641826,-0.4604236756127876,-0.0624997573166472,0.440269091805443,0.2956635980784822,0.3105126239082655,2.166895019626253,1.9935930730813525,-1054.792476857261,,0.7636944418528842,0.999999431203118
516,dimethylarginine (SDMA + ADMA),Method 1,YDGMGEXADBMOMJ-LURJTMIESA-N,"HMDB0003334,HMDB0001539","C21189,C03626",0.0,True,within_12m,provided_area,True,lbfgs,0.000253035950997,0.1254424398836835,-0.0098943218767826,0.1199594876027805,0.2956964686189,0.1677460345683719,0.2691048813020765,0.0240490912996325,-63.59031201611697,,0.7636944418528842,0.999999431203118
59,cortisol,Method 3,JYGXADMDTFJGBT-VWUMJDOOSA-N,HMDB0000063,C00735,0.0056390977443609,True,within_12m,provided_area,True,lbfgs,0.0047917553046166,-0.3424372192972991,-0.0058147345212966,0.3284576886147811,0.2971515991533726,0.8434764941488162,1.810182273435804,0.4148900022985279,-739.8590689192795,,0.7655047541641451,0.999999431203118
538,"androstenediol (3beta,17beta) disulfate (1)",Method 3,UWPTUYJASNIIJM-QJIZPQHZSA-N,HMDB0240313,C04295,0.0037593984962406,True,within_12m,provided_area,True,lbfgs,0.0007681445708737,-0.5038591354801469,-0.0270462442454842,0.4859269376561339,0.2997810310989569,0.517108500739377,4.0269657293075705,0.8340793282818145,-934.032787674242,,0.7688997265956834,0.999999431203118
1008,ximenoylcarnitine (C26:1)*,Method 2,ONGUASHYQLGIFC-OCOZRVBESA-N,,,0.0,True,within_12m,provided_area,True,lbfgs,0.000132590598254,-0.2153408816390101,-0.0086627313916006,0.2077644240592101,0.2999845238737838,0.6625949296227593,0.7033708898612854,0.1897588556857203,-518.4277761169446,,0.7688997265956834,0.999999431203118
465,2-methylmalonylcarnitine (C4-DC),Method 1,XROYFEWIXXCPAW-UHFFFAOYSA-N,HMDB0013133,,0.1710526315789473,True,within_12m,provided_area,True,lbfgs,-0.0057061706261166,0.389403582585521,0.0624493995855722,0.3767319106099828,0.3013064654740379,0.2177376854718885,1.6954613917231902,1.3330121282170266,-957.8206720813894,,0.7703427265897946,0.999999431203118
1103,glucuronide of piperine metabolite C17H21NO3 (5)*,Method 3,,,,0.1146616541353383,True,within_12m,provided_area,True,lbfgs,-0.0049657205174692,-0.5191480024360087,-0.1048156913878315,0.5055816533934149,0.3044990361864651,0.1346124933815469,2.9050035730541723,2.572520763257302,-1125.0194409662934,,0.7763755165683527,0.999999431203118
738,1H-indole-7-acetic acid,Method 3,KNSAWRXCIVESQC-UHFFFAOYSA-N,,,0.7011278195488722,False,within_12m,provided_area,True,lbfgs,0.0060694257761992,-0.4241550683709232,-0.0662410712465913,0.4138198213802623,0.3053748734037698,0.1801581725679852,2.373413669863235,1.2296719453494234,-965.221380584272,,0.7763755165683527,0.999999431203118
487,deoxycarnitine,Method 1,JHPNVNIEXXLNTR-UHFFFAOYSA-N,HMDB0001161,C01181,0.0,True,within_12m,provided_area,True,lbfgs,0.000176562041805,0.1540620595031975,0.0105087440223945,0.1507537544184521,0.306806888665463,0.2855165988095678,0.4183870963920916,0.045443777754134,-215.57408875212764,,0.7763755165683527,0.999999431203118
665,duloxetine,Method 2,ZEUITGRIYCTCEM-KRWDZBQOSA-N,HMDB0014619,,0.981203007518797,False,within_12m,provided_area,True,lbfgs,0.0024068981031447,-0.0987336662661119,-0.0024068981031446,0.0967133768194067,0.3073068170992237,0.8608164002482489,0.1015665589931579,0.0996757667557015,-253.90376866520592,,0.7763755165683527,0.999999431203118
1214,2-hydroxy-4-(methylthio)butanoic acid,Method 4,ONFOSYPQQXJWGS-UHFFFAOYSA-N,HMDB0037115,,0.0,True,within_12m,provided_area,True,lbfgs,-0.0054959004545479,0.2724385231511337,-0.0092168842648961,0.2669652894677448,0.3074905986802737,0.726313547792376,1.1400506215887338,0.3375334859224728,-664.1321884777251,,0.7763755165683527,0.999999431203118
977,N-palmitoyl-heptadecasphingosine (d17:1/16:0)*,Method 2,KXVLPPCAUYSNGY-BYCLXTJYSA-N,HMDB0240685,,0.0037593984962406,True,within_12m,provided_area,True,lbfgs,0.0006145389237948,-0.2365409220216336,0.0052633473543906,0.2327173070386929,0.3094245232742322,0.7428001161239117,0.9856431774803102,0.1211261693174996,-465.5070915592392,,0.7793198290901878,0.999999431203118
750,etiocholanolone glucuronide,Method 3,VFUIRAVTUVCQTF-ILTUOXSPSA-N,HMDB0004484,,0.5676691729323309,False,within_12m,provided_area,True,lbfgs,0.0036062344263919,-0.4772456694835764,0.0503976592314393,0.47334279371911,0.3133366928794935,0.355361908292206,3.213787287596668,1.4839612753536802,-1023.6792391679676,,0.785338595612902,0.999999431203118
29,argininosuccinate,Method 1,KDZOASGQNOPSCU-UHFFFAOYSA-N,HMDB0000052,C03406,0.244360902255639,False,within_12m,provided_area,True,lbfgs,0.0008541125121135,0.3379599074058628,0.0034380811742261,0.3352134255232045,0.3133617056386456,0.9399351348371332,1.3176131930614154,1.0841304995594256,-899.8819303995481,,0.785338595612902,0.999999431203118
704,zolpidem,Method 1,ZAFYATHCZYHLPB-UHFFFAOYSA-N,HMDB0005023,C07219,0.9718045112781954,False,within_12m,provided_area,True,lbfgs,-0.0010936313045969,0.1385756557128182,-0.0219698592316327,0.137920435604919,0.3150169030551861,0.1878232739450264,0.2620520875184902,0.1384164511222095,-382.8161412748912,,0.7875422576379653,0.999999431203118
580,cis-4-decenoylcarnitine (C10:1),Method 2,OQWOHRPOYAVIOK-KTKRTIGZSA-N,HMDB0013205,,0.0,True,within_12m,provided_area,True,lbfgs,0.0042878497926128,-0.2678990988434022,-0.0167522450279506,0.2673411551190882,0.3163015710401879,0.5704219770427976,1.063806033730063,0.4292112155149338,-703.8547652997279,,0.7888110432574712,0.999999431203118
1015,adrenoylcarnitine (C22:4)*,Method 2,OLORTLVEDIELGC-SNPVRQPZSA-N,,,0.0676691729323308,True,within_12m,provided_area,True,lbfgs,-0.0039719135688473,-0.3262895634283145,-0.0587053339241043,0.3269425980218975,0.3182780970623512,0.0386261055883195,1.8151875273029028,0.3863907403945015,-727.067944162847,,0.7889119721565175,0.8001121871866181
616,solanidine,Method 2,JVKYZPBMZPJNAJ-OQFNDJACSA-N,HMDB0003236,C06543,0.5244360902255639,False,within_12m,provided_area,True,lbfgs,-0.0036130784706675,0.5477999624530614,-0.0655578239467159,0.5496526292851653,0.3189444367062709,0.3718969169881206,3.646947181597956,2.793633341316333,-1156.349674061463,,0.7889119721565175,0.999999431203118
653,2-O-methylascorbic acid,Method 4,RMHBODZVODTFAH-UHFFFAOYSA-N,HMDB0240294,,0.0,True,within_12m,provided_area,True,lbfgs,0.0027374927465207,-0.1831049790144084,-0.0505668418956519,0.1838565507248811,0.3192928147350528,0.0168819450005078,0.4857444168974669,0.222924205266957,-519.8940871328239,,0.7889119721565175,0.5354741929848568
915,mycophenolic acid,Method 3,HPNSFSBZBAHARI-RUDMXATFSA-N,HMDB0015159,C20380,0.9736842105263158,False,within_12m,provided_area,True,lbfgs,0.0024702305529778,-0.1126977794380709,-0.0024702305529774,0.1131973662233987,0.3194510547352992,0.8691872358767925,0.1565415841130735,0.1163221488949848,-312.8249180302903,,0.7889119721565175,0.999999431203118
369,N-acetylisoleucine,Method 3,JDTWZSUNGHMMJM-MSZQBOFLSA-N,HMDB0061684,,0.037593984962406,True,within_12m,provided_area,True,lbfgs,0.0037546499956703,-0.2604179187073472,-0.0813750204022905,0.2626275668639042,0.3213993352514721,0.0042705000746124,1.0384820323305566,0.4004733157614691,-688.878672824357,,0.7900402734399375,0.23136199786211695
747,ferulic acid 4-sulfate,Method 3,PZPATWACAAOHTJ-HWKANZROSA-N,HMDB0029200,,0.1578947368421052,True,within_12m,provided_area,True,lbfgs,0.0136655436896673,0.5087703213351319,-0.0271948860793688,0.5139511774484153,0.3222134401099525,0.6986365815306124,3.0762684156753948,2.572710089225162,-1128.7008358093028,,0.7900402734399375,0.999999431203118
334,3-hydroxy-2-ethylpropionate,Method 3,ZMZQVAUJTDKQGE-UHFFFAOYSA-N,HMDB0000396,,0.0018796992481203,True,within_12m,provided_area,True,lbfgs,0.0019767543069445,-0.2462279276103436,-0.016269166035826,0.2487504992364026,0.3222430277873243,0.4563926066936812,1.046788334376347,0.2282363936748024,-585.0296474204622,,0.7900402734399375,0.999999431203118
766,"sphingomyelin (d18:2/14:0, d18:1/14:1)*",Method 2,SOWIKWJDPCEPOJ-IOBWIPHESA-N,"HMDB0240637,HMDB0240612",,0.0,True,within_12m,provided_area,True,lbfgs,-0.0011657346766461,-0.1726435792441675,-0.0023716013649407,0.1763178040529734,0.3275002617731236,0.8753886636028332,0.5304662340567522,0.1095158587637531,-394.2554250538362,,0.8009946161439045,0.999999431203118
259,1-stearoyl-GPI (18:0),Method 3,MXAFDFDAIFZFET-CLBYPKMISA-N,HMDB0240261,,0.0,True,within_12m,provided_area,True,lbfgs,-1.635726053910099e-05,-0.2161940635240535,0.0064483937718967,0.221958045103159,0.3300410424037832,0.7720482201507242,0.7808302887543969,0.2415501466712059,-571.6310148332525,,0.8032024223133882,0.999999431203118
73,palmitate (16:0),Method 3,IPCSVZSSVZVIGE-UHFFFAOYSA-N,HMDB0000220,C00249,0.0,True,within_12m,provided_area,True,lbfgs,-0.0005265896048409,0.2155682670035349,0.0175928832858624,0.2221259635031945,0.3318084961311017,0.4654821035199965,0.742610142123991,0.2869055468360678,-600.027194435529,,0.8032024223133882,0.999999431203118
550,"androstenediol (3alpha, 17alpha) monosulfate (2)",Method 3,VPDALJSLCNNODJ-BVKUPEMCSA-N,,,0.0225563909774436,True,within_12m,provided_area,True,lbfgs,-0.0099075300082368,0.2878883893900636,0.0362693811703604,0.29675758890212,0.3319901789219921,0.0727526497184164,1.607101625360025,0.1920467934279043,-590.5581006230982,,0.8032024223133882,0.999999431203118
213,metoprolol,Method 1,IUBSYMUCCVWXPE-UHFFFAOYSA-N,HMDB0001932,D02358,0.9304511278195488,False,within_12m,provided_area,True,lbfgs,0.0007890047609652,0.219078753508889,-0.0848698852295137,0.2262576483577965,0.3329089688269977,0.000121098884967,0.823549801874036,0.2369141125822317,-572.2834556214002,,0.8032024223133882,0.013657263137945
47,deoxycholate,Method 3,KXGVEGMKQFWNSR-OHAQSFBXSA-N,HMDB0000626,C04483,0.5582706766917294,False,within_12m,provided_area,True,lbfgs,0.0269795338625458,-0.7592055144428262,-0.0083546776334402,0.7842959610109488,0.3330398968752269,0.9368747263269528,7.356008456413109,5.768220942648014,-1347.663445505714,,0.8032024223133882,0.999999431203118
1166,fibrinopeptide A (3-15)**,Method 3,ROMVHQMTMINAHB-UHFFFAOYSA-N,,,0.0112781954887218,True,within_12m,provided_area,True,lbfgs,-0.0028498013163278,-0.274478928319226,-0.0300080944732996,0.2837457360315012,0.3333735159463131,0.2989398874921636,1.2654358137170687,0.4068407394072618,-707.253196601888,,0.8032024223133882,0.999999431203118
333,pro-hydroxy-pro,Method 1,ONPXCLZMBSJLSP-ALKRTJFJSA-N,HMDB0006695,,0.0018796992481203,True,within_12m,provided_area,True,lbfgs,-0.0088477530219278,-0.1737956254534591,0.010983560472472,0.1802001458220467,0.3348159295433243,0.6225916198369771,0.4331135784254268,0.2526573549830514,-535.783922231929,,0.8032024223133882,0.999999431203118
1143,lithocholic acid sulfate (2),Method 3,AXDXVEYHEODSPN-HVATVPOCSA-N,,,0.6334586466165414,False,within_12m,provided_area,True,lbfgs,0.0013312341916704,-0.4614009885973276,-0.0036149757604427,0.4795058624916604,0.3359277330274844,0.9551845298213067,2.758710336724704,2.1455554153697856,-1085.1387196268013,,0.8032024223133882,0.999999431203118
673,valylglycine,Method 3,IOUPEELXVYPCPG-UHFFFAOYSA-N,HMDB0029127,,0.0883458646616541,True,within_12m,provided_area,True,lbfgs,-0.0185601559283195,0.2958782943427491,0.0361066903281918,0.3079708680675987,0.3366855876318487,0.3859226698373086,1.1231746346693234,0.9018046928325392,-852.4938139677308,,0.8032024223133882,0.999999431203118
131,N-stearoyl-sphinganine (d18:0/18:0)*,Method 2,KZTJQXAANJHSCE-OIDHKYIRSA-N,HMDB0011761,,0.0413533834586466,True,within_12m,provided_area,True,lbfgs,0.0004704754460684,-0.3184347113164391,-0.0074230119893781,0.3317457060928325,0.3371176720617523,0.8610663441349755,1.414321474415539,0.918220403615428,-871.5567850409,,0.8032024223133882,0.999999431203118
934,1-palmitoleoyl-2-linolenoyl-GPC (16:1/18:3)*,Method 2,MMUCLZZSNHBNFL-KBTBXKTRSA-N,HMDB0008008,,0.0169172932330827,True,within_12m,provided_area,True,lbfgs,-0.0012109907226449,-0.2082297672591748,0.0384996116041251,0.2172159321624434,0.3377450387796061,0.2030374752807366,0.5312020074779246,0.4805482914381329,-677.3975115784976,,0.8032024223133882,0.999999431203118
309,isobutyrylcarnitine (C4),Method 1,LRCNOZRCYBNMEP-VIFPVBQESA-N,HMDB0000736,,0.0018796992481203,True,within_12m,provided_area,True,lbfgs,0.0078114501027761,-0.2555658955169176,-0.0189563087692745,0.2668782023537293,0.3382582069035439,0.515838170479324,1.067227000568101,0.419594589909343,-699.8027993519447,,0.8032024223133882,0.999999431203118
227,3-methyl-2-oxovalerate,Method 3,JVQYSWDUAOAHFM-UHFFFAOYSA-N,HMDB0000491,"C03465,C06008,C00671",0.0,True,within_12m,provided_area,True,lbfgs,-0.0009663826973676,-0.1961439876229883,-0.0048796582840209,0.2050093540876371,0.3386902825124435,0.7739918110099561,0.7263921889242239,0.1375831993506221,-462.1866822541547,,0.8032024223133882,0.999999431203118
1000,"sphingomyelin (d18:1/25:0, d19:0/24:1, d20:1/23:0, d19:1/24:0)*",Method 2,JONXXLXMISNQNG-BXMSAMRLSA-N,"HMDB0240675,HMDB0240674,HMDB0240673,HMDB0240671",,0.0093984962406015,True,within_12m,provided_area,True,lbfgs,-0.0014019724291193,-0.2284261368116777,-0.0002308017280268,0.2393423359337275,0.3398858332092942,0.9937271390455472,0.7728201013972024,0.4356622802333192,-683.13874841754,,0.8041587895278174,0.999999431203118
126,nonadecanoate (19:0),Method 3,ISYWECDDZWTKFF-UHFFFAOYSA-N,HMDB0000772,C16535,0.0,True,within_12m,provided_area,True,lbfgs,-0.0001766629884706,0.1790754103573698,0.0055200031001155,0.1888777957873954,0.3430775452503209,0.7931006681764139,0.526104056009875,0.2198438027944017,-523.2280509997283,,0.8098225777420366,0.999999431203118
413,N6-carbamoylthreonyladenosine,Method 3,UNUYMBPXEFMLNW-HZPYULPISA-N,HMDB0041623,,0.0018796992481203,True,within_12m,provided_area,True,lbfgs,0.0005478433288878,0.1995137978746741,-0.0209360791637313,0.211646354341917,0.3458469933929924,0.154700006365153,0.8136515098376311,0.1019645736631942,-417.99089890846267,,0.8142577175590401,0.999999431203118
829,adipoylcarnitine (C6-DC),Method 1,BSVHAXJKBCWVDA-UHFFFAOYSA-N,HMDB0061677,,0.0,True,within_12m,provided_area,True,lbfgs,0.002234410321593,-0.2330115057652658,0.014445634504661,0.2477056782488597,0.3468694333630581,0.6151577637750657,0.8753609220669637,0.4118121979655905,-681.3086376329045,,0.8142577175590401,0.999999431203118
1014,nervonoylcarnitine (C24:1)*,Method 2,QGIHQXKFCAACHN-SEYXRHQNSA-N,HMDB0006509,,0.0263157894736842,True,within_12m,provided_area,True,lbfgs,0.0021933201220439,-0.2571569754266607,-0.0352953054524722,0.2737260918899409,0.3474903806294119,0.2255502907715429,1.1450501649864784,0.4157606926469906,-703.4924323325274,,0.8142577175590401,0.999999431203118
1002,dexlansoprazole,Method 2,MJIHNNLFOKEZEW-RUZDIDTESA-N,,D08903,0.9699248120300752,False,within_12m,provided_area,True,lbfgs,0.0030000058849266,-0.1450888886345714,-0.0030000058849262,0.154653625248037,0.3481653688873137,0.8837587791762055,0.2916322869850083,0.2177751281067132,-479.3051894073728,,0.8142577175590401,0.999999431203118
1239,torasemide,Method 3,NGBFQHCMQULJNZ-UHFFFAOYSA-N,,,0.962406015037594,False,within_12m,provided_area,True,lbfgs,0.0016750826749584,0.3671581797980559,-0.0328118249958046,0.3922635024480038,0.3492737895150393,0.4892128693307789,2.1054465969267806,1.135919518225411,-941.1992384992016,,0.8149721755350917,0.999999431203118
1161,glimepiride,Method 2,WIGIZIANZCJQQY-RUCARUNLSA-N,HMDB0014367,C07669,0.975563909774436,False,within_12m,provided_area,True,lbfgs,-0.0031068523386678,0.1347559743890273,0.0113122976474348,0.1445393317968493,0.3511745183918457,0.5379037575621115,0.2705859515685838,0.171875295399918,-427.3402153843178,,0.817527835247072,0.999999431203118
252,gamma-glutamylphenylalanine,Method 1,XHHOHZPNYFQJKL-QWRGUYRKSA-N,HMDB0000594,,0.0,True,within_12m,provided_area,True,lbfgs,-0.0026176717605248,0.1444913783259765,-0.017327448424325,0.1552422555639528,0.3519840690694533,0.2074019928316628,0.4060841570817023,0.0907261933094566,-337.6099852506036,,0.8175373686624601,0.999999431203118
1056,hydroxyasparagine**,Method 1,ZBYVTTSIVDYQSO-REOHCLBHSA-N,HMDB32332,C20631,0.0,True,within_12m,provided_area,True,lbfgs,0.0005125595581095,-0.1590884973405468,-0.0082197800291128,0.1720593909234363,0.3551668016633601,0.4867880391229838,0.5391975926963405,0.0657494313576084,-303.6656171014436,,0.8212677646231252,0.999999431203118
138,trans-4-hydroxyproline,Method 1,PMMYEEVYMWASQN-DMTCNVIQSA-N,HMDB0000725,C01157,0.0,True,within_12m,provided_area,True,lbfgs,-0.0053255292031417,-0.1420232978638784,-0.0145564915426624,0.1539626689269482,0.3562924300076,0.4582927780379514,0.3054907258119732,0.1967800181045579,-462.36640226899885,,0.8212677646231252,0.999999431203118
1058,perfluorooctanoate (PFOA),Method 3,SNGREZUHAYWORS-UHFFFAOYSA-N,HMDB0059587,,0.0056390977443609,True,within_12m,provided_area,True,lbfgs,-0.0094303314512094,-0.2882684821043611,-0.0063556854804334,0.3125751934215067,0.3564048448434849,0.6472405895234983,1.892801554453227,0.0892781461467615,-470.2185346810345,,0.8212677646231252,0.999999431203118
1007,cerotoylcarnitine (C26)*,Method 2,KOCKWDDTAHPJSX-UHFFFAOYSA-N,HMDB0006347,,0.0,True,within_12m,provided_area,True,lbfgs,-0.0033334890866914,-0.1951393066227923,0.0067720288777017,0.2118592993126015,0.3570088011524077,0.6917163768071166,0.7833667071139264,0.1382913201377068,-469.511729296828,,0.8212677646231252,0.999999431203118
97,trans-urocanate,Method 1,LOIYMIARKYCTBW-OWOJBTEDSA-N,HMDB0000301,C00785,0.0,True,within_12m,provided_area,True,lbfgs,-0.0025260989993258,0.1779189340554722,0.0335442026432536,0.1934155119351771,0.357635814742287,0.1789882699282539,0.4750968524899241,0.3186301936553669,-587.7894372516455,,0.8212677646231252,0.999999431203118
479,glycerophosphoinositol*,Method 1,BMVUIWJCUQSHLZ-GFSNQTMESA-N,,,0.1898496240601503,True,within_12m,provided_area,True,lbfgs,-0.0059501853936791,-0.4034451480927079,-0.047839035769629,0.4409708601120915,0.3602430487890533,0.4538011832202645,2.02732956423419,2.1707537511285686,-1068.1334924454902,,0.8227824985777875,0.999999431203118
1220,(2 or 3)-decenoate (10:1n7 or n8),Method 3,WXBXVVIUZANZAU-CMDGGOBGSA-N,,,0.037593984962406,True,within_12m,provided_area,True,lbfgs,-0.0086702086555569,0.3499928237916017,0.0205038429842063,0.3828171649156963,0.3605824355300562,0.672237745262337,1.9052222547707884,1.1974057161932137,-944.4216890457626,,0.8227824985777875,0.999999431203118
735,N-formylanthranilic acid,Method 3,LLLPDUXGHXIXIW-UHFFFAOYSA-N,HMDB0004089,C05653,0.0864661654135338,True,within_12m,provided_area,True,lbfgs,-0.005880657407303,0.2960479886422089,-0.0398368338800004,0.3242569593605305,0.3612402955244739,0.2847831156378971,1.51160365999213,0.6925329928548075,-821.539441266689,,0.8227824985777875,0.999999431203118
22,S-adenosylhomocysteine (SAH),Method 3,ZJUKTBDSGOFHSH-UHFFFAOYSA-N,HMDB0000939,C00021,0.0488721804511278,True,within_12m,provided_area,True,lbfgs,4.42008028570403e-05,0.2290535155927519,-0.011887182606813,0.2510344678692211,0.3615379254834416,0.5765805711454933,1.0798318403373457,0.216815964410706,-578.258976454789,,0.8227824985777875,0.999999431203118
1125,benazeprilat,Method 3,MADRIHWFJGRSBP-ROUUACIJSA-N,HMDB0060582,D03077,0.9943609022556392,False,within_12m,provided_area,True,lbfgs,1.8154332324138802e-13,-0.0674950271496405,-1.815164833096335e-13,0.0741161773239207,0.3624717790572744,0.9999991706149178,0.1108868756159865,1.3952532689057416e-11,3682.854763128876,,0.8230623170987327,0.999999431203118
759,3-methylglutarylcarnitine (2),Method 1,HFCPFJNSBPQJDP-UHFFFAOYSA-N,HMDB0000552,,0.0150375939849624,True,within_12m,provided_area,True,lbfgs,0.0039533609125345,-0.2990645226427715,-0.038029075535173,0.330251599819201,0.3651657681136639,0.2352664091893359,1.7606966813726823,0.49822848439632,-771.3431517754664,,0.8243106346370398,0.999999431203118
127,arachidate (20:0),Method 3,VKOBVWXKNCXXDE-UHFFFAOYSA-N,HMDB0002212,C06425,0.0,True,within_12m,provided_area,True,lbfgs,-0.0002536317476564,0.1724089229779666,-0.0061912800557719,0.190462800251865,0.365353890488553,0.7120082804397462,0.612564813412667,0.1350873747771725,-444.57857461804906,,0.8243106346370398,0.999999431203118
1123,4-methylhexanoylglutamine,Method 3,VCZLDSLBUPQMCV-UHFFFAOYSA-N,,,0.2744360902255639,False,within_12m,provided_area,True,lbfgs,0.0071531229392766,0.3570425320531495,0.057447410782101,0.3948078492476382,0.3658124552346884,0.2670883794714587,1.933775954941232,1.3806795735152644,-973.57628479371,,0.8243106346370398,0.999999431203118
848,2-hydroxybutyrate/2-hydroxyisobutyrate,Method 4,AFENDNXGAFYKQO-UHFFFAOYSA-N,"HMDB0000729,HMDB00008","C21297,C05984",0.0,True,within_12m,provided_area,True,lbfgs,0.0005028936755006,-0.2388617176482907,0.0156472907424456,0.2643790047419647,0.3662700455382315,0.539269596274,1.1324568006534903,0.3146127233975967,-650.5419298801955,,0.8243106346370398,0.999999431203118
834,glycochenodeoxycholate 3-sulfate,Method 3,DKXXSIJHWWVNMO-ISIKUUMTSA-N,"HMDB0002409,HMDB0002496,HMDB0002497",,0.0018796992481203,True,within_12m,provided_area,True,lbfgs,-0.0152980762263258,0.356140590059503,-0.0035322072192998,0.3948922700028771,0.3671271422273722,0.9235370832425972,2.568286565135032,0.6542989533366261,-852.3465335098688,,0.8244116136300504,0.999999431203118
219,ethylmalonate,Method 4,UKFXDFUAPNAMPJ-UHFFFAOYSA-N,HMDB0000622,,0.0037593984962406,True,within_12m,provided_area,True,lbfgs,0.0034862976795399,-0.2141331139873419,-0.0034909943672933,0.2381761936196653,0.3686242238632142,0.864582872219975,0.9674756628959994,0.2003929206284365,-554.7014095670295,,0.8256204311898755,0.999999431203118
715,2-piperidinone,Method 1,XUWHAWMETYGRKB-UHFFFAOYSA-N,HMDB0011749,,0.0093984962406015,True,within_12m,provided_area,True,lbfgs,0.0116656073583207,-0.4422682305394548,-0.0092279786270748,0.4926567711170915,0.3693344176841245,0.8951977384750248,2.629117882679376,2.5911876941418908,-1120.2561859507125,,0.8256204311898755,0.999999431203118
999,sphingomyelin (d18:2/23:1)*,Method 2,FEKSRDMVIULIDJ-SQPFVDNVSA-N,HMDB0240668,,0.0,True,within_12m,provided_area,True,lbfgs,-0.0009151236746593,-0.1561769040568051,-0.0011709972384884,0.1747779597755897,0.3715502808474095,0.9302070920845292,0.5414214306785756,0.0847469862491593,-349.52903449161204,,0.8256204311898755,0.999999431203118
108,mannose,Method 4,WQZGKKKJIJFFOK-DXQLJALPSA-N,HMDB0000169,"C00159,C02209,C00936",0.0,True,within_12m,provided_area,True,lbfgs,0.0001034299330557,0.1671497875112092,0.0265361768115491,0.1872343139843734,0.3720014991956848,0.1133664317093998,0.5879745075644924,0.1350847407791262,-441.1800596898941,,0.8256204311898755,0.999999431203118
64,2-aminoadipate,Method 4,OYIFNHCXNCRBQI-UHFFFAOYSA-N,HMDB0000510,C00956,0.1541353383458646,True,within_12m,provided_area,True,lbfgs,-0.0012181183512652,-0.2688764134062772,-0.0152195960834385,0.3020333092982247,0.3733471973714029,0.4966905541349725,1.6312478940469235,0.2367932640354851,-629.3420151087159,,0.8256204311898755,0.999999431203118
231,5-hydroxylysine,Method 1,YSMODUONRAFBET-AKGZTFGVSA-N,HMDB0000450,C16741,0.0,True,within_12m,provided_area,True,lbfgs,-0.0071444190247337,-0.1197112836345257,0.0004192102323884,0.1346848245061115,0.3740969602641214,0.9800261642909236,0.240942113811483,0.1423217515740826,-382.2320423387141,,0.8256204311898755,0.999999431203118
553,"androstenediol (3beta,17beta) monosulfate (2)",Method 3,KMTOEENORMWLCF-QJIZPQHZSA-N,"HMDB0240429,HMDB0186954",,0.18796992481203,True,within_12m,provided_area,True,lbfgs,-0.0036372127821015,-0.3925230171513141,0.0004538823237831,0.4416385098904195,0.3741170150343093,0.9913510926941184,3.185972454202724,0.848403834282355,-917.846692056026,,0.8256204311898755,0.999999431203118
1165,"2,3-dihydroxy-5-methylthio-4-pentenoate (DMTPA)*",Method 3,XMZBEAXQGSBWLG-NSCUHMNNSA-N,HMDB0240388,,0.0,True,within_12m,provided_area,True,lbfgs,0.0005100825958208,0.2070829806941877,-0.0158005069269238,0.2330220033519944,0.3741728062535396,0.223219070995186,1.026340333757387,0.0784390968502152,-392.0559140113728,,0.8256204311898755,0.999999431203118
499,4-ethylphenylsulfate,Method 3,DWZGLEPNCRFCEP-UHFFFAOYSA-N,HMDB0062551,C13637,0.0056390977443609,True,within_12m,provided_area,True,lbfgs,0.0021199315831335,-0.3772075834597219,-0.0806961427358735,0.4268469601062042,0.3768544804470383,0.1682903457853247,2.105985351620161,1.7932748839734838,-1031.5373449492474,,0.8297338343898999,0.999999431203118
1192,mercaptopurine,Method 3,GLVAUDGFNGKCSF-UHFFFAOYSA-N,HMDB0015167,C02380,0.975563909774436,False,within_12m,provided_area,True,lbfgs,0.0004223645870436,-0.1992416839351094,-0.0004223645870437,0.2266099043414068,0.3792778785748624,0.9882058585647416,0.6703824347465711,0.4163359315133635,-664.2433052378558,,0.833262005959925,0.999999431203118
312,taurolithocholate,Method 3,QBYUNVOYXHFVKC-OQHFDXPESA-N,HMDB0000722,C02592,0.4943609022556391,False,within_12m,provided_area,True,lbfgs,-0.0070997928887326,0.4951956816515312,0.0135207171213173,0.5657712743964436,0.3814336877365942,0.8521619006617521,4.091515772274566,2.6960963016654813,-1157.0485924651805,,0.8343936594308249,0.999999431203118
282,cysteine s-sulfate,Method 1,NOKPBJYHPHHWAN-REOHCLBHSA-N,HMDB0000731,C05824,0.0,True,within_12m,provided_area,True,lbfgs,-0.008300519714099,-0.186544904501835,0.0054651007978527,0.2131329269865198,0.3814371014540914,0.8307735151813898,0.6266699021054437,0.3295415428917351,-613.8752040124766,,0.8343936594308249,0.999999431203118
496,mannitol/sorbitol,Method 4,FBPFZTCFMRRESA-UHFFFAOYSA-N,"HMDB0000247,HMDB0000765","C00392,C00794",0.0,True,within_12m,provided_area,True,lbfgs,-0.0006162968016771,0.3128687986651848,-0.0633434596938626,0.3594658710986119,0.3840974935521293,0.2077874061486662,1.4450070321087196,1.3281355862590791,-946.8148779480268,,0.8384063568933575,0.999999431203118
714,guaifenesin,Method 1,HSRJKNPTNIJEKV-UHFFFAOYSA-N,HMDB0004998,D00337,0.9699248120300752,False,within_12m,provided_area,True,lbfgs,0.0038230355265358,-0.1597723905298816,-0.0038230355265354,0.1845189176754698,0.3865525535374915,0.8897776042053143,0.3286961185389785,0.4109724729548916,-616.3793717293008,,0.8384221625594506,0.999999431203118
253,4-methyl-2-oxopentanoate,Method 3,BKAJNAXTPSGJCU-UHFFFAOYSA-N,HMDB0000695,C00233,0.0,True,within_12m,provided_area,True,lbfgs,-0.0009127376251098,-0.1830621512600453,-0.0067014947088745,0.2114469169611937,0.3866221302564294,0.717022318926128,0.7574352216886261,0.1637039410113521,-497.36225251608766,,0.8384221625594506,0.999999431203118
76,stearate (18:0),Method 3,QIQXTHQIDYTFRH-UHFFFAOYSA-N,HMDB0000827,C01530,0.0,True,within_12m,provided_area,True,lbfgs,3.6565127707808575e-05,0.1689567855894195,0.0033602545690539,0.1953958402544461,0.3872090818450098,0.8472726067353942,0.64097999388479,0.1464066552260235,-463.0712989709011,,0.8384221625594506,0.999999431203118
429,1-stearoyl-GPG (18:0),Method 3,HFJVKBVEKQHVTO-OZAIVSQSSA-N,,,0.056390977443609,True,within_12m,provided_area,True,lbfgs,-0.0041600422051875,-0.2483966178943032,-0.0199086935229671,0.288200795810807,0.3887495151388027,0.4381628735550937,1.3961567072071313,0.3165696138458168,-668.8047776425603,,0.8384221625594506,0.999999431203118
1104,sulfate of piperine metabolite C16H19NO3 (2)*,Method 3,,,,0.0075187969924812,True,within_12m,provided_area,True,lbfgs,-0.0079599703373642,0.3336333737892772,-0.0501788094310107,0.3871859070960095,0.3888593390217895,0.1718927314884846,2.4477936983740887,0.6533306621278537,-848.1615128143633,,0.8384221625594506,0.999999431203118
345,sebacate (C10-DC),Method 3,CXMXRPHRNRROMY-UHFFFAOYSA-N,HMDB0000792,C08277,0.0131578947368421,True,within_12m,provided_area,True,lbfgs,-0.0026363738712339,0.2582742254523743,0.0130674251510985,0.2999454237730832,0.3891990880142868,0.7401061612364882,1.114555444306767,0.7987308713258839,-827.7427455097629,,0.8384221625594506,0.999999431203118
887,lactosyl-N-palmitoyl-sphingosine (d18:1/16:0),Method 2,HLIJNIKSBCIDGO-QKLMXXKVSA-N,HMDB0006750,,0.0,True,within_12m,provided_area,True,lbfgs,-0.0049817189696344,-0.1118992327443029,-0.0126158578588291,0.1301422646696919,0.3898869563823258,0.195682326818179,0.3020014994728444,0.0449379792195195,-185.1380320977985,,0.8384221625594506,0.999999431203118
361,N-acetylarginine,Method 1,SNEIUMQYRCDYCH-LURJTMIESA-N,HMDB0004620,C02562,0.0,True,within_12m,provided_area,True,lbfgs,-0.0023024444827573,-0.1826625561725989,-0.0045512769738182,0.2129404505050351,0.3909971060542795,0.7785837965734246,0.8054275654059834,0.1238067271577426,-451.9141991586448,,0.8390318449156315,0.999999431203118
130,asparagine,Method 1,DCXYFEDJOCDNAF-REOHCLBHSA-N,HMDB0000168,C00152,0.0,True,within_12m,provided_area,True,lbfgs,-0.0028890405323198,0.0929502006842985,-0.0143222203846015,0.1088083741986637,0.3929631905146757,0.123830593038094,0.2022448826282375,0.0414475820218666,-136.41538017567768,,0.8414718109122276,0.999999431203118
836,taurodeoxycholic acid 3-sulfate,Method 3,UCVGCHGIKFWAGH-WQVRBXQRSA-N,,,0.5037593984962406,False,within_12m,provided_area,True,lbfgs,0.0159574106807678,-0.5305062213492887,-0.0105501429044423,0.6296321512657956,0.3994715879043453,0.8985115649562733,4.907536369958873,3.5240851006114817,-1222.4434706874874,,0.8529611631883298,0.999999431203118
241,ribitol,Method 4,HEBKCHPVOIAQTA-ZXFHETKHSA-N,"HMDB0002917,HMDB0001851,HMDB0000568,HMDB0000508","C00379,C01904,C00474,C00532",0.0150375939849624,True,within_12m,provided_area,True,lbfgs,-0.0006502411385606,0.148341879109164,-0.0268632674390864,0.1764504949914058,0.4005161858179028,0.1156268329795018,0.5032648915335526,0.1414952654078876,-437.0235409690779,,0.8529611631883298,0.999999431203118
869,1-palmitoyl-2-palmitoleoyl-GPC (16:0/16:1)*,Method 2,QIBZFHLFHCIUOT-HTXNQAPBSA-N,HMDB0007969,,0.0,True,within_12m,provided_area,True,lbfgs,-0.0014627039435202,-0.1490458284954222,-0.0386827301692043,0.1774134132989824,0.400849728907225,0.0209030258149343,0.5152223668247443,0.1357037015148563,-431.19096551276925,,0.8529611631883298,0.6240168000634798
484,1-palmitoyl-GPI (16:0),Method 3,UOXRPRZMAROFPH-AQFLIPHUSA-N,HMDB0061695,,0.0,True,within_12m,provided_area,True,lbfgs,-0.0019258466410135,-0.2011020839670578,-0.0094509586385695,0.2405243202735948,0.4030993505090581,0.7006518483038702,0.9065268103327636,0.2955078272342644,-621.1139143901191,,0.8546869421586616,0.999999431203118
1032,2-butenoylglycine,Method 3,WWJXRJJBIVSSNF-NSCUHMNNSA-N,,,0.3195488721804511,False,within_12m,provided_area,True,lbfgs,0.0115256660522155,-0.3499876682079526,-0.0053673954731529,0.4189027847527132,0.4034437820663418,0.9263887067702544,1.9918059443992464,1.7696582351015977,-1025.299943682686,,0.8546869421586616,0.999999431203118
497,tryptophan betaine,Method 1,AOHCBEAZXHZMOR-ZDUSSCGKSA-N,HMDB0061115,C09213,0.0,True,within_12m,provided_area,True,lbfgs,-0.009298635357563,-0.3426952134827597,-0.0254175330771417,0.410823307182093,0.4041869283114853,0.5637520079230667,2.5625870941924127,0.9557141158660466,-922.8243655700256,,0.8546869421586616,0.999999431203118
1097,indoleacetoylcarnitine*,Method 1,PBMNAYVZYLZVKC-UHFFFAOYSA-N,,,0.2575187969924812,False,within_12m,provided_area,True,lbfgs,-0.002070766136328,-0.3885695053010823,-0.0065820038792312,0.4667015836733577,0.4050778940768529,0.9188375436940324,2.5004568760253254,2.1637716860396194,-1080.4621139335006,,0.8547901507027146,0.999999431203118
120,caffeine,Method 1,RYYVLZVUVIJVGH-UHFFFAOYSA-N,HMDB0001847,C07481,0.0075187969924812,True,within_12m,provided_area,True,lbfgs,0.0052533018730353,0.387961651642338,-0.0136208017219309,0.4688432932544531,0.407961182362902,0.8173041137290958,2.8785406741123825,1.7716091644686371,-1050.0822823690144,,0.8568752026476409,0.999999431203118
858,tricosanoyl sphingomyelin (d18:1/23:0)*,Method 2,SXZWBNWTCVLZJN-NMIJJABPSA-N,HMDB0012105,,0.0,True,within_12m,provided_area,True,lbfgs,-0.0010351736812943,-0.1411651657590956,0.000627416875447,0.1714889183089866,0.4104092280124258,0.9681351641854432,0.4885865488459601,0.1186085212974388,-402.040630365326,,0.8568752026476409,0.999999431203118
77,ornithine,Method 1,AHLPHDHHMVZTML-BYPYZUCNSA-N,HMDB0000214,C00077,0.0,True,within_12m,provided_area,True,lbfgs,3.771219919708558e-05,-0.0856728677768417,-0.002321622228285,0.1040900205595292,0.4104709489250671,0.8589722424416112,0.1423283886481693,0.0867774602778285,-248.4044039663552,,0.8568752026476409,0.999999431203118
1177,fibrinopeptide B (1-9)**,Method 3,WWZFLBITCJUQNV-UHFFFAOYSA-N,,,0.0018796992481203,True,within_12m,provided_area,True,lbfgs,-0.0046893935152821,-0.2145968964794889,0.0096872071692772,0.2613027816676946,0.411499550970841,0.7717154092170525,0.8775079513142925,0.5696294901360708,-744.5638493429326,,0.8568752026476409,0.999999431203118
350,nervonate (24:1n9)*,Method 3,GWHCXVQVJPWHRF-KTKRTIGZSA-N,HMDB0002368,C08323,0.3984962406015037,False,within_12m,provided_area,True,lbfgs,-0.0082958061718459,0.4879177155624585,-0.0647134049284749,0.594141529554071,0.4115240253955968,0.3360645444021559,5.138743931135804,2.252178135544201,-1138.546224590105,,0.8568752026476409,0.999999431203118
1131,4-hydroxy duloxetine glucuronide*,Method 3,OBIZFSZXDHWUJZ-ANUWOGMRSA-N,HMDB0060763,,0.981203007518797,False,within_12m,provided_area,True,lbfgs,0.0005420583541752,-0.0744660587084504,-0.0005420583541753,0.0908331347643455,0.4123235098592531,0.9597174427671308,0.1155670049973756,0.0578445672584419,-154.64174776650498,,0.8568752026476409,0.999999431203118
815,3beta-hydroxy-5-cholestenoate,Method 3,WVXOMPRLWLXFAP-AMQKJUDNSA-N,HMDB0012453,C17333,0.0,True,within_12m,provided_area,True,lbfgs,-0.0027728697701177,0.1590330503823191,-0.0100269559916231,0.1945790594509852,0.4137464801066162,0.5859537329955553,0.6191121416959697,0.1639597818996717,-481.0604503758111,,0.8568752026476409,0.999999431203118
1012,dihomo-linolenoylcarnitine (C20:3n3 or 6)*,Method 2,RDIZZXFTCZPSRY-WYTUUNCASA-N,,,0.0,True,within_12m,provided_area,True,lbfgs,0.0003509185632101,-0.179026841340769,0.0060757207762205,0.2190721752196653,0.4138113785124534,0.7229693312858331,0.845333195830154,0.1391187590002765,-477.0789599482309,,0.8568752026476409,0.999999431203118
764,alpha-CEHC sulfate,Method 3,ZQMMTPNJGWUHCB-UHFFFAOYSA-N,,,0.6842105263157895,False,within_12m,provided_area,True,lbfgs,0.0139688116111384,-0.4313994854287316,0.035003655913884,0.5296758069630488,0.4153817726392537,0.6042126546004865,3.6145618332699976,2.3303071081524545,-1119.770742133864,,0.8568752026476409,0.999999431203118
902,1-(1-enyl-palmitoyl)-2-palmitoleoyl-GPC (P-16:0/16:1)*,Method 2,FZMYLOBGNYZPQO-QLSONYGBSA-N,HMDB0011207,,0.0,True,within_12m,provided_area,True,lbfgs,-0.0030158001126199,-0.1619576462643846,-0.0065905780379026,0.1993111170815007,0.4164548196396914,0.6283871556897482,0.724399741568387,0.0872327850456235,-379.96862834880176,,0.8568752026476409,0.999999431203118
875,1-stearoyl-2-linoleoyl-GPI (18:0/18:2),Method 2,KZVRAFHIKMDULK-HAVSRZFESA-N,HMDB0009809,,0.0,True,within_12m,provided_area,True,lbfgs,-0.0007005042301532,-0.1527704834796227,-0.006165660356678,0.1880856804650149,0.4166546317802887,0.6699573414558044,0.6260391449399412,0.0992400599379339,-390.4366315469895,,0.8568752026476409,0.999999431203118
646,linoleoylcarnitine (C18:2)*,Method 2,MJLXQSQYKZWZCB-DQFWFXSYSA-N,HMDB0006469,,0.0,True,within_12m,provided_area,True,lbfgs,0.000404793557438,-0.1621152077752653,0.0115666418923026,0.2000596394237455,0.4177480097463177,0.5067124698460996,0.6795572830738751,0.1448321336244284,-465.9466776507813,,0.8568752026476409,0.999999431203118
1026,cortolone glucuronide (1),Method 3,INMJYSGZRBTEOR-RXCXIKFNSA-N,,,0.0451127819548872,True,within_12m,provided_area,True,lbfgs,-0.0112843237280245,0.2548988317014032,0.0074696430459791,0.3155512387716233,0.4192120364924547,0.8358104143811971,1.4386146301877991,0.647766327048003,-805.0559584749424,,0.8568752026476409,0.999999431203118
903,1-(1-enyl-palmitoyl)-2-palmitoyl-GPC (P-16:0/16:0)*,Method 2,PEWXKAOBUSBJLD-MCBGMKGZSA-N,HMDB0011206,,0.0,True,within_12m,provided_area,True,lbfgs,-0.0034975525324517,-0.1266911882539942,-0.0023189816091464,0.156921920446938,0.4194638526664827,0.8362124763333527,0.4444055145366511,0.0593071211660648,-268.3652031264785,,0.8568752026476409,0.999999431203118
625,ethyl glucuronide,Method 3,IWJBVMJWSPZNJH-XWBUKDKVSA-N,HMDB0010325,,0.9116541353383458,False,within_12m,provided_area,True,lbfgs,0.0136790912109115,-0.3406890455986304,0.0050648597943486,0.4220536697787448,0.4195412705293416,0.9254318910760784,2.277172622531572,1.500092430233565,-1001.1190244937118,,0.8568752026476409,0.999999431203118
798,6-hydroxyindole sulfate,Method 3,QRHHXPIYYXPEMG-UHFFFAOYSA-N,HMDB0000682,,0.0150375939849624,True,within_12m,provided_area,True,lbfgs,0.0059576929119634,-0.3129251727634181,0.021888638403162,0.3889896586136967,0.4211335105654159,0.6123347658625633,2.2373558557278064,0.9255366523345728,-906.3564537985332,,0.8568752026476409,0.999999431203118
66,citrulline,Method 1,RHGKLRLOHDJJDR-UHFFFAOYSA-N,HMDB0000904,C00327,0.0,True,within_12m,provided_area,True,lbfgs,0.002648230409031,-0.1138725019813197,-0.0166119046852923,0.1415618384245062,0.4211653521062116,0.2387476812832267,0.3191232025368485,0.09653968320723,-329.45599012133925,,0.8568752026476409,0.999999431203118
1036,2-hydroxyarachidate*,Method 3,CPLYLXYEVLGWFJ-UHFFFAOYSA-N,,,0.0093984962406015,True,within_12m,provided_area,True,lbfgs,-0.0016059222844536,-0.2129791020258228,-0.0214459431768702,0.2660972266093948,0.4234902214646988,0.2552701157489909,1.2806468403960345,0.1674371678294533,-546.2251233810557,,0.8568752026476409,0.999999431203118
1163,canagliflozin,Method 3,XTNGUQKDFGDXSJ-ZXGKGEBGSA-N,,D09592,0.9962406015037594,False,within_12m,provided_area,True,lbfgs,6.449793109080356e-14,-0.024006205722274,-6.454542191573999e-14,0.0299951918876786,0.4235166560144174,0.99999927104575,0.0181617294947025,2.2838295778331188e-12,4164.205861484599,,0.8568752026476409,0.999999431203118
336,docosapentaenoate (n3 DPA; 22:5n3),Method 3,YUFFSWGQGVEMMI-JLNKQSITSA-N,"HMDB0006528,HMDB0001976",C16513,0.0,True,within_12m,provided_area,True,lbfgs,-0.002833501610991,0.2278328626125516,-0.0094051545831628,0.2852875959522643,0.4245179381556271,0.8135150792182584,0.9110443607813934,0.8355872120554322,-823.6844354248135,,0.8568752026476409,0.999999431203118
1059,3-hydroxybutyroylglycine**,Method 1,VMIWHQCIHIUYCS-UHFFFAOYSA-N,,,0.0394736842105263,True,within_12m,provided_area,True,lbfgs,0.0055617616865006,-0.3008385980140889,-0.0201376246336987,0.3772281439167316,0.4251620059785076,0.6383584328515346,2.066053577890082,0.9140704934673854,-897.9753927111672,,0.8568752026476409,0.999999431203118
1138,6-hydroxywarfarin,Method 3,IQWPEJBUOJQPDE-UHFFFAOYSA-N,"HMDB0013883,HMDB0013880",,0.9680451127819548,False,within_12m,provided_area,True,lbfgs,0.0015996476562179,-0.0448240012783851,-0.0015996476562176,0.0562699500700481,0.4256899948976135,0.7935845213802739,0.0476066983435406,0.0184667571906281,129.96718309322523,,0.8568752026476409,0.999999431203118
535,"5alpha-pregnan-3beta,20alpha-diol disulfate",Method 3,LSQGWMYMIHQKSA-VNCHAANSSA-N,HMDB0094650,,0.0112781954887218,True,within_12m,provided_area,True,lbfgs,-0.0024252026419678,-0.2677909821733384,-0.0154912085538127,0.3362394421118819,0.425782486856134,0.6384147292076041,1.8153881115149555,0.5275580117627121,-784.4192982988868,,0.8568752026476409,0.999999431203118
26,N6-methyladenosine,Method 3,VQAYFKKCNSOZKM-UHFFFAOYSA-N,HMDB0004044,,0.25,False,within_12m,provided_area,True,lbfgs,-0.0036691975550233,0.2991860431740463,-0.0169890308654729,0.3761016511390214,0.4263270712680381,0.4910588410139999,2.601432400451334,0.2858203428797041,-703.7067835449673,,0.8568752026476409,0.999999431203118
753,N-acetyltaurine,Method 3,CXJAAWRLVGAKDV-UHFFFAOYSA-N,HMDB0240253,,0.0112781954887218,True,within_12m,provided_area,True,lbfgs,0.0009980880241203,0.2091814097006813,-0.0338493634373635,0.2643560888328402,0.4287768125303522,0.1509096912838214,1.1745787927079685,0.2664816223190844,-622.9418330348237,,0.860094337374561,0.999999431203118
925,ascorbic acid 2-sulfate,Method 4,SKKZOYBAANIUOV-ZAFYKAAXSA-N,HMDB0060649,,0.0,True,within_12m,provided_area,True,lbfgs,0.0031220735659046,-0.1444625526095763,-0.0262089158655212,0.18344493029626,0.430990281064553,0.2275600608175966,0.4704266351741969,0.2370066435054395,-529.3113941760073,,0.860094337374561,0.999999431203118
1206,picolinoylglycine,Method 3,MNYZGNSHBPLAFN-UHFFFAOYSA-N,HMDB0059766,,0.0413533834586466,True,within_12m,provided_area,True,lbfgs,0.0071894557990067,-0.2408046714488096,-0.028288213877333,0.3060589842538023,0.4314038074291939,0.372505520959279,1.4551078694832966,0.4929819953672598,-754.2127217531331,,0.860094337374561,0.999999431203118
911,gamma-glutamylserine,Method 1,SQBNIUOYNOKDTI-WHFBIAKZSA-N,HMDB0029158,,0.0037593984962406,True,within_12m,provided_area,True,lbfgs,-0.0030591426308202,0.120482188667928,-0.0040807576880145,0.1534731290480833,0.4324314786189184,0.7834372911501819,0.3810774018665555,0.1066486041512816,-362.1900997884395,,0.860094337374561,0.999999431203118
1251,"bilirubin degradation product, C17H18N2O4 (1)**",Method 3,,,,0.0093984962406015,True,within_12m,provided_area,True,lbfgs,-0.0012010481462803,-0.3247842820854502,0.002263516966368,0.4138353402460437,0.4325619030886349,0.9393823207926236,3.0860015052222387,0.4179056648735355,-786.4656242684839,,0.860094337374561,0.999999431203118
813,3-hydroxyhexanoate,Method 3,HPMGFDVTYHWBAG-UHFFFAOYSA-N,"HMDB0061652,HMDB0010718",,0.0,True,within_12m,provided_area,True,lbfgs,0.0006387984654835,0.1976792837781592,-0.0247790042328878,0.2521270911957086,0.4330130112299514,0.3633508790996272,0.9593818610002524,0.3665589173510287,-666.0527169062159,,0.860094337374561,0.999999431203118
610,hydrochlorothiazide,Method 3,JZUFKLXOESDKRF-UHFFFAOYSA-N,HMDB0001928,C07041,0.9736842105263158,False,within_12m,provided_area,True,lbfgs,-0.0005928754379017,-0.0914530082923519,0.0005928754379014,0.116872879775768,0.4339208865524641,0.9590681142344264,0.2182384246993303,0.0649823191638828,-225.4288207315983,,0.8602142575209981,0.999999431203118
515,2-ethylphenylsulfate,Method 3,TXENPQZYQPWRAV-UHFFFAOYSA-N,,,0.5827067669172933,False,within_12m,provided_area,True,lbfgs,-0.0062956631740521,-0.3727194413089587,-0.0318125282825664,0.4793961041546096,0.4368774033712338,0.5912223932202201,3.0750241567150627,1.7771882801844352,-1055.3438600058864,,0.8618580697700785,0.999999431203118
311,glycolithocholate,Method 3,XBSQTYHEGZTYJE-PGVYWSLXSA-N,HMDB0000698,C15557,0.3402255639097744,False,within_12m,provided_area,True,lbfgs,0.0035349772754248,-0.5104984812736049,0.0019530493276359,0.6574176400269003,0.4374415358923913,0.9817104175656756,5.448544630390903,3.728015646894652,-1240.677033773564,,0.8618580697700785,0.999999431203118
593,5-(galactosylhydroxy)-lysine,Method 1,OWGKYELXGFKIHH-MYLOADSESA-N,,,0.0056390977443609,True,within_12m,provided_area,True,lbfgs,-0.0033142973087367,-0.1768706043540441,-0.0207490703313427,0.2278841595713824,0.437664792479265,0.4206202137909041,0.757428032687595,0.3295856788417723,-627.882284579139,,0.8618580697700785,0.999999431203118
504,1-oleoyl-GPI (18:1),Method 3,UGDOFRYHDCDVHD-JCASDCETSA-N,HMDB0061693,,0.0018796992481203,True,within_12m,provided_area,True,lbfgs,-0.0005681062417279,-0.1920028644279999,-0.027737570119476,0.2476412005918976,0.4381465655185818,0.3059268526728407,0.9173140499491708,0.3631071375862116,-660.8231048581049,,0.8618580697700785,0.999999431203118
224,hippurate,Method 3,QIAFMBKCNZACKA-UHFFFAOYSA-N,HMDB0000714,C01586,0.0,True,within_12m,provided_area,True,lbfgs,0.0147036597064825,-0.348608101880244,-0.0710051432686538,0.4518497897011526,0.4404027689922987,0.2610418462859688,2.283129253003853,2.099007643167037,-1068.5439719623837,,0.8636159065358272,0.999999431203118
629,glycoursodeoxycholate,Method 3,GHCZAUBVMUEKKP-XROMFQGDSA-N,HMDB0000708,,0.0,True,within_12m,provided_area,True,lbfgs,-0.0270536830114766,-0.5167654482935359,-0.0150725675242938,0.671203344821532,0.4413539169936301,0.8448626876939249,6.481647625152024,2.961788149176493,-1208.2830233807078,,0.8636159065358272,0.999999431203118
510,2-methoxyacetaminophen sulfate*,Method 3,NZKKXAGORRATJB-UHFFFAOYSA-N,HMDB0062550,,0.7387218045112782,False,within_12m,provided_area,True,lbfgs,0.011820274455071,-0.5060141268699795,-0.0789617654731711,0.6601680743560836,0.443383088316629,0.3660509250893987,5.336384070430854,3.9422174974837705,-1250.36885402161,,0.8636159065358272,0.999999431203118
1132,5-hydroxy-6-methoxy duloxetine sulfate*,Method 3,XYZBSFYKOKLCKI-INIZCTEOSA-N,,,0.981203007518797,False,within_12m,provided_area,True,lbfgs,0.0003397505849138,-0.0640758189214212,-0.0003397505849141,0.0836222457501781,0.4435256198020467,0.960753206885502,0.1209776647832524,0.0227519852444918,15.901906181527238,,0.8636159065358272,0.999999431203118
107,cysteine,Method 1,XUJNEKJLAYXESH-REOHCLBHSA-N,HMDB0000574,C00097,0.0,True,within_12m,provided_area,True,lbfgs,-0.0027636336832913,-0.1595760442202171,0.0086191036881901,0.2082801836401037,0.4435808236890451,0.672959402738281,0.6968309470395966,0.2021110302793453,-529.3626954378899,,0.8636159065358272,0.999999431203118
643,alpha-CEHC glucuronide*,Method 3,MWDYOFPRWKTECC-UHFFFAOYSA-N,HMDB0062445,,0.7255639097744361,False,within_12m,provided_area,True,lbfgs,0.0053271794879821,-0.2642944650520062,-0.0202525938968938,0.3453872519045353,0.4441453233612826,0.6110707224259475,1.7091216298215028,0.7924398429164455,-856.4973789274798,,0.8636159065358272,0.999999431203118
414,orotidine,Method 4,FKCRAVPPBFWEJD-XVFCMESISA-N,HMDB0000788,,0.0093984962406015,True,within_12m,provided_area,True,lbfgs,0.0028643389943922,0.2309778735126435,-0.0131789606557915,0.3026783363547257,0.4453958102777795,0.5094493730646221,1.682931755520512,0.1872950703600537,-590.1431609402707,,0.8643914864855569,0.999999431203118
486,taurolithocholate 3-sulfate,Method 3,HSNPMXROZIQAQD-VUIPEFFGSA-N,HMDB0002580,C03642,0.0526315789473684,True,within_12m,provided_area,True,lbfgs,-0.0026083307827814,0.4509776944431234,-0.0189727746394082,0.5951630002001793,0.4486077719206454,0.7918725430457499,4.852461374962183,2.6087495084669805,-1162.6133540037638,,0.8662335823885867,0.999999431203118
447,2-hydroxy-3-methylvalerate,Method 3,RILPIWOPNGRASR-UHFFFAOYSA-N,HMDB0000317,,0.0,True,within_12m,provided_area,True,lbfgs,-0.00471445397875,0.2406914270662723,-0.0360573499564319,0.3183102196306045,0.4495570924964354,0.3447612870979755,1.3988461923164608,0.7338383083521542,-827.0046381135523,,0.8662335823885867,0.999999431203118
167,2-aminobutyrate,Method 1,QWCKQJZIFLGMSD-GSVOUGTGSA-N,HMDB0000452,C02356,0.0,True,within_12m,provided_area,True,lbfgs,0.0010485008131507,-0.1420582204693618,0.0140883621607489,0.1880718936454939,0.4500450156914644,0.4032084171827085,0.5933458355806702,0.1361829310139259,-443.4162309209571,,0.8662335823885867,0.999999431203118
337,docosadienoate (22:2n6),Method 3,HVGRZDASOHMCSK-AVQMFFATSA-N,HMDB0061714,C16533,0.0,True,within_12m,provided_area,True,lbfgs,-0.0031206526291936,0.1994620886531758,0.0052676906498933,0.2642053788341555,0.4502784431404644,0.8710705727616311,0.9396603140476624,0.5332731834344,-736.4382484352734,,0.8662335823885867,0.999999431203118
866,1-stearoyl-2-linoleoyl-GPE (18:0/18:2)*,Method 2,YDTWOEYVDRKKCR-KNERPIHHSA-N,HMDB0008994,,0.0,True,within_12m,provided_area,True,lbfgs,-0.0005958855741116,-0.1406060451109863,-0.0193001073329223,0.1871105526922181,0.4523760284021556,0.3490068309807618,0.5211389289949425,0.2101953091553378,-513.9785790366741,,0.8662335823885867,0.999999431203118
392,eicosenoate (20:1),Method 3,BITHHVVYSMSWAG-KTKRTIGZSA-N,"HMDB0002231,HMDB0062436",C16526,0.0,True,within_12m,provided_area,True,lbfgs,-0.0015099507044683,0.2256640115919795,0.0039465048538421,0.3003136336708238,0.4523952401965733,0.9263097323222068,0.9782657171300702,0.9625511914942724,-856.9427389104169,,0.8662335823885867,0.999999431203118
98,glutamate,Method 1,WHUUTDBJXJRKMK-VKHMYHEASA-N,HMDB0000148,"C00025,C00217",0.0,True,within_12m,provided_area,True,lbfgs,-0.0019667220310788,-0.1335128332450461,0.0191424316269397,0.1780852140514826,0.4534274640628364,0.2834819194405927,0.502949604112506,0.1551617108298613,-454.1150140208576,,0.8662335823885867,0.999999431203118
191,3-methoxytyrosine,Method 1,PFDUUKDQEHURQC-ZETCQYMHSA-N,HMDB0001434,,0.0,True,within_12m,provided_area,True,lbfgs,0.0008746264563828,-0.1149001867717869,-0.0101579683759148,0.1533363689337087,0.4536557938601393,0.5990572035319512,0.3072328493490889,0.1902492966983326,-456.1267523156792,,0.8662335823885867,0.999999431203118
326,gamma-glutamylvaline,Method 1,AQAKHZVPOOGUCK-XPUUQOCRSA-N,HMDB0011172,,0.0319548872180451,True,within_12m,provided_area,True,lbfgs,0.0039420756279575,-0.2138023977586397,-0.0397918148892304,0.2855910574498721,0.4540794758045666,0.2051930932893106,1.2159292680106313,0.4875445161447254,-738.2262071790853,,0.8662335823885867,0.999999431203118
1006,lignoceroylcarnitine (C24)*,Method 2,YDUFZFUYBBPVLJ-UHFFFAOYSA-N,HMDB0240665,,0.0018796992481203,True,within_12m,provided_area,True,lbfgs,-0.0008808760717668,-0.158291234035701,0.0127626997548249,0.2131982964625463,0.4578086021047329,0.5979952113761013,0.6622498251122549,0.2893215555495079,-592.9235263236585,,0.8662335823885867,0.999999431203118
187,anthranilate,Method 1,RWZYAGGXGHYGMB-UHFFFAOYSA-N,HMDB0001123,C00108,0.0018796992481203,True,within_12m,provided_area,True,lbfgs,-0.0062542818936105,0.1442529695435878,-0.0210407053455173,0.1944209503244609,0.4581103207159065,0.3077296779065414,0.5779550556406744,0.2093987366088969,-521.2188715761079,,0.8662335823885867,0.999999431203118
1195,tetradecadienedioate (C14:2-DC)*,Method 3,MUFSRLVOUKHPIZ-OVYZBVKCSA-N,,,0.037593984962406,True,within_12m,provided_area,True,lbfgs,-0.0044854362341836,0.2929149527279868,0.045716491291765,0.3951458409966379,0.4585217776809587,0.3449262214253253,2.107534642254784,1.186157362487941,-949.6817362158852,,0.8662335823885867,0.999999431203118
792,p-cresol glucuronide*,Method 3,JPAUCQAJHLSMQW-XPORZQOISA-N,HMDB0011686,,0.3327067669172932,False,within_12m,provided_area,True,lbfgs,0.0142990347311803,-0.5064581149396179,0.0920076001426754,0.6834521234267735,0.4586756162102042,0.2915855687048492,6.007041073023324,3.892529352087186,-1255.8925113057155,,0.8662335823885867,0.999999431203118
43,creatinine,Method 1,DDRJAANPRJIHGJ-UHFFFAOYSA-N,HMDB0000562,C00791,0.0,True,within_12m,provided_area,True,lbfgs,0.0008543730683432,-0.0595971648603376,-0.0168301048736462,0.0805480737661922,0.4593633482841608,0.0043309142456948,0.116361502711624,0.0164513538684617,77.73980794865565,,0.8662335823885867,0.23136199786211695
705,warfarin,Method 3,PJVWKTKQMONHTI-UHFFFAOYSA-N,HMDB0001935,"
DG00149,D08682,C01541",0.9661654135338346,False,within_12m,provided_area,True,lbfgs,0.0042334205670175,-0.1784074482705565,-0.0042334205670175,0.2412332149979124,0.4595644745689285,0.8645991530066113,0.9078181478423046,0.3018729445871279,-625.2156948784736,,0.8662335823885867,0.999999431203118
809,"sphingomyelin (d17:1/16:0, d18:1/15:0, d16:1/17:0)*",Method 2,LQINJRUGTUOHGS-YPDYIYJKSA-N,"HMDB0240617,HMDB0240608",,0.0,True,within_12m,provided_area,True,lbfgs,-0.0003207632695877,-0.111214835960203,0.0023644086421786,0.1507475587203546,0.4606630578636904,0.8306426398684136,0.4074780036126449,0.0577231647342744,-255.9867451646735,,0.8662335823885867,0.999999431203118
112,malonate,Method 4,OFOBLEOULBTSOW-UHFFFAOYSA-N,HMDB0000691,C00383,0.0112781954887218,True,within_12m,provided_area,True,lbfgs,0.0012305269239378,-0.3196687229170941,-0.0295794601630688,0.4335611777026993,0.4609342295873432,0.3706765539910119,3.336075542247603,0.5164540698233308,-831.2232553635292,,0.8662335823885867,0.999999431203118
876,gamma-tocopherol/beta-tocopherol,Method 2,QUEDXNHFTDJVIY-DQCZWYHMSA-N,"HMDB0006335,HMDB0001492","C14152,C02483",0.0,True,within_12m,provided_area,True,lbfgs,-0.0028006999435498,-0.1744496531105504,-0.0011967597006076,0.23701132181265,0.4617067665736211,0.9436704928529364,1.0137504024947726,0.1353547186105131,-487.8172526338926,,0.8662335823885867,0.999999431203118
229,3-methylhistidine,Method 3,JDHILDINMRGULE-LURJTMIESA-N,HMDB0000479,C01152,0.0,True,within_12m,provided_area,True,lbfgs,-0.0037708507273841,-0.3049976352752311,-0.0267911321328531,0.4153647101622486,0.4627727708041226,0.6427306466342876,1.9553969746448512,1.743267680277875,-1021.0862622420872,,0.8666316648822592,0.999999431203118
117,cytidine,Method 1,UHDGCWIWMRVCDJ-XVFCMESISA-N,HMDB0000089,C00475,0.056390977443609,True,within_12m,provided_area,True,lbfgs,-0.0009600329176642,-0.2037652741951924,-0.0061159549604346,0.2791054430358413,0.4653501059435527,0.8479592131605723,1.124994018140516,0.5072317226436099,-739.9023476228624,,0.8698533287895138,0.999999431203118
597,formiminoglutamate,Method 1,NRXIKWMTVXPVEF-BYPYZUCNSA-N,HMDB0000854,C00439,0.0018796992481203,True,within_12m,provided_area,True,lbfgs,-0.004295670012702,0.1642327184344051,-0.0318045851813181,0.22790768813465,0.4711490693755035,0.2333550258375631,0.7339115673114063,0.3568353389456405,-640.760982010406,,0.8744887465528868,0.999999431203118
634,eicosanedioate (C20-DC),Method 3,JJOJFIHJIRWASH-UHFFFAOYSA-N,,,0.0394736842105263,True,within_12m,provided_area,True,lbfgs,-0.0082922245871653,0.2352466865635644,-0.0446808041550883,0.3271864176700147,0.4721415745367928,0.2319637264717452,1.5461499581289913,0.6968839006916214,-824.4228135139517,,0.8744887465528868,0.999999431203118
152,erucate (22:1n9),Method 3,DPUOLQHDNGRHBS-KTKRTIGZSA-N,HMDB0002068,C08316,0.0,True,within_12m,provided_area,True,lbfgs,-0.0021388715344172,0.1709201752677198,-0.0278020991225715,0.2377927373695857,0.4722777484046313,0.3112465612085474,0.8092498699584981,0.3766974081165275,-658.3866454905435,,0.8744887465528868,0.999999431203118
101,tryptophan,Method 1,QIVBCDIJIAJPQS-VIFPVBQESA-N,HMDB0000929,C00078,0.0,True,within_12m,provided_area,True,lbfgs,-0.0025247651629524,-0.0761723198414379,-0.01057761182499,0.1059838670985613,0.4723158135103947,0.3696430745525875,0.1659890255194188,0.0688099537894985,-214.85622984720408,,0.8744887465528868,0.999999431203118
1136,10-hydroxywarfarin,Method 3,BPZSPAZBZFZZBN-UHFFFAOYSA-N,HMDB0013884,,0.9661654135338346,False,within_12m,provided_area,True,lbfgs,0.0035475609989295,-0.1650782021231038,-0.0035475609989299,0.2298577536130017,0.47264909577447,0.8689797078859942,0.8684984652877592,0.2236415096480805,-565.9165083280966,,0.8744887465528868,0.999999431203118
1067,N4-acetyl-5-hydroxysulfamethoxazole*,Method 3,YKWZTWOYFWCVKH-UHFFFAOYSA-N,,,0.9887218045112782,False,within_12m,provided_area,True,lbfgs,0.0010129410817027,-0.0521772195380434,-0.0010129410817023,0.0727099696335528,0.4729993318793447,0.9419767636129844,8.993034234192499e-05,0.1268254350770594,-205.78858771502496,,0.8744887465528868,0.999999431203118
387,"fibrinopeptide A, des-ala(1)*",Method 3,JAMFMQAPZKXSKC-UHFFFAOYSA-N,,,0.0,True,within_12m,provided_area,True,lbfgs,0.0054744597641882,-0.1990590381731617,-0.021027370840315,0.2794045332898228,0.4761921927977874,0.562749055092973,0.9797655085600996,0.6784918008200466,-786.659266634,,0.8769792833826713,0.999999431203118
399,isovalerylcarnitine (C5),Method 1,IGQBPDJNUXPEMT-UHFFFAOYSA-N,HMDB0000688,C20826,0.0,True,within_12m,provided_area,True,lbfgs,-0.0001779459005907,-0.1531898341040551,0.0246389834571776,0.2167741979255987,0.4797658086549313,0.3428093565428776,0.6519863929115248,0.336604559036476,-620.8499636427175,,0.8769792833826713,0.999999431203118
826,arabitol/xylitol,Method 4,HEBKCHPVOIAQTA-IMJSIDKUSA-N,"HMDB0001851,HMDB0000568,HMDB0002917","C00379,C00542,C01904",0.0,True,within_12m,provided_area,True,lbfgs,-0.0013762045987417,0.1000170914188219,-0.0158779421535246,0.1415635499808512,0.4798665230678156,0.3339951484158276,0.2854187195041111,0.1350919589221949,-384.37302403188414,,0.8769792833826713,0.999999431203118
1084,3-amino-2-piperidone,Method 1,YCCMTCQQDULIFE-UHFFFAOYSA-N,HMDB0000323,,0.0,True,within_12m,provided_area,True,lbfgs,0.0002076398394761,-0.1048673663216376,-0.0093114428000704,0.1490389353254233,0.4816669841397996,0.4768348376672259,0.3755302555820605,0.0821761876645658,-313.004775547216,,0.8769792833826713,0.999999431203118
314,2-pyrrolidinone,Method 1,HNJBEVLQSNELDL-UHFFFAOYSA-N,HMDB0002039,,0.0075187969924812,True,within_12m,provided_area,True,lbfgs,0.0085022166780255,-0.2132987312232492,-0.0202056594797319,0.3035266160015805,0.4822210044950338,0.4515716338661819,1.5535800052784496,0.3454358879315055,-693.6394380355448,,0.8769792833826713,0.999999431203118
959,"diacylglycerol (16:1/18:2 [2], 16:0/18:3 [1])*",Method 2,BHGPPCIWDXQOMA-HZFIRFLSSA-N,,,0.2857142857142857,False,within_12m,provided_area,True,lbfgs,-0.0005572673701431,-0.3309367649207423,-0.0608301603286918,0.4710751943715545,0.4823588779999405,0.2837150806974561,3.051755109458114,1.6208079491889806,-1036.889792132216,,0.8769792833826713,0.999999431203118
357,N-acetylphenylalanine,Method 3,CBQJSKKFNMDLON-JTQLQIEISA-N,HMDB0000512,C03519,0.0,True,within_12m,provided_area,True,lbfgs,0.0004398314511206,0.1736843125554514,-0.0197378707779994,0.2475110962848878,0.4828517160386104,0.1797761665177402,1.146686959301986,0.1011846566368488,-446.922859317858,,0.8769792833826713,0.999999431203118
511,2-methoxyacetaminophen glucuronide*,Method 3,GDCCQRYSPGZVPX-UHFFFAOYSA-N,HMDB0240215,,0.7387218045112782,False,within_12m,provided_area,True,lbfgs,0.0109400230928295,-0.4791935925390328,-0.0318720831183756,0.6840006793309451,0.4835684520657298,0.719096245596592,5.900430221823704,4.033020509344416,-1261.66576714791,,0.8769792833826713,0.999999431203118
632,S-methylcysteine sulfoxide,Method 1,ZZLHPCSGGOGHFW-UHFFFAOYSA-N,HMDB0029432,,0.0,True,within_12m,provided_area,True,lbfgs,-0.002350781399211,-0.1469813203940889,-0.0068827269632325,0.2103709166354982,0.4847539123827763,0.7992194611932841,0.5657219986946812,0.3722901806536889,-630.4893888890635,,0.8769792833826713,0.999999431203118
1231,decadienedioic acid (C10:2-DC)**,Method 4,FRWVXIATCBRYHA-KPMZXABDSA-N,,,0.0770676691729323,True,within_12m,provided_area,True,lbfgs,0.0081263670319418,-0.3153321225499551,0.0371352644780207,0.4517357869243366,0.4851487544717483,0.4343152155229216,3.140577189647439,1.1074418185546446,-966.367437477448,,0.8769792833826713,0.999999431203118
1010,eicosenoylcarnitine (C20:1)*,Method 2,PVOQPLSKYNZHOT-OUKQBFOZSA-N,,,0.0,True,within_12m,provided_area,True,lbfgs,0.0017929187340086,-0.1534897358048804,0.0006164256016512,0.2200710898836679,0.4855179388520509,0.978502555835738,0.7527181011572076,0.2544070950544808,-578.4315976596356,,0.8769792833826713,0.999999431203118
910,1-linoleoyl-GPG (18:2)*,Method 3,VEEHTGYBVMTAAF-RFFZIGDUSA-N,HMDB0240600,,0.0,True,within_12m,provided_area,True,lbfgs,-0.0031262547384367,0.1509765167859086,-0.0107074800232737,0.2180145949643876,0.4886193264448082,0.592236871491348,0.7887547894473576,0.1927257830145448,-530.6339349947837,,0.8769792833826713,0.999999431203118
584,(16 or 17)-methylstearate (a19:0 or i19:0),Method 3,YETXGSGCWODRAA-UHFFFAOYSA-N,HMDB0037397,,0.0,True,within_12m,provided_area,True,lbfgs,-0.0015763531149239,0.1726982238559345,0.0153259865760788,0.2496167952035706,0.4890294092824198,0.6306049691498465,0.8009833379445546,0.5195699657736481,-720.1468919060446,,0.8769792833826713,0.999999431203118
997,sphingomyelin (d18:2/24:2)*,Method 2,ZLNGRWIWHFFRNK-UKCALJHFSA-N,HMDB0240644,,0.0,True,within_12m,provided_area,True,lbfgs,-0.0032903700892159,-0.1022137583056862,0.0133642987451572,0.1479460163800652,0.489637495617347,0.2190799318488426,0.392219837530571,0.0558866138568334,-246.8813812976266,,0.8769792833826713,0.999999431203118
878,1-(1-enyl-palmitoyl)-2-arachidonoyl-GPE (P-16:0/20:4)*,Method 2,UUYSKERSKRMYME-MAIXUNBTSA-N,HMDB0011352,,0.0,True,within_12m,provided_area,True,lbfgs,-0.0001923453521386,-0.1160187830334233,0.0018772764257683,0.1681065636421373,0.4900997200872834,0.9024954945761426,0.4703078235546241,0.1130638721783675,-390.10671130405126,,0.8769792833826713,0.999999431203118
159,N-carbamoylaspartate,Method 1,HLKXYZVTANABHZ-REOHCLBHSA-N,HMDB0000828,C00438,0.9172932330827068,False,within_12m,provided_area,True,lbfgs,-0.003921531099881,0.1326465342857877,0.0209750304876037,0.1922883601978977,0.4903002670785353,0.3148585520611705,0.5566898365960028,0.2147895194972552,-523.1238946972771,,0.8769792833826713,0.999999431203118
106,betaine,Method 1,KWIUHFFTVRNATP-UHFFFAOYSA-N,HMDB0000043,C00719,0.0,True,within_12m,provided_area,True,lbfgs,-0.0015099998113834,0.0757679370265815,-0.0009167857826891,0.1101926215223528,0.4917076209071649,0.9224424845305396,0.2075079196622163,0.0424023065039661,-142.71729762810787,,0.8769792833826713,0.999999431203118
67,lactose,Method 4,GUBGYTABKSRVRQ-DCSYEGIMSA-N,HMDB0041627,C01970,0.2387218045112782,False,within_12m,provided_area,True,lbfgs,-0.014244341426882,0.3102690445910485,-0.0189204727369748,0.4518506825523387,0.4922952585217522,0.76459430290158,2.2866770100012817,2.0934105644251644,-1068.0990141562363,,0.8769792833826713,0.999999431203118
70,malate,Method 3,BJEPYKJPYRNKOW-UHFFFAOYSA-N,"HMDB0031518,HMDB0000156,HMDB0000744","C00149,C00711,C00497",0.0,True,within_12m,provided_area,True,lbfgs,-0.0009504569530191,0.1424165038872393,-0.0140418287587431,0.2080813007068109,0.4937054394627173,0.4395651137797679,0.733838468254534,0.1581673616081576,-488.4398050900909,,0.8769792833826713,0.999999431203118
587,1-hydroxy-2-naphthalenecarboxylate,Method 3,SJJCQDRGABAVBB-UHFFFAOYSA-N,,C03203,0.9417293233082706,False,within_12m,provided_area,True,lbfgs,0.0049927910045969,-0.1638553261751003,-0.002670293378629,0.2398314436934515,0.4944739292959288,0.8959427121327391,0.9842507356303162,0.1994745021509198,-555.3032399102508,,0.8769792833826713,0.999999431203118
955,linoleoyl-docosahexaenoyl-glycerol (18:2/22:6) [2]*,Method 2,GPMAAGRGFWBOSO-KLJRXRINSA-N,HMDB0007266,,0.6691729323308271,False,within_12m,provided_area,True,lbfgs,0.004187989168469,-0.3088880312944531,0.0500475427556321,0.4528349721108134,0.4951627398210375,0.3712990772815864,2.7460805124716456,1.5828162921484574,-1024.7245619024782,,0.8769792833826713,0.999999431203118
557,gamma-CEHC,Method 3,VMJQLPNCUPGMNQ-UHFFFAOYSA-N,HMDB0001931,,0.0112781954887218,True,within_12m,provided_area,True,lbfgs,0.0057859573066892,-0.1911136253985565,-0.0022032503348633,0.2802144379985138,0.4952223004822693,0.947594440261034,1.086535602230009,0.5658322415952912,-758.3786565820767,,0.8769792833826713,0.999999431203118
658,N6-methyllysine,Method 1,PQNASZJZHFPQLE-LURJTMIESA-N,HMDB0002038,C02728,0.0,True,within_12m,provided_area,True,lbfgs,0.0018363698542799,-0.1782948458456968,-0.0151790733135071,0.2615184982684915,0.4953858978575595,0.1100325396178429,1.3435463899283293,0.0415855224793242,-305.669645450512,,0.8769792833826713,0.999999431203118
1137,7-hydroxywarfarin,Method 3,SKFYEJMLNMTTJA-UHFFFAOYSA-N,HMDB0013886,,0.9680451127819548,False,within_12m,provided_area,True,lbfgs,0.001058497335909,-0.0434521312875423,-0.001058497335909,0.0638096361766344,0.495893613437445,0.800395363142385,0.0748782147743902,0.0082308552139116,239.96354241011383,,0.8769792833826713,0.999999431203118
1189,hydroxypalmitoyl sphingomyelin (d18:1/16:0(OH))**,Method 2,FAVAZPKFPKOYCT-VTAPXIELSA-N,,,0.0,True,within_12m,provided_area,True,lbfgs,-0.0023357001893192,-0.1095114897383476,-0.0077655734330951,0.1609869474264398,0.4963457109213852,0.5032861208462038,0.4667882485740198,0.0634752967916188,-284.80024279209306,,0.8769792833826713,0.999999431203118
781,arabonate/xylonate,Method 4,QXKAIJAYHKCRRA-JJYYJPOSSA-N,HMDB0000539,"C00502,C05411",0.0018796992481203,True,within_12m,provided_area,True,lbfgs,0.0019983254449281,0.117621973454086,-0.0054028264924648,0.1732866176910082,0.4972828152690125,0.778906947732882,0.4440019877999083,0.1837070015039548,-476.2116776782161,,0.8769792833826713,0.999999431203118
1063,"N,N,N-trimethyl-alanylproline betaine (TMAP)",Method 1,KXONJPJIFNGMCN-UHFFFAOYSA-N,HMDB0240365,,0.0,True,within_12m,provided_area,True,lbfgs,0.0018891786014751,0.1185700627411694,-0.0013659034263424,0.175663574613479,0.4996860732329842,0.9282462014526184,0.5252423933154021,0.1101580676738704,-394.49485227455193,,0.8769792833826713,0.999999431203118
55,glycine,Method 1,DHMQDGOQFOQNFH-UHFFFAOYSA-N,HMDB0000123,C00037,0.0,True,within_12m,provided_area,True,lbfgs,-0.0019482556042806,-0.0703470345480027,-0.0065132418172884,0.1042707324917297,0.4998933747957657,0.4430844380393464,0.1889915253099119,0.0343634998165227,-96.63640103418015,,0.8769792833826713,0.999999431203118
21,N-formylmethionine,Method 3,PYUSHNKNPOHWEZ-UHFFFAOYSA-N,HMDB0001015,C03145,0.0,True,within_12m,provided_area,True,lbfgs,0.0015811414211861,0.1423792520336409,-0.0079136318916885,0.2110599555824597,0.4999353347890871,0.3409431101905434,0.8708337358680088,0.0318864911977666,-219.55513207644503,,0.8769792833826713,0.999999431203118
319,"glutamate, gamma-methyl ester",Method 1,ZGEYCCHDTIDZAE-UHFFFAOYSA-N,HMDB0061715,,0.0469924812030075,True,within_12m,provided_area,True,lbfgs,-0.0024635635063171,-0.1768269656700249,-0.0376598950181639,0.2627648785239521,0.5009806974198279,0.2650219541215433,0.8793765561861271,0.5852354552032208,-750.0410734099721,,0.8769792833826713,0.999999431203118
232,4-guanidinobutanoate,Method 1,TUHVEAJXIMEOSA-UHFFFAOYSA-N,HMDB0003464,C01035,0.0,True,within_12m,provided_area,True,lbfgs,-0.0050181906223334,0.1251264362617948,-0.0229496691936154,0.1860031911140603,0.5011310190758121,0.3832420143003312,0.3786699433305198,0.3649407469714216,-600.2414526369987,,0.8769792833826713,0.999999431203118
51,fumarate,Method 4,VZCYOOQTPOCHFL-OWOJBTEDSA-N,HMDB0000134,C00122,0.0018796992481203,True,within_12m,provided_area,True,lbfgs,0.000744533586389,-0.1448080284385079,-0.0267017482170466,0.2157370153378353,0.5020773514552763,0.1300499023360497,0.8079945979626291,0.1482850100289872,-484.779373634133,,0.8771230838676514,0.999999431203118
675,N-palmitoylglycine,Method 3,KVTFEOAKFFQCCX-UHFFFAOYSA-N,HMDB0013034,,0.0,True,within_12m,provided_area,True,lbfgs,-0.0039213579538523,0.1692570446592698,0.0182405387944101,0.2527748321947761,0.5031152937124168,0.4172386931548368,1.0745653499790233,0.2429029426726692,-598.6009430793845,,0.8774261565603145,0.999999431203118
321,"1,3-dimethylurate",Method 3,OTSBKHHWSQYEHK-UHFFFAOYSA-N,HMDB0001857,,0.0770676691729323,True,within_12m,provided_area,True,lbfgs,0.0174687503961528,-0.2738330464222397,0.0081898703695618,0.4101963880217933,0.504410846760031,0.8869522411324334,1.865309967825315,1.7487472755841964,-1018.7575501692064,,0.87817668861309,0.999999431203118
217,eicosapentaenoate (EPA; 20:5n3),Method 3,JAZBEHYOTPTENJ-JLNKQSITSA-N,HMDB0001999,C06428,0.0,True,within_12m,provided_area,True,lbfgs,-0.0010862104104772,0.1852925305140046,-0.0304811488556183,0.2783718364779295,0.5056478902178103,0.3771124926336147,1.03277768475539,0.6037280630382675,-767.3465133456518,,0.8787305756518292,0.999999431203118
617,2-oxoarginine*,Method 1,ARBHXJXXVVHMET-UHFFFAOYSA-N,HMDB0004225,C03771,0.0,True,within_12m,provided_area,True,lbfgs,-0.0070111783865447,-0.1438184021255366,-0.0387011619457249,0.2168084017279826,0.5071107064769933,0.1645660011766033,0.6005970976733755,0.396218233813986,-646.8891978938639,,0.8787305756518292,0.999999431203118
667,pregnanediol-3-glucuronide,Method 3,ZFFFJLDTCLJDHL-JQYCEVDMSA-N,HMDB0010318,,0.5883458646616542,False,within_12m,provided_area,True,lbfgs,-0.0042150545651504,-0.2908026017815097,0.0263259124010621,0.4391948232265804,0.507890050689638,0.5694395713024876,2.9655029659689016,1.0504248375856968,-951.9564283776638,,0.8787305756518292,0.999999431203118
113,pseudouridine,Method 3,PTJWIQPHWPFNBW-GBNDHIKLSA-N,HMDB0000767,C02067,0.0,True,within_12m,provided_area,True,lbfgs,-1.070948842901829e-07,0.1482575040028427,-0.0076311823020403,0.2240705056930557,0.5081919683818953,0.437583249326735,0.973695310314036,0.0447240629584063,-288.77139371175895,,0.8787305756518292,0.999999431203118
674,prolylglycine,Method 1,RNKSNIBMTUYWSH-YFKPBYRVSA-N,HMDB0011178,,0.0131578947368421,True,within_12m,provided_area,True,lbfgs,-0.0027823470787099,0.1256325132747569,-0.0112942282903608,0.1905548737840907,0.5097042037613186,0.6770273635027415,0.3923374975290732,0.389079052415937,-615.5162115950393,,0.8798465422070382,0.999999431203118
807,"sphingomyelin (d18:1/22:2, d18:2/22:1, d16:1/24:2)*",Method 2,BBJBWENPFZYXKM-CUYAXJSGSA-N,"HMDB0240670,HMDB0240672,HMDB0240669",,0.0,True,within_12m,provided_area,True,lbfgs,-0.0025446598273074,-0.0925404257126547,0.0106773252476542,0.1406802746611481,0.5106623555314715,0.3255841970857588,0.3498349064002101,0.0559697021179278,-237.2995286574535,,0.8800038894133169,0.999999431203118
1249,"bilirubin degradation product, C16H18N2O5 (1)**",Method 3,,,,0.4041353383458647,False,within_12m,provided_area,True,lbfgs,-0.0072377736633508,0.3470557737669227,0.0726170150998983,0.533657678199426,0.5154764495508215,0.2661258837000609,3.848590528360365,2.158457907394804,-1109.179884681099,,0.8863329723032015,0.999999431203118
505,1-linoleoyl-GPI (18:2)*,Method 3,SAHCQBPGXQFTRA-WNOZMNFTSA-N,HMDB0240597,,0.0,True,within_12m,provided_area,True,lbfgs,0.0005273994980522,-0.1418641560015205,-0.0069005105953714,0.2184550822760473,0.5160815631834406,0.750574351498994,0.7602960597234292,0.2295243347863707,-559.9922314314035,,0.8863329723032015,0.999999431203118
125,margarate (17:0),Method 3,KEMQGTRYUADPNZ-UHFFFAOYSA-N,HMDB0002259,,0.0,True,within_12m,provided_area,True,lbfgs,0.0005989267378848,0.156905200140312,0.0103180898607195,0.2435864504525972,0.5194808637148345,0.7471641355502019,0.7340229254472158,0.5280338596319054,-717.3989961288446,,0.8886069276383367,0.999999431203118
679,norfluoxetine,Method 2,WIQRCHMSJFFONW-UHFFFAOYSA-N,HMDB0060551,,0.975563909774436,False,within_12m,provided_area,True,lbfgs,-0.00151793850265,-0.0898288550063506,0.00151793850265,0.1406330916807438,0.5229880427140969,0.906876003648314,0.3272458142898629,0.0812849823728253,-299.6466785632508,,0.8886069276383367,0.999999431203118
854,enalapril,Method 2,GBXSMTUPTTWBMN-UHFFFAOYSA-N,HMDB0014722,"C06977,D03769,DG00335",0.9981203007518796,False,within_12m,provided_area,True,lbfgs,1.6213141589367282e-14,-0.0060846089054848,-1.6147161133006252e-14,0.0096204880987134,0.5270839614155304,0.999999431203118,0.0018683065592787,2.3475307742512033e-13,4769.301425952959,,0.8886069276383367,0.999999431203118
662,maprotiline,Method 2,QSLMDECMDJKHMQ-UHFFFAOYSA-N,HMDB0015069,"C07107,D02566",0.9981203007518796,False,within_12m,provided_area,True,lbfgs,1.6284544572511072e-14,-0.0060647987089288,-1.627423226489481e-14,0.0096204835017429,0.5284297894306211,0.9999994267274608,0.001868306564327,2.3475350870646e-13,4769.301109705995,,0.8886069276383367,0.999999431203118
1124,pravastatin,Method 3,TUZYXOIXSAXUGO-PZAWKZKUSA-N,HMDB0005022,"DG00353,C01844,D08410",0.9981203007518796,False,within_12m,provided_area,True,lbfgs,1.6307986172275435e-14,-0.0060589749573772,-1.6250199991706294e-14,0.0096204932464216,0.5288262407207288,0.999999427574049,0.0018683079915076,2.3475353554879343e-13,4769.301018233436,,0.8886069276383367,0.999999431203118
852,aripiprazole,Method 2,CEUORZQYGODEFX-UHFFFAOYSA-N,HMDB0005042,C12564,0.9981203007518796,False,within_12m,provided_area,True,lbfgs,1.6322597427480042e-14,-0.0060579829708976,-1.6257509450068284e-14,0.0096204863829257,0.5288934200306341,0.999999427315917,0.0018683048568129,2.347530020976609e-13,4769.301566800357,,0.8886069276383367,0.999999431203118
964,lactosyl-N-nervonoyl-sphingosine (d18:1/24:1)*,Method 2,MKOKWBRPIBQYJJ-WZBOJYASSA-N,HMDB0004872,,0.0,True,within_12m,provided_area,True,lbfgs,-0.0076459476368894,-0.1380366482378846,0.0059038980064816,0.2193681955614263,0.529187753364974,0.6570326396358006,0.8980021051234268,0.0825769754104295,-389.1933200528045,,0.8886069276383367,0.999999431203118
688,fexofenadine,Method 2,RWTNPBWLLIMQHL-UHFFFAOYSA-N,HMDB0005030,C06999,0.9981203007518796,False,within_12m,provided_area,True,lbfgs,1.633819763967514e-14,-0.006052714874122,-1.628038005401747e-14,0.0096204884829608,0.5292519107700466,0.9999994265104054,0.0018683058286215,2.347531037702072e-13,4769.301443411845,,0.8886069276383367,0.999999431203118
441,nifedipine,Method 3,HYIMSNHJOBLJNT-UHFFFAOYSA-N,,"C07266,D00437",0.9981203007518796,False,within_12m,provided_area,True,lbfgs,1.6327816430983146e-14,-0.0060516389486539,-1.6396084164886734e-14,0.0096204946152406,0.5293253861465417,0.9999994224352462,0.0018683079963938,2.347536012059267e-13,4769.30096988172,,0.8886069276383367,0.999999431203118
250,3-indoxyl sulfate,Method 3,BXFFHSIDQOFMLE-UHFFFAOYSA-N,HMDB0000682,,0.0,True,within_12m,provided_area,True,lbfgs,0.0074386286716237,-0.2181878760249403,0.0269956060379123,0.3470284231718027,0.5295245219208564,0.4931246791117974,1.74900793073977,0.7728503257290261,-853.4268737939899,,0.8886069276383367,0.999999431203118
1242,norethindrone sulfate,Method 3,GCUIJBFFHDSMDP-UHFFFAOYSA-N,,,0.9981203007518796,False,within_12m,provided_area,True,lbfgs,1.6329843118964852e-14,-0.0060472664639978,-1.6385040692975598e-14,0.0096204915561286,0.5296228400918549,0.9999994228240756,0.001868306776045,2.347534504747533e-13,4769.301141719254,,0.8886069276383367,0.999999431203118
725,meglumine,Method 1,MBBZMMPHUWSWHV-UHFFFAOYSA-N,HMDB0240291,,0.9981203007518796,False,within_12m,provided_area,True,lbfgs,1.6347124976064478e-14,-0.00604674452608,-1.6302641362972395e-14,0.0096204873553053,0.529658188373151,0.9999994257261632,0.0018683055489013,2.347530468272953e-13,4769.301499206596,,0.8886069276383367,0.999999431203118
1018,metronidazole,Method 1,VAOCPAMSLUNLGC-UHFFFAOYSA-N,HMDB0015052,"DG00006,C07203,D00409",0.9981203007518796,False,within_12m,provided_area,True,lbfgs,1.627671526117975e-14,-0.0060463801194433,-1.6630969374208745e-14,0.0096204899941332,0.5296831069418217,0.9999994141607016,0.0018683072069445,2.3475317545657093e-13,4769.301321540861,,0.8886069276383367,0.999999431203118
1176,fibrinopeptide B (1-11)**,Method 3,YXFOTICOZNPKPN-UHFFFAOYSA-N,,,0.0018796992481203,True,within_12m,provided_area,True,lbfgs,-0.0078196948299554,0.1579768789738296,-0.0127341455425346,0.2517836470188715,0.5303767172761156,0.6637963879061428,0.9008721942408334,0.4295245553324655,-691.5207377716381,,0.8886069276383367,0.999999431203118
655,beta-citrylglutamate,Method 3,GAQNUGISBQJMKO-UHFFFAOYSA-N,,C20775,0.0056390977443609,True,within_12m,provided_area,True,lbfgs,-0.0004289245156044,0.125131573837016,0.001260843040204,0.1995129029761743,0.5305377321663369,0.9523935060997428,0.6097248941917136,0.2193045409087555,-534.0798020377449,,0.8886069276383367,0.999999431203118
427,7-methylguanine,Method 1,FZWGECJQACGGTI-UHFFFAOYSA-N,HMDB0000897,C02242,0.0,True,within_12m,provided_area,True,lbfgs,-0.0014395717532264,-0.0710204664721097,-0.0084224632044427,0.1135414622061484,0.5316413196297698,0.4258357524331573,0.2123368474117452,0.0540618448852714,-189.14288204903164,,0.8889883680794338,0.999999431203118
1023,carotene diol (1),Method 2,JKQXZKUSFCKOGQ-DKLMTRRASA-N,,,0.0,True,within_12m,provided_area,True,lbfgs,-0.0047164574745966,-0.1707718357911695,-0.0145292623098861,0.2744766933780793,0.5338284818535108,0.553264934432363,1.2661557438887503,0.2873475829853762,-642.9690594099636,,0.8890720529185216,0.999999431203118
90,serine,Method 1,MTCFGRXMJLQNBG-REOHCLBHSA-N,HMDB0000187,C00065,0.0,True,within_12m,provided_area,True,lbfgs,-0.0025623958382392,-0.087760247634161,-0.0049260083082309,0.141983311657838,0.5365077385160606,0.6117044929418267,0.3676151714155617,0.0442695155307464,-199.54310774480177,,0.8890720529185216,0.999999431203118
1144,3-hydroxyhexanoylcarnitine (1),Method 1,VYEONLJQPYRKAN-UHFFFAOYSA-N,,,0.0,True,within_12m,provided_area,True,lbfgs,0.0014097711818484,0.1582398316358437,0.0083843642996275,0.2560454117076788,0.536565640082425,0.761706476726728,0.9910632291985588,0.3762557703605639,-673.4888864515995,,0.8890720529185216,0.999999431203118
1088,ethyl beta-glucopyranoside,Method 3,WYUFTYLVLQZQNH-JAJWTYFOSA-N,HMDB0029968,,0.0582706766917293,True,within_12m,provided_area,True,lbfgs,-0.0074548006046375,-0.319902224531418,-0.1822790686069367,0.5184308556853052,0.537196066106025,0.0259216482123276,2.199117617768437,3.712559245515432,-1185.6693043492362,,0.8890720529185216,0.6736113659897806
202,1-palmitoyl-2-oleoyl-GPE (16:0/18:1),Method 2,FHQVHHIBKUMWTI-OTMQOFQLSA-N,HMDB0005320,,0.0,True,within_12m,provided_area,True,lbfgs,0.0015104027418372,-0.1117818397786701,-0.0166729410057466,0.1811739097884471,0.5372436910793873,0.3647015523672643,0.5163404694331261,0.165384411642441,-468.1096082154927,,0.8890720529185216,0.999999431203118
40,choline phosphate,Method 1,YHHSONZFOIEMCP-UHFFFAOYSA-N,HMDB0001565,C00588,0.0018796992481203,True,within_12m,provided_area,True,lbfgs,0.0002353800318379,-0.1280474289710289,0.0100707899676387,0.20855045956518,0.5392234172713237,0.6854638317212556,0.603965243048946,0.3109846131464807,-599.9851352213341,,0.8890720529185216,0.999999431203118
1203,levulinoylcarnitine,Method 1,XDZHMFWKQXZAFO-UHFFFAOYSA-N,,,0.1296992481203007,True,within_12m,provided_area,True,lbfgs,0.0035910363618003,-0.2174869148652958,0.0246709574279651,0.3545415290214946,0.5395911135997239,0.5927946735494986,1.5760137648010426,1.0942818998383452,-913.623111985941,,0.8890720529185216,0.999999431203118
919,(S)-3-hydroxybutyrylcarnitine,Method 1,UEFRDQSMQXDWTO-UHFFFAOYSA-N,HMDB0013127,,0.0,True,within_12m,provided_area,True,lbfgs,0.0010385885482795,0.154376348331089,0.0062610861636976,0.2521899852415893,0.5404431127525842,0.8252743705558444,0.932012941336079,0.3986911010710457,-679.8002117456829,,0.8890720529185216,0.999999431203118
192,fluoxetine,Method 2,RTHCYVBBDHJXIQ-UHFFFAOYSA-N,HMDB0014615,D00326,0.975563909774436,False,within_12m,provided_area,True,lbfgs,-0.0034207025051837,-0.1674089482195303,0.0034207025051837,0.2735793685788633,0.5405900572616098,0.8978681572745515,1.2053841403918724,0.3451887565424585,-672.7687508754336,,0.8890720529185216,0.999999431203118
1016,docosapentaenoylcarnitine (C22:5n3)*,Method 2,MJPIXACTUMSGGI-WMPRHZDHSA-N,,,0.306390977443609,False,within_12m,provided_area,True,lbfgs,-0.0068394502741765,-0.2395107463229051,-0.0582264279758034,0.3916516515616842,0.5408419846825041,0.2449193399446568,1.974495371121923,1.2758040672239406,-959.371783250058,,0.8890720529185216,0.999999431203118
795,valsartan,Method 3,ACWBQPMHZXGDFX-UHFFFAOYSA-N,HMDB0014323,,0.9830827067669172,False,within_12m,provided_area,True,lbfgs,-0.0019455279569109,-0.0919311535503082,0.0019455279569107,0.150804664249304,0.5421240426187977,0.9214541351515162,0.282938454710553,0.2005331859531042,-460.8643587201402,,0.8890720529185216,0.999999431203118
96,2'-deoxyuridine,Method 3,MXHRCPNRJAMMIM-UHFFFAOYSA-N,HMDB0000012,C00526,0.0244360902255639,True,within_12m,provided_area,True,lbfgs,0.0012246796317838,-0.1534814858155768,-0.0011394532979603,0.2529817892649896,0.5440567540393133,0.9634133422193736,1.0279368800595727,0.2983321377071406,-632.8904136479412,,0.8890720529185216,0.999999431203118
840,"1,2-dilinoleoyl-GPC (18:2/18:2)",Method 2,FVXDQWZBHIXIEJ-LNDKUQBDSA-N,HMDB0008138,,0.0,True,within_12m,provided_area,True,lbfgs,-0.0022868289041391,-0.0947035381003817,-0.0041645116142418,0.1564735305585619,0.5450216709809552,0.8171950829126602,0.3512638760235727,0.1621223344316118,-434.7570999647571,,0.8890720529185216,0.999999431203118
717,indolin-2-one,Method 1,JYGFTBXVXVMTGB-UHFFFAOYSA-N,,C12312,0.0770676691729323,True,within_12m,provided_area,True,lbfgs,0.0043750951318391,-0.1948517806250128,-0.032965198131742,0.3222684516178773,0.5454277419619495,0.4826817783938818,1.0723607264175123,1.1697654073679002,-902.563730237641,,0.8890720529185216,0.999999431203118
1160,glipizide,Method 3,ZJJXGWJIGJFDTL-UHFFFAOYSA-N,HMDB0015200,D00335,0.9830827067669172,False,within_12m,provided_area,True,lbfgs,0.0011244840227887,0.1200157541666263,0.0015216460224336,0.1989640072255298,0.5463734244754264,0.9078094272275748,0.7270715963954982,0.0810684053322945,-367.2318011846735,,0.8890720529185216,0.999999431203118
14,hypoxanthine,Method 3,FDGQSTZJBFJUBT-UHFFFAOYSA-N,HMDB0000157,C00262,0.0,True,within_12m,provided_area,True,lbfgs,-0.0005273151771998,0.1429737875346264,0.0402948804827318,0.2370998124022779,0.5465013923913022,0.1247405058751189,0.8335820233657804,0.3411997248824956,-641.7174008909392,,0.8890720529185216,0.999999431203118
1004,behenoylcarnitine (C22)*,Method 2,IUMXSSOVGPXXJL-UHFFFAOYSA-N,HMDB0062468,,0.1334586466165413,True,within_12m,provided_area,True,lbfgs,-0.0028665827984806,-0.2156279056574013,-0.0140641094111441,0.3582217885601724,0.5472142958423085,0.7571069564448297,1.6643569983093265,1.0522710015195236,-909.6392057915108,,0.8890720529185216,0.999999431203118
577,N-acetyl-cadaverine,Method 1,RMOIHHAKNOFHOE-UHFFFAOYSA-N,HMDB0002284,,0.3590225563909774,False,within_12m,provided_area,True,lbfgs,0.0102091900734641,-0.3159062314612619,0.0527266585984198,0.5251333388612553,0.5474581606641143,0.4804256464835126,2.9794845101355114,2.956246068251253,-1154.9044663557995,,0.8890720529185216,0.999999431203118
827,N-acetylglucosamine/N-acetylgalactosamine,Method 1,OVRNDRQMDRJTHS-FMDGEEDCSA-N,"HMDB0000212,HMDB0000215",C01074,0.0,True,within_12m,provided_area,True,lbfgs,-0.0013938079863304,-0.098985788003883,-0.0164224528891345,0.1654649385457955,0.5496876949783992,0.1066406281981041,0.5095780258932966,0.0484820913456794,-244.51110990548025,,0.8912149761818297,0.999999431203118
31,aspartate,Method 1,CKLJMWTZIZZHCS-UHFFFAOYSA-N,HMDB0000191,C00049,0.0,True,within_12m,provided_area,True,lbfgs,-0.0058452849044043,-0.1082052250536188,0.0063918120942035,0.1821177046950943,0.5524118250894843,0.7266757356529829,0.5255113458858609,0.1628073904536439,-466.5741234570567,,0.8912149761818297,0.999999431203118
935,hexadecadienoate (16:2n6),Method 3,WPJGPAAPSBVXNU-HZJYTTRNSA-N,HMDB0000477,,0.0150375939849624,True,within_12m,provided_area,True,lbfgs,2.490280566368625e-05,0.1987566633970951,0.0419984980206767,0.3349859680318043,0.552961445980761,0.4288832754470053,0.9047567494855338,1.565901714867978,-954.7847281896532,,0.8912149761818297,0.999999431203118
1141,dihydrocaffeate sulfate (2),Method 4,WEPNMLSXEATIJK-UHFFFAOYSA-N,,,0.1823308270676691,True,within_12m,provided_area,True,lbfgs,0.0118820310339745,-0.3326302575649935,0.0858004982705653,0.5625880176443703,0.5543528159630621,0.3047243663644459,3.1137641658018067,3.75127404293694,-1206.7158878500156,,0.8912149761818297,0.999999431203118
147,glycerate,Method 4,RBNPOMFGQQGHHO-UHFFFAOYSA-N,"HMDB0000139,HMDB0006372",C00258,0.0,True,within_12m,provided_area,True,lbfgs,-6.055489824717937e-05,-0.0664841386021922,-0.0235331707370622,0.1124580830709753,0.5543928573517964,0.0987669467399604,0.1644959011375835,0.1032043816792294,-292.5226352439024,,0.8912149761818297,0.999999431203118
1030,THC carboxylic acid glucuronide,Method 3,UWXZAZRSQQLWKH-AREXMYMPSA-N,,,0.9417293233082706,False,within_12m,provided_area,True,lbfgs,0.0010372713264846,0.2079372005020009,0.0180838418763117,0.3525992688405122,0.5553738970114288,0.6383418723233872,1.865753132290582,0.7291730182163798,-847.258132662512,,0.8912149761818297,0.999999431203118
1180,emtricitabine,Method 1,XQSPYNMVSIKCOC-NTSWFWBYSA-N,HMDB0015017,"C12599,D01199",0.9924812030075189,False,within_12m,provided_area,True,lbfgs,-1.0616051857324876e-05,-0.0434509823575238,1.0616051857184916e-05,0.0737250532338909,0.5556163011878783,0.978389097404154,0.1096569449114217,7.028760568156834e-05,1029.4850373421668,,0.8912149761818297,0.999999431203118
9,3-hydroxy-3-methylglutarate,Method 4,NPOAOTPXWNWTSH-UHFFFAOYSA-N,HMDB0000355,C03761,0.0,True,within_12m,provided_area,True,lbfgs,0.0058614287499099,-0.1024029560797263,-0.0146966214375442,0.1738329517798402,0.5558020491853184,0.4011636293826593,0.4776519862808239,0.1496188911073305,-443.2284569092512,,0.8912149761818297,0.999999431203118
880,1-(1-enyl-palmitoyl)-2-oleoyl-GPC (P-16:0/18:1)*,Method 2,CRBBMHQTIAELIS-KQBBALDBSA-N,HMDB0007996,,0.0,True,within_12m,provided_area,True,lbfgs,-0.0009580722642246,-0.0900369167830459,-0.0026662617919364,0.1539614976506199,0.5586811868493293,0.8069659984776054,0.4286652406893755,0.0561112233890862,-255.31263943173303,,0.8941591613949377,0.999999431203118
181,dihomo-linoleate (20:2n6),Method 3,XSXIVVZCUAHUJO-HZJYTTRNSA-N,HMDB0005060,C16525,0.0,True,within_12m,provided_area,True,lbfgs,-0.0024920601827455,0.1697434710196025,0.0164142109090934,0.2911506845041939,0.5598872378855853,0.6839972356908238,0.9646475683760573,0.8519691086337252,-831.2343533239475,,0.8941591613949377,0.999999431203118
1024,carotene diol (2),Method 2,JKQXZKUSFCKOGQ-DKLMTRRASA-N,,,0.0075187969924812,True,within_12m,provided_area,True,lbfgs,-0.0022607835648393,-0.1750750254994894,-0.0182047846227893,0.300597120383736,0.5602810114750545,0.4263721155117673,1.6043274160423542,0.2474912482805362,-635.8533302657472,,0.8941591613949377,0.999999431203118
839,linoleoyl ethanolamide,Method 3,KQXDGUVSAAQARU-HZJYTTRNSA-N,HMDB0012252,,0.0,True,within_12m,provided_area,True,lbfgs,-0.0005268820385535,-0.1470501399094611,0.0115162429342358,0.2530836934301976,0.5612177806933196,0.6573553662801477,1.001856366284859,0.3292306554147066,-649.2220269441507,,0.8942481120937511,0.999999431203118
18,quinolinate,Method 4,GJAWHXHKYYXBSV-UHFFFAOYSA-N,HMDB0000232,C03722,0.0093984962406015,True,within_12m,provided_area,True,lbfgs,-0.0024601624644807,-0.1549575358960143,-0.0041563151912849,0.2678482337341739,0.5629081200487889,0.8688526555138102,1.1769461851222611,0.306376029275844,-648.7604579256324,,0.8943593665371938,0.999999431203118
459,docosapentaenoate (n6 DPA; 22:5n6),Method 3,AVKOENOBFIYBSA-WMPRHZDHSA-N,HMDB0001976,C16513,0.0338345864661654,True,within_12m,provided_area,True,lbfgs,-0.0072257664581788,0.17525179228305,0.0165970942362159,0.3031221168106186,0.5631589762912582,0.6506102162604623,1.257980542347987,0.6775888080346804,-803.8862859055992,,0.8943593665371938,0.999999431203118
886,N-palmitoyl-sphinganine (d18:0/16:0),Method 2,GCGTXOVNNFGTPQ-JHOUSYSJSA-N,HMDB11760,,0.0,True,within_12m,provided_area,True,lbfgs,-0.003232730394269,-0.1183956892469552,-0.0171164396290028,0.206046732310947,0.5655577913741241,0.3537769213285168,0.7119799391703518,0.1636888313711872,-492.21157241881247,,0.8943593665371938,0.999999431203118
463,glutarylcarnitine (C5-DC),Method 1,NXJAXUYOQLTISD-UHFFFAOYSA-N,HMDB0013130,,0.0,True,within_12m,provided_area,True,lbfgs,0.0004811642101384,0.1220151809876493,-0.0113543297904598,0.2123923763705565,0.565643003290851,0.4752143822349373,0.8043603537613614,0.1196818351004676,-445.7046081109104,,0.8943593665371938,0.999999431203118
932,caffeic acid sulfate,Method 4,SNVAIAITQIIEMQ-DUXPYHPUSA-N,HMDB0041708,,0.268796992481203,False,within_12m,provided_area,True,lbfgs,0.0099308641449826,-0.3886712565284507,-0.068719064228392,0.6766494021697564,0.5656933136126882,0.4694623085417387,5.077481838160681,4.754735228819556,-1284.893338654707,,0.8943593665371938,0.999999431203118
972,N-oleoylserine,Method 3,MBDKGXAMSZIDKF-KTKRTIGZSA-N,,,0.0,True,within_12m,provided_area,True,lbfgs,-0.0045501254566631,0.1516335711020399,0.0174316647126322,0.2661267138741779,0.5688271972474821,0.3690359157149798,1.27190031221114,0.1776749625287917,-556.2608646538686,,0.8979154046752634,0.999999431203118
881,1-(1-enyl-palmitoyl)-2-linoleoyl-GPC (P-16:0/18:2)*,Method 2,QLEHHUPUHJPURI-PWYDUFMYSA-N,HMDB0011211,,0.0,True,within_12m,provided_area,True,lbfgs,-0.0010121688965705,-0.0858901503937557,0.0114479668976338,0.1516982832774746,0.5712641817879032,0.3436128831210762,0.4029622971654069,0.069401084642306,-288.2165071671084,,0.8983250506082976,0.999999431203118
888,cetirizine,Method 2,ZKLPARSLTMPFCP-UHFFFAOYSA-N,HMDB0005032,C07778,0.868421052631579,False,within_12m,provided_area,True,lbfgs,-0.0028359550302587,0.3791229638288979,0.0285539955578683,0.6700698255375512,0.5715323271395482,0.6408367756553278,7.463262428665377,1.8061291715575665,-1126.6448334381264,,0.8983250506082976,0.999999431203118
1094,delta-CEHC,Method 3,BNVXCCQXUZCRSR-UHFFFAOYSA-N,,,0.0770676691729323,True,within_12m,provided_area,True,lbfgs,1.1208893023184692e-06,-0.1628593344895549,-0.0080555078648141,0.2883371802874662,0.572194483815041,0.8347087379272128,1.0008329677943453,0.7717841352674928,-813.7288255218666,,0.8983250506082976,0.999999431203118
1233,GlcNAc sulfate conjugate of C21H34O2 steroid**,Method 3,,,,0.3966165413533835,False,within_12m,provided_area,True,lbfgs,-0.0066824303423712,0.2415780560029822,0.0542852997711291,0.4290597383152491,0.5734072323835162,0.2682321926864514,2.660232406436002,1.1970465179548293,-968.4504770379306,,0.8983250506082976,0.999999431203118
417,"5,6-dihydrouridine",Method 3,ZPTBLXKRQACLCR-XVFCMESISA-N,HMDB0000497,,0.0,True,within_12m,provided_area,True,lbfgs,0.0003548296054721,0.1325115463333064,-0.0039794037492802,0.2370445163842976,0.576151177925379,0.763900596584197,1.0614974556342918,0.0818259863587387,-402.5291798018425,,0.8983250506082976,0.999999431203118
1147,"2,6-dihydroxybenzoic acid",Method 3,AKEUNCKRJATALU-UHFFFAOYSA-N,HMDB0013676,,0.0,True,within_12m,provided_area,True,lbfgs,-0.0069286743406831,0.1649499896947091,-0.027029060629284,0.2953495424777091,0.5765093140817337,0.3988559984777847,1.3131903714365347,0.5068034416903044,-751.4556817610389,,0.8983250506082976,0.999999431203118
765,alpha-CMBHC glucuronide,Method 3,DYOFESDCRUIQTB-UHFFFAOYSA-N,,,0.4266917293233083,False,within_12m,provided_area,True,lbfgs,0.0130304107234535,-0.2329389996009293,-0.0594232126596948,0.4177854016761108,0.577147213216781,0.2582657662665174,2.2851864909829347,1.4077225341524704,-988.8605554490084,,0.8983250506082976,0.999999431203118
95,uridine,Method 3,DRTQHJPVMGBUCF-UHFFFAOYSA-N,HMDB0000296,C00299,0.0,True,within_12m,provided_area,True,lbfgs,-0.0009625887499296,0.100452717832977,-0.0054336006957272,0.1810936146700895,0.5790995370525903,0.6368693842829822,0.606826791335654,0.0620895791185843,-303.8684467104463,,0.8983250506082976,0.999999431203118
863,sitagliptin,Method 3,MFFMDFFZMYYVKS-UHFFFAOYSA-N,HMDB0015390,"DG00118,D08516",0.9924812030075189,False,within_12m,provided_area,True,lbfgs,-1.8969911498206968e-05,-0.0233610961656088,1.896991149833009e-05,0.0421684074398942,0.5795821169067896,0.9964175702003292,0.0281908063855166,0.0087090511746765,312.103419141318,,0.8983250506082976,0.999999431203118
103,glucose,Method 4,WQZGKKKJIJFFOK-DVKNGEFBSA-N,HMDB0000122,C00031,0.0,True,within_12m,provided_area,True,lbfgs,-8.47692220694873e-05,0.0974042198302349,-0.0051899804654572,0.1759017198515076,0.5797552337853857,0.7053335824122424,0.5452059821908228,0.0894598210620375,-359.88383026999963,,0.8983250506082976,0.999999431203118
737,"N2,N5-diacetylornithine",Method 3,XUYANFPPYJSBPU-UHFFFAOYSA-N,HMDB0240345,,0.0300751879699248,True,within_12m,provided_area,True,lbfgs,0.0012092436207361,0.1889837886375453,-0.0222917453225331,0.3424853057269098,0.581084593139496,0.4940844215055758,1.9119504103905771,0.5148441137451087,-784.0778290424103,,0.8983250506082976,0.999999431203118
1257,"bilirubin degradation product, C16H18N2O5 (3)**",Method 3,,,,0.1748120300751879,True,within_12m,provided_area,True,lbfgs,-0.0096532464012918,0.2363626532674566,-0.0081227538219658,0.4295720634213626,0.5821628797241669,0.8734729611263305,2.572560910878457,1.3077286189555206,-982.9761814331092,,0.8983250506082976,0.999999431203118
238,N-acetylglutamate,Method 4,RFMMMVDNIPUKGG-YFKPBYRVSA-N,HMDB0001138,C00624,0.0,True,within_12m,provided_area,True,lbfgs,0.0025760154157264,-0.1174457733632287,-0.0093483269989106,0.2137315754217087,0.5826614893120037,0.6181088519803053,0.7725549859756279,0.168776730559953,-504.58535929697246,,0.8983250506082976,0.999999431203118
1001,"sphingomyelin (d17:2/16:0, d18:2/15:0)*",Method 2,YHBBZTIPONDTRX-TVUHHANTSA-N,HMDB0240677,,0.0112781954887218,True,within_12m,provided_area,True,lbfgs,0.0003077434450534,-0.1176401091467511,0.0263682868432685,0.2145833525560692,0.5835369359478262,0.1873993293591368,0.7583753304831561,0.1932397673886586,-527.9092975614853,,0.8983250506082976,0.999999431203118
54,glutarate (C5-DC),Method 4,JFCQEDHGNNZCLN-UHFFFAOYSA-N,HMDB0000661,C00489,0.0,True,within_12m,provided_area,True,lbfgs,0.0111341410922534,-0.1723628677860334,-0.0012780452018071,0.3145859599314785,0.5837579050820456,0.974006002479206,1.3114494951869218,0.7796376798993034,-834.1770426476944,,0.8983250506082976,0.999999431203118
642,doxycycline,Method 2,JBIWCJUYHHGXTC-VONWRGRHSA-N,HMDB0014399,D00307,0.9962406015037594,False,within_12m,provided_area,True,lbfgs,0.0002209228134969,-0.0076723102316168,-0.0002209228134976,0.01403175673034,0.5845285978266312,0.933734161364576,0.0001282336777542,0.0045559005901462,672.1791838394994,,0.8983250506082976,0.999999431203118
436,oleoylcarnitine (C18:1),Method 2,IPOLTUVFXFHAHI-WHIOSMTNSA-N,HMDB0005065,,0.0,True,within_12m,provided_area,True,lbfgs,0.0007703207496021,-0.1214359995031516,0.0120269920189041,0.2225408484694331,0.5852862023011349,0.5325818307246862,0.8425497784415448,0.1772846512628864,-520.7955582876446,,0.8983250506082976,0.999999431203118
245,quinate,Method 4,AAWZDTNXLSGCEK-WYWMIBKRSA-N,HMDB0003072,C00296,0.0639097744360902,True,within_12m,provided_area,True,lbfgs,-0.0001489405182884,0.3557287225814128,-0.0444631743091434,0.652945662500299,0.5858869432336358,0.6057960542033118,5.241431177770219,3.8320796965572415,-1243.525519564558,,0.8983250506082976,0.999999431203118
1055,N-acetyl-2-aminooctanoate*,Method 3,JJGNMSOJTSABGA-UHFFFAOYSA-N,HMDB0059745,,0.0,True,within_12m,provided_area,True,lbfgs,0.003525812004843,0.1586827446684354,-0.0207639962160355,0.2915408959677816,0.5862420443190621,0.3877514652398842,1.471253514462559,0.2756526984438131,-647.9510961144681,,0.8983250506082976,0.999999431203118
509,2-hydroxyacetaminophen sulfate*,Method 3,HRLQZTOIKWEZBN-UHFFFAOYSA-N,HMDB0062547,,0.6334586466165414,False,within_12m,provided_area,True,lbfgs,0.0083364693904477,-0.4830041536777332,-0.126156915189758,0.8899871671822106,0.587330092899899,0.2712247466762442,10.0628449639259,6.743112675796002,-1399.7443409250602,,0.8983250506082976,0.999999431203118
890,5-hydroxyindole sulfate,Method 3,YJRFFCVUYDRNTR-UHFFFAOYSA-N,,,0.3665413533834586,False,within_12m,provided_area,True,lbfgs,0.0028721306474426,-0.2117850780862141,-0.0267909270318674,0.3909362634709217,0.5879989223063673,0.5807784063724752,2.033207237643666,1.1952373361951796,-948.6215734655532,,0.8983250506082976,0.999999431203118
582,S-carboxymethyl-cysteine,Method 1,GBFLZEXEOZUWRN-UHFFFAOYSA-N,HMDB0029415,C03727,0.4793233082706767,False,within_12m,provided_area,True,lbfgs,-0.0011453054918337,-0.175130734318278,0.0074022355288843,0.3237602920894797,0.5885577917778502,0.883833032371993,0.8869284954901332,1.4130181466444296,-931.6920662519436,,0.8983250506082976,0.999999431203118
1259,"N,N-dimethyl-pro-pro",Method 1,VOWFCBSRZKGKTF-UHFFFAOYSA-N,,,0.0,True,within_12m,provided_area,True,lbfgs,0.0021292615493208,0.0912621076485281,-0.0089782394167913,0.1696130534327393,0.5905351864077633,0.4725436559519971,0.51513576735602,0.073879745051963,-320.5629008329622,,0.8999898111169364,0.999999431203118
407,5-acetylamino-6-amino-3-methyluracil,Method 4,POQOTWQIYYNXAT-UHFFFAOYSA-N,HMDB0004400,C16366,0.0300751879699248,True,within_12m,provided_area,True,lbfgs,0.0125043818466311,-0.2069151482203814,0.001529771392583,0.3862908580377488,0.5922032391906393,0.9740230284850588,2.0306060604648684,1.114686906698822,-934.9357035131392,,0.901178842246625,0.999999431203118
495,dihomo-linolenate (20:3n3 or n6),Method 3,AHANXAKGNAKFSK-PDBXOOCHSA-N,HMDB0002925,C03242,0.0,True,within_12m,provided_area,True,lbfgs,-0.001566984140147,0.1244415467049338,0.0131136888567675,0.2338562897694408,0.5946371475387977,0.6376773756075207,0.760421561907766,0.3898899367147139,-660.4413068237538,,0.9028722408624426,0.999999431203118
68,leucine,Method 1,ROHFNLRQFUQHCH-YFKPBYRVSA-N,HMDB0000687,C00123,0.0,True,within_12m,provided_area,True,lbfgs,-0.0006259577037902,-0.0580862815281014,-0.0156782028506733,0.1093507118780393,0.5952853674615768,0.2247462259790705,0.1676682062787815,0.0836350787077243,-252.96796788587017,,0.9028722408624426,0.999999431203118
1089,2-hydroxysebacate,Method 3,LPIOYESQKJFWPQ-UHFFFAOYSA-N,HMDB0000424,,0.0244360902255639,True,within_12m,provided_area,True,lbfgs,0.0020266156204978,-0.1623379361683259,0.0423933437219555,0.3061919160213819,0.5959846318993463,0.2640928859829775,1.2485607039744993,0.7317689668784917,-818.3253558316899,,0.9028722408624426,0.999999431203118
248,paraxanthine,Method 3,QUNWUDVFRNGTCO-UHFFFAOYSA-N,HMDB0001860,C13747,0.150375939849624,True,within_12m,provided_area,True,lbfgs,-0.0106243480430887,0.3112274734671761,-0.0937894873663221,0.5896354840959109,0.5976171259653031,0.2426418757544194,4.074755460488355,3.3561281488647285,-1200.3983364474682,,0.9033576756792664,0.999999431203118
677,succinimide,Method 3,KZNICNPSHKQLFF-UHFFFAOYSA-N,,C07273,0.1033834586466165,True,within_12m,provided_area,True,lbfgs,-0.0004852240175815,-0.213909278559213,-0.0550190514897828,0.4057796437290836,0.5980850818290315,0.1520771327005567,2.692462651005215,0.7131196523935178,-872.0795501506088,,0.9033576756792664,0.999999431203118
1183,darunavir,Method 2,CJBJHOAVZSMMDJ-HEXNFIEUSA-N,HMDB0015393,D03656,0.9943609022556392,False,within_12m,provided_area,True,lbfgs,-6.194056505635022e-06,-0.01384253232101,6.194056505920084e-06,0.0263692007063608,0.5996174116353861,0.978832571650603,0.014013915465114,2.494845366432308e-05,1400.9597382773711,,0.9043264083356862,0.999999431203118
970,2-hydroxynervonate*,Method 3,UFOOFOUFKSIFCD-KTKRTIGZSA-N,,,0.037593984962406,True,within_12m,provided_area,True,lbfgs,-0.0079626123743074,0.214595838289786,-0.0199519649430338,0.4101322272303091,0.6008102148743695,0.6417245060914553,2.5975127148385138,0.902729029113677,-913.1350149702356,,0.9044523284340098,0.999999431203118
379,hydroxybupropion,Method 1,RCOBKSKAZMVBHT-NCWAPJAISA-N,HMDB0012235,,0.9699248120300752,False,within_12m,provided_area,True,lbfgs,-0.0002152997792818,0.2011944348079637,-0.2709306080032657,0.3853752513502283,0.6016187436631604,1.5645809080244722e-09,2.108789985798994,1.0066795903451708,-917.9912888580532,,0.9044523284340098,7.940248108224196e-07
606,cotinine N-oxide,Method 1,CIPULDKLIIVIER-VIFPVBQESA-N,HMDB0001411,,0.7875939849624061,False,within_12m,provided_area,True,lbfgs,0.0014626092370966,0.1791601880702086,4.963118577113968e-05,0.3446615630082822,0.6031926495322981,0.9981320984121728,2.210953659963317,0.2103837627173217,-634.9169721927333,,0.9044523284340098,0.999999431203118
904,1-stearoyl-2-oleoyl-GPI (18:0/18:1)*,Method 2,YOBFISPJJWPPTK-BAAZTTAESA-N,HMDB0240667,,0.0,True,within_12m,provided_area,True,lbfgs,-0.000898134184821,-0.127406974619423,-0.0405774802524754,0.2451709050817669,0.6032964137268371,0.0964466713669983,0.9564852596284972,0.2903891997012528,-622.1077271734023,,0.9044523284340098,0.999999431203118
458,2-hydroxypalmitate,Method 3,JGHSBPIZNUXPLA-UHFFFAOYSA-N,HMDB0031057,,0.0,True,within_12m,provided_area,True,lbfgs,-0.0038070547345432,0.1317326347515519,0.015326657060191,0.2546688587716783,0.6049674897812722,0.3983121095094598,1.1712697114269937,0.1553245699699931,-525.0162185519289,,0.9044523284340098,0.999999431203118
756,N-linoleoyltaurine*,Method 3,YIWODQVLEDDQSF-HZJYTTRNSA-N,,,0.1296992481203007,True,within_12m,provided_area,True,lbfgs,-0.0092515143509207,0.207667014157926,-0.0568336294331848,0.4022093394615625,0.6056339022205397,0.3026267734719079,1.8764783791774544,1.5845666496163564,-999.1609575234786,,0.9044523284340098,0.999999431203118
416,4-hydroxyhippurate,Method 3,ZMHLUFWWWPBTIU-UHFFFAOYSA-N,HMDB0013678,,0.0,True,within_12m,provided_area,True,lbfgs,0.0055680184384049,-0.1679518333811443,0.0148939376248661,0.3255640167131207,0.6059385057488933,0.6982727344585022,1.4864690685960995,0.7409867809872033,-833.2999295712323,,0.9044523284340098,0.999999431203118
1184,ritonavir,Method 2,NCDNCNXCDXHOMX-XGKFQTDJSA-N,HMDB0014646,D00427,0.9943609022556392,False,within_12m,provided_area,True,lbfgs,0.0001662742659499,-0.0197886275675306,-0.00016627426595,0.0385484524016589,0.6077105143793449,0.962876252200911,0.0245377000367634,0.0061639211472012,387.3543214014008,,0.9047835960454175,0.999999431203118
745,N-methylpipecolate,Method 1,BPSLZWSRHTULGU-ZCFIWIBFSA-N,,,0.0093984962406015,True,within_12m,provided_area,True,lbfgs,0.0023473535409563,-0.154621564375966,-0.0204583319189311,0.3028430067031911,0.6096544756452762,0.4146719904197207,1.5857491055688726,0.2994729074805153,-669.3272368226224,,0.9047835960454175,0.999999431203118
153,"bilirubin (Z,Z)",Method 2,BPYKTIZUTYGOLE-KDUUSRDASA-N,HMDB0000054,C00486,0.0,True,within_12m,provided_area,True,lbfgs,-0.0008398617413468,-0.0987391259980405,-0.0018668144627153,0.1935115262651955,0.6098767986202429,0.9085502679900752,0.6441183274650878,0.1260621582232342,-436.1643363944384,,0.9047835960454175,0.999999431203118
796,olmesartan,Method 3,VTRAEEWXHOVJFV-UHFFFAOYSA-N,HMDB0014420,D05246,0.9906015037593984,False,within_12m,provided_area,True,lbfgs,0.0003946506584833,-0.0252083852270403,-0.0003946506584828,0.0494604776487734,0.610284606482818,0.9481268046318104,0.032973844805293,0.0186371002630598,155.40352219447504,,0.9047835960454175,0.999999431203118
384,pioglitazone,Method 1,HYAFETHFCAUJAY-UHFFFAOYSA-N,HMDB0015264,"D08378,C07675,
DG00117",0.9943609022556392,False,within_12m,provided_area,True,lbfgs,-6.381527373813489e-05,-0.0130474955936365,6.381527373815469e-05,0.0256373381747245,0.6108044330434612,0.8588095673164433,0.0132153024777962,5.89516558098768e-05,1258.414377726947,,0.9047835960454175,0.999999431203118
857,palmitoyl dihydrosphingomyelin (d18:0/16:0)*,Method 2,QHZIGNLCLJPLCU-QPPIDDCLSA-N,HMDB0010168,,0.0,True,within_12m,provided_area,True,lbfgs,-0.0035841044647136,-0.0774295656733895,-0.0020704357950505,0.152444182930044,0.6115089131893167,0.8510554407584837,0.4182988230677033,0.0572266470703279,-256.70928690143614,,0.9047835960454175,0.999999431203118
1167,fibrinopeptide A (2-15)**,Method 3,BIJNWWNHDMFRFM-UHFFFAOYSA-N,,,0.1541353383458646,True,within_12m,provided_area,True,lbfgs,-0.0057803539895653,-0.2445142150927118,-0.0931878608266627,0.4888686957678626,0.6169600472744747,0.1173899043534133,3.2475509584694624,1.7907704408705996,-1060.716095679901,,0.9057363071679683,0.999999431203118
710,2-aminooctanoate,Method 2,AKVBCGQVQXPRLD-UHFFFAOYSA-N,HMDB0000991,,0.0244360902255639,True,within_12m,provided_area,True,lbfgs,0.0005812429200749,0.1440597735201921,-0.0504938822196195,0.2880979256220106,0.6170486556014981,0.1434573481593839,1.1484568909220505,0.5981814595734308,-773.1548864041326,,0.9057363071679683,0.999999431203118
1079,fibrinopeptide A (7-16)*,Method 3,NQUPYRJVFYRZQX-UHFFFAOYSA-N,,,0.0018796992481203,True,within_12m,provided_area,True,lbfgs,0.0020128442490309,0.1047296381500318,-0.0117927922207595,0.2096023284842144,0.6173153801728479,0.6815953438907196,0.508348556955247,0.4317604158786496,-652.9367120421459,,0.9057363071679683,0.999999431203118
35,beta-alanine,Method 1,UCMIRNVEIXFBKS-UHFFFAOYSA-N,HMDB0000056,C00099,0.0018796992481203,True,within_12m,provided_area,True,lbfgs,-0.0015153862320381,-0.0947141950255945,-0.027712769901537,0.1897096140409117,0.6175970729019249,0.262977182307325,0.4509633260418446,0.3136305816019902,-581.1089006159866,,0.9057363071679683,0.999999431203118
446,glutamine_degradant*,Method 1,NPWMTBZSRRLQNJ-UHFFFAOYSA-N,,,0.0,True,within_12m,provided_area,True,lbfgs,-0.0007951258952875,0.1040643536655773,0.0099801303112237,0.2087180849654236,0.6180695893541981,0.5575763967109535,0.7570146961493291,0.1379354338217981,-466.14196511610544,,0.9057363071679683,0.999999431203118
823,O-desmethyltramadol,Method 1,UWJUQVWARXYRCG-UHFFFAOYSA-N,HMDB0060997,,0.8796992481203008,False,within_12m,provided_area,True,lbfgs,-0.0027913755356176,0.2816601459348166,0.0140606653069601,0.5666088362129028,0.6191199117395791,0.8471085636746877,4.087107122057571,2.7233701671327712,-1158.9612231894178,,0.9057363071679683,0.999999431203118
500,thymol sulfate,Method 3,NODSEPOUFZPJEQ-UHFFFAOYSA-N,HMDB0062720,C09908,0.0037593984962406,True,within_12m,provided_area,True,lbfgs,-0.0013643740878613,-0.2893584667285415,-0.105158817469242,0.5831989367787186,0.619783365847417,0.127838096104685,4.752813006261833,2.396484750933492,-1144.6879035122786,,0.9057363071679683,0.999999431203118
604,norcotinine,Method 1,FXFANIORDKRCCA-UHFFFAOYSA-N,HMDB0001297,,0.825187969924812,False,within_12m,provided_area,True,lbfgs,0.0031248868277411,0.1751880506054252,-0.009480401724953,0.3531307834325097,0.6198241210553364,0.7165741266096752,2.230830264057502,0.3226276263336267,-711.9400327820015,,0.9057363071679683,0.999999431203118
707,hydroxypioglitazone (M-IV),Method 1,OXVFDZYQLGRLCD-UHFFFAOYSA-N,,,0.9943609022556392,False,within_12m,provided_area,True,lbfgs,2.1757101503336557e-05,-0.020615551555598,-2.175710150345207e-05,0.0415980288859999,0.6201839738736334,0.8600867121924771,0.0349238558159665,6.97190335488611e-06,1534.5061383353202,,0.9057363071679683,0.999999431203118
195,topiramate,Method 3,KJADKKWYZYXHBB-UHFFFAOYSA-N,HMDB0005034,D00537,0.986842105263158,False,within_12m,provided_area,True,lbfgs,0.0020847269434917,-0.1116915254012996,-0.0020847269434918,0.2273052534409776,0.623163089230284,0.9396022953697108,0.7063597606268125,0.3822276632406813,-651.2628414770263,,0.9087795051274974,0.999999431203118
175,N-acetylneuraminate,Method 1,SQVRNKJHWKZAKO-UHFFFAOYSA-N,HMDB0000230,C00270,0.0,True,within_12m,provided_area,True,lbfgs,0.0013146230673814,-0.0865052730772318,-0.0150632826369085,0.1774505907547829,0.62591158854002,0.2147198684054749,0.5740286105137091,0.069353059050338,-318.6677588241578,,0.9113366252687969,0.999999431203118
531,"bilirubin (E,Z or Z,E)*",Method 2,BPYKTIZUTYGOLE-BMNRKXRESA-N,HMDB0000488,C00486,0.0018796992481203,True,within_12m,provided_area,True,lbfgs,-0.0042615329106001,0.0993541074099945,-0.0048031445872118,0.2051444520290814,0.6281638121037183,0.81487844867754,0.66825193660276,0.2048961481840392,-528.5611209095662,,0.9113366252687969,0.999999431203118
335,3-carboxy-4-methyl-5-propyl-2-furanpropanoate (CMPF),Method 3,WMCQWXZMVIETAO-UHFFFAOYSA-N,HMDB0061112,,0.0,True,within_12m,provided_area,True,lbfgs,0.0016733776197576,0.2528986888790597,-0.0644816381251644,0.5223848396114583,0.6282983439284355,0.141105132994132,4.695643145732088,0.916618950554802,-964.10417751293,,0.9113366252687969,0.999999431203118
821,C-glycosyltryptophan,Method 3,CPXSBHKDEPPWIX-RAYCSJGISA-N,HMDB0240296,,0.0,True,within_12m,provided_area,True,lbfgs,-0.0006513243918785,0.0939379523240091,-0.0077269017349744,0.1946715377724044,0.6294182004025033,0.5125625638164819,0.7071047190078303,0.0651232254260441,-325.89432609107826,,0.9113366252687969,0.999999431203118
1112,11beta-hydroxyandrosterone glucuronide,Method 3,BRPLOVMHAFXVOQ-HXVIYJDASA-N,HMDB0010351,,0.0620300751879699,True,within_12m,provided_area,True,lbfgs,0.0016139352509134,-0.2021751686319293,-0.0256659530501739,0.4199917000684701,0.6302471860787708,0.4903532416680062,2.972211929140854,0.6640793251159036,-867.0932528659462,,0.9113366252687969,0.999999431203118
540,"androstenediol (3beta,17beta) disulfate (2)",Method 3,UWPTUYJASNIIJM-QJIZPQHZSA-N,HMDB0240313,,0.0,True,within_12m,provided_area,True,lbfgs,-0.0091021869872603,0.1627821822937975,0.0065373224787221,0.3382140038690211,0.6303037546194044,0.7807068527951936,2.078593082312076,0.259498658048775,-666.7993483444541,,0.9113366252687969,0.999999431203118
362,piperine,Method 2,MXXWOMGUGJBKIW-YPCIICBESA-N,HMDB0029377,C03882,0.0,True,within_12m,provided_area,True,lbfgs,-0.0129205964068358,-0.2033073529098555,-0.0256908103199087,0.4242628028424525,0.6317953184408063,0.5816337554689055,2.6878298563370016,1.0710560133054094,-948.0468809103776,,0.9121938096976079,0.999999431203118
289,adipate (C6-DC),Method 4,WNLRTRBMVRJNCN-UHFFFAOYSA-N,HMDB0000448,C06104,0.5281954887218046,False,within_12m,provided_area,True,lbfgs,0.0079137669817185,-0.2317766923349154,0.0628966734412347,0.4894660848232079,0.6358353693750181,0.249740618421915,3.52718028691531,1.4828193933681395,-1030.5082283861618,,0.9162449984902743,0.999999431203118
1261,tetrahydrocortisone glucuronide (5),Method 3,QUOCEDQXFGCYTL-QMELEVSMSA-N,,,0.2593984962406015,False,within_12m,provided_area,True,lbfgs,-0.0002996052696106,-0.2111362168344102,0.0377536049131363,0.4466327928119014,0.6364066245671363,0.4379657547009845,2.99307539091496,1.1705234268444396,-973.1042111680274,,0.9162449984902743,0.999999431203118
859,"sphingomyelin (d18:2/23:0, d18:1/23:1, d17:1/24:1)*",Method 2,JBDGKEXQKCCQFK-JWQIMADESA-N,"HMDB0240634,HMDB0011696,HMDB0240614",,0.0,True,within_12m,provided_area,True,lbfgs,-0.0002249039711888,-0.0996590253919981,-0.0159659058808074,0.2126949029106989,0.6393885384224437,0.3813673669203427,0.7720741922727474,0.159203399698491,-493.870867924599,,0.9192342301682441,0.999999431203118
612,pseudoephedrine,Method 1,KWGRBVOPPLSCSI-WCBMZHEXSA-N,HMDB0001943,C02765,0.9962406015037594,False,within_12m,provided_area,True,lbfgs,0.0004430221217946,-0.0158297887314604,-0.0004430221217973,0.0339805284424156,0.6413237246978147,0.94570363675847,9.121523030329616e-12,0.0277240253651416,198.8559696503744,,0.9207122780315162,0.999999431203118
168,urate,Method 3,LEHOTFFKMJEONL-UHFFFAOYSA-N,HMDB0000289,C00366,0.0,True,within_12m,provided_area,True,lbfgs,-0.0011861378956226,0.0777919076991968,-0.0095992227424912,0.1697930430358355,0.6468394959238974,0.3633580609682914,0.5355423392344363,0.052226836851668,-262.1090826136797,,0.9267034675585537,0.999999431203118
344,1-methyl-4-imidazoleacetate,Method 1,ZHCKPJGJQOPTLB-UHFFFAOYSA-N,HMDB0002820,C05828,0.0,True,within_12m,provided_area,True,lbfgs,0.0020615073153019,0.0791931015995567,-0.0004922579489293,0.1731055794131757,0.6473229147773543,0.97284486091232,0.5163630730002401,0.0998264104243937,-375.128021460607,,0.9267034675585537,0.999999431203118
398,laurylcarnitine (C12),Method 2,FUJLYHJROOYKRA-UHFFFAOYSA-N,HMDB000225,,0.0,True,within_12m,provided_area,True,lbfgs,-0.0007580726614052,0.1257481698120945,0.0070813303518268,0.2776821813591691,0.6506572911495925,0.8161004532596954,1.1531918951671087,0.4566730712823804,-721.7759463510959,,0.9286861850461537,0.999999431203118
1198,eicosenedioate (C20:1-DC)*,Method 3,NZLFRLCYQVOISV-IWQZZHSRSA-N,,,0.0018796992481203,True,within_12m,provided_area,True,lbfgs,-0.0060231207039869,0.1334073563367261,-0.0275930314266038,0.2947190285300614,0.6507939756897823,0.266071483153685,1.4924243624518228,0.2942820320058281,-661.0397407138719,,0.9286861850461537,0.999999431203118
873,1-stearoyl-2-docosahexaenoyl-GPE (18:0/22:6)*,Method 2,XYYHNDVKALDFHQ-OXHZBIAZSA-N,HMDB0009012,,0.0263157894736842,True,within_12m,provided_area,True,lbfgs,0.0012108969262512,-0.1334019484721539,-0.0281756149479665,0.296286820653051,0.6525330890869403,0.4676790824813516,1.0908207188656396,0.7755012824716316,-820.4299974332919,,0.9286861850461537,0.999999431203118
1005,arachidoylcarnitine (C20)*,Method 2,SVJLJQBGUITFLI-UHFFFAOYSA-N,HMDB0006460,,0.075187969924812,True,within_12m,provided_area,True,lbfgs,-0.00422238858702,-0.1525203285744984,0.0143629954906194,0.3395663527092257,0.6533147414330658,0.6791778859256328,1.8089842658116928,0.5864965385968093,-803.8778699588372,,0.9286861850461537,0.999999431203118
19,"N6,N6,N6-trimethyllysine",Method 1,MXNRLFUSFKVQSK-UHFFFAOYSA-N,HMDB0001325,C03793,0.0,True,within_12m,provided_area,True,lbfgs,0.0027650601617029,-0.0854085572309109,-0.0214009677972521,0.1904138237154482,0.6537622336753167,0.2865590213730368,0.5569930982140642,0.197926606668155,-507.7393256603559,,0.9286861850461537,0.999999431203118
50,flavin adenine dinucleotide (FAD),Method 3,VWWQXMAJTJZDQX-KUIMXZBMSA-N,HMDB0001248,C00016,0.3721804511278195,False,within_12m,provided_area,True,lbfgs,-0.003525515126627,0.1213777490704879,-0.0133153278310565,0.2723211321891086,0.6558027681333951,0.6316906712651973,1.1633770630615772,0.3772601977473776,-686.4939202118187,,0.9286861850461537,0.999999431203118
894,1-palmitoyl-2-oleoyl-GPI (16:0/18:1)*,Method 2,PDLAMJKMOKWLAJ-KTBSNPQYSA-N,HMDB0009783,,0.0,True,within_12m,provided_area,True,lbfgs,0.0007556490941744,-0.0987189606290009,-0.0354586934373875,0.2221060393653743,0.656704475918504,0.072854838957393,0.8294101379152357,0.1877932131541735,-530.0181796190845,,0.9286861850461537,0.999999431203118
706,ketopioglitazone,Method 3,JMLKLMFMQRAJNI-UHFFFAOYSA-N,,,0.9943609022556392,False,within_12m,provided_area,True,lbfgs,-0.0001439478886651,-0.0262926084221106,0.0001439478886649,0.0591560285115405,0.6567085761194045,0.8576178253210343,0.0703774707688796,0.0002948821237745,824.3198668418295,,0.9286861850461537,0.999999431203118
720,3-acetylphenol sulfate,Method 3,CGFRVKXGZRODPA-UHFFFAOYSA-N,,,0.4097744360902255,False,within_12m,provided_area,True,lbfgs,0.000151721475627,-0.2167314416001896,0.0499312019185283,0.4882718925402837,0.6571333225700785,0.4841271122944033,2.4447968516313465,2.709667815936853,-1125.0644731142263,,0.9286861850461537,0.999999431203118
230,4-acetamidophenylglucuronide,Method 3,IPROLSVTVHAQLE-UHFFFAOYSA-N,HMDB0010316,,0.6522556390977443,False,within_12m,provided_area,True,lbfgs,0.0124139825560037,-0.4586468200180246,-0.1755011837008405,1.0422688047143238,0.659903373222281,0.1856193056523926,14.028037528242326,8.98578822600654,-1479.2215833684163,,0.9286861850461537,0.999999431203118
828,citraconate/glutaconate,Method 4,HNEGQIOMVPPMNR-IHWYPQMZSA-N,"HMDB0000634,HMDB0000620","C02226,C02214",0.0093984962406015,True,within_12m,provided_area,True,lbfgs,0.0038142178104449,-0.2175108687403448,0.0111198238398021,0.4946883093100281,0.6601596460061305,0.8664463755091809,2.95169536383922,2.265505290277991,-1100.4807401851915,,0.9286861850461537,0.999999431203118
703,O-desmethylvenlafaxine,Method 1,KYYIDSXMWOZKMP-UHFFFAOYSA-N,HMDB0015646,D07793,0.9943609022556392,False,within_12m,provided_area,True,lbfgs,0.0003638052254959,-0.015656837006509,-0.0093034831838133,0.0357608322476614,0.6615161749853393,0.0086284328123146,0.0204077144668674,0.0061120658215139,403.8209634617979,,0.9286861850461537,0.336840742480743
621,gabapentin,Method 1,UGJMXCAKCUNAIE-UHFFFAOYSA-N,HMDB0005015,D00332,0.8402255639097744,False,within_12m,provided_area,True,lbfgs,0.000515041316649,0.2475756979157823,0.0208868137418664,0.5659050189789077,0.661758703076296,0.7725718718526396,4.119032168476185,2.6680102976976268,-1155.4457858426288,,0.9286861850461537,0.999999431203118
1243,diazepam,Method 2,AAOVKJBEBIDNHE-UHFFFAOYSA-N,HMDB0014967,D00293,0.9924812030075189,False,within_12m,provided_area,True,lbfgs,-0.0008103014572849,-0.0508537853918038,0.0008103014572855,0.1164163264892827,0.6622368740760274,0.9510279993408596,0.1970994598081983,0.0866806744710686,-271.81435178859465,,0.9286861850461537,0.999999431203118
1041,dodecenedioate (C12:1-DC)*,Method 3,OHCMUMNQAHNIEP-HNQUOIGGSA-N,HMDB0000933,,0.0206766917293233,True,within_12m,provided_area,True,lbfgs,-0.0024811656788136,0.139916380875283,0.0311864104031259,0.3227766189952766,0.6646679557813164,0.4705642836864468,1.253044960005502,0.9686687230811276,-874.0055527840502,,0.9286861850461537,0.999999431203118
1196,pregnenetriol sulfate*,Method 3,HIYOTPJZDPVBTL-HXOPQMAFSA-N,,,0.0,True,within_12m,provided_area,True,lbfgs,-0.0062909789078689,0.1377980539541997,0.0096582897987539,0.318455553484764,0.6652274001605403,0.704153459848887,1.7745873279971682,0.3072468101266244,-683.5091575285812,,0.9286861850461537,0.999999431203118
941,4-aminophenol sulfate (2),Method 3,DJEGXIBXYHERSU-UHFFFAOYSA-N,,,0.8966165413533834,False,within_12m,provided_area,True,lbfgs,0.0038752491703826,-0.129313575567601,-0.0460865283339669,0.298953189545159,0.6653383822179113,0.217934454933683,1.1775040354192703,0.7121491684918525,-808.8844329746892,,0.9286861850461537,0.999999431203118
342,1-methylhistamine,Method 1,FHQDWPCFSJMNCT-UHFFFAOYSA-N,HMDB0000898,C05127,0.1578947368421052,True,within_12m,provided_area,True,lbfgs,0.0014816126735415,-0.1238910332298496,0.0031464158622948,0.2885295799388911,0.6676411526084078,0.9208930651012446,1.2451597464051851,0.4929832136261797,-742.1439386061959,,0.9286861850461537,0.999999431203118
884,behenoyl dihydrosphingomyelin (d18:0/22:0)*,Method 2,FONAXCRWZQFJHY-JCGOJSMZSA-N,HMDB0012091,,0.0,True,within_12m,provided_area,True,lbfgs,-0.0059985624091187,-0.0913595023502192,-0.0031788368609766,0.2130253545699562,0.6680201616455934,0.8872573331215029,0.698522439237344,0.2461456859548777,-566.3879614736522,,0.9286861850461537,0.999999431203118
276,palmitoylcarnitine (C16),Method 2,XOMRRQXKHMYMOC-UHFFFAOYSA-N,HMDB0000222,C02990,0.0,True,within_12m,provided_area,True,lbfgs,0.0003146977984575,-0.0913519928151041,0.0171707941151994,0.2135703825299763,0.6688424788291041,0.2672015589400187,0.8205324969645639,0.1128515110559366,-436.8779187650473,,0.9286861850461537,0.999999431203118
897,1-oleoyl-2-linoleoyl-GPE (18:1/18:2)*,Method 2,GKAFCSRKMWFPSJ-RJXNKANHSA-N,HMDB0005349,,0.0056390977443609,True,within_12m,provided_area,True,lbfgs,-0.0037195303622919,0.1078047154931082,-0.0075899926576821,0.2530099224273688,0.670043079794834,0.8016400021511677,0.8882011290643134,0.4584986489227468,-703.0660230935612,,0.9286861850461537,0.999999431203118
787,vanillactate,Method 3,SVYIZYRTOYHQRE-UHFFFAOYSA-N,HMDB0000913,,0.0131578947368421,True,within_12m,provided_area,True,lbfgs,0.0069781549501639,-0.1152449878227607,-0.0292865598216293,0.2707170428042718,0.6703244627222522,0.2474405749316159,1.2047609980386518,0.3100171391274102,-652.8436978719599,,0.9286861850461537,0.999999431203118
249,indolelactate,Method 3,XGILAAMKEQUXLS-UHFFFAOYSA-N,HMDB0000671,C02043,0.0,True,within_12m,provided_area,True,lbfgs,-0.0007427516496919,0.0996473073833817,-0.0062311429264236,0.2348465245446309,0.6713410558288175,0.7683621753322482,0.9224021321538975,0.2155013910786532,-564.0345889911616,,0.9286861850461537,0.999999431203118
933,1-linoleoyl-2-linolenoyl-GPC (18:2/18:3)*,Method 2,HZGAVPNEGHQJID-UNBCHYIMSA-N,HMDB0008141,,0.0037593984962406,True,within_12m,provided_area,True,lbfgs,-0.0040884705928551,-0.0986565978454078,-0.0010911222712103,0.2331405842085437,0.6721759369265172,0.9732252148286542,0.6110110032862492,0.5550555572556386,-715.4761132460592,,0.9286861850461537,0.999999431203118
830,4-hydroxyphenylacetoylcarnitine,Method 1,RLMMGDAPWBGWEF-UHFFFAOYSA-N,,,0.0150375939849624,True,within_12m,provided_area,True,lbfgs,-0.001348182078487,-0.1472648436664615,-0.0414651531430862,0.348688234031428,0.6727771693690163,0.3517884354346159,1.5631673417173015,1.012975256528719,-897.8084854159627,,0.9286861850461537,0.999999431203118
681,2-stearoyl-GPE (18:0)*,Method 3,KIHAGWUUUHJRMS-JOCHJYFZSA-N,HMDB0011129,,0.0319548872180451,True,within_12m,provided_area,True,lbfgs,-0.0002124232545255,-0.1156275001592089,-0.0020193445547756,0.2739368125069056,0.6729553009019101,0.9368953255436197,1.2364923389539315,0.3142865070309972,-657.4872757836886,,0.9286861850461537,0.999999431203118
301,threonate,Method 4,JPIJQSOTBSSVTP-UHFFFAOYSA-N,"HMDB0062620,HMDB0000943",C01620,0.0,True,within_12m,provided_area,True,lbfgs,0.0027256654924958,-0.0907972134006395,-0.0379511076709136,0.2157382025488309,0.673851786213471,0.2156819846153423,0.5082145613715381,0.4927986894690999,-679.7598564257512,,0.9286861850461537,0.999999431203118
244,theophylline,Method 3,ZFXYFBGIUFBOJW-UHFFFAOYSA-N,HMDB0001889,C07130,0.0131578947368421,True,within_12m,provided_area,True,lbfgs,0.0018184754869963,0.1773854174397287,0.0039064474861755,0.4250100845642963,0.676409586894442,0.9345515148009014,2.654895902319842,1.1233879896006451,-956.1765603655764,,0.9286861850461537,0.999999431203118
613,S-methylcysteine,Method 3,IDIDJDIHTAOVLG-VKHMYHEASA-N,HMDB0002108,,0.0,True,within_12m,provided_area,True,lbfgs,-0.0033846621454018,-0.0943786043282412,0.0082461235266258,0.2266115633698476,0.6770606705007122,0.7362090080432413,0.7780518691420889,0.2926541451206307,-607.3651245715434,,0.9286861850461537,0.999999431203118
722,"sphingomyelin (d18:1/14:0, d16:1/16:0)*",Method 2,KYICBZWZQPCUMO-PSALXKTOSA-N,HMDB0012097,,0.0,True,within_12m,provided_area,True,lbfgs,-0.0012263079323126,-0.0608979399154344,0.0032346930871254,0.1471014488758264,0.6788843623222209,0.774407929411268,0.3832394392599538,0.0603534563583947,-258.71233921592875,,0.9286861850461537,0.999999431203118
1149,tauroursodeoxycholic acid sulfate (1),Method 3,GLVWZDCWCRWVFM-LBSADWJPSA-N,,,0.1748120300751879,True,within_12m,provided_area,True,lbfgs,-0.0430468821966214,0.3255975397548598,-0.0219696679574026,0.7909748215748276,0.6806026930266609,0.8170015823534693,8.628082248755145,4.541748982987468,-1311.6174115801955,,0.9286861850461537,0.999999431203118
1083,8-methoxykynurenate,Method 3,BXZSKDOPGDPDEG-UHFFFAOYSA-N,HMDB0060426,C05830,0.0714285714285714,True,within_12m,provided_area,True,lbfgs,-0.0012148244074317,0.1378110717282608,0.0111208259401271,0.3359981153103944,0.6816927624313646,0.7192398456728424,1.869928633043962,0.4617817772910185,-762.1998174994667,,0.9286861850461537,0.999999431203118
541,21-hydroxypregnenolone disulfate,Method 3,CBOVWLYQUCVTFA-WGKOQXAXSA-N,,,0.0131578947368421,True,within_12m,provided_area,True,lbfgs,-0.0034095868827737,0.1277473932860388,-0.0197770962527567,0.3123852274097445,0.682582334715283,0.4370111567310586,1.696527792564092,0.3081647187175554,-680.2290074722689,,0.9286861850461537,0.999999431203118
1086,3-indoleglyoxylic acid,Method 3,DWLVFWDCSFTDOD-UHFFFAOYSA-N,,,0.0093984962406015,True,within_12m,provided_area,True,lbfgs,-0.0059134871922023,-0.1168587302781325,-0.0098493177349416,0.2862468772957677,0.6830941373047579,0.6694915030055795,1.429068829229775,0.2535706959010739,-630.348820396149,,0.9286861850461537,0.999999431203118
281,acetylcarnitine (C2),Method 1,RDHQFKQIGNGIED-MRVPVSSYSA-N,HMDB0000201,C02571,0.0,True,within_12m,provided_area,True,lbfgs,0.0018191421830757,-0.0583476310293532,-0.0128537660953305,0.1442814156026606,0.6859174456833832,0.3841347079847916,0.3261164670631052,0.1064114564232435,-349.3486446946156,,0.9286861850461537,0.999999431203118
94,urea,Method 1,XSQUKJJJFZCRTK-UHFFFAOYSA-N,HMDB0000294,C00086,0.0,True,within_12m,provided_area,True,lbfgs,0.0026299412969819,-0.0946409668567644,-0.0176367003237797,0.2364875448949937,0.6890134145305702,0.3338166122802666,0.9888728679787808,0.1578346880754961,-513.2746310170426,,0.9286861850461537,0.999999431203118
424,5-methyluridine (ribothymidine),Method 3,DWRXFEITVBNRMK-JXOAFFINSA-N,HMDB0000884,,0.0,True,within_12m,provided_area,True,lbfgs,-2.103207467260347e-05,0.0707382224790316,-0.0241711503625935,0.1773880881780477,0.690057804682221,0.04352737107324,0.575315399043523,0.067397564716097,-313.762836473951,,0.9286861850461537,0.8633396828511174
1044,heptenedioate (C7:1-DC)*,Method 4,OXQWBLJQOBXJPM-DUXPYHPUSA-N,,,0.0150375939849624,True,within_12m,provided_area,True,lbfgs,0.0070999506939605,0.097217451217305,-0.0175066269218201,0.2451827501870025,0.6917287150548339,0.5969413420711298,0.7155088810535015,0.5674312410871072,-730.0697483275169,,0.9286861850461537,0.999999431203118
409,1-methylxanthine,Method 3,MVOYJPOZRLFTCP-UHFFFAOYSA-N,HMDB0010738,C16358,0.3909774436090225,False,within_12m,provided_area,True,lbfgs,0.0156648739928048,0.3159913564211868,-0.040434487415251,0.8008339485941656,0.6931544457007836,0.7052385879034533,7.750877325315766,5.919351197163503,-1356.2852908401194,,0.9286861850461537,0.999999431203118
91,serotonin,Method 1,QZAYGJVTTNCVMB-UHFFFAOYSA-N,HMDB0000259,C00780,0.0620300751879699,True,within_12m,provided_area,True,lbfgs,-0.0033292827634117,-0.1801056699250852,-0.0166066647488257,0.4572705971866896,0.6936762132553115,0.7194862897459731,3.297160029868796,1.0444627712747387,-959.2198921058672,,0.9286861850461537,0.999999431203118
277,hexanoylcarnitine (C6),Method 1,VVPRQWTYSNDTEA-UHFFFAOYSA-N,HMDB0000756,,0.0,True,within_12m,provided_area,True,lbfgs,-0.00079187881001,-0.1018098607971071,0.0212226233696227,0.2587073533521173,0.6939259128969271,0.4887716773010994,0.9376077269263976,0.4690038021301498,-711.3862550804286,,0.9286861850461537,0.999999431203118
1205,palmitoyl-sphingosine-phosphoethanolamine (d18:1/16:0),Method 2,JTVNQMOIYKXJKF-WSYRTZMQSA-N,,,0.0,True,within_12m,provided_area,True,lbfgs,-0.0008191635151449,-0.0487382854132007,-0.0010833664079815,0.1241565098176677,0.6946480226323051,0.91677376936175,0.2656680361616977,0.0512996696515551,-198.13880817435484,,0.9286861850461537,0.999999431203118
654,carboxyethyl-GABA,Method 1,SRGQUICKDUQCKO-UHFFFAOYSA-N,HMDB0002201,,0.0150375939849624,True,within_12m,provided_area,True,lbfgs,-0.0009048383280723,-0.0882821438162159,-0.0300100974261324,0.2255196694358566,0.6954565484339152,0.2047395062934149,0.7840104063927563,0.2745124480710776,-595.8991451555344,,0.9286861850461537,0.999999431203118
418,3-(3-amino-3-carboxypropyl)uridine*,Method 3,YXNIEZJFCGTDKV-UHFFFAOYSA-N,,,0.0,True,within_12m,provided_area,True,lbfgs,0.0009184748681065,0.0798800693705678,-0.020828167767073,0.2046015174395319,0.6962276455211646,0.1150165650381071,0.7722043158414709,0.0819488633417006,-374.4614629295072,,0.9286861850461537,0.999999431203118
547,"5alpha-androstan-3alpha,17beta-diol disulfate",Method 3,JHFAETDERBWUOO-ILBJSTGGSA-N,HMDB0094682,,0.400375939849624,False,within_12m,provided_area,True,lbfgs,-0.0090008090174176,0.2311861063643292,0.0274409117792291,0.5933401574942251,0.6968064497689874,0.5188124761467338,6.348667228493272,0.8535556117776238,-977.0575652761916,,0.9286861850461537,0.999999431203118
918,glycochenodeoxycholate glucuronide (1),Method 3,ABFZMYIIUREPLL-ASWJIRIHSA-N,HMDB0002579,,0.0,True,within_12m,provided_area,True,lbfgs,-0.0092978163087338,0.1205636516408134,0.0209706117364725,0.3097461908660709,0.6971032864492157,0.4525807512273815,1.6042445317550702,0.3752897232243334,-711.485442036583,,0.9286861850461537,0.999999431203118
316,N-(2-furoyl)glycine,Method 3,KSPQDMRTZZYQLM-UHFFFAOYSA-N,HMDB0000439,,0.0902255639097744,True,within_12m,provided_area,True,lbfgs,0.0075045160352152,-0.2396991939429549,-0.0132374665222656,0.6158679872720049,0.697124151972428,0.8713277766324578,4.622561300554636,3.4548747920117253,-1214.492298640497,,0.9286861850461537,0.999999431203118
1072,glycine conjugate of C10H14O2 (1)*,Method 3,,,,0.0018796992481203,True,within_12m,provided_area,True,lbfgs,0.0053887177970922,-0.1162351970865769,-0.0425242538198123,0.2989289316440052,0.6973953224711298,0.1729929470278728,1.3814511600955168,0.4778604327465648,-744.297501795965,,0.9286861850461537,0.999999431203118
1050,3-carboxy-4-methyl-5-pentyl-2-furanpropionate (3-CMPFP)**,Method 3,RIJDKRLRDVBUHJ-UHFFFAOYSA-N,HMDB0061643,,0.0,True,within_12m,provided_area,True,lbfgs,0.0002860567161588,-0.1111839215575176,-0.0162993639797556,0.2859382933235463,0.6973953483659298,0.5390542865983632,1.3494332279490928,0.3398985664749812,-679.0669615102618,,0.9286861850461537,0.999999431203118
730,allopurinol,Method 3,OFCNXPDARWKPPY-UHFFFAOYSA-N,HMDB0014581,D00224,0.9680451127819548,False,within_12m,provided_area,True,lbfgs,-0.00975441159107,-0.1276089127263531,0.0114161930807366,0.3286092708904792,0.6977716711565728,0.7781533623345758,1.4468142458636828,0.8327609057305962,-853.995103435486,,0.9286861850461537,0.999999431203118
13,"5,6-dihydrothymine",Method 3,NBAKTGXDIBVZOO-UHFFFAOYSA-N,HMDB0000079,C00906,0.0,True,within_12m,provided_area,True,lbfgs,-0.0006426254868748,0.1095132968234619,-0.0058681036177345,0.2823267585391366,0.6980933221156727,0.7400872131394023,1.4787835002346124,0.1465124878642879,-535.0892315096992,,0.9286861850461537,0.999999431203118
294,2-oleoylglycerol (18:1),Method 3,UPWGQKDVAURUGE-KTKRTIGZSA-N,HMDB0011537,,0.0902255639097744,True,within_12m,provided_area,True,lbfgs,0.0109394016462173,-0.1896830900977727,-0.0855306819045695,0.4891245408649767,0.698163148034378,0.2065852573901909,2.7224536900591274,2.404397031362293,-1107.2118504897455,,0.9286861850461537,0.999999431203118
1135,ranitidine N-oxide*,Method 1,DFJVUWAHTQPQCV-MDWZMJQESA-N,,,0.9924812030075189,False,within_12m,provided_area,True,lbfgs,5.838479479421039e-06,0.0172621538537991,0.0088147482746895,0.0447217621239299,0.6995040600934219,3.860642778542221e-07,0.0391338063869343,0.0013920984056061,610.7316563452491,,0.9286861850461537,9.796381050550886e-05
1061,glyco-beta-muricholate**,Method 3,ZQYUKJFJPJDMMR-PRRFOZOMSA-N,,,0.2951127819548872,False,within_12m,provided_area,True,lbfgs,0.0017953923232693,-0.351292278831755,0.0163866259260835,0.9129167243857113,0.7003840381358731,0.8706843563979425,12.394781953859216,5.016396382843651,-1357.584759572365,,0.9286861850461537,0.999999431203118
380,nicotinamide riboside,Method 1,BUCXGWMZJBKEMD-UHFFFAOYSA-N,HMDB0000855,C03150,0.244360902255639,False,within_12m,provided_area,True,lbfgs,0.0022841297153601,0.1313931553851342,-0.0453630213348413,0.3419195634032327,0.700770267543368,0.3438901617973214,1.3010835729197885,1.209198432477556,-921.1634787501624,,0.9286861850461537,0.999999431203118
524,1-stearoyl-2-arachidonoyl-GPS (18:0/20:4),Method 2,SVOUGFFDROZBJI-DNALCEECSA-N,HMDB0012383,,0.793233082706767,False,within_12m,provided_area,True,lbfgs,0.0006630932054387,0.1041596091992482,0.0181408072338568,0.2720073236761036,0.7017720901003117,0.5477429443790153,1.0948554288423822,0.4516626689360713,-715.7277455477063,,0.9286861850461537,0.999999431203118
1200,"hydroxy-N6,N6,N6-trimethyllysine*",Method 1,ZRJHLGYVUCPZNH-MQWKRIRWSA-N,,,0.0150375939849624,True,within_12m,provided_area,True,lbfgs,0.0003460376773934,-0.0728866844681769,-0.019022716250597,0.1917189058287347,0.7038157113433926,0.2667506690073732,0.6169608627737971,0.1410847446969423,-453.1256368604602,,0.9286861850461537,0.999999431203118
318,dodecanedioate (C12-DC),Method 3,TVIDDXQYHWJXFK-UHFFFAOYSA-N,HMDB0000623,C02678,0.0,True,within_12m,provided_area,True,lbfgs,-0.0022446395482465,0.116673326001627,0.0233369922380937,0.3100690510024242,0.706707443353801,0.5700689418501597,1.1748945691960149,0.8723313958599244,-848.8170207492342,,0.9286861850461537,0.999999431203118
1035,trans-2-hexenoylglycine,Method 3,AAPHATPOQGNLOZ-SNAWJCMRSA-N,,,0.2199248120300752,False,within_12m,provided_area,True,lbfgs,0.006557418597295,-0.1616202415037378,0.0118239175229737,0.4335938698142909,0.7093377354314292,0.8350497536512884,2.3355892161087906,1.66140186107677,-1023.058694701954,,0.9286861850461537,0.999999431203118
1105,sulfate of piperine metabolite C16H19NO3 (3)*,Method 3,,,,0.0093984962406015,True,within_12m,provided_area,True,lbfgs,-0.0073075963156917,0.1451518728959513,-0.0468797063671143,0.3897832269540034,0.7096015490407872,0.2210149107455195,2.4355245803857266,0.7135969783213357,-864.1098294691849,,0.9286861850461537,0.999999431203118
865,solifenacin,Method 2,FBOUYBDGKBSUES-HMTLIYDFSA-N,,,0.9962406015037594,False,within_12m,provided_area,True,lbfgs,-6.286728707781831e-06,-0.0064149760535822,6.286728707939348e-06,0.0172674355775442,0.710259819644778,0.9786314484150874,0.0059963124428673,2.5234582555309523e-05,1478.6532477433248,,0.9286861850461537,0.999999431203118
845,1-(1-enyl-stearoyl)-2-oleoyl-GPE (P-18:0/18:1),Method 2,XVYPOHCSLJZFED-QZEVRULJSA-N,HMDB0011375,,0.0,True,within_12m,provided_area,True,lbfgs,-0.0014820468842347,0.0632055302195073,0.0026256262467792,0.1704266933592725,0.7107370597407318,0.8782123647530884,0.4597474199081166,0.1431011405320566,-431.8839745647872,,0.9286861850461537,0.999999431203118
965,lactosyl-N-behenoyl-sphingosine (d18:1/22:0)*,Method 2,QYWVASPEUXEHSY-NNRNTGNWSA-N,HMDB0011594,,0.0,True,within_12m,provided_area,True,lbfgs,-0.0097106999358036,-0.0792202780857646,0.0115932324871483,0.2139634394473485,0.7111951293030938,0.4042462584098297,0.8436651384466691,0.0905565022926109,-400.02561356540014,,0.9286861850461537,0.999999431203118
223,phenylacetate,Method 3,WLJVXDMOQOGPHL-UHFFFAOYSA-N,HMDB0000209,C07086,0.0263157894736842,True,within_12m,provided_area,True,lbfgs,-0.0006820513228664,0.1354145329125463,-0.0428168419370001,0.3663837524692828,0.7116823857278708,0.3466600944557537,1.7847422631760503,1.0506605831444775,-914.227469440272,,0.9286861850461537,0.999999431203118
648,leucylalanine,Method 1,HSQGMTRYSIHDAC-UHFFFAOYSA-N,HMDB0028922,,0.0169172932330827,True,within_12m,provided_area,True,lbfgs,-0.0132383316276317,0.1194105896902077,-0.037454367966325,0.3238097377894688,0.7123008419426093,0.3375656272347702,1.4415903870994344,0.7659340537659078,-837.4725888544206,,0.9286861850461537,0.999999431203118
412,N4-acetylcytidine,Method 1,NIDVTARKFBZMOT-PEBGCTIMSA-N,HMDB0005923,,0.0,True,within_12m,provided_area,True,lbfgs,0.002115119247515,-0.1072145804923279,0.0072168706928674,0.2909513751962236,0.7125030107071058,0.7588087814877406,1.4756798856365356,0.2628101987855608,-639.5551900900184,,0.9286861850461537,0.999999431203118
215,3-(N-acetyl-cystein-S-yl) acetaminophen,Method 3,DVPRQNKJGQEICH-JTQLQIEISA-N,,,0.7180451127819549,False,within_12m,provided_area,True,lbfgs,0.0128464350120549,-0.2496537950379184,-0.0637461883597925,0.679480176339653,0.7133066459728907,0.4576776356122782,6.015840977457443,3.7566034315273,-1249.002857269381,,0.9286861850461537,0.999999431203118
151,N-acetylvaline,Method 3,IHYJTAOFMMMOPX-LURJTMIESA-N,HMDB0011757,,0.0,True,within_12m,provided_area,True,lbfgs,0.0009870738430838,0.0746253039881731,-0.0047093654188113,0.2034873298404297,0.7138189766160095,0.638760722543515,0.7942864003301765,0.0467185857463879,-277.85718207934474,,0.9286861850461537,0.999999431203118
983,"glycosyl ceramide (d18:1/23:1, d17:1/24:1)*",Method 2,ZTXYYHYUNQRYIR-BLIGVESQSA-N,,,0.2180451127819548,False,within_12m,provided_area,True,lbfgs,-0.0007381070875265,0.1470947790074877,0.0560265006724869,0.4017129250089081,0.7142390488576427,0.3278133422248904,1.7392916621576848,1.7340228997481386,-1012.7058059403688,,0.9286861850461537,0.999999431203118
1082,N-carbamoylvaline,Method 3,JDXMIYHOSFNZKO-UHFFFAOYSA-N,,,0.231203007518797,False,within_12m,provided_area,True,lbfgs,0.0013595975068002,-0.1273875946820998,-0.0219501549407014,0.3483134292001538,0.7145688628442532,0.6220962585790386,1.5581116501395171,1.013427848013859,-897.673068386717,,0.9286861850461537,0.999999431203118
945,gamma-glutamyl-alpha-lysine,Method 1,LNLLNTMHVMIMOG-YUMQZZPRSA-N,,,0.0,True,within_12m,provided_area,True,lbfgs,0.001361255407609,-0.044791888101314,-0.0042034849102864,0.1228027112237281,0.7153004681400238,0.7385757885021608,0.2363032559173038,0.0770348965655831,-263.4883716266038,,0.9286861850461537,0.999999431203118
746,O-sulfo-tyrosine,Method 3,CIQHWLTYGMYQQR-QMMMGPOBSA-N,HMDB0155722,,0.0,True,within_12m,provided_area,True,lbfgs,0.0012590609959133,0.0717145627448343,-0.0293550660531735,0.1977239100946916,0.7168286197822307,0.0139396601173363,0.7299147684664106,0.0666600665974095,-332.8484690817595,,0.9286861850461537,0.49537139031692196
727,3-hydroxycotinine glucuronide,Method 3,WALNNKZUGHYSCT-MGKNELHOSA-N,HMDB0001204,,0.793233082706767,False,within_12m,provided_area,True,lbfgs,0.0031848160364496,-0.1377325413992169,-0.0079822472279868,0.3816692946878898,0.7181975261567715,0.6634225856395248,2.801706549082555,0.1560493584515258,-603.6103026010783,,0.9286861850461537,0.999999431203118
736,S-(3-hydroxypropyl)mercapturic acid (HPMA),Method 3,FMWPQZPFBAHHMB-UHFFFAOYSA-N,,,0.5977443609022557,False,within_12m,provided_area,True,lbfgs,0.0054303904503381,0.1411526076747565,-0.1178500806901798,0.3915724387277466,0.7184909314630124,0.0168190099559416,2.005477092968037,1.2387997315850552,-954.6667295492156,,0.9286861850461537,0.5354741929848568
236,kynurenine,Method 1,YGPSJZOEDVAXAB-QMMMGPOBSA-N,HMDB0000684,C00328,0.0,True,within_12m,provided_area,True,lbfgs,-0.0022004498165075,-0.0476388823414759,-0.0050181794452633,0.1323378912715915,0.7188627215767706,0.7116570849252026,0.273806895331433,0.0901496098940269,-304.52579717274625,,0.9286861850461537,0.999999431203118
338,adrenate (22:4n6),Method 3,TWSWSIQAPQLDBP-CGRWFSSPSA-N,HMDB0002226,C16527,0.0,True,within_12m,provided_area,True,lbfgs,-0.0030825041779303,0.1064175496480267,0.0231765188228975,0.2962935214861723,0.7194734581513509,0.5335491054243378,1.151550437570276,0.7054678386633969,-805.4762613766777,,0.9286861850461537,0.999999431203118
150,N-acetylmethionine,Method 3,XUYPXLNMDZIRQH-LURJTMIESA-N,HMDB0011745,C02712,0.0,True,within_12m,provided_area,True,lbfgs,-1.890342322770869e-05,0.0794351768471893,-0.0061866802323219,0.2223839495170216,0.7209433310947715,0.6696105496939063,0.910593949958286,0.0986978387027688,-422.065654278126,,0.9286861850461537,0.999999431203118
1025,carotene diol (3),Method 2,JKQXZKUSFCKOGQ-DKLMTRRASA-N,,,0.0206766917293233,True,within_12m,provided_area,True,lbfgs,-0.0064559477061001,-0.1126461273306748,-0.0195432487389867,0.3196819067505068,0.7245612341970229,0.5537070771401336,1.5933412298194125,0.5311990000221827,-775.337002584158,,0.9286861850461537,0.999999431203118
669,alliin,Method 1,XUHLIQGRKRUKPH-ITZCMCNPSA-N,HMDB0033592,C08265,0.1936090225563909,True,within_12m,provided_area,True,lbfgs,0.0105946451824852,-0.1732731628904917,-0.108274330679077,0.4936175549966518,0.7255679810427846,0.146986812047682,2.291414761507508,3.0128205092250715,-1143.4446740952146,,0.9286861850461537,0.999999431203118
702,carboxyibuprofen,Method 3,DIVLBIVDYADZPL-UHFFFAOYSA-N,HMDB0060564,,0.8515037593984962,False,within_12m,provided_area,True,lbfgs,0.0064340831262661,0.1549152131445139,-0.1778268065239965,0.4418840997487367,0.7259043367573323,0.0011507864040082,2.611041626036043,1.5117631853638116,-1012.1887045462402,,0.9286861850461537,0.08652408390313925
109,dimethylglycine,Method 1,FFDGPVCHZBVARC-UHFFFAOYSA-N,HMDB0000092,C03626,0.0,True,within_12m,provided_area,True,lbfgs,-0.0005791768432898,-0.0617248339188816,0.0050633090482687,0.1761702884842947,0.7260608250505174,0.6277844493744641,0.581227261874183,0.0509229165240134,-264.9153524329165,,0.9286861850461537,0.999999431203118
895,1-(1-enyl-palmitoyl)-2-linoleoyl-GPE (P-16:0/18:2)*,Method 2,LJVXDBWIBQQKFU-CCJYEBHUSA-N,HMDB0011343,,0.0,True,within_12m,provided_area,True,lbfgs,-0.0016762129306139,0.0585695861642157,0.0077604196418349,0.1682198719665633,0.7277104033990586,0.6697125793541587,0.427376921598771,0.1628709493788185,-450.47157970724334,,0.9286861850461537,0.999999431203118
754,1-oleoyl-GPG (18:1)*,Method 3,FQQQKGAFQIIGLQ-VYFUBJQISA-N,HMDB0240602,,0.1146616541353383,True,within_12m,provided_area,True,lbfgs,-0.0117399566430838,0.0980983254433141,-0.0629868770111021,0.2817685515850063,0.7277259253995269,0.112554669827831,0.8745434815240617,0.831068255694158,-820.0254578052838,,0.9286861850461537,0.999999431203118
558,N-acetyl-beta-alanine,Method 3,LJLLAWRMBZNPMO-UHFFFAOYSA-N,HMDB0061880,C01073,0.0018796992481203,True,within_12m,provided_area,True,lbfgs,0.0008120009702172,0.0730183891113369,-0.0188908676609367,0.2110553863436326,0.7293668377396385,0.2799089563808603,0.769837410594693,0.1458492888807107,-477.6848705530829,,0.9286861850461537,0.999999431203118
144,pantothenate,Method 3,GHOKWGTUZJEAQD-ZETCQYMHSA-N,HMDB0000210,C00864,0.0,True,within_12m,provided_area,True,lbfgs,0.0001752495561881,0.0804062772330313,-0.0038886185748494,0.2336652676420738,0.730764457476961,0.8340920034869537,0.9569919785543036,0.1636030456025247,-516.9536297169118,,0.9286861850461537,0.999999431203118
939,4-hydroxyphenylacetylglutamine,Method 3,NNBITIFYUGRBJL-JTQLQIEISA-N,,,0.0169172932330827,True,within_12m,provided_area,True,lbfgs,0.0025703604801149,-0.1312675676332498,-0.0396387295191189,0.3817971879139477,0.7309854828890573,0.2947837303923079,2.325554592901652,0.6972194073470991,-856.0945863228606,,0.9286861850461537,0.999999431203118
36,biliverdin,Method 2,QBUVFDKTZJNUPP-YBRAVLHJSA-N,HMDB0001008,C00500,0.0,True,within_12m,provided_area,True,lbfgs,-0.0042797695000804,-0.0946264545370188,-0.0065262127257457,0.2755850533419538,0.731323360719401,0.8131230730054821,1.204543201890416,0.3714346779287077,-686.3444259516425,,0.9286861850461537,0.999999431203118
261,docosahexaenoate (DHA; 22:6n3),Method 3,MBMBGCFOFBJSGT-KUBAVDMBSA-N,HMDB0002183,C06429,0.0,True,within_12m,provided_area,True,lbfgs,-0.0048913146277323,0.098454133279456,-0.0252435357376738,0.2870867232086472,0.7316419939424492,0.4799319375694492,1.093597838649968,0.6477378510488695,-785.1352384844834,,0.9286861850461537,0.999999431203118
528,cyclo(leu-pro),Method 1,SZJNCZMRZAUNQT-IUCAKERBSA-N,HMDB0034276,,0.0281954887218045,True,within_12m,provided_area,True,lbfgs,-0.000738068485311,0.1008649759008187,0.0095272624026089,0.2946570322373041,0.7321152429224247,0.8076669346917579,1.0575332000998938,0.7916730585116694,-822.462182979504,,0.9286861850461537,0.999999431203118
489,1-ribosyl-imidazoleacetate*,Method 1,AHPWEWASPTZMEK-UHFFFAOYSA-N,HMDB0002331,C05131,0.0,True,within_12m,provided_area,True,lbfgs,0.0025000835347558,-0.0754335602962961,-0.0258481533311007,0.2206995922910088,0.7325067305706183,0.1416569230199834,0.8528474080671945,0.146971645426518,-487.75514516037015,,0.9286861850461537,0.999999431203118
149,N-acetylleucine,Method 3,WXNXCEHXYPACJF-ZETCQYMHSA-N,HMDB0011756,C02710,0.0112781954887218,True,within_12m,provided_area,True,lbfgs,-0.0002595345984455,-0.0855577657479061,-0.0469671382085346,0.2515214746331669,0.7337353778489245,0.0206780611997396,1.1029478072317138,0.1962614434955302,-561.9596655578671,,0.9286861850461537,0.6240168000634798
1216,pentose acid*,Method 4,,HMDB0000892,C00803,0.0206766917293233,True,within_12m,provided_area,True,lbfgs,-0.0010461334769152,0.1081915724411036,-0.0372548127854137,0.3207672098143142,0.7358982967745842,0.4272984872813784,1.047243442780275,1.1787283613286144,-902.7385713878888,,0.9286861850461537,0.999999431203118
322,3-methylxanthine,Method 3,GMSNIKWWOQHZGF-UHFFFAOYSA-N,HMDB0001886,C16357,0.0150375939849624,True,within_12m,provided_area,True,lbfgs,0.0069095201415188,-0.1440229669771491,0.0253353314479873,0.4272147581066902,0.7360258629367898,0.6146707745164868,2.56410468090893,1.2707144537939454,-977.1961272658984,,0.9286861850461537,0.999999431203118
626,1-lignoceroyl-GPC (24:0),Method 2,SKJMUADLQLZAGH-WJOKGBTCSA-N,HMDB0010405,,0.1936090225563909,True,within_12m,provided_area,True,lbfgs,-0.009708643624593,0.1338195813282911,-0.0259024126485734,0.3980729252120898,0.736743799368122,0.5807776434070675,2.225297758384987,1.1040762673948905,-939.7203127130172,,0.9286861850461537,0.999999431203118
555,pregnenediol sulfate (C21H34O5S)*,Method 3,MENQCIVHHONJLU-UHFFFAOYSA-N,HMDB0000774,C18044,0.0,True,within_12m,provided_area,True,lbfgs,-0.0035734431111098,0.1037935410098794,0.008326809446821,0.3092665135174236,0.7371635032556481,0.7429507583023123,1.658608921406101,0.3068177610510595,-677.5209489406382,,0.9286861850461537,0.999999431203118
1021,"N,N,N-trimethyl-5-aminovalerate",Method 1,CDLVFVFTRQPQFU-UHFFFAOYSA-N,,,0.0,True,within_12m,provided_area,True,lbfgs,0.0022254167578825,0.0580568827650762,0.0155458407665871,0.1734513787343249,0.7378396304909013,0.2684146371755063,0.5239134209078088,0.0940121988891325,-365.4653110569468,,0.9286861850461537,0.999999431203118
325,threonylphenylalanine,Method 3,IQHUITKNHOKGFC-CSUXEGHOSA-N,HMDB0029068,,0.0639097744360902,True,within_12m,provided_area,True,lbfgs,-0.0052483402763625,-0.1221983130579788,0.0062562482945486,0.3657226788548168,0.7382827125256544,0.8925164752717722,1.7445261046536655,1.0863283525920988,-919.1684392716318,,0.9286861850461537,0.999999431203118
708,3beta-hydroxy-5-cholenoate,Method 3,HIAJCGFYHIANNA-QIZZZRFXSA-N,HMDB0000308,,0.1428571428571428,True,within_12m,provided_area,True,lbfgs,-0.0006270979624075,0.1112718823088358,0.0398109204990608,0.3340451028347206,0.7390555035628095,0.2103059527309325,1.819450663391989,0.48895321624603,-770.5157459510317,,0.9286861850461537,0.999999431203118
1229,"3-bromo-5-chloro-2,6-dihydroxybenzoic acid*",Method 3,AJSVSHDVMDXRFN-UHFFFAOYSA-N,,,0.0,True,within_12m,provided_area,True,lbfgs,0.0066764524040987,-0.0817259583947628,-0.0087578001722991,0.2455745446890701,0.7392891010022584,0.6436068263071633,1.0665852661244173,0.1699040044577975,-533.0435275946813,,0.9286861850461537,0.999999431203118
491,"3,4-dihydroxybutyrate",Method 4,DZAIOXUZHHTJKN-UHFFFAOYSA-N,HMDB0000337,,0.0,True,within_12m,provided_area,True,lbfgs,0.0002861347255528,0.1170011022750524,0.0302570778350979,0.354732932875708,0.7415293999102668,0.5226237986879027,1.521821650716502,1.159853144567298,-922.8577091498888,,0.9303489998874176,0.999999431203118
375,gamma-glutamylglycine,Method 1,ACIJGUBIMXQCMF-BYPYZUCNSA-N,HMDB0011667,,0.0,True,within_12m,provided_area,True,lbfgs,-0.0012185504688157,0.0481752174619081,-0.0083662249039624,0.1476029343932816,0.7441339371971598,0.5191863460386568,0.3681060233644905,0.0808884974176263,-308.4566946220534,,0.932464131179157,0.999999431203118
1238,4-chlorobenzoic acid,Method 3,XRHGYUZYPHTUJZ-UHFFFAOYSA-N,,C02370,0.0,True,within_12m,provided_area,True,lbfgs,0.0015218166724436,0.0638685943963234,-0.0021694506734366,0.1966065305157377,0.7452908933103434,0.8648636441842299,0.7125404910965173,0.0762339515606113,-354.515741246395,,0.9327623387299612,0.999999431203118
891,7-hydroxyindole sulfate,Method 3,YBMPUGDWCSVZRS-UHFFFAOYSA-N,,,0.5845864661654135,False,within_12m,provided_area,True,lbfgs,0.0043751290773909,-0.1183332234048482,-0.0107590078651401,0.3669748800427212,0.7471073247554246,0.8039602731259892,1.888083607005505,0.942209190185732,-897.1255365266477,,0.9329276302341224,0.999999431203118
1173,fibrinopeptide B (1-13)**,Method 3,CCYANGYMJWBLQM-UHFFFAOYSA-N,,,0.0018796992481203,True,within_12m,provided_area,True,lbfgs,0.010599926747757,-0.1102011972764473,-0.0380310892356724,0.3419713439792268,0.7472612447096961,0.3504394195036534,1.6252983107562418,0.8346051190368259,-862.781769817286,,0.9329276302341224,0.999999431203118
1,S-1-pyrroline-5-carboxylate,Method 1,DWAKNKKXGALPNW-UHFFFAOYSA-N,HMDB0001301,C04322,0.0112781954887218,True,within_12m,provided_area,True,lbfgs,0.001081103673093,0.0696306163825858,-0.0115333632346135,0.2173173003496577,0.7486576150554809,0.6948972688818678,0.5587609513147569,0.4498497217358448,-667.3182578993972,,0.9329337729852596,0.999999431203118
1011,dihomo-linoleoylcarnitine (C20:2)*,Method 2,OLZWDVKTOGTVLC-UTJQPWESSA-N,,,0.0018796992481203,True,within_12m,provided_area,True,lbfgs,-3.34207987561965e-05,-0.0822755837608051,0.0035475556166082,0.258196466522816,0.749988174938178,0.8576406907526097,1.1815501800664157,0.1849737836185833,-557.1400370964666,,0.9329337729852596,0.999999431203118
251,glycylvaline,Method 1,STKYPAFSDFAEPH-LURJTMIESA-N,HMDB0028854,,0.0357142857142857,True,within_12m,provided_area,True,lbfgs,-0.0164056834539571,-0.1428796393887369,0.002577557132088,0.4496575178545839,0.7506729558544949,0.9694799234050756,1.9471421482844828,2.4465920877144143,-1090.6228491088816,,0.9329337729852596,0.999999431203118
1029,THC carboxylic acid,Method 3,YOVRGSHRZRJTLZ-UHFFFAOYSA-N,,,0.949248120300752,False,within_12m,provided_area,True,lbfgs,0.0020508062534303,0.0806104213066177,0.0099238144917924,0.2542630099947263,0.7512166034360777,0.7238852774227551,0.9607546365465192,0.3899727916808284,-677.8945584007799,,0.9329337729852596,0.999999431203118
1263,menthol glucuronide,Method 3,CLJGMBYGTHRUNF-PJQJKGEDSA-N,,,0.0319548872180451,True,within_12m,provided_area,True,lbfgs,0.0009157872261397,0.1671490335962602,0.0021447973218542,0.530091799710131,0.7525180032569403,0.9740504675338392,3.7291261043295,2.208317464132988,-1111.3984199372733,,0.9329337729852596,0.999999431203118
92,taurine,Method 1,XOAAWQZATWQOTB-UHFFFAOYSA-N,HMDB0000251,C00245,0.0,True,within_12m,provided_area,True,lbfgs,-0.0005439380046224,0.0364548726515144,-0.0006168878915714,0.1158647423739189,0.7530403127491446,0.9696920535792528,0.1499794128668511,0.1381806307782323,-344.714196429039,,0.9329337729852596,0.999999431203118
34,phenylpyruvate,Method 3,BTNMPGBKDVTSJY-UHFFFAOYSA-N,HMDB0000205,C00166,0.0093984962406015,True,within_12m,provided_area,True,lbfgs,-0.0040459087946611,-0.0738141772580473,0.0507069162204644,0.2352537164326395,0.7537001909831654,0.0719250781698216,0.7652202471379641,0.3995004502947304,-665.6071897550289,,0.9329337729852596,0.999999431203118
494,N6-acetyllysine,Method 3,DTERQYGMUDWYAZ-ZETCQYMHSA-N,HMDB0000206,C02727,0.0,True,within_12m,provided_area,True,lbfgs,0.000715306329061,0.0637382627120515,-0.0114352483919655,0.2061654778613351,0.7571992900059371,0.2778887681375368,0.8120849646751594,0.0516122123473292,-297.33888421398296,,0.9361233609695812,0.999999431203118
940,"2,3-dihydroxy-2-methylbutyrate",Method 3,AOWPAWLEXIYETE-UHFFFAOYSA-N,HMDB0029576,,0.0281954887218045,True,within_12m,provided_area,True,lbfgs,0.0012326088225453,0.0994759477327225,-0.1080996389452754,0.3267234072865601,0.7607734076990309,0.0120292156479832,1.315151670116614,0.9562714955159736,-874.652274160482,,0.9382624435324636,0.4522094030630721
5,5-hydroxyindoleacetate,Method 3,DUUGKQCEGZLZNO-UHFFFAOYSA-N,HMDB0000763,C05635,0.0977443609022556,True,within_12m,provided_area,True,lbfgs,0.0014172183670689,0.100658326359698,-0.0227692031169508,0.3310405852656375,0.761077287610445,0.4984702425111255,1.7230633354367717,0.5530712690778833,-789.060782746539,,0.9382624435324636,0.999999431203118
974,glycerophosphoserine*,Method 1,ZWZWYGMENQVNFU-AKGZTFGVSA-N,,,0.0864661654135338,True,within_12m,provided_area,True,lbfgs,-0.0018667552917931,-0.0668127571618899,-0.0268580340742955,0.220667899991437,0.7620612202568449,0.426810158631178,0.4465822213325724,0.6155863566249631,-718.4057912976839,,0.9382624435324636,0.999999431203118
740,methionine sulfone,Method 1,UCUNFLYVYCGDHP-UHFFFAOYSA-N,HMDB0062174,,0.0,True,within_12m,provided_area,True,lbfgs,0.0050423343712927,0.0601969885192609,0.0240298778538639,0.1993486264614972,0.7626761417743859,0.2297180115249499,0.6304684462201744,0.1941360263166229,-513.8730181967146,,0.9382624435324636,0.999999431203118
856,1-palmitoleoylglycerol (16:1)*,Method 3,KVYUBFKSKZWZSV-BQYQJAHWSA-N,HMDB0011565,,0.0131578947368421,True,within_12m,provided_area,True,lbfgs,0.0062151541772539,-0.0991497250318199,-0.0075579755409826,0.3301628922867883,0.7639441554844548,0.8619604007331768,1.345399721490616,0.9736779467434326,-879.765839556984,,0.9382624435324636,0.999999431203118
514,o-cresol sulfate,Method 3,CYGSXDXRHXMAOV-UHFFFAOYSA-N,HMDB0011635,,0.112781954887218,True,within_12m,provided_area,True,lbfgs,-0.0029540644656315,-0.1497223379780307,-0.0097094341732288,0.4997268271538754,0.7644759022673373,0.8844260150835446,3.011480114732423,2.3127002368851017,-1105.9277215049503,,0.9382624435324636,0.999999431203118
193,4-acetamidophenol,Method 3,RZVAJINKPMORJF-UHFFFAOYSA-N,HMDB0001859,C06804,0.6296992481203008,False,within_12m,provided_area,True,lbfgs,0.0125496318304257,0.2638483048455089,-0.1725659514739392,0.8929054899806054,0.7676164581553522,0.1421294031181997,9.831408455858206,7.131965853355621,-1409.282380230308,,0.94041515654415,0.999999431203118
994,"sphingomyelin (d18:0/20:0, d16:0/22:0)*",Method 2,UGRZESKDAPEULH-ACEXITHZSA-N,HMDB0012090,,0.0,True,within_12m,provided_area,True,lbfgs,-0.0050478051612142,-0.0753189225152975,-0.0085599439362364,0.2554193003459631,0.76808292096069,0.6845597407986392,1.1292877882249812,0.211578429170967,-577.5834171405386,,0.94041515654415,0.999999431203118
134,caproate (6:0),Method 3,FUZZWVXGSFPDMH-UHFFFAOYSA-N,HMDB0000535,C01585,0.0,True,within_12m,provided_area,True,lbfgs,-0.0039111643471722,-0.0827159028565834,-0.0450516755685505,0.2835869748011297,0.7705333136522043,0.177736036426726,1.1302546324583935,0.5593038858922704,-759.0135460421209,,0.942278690791551,0.999999431203118
269,1-methylguanidine,Method 1,CHJJGSNFBQVOTG-UHFFFAOYSA-N,HMDB0001522,C02294,0.8026315789473685,False,within_12m,provided_area,True,lbfgs,-0.000459431775199,0.0935356597729005,-0.0336753498829917,0.3252264419584942,0.7736516853728702,0.441664389921528,1.2639529136787089,0.9929740603170688,-879.5371096840611,,0.9428964403719502,0.999999431203118
1003,linolenoylcarnitine (C18:3)*,Method 2,WJCRATGUUISKDG-QNEBEIHSSA-N,,,0.0,True,within_12m,provided_area,True,lbfgs,-0.0008230163722302,-0.061363059244674,0.0008964395839061,0.2137481278056014,0.7740501818495851,0.9686476603299908,0.6972091737667856,0.2547239451342572,-572.6913411665844,,0.9428964403719502,0.999999431203118
1252,"bilirubin degradation product, C17H18N2O4 (2)**",Method 3,,,,0.0,True,within_12m,provided_area,True,lbfgs,-0.000223521440021,-0.0990955954696489,0.0072180737348581,0.3461214223712098,0.7746460741314868,0.8045614630511456,2.057763285952863,0.406618038944854,-746.8690299398611,,0.9428964403719502,0.999999431203118
225,xanthurenate,Method 3,FBZONXHGGPHHIY-UHFFFAOYSA-N,HMDB0000881,C02470,0.3289473684210526,False,within_12m,provided_area,True,lbfgs,-0.0023399090178751,0.106630161525709,-0.0002162040663806,0.372785273284996,0.7748502343586177,0.9965041500093296,1.7003185648759485,1.258585501772572,-946.5300634424896,,0.9428964403719502,0.999999431203118
692,histidine betaine (hercynine)*,Method 1,GPPYTCRVKHULJH-UHFFFAOYSA-N,HMDB0029422,,0.0451127819548872,True,within_12m,provided_area,True,lbfgs,-0.0094378236392353,0.0970754409156821,-0.0272577230053215,0.3406766447530784,0.7756832785325896,0.4909746773873409,1.6515170838220667,0.7836550073439769,-851.8181705723671,,0.9428964403719502,0.999999431203118
402,"1,3,7-trimethylurate",Method 3,BYXCFUMGEBZDDI-UHFFFAOYSA-N,HMDB0002123,C16361,0.0695488721804511,True,within_12m,provided_area,True,lbfgs,0.0155026097530691,-0.1194617631067965,-0.0123349397003227,0.4232411206731171,0.7777482768212161,0.8101289383754613,2.4439055639455174,1.3310067593934771,-982.6809577310104,,0.9441629833982247,0.999999431203118
481,3-(3-hydroxyphenyl)propionate,Method 3,QVWAEZJXDYOKEH-UHFFFAOYSA-N,HMDB0000375,C11457,0.2781954887218045,False,within_12m,provided_area,True,lbfgs,0.0099221624941051,-0.1927416823895309,-0.0310811910195757,0.6882308273277287,0.7794362024984371,0.7128645314525315,6.3832170743050165,3.610255025465415,-1245.4059313702708,,0.9441629833982247,0.999999431203118
1031,5-dodecenoylcarnitine (C12:1),Method 2,PETYOUXDCHQKTQ-QXPKXGMISA-N,HMDB13326,,0.0112781954887218,True,within_12m,provided_area,True,lbfgs,-0.006181399925289,0.0873257874992591,-0.0190481074322236,0.312861583964265,0.7801530731039432,0.6697714776316372,1.0587733402915027,1.0480777088455044,-879.2150069408224,,0.9441629833982247,0.999999431203118
936,palmitoleoylcarnitine (C16:1)*,Method 2,JFAGPSOZZSTLRF-KHPPLWFESA-N,HMDB0013207,,0.0,True,within_12m,provided_area,True,lbfgs,-0.0011927073385503,-0.0690417681133442,0.0157982435241454,0.24769431476062,0.7804460522868084,0.5954183206933165,0.8485603119835732,0.4424572518132209,-692.8639877307176,,0.9441629833982247,0.999999431203118
272,2-hydroxyoctanoate,Method 3,JKRDADVRIYVCCY-UHFFFAOYSA-N,HMDB0002264,,0.0,True,within_12m,provided_area,True,lbfgs,0.0035682526676258,-0.0691002236047455,-0.0418718854238422,0.2506986246046832,0.7828317697647964,0.1032930695583296,0.982706861503254,0.3233950720479714,-644.3533947313117,,0.9449571397290064,0.999999431203118
1237,De(carboxymethoxy) cetirizine acetic acid,Method 2,NBQBQRKLQXVPIS-LJQANCHMSA-N,,,0.8627819548872181,False,within_12m,provided_area,True,lbfgs,-0.002643793153127,-0.1328529179219588,0.0154837563014076,0.4830777708106361,0.7833058516276087,0.7156634249236196,3.941750370194731,0.8676367133520152,-939.4546888152016,,0.9449571397290064,0.999999431203118
600,4-hydroxyglutamate,Method 1,HBDWQSHEVMSFGY-SCQFTWEKSA-N,HMDB0001344,C03079,0.075187969924812,True,within_12m,provided_area,True,lbfgs,-0.0096664381031858,-0.0898786416321968,0.0421276521184043,0.3277298441516844,0.7838954794599245,0.2892692830807758,1.4650700663622038,0.798313558710707,-846.6683072568737,,0.9449571397290064,0.999999431203118
1129,citalopram N-oxide*,Method 2,DIOGFDCEWUUSBQ-UHFFFAOYSA-N,HMDB0060654,C16607,0.9172932330827068,False,within_12m,provided_area,True,lbfgs,-0.0028341522124436,-0.0585523117201942,0.0112841351168708,0.2151122522744005,0.7854726858893779,0.6652169235970995,0.63192044631212,0.3430713406652551,-622.2780582108444,,0.9455547291051465,0.999999431203118
543,"5alpha-androstan-3alpha,17alpha-diol disulfate",Method 3,JHFAETDERBWUOO-SKIFDASYSA-N,,,0.6466165413533834,False,within_12m,provided_area,True,lbfgs,-0.0158191327448559,0.0971822707037079,0.0551867654899396,0.3593577093228644,0.7868269683517551,0.147005036551563,1.977923125478283,0.7117369091780976,-847.1923646273556,,0.9455547291051465,0.999999431203118
1095,"N6,N6-dimethyllysine",Method 1,XXEWFEBMSGLYBY-ZETCQYMHSA-N,HMDB0013287,C05545,0.0131578947368421,True,within_12m,provided_area,True,lbfgs,0.0024030521458493,-0.0609952588492951,-0.0315297902152332,0.2259363234884211,0.7871859567427082,0.0141534682947692,0.9620029055658492,0.0769748149617567,-382.92721048022577,,0.9455547291051465,0.49537139031692196
42,cortisone,Method 3,MFYSYFVPBJMHGN-ZPOLXVRWSA-N,HMDB0002802,C00762,0.0112781954887218,True,within_12m,provided_area,True,lbfgs,-0.0054443569850168,0.0896014555865024,-0.0039370865700994,0.3352882794757499,0.7892866401378992,0.8672539698274325,2.037526076608316,0.2609700267604921,-666.0680697207774,,0.9469573755791579,0.999999431203118
78,orotate,Method 4,PXQPEWDEAKTCGB-UHFFFAOYSA-N,HMDB0000226,C00295,0.0,True,within_12m,provided_area,True,lbfgs,-0.0014602081471787,0.055207927867279,-0.0023895354444687,0.2101961665123692,0.7928207075337685,0.8861257196383865,0.7743945241818104,0.1324159430115996,-460.6773392444902,,0.9499425220257777,0.999999431203118
780,phenylacetylcarnitine,Method 1,DZTZJNGATJMDSH-CYBMUJFWSA-N,,,0.0037593984962406,True,within_12m,provided_area,True,lbfgs,-0.0018735234286517,-0.086737117930151,-0.0197312643654899,0.3317675981028286,0.7937536853980982,0.6633712484938281,1.286449328395317,1.0664432320846613,-895.0215893118518,,0.9499425220257777,0.999999431203118
1204,3-hydroxydecanoylcarnitine,Method 2,VCRSQDIROUELAR-UHFFFAOYSA-N,HMDB0061636,,0.0,True,within_12m,provided_area,True,lbfgs,0.0040696632505344,0.0780374560804182,-0.0209933684772367,0.2997236339592831,0.7945824642363402,0.5157277075717317,1.3603371778773663,0.5129403308316445,-756.4451071051328,,0.9499425220257777,0.999999431203118
466,tiglylcarnitine (C5:1-DC),Method 1,WURBQCVBQNMUQT-RMKNXTFCSA-N,HMDB0002366,,0.0037593984962406,True,within_12m,provided_area,True,lbfgs,0.0016299338055129,0.0623110102219268,-0.0282911424982655,0.2416698808558482,0.7965340709804843,0.2863526473593525,0.8718959286195852,0.3477746001084102,-648.7635664800471,,0.9502382935521629,0.999999431203118
1226,"branched-chain, straight-chain, or cyclopropyl 10:1 fatty acid (2)*",Method 3,NIFITBVFNGQSNA-SOFGYWHQSA-N,,,0.1766917293233082,True,within_12m,provided_area,True,lbfgs,-0.0032092792967621,-0.1515570193709676,0.0331586929595077,0.5883028895641934,0.796702254002848,0.7266476819604688,2.608914648289487,5.046632340719434,-1260.6073941885131,,0.9502382935521629,0.999999431203118
460,gulonate*,Method 4,RGHNJXZEOKUKBD-NRXMZTRTSA-N,HMDB0003290,C00800,0.0338345864661654,True,within_12m,provided_area,True,lbfgs,0.004774685293366,-0.0607183466526148,-0.0380591014680713,0.2393044817730969,0.7997053809330175,0.1313578728586321,0.879928498472483,0.3123771182463609,-629.1948313487449,,0.9515201372097488,0.999999431203118
712,gamma-CEHC glucuronide*,Method 3,NOZSTAZEOBPSBY-UHFFFAOYSA-N,,,0.2236842105263158,False,within_12m,provided_area,True,lbfgs,0.0107036497406098,0.0963976036513384,-0.0085095315461102,0.3827461697380043,0.8011509883173503,0.8504326094630394,2.0566758718087983,1.0217358148261664,-919.0089589857414,,0.9515201372097488,0.999999431203118
2,spermidine,Method 1,ATHGHQPFGPMSJY-UHFFFAOYSA-N,HMDB0001257,C00315,0.0112781954887218,True,within_12m,provided_area,True,lbfgs,-0.0008527340167012,0.0582072395947878,-0.024175825876697,0.2312696200042172,0.8012840665118643,0.4535396565597666,0.6031596490296205,0.5439772268532246,-710.5692188343457,,0.9515201372097488,0.999999431203118
30,ascorbate (vitamin C),Method 1,CIWBSHSKHKDKBQ-UHFFFAOYSA-N,HMDB0000044,"D00018,C00072",0.1090225563909774,True,within_12m,provided_area,True,lbfgs,-0.0001175383597838,-0.1819149027756743,-0.104228448685816,0.7236891340618731,0.801526815088015,0.2672266931715896,6.600702381859736,4.519398962782846,-1291.836833113354,,0.9515201372097488,0.999999431203118
664,citalopram/escitalopram,Method 2,WSEQXVZVJXJVFP-FQEVSTJZSA-N,HMDB0005028,D07913,0.9097744360902256,False,within_12m,provided_area,True,lbfgs,-0.0025282938395926,-0.0697205506948443,-0.0085842153618531,0.2867802998280961,0.8079164246162744,0.7661013925386289,1.3008418424918695,0.4062118372464151,-709.1510746909605,,0.9572849534639801,0.999999431203118
1038,2-hydroxyheptanoate*,Method 4,RGMMREBHCYXQMA-UHFFFAOYSA-N,,,0.0037593984962406,True,within_12m,provided_area,True,lbfgs,-0.001963487844077,0.0452442753958531,-0.0261412878963472,0.1864516799307842,0.8082691676045625,0.2483542233078637,0.4736189841309038,0.2590594634919738,-547.0266697519387,,0.9572849534639801,0.999999431203118
408,indolebutyrate,Method 3,JTEDVYBZBROSJT-UHFFFAOYSA-N,HMDB0002096,C11284,0.1334586466165413,True,within_12m,provided_area,True,lbfgs,-0.0083426838905873,0.1015993072663839,-0.0584027218478614,0.4220454542425918,0.8097638257058426,0.1736905815444801,2.7988699315987504,0.9009243218523608,-918.628148480823,,0.9579373928804548,0.999999431203118
307,1-methylhistidine,Method 3,BRMWTNUJHUMWMS-LURJTMIESA-N,HMDB0000001,C01152,0.0,True,within_12m,provided_area,True,lbfgs,-0.000965804233667,0.054387846364432,-0.0193875540708644,0.2274029301695307,0.8109741476096769,0.3207041334073996,0.8819980308072426,0.1825990538006652,-530.0075088123567,,0.9582523397250547,0.999999431203118
86,pyridoxal,Method 1,RADKZDMFGJYCBB-UHFFFAOYSA-N,HMDB0001545,C00250,0.018796992481203,True,within_12m,provided_area,True,lbfgs,-0.0014295883913423,0.05900646566798,-0.0435687217407235,0.2534393488820638,0.8158989866123852,0.1790235967398787,0.8265279637951755,0.5346522170809872,-727.9502263632464,,0.9629505481529895,0.999999431203118
404,"1,7-dimethylurate",Method 3,NOFNCLGCUJJPKU-UHFFFAOYSA-N,HMDB0011103,C16356,0.0150375939849624,True,within_12m,provided_area,True,lbfgs,0.0101068694770479,0.0924517461524021,-0.004827779176085,0.4014199268793172,0.8178494915229035,0.9181532887989358,2.277578635593742,1.106226246078634,-941.7995824326306,,0.9641315143969188,0.999999431203118
892,phenylacetylglutamate,Method 3,PTSRBZOZSRJCKX-JTQLQIEISA-N,HMDB0059772,,0.2650375939849624,False,within_12m,provided_area,True,lbfgs,0.0054626461087281,0.1009805149677171,-0.0492578441798138,0.4455974942424048,0.8207206163892234,0.384393598681635,2.5682863030392267,1.6374417377074069,-1026.6788611926163,,0.9653531203233208,0.999999431203118
581,"2S,3R-dihydroxybutyrate",Method 4,LOUGYXZSURQALL-GBXIJSLDSA-N,HMDB0002453,,0.0,True,within_12m,provided_area,True,lbfgs,0.0033756927314306,0.042461766187301,-0.0015832557243945,0.1904872792214497,0.8236045450275147,0.946147936773294,0.4882209543495784,0.2774664482795324,-562.5506560527713,,0.9653531203233208,0.999999431203118
415,phenylacetylglutamine,Method 3,JFLIEFSWGNOPJJ-JTQLQIEISA-N,HMDB0006344,C04148,0.0,True,within_12m,provided_area,True,lbfgs,0.0102130438566311,-0.0788930766569483,-0.0323354168833285,0.3570106914725707,0.8251061430371829,0.3923756380473047,1.9515078748340224,0.7031615285796434,-843.8651942791037,,0.9653531203233208,0.999999431203118
395,metoprolol acid metabolite*,Method 1,PUQIRTNPJRFRCZ-UHFFFAOYSA-N,,,0.9323308270676692,False,within_12m,provided_area,True,lbfgs,0.0008394063176607,0.0435218779494168,-0.0652058564504176,0.1971912159020253,0.8253190158621018,2.078306155029751e-06,0.7059626018312257,0.0889009197900708,-381.0965137227424,,0.9653531203233208,0.00035158012455919953
1110,"(2,4 or 2,5)-dimethylphenol sulfate",Method 3,CLCCTVXAPVYLKM-UHFFFAOYSA-N,,,0.3176691729323308,False,within_12m,provided_area,True,lbfgs,-0.0035454595569784,-0.1247377745069098,-0.0474533146404567,0.5661151501614176,0.8256064218879523,0.5270631512218387,3.9196032148696727,2.904254529417148,-1168.8885360065708,,0.9653531203233208,0.999999431203118
46,sphingosine,Method 2,WWUZIQQURGPMPG-CCEZHUSRSA-N,HMDB0000252,C00319,0.0545112781954887,True,within_12m,provided_area,True,lbfgs,-0.0026189744768138,-0.0633848285852858,-0.0197959806045688,0.3000527729231544,0.8326956284605352,0.6217659136682651,1.0884293465887849,0.8305703089975095,-833.9488774179874,,0.9653531203233208,0.999999431203118
635,docosadioate (C22-DC),Method 3,DGXRZJSPDXZJFG-UHFFFAOYSA-N,,C14240,0.018796992481203,True,within_12m,provided_area,True,lbfgs,-0.0038509749398619,0.0567352250018939,-0.0031372318727076,0.270335426485765,0.833769342166379,0.9398844170403036,0.6530584506063071,0.9440596209349216,-829.5625762735938,,0.9653531203233208,0.999999431203118
602,pantoate,Method 3,OTOIIPJYVQJATP-BYPYZUCNSA-N,HMDB0240389,C00522,0.0338345864661654,True,within_12m,provided_area,True,lbfgs,0.0018542465012079,-0.0866358060704133,-0.0714878010108741,0.4151597106070842,0.834697531961184,0.1660330168794279,2.291370646972923,1.349914973099928,-980.84038383138,,0.9653531203233208,0.999999431203118
824,O-desmethyltramadol glucuronide,Method 1,DSBGQRZOJXSECT-VFUSOVNCSA-N,HMDB0060856,,0.8796992481203008,False,within_12m,provided_area,True,lbfgs,-0.0018522253823523,0.0949306849330926,0.0048381772473656,0.4551217378554474,0.8347737355609529,0.9311365373715336,2.7832281556204483,1.5881793971299338,-1026.3381996058476,,0.9653531203233208,0.999999431203118
1146,2-ketocaprylate,Method 3,GPPUPQFYDYLTIY-UHFFFAOYSA-N,HMDB13211,,0.0,True,within_12m,provided_area,True,lbfgs,0.0002052158784355,-0.0537023894252757,-0.0086548874134821,0.258321083974674,0.8353147991721073,0.7448623507768352,1.0408197585356256,0.3463320228973566,-661.7090348396589,,0.9653531203233208,0.999999431203118
831,nonanoylcarnitine (C9),Method 2,MPSPNFAQQQMFLK-UHFFFAOYSA-N,HMDB0013288,,0.093984962406015,True,within_12m,provided_area,True,lbfgs,0.0033669586442381,-0.0753191593211144,0.0025808402152209,0.3632585961950861,0.8357419253388962,0.9489548961123924,1.957820227251228,0.7993269817140963,-868.3578055711716,,0.9653531203233208,0.999999431203118
711,furosemide,Method 3,ZZUFCTLCJUWOSV-UHFFFAOYSA-N,HMDB0001933,D00331,0.6221804511278195,False,within_12m,provided_area,True,lbfgs,-0.0202221845793045,0.0938472972948841,0.0340364950614625,0.4535222557372536,0.8360646355764099,0.5767959214164937,2.459168275892349,1.929332660201676,-1056.3098737780165,,0.9653531203233208,0.999999431203118
937,pimeloylcarnitine/3-methyladipoylcarnitine (C7-DC),Method 1,NTBUXPPQHCFLOM-UHFFFAOYSA-N,,,0.0977443609022556,True,within_12m,provided_area,True,lbfgs,0.0105912577949451,-0.0747095193481579,0.0017098596188669,0.3624485329415103,0.8366936685148132,0.9694175954251162,1.766859462690636,1.0053392050174612,-904.9091953921763,,0.9653531203233208,0.999999431203118
533,beta-cryptoxanthin,Method 2,DMASLKHVQRHNES-QQGJMDNJSA-N,HMDB0033844,C08591,0.0150375939849624,True,within_12m,provided_area,True,lbfgs,-0.008288519303464,-0.0766849885492242,-0.0158505765827994,0.3738679321274498,0.8374842256223521,0.6538821017841663,2.2866424228366475,0.6041739285862627,-828.1764430654496,,0.9653531203233208,0.999999431203118
1169,fibrinopeptide A (4-15)**,Method 3,GXMAZYIQAHTXHM-UHFFFAOYSA-N,,,0.037593984962406,True,within_12m,provided_area,True,lbfgs,-0.0068698606287513,0.0620892995870162,-0.0275979223338137,0.3038379754544769,0.838079975953663,0.5159317530230092,1.0343117248834934,0.9468054208105404,-857.0454818244677,,0.9653531203233208,0.999999431203118
539,pregnenediol disulfate (C21H34O8S2)*,Method 3,RKYCGXFEFAPXIP-BWUXAKENSA-N,,,0.0,True,within_12m,provided_area,True,lbfgs,-0.0020077131402416,0.0697428224647789,-0.0180295338483957,0.3441324910969166,0.8393986731719282,0.5165282401059208,2.064886132825625,0.3671809629390564,-728.6418288122848,,0.9653531203233208,0.999999431203118
143,sarcosine,Method 1,FSYKKLYZXJSNPZ-UHFFFAOYSA-N,HMDB0000271,C00213,0.0018796992481203,True,within_12m,provided_area,True,lbfgs,0.0007632836892212,-0.0379796226670541,0.0056041473791561,0.1878606659424254,0.839784525175431,0.7752395747356351,0.5452749356609312,0.1890996901613783,-497.5039533431898,,0.9653531203233208,0.999999431203118
1256,tetrahydrocortisol glucuronide,Method 3,OZINUFSVVJAFHD-LUPKFNMHSA-N,,,0.0714285714285714,True,within_12m,provided_area,True,lbfgs,0.0043994103321559,0.0769860137084543,-0.0080481187416156,0.3817682025669578,0.8401853247514185,0.843581222311093,2.2186113064218067,0.8188830210046137,-882.5251844564057,,0.9653531203233208,0.999999431203118
199,palmitoyl ethanolamide,Method 3,HXYVTAGFYLMHSO-UHFFFAOYSA-N,HMDB0002100,C16512,0.0,True,within_12m,provided_area,True,lbfgs,-0.0022520668330699,0.0443285535853853,0.0022723545493537,0.2199974445519413,0.8403109398657709,0.9065317930251826,0.8177180698351934,0.1797248949213594,-520.8019368763328,,0.9653531203233208,0.999999431203118
969,2-hydroxybehenate,Method 3,RPGJJWLCCOPDAZ-UHFFFAOYSA-N,HMDB0061660,,0.0225563909774436,True,within_12m,provided_area,True,lbfgs,-0.0043011597058849,0.0528946286069593,-0.0101597377078445,0.2628415965809499,0.8405097683349367,0.6500544795058506,1.181842692737614,0.2399600352067434,-604.3023936129621,,0.9653531203233208,0.999999431203118
133,heptanoate (7:0),Method 3,MNWFXJYAOYHMED-UHFFFAOYSA-N,HMDB0000666,C17714,0.0018796992481203,True,within_12m,provided_area,True,lbfgs,-0.0050658876741645,0.0531521070178106,0.0038564927132545,0.2651350198029236,0.8411115742172182,0.8771458811313236,1.1526683521488628,0.3008050003623645,-643.6761764900843,,0.9653531203233208,0.999999431203118
184,N1-methyladenosine,Method 1,GFYLSDSUCHVORB-IOSLPCCCSA-N,HMDB0003331,C02494,0.0,True,within_12m,provided_area,True,lbfgs,0.0011366318010707,-0.022044309427444,-0.005922155489011,0.1110789497957512,0.8426881282867188,0.5116559381380625,0.2146909050961966,0.0387548759981178,-129.23924643117402,,0.9653531203233208,0.999999431203118
352,octanoylcarnitine (C8),Method 2,CXTATJFJDMJMIY-UHFFFAOYSA-N,HMDB0000791,C02838,0.0,True,within_12m,provided_area,True,lbfgs,0.0026738960022904,-0.0588550191886137,0.0102533703892336,0.2976037784332159,0.8432304878090437,0.7522169894517884,1.3300044384760965,0.5184046879286526,-756.7157390637788,,0.9653531203233208,0.999999431203118
518,N-acetylserine,Method 4,JJIHLJJYMXLCOY-BYPYZUCNSA-N,HMDB0002931,,0.0,True,within_12m,provided_area,True,lbfgs,9.316270689223125e-05,0.0248277424095696,-0.0169813757765605,0.125780176728545,0.8435223960480998,0.1153533710775703,0.2699823542748776,0.0556943765909056,-214.4549637236412,,0.9653531203233208,0.999999431203118
62,myo-inositol,Method 4,CDAISMWEOUEBRE-GPIVLXJGSA-N,HMDB0000211,C00137,0.0,True,within_12m,provided_area,True,lbfgs,0.0002632323771367,0.0285290329280023,-0.0026699663537381,0.1454973185155975,0.8445479873594529,0.8793020554694153,0.2899240968674568,0.1560032813241284,-413.295193829686,,0.9653531203233208,0.999999431203118
751,17alpha-hydroxypregnanolone glucuronide,Method 3,IZDWMNZNEAXAFE-CQQKWVOPSA-N,,,0.4304511278195488,False,within_12m,provided_area,True,lbfgs,-0.0063524860646648,0.0973722522077013,-0.0245898406289393,0.496892065080063,0.8446394531105721,0.6271695516584778,3.8770187911567646,1.2518648351401644,-1005.8873083385996,,0.9653531203233208,0.999999431203118
308,butyrylcarnitine (C4),Method 1,QWYFHHGCZUCMBN-SECBINFHSA-N,HMDB0002013,C02862,0.0037593984962406,True,within_12m,provided_area,True,lbfgs,3.507075537509791e-05,0.0409061311915971,0.0129548424223522,0.2103493222607407,0.845809750484541,0.4349965061254722,0.7771462877852162,0.1307511116861243,-458.69317689301056,,0.9653531203233208,0.999999431203118
110,alanine,Method 1,QNAYBMKLOCPYGJ-REOHCLBHSA-N,HMDB0000161,C00041,0.0,True,within_12m,provided_area,True,lbfgs,-0.0025426785181723,-0.0268533101926476,-0.0083298568547061,0.138815675234007,0.8466098447868587,0.4507981309976646,0.3375660028974766,0.0579501311869028,-240.52722616366623,,0.9653531203233208,0.999999431203118
432,N1-methyl-2-pyridone-5-carboxamide,Method 3,JLQSXXWTCJPCBC-UHFFFAOYSA-N,HMDB0004193,C05842,0.0,True,within_12m,provided_area,True,lbfgs,0.0002942963722804,-0.055861818184525,-0.008284955748741,0.2891349269035468,0.8467997647987842,0.7422264249110144,1.4182725052396237,0.3038104259872973,-662.5840821879003,,0.9653531203233208,0.999999431203118
883,"sphingomyelin (d18:1/21:0, d17:1/22:0, d16:1/23:0)*",Method 2,YXSZOBWVQJIWNE-QVDCKBILSA-N,"HMDB0240619,HMDB0240611,HMDB0240621",,0.0,True,within_12m,provided_area,True,lbfgs,-0.000145707510565,-0.046542369876638,-0.0162067395638788,0.2418872953879539,0.8474183548848067,0.4863859248521739,0.9485060984239028,0.2627534117596795,-602.8600390968386,,0.9653531203233208,0.999999431203118
1145,3-(methylthio)acetaminophen sulfate*,Method 3,VOXWKXZBPMQUJH-UHFFFAOYSA-N,,,0.650375939849624,False,within_12m,provided_area,True,lbfgs,0.0176739549686709,0.1406582117705071,-0.0767665049551947,0.7463107089589353,0.8505071462455324,0.4227160473959257,7.11510913621307,4.69661104614587,-1304.569299376067,,0.9659808073018413,0.999999431203118
1175,fibrinopeptide B (1-12)**,Method 3,BQQBOORXDTXWLE-UHFFFAOYSA-N,,,0.0037593984962406,True,within_12m,provided_area,True,lbfgs,-0.0089636920287396,0.063118917154624,-0.0241862738239592,0.3349670881530151,0.8505370833813481,0.3989948140189527,1.9160671938965004,0.393416905640812,-734.8743367964419,,0.9659808073018413,0.999999431203118
609,diphenhydramine,Method 2,ZZVUWRFHKOJYTH-UHFFFAOYSA-N,HMDB0001927,C06960,0.9285714285714286,False,within_12m,provided_area,True,lbfgs,-0.0026651653788143,0.0288824299083332,-0.0103114904155513,0.1536718568751805,0.8509168445313953,0.6100073850737238,0.2917146725504919,0.2105718533612286,-472.6258012903261,,0.9659808073018413,0.999999431203118
1028,(N(1) + N(8))-acetylspermidine,Method 1,MQTAVJHICJWXBR-UHFFFAOYSA-N,"HMDB0002189,HMDB0001276","C01029,C00612",0.0,True,within_12m,provided_area,True,lbfgs,0.000219958648127,-0.0299865752751426,-0.0239164417929356,0.1606587904958963,0.8519369547599551,0.0865298290836263,0.4383865169005342,0.0932319871703916,-348.9565552897064,,0.9659808073018413,0.999999431203118
1253,"bilirubin degradation product, C17H18N2O4 (3)**",Method 3,,,,0.0,True,within_12m,provided_area,True,lbfgs,0.0001789402751212,-0.0629941275295466,0.0128999158608497,0.3432665888046577,0.8543949571642011,0.6557766689039777,2.023678553360232,0.4002624267367999,-742.5987722864922,,0.9659808073018413,0.999999431203118
69,lysine,Method 1,KDXKERNSBIXSRK-UHFFFAOYSA-N,HMDB0003405,"C00739,C00047",0.0,True,within_12m,provided_area,True,lbfgs,0.0001659120215361,-0.0163885461918029,-0.0059229424965802,0.089361810621914,0.8544877744960421,0.4493294530057689,0.1352305727722027,0.0292996915544836,-39.50796793890117,,0.9659808073018413,0.999999431203118
909,1-(1-enyl-stearoyl)-2-linoleoyl-GPE (P-18:0/18:2)*,Method 2,XVXISDREVDGQPX-PISDLAQISA-N,HMDB0011376,,0.0,True,within_12m,provided_area,True,lbfgs,-0.0021803802144585,0.0305788964683168,0.0062651295364559,0.1669039957744133,0.8546312955241906,0.7132699215812726,0.4368212243970392,0.1419405425710176,-426.31137194867097,,0.9659808073018413,0.999999431203118
493,hexanoylglutamine,Method 3,NONGMLDQXRDGIT-UHFFFAOYSA-N,,,0.0150375939849624,True,within_12m,provided_area,True,lbfgs,0.006198055138471,0.0637305352408473,0.00452224228042,0.369802347273829,0.8631727930110997,0.9198577100487352,1.8614265571158044,1.0210506350267723,-911.6502783979428,,0.974549927593177,0.999999431203118
822,tramadol,Method 1,TVYLLZQTGLZFBW-ZBFHGGJFSA-N,HMDB0014339,C07153,0.8834586466165414,False,within_12m,provided_area,True,lbfgs,-0.0068491992109401,0.0920312685400751,0.0185562728773637,0.5507373443748576,0.8672869967187637,0.8131338932037389,3.2698518256606417,3.260632243460809,-1180.6658151925074,,0.9764150528646086,0.999999431203118
355,N-acetylglutamine,Method 4,KSMRODHGGIIXDV-YFKPBYRVSA-N,HMDB0006029,C02716,0.018796992481203,True,within_12m,provided_area,True,lbfgs,0.001723207087078,-0.0389975863942738,-0.0046049335241781,0.2336572448172723,0.8674480857935889,0.7935435345698887,0.9719156250657708,0.1466338906582241,-498.5335546767981,,0.9764150528646086,0.999999431203118
211,taurodeoxycholate,Method 2,AWDRATDZQPNJFN-RZGBOAIJSA-N,HMDB0000896,C05463,0.4906015037593985,False,within_12m,provided_area,True,lbfgs,0.0059267883357642,-0.1022637330357411,0.0303149437646352,0.6158327175402848,0.8681115828228139,0.6705425800235156,5.416439552209847,2.539242990861174,-1165.4364494268027,,0.9764150528646086,0.999999431203118
20,N-acetylputrescine,Method 1,KLZGKIDSEJWEDW-UHFFFAOYSA-N,HMDB0002064,C02714,0.0,True,within_12m,provided_area,True,lbfgs,-0.0011154494858235,-0.0288783473253095,-0.0210213629721247,0.1746554489885199,0.8686727022036863,0.1238802230408798,0.5371596390361956,0.0885869697686004,-356.84279245962966,,0.9764150528646086,0.999999431203118
917,glycocholate glucuronide (1),Method 3,BWWWIHHYPYDOJQ-ICKMJTCPSA-N,,,0.4285714285714285,False,within_12m,provided_area,True,lbfgs,0.0081346493061117,0.0815523486804049,0.071228445637228,0.5025644552653582,0.8710913350911909,0.2284652761143506,3.551699432742569,1.7549025641056732,-1063.2885724687496,,0.9780505587583614,0.999999431203118
1101,glucuronide of piperine metabolite C17H21NO3 (3)*,Method 3,,,,0.0300751879699248,True,within_12m,provided_area,True,lbfgs,-0.0076413228595569,0.0636879969582136,-0.0066589840767091,0.3963801762551741,0.8723501514055095,0.884659408848443,2.242897325042459,1.0530815357083891,-931.2048391074156,,0.9783816615210963,0.999999431203118
820,N-acetylkynurenine (2),Method 3,PPIMFXHQDQRWGJ-JTQLQIEISA-N,HMDB0240342,,0.1390977443609022,True,within_12m,provided_area,True,lbfgs,-0.0027645931136951,-0.0589575852813858,0.0113350358147888,0.3698834453467902,0.8733576491972169,0.7787924857363266,2.05076434739534,0.8050673171232005,-873.2539577407972,,0.978430478957147,0.999999431203118
1078,fibrinopeptide A (5-16)*,Method 3,NFUNGJWOQYYPEX-UHFFFAOYSA-N,,,0.0037593984962406,True,within_12m,provided_area,True,lbfgs,0.0025382490184634,0.0361622778444711,-0.0246354023122721,0.2312978199588012,0.8757610187850631,0.4194229817373198,0.6579761556637993,0.4805200479700758,-691.3058153624404,,0.980041272400043,0.999999431203118
300,ribonate,Method 4,QXKAIJAYHKCRRA-BXXZVTAOSA-N,HMDB0000867,C01685,0.0,True,within_12m,provided_area,True,lbfgs,-0.0001067308607295,0.0252691569571133,-0.0212832915597341,0.1646535247751466,0.8780286977160665,0.2926955237359728,0.3648696239563463,0.2071924034669289,-484.92342156309337,,0.9814968372046339,0.999999431203118
774,4-hydroxychlorothalonil,Method 3,MDQKYGOECVSPIW-UHFFFAOYSA-N,HMDB0240624,,0.0018796992481203,True,within_12m,provided_area,True,lbfgs,-0.0026626174906715,0.0418307040151996,-0.0027325052743712,0.2754892499887555,0.8793119405758104,0.8811537672159718,1.3926575487056572,0.1568586088818894,-541.9162240198355,,0.9815543189984324,0.999999431203118
962,N-palmitoyl-sphingadienine (d18:2/16:0)*,Method 2,XXWRZIYYFPIQHE-XPAOSYCESA-N,HMDB0240686,,0.0281954887218045,True,within_12m,provided_area,True,lbfgs,0.0002672051959188,0.0448923775252154,0.0018113479492459,0.2973966396961456,0.8800142170330773,0.951517686361222,1.4026693304136493,0.4326511121585304,-726.9025911749238,,0.9815543189984324,0.999999431203118
943,2'-O-methyluridine,Method 3,SXUXMRMBWZCMEN-ZOQUXTDFSA-N,HMDB0240328,,0.0319548872180451,True,within_12m,provided_area,True,lbfgs,-0.0041174397218652,0.0352399083974512,0.0865881558325255,0.2378102179376915,0.8821967652316598,0.0011934356400433,0.8284302163503592,0.3548704200329247,-648.7246941821575,,0.9819548098797904,0.08652408390313925
262,1-myristoyl-2-palmitoyl-GPC (14:0/16:0),Method 2,RFVFQQWKPSOBED-PSXMRANNSA-N,HMDB0007869,,0.0,True,within_12m,provided_area,True,lbfgs,-0.0038380906869114,0.0286545328724292,-0.0222506358049356,0.19355436479614,0.8823081641481467,0.2805500359723503,0.5712263821962087,0.2093995739804612,-520.3117237574688,,0.9819548098797904,0.999999431203118
530,"bilirubin (E,E)*",Method 2,BPYKTIZUTYGOLE-VVCLLGATSA-N,HMDB0240584,,0.0,True,within_12m,provided_area,True,lbfgs,-0.0057846577566664,-0.0391919772700182,-0.0130585439948081,0.27155597876117,0.8852448246152842,0.5667428807011434,1.2683706011036775,0.2483579072537619,-616.4966088604217,,0.9829521013293577,0.999999431203118
523,1-palmitoyl-2-linoleoyl-GPE (16:0/18:2),Method 2,HBZNVZIRJWODIB-NHCUFCNUSA-N,HMDB0005322,,0.0,True,within_12m,provided_area,True,lbfgs,-0.0011526299895726,-0.0264264674461423,-0.0105570331760334,0.1892412248457334,0.8889409993123415,0.5875636354743705,0.5589443224410849,0.1854613849680969,-495.8016336310486,,0.9829521013293577,0.999999431203118
290,saccharin,Method 3,CVHZOJJKTDOEJC-UHFFFAOYSA-N,HMDB0029723,C12283,0.3402255639097744,False,within_12m,provided_area,True,lbfgs,0.0143580577180355,-0.0982488953895241,-0.1389874978584164,0.7046061095510334,0.8891040138211839,0.1628539017357239,5.437177781433743,5.237866658697402,-1308.8737905440355,,0.9829521013293577,0.999999431203118
1092,3-hydroxyhippurate sulfate,Method 3,SBLCKJXUMHOIBU-UHFFFAOYSA-N,,,0.7124060150375939,False,within_12m,provided_area,True,lbfgs,0.005507502335632,-0.0568222319324892,0.0199572316080086,0.4119625998045557,0.890295298153028,0.6771778039090092,2.41394902555934,1.1473229942078231,-953.1003194760854,,0.9829521013293577,0.999999431203118
988,1-cerotoyl-GPC (26:0)*,Method 2,WSDKRPCAPHRNNZ-MGBGTMOVSA-N,HMDB29205,,0.3759398496240601,False,within_12m,provided_area,True,lbfgs,-0.0057929766125627,0.0444689302394033,-0.021544185947658,0.3239179817934061,0.8908058921919032,0.6264964454881878,1.2205140188723698,1.0231348670220484,-883.2732543036616,,0.9829521013293577,0.999999431203118
517,gamma-glutamylalanine,Method 1,WQXXXVRAFAKQJM-WHFBIAKZSA-N,HMDB0029142,C03738,0.0545112781954887,True,within_12m,provided_area,True,lbfgs,0.0014307708248881,-0.0359937332452906,-0.0044300270188519,0.2625893434461399,0.8909736231410355,0.8975152383042009,0.8589700715964863,0.6067335853667158,-755.5847818757245,,0.9829521013293577,0.999999431203118
129,ribose,Method 4,PYMYPHUHKUWMLA-LMVFSUKVSA-N,HMDB0000283,C00121,0.6766917293233082,False,within_12m,provided_area,True,lbfgs,0.0122474364341352,-0.0568657818134751,0.0749781381535028,0.4175631252563015,0.8916751321550702,0.2242016258753971,1.7525487111243057,2.023293171621927,-1044.9668507752306,,0.9829521013293577,0.999999431203118
971,N-palmitoylserine,Method 3,BFVRFWIQTACAPT-KRWDZBQOSA-N,,,0.1259398496240601,True,within_12m,provided_area,True,lbfgs,-0.0089688062037462,-0.0501903064083827,-0.0112018709474555,0.3699553692435438,0.8920854527014509,0.8311939724726486,1.486974764544494,1.4568274631435227,-967.444821610921,,0.9829521013293577,0.999999431203118
25,5-methylthioadenosine (MTA),Method 1,WUUGFSXJNOTRMR-IOSLPCCCSA-N,HMDB0001173,C00170,0.0,True,within_12m,provided_area,True,lbfgs,2.7048718983465144e-05,-0.0215224366355498,-0.0278347362022567,0.1590710347260702,0.8923740606370304,0.0573956533636353,0.4191414963472918,0.1034623055865283,-364.3302929156271,,0.9829521013293577,0.999999431203118
1151,3-ethylcatechol sulfate (1),Method 3,NUPWKYZXNXCOHY-UHFFFAOYSA-N,,,0.1033834586466165,True,within_12m,provided_area,True,lbfgs,-0.0024799500667447,0.0632090388430746,0.0142475544578748,0.4731208559361662,0.8937187295972178,0.8266402838948396,2.5782795749017566,2.2137260912847045,-1087.033974783,,0.9829521013293577,0.999999431203118
476,undecanedioate (C11-DC),Method 3,LWBHHRRTOZQPDM-UHFFFAOYSA-N,HMDB0000888,,0.2650375939849624,False,within_12m,provided_area,True,lbfgs,-0.0097250805827394,0.0508831052787601,-0.0393654238793059,0.3817367734863488,0.8939611133055252,0.4560223028142465,1.66428427917614,1.457256449092715,-974.5614221554026,,0.9829521013293577,0.999999431203118
1080,"sphingomyelin (d17:1/14:0, d16:1/15:0)*",Method 2,VDFACZRLDXDTEB-WSYRTZMQSA-N,,,0.0,True,within_12m,provided_area,True,lbfgs,-0.0003015153540172,-0.0258722227717215,0.0018024666310433,0.1957037798385392,0.894825361210174,0.9170838740745147,0.6455038062755997,0.1440170996984688,-460.6396933217177,,0.9829521013293577,0.999999431203118
1191,2-acrylamidoglycolic acid,Method 1,NEYTXADIGVEHQD-UHFFFAOYSA-N,,,0.0,True,within_12m,provided_area,True,lbfgs,-0.0018613532047688,0.0261958700472462,-0.0060438783056648,0.2010315387213596,0.8963233322140328,0.770491987727534,0.6300103836987622,0.2101445627948236,-528.6240939459342,,0.9832858677044337,0.999999431203118
1219,feruloylquinate (4),Method 3,RAGZUCNPTLULOL-KQJPBSFVSA-N,,,0.6917293233082706,False,within_12m,provided_area,True,lbfgs,0.0006793647994174,0.0603312949053998,0.0570376552221444,0.4668144608068971,0.8971674173638207,0.4393075577436467,1.7982110728332354,2.9924042870415084,-1129.0403464901258,,0.9832858677044337,0.999999431203118
748,3-(3-hydroxyphenyl)propionate sulfate,Method 3,IQWLPDPKVFZEOK-UHFFFAOYSA-N,HMDB0094710,,0.5451127819548872,False,within_12m,provided_area,True,lbfgs,0.0026273673449495,0.0577628471463382,-0.0324512177889574,0.4507671384361988,0.898035467351734,0.5587556240017892,2.7358270459073104,1.5514138298152167,-1020.5521808689044,,0.9832858677044337,0.999999431203118
1258,"bilirubin degradation product, C16H18N2O5 (4)**",Method 3,,,,0.1823308270676691,True,within_12m,provided_area,True,lbfgs,-0.0023579735462229,-0.0643047768017791,0.031200048519341,0.5104390042894749,0.8997482662579902,0.6155682064574975,3.5408366798191064,1.9517328271260797,-1083.6391091407716,,0.9840996662196768,0.999999431203118
11,cholate,Method 3,BHQCQFFYRZLCQQ-OLRQUHAPSA-N,HMDB0000619,C00695,0.0,True,within_12m,provided_area,True,lbfgs,-0.0089780426186914,-0.0537068997586011,0.0422759151442076,0.4497148887051737,0.904939185823635,0.4921564893557795,2.3498272640276903,1.9748825278985151,-1058.0393172477686,,0.9871785717364961,0.999999431203118
768,octadecenedioylcarnitine (C18:1-DC)*,Method 2,CYPBWZKNUDFJJE-PLNGDYQASA-N,,,0.0037593984962406,True,within_12m,provided_area,True,lbfgs,-0.0001704056929754,-0.03057847456703,-0.0005258714266597,0.265518474815382,0.9083142223440632,0.987152140450863,0.9482761031271232,0.539172381285847,-739.2312894847844,,0.9871785717364961,0.999999431203118
27,arachidonate (20:4n6),Method 3,YZXBAPSDXZZRGB-DOFZRALJSA-N,HMDB0001043,C00219,0.0,True,within_12m,provided_area,True,lbfgs,-0.0014448528503835,0.0269455431794594,0.0162052512400014,0.2345197988220376,0.9085270271200144,0.5314613069969654,0.8169929103862208,0.332155900403572,-635.085880211049,,0.9871785717364961,0.999999431203118
200,N-linoleoylglycine,Method 3,YCRHZEHWEYAHCO-HZJYTTRNSA-N,,,0.2086466165413533,False,within_12m,provided_area,True,lbfgs,-0.0131581977181404,-0.0442692644654555,-0.0733145298016769,0.3945813011394227,0.9106703701833768,0.1845033067141128,1.7363353042831648,1.6061719402622383,-996.9731005059527,,0.9871785717364961,0.999999431203118
386,fibrinopeptide A*,Method 3,JWICNZAGYSIBAR-UHFFFAOYSA-N,,,0.2218045112781954,False,within_12m,provided_area,True,lbfgs,0.0025113868783197,0.0451959403366597,-0.036193881196054,0.4044637432666414,0.911027285152608,0.4635370263624762,2.220192625086269,1.2287310334253818,-960.26264032621,,0.9871785717364961,0.999999431203118
771,"5alpha-androstan-3alpha,17beta-diol monosulfate (2)",Method 3,LERFMBCTNMFXCT-ILBJSTGGSA-N,,,0.4172932330827067,False,within_12m,provided_area,True,lbfgs,-0.0050074947174943,0.07147495946798,0.0233019981773021,0.6401665522431359,0.9111004748181136,0.5371884398542904,7.680287232191181,0.666213504979,-949.7702980207544,,0.9871785717364961,0.999999431203118
755,1-palmitoyl-GPG (16:0)*,Method 3,BVJSKAUUFXBDOB-UHFFFAOYSA-N,HMDB0240601,,0.0,True,within_12m,provided_area,True,lbfgs,-0.0027185356953793,-0.023654298869715,-0.0072393637409066,0.2158184583167492,0.9127244210258016,0.7218377464901055,0.7632121435950484,0.1999059005435534,-534.6847217104166,,0.9871785717364961,0.999999431203118
772,myristoleoylcarnitine (C14:1)*,Method 2,ABVVZYXTZLEOHP-OLHLWXQYSA-N,HMDB0240588,,0.0,True,within_12m,provided_area,True,lbfgs,-0.0013735737817265,-0.0325827810241633,0.0007711298586025,0.3052315572807308,0.9149891024318744,0.9834051337979088,1.2717966899464588,0.6912148007307478,-808.5359935575386,,0.9871785717364961,0.999999431203118
324,pyridoxate,Method 3,HXACOUQIXZGNBF-UHFFFAOYSA-N,HMDB0000017,C00847,0.0,True,within_12m,provided_area,True,lbfgs,0.0065105027735667,-0.0418246312008832,-0.0656372155164462,0.3921275029512211,0.9150580861878038,0.1278762787068499,2.29475455007977,0.916315830844204,-906.382479721057,,0.9871785717364961,0.999999431203118
777,3-hydroxypyridine sulfate,Method 3,BDERIBJTVYFANV-UHFFFAOYSA-N,,,0.0056390977443609,True,within_12m,provided_area,True,lbfgs,0.0033430987661864,-0.0647379969229615,-0.0308249432826398,0.6115264034410457,0.9156910802620912,0.7064588070919968,4.510788749213897,3.461976718674502,-1213.279219694157,,0.9871785717364961,0.999999431203118
513,methylphosphate,Method 1,CAAULPUQFIIOTL-UHFFFAOYSA-N,HMDB61711,,0.0,True,within_12m,provided_area,True,lbfgs,-0.0019751202222641,-0.02007150055921,-0.019491983869285,0.1933122252927611,0.917304701092466,0.2402608668437823,0.637374108613609,0.1319606318519149,-443.6099239985733,,0.9871785717364961,0.999999431203118
1254,"bilirubin degradation product, C17H20N2O5 (1)**",Method 3,,,,0.037593984962406,True,within_12m,provided_area,True,lbfgs,-0.0026210823379665,-0.0523801723205441,0.0190732808785056,0.5170329616424534,0.9193050491489302,0.6714147835812279,4.537011212759117,0.969421516667242,-971.4338178937826,,0.9871785717364961,0.999999431203118
984,glycosyl-N-(2-hydroxynervonoyl)-sphingosine (d18:1/24:1(2OH))*,Method 2,KNDOGXSGCOJBRQ-UHRQUHAFSA-N,,,0.0056390977443609,True,within_12m,provided_area,True,lbfgs,-0.0037218075063596,0.0231955161265934,0.0177661417664527,0.2364369177153203,0.9218493460785878,0.4517316100114291,0.8884202406346879,0.2713262667261658,-603.5744027986148,,0.9871785717364961,0.999999431203118
216,4-acetaminophen sulfate,Method 3,IGTYILLPRJOVFY-UHFFFAOYSA-N,HMDB0059911,C06804,0.5676691729323309,False,within_12m,provided_area,True,lbfgs,0.0123708676769301,-0.1090472274308734,-0.2444506275418848,1.133251341555078,0.9233417937543964,0.0927276263153272,16.403332390536878,10.83197676681832,-1526.827926532979,,0.9871785717364961,0.999999431203118
1130,citalopram propionate*,Method 3,JSYNRZJODZWUKX-UHFFFAOYSA-N,HMDB60463,C16610,0.9097744360902256,False,within_12m,provided_area,True,lbfgs,-0.0018511926996939,-0.0265250672647042,-0.0039978103178411,0.2808442207001546,0.9247535922937964,0.8722733945099094,1.3289753007750784,0.2969517931125724,-653.0024851670148,,0.9871785717364961,0.999999431203118
838,phenol glucuronide,Method 3,WVHAUDNUGBNUDZ-GOVZDWNOSA-N,HMDB0060014,,0.5469924812030075,False,within_12m,provided_area,True,lbfgs,0.0022350375131259,0.0469905335599323,-0.0074009563878946,0.4998862267160075,0.9251072049324428,0.9137085442384442,2.9092937279313857,2.4349566705719075,-1114.012542950241,,0.9871785717364961,0.999999431203118
161,vanillylmandelate (VMA),Method 3,CGQCWMIAEPEHNQ-UHFFFAOYSA-N,HMDB0000291,C05584,0.0075187969924812,True,within_12m,provided_area,True,lbfgs,0.0039206481059444,0.0236554096420569,-0.0153779941361492,0.251864282633484,0.9251717090185136,0.3709749202181809,1.1570061240891325,0.1390485776430843,-504.16485698000247,,0.9871785717364961,0.999999431203118
346,guanidinosuccinate,Method 4,VVHOUVWJCQOYGG-UHFFFAOYSA-N,HMDB0003157,C03139,0.3890977443609023,False,within_12m,provided_area,True,lbfgs,0.0016627606684155,-0.0410632403363114,-0.038057688829579,0.4375091368628462,0.9252228513800524,0.3336885365434059,3.202953350809046,0.7460515789136163,-894.6098800353013,,0.9871785717364961,0.999999431203118
457,N-acetylcitrulline,Method 3,WMQMIOYQXNRROC-LURJTMIESA-N,HMDB0000856,"C15532,C02851",0.0883458646616541,True,within_12m,provided_area,True,lbfgs,-0.0032532699669165,-0.0395784257783842,-0.0112515601998541,0.4248863840890415,0.9257839113687888,0.7701669487368923,3.011268164470877,0.714418948721383,-881.5694396646725,,0.9871785717364961,0.999999431203118
696,2-hydroxydecanoate,Method 3,GHPVDCPCKSNJDR-UHFFFAOYSA-N,HMDB0094656,,0.0,True,within_12m,provided_area,True,lbfgs,-0.0036095477339554,-0.0289499579595838,-0.0229000411905728,0.3180894563927881,0.9274830551245556,0.4453519052266442,1.6566014859520166,0.4357776116694021,-741.6250390775215,,0.9871785717364961,0.999999431203118
197,ibuprofen,Method 3,HEFNNWSXXWATRW-UHFFFAOYSA-N,HMDB0001925,C01588,0.9586466165413534,False,within_12m,provided_area,True,lbfgs,0.0039950035089657,-0.0163623292911797,-0.1317186280351216,0.1803213735838729,0.9276993279771636,2.2284033594773654e-07,0.3602925005321233,0.3381566529413973,-581.6108582606068,,0.9871785717364961,7.539431366231753e-05
385,erythronate*,Method 4,JPIJQSOTBSSVTP-PWNYCUMCSA-N,HMDB0000613,,0.0,True,within_12m,provided_area,True,lbfgs,0.0015723259357014,-0.0127904793449041,-0.0100949362371746,0.1413216974332141,0.9278850261438698,0.4678309190504116,0.3199080001399508,0.0940890928864506,-324.86846103024686,,0.9871785717364961,0.999999431203118
907,1-oleoyl-2-arachidonoyl-GPE (18:1/20:4)*,Method 2,PECSWFQRRFRZPW-BHPGJWMBSA-N,HMDB0009069,,0.1334586466165413,True,within_12m,provided_area,True,lbfgs,0.0044655406901992,-0.0302303821829134,0.052890661910382,0.3407518087932618,0.9293070457569216,0.2713301760465154,1.2758230124470455,1.2200830586134572,-921.7670897613204,,0.9871785717364961,0.999999431203118
1150,tetrahydrocortisol sulfate (1),Method 3,UCVZOQFWMUAZJZ-GXBDJPPSSA-N,,,0.3327067669172932,False,within_12m,provided_area,True,lbfgs,-0.0005838019310999,0.0369552706904869,0.0412353655846305,0.4227130540504644,0.9303344844196758,0.3810757592408647,2.6393984034879185,1.0960645674858198,-951.047054805402,,0.9871785717364961,0.999999431203118
467,hydroquinone sulfate,Method 3,FPXPQMOQWJZYBL-UHFFFAOYSA-N,HMDB0240263,C00530,0.1033834586466165,True,within_12m,provided_area,True,lbfgs,0.0043356877422638,0.0386823051246023,-0.014976547829748,0.4646370123938015,0.9336505765331372,0.8266165653517504,2.168876404471946,2.506601032453767,-1101.8822795573467,,0.9871785717364961,0.999999431203118
832,suberoylcarnitine (C8-DC),Method 1,YVWVEIPYMGBQPE-UHFFFAOYSA-N,,,0.0526315789473684,True,within_12m,provided_area,True,lbfgs,0.0041812603272103,-0.0335173562395147,-0.0024079418489073,0.4034004834716621,0.9337823226477092,0.9552805468864364,2.4828352886190457,0.9078347151640972,-910.6830941239892,,0.9871785717364961,0.999999431203118
146,phosphoethanolamine,Method 1,SUHOOTKUPISOBE-UHFFFAOYSA-N,HMDB0000224,C00346,0.0357142857142857,True,within_12m,provided_area,True,lbfgs,-0.0032857514378535,0.0221763830184106,0.0134646723106861,0.2705716282251127,0.9346775449407616,0.6888320531635901,0.972444005474085,0.5740950637888467,-753.2623510802698,,0.9871785717364961,0.999999431203118
596,oxypurinol,Method 4,HXNFUBHNUDHIGC-UHFFFAOYSA-N,HMDB0000786,D02365,0.9605263157894736,False,within_12m,provided_area,True,lbfgs,-0.0008158237804649,0.0119775435589143,0.0013852870987887,0.1497367228007101,0.9362446616961017,0.8217890032857184,0.4370387284071664,0.0174778696751302,-51.52636065450611,,0.9871785717364961,0.999999431203118
99,glutamine,Method 1,ZDXPYRJPNDTMRX-VKHMYHEASA-N,HMDB0000641,C00064,0.0,True,within_12m,provided_area,True,lbfgs,-5.618636233697882e-05,-0.0067834511006379,-0.0144583529815768,0.085567816812673,0.9368133105759446,0.026329157482925,0.1299814868293223,0.0200756903272117,32.406272657560066,,0.9871785717364961,0.6736113659897806
879,1-(1-enyl-palmitoyl)-2-oleoyl-GPE (P-16:0/18:1)*,Method 2,ZVVYJAAMWXATNY-PRWZWGSOSA-N,HMDB0011342,,0.0056390977443609,True,within_12m,provided_area,True,lbfgs,0.0006800047003548,0.0135817529629767,0.0208749693653776,0.1724653281594001,0.9372309748799637,0.3135795757032875,0.4104198265595686,0.2156862299696424,-501.1699302238224,,0.9871785717364961,0.999999431203118
1168,fibrinopeptide A (3-16)**,Method 3,RTIAWGDTSQOGQP-UHFFFAOYSA-N,,,0.0037593984962406,True,within_12m,provided_area,True,lbfgs,0.0030208511453746,-0.0214902522522841,-0.0341871578777494,0.274568265674623,0.9376138772787906,0.3405723189712479,0.9405667794663028,0.6616402523140335,-778.907084564288,,0.9871785717364961,0.999999431203118
348,I-urobilinogen,Method 3,OBHRVMZSZIDDEK-UHFFFAOYSA-N,HMDB0004157,C05789,0.225563909774436,False,within_12m,provided_area,True,lbfgs,-0.000395143178799,-0.0564771691861905,0.0729864841141709,0.7243135390118642,0.937849234373379,0.4455360470118522,6.4364296460451005,4.728340045732728,-1299.1095968206052,,0.9871785717364961,0.999999431203118
825,N-desmethyl tramadol,Method 1,VUMQHLSPUAFKKK-DZGCQCFKSA-N,HMDB0061007,,0.8834586466165414,False,within_12m,provided_area,True,lbfgs,-0.0023327570317616,0.0358618268662675,0.0006803872924241,0.4609712047108278,0.9379901367557352,0.9912751745267738,2.523999860869989,2.0123898319750784,-1066.4644631651238,,0.9871785717364961,0.999999431203118
1250,"bilirubin degradation product, C16H18N2O5 (2)**",Method 3,,,,0.0695488721804511,True,within_12m,provided_area,True,lbfgs,-0.0075582086256472,0.0330531927064141,0.0202091070649672,0.4306280078141608,0.9388178218247306,0.6606301608983323,2.8209984259431637,1.044040094391306,-946.930722006922,,0.9871785717364961,0.999999431203118
992,trazadone,Method 1,PHLBKPHSAVXXEF-UHFFFAOYSA-N,HMDB0014794,"C07156,D08626",0.9360902255639098,False,within_12m,provided_area,True,lbfgs,-0.0077734326911205,0.0338026489552521,-0.0122219316089153,0.4460453304135467,0.9395917489662376,0.8099826904773535,2.880672694776606,1.2871493232761737,-988.2806953262382,,0.9871785717364961,0.999999431203118
469,cholesterol sulfate,Method 4,BHYOQNUELFTYRT-UHFFFAOYSA-N,HMDB00653,C18043,0.0,True,within_12m,provided_area,True,lbfgs,-0.0045945189614032,0.0093967555866078,0.0031361768389837,0.1283557142380824,0.9416400395889476,0.8088243267405122,0.2600402786715068,0.0820020928735113,-282.73873903361687,,0.9871785717364961,0.999999431203118
1051,methylnaphthyl sulfate (2)*,Method 3,SBYDEYGHJXSIDV-UHFFFAOYSA-N,,,0.5639097744360902,False,within_12m,provided_area,True,lbfgs,-0.0109848340562557,0.0391555837569622,0.0106281061537928,0.5628752146622241,0.9445410698528238,0.8673717361002253,4.616728566810485,2.015976870275288,-1109.3506839391232,,0.9871785717364961,0.999999431203118
769,octadecanedioylcarnitine (C18-DC)*,Method 2,ULCCGBCYWCYNIC-UHFFFAOYSA-N,,,0.0,True,within_12m,provided_area,True,lbfgs,7.203884982265997e-05,-0.0177161046484237,0.0102370395425302,0.2583197601460964,0.9453222889348192,0.6794194975530619,1.0839350386072923,0.2971645304744665,-636.4367738177791,,0.9871785717364961,0.999999431203118
1034,3-hydroxyoleoylcarnitine,Method 2,YBCVTTMMURGSEY-LMLDZDDJSA-N,,,0.0131578947368421,True,within_12m,provided_area,True,lbfgs,0.0011501652419715,-0.0188972778278886,0.0079441614373704,0.2768814937769779,0.9455862923383048,0.8294528951464007,0.931970087923657,0.7012971357273219,-789.8743901124715,,0.9871785717364961,0.999999431203118
605,hydroxycotinine,Method 1,XOKCJXZZNAUIQN-IENPIDJESA-N,HMDB0001390,,0.7481203007518797,False,within_12m,provided_area,True,lbfgs,0.0034096097153943,-0.0415147420071922,-0.0234367666762431,0.6091821422244267,0.9456675627457526,0.337986512696269,7.245123873646567,0.2763821207432254,-790.2453491345939,,0.9871785717364961,0.999999431203118
849,2-methylcitrate/homocitrate,Method 3,YNOXCRMFGMSKIJ-UHFFFAOYSA-N,"HMDB0003518,HMDB0000379",C01251,0.0018796992481203,True,within_12m,provided_area,True,lbfgs,0.0022426667130062,0.0142904961779562,-0.0174823166516188,0.2153272038760666,0.9470861022458906,0.2208144021405993,0.8508497254210383,0.0957796536097935,-410.74921666934506,,0.9871785717364961,0.999999431203118
1109,2-naphthol sulfate,Method 3,HXEZIDSFDHEIIQ-UHFFFAOYSA-N,,,0.0206766917293233,True,within_12m,provided_area,True,lbfgs,0.0012979284313318,-0.0274386124184325,-0.032115390939058,0.4138436350211459,0.9471374838218342,0.4970889763921645,2.4730796893631317,1.1154005534012583,-949.48712119576,,0.9871785717364961,0.999999431203118
691,margaroylcarnitine (C17)*,Method 2,DWSFAVOTORHAAL-UHFFFAOYSA-N,HMDB0006210,,0.0,True,within_12m,provided_area,True,lbfgs,0.0001725398575163,-0.0155182138204934,0.0149467499574892,0.2375650490825719,0.9479176608555636,0.4537674712428958,0.9710669378194132,0.1896598565392969,-544.9868792841389,,0.9871785717364961,0.999999431203118
65,3-sulfo-alanine,Method 4,XVOYSCVBGLVSOL-UHFFFAOYSA-N,HMDB0002757,C00506,0.0507518796992481,True,within_12m,provided_area,True,lbfgs,-0.006874468519961,-0.0227995285532255,-0.0413964851341741,0.3513137619361635,0.9482552854611174,0.3246128356916269,1.707919750824514,0.8892906257776185,-878.6555593867554,,0.9871785717364961,0.999999431203118
39,cholesterol,Method 2,HVYWMOMLDIMFJA-LBHVWCRMSA-N,HMDB0000067,C00187,0.0,True,within_12m,provided_area,True,lbfgs,-0.0019441010820661,0.0092185647626616,-0.0087792021886068,0.1421983662709793,0.9483102248373946,0.4640456409128799,0.347222460197636,0.0687392656440082,-273.8838385957806,,0.9871785717364961,0.999999431203118
378,alpha-hydroxyisovalerate,Method 4,NGEWQZIDQIYUNV-UHFFFAOYSA-N,HMDB0000407,,0.0,True,within_12m,provided_area,True,lbfgs,-0.0004485306304528,-0.0165956025988667,-0.0165227880318028,0.2575455055592245,0.948621827831726,0.5215479059646988,1.0522526119531534,0.3241210782084161,-650.1869891848908,,0.9871785717364961,0.999999431203118
503,N6-carboxymethyllysine,Method 1,NUXSIDPKKIEIMI-UHFFFAOYSA-N,HMDB0240347,,0.2462406015037594,False,within_12m,provided_area,True,lbfgs,0.0029254977856013,-0.0334549752899965,0.0010292105516944,0.5215124293879689,0.948850861402216,0.9888761138817443,2.969592765771924,2.8794067967861325,-1149.3157044097914,,0.9871785717364961,0.999999431203118
734,benzoylcarnitine*,Method 1,AWUHAZDZHNWQAG-UHFFFAOYSA-N,,,0.075187969924812,True,within_12m,provided_area,True,lbfgs,0.0013981989783098,0.0236112152925393,-0.013015497371731,0.3709440435179106,0.9492475724283944,0.7475340973676676,2.063831863258729,0.8083171812399279,-874.5034698751867,,0.9871785717364961,0.999999431203118
8,3-hydroxyisobutyrate,Method 4,DBXBTMSZEOQQDU-UHFFFAOYSA-N,"HMDB0000023,HMDB0000336","C01188,C06001",0.0150375939849624,True,within_12m,provided_area,True,lbfgs,0.0006598983559783,0.0149135558425663,-0.0099656246611048,0.2479160031222436,0.9520316436931217,0.7441536699232991,0.8253751738015537,0.4718339693210754,-703.3608337021594,,0.9877742536076788,0.999999431203118
6,alpha-ketoglutarate,Method 4,KPGXRSRHYNQIFN-UHFFFAOYSA-N,HMDB0000208,C00026,0.0,True,within_12m,provided_area,True,lbfgs,-0.0013503305551694,0.0091895845203823,0.0053436647652992,0.1580574804554864,0.9536364949893686,0.7416947364556306,0.3906432503366841,0.1285459112795767,-398.9505409459407,,0.9877742536076788,0.999999431203118
260,"1,2-dipalmitoyl-GPC (16:0/16:0)",Method 2,KILNVBDSWZSGLL-KXQOOQHDSA-N,HMDB0000564,D03585,0.0,True,within_12m,provided_area,True,lbfgs,-0.0045910596897887,-0.0073996138574101,-0.0070742675418783,0.135838678939032,0.9565578884409428,0.4354816882937954,0.3381308255526182,0.0386610196700725,-168.05902275240896,,0.9877742536076788,0.999999431203118
682,(R)-3-hydroxybutyrylcarnitine,Method 1,UEFRDQSMQXDWTO-UHFFFAOYSA-N,HMDB0013127,,0.0545112781954887,True,within_12m,provided_area,True,lbfgs,0.0092127756091694,0.0183301676907791,0.0176184481912439,0.3365577113264733,0.9565657537778296,0.711110076866875,1.2425113910009238,1.192700594630986,-915.4961843464296,,0.9877742536076788,0.999999431203118
889,myristoyl dihydrosphingomyelin (d18:0/14:0)*,Method 2,MJAFYELZQYPMQG-MPQUPPDSSA-N,HMDB0012085,,0.0,True,within_12m,provided_area,True,lbfgs,-0.0032987151803408,0.0092047912289221,-0.0005347515340176,0.1789150877384257,0.9589686803519212,0.9731265392109184,0.5391095595366316,0.1208093335658577,-413.534219810598,,0.9877742536076788,0.999999431203118
529,succinylcarnitine (C4-DC),Method 1,HAEVNYBCYZZDFL-UHFFFAOYSA-N,HMDB0061717,,0.0093984962406015,True,within_12m,provided_area,True,lbfgs,-0.004404892078201,-0.0097769753156192,-0.0099289196930695,0.1943662693578684,0.9598818807539108,0.6310971383526857,0.5766080852112698,0.210517660907185,-522.0421920315318,,0.9877742536076788,0.999999431203118
701,2-hydroxyibuprofen,Method 3,UJHKVYPPCJBOSG-UHFFFAOYSA-N,HMDB0060920,,0.8627819548872181,False,within_12m,provided_area,True,lbfgs,0.0085574685732406,-0.0260927233224797,-0.1847289997786484,0.526286686462664,0.96045794870779,0.0026465489506463,3.9382185896135664,1.8747535046970256,-1083.6016876960327,,0.9877742536076788,0.16789044905662465
1255,"bilirubin degradation product, C17H20N2O5 (2)**",Method 3,,,,0.0093984962406015,True,within_12m,provided_area,True,lbfgs,-0.0025008709700196,0.0224717708069569,0.0232935744493919,0.4576985711373834,0.960841743349025,0.5708430202330219,3.5087092068294337,0.8127232875830924,-917.8390198369086,,0.9877742536076788,0.999999431203118
28,arginine,Method 1,ODKSFYDXXFIFQN-UHFFFAOYSA-N,HMDB0000517,C00062,0.0,True,within_12m,provided_area,True,lbfgs,-0.0024075923588668,0.004377912565198,-0.0161727523228356,0.0915107435394655,0.9618434215263232,0.0631904729587867,0.1365688542824414,0.03668294715942,-81.62780925545962,,0.9877742536076788,0.999999431203118
122,adenine,Method 1,GFFGJBXGBJISGV-UHFFFAOYSA-N,HMDB0000034,C00147,0.0,True,within_12m,provided_area,True,lbfgs,-0.0029542223170057,0.0055566526200426,-0.0387401198486917,0.1162069246467461,0.9618621833132822,0.0069984377790032,0.1804289974738458,0.1047053362360022,-301.83826349543824,,0.9877742536076788,0.3025043773886387
590,ibuprofen acyl glucuronide,Method 3,ABOLXXZAJIAUGR-JPMMFUSZSA-N,HMDB0010343,,0.9360902255639098,False,within_12m,provided_area,True,lbfgs,0.0072763694432229,0.0167454904272777,-0.199531693106868,0.3515123516165958,0.9620044179699876,6.846319128592293e-07,1.7883630494561673,0.8001626991246511,-861.7310797616462,,0.9877742536076788,0.00013898027831042354
492,indoleacetylglutamine,Method 3,DVJIJAYHBZALOJ-UHFFFAOYSA-N,HMDB0013240,,0.1578947368421052,True,within_12m,provided_area,True,lbfgs,0.007319896939945,-0.0205885171890114,-0.0243444173000249,0.4451096484125066,0.9631070586896128,0.6238704478549498,2.921323194644185,1.2214034220524403,-979.3337896488058,,0.9877742536076788,0.999999431203118
183,2-hydroxystearate,Method 3,KIHBGTRZFAVZRV-QGZVFWFLSA-N,HMDB0062549,"C03042,C03045",0.0,True,within_12m,provided_area,True,lbfgs,-0.0020455561253234,0.0110583241993594,0.0097271835999825,0.245517535229033,0.9640747298067114,0.5547872999753568,1.1035345712729323,0.1274971296418192,-484.5512785634492,,0.9877742536076788,0.999999431203118
132,dihydroorotate,Method 4,UFIVEPVSAGBUSI-UHFFFAOYSA-N,HMDB03349,C00337,0.0018796992481203,True,within_12m,provided_area,True,lbfgs,0.0017651874014497,-0.0076091170646647,-0.0055548445324565,0.1690612271398162,0.964100888240554,0.7922976819275964,0.3781969987896331,0.2259017191745906,-504.34116698457024,,0.9877742536076788,0.999999431203118
1128,desmethylcitalopram*,Method 2,PTJADDMMFYXMMG-UHFFFAOYSA-N,HMDB0014021,C16608,0.9097744360902256,False,within_12m,provided_area,True,lbfgs,-0.0021456937994394,-0.0112537821005022,0.0081813151740317,0.2522692786957213,0.9644180150987288,0.7580606520845736,0.9784023750251668,0.3464930039371759,-656.9552740246402,,0.9877742536076788,0.999999431203118
171,oleoyl ethanolamide,Method 3,BOWVQLFMWHZBEF-KTKRTIGZSA-N,HMDB0002088,,0.0,True,within_12m,provided_area,True,lbfgs,-0.0006931301802531,0.0119034131757578,0.00975775918321,0.2744757203676641,0.9654083308106576,0.7199598788136595,1.2019046829277724,0.3604341363991122,-680.5694262389995,,0.987791790093566,0.999999431203118
700,3-methyl catechol sulfate (1),Method 3,HFDKYCXWNHNKAF-UHFFFAOYSA-N,,,0.0150375939849624,True,within_12m,provided_area,True,lbfgs,-0.0029471800432422,-0.0198847574690492,0.0326372025090011,0.4827665985451082,0.9671450841799496,0.6297931819871214,2.590456072486907,2.414068477698727,-1104.8940171540428,,0.9885722663067964,0.999999431203118
1118,2-hydroxyfluorene sulfate,Method 3,ZAEQSKSORYMOAE-UHFFFAOYSA-N,,,0.3646616541353383,False,within_12m,provided_area,True,lbfgs,-0.0159340434684814,-0.0164138801071493,0.0467459355626558,0.4643864056028703,0.9718043960619172,0.40278039853961,2.9667321231586548,1.5740432925737342,-1029.1758357836572,,0.9922076162721797,0.999999431203118
536,glycocholenate sulfate*,Method 3,HCXZDHWUVRQLGC-UHFFFAOYSA-N,,,0.0,True,within_12m,provided_area,True,lbfgs,-0.0023978324346118,-0.0079740338601669,-0.0003345038824066,0.2362143265695345,0.9730704297081798,0.9871233918704292,0.9435148287904004,0.2062295653132142,-557.8533476734194,,0.9922076162721797,0.999999431203118
114,pyruvate,Method 4,LCTONWCANYUPML-UHFFFAOYSA-N,HMDB0000243,C00022,0.0,True,within_12m,provided_area,True,lbfgs,-0.0070591010634432,0.0086755838027514,0.0179088708834001,0.2950270853024819,0.9765407407133124,0.511121556696398,1.439505339758979,0.358476526590875,-694.1550531375767,,0.9922076162721797,0.999999431203118
214,azelate (C9-DC),Method 3,BDJRBEYXGGNYIS-UHFFFAOYSA-N,HMDB0000784,C08261,0.0357142857142857,True,within_12m,provided_area,True,lbfgs,-0.005917295988777,0.0087225847934207,0.0162044789403265,0.3013852162327235,0.9769111293459096,0.6759018824605265,1.156616083117756,0.7702324737360641,-823.0617586815613,,0.9922076162721797,0.999999431203118
1262,perfluorohexanesulfonate (PFHxS),Method 3,QZHDEAJFRJCDMF-UHFFFAOYSA-N,HMDB0094700,,0.0169172932330827,True,within_12m,provided_area,True,lbfgs,-0.0058461418372949,-0.0097117224544017,0.0492900532120892,0.3446069228685516,0.9775169699406429,0.0080025660028714,2.2541532849119,0.1608207485475672,-589.222231607328,,0.9922076162721797,0.3249041797165788
519,1-stearoyl-2-oleoyl-GPE (18:0/18:1),Method 2,JQKOHRZNEOQNJE-AYBNWLFXSA-N,HMDB0008993,,0.0,True,within_12m,provided_area,True,lbfgs,-0.0019319191626465,0.0062005567494151,-0.0189743458089497,0.2367192229578186,0.9791028258746968,0.4775325397586251,0.8179044934546025,0.3549868527717866,-647.8246774158317,,0.9922076162721797,0.999999431203118
1197,pregnenetriol disulfate*,Method 3,KANYWSIUKWPEOE-HXOPQMAFSA-N,,,0.0,True,within_12m,provided_area,True,lbfgs,-0.0021361984931103,-0.0087802474789683,0.0042671643456131,0.3407704356601258,0.9794440828824142,0.8849176648871375,1.975895640932117,0.4154143237594598,-747.3686521496122,,0.9922076162721797,0.999999431203118
1033,hydroxy-CMPF*,Method 3,OZOJARPUDFLESM-UHFFFAOYSA-N,,,0.0,True,within_12m,provided_area,True,lbfgs,0.0049271092988533,0.0119370040125361,-0.0334584003933841,0.4874274041878713,0.9804619125469533,0.3203601442139334,4.321965659239922,0.5336006698028507,-859.5298220155789,,0.9922076162721797,0.999999431203118
354,decanoylcarnitine (C10),Method 2,LZOSYCMHQXPBFU-UHFFFAOYSA-N,HMDB0000651,,0.0,True,within_12m,provided_area,True,lbfgs,0.0032837336938222,-0.0067652282310998,0.001271211915473,0.2817903782687372,0.9808462137990702,0.9695291091759372,1.115951351596649,0.5524183145245203,-755.6929805717248,,0.9922076162721797,0.999999431203118
1060,carboxyibuprofen glucuronide*,Method 4,FLVLKWAQHDRIPH-UHFFFAOYSA-N,HMDB60564,,0.9605263157894736,False,within_12m,provided_area,True,lbfgs,0.0054590537072055,0.0059373975034221,-0.1295761193161503,0.2500220965931455,0.9810540242856556,0.0001592777249741,0.7279192148268898,0.6090141313118261,-745.4020595650416,,0.9922076162721797,0.01616668908487115
1102,glucuronide of piperine metabolite C17H21NO3 (4)*,Method 3,,,,0.0131578947368421,True,within_12m,provided_area,True,lbfgs,-0.0040445578386107,0.0087726028799178,-0.0370534816685651,0.3773930140783021,0.981454627327358,0.3138658241835713,2.293615658196212,0.6570311376885941,-843.9521647614717,,0.9922076162721797,0.999999431203118
724,3-hydroxyadipate,Method 4,YVOMYDHIQVMMTA-UHFFFAOYSA-N,HMDB0000345,,0.0996240601503759,True,within_12m,provided_area,True,lbfgs,0.0127610291127149,0.0049742272136452,-0.0016722826779278,0.3176230094878944,0.9875050082986588,0.972430494751095,0.9252872205604024,1.2751400408112177,-912.1300088173788,,0.9957547844394621,0.999999431203118
218,methylsuccinate,Method 4,WXUAQHNMJWJLTG-UHFFFAOYSA-N,HMDB0001844,,0.0018796992481203,True,within_12m,provided_area,True,lbfgs,0.0041396835395733,-0.0026298838349783,0.0351657221884759,0.1787924641418345,0.9882642254790716,0.1312657264802879,0.3997942792313222,0.2793945621697787,-550.0334423161901,,0.9957547844394621,0.999999431203118
1116,deoxycholic acid glucuronide,Method 3,NNEIBJNHWVDJBA-WOSXBVGSSA-N,,,0.0,True,within_12m,provided_area,True,lbfgs,-0.0035480254648519,-0.0052436393899627,0.0155486813320614,0.3990507624221652,0.9895158738999784,0.5953691446489389,2.8547460387448296,0.4051649873695034,-774.1607475108774,,0.9957547844394621,0.999999431203118
304,indoleacetate,Method 3,SEOVTRFCIGRIMH-UHFFFAOYSA-N,HMDB0000197,C00954,0.0,True,within_12m,provided_area,True,lbfgs,0.0008000036830534,0.0027933323041303,-0.0119600653535137,0.2347550706186141,0.9905062577730182,0.6833066024890209,0.7282307329213095,0.4367152155365869,-679.4036370943002,,0.9957547844394621,0.999999431203118
364,myristoylcarnitine (C14),Method 2,PSHXNVGSVNEJBD-UHFFFAOYSA-N,HMDB0005066,,0.0,True,within_12m,provided_area,True,lbfgs,-0.0004650566557018,-0.0025929249638822,0.011191970267072,0.2278796341637645,0.9909214785162754,0.6343321678490961,0.809674669319359,0.2697986897324421,-595.1721624154311,,0.9957547844394621,0.999999431203118
119,cotinine,Method 1,UIKROCXWUNQSPJ-VIFPVBQESA-N,HMDB0001046,,0.674812030075188,False,within_12m,provided_area,True,lbfgs,0.0038770288950823,0.0100060043952419,-0.0162728313846494,1.0118525341956002,0.9921100100689788,0.7109787900998223,19.873338477577,0.8923495786584014,-1087.0760383640493,,0.9957547844394621,0.999999431203118
157,methyl indole-3-acetate,Method 1,KTHADMDGDNYQRX-UHFFFAOYSA-N,HMDB0029738,,0.0131578947368421,True,within_12m,provided_area,True,lbfgs,-3.676738487212557e-05,0.0027146310610477,-0.0293007203523789,0.2865832027338208,0.9924422303854488,0.4476160395882494,0.9808011144826836,0.771749943805867,-812.389323426258,,0.9957547844394621,0.999999431203118
853,pregabalin,Method 1,AYXYPKUFHZROOJ-UHFFFAOYSA-N,HMDB0014375,,0.9398496240601504,False,within_12m,provided_area,True,lbfgs,-0.0037997983057373,-0.002484283685597,-0.0094033943058784,0.3035843187610453,0.99347084367457,0.8098209010231978,1.1723015416927782,0.7826828355909744,-827.1513734963426,,0.9957547844394621,0.999999431203118
719,2-aminophenol sulfate,Method 3,VSTZVCJQGSLNLL-UHFFFAOYSA-N,HMDB0061116,,0.0056390977443609,True,within_12m,provided_area,True,lbfgs,0.0091804490503841,0.0035031168593067,-0.0757751372096482,0.4502855322487925,0.993792706046478,0.2091701560833434,2.4360807571449885,1.888152961670672,-1051.369802912366,,0.9957547844394621,0.999999431203118
620,sertraline,Method 2,VGKDLMBJGBXTGI-SJCJKPOMSA-N,HMDB0005010,C07246,0.9266917293233082,False,within_12m,provided_area,True,lbfgs,-0.0034662622868363,-0.0008423331954205,-0.0064626097928829,0.1791824975951807,0.996249175085272,0.7673731862550962,0.4357031421099843,0.2411427086784565,-527.1191396946299,,0.9972316693407802,0.999999431203118
1170,fibrinopeptide A (8-16)**,Method 3,IVDQZJOLQPZCET-UHFFFAOYSA-N,,,0.0056390977443609,True,within_12m,provided_area,True,lbfgs,0.0007960146878139,-0.0008751545024706,-0.0366411230490089,0.2713634935887534,0.9974268054771316,0.2071759539538977,1.119982674992524,0.4148440043190032,-701.3619065057344,,0.9974268054771316,0.999999431203118
10,homovanillate (HVA),Method 3,QRMZSPFSDQBLIX-UHFFFAOYSA-N,HMDB0000118,C05582,0.3082706766917293,False,within_12m,provided_area,False,failed,,,,,,,,,,LinAlgError: Singular matrix,,
12,4-hydroxyphenylacetate,Method 3,XQXPVVBIMDBYFF-UHFFFAOYSA-N,HMDB0000020,C00642,0.0733082706766917,True,within_12m,provided_area,False,failed,,,,,,,,,,LinAlgError: Singular matrix,,
16,linoleate (18:2n6),Method 3,OYHQOLUKZRVURQ-HZJYTTRNSA-N,"HMDB0006270,HMDB0000673",C01595,0.0,True,within_12m,provided_area,False,failed,,,,,,,,,,LinAlgError: Singular matrix,,
17,laurate (12:0),Method 3,POULHZVOKOAJMA-UHFFFAOYSA-N,HMDB0000638,C02679,0.0,True,within_12m,provided_area,False,failed,,,,,,,,,,LinAlgError: Singular matrix,,
23,"adenosine 3',5'-cyclic monophosphate (cAMP)",Method 3,IVOMOUWHDPKRLL-UHFFFAOYSA-N,HMDB0000058,C00575,0.362781954887218,False,within_12m,provided_area,False,failed,,,,,,,,,,LinAlgError: Singular matrix,,
24,adenosine 5'-monophosphate (AMP),Method 1,UDMBCSSLTHHNCD-UHFFFAOYSA-N,HMDB0000045,C00020,0.3289473684210526,False,within_12m,provided_area,False,failed,,,,,,,,,,LinAlgError: Singular matrix,,
38,3-hydroxybutyrate (BHBA),Method 4,WHBMMWSBFZVSSR-UHFFFAOYSA-N,"HMDB0000442,HMDB0000357,HMDB0000011","C03197,C01089",0.0,True,within_12m,provided_area,False,failed,,,,,,,,,,LinAlgError: Singular matrix,,
41,corticosterone,Method 3,OMFXVFTZEKFJBZ-UHFFFAOYSA-N,HMDB0001547,C02140,0.4962406015037593,False,within_12m,provided_area,False,failed,,,,,,,,,,LinAlgError: Singular matrix,,
45,cystine,Method 1,LEVWYRKDKASIDU-UHFFFAOYSA-N,HMDB0000192,C00491,0.0,True,within_12m,provided_area,False,failed,,,,,,,,,,LinAlgError: Singular matrix,,
52,gamma-glutamylglutamate,Method 1,OWQDWQKWSLFFFR-UHFFFAOYSA-N,HMDB0011737,C05282,0.1428571428571428,True,within_12m,provided_area,False,failed,,,,,,,,,,LinAlgError: Singular matrix,,
61,inosine,Method 3,UGQMRVRMYYASKQ-KQYNXXCUSA-N,HMDB0000195,C00294,0.0037593984962406,True,within_12m,provided_area,False,failed,,,,,,,,,,LinAlgError: Singular matrix,,
74,nicotinamide,Method 1,DFPAKSUCGFBDDF-UHFFFAOYSA-N,HMDB0001406,C00153,0.0,True,within_12m,provided_area,False,failed,,,,,,,,,,LinAlgError: Singular matrix,,
79,palmitoleate (16:1n7),Method 3,SECPZKHBENQXJG-FPLPWBNLSA-N,HMDB0003229,C08362,0.0,True,within_12m,provided_area,False,failed,,,,,,,,,,LinAlgError: Singular matrix,,
83,pristanate,Method 3,PAHGJZDQXIOYTH-UHFFFAOYSA-N,HMDB0000795,,0.4266917293233083,False,within_12m,provided_area,False,failed,,,,,,,,,,LinAlgError: Singular matrix,,
89,salicylate,Method 4,YGSDEFSMJLZEOE-UHFFFAOYSA-N,HMDB0001895,C00805,0.0,True,within_12m,provided_area,False,failed,,,,,,,,,,LinAlgError: Singular matrix,,
93,myristate (14:0),Method 3,TUNFSRHWOTWDNC-UHFFFAOYSA-N,HMDB0000806,C06424,0.0,True,within_12m,provided_area,False,failed,,,,,,,,,,LinAlgError: Singular matrix,,
104,alpha-ketobutyrate,Method 4,TYEYBOSBBBHJIV-UHFFFAOYSA-N,HMDB0000005,C00109,0.2048872180451127,False,within_12m,provided_area,False,failed,,,,,,,,,,LinAlgError: Singular matrix,,
105,adenosine,Method 3,OIRDTQYFTABQOQ-KQYNXXCUSA-N,HMDB0000050,C00212,0.6409774436090225,False,within_12m,provided_area,False,failed,,,,,,,,,,LinAlgError: Singular matrix,,
115,uracil,Method 1,ISAKRJDGNUQOIC-UHFFFAOYSA-N,HMDB0000300,C00106,0.1578947368421052,True,within_12m,provided_area,False,failed,,,,,,,,,,LinAlgError: Singular matrix,,
116,xylose,Method 4,PYMYPHUHKUWMLA-VPENINKCSA-N,HMDB0000098,C00181,0.3703007518796992,False,within_12m,provided_area,False,failed,,,,,,,,,,LinAlgError: Singular matrix,,
121,fructose,Method 4,RFSUNEUAIZKAJO-ARQDHWQXSA-N,HMDB0000660,C00095,0.0,True,within_12m,provided_area,False,failed,,,,,,,,,,LinAlgError: Singular matrix,,
123,cytosine,Method 1,OPTASPLRGRRNAP-UHFFFAOYSA-N,HMDB0000630,C00380,0.131578947368421,True,within_12m,provided_area,False,failed,,,,,,,,,,LinAlgError: Singular matrix,,
128,maltose,Method 4,GUBGYTABKSRVRQ-ASMJPISFSA-N,HMDB0000163,C00208,0.1541353383458646,True,within_12m,provided_area,False,failed,,,,,,,,,,LinAlgError: Singular matrix,,
136,sucrose,Method 4,CZMRCDWAGMRECN-UGDNZRGBSA-N,HMDB0000258,C00089,0.1447368421052631,True,within_12m,provided_area,False,failed,,,,,,,,,,LinAlgError: Singular matrix,,
145,pipecolate,Method 1,HXEACLLIILLPRG-UHFFFAOYSA-N,HMDB0000070,,0.0,True,within_12m,provided_area,False,failed,,,,,,,,,,LinAlgError: Singular matrix,,
155,guanosine,Method 3,NYHBQMYGNKIUIF-UUOKFMHZSA-N,HMDB0000133,C00387,0.0281954887218045,True,within_12m,provided_area,False,failed,,,,,,,,,,LinAlgError: Singular matrix,,
166,"5,6-dihydrouracil",Method 3,OIVLITBTBDPEFK-UHFFFAOYSA-N,HMDB0000076,C00429,0.0864661654135338,True,within_12m,provided_area,False,failed,,,,,,,,,,LinAlgError: Singular matrix,,
182,gamma-glutamylhistidine,Method 1,PXVCMZCJAUJLJP-YUMQZZPRSA-N,HMDB0029151,,0.0,True,within_12m,provided_area,False,failed,,,,,,,,,,LinAlgError: Singular matrix,,
188,12-HHTrE,Method 3,KUKJHGXXZWHSBG-WBGSEQOASA-N,HMDB0012535,C20388,0.3590225563909774,False,within_12m,provided_area,False,failed,,,,,,,,,,LinAlgError: Singular matrix,,
190,thromboxane B2,Method 3,XNRNNGPBEPRNAR-JQBLCGNGSA-N,HMDB0003252,C05963,0.7349624060150376,False,within_12m,provided_area,False,failed,,,,,,,,,,LinAlgError: Singular matrix,,
194,naproxen,Method 3,CMWTZPSULFXXJA-VIFPVBQESA-N,HMDB0001923,C01517,0.962406015037594,False,within_12m,provided_area,False,failed,,,,,,,,,,LinAlgError: Singular matrix,,
198,arachidonoyl ethanolamide,Method 2,LGEQQWMQCRIYKG-DOFZRALJSA-N,HMDB0004080,C11695,0.5037593984962406,False,within_12m,provided_area,False,failed,,,,,,,,,,LinAlgError: Singular matrix,,
212,2-hydroxyhippurate (salicylurate),Method 3,ONJSZLXSECQROL-UHFFFAOYSA-N,HMDB0000840,C07588,0.0075187969924812,True,within_12m,provided_area,False,failed,,,,,,,,,,LinAlgError: Singular matrix,,
221,benzoate,Method 3,WPYMKLBDIGXBTP-UHFFFAOYSA-N,HMDB0001870,C00180,0.0,True,within_12m,provided_area,False,failed,,,,,,,,,,LinAlgError: Singular matrix,,
226,suberate (C8-DC),Method 4,TYFQFVWCELRYAO-UHFFFAOYSA-N,HMDB0000893,C08278,0.2650375939849624,False,within_12m,provided_area,False,failed,,,,,,,,,,LinAlgError: Singular matrix,,
239,tartarate,Method 3,FEWJPZIEWOKRBE-JCYAYHJZSA-N,"HMDB0000956,HMDB0062642","C00552,C02107,C00898",0.3026315789473684,False,within_12m,provided_area,False,failed,,,,,,,,,,LinAlgError: Singular matrix,,
242,2-isopropylmalate,Method 4,BITYXLXUCSKTJS-UHFFFAOYSA-N,HMDB0000402,C02504,0.306390977443609,False,within_12m,provided_area,False,failed,,,,,,,,,,LinAlgError: Singular matrix,,
247,gentisate,Method 3,WXTMDXOMEHJXQO-UHFFFAOYSA-N,HMDB0000152,C00628,0.0827067669172932,True,within_12m,provided_area,False,failed,,,,,,,,,,LinAlgError: Singular matrix,,
255,2-arachidonoylglycerol (20:4),Method 3,RCRCTBLIHCHWDZ-DOFZRALJSA-N,HMDB0004666,C13856,0.4022556390977443,False,within_12m,provided_area,False,failed,,,,,,,,,,LinAlgError: Singular matrix,,
258,1-stearoyl-2-oleoyl-GPS (18:0/18:1),Method 2,AJFWREUFUPEYII-PAHWMLEVSA-N,HMDB0010163,,0.093984962406015,True,within_12m,provided_area,False,failed,,,,,,,,,,LinAlgError: Singular matrix,,
263,ofloxacin,Method 3,GSDSWSVVBLHKDQ-UHFFFAOYSA-N,HMDB0015296,"D00453,C07321,DG00616",0.981203007518797,False,within_12m,provided_area,False,failed,,,,,,,,,,LinAlgError: Singular matrix,,
264,ciprofloxacin,Method 3,MYSWGUAQZAJSOK-UHFFFAOYSA-N,HMDB0014677,C05349,0.981203007518797,False,within_12m,provided_area,False,failed,,,,,,,,,,LinAlgError: Singular matrix,,
268,4-acetylphenol sulfate,Method 3,HOFGLAYWQRGTKC-UHFFFAOYSA-N,,,0.0996240601503759,True,within_12m,provided_area,False,failed,,,,,,,,,,LinAlgError: Singular matrix,,
273,ethacrynic acid,Method 3,AVOLMBLBETYQHX-UHFFFAOYSA-N,HMDB15039,D00313,0.9943609022556392,False,within_12m,provided_area,False,failed,,,,,,,,,,LinAlgError: Singular matrix,,
278,theanine,Method 1,DATAGRPVKZEWHA-YFKPBYRVSA-N,HMDB0034365,C01047,0.6992481203007519,False,within_12m,provided_area,False,failed,,,,,,,,,,LinAlgError: Singular matrix,,
286,erythritol,Method 4,UNXHWFMMPAWVPI-UHFFFAOYSA-N,HMDB0002994,C00503,0.0,True,within_12m,provided_area,False,failed,,,,,,,,,,LinAlgError: Singular matrix,,
287,trizma acetate,Method 1,LENZDBCJOHFCAS-UHFFFAOYSA-N,,C07182,0.1823308270676691,True,within_12m,provided_area,False,failed,,,,,,,,,,LinAlgError: Singular matrix,,
288,"2,3-dihydroxypyridine",Method 1,GGOZGYRTNQBSSA-UHFFFAOYSA-N,,,0.3364661654135338,False,within_12m,provided_area,False,failed,,,,,,,,,,LinAlgError: Singular matrix,,
296,homocitrulline,Method 1,XIGSAGMEBXLVJJ-YFKPBYRVSA-N,HMDB0000679,C02427,0.0206766917293233,True,within_12m,provided_area,False,failed,,,,,,,,,,LinAlgError: Singular matrix,,
297,2-linoleoylglycerol (18:2),Method 3,IEPGNWMPIFDNSD-HZJYTTRNSA-N,HMDB0011538,,0.0921052631578947,True,within_12m,provided_area,False,failed,,,,,,,,,,LinAlgError: Singular matrix,,
306,2-palmitoylglycerol (16:0),Method 3,BBNYCLAREVXOSG-UHFFFAOYSA-N,HMDB0011533,,0.4661654135338345,False,within_12m,provided_area,False,failed,,,,,,,,,,LinAlgError: Singular matrix,,
310,7-ketodeoxycholate,Method 3,RHCPKKNRWFXMAT-RRWYKFPJSA-N,HMDB0000391,,0.3402255639097744,False,within_12m,provided_area,False,failed,,,,,,,,,,LinAlgError: Singular matrix,,
317,trigonelline (N'-methylnicotinate),Method 1,WWNNZCOKKKDOPX-UHFFFAOYSA-N,HMDB0000875,C01004,0.0,True,within_12m,provided_area,False,failed,,,,,,,,,,LinAlgError: Singular matrix,,
327,O-acetylhomoserine,Method 4,FCXZBWSIAGGPCB-YFKPBYRVSA-N,HMDB0029423,C01077,0.2274436090225564,False,within_12m,provided_area,False,failed,,,,,,,,,,LinAlgError: Singular matrix,,
330,propionylglycine,Method 3,WOMAZEJKVZLLFE-UHFFFAOYSA-N,HMDB0000783,,0.4548872180451128,False,within_12m,provided_area,False,failed,,,,,,,,,,LinAlgError: Singular matrix,,
339,docosatrienoate (22:3n3),Method 3,WBBQTNCISCKUMU-IUQGRGSQSA-N,HMDB0002823,C16534,0.0977443609022556,True,within_12m,provided_area,False,failed,,,,,,,,,,LinAlgError: Singular matrix,,
341,myristoleate (14:1n5),Method 3,YWWVWXASSLXJHU-WAYWQWQTSA-N,HMDB0002000,C08322,0.0,True,within_12m,provided_area,False,failed,,,,,,,,,,LinAlgError: Singular matrix,,
343,4-imidazoleacetate,Method 1,PRJKNHOMHKJCEJ-UHFFFAOYSA-N,HMDB0002024,C02835,0.1071428571428571,True,within_12m,provided_area,False,failed,,,,,,,,,,LinAlgError: Singular matrix,,
347,delta-tocopherol,Method 2,GZIFEOYASATJEH-VHFRWLAGSA-N,HMDB0002902,C14151,0.5451127819548872,False,within_12m,provided_area,False,failed,,,,,,,,,,LinAlgError: Singular matrix,,
349,stearidonate (18:4n3),Method 3,JIWBIWFOSCKQMA-LTKCOYKYSA-N,HMDB0006547,C16300,0.0131578947368421,True,within_12m,provided_area,False,failed,,,,,,,,,,LinAlgError: Singular matrix,,
351,5-dodecenoate (12:1n7),Method 3,IJBFSOLHRKELLR-FPLPWBNLSA-N,HMDB0000529,,0.0,True,within_12m,provided_area,False,failed,,,,,,,,,,LinAlgError: Singular matrix,,
358,N-acetylasparagine,Method 1,HXFOXFJUNFFYMO-BYPYZUCNSA-N,HMDB0006028,,0.0225563909774436,True,within_12m,provided_area,False,failed,,,,,,,,,,LinAlgError: Singular matrix,,
359,gamma-glutamyl-epsilon-lysine,Method 1,JPKNLFVGUZRHOB-YUMQZZPRSA-N,HMDB0003869,,0.0206766917293233,True,within_12m,provided_area,False,failed,,,,,,,,,,LinAlgError: Singular matrix,,
368,phenylacetylglycine,Method 3,UTYVDVLMYQPLQB-UHFFFAOYSA-N,HMDB0000821,C05598,0.4755639097744361,False,within_12m,provided_area,False,failed,,,,,,,,,,LinAlgError: Singular matrix,,
370,10-nonadecenoate (19:1n9),Method 3,BBOWBNGUEWHNQZ-KTKRTIGZSA-N,HMDB0013622,,0.0,True,within_12m,provided_area,False,failed,,,,,,,,,,LinAlgError: Singular matrix,,
371,10-heptadecenoate (17:1n7),Method 3,GDTXICBNEOEPAZ-FPLPWBNLSA-N,HMDB0060038,,0.0,True,within_12m,provided_area,False,failed,,,,,,,,,,LinAlgError: Singular matrix,,
377,stachydrine,Method 1,CMUNUTVVOOHQPW-LURJTMIESA-N,HMDB0004827,C10172,0.0,True,within_12m,provided_area,False,failed,,,,,,,,,,LinAlgError: Singular matrix,,
390,salicyluric glucuronide*,Method 3,OEPADIDIUZTYOX-UHFFFAOYSA-N,HMDB0240252,,0.5601503759398496,False,within_12m,provided_area,False,failed,,,,,,,,,,LinAlgError: Singular matrix,,
391,N-acetylproline,Method 1,GNMSLDIYJOSUSW-UHFFFAOYSA-N,HMDB0094701,,0.0169172932330827,True,within_12m,provided_area,False,failed,,,,,,,,,,LinAlgError: Singular matrix,,
393,linolenate [alpha or gamma; (18:3n3 or 6)],Method 3,DTOSIQBPPRVQHS-PDBXOOCHSA-N,"HMDB0003073,HMDB0001388","C06426,C06427",0.0,True,within_12m,provided_area,False,failed,,,,,,,,,,LinAlgError: Singular matrix,,
396,heme,Method 2,GGIDWJQWCUJYRY-UHFFFAOYSA-K,HMDB0003178,C00032,0.0601503759398496,True,within_12m,provided_area,False,failed,,,,,,,,,,LinAlgError: Singular matrix,,
403,"3,7-dimethylurate",Method 3,HMLZLHKHNBLLJD-UHFFFAOYSA-N,HMDB0001982,C16360,0.2800751879699248,False,within_12m,provided_area,False,failed,,,,,,,,,,LinAlgError: Singular matrix,,
419,1-pentadecanoylglycerol (15:0),Method 3,QSKPZDMBULYMDQ-UHFFFAOYSA-N,,,0.4135338345864661,False,within_12m,provided_area,False,failed,,,,,,,,,,LinAlgError: Singular matrix,,
421,1-linolenoylglycerol (18:3),Method 3,XQBHBEXBUZDCRY-QNEBEIHSSA-N,HMDB0011569,,0.1541353383458646,True,within_12m,provided_area,False,failed,,,,,,,,,,LinAlgError: Singular matrix,,
423,1-palmitoyl-GPA (16:0),Method 3,YNDYKPRNFWPPFU-GOSISDBHSA-N,HMDB00327,C04036,0.0394736842105263,True,within_12m,provided_area,False,failed,,,,,,,,,,LinAlgError: Singular matrix,,
425,isovalerylglycine,Method 3,ZRQXMKMBBMNNQC-UHFFFAOYSA-N,HMDB00678,,0.3157894736842105,False,within_12m,provided_area,False,failed,,,,,,,,,,LinAlgError: Singular matrix,,
426,3-hydroxydodecanedioate*,Method 3,FYVQCLGZFXHEGL-UHFFFAOYSA-N,HMDB0000413,,0.0864661654135338,True,within_12m,provided_area,False,failed,,,,,,,,,,LinAlgError: Singular matrix,,
431,N2-methylguanosine,Method 3,SLEHROROQDYRAW-KQYNXXCUSA-N,HMDB0005862,,0.0770676691729323,True,within_12m,provided_area,False,failed,,,,,,,,,,LinAlgError: Singular matrix,,
433,mead acid (20:3n9),Method 3,UNSRRHDPHVZAHH-YOILPLPUSA-N,HMDB0010378,,0.4398496240601504,False,within_12m,provided_area,False,failed,,,,,,,,,,LinAlgError: Singular matrix,,
437,gamma-glutamyl-2-aminobutyrate,Method 1,FUZOZPRKGAXGOB-UHFFFAOYSA-N,,,0.0338345864661654,True,within_12m,provided_area,False,failed,,,,,,,,,,LinAlgError: Singular matrix,,
438,2-methylbutyrylcarnitine (C5),Method 1,IHCPDBBYTYJYIL-UHFFFAOYSA-N,HMDB0000378,,0.0676691729323308,True,within_12m,provided_area,False,failed,,,,,,,,,,LinAlgError: Singular matrix,,
444,lidocaine,Method 1,NNJVILVZKWQKPM-UHFFFAOYSA-N,HMDB0014426,D00358,0.9229323308270676,False,within_12m,provided_area,False,failed,,,,,,,,,,LinAlgError: Singular matrix,,
445,N-ethylglycinexylidide,Method 1,WRMRXPASUROZGT-UHFFFAOYSA-N,HMDB0060656,C16561,0.9417293233082706,False,within_12m,provided_area,False,failed,,,,,,,,,,LinAlgError: Singular matrix,,
454,1-oleoyl-GPE (18:1),Method 2,PYVRVRFVLRNJLY-MZMPXXGTSA-N,HMDB0011506,,0.0,True,within_12m,provided_area,False,failed,,,,,,,,,,LinAlgError: Singular matrix,,
455,1-linoleoyl-GPE (18:2)*,Method 2,DBHKHNGBVGWQJE-HZJYTTRNSA-N,HMDB0011507,,0.0,True,within_12m,provided_area,False,failed,,,,,,,,,,LinAlgError: Singular matrix,,
461,pivaloylcarnitine (C5),Method 1,YICAQFPUDACYGQ-UHFFFAOYSA-N,HMDB0041993,,0.9774436090225564,False,within_12m,provided_area,False,failed,,,,,,,,,,LinAlgError: Singular matrix,,
462,isobutyrylglycine,Method 3,DCICDMMXFIELDF-UHFFFAOYSA-N,HMDB0000730,,0.3966165413533835,False,within_12m,provided_area,False,failed,,,,,,,,,,LinAlgError: Singular matrix,,
468,catechol sulfate,Method 3,MZPWKJZDOCIALD-UHFFFAOYSA-N,HMDB0059724,,0.0,True,within_12m,provided_area,False,failed,,,,,,,,,,LinAlgError: Singular matrix,,
477,1-myristoylglycerol (14:0),Method 3,DCBSHORRWZKAKO-UHFFFAOYSA-N,HMDB0011561,C01885,0.0413533834586466,True,within_12m,provided_area,False,failed,,,,,,,,,,LinAlgError: Singular matrix,,
480,3-(2-hydroxyphenyl)propionate,Method 3,CJBDUOMQLFKVQC-UHFFFAOYSA-N,HMDB0033752,C01198,0.8627819548872181,False,within_12m,provided_area,False,failed,,,,,,,,,,LinAlgError: Singular matrix,,
490,alpha-hydroxycaproate,Method 3,NYHNVHGFPZAZGA-UHFFFAOYSA-N,HMDB0001624,,0.1898496240601503,True,within_12m,provided_area,False,failed,,,,,,,,,,LinAlgError: Singular matrix,,
498,4-vinylphenol sulfate,Method 3,IETVQHUKTKKBFF-UHFFFAOYSA-N,HMDB0062775,C05627,0.0,True,within_12m,provided_area,False,failed,,,,,,,,,,LinAlgError: Singular matrix,,
501,3-methyladipate,Method 4,SYEOWUNSTUDKGM-UHFFFAOYSA-N,HMDB0000555,,0.5582706766917294,False,within_12m,provided_area,False,failed,,,,,,,,,,LinAlgError: Singular matrix,,
502,pyrraline,Method 3,VTYFITADLSVOAS-UHFFFAOYSA-N,HMDB0033143,C21013,0.2105263157894736,False,within_12m,provided_area,False,failed,,,,,,,,,,LinAlgError: Singular matrix,,
506,desmethylnaproxen,Method 3,XWJUDDGELKXYNO-QMMMGPOBSA-N,HMDB0013989,,0.9774436090225564,False,within_12m,provided_area,False,failed,,,,,,,,,,LinAlgError: Singular matrix,,
507,desmethylnaproxen sulfate,Method 3,BNKMSCMOWGCUOF-QMMMGPOBSA-N,,,0.962406015037594,False,within_12m,provided_area,False,failed,,,,,,,,,,LinAlgError: Singular matrix,,
508,sucralose,Method 3,BAQAVOSOZGMPRM-DYDPOALMSA-N,HMDB0031554,C12285,0.5281954887218046,False,within_12m,provided_area,False,failed,,,,,,,,,,LinAlgError: Singular matrix,,
520,chiro-inositol,Method 4,CDAISMWEOUEBRE-LKPKBOIGSA-N,HMDB0240209,C19891,0.543233082706767,False,within_12m,provided_area,False,failed,,,,,,,,,,LinAlgError: Singular matrix,,
526,glycosyl-N-nervonoyl-sphingosine (d18:1/24:1)*,Method 2,WBOZIXHPUPAOIA-YEWIENRVSA-N,"HMDB0004975,HMDB0010712",,0.1748120300751879,True,within_12m,provided_area,False,failed,,,,,,,,,,LinAlgError: Singular matrix,,
532,N-methylproline,Method 1,CWLQUGTUXBXTLF-UHFFFAOYSA-N,HMDB0094696,,0.0,True,within_12m,provided_area,False,failed,,,,,,,,,,LinAlgError: Singular matrix,,
554,4-hydroxycoumarin,Method 3,VXIXUWQIVKSKSA-UHFFFAOYSA-N,,C20414,0.5939849624060151,False,within_12m,provided_area,False,failed,,,,,,,,,,LinAlgError: Singular matrix,,
559,5-methylthioribose**,Method 1,OLVVOVIFTBSBBH-UHFFFAOYSA-N,HMDB0001087,,0.0,True,within_12m,provided_area,False,failed,,,,,,,,,,LinAlgError: Singular matrix,,
569,12-HETE,Method 3,ZNHVWPKMFKADKW-VXBMJZGYSA-N,HMDB0006111,C14777,0.093984962406015,True,within_12m,provided_area,False,failed,,,,,,,,,,LinAlgError: Singular matrix,,
570,S-methylmethionine,Method 1,YDBYJHTYSHBBAU-UHFFFAOYSA-N,HMDB0038670,C05319,0.5281954887218046,False,within_12m,provided_area,False,failed,,,,,,,,,,LinAlgError: Singular matrix,,
571,indole-3-carboxylate,Method 3,KMAKOBLIOCQGJP-UHFFFAOYSA-N,HMDB0003320,C19837,0.4172932330827067,False,within_12m,provided_area,False,failed,,,,,,,,,,LinAlgError: Singular matrix,,
572,13-HODE + 9-HODE,Method 3,HNICUWMFWZBIFP-IRQZEAMPSA-N,"HMDB0004670,HMDB0004667","C14767,C14762",0.0093984962406015,True,within_12m,provided_area,False,failed,,,,,,,,,,LinAlgError: Singular matrix,,
586,4-methylbenzenesulfonate,Method 3,JOXIMZWYDAKGHI-UHFFFAOYSA-N,HMDB0059933,C06677,0.8327067669172933,False,within_12m,provided_area,False,failed,,,,,,,,,,LinAlgError: Singular matrix,,
591,"2,3-dihydroxyisovalerate",Method 4,JTEYKUFKXGDTEU-UHFFFAOYSA-N,HMDB0012141,C04039,0.0206766917293233,True,within_12m,provided_area,False,failed,,,,,,,,,,LinAlgError: Singular matrix,,
622,venlafaxine,Method 2,PNVNVHUZROJLTJ-UHFFFAOYSA-N,HMDB0005016,C07187,0.9981203007518796,False,within_12m,provided_area,False,failed,,,,,,,,,,LinAlgError: Singular matrix,,
631,3-(4-hydroxyphenyl)propionate,Method 3,NMHMNPHRMNGLLB-UHFFFAOYSA-N,HMDB0002199,C01744,0.2330827067669172,False,within_12m,provided_area,False,failed,,,,,,,,,,LinAlgError: Singular matrix,,
637,quinine,Method 1,LOUPRKONTZGTKE-WGFDLZGGSA-N,HMDB0014611,C06526,0.9981203007518796,False,within_12m,provided_area,False,failed,,,,,,,,,,LinAlgError: Singular matrix,,
644,2-oxindole-3-acetate,Method 3,ILGMGHZPXRDCCS-UHFFFAOYSA-N,HMDB0035514,,0.6278195488721805,False,within_12m,provided_area,False,failed,,,,,,,,,,LinAlgError: Singular matrix,,
649,leucylglycine,Method 1,LESXFEZIFXFIQR-UHFFFAOYSA-N,HMDB0028929,,0.231203007518797,False,within_12m,provided_area,False,failed,,,,,,,,,,LinAlgError: Singular matrix,,
651,N-palmitoyltaurine,Method 3,LPDJCYFKKSLKRO-UHFFFAOYSA-N,,,0.2011278195488721,False,within_12m,provided_area,False,failed,,,,,,,,,,LinAlgError: Singular matrix,,
656,rosuvastatin,Method 3,BPRHUIZQVSMCRT-VEUZHWNKSA-N,HMDB0015230,D01915,0.9924812030075189,False,within_12m,provided_area,False,failed,,,,,,,,,,LinAlgError: Singular matrix,,
657,trimethylamine N-oxide,Method 1,UYPYRKYUKCHHIB-UHFFFAOYSA-N,HMDB0000925,C01104,0.0,True,within_12m,provided_area,False,failed,,,,,,,,,,LinAlgError: Singular matrix,,
659,cis-urocanate,Method 3,LOIYMIARKYCTBW-UPHRSURJSA-N,HMDB0034174,,0.0695488721804511,True,within_12m,provided_area,False,failed,,,,,,,,,,LinAlgError: Singular matrix,,
660,dihydroferulate,Method 3,BOLQJTPHPSDZHR-UHFFFAOYSA-N,HMDB0062121,,0.206766917293233,False,within_12m,provided_area,False,failed,,,,,,,,,,LinAlgError: Singular matrix,,
661,imidazole propionate,Method 1,ZCKYOWGFRHAZIQ-UHFFFAOYSA-N,HMDB0002271,,0.0,True,within_12m,provided_area,False,failed,,,,,,,,,,LinAlgError: Singular matrix,,
663,paroxetine,Method 2,AHOUBRCZNHFOSL-YOEHRIQHSA-N,HMDB0014853,"C07415,D02362",0.9924812030075189,False,within_12m,provided_area,False,failed,,,,,,,,,,LinAlgError: Singular matrix,,
666,mirtazapine,Method 1,RONZAEMNMFQXRA-UHFFFAOYSA-N,HMDB0014514,C07570,0.9962406015037594,False,within_12m,provided_area,False,failed,,,,,,,,,,LinAlgError: Singular matrix,,
668,(15:2)-anacardic acid,Method 3,KAOMOVYHGLSFHQ-UTOQUPLUSA-N,HMDB0033896,,0.9266917293233082,False,within_12m,provided_area,False,failed,,,,,,,,,,LinAlgError: Singular matrix,,
670,histidylalanine,Method 1,FRJIAZKQGSCKPQ-UHFFFAOYSA-N,HMDB0028878,,0.5150375939849624,False,within_12m,provided_area,False,failed,,,,,,,,,,LinAlgError: Singular matrix,,
671,phenylalanylglycine,Method 1,GLUBLISJVJFHQS-UHFFFAOYSA-N,HMDB0028995,,0.5018796992481203,False,within_12m,provided_area,False,failed,,,,,,,,,,LinAlgError: Singular matrix,,
672,(15:0)-anacardic acid,Method 3,ADFWQBGTDJIESE-UHFFFAOYSA-N,HMDB0033896,C10759,0.9511278195488722,False,within_12m,provided_area,False,failed,,,,,,,,,,LinAlgError: Singular matrix,,
678,diglycerol,Method 1,GPLRAVKSCUXZTP-UHFFFAOYSA-N,,,0.0150375939849624,True,within_12m,provided_area,False,failed,,,,,,,,,,LinAlgError: Singular matrix,,
680,lanthionine,Method 1,DWPCPZJAHOETAG-IMJSIDKUSA-N,,,0.037593984962406,True,within_12m,provided_area,False,failed,,,,,,,,,,LinAlgError: Singular matrix,,
683,N-octanoylglycine,Method 3,SAVLIIGUQOSOEP-UHFFFAOYSA-N,HMDB0000832,,0.4567669172932331,False,within_12m,provided_area,False,failed,,,,,,,,,,LinAlgError: Singular matrix,,
697,5-hydroxydecanoate,Method 3,LMHJFKYQYDSOQO-UHFFFAOYSA-N,HMDB0040329,,0.4492481203007519,False,within_12m,provided_area,False,failed,,,,,,,,,,LinAlgError: Singular matrix,,
698,3-methyl catechol sulfate (2),Method 3,TZVUCGJSHGKWCJ-UHFFFAOYSA-N,,,0.3928571428571428,False,within_12m,provided_area,False,failed,,,,,,,,,,LinAlgError: Singular matrix,,
718,"2,8-quinolinediol sulfate",Method 3,ZLYUIVZAQHFCNP-UHFFFAOYSA-N,HMDB0240658,,0.3270676691729323,False,within_12m,provided_area,False,failed,,,,,,,,,,LinAlgError: Singular matrix,,
721,1-stearoyl-GPS (18:0)*,Method 3,ZPDQFUYPBVXUKS-KEKNWZKVSA-N,HMDB0061698,,0.8233082706766918,False,within_12m,provided_area,False,failed,,,,,,,,,,LinAlgError: Singular matrix,,
726,1-arachidonoyl-GPA (20:4),Method 3,XBFQFMCUPHZKTI-DOFZRALJSA-N,HMDB0062312,,0.0056390977443609,True,within_12m,provided_area,False,failed,,,,,,,,,,LinAlgError: Singular matrix,,
729,S-allylcysteine,Method 1,ZFAHNWWNDFHPOH-UHFFFAOYSA-N,HMDB0034323,,0.0451127819548872,True,within_12m,provided_area,False,failed,,,,,,,,,,LinAlgError: Singular matrix,,
742,N-acetylalliin,Method 3,CCCNUHFRBBIFHO-CVSPRKDYSA-N,,,0.2406015037593984,False,within_12m,provided_area,False,failed,,,,,,,,,,LinAlgError: Singular matrix,,
757,N-acetyl-S-allyl-cysteine,Method 3,LKRAEHUDIUJBSF-ZETCQYMHSA-N,HMDB0240543,,0.518796992481203,False,within_12m,provided_area,False,failed,,,,,,,,,,LinAlgError: Singular matrix,,
758,9-hydroxystearate,Method 3,RKHXDCVAPIMDMG-UHFFFAOYSA-N,HMDB0061661,,0.1109022556390977,True,within_12m,provided_area,False,failed,,,,,,,,,,LinAlgError: Singular matrix,,
770,"N,O-didesmethylvenlafaxine glucuronide",Method 1,UDNAJOOLWIWCAW-SQBZNDFJSA-N,HMDB0061167,,0.9981203007518796,False,within_12m,provided_area,False,failed,,,,,,,,,,LinAlgError: Singular matrix,,
773,N-formylphenylalanine,Method 3,NSTPXGARCQOSAU-VIFPVBQESA-N,HMDB0240317,,0.3796992481203007,False,within_12m,provided_area,False,failed,,,,,,,,,,LinAlgError: Singular matrix,,
775,isoeugenol sulfate,Method 3,HRHBRUPGUDLQIF-ONEGZZNKSA-N,,,0.4041353383458647,False,within_12m,provided_area,False,failed,,,,,,,,,,LinAlgError: Singular matrix,,
776,tyramine O-sulfate,Method 3,DYDUXGMDSXJQFT-UHFFFAOYSA-N,HMDB0006409,,0.0845864661654135,True,within_12m,provided_area,False,failed,,,,,,,,,,LinAlgError: Singular matrix,,
778,4-methylguaiacol sulfate,Method 3,LILXPJXZNJTPQZ-UHFFFAOYSA-N,,,0.2781954887218045,False,within_12m,provided_area,False,failed,,,,,,,,,,LinAlgError: Singular matrix,,
779,maltol sulfate,Method 3,PVWYGTJERKKPRW-UHFFFAOYSA-N,,,0.2969924812030075,False,within_12m,provided_area,False,failed,,,,,,,,,,LinAlgError: Singular matrix,,
782,methyl-4-hydroxybenzoate sulfate,Method 3,IBEAHXYYSZWGED-UHFFFAOYSA-N,HMDB0041646,,0.0300751879699248,True,within_12m,provided_area,False,failed,,,,,,,,,,LinAlgError: Singular matrix,,
784,N-acetylhistamine,Method 1,XJWPISBUKWZALE-UHFFFAOYSA-N,HMDB0013253,C05135,0.7706766917293233,False,within_12m,provided_area,False,failed,,,,,,,,,,LinAlgError: Singular matrix,,
785,vanillic alcohol sulfate,Method 3,LGXHPUANUXIBJQ-UHFFFAOYSA-N,HMDB0041788,,0.1729323308270676,True,within_12m,provided_area,False,failed,,,,,,,,,,LinAlgError: Singular matrix,,
786,4-vinylguaiacol sulfate,Method 3,FKCHAXAGQVCJPN-UHFFFAOYSA-N,HMDB0127980,,0.1616541353383458,True,within_12m,provided_area,False,failed,,,,,,,,,,LinAlgError: Singular matrix,,
788,eugenol sulfate,Method 3,XWAZTQUZONPJEW-UHFFFAOYSA-N,HMDB0135245,,0.1710526315789473,True,within_12m,provided_area,False,failed,,,,,,,,,,LinAlgError: Singular matrix,,
789,pregnanolone/allopregnanolone sulfate,Method 3,MENQCIVHHONJLU-GQCBXAOTSA-N,"HMDB0240591,HMDB0062782",C05480,0.7575187969924813,False,within_12m,provided_area,False,failed,,,,,,,,,,LinAlgError: Singular matrix,,
790,2-methoxyresorcinol sulfate,Method 3,ARLAWMCEVZUXEY-UHFFFAOYSA-N,,,0.0864661654135338,True,within_12m,provided_area,False,failed,,,,,,,,,,LinAlgError: Singular matrix,,
791,2-acetamidophenol sulfate,Method 3,JCVGTUVGDOWZJE-UHFFFAOYSA-N,,,0.2330827067669172,False,within_12m,provided_area,False,failed,,,,,,,,,,LinAlgError: Singular matrix,,
793,acesulfame,Method 3,YGCFIWIQZPHFLU-UHFFFAOYSA-N,HMDB0033585,,0.4548872180451128,False,within_12m,provided_area,False,failed,,,,,,,,,,LinAlgError: Singular matrix,,
794,propyl 4-hydroxybenzoate,Method 3,QELSKZZBTMNZEB-UHFFFAOYSA-N,HMDB0032574,D01422,0.9022556390977444,False,within_12m,provided_area,False,failed,,,,,,,,,,LinAlgError: Singular matrix,,
797,syringol sulfate,Method 3,UDIAPBFEZFMUCP-UHFFFAOYSA-N,,,0.6071428571428571,False,within_12m,provided_area,False,failed,,,,,,,,,,LinAlgError: Singular matrix,,
799,4-methoxyphenol sulfate,Method 3,IGTMFIJOUADBDC-UHFFFAOYSA-N,,,0.3815789473684211,False,within_12m,provided_area,False,failed,,,,,,,,,,LinAlgError: Singular matrix,,
800,propyl 4-hydroxybenzoate sulfate,Method 3,WEKBGFBWJOHXKR-UHFFFAOYSA-N,HMDB0135261,,0.4210526315789473,False,within_12m,provided_area,False,failed,,,,,,,,,,LinAlgError: Singular matrix,,
801,umbelliferone sulfate,Method 3,LJOOSFYJELZGMR-UHFFFAOYSA-N,HMDB0240565,,0.1522556390977443,True,within_12m,provided_area,False,failed,,,,,,,,,,LinAlgError: Singular matrix,,
812,daidzein sulfate (2),Method 3,CQRHJEVIKOKQMO-UHFFFAOYSA-N,,,0.6616541353383458,False,within_12m,provided_area,False,failed,,,,,,,,,,LinAlgError: Singular matrix,,
814,N-carbamoylalanine,Method 1,LUSWEUMSEVLFEQ-UHFFFAOYSA-N,,,0.1165413533834586,True,within_12m,provided_area,False,failed,,,,,,,,,,LinAlgError: Singular matrix,,
816,"1,2,3-benzenetriol sulfate (1)",Method 3,NGVLEQPKHLWZLN-UHFFFAOYSA-N,,,0.4360902255639097,False,within_12m,provided_area,False,failed,,,,,,,,,,LinAlgError: Singular matrix,,
817,"1,2,3-benzenetriol sulfate (2)",Method 3,NGVLEQPKHLWZLN-UHFFFAOYSA-N,"HMDB0060018,HMDB0060016",,0.0056390977443609,True,within_12m,provided_area,False,failed,,,,,,,,,,LinAlgError: Singular matrix,,
818,3-methoxycatechol sulfate (1),Method 3,NTXOJWKIHIOUQN-UHFFFAOYSA-N,,,0.0075187969924812,True,within_12m,provided_area,False,failed,,,,,,,,,,LinAlgError: Singular matrix,,
819,3-methoxycatechol sulfate (2),Method 3,NTXOJWKIHIOUQN-UHFFFAOYSA-N,,,0.2781954887218045,False,within_12m,provided_area,False,failed,,,,,,,,,,LinAlgError: Singular matrix,,
850,oleate/vaccenate (18:1),Method 3,ZQPPMHVWECSIRJ-KTKRTIGZSA-N,"HMDB0003231,HMDB0000573,HMDB0240219,HMDB0000207","C21944,C08367,C01712,C00712",0.0,True,within_12m,provided_area,False,failed,,,,,,,,,,LinAlgError: Singular matrix,,
851,2-hydroxylaurate,Method 3,YDZIJQXINJLRLL-UHFFFAOYSA-N,,,0.150375939849624,True,within_12m,provided_area,False,failed,,,,,,,,,,LinAlgError: Singular matrix,,
855,rivaroxaban,Method 3,KGFYHTZWPPHNLQ-UHFFFAOYSA-N,,,0.986842105263158,False,within_12m,provided_area,False,failed,,,,,,,,,,LinAlgError: Singular matrix,,
861,amoxicillin,Method 3,LSQZJLSUYDQPKJ-UHFFFAOYSA-N,HMDB0015193,"DG00520,C06827,D00229",0.9924812030075189,False,within_12m,provided_area,False,failed,,,,,,,,,,LinAlgError: Singular matrix,,
862,azithromycin,Method 2,MQTOSJVFKKJCRP-UHFFFAOYSA-N,HMDB0014352,"DG00606,D06390,C06838",0.9962406015037594,False,within_12m,provided_area,False,failed,,,,,,,,,,LinAlgError: Singular matrix,,
864,sildenafil,Method 2,BNRNXUUZRGQAQC-UHFFFAOYSA-N,HMDB0005039,C07259,0.9943609022556392,False,within_12m,provided_area,False,failed,,,,,,,,,,LinAlgError: Singular matrix,,
905,"1,2-dipalmitoyl-GPE (16:0/16:0)*",Method 2,SLKDGVPOSSLUAI-PGUFJCEWSA-N,HMDB0008923,,0.4210526315789473,False,within_12m,provided_area,False,failed,,,,,,,,,,LinAlgError: Singular matrix,,
906,"1,2-dilinoleoyl-GPE (18:2/18:2)*",Method 2,SSCDRSKJTAQNNB-DWEQTYCFSA-N,HMDB0009093,,0.1296992481203007,True,within_12m,provided_area,False,failed,,,,,,,,,,LinAlgError: Singular matrix,,
908,1-linoleoyl-2-arachidonoyl-GPE (18:2/20:4)*,Method 2,LFGBKOUQHCWBQI-BZGLIJSBSA-N,HMDB0009102,,0.206766917293233,False,within_12m,provided_area,False,failed,,,,,,,,,,LinAlgError: Singular matrix,,
914,2-methylserine,Method 1,CDUUKBXTEOFITR-UHFFFAOYSA-N,,C02115,0.0488721804511278,True,within_12m,provided_area,False,failed,,,,,,,,,,LinAlgError: Singular matrix,,
922,14-HDoHE/17-HDoHE,Method 3,ZNEBXONKCYFJAF-BGKMTWLOSA-N,"HMDB0060044,HMDB0010213",,0.5206766917293233,False,within_12m,provided_area,False,failed,,,,,,,,,,LinAlgError: Singular matrix,,
923,catechol glucuronide,Method 3,ICPYZFZFSLTYID-GOVZDWNOSA-N,HMDB0240490,,0.631578947368421,False,within_12m,provided_area,False,failed,,,,,,,,,,LinAlgError: Singular matrix,,
924,sulfamethoxazole,Method 1,JLKIGFTWXXRPMT-UHFFFAOYSA-N,HMDB0015150,D00447,0.9849624060150376,False,within_12m,provided_area,False,failed,,,,,,,,,,LinAlgError: Singular matrix,,
938,4-acetamidobenzoate,Method 3,QCXJEYYXVJIFCE-UHFFFAOYSA-N,,D03836,0.8327067669172933,False,within_12m,provided_area,False,failed,,,,,,,,,,LinAlgError: Singular matrix,,
944,naringenin 7-glucuronide,Method 3,BDCRTIDKZGEVEN-UHFFFAOYSA-N,,,0.7105263157894737,False,within_12m,provided_area,False,failed,,,,,,,,,,LinAlgError: Singular matrix,,
946,ferulylglycine (1),Method 3,CLGNQAIRBLDHIN-HWKANZROSA-N,,,0.4548872180451128,False,within_12m,provided_area,False,failed,,,,,,,,,,LinAlgError: Singular matrix,,
963,palmitoyl-docosahexaenoyl-glycerol (16:0/22:6) [1]*,Method 2,BXVYQJJBMVVALQ-UNMZRDIWSA-N,HMDB0007121,,0.6992481203007519,False,within_12m,provided_area,False,failed,,,,,,,,,,LinAlgError: Singular matrix,,
982,glycosyl-N-tricosanoyl-sphingadienine (d18:2/23:0)*,Method 2,WKJGTBSWYQRTEJ-PBFIFAMQSA-N,,,0.0864661654135338,True,within_12m,provided_area,False,failed,,,,,,,,,,LinAlgError: Singular matrix,,
989,ondansetron,Method 2,FELGMEQIXOGIFQ-UHFFFAOYSA-N,HMDB0005035,C07325,0.9642857142857144,False,within_12m,provided_area,False,failed,,,,,,,,,,LinAlgError: Singular matrix,,
990,baclofen,Method 1,KPYSYYIEGFHWSV-UHFFFAOYSA-N,HMDB0014327,D00241,0.9924812030075189,False,within_12m,provided_area,False,failed,,,,,,,,,,LinAlgError: Singular matrix,,
991,metoclopramide,Method 1,TTWJBBZEZQICBI-UHFFFAOYSA-N,HMDB0015363,"C07868,D00726,
DG00055",0.9962406015037594,False,within_12m,provided_area,False,failed,,,,,,,,,,LinAlgError: Singular matrix,,
993,nisinate (24:6n3),Method 3,YHGJECVSSKXFCJ-KUBAVDMBSA-N,HMDB0013025,,0.7048872180451128,False,within_12m,provided_area,False,failed,,,,,,,,,,LinAlgError: Singular matrix,,
1017,levetiracetam,Method 1,HPHUVLMMVZITSG-LURJTMIESA-N,HMDB0015333,C07841,0.986842105263158,False,within_12m,provided_area,False,failed,,,,,,,,,,LinAlgError: Singular matrix,,
1020,cephalexin,Method 1,ZAIPMKNFIOOWCQ-UEKVPHQBSA-N,HMDB0014707,C06895,0.9962406015037594,False,within_12m,provided_area,False,failed,,,,,,,,,,LinAlgError: Singular matrix,,
1022,ethyl alpha-glucopyranoside,Method 1,WYUFTYLVLQZQNH-UHFFFAOYSA-N,HMDB0029968,,0.1766917293233082,True,within_12m,provided_area,False,failed,,,,,,,,,,LinAlgError: Singular matrix,,
1027,fluconazole,Method 3,RFHAOTPXVQNOHP-UHFFFAOYSA-N,HMDB0014342,C07002,0.9849624060150376,False,within_12m,provided_area,False,failed,,,,,,,,,,LinAlgError: Singular matrix,,
1037,N-stearoylserine*,Method 3,CLHUCXCVFSEJRR-UHFFFAOYSA-N,,,0.1033834586466165,True,within_12m,provided_area,False,failed,,,,,,,,,,LinAlgError: Singular matrix,,
1039,3-hydroxyoleate*,Method 3,MFBDGGFIQVOLTJ-MDZDMXLPSA-N,,,0.0902255639097744,True,within_12m,provided_area,False,failed,,,,,,,,,,LinAlgError: Singular matrix,,
1040,lyxonate,Method 4,QXKAIJAYHKCRRA-PZGQECOJSA-N,HMDB0060255,,0.1146616541353383,True,within_12m,provided_area,False,failed,,,,,,,,,,LinAlgError: Singular matrix,,
1046,glucuronide of C12H22O4 (1)*,Method 3,,,,0.3684210526315789,False,within_12m,provided_area,False,failed,,,,,,,,,,LinAlgError: Singular matrix,,
1047,glucuronide of C14H26O4 (1)*,Method 3,,,,0.4943609022556391,False,within_12m,provided_area,False,failed,,,,,,,,,,LinAlgError: Singular matrix,,
1048,glucuronide of C10H18O2 (1)*,Method 3,,,,0.3327067669172932,False,within_12m,provided_area,False,failed,,,,,,,,,,LinAlgError: Singular matrix,,
1053,glucuronide of C10H18O2 (8)*,Method 3,,,,0.2819548872180451,False,within_12m,provided_area,False,failed,,,,,,,,,,LinAlgError: Singular matrix,,
1054,3-hydroxystachydrine*,Method 1,DJMIFDZBCUUQJN-NTSWFWBYSA-N,,C10151,0.306390977443609,False,within_12m,provided_area,False,failed,,,,,,,,,,LinAlgError: Singular matrix,,
1057,genistein sulfate*,Method 3,DKEIWIJUHWVGRC-UHFFFAOYSA-N,,,0.5714285714285714,False,within_12m,provided_area,False,failed,,,,,,,,,,LinAlgError: Singular matrix,,
1062,N-methylhydroxyproline**,Method 1,FMIPNAUMSPFTHK-UHFFFAOYSA-N,,,0.112781954887218,True,within_12m,provided_area,False,failed,,,,,,,,,,LinAlgError: Singular matrix,,
1066,N4-acetylsulfamethoxazole*,Method 3,GXPIUNZCALHVBA-UHFFFAOYSA-N,HMDB0013854,"D01601,C13061",0.9830827067669172,False,within_12m,provided_area,False,failed,,,,,,,,,,LinAlgError: Singular matrix,,
1068,resveratrol sulfate (1)*,Method 3,KOTTWDFKZULRPN-OWOJBTEDSA-N,,,0.9736842105263158,False,within_12m,provided_area,False,failed,,,,,,,,,,LinAlgError: Singular matrix,,
1069,resveratrol disulfate (1)*,Method 3,DHYDAGFKCXRMSL-OWOJBTEDSA-N,,,0.9342105263157896,False,within_12m,provided_area,False,failed,,,,,,,,,,LinAlgError: Singular matrix,,
1070,resveratrol disulfate (2)*,Method 3,DHYDAGFKCXRMSL-OWOJBTEDSA-N,,,0.9699248120300752,False,within_12m,provided_area,False,failed,,,,,,,,,,LinAlgError: Singular matrix,,
1076,glutamine conjugate of C8H12O4 (1)*,Method 3,,,,0.6372180451127819,False,within_12m,provided_area,False,failed,,,,,,,,,,LinAlgError: Singular matrix,,
1087,"2,2'-methylenebis(6-tert-butyl-p-cresol)",Method 4,KGRVJHAUYBGFFP-UHFFFAOYSA-N,,,0.7725563909774437,False,within_12m,provided_area,False,failed,,,,,,,,,,LinAlgError: Singular matrix,,
1099,delta-CEHC glucuronide,Method 3,UCCZSQROJUPRKT-UHFFFAOYSA-N,,,0.5601503759398496,False,within_12m,provided_area,False,failed,,,,,,,,,,LinAlgError: Singular matrix,,
1108,N-acetyltheanine,Method 3,STZOUWQDQRPMBI-ZETCQYMHSA-N,,,0.7650375939849624,False,within_12m,provided_area,False,failed,,,,,,,,,,LinAlgError: Singular matrix,,
1111,4-ethylcatechol sulfate,Method 3,KHZCNGJFSKSSIJ-UHFFFAOYSA-N,,,0.0432330827067669,True,within_12m,provided_area,False,failed,,,,,,,,,,LinAlgError: Singular matrix,,
1117,4-allylcatechol sulfate,Method 3,USWXDXYEVISELK-UHFFFAOYSA-N,,,0.0075187969924812,True,within_12m,provided_area,False,failed,,,,,,,,,,LinAlgError: Singular matrix,,
1119,3-hydroxypyridine glucuronide,Method 1,IOLHQSZMUUGACW-UHFFFAOYSA-N,,,0.5883458646616542,False,within_12m,provided_area,False,failed,,,,,,,,,,LinAlgError: Singular matrix,,
1120,vanillate glucuronide,Method 4,GRERMCGRRAMWSD-UHFFFAOYSA-N,HMDB0240572,,0.6146616541353384,False,within_12m,provided_area,False,failed,,,,,,,,,,LinAlgError: Singular matrix,,
1121,triclosan sulfate,Method 3,ZPFYUMPBKRRSTR-UHFFFAOYSA-N,HMDB0061387,,0.7180451127819549,False,within_12m,provided_area,False,failed,,,,,,,,,,LinAlgError: Singular matrix,,
1122,methyl vanillate sulfate,Method 3,IWRNHPTWPBSQSA-UHFFFAOYSA-N,,,0.4454887218045112,False,within_12m,provided_area,False,failed,,,,,,,,,,LinAlgError: Singular matrix,,
1126,1-heptadecenoylglycerol (17:1)*,Method 3,KRUXHXDPFZXFJX-FPLPWBNLSA-N,,,0.5263157894736842,False,within_12m,provided_area,False,failed,,,,,,,,,,LinAlgError: Singular matrix,,
1127,sulfociprofloxacin*,Method 3,SDLYZOYQWKDWJG-UHFFFAOYSA-N,,,0.9849624060150376,False,within_12m,provided_area,False,failed,,,,,,,,,,LinAlgError: Singular matrix,,
1148,"N,N-dimethyl-5-aminovalerate",Method 1,UYZSNVLEDLCWGU-UHFFFAOYSA-N,,,0.3890977443609023,False,within_12m,provided_area,False,failed,,,,,,,,,,LinAlgError: Singular matrix,,
1152,3-ethylcatechol sulfate (2),Method 3,NUPWKYZXNXCOHY-UHFFFAOYSA-N,,,0.5037593984962406,False,within_12m,provided_area,False,failed,,,,,,,,,,LinAlgError: Singular matrix,,
1154,4-acetylcatechol sulfate (2),Method 3,RRWBOGSYNDIRNR-UHFFFAOYSA-N,,,0.5657894736842105,False,within_12m,provided_area,False,failed,,,,,,,,,,LinAlgError: Singular matrix,,
1156,trimethoprim,Method 1,IEDVJHCEMCRBQM-UHFFFAOYSA-N,HMDB0014583,"C01965,D00145",0.9906015037593984,False,within_12m,provided_area,False,failed,,,,,,,,,,LinAlgError: Singular matrix,,
1158,donepezil,Method 1,ADEBPBSSDYVVLD-UHFFFAOYSA-N,HMDB0005041,D07869,0.9906015037593984,False,within_12m,provided_area,False,failed,,,,,,,,,,LinAlgError: Singular matrix,,
1159,glyburide,Method 3,ZNNLBTZKUZBEKO-UHFFFAOYSA-N,HMDB0015151,"D00336,C07022",0.9943609022556392,False,within_12m,provided_area,False,failed,,,,,,,,,,LinAlgError: Singular matrix,,
1162,nateglinide,Method 2,OELFLUMRDSZNSF-BRWVUGGUSA-N,HMDB0014869,"C12508,D01111",0.9962406015037594,False,within_12m,provided_area,False,failed,,,,,,,,,,LinAlgError: Singular matrix,,
1164,montelukast,Method 2,UCHDWCPVSPXUMX-TZIWLTJVSA-N,HMDB0014614,C07482,0.981203007518797,False,within_12m,provided_area,False,failed,,,,,,,,,,LinAlgError: Singular matrix,,
1172,meloxicam,Method 3,ZRVUJXDFFKFLMG-UHFFFAOYSA-N,HMDB0014952,"D00969,C08169",0.9849624060150376,False,within_12m,provided_area,False,failed,,,,,,,,,,LinAlgError: Singular matrix,,
1174,losartan,Method 3,PSIFNNKUMBGKDQ-UHFFFAOYSA-N,HMDB0014816,"C07072,D08146",0.962406015037594,False,within_12m,provided_area,False,failed,,,,,,,,,,LinAlgError: Singular matrix,,
1178,cyclobenzaprine,Method 2,JURKNVYFZMSNLP-UHFFFAOYSA-N,HMDB0015060,"D07758,C06931",0.9981203007518796,False,within_12m,provided_area,False,failed,,,,,,,,,,LinAlgError: Singular matrix,,
1187,5-hydroxy-2-methylpyridine sulfate,Method 3,UAQAOMYUJQVGMD-UHFFFAOYSA-N,,,0.2593984962406015,False,within_12m,provided_area,False,failed,,,,,,,,,,LinAlgError: Singular matrix,,
1188,3-hydroxy-2-methylpyridine sulfate,Method 3,GOXQGRHDLROYBT-UHFFFAOYSA-N,,,0.1823308270676691,True,within_12m,provided_area,False,failed,,,,,,,,,,LinAlgError: Singular matrix,,
1193,ribavirin,Method 4,IWUCXVSUMQZMFG-AFCXAGJDSA-N,HMDB14949,D00423,0.9981203007518796,False,within_12m,provided_area,False,failed,,,,,,,,,,LinAlgError: Singular matrix,,
1199,glu-gly-asn-val**,Method 3,QTVRCQRIGVKQHD-UHFFFAOYSA-N,,,0.0150375939849624,True,within_12m,provided_area,False,failed,,,,,,,,,,LinAlgError: Singular matrix,,
1207,4-vinylcatechol sulfate,Method 3,ILVXQMHYFMBCMJ-UHFFFAOYSA-N,,,0.0488721804511278,True,within_12m,provided_area,False,failed,,,,,,,,,,LinAlgError: Singular matrix,,
1208,4-vinylguaiacol glucuronide,Method 3,RRBFAJWNNUHFMC-DKBOKBLXSA-N,,,0.6165413533834586,False,within_12m,provided_area,False,failed,,,,,,,,,,LinAlgError: Singular matrix,,
1210,(15:3)-anacardic acid,Method 3,QUVGEKPNSCFQIR-AOSYACOCSA-N,HMDB31059,,0.924812030075188,False,within_12m,provided_area,False,failed,,,,,,,,,,LinAlgError: Singular matrix,,
1213,vanillic acid glycine,Method 3,LOODYTDRRBLQNH-UHFFFAOYSA-N,HMDB0060026,,0.2556390977443609,False,within_12m,provided_area,False,failed,,,,,,,,,,LinAlgError: Singular matrix,,
1218,feruloylquinate (2),Method 3,RAGZUCNPTLULOL-KQJPBSFVSA-N,,,0.6860902255639098,False,within_12m,provided_area,False,failed,,,,,,,,,,LinAlgError: Singular matrix,,
1223,isoursodeoxycholate sulfate (2),Method 3,WHMOBEGYTDWMIG-DNMBCGTGSA-N,,,0.7274436090225563,False,within_12m,provided_area,False,failed,,,,,,,,,,LinAlgError: Singular matrix,,
1228,4-ethyl-2-methoxyphenol sulfate,Method 3,MKBJQFWSHNXYFZ-UHFFFAOYSA-N,,,0.6146616541353384,False,within_12m,provided_area,False,failed,,,,,,,,,,LinAlgError: Singular matrix,,
1230,"branched-chain, straight-chain, or cyclopropyl 12:1 fatty acid*",Method 3,FQSFPMAZIOPKLO-JXMROGBWSA-N,,,0.0676691729323308,True,within_12m,provided_area,False,failed,,,,,,,,,,LinAlgError: Singular matrix,,
1241,2-methoxyhydroquinone sulfate (2),Method 3,DQJWAJBJWZYKLK-UHFFFAOYSA-N,,,0.2199248120300752,False,within_12m,provided_area,False,failed,,,,,,,,,,LinAlgError: Singular matrix,,
1244,temazepam,Method 2,SEQDDYPDSLOBDC-UHFFFAOYSA-N,HMDB0014376,D00370,0.9906015037593984,False,within_12m,provided_area,False,failed,,,,,,,,,,LinAlgError: Singular matrix,,
1246,3-hydroxyoctanoylcarnitine (1),Method 1,RCXSFDNDEVSQNG-UHFFFAOYSA-N,,,0.075187969924812,True,within_12m,provided_area,False,failed,,,,,,,,,,LinAlgError: Singular matrix,,
1247,3-hydroxyoctanoylcarnitine (2),Method 1,RCXSFDNDEVSQNG-UHFFFAOYSA-N,,,0.2387218045112782,False,within_12m,provided_area,False,failed,,,,,,,,,,LinAlgError: Singular matrix,,
