feature_index,metabolite,method,inchikey,hmdb,kegg,missing_fraction,high_coverage,analysis,normalization,converged,beta_time,beta_group,beta_time_group,se_group_robust,p_group,p_time_group,working_correlation,error,q_group,q_time_group
548,"5alpha-androstan-3alpha,17beta-diol monosulfate (1)",Method 3,LERFMBCTNMFXCT-ILBJSTGGSA-N,,,0.7255639097744361,False,within_12m,sample_median_scaled,True,0.008713800544627484,-1.278303732395572,-0.04117997269216737,0.20711267678260903,6.742266217446179e-10,0.08440722058114451,0.8258050835897991,,8.475028635329847e-07,0.8607149119510451
366,1-oleoyl-GPC (18:1),Method 2,YAMUFBLWGFFICM-PTGWMXDISA-N,HMDB0002815,C03916,0.0,True,within_12m,sample_median_scaled,True,0.0023885974911224445,-0.3619122613993524,-0.013276007759034586,0.08303747283286304,1.3100422268929611e-05,0.45220159932859394,0.7322433959691717,,0.006710905687518506,0.9235528527050412
694,taurohyocholate*,Method 3,XSOLDPYUICCHJX-QZWOQUDZSA-N,HMDB0011637,C15516,0.23684210526315788,False,within_12m,sample_median_scaled,True,-0.022924827028333334,3.1157134464146616,-0.0016177677941843242,0.7221956417139783,1.6016481354459442e-05,0.9650485512395223,0.7223819229235505,,0.006710905687518506,0.9929752200823792
440,1-palmitoleoyl-GPC (16:1)*,Method 2,LFUDDCMNKWEORN-KHPPLWFESA-N,HMDB0010383,,0.0,True,within_12m,sample_median_scaled,True,0.0015864417827247852,-0.5478675011037515,-0.028805213583243665,0.1296969234631284,2.3977661296362983e-05,0.20987383440951468,0.7707585054301964,,0.0075349800623820675,0.8607149119510451
299,N-acetylglycine,Method 1,OKJIRPAQVSHGFK-UHFFFAOYSA-N,HMDB0000532,,0.0,True,within_12m,sample_median_scaled,True,0.007311714245653774,-0.7390181565437633,-0.009254394247090765,0.1792851807579526,3.75554982319379e-05,0.5088245449771227,0.6743256902304918,,0.008633628657155506,0.9302117638338849
360,1-palmitoyl-GPC (16:0),Method 2,ASWBNKHCZGQVJV-UHFFFAOYSA-N,HMDB0010382,C04102,0.0,True,within_12m,sample_median_scaled,True,0.0016764810245745102,-0.3963210357126035,-0.004668217879033019,0.09664986837645678,4.121063798164919e-05,0.7076057618695318,0.7724650695500423,,0.008633628657155506,0.9640465772053777
938,4-acetamidobenzoate,Method 3,QCXJEYYXVJIFCE-UHFFFAOYSA-N,,D03836,0.8327067669172933,False,within_12m,sample_median_scaled,True,0.0007142903925329664,-0.6840791159287071,-0.14058837834063856,0.16835150310603086,4.836351703418114e-05,0.03355293722809591,0.23067440097873343,,0.008684705844566527,0.7677175285372149
537,taurocholenate sulfate*,Method 3,OEDITLKCLMKBOM-UHFFFAOYSA-N,,,0.0,True,within_12m,sample_median_scaled,True,-0.012046468029504468,1.1446023273579748,0.007544384785593819,0.28510229235934154,5.95195470729775e-05,0.5664550873337437,0.700721617268987,,0.00935200883384159,0.9400770027095738
428,1-stearoyl-GPE (18:0),Method 2,BBYWOYAFBUOUFP-JOCHJYFZSA-N,HMDB0011130,,0.0,True,within_12m,sample_median_scaled,True,0.003264317876077627,-0.3303169802766919,-0.005095743941451669,0.08501239063239316,0.0001021128844281979,0.7516359796597525,0.6555363641132499,,0.014261766191804973,0.9682124660595566
222,3-phenylpropionate (hydrocinnamate),Method 3,XMIIGOLPHOKFCH-UHFFFAOYSA-N,HMDB0000764,C05629,0.2161654135338346,False,within_12m,sample_median_scaled,True,0.0030304225371971453,-2.1752379039861762,-0.017744521151667247,0.572180281847675,0.00014372681912014628,0.847086049434031,0.6297959128325998,,0.01740851196647372,0.9777128002775092
365,1-stearoyl-GPC (18:0),Method 2,IHNKQIMGVNPMTC-RUZDIDTESA-N,HMDB0010384,,0.0,True,within_12m,sample_median_scaled,True,0.001107158314773483,-0.4003428950240687,0.001540094375770821,0.1061562397417457,0.00016242462747186122,0.9329188347512399,0.6566256318058662,,0.01740851196647372,0.9929752200823792
255,2-arachidonoylglycerol (20:4),Method 3,RCRCTBLIHCHWDZ-DOFZRALJSA-N,HMDB0004666,C13856,0.40225563909774437,False,within_12m,sample_median_scaled,True,0.014487595129682994,-1.7762035645433256,-0.0987855624408114,0.4716998492303075,0.0001661910450260021,0.18024882162318512,0.4813322942859969,,0.01740851196647372,0.8607149119510451
1212,metabolonic lactone sulfate,Method 3,IJIWKJRHDDIJKI-MVCMDAJNSA-N,,,0.4567669172932331,False,within_12m,sample_median_scaled,True,0.015050339809160176,-1.4642374533034752,-0.05250994207777249,0.3973184984113534,0.00022843432938165042,0.30208054221756,0.719907536444109,,0.021719581712890984,0.8607149119510451
142,picolinate,Method 1,SIOXPEMLGUPBBT-UHFFFAOYSA-N,HMDB0002243,C10164,0.0018796992481203006,True,within_12m,sample_median_scaled,True,-0.003425722341598055,0.5168495725842164,-0.01143689944549984,0.14080480052966715,0.00024190464914914382,0.5743886894729899,0.5647987637331472,,0.021719581712890984,0.9416325057228728
627,1-(1-enyl-palmitoyl)-GPC (P-16:0)*,Method 2,HTZINLFNXLXRBC-CQLBIITFSA-N,HMDB0010407,,0.0,True,within_12m,sample_median_scaled,True,0.0009139149003613131,-0.4914299627038222,-0.0017468860321308763,0.13924062486978783,0.00041656976441077534,0.9321150393434672,0.7339546758634733,,0.03490854625762297,0.9929752200823792
947,ferulylglycine (2),Method 3,CLGNQAIRBLDHIN-HWKANZROSA-N,,,0.6654135338345865,False,within_12m,sample_median_scaled,True,0.009219740211092226,-0.8837861070787031,-0.03290229636497683,0.25666203733120163,0.0005744817046101665,0.24710233139773197,0.5969330192665645,,0.042678762473023935,0.8607149119510451
987,linoleoylcholine*,Method 2,GVYIAXNFCSAJSK-OKLKQMLOSA-N,HMDB0013213,,0.0018796992481203006,True,within_12m,sample_median_scaled,True,0.004213831687386835,-1.0257015476793228,0.0060280099791304885,0.2979864147544923,0.0005771988560393054,0.8744680012402417,0.5983118522885071,,0.042678762473023935,0.9852070031134053
1174,losartan,Method 3,PSIFNNKUMBGKDQ-UHFFFAOYSA-N,HMDB0014816,"C07072,D08146",0.9624060150375939,False,within_12m,sample_median_scaled,True,0.012944692743501353,-0.5378988218203504,-0.13629024126305453,0.1594573035515303,0.0007427044444319324,0.20079167166477252,0.18768336519007028,,0.04973547223121717,0.8607149119510451
376,gamma-glutamyltryptophan,Method 3,CATMPQFFVNKDEY-AAEUAGOBSA-N,HMDB0029160,,0.009398496240601503,True,within_12m,sample_median_scaled,True,-0.005542988854662088,0.5557264107431416,0.0003859520025835347,0.16572296966427688,0.0007984091148060725,0.9797116349843917,0.739259156977792,,0.04973547223121717,0.996497062573767
929,palmitoloelycholine,Method 2,CLIZBTUFRKKPFA-UHFFFAOYSA-N,HMDB0013208,,0.2161654135338346,False,within_12m,sample_median_scaled,True,-0.0020351181178832924,-1.2191736638301802,-0.0328508785489256,0.36594979684839263,0.0008636919549101258,0.37967180276519263,0.6130364289978277,,0.04973547223121717,0.9018911445248919
926,oleoylcholine,Method 2,GFSSJDJAEKYAGX-UHFFFAOYSA-N,HMDB0240596,,0.007518796992481203,True,within_12m,sample_median_scaled,True,0.003680873887271307,-0.9416829590572975,-0.00842894853339337,0.28273889255929924,0.0008666695387105843,0.8301215553373847,0.6087721138802114,,0.04973547223121717,0.9777128002775092
453,1-palmitoyl-GPE (16:0),Method 2,YVYMBNSKXOXSKW-HXUWFJFHSA-N,HMDB0011503,,0.0,True,within_12m,sample_median_scaled,True,0.003504576926910065,-0.36651141338985554,-0.009154785541620325,0.11008476708252819,0.0008704696810555114,0.44696194904447584,0.7072778792149,,0.04973547223121717,0.9235528527050412
930,dihomo-linolenoyl-choline,Method 2,FRBBZHFNTVMXIH-OKLKQMLOSA-N,HMDB0240646,,0.05075187969924812,True,within_12m,sample_median_scaled,True,0.0032133401244289627,-0.9994118006485055,0.018652329925080674,0.3038742044808928,0.001005798351800712,0.6651321203845211,0.63191369502845,,0.054969066444065004,0.9622271433280913
956,palmitoleoyl-linoleoyl-glycerol (16:1/18:2) [1]*,Method 2,BHGPPCIWDXQOMA-HZFIRFLSSA-N,HMDB0007132,,0.4849624060150376,False,within_12m,sample_median_scaled,True,0.008566383239709496,-1.6379546189279646,-0.02701813599979787,0.503694019385806,0.0011464272232057963,0.4464461497020902,0.8528290198002177,,0.05697043738830024,0.9235528527050412
928,docosahexaenoylcholine,Method 2,OKLWSURGMYZXCS-GUTOPQIJSA-N,HMDB0240647,,0.17105263157894737,True,within_12m,sample_median_scaled,True,0.007164742347061464,-1.6651190081999832,-0.047347420219965485,0.5137044168831056,0.0011894617866596055,0.2763043763349875,0.6509740017752635,,0.05697043738830024,0.8607149119510451
942,2'-O-methylcytidine,Method 1,RFCQJGFZUQFYRF-ZOQUXTDFSA-N,,,0.022556390977443608,True,within_12m,sample_median_scaled,True,-0.004441096314663663,0.3432669161685775,0.015576477217594852,0.1060240714766697,0.0012052620955791504,0.09887099507560519,0.43752647377077203,,0.05697043738830024,0.8607149119510451
913,palmitoylcholine,Method 2,UFQZDKMTMXCDBP-UHFFFAOYSA-N,HMDB0240592,,0.0018796992481203006,True,within_12m,sample_median_scaled,True,0.004044970627583438,-0.9142794180200273,0.0030685335000632252,0.28277012982419325,0.0012237086789849692,0.9295480132641829,0.6151752625298785,,0.05697043738830024,0.9929752200823792
980,"ceramide (d18:2/24:1, d18:1/24:2)*",Method 2,QMVWGDBKESWTON-OQKRWUNJSA-N,"HMDB0240679,HMDB0240680",,0.009398496240601503,True,within_12m,sample_median_scaled,True,0.004249039198813231,-0.4945192228692066,-0.0038303191789732746,0.15543846550747614,0.0014654138815010248,0.6336200434063268,0.7892722679905508,,0.0657866160373853,0.9559742454814228
1202,3-decenoylcarnitine,Method 2,YMJNFVUJNDWLND-ZHACJKMWSA-N,,,0.4680451127819549,False,within_12m,sample_median_scaled,True,-0.001379372895046496,1.0383339983780293,0.06702749486332676,0.3315701778674988,0.001738765157779719,0.08933879969255647,0.779679480776165,,0.07336704522081666,0.8607149119510451
474,hexadecanedioate (C16-DC),Method 3,QQHJDPROMQRDLA-UHFFFAOYSA-N,HMDB0000672,C19615,0.007518796992481203,True,within_12m,sample_median_scaled,True,-0.007029391061621223,0.7480273245947371,0.013071561079211523,0.23902407103390938,0.0017510034658906127,0.6008242328030353,0.6990343607683646,,0.07336704522081666,0.9481677637454439
209,taurochenodeoxycholate,Method 3,BHTRKEVKTKCXOH-BJLOMENOSA-N,HMDB0000951,C05465,0.0,True,within_12m,sample_median_scaled,True,-0.027707864036239288,1.79422941280833,0.024739963887482987,0.5783240904599818,0.0019191717814911764,0.5784451230363051,0.7062721938611046,,0.07781932030110995,0.9430681188802018
749,"5alpha-androstan-3alpha,17beta-diol 17-glucuronide",Method 3,ZJYZOWMDMWQJIV-UPDIMMRZSA-N,,,0.6954887218045113,False,within_12m,sample_median_scaled,True,0.004395331336760403,-0.6957287976989394,-0.021893547643941372,0.22645878325937688,0.002124806266588081,0.03845085456182884,0.8777798599765196,,0.08346504615941305,0.7677175285372149
240,xanthosine,Method 3,UBORTCNDUKBEOP-UUOKFMHZSA-N,HMDB0000299,C01762,0.231203007518797,False,within_12m,sample_median_scaled,True,-0.004664308957832877,0.8645843982660562,0.041293132952765786,0.2853169768651746,0.0024434393069286114,0.015653720587856967,0.894241787738622,,0.0880150810256941,0.694767083139127
922,14-HDoHE/17-HDoHE,Method 3,ZNEBXONKCYFJAF-BGKMTWLOSA-N,"HMDB0060044,HMDB0010213",,0.5206766917293233,False,within_12m,sample_median_scaled,True,-0.013654512162525674,1.2418068863357374,0.10359302004376636,0.4098694221565726,0.002447463504680976,0.11240502022388804,0.25837783685404253,,0.0880150810256941,0.8607149119510451
684,5-hydroxymethyl-2-furoic acid,Method 3,PCSKKIUURRTAEM-UHFFFAOYSA-N,HMDB0002432,C20448,0.6785714285714286,False,within_12m,sample_median_scaled,True,0.0012064276473619994,-0.9306421159548083,-0.17353037356991463,0.3079791148756831,0.0025130123480302984,0.04847124591071414,0.35835340385021563,,0.0880150810256941,0.8180092303786695
156,gamma-glutamyltyrosine,Method 3,VVLXCWVSSLFQDS-QWRGUYRKSA-N,HMDB0011741,,0.0,True,within_12m,sample_median_scaled,True,-0.0062470199692684905,0.5229673876176004,0.0002582272910409624,0.1734991668860928,0.0025762754835918925,0.9888431079991346,0.7239610224555949,,0.0880150810256941,0.9981070267608226
927,arachidonoylcholine,Method 2,XUWOVXDQNYUPNL-WYTUUNCASA-N,HMDB0240583,,0.011278195488721804,True,within_12m,sample_median_scaled,True,0.0072503197449035025,-1.0695365920390385,0.006956592323238109,0.3557609817049338,0.0026441775472394254,0.8446102448767632,0.6220894319830935,,0.0880150810256941,0.9777128002775092
996,sphingomyelin (d18:2/18:1)*,Method 2,YMTVMVYOUDDTQJ-UOMMIRHQSA-N,HMDB0001348,,0.0,True,within_12m,sample_median_scaled,True,0.00014228977480428543,-0.3548124829441008,0.0015519202194062948,0.11809629670560352,0.0026607582171649766,0.8663468394442766,0.7343874772124912,,0.0880150810256941,0.9852070031134053
323,3-hydroxylaurate,Method 3,MUCMKTPAZLSKTL-UHFFFAOYSA-N,HMDB0000387,,0.0018796992481203006,True,within_12m,sample_median_scaled,True,-0.007964486558689558,0.8301777148634769,0.01941111143111378,0.27739203933880224,0.002764346893729371,0.6532879854976582,0.467682865279585,,0.08909702680558511,0.9622271433280913
158,alpha-tocopherol,Method 2,GVJHHUAWPYXKBD-IEOSBIPESA-N,HMDB0001893,C02477,0.0,True,within_12m,sample_median_scaled,True,5.6616097416218756e-05,-0.4999106781472451,0.0076237418493879505,0.16969128795610613,0.003219115180558784,0.5465436042746101,0.9553662296526946,,0.10116069454905978,0.931585523669646
400,1-linoleoyl-GPC (18:2),Method 2,SPJFYYJXNPEZDW-UTJQPWESSA-N,HMDB0010386,C04100,0.0,True,within_12m,sample_median_scaled,True,0.003807700242181727,-0.35099194320311494,-0.011304918852495344,0.11983903018796316,0.003402057784932118,0.5923948130598629,0.6206925320530627,,0.10430211306487006,0.9473607459637016
270,alprazolam,Method 2,VREFGVBLTWBCJP-UHFFFAOYSA-N,HMDB14548,C06817,0.9492481203007519,False,within_12m,sample_median_scaled,True,0.0006255773409812649,-0.20595095705423797,-0.015838585590559145,0.07086021117886822,0.0036556691972005223,0.2322043458809554,0.7341062642394003,,0.1094089566876442,0.8607149119510451
986,stearoylcholine*,Method 2,WYVHUXGFCVDOEA-UHFFFAOYSA-N,HMDB0240648,,0.011278195488721804,True,within_12m,sample_median_scaled,True,0.0032915714461375996,-1.0321937981144627,-0.007459005263064174,0.3562275481423624,0.0037606734852204007,0.8477182705658551,0.5867489713810101,,0.10993410630051263,0.9777128002775092
975,myristoyl-linoleoyl-glycerol (14:0/18:2) [1]*,Method 2,AMBUOMWGQGABQI-BIXSNLIQSA-N,HMDB0007016,,0.7725563909774437,False,within_12m,sample_median_scaled,True,0.01147573322390862,-0.7528307091224069,-0.06577597596871279,0.26197257161978266,0.004056934837046743,0.11984805602278782,0.562961787516996,,0.11585705818165098,0.8607149119510451
960,linoleoyl-linoleoyl-glycerol (18:2/18:2) [1]*,Method 2,MQGBAQLIFKSMEM-WVZYQCMWSA-N,HMDB0007248,,0.06015037593984962,True,within_12m,sample_median_scaled,True,0.0017843676071297606,-1.1157811456562692,-0.014500722353168058,0.3892200824413693,0.004147627381204689,0.5917383887632769,0.805998562549871,,0.11585705818165098,0.9473607459637016
633,(14 or 15)-methylpalmitate (a17:0 or i17:0),Method 3,IIUXHTGBZYEGHI-UHFFFAOYSA-N,HMDB0061859,C16995,0.015037593984962405,True,within_12m,sample_median_scaled,True,-0.001822210824262672,0.5373134203440956,0.032270677866121415,0.1881429866717285,0.0042917998453183195,0.37787774887981174,0.4716176247933144,,0.11627992316579398,0.9013137198138963
636,16-hydroxypalmitate,Method 3,UGAGPNKCDRTDHP-UHFFFAOYSA-N,HMDB0006294,C18218,0.0037593984962406013,True,within_12m,sample_median_scaled,True,-0.00563810391879146,0.49945547552452485,0.018872554764939507,0.1751393170584517,0.004347777556716242,0.4757872236745857,0.5447557962458845,,0.11627992316579398,0.9263190966979289
331,butyrylglycine,Method 3,WPSSBBPLVMTKRN-UHFFFAOYSA-N,HMDB0000808,,0.5601503759398496,False,within_12m,sample_median_scaled,True,0.011390612072427801,-0.8657031835028424,-0.03295907513144112,0.3077110785530793,0.004902616287978829,0.4303839747294437,0.5612634055159897,,0.1283872640414456,0.9235528527050412
812,daidzein sulfate (2),Method 3,CQRHJEVIKOKQMO-UHFFFAOYSA-N,,,0.6616541353383458,False,within_12m,sample_median_scaled,True,0.007776026977323614,-0.8968393047108552,-0.08413405985921799,0.32106783002623857,0.005217301183895115,0.38485405405993933,0.06280462799443143,,0.12936450993053078,0.9018911445248919
206,1-palmitoyl-2-oleoyl-GPC (16:0/18:1),Method 2,WTJKGGKOPKCXLL-PFDVCBLKSA-N,HMDB0007972,C13875,0.0,True,within_12m,sample_median_scaled,True,0.000650743334246113,-0.15620065656196108,-0.014665989992726098,0.05594496853855458,0.005237668817050586,0.1451278809394867,0.8785804808476795,,0.12936450993053078,0.8607149119510451
87,retinol (vitamin A),Method 2,FPIPGXGPPPQFEQ-OVSJKPMPSA-N,HMDB0000305,C00473,0.0,True,within_12m,sample_median_scaled,True,0.008387706329652982,-0.6906321525802505,-0.02313963153232424,0.24741765638687963,0.005248679400522729,0.30523328224430846,0.7089423394622203,,0.12936450993053078,0.8607149119510451
373,epiandrosterone sulfate,Method 3,ZMITXKRGXGRMKS-FMLJXKFRSA-N,HMDB0062657,C04555,0.0018796992481203006,True,within_12m,sample_median_scaled,True,0.0028407077245245467,-0.8591663458699903,-0.003593071714047191,0.30903793609237995,0.005433675751221796,0.80394785939352,0.8869444495163294,,0.13134866190934227,0.9777128002775092
256,1-stearoyl-2-arachidonoyl-GPI (18:0/20:4),Method 2,KRTOMQDUKGRFDJ-YKOKTLGVSA-N,HMDB0009815,,0.0,True,within_12m,sample_median_scaled,True,0.002043717164697889,-0.3233256038740316,0.017107260118713146,0.11680182148639769,0.005637455167887341,0.1552440902250182,0.833351619906018,,0.13296121442644276,0.8607149119510451
1194,taurochenodeoxycholic acid 3-sulfate,Method 3,IJHJZQKOSUFQCX-WZJRQFJBSA-N,HMDB0002486,,0.020676691729323307,True,within_12m,sample_median_scaled,True,-0.027539033009959222,1.5585211359869298,0.011500194249025115,0.56388983105963,0.0057119376125918135,0.767945766635941,0.666104942104752,,0.13296121442644276,0.9682124660595566
647,isoleucylglycine,Method 3,UCGDDTHMMVWVMV-UHFFFAOYSA-N,HMDB0028907,,0.06766917293233082,True,within_12m,sample_median_scaled,True,-0.012528593453822706,0.489972922569378,0.01746321224394418,0.17826558777524518,0.005985843781279412,0.3608431409224331,0.45351927981547047,,0.13680373878305857,0.8829245758692917
767,"sphingomyelin (d18:1/24:1, d18:2/24:0)*",Method 2,WKZHECFHXLTOLJ-QYKFWSDSSA-N,HMDB0012107,,0.0,True,within_12m,sample_median_scaled,True,0.0002880199046826925,-0.26713391821980675,0.006620264584982372,0.09752122713180342,0.006158164713328121,0.3448943731352594,0.8351569398782798,,0.13822880436881158,0.8674382944313466
560,"sphingomyelin (d18:1/18:1, d18:2/18:0)",Method 2,NBEADXWAAWCCDG-QDDWGVBQSA-N,HMDB0012101,,0.0,True,within_12m,sample_median_scaled,True,0.0024019094529972294,-0.37115114251033104,0.00782129149846626,0.1365810777638445,0.006578870620328115,0.3660102374824148,0.7333362093653831,,0.14261782220068409,0.8854102600836895
210,taurocholate,Method 3,WBWWGRHZICKQGZ-HGVCTONRSA-N,HMDB0000036,C05122,0.0037593984962406013,True,within_12m,sample_median_scaled,True,-0.02735887331784959,1.6664856954211897,-0.0204196222770649,0.6132751249137425,0.006580615503293299,0.5529068370967098,0.7091402351617075,,0.14261782220068409,0.9328911331953882
265,alpha-hydroxyisocaproate,Method 3,LVRFTAZAXQPQHI-UHFFFAOYSA-N,"HMDB0000665,HMDB00746,HMDB0000624",C03264,0.013157894736842105,True,within_12m,sample_median_scaled,True,-0.004912754982636181,0.4629506165584599,-0.0024436324372251713,0.17245272975189094,0.007263679120106977,0.8810347340168725,0.6632812146618925,,0.15470694837597557,0.9879220880099989
599,sulfate*,Method 3,QAOWNCQODCNURD-UHFFFAOYSA-N,HMDB01448,C00059,0.0,True,within_12m,sample_median_scaled,True,0.00017915846666560645,-0.20155905804359242,-0.015025840272328048,0.075237110733006,0.007384579874748238,0.0019494083174057214,0.6213171943500396,,0.15470694837597557,0.39636403664452297
442,malonylcarnitine,Method 1,ZGNBLKBZJBJFDG-UHFFFAOYSA-N,HMDB0002095,,0.3233082706766917,False,within_12m,sample_median_scaled,True,0.006192985638091673,-1.0136224096257158,-0.07490578895383425,0.38019020580858925,0.007673848341553598,0.22976083786760726,0.3973708998779028,,0.1573434553632537,0.8607149119510451
303,beta-sitosterol,Method 2,KZJWDPNRJALLNS-XGEQACPASA-N,HMDB0000852,C01753,0.33270676691729323,False,within_12m,sample_median_scaled,True,-0.021441874337674825,1.1727825564667684,0.0047443200520946105,0.44187606017285624,0.007952062749800667,0.8460744835809797,0.7507962782686141,,0.1573434553632537,0.9777128002775092
1140,glycoursodeoxycholic acid sulfate (2),Method 3,DKXXSIJHWWVNMO-XROMFQGDSA-N,,,0.5319548872180451,False,within_12m,sample_median_scaled,True,0.01870830205203428,-1.270313795777652,-0.014558254814239615,0.4787022060037961,0.007962356807533716,0.3223493554126895,0.6450682074639225,,0.1573434553632537,0.8607149119510451
205,stearoyl sphingomyelin (d18:1/18:0),Method 2,LKQLRGMMMAHREN-YJFXYUILSA-N,HMDB0001348,C00550,0.0,True,within_12m,sample_median_scaled,True,0.0008606026568110176,-0.34792765391500713,0.003921451537818251,0.1313600398895785,0.008081236784008333,0.6448362449697073,0.7420932782041156,,0.1573434553632537,0.9592416093809728
743,1-(1-enyl-oleoyl)-GPE (P-18:1)*,Method 2,URGVIWXYPWWBQO-ZCJATDNESA-N,,,0.020676691729323307,True,within_12m,sample_median_scaled,True,0.0016933553768719292,-0.47397013414732986,-0.061751932181595075,0.1791026074379313,0.00813629641894311,0.12442835523697202,0.4491256182509913,,0.1573434553632537,0.8607149119510451
450,1-arachidonoyl-GPC (20:4n6)*,Method 2,LAXQYRRMGGEGOH-JXRLJXCWSA-N,HMDB0010395,C05208,0.0,True,within_12m,sample_median_scaled,True,0.004956628551787933,-0.5326506504063212,-0.0075835459881150435,0.2019465804591322,0.008349945375786755,0.6083635024921745,0.7701293098382083,,0.159028505111575,0.9496398987235734
916,mycophenolic acid glucuronide,Method 3,BYFGTSAYQQIUCN-HGIHDBQLSA-N,HMDB0060634,,0.9736842105263158,False,within_12m,sample_median_scaled,True,0.0021963296500745657,-0.09192148307210028,-0.0021963296500745353,0.035104824682016304,0.008832098121715471,0.1825283790793334,0.40325140069285753,,0.16570070655218427,0.8607149119510451
475,octadecanedioate (C18-DC),Method 3,BNJOQKFENDDGSC-UHFFFAOYSA-N,HMDB0000782,,0.011278195488721804,True,within_12m,sample_median_scaled,True,-0.006907052797184148,0.6866335953932258,0.05923345789903795,0.26371317174026426,0.009221975906546661,0.15536808124629645,0.5722108736023875,,0.1704709369783699,0.8607149119510451
968,N-stearoyl-sphingadienine (d18:2/18:0)*,Method 2,LBBFOWQGVUEADU-CKGMUTLASA-N,HMDB0240362,,0.212406015037594,False,within_12m,sample_median_scaled,True,0.0021099751714444455,-1.1261303815456503,-0.01675869538487813,0.43398192182259754,0.009462434762304578,0.4908034188893615,0.7677935081776175,,0.17159453832709656,0.9302117638338849
607,omeprazole,Method 3,SUBDBMMJDZJVOS-UHFFFAOYSA-N,HMDB0001913,C07324,0.881578947368421,False,within_12m,sample_median_scaled,True,0.008163476027104414,-1.0095648991401356,-0.19798719081174604,0.38961256907725245,0.009564131201197633,0.1290934946743806,0.5463251802533288,,0.17159453832709656,0.8607149119510451
177,N-acetylglucosaminylasparagine,Method 1,YTTRPBWEMMPYSW-VFFCQLMOSA-N,HMDB0000489,C04540,0.009398496240601503,True,within_12m,sample_median_scaled,True,0.0026711621842996137,-0.45074270226708546,-0.05164513211191039,0.17427198234984134,0.009697518939323796,0.09150783667330069,0.6212409547934488,,0.17159453832709656,0.8607149119510451
237,glycerophosphorylcholine (GPC),Method 1,SUHOQUVVVLNYQR-MRVPVSSYSA-N,HMDB0000086,C00670,0.0,True,within_12m,sample_median_scaled,True,0.0011282311798081041,-0.3158108589415321,0.00032213516598344523,0.12232222090888338,0.009828804104654695,0.9859018510282964,0.6847960251594436,,0.17159453832709656,0.9977315486819466
448,testosterone sulfate,Method 3,WAQBISPOEAOCOG-DYKIIFRCSA-N,HMDB0002833,,0.6766917293233082,False,within_12m,sample_median_scaled,True,-0.002568538157959853,1.2316503534141292,0.031619494262927456,0.4824643459734485,0.01068510644031693,0.3597526246430919,1.1186713176885628,,0.18386774147416104,0.8829245758692917
58,histidine,Method 3,HNDVDQJCIGZPNO-UHFFFAOYSA-N,HMDB0000177,C00135,0.0,True,within_12m,sample_median_scaled,True,-0.002142899865357608,0.39143571678199796,-0.003508653926141917,0.15360548090766749,0.010824353913355542,0.7379189145054919,0.8195843256654735,,0.18386774147416104,0.9682124660595566
741,1-linolenoyl-GPC (18:3)*,Method 2,WKQNRCYKYCKESD-YHTMAJSVSA-N,HMDB0010388,C04100,0.0,True,within_12m,sample_median_scaled,True,0.0029456272639140774,-0.35246374521477164,-0.037659798011766686,0.1397856479368401,0.011686937687853173,0.24623346162612414,0.5652640651558379,,0.19465793163654616,0.8607149119510451
452,2-palmitoyl-GPC (16:0)*,Method 3,NEGQHKSYEYVFTD-HSZRJFAPSA-N,HMDB0061702,,0.0,True,within_12m,sample_median_scaled,True,0.002298554641091122,-0.36504042163779515,0.0013166301450672267,0.14549142769224646,0.012106776090021292,0.9242150453508717,0.6267609653298628,,0.19465793163654616,0.9929752200823792
639,oleoyl-linoleoyl-glycerol (18:1/18:2) [2],Method 2,GREDRAMJRDQWEJ-LTEAFHAISA-N,HMDB0007219,,0.007518796992481203,True,within_12m,sample_median_scaled,True,-0.0005537003862125423,-1.1009503722242473,0.002034215464154928,0.43927244147081856,0.01220006015899116,0.9163873375849745,0.9932011883986339,,0.19465793163654616,0.9929752200823792
1090,enterolactone sulfate,Method 3,CGSFDOCYHBJLFW-WMLDXEAASA-N,"HMDB0240506,HMDB0240505",,0.9022556390977443,False,within_12m,sample_median_scaled,True,0.009794790589550842,-0.37183125941061046,-0.0033398500309694277,0.14867093434378095,0.012383082421547655,0.6413905025752358,0.5116673560481187,,0.19465793163654616,0.9559742454814228
1223,isoursodeoxycholate sulfate (2),Method 3,WHMOBEGYTDWMIG-DNMBCGTGSA-N,,,0.7274436090225563,False,within_12m,sample_median_scaled,True,0.0032461695640308734,-0.6890244566254821,-0.06854005252125633,0.27551159396463026,0.01238813114423986,0.1386999777202905,0.4817899945097119,,0.19465793163654616,0.8607149119510451
693,glycohyocholate,Method 3,ZQYUKJFJPJDMMR-JPZDKMBBSA-N,HMDB0000138,,0.018796992481203006,True,within_12m,sample_median_scaled,True,-0.023973856991785742,1.341736403159378,0.005247794449826302,0.5365070358103501,0.01238873073263619,0.8974662721855563,0.6735394004413737,,0.19465793163654616,0.9900129804149947
173,4-hydroxyphenylpyruvate,Method 3,KKADPXVIOXHVKN-UHFFFAOYSA-N,HMDB0000707,C01179,0.0,True,within_12m,sample_median_scaled,True,-0.006562235013767953,0.4045910181962648,-0.006671767930195753,0.16264332177325622,0.012860942316041997,0.7033354227425705,0.6751897003697768,,0.19958277149709616,0.9639401888384792
388,"fibrinopeptide A, phosphono-ser(3)*",Method 3,DROFZMGQYLJNLQ-UHFFFAOYSA-N,,,0.13721804511278196,True,within_12m,sample_median_scaled,True,0.006122823835402187,-1.0966792506790686,-0.02936147969808217,0.44432855268419136,0.013580508332255815,0.48824579268583446,0.8032709946971842,,0.20540673468337675,0.9302117638338849
201,N-palmitoyl-sphingosine (d18:1/16:0),Method 2,YDNKGFDKKRUKPY-TURZORIXSA-N,HMDB0004949,,0.0,True,within_12m,sample_median_scaled,True,-0.0008196305077968328,-0.41668639439634036,0.009329546184958865,0.16898853297887276,0.013672013205458881,0.0990398721613454,0.996251511301231,,0.20540673468337675,0.8607149119510451
124,caprate (10:0),Method 3,GHVNFZFCNZKVNT-UHFFFAOYSA-N,HMDB0000511,C01571,0.0,True,within_12m,sample_median_scaled,True,-0.009378860268920007,0.8016094336874265,0.04333055985656,0.32528320908369274,0.013726464370249521,0.4399777412732734,0.5419147631470591,,0.20540673468337675,0.9235528527050412
896,1-palmitoleoyl-2-linoleoyl-GPC (16:1/18:2)*,Method 2,QJWDAOSZZYVBJZ-KXESGEQTSA-N,HMDB0008006,,0.11278195488721804,True,within_12m,sample_median_scaled,True,0.006337037552051371,-0.5592159656618537,-0.02849864885593362,0.22847708396665845,0.01438191508759786,0.35781933181755343,0.5122746888568893,,0.21268314429541774,0.8829245758692917
472,N-acetyl-aspartyl-glutamate (NAAG),Method 1,OPVPGKGADVGKTG-UHFFFAOYSA-N,HMDB0001067,C12270,0.06578947368421052,True,within_12m,sample_median_scaled,True,0.00026072008060822326,-0.4865961078091803,-0.019922586378895876,0.20085004026354294,0.015406336534866274,0.24366172507706552,0.46399591559157727,,0.22378254787923385,0.8607149119510451
298,3-hydroxydecanoate,Method 3,FYSSBMZUBSBFJL-UHFFFAOYSA-N,HMDB0002203,,0.0,True,within_12m,sample_median_scaled,True,-0.006830289822016298,0.6586551607539003,0.021965255820911054,0.27208724135466467,0.015488529566820482,0.5456971607463061,0.5307094479654721,,0.22378254787923385,0.931585523669646
1192,mercaptopurine,Method 3,GLVAUDGFNGKCSF-UHFFFAOYSA-N,HMDB0015167,C02380,0.9755639097744361,False,within_12m,sample_median_scaled,True,0.0007530635904571315,-0.18236359137416613,-0.0007530635904571586,0.07592765946386709,0.016314308969419183,0.7696780534276064,0.35390210108115844,,0.22461063304257844,0.9682671677941375
915,mycophenolic acid,Method 3,HPNSFSBZBAHARI-RUDMXATFSA-N,HMDB0015159,C20380,0.9736842105263158,False,within_12m,sample_median_scaled,True,0.002222362762250429,-0.1069089134964084,-0.0022223627622503924,0.04458888123435578,0.01650023713102824,0.30734562981661673,0.43134589447313737,,0.22461063304257844,0.8607149119510451
595,isoursodeoxycholate,Method 3,RUDATBOHQWOJDD-DNMBCGTGSA-N,HMDB0000686,C17662,0.05827067669172932,True,within_12m,sample_median_scaled,True,0.00549005650114554,-1.4228249455299071,0.0064897109854211476,0.5937850659261598,0.01656626371574315,0.905968324001515,0.740043556623321,,0.22461063304257844,0.9922043759126522
165,citrate,Method 3,KRKNYBCHXYNGOX-UHFFFAOYSA-N,HMDB0000094,C00158,0.0,True,within_12m,sample_median_scaled,True,-0.0019656988014715338,0.34242536969010634,0.0025580719846321587,0.1429212503425228,0.016579503435303997,0.8405766511434941,0.8354547927840035,,0.22461063304257844,0.9777128002775092
271,dextromethorphan,Method 2,MKXZASYAUGDDCJ-CGTJXYLNSA-N,HMDB0001920,"D03744,DG01078,C06947",0.9642857142857143,False,within_12m,sample_median_scaled,True,0.0019180228356588396,-0.15739782501981228,-0.09678199015314948,0.06573063835198945,0.01663903135120678,0.26501286492260956,0.576223278898168,,0.22461063304257844,0.8607149119510451
1153,4-acetylcatechol sulfate (1),Method 3,RRWBOGSYNDIRNR-UHFFFAOYSA-N,,,0.4116541353383459,False,within_12m,sample_median_scaled,True,0.009520643044086738,-1.028768479400596,0.03512017632829298,0.4302592607809413,0.016800575956932948,0.4132078391343601,0.1925648394955638,,0.22461063304257844,0.9209259819005153
837,"trans-3,4-methyleneheptanoate",Method 3,VFMNSFWBDMRNLJ-UHFFFAOYSA-N,,,0.06203007518796992,True,within_12m,sample_median_scaled,True,-0.005169832254443994,0.6644172346720931,-0.0256240692937398,0.2781992992638628,0.016927536981511164,0.31805960336499994,0.7535445373054857,,0.22461063304257844,0.8607149119510451
578,cinnamoylglycine,Method 3,YAADMLWHGMUGQL-VOTSOKGWSA-N,HMDB0011621,,0.3533834586466165,False,within_12m,sample_median_scaled,True,0.018504803395089826,-1.3150070242436518,-0.11356954603958086,0.5509834330557594,0.01700246706414245,0.230629783647902,0.5410021569064736,,0.22461063304257844,0.8607149119510451
900,1-linoleoyl-2-arachidonoyl-GPC (18:2/20:4n6)*,Method 2,ZZSZQATYGVHNLZ-PUMLCSCDSA-N,HMDB0008147,C05208,0.0,True,within_12m,sample_median_scaled,True,0.002475395809396393,-0.28309992337353446,-0.009605247922582008,0.11878038590413421,0.017154034027118164,0.5687827386414614,0.5549427581386448,,0.22461063304257844,0.9407367137793645
638,oleoyl-linoleoyl-glycerol (18:1/18:2) [1],Method 2,BLZVZPYMHLXLHG-RQOIEFAZSA-N,HMDB0007219,,0.016917293233082706,True,within_12m,sample_median_scaled,True,-0.0012704025852593034,-1.0111106562805354,0.01625457138243827,0.4265386907381599,0.017763966211872217,0.3084417640552799,0.978865974400973,,0.22541776994533372,0.8607149119510451
254,"1,5-anhydroglucitol (1,5-AG)",Method 3,MPCAJMNYNOGXPB-SLPGGIOYSA-N,HMDB0002712,C07326,0.0018796992481203006,True,within_12m,sample_median_scaled,True,0.00025094385966604034,-1.0649986066868744,-0.010888605788528374,0.4500288326106284,0.01795659493801464,0.6578046416095672,0.8282561375841729,,0.22541776994533372,0.9622271433280913
695,retinal,Method 2,NCYCYZXNIZJOKI-OVSJKPMPSA-N,HMDB0001358,C00376,0.11654135338345864,True,within_12m,sample_median_scaled,True,0.008300139261793594,-0.7226259648124725,-0.04923638657776528,0.30545390879779183,0.017993847993548185,0.037384752822642926,0.5590251706612509,,0.22541776994533372,0.7677175285372149
551,"androstenediol (3alpha, 17alpha) monosulfate (3)",Method 3,VPDALJSLCNNODJ-IUIQAQCZSA-N,,,0.25,False,within_12m,sample_median_scaled,True,-0.008501686592968023,-1.2876673779469743,-0.0637022054739816,0.5446361743852066,0.018065604272712327,0.0934775332523994,0.8246547275111716,,0.22541776994533372,0.8607149119510451
83,pristanate,Method 3,PAHGJZDQXIOYTH-UHFFFAOYSA-N,HMDB0000795,,0.4266917293233083,False,within_12m,sample_median_scaled,True,-0.01710052831659661,1.1978834816010202,-0.029359223318253462,0.5068660333671151,0.018112326781605972,0.7228405669554648,0.35748089861602955,,0.22541776994533372,0.9682124660595566
899,1-oleoyl-2-docosahexaenoyl-GPC (18:1/22:6)*,Method 2,FPEVDFOXMCHLKL-KFDYCXSYSA-N,HMDB0008123,,0.0,True,within_12m,sample_median_scaled,True,-0.002694091538729757,-0.2553221825071313,-0.004040572246646972,0.10831616143385966,0.01841363494703203,0.7526175985351924,0.7829327925468679,,0.22692097184724766,0.9682124660595566
952,linoleoyl-arachidonoyl-glycerol (18:2/20:4) [2]*,Method 2,KRECEGQUDDMNAQ-MYBRWWDOSA-N,HMDB0007257,,0.11090225563909774,True,within_12m,sample_median_scaled,True,0.0033955297204552497,-1.2256664162893602,-0.09400736004842423,0.5208524860452557,0.018612971239944254,0.02629852660604997,0.8055234829723671,,0.22715053251077602,0.7677175285372149
33,3-(4-hydroxyphenyl)lactate,Method 3,JVGVDSSUAVXRDY-UHFFFAOYSA-N,HMDB0000755,C03672,0.0,True,within_12m,sample_median_scaled,True,-0.0055705713720541694,0.47559898241708914,-0.008371894255783188,0.20245303273173243,0.01881471721792884,0.4433241291867642,0.7990232990691446,,0.22740480329746685,0.9235528527050412
1224,chenodeoxycholic acid sulfate (1),Method 3,WHMOBEGYTDWMIG-BSWAIDMHSA-N,HMDB0002522,,0.32706766917293234,False,within_12m,sample_median_scaled,True,0.009119103551855298,-1.0755432189333785,0.022148443520763256,0.4593828927905319,0.019217833553501557,0.6413389891372667,0.6270448550387191,,0.2276369672570037,0.9559742454814228
665,duloxetine,Method 2,ZEUITGRIYCTCEM-KRWDZBQOSA-N,HMDB0014619,,0.981203007518797,False,within_12m,sample_median_scaled,True,0.0021866986945311175,-0.09658683385355733,-0.002186698694531144,0.04127082899471337,0.019267364308134433,0.1849818548231098,0.12681077683350445,,0.2276369672570037,0.8607149119510451
1002,dexlansoprazole,Method 2,MJIHNNLFOKEZEW-RUZDIDTESA-N,,D08903,0.9699248120300752,False,within_12m,sample_median_scaled,True,0.002999231504705112,-0.15422178710439505,-0.002999231504705144,0.06595766621309102,0.019377212009943832,0.11310590828418174,0.36626749383362495,,0.2276369672570037,0.8607149119510451
802,"sphingomyelin (d18:1/20:0, d16:1/22:0)*",Method 2,AADLTHQNYQJHQV-SVLGDMRNSA-N,HMDB0012102,,0.0,True,within_12m,sample_median_scaled,True,0.0018428408036244423,-0.28569021562297187,0.000146985974059424,0.12248754833480215,0.019679547457393406,0.9905373738778518,0.7064647052591735,,0.2290480662402177,0.9981070267608226
451,2-palmitoleoyl-GPC (16:1)*,Method 3,GKXPPJQBVCKAGD-DJYGDJEFSA-N,HMDB10383,,0.005639097744360902,True,within_12m,sample_median_scaled,True,-0.00042461542454800633,-0.41191676588709697,-0.024454554620975306,0.17711901061426355,0.020037248318967936,0.28712409085543533,0.622012496915533,,0.22957802079788117,0.8607149119510451
966,N-behenoyl-sphingadienine (d18:2/22:0)*,Method 2,HILTUFAERVOALR-MQXYEJFFSA-N,,,0.013157894736842105,True,within_12m,sample_median_scaled,True,0.006116696867538311,-0.6474945528138023,-0.009909760209665743,0.27856988856673764,0.020106621482390733,0.6500788233160308,0.665918839967643,,0.22957802079788117,0.9622271433280913
610,hydrochlorothiazide,Method 3,JZUFKLXOESDKRF-UHFFFAOYSA-N,HMDB0001928,C07041,0.9736842105263158,False,within_12m,sample_median_scaled,True,8.74259722894158e-05,-0.09514376718563204,-8.742597228941254e-05,0.04098804392406512,0.020272999449932227,0.9121613510405576,0.4466836116531264,,0.22957802079788117,0.9929752200823792
3,1-methylnicotinamide,Method 1,LDHMAVIPBRSVRG-UHFFFAOYSA-N,HMDB0000699,C02918,0.0,True,within_12m,sample_median_scaled,True,0.00048038309029049516,0.4898263439149328,-0.017307582566425242,0.21209231535675957,0.02091607601341517,0.48532206440822767,0.520811714371926,,0.23361103679911807,0.9302117638338849
1052,glucuronide of C10H18O2 (7)*,Method 3,,,,0.06766917293233082,True,within_12m,sample_median_scaled,True,-0.01017026456434664,1.0304389783693648,0.01026171449940702,0.44646992923062695,0.0210008330614959,0.827430614978235,0.46560387276632154,,0.23361103679911807,0.9777128002775092
954,linoleoyl-docosahexaenoyl-glycerol (18:2/22:6) [1]*,Method 2,GPMAAGRGFWBOSO-KLJRXRINSA-N,HMDB0007266,,0.5902255639097744,False,within_12m,sample_median_scaled,True,0.007362653920004711,-0.8847730579115878,-0.14069202766958555,0.3843049394649486,0.021320049541525894,0.014690170063880745,0.4833592687620094,,0.23508159889208816,0.694767083139127
204,1-palmitoyl-2-linoleoyl-GPC (16:0/18:2),Method 2,JLPULHDHAOZNQI-ZTIMHPMXSA-N,HMDB0007973,,0.0,True,within_12m,sample_median_scaled,True,0.0002932978790096394,-0.15590158427439516,-0.005441037192748281,0.06802983390457794,0.021924985824654887,0.46203849767449756,0.8406879885480016,,0.23964962766601036,0.9263190966979289
549,"5alpha-androstan-3beta,17alpha-diol disulfate",Method 3,JHFAETDERBWUOO-ILSMVHKQSA-N,HMDB0094682,,0.6917293233082706,False,within_12m,sample_median_scaled,True,-0.0004969479564729631,-0.8455095430692887,0.006076506094839345,0.3710771928165003,0.022695175241571282,0.20830243003753113,0.9530149813826759,,0.24592961447116465,0.8607149119510451
145,pipecolate,Method 1,HXEACLLIILLPRG-UHFFFAOYSA-N,HMDB0000070,,0.0,True,within_12m,sample_median_scaled,True,-0.0004996689964239365,0.5274560650222972,-0.013421015521315851,0.23226954994555765,0.02315429818860094,0.7277945756674897,0.4605613389962655,,0.24876028053907165,0.9682124660595566
1053,glucuronide of C10H18O2 (8)*,Method 3,,,,0.2819548872180451,False,within_12m,sample_median_scaled,True,-0.002547958493314957,0.9852459384187514,-0.009671162624770862,0.43450621245034277,0.02335926332631667,0.8857888945653415,0.43566800066067185,,0.2488355423828818,0.9897214581943417
464,beta-hydroxyisovaleroylcarnitine,Method 1,IGLHHSKNBDXCEY-UHFFFAOYSA-N,,,0.0,True,within_12m,sample_median_scaled,True,0.001399723540634388,-0.3136860583882845,-0.032448349007885055,0.13888864627722586,0.02391179167822476,0.022982744510474714,0.766913285178714,,0.25258085831536575,0.7677175285372149
1085,"N,N-dimethylalanine",Method 1,QCYOIFVBYZNUNW-BYPYZUCNSA-N,,,0.045112781954887216,True,within_12m,sample_median_scaled,True,-0.0011117317940116586,-0.859641484409931,-0.05659857033564365,0.38217278205609956,0.024490047893841148,0.12130004019571426,0.8021854675706837,,0.256533251687986,0.8607149119510451
71,methionine,Method 1,FFEARJCKVFRZRR-UHFFFAOYSA-N,HMDB0000696,C00073,0.0,True,within_12m,sample_median_scaled,True,-0.004478358488174907,0.2911785213331433,-0.008313264415400692,0.1306779372980846,0.025866190826128652,0.5185253811147443,0.6939047771970616,,0.2687091063507745,0.9302117638338849
88,riboflavin (vitamin B2),Method 3,AUNGANRZJHBGPY-UHFFFAOYSA-N,HMDB0000244,C00255,0.015037593984962405,True,within_12m,sample_median_scaled,True,-0.0025890527547674015,0.3032825124969199,-0.021903456606108783,0.13664612831474215,0.02645450235639234,0.19295616866291876,0.6033729202210695,,0.2696518896661649,0.8607149119510451
1209,succinoyltaurine,Method 4,SBQWITJAJITAMM-UHFFFAOYSA-N,,,0.19924812030075187,True,within_12m,sample_median_scaled,True,0.005789620756952562,0.9633023898568223,0.02550269835775834,0.43414015722280136,0.02649528485553584,0.5323585879826347,0.6338149036691688,,0.2696518896661649,0.930789404145076
32,2-hydroxyphenylacetate,Method 4,CCVYRRGZDBSHFU-UHFFFAOYSA-N,HMDB0000669,C05852,0.10526315789473684,True,within_12m,sample_median_scaled,True,0.005749762806526449,-0.9049250033299764,-0.09269721311381678,0.4092223997563723,0.027013122860171213,0.020416892595809994,0.45179001041499306,,0.2696518896661649,0.7677175285372149
1043,octadecenedioate (C18:1-DC),Method 3,YDPSQMGOAILWPE-FYWRMAATSA-N,,,0.041353383458646614,True,within_12m,sample_median_scaled,True,-0.008421509126570819,0.648047454506583,0.018741454156473707,0.29313374638072504,0.027052675437089457,0.46244943295346996,0.6266760594611508,,0.2696518896661649,0.9263190966979289
882,1-(1-enyl-palmitoyl)-2-arachidonoyl-GPC (P-16:0/20:4)*,Method 2,IOYKZPNDXIIXLN-LOQSCQKMSA-N,HMDB0011220,,0.0,True,within_12m,sample_median_scaled,True,-0.0002794314201817877,-0.23320108563574696,0.014775909176764069,0.10549150765686056,0.027062524614108217,0.20114089113779765,0.8024663235702373,,0.2696518896661649,0.8607149119510451
559,5-methylthioribose**,Method 1,OLVVOVIFTBSBBH-UHFFFAOYSA-N,HMDB0001087,,0.0,True,within_12m,sample_median_scaled,True,0.004807827614951036,-0.46562124374827635,-0.0023594376646230725,0.2108789015863561,0.027244065224823342,0.9399869365980593,0.46788598571942097,,0.2696518896661649,0.9929752200823792
1065,gamma-glutamylcitrulline*,Method 1,SCTJBDDLOROJJM-UHFFFAOYSA-N,,,0.0,True,within_12m,sample_median_scaled,True,0.0036332891578342323,-0.49698738826989947,-0.06268640074324199,0.22540425495781186,0.027463122106435374,0.00651196201243935,0.606473040424288,,0.26969644131085363,0.5457024166424175
478,glycerophosphoethanolamine,Method 1,JZNWSCPGTDBMEW-UHFFFAOYSA-N,HMDB0000114,C01233,0.0,True,within_12m,sample_median_scaled,True,2.7710597227652753e-05,-0.18845461446476455,-0.004156467088343592,0.08569957184470382,0.02787688022687487,0.7893598110877846,0.659660106525297,,0.2697928749064581,0.9777128002775092
82,phytanate,Method 3,RLCKHJSFHOZMDR-UHFFFAOYSA-N,HMDB0000801,C01607,0.0037593984962406013,True,within_12m,sample_median_scaled,True,-0.009518935245353674,0.5999970909662492,0.007830306470299751,0.2728923400448235,0.027902206633126134,0.809415524467723,0.6598953041067415,,0.2697928749064581,0.9777128002775092
1131,4-hydroxy duloxetine glucuronide*,Method 3,OBIZFSZXDHWUJZ-ANUWOGMRSA-N,HMDB0060763,,0.981203007518797,False,within_12m,sample_median_scaled,True,0.0005217763332093206,-0.06603075047062087,-0.0005217763332093352,0.03017627247012952,0.028657375102433075,0.7313054074842874,0.14816567956047197,,0.2718752595188127,0.9682124660595566
803,"sphingomyelin (d18:1/20:1, d18:2/20:0)*",Method 2,MDRFMTLYKHBJTF-YECRPIIFSA-N,"HMDB0240610,HMDB0240632",,0.0,True,within_12m,sample_median_scaled,True,0.0019091710918286496,-0.2767862190063166,0.004471151782900978,0.1265231061002499,0.028696290249831984,0.6418792865444081,0.6961997844350492,,0.2718752595188127,0.9559742454814228
1248,"cis-3,4-methyleneheptanoylglycine",Method 3,FFFQOVJTIDIKQJ-YUMQZZPRSA-N,,,0.05075187969924812,True,within_12m,sample_median_scaled,True,0.012117640283038742,-0.6175811781634825,-0.05662548365140181,0.2824296546341752,0.028766435573589568,0.023994528327358773,0.5844681850770417,,0.2718752595188127,0.7677175285372149
471,"3beta,7alpha-dihydroxy-5-cholestenoate",Method 3,GYJSAWZGYQXRBS-GRJZKGIBSA-N,HMDB0012454,C17335,0.0,True,within_12m,sample_median_scaled,True,-0.003540382470459902,0.27457026134501916,0.00564872062939308,0.12583859606480166,0.029115137270839704,0.4256070842953755,0.8416101285931143,,0.2728088556231173,0.9235528527050412
257,sphingosine 1-phosphate,Method 2,DUYSYHSSBDVJSM-KRWOKUGFSA-N,HMDB0000277,C06124,0.0,True,within_12m,sample_median_scaled,True,-0.00048780417791541476,-0.28012035755961384,-0.004105615117403413,0.12852881831929489,0.02929928043685031,0.7900020073770778,0.48057304081659025,,0.2728088556231173,0.9777128002775092
443,hexanoylglycine,Method 3,UPCKIPHSXMXJOX-UHFFFAOYSA-N,HMDB0000701,,0.5582706766917294,False,within_12m,sample_median_scaled,True,0.012631196455316683,-0.6402623120451807,-0.020388222314876966,0.2947306059160483,0.029828178763465732,0.6086367261949348,0.5408656284544316,,0.27380199687316104,0.9496398987235734
788,eugenol sulfate,Method 3,XWAZTQUZONPJEW-UHFFFAOYSA-N,HMDB0135245,,0.17105263157894737,True,within_12m,sample_median_scaled,True,0.0041672228650157135,1.1977173379643233,-0.03409991702454142,0.5517090490426758,0.029937065476078096,0.7418756399972577,0.2731591923333293,,0.27380199687316104,0.9682124660595566
733,2-aminoheptanoate,Method 1,RDFMDVXONNIGBC-UHFFFAOYSA-N,HMDB0094649,,0.0018796992481203006,True,within_12m,sample_median_scaled,True,0.0014102659930256142,-0.28449683410087573,-0.013186360820471832,0.13157572007759466,0.0306005313519113,0.3626623147059779,0.5454173413166423,,0.27380199687316104,0.8834622666383996
340,10-undecenoate (11:1n1),Method 3,FRPZMMHWLSIFAZ-UHFFFAOYSA-N,HMDB0033724,C13910,0.0,True,within_12m,sample_median_scaled,True,-0.0039188978077627,0.4708508446517425,0.006791725681499498,0.21806106898567199,0.03082989454776894,0.8361116175382544,0.598120234281427,,0.27380199687316104,0.9777128002775092
844,1-stearoyl-2-docosahexaenoyl-GPC (18:0/22:6),Method 2,FAUYAENFVCNTAL-PFFNLMTBSA-N,HMDB0008057,,0.0,True,within_12m,sample_median_scaled,True,-0.0008304933605139663,-0.35491703288182963,-0.01463077786158343,0.16466955766890848,0.031136117077125644,0.30437344583670123,0.759531953375564,,0.27380199687316104,0.8607149119510451
714,guaifenesin,Method 1,HSRJKNPTNIJEKV-UHFFFAOYSA-N,HMDB0004998,D00337,0.9699248120300752,False,within_12m,sample_median_scaled,True,0.004216397842742111,-0.13260426861623575,-0.004216397842742115,0.06153541484375118,0.031167621295136918,0.11124139307127573,0.6832747535079016,,0.27380199687316104,0.8607149119510451
1132,5-hydroxy-6-methoxy duloxetine sulfate*,Method 3,XYZBSFYKOKLCKI-INIZCTEOSA-N,,,0.981203007518797,False,within_12m,sample_median_scaled,True,0.00047500210875061255,-0.0599645864585467,-0.0004750021087506985,0.027845705746471307,0.031282620730772245,0.7039013570667215,0.1554767113283386,,0.27380199687316104,0.9639401888384792
445,N-ethylglycinexylidide,Method 1,WRMRXPASUROZGT-UHFFFAOYSA-N,HMDB0060656,C16561,0.9417293233082706,False,within_12m,sample_median_scaled,True,-0.004665160249229347,1.179356237026731,0.15099002180475993,0.5479470894119316,0.03137233813761646,0.009880628663288713,0.08951056264490587,,0.27380199687316104,0.6536815910396796
949,oleoyl-oleoyl-glycerol (18:1/18:1) [1]*,Method 2,AFSHUZFNMVJNKX-CLFAGFIQSA-N,HMDB0007218,,0.2857142857142857,False,within_12m,sample_median_scaled,True,0.007683046431662329,-1.3485267842786457,-0.05904866005420385,0.6269504298906015,0.03148168792612127,0.021846316224016334,0.7956289849945447,,0.27380199687316104,0.7677175285372149
1013,docosahexaenoylcarnitine (C22:6)*,Method 2,WLLMYDQRCSWAST-WSDBEMKQSA-N,,,0.05451127819548872,True,within_12m,sample_median_scaled,True,0.0015491359693129375,-0.701449991514332,-0.06702687925860022,0.326311327249084,0.031584160339386116,0.036937148483168876,0.7004752359597386,,0.27380199687316104,0.7677175285372149
75,pelargonate (9:0),Method 3,FBUKVWPVBMHYJY-UHFFFAOYSA-N,HMDB0000847,C01601,0.0,True,within_12m,sample_median_scaled,True,-0.0009889143309659556,0.32315921583053897,0.023549612314701488,0.15068295704459822,0.03198242808160545,0.2965643366184464,0.7570854264671181,,0.2753555623190278,0.8607149119510451
950,oleoyl-oleoyl-glycerol (18:1/18:1) [2]*,Method 2,AFSHUZFNMVJNKX-CLFAGFIQSA-N,HMDB0007218,,0.35902255639097747,False,within_12m,sample_median_scaled,True,0.005598872955145811,-1.3837536986983057,-0.031442334805434916,0.6460420969240118,0.03220201185815887,0.5430090708754856,0.8342765458258327,,0.275360060583032,0.931585523669646
978,"ceramide (d18:1/14:0, d16:1/16:0)*",Method 2,ZKRPGPZHULJLKJ-IMVLJIQESA-N,"HMDB0240681,HMDB0011773",,0.09210526315789473,True,within_12m,sample_median_scaled,True,-0.0029159027224293283,0.44867032502687465,0.043254699318496834,0.21000384213512271,0.032639799050362545,0.314503624321814,0.5895711814172352,,0.2755799404996848,0.8607149119510451
901,1-myristoyl-2-arachidonoyl-GPC (14:0/20:4)*,Method 2,SRQSAJRUMDQMMS-NLDJLLEISA-N,HMDB0007883,,0.0037593984962406013,True,within_12m,sample_median_scaled,True,0.0068492468225161696,-0.3765029245971185,-0.01177626100414616,0.17625203312257995,0.03266619819765556,0.6882995658175085,0.44853157878445576,,0.2755799404996848,0.9639401888384792
671,phenylalanylglycine,Method 1,GLUBLISJVJFHQS-UHFFFAOYSA-N,HMDB0028995,,0.5018796992481203,False,within_12m,sample_median_scaled,True,0.0015120109259339567,-0.5405527578492177,-0.012353629338875436,0.2535467607863395,0.033009744050630306,0.7661380437104297,0.3466552035335481,,0.27662165514428194,0.9682124660595566
645,N-oleoyltaurine,Method 3,KOGRJTUIKPMZEJ-KTKRTIGZSA-N,,,0.020676691729323307,True,within_12m,sample_median_scaled,True,-0.005736839936275321,0.4874371912831173,0.019568822103051744,0.22949376803906793,0.03367290265131667,0.5640670652703974,0.5708906578987464,,0.2769188889432551,0.9378734140805417
527,glycosyl-N-stearoyl-sphingosine (d18:1/18:0),Method 2,YMYQEDCYNANIPI-OQRGLTFYSA-N,,,0.0037593984962406013,True,within_12m,sample_median_scaled,True,-0.0015712762570625834,-0.32252443223269084,0.02275216244943832,0.151857830438672,0.033682039046340366,0.044867480383783284,0.8910396374876827,,0.2769188889432551,0.7922246299154634
313,androsterone sulfate,Method 3,ZMITXKRGXGRMKS-HLUDHZFRSA-N,HMDB0002759,,0.06390977443609022,True,within_12m,sample_median_scaled,True,-0.005227463500229781,-1.0334656621339577,-0.0011834736191742058,0.48666428243160875,0.03370611774726971,0.9680757120680379,0.7697377569653749,,0.2769188889432551,0.9929752200823792
843,1-palmitoyl-2-docosahexaenoyl-GPC (16:0/22:6),Method 2,IESVDEZGAHUQJU-ZLBXKVHBSA-N,HMDB0007991,,0.0,True,within_12m,sample_median_scaled,True,-9.220311536515467e-05,-0.31394026475577685,-0.005453103548953781,0.14832145430461566,0.03429204939708496,0.6747873168213842,0.7927961177864171,,0.27990328631257005,0.9639401888384792
137,pentadecanoate (15:0),Method 3,WQEPLUUGTLDZJY-UHFFFAOYSA-N,HMDB0000826,C16537,0.0,True,within_12m,sample_median_scaled,True,0.0013339661408245513,0.3277670032464228,0.04065022689354017,0.15562276880447976,0.03519014813371547,0.1699424007578837,0.4628063489241919,,0.2853807497037441,0.8607149119510451
805,behenoyl sphingomyelin (d18:1/22:0)*,Method 2,FJJANLYCZUNFSE-TWKUQIQBSA-N,HMDB0012103,,0.0,True,within_12m,sample_median_scaled,True,1.924432544704724e-05,-0.26294838127774034,0.0011659144968873979,0.12504206506049617,0.03547631402688822,0.9311328745470103,0.6420192654644671,,0.28585722263973395,0.9929752200823792
728,6-oxopiperidine-2-carboxylate,Method 3,FZXCPFJMYOQZCA-UHFFFAOYSA-N,HMDB0061705,,0.0018796992481203006,True,within_12m,sample_median_scaled,True,0.0009408708884501945,0.3828073626822485,-0.00773939447618368,0.1827444015641331,0.03619150515943539,0.7355779656599781,0.6479574096350678,,0.2886684718911099,0.9682124660595566
583,(12 or 13)-methylmyristate (a15:0 or i15:0),Method 3,ZOCYQVNGROEVLU-UHFFFAOYSA-N,HMDB0061707,,0.5582706766917294,False,within_12m,sample_median_scaled,True,-0.0074385069059043785,0.932671782170086,-0.012362944832111507,0.4454605392018741,0.03628450163786425,0.8129257466224289,0.6069893145913947,,0.2886684718911099,0.9777128002775092
179,creatine,Method 1,CVSVTCORWBXHQV-UHFFFAOYSA-N,HMDB0000064,C00300,0.0,True,within_12m,sample_median_scaled,True,-0.0018597377917268585,-0.46137163657966296,0.021524328434972928,0.22132106154924577,0.0371032636167922,0.025526460501952498,0.8423407975175337,,0.29332580104596095,0.7677175285372149
546,5alpha-pregnan-diol disulfate,Method 3,LSQGWMYMIHQKSA-UHFFFAOYSA-N,"HMDB0240581,HMDB0240582",,0.5789473684210527,False,within_12m,sample_median_scaled,True,-0.009081091512852824,-0.7673771764339423,0.0014341760607116587,0.36893600984254377,0.037527950454963425,0.9692176256084483,0.7126399646905721,,0.2946647102345622,0.9929752200823792
420,1-arachidonylglycerol (20:4),Method 3,DCPCOKIYJYGMDN-DOFZRALJSA-N,HMDB11578,C13857,0.005639097744360902,True,within_12m,sample_median_scaled,True,0.006818489184599936,-0.5463357203304958,0.016827093476039386,0.2638067259969566,0.0383616333483062,0.45679401518976237,0.5451357467016628,,0.2946647102345622,0.9246217022440117
52,gamma-glutamylglutamate,Method 1,OWQDWQKWSLFFFR-UHFFFAOYSA-N,HMDB0011737,C05282,0.14285714285714285,True,within_12m,sample_median_scaled,True,0.001264584633545264,-0.6768940535351811,-0.07127793404949144,0.327060405947993,0.03848699914869079,0.1710598816482154,0.40221021536586454,,0.2946647102345622,0.8607149119510451
176,isocitrate,Method 1,ODBLHEXUDAPZAU-OKKQSCSOSA-N,HMDB0001874,C00451,0.005639097744360902,True,within_12m,sample_median_scaled,True,0.0026531188976084636,-0.5634844269551907,-0.013661935993954639,0.27241980693527335,0.03859852868088528,0.7300809646703863,0.5272869104944812,,0.2946647102345622,0.9682124660595566
1213,vanillic acid glycine,Method 3,LOODYTDRRBLQNH-UHFFFAOYSA-N,HMDB0060026,,0.2556390977443609,False,within_12m,sample_median_scaled,True,0.01613388696825666,-1.1411794442684988,-0.06671221144353473,0.55178220245469,0.03862403225770671,0.43705813789299575,0.42177763314456496,,0.2946647102345622,0.9235528527050412
456,1-arachidonoyl-GPE (20:4n6)*,Method 2,ROPRRXYVXLDXQO-XSQXPFHXSA-N,HMDB0011517,,0.0,True,within_12m,sample_median_scaled,True,0.006289460400247509,-0.2941342192751432,-0.007621798054469464,0.14239204895826557,0.03886015714125757,0.5809580633395249,0.7194185696522053,,0.2946647102345622,0.944607081243427
267,isovalerate (i5:0),Method 3,GWYFCOCPABKNJV-UHFFFAOYSA-N,HMDB0000718,C08262,0.0,True,within_12m,sample_median_scaled,True,0.00034198021604740704,-0.5005017614678885,0.007215838471353648,0.2430199628371351,0.03944551917215286,0.7564448695777487,0.7118088977190393,,0.2946647102345622,0.9682124660595566
574,N-acetyl-3-methylhistidine*,Method 1,FKTXRTPBUWLETL-UHFFFAOYSA-N,HMDB0240341,,0.2669172932330827,False,within_12m,sample_median_scaled,True,0.007089617625613311,-0.9114359378781433,-0.06804644329788218,0.4428473779348386,0.03957798877449691,0.041869676968666156,0.5377636563829585,,0.2946647102345622,0.7739732933766671
1096,dodecadienoate (12:2)*,Method 3,QHRHXXRXWDTFLI-HZJYTTRNSA-N,,,0.0,True,within_12m,sample_median_scaled,True,-0.004360190650963872,0.47883247362877607,0.03736538041042894,0.23279801856347695,0.03969988423996912,0.31232914741843565,0.5198909724373175,,0.2946647102345622,0.8607149119510451
860,"sphingomyelin (d18:2/24:1, d18:1/24:2)*",Method 2,TXFLWJQVQCDUDZ-BRUGZULGSA-N,"HMDB0240636,HMDB0240615",,0.0,True,within_12m,sample_median_scaled,True,-0.0004365879484071928,-0.17201237484611445,0.001492554800639414,0.08366961200122312,0.03979674288936721,0.7697894559671752,0.7022628632166448,,0.2946647102345622,0.9682671677941375
1027,fluconazole,Method 3,RFHAOTPXVQNOHP-UHFFFAOYSA-N,HMDB0014342,C07002,0.9849624060150376,False,within_12m,sample_median_scaled,True,0.0044551757297351105,-0.1916800292487619,-0.004455175729735091,0.09326190098952025,0.039851233683274125,0.3761117774482058,0.11072747249610108,,0.2946647102345622,0.900519055718847
111,tyrosine,Method 1,OUYCCCASQSFEME-QMMMGPOBSA-N,HMDB0000158,C00082,0.0,True,within_12m,sample_median_scaled,True,-0.005932079815811873,0.3230186860228271,0.0034806817596248494,0.1576385055767759,0.0404513301884958,0.7893649186323783,0.6025760224383161,,0.2965618645386546,0.9777128002775092
920,glycosyl-N-palmitoyl-sphingosine (d18:1/16:0),Method 2,VJLLLMIZEJJZTE-NNTBDIJYSA-N,,,0.0,True,within_12m,sample_median_scaled,True,-0.004264445185058445,-0.3600717771677472,0.008384784215926927,0.17583352655272777,0.040579666428519165,0.20113122672407324,0.9620328726305067,,0.2965618645386546,0.8607149119510451
1235,"cis-3,4-methyleneheptanoylcarnitine",Method 2,LNGSHJPPGDBEPT-VYAYZGMFSA-N,,,0.0,True,within_12m,sample_median_scaled,True,0.00588038720654371,-0.39385629629936114,-0.03313871022028223,0.1934309839311617,0.041734361965759297,0.13672051217757278,0.5721102597843145,,0.3016828837317933,0.8607149119510451
1225,"branched-chain, straight-chain, or cyclopropyl 10:1 fatty acid (1)*",Method 3,NIFITBVFNGQSNA-SOFGYWHQSA-N,,,0.0,True,within_12m,sample_median_scaled,True,-0.008061838460828216,0.6995320047168845,0.04579929585005471,0.3435984131415626,0.041760399180057306,0.33937294293469855,0.636530703474681,,0.3016828837317933,0.8674382944313466
723,"sphingomyelin (d18:2/16:0, d18:1/16:1)*",Method 2,IWHLTJGDYLJQSH-FLPFCPAFSA-N,"HMDB0240638,HMDB0240613",,0.0,True,within_12m,sample_median_scaled,True,-9.077824575391455e-05,-0.2084954525623593,0.0042718087409992205,0.10281859292965867,0.0425807539225574,0.601552658181354,0.7310128216177629,,0.3058514724608837,0.9481677637454439
1234,"cis-3,4-methyleneheptanoate",Method 3,VFMNSFWBDMRNLJ-BQBZGAKWSA-N,,,0.0,True,within_12m,sample_median_scaled,True,-0.0028657494226623902,0.397571394446534,-0.01778830098820565,0.19748771405565785,0.04409938248189654,0.5615222121436672,0.7911784543148482,,0.3149597942030906,0.9363537783178927
683,N-octanoylglycine,Method 3,SAVLIIGUQOSOEP-UHFFFAOYSA-N,HMDB0000832,,0.4567669172932331,False,within_12m,sample_median_scaled,True,0.006182426809030753,-0.5780976568577655,-0.013022767133771658,0.2877245086739444,0.04451534779609308,0.8164304721023447,0.3918118946797112,,0.31601323390938146,0.9777128002775092
1215,branched chain 14:0 dicarboxylic acid**,Method 3,JUODHHFNSQAXKF-UHFFFAOYSA-N,,,0.4567669172932331,False,within_12m,sample_median_scaled,True,0.0025455124405205708,-1.2180840051809678,-0.021946068840619903,0.606917856448465,0.04474968626560851,0.6875944334297568,0.670460451699527,,0.31601323390938146,0.9639401888384792
806,"sphingomyelin (d18:1/22:1, d18:2/22:0, d16:1/24:1)*",Method 2,VBFKEZGCUWHGSK-ADSSWVSQSA-N,HMDB0012104,,0.0,True,within_12m,sample_median_scaled,True,0.0008720110824458302,-0.19897572513647532,-0.0012935593497944422,0.09948454846444939,0.045493070025615624,0.8842821933732614,0.6593405223241494,,0.3194680950960829,0.9889170080695637
444,lidocaine,Method 1,NNJVILVZKWQKPM-UHFFFAOYSA-N,HMDB0014426,D00358,0.9229323308270677,False,within_12m,sample_median_scaled,True,-0.006259929077268304,1.172506167855924,0.16826879800751599,0.5887219561414306,0.04641356078282492,0.013866841090921263,0.15495898121101961,,0.32412136613339404,0.694767083139127
207,N-stearoyl-sphingosine (d18:1/18:0)*,Method 2,VODZWWMEJITOND-NXCSZAMKSA-N,HMDB0004950,,0.06578947368421052,True,within_12m,sample_median_scaled,True,0.006987754513305161,-0.6408887426016567,-0.011109037279265646,0.32238371286978024,0.046815147636946795,0.44967388495757377,0.820147184488041,,0.3251195612134924,0.9235528527050412
893,palmitoyl-linoleoyl-glycerol (16:0/18:2) [2]*,Method 2,ZKYDYRLDJZZKEU-BCTRXSSUSA-N,HMDB0007103,,0.287593984962406,False,within_12m,sample_median_scaled,True,0.005988540304160103,-1.2807250765561484,-0.016735579205450424,0.6452830406106004,0.047172368496756975,0.7537071459759661,0.8311081893924284,,0.32580036923309624,0.9682124660595566
912,thioproline,Method 1,DZLNHFMRPBPULJ-VKHMYHEASA-N,HMDB0062164,,0.0,True,within_12m,sample_median_scaled,True,0.0014193856041284122,-0.3036048662334434,0.0034683468980115156,0.15324712232370083,0.047574944760014753,0.7181127788327656,0.6480624451612651,,0.3267852763023964,0.9682124660595566
1114,"N2-acetyl,N6-methyllysine",Method 1,MKWKYAGEJHBUOX-QMMMGPOBSA-N,,,0.016917293233082706,True,within_12m,sample_median_scaled,True,0.0017959899593156432,-0.621219149351604,-0.004359510095715121,0.313934072999713,0.0478362303121099,0.8607184883128889,0.7741291585344305,,0.32679424729522905,0.9832928082546339
274,3-hydroxyoctanoate,Method 3,NDPLAKGOSZHTPH-UHFFFAOYSA-N,HMDB0001954,C20793,0.0,True,within_12m,sample_median_scaled,True,-0.005338704386860774,0.5683792016443083,0.01064201627267399,0.287671016584381,0.04817790330243569,0.7040453169170227,0.504625438013043,,0.3273493213576306,0.9639401888384792
1045,octadecadienedioate (C18:2-DC)*,Method 3,ZKQNWTGXRAIVGG-PXELCPQFSA-N,,,0.041353383458646614,True,within_12m,sample_median_scaled,True,-0.01141760150924097,0.5689839879821971,0.02214921319393751,0.28864827523469283,0.04870080277064158,0.4660362318915242,0.6105623598077752,,0.3276425054552685,0.9263190966979289
356,N-acetyltryptophan,Method 3,DZTHIGRZJZPRDV-LBPRGKRZSA-N,HMDB0013713,C03137,0.0,True,within_12m,sample_median_scaled,True,-0.0031465121437768274,0.4963616749781685,0.002297509556859871,0.25202433105068445,0.04889581411343063,0.8901497766048255,0.5770529574131806,,0.3276425054552685,0.9898402122819074
1172,meloxicam,Method 3,ZRVUJXDFFKFLMG-UHFFFAOYSA-N,HMDB0014952,"D00969,C08169",0.9849624060150376,False,within_12m,sample_median_scaled,True,0.006607229597398777,-0.23460178867840367,-0.0066072295973988015,0.11917398599298788,0.049003015931257346,0.08097663218344638,0.10543904079663191,,0.3276425054552685,0.8607149119510451
473,tetradecanedioate (C14-DC),Method 3,HQHCYKULIHKCEB-UHFFFAOYSA-N,HMDB0000872,,0.005639097744360902,True,within_12m,sample_median_scaled,True,-0.0032732229720032493,0.3960398505148905,0.010901229691487472,0.20173115601679278,0.0496222225319067,0.7275962538754338,0.7762560363099003,,0.3300271625534747,0.9682124660595566
174,butyrate/isobutyrate (4:0),Method 3,FERIUCNNQQJTOY-UHFFFAOYSA-N,HMDB0000039,C00246,0.0,True,within_12m,sample_median_scaled,True,-0.00126608032290595,-0.6440502593519497,0.022890362999722424,0.33018883471386623,0.051110445751767916,0.47221124509598156,0.7041836067395183,,0.3381359489998541,0.9263190966979289
434,1-docosahexaenoylglycerol (22:6),Method 3,JWPHORDRFVRZPP-KUBAVDMBSA-N,HMDB0011587,,0.37218045112781956,False,within_12m,sample_median_scaled,True,0.008385698345151868,-0.7919041446105987,0.007824882754524105,0.40729872729203015,0.051861288192832866,0.8942051807353415,0.5898331050384449,,0.3412172634068163,0.9900112608500111
1009,arachidonoylcarnitine (C20:4),Method 2,RBFQHRALHSUPIA-SNPVRQPZSA-N,HMDB0006455,,0.0,True,within_12m,sample_median_scaled,True,3.089982686910454e-05,-0.31816105938105826,-0.007232503574295424,0.16381910606449207,0.052119104673117526,0.5160929041105954,0.5493603089906518,,0.3412172634068163,0.9302117638338849
180,"cys-gly, oxidized",Method 1,KDJVKDYFFTWHBO-UHFFFAOYSA-N,,,0.007518796992481203,True,within_12m,sample_median_scaled,True,0.008209970275668856,-0.459649068990719,-0.04706008701977489,0.2370593275256185,0.052505944297945036,0.0033797733705274173,0.7501205681681615,,0.3419687667487923,0.47691028066426927
363,campesterol,Method 2,SGNBVLSWZMBQTH-PODYLUTMSA-N,HMDB0002869,C01789,0.18609022556390978,True,within_12m,sample_median_scaled,True,-0.010352566399095266,0.8711238594153795,-0.01948672870956637,0.45038104744888885,0.053089405432826677,0.527186447559884,0.7020263954132818,,0.3424164884554557,0.9302117638338849
285,oxalate (ethanedioate),Method 3,MUBZPKHOEPUJKR-UHFFFAOYSA-N,HMDB0002329,C00209,0.0,True,within_12m,sample_median_scaled,True,0.0037042837826273094,-0.5220286074797846,-0.04754584718977969,0.27042624615801125,0.05355831046392645,0.06833436582862669,0.5486094113887938,,0.3424164884554557,0.8607149119510451
556,2-hydroxyglutarate,Method 1,HWXBTNAVRSUOJR-UHFFFAOYSA-N,HMDB0059655,C02630,0.005639097744360902,True,within_12m,sample_median_scaled,True,0.0017495227910208314,-0.516107238097961,0.00010090298225707924,0.26787944494790944,0.0540245173767417,0.9886793362340462,0.8696940286026487,,0.3424164884554557,0.9981070267608226
297,2-linoleoylglycerol (18:2),Method 3,IEPGNWMPIFDNSD-HZJYTTRNSA-N,HMDB0011538,,0.09210526315789473,True,within_12m,sample_median_scaled,True,0.009631820898038226,-0.632306603739187,-0.07422825356449543,0.32825642382761694,0.054072151212741025,0.09830000819966594,0.4310310093950076,,0.3424164884554557,0.8607149119510451
292,1-oleoylglycerol (18:1),Method 3,RZRNAYUHWVFMIP-KTKRTIGZSA-N,HMDB0011567,,0.02819548872180451,True,within_12m,sample_median_scaled,True,-0.0018439720897109712,0.6161203298531827,0.020307828629833338,0.3202223066931092,0.05434964698310521,0.30686420400460335,0.6492644693517627,,0.3424164884554557,0.8607149119510451
1091,ascorbic acid 3-sulfate*,Method 4,FBFZPSQPKNIVMT-ZAFYKAAXSA-N,,,0.0,True,within_12m,sample_median_scaled,True,0.006657559839629129,-0.39189389866784935,-0.041975514236146164,0.20380388775946728,0.054492977791123824,0.11029065193996593,0.6741909355377085,,0.3424164884554557,0.8607149119510451
731,N-delta-acetylornithine,Method 3,SRXKAYJJGAAOBP-UHFFFAOYSA-N,HMDB0003357,C00437,0.0,True,within_12m,sample_median_scaled,True,0.00033719840176351913,0.45200434921743965,-0.02379711211349786,0.23538093449170622,0.054818761014779935,0.2099179903920645,0.7143984786615563,,0.3424164884554557,0.8607149119510451
931,eicosapentaenoylcholine,Method 2,AVBRNEQAXKXDAZ-CGRWFSSPSA-N,,,0.6372180451127819,False,within_12m,sample_median_scaled,True,0.009862078069582605,-0.59809091458582,-0.14587564268487035,0.3116076907431646,0.0549373376381367,0.056985374507275366,0.3498639890298192,,0.3424164884554557,0.841462374980247
601,L-urobilin,Method 2,TYOWQSLRVAUSMI-WKULSOCRSA-N,HMDB0004159,C05793,0.706766917293233,False,within_12m,sample_median_scaled,True,0.02138152823320879,-0.9814854171102344,-0.07055121885027053,0.5115451915208831,0.05502635693556249,0.13355826401478538,0.5594690743524919,,0.3424164884554557,0.8607149119510451
592,3-methylglutaconate,Method 4,WKRBKYFIJPGYQC-DUXPYHPUSA-N,HMDB0000522,,0.0,True,within_12m,sample_median_scaled,True,0.009394727190535858,-0.4892427030218498,-0.024166151169059267,0.2557625991419001,0.05576364561841852,0.0038960238472436435,0.8932769702114829,,0.3438600381641631,0.47691028066426927
1066,N4-acetylsulfamethoxazole*,Method 3,GXPIUNZCALHVBA-UHFFFAOYSA-N,HMDB0013854,"D01601,C13061",0.9830827067669173,False,within_12m,sample_median_scaled,True,0.004927665268114197,-0.23741045569965824,-0.004927665268114196,0.12421347637248538,0.055964758681037854,0.4058866702713828,0.030790670061103698,,0.3438600381641631,0.920556653369833
455,1-linoleoyl-GPE (18:2)*,Method 2,DBHKHNGBVGWQJE-HZJYTTRNSA-N,HMDB0011507,,0.0,True,within_12m,sample_median_scaled,True,0.005460776631893612,-0.2853236544415939,-0.017156225230151603,0.14950988560101944,0.05634041039105711,0.5083328148562936,0.43432840998800476,,0.3438600381641631,0.9302117638338849
594,cysteinylglycine disulfide*,Method 1,ZHRLECIZINSPKL-AKGZTFGVSA-N,HMDB0000709,,0.0,True,within_12m,sample_median_scaled,True,0.003904958162062789,-0.2380316178723539,-0.01776419218550073,0.12473495841083258,0.05635255995371328,0.011167493470276313,0.8657889730739852,,0.3438600381641631,0.6684542520065394
651,N-palmitoyltaurine,Method 3,LPDJCYFKKSLKRO-UHFFFAOYSA-N,,,0.20112781954887218,False,within_12m,sample_median_scaled,True,-0.01202153928906854,0.5702039807449866,0.04509964341401849,0.2999399137345225,0.05729406314486223,0.41258469353421967,0.29373223957071615,,0.34522789426453526,0.9209259819005153
17,laurate (12:0),Method 3,POULHZVOKOAJMA-UHFFFAOYSA-N,HMDB0000638,C02679,0.0,True,within_12m,sample_median_scaled,True,-0.009662763394570612,0.5367465597987365,0.07064517054033462,0.2823532443560948,0.057305240348549585,0.07536510446645375,0.320243883556804,,0.34522789426453526,0.8607149119510451
564,16alpha-hydroxy DHEA 3-sulfate,Method 3,ALBNSVAJDFJRKQ-UAFBDMIJSA-N,HMDB0062544,,0.0,True,within_12m,sample_median_scaled,True,-0.014658887324069376,0.6314870990766929,0.02487552387977777,0.3324072728458845,0.05746736418921651,0.07735675752450144,0.7580329741882847,,0.34522789426453526,0.8607149119510451
795,valsartan,Method 3,ACWBQPMHZXGDFX-UHFFFAOYSA-N,HMDB0014323,,0.9830827067669173,False,within_12m,sample_median_scaled,True,-0.000473701464874949,-0.09285603006296997,0.00047370146487495226,0.04891902690748027,0.05767530453106794,0.847500505957419,0.23392503878299464,,0.34522789426453526,0.9777128002775092
924,sulfamethoxazole,Method 1,JLKIGFTWXXRPMT-UHFFFAOYSA-N,HMDB0015150,D00447,0.9849624060150376,False,within_12m,sample_median_scaled,True,0.0027816508656894907,-0.1630544379375475,-0.0027816508656894863,0.08623874902464,0.05866001155049802,0.5269281421983893,0.006861737276092067,,0.34745484824587497,0.9302117638338849
1071,glycine conjugate of C10H12O2*,Method 3,,,,0.19736842105263158,True,within_12m,sample_median_scaled,True,0.009019114090992781,-0.7007942639852062,-0.06691000064880051,0.3709473759532733,0.05886486093882689,0.1818805419165923,0.4693696396809853,,0.34745484824587497,0.8607149119510451
657,trimethylamine N-oxide,Method 1,UYPYRKYUKCHHIB-UHFFFAOYSA-N,HMDB0000925,C01104,0.0,True,within_12m,sample_median_scaled,True,0.009485989809705135,-0.5525183280366834,-0.00023668927163160308,0.29247489583244735,0.05887659719679504,0.9959086140629143,0.47148556414379533,,0.34745484824587497,0.9992662957885908
573,tridecenedioate (C13:1-DC)*,Method 3,LGDMAFABHAIORE-DUXPYHPUSA-N,,,0.0,True,within_12m,sample_median_scaled,True,-0.001331997398090053,0.3787918344435352,0.034873832373229385,0.2011116422513736,0.05963394841409348,0.05377360276572597,0.6430121911467804,,0.34748092305473977,0.841462374980247
561,palmitoyl sphingomyelin (d18:1/16:0),Method 2,RWKUXQNLWDTSLO-GWQJGLRPSA-N,HMDB0010169,,0.0,True,within_12m,sample_median_scaled,True,-0.0006431934368604613,-0.1366740834518388,0.004849065016687958,0.07260430791856125,0.059774748239406046,0.5137274543098441,0.6889529715016418,,0.34748092305473977,0.9302117638338849
7,kynurenate,Method 3,HCZHHEIFKROPDY-UHFFFAOYSA-N,HMDB0000715,C01717,0.0,True,within_12m,sample_median_scaled,True,-0.0008555569144452938,0.38394089432178913,-0.003024008475642278,0.20402492802461855,0.05985865911192235,0.875847546883972,0.8776761461642618,,0.34748092305473977,0.9852070031134053
283,1-palmitoylglycerol (16:0),Method 3,QHZLMUACJMDIAE-UHFFFAOYSA-N,HMDB0011564,,0.043233082706766915,True,within_12m,sample_median_scaled,True,-0.010777385784805915,0.6132590297637106,0.04662464405850643,0.3260471046985819,0.059986762373013945,0.24269710572601488,0.3251048692042042,,0.34748092305473977,0.8607149119510451
186,choline,Method 1,CRBHXDCYXIISFC-UHFFFAOYSA-N,HMDB0000097,C00114,0.0,True,within_12m,sample_median_scaled,True,0.0011079754470498852,-0.18107497986887566,0.00045348403255503726,0.0966438715626584,0.060981264901475485,0.9724363531594342,0.8170309750279381,,0.35162133018878294,0.9929752200823792
411,"N2,N2-dimethylguanosine",Method 1,RSPURTUNRHNVGF-IOSLPCCCSA-N,HMDB0004824,,0.0,True,within_12m,sample_median_scaled,True,0.0023671079881636397,-0.2687691046040654,-0.007955985063391664,0.14425627700891663,0.06244309377747254,0.4005656457449186,0.7920306576047303,,0.3531829244534998,0.9138130974616383
867,1-stearoyl-2-arachidonoyl-GPE (18:0/20:4),Method 2,ANRKEHNWXKCXDB-BHFWLYLHSA-N,HMDB0009003,C05210,0.0,True,within_12m,sample_median_scaled,True,0.005261744634031334,-0.30953572529717754,0.004366211129502132,0.16643963847352858,0.06292123805614917,0.7152439718283383,0.7816527215278865,,0.3531829244534998,0.9682124660595566
545,"5alpha-pregnan-3beta,20alpha-diol monosulfate (2)",Method 3,ZIVKBPVUJZDVBI-MHACIFFSSA-N,,,0.21428571428571427,False,within_12m,sample_median_scaled,True,-0.002120422007000575,-0.8289919395691782,-0.012671582019377254,0.44610775558033017,0.06312963804815837,0.689462033878643,0.751876510553093,,0.3531829244534998,0.9639401888384792
470,7alpha-hydroxy-3-oxo-4-cholestenoate (7-Hoca),Method 3,SATGKQGFUDXGAX-MYWFJNCASA-N,HMDB0012458,C17337,0.0,True,within_12m,sample_median_scaled,True,-0.006948972828075226,0.3674689041441708,0.0037119576007608314,0.19803038955436367,0.06350791905139663,0.628349439532413,0.7363530819251184,,0.3531829244534998,0.9556588594887989
275,phenyllactate (PLA),Method 3,VOXXWSYKYCBWHO-UHFFFAOYSA-N,"HMDB0000779,HMDB0000563",C05607,0.0,True,within_12m,sample_median_scaled,True,-0.00227669791750893,0.4313080611661253,-0.011725400293471798,0.2324506437963391,0.06352738083123899,0.5465524698696727,0.9213054373035672,,0.3531829244534998,0.931585523669646
233,glucuronate,Method 4,AEMOLEFTQBMNLQ-QIUUJYRFSA-N,HMDB0000127,C16245,0.0,True,within_12m,sample_median_scaled,True,0.0016748145848343948,0.33092353907346395,-0.021791323397391118,0.17840049407972466,0.06360373313091557,0.3849150502305,0.8545918911921944,,0.3531829244534998,0.9018911445248919
349,stearidonate (18:4n3),Method 3,JIWBIWFOSCKQMA-LTKCOYKYSA-N,HMDB0006547,C16300,0.013157894736842105,True,within_12m,sample_median_scaled,True,0.0006228962633019184,0.467668050518023,-0.0014121786894194664,0.2521409297231618,0.06362646113418509,0.9724287645946929,0.2641195692592119,,0.3531829244534998,0.9929752200823792
512,3-(cystein-S-yl)acetaminophen*,Method 1,LLHICPSCVFRWDT-UHFFFAOYSA-N,HMDB0240217,,0.8345864661654135,False,within_12m,sample_median_scaled,True,0.006409961678250537,-0.586466362389269,-0.0498853383348513,0.31624397623420863,0.06367131738614927,0.16029405398796703,0.5831002570204155,,0.3531829244534998,0.8607149119510451
640,1-(1-enyl-palmitoyl)-GPE (P-16:0)*,Method 2,QYTPGOPLNFESQC-RLHAVTDZSA-N,HMDB0011152,,0.0,True,within_12m,sample_median_scaled,True,0.0005982564859828898,-0.18169281228928516,-0.0008296493655025485,0.09825610842581607,0.06443244017519227,0.9533463129682269,0.6870576729490748,,0.3531829244534998,0.9929752200823792
985,"ceramide (d18:1/20:0, d16:1/22:0, d20:1/18:0)*",Method 2,XWBWIAOWSABHFI-QOSDPKFLSA-N,"HMDB0240684,HMDB0240682,HMDB0004951",,0.03195488721804511,True,within_12m,sample_median_scaled,True,0.008302490040548399,-0.4103455639935177,0.022781791205865876,0.22202980830282507,0.06457988172168157,0.4699705080311095,0.8118586274904084,,0.3531829244534998,0.9263190966979289
93,myristate (14:0),Method 3,TUNFSRHWOTWDNC-UHFFFAOYSA-N,HMDB0000806,C06424,0.0,True,within_12m,sample_median_scaled,True,-0.001851688990879002,0.4036956976520492,0.05427646033281074,0.2186162142456418,0.06480580001603431,0.2066166747574003,0.34974191504702234,,0.3531829244534998,0.8607149119510451
1136,10-hydroxywarfarin,Method 3,BPZSPAZBZFZZBN-UHFFFAOYSA-N,HMDB0013884,,0.9661654135338346,False,within_12m,sample_median_scaled,True,0.007539121230387569,-0.1488546658101763,-0.007539121230387541,0.08067739449038658,0.06502875276608308,0.1788125037421353,1.5972376640662447,,0.3531829244534998,0.8607149119510451
951,linoleoyl-arachidonoyl-glycerol (18:2/20:4) [1]*,Method 2,KRECEGQUDDMNAQ-MYBRWWDOSA-N,HMDB0007257,,0.18045112781954886,True,within_12m,sample_median_scaled,True,-0.002699910263067682,-1.0238568762914022,-0.06638946327465856,0.5554531157493615,0.06528780942517155,0.04463926987586721,0.961953894195811,,0.3531829244534998,0.7922246299154634
705,warfarin,Method 3,PJVWKTKQMONHTI-UHFFFAOYSA-N,HMDB0001935,"
DG00149,D08682,C01541",0.9661654135338346,False,within_12m,sample_median_scaled,True,0.008664519592458935,-0.15960486671138027,-0.008664519592458958,0.0866031348432928,0.06533695285857079,0.1812180084517292,1.5725268135166859,,0.3531829244534998,0.8607149119510451
778,4-methylguaiacol sulfate,Method 3,LILXPJXZNJTPQZ-UHFFFAOYSA-N,,,0.2781954887218045,False,within_12m,sample_median_scaled,True,0.011647022954229213,-1.1799219347867447,-0.02883901442858493,0.6412015788634026,0.06574281930084905,0.7326928563916171,0.528587409825064,,0.3531829244534998,0.9682124660595566
141,5-oxoproline,Method 3,ODHCTXKNWHHXJC-VKHMYHEASA-N,HMDB0000267,"C02237,C01879",0.0,True,within_12m,sample_median_scaled,True,0.0005069121581491946,0.24685955991873632,-0.0009607964894924817,0.13415258239955777,0.06574765658084245,0.9311859956637135,0.9296801898189826,,0.3531829244534998,0.9929752200823792
329,5-hydroxyhexanoate,Method 3,YDCRNMJQROAWFT-UHFFFAOYSA-N,"HMDB0000409,HMDB0000525",,0.09774436090225563,True,within_12m,sample_median_scaled,True,-0.007511301338084806,0.35507489564071104,0.021320165920641697,0.19337699239124895,0.06633109330429822,0.678565655838872,0.3913532294685759,,0.35424673325671724,0.9639401888384792
846,"sphingomyelin (d18:1/17:0, d17:1/18:0, d19:1/16:0)",Method 2,YMQZQHIESOAPQH-JXGHDCMNSA-N,"HMDB0240620,HMDB0240609,HMDB0240622",,0.0,True,within_12m,sample_median_scaled,True,0.0003547010599622479,-0.23953795957911664,0.009926148336065732,0.13054014592922428,0.06650933098535025,0.393478610782361,0.735123869946541,,0.35424673325671724,0.9068524183131986
948,palmitoyl-oleoyl-glycerol (16:0/18:1) [2]*,Method 2,YEJYLHKQOBOSCP-OZKTZCCCSA-N,HMDB0007102,C13861,0.5958646616541353,False,within_12m,sample_median_scaled,True,0.004348379517941865,-0.9665186902843675,-0.03820901881412274,0.5279240801559721,0.06713173410670699,0.05160246636373183,0.8193493342086432,,0.3560531214013953,0.8210670913824165
243,glycodeoxycholate,Method 2,WVULKSPCQVQLCU-BUXLTGKBSA-N,HMDB00631,C05464,0.4906015037593985,False,within_12m,sample_median_scaled,True,0.012746309826494362,-1.1436299634196276,-0.004410445326931567,0.6264038295017708,0.06789438245375,0.8697052437921398,0.7459265438070117,,0.35823713389358086,0.9852070031134053
847,1-palmitoyl-2-stearoyl-GPC (16:0/18:0),Method 2,PZNPLUBHRSSFHT-RRHRGVEJSA-N,HMDB0007970,C03889,0.0,True,within_12m,sample_median_scaled,True,-0.002244895145690091,-0.13348174985454783,-0.00119555178982449,0.07326151422467517,0.06845649563624688,0.8926135863423031,0.756831632651127,,0.35823713389358086,0.9900112608500111
235,imidazole lactate,Method 1,ACZFBYCNAVEFLC-UHFFFAOYSA-N,HMDB0002320,C05568,0.0,True,within_12m,sample_median_scaled,True,-0.0009421005943337069,0.22881453666000556,0.014573712478685394,0.12563486194842347,0.06856639078106143,0.21364852328765283,1.046340606732783,,0.35823713389358086,0.8607149119510451
579,stearoyl ethanolamide,Method 2,OTGQIQQTPXJQRG-UHFFFAOYSA-N,HMDB0013078,,0.0,True,within_12m,sample_median_scaled,True,-0.0025375058573132298,-0.19305255956100353,0.010265252305409313,0.10604393006486316,0.06868349186026491,0.4218032212419983,0.804371907855643,,0.35823713389358086,0.9235528527050412
85,lactate,Method 4,JVTAAEKCZFNVCJ-UHFFFAOYSA-N,HMDB0000190,C00186,0.0,True,within_12m,sample_median_scaled,True,-0.0006143751298397679,-0.5164747900261656,0.0016716060807532426,0.2851531139296143,0.07010692991797085,0.8886188164381588,1.0442665697752258,,0.36249017963070956,0.9898402122819074
782,methyl-4-hydroxybenzoate sulfate,Method 3,IBEAHXYYSZWGED-UHFFFAOYSA-N,HMDB0041646,,0.03007518796992481,True,within_12m,sample_median_scaled,True,-0.02087513369190318,0.9645105679294255,0.014586694140198914,0.5329461315875094,0.07033127357548703,0.8057762495805462,0.4677464421598325,,0.36249017963070956,0.9777128002775092
396,heme,Method 2,GGIDWJQWCUJYRY-UHFFFAOYSA-K,HMDB0003178,C00032,0.06015037593984962,True,within_12m,sample_median_scaled,True,0.02757968644270699,-0.7185541743691568,0.008460522730901376,0.39717969916823914,0.07042906322752455,0.9013118062264425,0.42337223069207114,,0.36249017963070956,0.9922043759126522
330,propionylglycine,Method 3,WOMAZEJKVZLLFE-UHFFFAOYSA-N,HMDB0000783,,0.4548872180451128,False,within_12m,sample_median_scaled,True,0.01592896508380938,-0.6385564762243183,0.034421184982247804,0.3532415224586094,0.07065242164639923,0.4094384019606734,0.261214320177214,,0.36249017963070956,0.920556653369833
351,5-dodecenoate (12:1n7),Method 3,IJBFSOLHRKELLR-FPLPWBNLSA-N,HMDB0000529,,0.0,True,within_12m,sample_median_scaled,True,-0.008507774201697352,0.5901743975121126,0.06708272601493885,0.32827608102269673,0.07220887201107387,0.23457418070568858,0.4170041930751919,,0.3689697240565848,0.8607149119510451
656,rosuvastatin,Method 3,BPRHUIZQVSMCRT-VEUZHWNKSA-N,HMDB0015230,D01915,0.9924812030075187,False,within_12m,sample_median_scaled,True,0.0008394753132160279,-0.033859277646139926,-0.000839475313216041,0.018871165981755117,0.07277591181920351,0.13467972576997733,-0.008328724332708938,,0.3695636750973853,0.8607149119510451
305,1-linoleoylglycerol (18:2),Method 3,WECGLUPZRHILCT-HZJYTTRNSA-N,HMDB0011568,,0.0,True,within_12m,sample_median_scaled,True,0.006703024623306445,-0.409934405845634,-6.462266848625755e-05,0.22858275730596156,0.07291311966917387,0.9978589655850345,0.5876948956318283,,0.3695636750973853,0.9992662957885908
522,1-stearoyl-2-arachidonoyl-GPC (18:0/20:4),Method 2,PSVRFUPOQYJOOZ-QNPWAGBNSA-N,HMDB0008048,,0.0,True,within_12m,sample_median_scaled,True,0.001996478626178676,-0.2019003855212518,0.004963238485481032,0.11276555225715562,0.0733825920256803,0.5703597531648379,0.6947917451792741,,0.3704494705874704,0.9414353480724131
394,aconitate [cis or trans],Method 3,,"HMDB0000958,HMDB000072","C004174,C02341",0.0,True,within_12m,sample_median_scaled,True,-0.002344411670689484,0.2085215315119394,-0.005067379506575481,0.11690761311354081,0.07448157445251936,0.7536304757179374,0.7327310063188666,,0.3744933563472674,0.9682124660595566
842,1-palmitoyl-2-arachidonoyl-GPC (16:0/20:4n6),Method 2,IIZPXYDJLKNOIY-JXPKJXOSSA-N,HMDB0007982,C05208,0.007518796992481203,True,within_12m,sample_median_scaled,True,0.0023126329432566622,-0.19017119472116478,-0.0018512049737132701,0.10685112495344574,0.07511243232365798,0.8465834168984603,0.6780808457629485,,0.374566592861613,0.9777128002775092
603,sedoheptulose,Method 4,HSNZZMHEPUFJNZ-SHUUEZRQSA-N,HMDB0003219,C02076,0.462406015037594,False,within_12m,sample_median_scaled,True,-0.0041852212792813075,0.7427852747062659,0.07669633770118799,0.4173901743128663,0.07514234064221659,0.11552643282565507,0.686078512226462,,0.374566592861613,0.8607149119510451
170,valerate (5:0),Method 3,NQPDZGIKBAWPEJ-UHFFFAOYSA-N,HMDB0000892,C00803,0.30451127819548873,False,within_12m,sample_median_scaled,True,-0.0009793151115911627,-0.8990228505689779,-0.07532361985921592,0.5059584899038542,0.07558950493964868,0.18718180995811728,0.5786155596021317,,0.374566592861613,0.8607149119510451
1049,N-acetylglucosamine conjugate of C24H40O4 bile acid**,Method 3,,,,0.35526315789473684,False,within_12m,sample_median_scaled,True,-0.005350907455640042,-0.838482895292057,0.03126260908143393,0.47236585426797395,0.07588617653942781,0.4909216723264431,0.7728419551544649,,0.374566592861613,0.9302117638338849
1260,oxindolylalanine,Method 1,YLEQTOAIAOPFBY-UHFFFAOYSA-N,,,0.0018796992481203006,True,within_12m,sample_median_scaled,True,0.0013639745671537341,-0.23522958349717285,-0.0005327386897594103,0.13256357284090525,0.07598606299101934,0.9658757144197819,0.42868226322648123,,0.374566592861613,0.9929752200823792
572,13-HODE + 9-HODE,Method 3,HNICUWMFWZBIFP-IRQZEAMPSA-N,"HMDB0004670,HMDB0004667","C14767,C14762",0.009398496240601503,True,within_12m,sample_median_scaled,True,-0.008970480793445966,0.4422426746188666,0.03396911449582187,0.24949359629202178,0.07630144170115125,0.2826383558836909,0.2630994446413244,,0.37465200085291844,0.8607149119510451
552,"androstenediol (3beta,17beta) monosulfate (1)",Method 3,VPDALJSLCNNODJ-QJIZPQHZSA-N,HMDB0240429,,0.09774436090225563,True,within_12m,sample_median_scaled,True,-0.0001933552219192232,-0.8530464674569692,-0.029949938601657372,0.48237982637627974,0.0769919847373204,0.3724993189889554,0.7555178114021137,,0.37657169188642703,0.8952803899983115
752,N-acetylmethionine sulfoxide,Method 1,NPIMMZJBURSMON-UHFFFAOYSA-N,,,0.29699248120300753,False,within_12m,sample_median_scaled,True,0.005944938068196517,-0.7030078289362786,-0.037885069890644274,0.3979694300032894,0.07731417879476232,0.0786069797197123,0.882589422968999,,0.37668187110471407,0.8607149119510451
833,glycocholate sulfate,Method 3,ZXUWKFXQTSOVDY-FTKNGHMZSA-N,,,0.5413533834586466,False,within_12m,sample_median_scaled,True,-0.012913893209745068,0.7134705740459816,0.10667514262426447,0.4052561588529876,0.07831591703069073,0.03955651356684853,0.7094314636159513,,0.3800892189481786,0.7677175285372149
944,naringenin 7-glucuronide,Method 3,BDCRTIDKZGEVEN-UHFFFAOYSA-N,,,0.7105263157894737,False,within_12m,sample_median_scaled,True,-0.0016732265938915307,0.6841304226994815,-0.0016900783728022362,0.38954479029837036,0.07904906721673878,0.9827188821439037,0.16136314528027815,,0.38129011686564646,0.9969956697779555
641,1-(1-enyl-stearoyl)-GPE (P-18:0)*,Method 2,KACDZDULGKPXHT-BIHRDVDLSA-N,HMDB0240598,,0.0,True,within_12m,sample_median_scaled,True,-0.0009049798100701794,-0.20953081674480237,0.009424805128569014,0.11935526363351362,0.07917002426565928,0.6758502410401229,0.6905411504767877,,0.38129011686564646,0.9639401888384792
80,phenylalanine,Method 1,COLNVLDHVKWLRT-UHFFFAOYSA-N,HMDB0000159,C00079,0.0,True,within_12m,sample_median_scaled,True,-0.00315302406576654,0.15378160966538668,-0.003097933831849841,0.08832813007941873,0.08167894444037081,0.6912697307884413,0.723216767390354,,0.3918718822959775,0.9639401888384792
1138,6-hydroxywarfarin,Method 3,IQWPEJBUOJQPDE-UHFFFAOYSA-N,"HMDB0013883,HMDB0013880",,0.9680451127819549,False,within_12m,sample_median_scaled,True,0.0024664717331577906,-0.03541901537487866,-0.0024664717331578075,0.02037295152016997,0.08211722702966918,0.08307247529300715,1.5746357173678194,,0.3924766326094835,0.8607149119510451
49,sphinganine,Method 2,OTKJDMGTUTTYMP-UHFFFAOYSA-N,HMDB0000269,C00836,0.018796992481203006,True,within_12m,sample_median_scaled,True,0.0034729450481405513,-0.34099169986037975,-0.022050425915017425,0.1965281068304131,0.0827268955480476,0.3471133350031562,0.5943317678465213,,0.39389283221172666,0.8674382944313466
116,xylose,Method 4,PYMYPHUHKUWMLA-VPENINKCSA-N,HMDB0000098,C00181,0.37030075187969924,False,within_12m,sample_median_scaled,True,-0.007631366272989088,0.7354991902172249,0.0661406329564523,0.4251547641945691,0.08363807166828212,0.39390725568735596,0.20958678061856328,,0.3967285135359646,0.9068524183131986
73,palmitate (16:0),Method 3,IPCSVZSSVZVIGE-UHFFFAOYSA-N,HMDB0000220,C00249,0.0,True,within_12m,sample_median_scaled,True,-2.1853308855811395e-05,0.23186635253977947,0.024764607544286152,0.1345718293730095,0.08488974718968362,0.20103272243929893,0.6647332787283607,,0.4000238107729285,0.8607149119510451
877,1-(1-enyl-stearoyl)-2-arachidonoyl-GPE (P-18:0/20:4)*,Method 2,URPXXNCTXCOATD-FXMFQVEGSA-N,HMDB0005779,,0.0,True,within_12m,sample_median_scaled,True,0.0003944910525380199,-0.24275294546362147,0.012286160864615378,0.1409261963659234,0.0849692581355385,0.45663961579081846,0.714655793043367,,0.4000238107729285,0.9246217022440117
1221,S-carboxyethylcysteine,Method 1,CAMXXPUSAROUCX-BYPYZUCNSA-N,,,0.0,True,within_12m,sample_median_scaled,True,0.005126682584812171,-0.3564516002367817,-0.08261832110518066,0.20724360268662373,0.08543892917157198,0.10695669643300458,0.3820570426932525,,0.4007340819726342,0.8607149119510451
315,indolepropionate,Method 3,GOLXRNDWAUTYKT-UHFFFAOYSA-N,HMDB0002302,,0.24812030075187969,False,within_12m,sample_median_scaled,True,-0.012650724053592325,-1.53223474842866,-0.029857814895612452,0.8930033601119637,0.08619463917743045,0.5748954370715442,0.6986452731331212,,0.4027756931079185,0.9416325057228728
288,"2,3-dihydroxypyridine",Method 1,GGOZGYRTNQBSSA-UHFFFAOYSA-N,,,0.33646616541353386,False,within_12m,sample_median_scaled,True,0.019555676770045684,-0.8915037981842484,-0.026980867101383272,0.5203467761969481,0.08665960050577964,0.7355077648714781,0.2934712429385336,,0.4034485845769074,0.9682124660595566
410,N1-methylinosine,Method 1,WJNGQIYEQLPJMN-UHFFFAOYSA-N,HMDB0002721,,0.005639097744360902,True,within_12m,sample_median_scaled,True,0.0006659265962851605,-0.3137444086917058,-0.01754564558038801,0.1835223869372758,0.08734537513809476,0.46849212146259156,0.3486944112994158,,0.4051407252715318,0.9263190966979289
347,delta-tocopherol,Method 2,GZIFEOYASATJEH-VHFRWLAGSA-N,HMDB0002902,C14151,0.5451127819548872,False,within_12m,sample_median_scaled,True,-0.010621518841734318,0.5956331071723291,0.038991209235607636,0.3495090331390026,0.08834382919823797,0.5515739555593562,0.35464141686828254,,0.405512676159476,0.9318930942716541
439,phenol sulfate,Method 3,CTYRPMDGLDAWRQ-UHFFFAOYSA-N,HMDB0060015,C02180,0.0,True,within_12m,sample_median_scaled,True,0.003059608641346255,-0.7466756058672862,-0.018668634068245666,0.4382640396211863,0.0884349467873833,0.5340332682827038,0.463709302146254,,0.405512676159476,0.931585523669646
716,N-acetyl-1-methylhistidine*,Method 1,GVRCKHXHWSYDEF-UHFFFAOYSA-N,HMDB0240340,,0.013157894736842105,True,within_12m,sample_median_scaled,True,-0.0016922688465688539,-0.5600105225225501,-0.02065467039843396,0.32878460969040385,0.08851666436079997,0.14197953997545334,0.7570481822693258,,0.405512676159476,0.8607149119510451
567,andro steroid monosulfate C19H28O6S (1)*,Method 3,UNURIUSTYBXRLV-UHFFFAOYSA-N,HMDB0002759,,0.03383458646616541,True,within_12m,sample_median_scaled,True,-0.015330060933678731,0.6945160236849894,0.006570345418208007,0.40817086355716076,0.08884302484618993,0.7137318391059899,0.7250246910614637,,0.405512676159476,0.9682124660595566
874,1-palmitoyl-2-arachidonoyl-GPI (16:0/20:4)*,Method 2,KIQYUSYSJTUGFZ-LSLODQAYSA-N,HMDB0009789,,0.005639097744360902,True,within_12m,sample_median_scaled,True,-8.090181476089078e-06,-0.34095828221019475,0.00498990494135798,0.2005057689268152,0.08903858283215225,0.9139641880666454,0.7870384065872302,,0.405512676159476,0.9929752200823792
773,N-formylphenylalanine,Method 3,NSTPXGARCQOSAU-VIFPVBQESA-N,HMDB0240317,,0.37969924812030076,False,within_12m,sample_median_scaled,True,-0.00540356116577151,0.5980238490302969,0.07094038113785807,0.35225632763845627,0.08956531896703321,0.08027535780483588,0.3370963003941254,,0.4064390106193529,0.8607149119510451
663,paroxetine,Method 2,AHOUBRCZNHFOSL-YOEHRIQHSA-N,HMDB0014853,"C07415,D02362",0.9924812030075187,False,within_12m,sample_median_scaled,True,0.0012728819123754313,-0.035431115528842566,-0.0012728819123754807,0.020944522821435965,0.09070987149824179,0.09685899361917875,0.022394693369430934,,0.40714984262574744,0.8607149119510451
808,lignoceroyl sphingomyelin (d18:1/24:0),Method 2,QEDPUVGSSDPBMD-XTAIVQBESA-N,HMDB0011697,,0.0,True,within_12m,sample_median_scaled,True,-0.00016841742965085534,-0.21571978140740694,0.0006830644199058326,0.12752136961888763,0.09071533550588298,0.9423315580150021,0.5892629362311295,,0.40714984262574744,0.9929752200823792
679,norfluoxetine,Method 2,WIQRCHMSJFFONW-UHFFFAOYSA-N,HMDB0060551,,0.9755639097744361,False,within_12m,sample_median_scaled,True,-0.001398154497084387,-0.08633981449494872,0.001398154497084335,0.0510618966813426,0.09085869639261132,0.5159371859438306,0.8427227957848774,,0.40714984262574744,0.9302117638338849
1074,glutamine conjugate of C6H10O2 (1)*,Method 3,,,,0.0037593984962406013,True,within_12m,sample_median_scaled,True,0.0022155865265656616,0.6250191718309892,0.02916348275400296,0.3698219691732939,0.09101758613988467,0.611586450897859,0.6207845337112122,,0.40714984262574744,0.9496398987235734
148,3-ureidopropionate,Method 1,JSJWCHRYRHKBBW-UHFFFAOYSA-N,HMDB0000026,C02642,0.0,True,within_12m,sample_median_scaled,True,-0.005938867382611557,0.33971900041409164,0.019582320071525904,0.2013050532206606,0.0914912907225726,0.19929902323491766,0.6486921869082889,,0.40781756183785023,0.8607149119510451
562,cysteine sulfinic acid,Method 1,ADVPTQAUNPRNPO-UHFFFAOYSA-N,HMDB0000996,C00606,0.0,True,within_12m,sample_median_scaled,True,-0.004948120055240994,-0.4180241599019982,-0.0023896718116957144,0.2482462876451823,0.09219925524141098,0.9064741609908995,0.8333794753927704,,0.40952107363411167,0.9922043759126522
699,4-methylcatechol sulfate,Method 3,NCOMUGOPQPRVSE-UHFFFAOYSA-N,HMDB0240459,,0.011278195488721804,True,within_12m,sample_median_scaled,True,0.016847770297324993,-0.99729252615257,-0.0405046370471829,0.594081344846213,0.09320784358958832,0.5098021153499177,0.7197699305485706,,0.41150706848355706,0.9302117638338849
1075,glutamine conjugate of C6H10O2 (2)*,Method 3,,,,0.0037593984962406013,True,within_12m,sample_median_scaled,True,-0.0012767672867223918,0.6513318356848219,0.030279518512276588,0.3882057565970017,0.09338604006882628,0.6764877294604312,0.4969202581990003,,0.41150706848355706,0.9639401888384792
1201,undecenoylcarnitine (C11:1),Method 2,FVOVZEONZTWNTC-OUKQBFOZSA-N,,,0.0,True,within_12m,sample_median_scaled,True,0.0059144663167325475,-0.3045523041894851,-0.03872791345144748,0.1816943466106596,0.09370307593908864,0.06041245146291029,0.5424261544049671,,0.41150706848355706,0.8522908896918523
1137,7-hydroxywarfarin,Method 3,SKFYEJMLNMTTJA-UHFFFAOYSA-N,HMDB0013886,,0.9680451127819549,False,within_12m,sample_median_scaled,True,0.0021700423171288476,-0.04145987678152939,-0.0021700423171288658,0.02475379493450108,0.0939558700515361,0.07199329010510115,1.6900316318337572,,0.41150706848355706,0.8607149119510451
48,cystathionine,Method 1,ILRYLPWNYFXEMH-UHFFFAOYSA-N,HMDB0000099,C02291,0.005639097744360902,True,within_12m,sample_median_scaled,True,-0.00755926572069189,0.3695711848959167,-0.018166966992821148,0.22091254662509546,0.09434111432714276,0.5020971284036595,0.7783189914698797,,0.4117596552403418,0.9302117638338849
162,4-acetamidobutanoate,Method 1,UZTFMUBKZQVKLK-UHFFFAOYSA-N,HMDB0003681,C02946,0.0,True,within_12m,sample_median_scaled,True,0.004827349687943135,-0.3561520215471252,-0.04859193365898873,0.21347992220734224,0.0952529653688519,0.03503116225124878,0.5055504140076935,,0.414300960099124,0.7677175285372149
192,fluoxetine,Method 2,RTHCYVBBDHJXIQ-UHFFFAOYSA-N,HMDB0014615,D00326,0.9755639097744361,False,within_12m,sample_median_scaled,True,-0.0036140001136885057,-0.16891472208184366,0.0036140001136885052,0.10152038183140721,0.09614234063548086,0.4276929971614044,1.079641357568067,,0.4167273178579291,0.9235528527050412
885,"sphingomyelin (d18:0/18:0, d19:0/17:0)*",Method 2,JCELSEVNSMXGKA-IOLBBIBUSA-N,HMDB0012087,,0.0,True,within_12m,sample_median_scaled,True,-0.002845759746962973,-0.3198551306551453,-0.0057873789914831,0.19250095014826263,0.09659763960805487,0.5616632846871051,0.7685873594561429,,0.41711570845585744,0.9363537783178927
482,ectoine,Method 1,WQXNXVUDBPYKBA-YFKPBYRVSA-N,HMDB0240650,C06231,0.0018796992481203006,True,within_12m,sample_median_scaled,True,0.006734407029165173,-0.6549914569267996,-0.0016387649506221685,0.3945509078372411,0.09689561405657149,0.9494655732576409,0.4253181417268747,,0.41711570845585744,0.9929752200823792
868,1-stearoyl-2-linoleoyl-GPC (18:0/18:2)*,Method 2,FORFDCPQKJHEBF-JEFUZMEDSA-N,HMDB0008039,,0.0,True,within_12m,sample_median_scaled,True,-2.115495546835235e-05,-0.12563745625922068,-0.006179584329895044,0.07576451809181682,0.09726450233310545,0.5438075400932458,0.729623532452393,,0.41727467383178685,0.931585523669646
127,arachidate (20:0),Method 3,VKOBVWXKNCXXDE-UHFFFAOYSA-N,HMDB0002212,C06425,0.0,True,within_12m,sample_median_scaled,True,0.00010713138062291226,0.18784172141956296,0.0012138168535445212,0.11345737309129335,0.09779982364142363,0.9461043127986671,0.6829814346096318,,0.41754816003105577,0.9929752200823792
483,1-arachidonoyl-GPI (20:4)*,Method 3,LXUGKKVCSTYZFK-OSKOXSHBSA-N,HMDB0061690,,0.0,True,within_12m,sample_median_scaled,True,0.002361721718067581,-0.29153254817124685,0.011576965365793378,0.17632157596814757,0.09824665171401543,0.31261237860960245,0.7355193005421571,,0.41754816003105577,0.8607149119510451
391,N-acetylproline,Method 1,GNMSLDIYJOSUSW-UHFFFAOYSA-N,HMDB0094701,,0.016917293233082706,True,within_12m,sample_median_scaled,True,0.004535231689581256,-0.3969971057237183,-0.026335683293696437,0.24016329890955018,0.0983247854965732,0.3931732697618572,0.23913871675519124,,0.41754816003105577,0.9068524183131986
126,nonadecanoate (19:0),Method 3,ISYWECDDZWTKFF-UHFFFAOYSA-N,HMDB0000772,C16535,0.0,True,within_12m,sample_median_scaled,True,0.0004806057468083154,0.19493887668426554,0.013985630998218184,0.11834516950149124,0.09951570506056487,0.5543449293361606,0.6333606908977991,,0.42025522737792914,0.9334472370364683
44,cysteinylglycine,Method 1,ZUKPVRWZDMRIEO-UHFFFAOYSA-N,HMDB0000078,C01419,0.0,True,within_12m,sample_median_scaled,True,0.0004436756131463147,-0.33714897301772045,-0.016371720956561257,0.20506472412392476,0.10015347321168734,0.3251070971890271,0.6298350886084129,,0.42025522737792914,0.8607149119510451
526,glycosyl-N-nervonoyl-sphingosine (d18:1/24:1)*,Method 2,WBOZIXHPUPAOIA-YEWIENRVSA-N,"HMDB0004975,HMDB0010712",,0.17481203007518797,True,within_12m,sample_median_scaled,True,-0.0019418260281951834,-0.7517261012135645,0.010529516476112385,0.4574218678054046,0.10030065050177893,0.848090104854903,0.5090498107866619,,0.42025522737792914,0.9777128002775092
652,N-stearoyltaurine,Method 3,LMIJIHJZVURGQK-UHFFFAOYSA-N,,,0.0018796992481203006,True,within_12m,sample_median_scaled,True,-0.0029225984704576657,0.30690157699763404,0.02877904723507965,0.18675639966054758,0.10031557942797512,0.05757021817685063,0.7595209994300579,,0.42025522737792914,0.841462374980247
957,oleoyl-arachidonoyl-glycerol (18:1/20:4) [1]*,Method 2,LWXLWRXRJKMNLM-XBUMEPTLSA-N,HMDB0007228,,0.2274436090225564,False,within_12m,sample_median_scaled,True,0.0019687477468863573,-0.8996711008266046,-0.048167544891922,0.548069948276464,0.10068826280971645,0.08611708334239207,0.9085855105007268,,0.42025522737792914,0.8607149119510451
576,4-cholesten-3-one,Method 2,NYOXRYYXRWJDKP-UHFFFAOYSA-N,HMDB0000921,C00599,0.13721804511278196,True,within_12m,sample_median_scaled,True,-0.007733631942562813,-0.44505026627751426,0.03411503087145864,0.2715837854152247,0.10127121438576762,0.28787530376769876,0.9155740700481073,,0.42025522737792914,0.8607149119510451
239,tartarate,Method 3,FEWJPZIEWOKRBE-JCYAYHJZSA-N,"HMDB0000956,HMDB0062642","C00552,C02107,C00898",0.3026315789473684,False,within_12m,sample_median_scaled,True,0.002026722084940611,0.9068969825121946,-0.025165985350183873,0.5538683960105782,0.1015496059522109,0.758369592914002,0.31270989381557374,,0.42025522737792914,0.9682124660595566
487,deoxycarnitine,Method 1,JHPNVNIEXXLNTR-UHFFFAOYSA-N,HMDB0001161,C01181,0.0,True,within_12m,sample_median_scaled,True,0.0002749345469079726,0.16818640069056032,0.015626735908636526,0.10291493959867401,0.10221113874757734,0.04030975090171534,0.6508413820727407,,0.42025522737792914,0.7677175285372149
1073,glutamine conjugate of C7H12O2*,Method 3,,,,0.02443609022556391,True,within_12m,sample_median_scaled,True,0.0031619419848516613,0.7339005624837067,0.0453031124487335,0.44909715242946563,0.10222340814182493,0.528781769992021,0.5133919066555793,,0.42025522737792914,0.9302117638338849
979,"ceramide (d18:1/17:0, d17:1/18:0)*",Method 2,ICWGMOFDULMCFL-SJCQXOIGSA-N,"HMDB0240683,HMDB0240678",,0.16729323308270677,True,within_12m,sample_median_scaled,True,0.004286023753149456,-0.528224820791322,0.008506098817585031,0.3233150202567458,0.10230556847863667,0.6718352650359034,0.78580826797847,,0.42025522737792914,0.9639401888384792
1081,tetradecadienoate (14:2)*,Method 3,HXHZGHRLVRFQDR-HZJYTTRNSA-N,HMDB0000560,,0.007518796992481203,True,within_12m,sample_median_scaled,True,-0.006304405875867278,0.49098577940579086,0.03301471121012052,0.30111841711751214,0.1029873092937899,0.53240857723175,0.4801996612287709,,0.4216776800726185,0.930789404145076
279,N-acetylaspartate (NAA),Method 4,OTCCIMWXFLJLIA-BYPYZUCNSA-N,HMDB0000812,C01042,0.013157894736842105,True,within_12m,sample_median_scaled,True,0.0028326751802488746,-0.4614677312138081,-0.01715112674945188,0.2839835994630059,0.10416677409078778,0.1810327802288908,0.5385241133114523,,0.4242548004199804,0.8607149119510451
804,"sphingomyelin (d18:1/20:2, d18:2/20:1, d16:1/22:2)*",Method 2,YVTVVJRJLRHYSJ-COUPUTHFSA-N,,,0.009398496240601503,True,within_12m,sample_median_scaled,True,0.0018113599321827733,-0.22967142351444758,0.020677010202493667,0.14158054348939095,0.10476133923689893,0.15725563825790936,0.5354555683210817,,0.4242548004199804,0.8607149119510451
435,gamma-glutamylisoleucine*,Method 1,SNCKGJWJABDZHI-SIPWABPFSA-N,HMDB0011170,,0.0,True,within_12m,sample_median_scaled,True,0.0028290872142035708,-0.30007018004164193,-0.013703306333188985,0.1851142745877557,0.1050177071279169,0.4493499172275721,0.7249170586171682,,0.4242548004199804,0.9235528527050412
4,"12,13-DiHOME",Method 3,CQSLTKIXAJTQGA-FLIBITNWSA-N,HMDB0004705,C14829,0.018796992481203006,True,within_12m,sample_median_scaled,True,-0.01074685253694141,0.46191168412228883,-0.036917875675268726,0.2850556749929805,0.10514075564322022,0.4518574844618545,0.3698661764388008,,0.4242548004199804,0.9235528527050412
228,methionine sulfoxide,Method 1,QEFRNWWLZKMPFJ-YGVKFDHGSA-N,HMDB0002005,C02989,0.0,True,within_12m,sample_median_scaled,True,-0.004854836822068446,0.288849533632415,-0.007812994866540999,0.17833907826402637,0.10530429413765624,0.6972890785580855,0.6117976999887567,,0.4242548004199804,0.9639401888384792
990,baclofen,Method 1,KPYSYYIEGFHWSV-UHFFFAOYSA-N,HMDB0014327,D00241,0.9924812030075187,False,within_12m,sample_median_scaled,True,0.0012905129571945326,-0.03839983551410846,-0.0012905129571945998,0.023802627583860723,0.10668795500178561,0.14758814676450963,0.02710907460655077,,0.4275338625939594,0.8607149119510451
172,gamma-glutamylglutamine,Method 1,JBFYFLXEJFQWMU-WDSKDSINSA-N,HMDB0011738,C05283,0.0,True,within_12m,sample_median_scaled,True,0.001889093803826417,-0.20522529912161902,-0.02150443014403863,0.12732874339815672,0.10701088676637564,0.18327844130275528,0.7178848810466176,,0.4275338625939594,0.8607149119510451
1067,N4-acetyl-5-hydroxysulfamethoxazole*,Method 3,YKWZTWOYFWCVKH-UHFFFAOYSA-N,,,0.9887218045112782,False,within_12m,sample_median_scaled,True,0.0005972251922289151,-0.04825763221358509,-0.0005972251922289276,0.02995156704348111,0.10713855745194686,0.690715830600079,-0.006736434283521904,,0.4275338625939594,0.9639401888384792
958,oleoyl-arachidonoyl-glycerol (18:1/20:4) [2]*,Method 2,LWXLWRXRJKMNLM-XBUMEPTLSA-N,HMDB0007228,,0.21052631578947367,False,within_12m,sample_median_scaled,True,0.0024566868015760625,-0.8500636808564298,-0.03306784761390052,0.5281409769022363,0.10749845945748168,0.19213474837949107,0.8944275691784412,,0.42761254284194455,0.8607149119510451
1017,levetiracetam,Method 1,HPHUVLMMVZITSG-LURJTMIESA-N,HMDB0015333,C07841,0.9868421052631579,False,within_12m,sample_median_scaled,True,0.009365592396226356,-0.22686967681038883,-0.009365592396226294,0.14140865610502612,0.10863583605198575,0.14805114912933356,0.5445850842782741,,0.4302033618805546,0.8607149119510451
863,sitagliptin,Method 3,MFFMDFFZMYYVKS-UHFFFAOYSA-N,HMDB0015390,"DG00118,D08516",0.9924812030075187,False,within_12m,sample_median_scaled,True,0.0006014564992056678,-0.022295588659072926,-0.0006014564992056337,0.01391558896172464,0.10911088134460481,0.29067683911535125,-0.003074394967631714,,0.4302033618805546,0.8607149119510451
198,arachidonoyl ethanolamide,Method 2,LGEQQWMQCRIYKG-DOFZRALJSA-N,HMDB0004080,C11695,0.5037593984962406,False,within_12m,sample_median_scaled,True,0.006869248515073951,-0.44015409290704804,0.014995698629206944,0.2747690763620803,0.10917650949872468,0.7862136618916631,0.36450859651011713,,0.4302033618805546,0.9777128002775092
320,N-acetyltyrosine,Method 3,CAHKINHBCWCHCF-JTQLQIEISA-N,HMDB0000866,,0.0018796992481203006,True,within_12m,sample_median_scaled,True,-0.0021437462494643613,0.289599165639829,-0.011610382586160341,0.18131147981046042,0.1102107231452851,0.5380610489314595,0.7805035133278045,,0.4328254144382212,0.931585523669646
76,stearate (18:0),Method 3,QIQXTHQIDYTFRH-UHFFFAOYSA-N,HMDB0000827,C01530,0.0,True,within_12m,sample_median_scaled,True,0.00031439447650941814,0.18294451798827913,0.009397493099939489,0.11464033765036252,0.11053059509520208,0.5683752886016227,0.7667762988190483,,0.4328254144382212,0.9407367137793645
973,sphingadienine,Method 2,KWDXKYNWAKMLKK-YQMRQDNGSA-N,,,0.16729323308270677,True,within_12m,sample_median_scaled,True,0.0003642407493793323,-0.5046320616660559,-0.004223417279305493,0.3172128368486248,0.11164758086079679,0.8255624717855101,0.7713497359493128,,0.4350264069412506,0.9777128002775092
961,perfluorooctanesulfonate (PFOS),Method 4,YFSUTJLHUFNCNZ-UHFFFAOYSA-N,HMDB0059586,C18142,0.0037593984962406013,True,within_12m,sample_median_scaled,True,-0.006726393213333412,-0.7213133727849032,0.0006611758570237259,0.45359294748075474,0.11178482851394109,0.9763574602207435,0.8555658082436289,,0.4350264069412506,0.9961699086830151
995,"sphingomyelin (d18:1/19:0, d19:1/18:0)*",Method 2,HAFQHLHNPJDAGB-MAJDXUCPSA-N,,,0.0,True,within_12m,sample_median_scaled,True,0.002008010385580138,-0.2919130135815457,0.009883733513986002,0.18394559674691163,0.11252329353433674,0.47419864464152084,0.774409044071215,,0.4365487036193249,0.9263190966979289
953,linoleoyl-linolenoyl-glycerol (18:2/18:3) [2]*,Method 2,ZDBLXLQFRZTIIU-ZPNZQGKLSA-N,HMDB0007250,,0.6447368421052632,False,within_12m,sample_median_scaled,True,0.007646819686096453,-0.7509446196510974,-0.010257871578254401,0.4741872823111446,0.11327438287860649,0.531789722582365,0.6130746028807539,,0.43811045931817955,0.930789404145076
1245,"2,4-di-tert-butylphenol",Method 3,ICKWICRCANNIBI-UHFFFAOYSA-N,,,0.0,True,within_12m,sample_median_scaled,True,-0.0005850361597664268,-0.4157636209920609,-0.02901776713150999,0.26354804488918016,0.11466605852820176,0.22278221513373764,0.823446101163483,,0.4421326244476982,0.8607149119510451
568,ergothioneine,Method 1,SSISHJJTAXXQAX-UHFFFAOYSA-N,HMDB0003045,C05570,0.0,True,within_12m,sample_median_scaled,True,-1.4164418799926789e-06,-0.4043655761326737,-0.015095759882439382,0.2573363452420804,0.11610127388073854,0.29001602594977993,0.7517924510173413,,0.44361458239448365,0.8607149119510451
757,N-acetyl-S-allyl-cysteine,Method 3,LKRAEHUDIUJBSF-ZETCQYMHSA-N,HMDB0240543,,0.518796992481203,False,within_12m,sample_median_scaled,True,0.001892742949497726,-0.678971051677812,-0.09610365297763157,0.43209954892440666,0.11610598001850736,0.2709736251350604,0.29338680598232414,,0.44361458239448365,0.8607149119510451
739,3-methoxytyramine sulfate,Method 3,ORZHQEJEAKXCJA-UHFFFAOYSA-N,,,0.02631578947368421,True,within_12m,sample_median_scaled,True,0.0001534987071830963,0.41700429438909603,0.009378626141194843,0.26553884792292587,0.11632025462424754,0.8440273283502562,0.6350455771752498,,0.44361458239448365,0.9777128002775092
625,ethyl glucuronide,Method 3,IWJBVMJWSPZNJH-XWBUKDKVSA-N,HMDB0010325,,0.9116541353383458,False,within_12m,sample_median_scaled,True,0.010897843019544788,-0.32752661798336247,0.0013779202120581685,0.20864249566811738,0.11646206220380238,0.8730755599091169,0.42295021497868224,,0.44361458239448365,0.9852070031134053
575,alpha-CEHC,Method 3,AXODOWFEFKOVSH-UHFFFAOYSA-N,HMDB0001518,,0.6823308270676691,False,within_12m,sample_median_scaled,True,0.006519599095372942,-0.44791265770116734,-0.029303701933424846,0.28664522992007285,0.11814603384948043,0.5860529827422964,0.6313324530568513,,0.44673307872261214,0.9473607459637016
659,cis-urocanate,Method 3,LOIYMIARKYCTBW-UPHRSURJSA-N,HMDB0034174,,0.06954887218045112,True,within_12m,sample_median_scaled,True,0.0008904624218458182,-0.5964371572676165,0.002721413123980136,0.3818104446362897,0.11825760902623521,0.9388563360430575,0.42905012965018047,,0.44673307872261214,0.9929752200823792
521,4-allylphenol sulfate,Method 3,KFDHKOFCRYUXLA-UHFFFAOYSA-N,,,0.0,True,within_12m,sample_median_scaled,True,-0.006999987707399744,0.621134436027223,0.04456161217887972,0.39778522061024846,0.11841008292607189,0.44790493884950433,0.6319865331919494,,0.44673307872261214,0.9235528527050412
185,glycerol,Method 3,PEDCQBHIVMGVHV-UHFFFAOYSA-N,HMDB0000131,C00116,0.0,True,within_12m,sample_median_scaled,True,0.005057776359289624,-0.5650217862484983,-0.02318764685564092,0.36236738423412707,0.11893693200661386,0.4979854057788914,0.6906742101536549,,0.44673307872261214,0.9302117638338849
758,9-hydroxystearate,Method 3,RKHXDCVAPIMDMG-UHFFFAOYSA-N,HMDB0061661,,0.11090225563909774,True,within_12m,sample_median_scaled,True,-0.020487319266263435,0.5050357763462641,0.011273631951798372,0.32400241111557465,0.11905774174389425,0.8123657672507385,0.18023596718552987,,0.44673307872261214,0.9777128002775092
381,gamma-glutamylmethionine,Method 1,RQNSKRXMANOPQY-BQBZGAKWSA-N,HMDB0029155,,0.0,True,within_12m,sample_median_scaled,True,-0.004285656058973292,0.256357576355047,-0.00744017166961427,0.16499295851349344,0.1202443982486003,0.7019022105310615,0.6489849126782531,,0.44702438749689133,0.9639401888384792
358,N-acetylasparagine,Method 1,HXFOXFJUNFFYMO-BYPYZUCNSA-N,HMDB0006028,,0.022556390977443608,True,within_12m,sample_median_scaled,True,0.0009348944494176989,-0.3760993558629756,0.006881683724555435,0.24213808385309965,0.12036502093395691,0.8538023861040621,0.46495253159203004,,0.44702438749689133,0.9792240869824874
422,cysteine-glutathione disulfide,Method 1,BNRXZEPOHPEEAS-UHFFFAOYSA-N,HMDB0000656,R00900,0.11842105263157894,True,within_12m,sample_median_scaled,True,0.006705542457181155,-0.8654752102066716,0.02295533367778511,0.5574550847464459,0.1205313999060298,0.7562798760747096,0.6740299106833652,,0.44702438749689133,0.9682124660595566
776,tyramine O-sulfate,Method 3,DYDUXGMDSXJQFT-UHFFFAOYSA-N,HMDB0006409,,0.08458646616541353,True,within_12m,sample_median_scaled,True,-0.006138351365418157,0.7823840065356703,-0.04926750180250873,0.5039717648408111,0.12055788970679884,0.4882766980170745,0.3914238068281365,,0.44702438749689133,0.9302117638338849
135,caprylate (8:0),Method 3,WWZKQHOCKIZLMA-UHFFFAOYSA-N,HMDB0000482,C06423,0.0,True,within_12m,sample_median_scaled,True,-0.012717646902206961,0.4885228360407667,0.022619874053711634,0.31572640083083703,0.12179139808521805,0.6541070408113546,0.5815032800337119,,0.4502699629209385,0.9622271433280913
967,glycosyl-N-behenoyl-sphingadienine (d18:2/22:0)*,Method 2,BZVOAOVDSULRAB-NUBHLNQHSA-N,,,0.0,True,within_12m,sample_median_scaled,True,-0.003340840502616635,-0.24804868784608086,0.0131545187740346,0.16075094590858552,0.12281571581763094,0.174140791344903,0.6651487639651713,,0.45272538059461026,0.8607149119510451
855,rivaroxaban,Method 3,KGFYHTZWPPHNLQ-UHFFFAOYSA-N,,,0.9868421052631579,False,within_12m,sample_median_scaled,True,0.00039145746464339223,-0.03131651052665621,-0.00039145746464334626,0.02032439351832235,0.12335726450466401,0.7830022987580351,0.4322905593164688,,0.4533920511180195,0.9777128002775092
989,ondansetron,Method 2,FELGMEQIXOGIFQ-UHFFFAOYSA-N,HMDB0005035,C07325,0.9642857142857143,False,within_12m,sample_median_scaled,True,-0.001233986359488785,0.7801342851536297,0.10726202780581265,0.5083219809569628,0.12485147300882689,0.060355680602951656,0.11987325907834666,,0.4562755777252091,0.8522908896918523
15,"9,10-DiHOME",Method 3,XEBKSQSGNGRGDW-YFHOEESVSA-N,HMDB0004704,C14828,0.039473684210526314,True,within_12m,sample_median_scaled,True,-0.012099450687472698,0.4027026519766285,-0.048505354359054884,0.2624212747032929,0.12489057629521527,0.28925574002317633,0.38759143189468304,,0.4562755777252091,0.8607149119510451
835,glycodeoxycholate 3-sulfate,Method 3,QJZCNFGUZPMYAX-WWZCPACMSA-N,,,0.462406015037594,False,within_12m,sample_median_scaled,True,0.02240035492974065,-1.2390123673273077,0.02086218156720094,0.8081307661509235,0.12523076715608364,0.2654385471963936,0.7672825464418689,,0.4562755777252091,0.8607149119510451
140,xanthine,Method 4,LRFVTYWOQMYALW-UHFFFAOYSA-N,HMDB0000292,C00385,0.0,True,within_12m,sample_median_scaled,True,-0.007178560469558247,0.4005601250262212,0.03851134127856239,0.2616394013885898,0.1257786486706704,0.0491429920395872,0.8072201512322272,,0.4569472872226379,0.8180092303786695
152,erucate (22:1n9),Method 3,DPUOLQHDNGRHBS-KTKRTIGZSA-N,HMDB0002068,C08316,0.0,True,within_12m,sample_median_scaled,True,-0.0015416406805239906,0.1888784157734357,-0.019226741178364728,0.1235661459416029,0.12637326198949803,0.5507850248451002,0.604403142984386,,0.45778441014639487,0.9318930942716541
520,chiro-inositol,Method 4,CDAISMWEOUEBRE-LKPKBOIGSA-N,HMDB0240209,C19891,0.543233082706767,False,within_12m,sample_median_scaled,True,-0.005577714429261371,0.9884312851232645,0.10299139291734781,0.6505643373842878,0.1286758283422588,0.28870268448911374,0.22238487666044962,,0.46431487742584043,0.8607149119510451
1107,sulfate of piperine metabolite C18H21NO3 (3)*,Method 3,,,,0.018796992481203006,True,within_12m,sample_median_scaled,True,-0.008693217548658594,0.5761354586702442,-0.024613278083537606,0.379437081676918,0.12891479094798594,0.5066167622856654,0.753914807204667,,0.46431487742584043,0.9302117638338849
1232,deoxycholic acid 12-sulfate*,Method 3,GMRIQHBJNVMHJA-LLQZFEROSA-N,,,0.4830827067669173,False,within_12m,sample_median_scaled,True,0.02410725723342721,-0.9205750827716457,-0.03415078660849781,0.6069490801441783,0.12933603010097217,0.13843568623804123,0.711491469167881,,0.46450111381977716,0.8607149119510451
1042,hexadecenedioate (C16:1-DC)*,Method 3,IWTMSCUHCJHPPR-ACCUITESSA-N,,,0.0,True,within_12m,sample_median_scaled,True,-0.0066485749203637305,0.3178988083854613,0.004635483995790349,0.209965147718457,0.13001185837156662,0.8242525128226563,0.7687180917398323,,0.4655980227152685,0.9777128002775092
618,cis-4-decenoate (10:1n6)*,Method 3,XKZKQTCECFWKBN-SREVYHEPSA-N,HMDB0004980,,0.009398496240601503,True,within_12m,sample_median_scaled,True,-0.004468085157784927,0.43295632020446656,0.03316051682732639,0.28699386691312445,0.13140337517730333,0.42960130024048493,0.6300466312232559,,0.4684225627568048,0.9235528527050412
1093,6-bromotryptophan,Method 3,OAORYCZPERQARS-UHFFFAOYSA-N,,,0.0037593984962406013,True,within_12m,sample_median_scaled,True,-0.002570667927601454,-0.2633235992033406,0.027787646608018333,0.17461385680997826,0.13154587482351002,0.11730361913331382,0.6739580161451602,,0.4684225627568048,0.8607149119510451
1155,dimethylguanidino valeric acid (DMGV)*,Method 1,GLWRPXRMUUZNMD-UHFFFAOYSA-N,,,0.2161654135338346,False,within_12m,sample_median_scaled,True,0.000575257429197397,-0.9083846920550356,-0.002444018717269542,0.6035646816949032,0.13231562323222446,0.962159055878031,0.640339552803239,,0.46969622680234485,0.9929752200823792
164,chenodeoxycholate,Method 3,RUDATBOHQWOJDD-LXEZOOAESA-N,HMDB0000518,C02528,0.06766917293233082,True,within_12m,sample_median_scaled,True,-0.013931509225694251,0.636563039836923,0.0651882164443213,0.4233226778277809,0.13265088346446494,0.12260534229735814,0.4148122713855074,,0.46969622680234485,0.8607149119510451
811,dopamine 3-O-sulfate,Method 3,NZKRYJGNYPYXJZ-UHFFFAOYSA-N,HMDB0006275,C13690,0.0,True,within_12m,sample_median_scaled,True,-0.0007268501260876421,0.49761209431226683,-0.0152078359217767,0.33193544714747913,0.1338417016539951,0.7950014899646514,0.5342800463225887,,0.4717435400554151,0.9777128002775092
921,methylsuccinoylcarnitine,Method 1,GFWWWKVGRZVWDS-UHFFFAOYSA-N,,,0.009398496240601503,True,within_12m,sample_median_scaled,True,0.002557214144007504,-0.30767198005358304,-0.022415403278863055,0.20530745273728412,0.13397966889402002,0.20181090628893184,0.5865106204827906,,0.4717435400554151,0.8607149119510451
291,3-hydroxymyristate,Method 3,ATRNZOYKSNPPBF-UHFFFAOYSA-N,HMDB0061656,,0.0,True,within_12m,sample_median_scaled,True,-0.0026905624401968096,0.33634487749328673,0.012876807680757819,0.22477358812682655,0.1345567721918458,0.7504297209158851,0.3488007422068334,,0.4718571447637955,0.9682124660595566
690,N-acetylcarnosine,Method 1,BKAYIFDRRZZKNF-VIFPVBQESA-N,HMDB0012881,,0.0018796992481203006,True,within_12m,sample_median_scaled,True,-0.0008553586464615579,-0.35708239113199064,0.0026001152793253338,0.2387582012850406,0.13476270085139425,0.8534607020643376,0.9154359037501774,,0.4718571447637955,0.9792240869824874
359,gamma-glutamyl-epsilon-lysine,Method 1,JPKNLFVGUZRHOB-YUMQZZPRSA-N,HMDB0003869,,0.020676691729323307,True,within_12m,sample_median_scaled,True,0.0016294982845267388,-0.18744628464531937,-0.008909655470043493,0.12584633183599958,0.1363595726822967,0.7703000539332836,0.3843902159965922,,0.47506206234756415,0.9682671677941375
293,3-methyl-2-oxobutyrate,Method 3,QHKABHOOEWYVLI-UHFFFAOYSA-N,HMDB0000019,C00141,0.0,True,within_12m,sample_median_scaled,True,-0.000226244572512116,-0.24861339158717619,0.004376842522089319,0.1669790201866457,0.136516340079643,0.7649791732373616,0.7839514122196896,,0.47506206234756415,0.9682124660595566
810,dopamine 4-sulfate,Method 3,DEKNNWJXAQTLFA-UHFFFAOYSA-N,HMDB0004148,C13691,0.013157894736842105,True,within_12m,sample_median_scaled,True,0.0018497313221802131,0.6122979806210964,0.02389298622047934,0.4116195310392382,0.13687387312495872,0.7947382959468903,0.5083212065972635,,0.47506206234756415,0.9777128002775092
1171,tamsulosin,Method 1,DRHKJLXJIQTDTD-OAHLLOKOSA-N,HMDB0014844,"D08560,C07124",0.9605263157894737,False,within_12m,sample_median_scaled,True,0.0046331525828808085,0.4533589570766309,0.004751804864091133,0.3052171843486147,0.13744713236841263,0.8060939632778554,0.5497622428687217,,0.47506206234756415,0.9777128002775092
169,ursodeoxycholate,Method 3,RUDATBOHQWOJDD-UZVSRGJWSA-N,HMDB0000946,C07880,0.041353383458646614,True,within_12m,sample_median_scaled,True,-0.00648162671373631,-1.2377236534792249,-0.06898405900881588,0.8335345157499995,0.13756769347216655,0.2420495022415794,0.6289223179981707,,0.47506206234756415,0.8607149119510451
1100,N-acetyl-isoputreanine,Method 1,YGIAGXACEXFIDU-UHFFFAOYSA-N,,,0.0,True,within_12m,sample_median_scaled,True,-0.003232155939632174,0.23579650927459544,0.0009497507337241438,0.16140850310681715,0.14405168327963624,0.9187494532134857,0.6897726019386141,,0.4958967891849549,0.9929752200823792
862,azithromycin,Method 2,MQTOSJVFKKJCRP-UHFFFAOYSA-N,HMDB0014352,"DG00606,D06390,C06838",0.9962406015037594,False,within_12m,sample_median_scaled,True,0.0001930815927705873,-0.021884232535178166,-0.012969225334456623,0.014992932958158945,0.1443899958963353,0.27038904906629313,0.0020483733940390497,,0.4958967891849549,0.8607149119510451
1026,cortolone glucuronide (1),Method 3,INMJYSGZRBTEOR-RXCXIKFNSA-N,,,0.045112781954887216,True,within_12m,sample_median_scaled,True,-0.012038811263979895,0.3037131394055684,0.016754284512869623,0.2083417834141753,0.14490562043615846,0.5276662869446977,0.6785201734939572,,0.49631057775437526,0.9302117638338849
372,hyocholate,Method 3,DKPMWHFRUGMUKF-OAEKOJLISA-N,HMDB0000760,C17649,0.018796992481203006,True,within_12m,sample_median_scaled,True,-0.007571321536731383,0.5152881337008992,0.05916316987898479,0.35382538057641827,0.14530015323278447,0.08195172877025671,0.6034338307151382,,0.49631057775437526,0.8607149119510451
208,glycochenodeoxycholate,Method 3,GHCZAUBVMUEKKP-AZDOMVTHSA-N,HMDB0000637,C05466,0.0,True,within_12m,sample_median_scaled,True,-0.02195562128160579,0.7110094766021214,0.018998079785779786,0.49104106312801504,0.1476272928984903,0.6806814387321447,0.6666143236724293,,0.502892973369654,0.9639401888384792
1125,benazeprilat,Method 3,MADRIHWFJGRSBP-ROUUACIJSA-N,HMDB0060582,D03077,0.9943609022556391,False,within_12m,sample_median_scaled,True,0.0017264116505478861,-0.04777484180101606,-0.0017264116505478627,0.033124450606133955,0.1492224704879646,0.14961309725553001,0.0019780222845837757,,0.5069530956847879,0.8607149119510451
542,21-hydroxypregnenolone monosulfate (2),Method 3,DFSPOIZXVIWHFO-WGKOQXAXSA-N,,,0.6240601503759399,False,within_12m,sample_median_scaled,True,-0.011419183256705236,0.6518728855067247,0.03944574715521021,0.45416890119453485,0.15119895505971018,0.21385206081282349,0.8571991358214689,,0.5086742663708987,0.8607149119510451
1156,trimethoprim,Method 1,IEDVJHCEMCRBQM-UHFFFAOYSA-N,HMDB0014583,"C01965,D00145",0.9906015037593985,False,within_12m,sample_median_scaled,True,0.00031853897290739467,-0.043514803428825286,-0.00031853897290742443,0.030335034013484023,0.15143717657198677,0.844873727365467,-0.013719895603130425,,0.5086742663708987,0.9777128002775092
1020,cephalexin,Method 1,ZAIPMKNFIOOWCQ-UEKVPHQBSA-N,HMDB0014707,C06895,0.9962406015037594,False,within_12m,sample_median_scaled,True,-0.00033062098812162364,-0.009136748930551138,0.00033062098812161334,0.006378612817336995,0.15202830546478383,0.5156091813763923,-0.002328595253785625,,0.5086742663708987,0.9302117638338849
264,ciprofloxacin,Method 3,MYSWGUAQZAJSOK-UHFFFAOYSA-N,HMDB0014677,C05349,0.981203007518797,False,within_12m,sample_median_scaled,True,-0.0006784261684731765,-0.18879965112279307,-0.1238629755056558,0.13181133814654047,0.1520443727393743,0.2507275440179767,0.7578553975850115,,0.5086742663708987,0.8607149119510451
801,umbelliferone sulfate,Method 3,LJOOSFYJELZGMR-UHFFFAOYSA-N,HMDB0240565,,0.15225563909774437,True,within_12m,sample_median_scaled,True,0.0016008353243701172,0.7990497757577291,0.06632475545221367,0.5583788520369511,0.15242526805070525,0.5414367520593923,0.34243305475390995,,0.5086742663708987,0.931585523669646
841,1-stearoyl-2-oleoyl-GPC (18:0/18:1),Method 2,ATHVAWFAEPLPPQ-VRDBWYNSSA-N,HMDB0008038,,0.0,True,within_12m,sample_median_scaled,True,-7.462820807006208e-05,-0.12039270188117106,-0.018075696778426874,0.08416325229668219,0.15258321167337477,0.274051784015264,0.7470083180287156,,0.5086742663708987,0.8607149119510451
1113,"N2-acetyl,N6,N6-dimethyllysine",Method 1,UNPVIYLDJYPILW-VIFPVBQESA-N,,,0.0018796992481203006,True,within_12m,sample_median_scaled,True,0.0013416494414233257,-0.4963091949745737,-0.035571085226938415,0.3475024698310876,0.15322919366622847,2.2119481545059768e-05,0.8691209529202975,,0.5086742663708987,0.013902094151070065
1211,"3,5-dichloro-2,6-dihydroxybenzoic acid",Method 4,KLXACYSQYFWVLM-UHFFFAOYSA-N,,,0.0,True,within_12m,sample_median_scaled,True,0.0025774809839829334,-0.38750581487615604,-0.00583405605768953,0.2713354649117439,0.15325073476140252,0.7670725318212293,0.7288120459686754,,0.5086742663708987,0.9682124660595566
870,1-palmitoyl-2-dihomo-linolenoyl-GPC (16:0/20:3n3 or 6)*,Method 2,SRIGHEHXEGELQJ-YYQUKWHJSA-N,,,0.0037593984962406013,True,within_12m,sample_median_scaled,True,-0.0004146081692024304,-0.12111002237378397,-0.003275276347809897,0.08482730297868302,0.15337115907284854,0.7052311747073444,0.7322066924518031,,0.5086742663708987,0.9639401888384792
818,3-methoxycatechol sulfate (1),Method 3,NTXOJWKIHIOUQN-UHFFFAOYSA-N,,,0.007518796992481203,True,within_12m,sample_median_scaled,True,0.008640841233647051,-0.5709762866211124,-0.02340511960506409,0.40072598113038244,0.15419921453058155,0.7373030967814302,0.3881332552546441,,0.5100747701708974,0.9682124660595566
1127,sulfociprofloxacin*,Method 3,SDLYZOYQWKDWJG-UHFFFAOYSA-N,,,0.9849624060150376,False,within_12m,sample_median_scaled,True,0.00022846892758712336,-0.04711241457670722,-0.00022846892758710167,0.03312596358453874,0.15496233624355274,0.8371230874260964,0.9670217763114973,,0.5112536920161307,0.9777128002775092
120,caffeine,Method 1,RYYVLZVUVIJVGH-UHFFFAOYSA-N,HMDB0001847,C07481,0.007518796992481203,True,within_12m,sample_median_scaled,True,0.005354291849776822,0.39303532270440367,-0.003443171421105852,0.2772281072920915,0.1562688512970271,0.9380748442645215,0.532606102327417,,0.5142145185349819,0.9929752200823792
615,argininate*,Method 1,BMFMQGXDDJALKQ-BYPYZUCNSA-N,HMDB0003148,,0.0,True,within_12m,sample_median_scaled,True,-0.001224195087002294,-0.22845262439758476,-0.023601218448229138,0.1623221286164645,0.1593079703032062,0.17573825107868646,0.6620167282700298,,0.5217544204667782,0.8607149119510451
976,"ceramide (d16:1/24:1, d18:1/22:1)*",Method 2,ODRVSCJZSDNQBP-LMGPGFSZSA-N,,,0.05639097744360902,True,within_12m,sample_median_scaled,True,0.0029269617169750245,-0.34666591367227223,-0.010628438024042456,0.24636471649948588,0.15939037188483918,0.47052092803029755,0.6261656208426246,,0.5217544204667782,0.9263190966979289
390,salicyluric glucuronide*,Method 3,OEPADIDIUZTYOX-UHFFFAOYSA-N,HMDB0240252,,0.5601503759398496,False,within_12m,sample_median_scaled,True,0.010960430648286437,1.077130725656251,-0.07797707184004961,0.7666170358887056,0.16000817181687443,0.4316416686415535,0.30800905996525824,,0.522416290841068,0.9235528527050412
1180,emtricitabine,Method 1,XQSPYNMVSIKCOC-NTSWFWBYSA-N,HMDB0015017,"C12599,D01199",0.9924812030075187,False,within_12m,sample_median_scaled,True,0.0011780369864623122,-0.05819794450316082,-0.0011780369864622996,0.04146810128733731,0.16048601394086015,0.14084415489579094,0.23453604510029233,,0.5226189624965316,0.8607149119510451
1227,carnitine of C10H14O2 (5)*,Method 3,,,,0.18609022556390978,True,within_12m,sample_median_scaled,True,0.006609171085489312,-0.4982792218266464,-0.061252153281140455,0.3560043642196245,0.16162007767130326,3.620194342094651e-05,0.8155518376552775,,0.5249520352269463,0.015168614293376586
465,2-methylmalonylcarnitine (C4-DC),Method 1,XROYFEWIXXCPAW-UHFFFAOYSA-N,HMDB0013133,,0.17105263157894737,True,within_12m,sample_median_scaled,True,-0.005076361890031355,0.3634102385073666,0.05699154938308142,0.26053374243702393,0.16305558100087836,0.34311589763568506,0.3803791577760962,,0.5263714117818463,0.8674382944313466
154,thyroxine,Method 3,XUIIKFGFIJCVMT-LBPRGKRZSA-N,HMDB0000248,C01829,0.0,True,within_12m,sample_median_scaled,True,0.00031458801486329563,-0.2771130223246246,-0.012319919334495501,0.198850687997968,0.16344647640495358,0.39798043796801885,0.8838979239026782,,0.5263714117818463,0.9128232028997617
1070,resveratrol disulfate (2)*,Method 3,DHYDAGFKCXRMSL-OWOJBTEDSA-N,,,0.9699248120300752,False,within_12m,sample_median_scaled,True,-0.0014981749989058334,-0.24923868903191698,-0.16242021067863022,0.1789386092157854,0.16365831406388598,0.2528099149075018,0.520395727649989,,0.5263714117818463,0.8607149119510451
713,dimethyl sulfone,Method 1,HHVIBTZHLRERCL-UHFFFAOYSA-N,HMDB0004983,C11142,0.0037593984962406013,True,within_12m,sample_median_scaled,True,0.008088518463261923,-0.4299646515244565,0.023759807747899115,0.309006551414456,0.16409147759646814,0.5717375674213638,0.5766675446285706,,0.5263714117818463,0.9416325057228728
488,N6-succinyladenosine,Method 3,VKGZCEJTCKHMRL-UHFFFAOYSA-N,HMDB0000912,,0.08834586466165413,True,within_12m,sample_median_scaled,True,0.0008686859184214431,0.3731461261434596,0.005114040527868332,0.26821001829086427,0.1641508300863037,0.6390184340305558,0.7041365111245411,,0.5263714117818463,0.9559742454814228
506,desmethylnaproxen,Method 3,XWJUDDGELKXYNO-QMMMGPOBSA-N,HMDB0013989,,0.9774436090225563,False,within_12m,sample_median_scaled,True,-0.004710867333152351,-0.04223316272450803,0.004710867333152343,0.030513465402610938,0.1663331019696631,0.091288989230864,0.14216136081702138,,0.5298098963532537,0.8607149119510451
353,tauro-beta-muricholate,Method 3,XSOLDPYUICCHJX-OEYGYFRSSA-N,HMDB0000932,,0.2744360902255639,False,within_12m,sample_median_scaled,True,-0.012416369430904245,1.1868366930587977,0.026257888532583484,0.8577272274827589,0.16645050200461253,0.4336649187832845,0.875303159184491,,0.5298098963532537,0.9235528527050412
735,N-formylanthranilic acid,Method 3,LLLPDUXGHXIXIW-UHFFFAOYSA-N,HMDB0004089,C05653,0.08646616541353383,True,within_12m,sample_median_scaled,True,-0.004559811567904818,0.258511541723684,-0.03088757348871935,0.18693070118255511,0.16668720469413068,0.1858889754755776,0.573001984081857,,0.5298098963532537,0.8607149119510451
588,alpha-ketoglutaramate*,Method 4,COJBGNAUUSNXHX-UHFFFAOYSA-N,HMDB0001552,C00940,0.0,True,within_12m,sample_median_scaled,True,-0.001499510184513585,0.29148971550597824,-0.007029700543194495,0.2110381320436303,0.1672118707548923,0.44488284843702186,0.9263355917420217,,0.5298098963532537,0.9235528527050412
1068,resveratrol sulfate (1)*,Method 3,KOTTWDFKZULRPN-OWOJBTEDSA-N,,,0.9736842105263158,False,within_12m,sample_median_scaled,True,-0.0008721395470833986,-0.22205652222915692,-0.1381658392293923,0.16081355013860318,0.16733057187926947,0.2508717984637585,0.2459675623970859,,0.5298098963532537,0.8607149119510451
401,7-methylxanthine,Method 1,PFWLFWPASULGAN-UHFFFAOYSA-N,HMDB0001991,C16353,0.12218045112781954,True,within_12m,sample_median_scaled,True,0.013360982751438159,-0.5389609944691339,0.006496734913301895,0.39208697812102355,0.16925688550329598,0.9081755165978518,0.5689332620631556,,0.5311540187489113,0.9926753255334779
382,gamma-glutamylthreonine,Method 1,GWNXFCYUJXASDX-JUZNGCLZSA-N,HMDB0029159,,0.0,True,within_12m,sample_median_scaled,True,-0.0016007835209484592,-0.19983385830784992,-0.019100247486504927,0.14547805430994537,0.16955478806694968,0.32643523571517563,0.8540284169237072,,0.5311540187489113,0.8607149119510451
566,pregnenolone sulfate,Method 3,DIJBBUIOWGGQOP-QGVNFLHTSA-N,HMDB0000774,C18044,0.005639097744360902,True,within_12m,sample_median_scaled,True,-0.008545374518366192,0.4368645074346277,0.005954513818856891,0.31834654252199235,0.1699724632807209,0.7592774316391928,0.8373035762217901,,0.5311540187489113,0.9682124660595566
384,pioglitazone,Method 1,HYAFETHFCAUJAY-UHFFFAOYSA-N,HMDB0015264,"D08378,C07675,
DG00117",0.9943609022556391,False,within_12m,sample_median_scaled,True,2.3128360009037866e-05,-0.010233058132752142,-2.3128360009063267e-05,0.007464515222600367,0.17040804373424,0.9220742894825757,0.152221443732082,,0.5311540187489113,0.9929752200823792
623,pantoprazole,Method 3,IQPSEEYGBUAQFF-UHFFFAOYSA-N,HMDB0005017,C11806,0.7180451127819549,False,within_12m,sample_median_scaled,True,-0.009186222381671676,1.3758669770074317,0.07763255381400298,1.0036632498421258,0.1704232083828927,0.5774777407076241,0.7051323689253208,,0.5311540187489113,0.9430681188802018
29,argininosuccinate,Method 1,KDZOASGQNOPSCU-UHFFFAOYSA-N,HMDB0000052,C03406,0.24436090225563908,False,within_12m,sample_median_scaled,True,0.002123191407523583,0.37962962112031495,0.009106067488215925,0.27699395402386157,0.17052028150564846,0.8074127591471579,0.49999918918981545,,0.5311540187489113,0.9777128002775092
707,hydroxypioglitazone (M-IV),Method 1,OXVFDZYQLGRLCD-UHFFFAOYSA-N,,,0.9943609022556391,False,within_12m,sample_median_scaled,True,-6.224876573842608e-05,-0.013056538739574452,6.224876573842942e-05,0.009530901540150108,0.17071298613727937,0.7641065172440283,0.24298615346346428,,0.5311540187489113,0.9682124660595566
336,docosapentaenoate (n3 DPA; 22:5n3),Method 3,YUFFSWGQGVEMMI-JLNKQSITSA-N,"HMDB0006528,HMDB0001976",C16513,0.0,True,within_12m,sample_median_scaled,True,-0.0015483869546256853,0.2541221036656305,0.0017044070231691094,0.18639482906476365,0.17277102528060495,0.9671307971948176,0.4179170344419225,,0.5356700943188444,0.9929752200823792
438,2-methylbutyrylcarnitine (C5),Method 1,IHCPDBBYTYJYIL-UHFFFAOYSA-N,HMDB0000378,,0.06766917293233082,True,within_12m,sample_median_scaled,True,0.004611265224322855,-0.2960793231352133,-0.04178091296898168,0.217312247831534,0.17305264633771877,0.03632364480432512,0.2846018853349024,,0.5356700943188444,0.7677175285372149
685,famotidine,Method 1,XUFQPHANEAPEMJ-UHFFFAOYSA-N,HMDB0001919,D00318,0.9830827067669173,False,within_12m,sample_median_scaled,True,-0.0001972237015405662,0.34171673904098626,0.059738037161749746,0.2511522777403118,0.17364145358380612,0.13332646959146194,0.6412845662948651,,0.5356700943188444,0.8607149119510451
650,valylleucine,Method 1,XCTHZFGSVQBHBW-UHFFFAOYSA-N,HMDB0029131,,0.16729323308270677,True,within_12m,sample_median_scaled,True,-0.011043777109312007,-0.5133662490488377,-0.0611320986340404,0.377563518696185,0.1739306363062446,0.23990604960533124,0.4330665742146506,,0.5356700943188444,0.8607149119510451
703,O-desmethylvenlafaxine,Method 1,KYYIDSXMWOZKMP-UHFFFAOYSA-N,HMDB0015646,D07793,0.9943609022556391,False,within_12m,sample_median_scaled,True,0.000616378544490424,-0.017230362532902443,-0.008615207741701469,0.012683082306467376,0.17429520173142987,0.284039009936466,0.001649061873536006,,0.5356700943188444,0.8607149119510451
1077,dihydroferulic acid sulfate,Method 3,UMCDODPBPQMWQP-UHFFFAOYSA-N,HMDB0041724,,0.3684210526315789,False,within_12m,sample_median_scaled,True,0.013086524598752583,0.7003933956907095,-0.015671290695447614,0.5178972030715212,0.17625404572800452,0.8237628423345583,0.6070853328404487,,0.5387382361635694,0.9777128002775092
328,3-hydroxysebacate,Method 3,OQYZCCKCJQWHIE-UHFFFAOYSA-N,HMDB0000350,,0.06766917293233082,True,within_12m,sample_median_scaled,True,0.0010271838918689202,0.5811327609325484,0.07253235826121728,0.4299686190238171,0.17651285727583377,0.11939349749741686,0.40246675236980023,,0.5387382361635694,0.8607149119510451
462,isobutyrylglycine,Method 3,DCICDMMXFIELDF-UHFFFAOYSA-N,HMDB0000730,,0.3966165413533835,False,within_12m,sample_median_scaled,True,0.014221436420253645,-0.5324861894124342,-0.0457911930892845,0.39441250263262967,0.1769921462207773,0.3442313880103409,0.37047062460612834,,0.5387382361635694,0.8674382944313466
1142,lithocholate sulfate (1),Method 3,AXDXVEYHEODSPN-HVATVPOCSA-N,,,0.4548872180451128,False,within_12m,sample_median_scaled,True,0.015266797973329376,-0.8425203780664438,-0.022383062567805805,0.6242801849212936,0.1771485189865789,0.5816029488469,0.7331334980641621,,0.5387382361635694,0.944607081243427
998,"sphingomyelin (d18:2/21:0, d16:2/23:0)*",Method 2,SDUGEKJCGFHJRC-GKPQAQNZSA-N,HMDB0240676,,0.0,True,within_12m,sample_median_scaled,True,0.0016246292857147013,-0.22074797595634785,-0.0007164517007628927,0.1636758079474259,0.1774364596433713,0.9609446424473926,0.6770480700001851,,0.5387382361635694,0.9929752200823792
614,androsterone glucuronide,Method 3,VFUIRAVTUVCQTF-BSOWLZGZSA-N,HMDB0002829,C11135,0.16917293233082706,True,within_12m,sample_median_scaled,True,-0.0037161042696378754,-0.7490610938269086,-0.057110578796318,0.5581684142843008,0.17959652900636214,0.205250963320886,0.8607188151261824,,0.5425940232283886,0.8607149119510451
194,naproxen,Method 3,CMWTZPSULFXXJA-VIFPVBQESA-N,HMDB0001923,C01517,0.9624060150375939,False,within_12m,sample_median_scaled,True,-0.013126808584784332,-0.10448590022613187,-0.047549374155922995,0.07789251887585151,0.17978697067380112,0.42544139272346493,0.24317827781446766,,0.5425940232283886,0.9235528527050412
525,sphinganine-1-phosphate,Method 2,YHEDRJPUIRMZMP-UHFFFAOYSA-N,HMDB0001383,,0.015037593984962405,True,within_12m,sample_median_scaled,True,-0.002015968287077768,-0.2662571864900466,-0.035778525053223015,0.19890392315869396,0.18069372917888804,0.12211830006776056,0.31954327592807236,,0.5425940232283886,0.8607149119510451
196,beta-hydroxyisovalerate,Method 3,AXFYFNCPONWUHW-UHFFFAOYSA-N,HMDB0000754,,0.0,True,within_12m,sample_median_scaled,True,0.0031095638474380144,-0.2562781683377283,-0.017613621469630088,0.1914604160409682,0.18071920593173874,0.30713038886892585,0.7734839956141808,,0.5425940232283886,0.8607149119510451
550,"androstenediol (3alpha, 17alpha) monosulfate (2)",Method 3,VPDALJSLCNNODJ-BVKUPEMCSA-N,,,0.022556390977443608,True,within_12m,sample_median_scaled,True,-0.00973404104837266,0.31019534091039913,0.04275195263512019,0.23181820029587172,0.18086467440946286,0.006326125685183394,0.9780989098391409,,0.5425940232283886,0.5457024166424175
642,doxycycline,Method 2,JBIWCJUYHHGXTC-VONWRGRHSA-N,HMDB0014399,D00307,0.9962406015037594,False,within_12m,sample_median_scaled,True,0.0002581886535051327,-0.008494968007208985,-0.0002581886535051508,0.006359855501442085,0.18164174460438176,0.22741667728269233,0.000664918310249895,,0.5436277927802569,0.8607149119510451
1064,3-formylindole,Method 1,OLNJUISKUQQNIM-UHFFFAOYSA-N,HMDB29737,C08493,0.0018796992481203006,True,within_12m,sample_median_scaled,True,0.000157486189522689,-0.17320296389944548,0.0003794476319731556,0.1300317193719426,0.18285838493959716,0.9673697495268917,0.5630132960603305,,0.5449840098877342,0.9929752200823792
426,3-hydroxydodecanedioate*,Method 3,FYVQCLGZFXHEGL-UHFFFAOYSA-N,HMDB0000413,,0.08646616541353383,True,within_12m,sample_median_scaled,True,-0.0026714891839112248,0.6309317791261791,0.08393846090298492,0.4737827043125819,0.1829620144571391,0.18375645405720953,0.3450699538725304,,0.5449840098877342,0.8607149119510451
783,1-dihomo-linolenylglycerol (20:3),Method 3,LERKRWCYZNDWFH-QNEBEIHSSA-N,HMDB0011577,,0.016917293233082706,True,within_12m,sample_median_scaled,True,0.004023853648997834,-0.30666304830181756,0.028420834173694086,0.23163141081628932,0.18552733392237175,0.21296940537638098,0.423503181733173,,0.5484996335573035,0.8607149119510451
37,succinate,Method 4,KDYFGRWQOYBRFD-UHFFFAOYSA-N,HMDB0000254,C00042,0.0,True,within_12m,sample_median_scaled,True,-0.00048349204370739716,-0.2516950146317475,-0.014026026789136184,0.1901314840306946,0.18557130012828038,0.5177786140240783,0.7065287465760938,,0.5484996335573035,0.9302117638338849
565,17alpha-hydroxypregnenolone 3-sulfate,Method 3,OMOKWYAQVYBHMG-QUPIPBJSSA-N,HMDB00416,,0.46616541353383456,False,within_12m,sample_median_scaled,True,-0.00523560727487502,0.5596362447119061,0.03360758914670859,0.42337920480983493,0.18622404989854224,0.11172462620089621,0.7742276309266943,,0.5484996335573035,0.8607149119510451
280,dehydroepiandrosterone sulfate (DHEA-S),Method 3,CZWCKYRVOZZJNM-DYIPZHMLSA-N,HMDB0001032,C04555,0.0,True,within_12m,sample_median_scaled,True,-0.008169111809525438,-0.5209782326028451,-0.012841309467329674,0.39419485946483357,0.18629267274530947,0.5547216277376625,0.8187227451410369,,0.5484996335573035,0.9334472370364683
203,1-palmitoyl-2-linoleoyl-GPI (16:0/18:2),Method 2,BSNJSZUDOMPYIR-DMDPBSJXSA-N,HMDB0009784,,0.0,True,within_12m,sample_median_scaled,True,-0.0007616619333208568,-0.24557244892800548,-0.02322536833327277,0.18589127970116898,0.18648330508277966,0.008104744163803301,0.736142576043256,,0.5484996335573035,0.5740200125821475
589,metformin,Method 1,XZWYZXLIPXDOLR-UHFFFAOYSA-N,HMDB0001921,C07151,0.868421052631579,False,within_12m,sample_median_scaled,True,-0.027438304265679548,1.245788357085115,0.05323349686062671,0.9436193037622229,0.1867604161993046,0.16845813320945868,0.7116396015035124,,0.5484996335573035,0.8607149119510451
1222,isoursodeoxycholate sulfate (1),Method 3,WHMOBEGYTDWMIG-DNMBCGTGSA-N,,,0.3609022556390977,False,within_12m,sample_median_scaled,True,-0.00021955111482543815,-0.7151832020410372,0.046300202524485586,0.5441426508418037,0.18873505723672435,0.3662795029781373,0.6250102551107972,,0.5525782868917257,0.8854102600836895
718,"2,8-quinolinediol sulfate",Method 3,ZLYUIVZAQHFCNP-UHFFFAOYSA-N,HMDB0240658,,0.32706766917293234,False,within_12m,sample_median_scaled,True,0.0010232452500642704,0.7291538256548574,0.0032532819389975843,0.5562542550338749,0.18991577532391202,0.9671812456048078,0.3590294178514683,,0.5525782868917257,0.9929752200823792
1243,diazepam,Method 2,AAOVKJBEBIDNHE-UHFFFAOYSA-N,HMDB0014967,D00293,0.9924812030075187,False,within_12m,sample_median_scaled,True,0.0006609666060358474,-0.042454996475040224,-0.0006609666060357988,0.032404268449268275,0.19013941674920143,0.6578566917005737,0.00013709821395089275,,0.5525782868917257,0.9622271433280913
598,hydantoin-5-propionate,Method 4,VWFWNXQAMGDPGG-UHFFFAOYSA-N,HMDB0001212,C05565,0.09398496240601503,True,within_12m,sample_median_scaled,True,0.0027477085213540526,0.5142546378824713,-0.03850133478586919,0.392687048450878,0.19033836051833952,0.45133717777890403,0.4881922106275953,,0.5525782868917257,0.9235528527050412
221,benzoate,Method 3,WPYMKLBDIGXBTP-UHFFFAOYSA-N,HMDB0001870,C00180,0.0,True,within_12m,sample_median_scaled,True,-0.0009130365659600898,0.5366271263375642,0.040278654718814144,0.4098425352238145,0.19041598288644845,0.44022649250881185,0.3807500846284847,,0.5525782868917257,0.9235528527050412
383,p-cresol sulfate,Method 3,WGNAKZGUSRVWRH-UHFFFAOYSA-N,HMDB0011635,,0.0,True,within_12m,sample_median_scaled,True,0.017851303589635686,-0.9379898200413194,0.026191619058695156,0.7169777287654455,0.19078677526731025,0.7370356394812938,0.8067075075648533,,0.5525782868917257,0.9682124660595566
100,threonine,Method 1,AYFVYJQAPQTCCC-GBXIJSLDSA-N,HMDB0000167,C00188,0.0,True,within_12m,sample_median_scaled,True,-0.0021814144900524114,0.14965092945771533,-0.004246475832993917,0.11461652732465231,0.19166608586574507,0.7385097610680695,0.7046323378961544,,0.5538488963982564,0.9682124660595566
302,galactonate,Method 4,RGHNJXZEOKUKBD-MGCNEYSASA-N,HMDB0000565,"C00880,C15930",0.02631578947368421,True,within_12m,sample_median_scaled,True,-0.0060951769960385545,0.5366208704756144,-0.02342568929829323,0.4115510339405666,0.19226811336079974,0.5141177398692502,0.5351565488782866,,0.5543142626021221,0.9302117638338849
612,pseudoephedrine,Method 1,KWGRBVOPPLSCSI-WCBMZHEXSA-N,HMDB0001943,C02765,0.9962406015037594,False,within_12m,sample_median_scaled,True,0.0004215808854107551,-0.015069883631311001,-0.00042158088541074067,0.011577074487037873,0.19301878910849923,0.17254232640075018,-0.004468149641302798,,0.5543494282081451,0.8607149119510451
706,ketopioglitazone,Method 3,JMLKLMFMQRAJNI-UHFFFAOYSA-N,,,0.9943609022556391,False,within_12m,sample_median_scaled,True,-0.00032294012971615673,-0.01698714321461971,0.0003229401297161523,0.013054171103019646,0.1931623305928143,0.4688336299828013,0.263491484139347,,0.5543494282081451,0.9263190966979289
761,o-hydroxyatorvastatin,Method 3,CZBPKFICAYVHHM-JWQCQUIFSA-N,,,0.9135338345864662,False,within_12m,sample_median_scaled,True,0.001299949765602357,0.6206920221992158,0.060392931571316505,0.4784317019076656,0.19451175567123213,0.24120685566900935,0.5733338260218865,,0.5569505168080611,0.8607149119510451
762,p-hydroxyatorvastatin,Method 3,SOZOATLLFFVAPM-KAYWLYCHSA-N,,,0.9229323308270677,False,within_12m,sample_median_scaled,True,0.00024488297635458293,0.5997478365840011,0.02023000520583655,0.46355035473827283,0.19572975177123053,0.5872596949570197,0.5376795310023131,,0.5591643135828108,0.9473607459637016
367,N-acetylthreonine,Method 3,PEDXUVCGOLSNLQ-UHFFFAOYSA-N,HMDB0062557,,0.0,True,within_12m,sample_median_scaled,True,-0.0006494440133298871,0.2198152082786827,-0.007625860869435797,0.17116592405149983,0.19906395655280773,0.49583855859187986,0.7135649529895315,,0.5673999850042615,0.9302117638338849
981,"glycosyl ceramide (d18:2/24:1, d18:1/24:2)*",Method 2,WYTRSDHGWSSQLK-PCKKJQKNSA-N,,,0.0,True,within_12m,sample_median_scaled,True,-0.004104226987820217,-0.18894248915573686,0.010709418593853258,0.14739431834834446,0.19988317300359892,0.3558605796817912,0.7746082791443394,,0.5679829717006484,0.8829245758692917
397,stearoylcarnitine (C18),Method 2,FNPHNLNTJNMAEE-HSZRJFAPSA-N,HMDB0000848,,0.0,True,within_12m,sample_median_scaled,True,0.0007365651748114785,-0.21976848810489086,0.016802560258601752,0.17155191555425384,0.20017220084597231,0.1957106839753534,0.746874006215615,,0.5679829717006484,0.8607149119510451
1163,canagliflozin,Method 3,XTNGUQKDFGDXSJ-ZXGKGEBGSA-N,,D09592,0.9962406015037594,False,within_12m,sample_median_scaled,True,0.0005752754199931515,-0.01590749212915749,-0.0005752754199931544,0.012454706033671476,0.2015219669897781,0.20186118012339704,0.001543076301925978,,0.569798905092352,0.8607149119510451
1126,1-heptadecenoylglycerol (17:1)*,Method 3,KRUXHXDPFZXFJX-FPLPWBNLSA-N,,,0.5263157894736842,False,within_12m,sample_median_scaled,True,0.013293416253293841,-0.4785378062093625,-0.0863033944184176,0.37509973655037826,0.20203983758830946,0.14967216845099246,0.40757127717836705,,0.569798905092352,0.8607149119510451
1133,ezetimibe glucuronide*,Method 3,UOFYCFMTERCNEW-ADEYADIWSA-N,,,0.9924812030075187,False,within_12m,sample_median_scaled,True,-6.4371461306093274e-18,0.19221289831261257,0.0021532985560938855,0.15079083589099182,0.2024158699870402,0.43965458618220465,0.4665540271215589,,0.569798905092352,0.9235528527050412
334,3-hydroxy-2-ethylpropionate,Method 3,ZMZQVAUJTDKQGE-UHFFFAOYSA-N,HMDB0000396,,0.0018796992481203006,True,within_12m,sample_median_scaled,True,0.002317848424157367,-0.23339721943007957,-0.01687296066386713,0.1831848986792998,0.20262538629775761,0.5380259610257068,0.6901179881430509,,0.569798905092352,0.931585523669646
563,3-hydroxyhippurate,Method 3,XDOFWFNMYJRHEW-UHFFFAOYSA-N,HMDB0006116,,0.19736842105263158,True,within_12m,sample_median_scaled,True,0.015895743021413805,-0.9113042538776248,-0.05278848589976725,0.7172252809939595,0.2038720728775414,0.26274623635743066,0.8090446711296639,,0.571346737345792,0.8607149119510451
102,valine,Method 1,KZSNJWFQEVHDMF-BYPYZUCNSA-N,HMDB0000883,C00183,0.0018796992481203006,True,within_12m,sample_median_scaled,True,0.003458530500415258,-0.1527630327803395,-0.012657005210393379,0.12037316466214586,0.20441295643660706,0.31509207164986675,0.5532143486801392,,0.571346737345792,0.8607149119510451
337,docosadienoate (22:2n6),Method 3,HVGRZDASOHMCSK-AVQMFFATSA-N,HMDB0061714,C16533,0.0,True,within_12m,sample_median_scaled,True,-0.0025960150035359906,0.21781717648836285,0.013564503494344954,0.17168203745153696,0.2045394047777298,0.7409831546181851,0.5379937567255332,,0.571346737345792,0.9682124660595566
81,phosphate,Method 1,NBIIXXVUZAFLBC-UHFFFAOYSA-N,HMDB0001429,C00009,0.0,True,within_12m,sample_median_scaled,True,-0.004190870306725996,-0.2746943731634499,-0.0018535945311326475,0.2167347076060014,0.20500437713943176,0.927179673582157,0.8667383892296496,,0.5713758360626735,0.9929752200823792
295,homoarginine,Method 1,QUOGESRFPZDMMT-YFKPBYRVSA-N,HMDB0000670,C01924,0.0,True,within_12m,sample_median_scaled,True,-0.0024264884889194805,0.26815069590679264,0.008023179279939258,0.21223584199352774,0.20642526866585909,0.6142062352126214,0.693962407637967,,0.5728693470754591,0.9496398987235734
1214,2-hydroxy-4-(methylthio)butanoic acid,Method 4,ONFOSYPQQXJWGS-UHFFFAOYSA-N,HMDB0037115,,0.0,True,within_12m,sample_median_scaled,True,-0.004171117484431138,0.2871222387024884,-0.0057108977665156066,0.22726468088686194,0.2064517217384113,0.7847961519264404,0.8843573601776685,,0.5728693470754591,0.9777128002775092
796,olmesartan,Method 3,VTRAEEWXHOVJFV-UHFFFAOYSA-N,HMDB0014420,D05246,0.9906015037593985,False,within_12m,sample_median_scaled,True,0.000356786216262091,-0.02427607808337527,-0.00035678621626214155,0.019306520345683434,0.20860771570212855,0.27937782502082587,0.7760860206423453,,0.5758555163939773,0.8607149119510451
327,O-acetylhomoserine,Method 4,FCXZBWSIAGGPCB-YFKPBYRVSA-N,HMDB0029423,C01077,0.2274436090225564,False,within_12m,sample_median_scaled,True,-0.014577339894001352,0.6307833914324811,0.05467604051839193,0.5018052087319745,0.20874335713445125,0.47382903515303,0.2779083842839843,,0.5758555163939773,0.9263190966979289
1139,glycoursodeoxycholic acid sulfate (1),Method 3,DKXXSIJHWWVNMO-XROMFQGDSA-N,,,0.018796992481203006,True,within_12m,sample_median_scaled,True,-0.022476263443281783,-0.9274144180463485,0.002102526275777124,0.7380407501150019,0.20890223983743328,0.9650321743872493,0.7943897075921093,,0.5758555163939773,0.9929752200823792
430,3-methylcytidine,Method 1,RDPUKVRQKWBSPK-ZOQUXTDFSA-N,HMDB0240577,,0.08270676691729323,True,within_12m,sample_median_scaled,True,-0.0031745739036313967,-0.28071102540694826,-0.0299464230005855,0.22377705374567952,0.20968839063374878,0.08323140170585057,0.6422848957271657,,0.5767113320475481,0.8607149119510451
680,lanthionine,Method 1,DWPCPZJAHOETAG-IMJSIDKUSA-N,,,0.03759398496240601,True,within_12m,sample_median_scaled,True,0.00011840653944962245,0.26178309614535383,0.03637730238074633,0.20889051033544415,0.21013030236895547,0.40752767044832994,0.3670777403033595,,0.5767113320475481,0.920556653369833
1190,cortisol 21-sulfate,Method 3,JOVLCJDINAUYJW-VWUMJDOOSA-N,HMDB0062779,,0.8759398496240601,False,within_12m,sample_median_scaled,True,-0.00011423107430657363,0.35501578097586145,-0.026202002174533216,0.283599226062294,0.21063469244476984,0.6781317459541585,0.4280781676957259,,0.5768361838846966,0.9639401888384792
1159,glyburide,Method 3,ZNNLBTZKUZBEKO-UHFFFAOYSA-N,HMDB0015151,"D00336,C07022",0.9943609022556391,False,within_12m,sample_median_scaled,True,-0.0003355984822453002,-0.00666149630607451,0.00033559848224529865,0.0053485708486537675,0.21295822786519703,0.159727398547443,0.08330295136252289,,0.5819315052751145,0.8607149119510451
23,"adenosine 3',5'-cyclic monophosphate (cAMP)",Method 3,IVOMOUWHDPKRLL-UHFFFAOYSA-N,HMDB0000058,C00575,0.36278195488721804,False,within_12m,sample_median_scaled,True,0.0038733356563912117,0.3064853901150017,0.009304766109647604,0.24643786861839556,0.2136240206749419,0.8111265824306544,0.3834112106701958,,0.5824845856581388,0.9777128002775092
977,N-palmitoyl-heptadecasphingosine (d17:1/16:0)*,Method 2,KXVLPPCAUYSNGY-BYCLXTJYSA-N,HMDB0240685,,0.0037593984962406013,True,within_12m,sample_median_scaled,True,0.001032260219693484,-0.22813226769549777,0.008909391515760303,0.18485303846603918,0.21715529795886046,0.6033750216823929,0.8172960363522157,,0.5863991621050765,0.9492395522587833
732,acisoga,Method 3,OAUYENAPBFTAQT-UHFFFAOYSA-N,HMDB0061384,,0.05827067669172932,True,within_12m,sample_median_scaled,True,0.005630785282658013,-0.38963387256608195,-0.050875315797195474,0.3159296497507024,0.2174664130484616,0.03122945481695414,0.6706477560001873,,0.5863991621050765,0.7677175285372149
406,5-acetylamino-6-formylamino-3-methyluracil,Method 4,RDZNZFGKEVDNPK-UHFFFAOYSA-N,HMDB0011105,C16365,0.05827067669172932,True,within_12m,sample_median_scaled,True,0.015500841470501112,-0.5145389241914233,-0.00018240921166507197,0.41727559160599714,0.21754168288359654,0.9957480714918553,0.44603418769500564,,0.5863991621050765,0.9992662957885908
374,N-acetylhistidine,Method 3,KBOJOGQFRVVWBH-ZETCQYMHSA-N,HMDB0032055,C02997,0.0037593984962406013,True,within_12m,sample_median_scaled,True,0.0015086469269815698,0.28455982253839096,-0.002847210424455011,0.23085304137317703,0.21770827992421593,0.8337768977977932,0.79236973570499,,0.5863991621050765,0.9777128002775092
252,gamma-glutamylphenylalanine,Method 1,XHHOHZPNYFQJKL-QWRGUYRKSA-N,HMDB0000594,,0.0,True,within_12m,sample_median_scaled,True,-0.0027857126190729514,0.15464171546169553,-0.011398000568550013,0.1256026381682798,0.21824882356539554,0.46215249668229463,0.674152086825153,,0.5863991621050765,0.9263190966979289
332,propionylcarnitine (C3),Method 1,UFAHZIUFPNSHSL-UHFFFAOYSA-N,HMDB0000824,C03017,0.0,True,within_12m,sample_median_scaled,True,0.000259248277986184,-0.19198902740759538,-0.006339709482584919,0.15621770373147786,0.21907787937433665,0.608360371161757,0.6130767961973453,,0.5863991621050765,0.9496398987235734
730,allopurinol,Method 3,OFCNXPDARWKPPY-UHFFFAOYSA-N,HMDB0014581,D00224,0.9680451127819549,False,within_12m,sample_median_scaled,True,-0.009210664626339503,-0.10584678665287582,0.009284894420952322,0.08620193317854921,0.21948697943379814,0.09800944747994773,0.9835102658724498,,0.5863991621050765,0.8607149119510451
580,cis-4-decenoylcarnitine (C10:1),Method 2,OQWOHRPOYAVIOK-KTKRTIGZSA-N,HMDB0013205,,0.0,True,within_12m,sample_median_scaled,True,0.00499090733686583,-0.2525832347266608,-0.019651668606889963,0.2059657072957217,0.22007212580060842,0.38465892525184897,0.5149982373016974,,0.5863991621050765,0.9018911445248919
1054,3-hydroxystachydrine*,Method 1,DJMIFDZBCUUQJN-NTSWFWBYSA-N,,C10151,0.30639097744360905,False,within_12m,sample_median_scaled,True,-0.008367809093664145,0.9874191363338594,-0.07758594134714605,0.8066678992692089,0.2209252791760069,0.4660535608548301,0.3710270427180185,,0.5863991621050765,0.9263190966979289
1240,2-methoxyhydroquinone sulfate (1),Method 3,LEJCLCZOTCOTQE-UHFFFAOYSA-N,,,0.07518796992481203,True,within_12m,sample_median_scaled,True,0.00837150572076503,0.561555403914619,0.008972962698421471,0.45896058751495356,0.22112682010136342,0.8568624752848659,0.5027767195803018,,0.5863991621050765,0.9809600682612287
160,N-acetylalanine,Method 4,KTHDTJVBEPMMGL-VKHMYHEASA-N,HMDB0000766,C02847,0.0,True,within_12m,sample_median_scaled,True,0.0008234501223596812,-0.21614043369791944,0.0006806153896440439,0.17665362088488412,0.22113080051988843,0.8899023097493503,0.9630873378983897,,0.5863991621050765,0.9898402122819074
220,carnitine,Method 1,PHIQHXFUZVPYII-ZCFIWIBFSA-N,HMDB0000062,"C00487,C00308",0.0,True,within_12m,sample_median_scaled,True,0.0003692785414867837,-0.15916883954031635,0.002105550054562311,0.13021505911109568,0.22157395745245723,0.8268561041646709,0.6586224365796318,,0.5863991621050765,0.9777128002775092
1000,"sphingomyelin (d18:1/25:0, d19:0/24:1, d20:1/23:0, d19:1/24:0)*",Method 2,JONXXLXMISNQNG-BXMSAMRLSA-N,"HMDB0240675,HMDB0240674,HMDB0240673,HMDB0240671",,0.009398496240601503,True,within_12m,sample_median_scaled,True,1.6614154539775986e-05,-0.20902003235751906,0.007651318169119886,0.17104207651082723,0.22169300235010658,0.6904619188722401,0.5833370229952886,,0.5863991621050765,0.9639401888384792
898,1-linoleoyl-GPA (18:2)*,Method 3,ZQTAMPRZFOOEEP-KKFOGOCZSA-N,HMDB0007856,,0.0018796992481203006,True,within_12m,sample_median_scaled,True,-0.006577250043941337,0.2253253213992381,0.024213297145060524,0.18439907744695203,0.22172885582004198,0.2897200327949555,0.2993200750798296,,0.5863991621050765,0.8607149119510451
310,7-ketodeoxycholate,Method 3,RHCPKKNRWFXMAT-RRWYKFPJSA-N,HMDB0000391,,0.34022556390977443,False,within_12m,sample_median_scaled,True,-0.0021218194230712127,0.6725214909003829,0.1906044139683528,0.5507614112643857,0.22205728016071313,0.012634356776355622,0.4562462056399065,,0.5863991621050765,0.694767083139127
266,maleate,Method 4,VZCYOOQTPOCHFL-UHFFFAOYSA-N,HMDB0000176,C01384,0.0037593984962406013,True,within_12m,sample_median_scaled,True,0.007155560586293352,-0.38453067386456774,0.026385790407061186,0.31589348876286855,0.2234978842977693,0.18805346898570774,0.6925625968304625,,0.586949901625404,0.8607149119510451
819,3-methoxycatechol sulfate (2),Method 3,NTXOJWKIHIOUQN-UHFFFAOYSA-N,,,0.2781954887218045,False,within_12m,sample_median_scaled,True,0.02043651618062922,-0.46091950169870166,0.007876517080418059,0.37872110638851736,0.22358822735566775,0.9221543883958826,0.3938866126855099,,0.586949901625404,0.9929752200823792
584,(16 or 17)-methylstearate (a19:0 or i19:0),Method 3,YETXGSGCWODRAA-UHFFFAOYSA-N,HMDB0037397,,0.0,True,within_12m,sample_median_scaled,True,-0.0008455099845448858,0.1890294933608916,0.025211595767297427,0.15534510269087054,0.2236666689566973,0.5418982230261982,0.5324438514319931,,0.586949901625404,0.931585523669646
389,HWESASXX*,Method 3,KUZSCKDYVGVVKC-PLNQFBRDSA-N,,,0.7875939849624061,False,within_12m,sample_median_scaled,True,-0.010629352697420455,0.4760032315450494,-0.09836968857760338,0.39161206294900097,0.224176646928957,0.14572869917512066,0.3903950748433904,,0.5870283121364136,0.8607149119510451
850,oleate/vaccenate (18:1),Method 3,ZQPPMHVWECSIRJ-KTKRTIGZSA-N,"HMDB0003231,HMDB0000573,HMDB0240219,HMDB0000207","C21944,C08367,C01712,C00712",0.0,True,within_12m,sample_median_scaled,True,0.0004801332928393321,0.21955835713869654,0.03384567548590177,0.18122443458539045,0.22569336303779908,0.260695192948025,0.4644824099797814,,0.5870283121364136,0.8607149119510451
766,"sphingomyelin (d18:2/14:0, d18:1/14:1)*",Method 2,SOWIKWJDPCEPOJ-IOBWIPHESA-N,"HMDB0240637,HMDB0240612",,0.0,True,within_12m,sample_median_scaled,True,-0.00026592718720319484,-0.15833791584674128,0.0036317901476514126,0.13098833451136033,0.22674198842352622,0.796608333551802,0.6441974151359214,,0.5870283121364136,0.9777128002775092
341,myristoleate (14:1n5),Method 3,YWWVWXASSLXJHU-WAYWQWQTSA-N,HMDB0002000,C08322,0.0,True,within_12m,sample_median_scaled,True,-0.006342979385387857,0.38837182756739547,0.07389699430883617,0.32132258866811014,0.2267910219836733,0.20420857273377235,0.3552390353798635,,0.5870283121364136,0.8607149119510451
871,1-palmitoyl-2-arachidonoyl-GPE (16:0/20:4)*,Method 2,DRIVXEVMDWCWLI-CAQMIEAISA-N,HMDB0005323,C05210,0.0,True,within_12m,sample_median_scaled,True,0.004032540643041159,-0.19959555803114692,0.0037773238210597046,0.16518838810222647,0.2269355460493463,0.7634014496930942,0.7806723191894909,,0.5870283121364136,0.9682124660595566
1015,adrenoylcarnitine (C22:4)*,Method 2,OLORTLVEDIELGC-SNPVRQPZSA-N,,,0.06766917293233082,True,within_12m,sample_median_scaled,True,-0.005207079389854222,-0.3197034319547961,-0.04220198274117467,0.2646787902874422,0.22708875107877735,0.22007255204153398,0.5572874360706502,,0.5870283121364136,0.8607149119510451
449,homostachydrine*,Method 1,XULZWQRXYTVUTE-ZETCQYMHSA-N,HMDB0033433,C08283,0.0,True,within_12m,sample_median_scaled,True,-0.00820928071119091,0.29444911550663005,0.0300666170360922,0.24411112547413588,0.22773678990202662,0.09163625269970777,0.6104481697133308,,0.5870283121364136,0.8607149119510451
217,eicosapentaenoate (EPA; 20:5n3),Method 3,JAZBEHYOTPTENJ-JLNKQSITSA-N,HMDB0001999,C06428,0.0,True,within_12m,sample_median_scaled,True,0.0002414959812126397,0.21541893249615066,-0.02373345220528821,0.1786204902314721,0.22781183206346067,0.5064124937229986,0.49483187550333724,,0.5870283121364136,0.9302117638338849
485,glycolithocholate sulfate*,Method 3,FHXBAFXQVZOILS-OETIFKLTSA-N,HMDB0002639,C11301,0.0018796992481203006,True,within_12m,sample_median_scaled,True,0.001007592529836677,-0.6420873326875628,-0.034587055174407834,0.5325047568509284,0.22789961521286384,0.35183474784081825,0.7817807634014095,,0.5870283121364136,0.8757550060117001
1183,darunavir,Method 2,CJBJHOAVZSMMDJ-HEXNFIEUSA-N,HMDB0015393,D03656,0.9943609022556391,False,within_12m,sample_median_scaled,True,0.00047520447700471417,-0.02596349121687607,-0.00047520447700470013,0.021580641707510305,0.22894083158369738,0.21094994494331698,0.25798270622099445,,0.5874511327054772,0.8607149119510451
815,3beta-hydroxy-5-cholestenoate,Method 3,WVXOMPRLWLXFAP-AMQKJUDNSA-N,HMDB0012453,C17333,0.0,True,within_12m,sample_median_scaled,True,-0.0026326278649995345,0.173188213005337,-0.0043408057057073195,0.14397044620282,0.22899845268550822,0.6890041043094068,0.7053844977487188,,0.5874511327054772,0.9639401888384792
392,eicosenoate (20:1),Method 3,BITHHVVYSMSWAG-KTKRTIGZSA-N,"HMDB0002231,HMDB0062436",C16526,0.0,True,within_12m,sample_median_scaled,True,-0.0002970016754899789,0.2466788653304759,0.015104948230698571,0.20546019685675213,0.22990006769018334,0.7474618066018952,0.43868568528976687,,0.58856290241662,0.9682124660595566
268,4-acetylphenol sulfate,Method 3,HOFGLAYWQRGTKC-UHFFFAOYSA-N,,,0.09962406015037593,True,within_12m,sample_median_scaled,True,0.004839632800234179,-0.546712252178354,-0.05796875792145074,0.4566266214863839,0.23119544827884153,0.31079374762364,0.4006133560225493,,0.5906761757855769,0.8607149119510451
403,"3,7-dimethylurate",Method 3,HMLZLHKHNBLLJD-UHFFFAOYSA-N,HMDB0001982,C16360,0.2800751879699248,False,within_12m,sample_median_scaled,True,0.007026428220397078,-0.5850083210144278,0.037344437943477166,0.48922734403294243,0.23178238469763834,0.646629809465187,0.5360624190560505,,0.5909745589552361,0.9599837577169404
454,1-oleoyl-GPE (18:1),Method 2,PYVRVRFVLRNJLY-MZMPXXGTSA-N,HMDB0011506,,0.0,True,within_12m,sample_median_scaled,True,0.0037390904398853526,-0.16500218845987896,-0.012274895185624772,0.13814824604137266,0.2323274140823699,0.6401245315812965,0.38295254068082724,,0.5909977084729351,0.9559742454814228
1217,1-methyl-5-imidazolelactate,Method 3,MXETUSMIYKMMAT-UHFFFAOYSA-N,,,0.02631578947368421,True,within_12m,sample_median_scaled,True,0.0005124496260259889,-0.5593113957469669,-0.03957798910270881,0.46868961899851097,0.23273179450604842,0.2602137496343758,0.6177014449279448,,0.5909977084729351,0.8607149119510451
284,tartronate (hydroxymalonate),Method 3,ROBFUDYVXSDBQM-UHFFFAOYSA-N,HMDB0035227,C02287,0.0018796992481203006,True,within_12m,sample_median_scaled,True,-0.0006252116802444737,-0.28937487870838874,-0.02266990465991305,0.24294238524193426,0.23360430668536813,0.3179457422233467,0.6102759383367306,,0.5920173659344914,0.8607149119510451
1115,cholic acid glucuronide,Method 3,RBLDVEUUCHVWMW-LFKDYQRZSA-N,HMDB0002577,,0.48120300751879697,False,within_12m,sample_median_scaled,True,-0.000617238016548455,-0.5463797296597304,0.0943914488488974,0.46030846363830014,0.23523311909655265,0.004173439210268069,0.44188922109995127,,0.5939824553435162,0.47691028066426927
131,N-stearoyl-sphinganine (d18:0/18:0)*,Method 2,KZTJQXAANJHSCE-OIDHKYIRSA-N,HMDB0011761,,0.041353383458646614,True,within_12m,sample_median_scaled,True,0.0006886904362823073,-0.31319096552135434,0.0033564842268874453,0.26454254325501136,0.2364540740478459,0.8405133618676703,0.6744016495659857,,0.5939824553435162,0.9777128002775092
643,alpha-CEHC glucuronide*,Method 3,MWDYOFPRWKTECC-UHFFFAOYSA-N,HMDB0062445,,0.7255639097744361,False,within_12m,sample_median_scaled,True,0.00610333835965702,-0.4260653414432013,-0.026322044401991478,0.3599357797948109,0.23652154274781134,0.5002894786940586,0.66864001648127,,0.5939824553435162,0.9302117638338849
21,N-formylmethionine,Method 3,PYUSHNKNPOHWEZ-UHFFFAOYSA-N,HMDB0001015,C03145,0.0,True,within_12m,sample_median_scaled,True,0.0015285213485767848,0.15461081168456475,-0.005633600523890289,0.13062401801932563,0.23655863407631883,0.3067176814339285,0.9747604242683875,,0.5939824553435162,0.8607149119510451
1230,"branched-chain, straight-chain, or cyclopropyl 12:1 fatty acid*",Method 3,FQSFPMAZIOPKLO-JXMROGBWSA-N,,,0.06766917293233082,True,within_12m,sample_median_scaled,True,-0.005304444512745534,0.47233752870734536,0.022986551586700352,0.3998609311176654,0.2375016321708603,0.6410654700558969,0.3779189018550438,,0.5939824553435162,0.9559742454814228
738,1H-indole-7-acetic acid,Method 3,KNSAWRXCIVESQC-UHFFFAOYSA-N,,,0.7011278195488722,False,within_12m,sample_median_scaled,True,0.007583174158740324,-0.5334654702531756,-0.07507243125829395,0.45162565850985753,0.23751867109195413,0.06825437442180504,0.6110998047448012,,0.5939824553435162,0.8607149119510451
393,linolenate [alpha or gamma; (18:3n3 or 6)],Method 3,DTOSIQBPPRVQHS-PDBXOOCHSA-N,"HMDB0003073,HMDB0001388","C06426,C06427",0.0,True,within_12m,sample_median_scaled,True,0.0012243680792968776,0.2961399595376354,0.029933063840172316,0.2507988724064173,0.23768749008575074,0.4894349072056662,0.35296993382111935,,0.5939824553435162,0.9302117638338849
585,"2R,3R-dihydroxybutyrate",Method 4,LOUGYXZSURQALL-PWNYCUMCSA-N,HMDB0000498,,0.0,True,within_12m,sample_median_scaled,True,0.00032942786618694447,-0.24054918305488276,-0.03147198489247149,0.20462918956940793,0.2397799445299974,0.033151854589163504,0.8019582471811197,,0.5980225997504102,0.7677175285372149
1056,hydroxyasparagine**,Method 1,ZBYVTTSIVDYQSO-REOHCLBHSA-N,HMDB32332,C20631,0.0,True,within_12m,sample_median_scaled,True,0.00046628275981605246,-0.14786805651020102,-0.004557961730520228,0.12612281870717892,0.2410312054910949,0.38881447527075075,0.7819781129125619,,0.5999529213907056,0.9034007308971047
619,atorvastatin,Method 3,XUKUURHRXDUEBC-KAYWLYCHSA-N,HMDB0005006,"D07474,D02258,D00887",0.9154135338345865,False,within_12m,sample_median_scaled,True,-0.0008714553670085127,0.576177671265919,0.05650560255885975,0.49267601865217875,0.24220790723844465,0.2524344189388037,0.6737106734141769,,0.6012926303057193,0.8607149119510451
634,eicosanedioate (C20-DC),Method 3,JJOJFIHJIRWASH-UHFFFAOYSA-N,,,0.039473684210526314,True,within_12m,sample_median_scaled,True,-0.009193954011671317,0.24924354388673733,-0.03365478950721424,0.2133390049741387,0.24268656093640595,0.09765573901483397,0.5300158532498296,,0.6012926303057193,0.8607149119510451
903,1-(1-enyl-palmitoyl)-2-palmitoyl-GPC (P-16:0/16:0)*,Method 2,PEWXKAOBUSBJLD-MCBGMKGZSA-N,HMDB0011206,,0.0,True,within_12m,sample_median_scaled,True,-0.0034052217937155923,-0.11416106235610428,0.0014674117707433219,0.09781157156354325,0.2431486156876106,0.8657333427276703,0.8709461422525911,,0.6012926303057193,0.9852070031134053
544,"5alpha-pregnan-3beta,20beta-diol monosulfate (1)",Method 3,NOGKXXMAHGCQBS-VNCHAANSSA-N,HMDB0240580,,0.2161654135338346,False,within_12m,sample_median_scaled,True,-0.015578294326969807,-0.4614374802533358,-0.03671436953430254,0.3959395298447443,0.24384735647388733,0.10616296782902043,0.7964630113558004,,0.6012926303057193,0.8607149119510451
56,glycocholate,Method 3,RFDAIACWWDREDC-FRVQLJSFSA-N,HMDB0000138,C01921,0.0,True,within_12m,sample_median_scaled,True,-0.020455676468848005,0.6395656645019805,-0.02015720169095551,0.5489161379113413,0.2439612103865687,0.6117220849901118,0.6685941369232794,,0.6012926303057193,0.9496398987235734
1059,3-hydroxybutyroylglycine**,Method 1,VMIWHQCIHIUYCS-UHFFFAOYSA-N,,,0.039473684210526314,True,within_12m,sample_median_scaled,True,0.006910823460213279,-0.27275738821340106,-0.01404468165952343,0.2348919779516657,0.24555914952247093,0.7380630128323802,0.5351368352098891,,0.6021814722608417,0.9682124660595566
1246,3-hydroxyoctanoylcarnitine (1),Method 1,RCXSFDNDEVSQNG-UHFFFAOYSA-N,,,0.07518796992481203,True,within_12m,sample_median_scaled,True,0.017387568860219547,-0.7747367018071172,-0.18443649546493193,0.6679278772093489,0.2460851596153445,0.0659661613491429,0.22395492758245147,,0.6021814722608417,0.8607149119510451
1121,triclosan sulfate,Method 3,ZPFYUMPBKRRSTR-UHFFFAOYSA-N,HMDB0061387,,0.7180451127819549,False,within_12m,sample_median_scaled,True,-0.034310508481456316,0.7039612351891025,0.09439045045884627,0.6070876216516192,0.24622349055742954,0.18067360450112324,0.23340931265285958,,0.6021814722608417,0.8607149119510451
1184,ritonavir,Method 2,NCDNCNXCDXHOMX-XGKFQTDJSA-N,HMDB0014646,D00427,0.9943609022556391,False,within_12m,sample_median_scaled,True,0.0006941965039661176,-0.03265498413037264,-0.0006941965039661575,0.02816213212787908,0.24623808810029646,0.2392623109628046,0.23493574517353621,,0.6021814722608417,0.8607149119510451
763,2-keto-3-deoxy-gluconate,Method 4,WPAMZTWLKIDIOP-WVZVXSGGSA-N,HMDB0001353,C00204,0.007518796992481203,True,within_12m,sample_median_scaled,True,0.0037627760401268634,0.27557382747149556,0.004397916998888688,0.23799446970231478,0.24690479437273205,0.8748647597981222,0.7873461611496481,,0.6022600865419139,0.9852070031134053
258,1-stearoyl-2-oleoyl-GPS (18:0/18:1),Method 2,AJFWREUFUPEYII-PAHWMLEVSA-N,HMDB0010163,,0.09398496240601503,True,within_12m,sample_median_scaled,True,0.001564035647464916,-0.3415107333895091,-0.04514531816700989,0.295242231054939,0.24738935065038603,0.30533635608588716,0.36175287475072654,,0.6022600865419139,0.8607149119510451
630,tauroursodeoxycholate,Method 3,BHTRKEVKTKCXOH-BWIGJTJCSA-N,HMDB0000874,,0.03195488721804511,True,within_12m,sample_median_scaled,True,-0.03692386013821851,0.8301369282792284,-0.011576406568426002,0.7181517036898883,0.2477076091823146,0.8427354326131493,0.692976039250762,,0.6022600865419139,0.9777128002775092
234,glycerol 3-phosphate,Method 1,AWUCVROLDVIAJX-UHFFFAOYSA-N,HMDB0000126,C0093,0.007518796992481203,True,within_12m,sample_median_scaled,True,-0.0006567627918160146,-0.19377466015548156,0.01315972312527707,0.1685605403772575,0.2503148603225416,0.1190796895148444,0.977928539447391,,0.6055079652107764,0.8607149119510451
999,sphingomyelin (d18:2/23:1)*,Method 2,FEKSRDMVIULIDJ-SQPFVDNVSA-N,HMDB0240668,,0.0,True,within_12m,sample_median_scaled,True,-9.610659991940256e-07,-0.1439896646002542,0.0037425194551486515,0.1254836841980063,0.25118445750142326,0.7440632847968295,0.6677992463433349,,0.6055079652107764,0.9682124660595566
516,dimethylarginine (SDMA + ADMA),Method 1,YDGMGEXADBMOMJ-LURJTMIESA-N,"HMDB0003334,HMDB0001539","C21189,C03626",0.0,True,within_12m,sample_median_scaled,True,4.685970760287897e-05,0.13655907287711622,-0.004315069705351586,0.1191969305711111,0.25193614750246884,0.4766248732757985,0.8150810627273755,,0.6055079652107764,0.9263190966979289
59,cortisol,Method 3,JYGXADMDTFJGBT-VWUMJDOOSA-N,HMDB0000063,C00735,0.005639097744360902,True,within_12m,sample_median_scaled,True,0.0055112464091174405,-0.32699548509713694,-0.010367503896857762,0.2854940782461727,0.25205717803315164,0.685635163442642,0.6924053506200467,,0.6055079652107764,0.9639401888384792
433,mead acid (20:3n9),Method 3,UNSRRHDPHVZAHH-YOILPLPUSA-N,HMDB0010378,,0.4398496240601504,False,within_12m,sample_median_scaled,True,-0.022930938574228454,0.6427972380922083,-0.05640429906368612,0.5620460851474772,0.25275904907527214,0.3130666651400501,0.4917407160493087,,0.6055079652107764,0.8607149119510451
1143,lithocholic acid sulfate (2),Method 3,AXDXVEYHEODSPN-HVATVPOCSA-N,,,0.6334586466165414,False,within_12m,sample_median_scaled,True,0.0009598060142234318,-0.3969206601211789,-0.0017416306367237073,0.3470589090555981,0.2527607613304763,0.9671942194387038,0.6066728244673162,,0.6055079652107764,0.9929752200823792
729,S-allylcysteine,Method 1,ZFAHNWWNDFHPOH-UHFFFAOYSA-N,HMDB0034323,,0.045112781954887216,True,within_12m,sample_median_scaled,True,0.005715225164079851,-0.48699887357744653,-0.12507777186793556,0.4260038128374579,0.25296402526549366,0.0416072869093493,0.31334022398335126,,0.6055079652107764,0.7739732933766671
1012,dihomo-linolenoylcarnitine (C20:3n3 or 6)*,Method 2,RDIZZXFTCZPSRY-WYTUUNCASA-N,,,0.0,True,within_12m,sample_median_scaled,True,-0.0006138862752508792,-0.1816409568898419,-0.0032311739777705017,0.15889476124132448,0.25297524504965563,0.7580605998458202,0.49704461971321773,,0.6055079652107764,0.9682124660595566
189,gamma-glutamylleucine,Method 1,MYFMARDICOWMQP-YUMQZZPRSA-N,HMDB0011171,,0.0,True,within_12m,sample_median_scaled,True,0.0019941389864423895,-0.17122476310478218,-0.018578325932655692,0.14991037055685796,0.25337883031095343,0.280978903426341,0.6466469748795203,,0.6055079652107764,0.8607149119510451
195,topiramate,Method 3,KJADKKWYZYXHBB-UHFFFAOYSA-N,HMDB0005034,D00537,0.9868421052631579,False,within_12m,sample_median_scaled,True,0.003955252450902952,-0.10837328832398094,-0.0039552524509029905,0.09504678586725898,0.254198854709452,0.345754327625594,1.061359149288033,,0.6063149153126778,0.8674382944313466
63,isoleucine,Method 1,AGPKZVBTJJNPAG-UHFFFAOYSA-N,HMDB0000172,"C06418,C00407,C16424",0.0,True,within_12m,sample_median_scaled,True,0.0002879643703441414,-0.13453289106981914,-0.012736222456706418,0.11832814382484884,0.2555602201538102,0.2688165785429387,0.6970849851566486,,0.6084075695707185,0.8607149119510451
1165,"2,3-dihydroxy-5-methylthio-4-pentenoate (DMTPA)*",Method 3,XMZBEAXQGSBWLG-NSCUHMNNSA-N,HMDB0240388,,0.0,True,within_12m,sample_median_scaled,True,-8.16300736059266e-06,0.2163081341923633,-0.010854657270932313,0.191354617816649,0.25830578995102094,0.2872259330189072,0.7951452579768642,,0.6137814328325771,0.8607149119510451
1123,4-methylhexanoylglutamine,Method 3,VCZLDSLBUPQMCV-UHFFFAOYSA-N,,,0.2744360902255639,False,within_12m,sample_median_scaled,True,0.007414173615384559,0.41170847001514177,0.06029197701296907,0.36921017940782946,0.2648050195744629,0.38446076535349005,0.5891367300280562,,0.6279529334551208,0.9018911445248919
744,fructosyllysine,Method 1,BFSYFTQDGRDJNV-QCNRFFRDSA-N,HMDB0034879,,0.0,True,within_12m,sample_median_scaled,True,0.0007560953306158603,0.19894957181900713,0.013327029011659594,0.17931998237734473,0.26722884753614295,0.25485934301429936,0.6222266790078252,,0.6279529334551208,0.8607149119510451
675,N-palmitoylglycine,Method 3,KVTFEOAKFFQCCX-UHFFFAOYSA-N,HMDB0013034,,0.0,True,within_12m,sample_median_scaled,True,-0.0037991109161830345,0.18241111131690324,0.02309203750936717,0.16444110663321937,0.2673097234902143,0.42577929971706796,0.7766145374110551,,0.6279529334551208,0.9235528527050412
1220,(2 or 3)-decenoate (10:1n7 or n8),Method 3,WXBXVVIUZANZAU-CMDGGOBGSA-N,,,0.03759398496240601,True,within_12m,sample_median_scaled,True,-0.0072321150302169365,0.3480434514204235,0.0277288928188669,0.3138508214477316,0.2674537001596119,0.5231455855763416,0.5931860538308525,,0.6279529334551208,0.9302117638338849
1244,temazepam,Method 2,SEQDDYPDSLOBDC-UHFFFAOYSA-N,HMDB0014376,D00370,0.9906015037593985,False,within_12m,sample_median_scaled,True,-0.001726748038643782,-0.0073653508488657395,0.00172674803864379,0.006646862791388831,0.26782108739606314,0.2529692396344263,0.32389670931863146,,0.6279529334551208,0.8607149119510451
47,deoxycholate,Method 3,KXGVEGMKQFWNSR-OHAQSFBXSA-N,HMDB0000626,C04483,0.5582706766917294,False,within_12m,sample_median_scaled,True,0.02610156910197831,-0.8332943197754662,-0.007331758136622753,0.7521157613700225,0.26789049524777797,0.9016222621521462,0.5735546454830175,,0.6279529334551208,0.9922043759126522
1236,N-acetyl-2-aminoadipate,Method 4,FTTGAAZKBNZDCZ-LURJTMIESA-N,,C12986,0.015037593984962405,True,within_12m,sample_median_scaled,True,0.002385461674559502,-0.23142949834924575,-0.019019343620541786,0.20897672348091198,0.2681030870737955,0.039777657952752475,0.7531595511436342,,0.6279529334551208,0.7677175285372149
747,ferulic acid 4-sulfate,Method 3,PZPATWACAAOHTJ-HWKANZROSA-N,HMDB0029200,,0.15789473684210525,True,within_12m,sample_median_scaled,True,0.014386540819790234,0.5357704528650519,-0.01633316491345211,0.4839562000614432,0.26826628899395377,0.8360814329658165,0.6302980896009526,,0.6279529334551208,0.9777128002775092
1106,sulfate of piperine metabolite C18H21NO3 (1)*,Method 3,,,,0.016917293233082706,True,within_12m,sample_median_scaled,True,-0.005699009112168328,0.48864749697504023,-0.03475061259832532,0.44205083729895595,0.26898189334298284,0.3281154809350323,0.7825262619380049,,0.6284576950411328,0.8607149119510451
84,proline,Method 1,ONIBWKKTOPOVIA-UHFFFAOYSA-N,"HMDB0000162,HMDB0003411","C00148,C000763",0.0,True,within_12m,sample_median_scaled,True,-0.000591092596943227,-0.1212721905693578,-0.007900164291824774,0.10992199286530177,0.26991564353553876,0.596875102321059,0.9363246904556057,,0.6294445328992732,0.9473607459637016
345,sebacate (C10-DC),Method 3,CXMXRPHRNRROMY-UHFFFAOYSA-N,HMDB0000792,C08277,0.013157894736842105,True,within_12m,sample_median_scaled,True,-0.0022022762520848825,0.29213734192621327,0.031448967691600174,0.26506647329892696,0.27040576592331544,0.2786592152783337,0.44942330910403705,,0.6294445328992732,0.8607149119510451
1098,gamma-CEHC sulfate,Method 3,XJAVOQFBEMHLBM-UHFFFAOYSA-N,,,0.5319548872180451,False,within_12m,sample_median_scaled,True,0.004054024122244386,0.5417730051439554,-0.04174671153964846,0.4927836797923064,0.2715877670484639,0.2937198127566377,0.5461493571079606,,0.6306011541893982,0.8607149119510451
227,3-methyl-2-oxovalerate,Method 3,JVQYSWDUAOAHFM-UHFFFAOYSA-N,HMDB0000491,"C03465,C06008,C00671",0.0,True,within_12m,sample_median_scaled,True,-0.0002969222816326884,-0.18281409260175052,-0.0027891445722409303,0.16648904043995336,0.27218055403784935,0.8632972624130342,0.7199900393873873,,0.6306011541893982,0.9844043045075171
57,guanidinoacetate,Method 4,BPMFZUMJYQTVII-UHFFFAOYSA-N,HMDB0000128,C00581,0.0,True,within_12m,sample_median_scaled,True,-0.004576988485277926,0.34661275962405974,0.010720974109831189,0.3158102561988778,0.27240765849231763,0.4852385207275749,0.8556195786692985,,0.6306011541893982,0.9302117638338849
1019,"glycosyl ceramide (d18:1/20:0, d16:1/22:0)*",Method 2,FXNTXJCUSRJUFN-QOSDPKFLSA-N,,,0.0,True,within_12m,sample_median_scaled,True,-0.0023666335831505994,-0.16515034493400754,0.02547213131544378,0.15086045891303382,0.27363821020232115,0.007464847640019672,0.7852221925672089,,0.6322853496770545,0.5740200125821475
163,3-aminoisobutyrate,Method 1,QCHPKSFMDHPSNR-UHFFFAOYSA-N,HMDB0002166,C05145,0.0,True,within_12m,sample_median_scaled,True,0.011088916979373475,-0.31490958770292377,-0.00652058618513852,0.2887583464257471,0.2754645787729647,0.8568768138033643,0.7203990748291124,,0.6353375697570948,0.9809600682612287
991,metoclopramide,Method 1,TTWJBBZEZQICBI-UHFFFAOYSA-N,HMDB0015363,"C07868,D00726,
DG00055",0.9962406015037594,False,within_12m,sample_median_scaled,True,9.071905400770324e-05,-0.006043968801735933,-9.07190540077049e-05,0.0055665289864897756,0.27758087157662614,0.694186121825228,-0.0019659868328777245,,0.639046072475859,0.9639401888384792
253,4-methyl-2-oxopentanoate,Method 3,BKAJNAXTPSGJCU-UHFFFAOYSA-N,HMDB0000695,C00233,0.0,True,within_12m,sample_median_scaled,True,-0.00011241743541738957,-0.1693217733685607,-0.0044698510926140115,0.15646577241166423,0.27917924373590197,0.844627402048928,0.6973022344061565,,0.6402839324095793,0.9777128002775092
673,valylglycine,Method 3,IOUPEELXVYPCPG-UHFFFAOYSA-N,HMDB0029127,,0.08834586466165413,True,within_12m,sample_median_scaled,True,-0.017949148470192983,0.2970381172984912,0.044335328692869574,0.2746274689860575,0.2794286100087242,0.38490861675163557,0.3526988669983093,,0.6402839324095793,0.9018911445248919
789,pregnanolone/allopregnanolone sulfate,Method 3,MENQCIVHHONJLU-GQCBXAOTSA-N,"HMDB0240591,HMDB0062782",C05480,0.7575187969924813,False,within_12m,sample_median_scaled,True,-0.01127556996411431,-0.29537290476587225,-0.02693310042557745,0.27328871207415806,0.2797820757934547,0.1979927445561428,0.5762937564330562,,0.6402839324095793,0.8607149119510451
750,etiocholanolone glucuronide,Method 3,VFUIRAVTUVCQTF-ILTUOXSPSA-N,HMDB0004484,,0.5676691729323309,False,within_12m,sample_median_scaled,True,0.0035512537236650882,-0.5160958384657504,0.057939920011163666,0.4778803049962352,0.28015605634468466,0.2849579485856174,0.7595539528659553,,0.6402839324095793,0.8607149119510451
1037,N-stearoylserine*,Method 3,CLHUCXCVFSEJRR-UHFFFAOYSA-N,,,0.10338345864661654,True,within_12m,sample_median_scaled,True,-0.0035590217940503,-0.2867841016267735,-0.011467274911714077,0.2666188862743941,0.28209137382176486,0.6287429409683665,0.3625042974896377,,0.6435369453610861,0.9556588594887989
70,malate,Method 3,BJEPYKJPYRNKOW-UHFFFAOYSA-N,"HMDB0031518,HMDB0000156,HMDB0000744","C00149,C00711,C00497",0.0,True,within_12m,sample_median_scaled,True,-0.0014329203194682158,0.1604651540700376,-0.011473624293099647,0.1497073807896327,0.2837835162483019,0.41084795036002486,0.5733568978903371,,0.6457061344948749,0.9205630545500023
628,1-methyl-5-imidazoleacetate,Method 1,UJCGYTCAMOHYCG-UHFFFAOYSA-N,HMDB04988,,0.0,True,within_12m,sample_median_scaled,True,0.004418784087264311,-0.5110957142881171,-0.06513748268469687,0.47790407612586916,0.28486581651929677,0.039145024739549186,0.4823585616926523,,0.6457061344948749,0.7677175285372149
676,mannonate*,Method 4,RGHNJXZEOKUKBD-MBMOQRBOSA-N,,,0.0,True,within_12m,sample_median_scaled,True,0.0015041050912340834,0.2001990605461615,0.00995801525629629,0.1872312957715613,0.28495222798980946,0.4821129428884652,0.9214977824386975,,0.6457061344948749,0.9294723454153384
53,gluconate,Method 4,RGHNJXZEOKUKBD-SQOUGZDYSA-N,HMDB0000625,C00257,0.0018796992481203006,True,within_12m,sample_median_scaled,True,0.00377165304333641,0.21097631787147356,0.013581828856013639,0.19742742414119538,0.28523768163293506,0.2402105069684457,0.8173560477141979,,0.6457061344948749,0.8607149119510451
369,N-acetylisoleucine,Method 3,JDTWZSUNGHMMJM-MSZQBOFLSA-N,HMDB0061684,,0.03759398496240601,True,within_12m,sample_median_scaled,True,0.0018362160323196796,-0.20908233348914032,-0.05882199357870979,0.19580661496073673,0.2856106688776058,0.07360175846301925,0.4248829783958711,,0.6457061344948749,0.8607149119510451
496,mannitol/sorbitol,Method 4,FBPFZTCFMRRESA-UHFFFAOYSA-N,"HMDB0000247,HMDB0000765","C00392,C00794",0.0,True,within_12m,sample_median_scaled,True,-1.373013451309133e-05,0.32673680929416593,-0.04486586642625266,0.30675861274024063,0.2868185681176907,0.40902690045906376,0.3994630399782881,,0.6472727829873198,0.920556653369833
125,margarate (17:0),Method 3,KEMQGTRYUADPNZ-UHFFFAOYSA-N,HMDB0002259,,0.0,True,within_12m,sample_median_scaled,True,0.0017034554916932525,0.17570254811217784,0.02036086936777814,0.16540474688015316,0.288118486535231,0.5104233748253573,0.5233085547992017,,0.6482303078271268,0.9302117638338849
660,dihydroferulate,Method 3,BOLQJTPHPSDZHR-UHFFFAOYSA-N,HMDB0062121,,0.20676691729323307,False,within_12m,sample_median_scaled,True,0.002514085007190543,0.4202649898625693,0.0033425289493036344,0.39576140751010525,0.2882742578165186,0.9615609394812025,0.4792756179626199,,0.6482303078271268,0.9929752200823792
16,linoleate (18:2n6),Method 3,OYHQOLUKZRVURQ-HZJYTTRNSA-N,"HMDB0006270,HMDB0000673",C01595,0.0,True,within_12m,sample_median_scaled,True,0.0012386740256960505,0.2003556619454274,0.03693351425721267,0.18963737505390893,0.2907307506416418,0.247076585335249,0.45853132996363916,,0.6492068237243226,0.8607149119510451
794,propyl 4-hydroxybenzoate,Method 3,QELSKZZBTMNZEB-UHFFFAOYSA-N,HMDB0032574,D01422,0.9022556390977443,False,within_12m,sample_median_scaled,True,-0.010805628950637332,0.6196368689430842,0.10365690931386144,0.5871415611493551,0.2912675999536781,0.2197453280294165,0.1407016368421867,,0.6492068237243226,0.8607149119510451
155,guanosine,Method 3,NYHBQMYGNKIUIF-UUOKFMHZSA-N,HMDB0000133,C00387,0.02819548872180451,True,within_12m,sample_median_scaled,True,0.004823040463588452,0.33992955454872636,-0.004281737036276116,0.3228732064296167,0.29242039414661203,0.9026118667426806,0.5132209327558879,,0.6492068237243226,0.9922043759126522
872,1-palmitoyl-2-docosahexaenoyl-GPE (16:0/22:6)*,Method 2,MPWUZHVZZKSTPV-MADBQMNMSA-N,HMDB0008946,,0.0,True,within_12m,sample_median_scaled,True,0.002701216511407628,-0.25967893738502906,-0.024557574119982686,0.24686317465070937,0.2928388075935473,0.0877243283799115,0.7194842772332682,,0.6492068237243226,0.8607149119510451
26,N6-methyladenosine,Method 3,VQAYFKKCNSOZKM-UHFFFAOYSA-N,HMDB0004044,,0.25,False,within_12m,sample_median_scaled,True,-0.0041039499359944,0.3737681165109291,-0.011889124265941412,0.3556169195418333,0.29323956110317384,0.6318290690540643,0.890999411880292,,0.6492068237243226,0.9559742454814228
534,"5alpha-androstan-3beta,17beta-diol disulfate",Method 3,JHFAETDERBWUOO-ARKAXQQOSA-N,HMDB00493,C12525,0.13345864661654136,True,within_12m,sample_median_scaled,True,0.00455746008714294,-0.6430014616131101,0.011040576612646855,0.6131391729827321,0.29431440397115605,0.4934902315381612,0.9063241868317787,,0.6492068237243226,0.9302117638338849
413,N6-carbamoylthreonyladenosine,Method 3,UNUYMBPXEFMLNW-HZPYULPISA-N,HMDB0041623,,0.0018796992481203006,True,within_12m,sample_median_scaled,True,-0.00012373153842093847,0.20677878278174536,-0.013052910571265978,0.19767638354702474,0.29553934536858995,0.3590603318651965,0.7550065959119382,,0.6492068237243226,0.8829245758692917
136,sucrose,Method 4,CZMRCDWAGMRECN-UGDNZRGBSA-N,HMDB0000258,C00089,0.14473684210526316,True,within_12m,sample_median_scaled,True,-0.005483911107563841,0.5880631621812701,-0.07802138798927125,0.5629088434820451,0.29616797440914566,0.40924543759597876,0.5216664151123545,,0.6492068237243226,0.920556653369833
296,homocitrulline,Method 1,XIGSAGMEBXLVJJ-YFKPBYRVSA-N,HMDB0000679,C02427,0.020676691729323307,True,within_12m,sample_median_scaled,True,-0.00037428465457509244,0.24978776762586474,0.010774787273031813,0.23964927634512023,0.2972700461608261,0.7197844367715922,0.5092415219787311,,0.6492068237243226,0.9682124660595566
934,1-palmitoleoyl-2-linolenoyl-GPC (16:1/18:3)*,Method 2,MMUCLZZSNHBNFL-KBTBXKTRSA-N,HMDB0008008,,0.016917293233082706,True,within_12m,sample_median_scaled,True,0.0009920256795937113,-0.17658394710648098,0.05031464877501355,0.1694390980095536,0.2973339571364011,0.3026534489907957,0.4054396052842198,,0.6492068237243226,0.8607149119510451
764,alpha-CEHC sulfate,Method 3,ZQMMTPNJGWUHCB-UHFFFAOYSA-N,,,0.6842105263157895,False,within_12m,sample_median_scaled,True,0.010478552534869021,-0.45281528093835605,0.02568597260829062,0.43474871626796113,0.2976174204231493,0.6187540427961538,0.635801906696501,,0.6492068237243226,0.9508237552503244
113,pseudouridine,Method 3,PTJWIQPHWPFNBW-GBNDHIKLSA-N,HMDB0000767,C02067,0.0,True,within_12m,sample_median_scaled,True,-0.0003010640272194805,0.1589883055030773,-0.004445531880619314,0.15272321049746962,0.2978650842784162,0.48046333948107345,0.911420302212038,,0.6492068237243226,0.9277149273851142
993,nisinate (24:6n3),Method 3,YHGJECVSSKXFCJ-KUBAVDMBSA-N,HMDB0013025,,0.7048872180451128,False,within_12m,sample_median_scaled,True,-0.009087403177468976,0.3846381413033669,-0.09088265740963594,0.37032290149684927,0.2989647040204443,0.08805795388842741,0.3319578617685181,,0.6492068237243226,0.8607149119510451
1063,"N,N,N-trimethyl-alanylproline betaine (TMAP)",Method 1,KXONJPJIFNGMCN-UHFFFAOYSA-N,HMDB0240365,,0.0,True,within_12m,sample_median_scaled,True,0.0017261432869272494,0.1281721977275765,0.0029779959118222616,0.12341758052706264,0.2990258724477324,0.8868310734052345,0.684884342135374,,0.6492068237243226,0.9898402122819074
178,acetoacetate,Method 1,WDJHALXBUFZDSR-UHFFFAOYSA-N,HMDB0000060,C00164,0.08834586466165413,True,within_12m,sample_median_scaled,True,0.014692148193217208,-0.466191962120856,-0.04962510866765278,0.4508045033429757,0.3010738366955106,0.3028421048519738,0.3765748339626667,,0.6492068237243226,0.8607149119510451
309,isobutyrylcarnitine (C4),Method 1,LRCNOZRCYBNMEP-VIFPVBQESA-N,HMDB0000736,,0.0018796992481203006,True,within_12m,sample_median_scaled,True,0.009082640324728358,-0.24295590743468864,-0.017307323634046957,0.235529917929584,0.3022928822741381,0.3916720805955627,0.5581793879153422,,0.6492068237243226,0.9066884075665236
64,2-aminoadipate,Method 4,OYIFNHCXNCRBQI-UHFFFAOYSA-N,HMDB0000510,C00956,0.15413533834586465,True,within_12m,sample_median_scaled,True,-0.0005544507256246417,-0.3263769709902937,-0.01627622773262568,0.31664181086018434,0.3026604049063748,0.45981678708572193,0.8802193381253978,,0.6492068237243226,0.9263190966979289
14,hypoxanthine,Method 3,FDGQSTZJBFJUBT-UHFFFAOYSA-N,HMDB0000157,C00262,0.0,True,within_12m,sample_median_scaled,True,-0.0003735291284782484,0.1552754537895137,0.04653677336061764,0.15071074650108815,0.3028748921596117,0.005658656942573556,0.5412316844236481,,0.6492068237243226,0.5457024166424175
902,1-(1-enyl-palmitoyl)-2-palmitoleoyl-GPC (P-16:0/16:1)*,Method 2,FZMYLOBGNYZPQO-QLSONYGBSA-N,HMDB0011207,,0.0,True,within_12m,sample_median_scaled,True,-0.0030581396344489913,-0.15057589360973572,-0.003033471711830614,0.14618825678480835,0.30300361832089306,0.6630334119224368,0.8594445033197888,,0.6492068237243226,0.9622271433280913
361,N-acetylarginine,Method 1,SNEIUMQYRCDYCH-LURJTMIESA-N,HMDB0004620,C02562,0.0,True,within_12m,sample_median_scaled,True,-0.002122329002225783,-0.17094692207307072,-0.0036917583101599917,0.16633227814269763,0.3040704874473523,0.8026732018752731,0.7795755430218649,,0.6492068237243226,0.9777128002775092
259,1-stearoyl-GPI (18:0),Method 3,MXAFDFDAIFZFET-CLBYPKMISA-N,HMDB0240261,,0.0,True,within_12m,sample_median_scaled,True,0.0006949971042003743,-0.19639654473703116,0.011795609668829464,0.19114172148178799,0.3041889612283346,0.44850676901330677,0.5828969818904179,,0.6492068237243226,0.9235528527050412
263,ofloxacin,Method 3,GSDSWSVVBLHKDQ-UHFFFAOYSA-N,HMDB0015296,"D00453,C07321,DG00616",0.981203007518797,False,within_12m,sample_median_scaled,True,-0.0002800807187026036,0.20358131329104773,0.06548439703246713,0.19838284748225105,0.3047953373278961,0.24545779859798567,0.9842226203829632,,0.6492068237243226,0.8607149119510451
646,linoleoylcarnitine (C18:2)*,Method 2,MJLXQSQYKZWZCB-DQFWFXSYSA-N,HMDB0006469,,0.0,True,within_12m,sample_median_scaled,True,0.00014610619159285542,-0.15167236470429443,0.006108664695808773,0.14807119155969078,0.3056838936315561,0.6358274147573404,0.5635288300779588,,0.6492068237243226,0.9559742454814228
829,adipoylcarnitine (C6-DC),Method 1,BSVHAXJKBCWVDA-UHFFFAOYSA-N,HMDB0061677,,0.0,True,within_12m,sample_median_scaled,True,0.0025536553245871633,-0.22672018482033074,0.0182062175001734,0.22136315796485245,0.30574073677918245,0.37179382399945415,0.5079995221626182,,0.6492068237243226,0.8952803899983115
790,2-methoxyresorcinol sulfate,Method 3,ARLAWMCEVZUXEY-UHFFFAOYSA-N,,,0.08646616541353383,True,within_12m,sample_median_scaled,True,-0.0013670046800099173,-0.4598222740362902,-0.02614490876814069,0.4500408491982473,0.3069065650395222,0.8110772761755393,0.3457860219545589,,0.6492068237243226,0.9777128002775092
246,theobromine,Method 1,YAPQBXQYLJRXSA-UHFFFAOYSA-N,HMDB0002825,C07480,0.007518796992481203,True,within_12m,sample_median_scaled,True,0.00841236266290473,-0.5473768232488664,0.022524170852329578,0.5361387408198188,0.30727284732671645,0.8144781406013284,0.48229019423212227,,0.6492068237243226,0.9777128002775092
187,anthranilate,Method 1,RWZYAGGXGHYGMB-UHFFFAOYSA-N,HMDB0001123,C00108,0.0018796992481203006,True,within_12m,sample_median_scaled,True,-0.006331386731633975,0.14576597049657627,-0.011600486724897026,0.14297329193455632,0.307950056963169,0.5284076669025507,0.5095547999117502,,0.6492068237243226,0.9302117638338849
1008,ximenoylcarnitine (C26:1)*,Method 2,ONGUASHYQLGIFC-OCOZRVBESA-N,,,0.0,True,within_12m,sample_median_scaled,True,0.00042764663388328484,-0.20412107899386187,-0.010785259021336643,0.20051108658692415,0.3086760769502319,0.33057962370298755,0.6223208696880849,,0.6492068237243226,0.8607149119510451
405,1-methylurate,Method 1,QFDRTQONISXGJA-UHFFFAOYSA-N,HMDB0003099,C16359,0.22932330827067668,False,within_12m,sample_median_scaled,True,0.02181439045365362,-0.42928926441810034,-0.010457540427750923,0.42195915390970934,0.3089766815455858,0.7532275225586778,0.517944052302444,,0.6492068237243226,0.9682124660595566
95,uridine,Method 3,DRTQHJPVMGBUCF-UHFFFAOYSA-N,HMDB0000296,C00299,0.0,True,within_12m,sample_median_scaled,True,-0.0008702652540433443,0.1137769858433528,-0.002017655836236595,0.11184222566317911,0.3090112057266481,0.821804867236663,0.8128366185654188,,0.6492068237243226,0.9777128002775092
166,"5,6-dihydrouracil",Method 3,OIVLITBTBDPEFK-UHFFFAOYSA-N,HMDB0000076,C00429,0.08646616541353383,True,within_12m,sample_median_scaled,True,-0.005903644843620688,0.3077387672223444,-0.024967282427176635,0.30381010105364825,0.3110929662732902,0.44946215240871834,0.3776705254387456,,0.6492068237243226,0.9235528527050412
1014,nervonoylcarnitine (C24:1)*,Method 2,QGIHQXKFCAACHN-SEYXRHQNSA-N,HMDB0006509,,0.02631578947368421,True,within_12m,sample_median_scaled,True,0.0019470834042757113,-0.23798421806848624,-0.033503765457137964,0.23556881479909564,0.31237385638264115,0.2693509810840975,0.5490251488872013,,0.6492068237243226,0.8607149119510451
587,1-hydroxy-2-naphthalenecarboxylate,Method 3,SJJCQDRGABAVBB-UHFFFAOYSA-N,,C03203,0.9417293233082706,False,within_12m,sample_median_scaled,True,0.006126223069744511,-0.18549915028018132,-0.006248139451502213,0.18431107109602793,0.314201049178768,0.050108759537913716,1.007530317423702,,0.6492068237243226,0.8180092303786695
1178,cyclobenzaprine,Method 2,JURKNVYFZMSNLP-UHFFFAOYSA-N,HMDB0015060,"D07758,C06931",0.9981203007518797,False,within_12m,sample_median_scaled,True,0.0001501551737851943,-0.004146870207420357,-0.00015015517378518222,0.004122296917620037,0.3144342984792533,0.3139977060225273,-0.0011708370312763735,,0.6492068237243226,0.8607149119510451
312,taurolithocholate,Method 3,QBYUNVOYXHFVKC-OQHFDXPESA-N,HMDB0000722,C02592,0.4943609022556391,False,within_12m,sample_median_scaled,True,-0.005160936664474868,0.5254811982888394,0.02088165187521543,0.5226763051639991,0.31472045000703863,0.6593864490943272,0.7255829253447476,,0.6492068237243226,0.9622271433280913
865,solifenacin,Method 2,FBOUYBDGKBSUES-HMTLIYDFSA-N,,,0.9962406015037594,False,within_12m,sample_median_scaled,True,0.00013557418489100906,-0.008279915767121603,-0.00013557418489101367,0.008249694795081272,0.315540940220737,0.3153154943883918,0.259995228630684,,0.6492068237243226,0.8607149119510451
1193,ribavirin,Method 4,IWUCXVSUMQZMFG-AFCXAGJDSA-N,HMDB14949,D00423,0.9981203007518797,False,within_12m,sample_median_scaled,True,8.874228869164344e-05,-0.003281880447395451,-8.874228869163457e-05,0.003270740775986464,0.3156650798963313,0.3149360056484254,-0.0003840428273255305,,0.6492068237243226,0.8607149119510451
666,mirtazapine,Method 1,RONZAEMNMFQXRA-UHFFFAOYSA-N,HMDB0014514,C07570,0.9962406015037594,False,within_12m,sample_median_scaled,True,0.0002954636662668799,-0.00995611770550485,-0.0002954636662668859,0.009923969942259326,0.31574536442555456,0.31748459103644855,0.2289055125374268,,0.6492068237243226,0.8607149119510451
1158,donepezil,Method 1,ADEBPBSSDYVVLD-UHFFFAOYSA-N,HMDB0005041,D07869,0.9906015037593985,False,within_12m,sample_median_scaled,True,0.0006383130522040562,-0.020188840313629525,-0.0006383130522040192,0.020131967246482214,0.31594529811985084,0.31757269990222603,0.7841466256342235,,0.6492068237243226,0.8607149119510451
624,quetiapine,Method 2,URKOMYMAXPYINW-UHFFFAOYSA-N,HMDB0005021,"D08456,
DG00899,C07397",0.9906015037593985,False,within_12m,sample_median_scaled,True,-0.0012533707487762012,0.10413065452636885,0.009342879853491054,0.1039059133037756,0.3162649083614163,0.24803978294978113,0.32814444971132034,,0.6492068237243226,0.8607149119510451
1157,clarithromycin,Method 2,AGOYDEPGAOXOCK-KCBOHYOISA-N,HMDB0015342,"C06912,D00276",0.9924812030075187,False,within_12m,sample_median_scaled,True,0.00026599181725078786,0.540086724327457,0.03694494746190658,0.5391161011506695,0.3164400053120705,0.32533706631134984,0.29300372689069315,,0.6492068237243226,0.8607149119510451
678,diglycerol,Method 1,GPLRAVKSCUXZTP-UHFFFAOYSA-N,,,0.015037593984962405,True,within_12m,sample_median_scaled,True,0.0030610696968049527,-0.2516700699959143,0.029383137306374988,0.25126355485717483,0.31652818038704766,0.6877898277977987,0.40920396964342837,,0.6492068237243226,0.9639401888384792
770,"N,O-didesmethylvenlafaxine glucuronide",Method 1,UDNAJOOLWIWCAW-SQBZNDFJSA-N,HMDB0061167,,0.9981203007518797,False,within_12m,sample_median_scaled,True,0.00015037117375175325,-0.004145964380128483,-0.00015037117375174357,0.00413939231115389,0.31654276914073287,0.3175702413537336,-0.0005181583108860079,,0.6492068237243226,0.8607149119510451
622,venlafaxine,Method 2,PNVNVHUZROJLTJ-UHFFFAOYSA-N,HMDB0005016,C07187,0.9981203007518797,False,within_12m,sample_median_scaled,True,0.00015037117375175357,-0.004145964380125405,-0.00015037117375180315,0.004139392311153892,0.31654276914109236,0.3175702413535417,-0.0005181583108860222,,0.6492068237243226,0.8607149119510451
89,salicylate,Method 4,YGSDEFSMJLZEOE-UHFFFAOYSA-N,HMDB0001895,C00805,0.0,True,within_12m,sample_median_scaled,True,0.003306195189954485,0.6019739871792817,-0.11724642706554668,0.6011381001392456,0.3166380514987802,0.316304546147267,0.32206343007419824,,0.6492068237243226,0.8607149119510451
688,fexofenadine,Method 2,RWTNPBWLLIMQHL-UHFFFAOYSA-N,HMDB0005030,C06999,0.9981203007518797,False,within_12m,sample_median_scaled,True,0.00015022342130357458,-0.00414961226406008,-0.00015022342130352497,0.0041470368048686385,0.3170100561208824,0.3172333051927898,0.0009401830482217181,,0.6492068237243226,0.8607149119510451
854,enalapril,Method 2,GBXSMTUPTTWBMN-UHFFFAOYSA-N,HMDB0014722,"C06977,D03769,DG00335",0.9981203007518797,False,within_12m,sample_median_scaled,True,0.0001502234213035737,-0.004149612264059831,-0.00015022342130354286,0.004147036804868641,0.3170100561209116,0.3172333051927324,0.0009401830482217182,,0.6492068237243226,0.8607149119510451
1242,norethindrone sulfate,Method 3,GCUIJBFFHDSMDP-UHFFFAOYSA-N,,,0.9981203007518797,False,within_12m,sample_median_scaled,True,0.00015022342130357425,-0.0041496122640597025,-0.00015022342130359648,0.00414703680486864,0.3170100561209265,0.31723330519255954,0.0009401830482217181,,0.6492068237243226,0.8607149119510451
441,nifedipine,Method 3,HYIMSNHJOBLJNT-UHFFFAOYSA-N,,"C07266,D00437",0.9981203007518797,False,within_12m,sample_median_scaled,True,0.0001502234213035738,-0.004149612264059121,-0.00015022342130359534,0.004147036804868641,0.3170100561209944,0.31723330519256343,0.0009401830482217183,,0.6492068237243226,0.8607149119510451
1018,metronidazole,Method 1,VAOCPAMSLUNLGC-UHFFFAOYSA-N,HMDB0015052,"DG00006,C07203,D00409",0.9981203007518797,False,within_12m,sample_median_scaled,True,0.00015022342130357463,-0.004149612264058282,-0.00015022342130360713,0.00414703680486864,0.31701005612109234,0.31723330519252513,0.0009401830482217181,,0.6492068237243226,0.8607149119510451
1124,pravastatin,Method 3,TUZYXOIXSAXUGO-PZAWKZKUSA-N,HMDB0005022,"DG00353,C01844,D08410",0.9981203007518797,False,within_12m,sample_median_scaled,True,0.00015022342130357463,-0.004149612264057984,-0.00015022342130360135,0.0041470368048686385,0.31701005612112665,0.3172333051925438,0.0009401830482217181,,0.6492068237243226,0.8607149119510451
852,aripiprazole,Method 2,CEUORZQYGODEFX-UHFFFAOYSA-N,HMDB0005042,C12564,0.9981203007518797,False,within_12m,sample_median_scaled,True,0.00015022342130357384,-0.004149612264057876,-0.00015022342130355395,0.004147036804868644,0.31701005612113997,0.3172333051926969,0.0009401830482217183,,0.6492068237243226,0.8607149119510451
725,meglumine,Method 1,MBBZMMPHUWSWHV-UHFFFAOYSA-N,HMDB0240291,,0.9981203007518797,False,within_12m,sample_median_scaled,True,0.0001502234213035742,-0.004149612264057536,-0.00015022342130358588,0.004147036804868644,0.3170100561211796,0.3172333051925942,0.0009401830482217183,,0.6492068237243226,0.8607149119510451
662,maprotiline,Method 2,QSLMDECMDJKHMQ-UHFFFAOYSA-N,HMDB0015069,"C07107,D02566",0.9981203007518797,False,within_12m,sample_median_scaled,True,0.00015022342130357428,-0.004149612264057326,-0.00015022342130361922,0.004147036804868639,0.3170100561212037,0.31723330519248627,0.0009401830482217181,,0.6492068237243226,0.8607149119510451
468,catechol sulfate,Method 3,MZPWKJZDOCIALD-UHFFFAOYSA-N,HMDB0059724,,0.0,True,within_12m,sample_median_scaled,True,0.00752100165278315,-0.33801499860157347,-0.024113560290328132,0.3378781572956652,0.3171145503315307,0.5187547839327495,0.47901774803506886,,0.6492068237243226,0.9302117638338849
510,2-methoxyacetaminophen sulfate*,Method 3,NZKKXAGORRATJB-UHFFFAOYSA-N,HMDB0062550,,0.7387218045112782,False,within_12m,sample_median_scaled,True,0.01171167650802765,-0.5334485952937488,-0.06610820072211723,0.534596383385888,0.31835065430431375,0.32138377970244036,0.6070109940693553,,0.6501109329006601,0.8607149119510451
637,quinine,Method 1,LOUPRKONTZGTKE-WGFDLZGGSA-N,HMDB0014611,C06526,0.9981203007518797,False,within_12m,sample_median_scaled,True,-9.262954818771885e-05,-0.0007642556909013958,9.262954818768555e-05,0.0007665827669556596,0.3187818139368671,0.32493318465505516,0.0027427170164718187,,0.6501109329006601,0.8607149119510451
616,solanidine,Method 2,JVKYZPBMZPJNAJ-OQFNDJACSA-N,HMDB0003236,C06543,0.5244360902255639,False,within_12m,sample_median_scaled,True,-0.00434426251073084,0.5492872282767668,-0.05382165867663451,0.551868898985719,0.3195797058210611,0.5200200209569581,0.47108812780846193,,0.6501109329006601,0.9302117638338849
911,gamma-glutamylserine,Method 1,SQBNIUOYNOKDTI-WHFBIAKZSA-N,HMDB0029158,,0.0037593984962406013,True,within_12m,sample_median_scaled,True,-0.0023048472493076193,0.1274953161708302,-0.001105213860136387,0.12818472698865246,0.31992027004120005,0.9491222592316908,0.5988792034283039,,0.6501109329006601,0.9929752200823792
458,2-hydroxypalmitate,Method 3,JGHSBPIZNUXPLA-UHFFFAOYSA-N,HMDB0031057,,0.0,True,within_12m,sample_median_scaled,True,-0.003555340903223115,0.14493649346915344,0.019483286534044773,0.14578703906362261,0.3201421379996091,0.2931122760562166,0.9203040887542858,,0.6501109329006601,0.8607149119510451
914,2-methylserine,Method 1,CDUUKBXTEOFITR-UHFFFAOYSA-N,,C02115,0.04887218045112782,True,within_12m,sample_median_scaled,True,0.0003374006992575617,-0.27197350776595364,-0.06375828859119911,0.2739070678603699,0.3207387968732389,0.14540130230314513,0.2906297845793082,,0.650272044628486,0.8607149119510451
1162,nateglinide,Method 2,OELFLUMRDSZNSF-BRWVUGGUSA-N,HMDB0014869,"C12508,D01111",0.9962406015037594,False,within_12m,sample_median_scaled,True,0.00015103743000697493,0.07767448191819896,0.0011957830322094206,0.0787958704375084,0.32424675832097927,0.5838307629521247,-0.005518147082498701,,0.6560495324651983,0.9469358310075107
447,2-hydroxy-3-methylvalerate,Method 3,RILPIWOPNGRASR-UHFFFAOYSA-N,HMDB0000317,,0.0,True,within_12m,sample_median_scaled,True,-0.0036174591890573158,0.25578301424552347,-0.028628190686323544,0.2599496797104999,0.3251296434064155,0.28896943623297555,0.6974281855497613,,0.6560495324651983,0.8607149119510451
72,methylmalonate (MMA),Method 4,ZIYVHBGGAOATLY-UHFFFAOYSA-N,HMDB0000202,C02170,0.14849624060150377,True,within_12m,sample_median_scaled,True,0.0024408004426347807,-0.37011289360667554,-0.04437006886488897,0.3761610851051144,0.32515422333000676,0.06727200839782463,1.0225224240122401,,0.6560495324651983,0.8607149119510451
1047,glucuronide of C14H26O4 (1)*,Method 3,,,,0.4943609022556391,False,within_12m,sample_median_scaled,True,0.007093259684192684,-0.4419473058674887,-0.10306378734365221,0.4529183288407921,0.3291749654799724,0.16848160392499445,0.42106892688286085,,0.6630976468082136,0.8607149119510451
499,4-ethylphenylsulfate,Method 3,DWZGLEPNCRFCEP-UHFFFAOYSA-N,HMDB0062551,C13637,0.005639097744360902,True,within_12m,sample_median_scaled,True,0.0032285794615186376,-0.3570042741307478,-0.07001972924111595,0.3664545578124689,0.32995149562413617,0.18417734552195397,0.5467090911842516,,0.6635984479992627,0.8607149119510451
1154,4-acetylcatechol sulfate (2),Method 3,RRWBOGSYNDIRNR-UHFFFAOYSA-N,,,0.5657894736842105,False,within_12m,sample_median_scaled,True,0.007985633740583736,-0.4187297881639969,0.04525312148182805,0.43367625435350254,0.33427669959613804,0.3813780520248854,0.3616009969085614,,0.671223340882341,0.9018911445248919
910,1-linoleoyl-GPG (18:2)*,Method 3,VEEHTGYBVMTAAF-RFFZIGDUSA-N,HMDB0240600,,0.0,True,within_12m,sample_median_scaled,True,-0.0033957465059610207,0.16373549858595018,-0.004780112380020959,0.17016965807251289,0.33595430339197463,0.7585511337475239,0.594133819186958,,0.6731690990947559,0.9682124660595566
139,allantoin,Method 4,POJWUDADGALRAB-UHFFFAOYSA-N,HMDB0000462,"C02348,C01551,C02350",0.0,True,within_12m,sample_median_scaled,True,0.0029907676208160063,0.2364961499848762,0.007376212230643039,0.2459855345903242,0.33633952563980096,0.6160489764122319,0.7067073757770649,,0.6731690990947559,0.9504514292127746
875,1-stearoyl-2-linoleoyl-GPI (18:0/18:2),Method 2,KZVRAFHIKMDULK-HAVSRZFESA-N,HMDB0009809,,0.0,True,within_12m,sample_median_scaled,True,-0.0003746983647274939,-0.13730157386988076,-0.002015150101721127,0.1429624254468226,0.33685231768544266,0.8748596257753043,0.7841238849924109,,0.6731690990947559,0.9852070031134053
1104,sulfate of piperine metabolite C16H19NO3 (2)*,Method 3,,,,0.007518796992481203,True,within_12m,sample_median_scaled,True,-0.007541819252944651,0.34638404934971256,-0.044575509269266976,0.36199495309072627,0.33863017167979226,0.03523332501534658,0.7857255310800801,,0.6741859483366087,0.7677175285372149
181,dihomo-linoleate (20:2n6),Method 3,XSXIVVZCUAHUJO-HZJYTTRNSA-N,HMDB0005060,C16525,0.0,True,within_12m,sample_median_scaled,True,-0.001350238859012998,0.19312623334181367,0.026779780740024645,0.20183275393595151,0.3386365614278347,0.5587364716654228,0.43556625470757665,,0.6741859483366087,0.9345849040314308
107,cysteine,Method 1,XUJNEKJLAYXESH-REOHCLBHSA-N,HMDB0000574,C00097,0.0,True,within_12m,sample_median_scaled,True,-0.0025518878879323297,-0.15698886446618524,0.0059669484875441246,0.16431113018085114,0.3393569621692035,0.659296632421541,0.4508262888166385,,0.6741859483366087,0.9622271433280913
858,tricosanoyl sphingomyelin (d18:1/23:0)*,Method 2,SXZWBNWTCVLZJN-NMIJJABPSA-N,HMDB0012105,,0.0,True,within_12m,sample_median_scaled,True,0.0001732902213936965,-0.12796600990559368,0.0032195455626596826,0.13397607724771893,0.3395065276826359,0.8069810355396294,0.6566609379482077,,0.6741859483366087,0.9777128002775092
118,arabinose,Method 4,SRBFZHDQGSBBOR-SQOUGZDYSA-N,HMDB0029942,C00216,0.29887218045112784,False,within_12m,sample_median_scaled,True,-0.0014263329985659962,0.4309709092811712,0.08868070100223248,0.4543525299629828,0.34285533566661175,0.2861844166167442,0.36676440027903934,,0.6797620771812791,0.8607149119510451
357,N-acetylphenylalanine,Method 3,CBQJSKKFNMDLON-JTQLQIEISA-N,HMDB0000512,C03519,0.0,True,within_12m,sample_median_scaled,True,-6.287653702906472e-05,0.18399249247769667,-0.015019058080489553,0.19480742081172434,0.3449223731126412,0.33389017105230256,0.814703140688391,,0.6827833433111653,0.8618068686093312
479,glycerophosphoinositol*,Method 1,BMVUIWJCUQSHLZ-GFSNQTMESA-N,,,0.18984962406015038,True,within_12m,sample_median_scaled,True,-0.003959376481051028,-0.3278032934341565,-0.029301355080186588,0.34787003327558874,0.34603118028519786,0.4803098381957325,0.5161040402978518,,0.6837964855976704,0.9277149273851142
813,3-hydroxyhexanoate,Method 3,HPMGFDVTYHWBAG-UHFFFAOYSA-N,"HMDB0061652,HMDB0010718",,0.0,True,within_12m,sample_median_scaled,True,0.0004908705808004258,0.20501824209817596,-0.01848449444081521,0.21779020824905743,0.346522164936926,0.3132113953238035,0.5704134580024124,,0.6837964855976704,0.8607149119510451
1058,perfluorooctanoate (PFOA),Method 3,SNGREZUHAYWORS-UHFFFAOYSA-N,HMDB0059587,,0.005639097744360902,True,within_12m,sample_median_scaled,True,-0.00942868761178045,-0.262781525023151,-0.004444496966465743,0.27986134909895594,0.34774593804165843,0.6762506510810415,0.9214316966822137,,0.6843683213284075,0.9639401888384792
759,3-methylglutarylcarnitine (2),Method 1,HFCPFJNSBPQJDP-UHFFFAOYSA-N,HMDB0000552,,0.015037593984962405,True,within_12m,sample_median_scaled,True,0.003800667183388988,-0.27922208270601134,-0.033461426910953426,0.2974660462416739,0.3479008411526272,0.28468780663070337,0.6790589704378606,,0.6843683213284075,0.8607149119510451
816,"1,2,3-benzenetriol sulfate (1)",Method 3,NGVLEQPKHLWZLN-UHFFFAOYSA-N,,,0.43609022556390975,False,within_12m,sample_median_scaled,True,-0.0036495161112345804,-0.4496305067583631,-0.09232104370312469,0.4808984547034418,0.3497985320096413,0.28293871152106165,0.3254070438086379,,0.687026179275186,0.8607149119510451
709,guaiacol sulfate,Method 3,AQTYXAPIHMXAAV-UHFFFAOYSA-N,HMDB0060013,,0.0037593984962406013,True,within_12m,sample_median_scaled,True,0.00928389113878899,-0.43655196445159183,-0.052027119570518914,0.46745342155233327,0.3503585534246282,0.33356514230166645,0.5303175626211986,,0.6870525766844893,0.8618068686093312
241,ribitol,Method 4,HEBKCHPVOIAQTA-ZXFHETKHSA-N,"HMDB0002917,HMDB0001851,HMDB0000568,HMDB0000508","C00379,C01904,C00474,C00532",0.015037593984962405,True,within_12m,sample_median_scaled,True,-0.001213138584054225,0.21471479095242205,-0.013335363553940053,0.2307130216536781,0.3520307898067264,0.5385745156826938,0.6388784718877317,,0.6883085827515875,0.931585523669646
1189,hydroxypalmitoyl sphingomyelin (d18:1/16:0(OH))**,Method 2,FAVAZPKFPKOYCT-VTAPXIELSA-N,,,0.0,True,within_12m,sample_median_scaled,True,-0.0027019125755481173,-0.10956518117429048,-0.0070019749463611,0.11785655898369891,0.3525530725437602,0.5932509417364253,0.605439685573429,,0.6883085827515875,0.9473607459637016
1134,N-desalkylquetiapine*,Method 2,JLOAJISUHPIQOX-UHFFFAOYSA-N,,,0.9906015037593985,False,within_12m,sample_median_scaled,True,-0.0006639135720460752,0.07364765541599395,0.008010972301972896,0.07930709354348218,0.3530762335056279,0.27295757329258796,0.2112391849336524,,0.6883085827515875,0.8607149119510451
834,glycochenodeoxycholate 3-sulfate,Method 3,DKXXSIJHWWVNMO-ISIKUUMTSA-N,"HMDB0002409,HMDB0002496,HMDB0002497",,0.0018796992481203006,True,within_12m,sample_median_scaled,True,-0.017576990488990262,0.3550578659125004,0.010914365688567018,0.3824320736515629,0.3531893682376881,0.7246808023789884,0.6305238426647166,,0.6883085827515875,0.9682124660595566
1187,5-hydroxy-2-methylpyridine sulfate,Method 3,UAQAOMYUJQVGMD-UHFFFAOYSA-N,,,0.2593984962406015,False,within_12m,sample_median_scaled,True,0.010035688115875635,-0.6904190563992227,-0.03760318155268927,0.7458070186266382,0.3545841350639377,0.7748865289437885,0.4000505587712222,,0.6899570553798293,0.9719173298178695
495,dihomo-linolenate (20:3n3 or n6),Method 3,AHANXAKGNAKFSK-PDBXOOCHSA-N,HMDB0002925,C03242,0.0,True,within_12m,sample_median_scaled,True,-0.0007057353734029615,0.1465023098678394,0.02238412151656189,0.15878523141146114,0.3561925320381306,0.39112499300502457,0.4941240316979763,,0.692015475690773,0.9066884075665236
697,5-hydroxydecanoate,Method 3,LMHJFKYQYDSOQO-UHFFFAOYSA-N,HMDB0040329,,0.4492481203007519,False,within_12m,sample_median_scaled,True,0.0001649928080808794,-0.49159022698075955,-0.07480250172637207,0.5353635906408268,0.3584952226022686,0.47050110909763354,0.4812714436148611,,0.6947190033266659,0.9263190966979289
760,methyl glucopyranoside (alpha + beta),Method 3,HOVAGTYPODGVJG-ZFYZTMLRSA-N,HMDB0029965,,0.16353383458646617,True,within_12m,sample_median_scaled,True,-0.010246255604916295,-0.4196850810068867,-0.11176794960662943,0.45782357723312006,0.35930191803487743,0.017487284797741025,0.5604176718761157,,0.6947190033266659,0.732717233025349
343,4-imidazoleacetate,Method 1,PRJKNHOMHKJCEJ-UHFFFAOYSA-N,HMDB0002024,C02835,0.10714285714285714,True,within_12m,sample_median_scaled,True,0.00310666598242592,0.26813845093749294,0.005132645775779845,0.29265880402573086,0.35955402345903487,0.8976144888331032,0.37673780917454774,,0.6947190033266659,0.9900129804149947
511,2-methoxyacetaminophen glucuronide*,Method 3,GDCCQRYSPGZVPX-UHFFFAOYSA-N,HMDB0240215,,0.7387218045112782,False,within_12m,sample_median_scaled,True,0.011550218321902587,-0.5126289200560329,-0.029366988811013434,0.5597875795750584,0.3597948060188222,0.691672847421108,0.6476666029551889,,0.6947190033266659,0.9639401888384792
869,1-palmitoyl-2-palmitoleoyl-GPC (16:0/16:1)*,Method 2,QIBZFHLFHCIUOT-HTXNQAPBSA-N,HMDB0007969,,0.0,True,within_12m,sample_median_scaled,True,-0.0010883147879838088,-0.13593480724190143,-0.032554503500657576,0.1489173509556429,0.36133696719803987,0.08041035529828654,0.6750342711486488,,0.6966266376808836,0.8607149119510451
1166,fibrinopeptide A (3-15)**,Method 3,ROMVHQMTMINAHB-UHFFFAOYSA-N,,,0.011278195488721804,True,within_12m,sample_median_scaled,True,-0.002093778066804137,-0.23600759213894382,-0.02700616753655284,0.25900944482700555,0.36219369353185005,0.19401092622525073,0.6466077325312992,,0.6972089935214939,0.8607149119510451
1195,tetradecadienedioate (C14:2-DC)*,Method 3,MUFSRLVOUKHPIZ-OVYZBVKCSA-N,,,0.03759398496240601,True,within_12m,sample_median_scaled,True,-0.0035382340682286505,0.29381243653604733,0.042085881406200544,0.3232681210904394,0.3634126446099357,0.3376971214192256,0.6936505844484228,,0.6984857710622159,0.8662964931101358
130,asparagine,Method 1,DCXYFEDJOCDNAF-REOHCLBHSA-N,HMDB0000168,C00152,0.0,True,within_12m,sample_median_scaled,True,-0.0025856250125126656,0.10621056725178746,-0.009018869191466815,0.11759182140018747,0.3664123837096155,0.47283699138606183,0.7715831319177912,,0.7025767174203411,0.9263190966979289
311,glycolithocholate,Method 3,XBSQTYHEGZTYJE-PGVYWSLXSA-N,HMDB0000698,C15557,0.34022556390977443,False,within_12m,sample_median_scaled,True,0.003632932971275126,-0.5173503712335217,-0.0001353321532403263,0.5738814737447955,0.36732603190541246,0.9980987570542659,0.7503824091585908,,0.7025767174203411,0.9992662957885908
597,formiminoglutamate,Method 1,NRXIKWMTVXPVEF-BYPYZUCNSA-N,HMDB0000854,C00439,0.0018796992481203006,True,within_12m,sample_median_scaled,True,-0.0029657581499766047,0.1740462502558043,-0.023348527048534854,0.19323872496793917,0.36775849801117777,0.3139244964052166,0.5094540680209335,,0.7025767174203411,0.8607149119510451
538,"androstenediol (3beta,17beta) disulfate (1)",Method 3,UWPTUYJASNIIJM-QJIZPQHZSA-N,HMDB0240313,C04295,0.0037593984962406013,True,within_12m,sample_median_scaled,True,0.0016507029479879384,-0.483206924403215,-0.024546702851799183,0.5379329445487462,0.3690437047235541,0.24913807293267487,0.7797830748270081,,0.7025767174203411,0.8607149119510451
791,2-acetamidophenol sulfate,Method 3,JCVGTUVGDOWZJE-UHFFFAOYSA-N,,,0.23308270676691728,False,within_12m,sample_median_scaled,True,0.01937283299537995,-0.43182522635689957,-0.05745606663872276,0.48120313752772925,0.36951268379957636,0.5089527037531447,0.45696562153057946,,0.7025767174203411,0.9302117638338849
38,3-hydroxybutyrate (BHBA),Method 4,WHBMMWSBFZVSSR-UHFFFAOYSA-N,"HMDB0000442,HMDB0000357,HMDB0000011","C03197,C01089",0.0,True,within_12m,sample_median_scaled,True,0.013058380356365114,-0.34964781486552016,0.004576070507247285,0.3896334549347397,0.36951817281868304,0.9367793269571962,0.547861614518553,,0.7025767174203411,0.9929752200823792
827,N-acetylglucosamine/N-acetylgalactosamine,Method 1,OVRNDRQMDRJTHS-FMDGEEDCSA-N,"HMDB0000212,HMDB0000215",C01074,0.0,True,within_12m,sample_median_scaled,True,-0.0016087476632843337,-0.08475579450653331,-0.012295870049002957,0.09447000023641526,0.36962739529187116,0.23580948208413532,0.7142223266666098,,0.7025767174203411,0.8607149119510451
419,1-pentadecanoylglycerol (15:0),Method 3,QSKPZDMBULYMDQ-UHFFFAOYSA-N,,,0.41353383458646614,False,within_12m,sample_median_scaled,True,0.009570735726070175,-0.30997224036898935,-0.016016110273506714,0.3457775626870074,0.37001255921421305,0.8239946397783252,0.23117972858717212,,0.7025767174203411,0.9777128002775092
908,1-linoleoyl-2-arachidonoyl-GPE (18:2/20:4)*,Method 2,LFGBKOUQHCWBQI-BZGLIJSBSA-N,HMDB0009102,,0.20676691729323307,False,within_12m,sample_median_scaled,True,0.010306088279140818,-0.4028273313899627,-0.02356798115620675,0.45054718067587923,0.37127658604293146,0.7230795765899061,0.22753008160461458,,0.7032975081167303,0.9682124660595566
463,glutarylcarnitine (C5-DC),Method 1,NXJAXUYOQLTISD-UHFFFAOYSA-N,HMDB0013130,,0.0,True,within_12m,sample_median_scaled,True,0.001830629849439448,0.14277081794070615,-0.006570263020095637,0.1597621121262496,0.3715111737386706,0.6988967777279973,1.0679176361821074,,0.7032975081167303,0.9639401888384792
502,pyrraline,Method 3,VTYFITADLSVOAS-UHFFFAOYSA-N,HMDB0033143,C21013,0.21052631578947367,False,within_12m,sample_median_scaled,True,-0.0012536559824328684,0.3409702951650254,-0.022025994346763576,0.38359161467920944,0.37406283811744245,0.7392629037922722,0.33568383425152276,,0.7065594442217966,0.9682124660595566
670,histidylalanine,Method 1,FRJIAZKQGSCKPQ-UHFFFAOYSA-N,HMDB0028878,,0.5150375939849624,False,within_12m,sample_median_scaled,True,-0.000618783345259003,0.306216599208815,-0.022522792505445283,0.3447069453663308,0.37435846448028365,0.5977024665733504,0.4187778590721437,,0.7065594442217966,0.9473607459637016
535,"5alpha-pregnan-3beta,20alpha-diol disulfate",Method 3,LSQGWMYMIHQKSA-VNCHAANSSA-N,HMDB0094650,,0.011278195488721804,True,within_12m,sample_median_scaled,True,-0.002517852605210116,-0.2558955390599906,-0.007123998434381932,0.28848066522030247,0.3750542864937162,0.5927963230813711,0.8401617460144727,,0.7068114514581728,0.9473607459637016
212,2-hydroxyhippurate (salicylurate),Method 3,ONJSZLXSECQROL-UHFFFAOYSA-N,HMDB0000840,C07588,0.007518796992481203,True,within_12m,sample_median_scaled,True,0.007459199942003058,0.6130087223832487,-0.13175481878794146,0.6934709634929184,0.37671147757108747,0.23571522110821186,0.29841725731779095,,0.7083068390639088,0.8607149119510451
887,lactosyl-N-palmitoyl-sphingosine (d18:1/16:0),Method 2,HLIJNIKSBCIDGO-QKLMXXKVSA-N,HMDB0006750,,0.0,True,within_12m,sample_median_scaled,True,-0.004873673736890848,-0.10015619349043835,-0.00910434765300045,0.11343946124109415,0.37728795455838493,0.2212154074467153,0.7749144185749145,,0.7083068390639088,0.8607149119510451
501,3-methyladipate,Method 4,SYEOWUNSTUDKGM-UHFFFAOYSA-N,HMDB0000555,,0.5582706766917294,False,within_12m,sample_median_scaled,True,0.012428314738054084,-0.3333289814806945,-0.029499019141790185,0.37799297715360014,0.37786383160363435,0.6139482210981593,0.3247840254838841,,0.7083068390639088,0.9496398987235734
959,"diacylglycerol (16:1/18:2 [2], 16:0/18:3 [1])*",Method 2,BHGPPCIWDXQOMA-HZFIRFLSSA-N,,,0.2857142857142857,False,within_12m,sample_median_scaled,True,0.0021970391356521024,-0.3405463060809224,-0.05701409531484931,0.3863700705008904,0.3781017414573451,0.2075909994259294,0.5374153337128411,,0.7083068390639088,0.8607149119510451
459,docosapentaenoate (n6 DPA; 22:5n6),Method 3,AVKOENOBFIYBSA-WMPRHZDHSA-N,HMDB0001976,C16513,0.03383458646616541,True,within_12m,sample_median_scaled,True,-0.006376489802092358,0.20618087041817415,0.02684956264841918,0.23531030799988556,0.38091674634153894,0.36557807186675984,0.5893551986407422,,0.7125183782013608,0.8854102600836895
371,10-heptadecenoate (17:1n7),Method 3,GDTXICBNEOEPAZ-FPLPWBNLSA-N,HMDB0060038,,0.0,True,within_12m,sample_median_scaled,True,4.2481213316115486e-05,0.21184785332824285,0.04816337848641404,0.24222650629453799,0.38179933816294165,0.2622040678595068,0.34637777375054707,,0.7131081249194914,0.8607149119510451
1032,2-butenoylglycine,Method 3,WWJXRJJBIVSSNF-NSCUHMNNSA-N,,,0.31954887218045114,False,within_12m,sample_median_scaled,True,0.00968029009097072,-0.2930969639207586,0.0073963633078907185,0.33587704401802887,0.3828638433015039,0.9138391978205832,0.5204663548347841,,0.7140353872848523,0.9929752200823792
571,indole-3-carboxylate,Method 3,KMAKOBLIOCQGJP-UHFFFAOYSA-N,HMDB0003320,C19837,0.41729323308270677,False,within_12m,sample_median_scaled,True,-0.0076795698691389845,0.31281280837750314,0.11248116253699467,0.3595830076797402,0.38433750067684835,0.09241540325667176,0.37881675245456975,,0.714414008652387,0.8607149119510451
935,hexadecadienoate (16:2n6),Method 3,WPJGPAAPSBVXNU-HZJYTTRNSA-N,HMDB0000477,,0.015037593984962405,True,within_12m,sample_median_scaled,True,0.001740371912392716,0.22248720389296267,0.057081497435822054,0.2558927739337024,0.3845984135182685,0.19303840210009138,0.34610800886374815,,0.714414008652387,0.8607149119510451
191,3-methoxytyrosine,Method 1,PFDUUKDQEHURQC-ZETCQYMHSA-N,HMDB0001434,,0.0,True,within_12m,sample_median_scaled,True,0.001743908540441195,-0.10163414468668228,0.00035712472534684244,0.11693677894880518,0.3847719044213731,0.9555890494269077,0.47945138566043577,,0.714414008652387,0.9929752200823792
946,ferulylglycine (1),Method 3,CLGNQAIRBLDHIN-HWKANZROSA-N,,,0.4548872180451128,False,within_12m,sample_median_scaled,True,0.014596910377061557,-0.3029298209534694,-0.012905993524583399,0.3498550082603942,0.38656010050345535,0.7992797324846895,0.5221739807440391,,0.716675584561716,0.9777128002775092
1097,indoleacetoylcarnitine*,Method 1,PBMNAYVZYLZVKC-UHFFFAOYSA-N,,,0.2575187969924812,False,within_12m,sample_median_scaled,True,-0.0026506163881272896,-0.3986733312807559,0.0034817380068403727,0.4613705095924716,0.3875292992984398,0.9187036788740742,0.5777031156846276,,0.717366136603918,0.9929752200823792
1036,2-hydroxyarachidate*,Method 3,CPLYLXYEVLGWFJ-UHFFFAOYSA-N,,,0.009398496240601503,True,within_12m,sample_median_scaled,True,-0.0015815897152225771,-0.21522177305384313,-0.020529115042771887,0.24955782230952173,0.3884605916428958,0.27133399976462824,0.7898480835938071,,0.717366136603918,0.8607149119510451
1103,glucuronide of piperine metabolite C17H21NO3 (5)*,Method 3,,,,0.11466165413533834,True,within_12m,sample_median_scaled,True,-0.003515400388467647,-0.5295685058140648,-0.09510949711505834,0.6142931122403463,0.3886446611195451,0.028015405277223036,0.49482921754755615,,0.717366136603918,0.7677175285372149
809,"sphingomyelin (d17:1/16:0, d18:1/15:0, d16:1/17:0)*",Method 2,LQINJRUGTUOHGS-YPDYIYJKSA-N,"HMDB0240617,HMDB0240608",,0.0,True,within_12m,sample_median_scaled,True,0.00014557642938046848,-0.10018798225289055,0.0057308930158485065,0.11657998671608337,0.39012393036285786,0.5892581884417346,0.7474486384914627,,0.7190407338212791,0.9473607459637016
1251,"bilirubin degradation product, C17H18N2O4 (1)**",Method 3,,,,0.009398496240601503,True,within_12m,sample_median_scaled,True,-0.002392230791525588,-0.3101910339853869,-0.0009201655626444736,0.36264660109065777,0.39235548638396434,0.9533618494398699,0.7265666354701257,,0.7208179472776709,0.9929752200823792
608,atenolol,Method 1,METKIMKYRPQLGS-UHFFFAOYSA-N,HMDB0001924,D00235,0.9943609022556391,False,within_12m,sample_median_scaled,True,0.0004990119607647737,0.07595774738412288,0.010389099589013202,0.0889775217756198,0.39328595261933397,0.3347729383860535,0.0008640410651176189,,0.7208179472776709,0.8623147203919451
497,tryptophan betaine,Method 1,AOHCBEAZXHZMOR-ZDUSSCGKSA-N,HMDB0061115,C09213,0.0,True,within_12m,sample_median_scaled,True,-0.008787890232537588,-0.33991163961635273,-0.016017786421618087,0.3982485552828945,0.3933730437144165,0.6687792860589921,0.552872845710124,,0.7208179472776709,0.9639401888384792
611,ranitidine,Method 1,VMXUWOKSQNHOCA-UKTHLTGXSA-N,HMDB0001930,D00422,0.9924812030075187,False,within_12m,sample_median_scaled,True,0.00041289892852551936,0.07854866694575681,0.011340501813036174,0.09203121755279985,0.39338195054294534,0.3284985543089639,0.0717708934788425,,0.7208179472776709,0.8607149119510451
97,trans-urocanate,Method 1,LOIYMIARKYCTBW-OWOJBTEDSA-N,HMDB0000301,C00785,0.0,True,within_12m,sample_median_scaled,True,-0.0014880839760935765,0.19185848786817183,0.04378712938325608,0.2258960485178029,0.3957021321432397,0.03798268094725405,0.6598294683303136,,0.724013944838504,0.7677175285372149
653,2-O-methylascorbic acid,Method 4,RMHBODZVODTFAH-UHFFFAOYSA-N,HMDB0240294,,0.0,True,within_12m,sample_median_scaled,True,0.0032190497252565114,-0.16744240666511864,-0.04208835623053498,0.19758855488186455,0.39675566473321233,0.0022072778492535088,0.7392257563928867,,0.7248864397814649,0.39636403664452297
765,alpha-CMBHC glucuronide,Method 3,DYOFESDCRUIQTB-UHFFFAOYSA-N,,,0.4266917293233083,False,within_12m,sample_median_scaled,True,0.014741606629386447,-0.37557843560012977,-0.06525085917466442,0.44385419156346256,0.39745498162016013,0.19799618841260525,0.6288753239029841,,0.725110176918057,0.8607149119510451
1249,"bilirubin degradation product, C16H18N2O5 (1)**",Method 3,,,,0.4041353383458647,False,within_12m,sample_median_scaled,True,-0.006673442869117688,0.3783445060468572,0.06988027495644879,0.4478746979510538,0.3982475001087533,0.20651996087603963,0.6890334985843499,,0.7255030545459462,0.8607149119510451
1203,levulinoylcarnitine,Method 1,XDZHMFWKQXZAFO-UHFFFAOYSA-N,,,0.12969924812030076,True,within_12m,sample_median_scaled,True,0.003964240181595589,-0.22958559748925614,0.0406892501353925,0.2726572872726662,0.3997711984876767,0.5261130269034942,0.3877093049846225,,0.7266327024961575,0.9302117638338849
878,1-(1-enyl-palmitoyl)-2-arachidonoyl-GPE (P-16:0/20:4)*,Method 2,UUYSKERSKRMYME-MAIXUNBTSA-N,HMDB0011352,,0.0,True,within_12m,sample_median_scaled,True,0.0007397157145226165,-0.10096966994201995,0.0066728271706272485,0.12010729075904371,0.40053715273056345,0.6496524374331047,0.6627434473168455,,0.7266327024961575,0.9622271433280913
417,"5,6-dihydrouridine",Method 3,ZPTBLXKRQACLCR-XVFCMESISA-N,HMDB0000497,,0.0,True,within_12m,sample_median_scaled,True,-0.00023956880540029171,0.1411253034791278,9.993454772522387e-05,0.1678969947673232,0.40060180018284575,0.9950028874564565,0.8182143816105709,,0.7266327024961575,0.9992662957885908
553,"androstenediol (3beta,17beta) monosulfate (2)",Method 3,KMTOEENORMWLCF-QJIZPQHZSA-N,"HMDB0240429,HMDB0186954",,0.18796992481203006,True,within_12m,sample_median_scaled,True,-0.002217110649557245,-0.38213492940195787,0.005519495194809649,0.456696268593098,0.4027400919163586,0.8612612425523882,0.7587305551974121,,0.7290971698827057,0.9832928082546339
726,1-arachidonoyl-GPA (20:4),Method 3,XBFQFMCUPHZKTI-DOFZRALJSA-N,HMDB0062312,,0.005639097744360902,True,within_12m,sample_median_scaled,True,-0.006220334338043684,0.2374071424948164,0.053369286267283544,0.28395909441162404,0.40312055136712843,0.06754768857023585,0.18057901537456436,,0.7290971698827057,0.8607149119510451
1257,"bilirubin degradation product, C16H18N2O5 (3)**",Method 3,,,,0.17481203007518797,True,within_12m,sample_median_scaled,True,-0.009845342626181912,0.32239768236957284,-0.0005248657758960024,0.38973320260656563,0.40810862261188596,0.9864365417559385,0.6266550342332275,,0.7362422466714293,0.9977315486819466
591,"2,3-dihydroxyisovalerate",Method 4,JTEYKUFKXGDTEU-UHFFFAOYSA-N,HMDB0012141,C04039,0.020676691729323307,True,within_12m,sample_median_scaled,True,0.0025841978198592476,-0.37909887119759283,-0.04620259011392817,0.45933270388325753,0.409186969504833,0.5573369032694755,0.3783815596719265,,0.7362422466714293,0.9345849040314308
864,sildenafil,Method 2,BNRNXUUZRGQAQC-UHFFFAOYSA-N,HMDB0005039,C07259,0.9943609022556391,False,within_12m,sample_median_scaled,True,-0.0004194034868402714,0.01127060976600727,-0.014960420272150294,0.013662209826876432,0.4094012342239216,0.25536137422429694,0.08287340570809205,,0.7362422466714293,0.8607149119510451
972,N-oleoylserine,Method 3,MBDKGXAMSZIDKF-KTKRTIGZSA-N,,,0.0,True,within_12m,sample_median_scaled,True,-0.0048843002386846435,0.16243696926625148,0.018776219587315634,0.19691110218596095,0.4094139462397208,0.4366222116614621,0.8021759729466224,,0.7362422466714293,0.9235528527050412
886,N-palmitoyl-sphinganine (d18:0/16:0),Method 2,GCGTXOVNNFGTPQ-JHOUSYSJSA-N,HMDB11760,,0.0,True,within_12m,sample_median_scaled,True,-0.0031894386319073543,-0.1044480842766465,-0.011120615582286084,0.12694639340020553,0.41063700681082504,0.45436490296143206,0.8740201268957093,,0.737386739373153,0.9240290030402851
570,S-methylmethionine,Method 1,YDBYJHTYSHBBAU-UHFFFAOYSA-N,HMDB0038670,C05319,0.5281954887218046,False,within_12m,sample_median_scaled,True,-0.011913002810709231,0.4930547525365098,-0.08146650580309982,0.6007838379905959,0.4118252727837116,0.45332705657836947,0.30677149751949656,,0.7384655747348439,0.9235528527050412
1007,cerotoylcarnitine (C26)*,Method 2,KOCKWDDTAHPJSX-UHFFFAOYSA-N,HMDB0006347,,0.0,True,within_12m,sample_median_scaled,True,-0.002928367065834554,-0.18485426125184062,0.0022877386133539194,0.22584978452658355,0.4130813136769593,0.8755024432058196,0.653062188068822,,0.7388755912280495,0.9852070031134053
655,beta-citrylglutamate,Method 3,GAQNUGISBQJMKO-UHFFFAOYSA-N,,C20775,0.005639097744360902,True,within_12m,sample_median_scaled,True,-0.0002377280644839152,0.1408369620851259,0.008429489082050328,0.17212954251182314,0.4132411032761313,0.7364217094341835,0.6370741832311752,,0.7388755912280495,0.9682124660595566
128,maltose,Method 4,GUBGYTABKSRVRQ-ASMJPISFSA-N,HMDB0000163,C00208,0.15413533834586465,True,within_12m,sample_median_scaled,True,0.004968231356797548,-0.3626764395594596,-0.1264825354925334,0.44380682253170556,0.413817355787229,0.12601641999992252,0.46054888886183043,,0.7388755912280495,0.8607149119510451
486,taurolithocholate 3-sulfate,Method 3,HSNPMXROZIQAQD-VUIPEFFGSA-N,HMDB0002580,C03642,0.05263157894736842,True,within_12m,sample_median_scaled,True,-0.0017692973804695098,0.4485523203982133,-0.019848427306743504,0.5507017697495762,0.4153526150777124,0.6335758219882421,0.8160696902648469,,0.740423733470625,0.9559742454814228
715,2-piperidinone,Method 1,XUWHAWMETYGRKB-UHFFFAOYSA-N,HMDB0011749,,0.009398496240601503,True,within_12m,sample_median_scaled,True,0.01293967315947321,-0.4252244352569047,0.0035147811549750643,0.5231129541709387,0.41629083354612095,0.958781792317191,0.4897420991670319,,0.740423733470625,0.9929752200823792
79,palmitoleate (16:1n7),Method 3,SECPZKHBENQXJG-FPLPWBNLSA-N,HMDB0003229,C08362,0.0,True,within_12m,sample_median_scaled,True,-0.001819669708545196,0.23698807272431044,0.06435409656073061,0.2924736442701712,0.4177743003192528,0.2044578552487578,0.31758498228799636,,0.740423733470625,0.8607149119510451
138,trans-4-hydroxyproline,Method 1,PMMYEEVYMWASQN-DMTCNVIQSA-N,HMDB0000725,C01157,0.0,True,within_12m,sample_median_scaled,True,-0.004528211746962744,-0.12653930800903698,-0.006819600889108134,0.156358652062776,0.41834903922017375,0.7576969075530662,0.6510690569001273,,0.740423733470625,0.9682124660595566
1261,tetrahydrocortisone glucuronide (5),Method 3,QUOCEDQXFGCYTL-QMELEVSMSA-N,,,0.2593984962406015,False,within_12m,sample_median_scaled,True,0.0008431653628868446,-0.3063363805493166,0.03612197030606541,0.37861733669928715,0.41846204365997586,0.43827517794022586,0.6666493939914756,,0.740423733470625,0.9235528527050412
112,malonate,Method 4,OFOBLEOULBTSOW-UHFFFAOYSA-N,HMDB0000691,C00383,0.011278195488721804,True,within_12m,sample_median_scaled,True,0.001481348079145147,-0.28334573175980143,-0.035693981883614334,0.35045368880541444,0.418796362383288,0.07226866644192345,0.7321381654378523,,0.740423733470625,0.8607149119510451
753,N-acetyltaurine,Method 3,CXJAAWRLVGAKDV-UHFFFAOYSA-N,HMDB0240253,,0.011278195488721804,True,within_12m,sample_median_scaled,True,0.0010469120895130587,0.23256105720143722,-0.02141123532905112,0.2876481160447681,0.41880769649770433,0.2951096010994746,0.7424198788027706,,0.740423733470625,0.8607149119510451
333,pro-hydroxy-pro,Method 1,ONPXCLZMBSJLSP-ALKRTJFJSA-N,HMDB0006695,,0.0018796992481203006,True,within_12m,sample_median_scaled,True,-0.00803653394049787,-0.16126458663760607,0.01962813622513245,0.19991545836209568,0.4198601382993977,0.21211523930665288,0.6512440386678948,,0.7412418452841895,0.8607149119510451
1259,"N,N-dimethyl-pro-pro",Method 1,VOWFCBSRZKGKTF-UHFFFAOYSA-N,,,0.0,True,within_12m,sample_median_scaled,True,0.0017759429483693253,0.10142995536700398,-0.003298587349580732,0.12596709215758783,0.42069853844898764,0.8072139494735409,0.7202984624821132,,0.7416803125250736,0.9777128002775092
836,taurodeoxycholic acid 3-sulfate,Method 3,UCVGCHGIKFWAGH-WQVRBXQRSA-N,,,0.5037593984962406,False,within_12m,sample_median_scaled,True,0.013227272177041793,-0.5268911216750072,0.0008691933365464824,0.656142412505831,0.42196701407292925,0.9691548057798702,0.6729568239028705,,0.7423300389422397,0.9929752200823792
350,nervonate (24:1n9)*,Method 3,GWHCXVQVJPWHRF-KTKRTIGZSA-N,HMDB0002368,C08323,0.39849624060150374,False,within_12m,sample_median_scaled,True,-0.006060951714130084,0.4575490634988012,-0.06995967036355429,0.5701354336279051,0.42224819239753497,0.12799140804156528,0.7772262578436051,,0.7423300389422397,0.8607149119510451
1144,3-hydroxyhexanoylcarnitine (1),Method 1,VYEONLJQPYRKAN-UHFFFAOYSA-N,,,0.0,True,within_12m,sample_median_scaled,True,0.001809200283394474,0.1732497196184974,0.009590366785875297,0.21639658966789313,0.42335626626820066,0.7856545015782532,0.5123945982111847,,0.7432385847753187,0.9777128002775092
1010,eicosenoylcarnitine (C20:1)*,Method 2,PVOQPLSKYNZHOT-OUKQBFOZSA-N,,,0.0,True,within_12m,sample_median_scaled,True,0.0015397375856461798,-0.14996416448872552,-0.0073114106731950205,0.18854727076772287,0.42640039747699277,0.7086547631963158,0.4818344199366579,,0.7457977054305317,0.9640465772053777
848,2-hydroxybutyrate/2-hydroxyisobutyrate,Method 4,AFENDNXGAFYKQO-UHFFFAOYSA-N,"HMDB0000729,HMDB00008","C21297,C05984",0.0,True,within_12m,sample_median_scaled,True,-0.001309632119527626,-0.23627653278441574,0.026346277161490288,0.2978493465040295,0.42761743829525967,0.46308464354926016,0.9730175586750998,,0.7457977054305317,0.9263190966979289
880,1-(1-enyl-palmitoyl)-2-oleoyl-GPC (P-16:0/18:1)*,Method 2,CRBBMHQTIAELIS-KQBBALDBSA-N,HMDB0007996,,0.0,True,within_12m,sample_median_scaled,True,-0.000981363529101383,-0.07865679554918587,0.00040487069206481436,0.09918422503701074,0.4277560588407531,0.9659533087305584,0.7660613704636563,,0.7457977054305317,0.9929752200823792
798,6-hydroxyindole sulfate,Method 3,QRHHXPIYYXPEMG-UHFFFAOYSA-N,HMDB0000682,,0.015037593984962405,True,within_12m,sample_median_scaled,True,0.006744730493942127,-0.3328072592630382,0.030418059369802616,0.4198502471886429,0.4279637785464576,0.4415673637460211,0.6870651970446582,,0.7457977054305317,0.9235528527050412
631,3-(4-hydroxyphenyl)propionate,Method 3,NMHMNPHRMNGLLB-UHFFFAOYSA-N,HMDB0002199,C01744,0.23308270676691728,False,within_12m,sample_median_scaled,True,-0.0017762686435318137,0.28678742132974316,0.0224497665308255,0.36201782817119016,0.42824906429403276,0.5044743857653489,0.432460338789362,,0.7457977054305317,0.9302117638338849
593,5-(galactosylhydroxy)-lysine,Method 1,OWGKYELXGFKIHH-MYLOADSESA-N,,,0.005639097744360902,True,within_12m,sample_median_scaled,True,-0.002603016051141973,-0.1691691567332918,-0.016152000811608044,0.21360351859666066,0.42837386103487973,0.5896782149515702,0.5100324230086873,,0.7457977054305317,0.9473607459637016
970,2-hydroxynervonate*,Method 3,UFOOFOUFKSIFCD-KTKRTIGZSA-N,,,0.03759398496240601,True,within_12m,sample_median_scaled,True,-0.009513746900777338,0.20942513776972335,-0.012158966537833198,0.26509369178190956,0.4295252981651444,0.7318882714133128,0.4799879637673964,,0.7467680495070352,0.9682124660595566
857,palmitoyl dihydrosphingomyelin (d18:0/16:0)*,Method 2,QHZIGNLCLJPLCU-QPPIDDCLSA-N,HMDB0010168,,0.0,True,within_12m,sample_median_scaled,True,-0.003306517888933525,-0.06462799618449691,-3.1458144121873875e-05,0.08210894244508764,0.43122299016241417,0.996183507145799,0.8063113085545319,,0.7486841141355726,0.9992662957885908
484,1-palmitoyl-GPI (16:0),Method 3,UOXRPRZMAROFPH-AQFLIPHUSA-N,HMDB0061695,,0.0,True,within_12m,sample_median_scaled,True,-0.001786266286739964,-0.18466676856260805,-0.003632181835901165,0.2359611109973436,0.4338530717937764,0.8478070094768224,0.5366203473920675,,0.7522114637858992,0.9777128002775092
98,glutamate,Method 1,WHUUTDBJXJRKMK-VKHMYHEASA-N,HMDB0000148,"C00025,C00217",0.0,True,within_12m,sample_median_scaled,True,0.0002953376976650054,-0.11435647205175141,0.02367140688053131,0.14632729099737657,0.4345016699578468,0.03788845123636706,0.5442746354911665,,0.7522983459187512,0.7677175285372149
421,1-linolenoylglycerol (18:3),Method 3,XQBHBEXBUZDCRY-QNEBEIHSSA-N,HMDB0011569,,0.15413533834586465,True,within_12m,sample_median_scaled,True,0.0034218625677078797,-0.32835863334932686,-0.03787822223839255,0.42162583081886384,0.4361025174985753,0.6128440252845146,0.3855221462784235,,0.7535490159815993,0.9496398987235734
424,5-methyluridine (ribothymidine),Method 3,DWRXFEITVBNRMK-JXOAFFINSA-N,HMDB0000884,,0.0,True,within_12m,sample_median_scaled,True,-0.000271232499090203,0.08074740334310714,-0.02151710370043287,0.10384925168877579,0.436837653959645,0.23935076730843685,0.7158058187619148,,0.7535490159815993,0.8607149119510451
807,"sphingomyelin (d18:1/22:2, d18:2/22:1, d16:1/24:2)*",Method 2,BBJBWENPFZYXKM-CUYAXJSGSA-N,"HMDB0240670,HMDB0240672,HMDB0240669",,0.0,True,within_12m,sample_median_scaled,True,-0.0016085298681710683,-0.07906834871768349,0.016589830784142875,0.10173081441416604,0.43702246034255043,0.10600004092909066,0.6293866568658159,,0.7535490159815993,0.8607149119510451
964,lactosyl-N-nervonoyl-sphingosine (d18:1/24:1)*,Method 2,MKOKWBRPIBQYJJ-WZBOJYASSA-N,HMDB0004872,,0.0,True,within_12m,sample_median_scaled,True,-0.007856051544607372,-0.12758845558918466,0.006801179391575871,0.1644995185063933,0.43797576101289815,0.519965426544827,0.8390991969156967,,0.7541582624564562,0.9302117638338849
326,gamma-glutamylvaline,Method 1,AQAKHZVPOOGUCK-XPUUQOCRSA-N,HMDB0011172,,0.03195488721804511,True,within_12m,sample_median_scaled,True,0.004167920017030848,-0.2486739596115525,-0.03175124839807832,0.32154720813215953,0.439305287969904,0.10935189890749372,0.8088209068602841,,0.7554127865638431,0.8607149119510451
866,1-stearoyl-2-linoleoyl-GPE (18:0/18:2)*,Method 2,YDTWOEYVDRKKCR-KNERPIHHSA-N,HMDB0008994,,0.0,True,within_12m,sample_median_scaled,True,0.0004604483862384962,-0.12816745570056615,-0.006134870710641128,0.16596447578373552,0.4399614159861438,0.8464141103317502,0.5581888911638745,,0.7555075135171896,0.9777128002775092
219,ethylmalonate,Method 4,UKFXDFUAPNAMPJ-UHFFFAOYSA-N,HMDB0000622,,0.0037593984962406013,True,within_12m,sample_median_scaled,True,0.003870082050345187,-0.19933837086469333,0.001216344503245349,0.26052548720806185,0.44418841274946075,0.9366864266289062,0.8237945589051123,,0.7617255591078748,0.9929752200823792
1055,N-acetyl-2-aminooctanoate*,Method 3,JJGNMSOJTSABGA-UHFFFAOYSA-N,HMDB0059745,,0.0,True,within_12m,sample_median_scaled,True,0.0030992172228482256,0.1673030788640232,-0.017085687463556636,0.21905327162018323,0.44501312908129487,0.43772651281332686,0.7585613077658773,,0.7621001406746426,0.9235528527050412
839,linoleoyl ethanolamide,Method 3,KQXDGUVSAAQARU-HZJYTTRNSA-N,HMDB0012252,,0.0,True,within_12m,sample_median_scaled,True,7.850770366784349e-05,-0.12940180581301458,0.016117551022480327,0.17000194177156772,0.44655051865321194,0.5035555619980608,0.6778561094926017,,0.7629814334075206,0.9302117638338849
436,oleoylcarnitine (C18:1),Method 2,IPOLTUVFXFHAHI-WHIOSMTNSA-N,HMDB0005065,,0.0,True,within_12m,sample_median_scaled,True,0.00015211435505750132,-0.1184940988063657,0.0059661935517352814,0.15574003395573535,0.4467493739805196,0.764560903880461,0.5683805442932721,,0.7629814334075206,0.9682124660595566
429,1-stearoyl-GPG (18:0),Method 3,HFJVKBVEKQHVTO-OZAIVSQSSA-N,,,0.05639097744360902,True,within_12m,sample_median_scaled,True,-0.0032477801797633223,-0.2077700210727487,-0.015536128648067303,0.27343825214888573,0.4473487004147515,0.4844064382323484,0.8291404184734197,,0.7629814334075206,0.9302117638338849
231,5-hydroxylysine,Method 1,YSMODUONRAFBET-AKGZTFGVSA-N,HMDB0000450,C16741,0.0,True,within_12m,sample_median_scaled,True,-0.006152188431843152,-0.10258592811693633,0.00971777258410228,0.13585437487822713,0.4501788715773609,0.3206834131027656,0.5726291754139191,,0.7653271909805024,0.8607149119510451
504,1-oleoyl-GPI (18:1),Method 3,UGDOFRYHDCDVHD-JCASDCETSA-N,HMDB0061693,,0.0018796992481203006,True,within_12m,sample_median_scaled,True,-0.00026042891539352774,-0.18123025454709052,-0.01778751067434671,0.2401503410613393,0.4504570160566127,0.4528750498509423,0.47441487537410076,,0.7653271909805024,0.9235528527050412
955,linoleoyl-docosahexaenoyl-glycerol (18:2/22:6) [2]*,Method 2,GPMAAGRGFWBOSO-KLJRXRINSA-N,HMDB0007266,,0.6691729323308271,False,within_12m,sample_median_scaled,True,0.009832531577836565,-0.35004255955936087,0.04009857473125045,0.46402681321809613,0.4506339983147448,0.6075241750983396,0.4334611758936714,,0.7653271909805024,0.9496398987235734
1176,fibrinopeptide B (1-11)**,Method 3,YXFOTICOZNPKPN-UHFFFAOYSA-N,,,0.0018796992481203006,True,within_12m,sample_median_scaled,True,-0.00812675702264071,0.15985069347839506,-0.0026178099881894647,0.21254986741687754,0.45201373196984285,0.8351840557951304,0.45657915732834603,,0.7653271909805024,0.9777128002775092
792,p-cresol glucuronide*,Method 3,JPAUCQAJHLSMQW-XPORZQOISA-N,HMDB0011686,,0.33270676691729323,False,within_12m,sample_median_scaled,True,0.015539311191932258,-0.5886158350847996,0.10288634067174528,0.7836179278611106,0.4525614439738035,0.18838091848223626,0.6608302998733134,,0.7653271909805024,0.8607149119510451
1161,glimepiride,Method 2,WIGIZIANZCJQQY-RUCARUNLSA-N,HMDB0014367,C07669,0.9755639097744361,False,within_12m,sample_median_scaled,True,-0.0029425459499528603,0.14274413408602935,0.010364889246911277,0.1900880832743583,0.45269070104232756,0.1715837019435692,0.6444115431539952,,0.7653271909805024,0.8607149119510451
314,2-pyrrolidinone,Method 1,HNJBEVLQSNELDL-UHFFFAOYSA-N,HMDB0002039,,0.007518796992481203,True,within_12m,sample_median_scaled,True,0.008893010291492568,-0.2050486651810926,-0.01777799113736297,0.2732356678741909,0.4529860223464549,0.521936277227644,0.7429408566930104,,0.7653271909805024,0.9302117638338849
1004,behenoylcarnitine (C22)*,Method 2,IUMXSSOVGPXXJL-UHFFFAOYSA-N,HMDB0062468,,0.13345864661654136,True,within_12m,sample_median_scaled,True,-0.0011568778228815571,-0.23705898181486562,-0.010414267756601106,0.317547031221924,0.45534618169069163,0.7488813005697363,0.44364981942606013,,0.7659518733222848,0.9682124660595566
287,trizma acetate,Method 1,LENZDBCJOHFCAS-UHFFFAOYSA-N,,C07182,0.18233082706766918,True,within_12m,sample_median_scaled,True,-0.02302141238664993,0.538537973978519,-0.09357290473894181,0.7219894979233875,0.45572279850738995,0.5221552208965559,0.16788757250866354,,0.7659518733222848,0.9302117638338849
1206,picolinoylglycine,Method 3,MNYZGNSHBPLAFN-UHFFFAOYSA-N,HMDB0059766,,0.041353383458646614,True,within_12m,sample_median_scaled,True,0.00866376677740378,-0.2885226160011215,-0.02869887001545525,0.38683196009031706,0.4557517871759944,0.4165899108311766,0.5179575868666415,,0.7659518733222848,0.9235528527050412
1210,(15:3)-anacardic acid,Method 3,QUVGEKPNSCFQIR-AOSYACOCSA-N,HMDB31059,,0.924812030075188,False,within_12m,sample_median_scaled,True,0.00044705033074048117,0.25575906771532914,0.036308585632216485,0.34312060365301683,0.4560352811805256,0.5567843529907549,0.1413076539478491,,0.7659518733222848,0.9345849040314308
117,cytidine,Method 1,UHDGCWIWMRVCDJ-XVFCMESISA-N,HMDB0000089,C00475,0.05639097744360902,True,within_12m,sample_median_scaled,True,-0.0010829052467382202,-0.15505156831824327,0.002300578725168078,0.20818336192815978,0.4564025084474076,0.9043130690280569,0.7767027637123715,,0.7659518733222848,0.9922043759126522
282,cysteine s-sulfate,Method 1,NOKPBJYHPHHWAN-REOHCLBHSA-N,HMDB0000731,C05824,0.0,True,within_12m,sample_median_scaled,True,-0.007889470994463448,-0.17036774094734433,0.012228556716767923,0.22942982908167572,0.45774197054650856,0.7159382071800418,0.7398415283656687,,0.7671755426359483,0.9682124660595566
22,S-adenosylhomocysteine (SAH),Method 3,ZJUKTBDSGOFHSH-UHFFFAOYSA-N,HMDB0000939,C00021,0.04887218045112782,True,within_12m,sample_median_scaled,True,-0.0011350743879885606,0.1964482836470988,-0.001251864295434301,0.2657085820481267,0.4597021639249318,0.957340453740463,0.6714567573743098,,0.7686696563606317,0.9929752200823792
66,citrulline,Method 1,RHGKLRLOHDJJDR-UHFFFAOYSA-N,HMDB0000904,C00327,0.0,True,within_12m,sample_median_scaled,True,0.0024891317463577693,-0.09910061472110669,-0.013560890916816016,0.13427625345957034,0.46049299972935587,0.3418168914036046,0.5220357512102625,,0.7686696563606317,0.8674382944313466
370,10-nonadecenoate (19:1n9),Method 3,BBOWBNGUEWHNQZ-KTKRTIGZSA-N,HMDB0013622,,0.0,True,within_12m,sample_median_scaled,True,0.00017601554212518905,0.1523125353352757,0.03239249466891673,0.20661989559210683,0.46102325093764607,0.43725301623809343,0.37481508144943776,,0.7686696563606317,0.9235528527050412
742,N-acetylalliin,Method 3,CCCNUHFRBBIFHO-CVSPRKDYSA-N,,,0.24060150375939848,False,within_12m,sample_median_scaled,True,0.008925180582254442,-0.4044723647816163,-0.08749039076822565,0.5487567027615109,0.46107949156397476,0.2392827398735432,0.4619511258685096,,0.7686696563606317,0.8607149119510451
686,doxylamine,Method 1,HCFDWZZGGLSKEP-UHFFFAOYSA-N,HMDB0001936,D07878,0.9793233082706767,False,within_12m,sample_median_scaled,True,-0.000626007212588009,0.16371735160195014,0.0010928910515864275,0.22378933105610965,0.4644316357318552,0.22780816653793046,0.9799810459350259,,0.7722265764367682,0.8607149119510451
919,(S)-3-hydroxybutyrylcarnitine,Method 1,UEFRDQSMQXDWTO-UHFFFAOYSA-N,HMDB0013127,,0.0,True,within_12m,sample_median_scaled,True,0.0016056955414524743,0.16935504910133695,0.009761540125365517,0.23165798372553015,0.4647447106741005,0.812146362828654,0.5425451728544259,,0.7722265764367682,0.9777128002775092
387,"fibrinopeptide A, des-ala(1)*",Method 3,JAMFMQAPZKXSKC-UHFFFAOYSA-N,,,0.0,True,within_12m,sample_median_scaled,True,0.0067945887957467305,-0.18103497829605006,-0.011573060265060962,0.24780754922025997,0.46505610052715474,0.6644859993248549,0.6752683727237689,,0.7722265764367682,0.9622271433280913
941,4-aminophenol sulfate (2),Method 3,DJEGXIBXYHERSU-UHFFFAOYSA-N,,,0.8966165413533834,False,within_12m,sample_median_scaled,True,0.0051720862393960605,-0.157649930078284,-0.03898650501332479,0.2167117082274131,0.4669418627509404,0.20172044112760956,0.810482224420867,,0.7726192083675383,0.8607149119510451
1198,eicosenedioate (C20:1-DC)*,Method 3,NZLFRLCYQVOISV-IWQZZHSRSA-N,,,0.0018796992481203006,True,within_12m,sample_median_scaled,True,-0.005670848121013255,0.14530502036506568,-0.02297803863572737,0.1998285365346286,0.4671349914328047,0.028969375466786778,0.8904526861914371,,0.7726192083675383,0.7677175285372149
515,2-ethylphenylsulfate,Method 3,TXENPQZYQPWRAV-UHFFFAOYSA-N,,,0.5827067669172933,False,within_12m,sample_median_scaled,True,-0.006310085945050238,-0.34133578077804994,-0.029932728469301208,0.46941848649410656,0.46713651420789903,0.7304217601703289,0.6931985602824682,,0.7726192083675383,0.9682124660595566
997,sphingomyelin (d18:2/24:2)*,Method 2,ZLNGRWIWHFFRNK-UKCALJHFSA-N,HMDB0240644,,0.0,True,within_12m,sample_median_scaled,True,-0.0024166371662691123,-0.08427888614672491,0.01773470482093799,0.11653549945766085,0.4695548421491025,0.09574879493814616,0.6585988581309326,,0.7746641966763108,0.8607149119510451
105,adenosine,Method 3,OIRDTQYFTABQOQ-KQYNXXCUSA-N,HMDB0000050,C00212,0.6409774436090225,False,within_12m,sample_median_scaled,True,0.002452909080136682,0.21089516793434207,0.021397831146329187,0.29167382263134417,0.46964830160380433,0.6286330469233946,0.4738872782056477,,0.7746641966763108,0.9556588594887989
1006,lignoceroylcarnitine (C24)*,Method 2,YDUFZFUYBBPVLJ-UHFFFAOYSA-N,HMDB0240665,,0.0018796992481203006,True,within_12m,sample_median_scaled,True,0.0014312774597610778,-0.1497990170720827,0.007064868903175928,0.20744388989139975,0.47022178366270895,0.652418802825397,0.41676681520093106,,0.7746641966763108,0.9622271433280913
106,betaine,Method 1,KWIUHFFTVRNATP-UHFFFAOYSA-N,HMDB0000043,C00719,0.0,True,within_12m,sample_median_scaled,True,-0.001369702713963629,0.0847217063274364,0.00438720223737264,0.11893562741351021,0.4762589370667094,0.6337009618279235,0.6567246269919622,,0.7835830941005939,0.9559742454814228
213,metoprolol,Method 1,IUBSYMUCCVWXPE-UHFFFAOYSA-N,HMDB0001932,D02358,0.9304511278195489,False,within_12m,sample_median_scaled,True,0.0009165414933039342,0.2338282330997565,-0.094148318968711,0.32878014908802194,0.4769607023259471,0.14404315014413008,0.6839654447792123,,0.7837118991159681,0.8607149119510451
876,gamma-tocopherol/beta-tocopherol,Method 2,QUEDXNHFTDJVIY-DQCZWYHMSA-N,"HMDB0006335,HMDB0001492","C14152,C02483",0.0,True,within_12m,sample_median_scaled,True,-0.002981268029657626,-0.16026370319903854,0.003083082789003591,0.22590044950528496,0.478049033278072,0.7773103819972884,0.9671069830607194,,0.7844747190999171,0.973186404552382
224,hippurate,Method 3,QIAFMBKCNZACKA-UHFFFAOYSA-N,HMDB0000714,C01586,0.0,True,within_12m,sample_median_scaled,True,0.01598390021679164,-0.33025288949158993,-0.06057225830898469,0.4665403238716896,0.47902201041338177,0.30229449227017613,0.5360469221299295,,0.7850465020725175,0.8607149119510451
60,hypotaurine,Method 1,VVIUBCNYACGLLV-UHFFFAOYSA-N,HMDB0000965,C00519,0.0,True,within_12m,sample_median_scaled,True,0.002326300738005057,-0.16342612997718609,0.01829355974834127,0.2320493705319966,0.48126271392292597,0.46969873705854437,0.6132080782379364,,0.787168064013575,0.9263190966979289
629,glycoursodeoxycholate,Method 3,GHCZAUBVMUEKKP-XROMFQGDSA-N,HMDB0000708,,0.0,True,within_12m,sample_median_scaled,True,-0.026147505244392025,-0.5000902673556237,-0.007725667911201923,0.7105762777651374,0.4815690065445021,0.9058534704021101,0.6985999988792239,,0.787168064013575,0.9922043759126522
414,orotidine,Method 4,FKCRAVPPBFWEJD-XVFCMESISA-N,HMDB0000788,,0.009398496240601503,True,within_12m,sample_median_scaled,True,0.0035245776200854575,0.2600981784474203,-0.02100235601409698,0.37304143875016754,0.48565468041832893,0.07657734661053277,1.0622216893646175,,0.7913044835953994,0.8607149119510451
881,1-(1-enyl-palmitoyl)-2-linoleoyl-GPC (P-16:0/18:2)*,Method 2,QLEHHUPUHJPURI-PWYDUFMYSA-N,HMDB0011211,,0.0,True,within_12m,sample_median_scaled,True,-0.0007626000530323105,-0.07167729740937456,0.014848611384952293,0.10282860994832102,0.48576776163404944,0.32791720380506517,0.7413785068518559,,0.7913044835953994,0.8607149119510451
1231,decadienedioic acid (C10:2-DC)**,Method 4,FRWVXIATCBRYHA-KPMZXABDSA-N,,,0.07706766917293233,True,within_12m,sample_median_scaled,True,0.009065783649703792,-0.3270167362886819,0.039125533451085076,0.46937692583395824,0.48598811562104083,0.4445950422972784,0.7300469142570749,,0.7913044835953994,0.9235528527050412
509,2-hydroxyacetaminophen sulfate*,Method 3,HRLQZTOIKWEZBN-UHFFFAOYSA-N,HMDB0062547,,0.6334586466165414,False,within_12m,sample_median_scaled,True,0.010239432621441558,-0.5863713374329141,-0.13037365569785606,0.8495393168583603,0.49005413811505827,0.15214372326868142,0.6167293901846018,,0.7968926928986135,0.8607149119510451
756,N-linoleoyltaurine*,Method 3,YIWODQVLEDDQSF-HZJYTTRNSA-N,,,0.12969924812030076,True,within_12m,sample_median_scaled,True,-0.007664968506641296,0.27135982058146424,-0.02747288603599991,0.39410095297105224,0.4911039244497718,0.5891394662262244,0.571624312856041,,0.7975680013350944,0.9473607459637016
1177,fibrinopeptide B (1-9)**,Method 3,WWZFLBITCJUQNV-UHFFFAOYSA-N,,,0.0018796992481203006,True,within_12m,sample_median_scaled,True,-0.0032976137401486186,-0.1966870035619278,0.01830149196400348,0.28645568355845236,0.49232045682969605,0.44215303073410506,0.5213787725189812,,0.7984328808686882,0.9235528527050412
505,1-linoleoyl-GPI (18:2)*,Method 3,SAHCQBPGXQFTRA-WNOZMNFTSA-N,HMDB0240597,,0.0,True,within_12m,sample_median_scaled,True,0.0014025005501242277,-0.12476612036169142,-0.0005278928152387055,0.18195852027181209,0.49291214072571654,0.9692276709073164,0.5762177078497268,,0.7984328808686882,0.9929752200823792
1048,glucuronide of C10H18O2 (1)*,Method 3,,,,0.33270676691729323,False,within_12m,sample_median_scaled,True,0.0030589277185377388,0.3766239575662034,0.015164815312449422,0.5511144753187877,0.49436291745887273,0.7904933351462957,0.4231833056662224,,0.7984328808686882,0.9777128002775092
306,2-palmitoylglycerol (16:0),Method 3,BBNYCLAREVXOSG-UHFFFAOYSA-N,HMDB0011533,,0.46616541353383456,False,within_12m,sample_median_scaled,True,0.0030705773328049742,0.320589964083798,0.1178767104388544,0.46979244941133097,0.49498121619378077,0.14468176404575261,0.2790328894358399,,0.7984328808686882,0.8607149119510451
677,succinimide,Method 3,KZNICNPSHKQLFF-UHFFFAOYSA-N,,C07273,0.10338345864661654,True,within_12m,sample_median_scaled,True,5.018439830360678e-05,-0.20347243796372722,-0.057820702880329866,0.29897357858602464,0.4961436369964505,0.030315069953416332,0.6195184508067345,,0.7984328808686882,0.7677175285372149
1084,3-amino-2-piperidone,Method 1,YCCMTCQQDULIFE-UHFFFAOYSA-N,HMDB0000323,,0.0,True,within_12m,sample_median_scaled,True,0.0006287325678682868,-0.08699313983865424,-0.004307509309453975,0.12800195372771184,0.49674286589378047,0.7381743994243717,0.9170584460913318,,0.7984328808686882,0.9682124660595566
40,choline phosphate,Method 1,YHHSONZFOIEMCP-UHFFFAOYSA-N,HMDB0001565,C00588,0.0018796992481203006,True,within_12m,sample_median_scaled,True,0.0006817996931042384,-0.12209531099425582,0.0195694450398096,0.1797428944073153,0.4969620252096528,0.41011274931352937,0.7440166793715004,,0.7984328808686882,0.920556653369833
617,2-oxoarginine*,Method 1,ARBHXJXXVVHMET-UHFFFAOYSA-N,HMDB0004225,C03771,0.0,True,within_12m,sample_median_scaled,True,-0.005774069587168001,-0.12674085368809443,-0.030067837368299127,0.186780930974422,0.497420817039291,0.3778658798089879,0.5528977583562973,,0.7984328808686882,0.9013137198138963
399,isovalerylcarnitine (C5),Method 1,IGQBPDJNUXPEMT-UHFFFAOYSA-N,HMDB0000688,C20826,0.0,True,within_12m,sample_median_scaled,True,0.00042372669970561775,-0.13694900219470624,0.03416051812152213,0.20187534690619546,0.4975282610100058,0.17067568025191682,0.6863765232701876,,0.7984328808686882,0.8607149119510451
96,2'-deoxyuridine,Method 3,MXHRCPNRJAMMIM-UHFFFAOYSA-N,HMDB0000012,C00526,0.02443609022556391,True,within_12m,sample_median_scaled,True,0.0008681308694208534,-0.13804830463315337,0.005490476833420481,0.20371373505000118,0.49798836801992963,0.5707030510987898,0.7734772164401369,,0.7984328808686882,0.9414353480724131
737,"N2,N5-diacetylornithine",Method 3,XUYANFPPYJSBPU-UHFFFAOYSA-N,HMDB0240345,,0.03007518796992481,True,within_12m,sample_median_scaled,True,0.0012544119211064914,0.2128307344889238,-0.015947951178424076,0.31480688767687165,0.4989977315310895,0.4986658420126737,0.7380889370106409,,0.7990320363497828,0.9302117638338849
826,arabitol/xylitol,Method 4,HEBKCHPVOIAQTA-IMJSIDKUSA-N,"HMDB0001851,HMDB0000568,HMDB0002917","C00379,C00542,C01904",0.0,True,within_12m,sample_median_scaled,True,-0.0004728696362492171,0.11581120252386051,-0.010830838305339884,0.17161976738049883,0.49979475606276746,0.4100595089140209,0.7748474297524975,,0.7992900869858762,0.920556653369833
159,N-carbamoylaspartate,Method 1,HLKXYZVTANABHZ-REOHCLBHSA-N,HMDB0000828,C00438,0.9172932330827067,False,within_12m,sample_median_scaled,True,-0.004860442002762691,0.15770250042597014,0.02465686136752049,0.23613413724970964,0.504228489811071,0.04537802176126759,0.6740534847540727,,0.8041139855605313,0.7922246299154634
375,gamma-glutamylglycine,Method 1,ACIJGUBIMXQCMF-BYPYZUCNSA-N,HMDB0011667,,0.0,True,within_12m,sample_median_scaled,True,-0.0014034940595728347,0.0666217746950717,1.3354109711206541e-05,0.09998362916507195,0.5052022198392654,0.9992662957885909,0.6130986147153998,,0.8041139855605313,0.9992662957885908
226,suberate (C8-DC),Method 4,TYFQFVWCELRYAO-UHFFFAOYSA-N,HMDB0000893,C08278,0.2650375939849624,False,within_12m,sample_median_scaled,True,0.006254072173631419,0.19879675108985223,0.09402005089456202,0.29840539904306457,0.5052852556249228,0.06474908197837421,0.1886085895010217,,0.8041139855605313,0.8607149119510451
232,4-guanidinobutanoate,Method 1,TUHVEAJXIMEOSA-UHFFFAOYSA-N,HMDB0003464,C01035,0.0,True,within_12m,sample_median_scaled,True,-0.003961968140737414,0.13423501460882564,-0.0031737374449697215,0.20153460196948947,0.5053699670587268,0.9378988446313002,0.3372635160086118,,0.8041139855605313,0.9929752200823792
906,"1,2-dilinoleoyl-GPE (18:2/18:2)*",Method 2,SSCDRSKJTAQNNB-DWEQTYCFSA-N,HMDB0009093,,0.12969924812030076,True,within_12m,sample_median_scaled,True,-0.009266623866177933,0.26882327617236806,0.061761556401579085,0.4051416194678406,0.5069917137698255,0.3871233345284354,0.24985356351937596,,0.8047005406795189,0.9032872945775855
151,N-acetylvaline,Method 3,IHYJTAOFMMMOPX-LURJTMIESA-N,HMDB0011757,,0.0,True,within_12m,sample_median_scaled,True,0.0007768078384396378,0.08606355982792672,-0.0015111207739465075,0.1297157562280518,0.5070244189422444,0.845508553499358,0.9003728735876866,,0.8047005406795189,0.9777128002775092
557,gamma-CEHC,Method 3,VMJQLPNCUPGMNQ-UHFFFAOYSA-N,HMDB0001931,,0.011278195488721804,True,within_12m,sample_median_scaled,True,0.006794405485493542,-0.17800234047360997,0.009609383928027144,0.2686880303910655,0.5076591318686225,0.6952035856484342,0.5334752088287774,,0.8047005406795189,0.9639401888384792
531,"bilirubin (E,Z or Z,E)*",Method 2,BPYKTIZUTYGOLE-BMNRKXRESA-N,HMDB0000488,C00486,0.0018796992481203006,True,within_12m,sample_median_scaled,True,-0.004010552998936103,0.11084325701153278,0.00029914349362619323,0.1678773413028239,0.5090848402731865,0.9836657812097289,0.6806844504996137,,0.8058959084323928,0.9971515217585719
569,12-HETE,Method 3,ZNHVWPKMFKADKW-VXBMJZGYSA-N,HMDB0006111,C14777,0.09398496240601503,True,within_12m,sample_median_scaled,True,-0.01208461473543842,0.2798068401599373,0.1190470940425757,0.4243922194462035,0.5096955029465013,0.008219856982083258,0.3985970496775126,,0.8058959084323928,0.5740200125821475
658,N6-methyllysine,Method 1,PQNASZJZHFPQLE-LURJTMIESA-N,HMDB0002038,C02728,0.0,True,within_12m,sample_median_scaled,True,0.0017868275783879826,-0.1674691393656889,-0.01563953176864486,0.2551612527354689,0.5116139509067084,0.12666637133256745,0.8901580166818217,,0.8079129852886086,0.8607149119510451
202,1-palmitoyl-2-oleoyl-GPE (16:0/18:1),Method 2,FHQVHHIBKUMWTI-OTMQOFQLSA-N,HMDB0005320,,0.0,True,within_12m,sample_median_scaled,True,0.002255072702142287,-0.09774368734732876,-0.008148191950439051,0.14933275670671484,0.512766446234685,0.6626509676034138,0.6443433605849118,,0.8087169672735245,0.9622271433280913
932,caffeic acid sulfate,Method 4,SNVAIAITQIIEMQ-DUXPYHPUSA-N,HMDB0041708,,0.26879699248120303,False,within_12m,sample_median_scaled,True,0.013498994069715822,-0.46470452677383484,-0.06476353348064297,0.713696274036215,0.5149666675082558,0.4775296536676674,0.39860464447319094,,0.8111692995712751,0.9263190966979289
895,1-(1-enyl-palmitoyl)-2-linoleoyl-GPE (P-16:0/18:2)*,Method 2,LJVXDBWIBQQKFU-CCJYEBHUSA-N,HMDB0011343,,0.0,True,within_12m,sample_median_scaled,True,-0.000946124766383147,0.07439252334242405,0.013901308832364768,0.1146445344599522,0.5164047912077021,0.5441000205789541,0.6651655453508197,,0.812416548871191,0.931585523669646
446,glutamine_degradant*,Method 1,NPWMTBZSRRLQNJ-UHFFFAOYSA-N,,,0.0,True,within_12m,sample_median_scaled,True,-0.0006805434661885649,0.1161786258134891,0.01431262255453548,0.18005553377442637,0.5187731321918626,0.20190996825463803,0.8176360490417711,,0.814891714659237,0.8607149119510451
1023,carotene diol (1),Method 2,JKQXZKUSFCKOGQ-DKLMTRRASA-N,,,0.0,True,within_12m,sample_median_scaled,True,-0.00444177162658266,-0.1569190315285278,-0.008877177231311328,0.2434877056463682,0.519274672587151,0.7441099170318847,0.8228172407939562,,0.814891714659237,0.9682124660595566
710,2-aminooctanoate,Method 2,AKVBCGQVQXPRLD-UHFFFAOYSA-N,HMDB0000991,,0.02443609022556391,True,within_12m,sample_median_scaled,True,0.0014563274199739787,0.16246112306468935,-0.0414925598902003,0.2540040690715654,0.5224323740146195,0.013808793784841684,0.68826315208286,,0.8179829232252582,0.694767083139127
229,3-methylhistidine,Method 3,JDHILDINMRGULE-LURJTMIESA-N,HMDB0000479,C01152,0.0,True,within_12m,sample_median_scaled,True,-0.0030018116370348407,-0.2871573393000723,-0.023300691057665194,0.4494786121122819,0.5229090422914868,0.6099499266155789,0.40339283750313115,,0.8179829232252582,0.9496398987235734
41,corticosterone,Method 3,OMFXVFTZEKFJBZ-UHFFFAOYSA-N,HMDB0001547,C02140,0.49624060150375937,False,within_12m,sample_median_scaled,True,0.008864305586498611,0.23631457647533496,-0.06943870864690975,0.3701521388842069,0.523196714616633,0.2147752552066713,0.4834527065013593,,0.8179829232252582,0.8607149119510451
1149,tauroursodeoxycholic acid sulfate (1),Method 3,GLVWZDCWCRWVFM-LBSADWJPSA-N,,,0.17481203007518797,True,within_12m,sample_median_scaled,True,-0.041517940537580476,0.3759266471599842,-0.010885723685451237,0.5916561668480773,0.5251804414945522,0.8487521378771755,0.7113452238887239,,0.8200643664082635,0.9777128002775092
667,pregnanediol-3-glucuronide,Method 3,ZFFFJLDTCLJDHL-JQYCEVDMSA-N,HMDB0010318,,0.5883458646616542,False,within_12m,sample_median_scaled,True,-0.0021612433731731805,-0.26953488439458384,0.019039403167756732,0.42617961897650153,0.5270965734057589,0.7083659921634979,0.7509704317992179,,0.8211501301671972,0.9640465772053777
1089,2-hydroxysebacate,Method 3,LPIOYESQKJFWPQ-UHFFFAOYSA-N,HMDB0000424,,0.02443609022556391,True,within_12m,sample_median_scaled,True,0.0031044088168435536,-0.14061397785232882,0.046252017575526994,0.22275145574951224,0.5278708478568703,0.11181300557966121,0.5985426816641619,,0.8211501301671972,0.8607149119510451
108,mannose,Method 4,WQZGKKKJIJFFOK-DXQLJALPSA-N,HMDB0000169,"C00159,C02209,C00936",0.0,True,within_12m,sample_median_scaled,True,-9.440457917444728e-05,0.1784450385636308,0.028646280973827275,0.2836689497591172,0.5293092015691327,0.16507664827194335,0.9012529559595693,,0.8211501301671972,0.8607149119510451
674,prolylglycine,Method 1,RNKSNIBMTUYWSH-YFKPBYRVSA-N,HMDB0011178,,0.013157894736842105,True,within_12m,sample_median_scaled,True,-0.001980627810891335,0.15022351655154836,-0.004458823653316161,0.23891027335302686,0.529488943604112,0.8947118475144094,0.6442830022051224,,0.8211501301671972,0.9900112608500111
18,quinolinate,Method 4,GJAWHXHKYYXBSV-UHFFFAOYSA-N,HMDB0000232,C03722,0.009398496240601503,True,within_12m,sample_median_scaled,True,-0.001982326351236285,-0.13875694775553798,0.0008858294065576641,0.22100716667611253,0.5301093280652487,0.952861125974113,0.6898835063201432,,0.8211501301671972,0.9929752200823792
1147,"2,6-dihydroxybenzoic acid",Method 3,AKEUNCKRJATALU-UHFFFAOYSA-N,HMDB0013676,,0.0,True,within_12m,sample_median_scaled,True,-0.007025171497300077,0.172923043811381,-0.02021382037332494,0.27556831472259175,0.5303221995082383,0.44363620806362747,0.6078389823732117,,0.8211501301671972,0.9235528527050412
51,fumarate,Method 4,VZCYOOQTPOCHFL-OWOJBTEDSA-N,HMDB0000134,C00122,0.0018796992481203006,True,within_12m,sample_median_scaled,True,0.0012370987514259725,-0.1370515896868762,-0.022504903150876623,0.21847110744141054,0.5304486123275769,0.21168551981700612,0.9427888740197546,,0.8211501301671972,0.8607149119510451
1024,carotene diol (2),Method 2,JKQXZKUSFCKOGQ-DKLMTRRASA-N,,,0.007518796992481203,True,within_12m,sample_median_scaled,True,-0.0017204289760931767,-0.16111437585996552,-0.014759028688179144,0.25819936036742286,0.5326327357068064,0.5256505146895161,0.8809805792025276,,0.8225848931634421,0.9302117638338849
781,arabonate/xylonate,Method 4,QXKAIJAYHKCRRA-JJYYJPOSSA-N,HMDB0000539,"C00502,C05411",0.0018796992481203006,True,within_12m,sample_median_scaled,True,0.0031152149130144998,0.12919400230220807,-0.0020219182583684644,0.20707030241346122,0.5326842506245361,0.9282672570044339,0.842491614072133,,0.8225848931634421,0.9929752200823792
261,docosahexaenoate (DHA; 22:6n3),Method 3,MBMBGCFOFBJSGT-KUBAVDMBSA-N,HMDB0002183,C06429,0.0,True,within_12m,sample_median_scaled,True,-0.003838332928269667,0.11907078750200606,-0.017250721293765047,0.19181036405002674,0.5347486735872697,0.6283291309665371,0.5847517617671626,,0.8241599843000782,0.9556588594887989
244,theophylline,Method 3,ZFXYFBGIUFBOJW-UHFFFAOYSA-N,HMDB0001889,C07130,0.013157894736842105,True,within_12m,sample_median_scaled,True,0.0017509599212679292,0.17724340178246165,0.009110979229858533,0.2860533928350232,0.5355103017371986,0.7601890545446655,0.5581107306796833,,0.8241599843000782,0.9682124660595566
1079,fibrinopeptide A (7-16)*,Method 3,NQUPYRJVFYRZQX-UHFFFAOYSA-N,,,0.0018796992481203006,True,within_12m,sample_median_scaled,True,0.0033819663268503546,0.12223056258097056,-0.004322265717248931,0.1973459051699244,0.5356712069794463,0.8693982649441764,0.672103008521325,,0.8241599843000782,0.9852070031134053
250,3-indoxyl sulfate,Method 3,BXFFHSIDQOFMLE-UHFFFAOYSA-N,HMDB0000682,,0.0,True,within_12m,sample_median_scaled,True,0.00812541712759448,-0.2046258471534785,0.03508314944408949,0.3318379455776608,0.5374696273323074,0.32641309926037043,0.6691227350779595,,0.8259160410228733,0.8607149119510451
338,adrenate (22:4n6),Method 3,TWSWSIQAPQLDBP-CGRWFSSPSA-N,HMDB0002226,C16527,0.0,True,within_12m,sample_median_scaled,True,-0.0024953746502107675,0.12976405589232018,0.03172414237976411,0.21130005279467484,0.5391345711256972,0.44315743428985555,0.5085931234205746,,0.8265898798923623,0.9235528527050412
577,N-acetyl-cadaverine,Method 1,RMOIHHAKNOFHOE-UHFFFAOYSA-N,HMDB0002284,,0.35902255639097747,False,within_12m,sample_median_scaled,True,0.012713219721038813,-0.32700539716452853,0.054952104104084486,0.5330171240476228,0.5395465373175885,0.5753172350001323,0.48722533790767947,,0.8265898798923623,0.9416325057228728
704,zolpidem,Method 1,ZAFYATHCZYHLPB-UHFFFAOYSA-N,HMDB0005023,C07219,0.9718045112781954,False,within_12m,sample_median_scaled,True,-0.0008425523624916684,0.11813335551562172,-0.036131144764062643,0.19288113086706418,0.5402287292108283,0.25429946368857903,0.3522046547655686,,0.8265898798923623,0.8607149119510451
104,alpha-ketobutyrate,Method 4,TYEYBOSBBBHJIV-UHFFFAOYSA-N,HMDB0000005,C00109,0.20488721804511278,False,within_12m,sample_median_scaled,True,-0.0023443573536259875,0.3178842867896585,0.04583094968658743,0.5194197081603303,0.540538489476151,0.6371010168005635,0.30213521372765484,,0.8265898798923623,0.9559742454814228
717,indolin-2-one,Method 1,JYGFTBXVXVMTGB-UHFFFAOYSA-N,,C12312,0.07706766917293233,True,within_12m,sample_median_scaled,True,0.005428541402230757,-0.19281721736054422,-0.021739221817518677,0.31735488966814807,0.5434687163993771,0.5510219574653257,0.5313903933300053,,0.8269407193580295,0.9318930942716541
321,"1,3-dimethylurate",Method 3,OTSBKHHWSQYEHK-UHFFFAOYSA-N,HMDB0001857,,0.07706766917293233,True,within_12m,sample_median_scaled,True,0.018376178069423144,-0.22700677791217239,0.012161478942247807,0.37384559042615034,0.5437044623402545,0.7674490456449491,0.45161594346112066,,0.8269407193580295,0.9682124660595566
1119,3-hydroxypyridine glucuronide,Method 1,IOLHQSZMUUGACW-UHFFFAOYSA-N,,,0.5883458646616542,False,within_12m,sample_median_scaled,True,0.009347933104234995,-0.3034879863848114,0.051454932606865525,0.5014094839616801,0.5449997861800144,0.5054267776889125,0.4656899913572027,,0.8269407193580295,0.9302117638338849
286,erythritol,Method 4,UNXHWFMMPAWVPI-UHFFFAOYSA-N,HMDB0002994,C00503,0.0,True,within_12m,sample_median_scaled,True,0.003001907819294669,-0.22707258655916565,0.06989567496330495,0.3753400097690314,0.5451933700502138,0.3277581415839834,0.563934599390982,,0.8269407193580295,0.8607149119510451
925,ascorbic acid 2-sulfate,Method 4,SKKZOYBAANIUOV-ZAFYKAAXSA-N,HMDB0060649,,0.0,True,within_12m,sample_median_scaled,True,0.003862860817904781,-0.12699957177627952,-0.019669340199538417,0.2100128437081336,0.5453631427145732,0.22926890647994724,0.7875252849127822,,0.8269407193580295,0.8607149119510451
335,3-carboxy-4-methyl-5-propyl-2-furanpropanoate (CMPF),Method 3,WMCQWXZMVIETAO-UHFFFAOYSA-N,HMDB0061112,,0.0,True,within_12m,sample_median_scaled,True,0.003525216907320017,0.2899125010085338,-0.06802897366918388,0.4827882285580852,0.5481755866302704,0.05630600016025176,0.6805991597525636,,0.8269407193580295,0.841462374980247
540,"androstenediol (3beta,17beta) disulfate (2)",Method 3,UWPTUYJASNIIJM-QJIZPQHZSA-N,HMDB0240313,,0.0,True,within_12m,sample_median_scaled,True,-0.00893346944401424,0.1756673457154238,0.00965748026003185,0.29259276963972947,0.5482518780764409,0.5291180677336735,0.872124138254686,,0.8269407193580295,0.9302117638338849
1208,4-vinylguaiacol glucuronide,Method 3,RRBFAJWNNUHFMC-DKBOKBLXSA-N,,,0.6165413533834586,False,within_12m,sample_median_scaled,True,0.008911378614242032,-0.2711204435838229,-0.07813200753744431,0.4519403386554052,0.5485707670357453,0.1798188872148273,0.4592754094884399,,0.8269407193580295,0.8607149119510451
800,propyl 4-hydroxybenzoate sulfate,Method 3,WEKBGFBWJOHXKR-UHFFFAOYSA-N,HMDB0135261,,0.42105263157894735,False,within_12m,sample_median_scaled,True,-0.02618267401973918,0.4637719603859033,0.05498547589794479,0.7738631382126854,0.5489764822482446,0.7026092177619634,0.47952011305126824,,0.8269407193580295,0.9639401888384792
1164,montelukast,Method 2,UCHDWCPVSPXUMX-TZIWLTJVSA-N,HMDB0014614,C07482,0.981203007518797,False,within_12m,sample_median_scaled,True,0.0019133293623722612,0.05183253893236019,-0.0020333688249374307,0.08657722803807474,0.5493825676154376,0.1368922636841223,0.6760861454624956,,0.8269407193580295,0.8607149119510451
779,maltol sulfate,Method 3,PVWYGTJERKKPRW-UHFFFAOYSA-N,,,0.29699248120300753,False,within_12m,sample_median_scaled,True,-0.003639224155483084,0.34139509191922923,-0.013167145630171762,0.570510289024926,0.5495710371042654,0.8704950900099059,0.465120595622545,,0.8269407193580295,0.9852070031134053
398,laurylcarnitine (C12),Method 2,FUJLYHJROOYKRA-UHFFFAOYSA-N,HMDB000225,,0.0,True,within_12m,sample_median_scaled,True,-0.000612563697979532,0.13730857968853424,0.011245770866495836,0.2296319905502304,0.5498729155001407,0.7080335705156293,0.649270969786168,,0.8269407193580295,0.9640465772053777
1001,"sphingomyelin (d17:2/16:0, d18:2/15:0)*",Method 2,YHBBZTIPONDTRX-TVUHHANTSA-N,HMDB0240677,,0.011278195488721804,True,within_12m,sample_median_scaled,True,0.001968267777510413,-0.10870026682663068,0.030968993760323724,0.18191677726198124,0.550155290123046,0.28485738395990146,0.5615728940114687,,0.8269407193580295,0.8607149119510451
1188,3-hydroxy-2-methylpyridine sulfate,Method 3,GOXQGRHDLROYBT-UHFFFAOYSA-N,,,0.18233082706766918,True,within_12m,sample_median_scaled,True,0.009654336899310258,-0.43616503892773,-0.027149007097002697,0.7300513489937419,0.5502107645427812,0.8122466183441355,0.4585200610263256,,0.8269407193580295,0.9777128002775092
167,2-aminobutyrate,Method 1,QWCKQJZIFLGMSD-GSVOUGTGSA-N,HMDB0000452,C02356,0.0,True,within_12m,sample_median_scaled,True,0.0013495338811058094,-0.1283904736115787,0.019284551898839486,0.21512880566458997,0.5506359443935327,0.25103405448222205,0.8126324105114503,,0.8269407193580295,0.8607149119510451
31,aspartate,Method 1,CKLJMWTZIZZHCS-UHFFFAOYSA-N,HMDB0000191,C00049,0.0,True,within_12m,sample_median_scaled,True,-0.004121404809867936,-0.09431131179221043,0.010267555589804007,0.15861914230085658,0.5521261820753165,0.33714049100371923,0.580533599177236,,0.827315229085571,0.8662964931101358
77,ornithine,Method 1,AHLPHDHHMVZTML-BYPYZUCNSA-N,HMDB0000214,C00077,0.0,True,within_12m,sample_median_scaled,True,0.0009360202499564999,-0.07191571708569776,0.0074196830559609605,0.12097568217650918,0.5522016525081893,0.660999626244021,0.49981913593153743,,0.827315229085571,0.9622271433280913
558,N-acetyl-beta-alanine,Method 3,LJLLAWRMBZNPMO-UHFFFAOYSA-N,HMDB0061880,C01073,0.0018796992481203006,True,within_12m,sample_median_scaled,True,0.001098891536276333,0.07998578240876336,-0.014805827357053875,0.13544432164409412,0.5548262389078188,0.3886946612605141,0.6887723825445017,,0.8297388449372954,0.9034007308971047
175,N-acetylneuraminate,Method 1,SQVRNKJHWKZAKO-UHFFFAOYSA-N,HMDB0000230,C00270,0.0,True,within_12m,sample_median_scaled,True,0.0008069628718851903,-0.08188317075409234,-0.012081863763580532,0.13892425343947853,0.5555871073225214,0.19347717169198542,0.6136334638663838,,0.8297388449372954,0.8607149119510451
273,ethacrynic acid,Method 3,AVOLMBLBETYQHX-UHFFFAOYSA-N,HMDB15039,D00313,0.9943609022556391,False,within_12m,sample_median_scaled,True,-0.00046076377351269963,0.0001421251280174816,0.00046076377351270353,0.00024126137419620063,0.555799608144155,0.31149149525378816,0.5257340954034311,,0.8297388449372954,0.8607149119510451
547,"5alpha-androstan-3alpha,17beta-diol disulfate",Method 3,JHFAETDERBWUOO-ILBJSTGGSA-N,HMDB0094682,,0.40037593984962405,False,within_12m,sample_median_scaled,True,-0.008984501092581403,0.3656011860945622,0.036946197620914376,0.6248084916179939,0.5584527827932989,0.0014282591967262317,0.9765996780266271,,0.8327107330618941,0.3590643620569747
494,N6-acetyllysine,Method 3,DTERQYGMUDWYAZ-ZETCQYMHSA-N,HMDB0000206,C02727,0.0,True,within_12m,sample_median_scaled,True,0.0003546806475561594,0.07481847402649375,-0.007983818968489303,0.1285675113822498,0.5606076386977386,0.5010981395517995,0.8574060716286489,,0.8332870474216717,0.9302117638338849
845,1-(1-enyl-stearoyl)-2-oleoyl-GPE (P-18:0/18:1),Method 2,XVYPOHCSLJZFED-QZEVRULJSA-N,HMDB0011375,,0.0,True,within_12m,sample_median_scaled,True,-0.0009421443101653612,0.07834889307169836,0.008576620929417494,0.1348573401031068,0.5612565537006899,0.722606172608603,0.697020272377103,,0.8332870474216717,0.9682124660595566
745,N-methylpipecolate,Method 1,BPSLZWSRHTULGU-ZCFIWIBFSA-N,,,0.009398496240601503,True,within_12m,sample_median_scaled,True,0.002687848537224524,-0.14158025549473718,-0.016461844176276417,0.24374276696321945,0.5613352778936547,0.39940553826163006,0.8299997794529053,,0.8332870474216717,0.9128232028997617
821,C-glycosyltryptophan,Method 3,CPXSBHKDEPPWIX-RAYCSJGISA-N,HMDB0240296,,0.0,True,within_12m,sample_median_scaled,True,-0.0010647943198563911,0.10348264047545015,-0.001501640805546925,0.1782252599686875,0.5614909539905775,0.8318156754984953,0.8086709106162533,,0.8332870474216717,0.9777128002775092
245,quinate,Method 4,AAWZDTNXLSGCEK-WYWMIBKRSA-N,HMDB0003072,C00296,0.06390977443609022,True,within_12m,sample_median_scaled,True,0.0013355791827373946,0.34089154379436376,-0.036483496964881124,0.5941129302974352,0.5661150591918243,0.6330614982592035,0.6164773780928552,,0.838203249651723,0.9559742454814228
983,"glycosyl ceramide (d18:1/23:1, d17:1/24:1)*",Method 2,ZTXYYHYUNQRYIR-BLIGVESQSA-N,,,0.21804511278195488,False,within_12m,sample_median_scaled,True,0.0006508485653664431,0.19013454114685768,0.06869224911268466,0.3313894262587603,0.5661372784043858,0.11393451761326366,0.4626824371808694,,0.838203249651723,0.8607149119510451
1239,torasemide,Method 3,NGBFQHCMQULJNZ-UHFFFAOYSA-N,,,0.9624060150375939,False,within_12m,sample_median_scaled,True,0.0023252448509230193,0.33078615840363634,-0.034367605944685575,0.5783935231817995,0.5673863241474386,0.32291563762887376,0.59776344354739,,0.8390642464156828,0.8607149119510451
188,12-HHTrE,Method 3,KUKJHGXXZWHSBG-WBGSEQOASA-N,HMDB0012535,C20388,0.35902255639097747,False,within_12m,sample_median_scaled,True,-0.010494472410320393,-0.28235385772702387,0.08586558386261987,0.4993374038283689,0.5717629266626965,0.11705981511046826,0.3513140756544495,,0.8421027013250927,0.8607149119510451
248,paraxanthine,Method 3,QUNWUDVFRNGTCO-UHFFFAOYSA-N,HMDB0001860,C13747,0.15037593984962405,True,within_12m,sample_median_scaled,True,-0.010355259287925245,0.32246248730781873,-0.07819427467951909,0.5707839563609126,0.572110048192332,0.2977107926808569,0.48819147490268616,,0.8421027013250927,0.8607149119510451
1030,THC carboxylic acid glucuronide,Method 3,UWXZAZRSQQLWKH-AREXMYMPSA-N,,,0.9417293233082706,False,within_12m,sample_median_scaled,True,0.0010281736350446426,0.23150764020203615,0.03138962363264842,0.4103116440140383,0.5726017574226566,0.12107445707359331,0.5561793243942713,,0.8421027013250927,0.8607149119510451
861,amoxicillin,Method 3,LSQZJLSUYDQPKJ-UHFFFAOYSA-N,HMDB0015193,"DG00520,C06827,D00229",0.9924812030075187,False,within_12m,sample_median_scaled,True,0.0008937360209089732,0.047992321142738,-0.011815209142189469,0.08509447641828442,0.5727618384066026,0.20167821542359565,-0.009310438584812562,,0.8421027013250927,0.8607149119510451
168,urate,Method 3,LEHOTFFKMJEONL-UHFFFAOYSA-N,HMDB0000289,C00366,0.0,True,within_12m,sample_median_scaled,True,-0.0014043785639167225,0.0892188514896006,-0.0044726097418189845,0.1583814903237291,0.5732196222398651,0.5383987034535178,0.7484575333180596,,0.8421027013250927,0.931585523669646
1167,fibrinopeptide A (2-15)**,Method 3,BIJNWWNHDMFRFM-UHFFFAOYSA-N,,,0.15413533834586465,True,within_12m,sample_median_scaled,True,-0.004643351592441679,-0.2466049524111025,-0.07773641403099436,0.4381324212397779,0.5735337359920342,0.13204946447864777,0.5671331002243574,,0.8421027013250927,0.8607149119510451
1076,glutamine conjugate of C8H12O4 (1)*,Method 3,,,,0.6372180451127819,False,within_12m,sample_median_scaled,True,0.0071099032123419,-0.1941401340498745,0.0017323537392679095,0.3455665592343746,0.574250633645627,0.9435788293814116,0.5149048023861992,,0.8421027013250927,0.9929752200823792
1111,4-ethylcatechol sulfate,Method 3,KHZCNGJFSKSSIJ-UHFFFAOYSA-N,,,0.043233082706766915,True,within_12m,sample_median_scaled,True,0.009504177699312734,-0.29791256436469465,-0.08036544017281004,0.5314495313342185,0.575093401212468,0.24017057522175445,0.49594587022015607,,0.8421027013250927,0.8607149119510451
144,pantothenate,Method 3,GHOKWGTUZJEAQD-ZETCQYMHSA-N,HMDB0000210,C00864,0.0,True,within_12m,sample_median_scaled,True,0.0008990576692725232,0.10790295731286262,-0.005576164937809594,0.192679264367228,0.575470342432979,0.8068093722956037,0.6434877649958698,,0.8421027013250927,0.9777128002775092
238,N-acetylglutamate,Method 4,RFMMMVDNIPUKGG-YFKPBYRVSA-N,HMDB0001138,C00624,0.0,True,within_12m,sample_median_scaled,True,0.003026220123096804,-0.10427861003576995,-0.0030667429908931786,0.1878886450974691,0.5788931605640242,0.825294486016573,0.6625272413666446,,0.846126398638347,0.9777128002775092
276,palmitoylcarnitine (C16),Method 2,XOMRRQXKHMYMOC-UHFFFAOYSA-N,HMDB0000222,C02990,0.0,True,within_12m,sample_median_scaled,True,-0.0001192123000208488,-0.08358739049917527,0.014826084582088346,0.1512825643012481,0.5805887487211641,0.28828159098123307,0.6996448468651277,,0.8476191139866471,0.8607149119510451
1016,docosapentaenoylcarnitine (C22:5n3)*,Method 2,MJPIXACTUMSGGI-WMPRHZDHSA-N,,,0.30639097744360905,False,within_12m,sample_median_scaled,True,-0.006723657261338808,-0.17769769202281124,-0.0490899165757349,0.32290253553293186,0.582104222891841,0.20443978223110781,0.4511128627928716,,0.8488457171404226,0.8607149119510451
500,thymol sulfate,Method 3,NODSEPOUFZPJEQ-UHFFFAOYSA-N,HMDB0062720,C09908,0.0037593984962406013,True,within_12m,sample_median_scaled,True,-0.0007512730425146834,-0.30414102876331317,-0.09304165478817596,0.5541074791100531,0.5830846884835316,0.12732655280450814,0.5126652876621955,,0.849079415378855,0.8607149119510451
425,isovalerylglycine,Method 3,ZRQXMKMBBMNNQC-UHFFFAOYSA-N,HMDB00678,,0.3157894736842105,False,within_12m,sample_median_scaled,True,0.001854899536022967,-0.22717652705386487,-0.061768597629517,0.4144714859396842,0.5836154454155376,0.280361518005384,0.4603977420126875,,0.849079415378855,0.8607149119510451
963,palmitoyl-docosahexaenoyl-glycerol (16:0/22:6) [1]*,Method 2,BXVYQJJBMVVALQ-UNMZRDIWSA-N,HMDB0007121,,0.6992481203007519,False,within_12m,sample_median_scaled,True,0.006764258804171448,-0.23860796576534596,-0.1325277030831614,0.4390188788925643,0.5867837014444509,0.0825639091485377,0.27223756819882605,,0.8527018644111848,0.8607149119510451
785,vanillic alcohol sulfate,Method 3,LGXHPUANUXIBJQ-UHFFFAOYSA-N,HMDB0041788,,0.17293233082706766,True,within_12m,sample_median_scaled,True,-0.009632043014923129,0.32610677662909865,-0.12816848072878181,0.6038391828030228,0.5891586384732064,0.26316342263686,0.3284128332264727,,0.8547372415292731,0.8607149119510451
1122,methyl vanillate sulfate,Method 3,IWRNHPTWPBSQSA-UHFFFAOYSA-N,,,0.44548872180451127,False,within_12m,sample_median_scaled,True,-0.006223753505579689,0.33711486183976497,0.1060729993627416,0.6248693994089394,0.5895443026299759,0.13996233256627288,0.28004026296518386,,0.8547372415292731,0.8607149119510451
814,N-carbamoylalanine,Method 1,LUSWEUMSEVLFEQ-UHFFFAOYSA-N,,,0.11654135338345864,True,within_12m,sample_median_scaled,True,0.014683733478037612,-0.193847819572619,-0.05275982707525861,0.36202219196624763,0.5923329241113182,0.23945948323417643,0.476890716826153,,0.8570465468397844,0.8607149119510451
55,glycine,Method 1,DHMQDGOQFOQNFH-UHFFFAOYSA-N,HMDB0000123,C00037,0.0,True,within_12m,sample_median_scaled,True,-0.0019324943663832285,-0.0590626397966899,-0.0027088497392768786,0.11035297885749787,0.5925007551342663,0.7874121263434041,0.9213020382947523,,0.8570465468397844,0.9777128002775092
859,"sphingomyelin (d18:2/23:0, d18:1/23:1, d17:1/24:1)*",Method 2,JBDGKEXQKCCQFK-JWQIMADESA-N,"HMDB0240634,HMDB0011696,HMDB0240614",,0.0,True,within_12m,sample_median_scaled,True,0.0005581770613118863,-0.08783124982176974,-0.012031710245105975,0.16508102287699833,0.5946918207703914,0.380655794440112,0.6874506836811859,,0.8577855466603338,0.9018911445248919
230,4-acetamidophenylglucuronide,Method 3,IPROLSVTVHAQLE-UHFFFAOYSA-N,HMDB0010316,,0.6522556390977443,False,within_12m,sample_median_scaled,True,0.014398574104115752,-0.5453364787121862,-0.18556718711902795,1.0275714728784953,0.595623787081627,0.15306928446576612,0.6458365493689427,,0.8577855466603338,0.8607149119510451
476,undecanedioate (C11-DC),Method 3,LWBHHRRTOZQPDM-UHFFFAOYSA-N,HMDB0000888,,0.2650375939849624,False,within_12m,sample_median_scaled,True,-0.009117399029445769,0.1527773414430301,-0.007280110665625628,0.28802719451508296,0.5958160526847252,0.8762620759592579,0.36578742977449225,,0.8577855466603338,0.9852070031134053
1238,4-chlorobenzoic acid,Method 3,XRHGYUZYPHTUJZ-UHFFFAOYSA-N,,C02370,0.0,True,within_12m,sample_median_scaled,True,0.001283125565116022,0.07702766370690858,0.0009834349389281983,0.14553740678789256,0.5966225461105442,0.9360569139146122,0.7788170455790053,,0.8577855466603338,0.9929752200823792
974,glycerophosphoserine*,Method 1,ZWZWYGMENQVNFU-AKGZTFGVSA-N,,,0.08646616541353383,True,within_12m,sample_median_scaled,True,0.0002531322073762887,-0.07704640669042871,-0.014025581883240794,0.14587673057434516,0.5973875632046455,0.1871581656702771,0.36862390118899957,,0.8577855466603338,0.8607149119510451
606,cotinine N-oxide,Method 1,CIPULDKLIIVIER-VIFPVBQESA-N,HMDB0001411,,0.7875939849624061,False,within_12m,sample_median_scaled,True,0.0007900073099692651,0.17510281929266175,-0.001149234111054555,0.33192946567189985,0.5978254462393001,0.9069553125884147,0.8981835098605496,,0.8577855466603338,0.9922043759126522
904,1-stearoyl-2-oleoyl-GPI (18:0/18:1)*,Method 2,YOBFISPJJWPPTK-BAAZTTAESA-N,HMDB0240667,,0.0,True,within_12m,sample_median_scaled,True,-0.0008977467248560974,-0.11442813021783195,-0.03337580164131621,0.21697241444417295,0.5979258309449135,0.10462069883767891,0.6007790481124,,0.8577855466603338,0.8607149119510451
90,serine,Method 1,MTCFGRXMJLQNBG-REOHCLBHSA-N,HMDB0000187,C00065,0.0,True,within_12m,sample_median_scaled,True,-0.0027396853070225198,-0.07620916442253543,-0.0008757993693551991,0.14471907032336495,0.5984709024829855,0.9515201129457265,0.9479398237502759,,0.8577855466603338,0.9929752200823792
1094,delta-CEHC,Method 3,BNVXCCQXUZCRSR-UHFFFAOYSA-N,,,0.07706766917293233,True,within_12m,sample_median_scaled,True,0.000475957525963002,-0.18027916556736936,0.002046471126141658,0.34481137153382974,0.6010896619738106,0.9519792994914476,0.42906302181947714,,0.8595395737309478,0.9929752200823792
278,theanine,Method 1,DATAGRPVKZEWHA-YFKPBYRVSA-N,HMDB0034365,C01047,0.6992481203007519,False,within_12m,sample_median_scaled,True,0.0063216766393098,0.3502004434786287,0.0028327739184615306,0.671025371521663,0.6017479461544062,0.9814346566955636,0.27380321229686055,,0.8595395737309478,0.996497062573767
1005,arachidoylcarnitine (C20)*,Method 2,SVJLJQBGUITFLI-UHFFFAOYSA-N,HMDB0006460,,0.07518796992481203,True,within_12m,sample_median_scaled,True,-0.003108235975511488,-0.14631843815157916,0.011665357219517187,0.28114674911445237,0.6027608428082705,0.43839762123504167,0.6510469311276638,,0.8595395737309478,0.9235528527050412
1141,dihydrocaffeate sulfate (2),Method 4,WEPNMLSXEATIJK-UHFFFAOYSA-N,,,0.18233082706766918,True,within_12m,sample_median_scaled,True,0.011984490814667974,-0.25569544887186346,0.09072822352007136,0.491739709272962,0.6030766150386615,0.10307998185145313,0.49882653895847434,,0.8595395737309478,0.8607149119510451
101,tryptophan,Method 1,QIVBCDIJIAJPQS-VIFPVBQESA-N,HMDB0000929,C00078,0.0,True,within_12m,sample_median_scaled,True,-0.001582018478859592,-0.06454378876929802,-0.0028656228950279506,0.12415213415258143,0.6031495892676954,0.8534680680186294,0.5125719951040394,,0.8595395737309478,0.9792240869824874
416,4-hydroxyhippurate,Method 3,ZMHLUFWWWPBTIU-UHFFFAOYSA-N,HMDB0013678,,0.0,True,within_12m,sample_median_scaled,True,0.006442324187843083,-0.15969915130712453,0.023831817393920835,0.3077413494444114,0.6038029103508209,0.3267219255180064,0.46296400641565866,,0.8595395737309478,0.8607149119510451
897,1-oleoyl-2-linoleoyl-GPE (18:1/18:2)*,Method 2,GKAFCSRKMWFPSJ-RJXNKANHSA-N,HMDB0005349,,0.005639097744360902,True,within_12m,sample_median_scaled,True,-0.0031794700682834342,0.11657457295969428,0.01286219975882857,0.22506177443368586,0.6044812913111837,0.767231687990965,0.4506445320587075,,0.8595395737309478,0.9682124660595566
888,cetirizine,Method 2,ZKLPARSLTMPFCP-UHFFFAOYSA-N,HMDB0005032,C07778,0.868421052631579,False,within_12m,sample_median_scaled,True,-0.002637161661395652,0.3625530342388076,0.03509474624845523,0.7014055978092121,0.605229470349461,0.26562487098969334,0.9030953199643416,,0.8596310104285564,0.8607149119510451
830,4-hydroxyphenylacetoylcarnitine,Method 1,RLMMGDAPWBGWEF-UHFFFAOYSA-N,,,0.015037593984962405,True,within_12m,sample_median_scaled,True,-0.0004396518663571873,-0.13559016624142925,-0.031759377694595706,0.26410807353029425,0.6076792744409496,0.29617990739985944,0.6082206320755774,,0.8621363972599024,0.8607149119510451
412,N4-acetylcytidine,Method 1,NIDVTARKFBZMOT-PEBGCTIMSA-N,HMDB0005923,,0.0,True,within_12m,sample_median_scaled,True,0.0013935276627260143,-0.10048243576172168,0.006734076781741031,0.1964219382708707,0.6089560316908442,0.7961916978133454,0.67173349716451,,0.8629737675709033,0.9777128002775092
1022,ethyl alpha-glucopyranoside,Method 1,WYUFTYLVLQZQNH-UHFFFAOYSA-N,HMDB0029968,,0.17669172932330826,True,within_12m,sample_median_scaled,True,0.00404228557948917,-0.2572259481943981,-0.03158432689624036,0.5069089804777768,0.611846049247678,0.6674038659595545,0.4046261694447759,,0.8649456716038106,0.9631764173492078
721,1-stearoyl-GPS (18:0)*,Method 3,ZPDQFUYPBVXUKS-KEKNWZKVSA-N,HMDB0061698,,0.8233082706766918,False,within_12m,sample_median_scaled,True,-0.005248132269285259,0.1460633445525067,0.013758104107865715,0.28801516380988784,0.6120582120459055,0.6722876231590136,0.26438422749903173,,0.8649456716038106,0.9639401888384792
784,N-acetylhistamine,Method 1,XJWPISBUKWZALE-UHFFFAOYSA-N,HMDB0013253,C05135,0.7706766917293233,False,within_12m,sample_median_scaled,True,-0.0050774401803795515,0.2226564223503801,0.024431865644743422,0.43948200354576944,0.6124118120345199,0.7033465453584542,0.5012863651200453,,0.8649456716038106,0.9639401888384792
249,indolelactate,Method 3,XGILAAMKEQUXLS-UHFFFAOYSA-N,HMDB0000671,C02043,0.0,True,within_12m,sample_median_scaled,True,-0.0009842959299378412,0.11210265147254864,0.0009345089118752215,0.22231154927773297,0.6140792206800376,0.9526528502326159,0.7332397898024456,,0.8663272507236894,0.9929752200823792
13,"5,6-dihydrothymine",Method 3,NBAKTGXDIBVZOO-UHFFFAOYSA-N,HMDB0000079,C00906,0.0,True,within_12m,sample_median_scaled,True,-0.0022712133408595444,0.11256903020779978,-0.0052456567705892855,0.2260076042618609,0.6184302678075111,0.5476863182115103,0.7614256601677593,,0.8702958475772288,0.931585523669646
427,7-methylguanine,Method 1,FZWGECJQACGGTI-UHFFFAOYSA-N,HMDB0000897,C02242,0.0,True,within_12m,sample_median_scaled,True,-0.0010042726773690864,-0.055743942554397824,-0.0036673275911022684,0.11203194258802497,0.6187858387046627,0.5219157699561099,0.8408993011859647,,0.8702958475772288,0.9302117638338849
1072,glycine conjugate of C10H14O2 (1)*,Method 3,,,,0.0018796992481203006,True,within_12m,sample_median_scaled,True,0.005867996131878762,-0.10455222383506727,-0.036321282931038715,0.210234855675153,0.6189693617613703,0.22337988519866592,0.6281888849270729,,0.8702958475772288,0.8607149119510451
344,1-methyl-4-imidazoleacetate,Method 1,ZHCKPJGJQOPTLB-UHFFFAOYSA-N,HMDB0002820,C05828,0.0,True,within_12m,sample_median_scaled,True,0.001966048086269037,0.08970127508283689,0.003959894714513545,0.18166415792720814,0.6214648750603196,0.8484468515926261,0.7073751778531356,,0.8719752463059728,0.9777128002775092
1196,pregnenetriol sulfate*,Method 3,HIYOTPJZDPVBTL-HXOPQMAFSA-N,,,0.0,True,within_12m,sample_median_scaled,True,-0.0060314246817189995,0.15066526605140387,0.012859823627511759,0.305204720008657,0.6215511700001206,0.664372582052271,0.8246766984251961,,0.8719752463059728,0.9622271433280913
418,3-(3-amino-3-carboxypropyl)uridine*,Method 3,YXNIEZJFCGTDKV-UHFFFAOYSA-N,,,0.0,True,within_12m,sample_median_scaled,True,0.0005108282688382639,0.08881750624259002,-0.014955738532974062,0.18091306047378422,0.6234686958754456,0.1545822856838835,0.8092537697886587,,0.8736902460595709,0.8607149119510451
182,gamma-glutamylhistidine,Method 1,PXVCMZCJAUJLJP-YUMQZZPRSA-N,HMDB0029151,,0.0,True,within_12m,sample_median_scaled,True,0.000475783689415658,0.06123215238718303,-0.006977722120677016,0.12517511485186894,0.6247199812330887,0.7516160026459247,0.4423636037293217,,0.8737554006650129,0.9682124660595566
1160,glipizide,Method 3,ZJJXGWJIGJFDTL-UHFFFAOYSA-N,HMDB0015200,D00335,0.9830827067669173,False,within_12m,sample_median_scaled,True,0.0021658183828147763,0.10110552506727234,0.015393328791089228,0.20679782482349754,0.624905413840769,0.2920054600329489,0.3424441924541726,,0.8737554006650129,0.8607149119510451
1035,trans-2-hexenoylglycine,Method 3,AAPHATPOQGNLOZ-SNAWJCMRSA-N,,,0.2199248120300752,False,within_12m,sample_median_scaled,True,0.007213423993119128,-0.16077449503852645,0.02195973537388954,0.33124031575394514,0.6274130889389153,0.6468625638713195,0.5260705062922942,,0.8753289221955034,0.9599837577169404
437,gamma-glutamyl-2-aminobutyrate,Method 1,FUZOZPRKGAXGOB-UHFFFAOYSA-N,,,0.03383458646616541,True,within_12m,sample_median_scaled,True,0.006504074125484064,-0.1565098994412512,0.0003054124281451774,0.32246382598563916,0.6274235154320991,0.9909606757338956,0.5190254400911491,,0.8753289221955034,0.9981070267608226
1082,N-carbamoylvaline,Method 3,JDXMIYHOSFNZKO-UHFFFAOYSA-N,,,0.231203007518797,False,within_12m,sample_median_scaled,True,0.0013974564588544085,-0.16249323503019025,-0.01563048344117358,0.3357262881258648,0.6283822510039958,0.6365830834861688,0.6216924033490037,,0.8756945560000252,0.9559742454814228
541,21-hydroxypregnenolone disulfate,Method 3,CBOVWLYQUCVTFA-WGKOQXAXSA-N,,,0.013157894736842105,True,within_12m,sample_median_scaled,True,-0.0032106048206426772,0.14712102471641145,-0.015376151839765618,0.3051203858326812,0.6296825597471865,0.40629115685772066,0.8402410776089048,,0.8758599731594261,0.920556653369833
281,acetylcarnitine (C2),Method 1,RDHQFKQIGNGIED-MRVPVSSYSA-N,HMDB0000201,C02571,0.0,True,within_12m,sample_median_scaled,True,0.0019272386654345156,-0.05126689523612536,-0.010206340282659612,0.1066033569829669,0.6305786328559398,0.5638891813653939,0.3871165227989724,,0.8758599731594261,0.9378734140805417
582,S-carboxymethyl-cysteine,Method 1,GBFLZEXEOZUWRN-UHFFFAOYSA-N,HMDB0029415,C03727,0.4793233082706767,False,within_12m,sample_median_scaled,True,-0.0003112582326436974,-0.16689413116240695,0.01573275954891416,0.3480205166230087,0.6315455831077459,0.7650712727699065,0.30189556878324414,,0.8758599731594261,0.9682124660595566
150,N-acetylmethionine,Method 3,XUYPXLNMDZIRQH-LURJTMIESA-N,HMDB0011745,C02712,0.0,True,within_12m,sample_median_scaled,True,-9.369409999717496e-05,0.09081336952646508,-0.0022619167727613923,0.18991988054943254,0.6325315354553325,0.8447734828658837,0.8763889176684901,,0.8758599731594261,0.9777128002775092
1025,carotene diol (3),Method 2,JKQXZKUSFCKOGQ-DKLMTRRASA-N,,,0.020676691729323307,True,within_12m,sample_median_scaled,True,-0.0050435439079356634,-0.1233551951752183,-0.013604890563646346,0.2592829720564158,0.6342488642655559,0.48014451987285445,0.780747952289844,,0.8758599731594261,0.9277149273851142
681,2-stearoyl-GPE (18:0)*,Method 3,KIHAGWUUUHJRMS-JOCHJYFZSA-N,HMDB0011129,,0.03195488721804511,True,within_12m,sample_median_scaled,True,-0.0007476143808195688,-0.08179661675969152,0.004124173971750391,0.17200588795930957,0.6343982487474202,0.7588829858146939,0.46006611571614453,,0.8758599731594261,0.9682124660595566
318,dodecanedioate (C12-DC),Method 3,TVIDDXQYHWJXFK-UHFFFAOYSA-N,HMDB0000623,C02678,0.0,True,within_12m,sample_median_scaled,True,-0.0011928715216263594,0.1339614537521388,0.03317970828185295,0.28297345279234454,0.6359232390851042,0.25882126898006497,0.5772476469551118,,0.8758599731594261,0.8607149119510451
466,tiglylcarnitine (C5:1-DC),Method 1,WURBQCVBQNMUQT-RMKNXTFCSA-N,HMDB0002366,,0.0037593984962406013,True,within_12m,sample_median_scaled,True,0.002017617034945265,0.07615536076871612,-0.022186663691970285,0.16098259785830873,0.6361662384895638,0.02042273701528056,0.6487695646031129,,0.8758599731594261,0.7677175285372149
423,1-palmitoyl-GPA (16:0),Method 3,YNDYKPRNFWPPFU-GOSISDBHSA-N,HMDB00327,C04036,0.039473684210526314,True,within_12m,sample_median_scaled,True,-0.005774345560783561,0.1161949594079432,0.02427545829238273,0.24565442666418422,0.6362119721868369,0.4077490748582705,0.24516506311434164,,0.8758599731594261,0.920556653369833
35,beta-alanine,Method 1,UCMIRNVEIXFBKS-UHFFFAOYSA-N,HMDB0000056,C00099,0.0018796992481203006,True,within_12m,sample_median_scaled,True,-0.00042455855152440005,-0.0788058199399008,-0.01826618559838878,0.1671156523646029,0.6372376243053592,0.38732844214583817,0.5817971557184042,,0.8758599731594261,0.9032872945775855
431,N2-methylguanosine,Method 3,SLEHROROQDYRAW-KQYNXXCUSA-N,HMDB0005862,,0.07706766917293233,True,within_12m,sample_median_scaled,True,0.00022212929168529503,0.13043792132029905,0.0015759049418668024,0.27693318805904676,0.6376345725941608,0.9797003847139674,0.2017519056098571,,0.8758599731594261,0.996497062573767
1182,tenofovir,Method 3,SGOIRFVFHAKUTI-ZCFIWIBFSA-N,HMDB0014445,C17407,0.9943609022556391,False,within_12m,sample_median_scaled,True,0.0003249293884196764,0.020349231415927142,0.003174203448793213,0.04323617530546509,0.6378886222914831,0.3599689059113056,0.23491652587543674,,0.8758599731594261,0.8829245758692917
54,glutarate (C5-DC),Method 4,JFCQEDHGNNZCLN-UHFFFAOYSA-N,HMDB0000661,C00489,0.0,True,within_12m,sample_median_scaled,True,0.012123729042119776,-0.1521424970169738,0.003838609716858486,0.32401534709612984,0.6386741486649055,0.9402604758886733,0.6780448929051912,,0.8758599731594261,0.9929752200823792
884,behenoyl dihydrosphingomyelin (d18:0/22:0)*,Method 2,FONAXCRWZQFJHY-JCGOJSMZSA-N,HMDB0012091,,0.0,True,within_12m,sample_median_scaled,True,-0.004453200150857976,-0.07605494887166138,0.00011113472614634177,0.16230029218793793,0.6393510316334265,0.9918971157394565,0.6145006165350578,,0.8758599731594261,0.9982503398594851
153,"bilirubin (Z,Z)",Method 2,BPYKTIZUTYGOLE-KDUUSRDASA-N,HMDB0000054,C00486,0.0,True,within_12m,sample_median_scaled,True,-0.0005446912309927906,-0.08424116538088781,0.0034735169642373708,0.18021620591618562,0.6401815294621193,0.7634816623565104,0.878817074785411,,0.8758599731594261,0.9682124660595566
1205,palmitoyl-sphingosine-phosphoethanolamine (d18:1/16:0),Method 2,JTVNQMOIYKXJKF-WSYRTZMQSA-N,,,0.0,True,within_12m,sample_median_scaled,True,-0.0006707375983860096,-0.039517119342146634,0.0041113584912862424,0.08458475467324696,0.640364219838945,0.6874065699260374,0.6773213767632043,,0.8758599731594261,0.9639401888384792
1088,ethyl beta-glucopyranoside,Method 3,WYUFTYLVLQZQNH-JAJWTYFOSA-N,HMDB0029968,,0.05827067669172932,True,within_12m,sample_median_scaled,True,-0.0061203149961038365,-0.23268533139564399,-0.1544610051718388,0.4981058054762285,0.6403994512549573,0.0012398396124515363,0.35311979075714695,,0.8758599731594261,0.3590643620569747
943,2'-O-methyluridine,Method 3,SXUXMRMBWZCMEN-ZOQUXTDFSA-N,HMDB0240328,,0.03195488721804511,True,within_12m,sample_median_scaled,True,-0.004537820750698471,0.05997340966731072,0.0813013575051048,0.128771274201001,0.641404527786257,0.1607400554444649,0.4607382721122099,,0.8758599731594261,0.8607149119510451
223,phenylacetate,Method 3,WLJVXDMOQOGPHL-UHFFFAOYSA-N,HMDB0000209,C07086,0.02631578947368421,True,within_12m,sample_median_scaled,True,-0.0009384461570002513,0.14722506445034111,-0.03344600594449067,0.3170796216206526,0.6424215366224155,0.12592676556773721,0.5675197080388612,,0.8758599731594261,0.8607149119510451
604,norcotinine,Method 1,FXFANIORDKRCCA-UHFFFAOYSA-N,HMDB0001297,,0.825187969924812,False,within_12m,sample_median_scaled,True,0.0029321366967230596,0.13403090083369326,-0.012055429230324221,0.2886763968015394,0.642436670845657,0.4130481140285802,1.0386896032303876,,0.8758599731594261,0.9209259819005153
199,palmitoyl ethanolamide,Method 3,HXYVTAGFYLMHSO-UHFFFAOYSA-N,HMDB0002100,C16512,0.0,True,within_12m,sample_median_scaled,True,-0.0020761501482352324,0.058351193152628385,0.0068145958879277995,0.12623164837386483,0.6438985650677613,0.764916098051019,0.7269975695310782,,0.8769019461432026,0.9682124660595566
720,3-acetylphenol sulfate,Method 3,CGFRVKXGZRODPA-UHFFFAOYSA-N,,,0.40977443609022557,False,within_12m,sample_median_scaled,True,0.0019389006066571652,-0.21156462136006998,0.05287215151573311,0.45974196550400437,0.6453861453714403,0.3452175381499223,0.43797219542355104,,0.8779766068527063,0.8674382944313466
1,S-1-pyrroline-5-carboxylate,Method 1,DWAKNKKXGALPNW-UHFFFAOYSA-N,HMDB0001301,C04322,0.011278195488721804,True,within_12m,sample_median_scaled,True,0.0022387622544999515,0.08201787005654709,-0.002243777042848436,0.17893695383638872,0.646692507964095,0.8902703159909964,0.6443590624992256,,0.8782121452312264,0.9898402122819074
894,1-palmitoyl-2-oleoyl-GPI (16:0/18:1)*,Method 2,PDLAMJKMOKWLAJ-KTBSNPQYSA-N,HMDB0009783,,0.0,True,within_12m,sample_median_scaled,True,0.0008411175196589674,-0.0847051274479804,-0.03038081205971031,0.18504664995975934,0.6471319705281726,0.01072865649551752,0.6460059199510575,,0.8782121452312264,0.6684542520065394
34,phenylpyruvate,Method 3,BTNMPGBKDVTSJY-UHFFFAOYSA-N,HMDB0000205,C00166,0.009398496240601503,True,within_12m,sample_median_scaled,True,-0.0037582079692027215,-0.0912237310561707,0.035494740323548844,0.19982316694435467,0.6480144412731671,0.4888401933082861,0.505528996783125,,0.8782121452312264,0.9302117638338849
9,3-hydroxy-3-methylglutarate,Method 4,NPOAOTPXWNWTSH-UHFFFAOYSA-N,HMDB0000355,C03761,0.0,True,within_12m,sample_median_scaled,True,0.006381208931428153,-0.08853856009970548,-0.007206270673754965,0.19414215688383585,0.6483539146973573,0.5073525024520087,0.6962098774848324,,0.8782121452312264,0.9302117638338849
940,"2,3-dihydroxy-2-methylbutyrate",Method 3,AOWPAWLEXIYETE-UHFFFAOYSA-N,HMDB0029576,,0.02819548872180451,True,within_12m,sample_median_scaled,True,0.0019863280895621106,0.1354259495239083,-0.09205217602068523,0.30042611040518885,0.6521484352259417,0.005824858552061487,0.5581686866999415,,0.8824010582120654,0.5457024166424175
1112,11beta-hydroxyandrosterone glucuronide,Method 3,BRPLOVMHAFXVOQ-HXVIYJDASA-N,HMDB0010351,,0.06203007518796992,True,within_12m,sample_median_scaled,True,0.0018861289806602877,-0.18743434415481336,-0.029750323243782732,0.4201083942463793,0.6554837669335221,0.17465961518471107,0.665066552114716,,0.8849031573312472,0.8607149119510451
918,glycochenodeoxycholate glucuronide (1),Method 3,ABFZMYIIUREPLL-ASWJIRIHSA-N,HMDB0002579,,0.0,True,within_12m,sample_median_scaled,True,-0.009068666774662172,0.13536066058685686,0.02702527590970215,0.3038336818471361,0.6559519077189058,0.2038744166830493,0.7510631244836478,,0.8849031573312472,0.8607149119510451
722,"sphingomyelin (d18:1/14:0, d16:1/16:0)*",Method 2,KYICBZWZQPCUMO-PSALXKTOSA-N,HMDB0012097,,0.0,True,within_12m,sample_median_scaled,True,-0.0009155151071205715,-0.04930705878330648,0.007154694139519751,0.11074047817100661,0.6561400046862997,0.41987138432149007,0.7847692478105036,,0.8849031573312472,0.9235528527050412
407,5-acetylamino-6-amino-3-methyluracil,Method 4,POQOTWQIYYNXAT-UHFFFAOYSA-N,HMDB0004400,C16366,0.03007518796992481,True,within_12m,sample_median_scaled,True,0.013425626043682606,-0.1719549270235392,0.0171672940682062,0.3881287759501644,0.6577398696923588,0.6247763746344221,0.5145053973100311,,0.8849031573312472,0.9556588594887989
362,piperine,Method 2,MXXWOMGUGJBKIW-YPCIICBESA-N,HMDB0029377,C03882,0.0,True,within_12m,sample_median_scaled,True,-0.01235241619394078,-0.18838096038767949,-0.024059492314574413,0.4252748605116151,0.6577926124963485,0.3566366603254568,0.6483395248667024,,0.8849031573312472,0.8829245758692917
45,cystine,Method 1,LEVWYRKDKASIDU-UHFFFAOYSA-N,HMDB0000192,C00491,0.0,True,within_12m,sample_median_scaled,True,-0.001202211635867408,-0.12881375303396525,0.029888309186244827,0.29149518246406547,0.6585565262743382,0.4146331624768592,0.3984300191335421,,0.8849031573312472,0.9224670535104639
823,O-desmethyltramadol,Method 1,UWJUQVWARXYRCG-UHFFFAOYSA-N,HMDB0060997,,0.8796992481203008,False,within_12m,sample_median_scaled,True,-0.00028403847297921257,0.23053450468746728,0.007158315845222197,0.5222836214618043,0.6589255014017878,0.7361410404784585,0.6800342569846916,,0.8849031573312472,0.9682124660595566
91,serotonin,Method 1,QZAYGJVTTNCVMB-UHFFFAOYSA-N,HMDB0000259,C00780,0.06203007518796992,True,within_12m,sample_median_scaled,True,-0.002629848530959689,-0.15732538538001972,-0.002668958928967396,0.3578578830523139,0.6602044525779174,0.9502575238129105,0.7553274557172412,,0.8856744897443353,0.9929752200823792
1069,resveratrol disulfate (1)*,Method 3,DHYDAGFKCXRMSL-OWOJBTEDSA-N,,,0.9342105263157895,False,within_12m,sample_median_scaled,True,-0.0013602944504444389,-0.11682596475562589,-0.1754599540565528,0.2664331834874166,0.6610374335972188,0.27345610490274097,0.7052004038249293,,0.8858465394794286,0.8607149119510451
840,"1,2-dilinoleoyl-GPC (18:2/18:2)",Method 2,FVXDQWZBHIXIEJ-LNDKUQBDSA-N,HMDB0008138,,0.0,True,within_12m,sample_median_scaled,True,-0.0014145257443885478,-0.07571908898344672,0.00892499199737465,0.17464265323230543,0.6646037438825709,0.7243103337676937,0.47648324413891047,,0.8888673094294285,0.9682124660595566
409,1-methylxanthine,Method 3,MVOYJPOZRLFTCP-UHFFFAOYSA-N,HMDB0010738,C16358,0.39097744360902253,False,within_12m,sample_median_scaled,True,0.015539318039970735,0.3413215789737472,-0.03786024076952938,0.7874981513188218,0.6647058638533514,0.813536722976368,0.56936336321817,,0.8888673094294285,0.9777128002775092
1029,THC carboxylic acid,Method 3,YOVRGSHRZRJTLZ-UHFFFAOYSA-N,,,0.9492481203007519,False,within_12m,sample_median_scaled,True,0.001512191548597049,0.12723322395328743,0.02527599905700915,0.2955402492601922,0.6668242233952033,0.14832120217365094,0.46444334266018666,,0.8896407289967087,0.8607149119510451
508,sucralose,Method 3,BAQAVOSOZGMPRM-DYDPOALMSA-N,HMDB0031554,C12285,0.5281954887218046,False,within_12m,sample_median_scaled,True,0.010679484478132401,-0.24227025349431017,-0.12513510688898188,0.563096539657265,0.6670164197887901,0.0340167944932285,0.45091240788695297,,0.8896407289967087,0.7677175285372149
94,urea,Method 1,XSQUKJJJFZCRTK-UHFFFAOYSA-N,HMDB0000294,C00086,0.0,True,within_12m,sample_median_scaled,True,0.0028863317891040983,-0.07782941549693803,-0.016339521073652778,0.1814982406092906,0.6680568696154987,0.0572941023018277,0.7244729422162554,,0.8896407289967087,0.841462374980247
1050,3-carboxy-4-methyl-5-pentyl-2-furanpropionate (3-CMPFP)**,Method 3,RIJDKRLRDVBUHJ-UHFFFAOYSA-N,HMDB0061643,,0.0,True,within_12m,sample_median_scaled,True,0.000817884051852841,-0.0950336330562375,-0.01169189579399774,0.22165993711694054,0.668115233232214,0.5780810596775279,0.7221424742525894,,0.8896407289967087,0.9430681188802018
787,vanillactate,Method 3,SVYIZYRTOYHQRE-UHFFFAOYSA-N,HMDB0000913,,0.013157894736842105,True,within_12m,sample_median_scaled,True,0.006005700512031092,-0.10418231798707124,-0.019705954250273716,0.24396651858142315,0.669353609109486,0.2642586243327356,0.5905807072207809,,0.8903465467202369,0.8607149119510451
1108,N-acetyltheanine,Method 3,STZOUWQDQRPMBI-ZETCQYMHSA-N,,,0.7650375939849624,False,within_12m,sample_median_scaled,True,0.001702826600084931,0.24171031548676097,-0.049929222973656755,0.5678503099579091,0.6703567005970019,0.6385720726939081,0.2551564305184566,,0.8907382374740289,0.9559742454814228
294,2-oleoylglycerol (18:1),Method 3,UPWGQKDVAURUGE-KTKRTIGZSA-N,HMDB0011537,,0.09022556390977443,True,within_12m,sample_median_scaled,True,0.010317186547331426,-0.17474866614467452,-0.06578451465784699,0.4116865981335329,0.6712229807307524,0.13354501332472501,0.4788496612699414,,0.8909475045180103,0.8607149119510451
905,"1,2-dipalmitoyl-GPE (16:0/16:0)*",Method 2,SLKDGVPOSSLUAI-PGUFJCEWSA-N,HMDB0008923,,0.42105263157894735,False,within_12m,sample_median_scaled,True,-0.013747056575807859,0.14114469282316242,-0.02998672239640698,0.33403155828373265,0.6726243607105323,0.5968662324116136,0.32074625035900955,,0.8914690553900496,0.9473607459637016
799,4-methoxyphenol sulfate,Method 3,IGTMFIJOUADBDC-UHFFFAOYSA-N,,,0.3815789473684211,False,within_12m,sample_median_scaled,True,0.004754350253202123,0.19954502067119528,0.029466523781488646,0.4755197186818831,0.6747516495182506,0.705509127869054,0.21678815806881657,,0.8914690553900496,0.9639401888384792
1233,GlcNAc sulfate conjugate of C21H34O2 steroid**,Method 3,,,,0.3966165413533835,False,within_12m,sample_median_scaled,True,-0.007236779212798224,0.18294407114986785,0.058359890560100755,0.43694584986814755,0.6754440209922576,0.3462050705892621,0.7632976558208658,,0.8914690553900496,0.8674382944313466
61,inosine,Method 3,UGQMRVRMYYASKQ-KQYNXXCUSA-N,HMDB0000195,C00294,0.0037593984962406013,True,within_12m,sample_median_scaled,True,0.0076643119642910065,0.11106346194549331,0.049359427854527564,0.26682263999134026,0.67723108469372,0.06456911768354838,0.4708973113482512,,0.8914690553900496,0.8607149119510451
528,cyclo(leu-pro),Method 1,SZJNCZMRZAUNQT-IUCAKERBSA-N,HMDB0034276,,0.02819548872180451,True,within_12m,sample_median_scaled,True,0.0011521836844467803,0.10502712516826088,0.017617538505847345,0.2526512197906103,0.6776295033031494,0.5984124361934599,0.5682851146304826,,0.8914690553900496,0.9473607459637016
746,O-sulfo-tyrosine,Method 3,CIQHWLTYGMYQQR-QMMMGPOBSA-N,HMDB0155722,,0.0,True,within_12m,sample_median_scaled,True,0.0009249365021909774,0.07993085323341571,-0.0226493624273879,0.19240943496317625,0.6778339897303419,0.06452812046110912,0.7777243437033072,,0.8914690553900496,0.8607149119510451
1011,dihomo-linoleoylcarnitine (C20:2)*,Method 2,OLZWDVKTOGTVLC-UTJQPWESSA-N,,,0.0018796992481203006,True,within_12m,sample_median_scaled,True,-0.0012562876251201382,-0.08235574379916297,-0.004112348299401004,0.19857989760548864,0.6783443505561403,0.7865578829347324,0.6070107511658991,,0.8914690553900496,0.9777128002775092
1021,"N,N,N-trimethyl-5-aminovalerate",Method 1,CDLVFVFTRQPQFU-UHFFFAOYSA-N,,,0.0,True,within_12m,sample_median_scaled,True,0.0023146888205408667,0.06991827113326618,0.021718071352409562,0.16864668731355056,0.6784462332461427,0.07874113644707087,0.7742051722915845,,0.8914690553900496,0.8607149119510451
1041,dodecenedioate (C12:1-DC)*,Method 3,OHCMUMNQAHNIEP-HNQUOIGGSA-N,HMDB0000933,,0.020676691729323307,True,within_12m,sample_median_scaled,True,-0.0014915792429183704,0.12835067394754293,0.04383043829778575,0.30983245571927487,0.6786849316879706,0.33141290165815895,0.43567181122002274,,0.8914690553900496,0.8607149119510451
532,N-methylproline,Method 1,CWLQUGTUXBXTLF-UHFFFAOYSA-N,HMDB0094696,,0.0,True,within_12m,sample_median_scaled,True,0.0013172140828228282,0.17974025427436235,-0.017946243730964224,0.4339173890901059,0.6787079443184387,0.7868970543989087,0.3411799024672674,,0.8914690553900496,0.9777128002775092
215,3-(N-acetyl-cystein-S-yl) acetaminophen,Method 3,DVPRQNKJGQEICH-JTQLQIEISA-N,,,0.7180451127819549,False,within_12m,sample_median_scaled,True,0.012295427133762903,-0.2471463186146512,-0.04650021382684429,0.6035767880464089,0.6821951050772637,0.5001188432526971,0.6612101712621654,,0.8942755207304163,0.9302117638338849
1105,sulfate of piperine metabolite C16H19NO3 (3)*,Method 3,,,,0.009398496240601503,True,within_12m,sample_median_scaled,True,-0.007075342006581962,0.15269455958143183,-0.0410373703212182,0.37357664343505054,0.6827327502480003,0.09040959645318632,0.7561110230852235,,0.8942755207304163,0.8607149119510451
1200,"hydroxy-N6,N6,N6-trimethyllysine*",Method 1,ZRJHLGYVUCPZNH-MQWKRIRWSA-N,,,0.015037593984962405,True,within_12m,sample_median_scaled,True,0.0005695449840320319,-0.06424532261602459,-0.01336591064907668,0.15730921540483822,0.6829789179802702,0.5091281632371367,0.7481521542966169,,0.8942755207304163,0.9302117638338849
1086,3-indoleglyoxylic acid,Method 3,DWLVFWDCSFTDOD-UHFFFAOYSA-N,,,0.009398496240601503,True,within_12m,sample_median_scaled,True,-0.007092145392645165,-0.09628695832030322,-0.003118039724579742,0.23737062627211652,0.6850073274273897,0.8840289819288337,0.6359713528987895,,0.8948928077780639,0.9889170080695637
965,lactosyl-N-behenoyl-sphingosine (d18:1/22:0)*,Method 2,QYWVASPEUXEHSY-NNRNTGNWSA-N,HMDB0011594,,0.0,True,within_12m,sample_median_scaled,True,-0.009670084462623135,-0.06713062137760094,0.013662070938442093,0.16588913271996852,0.6857189177939359,0.1385272072230387,0.8446828295269055,,0.8948928077780639,0.8607149119510451
890,5-hydroxyindole sulfate,Method 3,YJRFFCVUYDRNTR-UHFFFAOYSA-N,,,0.36654135338345867,False,within_12m,sample_median_scaled,True,0.005513313874549015,-0.1778037715869859,-0.022672507145160333,0.44117498384491693,0.6869311276622705,0.6357789878741498,0.6104017423639255,,0.8948928077780639,0.9559742454814228
5,5-hydroxyindoleacetate,Method 3,DUUGKQCEGZLZNO-UHFFFAOYSA-N,HMDB0000763,C05635,0.09774436090225563,True,within_12m,sample_median_scaled,True,0.00039678750204100887,0.11954552327005465,-0.010510504324434684,0.2974982330278808,0.6878046683712642,0.7669846668795027,0.5536414749520931,,0.8948928077780639,0.9682124660595566
490,alpha-hydroxycaproate,Method 3,NYHNVHGFPZAZGA-UHFFFAOYSA-N,HMDB0001624,,0.18984962406015038,True,within_12m,sample_median_scaled,True,-0.004943547545751884,0.1592767655500539,0.03948503522389095,0.397357663662381,0.6885380758360049,0.49872158371013864,0.4341945639477252,,0.8948928077780639,0.9302117638338849
319,"glutamate, gamma-methyl ester",Method 1,ZGEYCCHDTIDZAE-UHFFFAOYSA-N,HMDB0061715,,0.046992481203007516,True,within_12m,sample_median_scaled,True,-0.0015530164443949698,-0.09140610832608816,-0.006297082280651105,0.22804964723464483,0.6885550784927137,0.8016983371433896,0.25281462909551905,,0.8948928077780639,0.9777128002775092
103,glucose,Method 4,WQZGKKKJIJFFOK-DVKNGEFBSA-N,HMDB0000122,C00031,0.0,True,within_12m,sample_median_scaled,True,-0.0006990300073652876,0.10663586435097844,-0.004570965476933442,0.26643474720569765,0.6889852255310833,0.5733027160882698,0.9765838384612388,,0.8948928077780639,0.9416325057228728
736,S-(3-hydroxypropyl)mercapturic acid (HPMA),Method 3,FMWPQZPFBAHHMB-UHFFFAOYSA-N,,,0.5977443609022557,False,within_12m,sample_median_scaled,True,0.005648103419818749,0.15780910040649648,-0.10973996850554775,0.3959013342955861,0.6901826963929102,0.03093898623706147,0.596070532935836,,0.8948928077780639,0.7677175285372149
1204,3-hydroxydecanoylcarnitine,Method 2,VCRSQDIROUELAR-UHFFFAOYSA-N,HMDB0061636,,0.0,True,within_12m,sample_median_scaled,True,0.004271855211074897,0.09416704345543857,-0.021377202001811892,0.236300580126216,0.690257721476899,0.33313212817687143,0.5526657544189277,,0.8948928077780639,0.8618068686093312
247,gentisate,Method 3,WXTMDXOMEHJXQO-UHFFFAOYSA-N,HMDB0000152,C00628,0.08270676691729323,True,within_12m,sample_median_scaled,True,0.0024451177173300995,-0.16320781574642973,-0.061243395636020576,0.4117106344398348,0.691799718037348,0.34139412174552297,0.37139728230108815,,0.8948928077780639,0.8674382944313466
828,citraconate/glutaconate,Method 4,HNEGQIOMVPPMNR-IHWYPQMZSA-N,"HMDB0000634,HMDB0000620","C02226,C02214",0.009398496240601503,True,within_12m,sample_median_scaled,True,0.004469004504893777,-0.18066643759723436,0.023165294245246573,0.45600820431556877,0.6919639828169903,0.5305270146782546,0.5406473785824575,,0.8948928077780639,0.930789404145076
1237,De(carboxymethoxy) cetirizine acetic acid,Method 2,NBQBQRKLQXVPIS-LJQANCHMSA-N,,,0.8627819548872181,False,within_12m,sample_median_scaled,True,-0.0018495376932459154,-0.1442597234648169,0.023606783431907943,0.3646216735196839,0.6923689960823978,0.2157167773354174,1.013584444174751,,0.8948928077780639,0.8607149119510451
1207,4-vinylcatechol sulfate,Method 3,ILVXQMHYFMBCMJ-UHFFFAOYSA-N,,,0.04887218045112782,True,within_12m,sample_median_scaled,True,0.002628884675754617,-0.23492404542254233,-0.1548099431872081,0.5944640601618224,0.6927054112713256,0.12669733600453964,0.4242718547191291,,0.8948928077780639,0.8607149119510451
635,docosadioate (C22-DC),Method 3,DGXRZJSPDXZJFG-UHFFFAOYSA-N,,C14240,0.018796992481203006,True,within_12m,sample_median_scaled,True,-0.0023817213826767616,0.09228405524766146,0.010276581294148298,0.23533034028950528,0.6949497015055006,0.6114748044509848,0.41405975701473835,,0.8968704053310208,0.9496398987235734
1038,2-hydroxyheptanoate*,Method 4,RGMMREBHCYXQMA-UHFFFAOYSA-N,,,0.0037593984962406013,True,within_12m,sample_median_scaled,True,-0.000927519000616666,0.06516364977516563,-0.016496168939148174,0.16729078436856648,0.6968891161299509,0.28134167278108013,0.5222599258673394,,0.8975434249956142,0.8607149119510451
121,fructose,Method 4,RFSUNEUAIZKAJO-ARQDHWQXSA-N,HMDB0000660,C00095,0.0,True,within_12m,sample_median_scaled,True,0.0015973363699746841,0.1356717998346653,-0.08409184249597647,0.34831446517774095,0.6968992703227681,0.13654437558353844,0.7110693241126887,,0.8975434249956142,0.8607149119510451
42,cortisone,Method 3,MFYSYFVPBJMHGN-ZPOLXVRWSA-N,HMDB0002802,C00762,0.011278195488721804,True,within_12m,sample_median_scaled,True,-0.005927437159063063,0.0995077864298707,-0.008847047008094494,0.2570542517384529,0.6986761713688476,0.47472106143614246,0.7436696246480886,,0.8989108980661633,0.9263190966979289
555,pregnenediol sulfate (C21H34O5S)*,Method 3,MENQCIVHHONJLU-UHFFFAOYSA-N,HMDB0000774,C18044,0.0,True,within_12m,sample_median_scaled,True,-0.0033305473798491527,0.1173243072749682,0.012295837014467773,0.3061074384646244,0.7015135030733683,0.6757170407752257,0.8293832621253404,,0.9016385208212925,0.9639401888384792
404,"1,7-dimethylurate",Method 3,NOFNCLGCUJJPKU-UHFFFAOYSA-N,HMDB0011103,C16356,0.015037593984962405,True,within_12m,sample_median_scaled,True,0.010358697168210754,0.09671303979892798,0.004831078592796784,0.2533429228209084,0.7026486273862756,0.8450242538280065,0.5429417640186134,,0.9021749996164948,0.9777128002775092
654,carboxyethyl-GABA,Method 1,SRGQUICKDUQCKO-UHFFFAOYSA-N,HMDB0002201,,0.015037593984962405,True,within_12m,sample_median_scaled,True,-0.0001591881894695009,-0.07676452775027193,-0.024040021588461576,0.20344548864825676,0.7059340724623073,0.3078473599458319,0.6429466349676742,,0.9047014786104054,0.8607149119510451
1173,fibrinopeptide B (1-13)**,Method 3,CCYANGYMJWBLQM-UHFFFAOYSA-N,,,0.0018796992481203006,True,within_12m,sample_median_scaled,True,0.011443696799565773,-0.095065995081277,-0.02962367488437499,0.2520584616802036,0.7060558078892663,0.23019493966566862,0.6459119337914305,,0.9047014786104054,0.8607149119510451
46,sphingosine,Method 2,WWUZIQQURGPMPG-CCEZHUSRSA-N,HMDB0000252,C00319,0.05451127819548872,True,within_12m,sample_median_scaled,True,-0.0008159093994471898,-0.09063393597060557,-0.013575773661506243,0.24178561358268907,0.7077701846124733,0.5287064757767578,0.5522064391534924,,0.9047153882188679,0.9302117638338849
937,pimeloylcarnitine/3-methyladipoylcarnitine (C7-DC),Method 1,NTBUXPPQHCFLOM-UHFFFAOYSA-N,,,0.09774436090225563,True,within_12m,sample_median_scaled,True,0.009847019778998382,-0.11457433327081391,0.008981997273469261,0.3079587540934362,0.7098597837000777,0.6970791852227974,0.622993036560561,,0.9047153882188679,0.9639401888384792
380,nicotinamide riboside,Method 1,BUCXGWMZJBKEMD-UHFFFAOYSA-N,HMDB0000855,C03150,0.24436090225563908,False,within_12m,sample_median_scaled,True,-0.0005039731665703907,0.11247468321697103,-0.03985861554652726,0.3034139485178111,0.7108631201053688,0.18339596667233848,0.3062784689737825,,0.9047153882188679,0.8607149119510451
939,4-hydroxyphenylacetylglutamine,Method 3,NNBITIFYUGRBJL-JTQLQIEISA-N,,,0.016917293233082706,True,within_12m,sample_median_scaled,True,0.0020930991052745757,-0.13316737851880095,-0.032313472334887156,0.35943106396465574,0.7110137708344753,0.22666358224896455,0.6330487399231365,,0.9047153882188679,0.8607149119510451
277,hexanoylcarnitine (C6),Method 1,VVPRQWTYSNDTEA-UHFFFAOYSA-N,HMDB0000756,,0.0,True,within_12m,sample_median_scaled,True,0.00018221644426046952,-0.08085215526576842,0.034460788267130726,0.219789609801755,0.7129764419890969,0.29298250350257804,0.7718322033486921,,0.9047153882188679,0.8607149119510451
342,1-methylhistamine,Method 1,FHQDWPCFSJMNCT-UHFFFAOYSA-N,HMDB0000898,C05127,0.15789473684210525,True,within_12m,sample_median_scaled,True,0.0023549637849962315,-0.10132896530086016,0.009180671484033514,0.2762171022587715,0.7137343624091109,0.7419622338838068,0.690368631547595,,0.9047153882188679,0.9682124660595566
19,"N6,N6,N6-trimethyllysine",Method 1,MXNRLFUSFKVQSK-UHFFFAOYSA-N,HMDB0001325,C03793,0.0,True,within_12m,sample_median_scaled,True,0.002880744267369003,-0.07084543458014415,-0.01584723065388918,0.19339255448794118,0.7141190774645696,0.3458407622031413,0.6025450874922348,,0.9047153882188679,0.8674382944313466
891,7-hydroxyindole sulfate,Method 3,YBMPUGDWCSVZRS-UHFFFAOYSA-N,,,0.5845864661654135,False,within_12m,sample_median_scaled,True,0.0054674471786164075,-0.14816477553291962,-0.016448912703823565,0.4045086267646285,0.7141536512636685,0.6603502779989376,0.7101216542811946,,0.9047153882188679,0.9622271433280913
648,leucylalanine,Method 1,HSQGMTRYSIHDAC-UHFFFAOYSA-N,HMDB0028922,,0.016917293233082706,True,within_12m,sample_median_scaled,True,-0.012693247232551271,0.08003275441639697,-0.042125021936610024,0.21897084508420578,0.7147419200887343,0.02130238350488057,0.38362819685297356,,0.9047153882188679,0.7677175285372149
727,3-hydroxycotinine glucuronide,Method 3,WALNNKZUGHYSCT-MGKNELHOSA-N,HMDB0001204,,0.793233082706767,False,within_12m,sample_median_scaled,True,0.003157915928731061,-0.11843126918240869,-0.011070943426582361,0.32414508913126533,0.7148389669528903,0.0034673691607521747,1.0983467294068217,,0.9047153882188679,0.47691028066426927
797,syringol sulfate,Method 3,UDIAPBFEZFMUCP-UHFFFAOYSA-N,,,0.6071428571428571,False,within_12m,sample_median_scaled,True,-0.011625247776937313,0.15867452466162654,-0.005436062456168233,0.43451370297511266,0.7149790897631418,0.924813357514479,0.28209446710976677,,0.9047153882188679,0.9929752200823792
43,creatinine,Method 1,DDRJAANPRJIHGJ-UHFFFAOYSA-N,HMDB0000562,C00791,0.0,True,within_12m,sample_median_scaled,True,0.000829380881348332,-0.046635219371713534,-0.014615401532958124,0.12824711762758675,0.7161301286573432,0.02921401825767036,0.9945729331973647,,0.9047153882188679,0.7677175285372149
621,gabapentin,Method 1,UGJMXCAKCUNAIE-UHFFFAOYSA-N,HMDB0005015,D00332,0.8402255639097744,False,within_12m,sample_median_scaled,True,0.004982993972753757,0.2108139170017997,-0.0029309215247308672,0.5857885921322769,0.7189364674753316,0.7945180983251185,0.9640540753195378,,0.9047153882188679,0.9777128002775092
672,(15:0)-anacardic acid,Method 3,ADFWQBGTDJIESE-UHFFFAOYSA-N,HMDB0033896,C10759,0.9511278195488722,False,within_12m,sample_median_scaled,True,0.0026699542069423734,-0.05333230150960951,0.021390683894664718,0.14830038076008625,0.7191287096987382,0.34658311630846816,0.26985743533247847,,0.9047153882188679,0.8674382944313466
632,S-methylcysteine sulfoxide,Method 1,ZZLHPCSGGOGHFW-UHFFFAOYSA-N,HMDB0029432,,0.0,True,within_12m,sample_median_scaled,True,0.00015080609361544915,-0.08054035601214213,-0.009133538525245174,0.22433959772447679,0.7195869513560549,0.7934227072033302,0.2687510244211709,,0.9047153882188679,0.9777128002775092
1256,tetrahydrocortisol glucuronide,Method 3,OZINUFSVVJAFHD-LUPKFNMHSA-N,,,0.07142857142857142,True,within_12m,sample_median_scaled,True,0.0043912550591964986,0.12286711386088225,-0.003495053416170047,0.3429481602666686,0.7201432816088396,0.9211534073401462,0.6342668107989355,,0.9047153882188679,0.9929752200823792
1263,menthol glucuronide,Method 3,CLJGMBYGTHRUNF-PJQJKGEDSA-N,,,0.03195488721804511,True,within_12m,sample_median_scaled,True,0.0015733207297367886,0.20790376145182046,0.009806659775324834,0.5813108108031436,0.7206078948406216,0.8937980041661696,0.5849064010663425,,0.9047153882188679,0.9900112608500111
969,2-hydroxybehenate,Method 3,RPGJJWLCCOPDAZ-UHFFFAOYSA-N,HMDB0061660,,0.022556390977443608,True,within_12m,sample_median_scaled,True,-0.004218047220669409,0.06861023510752383,-0.007515215009964966,0.1919243178365367,0.720728089266141,0.6855347325106258,0.643644730357624,,0.9047153882188679,0.9639401888384792
68,leucine,Method 1,ROHFNLRQFUQHCH-YFKPBYRVSA-N,HMDB0000687,C00123,0.0,True,within_12m,sample_median_scaled,True,6.347013527409075e-06,-0.04243513520000312,-0.00770260919484074,0.1190525451054742,0.7215107886831238,0.537325421443101,0.6829800178510543,,0.9047153882188679,0.931585523669646
322,3-methylxanthine,Method 3,GMSNIKWWOQHZGF-UHFFFAOYSA-N,HMDB0001886,C16357,0.015037593984962405,True,within_12m,sample_median_scaled,True,0.006652316553923431,-0.13143974942375314,0.03304924900562448,0.3691085312634507,0.7217652685348479,0.6649511070183387,0.6006905267099517,,0.9047153882188679,0.9622271433280913
873,1-stearoyl-2-docosahexaenoyl-GPE (18:0/22:6)*,Method 2,XYYHNDVKALDFHQ-OXHZBIAZSA-N,HMDB0009012,,0.02631578947368421,True,within_12m,sample_median_scaled,True,0.003181620558586771,-0.09181328764256826,-0.015040160797149382,0.25805134487902764,0.7219943567931921,0.46394707563434956,0.4551263622149341,,0.9047153882188679,0.9263190966979289
692,histidine betaine (hercynine)*,Method 1,GPPYTCRVKHULJH-UHFFFAOYSA-N,HMDB0029422,,0.045112781954887216,True,within_12m,sample_median_scaled,True,-0.007682915892180433,0.11980494355397409,-0.017631698537969958,0.3370842887981305,0.7222784218872298,0.5976911402857392,0.6228575062478805,,0.9047153882188679,0.9473607459637016
554,4-hydroxycoumarin,Method 3,VXIXUWQIVKSKSA-UHFFFAOYSA-N,,C20414,0.5939849624060151,False,within_12m,sample_median_scaled,True,0.011201646932735808,-0.19624238221064896,0.020467890506535285,0.5531105518083805,0.7227411101406717,0.867908560830577,0.4097760065444714,,0.9047153882188679,0.9852070031134053
831,nonanoylcarnitine (C9),Method 2,MPSPNFAQQQMFLK-UHFFFAOYSA-N,HMDB0013288,,0.09398496240601503,True,within_12m,sample_median_scaled,True,0.00292472751855439,-0.1262374114057296,-0.0003904978500826267,0.3566049839472715,0.7233404655210518,0.9900527541447872,0.6235176960250083,,0.9047153882188679,0.9981070267608226
67,lactose,Method 4,GUBGYTABKSRVRQ-DCSYEGIMSA-N,HMDB0041627,C01970,0.2387218045112782,False,within_12m,sample_median_scaled,True,-0.01808340432068577,0.20395937319575358,-0.02174307668566413,0.5808303836101549,0.7254748061346492,0.6936067328435372,0.3564388369388715,,0.9058294821024587,0.9639401888384792
740,methionine sulfone,Method 1,UCUNFLYVYCGDHP-UHFFFAOYSA-N,HMDB0062174,,0.0,True,within_12m,sample_median_scaled,True,0.005444807792165696,0.07407093104826819,0.029221911704596665,0.2110957243477675,0.7256724649778648,0.2691821345791957,0.7381006128499281,,0.9058294821024587,0.8607149119510451
92,taurine,Method 1,XOAAWQZATWQOTB-UHFFFAOYSA-N,HMDB0000251,C00245,0.0,True,within_12m,sample_median_scaled,True,0.0005178848125194384,0.053457114496116086,0.010549566964239676,0.1533742670963604,0.7274344468117203,0.31099888495852035,0.6353737789454013,,0.9071280750419964,0.8607149119510451
109,dimethylglycine,Method 1,FFDGPVCHZBVARC-UHFFFAOYSA-N,HMDB0000092,C03626,0.0,True,within_12m,sample_median_scaled,True,-0.00021732690161736825,-0.048042925005982826,0.007280433850077469,0.1387302208548914,0.7291137503970535,0.4383170612031173,0.8316887914299288,,0.9083210943995008,0.9235528527050412
307,1-methylhistidine,Method 3,BRMWTNUJHUMWMS-LURJTMIESA-N,HMDB0000001,C01152,0.0,True,within_12m,sample_median_scaled,True,-0.0010185190729486782,0.0664752992205826,-0.013438917617144244,0.19505738934810338,0.7332551503984586,0.25247253678559756,0.7527880320919346,,0.9125759644067944,0.8607149119510451
190,thromboxane B2,Method 3,XNRNNGPBEPRNAR-JQBLCGNGSA-N,HMDB0003252,C05963,0.7349624060150376,False,within_12m,sample_median_scaled,True,-0.008124211154953527,0.12997354580854223,0.08352828504769837,0.3881461716780416,0.7377327986074944,0.01602883485364732,0.33213473440167074,,0.9152927966532902,0.694767083139127
24,adenosine 5'-monophosphate (AMP),Method 1,UDMBCSSLTHHNCD-UHFFFAOYSA-N,HMDB0000045,C00020,0.32894736842105265,False,within_12m,sample_median_scaled,True,0.00019780902850083645,-0.09346103278115901,0.014109117584476147,0.27994174036684266,0.738486058547869,0.739009409635889,0.42792976996581794,,0.9152927966532902,0.9682124660595566
1247,3-hydroxyoctanoylcarnitine (2),Method 1,RCXSFDNDEVSQNG-UHFFFAOYSA-N,,,0.2387218045112782,False,within_12m,sample_median_scaled,True,0.004557307099130996,0.16341545895514534,0.10014805416236613,0.4899078665425025,0.7387088473878192,0.2729643221499283,0.3726267587708908,,0.9152927966532902,0.8607149119510451
1216,pentose acid*,Method 4,,HMDB0000892,C00803,0.020676691729323307,True,within_12m,sample_median_scaled,True,5.3569312086366225e-05,0.13756210877597674,-0.028643337576168208,0.41323323053131544,0.7392156765629512,0.543411158142513,0.5780262308602422,,0.9152927966532902,0.931585523669646
1003,linolenoylcarnitine (C18:3)*,Method 2,WJCRATGUUISKDG-QNEBEIHSSA-N,,,0.0,True,within_12m,sample_median_scaled,True,-0.0010338769200648541,-0.052656396107037234,-0.0036099332057874826,0.15833029673901938,0.7394565588046009,0.8607720296156678,0.41684870888991254,,0.9152927966532902,0.9832928082546339
301,threonate,Method 4,JPIJQSOTBSSVTP-UHFFFAOYSA-N,"HMDB0062620,HMDB0000943",C01620,0.0,True,within_12m,sample_median_scaled,True,0.004148788012246762,-0.06779999135380362,-0.030474227586602672,0.2041499067831154,0.7398070655526992,0.2987284867031824,0.39004246820359373,,0.9152927966532902,0.8607149119510451
1031,5-dodecenoylcarnitine (C12:1),Method 2,PETYOUXDCHQKTQ-QXPKXGMISA-N,HMDB13326,,0.011278195488721804,True,within_12m,sample_median_scaled,True,-0.003413448822047488,0.07575462231793985,-0.01852061186215138,0.23186138790163094,0.7438768347363289,0.5471467900145921,0.35310614028965215,,0.9191703489331847,0.931585523669646
933,1-linoleoyl-2-linolenoyl-GPC (18:2/18:3)*,Method 2,HZGAVPNEGHQJID-UNBCHYIMSA-N,HMDB0008141,,0.0037593984962406013,True,within_12m,sample_median_scaled,True,-0.002678432956411893,-0.07088618507918902,0.01456946317277933,0.21742405269991819,0.7444036716101687,0.6868809047491332,0.4096617715520997,,0.9191703489331847,0.9639401888384792
236,kynurenine,Method 1,YGPSJZOEDVAXAB-QMMMGPOBSA-N,HMDB0000684,C00328,0.0,True,within_12m,sample_median_scaled,True,-0.0017616775504950507,-0.035692717476786436,0.0019836538564739128,0.11025151448866444,0.746135625174167,0.8158226797499963,0.6260847743560849,,0.9197366425412279,0.9777128002775092
1199,glu-gly-asn-val**,Method 3,QTVRCQRIGVKQHD-UHFFFAOYSA-N,,,0.015037593984962405,True,within_12m,sample_median_scaled,True,-0.011686431795734982,0.12476400404950251,0.01533659648148773,0.385683534252989,0.7463256765251014,0.6641279431680301,0.31004848492017195,,0.9197366425412279,0.9622271433280913
1083,8-methoxykynurenate,Method 3,BXZSKDOPGDPDEG-UHFFFAOYSA-N,HMDB0060426,C05830,0.07142857142857142,True,within_12m,sample_median_scaled,True,-0.0007633295613471812,0.12454415216178945,0.0177767311229958,0.38860813438705805,0.7485986043371157,0.6277235896914126,0.7415771036376582,,0.9199593399354329,0.9556588594887989
1099,delta-CEHC glucuronide,Method 3,UCCZSQROJUPRKT-UHFFFAOYSA-N,,,0.5601503759398496,False,within_12m,sample_median_scaled,True,0.00884118790935722,0.11849881138004786,0.042971978990477215,0.3699880766755629,0.7487580698326242,0.05089741690220484,0.38053720464369983,,0.9199593399354329,0.8202314493086087
909,1-(1-enyl-stearoyl)-2-linoleoyl-GPE (P-18:0/18:2)*,Method 2,XVXISDREVDGQPX-PISDLAQISA-N,HMDB0011376,,0.0,True,within_12m,sample_median_scaled,True,-0.0015865653497599487,0.046078330626927115,0.012251139946220771,0.14418768489328676,0.7492928881271975,0.5916925144285778,0.698884007738573,,0.9199593399354329,0.9473607459637016
1252,"bilirubin degradation product, C17H18N2O4 (2)**",Method 3,,,,0.0,True,within_12m,sample_median_scaled,True,-0.0010368727601683654,-0.09062280608913845,0.009913661870678662,0.2837407385667322,0.7494338616498674,0.5123470651622416,0.7145240342808402,,0.9199593399354329,0.9302117638338849
147,glycerate,Method 4,RBNPOMFGQQGHHO-UHFFFAOYSA-N,"HMDB0000139,HMDB0006372",C00258,0.0,True,within_12m,sample_median_scaled,True,4.207014014110147e-05,-0.057959283407364434,-0.01361705448519349,0.18339224482812966,0.7519721541096851,0.364305237697242,0.7873400249713206,,0.922174631917926,0.8854102600836895
856,1-palmitoleoylglycerol (16:1)*,Method 3,KVYUBFKSKZWZSV-BQYQJAHWSA-N,HMDB0011565,,0.013157894736842105,True,within_12m,sample_median_scaled,True,0.00743084608054924,-0.090099167267045,0.0007357658121149428,0.2859947468705667,0.7527329235344205,0.9811345247385995,0.4601686624780489,,0.9222078800026964,0.996497062573767
879,1-(1-enyl-palmitoyl)-2-oleoyl-GPE (P-16:0/18:1)*,Method 2,ZVVYJAAMWXATNY-PRWZWGSOSA-N,HMDB0011342,,0.005639097744360902,True,within_12m,sample_median_scaled,True,0.0009631824865159607,0.03769447064536284,0.02453513150761204,0.12164577883148378,0.756659234806157,0.39892603424135165,0.718301486940096,,0.9248031698865683,0.9128232028997617
1120,vanillate glucuronide,Method 4,GRERMCGRRAMWSD-UHFFFAOYSA-N,HMDB0240572,,0.6146616541353384,False,within_12m,sample_median_scaled,True,0.001886410047994638,-0.13123611611592387,-0.10631129027113916,0.42618263793045513,0.7581325685967163,0.23063779081025748,0.30748061304184343,,0.9248031698865683,0.8607149119510451
289,adipate (C6-DC),Method 4,WNLRTRBMVRJNCN-UHFFFAOYSA-N,HMDB0000448,C06104,0.5281954887218046,False,within_12m,sample_median_scaled,True,0.007485799629015375,-0.16495859342032754,0.07080401938877798,0.5371208107191523,0.7587547982927142,0.2926395152995429,0.6771620753942134,,0.9248031698865683,0.8607149119510451
377,stachydrine,Method 1,CMUNUTVVOOHQPW-LURJTMIESA-N,HMDB0004827,C10172,0.0,True,within_12m,sample_median_scaled,True,-0.000693410181621903,0.1511957280097411,-0.06742155478954381,0.49261135105668674,0.75889893132147,0.3291898736913573,0.47144474921543256,,0.9248031698865683,0.8607149119510451
133,heptanoate (7:0),Method 3,MNWFXJYAOYHMED-UHFFFAOYSA-N,HMDB0000666,C17714,0.0018796992481203006,True,within_12m,sample_median_scaled,True,-0.004937254151592517,0.06124089829906056,0.007673275290213583,0.1995777791205932,0.7589558062263155,0.7345002298825762,0.6856294899865935,,0.9248031698865683,0.9682124660595566
596,oxypurinol,Method 4,HXNFUBHNUDHIGC-UHFFFAOYSA-N,HMDB0000786,D02365,0.9605263157894737,False,within_12m,sample_median_scaled,True,-0.0011540110690932233,0.0553594528549736,-0.0014244534695099155,0.18127828925850553,0.7600738585028817,0.5876928680514607,1.1419084262791044,,0.9248031698865683,0.9473607459637016
1044,heptenedioate (C7:1-DC)*,Method 4,OXQWBLJQOBXJPM-DUXPYHPUSA-N,,,0.015037593984962405,True,within_12m,sample_median_scaled,True,0.0077715129889737505,0.07627035531184555,-0.015686536577455758,0.2521245975676822,0.7622628782353368,0.6166193531474918,0.37635916835578387,,0.9248031698865683,0.9504514292127746
197,ibuprofen,Method 3,HEFNNWSXXWATRW-UHFFFAOYSA-N,HMDB0001925,C01588,0.9586466165413534,False,within_12m,sample_median_scaled,True,0.004626406680366594,-0.040827262476292675,-0.15182692912253998,0.1352013347295077,0.7626720263476239,0.12499683554299074,0.17025081454486057,,0.9248031698865683,0.8607149119510451
771,"5alpha-androstan-3alpha,17beta-diol monosulfate (2)",Method 3,LERFMBCTNMFXCT-ILBJSTGGSA-N,,,0.41729323308270677,False,within_12m,sample_median_scaled,True,-0.004776587622803617,0.1899622946111758,0.02608061241983721,0.6301277653701416,0.7630589336025944,0.2393159550778281,1.024274769407644,,0.9248031698865683,0.8607149119510451
2,spermidine,Method 1,ATHGHQPFGPMSJY-UHFFFAOYSA-N,HMDB0001257,C00315,0.011278195488721804,True,within_12m,sample_median_scaled,True,0.0003919718162536307,0.07214920384854698,-0.015096638432792953,0.239600437995769,0.7633206993610216,0.5458357480527966,0.44556639329506365,,0.9248031698865683,0.931585523669646
339,docosatrienoate (22:3n3),Method 3,WBBQTNCISCKUMU-IUQGRGSQSA-N,HMDB0002823,C16534,0.09774436090225563,True,within_12m,sample_median_scaled,True,-0.0014067380362262681,0.1311104086552252,0.16327628684500192,0.4370908162512594,0.7642065370050228,0.0610232140590825,0.2803602473757116,,0.9248031698865683,0.8522908896918523
820,N-acetylkynurenine (2),Method 3,PPIMFXHQDQRWGJ-JTQLQIEISA-N,HMDB0240342,,0.13909774436090225,True,within_12m,sample_median_scaled,True,-0.0017990231802159046,-0.11640234141022245,0.01587972602226905,0.39007864559311456,0.7653922672927325,0.6809394832253362,0.658429770158949,,0.9248031698865683,0.9639401888384792
316,N-(2-furoyl)glycine,Method 3,KSPQDMRTZZYQLM-UHFFFAOYSA-N,HMDB0000439,,0.09022556390977443,True,within_12m,sample_median_scaled,True,0.00859061934088432,-0.1703150828801408,0.003613439050449674,0.573044061665555,0.7663053120725246,0.9648969873815912,0.6387462821702097,,0.9248031698865683,0.9929752200823792
581,"2S,3R-dihydroxybutyrate",Method 4,LOUGYXZSURQALL-GBXIJSLDSA-N,HMDB0002453,,0.0,True,within_12m,sample_median_scaled,True,0.003932143164828026,0.05703321849594494,0.008884372767514383,0.19246607862973583,0.7669790875922564,0.6880113778210366,0.7527166283773449,,0.9248031698865683,0.9639401888384792
86,pyridoxal,Method 1,RADKZDMFGJYCBB-UHFFFAOYSA-N,HMDB0001545,C00250,0.018796992481203006,True,within_12m,sample_median_scaled,True,0.00048355479684926715,0.055646070077034725,-0.04004957522490981,0.18816498422204161,0.7674361252045954,0.13036535506820313,0.47620492779389195,,0.9248031698865683,0.8607149119510451
682,(R)-3-hydroxybutyrylcarnitine,Method 1,UEFRDQSMQXDWTO-UHFFFAOYSA-N,HMDB0013127,,0.05451127819548872,True,within_12m,sample_median_scaled,True,0.01051595435676895,0.09236679430809346,0.028692245134216306,0.31344894954932756,0.7682391767203798,0.6783827670933251,0.4577843374706935,,0.9248031698865683,0.9639401888384792
27,arachidonate (20:4n6),Method 3,YZXBAPSDXZZRGB-DOFZRALJSA-N,HMDB0001043,C00219,0.0,True,within_12m,sample_median_scaled,True,-0.0006925627390506267,0.0458706552811315,0.023603434115967315,0.15581029884362546,0.7684517603486813,0.284634718004937,0.6254678359267407,,0.9248031698865683,0.8607149119510451
30,ascorbate (vitamin C),Method 1,CIWBSHSKHKDKBQ-UHFFFAOYSA-N,HMDB0000044,"D00018,C00072",0.10902255639097744,True,within_12m,sample_median_scaled,True,0.0008678364129564325,-0.21669124641541865,-0.10675159241230488,0.7384813119344892,0.7691948686315195,0.09664411088290183,0.45167875632428484,,0.9248031698865683,0.8607149119510451
609,diphenhydramine,Method 2,ZZVUWRFHKOJYTH-UHFFFAOYSA-N,HMDB0001927,C06960,0.9285714285714286,False,within_12m,sample_median_scaled,True,-0.001836573662285127,0.04002378570156592,-0.0047070026224293625,0.136850337344472,0.7699319444854901,0.6814936959684816,0.9279558451362186,,0.9248031698865683,0.9639401888384792
514,o-cresol sulfate,Method 3,CYGSXDXRHXMAOV-UHFFFAOYSA-N,HMDB0011635,,0.11278195488721804,True,within_12m,sample_median_scaled,True,-0.002420184519635507,-0.14093630082863412,-0.0010705197376316671,0.48238085079121457,0.7701580939311821,0.9809227320096787,0.5565747167036401,,0.9248031698865683,0.996497062573767
308,butyrylcarnitine (C4),Method 1,QWYFHHGCZUCMBN-SECBINFHSA-N,HMDB0002013,C02862,0.0037593984962406013,True,within_12m,sample_median_scaled,True,0.00024341363399541283,0.050115632426635866,0.01759714867136698,0.17210655074177117,0.7709063394032898,0.26195875419306636,0.8733827070446859,,0.9248031698865683,0.8607149119510451
1151,3-ethylcatechol sulfate (1),Method 3,NUPWKYZXNXCOHY-UHFFFAOYSA-N,,,0.10338345864661654,True,within_12m,sample_median_scaled,True,-0.001656705843085596,0.12749454393271115,0.032143431148461035,0.4385789914761724,0.7712814149350944,0.5668881209656778,0.5084016135169834,,0.9248031698865683,0.9400770027095738
524,1-stearoyl-2-arachidonoyl-GPS (18:0/20:4),Method 2,SVOUGFFDROZBJI-DNALCEECSA-N,HMDB0012383,,0.793233082706767,False,within_12m,sample_median_scaled,True,0.0008709654777437458,0.07347608053883481,0.019754434882515635,0.2533163028438024,0.7717728919737551,0.3269389959898611,0.7982544619551921,,0.9248031698865683,0.8607149119510451
325,threonylphenylalanine,Method 3,IQHUITKNHOKGFC-CSUXEGHOSA-N,HMDB0029068,,0.06390977443609022,True,within_12m,sample_median_scaled,True,-0.0054026461173731265,-0.10620546736861763,-0.005034130682963113,0.3727580359540062,0.7757069791018201,0.8772431633561126,0.38316095757237983,,0.9286320692676074,0.9854286473088772
489,1-ribosyl-imidazoleacetate*,Method 1,AHPWEWASPTZMEK-UHFFFAOYSA-N,HMDB0002331,C05131,0.0,True,within_12m,sample_median_scaled,True,0.0026337296006131456,-0.062350311681748496,-0.022778462027112097,0.21969555334472626,0.7765611650395596,0.2135500022783594,0.7781660427092898,,0.9287701089007864,0.8607149119510451
1229,"3-bromo-5-chloro-2,6-dihydroxybenzoic acid*",Method 3,AJSVSHDVMDXRFN-UHFFFAOYSA-N,,,0.0,True,within_12m,sample_median_scaled,True,0.006340347513721865,-0.0704277299763524,-0.0067619944945001885,0.2531049969611494,0.7808166201773803,0.6298443326312004,0.6870220823397664,,0.930138912235325,0.9559742454814228
1169,fibrinopeptide A (4-15)**,Method 3,GXMAZYIQAHTXHM-UHFFFAOYSA-N,,,0.03759398496240601,True,within_12m,sample_median_scaled,True,-0.005506198256120721,0.07716700198350147,-0.022065794136494184,0.277942355761318,0.7812912469590118,0.42521975301578485,0.36094604482965975,,0.930138912235325,0.9235528527050412
272,2-hydroxyoctanoate,Method 3,JKRDADVRIYVCCY-UHFFFAOYSA-N,HMDB0002264,,0.0,True,within_12m,sample_median_scaled,True,0.0036356001201737105,-0.05662914037245296,-0.034781512902706715,0.2050760214196908,0.7824426070390187,0.02766083406886115,0.7136679256063646,,0.930138912235325,0.7677175285372149
936,palmitoleoylcarnitine (C16:1)*,Method 2,JFAGPSOZZSTLRF-KHPPLWFESA-N,HMDB0013207,,0.0,True,within_12m,sample_median_scaled,True,-0.0008661999938329151,-0.058031988898995295,0.019489703375492377,0.21040486482814658,0.7826931880729422,0.5281336357157511,0.5659474510869078,,0.930138912235325,0.9302117638338849
134,caproate (6:0),Method 3,FUZZWVXGSFPDMH-UHFFFAOYSA-N,HMDB0000535,C01585,0.0,True,within_12m,sample_median_scaled,True,-0.003325927851050879,-0.0689217750429937,-0.03774789964320076,0.2504666679558055,0.7831829901018756,0.2785937238460452,0.6429258218749322,,0.930138912235325,0.8607149119510451
917,glycocholate glucuronide (1),Method 3,BWWWIHHYPYDOJQ-ICKMJTCPSA-N,,,0.42857142857142855,False,within_12m,sample_median_scaled,True,0.007132929578337906,0.13580074402044331,0.07420732314305854,0.49495875831002634,0.7838019882079903,0.08170792922585537,0.7104512878124258,,0.930138912235325,0.8607149119510451
994,"sphingomyelin (d18:0/20:0, d16:0/22:0)*",Method 2,UGRZESKDAPEULH-ACEXITHZSA-N,HMDB0012090,,0.0,True,within_12m,sample_median_scaled,True,-0.005157177238298397,-0.06181086782236353,-0.0026007494190581544,0.22557452820762006,0.7840728781020236,0.7963333413444541,0.9009630321640232,,0.930138912235325,0.9777128002775092
1061,glyco-beta-muricholate**,Method 3,ZQYUKJFJPJDMMR-PRRFOZOMSA-N,,,0.2951127819548872,False,within_12m,sample_median_scaled,True,0.0010372697836389664,-0.25048298189914286,0.005209037384753962,0.9153815401126146,0.7843629895606326,0.9115197652690679,0.845844677733158,,0.930138912235325,0.9929752200823792
817,"1,2,3-benzenetriol sulfate (2)",Method 3,NGVLEQPKHLWZLN-UHFFFAOYSA-N,"HMDB0060018,HMDB0060016",,0.005639097744360902,True,within_12m,sample_median_scaled,True,0.002208296040794641,-0.09476908134497657,-0.006504270642112339,0.34633427511481835,0.7843653516065588,0.9386435289344998,0.2921305687002549,,0.930138912235325,0.9929752200823792
600,4-hydroxyglutamate,Method 1,HBDWQSHEVMSFGY-SCQFTWEKSA-N,HMDB0001344,C03079,0.07518796992481203,True,within_12m,sample_median_scaled,True,-0.007155958936415824,-0.08881566480037778,0.04988620282891951,0.3299931662124598,0.7878189092457555,0.23500680476708702,0.4572856608836542,,0.9333537878623135,0.8607149119510451
50,flavin adenine dinucleotide (FAD),Method 3,VWWQXMAJTJZDQX-KUIMXZBMSA-N,HMDB0001248,C00016,0.37218045112781956,False,within_12m,sample_median_scaled,True,-0.0033895509650746693,0.08060287113791988,-0.01589022393365143,0.3049047348724509,0.7915069392708292,0.6041467865837493,0.6991511040394536,,0.9368401343346819,0.9492656384197161
491,"3,4-dihydroxybutyrate",Method 4,DZAIOXUZHHTJKN-UHFFFAOYSA-N,HMDB0000337,,0.0,True,within_12m,sample_median_scaled,True,0.0019057673266182787,0.12451519063728274,0.03649354306205113,0.4736876832640728,0.7926558090200462,0.24723247324083275,0.6544400806522285,,0.9373173583614282,0.8607149119510451
793,acesulfame,Method 3,YGCFIWIQZPHFLU-UHFFFAOYSA-N,HMDB0033585,,0.4548872180451128,False,within_12m,sample_median_scaled,True,-0.0022724464552174575,0.2335491226604044,-0.18197676683236494,0.8945506622095829,0.7940309562081496,0.09192680004571545,0.4553895314305559,,0.9375076698611867,0.8607149119510451
1078,fibrinopeptide A (5-16)*,Method 3,NFUNGJWOQYYPEX-UHFFFAOYSA-N,,,0.0037593984962406013,True,within_12m,sample_median_scaled,True,0.0039206728989704155,0.05368573598171451,-0.015392951270095066,0.20599159714372584,0.7943847937670387,0.5412625093378424,0.6673545510785978,,0.9375076698611867,0.931585523669646
251,glycylvaline,Method 1,STKYPAFSDFAEPH-LURJTMIESA-N,HMDB0028854,,0.03571428571428571,True,within_12m,sample_median_scaled,True,-0.013489820971778853,-0.10927651642936619,0.013980501027571887,0.4221503388659671,0.7957456750116333,0.7267977465148687,0.36687988286306444,,0.9375076698611867,0.9682124660595566
1129,citalopram N-oxide*,Method 2,DIOGFDCEWUUSBQ-UHFFFAOYSA-N,HMDB0060654,C16607,0.9172932330827067,False,within_12m,sample_median_scaled,True,-0.002314592667723963,-0.033804877246361054,0.01122697497751691,0.1313528168353513,0.7969013703037021,0.11421475361707857,0.6000380983046805,,0.9375076698611867,0.8607149119510451
36,biliverdin,Method 2,QBUVFDKTZJNUPP-YBRAVLHJSA-N,HMDB0001008,C00500,0.0,True,within_12m,sample_median_scaled,True,-0.0038488562604952576,-0.08036695187033369,-0.0004758806340194292,0.31328458442511187,0.7975414770752478,0.9803223127680966,0.7552707511535005,,0.9375076698611867,0.996497062573767
669,alliin,Method 1,XUHLIQGRKRUKPH-ITZCMCNPSA-N,HMDB0033592,C08265,0.19360902255639098,True,within_12m,sample_median_scaled,True,0.01194995514819943,-0.11649071080866355,-0.0999920838770519,0.4565312494671571,0.798595807006264,0.16342490666567,0.4655144344625847,,0.9375076698611867,0.8607149119510451
1046,glucuronide of C12H22O4 (1)*,Method 3,,,,0.3684210526315789,False,within_12m,sample_median_scaled,True,0.0073950824130312115,-0.1209534022508892,-0.0757012286336846,0.4758531337616241,0.7993547919811346,0.30029578772269805,0.4528850978106714,,0.9375076698611867,0.8607149119510451
533,beta-cryptoxanthin,Method 2,DMASLKHVQRHNES-QQGJMDNJSA-N,HMDB0033844,C08591,0.015037593984962405,True,within_12m,sample_median_scaled,True,-0.007582753246599699,-0.09773718351306142,-0.01399584471688016,0.38460051910872883,0.7993978318112992,0.5983997670322814,0.7321811579531802,,0.9375076698611867,0.9473607459637016
613,S-methylcysteine,Method 3,IDIDJDIHTAOVLG-VKHMYHEASA-N,HMDB0002108,,0.0,True,within_12m,sample_median_scaled,True,-0.0022618133588719466,-0.05670228752046296,-0.0011619169927383388,0.22329640526406408,0.7995474532685201,0.971966503406131,0.43980753075560575,,0.9375076698611867,0.9929752200823792
1191,2-acrylamidoglycolic acid,Method 1,NEYTXADIGVEHQD-UHFFFAOYSA-N,,,0.0,True,within_12m,sample_median_scaled,True,-0.0013140659489824468,0.0400283093360116,0.000537426754309295,0.1584054038345262,0.8005036396435493,0.9715758129429357,0.6901405804067186,,0.9375076698611867,0.9929752200823792
945,gamma-glutamyl-alpha-lysine,Method 1,LNLLNTMHVMIMOG-YUMQZZPRSA-N,,,0.0,True,within_12m,sample_median_scaled,True,0.0019219572236553021,-0.03015119956175908,0.0010005725811233748,0.1196352161590487,0.8010208730556201,0.9205532672714986,0.6929772990474186,,0.9375076698611867,0.9929752200823792
346,guanidinosuccinate,Method 4,VVHOUVWJCQOYGG-UHFFFAOYSA-N,HMDB0003157,C03139,0.3890977443609023,False,within_12m,sample_median_scaled,True,0.0028979032904992252,-0.11575176144475512,-0.04206397328744194,0.4657335898237541,0.8037193908533544,0.153292993810821,0.8776240300489616,,0.9385120494878628,0.8607149119510451
923,catechol glucuronide,Method 3,ICPYZFZFSLTYID-GOVZDWNOSA-N,HMDB0240490,,0.631578947368421,False,within_12m,sample_median_scaled,True,0.009117128724089736,-0.11423378631009272,0.09030164771509701,0.4610907859629067,0.804330286367764,0.0158167425338067,0.4249386675437986,,0.9385120494878628,0.694767083139127
539,pregnenediol disulfate (C21H34O8S2)*,Method 3,RKYCGXFEFAPXIP-BWUXAKENSA-N,,,0.0,True,within_12m,sample_median_scaled,True,-0.0019163513592712535,0.08221258199853786,-0.01235058775517651,0.3327375890915164,0.8048468268567129,0.5222075567589413,0.8721891184279207,,0.9385120494878628,0.9302117638338849
780,phenylacetylcarnitine,Method 1,DZTZJNGATJMDSH-CYBMUJFWSA-N,,,0.0037593984962406013,True,within_12m,sample_median_scaled,True,-0.0013218353886606444,-0.07990065324273618,-0.016307509302541733,0.32449981443611176,0.805506426561105,0.6231783248485943,0.4079481000615112,,0.9385120494878628,0.9552867735788817
751,17alpha-hydroxypregnanolone glucuronide,Method 3,IZDWMNZNEAXAFE-CQQKWVOPSA-N,,,0.43045112781954886,False,within_12m,sample_median_scaled,True,-0.0055137351199225654,0.11197931827940603,-0.014992351993031694,0.4550330710143027,0.8056121729494066,0.7030591579673191,0.8053447856321022,,0.9385120494878628,0.9639401888384792
1095,"N6,N6-dimethyllysine",Method 1,XXEWFEBMSGLYBY-ZETCQYMHSA-N,HMDB0013287,C05545,0.013157894736842105,True,within_12m,sample_median_scaled,True,0.0021464779309547,-0.05144843412072564,-0.029980483548142114,0.2104325793248275,0.8068521819553971,8.0518170178217e-06,0.8628684367629927,,0.9390862895536427,0.010121133991401876
824,O-desmethyltramadol glucuronide,Method 1,DSBGQRZOJXSECT-VFUSOVNCSA-N,HMDB0060856,,0.8796992481203008,False,within_12m,sample_median_scaled,True,0.000270933553189088,0.10612944268713821,0.0031340218614199274,0.4406725073850604,0.8096828621875444,0.8227460283116121,0.7300281373168345,,0.9411672726146895,0.9777128002775092
62,myo-inositol,Method 4,CDAISMWEOUEBRE-GPIVLXJGSA-N,HMDB0000211,C00137,0.0,True,within_12m,sample_median_scaled,True,0.0010671142083261242,0.04617961750383005,-0.0005729866655892048,0.19253104964149162,0.8104423348068287,0.9614612513964542,0.8955699304516785,,0.9411672726146895,0.9929752200823792
984,glycosyl-N-(2-hydroxynervonoyl)-sphingosine (d18:1/24:1(2OH))*,Method 2,KNDOGXSGCOJBRQ-UHRQUHAFSA-N,,,0.005639097744360902,True,within_12m,sample_median_scaled,True,-0.003734656241123208,0.04797791304284287,0.023248723831095008,0.20050721772513203,0.8108863613696967,0.03460444766478248,0.6984654236633905,,0.9411672726146895,0.7677175285372149
822,tramadol,Method 1,TVYLLZQTGLZFBW-ZBFHGGJFSA-N,HMDB0014339,C07153,0.8834586466165414,False,within_12m,sample_median_scaled,True,-0.003735479172560441,0.11218721289716554,0.011728579389404718,0.47453326328951156,0.813109952275427,0.612129277048244,0.6353321173830188,,0.9428775000094205,0.9496398987235734
262,1-myristoyl-2-palmitoyl-GPC (14:0/16:0),Method 2,RFVFQQWKPSOBED-PSXMRANNSA-N,HMDB0007869,,0.0,True,within_12m,sample_median_scaled,True,-0.0036804483359903816,0.04146840200368384,-0.012989487866008722,0.17685235014763429,0.8146120818700767,0.4624187326506246,0.6093107734685979,,0.9437487436964852,0.9263190966979289
78,orotate,Method 4,PXQPEWDEAKTCGB-UHFFFAOYSA-N,HMDB0000226,C00295,0.0,True,within_12m,sample_median_scaled,True,-0.0008788994536221028,0.06414512995231009,-0.001968511044117644,0.2765449903064909,0.8165753900052113,0.8353981053324813,0.9936791948921042,,0.9438871414301533,0.9777128002775092
1101,glucuronide of piperine metabolite C17H21NO3 (3)*,Method 3,,,,0.03007518796992481,True,within_12m,sample_median_scaled,True,-0.007067649508115409,0.09201941211287722,0.0009181833745694722,0.39682092564914934,0.8166222622877213,0.9668405586845813,0.6516905702644465,,0.9438871414301533,0.9929752200823792
481,3-(3-hydroxyphenyl)propionate,Method 3,QVWAEZJXDYOKEH-UHFFFAOYSA-N,HMDB0000375,C11457,0.2781954887218045,False,within_12m,sample_median_scaled,True,0.009150418688548547,-0.14836122297094773,-0.03140863525229891,0.6428147556365744,0.8174706920295958,0.5740180928712014,0.7129097773494047,,0.9438871414301533,0.9416325057228728
193,4-acetamidophenol,Method 3,RZVAJINKPMORJF-UHFFFAOYSA-N,HMDB0001859,C06804,0.6296992481203008,False,within_12m,sample_median_scaled,True,0.014159808733690995,0.21541066139531856,-0.1787291695172938,0.9375586663088084,0.8182806041103954,0.1623899936932447,0.6158657397259661,,0.9438871414301533,0.8607149119510451
74,nicotinamide,Method 1,DFPAKSUCGFBDDF-UHFFFAOYSA-N,HMDB0001406,C00153,0.0,True,within_12m,sample_median_scaled,True,0.007047201839376598,0.041816344272803535,-0.005911181714939159,0.18422465930663623,0.8204349418245434,0.8329854496610605,0.4329745261282805,,0.9438871414301533,0.9777128002775092
543,"5alpha-androstan-3alpha,17alpha-diol disulfate",Method 3,JHFAETDERBWUOO-SKIFDASYSA-N,,,0.6466165413533834,False,within_12m,sample_median_scaled,True,-0.015327048003521712,0.06783199823393035,0.051806417789127854,0.29896076739572314,0.8205072240462816,0.14621665680807788,0.9819981756742354,,0.9438871414301533,0.8607149119510451
734,benzoylcarnitine*,Method 1,AWUHAZDZHNWQAG-UHFFFAOYSA-N,,,0.07518796992481203,True,within_12m,sample_median_scaled,True,0.002628592451673035,0.06962620970017865,-0.007640569949114757,0.3118694691262708,0.823337568773246,0.8470419695022675,0.7544902591568315,,0.9438871414301533,0.9777128002775092
386,fibrinopeptide A*,Method 3,JWICNZAGYSIBAR-UHFFFAOYSA-N,,,0.22180451127819548,False,within_12m,sample_median_scaled,True,0.0018069406346105082,-0.09072891120230041,-0.04258241847126226,0.4076145433328848,0.823858458251564,0.36763580277760854,0.5266185594296965,,0.9438871414301533,0.886983117258069
122,adenine,Method 1,GFFGJBXGBJISGV-UHFFFAOYSA-N,HMDB0000034,C00147,0.0,True,within_12m,sample_median_scaled,True,-0.0018397073320129292,0.021244505006592446,-0.026866310701289472,0.09597263409982286,0.824812113159059,0.09178321007298651,0.4667454262402115,,0.9438871414301533,0.8607149119510451
892,phenylacetylglutamate,Method 3,PTSRBZOZSRJCKX-JTQLQIEISA-N,HMDB0059772,,0.2650375939849624,False,within_12m,sample_median_scaled,True,0.006830362173887055,0.10592045014591116,-0.042191295222828065,0.48030432777812154,0.8254601346624267,0.36051443467530964,0.5306765082753061,,0.9438871414301533,0.8829245758692917
518,N-acetylserine,Method 4,JJIHLJJYMXLCOY-BYPYZUCNSA-N,HMDB0002931,,0.0,True,within_12m,sample_median_scaled,True,0.0004984450136094444,0.03990614961644112,-0.01527451828140602,0.18111401939499983,0.8256085776333473,0.13988138551455284,0.9462119897108388,,0.9438871414301533,0.8607149119510451
1219,feruloylquinate (4),Method 3,RAGZUCNPTLULOL-KQJPBSFVSA-N,,,0.6917293233082706,False,within_12m,sample_median_scaled,True,0.001473821729474948,0.09862554021648136,0.05797798908131126,0.44857718038683975,0.8259778258471429,0.049117904986349305,0.4126311352518376,,0.9438871414301533,0.8180092303786695
1226,"branched-chain, straight-chain, or cyclopropyl 10:1 fatty acid (2)*",Method 3,NIFITBVFNGQSNA-SOFGYWHQSA-N,,,0.17669172932330826,True,within_12m,sample_median_scaled,True,-0.0019732959669958436,-0.12178608843389543,0.03765455292076008,0.5550720478432891,0.826333865744107,0.7176030500257768,0.2797707482901661,,0.9438871414301533,0.9682124660595566
39,cholesterol,Method 2,HVYWMOMLDIMFJA-LBHVWCRMSA-N,HMDB0000067,C00187,0.0,True,within_12m,sample_median_scaled,True,-0.001821773632768145,0.023370668287421688,-0.004960393968719413,0.10756632053581815,0.8279998635223714,0.5386353278341783,0.9167848983239834,,0.9438871414301533,0.931585523669646
774,4-hydroxychlorothalonil,Method 3,MDQKYGOECVSPIW-UHFFFAOYSA-N,HMDB0240624,,0.0018796992481203006,True,within_12m,sample_median_scaled,True,-0.002432525548972115,0.05512975563104131,-0.0008277796646646179,0.2539559149826554,0.8281429141604115,0.9528759866917677,0.81522360054527,,0.9438871414301533,0.9929752200823792
115,uracil,Method 1,ISAKRJDGNUQOIC-UHFFFAOYSA-N,HMDB0000300,C00106,0.15789473684210525,True,within_12m,sample_median_scaled,True,-0.001086928085181245,0.05868290507776504,0.011122197102658393,0.2706103953314062,0.8283222469785545,0.7354285098455303,0.3005904129375881,,0.9438871414301533,0.9682124660595566
402,"1,3,7-trimethylurate",Method 3,BYXCFUMGEBZDDI-UHFFFAOYSA-N,HMDB0002123,C16361,0.06954887218045112,True,within_12m,sample_median_scaled,True,0.016163251282186725,-0.07127098071904824,-0.0030714794252123365,0.3292759181387621,0.8286388696406521,0.9586231186808227,0.5368892016115822,,0.9438871414301533,0.9929752200823792
711,furosemide,Method 3,ZZUFCTLCJUWOSV-UHFFFAOYSA-N,HMDB0001933,D00331,0.6221804511278195,False,within_12m,sample_median_scaled,True,-0.02004814285212792,0.11210953522248789,0.0447898339625388,0.5180697069624748,0.8286770936637035,0.22207847143790382,0.6356222950470551,,0.9438871414301533,0.8607149119510451
300,ribonate,Method 4,QXKAIJAYHKCRRA-BXXZVTAOSA-N,HMDB0000867,C01685,0.0,True,within_12m,sample_median_scaled,True,0.0005929872613247033,0.036373128543308306,-0.017988039408766913,0.16851992314546266,0.8291134467326523,0.5107764767490348,0.8105165776754463,,0.9438871414301533,0.9302117638338849
661,imidazole propionate,Method 1,ZCKYOWGFRHAZIQ-UHFFFAOYSA-N,HMDB0002271,,0.0,True,within_12m,sample_median_scaled,True,-0.008985768276561012,0.06177795244355817,0.03849808989021031,0.2873090042846676,0.8297496350678755,0.16107972239054313,0.4707488165565846,,0.9438871414301533,0.8607149119510451
20,N-acetylputrescine,Method 1,KLZGKIDSEJWEDW-UHFFFAOYSA-N,HMDB0002064,C02714,0.0,True,within_12m,sample_median_scaled,True,-0.0018851160265929113,-0.022656992034762027,-0.018799147554620827,0.10865944655508941,0.8348278234857509,0.01329213069895296,0.5498383832518843,,0.9488052207247638,0.694767083139127
149,N-acetylleucine,Method 3,WXNXCEHXYPACJF-ZETCQYMHSA-N,HMDB0011756,C02710,0.011278195488721804,True,within_12m,sample_median_scaled,True,-6.490215880140084e-05,-0.04032709148679259,-0.030017062872891243,0.19445217534369344,0.8357066778156201,0.15549349726618195,0.7064846332373799,,0.9489460650535091,0.8607149119510451
1110,"(2,4 or 2,5)-dimethylphenol sulfate",Method 3,CLCCTVXAPVYLKM-UHFFFAOYSA-N,,,0.3176691729323308,False,within_12m,sample_median_scaled,True,-0.002338600288735194,-0.10892363829694873,-0.035560804562774766,0.53084036393808,0.8374229402794582,0.7049569786226912,0.5889443888209807,,0.9500366750282301,0.9639401888384792
1146,2-ketocaprylate,Method 3,GPPUPQFYDYLTIY-UHFFFAOYSA-N,HMDB13211,,0.0,True,within_12m,sample_median_scaled,True,-1.5218997610021317e-05,-0.041656156721314085,-0.00219396090525483,0.20546863431256682,0.8393403652030178,0.879920215109902,0.6443033746525976,,0.9506819638556021,0.987553312851024
1092,3-hydroxyhippurate sulfate,Method 3,SBLCKJXUMHOIBU-UHFFFAOYSA-N,,,0.7124060150375939,False,within_12m,sample_median_scaled,True,0.009147559028621468,-0.10414017337053903,0.03784924281171863,0.5142026231478801,0.8395043594906271,0.30472810311855447,0.41026839353605377,,0.9506819638556021,0.8607149119510451
211,taurodeoxycholate,Method 2,AWDRATDZQPNJFN-RZGBOAIJSA-N,HMDB0000896,C05463,0.4906015037593985,False,within_12m,sample_median_scaled,True,0.006310379482950645,-0.1383168754882552,0.03731190324201302,0.6990642063542494,0.8431545653999237,0.04378168428752575,0.7790652699812131,,0.9518641656479851,0.7922246299154634
415,phenylacetylglutamine,Method 3,JFLIEFSWGNOPJJ-JTQLQIEISA-N,HMDB0006344,C04148,0.0,True,within_12m,sample_median_scaled,True,0.010472717912812577,-0.06684441490827901,-0.02493349399853157,0.33875884206299967,0.8435759276802219,0.1478767726928624,0.673191770459254,,0.9518641656479851,0.8607149119510451
461,pivaloylcarnitine (C5),Method 1,YICAQFPUDACYGQ-UHFFFAOYSA-N,HMDB0041993,,0.9774436090225563,False,within_12m,sample_median_scaled,True,0.0015076740522486842,-0.012226854115832977,0.0055220803437052894,0.06225256491866154,0.8442914342330535,0.4314323913186634,0.003116408343083767,,0.9518641656479851,0.9235528527050412
786,4-vinylguaiacol sulfate,Method 3,FKCHAXAGQVCJPN-UHFFFAOYSA-N,HMDB0127980,,0.16165413533834586,True,within_12m,sample_median_scaled,True,0.004921352654711013,0.11701867732229812,-0.09144743840946262,0.5976822764325371,0.8447765484665526,0.2427979045492118,0.4661580842699185,,0.9518641656479851,0.8607149119510451
477,1-myristoylglycerol (14:0),Method 3,DCBSHORRWZKAKO-UHFFFAOYSA-N,HMDB0011561,C01885,0.041353383458646614,True,within_12m,sample_median_scaled,True,0.008526316076345625,-0.05574630970331353,0.026387467173662766,0.28627686983147466,0.8456053781829264,0.6973817454490143,0.27636227008689185,,0.9518641656479851,0.9639401888384792
1057,genistein sulfate*,Method 3,DKEIWIJUHWVGRC-UHFFFAOYSA-N,,,0.5714285714285714,False,within_12m,sample_median_scaled,True,-0.0034448963956380816,-0.08517362624929264,-0.011973154821357076,0.4378915538631364,0.8457777462537346,0.8929812300328823,0.1589946279872449,,0.9518641656479851,0.9900112608500111
1028,(N(1) + N(8))-acetylspermidine,Method 1,MQTAVJHICJWXBR-UHFFFAOYSA-N,"HMDB0002189,HMDB0001276","C01029,C00612",0.0,True,within_12m,sample_median_scaled,True,-0.0008539905443745267,-0.022786117497903647,-0.02103250560952746,0.11747079447603033,0.8461973226507346,0.06001284916848238,0.5193115192171704,,0.9518641656479851,0.8522908896918523
1250,"bilirubin degradation product, C16H18N2O5 (2)**",Method 3,,,,0.06954887218045112,True,within_12m,sample_median_scaled,True,-0.009232267444043166,0.08504342320033337,0.026770475386879586,0.4406222415463511,0.8469530483177069,0.3990230839937092,0.6358783556217604,,0.9518641656479851,0.9128232028997617
1253,"bilirubin degradation product, C17H18N2O4 (3)**",Method 3,,,,0.0,True,within_12m,sample_median_scaled,True,-0.0006675532156514509,-0.05357086655297461,0.015766277758693284,0.2783142075466524,0.8473635651233853,0.35084139155780636,0.7067456303684614,,0.9518641656479851,0.8750151372781003
1148,"N,N-dimethyl-5-aminovalerate",Method 1,UYZSNVLEDLCWGU-UHFFFAOYSA-N,,,0.3890977443609023,False,within_12m,sample_median_scaled,True,-0.0009638993588334208,0.09854963542816371,-0.03169793416921089,0.5221538454197457,0.85029912337668,0.5983793267400657,0.37216839995796275,,0.9527685835866843,0.9473607459637016
748,3-(3-hydroxyphenyl)propionate sulfate,Method 3,IQWLPDPKVFZEOK-UHFFFAOYSA-N,HMDB0094710,,0.5451127819548872,False,within_12m,sample_median_scaled,True,0.004506854593080201,0.1024006196423259,-0.036727376222133935,0.5437540285980598,0.8506245669443826,0.373571027211264,0.6186127378444997,,0.9527685835866843,0.8961427122224406
432,N1-methyl-2-pyridone-5-carboxamide,Method 3,JLQSXXWTCJPCBC-UHFFFAOYSA-N,HMDB0004193,C05842,0.0,True,within_12m,sample_median_scaled,True,0.0008435067206443982,-0.035526863918801194,-0.00929981587462769,0.1892225714432905,0.85107128168403,0.47730601535377504,0.6460200594382206,,0.9527685835866843,0.9263190966979289
626,1-lignoceroyl-GPC (24:0),Method 2,SKJMUADLQLZAGH-WJOKGBTCSA-N,HMDB0010405,,0.19360902255639098,True,within_12m,sample_median_scaled,True,-0.008012271528026652,0.06568432588636579,-3.332351001886673e-05,0.3501543010729132,0.8512005722894561,0.9990803739033997,0.4587235625089987,,0.9527685835866843,0.9992662957885908
971,N-palmitoylserine,Method 3,BFVRFWIQTACAPT-KRWDZBQOSA-N,,,0.12593984962406016,True,within_12m,sample_median_scaled,True,-0.006541001958253142,-0.05796017012638182,-0.0038827224158940925,0.31739125596591616,0.8551006926877747,0.9367934420501012,0.4756329641065635,,0.9562825362175559,0.9929752200823792
379,hydroxybupropion,Method 1,RCOBKSKAZMVBHT-NCWAPJAISA-N,HMDB0012235,,0.9699248120300752,False,within_12m,sample_median_scaled,True,0.0008215361409682911,0.10105170213557862,-0.25695412311189325,0.5574450342463588,0.856150526237032,0.14652949656523584,0.3752350383525814,,0.9566055213155105,0.8607149119510451
408,indolebutyrate,Method 3,JTEDVYBZBROSJT-UHFFFAOYSA-N,HMDB0002096,C11284,0.13345864661654136,True,within_12m,sample_median_scaled,True,-0.009202378915741808,0.08134117374480604,-0.05958093886596168,0.451287097360655,0.8569620917814277,0.11751660439362173,0.7196988818796005,,0.9566619443776684,0.8607149119510451
352,octanoylcarnitine (C8),Method 2,CXTATJFJDMJMIY-UHFFFAOYSA-N,HMDB0000791,C02838,0.0,True,within_12m,sample_median_scaled,True,0.0032366931979628377,-0.04394872644347018,0.017227850448135806,0.24958934676068192,0.8602278376497342,0.6008318912685748,0.718329599657566,,0.958721556914424,0.9481677637454439
712,gamma-CEHC glucuronide*,Method 3,NOZSTAZEOBPSBY-UHFFFAOYSA-N,,,0.2236842105263158,False,within_12m,sample_median_scaled,True,0.01020514463335703,0.0746917632915502,0.001925831320583255,0.4245033056687993,0.860332471121297,0.9722301561477026,0.5980871832905127,,0.958721556914424,0.9929752200823792
129,ribose,Method 4,PYMYPHUHKUWMLA-LMVFSUKVSA-N,HMDB0000283,C00121,0.6766917293233082,False,within_12m,sample_median_scaled,True,0.013504895177238784,-0.080113314995097,0.06484070569595957,0.45917045700370057,0.8614929475038804,0.20111388957959786,0.3812940037247826,,0.9591644242802282,0.8607149119510451
1060,carboxyibuprofen glucuronide*,Method 4,FLVLKWAQHDRIPH-UHFFFAOYSA-N,HMDB60564,,0.9605263157894737,False,within_12m,sample_median_scaled,True,0.005332824803211005,-0.02941003401316799,-0.14105437810832328,0.1731416246202699,0.8651193414799837,0.1101032003304086,0.1360111951758782,,0.9617387097679772,0.8607149119510451
184,N1-methyladenosine,Method 1,GFYLSDSUCHVORB-IOSLPCCCSA-N,HMDB0003331,C02494,0.0,True,within_12m,sample_median_scaled,True,0.0011840877490394749,-0.010277564623075058,-0.0011759193166670115,0.06111165877943387,0.8664441737871271,0.9109870584512775,0.5620623210758932,,0.9617387097679772,0.9929752200823792
395,metoprolol acid metabolite*,Method 1,PUQIRTNPJRFRCZ-UHFFFAOYSA-N,,,0.9323308270676691,False,within_12m,sample_median_scaled,True,0.0010630621489545655,0.04036317126290483,-0.06839433613015303,0.24163448643570598,0.8673367955601149,0.1453561793504479,0.6738057500680494,,0.9617387097679772,0.8607149119510451
493,hexanoylglutamine,Method 3,NONGMLDQXRDGIT-UHFFFAOYSA-N,,,0.015037593984962405,True,within_12m,sample_median_scaled,True,0.006513091752284562,0.06130775669199484,0.01294505931118981,0.3675386048060395,0.8675224573546156,0.8240992666649349,0.5927204818194025,,0.9617387097679772,0.9777128002775092
664,citalopram/escitalopram,Method 2,WSEQXVZVJXJVFP-FQEVSTJZSA-N,HMDB0005028,D07913,0.9097744360902256,False,within_12m,sample_median_scaled,True,-0.0022162388749413352,-0.03637873573685166,-0.008205517180166457,0.21826957046391113,0.8676306259959317,0.5108623231207104,0.7828357009308549,,0.9617387097679772,0.9302117638338849
171,oleoyl ethanolamide,Method 3,BOWVQLFMWHZBEF-KTKRTIGZSA-N,HMDB0002088,,0.0,True,within_12m,sample_median_scaled,True,-0.00044917120073592956,0.026883962464975892,0.014747501184180344,0.16533675680798035,0.870832406844549,0.6075789811431683,0.7029389807024905,,0.9641499296545817,0.9496398987235734
702,carboxyibuprofen,Method 3,DIVLBIVDYADZPL-UHFFFAOYSA-N,HMDB0060564,,0.8515037593984962,False,within_12m,sample_median_scaled,True,0.007794260828076049,0.0695129777159963,-0.2067340445687359,0.4292071763331026,0.8713399523369967,0.09177332810008183,0.3871961427999557,,0.9641499296545817,0.8607149119510451
883,"sphingomyelin (d18:1/21:0, d17:1/22:0, d16:1/23:0)*",Method 2,YXSZOBWVQJIWNE-QVDCKBILSA-N,"HMDB0240619,HMDB0240611,HMDB0240621",,0.0,True,within_12m,sample_median_scaled,True,0.00046805626421293024,-0.03372731331128183,-0.010963621526706473,0.21088815675374892,0.87293632665731,0.5071867422288125,0.736710490008532,,0.9648437956902455,0.9302117638338849
28,arginine,Method 1,ODKSFYDXXFIFQN-UHFFFAOYSA-N,HMDB0000517,C00062,0.0,True,within_12m,sample_median_scaled,True,-0.001880236978292317,0.018797580388602134,-0.009380151548843916,0.11828209687047109,0.8737306406110114,0.3623286953602495,0.6668536775909036,,0.9648437956902455,0.8834622666383996
183,2-hydroxystearate,Method 3,KIHBGTRZFAVZRV-QGZVFWFLSA-N,HMDB0062549,"C03042,C03045",0.0,True,within_12m,sample_median_scaled,True,-0.0019758549703985102,0.023706650912259986,0.013353767643638768,0.15031179477216222,0.8746801942669757,0.496158525320858,0.8959446601833848,,0.9648437956902455,0.9302117638338849
216,4-acetaminophen sulfate,Method 3,IGTYILLPRJOVFY-UHFFFAOYSA-N,HMDB0059911,C06804,0.5676691729323309,False,within_12m,sample_median_scaled,True,0.01495393734960655,-0.18049801741974975,-0.25166737342985485,1.1477439604108217,0.8750373326069052,0.05713601807351795,0.6303838386873999,,0.9648437956902455,0.841462374980247
889,myristoyl dihydrosphingomyelin (d18:0/14:0)*,Method 2,MJAFYELZQYPMQG-MPQUPPDSSA-N,HMDB0012085,,0.0,True,within_12m,sample_median_scaled,True,-0.0029974157483085065,0.02006203385240729,0.002821421725673971,0.13066897062867405,0.8779777586492029,0.5816435010997713,0.7152290703819928,,0.9669458980969198,0.944607081243427
962,N-palmitoyl-sphingadienine (d18:2/16:0)*,Method 2,XXWRZIYYFPIQHE-XPAOSYCESA-N,HMDB0240686,,0.02819548872180451,True,within_12m,sample_median_scaled,True,0.0005333153092528652,0.028381459949541818,0.007086914383759721,0.18592165764150212,0.8786720916176491,0.7358323680283727,0.652000450265136,,0.9669458980969198,0.9682124660595566
1175,fibrinopeptide B (1-12)**,Method 3,BQQBOORXDTXWLE-UHFFFAOYSA-N,,,0.0037593984962406013,True,within_12m,sample_median_scaled,True,-0.010758468461482068,0.04714389592879252,-0.02500907455828662,0.31359256495632903,0.8805004272293956,0.08487130271346081,0.6066181206999285,,0.9669458980969198,0.8607149119510451
668,(15:2)-anacardic acid,Method 3,KAOMOVYHGLSFHQ-UTOQUPLUSA-N,HMDB0033896,,0.9266917293233082,False,within_12m,sample_median_scaled,True,0.004829747646783976,0.03362130397089943,-0.00851732365670333,0.22367080785793525,0.8805153002993762,0.7755235336573771,0.48467496271146043,,0.9669458980969198,0.9719173298178695
1039,3-hydroxyoleate*,Method 3,MFBDGGFIQVOLTJ-MDZDMXLPSA-N,,,0.09022556390977443,True,within_12m,sample_median_scaled,True,-0.004450245291275034,-0.0775209570984632,0.04885575267225201,0.5183217246379498,0.8811106116707332,0.5942360113806571,0.15104688394048058,,0.9669458980969198,0.9473607459637016
480,3-(2-hydroxyphenyl)propionate,Method 3,CJBDUOMQLFKVQC-UHFFFAOYSA-N,HMDB0033752,C01198,0.8627819548872181,False,within_12m,sample_median_scaled,True,0.0017301161390516546,0.041040858044476713,0.02602600415674569,0.2764209216449104,0.8819700220959754,0.5591152329607287,0.2211455646599961,,0.9669458980969198,0.9345849040314308
698,3-methyl catechol sulfate (2),Method 3,TZVUCGJSHGKWCJ-UHFFFAOYSA-N,,,0.39285714285714285,False,within_12m,sample_median_scaled,True,0.007213966925460912,-0.09095971044187764,0.08731355189173934,0.6145176555181984,0.882328516401883,0.3432555131493734,0.4183006676235025,,0.9669458980969198,0.8674382944313466
602,pantoate,Method 3,OTOIIPJYVQJATP-BYPYZUCNSA-N,HMDB0240389,C00522,0.03383458646616541,True,within_12m,sample_median_scaled,True,0.00025887282773767576,-0.06572261559779442,-0.0735673686746545,0.4487328968578844,0.8835561616728389,0.05510088409917069,0.3018850109000642,,0.9674478181382913,0.841462374980247
1040,lyxonate,Method 4,QXKAIJAYHKCRRA-PZGQECOJSA-N,HMDB0060255,,0.11466165413533834,True,within_12m,sample_median_scaled,True,-0.0061871836316304465,-0.07683935601288001,-0.05250418889955766,0.5341238942055597,0.8856105898459852,0.45251691199126964,0.483565358004888,,0.9683115003348675,0.9235528527050412
988,1-cerotoyl-GPC (26:0)*,Method 2,WSDKRPCAPHRNNZ-MGBGTMOVSA-N,HMDB29205,,0.37593984962406013,False,within_12m,sample_median_scaled,True,-0.006073294107547598,-0.04121769188707774,-0.007438134779817532,0.28720674298545923,0.8858856208314221,0.8501512256987411,0.4439914015686885,,0.9683115003348675,0.9777128002775092
853,pregabalin,Method 1,AYXYPKUFHZROOJ-UHFFFAOYSA-N,HMDB0014375,,0.9398496240601504,False,within_12m,sample_median_scaled,True,-0.0024317467917529165,-0.04015366477540248,-0.004260663327599623,0.2821315491113868,0.8868252823398313,0.6594449884117062,0.8295049603018316,,0.9684964204180434,0.9622271433280913
708,3beta-hydroxy-5-cholenoate,Method 3,HIAJCGFYHIANNA-QIZZZRFXSA-N,HMDB0000308,,0.14285714285714285,True,within_12m,sample_median_scaled,True,0.001002436575212774,0.05304682699788958,0.04318855533823587,0.39458064213328387,0.8930558446784939,0.1725190952210779,0.6965460828152996,,0.9744541638549191,0.8607149119510451
25,5-methylthioadenosine (MTA),Method 1,WUUGFSXJNOTRMR-IOSLPCCCSA-N,HMDB0001173,C00170,0.0,True,within_12m,sample_median_scaled,True,0.0003080121565016868,-0.01375241617478882,-0.022189221934571225,0.10523071823175652,0.8960219445797497,0.08179917470463446,0.5035836797302116,,0.9768426577074981,0.8607149119510451
701,2-hydroxyibuprofen,Method 3,UJHKVYPPCJBOSG-UHFFFAOYSA-N,HMDB0060920,,0.8627819548872181,False,within_12m,sample_median_scaled,True,0.009281219823963432,-0.06524653496528862,-0.21108853782646556,0.5213116113036221,0.9003981383679919,0.03196065675243201,0.42050242182511516,,0.9795904317181093,0.7677175285372149
6,alpha-ketoglutarate,Method 4,KPGXRSRHYNQIFN-UHFFFAOYSA-N,HMDB0000208,C00026,0.0,True,within_12m,sample_median_scaled,True,-0.0013096512085304566,0.01971490891487135,0.011398689469489921,0.15850056584300384,0.9010113683266473,0.33025347723018716,0.9693217715871993,,0.9795904317181093,0.8607149119510451
849,2-methylcitrate/homocitrate,Method 3,YNOXCRMFGMSKIJ-UHFFFAOYSA-N,"HMDB0003518,HMDB0000379",C01251,0.0018796992481203006,True,within_12m,sample_median_scaled,True,0.0016980829484485977,0.018564027034576425,-0.013823253715584738,0.15195629812025607,0.9027668548469157,0.33134033218488135,0.7458788515378518,,0.9795904317181093,0.8607149119510451
143,sarcosine,Method 1,FSYKKLYZXJSNPZ-UHFFFAOYSA-N,HMDB0000271,C00213,0.0018796992481203006,True,within_12m,sample_median_scaled,True,0.0014856758451318088,-0.02287861284043431,0.013739703747210707,0.18843860896545409,0.9033651141800512,0.5588975100076183,0.6874808063653874,,0.9795904317181093,0.9345849040314308
775,isoeugenol sulfate,Method 3,HRHBRUPGUDLQIF-ONEGZZNKSA-N,,,0.4041353383458647,False,within_12m,sample_median_scaled,True,-0.007933069708923957,0.05977883235559224,-0.08894750065203638,0.4934076217067489,0.9035682149912235,0.24609312188999388,0.3547335682157854,,0.9795904317181093,0.8607149119510451
469,cholesterol sulfate,Method 4,BHYOQNUELFTYRT-UHFFFAOYSA-N,HMDB00653,C18043,0.0,True,within_12m,sample_median_scaled,True,-0.0042054879847660915,0.022535833749698565,0.009202327836368956,0.188088997587795,0.9046299077275104,0.4421735094039825,0.7906475610318259,,0.9795904317181093,0.9235528527050412
269,1-methylguanidine,Method 1,CHJJGSNFBQVOTG-UHFFFAOYSA-N,HMDB0001522,C02294,0.8026315789473685,False,within_12m,sample_median_scaled,True,0.000969769586804584,0.04729775668542462,-0.01917488802791864,0.4017625786793765,0.9062850503005818,0.6543188481370571,0.37095330759083933,,0.9795904317181093,0.9622271433280913
768,octadecenedioylcarnitine (C18:1-DC)*,Method 2,CYPBWZKNUDFJJE-PLNGDYQASA-N,,,0.0037593984962406013,True,within_12m,sample_median_scaled,True,0.0006010731772998127,-0.025955616284859352,0.006529954761976516,0.2211116917141544,0.9065534637225815,0.7872548435765604,0.5596907223911095,,0.9795904317181093,0.9777128002775092
832,suberoylcarnitine (C8-DC),Method 1,YVWVEIPYMGBQPE-UHFFFAOYSA-N,,,0.05263157894736842,True,within_12m,sample_median_scaled,True,0.0033144890633275957,-0.04838510154760049,0.0033745537951315554,0.4139620581975155,0.9069528190395881,0.9422149761974576,0.6233278886012121,,0.9795904317181093,0.9929752200823792
1150,tetrahydrocortisol sulfate (1),Method 3,UCVZOQFWMUAZJZ-GXBDJPPSSA-N,,,0.33270676691729323,False,within_12m,sample_median_scaled,True,-0.0009894308443776922,-0.045912470530837274,0.04505896699289639,0.39372420435367006,0.9071685270984322,0.43154798851413056,0.7387383523183867,,0.9795904317181093,0.9235528527050412
517,gamma-glutamylalanine,Method 1,WQXXXVRAFAKQJM-WHFBIAKZSA-N,HMDB0029142,C03738,0.05451127819548872,True,within_12m,sample_median_scaled,True,0.0015906492549875233,0.02750664651801923,0.00343740845491625,0.2362191040266124,0.9072994941614265,0.9137728372290153,0.6259781148973329,,0.9795904317181093,0.9929752200823792
1135,ranitidine N-oxide*,Method 1,DFJVUWAHTQPQCV-MDWZMJQESA-N,,,0.9924812030075187,False,within_12m,sample_median_scaled,True,0.0007444648198451283,0.005273360790058225,0.004585089053302555,0.04557975418569921,0.9078940755382636,0.3852947848924956,0.19426697552630656,,0.9795904317181093,0.9018911445248919
467,hydroquinone sulfate,Method 3,FPXPQMOQWJZYBL-UHFFFAOYSA-N,HMDB0240263,C00530,0.10338345864661654,True,within_12m,sample_median_scaled,True,0.00588505537576924,0.05707966565488177,0.004021015455645108,0.5150164988088235,0.9117505593088052,0.9342622012253049,0.43864212156509735,,0.9801885011762372,0.9929752200823792
1241,2-methoxyhydroquinone sulfate (2),Method 3,DQJWAJBJWZYKLK-UHFFFAOYSA-N,,,0.2199248120300752,False,within_12m,sample_median_scaled,True,0.012671970154225734,0.04957559870908852,-0.005950165297229033,0.4498236776419237,0.9122418952185767,0.8958088689623758,0.3580322777543275,,0.9801885011762372,0.9900129804149947
368,phenylacetylglycine,Method 3,UTYVDVLMYQPLQB-UHFFFAOYSA-N,HMDB0000821,C05598,0.4755639097744361,False,within_12m,sample_median_scaled,True,0.002371588596910265,0.05749838753931457,-0.011101476549022734,0.5225024800070602,0.9123742906689858,0.8638010722925945,0.270614421138668,,0.9801885011762372,0.9844043045075171
304,indoleacetate,Method 3,SEOVTRFCIGRIMH-UHFFFAOYSA-N,HMDB0000197,C00954,0.0,True,within_12m,sample_median_scaled,True,0.001427835076070972,0.020324269926520682,-0.0036358995810463635,0.18726298934036184,0.9135726681021169,0.8231131322719938,0.5055009671640994,,0.9801885011762372,0.9777128002775092
1262,perfluorohexanesulfonate (PFHxS),Method 3,QZHDEAJFRJCDMF-UHFFFAOYSA-N,HMDB0094700,,0.016917293233082706,True,within_12m,sample_median_scaled,True,-0.0042349656378704355,0.03889479687524896,0.05922462202288039,0.3596094551259042,0.9138700133394158,0.3273986573360308,0.8244997855697473,,0.9801885011762372,0.8607149119510451
110,alanine,Method 1,QNAYBMKLOCPYGJ-REOHCLBHSA-N,HMDB0000161,C00041,0.0,True,within_12m,sample_median_scaled,True,-0.002579779381050194,-0.015260047612169633,-0.003646329563558548,0.14162696309370915,0.9141954492810448,0.7549721504609943,0.8899652285338598,,0.9801885011762372,0.9682124660595566
146,phosphoethanolamine,Method 1,SUHOOTKUPISOBE-UHFFFAOYSA-N,HMDB0000224,C00346,0.03571428571428571,True,within_12m,sample_median_scaled,True,-0.002136566526336194,0.025502259620931826,0.02445579925273106,0.23697813864800343,0.9143015757335466,0.1581786019030963,0.6922987122903875,,0.9801885011762372,0.8607149119510451
8,3-hydroxyisobutyrate,Method 4,DBXBTMSZEOQQDU-UHFFFAOYSA-N,"HMDB0000023,HMDB0000336","C01188,C06001",0.015037593984962405,True,within_12m,sample_median_scaled,True,0.0009718916167542851,0.023698265439949427,-0.0003121220119819133,0.22121242981129022,0.9146866442957249,0.9866191845757036,0.7365464331401137,,0.9801885011762372,0.9977315486819466
772,myristoleoylcarnitine (C14:1)*,Method 2,ABVVZYXTZLEOHP-OLHLWXQYSA-N,HMDB0240588,,0.0,True,within_12m,sample_median_scaled,True,-0.001491016906632331,-0.02470104216814725,0.003553932855840073,0.2516062947669283,0.921794614394262,0.9247879215408799,0.5198123609894854,,0.9847835024915247,0.9929752200823792
11,cholate,Method 3,BHQCQFFYRZLCQQ-OLRQUHAPSA-N,HMDB0000619,C00695,0.0,True,within_12m,sample_median_scaled,True,-0.00873938512901996,-0.04917631901869911,0.05926262097585367,0.5110085211625053,0.9233348445970195,0.128198580736175,0.45793258980087925,,0.9847835024915247,0.8607149119510451
825,N-desmethyl tramadol,Method 1,VUMQHLSPUAFKKK-DZGCQCFKSA-N,HMDB0061007,,0.8834586466165414,False,within_12m,sample_median_scaled,True,0.0012646672697462988,0.03780969349781376,-0.0029099000059264577,0.39666516245934896,0.9240615178713047,0.8497443314935222,0.7413077459126739,,0.9847835024915247,0.9777128002775092
1118,2-hydroxyfluorene sulfate,Method 3,ZAEQSKSORYMOAE-UHFFFAOYSA-N,,,0.36466165413533835,False,within_12m,sample_median_scaled,True,-0.015418308461952046,-0.04178399681392128,0.048349547612207756,0.4421433343227589,0.9247093743676502,0.26820481915632444,0.584570121166775,,0.9847835024915247,0.8607149119510451
1128,desmethylcitalopram*,Method 2,PTJADDMMFYXMMG-UHFFFAOYSA-N,HMDB0014021,C16608,0.9097744360902256,False,within_12m,sample_median_scaled,True,-0.0020266858984603103,0.021389077000269315,0.007993486353093108,0.2282623606337063,0.9253443596808697,0.12170909100082351,0.7287808580776233,,0.9847835024915247,0.8607149119510451
10,homovanillate (HVA),Method 3,QRMZSPFSDQBLIX-UHFFFAOYSA-N,HMDB0000118,C05582,0.3082706766917293,False,within_12m,sample_median_scaled,True,0.001058585181063742,0.03049910896996117,-0.029056032354035827,0.32570354430612763,0.9253945750604139,0.6922684621565505,0.24757800848701125,,0.9847835024915247,0.9639401888384792
620,sertraline,Method 2,VGKDLMBJGBXTGI-SJCJKPOMSA-N,HMDB0005010,C07246,0.9266917293233082,False,within_12m,sample_median_scaled,True,-0.0022603729220996975,-0.011645105692301275,-0.0025276653317047384,0.1281492841895283,0.9275947704995192,0.6652151054511626,0.9977125449957539,,0.9847835024915247,0.9622271433280913
838,phenol glucuronide,Method 3,WVHAUDNUGBNUDZ-GOVZDWNOSA-N,HMDB0060014,,0.5469924812030075,False,within_12m,sample_median_scaled,True,0.003203857678496954,0.04821174690262413,-0.004874035362222835,0.5344320846108491,0.9281194032907149,0.8978638008536945,0.5075589782536335,,0.9847835024915247,0.9900129804149947
1080,"sphingomyelin (d17:1/14:0, d16:1/15:0)*",Method 2,VDFACZRLDXDTEB-WSYRTZMQSA-N,,,0.0,True,within_12m,sample_median_scaled,True,0.00011049144754431859,-0.013966192907457273,0.0077951033069377975,0.15600071987690195,0.9286635224083588,0.6169994958135434,0.7365399869394726,,0.9847835024915247,0.9504514292127746
851,2-hydroxylaurate,Method 3,YDZIJQXINJLRLL-UHFFFAOYSA-N,,,0.15037593984962405,True,within_12m,sample_median_scaled,True,-0.006925880458914958,-0.03259216432943124,0.03274513416222094,0.36645784581626034,0.929130887673068,0.5513816014054176,0.2661677411380098,,0.9847835024915247,0.9318930942716541
700,3-methyl catechol sulfate (1),Method 3,HFDKYCXWNHNKAF-UHFFFAOYSA-N,,,0.015037593984962405,True,within_12m,sample_median_scaled,True,-0.0015224111941600964,0.04201432539931293,0.0477287991483125,0.48024638533680014,0.9302860570063727,0.5222505643062569,0.46798217359411,,0.9847835024915247,0.9302117638338849
1033,hydroxy-CMPF*,Method 3,OZOJARPUDFLESM-UHFFFAOYSA-N,,,0.0,True,within_12m,sample_median_scaled,True,0.005757964731889376,0.03581561529549302,-0.034287172156389864,0.4132140393240216,0.9309292938633698,0.049972958501213714,0.7916504631095376,,0.9847835024915247,0.8180092303786695
530,"bilirubin (E,E)*",Method 2,BPYKTIZUTYGOLE-VVCLLGATSA-N,HMDB0240584,,0.0,True,within_12m,sample_median_scaled,True,-0.005511572880343547,-0.02561758678725717,-0.008224931758524557,0.2957362238406023,0.9309711083504745,0.6180328820513905,0.8260715357332706,,0.9847835024915247,0.9508237552503244
507,desmethylnaproxen sulfate,Method 3,BNKMSCMOWGCUOF-QMMMGPOBSA-N,,,0.9624060150375939,False,within_12m,sample_median_scaled,True,-0.014229020550471377,-0.012524266376870381,-0.011912419039745794,0.1454115235276174,0.9313632295387009,0.7725312178212657,0.17314865289745526,,0.9847835024915247,0.9701016391621688
755,1-palmitoyl-GPG (16:0)*,Method 3,BVJSKAUUFXBDOB-UHFFFAOYSA-N,HMDB0240601,,0.0,True,within_12m,sample_median_scaled,True,-0.0031305751607110517,-0.01513320133653689,-0.0030800615488660358,0.1766445958015453,0.9317284862733832,0.8748272449041742,0.6226020795478763,,0.9847835024915247,0.9852070031134053
1102,glucuronide of piperine metabolite C17H21NO3 (4)*,Method 3,,,,0.013157894736842105,True,within_12m,sample_median_scaled,True,-0.003990270687577643,0.033996415509760895,-0.03316797357859964,0.39933504968317673,0.9321560042624214,0.13144204115394087,0.7065856478576972,,0.9847835024915247,0.8607149119510451
529,succinylcarnitine (C4-DC),Method 1,HAEVNYBCYZZDFL-UHFFFAOYSA-N,HMDB0061717,,0.009398496240601503,True,within_12m,sample_median_scaled,True,-0.003568698074070062,0.016074284518130595,0.0019008078672750409,0.19128086913365222,0.9330286179981049,0.9454186338811985,0.43226135515989644,,0.9847835024915247,0.9929752200823792
214,azelate (C9-DC),Method 3,BDJRBEYXGGNYIS-UHFFFAOYSA-N,HMDB0000784,C08261,0.03571428571428571,True,within_12m,sample_median_scaled,True,-0.004684370774198003,0.01704815379351903,0.026710550521678204,0.2102487359953682,0.9353738438996491,0.5506700424026263,0.40974466624937705,,0.9847835024915247,0.9318930942716541
498,4-vinylphenol sulfate,Method 3,IETVQHUKTKKBFF-UHFFFAOYSA-N,HMDB0062775,C05627,0.0,True,within_12m,sample_median_scaled,True,-0.0005818926083172338,-0.04290059824207955,-0.018101787167094846,0.5395973373014181,0.9366310845801873,0.6671664966764118,0.3491242421415811,,0.9847835024915247,0.9631764173492078
1051,methylnaphthyl sulfate (2)*,Method 3,SBYDEYGHJXSIDV-UHFFFAOYSA-N,,,0.5639097744360902,False,within_12m,sample_median_scaled,True,-0.010599386276938088,0.04295037553205558,0.011309359917426345,0.549244176812594,0.937669713803509,0.7431004232538873,0.6295920564381242,,0.9847835024915247,0.9682124660595566
523,1-palmitoyl-2-linoleoyl-GPE (16:0/18:2),Method 2,HBZNVZIRJWODIB-NHCUFCNUSA-N,HMDB0005322,,0.0,True,within_12m,sample_median_scaled,True,-0.0005793613990059783,-0.012790748927942998,0.0012235559554590015,0.16483366141496045,0.9381478986528313,0.9570414757149028,0.6033170066721585,,0.9847835024915247,0.9929752200823792
1254,"bilirubin degradation product, C17H20N2O5 (1)**",Method 3,,,,0.03759398496240601,True,within_12m,sample_median_scaled,True,-0.004661897698237576,-0.0355197320094774,0.022010503084272742,0.45894871558537903,0.9383103649034857,0.4466322716786635,0.6653463822773802,,0.9847835024915247,0.9235528527050412
1087,"2,2'-methylenebis(6-tert-butyl-p-cresol)",Method 4,KGRVJHAUYBGFFP-UHFFFAOYSA-N,,,0.7725563909774437,False,within_12m,sample_median_scaled,True,-0.006096889872644447,-0.03359523022995954,0.02856796665403877,0.4410685859212268,0.9392855885960937,0.6197922140964416,0.179512257595936,,0.9847835024915247,0.9512561820747584
1218,feruloylquinate (2),Method 3,RAGZUCNPTLULOL-KQJPBSFVSA-N,,,0.6860902255639098,False,within_12m,sample_median_scaled,True,0.000975776710120077,-0.03387849009018274,0.035653091617043886,0.4448310271452582,0.939291521117337,0.3052433762241794,0.3997502200432812,,0.9847835024915247,0.8607149119510451
161,vanillylmandelate (VMA),Method 3,CGQCWMIAEPEHNQ-UHFFFAOYSA-N,HMDB0000291,C05584,0.007518796992481203,True,within_12m,sample_median_scaled,True,0.003966381786056354,0.01737884334216206,-0.011475701990799617,0.23015246998861272,0.9398088365448359,0.4348852641931621,0.7860399297031032,,0.9847835024915247,0.9235528527050412
1228,4-ethyl-2-methoxyphenol sulfate,Method 3,MKBJQFWSHNXYFZ-UHFFFAOYSA-N,,,0.6146616541353384,False,within_12m,sample_median_scaled,True,-0.0021869832119711112,-0.03435847279283222,0.022191013059573397,0.4560313387567037,0.9399423266884658,0.601939439513814,0.4226753588201333,,0.9847835024915247,0.9481677637454439
1258,"bilirubin degradation product, C16H18N2O5 (4)**",Method 3,,,,0.18233082706766918,True,within_12m,sample_median_scaled,True,-0.002515799031468522,0.03325051813316737,0.03939187478976706,0.46991061527722144,0.9435893720227795,0.2999304561709234,0.5610506318296594,,0.9847835024915247,0.8607149119510451
200,N-linoleoylglycine,Method 3,YCRHZEHWEYAHCO-HZJYTTRNSA-N,,,0.20864661654135339,False,within_12m,sample_median_scaled,True,-0.012085381113912849,0.02494173001110707,-0.047712266599195814,0.3536676405268389,0.9437773340128838,0.29316327836228917,0.44985210193676634,,0.9847835024915247,0.8607149119510451
1062,N-methylhydroxyproline**,Method 1,FMIPNAUMSPFTHK-UHFFFAOYSA-N,,,0.11278195488721804,True,within_12m,sample_median_scaled,True,-0.0024515477289332585,0.034648768636308676,-0.004253751185731901,0.4959181049119724,0.9442987833812321,0.9643966976052899,0.5075054862331991,,0.9847835024915247,0.9929752200823792
218,methylsuccinate,Method 4,WXUAQHNMJWJLTG-UHFFFAOYSA-N,HMDB0001844,,0.0018796992481203006,True,within_12m,sample_median_scaled,True,0.0055478759046160234,0.011950568188644959,0.04440930855514328,0.17673810384292724,0.9460902168486898,0.0224466955407595,0.5897973003916637,,0.9847835024915247,0.7677175285372149
519,1-stearoyl-2-oleoyl-GPE (18:0/18:1),Method 2,JQKOHRZNEOQNJE-AYBNWLFXSA-N,HMDB0008993,,0.0,True,within_12m,sample_median_scaled,True,-0.0010595966540016218,0.014030288373448522,-0.002856257279782738,0.20803419373832677,0.9462296570220408,0.9401530149575758,0.44335480864485066,,0.9847835024915247,0.9929752200823792
724,3-hydroxyadipate,Method 4,YVOMYDHIQVMMTA-UHFFFAOYSA-N,HMDB0000345,,0.09962406015037593,True,within_12m,sample_median_scaled,True,0.015276765972450071,0.02155481623244371,0.008029092098234375,0.3201992135767696,0.9463294286410351,0.9063132569161995,0.35308751714784664,,0.9847835024915247,0.9922043759126522
99,glutamine,Method 1,ZDXPYRJPNDTMRX-VKHMYHEASA-N,HMDB0000641,C00064,0.0,True,within_12m,sample_median_scaled,True,0.00012532400631278011,0.006043110666588578,-0.008868452903231242,0.090683332148514,0.9468685345261331,0.4517146983584729,0.7379984386234485,,0.9847835024915247,0.9235528527050412
65,3-sulfo-alanine,Method 4,XVOYSCVBGLVSOL-UHFFFAOYSA-N,HMDB0002757,C00506,0.05075187969924812,True,within_12m,sample_median_scaled,True,-0.0062478802176070295,-0.026943527067566638,-0.03415005693755178,0.4057600398797277,0.9470572895926272,0.5105774288489069,0.6475554337906398,,0.9847835024915247,0.9302117638338849
225,xanthurenate,Method 3,FBZONXHGGPHHIY-UHFFFAOYSA-N,HMDB0000881,C02470,0.32894736842105265,False,within_12m,sample_median_scaled,True,0.0006630232449707094,0.026203538628211565,0.006465503249993956,0.39542340032872303,0.9471652231062643,0.8017943328495758,0.5464639372734842,,0.9847835024915247,0.9777128002775092
605,hydroxycotinine,Method 1,XOKCJXZZNAUIQN-IENPIDJESA-N,HMDB0001390,,0.7481203007518797,False,within_12m,sample_median_scaled,True,0.002986034407785234,-0.039154966323813524,-0.025069531147455484,0.6053599010182931,0.9484284084574529,0.07286305941323495,0.9946269009710722,,0.9847835024915247,0.8607149119510451
1145,3-(methylthio)acetaminophen sulfate*,Method 3,VOXWKXZBPMQUJH-UHFFFAOYSA-N,,,0.650375939849624,False,within_12m,sample_median_scaled,True,0.017765030098781408,0.04187102810611798,-0.062003805214649224,0.6491067221672618,0.9485676365568124,0.4254874787828351,0.6647754582913028,,0.9847835024915247,0.9235528527050412
777,3-hydroxypyridine sulfate,Method 3,BDERIBJTVYFANV-UHFFFAOYSA-N,,,0.005639097744360902,True,within_12m,sample_median_scaled,True,0.004300177177783244,-0.03770642422164651,-0.01908064663305593,0.5865736598137139,0.9487452836254865,0.820019257193767,0.5538688031144091,,0.9847835024915247,0.9777128002775092
123,cytosine,Method 1,OPTASPLRGRRNAP-UHFFFAOYSA-N,HMDB0000630,C00380,0.13157894736842105,True,within_12m,sample_median_scaled,True,0.0013952652933990125,0.022207732964875566,-0.05184973600108595,0.35925599089314525,0.9507094400983719,0.21646468725827483,0.40635596792443407,,0.9860080579238064,0.8607149119510451
364,myristoylcarnitine (C14),Method 2,PSHXNVGSVNEJBD-UHFFFAOYSA-N,HMDB0005066,,0.0,True,within_12m,sample_median_scaled,True,-5.571566871007477e-05,0.011257923363633264,0.017068323538313467,0.18683943294255526,0.9519529110239159,0.4995829216405061,0.736060723175143,,0.9861350529144808,0.9302117638338849
696,2-hydroxydecanoate,Method 3,GHPVDCPCKSNJDR-UHFFFAOYSA-N,HMDB0094656,,0.0,True,within_12m,sample_median_scaled,True,-0.0035392361384168755,-0.01611328506702973,-0.016613846712437912,0.2719314596068871,0.9527490426477787,0.3230628412835388,0.7677538226432727,,0.9861350529144808,0.8607149119510451
290,saccharin,Method 3,CVHZOJJKTDOEJC-UHFFFAOYSA-N,HMDB0029723,C12283,0.34022556390977443,False,within_12m,sample_median_scaled,True,0.01864730541824013,-0.04351390862053687,-0.13777002461266405,0.7508908260110948,0.9537886835720965,0.23658310961504458,0.42155147046532515,,0.9861350529144808,0.8607149119510451
242,2-isopropylmalate,Method 4,BITYXLXUCSKTJS-UHFFFAOYSA-N,HMDB0000402,C02504,0.30639097744360905,False,within_12m,sample_median_scaled,True,0.007017681848683719,-0.03748411710411565,-0.12395509150382428,0.6493887583180393,0.9539699477677078,0.14101598098654822,0.3120411442824527,,0.9861350529144808,0.8607149119510451
114,pyruvate,Method 4,LCTONWCANYUPML-UHFFFAOYSA-N,HMDB0000243,C00022,0.0,True,within_12m,sample_median_scaled,True,-0.007768346065282933,0.014682373291793439,0.023912343299766884,0.26896635351272846,0.9564665865992339,0.4500720132726489,0.9044679492239008,,0.9862844185636876,0.9235528527050412
119,cotinine,Method 1,UIKROCXWUNQSPJ-VIFPVBQESA-N,HMDB0001046,,0.674812030075188,False,within_12m,sample_median_scaled,True,0.003440489457440334,-0.060107348429199396,-0.018692698890976082,1.1175501508560588,0.957106522107745,0.2083730557374216,0.9392810006379739,,0.9862844185636876,0.8607149119510451
260,"1,2-dipalmitoyl-GPC (16:0/16:0)",Method 2,KILNVBDSWZSGLL-KXQOOQHDSA-N,HMDB0000564,D03585,0.0,True,within_12m,sample_median_scaled,True,-0.004558092011642425,0.004404812066709177,-0.0032795961700715763,0.08280440225844499,0.9575762325621618,0.4351130026962703,0.7953290262098904,,0.9862844185636876,0.9235528527050412
460,gulonate*,Method 4,RGHNJXZEOKUKBD-NRXMZTRTSA-N,HMDB0003290,C00800,0.03383458646616541,True,within_12m,sample_median_scaled,True,0.005280283223550554,-0.015560125733833672,-0.024925089820469974,0.2934361041783726,0.9577101522343001,0.18999253696033236,0.6544017487276352,,0.9862844185636876,0.8607149119510451
492,indoleacetylglutamine,Method 3,DVJIJAYHBZALOJ-UHFFFAOYSA-N,HMDB0013240,,0.15789473684210525,True,within_12m,sample_median_scaled,True,0.006448253550392998,-0.025221875104696666,-0.023410225564343905,0.4793545550202949,0.9580376094401454,0.31809190327245107,0.5998284340201151,,0.9862844185636876,0.8607149119510451
317,trigonelline (N'-methylnicotinate),Method 1,WWNNZCOKKKDOPX-UHFFFAOYSA-N,HMDB0000875,C01004,0.0,True,within_12m,sample_median_scaled,True,0.005706376047263954,0.018444982334923338,-0.0036769308558802123,0.38374281082739414,0.9616636421313272,0.9589196883763579,0.37403818434083097,,0.9892071998028463,0.9929752200823792
719,2-aminophenol sulfate,Method 3,VSTZVCJQGSLNLL-UHFFFAOYSA-N,HMDB0061116,,0.005639097744360902,True,within_12m,sample_median_scaled,True,0.010129804543652676,0.015325168054516712,-0.06369566252808867,0.349709797713141,0.9650458680977227,0.36103677963151626,0.5191041204750441,,0.990094371079293,0.8829245758692917
1170,fibrinopeptide A (8-16)**,Method 3,IVDQZJOLQPZCET-UHFFFAOYSA-N,,,0.005639097744360902,True,within_12m,sample_median_scaled,True,0.0015050474184404323,0.011355405692776783,-0.029083602980303908,0.26030606498236825,0.9652046905163965,0.22012863591867338,0.7605165086287068,,0.990094371079293,0.8607149119510451
691,margaroylcarnitine (C17)*,Method 2,DWSFAVOTORHAAL-UHFFFAOYSA-N,HMDB0006210,,0.0,True,within_12m,sample_median_scaled,True,-0.00025024387482346094,-0.007924127183679497,0.013571083198039936,0.18436742779406703,0.9657174113589118,0.21890127498139944,0.6798754436481205,,0.990094371079293,0.8607149119510451
513,methylphosphate,Method 1,CAAULPUQFIIOTL-UHFFFAOYSA-N,HMDB61711,,0.0,True,within_12m,sample_median_scaled,True,-0.0017508539505634749,-0.00670269153086056,-0.014699778078416848,0.15734873339013097,0.9660222421819746,0.45503098876844594,0.842046352425881,,0.990094371079293,0.9240290030402851
1130,citalopram propionate*,Method 3,JSYNRZJODZWUKX-UHFFFAOYSA-N,HMDB60463,C16610,0.9097744360902256,False,within_12m,sample_median_scaled,True,-0.0018717470118775439,0.011352999560348714,-0.003280684863707038,0.2700331674468421,0.9664644338220305,0.6608827138830258,0.8628632383873656,,0.990094371079293,0.9622271433280913
992,trazadone,Method 1,PHLBKPHSAVXXEF-UHFFFAOYSA-N,HMDB0014794,"C07156,D08626",0.9360902255639098,False,within_12m,sample_median_scaled,True,-0.008072402156206733,0.017769936891688907,-0.009620883236979535,0.45035196092318347,0.9685253284655663,0.6251854696906438,0.7238520470049402,,0.9913976692843784,0.9556588594887989
1255,"bilirubin degradation product, C17H20N2O5 (2)**",Method 3,,,,0.009398496240601503,True,within_12m,sample_median_scaled,True,-0.0037262326203136398,0.01417962181506275,0.028174083746398227,0.4008380554463719,0.971780767873084,0.30767793445582703,0.679227673253016,,0.9920479012986633,0.8607149119510451
354,decanoylcarnitine (C10),Method 2,LZOSYCMHQXPBFU-UHFFFAOYSA-N,HMDB0000651,,0.0,True,within_12m,sample_median_scaled,True,0.003953736488168153,0.008020523104354216,0.007887949582288736,0.23063914467450122,0.9722589937094229,0.805851514165366,0.6412799517235631,,0.9920479012986633,0.9777128002775092
12,4-hydroxyphenylacetate,Method 3,XQXPVVBIMDBYFF-UHFFFAOYSA-N,HMDB0000020,C00642,0.07330827067669173,True,within_12m,sample_median_scaled,True,-0.00100597041033787,-0.011936302741664795,-0.05634236641643349,0.35465974596950783,0.973151748549953,0.0375509055404576,0.487834671616862,,0.9920479012986633,0.7677175285372149
132,dihydroorotate,Method 4,UFIVEPVSAGBUSI-UHFFFAOYSA-N,HMDB03349,C00337,0.0018796992481203006,True,within_12m,sample_median_scaled,True,0.002470779521875731,0.0073003583812323875,-0.0025914866955101166,0.2214327760485612,0.9736995204145055,0.8415851263974297,0.7744099217652655,,0.9920479012986633,0.9777128002775092
644,2-oxindole-3-acetate,Method 3,ILGMGHZPXRDCCS-UHFFFAOYSA-N,HMDB0035514,,0.6278195488721805,False,within_12m,sample_median_scaled,True,0.006903082871259471,-0.011235251198559624,0.07564890152392206,0.3477898225977617,0.9742290489140788,0.04001354603182082,0.35629616330647135,,0.9920479012986633,0.7677175285372149
982,glycosyl-N-tricosanoyl-sphingadienine (d18:2/23:0)*,Method 2,WKJGTBSWYQRTEJ-PBFIFAMQSA-N,,,0.08646616541353383,True,within_12m,sample_median_scaled,True,0.0023154758910278,-0.008474180266149661,-0.0018497745676014962,0.26686700936782437,0.9746679760455272,0.9235772297635682,0.44155224039400626,,0.9920479012986633,0.9929752200823792
649,leucylglycine,Method 1,LESXFEZIFXFIQR-UHFFFAOYSA-N,HMDB0028929,,0.231203007518797,False,within_12m,sample_median_scaled,True,-0.016106155893708857,-0.011429339992207138,-0.045932665133259706,0.3601736550142272,0.9746850899791959,0.46341444288401223,0.2779775867348113,,0.9920479012986633,0.9263190966979289
348,I-urobilinogen,Method 3,OBHRVMZSZIDDEK-UHFFFAOYSA-N,HMDB0004157,C05789,0.22556390977443608,False,within_12m,sample_median_scaled,True,0.0012500997561078623,-0.021473526319157683,0.07571470137482701,0.7557485390581906,0.977332288293682,0.03532297001618851,0.7075980571514198,,0.9939374485316814,0.7677175285372149
754,1-oleoyl-GPG (18:1)*,Method 3,FQQQKGAFQIIGLQ-VYFUBJQISA-N,HMDB0240602,,0.11466165413533834,True,within_12m,sample_median_scaled,True,-0.010617327806553722,0.008120162149009158,-0.055828546576655064,0.2975341433465928,0.9782272120330707,0.08347237992898308,0.2805884742947284,,0.9940433351055538,0.8607149119510451
907,1-oleoyl-2-arachidonoyl-GPE (18:1/20:4)*,Method 2,PECSWFQRRFRZPW-BHPGJWMBSA-N,HMDB0009069,,0.13345864661654136,True,within_12m,sample_median_scaled,True,0.005881267665893571,0.008198845799890948,0.06389113180909924,0.344897664326654,0.9810346166782756,0.19311923001604958,0.42318543417460625,,0.9947263913558453,0.8607149119510451
1034,3-hydroxyoleoylcarnitine,Method 2,YBCVTTMMURGSEY-LMLDZDDJSA-N,,,0.013157894736842105,True,within_12m,sample_median_scaled,True,0.002720634132417443,-0.006914307668744333,0.008896169624011368,0.2954480459503602,0.9813289819660459,0.8143081230968459,0.29371047056096217,,0.9947263913558453,0.9777128002775092
586,4-methylbenzenesulfonate,Method 3,JOXIMZWYDAKGHI-UHFFFAOYSA-N,HMDB0059933,C06677,0.8327067669172933,False,within_12m,sample_median_scaled,True,0.006351406534841227,-0.005088789144087056,0.048858182486698376,0.23312781246853162,0.9825849012395915,0.1563547983574245,0.16722127160945188,,0.9947263913558453,0.8607149119510451
378,alpha-hydroxyisovalerate,Method 4,NGEWQZIDQIYUNV-UHFFFAOYSA-N,HMDB0000407,,0.0,True,within_12m,sample_median_scaled,True,-1.4586472891515272e-05,-0.004996246322751319,-0.011155628245781084,0.23382002979077937,0.9829521685194664,0.32236463751067346,0.860850248687641,,0.9947263913558453,0.8607149119510451
1152,3-ethylcatechol sulfate (2),Method 3,NUPWKYZXNXCOHY-UHFFFAOYSA-N,,,0.5037593984962406,False,within_12m,sample_median_scaled,True,0.004504150133732451,0.009801885685850125,0.050316559527772795,0.46832408017187194,0.9833017292104731,0.4746203769347178,0.4501321942078159,,0.9947263913558453,0.9263190966979289
1168,fibrinopeptide A (3-16)**,Method 3,RTIAWGDTSQOGQP-UHFFFAOYSA-N,,,0.0037593984962406013,True,within_12m,sample_median_scaled,True,0.00430068130288831,-0.00467342850754703,-0.023973010166852222,0.2280137493582386,0.9836474975778169,0.38068466983190685,0.6392317961834004,,0.9947263913558453,0.9018911445248919
769,octadecanedioylcarnitine (C18-DC)*,Method 2,ULCCGBCYWCYNIC-UHFFFAOYSA-N,,,0.0,True,within_12m,sample_median_scaled,True,0.00043038873113553485,-0.00406705353988426,0.01584000987306431,0.21907363696010726,0.9851883006960948,0.4730468771514257,0.7761810031030693,,0.9953477946901026,0.9263190966979289
355,N-acetylglutamine,Method 4,KSMRODHGGIIXDV-YFKPBYRVSA-N,HMDB0006029,C02716,0.018796992481203006,True,within_12m,sample_median_scaled,True,0.0011844809372073132,-0.0037256957947072794,0.004630098432360554,0.21753487596259521,0.9863353872946545,0.7172246297558089,0.7338249421296144,,0.9953477946901026,0.9682124660595566
69,lysine,Method 1,KDXKERNSBIXSRK-UHFFFAOYSA-N,HMDB0003405,"C00739,C00047",0.0,True,within_12m,sample_median_scaled,True,0.000687355027679809,-0.0015508108012806609,-0.0013645065494192724,0.09259578910508622,0.9866375116816769,0.8687069701703068,0.7047041895352925,,0.9953477946901026,0.9852070031134053
1197,pregnenetriol disulfate*,Method 3,KANYWSIUKWPEOE-HXOPQMAFSA-N,,,0.0,True,within_12m,sample_median_scaled,True,-0.0020809997906128287,0.00446691784841348,0.011480453090555353,0.34872757266357735,0.9897800242816465,0.7023938529798949,0.8655956260880914,,0.9957057138255965,0.9639401888384792
1109,2-naphthol sulfate,Method 3,HXEZIDSFDHEIIQ-UHFFFAOYSA-N,,,0.020676691729323307,True,within_12m,sample_median_scaled,True,0.001303710986284674,-0.005078506762714896,-0.020037735906885866,0.41718113252842953,0.990287283522387,0.45222925143774984,0.5672963378808572,,0.9957057138255965,0.9235528527050412
1117,4-allylcatechol sulfate,Method 3,USWXDXYEVISELK-UHFFFAOYSA-N,,,0.007518796992481203,True,within_12m,sample_median_scaled,True,-0.006693182318299896,-0.004429153386832773,-0.0062975855744234685,0.3750286170821258,0.990577063208574,0.882133810422021,0.5562683713595715,,0.9957057138255965,0.9882729052588952
503,N6-carboxymethyllysine,Method 1,NUXSIDPKKIEIMI-UHFFFAOYSA-N,HMDB0240347,,0.2462406015037594,False,within_12m,sample_median_scaled,True,0.00431958603513215,0.005999503623532362,0.007563374228896278,0.5183179569147844,0.9907647335757719,0.8906199523395683,0.4912594532589279,,0.9957057138255965,0.9898402122819074
590,ibuprofen acyl glucuronide,Method 3,ABOLXXZAJIAUGR-JPMMFUSZSA-N,HMDB0010343,,0.9360902255639098,False,within_12m,sample_median_scaled,True,0.008373227883507368,-0.0036870241411599224,-0.25041876737572,0.32516167942015034,0.9909529419218943,0.06672864587875994,0.21757058725062225,,0.9957057138255965,0.8607149119510451
324,pyridoxate,Method 3,HXACOUQIXZGNBF-UHFFFAOYSA-N,HMDB0000017,C00847,0.0,True,within_12m,sample_median_scaled,True,0.0076820893973792055,-0.0034136930322190787,-0.07385018574190585,0.3596272830189564,0.9924263475222225,0.1003056852183038,0.48596943306427987,,0.9963897115298991,0.8607149119510451
157,methyl indole-3-acetate,Method 1,KTHADMDGDNYQRX-UHFFFAOYSA-N,HMDB0029738,,0.013157894736842105,True,within_12m,sample_median_scaled,True,0.0005359579426550894,0.0019668670386563604,-0.022525495740928606,0.24779866456530186,0.9936669700469443,0.3111108384896324,0.3457234132218265,,0.9968390912601827,0.8607149119510451
536,glycocholenate sulfate*,Method 3,HCXZDHWUVRQLGC-UHFFFAOYSA-N,,,0.0,True,within_12m,sample_median_scaled,True,-0.0021719436829780777,0.0010551740893505184,0.0056055923056709,0.18034656161563117,0.9953317529096688,0.6938764292770164,0.752876667015586,,0.9971145620256325,0.9639401888384792
457,N-acetylcitrulline,Method 3,WMQMIOYQXNRROC-LURJTMIESA-N,HMDB0000856,"C15532,C02851",0.08834586466165413,True,within_12m,sample_median_scaled,True,-0.003125437354427232,-0.002352108207369411,-0.005215481215265524,0.41966178165083035,0.9955280631202615,0.8247587591571359,0.739043675308455,,0.9971145620256325,0.9777128002775092
1116,deoxycholic acid glucuronide,Method 3,NNEIBJNHWVDJBA-WOSXBVGSSA-N,,,0.0,True,within_12m,sample_median_scaled,True,-0.0051501925211995744,-0.0013242122460271626,0.027740195866602455,0.3815876128233606,0.9972311302826432,0.12975100838599096,0.7368342320969625,,0.9980251041124861,0.8607149119510451
385,erythronate*,Method 4,JPIJQSOTBSSVTP-PWNYCUMCSA-N,HMDB0000613,,0.0,True,within_12m,sample_median_scaled,True,0.0021651906765222276,-0.0002571459524759767,-0.005736734738881737,0.15575744071398073,0.998682742274077,0.7023414709026541,0.8710054122793529,,0.9986827422740772,0.9639401888384792
