feature_index,metabolite,method,inchikey,hmdb,kegg,missing_fraction,high_coverage,analysis,normalization,converged,optimizer,beta_time,beta_group,beta_time_group,se_group,p_group,p_time_group,patient_variance,residual_variance,log_likelihood,error,q_group,q_time_group
299,N-acetylglycine,Method 1,OKJIRPAQVSHGFK-UHFFFAOYSA-N,HMDB0000532,,0.0,True,within_12m,sample_median_scaled,True,lbfgs,0.0067603632308709,-0.7454596670931144,-0.0091754714680125,0.1807353775659061,3.7139274647293065e-05,0.6101277065745709,0.519687023182573,0.1578502205562423,-459.9237185740926,,0.03546800728816488,0.9999994324487448
537,taurocholenate sulfate*,Method 3,OEDITLKCLMKBOM-UHFFFAOYSA-N,,,0.0,True,within_12m,sample_median_scaled,True,lbfgs,-0.0118007998060879,1.1470381430721732,0.0070129932463294,0.3024229705149133,0.0001489416566435,0.8240170323227909,1.4148140525453363,0.488037630465817,-750.1213040141527,,0.03655081992691642,0.9999994324487448
1133,ezetimibe glucuronide*,Method 3,UOFYCFMTERCNEW-ADEYADIWSA-N,,,0.9924812030075189,False,within_12m,sample_median_scaled,True,lbfgs,-1.589225766554687e-16,0.1810505531796586,0.0062586089681587,0.0479725375234966,0.0001606212607542,0.0264699270532112,0.043154943384209,0.0037120918083875,430.0237855370328,,0.03655081992691642,0.9999994324487448
685,famotidine,Method 1,XUFQPHANEAPEMJ-UHFFFAOYSA-N,HMDB0001919,D00318,0.9830827067669172,False,within_12m,sample_median_scaled,True,lbfgs,-0.0001655581272736,0.3431395071990061,0.0637542384150675,0.0911120690045474,0.0001658003226813,2.8465055297306407e-11,0.1282481728989898,0.0444933048112927,-112.58881332146734,,0.03655081992691642,2.718412780892762e-08
694,taurohyocholate*,Method 3,XSOLDPYUICCHJX-QZWOQUDZSA-N,HMDB0011637,C15516,0.2368421052631578,False,within_12m,sample_median_scaled,True,lbfgs,-0.0222793714372094,3.1186136025786766,-0.0033481050996133,0.8367213169459928,0.0001936317457127,0.9696200373894476,10.779911094234157,3.793028283114816,-1294.012073688825,,0.03655081992691642,0.9999994324487448
440,1-palmitoleoyl-GPC (16:1)*,Method 2,LFUDDCMNKWEORN-KHPPLWFESA-N,HMDB0010383,,0.0,True,within_12m,sample_median_scaled,True,lbfgs,0.0019808110931583,-0.5484294414372903,-0.0288477629260922,0.1488695593752557,0.0002296386592267,0.1055788063998127,0.3063845712777844,0.1600368530904916,-422.2304318473391,,0.03655081992691642,0.9999994324487448
360,1-palmitoyl-GPC (16:0),Method 2,ASWBNKHCZGQVJV-UHFFFAOYSA-N,HMDB0010382,C04102,0.0,True,within_12m,sample_median_scaled,True,lbfgs,0.0019086100669015,-0.3952901593743201,-0.0051170300386384,0.1111377950996923,0.0003754607903023,0.6688581483707572,0.1869948768242867,0.0705638862381503,-228.73757424867063,,0.050005813766713446,0.9999994324487448
366,1-oleoyl-GPC (18:1),Method 2,YAMUFBLWGFFICM-PTGWMXDISA-N,HMDB0002815,C03916,0.0,True,within_12m,sample_median_scaled,True,lbfgs,0.0026185640422885,-0.3623619642766638,-0.0133575396745713,0.1035703600690965,0.0004675264532722,0.3186099422099593,0.1356015437436078,0.0921024197443212,-256.78346977542446,,0.050005813766713446,0.9999994324487448
928,docosahexaenoylcholine,Method 2,OKLWSURGMYZXCS-GUTOPQIJSA-N,HMDB0240647,,0.1710526315789473,True,within_12m,sample_median_scaled,True,lbfgs,0.0063287711163323,-1.6695596506844907,-0.0437853286937403,0.4774832891056125,0.0004712589779062,0.416022618500198,3.3329049052677684,1.4383371226600483,-1020.4299914524602,,0.050005813766713446,0.9999994324487448
627,1-(1-enyl-palmitoyl)-GPC (P-16:0)*,Method 2,HTZINLFNXLXRBC-CQLBIITFSA-N,HMDB0010407,,0.0,True,within_12m,sample_median_scaled,True,lbfgs,0.0011467069865714,-0.4919192247397605,-0.0025430388299441,0.1446851238629812,0.0006740322285192,0.8819947944661979,0.292714303633071,0.1473587726253309,-402.9600135698672,,0.06253186844616584,0.9999994324487448
987,linoleoylcholine*,Method 2,GVYIAXNFCSAJSK-OKLKQMLOSA-N,HMDB0013213,,0.0018796992481203,True,within_12m,sample_median_scaled,True,lbfgs,0.0041443306928548,-1.0258052353182647,0.0063267195284564,0.3042847981425954,0.0007484121357037,0.8705851507445768,1.1916605049775046,0.7704654731323324,-825.1747602566245,,0.06253186844616584,0.9999994324487448
222,3-phenylpropionate (hydrocinnamate),Method 3,XMIIGOLPHOKFCH-UHFFFAOYSA-N,HMDB0000764,C05629,0.2161654135338346,False,within_12m,sample_median_scaled,True,lbfgs,0.003981335967631,-2.1365868275172013,-0.0228584061117264,0.6367444213028811,0.0007922574007777,0.7988577029452127,4.4650741423323925,4.242710681988417,-1253.6766246102882,,0.06253186844616584,0.9999994324487448
1157,clarithromycin,Method 2,AGOYDEPGAOXOCK-KCBOHYOISA-N,HMDB0015342,"C06912,D00276",0.9924812030075189,False,within_12m,sample_median_scaled,True,lbfgs,0.0001331010995149,0.5015521181924077,0.0553971536057899,0.1503643277501232,0.0008512191516232,0.0033085729870983,0.2987352394557342,0.1789391974980043,-442.1516563997898,,0.06253186844616584,0.22569194304849116
986,stearoylcholine*,Method 2,WYVHUXGFCVDOEA-UHFFFAOYSA-N,HMDB0240648,,0.0112781954887218,True,within_12m,sample_median_scaled,True,lbfgs,0.0030411003598291,-1.032933041461383,-0.0058290553815904,0.3153157742840897,0.0010533756060655,0.8833697165519159,1.301112016641906,0.8025089791188116,-839.2856402388945,,0.07185526455661088,0.9999994324487448
929,palmitoloelycholine,Method 2,CLIZBTUFRKKPFA-UHFFFAOYSA-N,HMDB0013208,,0.2161654135338346,False,within_12m,sample_median_scaled,True,lbfgs,-0.0021079010110247,-1.2194486098046746,-0.0324938746415163,0.3768769237785661,0.0012135843809048,0.4896229876897997,1.8779627518597213,1.1243057779520726,-931.0622649100412,,0.07248643444886906,0.9999994324487448
156,gamma-glutamyltyrosine,Method 3,VVLXCWVSSLFQDS-QWRGUYRKSA-N,HMDB0011741,,0.0,True,within_12m,sample_median_scaled,True,lbfgs,-0.0057498180426757,0.52566730107766,-0.0011932448251898,0.1640285672101099,0.0013518914271457,0.9364198057904446,0.4476259836984063,0.1077917389565539,-377.2667862828596,,0.07248643444886906,0.9999994324487448
365,1-stearoyl-GPC (18:0),Method 2,IHNKQIMGVNPMTC-RUZDIDTESA-N,HMDB0010384,,0.0,True,within_12m,sample_median_scaled,True,lbfgs,0.0010937310231508,-0.4004038698832197,0.0015783404473578,0.1252508518158124,0.001389537529956,0.9159830380124112,0.217537380097935,0.1125086261191086,-329.2173181583587,,0.07248643444886906,0.9999994324487448
926,oleoylcholine,Method 2,GFSSJDJAEKYAGX-UHFFFAOYSA-N,HMDB0240596,,0.0075187969924812,True,within_12m,sample_median_scaled,True,lbfgs,0.0037150511759347,-0.941695940820685,-0.0086333808727898,0.2948581974487813,0.0014044993251843,0.8194882419922613,1.1115613008109624,0.7320360375279215,-810.2961914794771,,0.07248643444886906,0.9999994324487448
913,palmitoylcholine,Method 2,UFQZDKMTMXCDBP-UHFFFAOYSA-N,HMDB0240592,,0.0018796992481203,True,within_12m,sample_median_scaled,True,lbfgs,0.0040963762172083,-0.9142011589996109,0.002843018200528,0.2882658525847688,0.0015171545016449,0.9383291325566482,1.0712423750045583,0.689458561966333,-795.9402531163626,,0.07248643444886906,0.9999994324487448
448,testosterone sulfate,Method 3,WAQBISPOEAOCOG-DYKIIFRCSA-N,HMDB0002833,,0.6766917293233082,False,within_12m,sample_median_scaled,True,lbfgs,-0.003645488748759,1.2500319471548893,0.0340160677723377,0.3941810735140165,0.0015180405120182,0.1817280688022045,2.865959131660046,0.3044370825081537,-723.4668903617619,,0.07248643444886906,0.9999994324487448
376,gamma-glutamyltryptophan,Method 3,CATMPQFFVNKDEY-AAEUAGOBSA-N,HMDB0029160,,0.0093984962406015,True,within_12m,sample_median_scaled,True,lbfgs,-0.0054040541204656,0.5567590343610145,0.000127122415607,0.1777612028623937,0.0017358346141509,0.9943549369201604,0.4984118158166517,0.1576428560433833,-456.3553324153656,,0.07893914554829093,0.9999994324487448
209,taurochenodeoxycholate,Method 3,BHTRKEVKTKCXOH-BJLOMENOSA-N,HMDB0000951,C05465,0.0,True,within_12m,sample_median_scaled,True,lbfgs,-0.0248099728448899,1.8067544961972797,0.0179813795589126,0.5821171178525936,0.0019107529976709,0.7315578181087677,5.669288482149123,1.321617135019007,-1046.6449059729227,,0.08294405058071407,0.9999994324487448
927,arachidonoylcholine,Method 2,XUWOVXDQNYUPNL-WYTUUNCASA-N,HMDB0240583,,0.0112781954887218,True,within_12m,sample_median_scaled,True,lbfgs,0.0069425358391117,-1.070066529826306,0.0078868770460731,0.3530294035283736,0.0024366657994316,0.8530954432862993,1.7102954823360326,0.9145470895741452,-884.1803715354511,,0.10117460167205122,0.9999994324487448
298,3-hydroxydecanoate,Method 3,FYSSBMZUBSBFJL-UHFFFAOYSA-N,HMDB0002203,,0.0,True,within_12m,sample_median_scaled,True,lbfgs,-0.0067658366643154,0.6584204848256398,0.0213082078159968,0.2192736254344368,0.0026756572681391,0.4778695195531932,0.5600198176876381,0.4682614016771535,-675.5318443964522,,0.10262838411475415,0.9999994324487448
548,"5alpha-androstan-3alpha,17beta-diol monosulfate (1)",Method 3,LERFMBCTNMFXCT-ILBJSTGGSA-N,,,0.7255639097744361,False,within_12m,sample_median_scaled,True,lbfgs,0.0084302987618138,-1.281914856515619,-0.0404803497823003,0.4270926404193088,0.0026866069139988,0.2321008465367446,3.197851728512701,0.545733862318305,-837.5499705942864,,0.10262838411475415,0.9999994324487448
474,hexadecanedioate (C16-DC),Method 3,QQHJDPROMQRDLA-UHFFFAOYSA-N,HMDB0000672,C19615,0.0075187969924812,True,within_12m,sample_median_scaled,True,lbfgs,-0.0075990222111222,0.745579021559724,0.0150624986797093,0.2520028615863935,0.0030902660391568,0.6328681152634608,0.8372659722760165,0.5054095465178879,-717.802014722384,,0.1135078487459517,0.9999994324487448
124,caprate (10:0),Method 3,GHVNFZFCNZKVNT-UHFFFAOYSA-N,HMDB0000511,C01571,0.0,True,within_12m,sample_median_scaled,True,lbfgs,-0.0101854249216309,0.7974690490272888,0.0445724021471339,0.2720162733190372,0.0033711645055439,0.2613195386864656,0.7584887359805244,0.8411565432711715,-813.8620451078625,,0.11633590008520649,0.9999994324487448
1212,metabolonic lactone sulfate,Method 3,IJIWKJRHDDIJKI-MVCMDAJNSA-N,,,0.4567669172932331,False,within_12m,sample_median_scaled,True,lbfgs,0.0138401781832383,-1.4730738365035625,-0.0500531820588878,0.5030895138766739,0.0034108954998804,0.3091080371575466,4.067274911521974,1.1770162713410122,-998.2154188382784,,0.11633590008520649,0.9999994324487448
158,alpha-tocopherol,Method 2,GVJHHUAWPYXKBD-IEOSBIPESA-N,HMDB0001893,C02477,0.0,True,within_12m,sample_median_scaled,True,lbfgs,0.0009490339498569,-0.4934665433093265,0.0009818980377924,0.1703364564029341,0.003767368600338,0.9485949134843208,0.4873058266850633,0.1110187506217909,-389.68571334072135,,0.12170019217205687,0.9999994324487448
428,1-stearoyl-GPE (18:0),Method 2,BBYWOYAFBUOUFP-JOCHJYFZSA-N,HMDB0011130,,0.0,True,within_12m,sample_median_scaled,True,lbfgs,0.0032708449333268,-0.3302873070962442,-0.0050748888912099,0.1141912211942985,0.0038230426860332,0.7118694485080194,0.1794410216861025,0.095106833696736,-282.74744465131766,,0.12170019217205687,0.9999994324487448
1202,3-decenoylcarnitine,Method 2,YMJNFVUJNDWLND-ZHACJKMWSA-N,,,0.4680451127819549,False,within_12m,sample_median_scaled,True,lbfgs,-0.0018448549328461,1.0376906150795746,0.0706850529170569,0.3661419035638833,0.0045951867389283,0.0831734248155121,1.9781945232140643,0.8247806557139784,-875.1029789405659,,0.13249950780064443,0.9999994324487448
1171,tamsulosin,Method 1,DRHKJLXJIQTDTD-OAHLLOKOSA-N,HMDB0014844,"D08560,C07124",0.9605263157894736,False,within_12m,sample_median_scaled,True,lbfgs,0.0050471805590713,0.4466254850662806,-0.0033497757708857,0.1578149592560079,0.0046539569146717,0.8498402077056624,0.3669181684209682,0.1538638070315471,-428.0403713267069,,0.13249950780064443,0.9999994324487448
956,palmitoleoyl-linoleoyl-glycerol (16:1/18:2) [1]*,Method 2,BHGPPCIWDXQOMA-HZFIRFLSSA-N,HMDB0007132,,0.4849624060150376,False,within_12m,sample_median_scaled,True,lbfgs,0.0078828434486316,-1.642606130173848,-0.0239641496860127,0.5807197537040117,0.0046756560996175,0.5598027198101725,6.100743196927255,0.7957538261478,-961.04029408789,,0.13249950780064443,0.9999994324487448
930,dihomo-linolenoyl-choline,Method 2,FRBBZHFNTVMXIH-OKLKQMLOSA-N,HMDB0240646,,0.0507518796992481,True,within_12m,sample_median_scaled,True,lbfgs,0.003165361355244,-0.999444415522108,0.0188944763810627,0.3544932475905403,0.0048119375894844,0.6649242031256977,1.6892975669551362,0.9627025414392044,-893.2712843455558,,0.13249950780064443,0.9999994324487448
254,"1,5-anhydroglucitol (1,5-AG)",Method 3,MPCAJMNYNOGXPB-SLPGGIOYSA-N,HMDB0002712,C07326,0.0018796992481203,True,within_12m,sample_median_scaled,True,lbfgs,0.000316345419993,-1.063055692045204,-0.0134103874537801,0.3783746556443972,0.0049613591150776,0.7067631088525609,2.3469105516839983,0.6133595146033459,-833.0787152756936,,0.13249950780064443,0.9999994324487448
453,1-palmitoyl-GPE (16:0),Method 2,YVYMBNSKXOXSKW-HXUWFJFHSA-N,HMDB0011503,,0.0,True,within_12m,sample_median_scaled,True,lbfgs,0.0035717288197174,-0.3658806049771128,-0.0091047413022778,0.1305232094977559,0.0050600752665584,0.5425740904794462,0.2454778745741925,0.1115599673081203,-336.4796516179722,,0.13249950780064443,0.9999994324487448
450,1-arachidonoyl-GPC (20:4n6)*,Method 2,LAXQYRRMGGEGOH-JXRLJXCWSA-N,HMDB0010395,C05208,0.0,True,within_12m,sample_median_scaled,True,lbfgs,0.0048313489028843,-0.5327833159882112,-0.0076698526025482,0.1908362109926499,0.0052409986813437,0.6729806095034945,0.5934936321679812,0.1600226474976797,-473.1381538535759,,0.13249950780064443,0.9999994324487448
237,glycerophosphorylcholine (GPC),Method 1,SUHOQUVVVLNYQR-MRVPVSSYSA-N,HMDB0000086,C00670,0.0,True,within_12m,sample_median_scaled,True,lbfgs,0.001424153355695,-0.3136242723797849,0.0011314522294486,0.1124136662318505,0.0052722317240047,0.940652605925812,0.1497119626353427,0.1201228347056645,-316.313412673366,,0.13249950780064443,0.9999994324487448
968,N-stearoyl-sphingadienine (d18:2/18:0)*,Method 2,LBBFOWQGVUEADU-CKGMUTLASA-N,HMDB0240362,,0.212406015037594,False,within_12m,sample_median_scaled,True,lbfgs,0.0025550888674522,-1.1236620630713476,-0.0176700074119967,0.4046767200709194,0.0054915418880565,0.6784030332055322,2.517163061883519,0.8922574637253657,-908.4905017602852,,0.13447237187420405,0.9999994324487448
240,xanthosine,Method 3,UBORTCNDUKBEOP-UUOKFMHZSA-N,HMDB0000299,C01762,0.231203007518797,False,within_12m,sample_median_scaled,True,lbfgs,-0.0060743522551377,0.8548878357453394,0.0428273957591556,0.3092287164753144,0.0056995953672934,0.1392485680538916,1.570944048339061,0.4056661246756389,-724.0859310204771,,0.13607783939412993,0.9999994324487448
303,beta-sitosterol,Method 2,KZJWDPNRJALLNS-XGEQACPASA-N,HMDB0000852,C01753,0.3327067669172932,False,within_12m,sample_median_scaled,True,lbfgs,-0.0213069095478539,1.173563014642488,0.0046606275778411,0.4298372900489655,0.00632864230543,0.9142772012665068,2.9200586868086376,0.9152570040859496,-924.934104871287,,0.14427740115558108,0.9999994324487448
210,taurocholate,Method 3,WBWWGRHZICKQGZ-HGVCTONRSA-N,HMDB0000036,C05122,0.0037593984962406,True,within_12m,sample_median_scaled,True,lbfgs,-0.0248987585997321,1.682041253287852,-0.0261685775102649,0.6162702954490836,0.006345184134591,0.637274151862584,6.353244339390912,1.4820811854319844,-1077.0692905633937,,0.14427740115558108,0.9999994324487448
400,1-linoleoyl-GPC (18:2),Method 2,SPJFYYJXNPEZDW-UTJQPWESSA-N,HMDB0010386,C04100,0.0,True,within_12m,sample_median_scaled,True,lbfgs,0.0039963560614735,-0.3507667979552857,-0.0110355939651859,0.1293438684596395,0.0066900080497654,0.5228221630301155,0.2020846712775277,0.1545414142861101,-386.4873599935588,,0.14637622841928855,0.9999994324487448
1194,taurochenodeoxycholic acid 3-sulfate,Method 3,IJHJZQKOSUFQCX-WZJRQFJBSA-N,HMDB0002486,,0.0206766917293233,True,within_12m,sample_median_scaled,True,lbfgs,-0.0245376642003096,1.5748651752093286,0.0051413759059118,0.5812970557303312,0.0067440356549201,0.9243065820374576,5.56833208186843,1.4144416913968536,-1057.6521271595236,,0.14637622841928855,0.9999994324487448
922,14-HDoHE/17-HDoHE,Method 3,ZNEBXONKCYFJAF-BGKMTWLOSA-N,"HMDB0060044,HMDB0010213",,0.5206766917293233,False,within_12m,sample_median_scaled,True,lbfgs,-0.0135959843934437,1.2453218867309386,0.103152935716612,0.4667013648792322,0.0076225146939164,0.2012943203365161,1.099572581358326,3.832370418580019,-1162.6369527463096,,0.1599010123472619,0.9999994324487448
980,"ceramide (d18:2/24:1, d18:1/24:2)*",Method 2,QMVWGDBKESWTON-OQKRWUNJSA-N,"HMDB0240679,HMDB0240680",,0.0093984962406015,True,within_12m,sample_median_scaled,True,lbfgs,0.0043894671588343,-0.4936926570956804,-0.0041975153560433,0.1852602612410668,0.0077020382910723,0.8190413953767188,0.5478423326452226,0.1638460720713273,-471.076106828876,,0.1599010123472619,0.9999994324487448
32,2-hydroxyphenylacetate,Method 4,CCVYRRGZDBSHFU-UHFFFAOYSA-N,HMDB0000669,C05852,0.1052631578947368,True,within_12m,sample_median_scaled,True,lbfgs,0.0058191153975594,-0.9234649157572616,-0.0847756861980946,0.3476983010476149,0.0079088298198822,0.0662044479214672,1.476731013940351,1.0967505792248242,-909.6954292924258,,0.1600691108347503,0.9999994324487448
636,16-hydroxypalmitate,Method 3,UGAGPNKCDRTDHP-UHFFFAOYSA-N,HMDB0006294,C18218,0.0037593984962406,True,within_12m,sample_median_scaled,True,lbfgs,-0.0052516724112053,0.4998604084861228,0.017854745856134,0.1886151586637823,0.008045358450333,0.4514878333267285,0.4662138196890836,0.2864041401177069,-565.4954692375261,,0.1600691108347503,0.9999994324487448
274,3-hydroxyoctanoate,Method 3,NDPLAKGOSZHTPH-UHFFFAOYSA-N,HMDB0001954,C20793,0.0,True,within_12m,sample_median_scaled,True,lbfgs,-0.0051348406851491,0.5690148566840186,0.0090493803654767,0.2159416370876612,0.0084127362483508,0.7613076747558302,0.5365247167597698,0.4618187198639852,-669.9824354114191,,0.16348391285328845,0.9999994324487448
693,glycohyocholate,Method 3,ZQYUKJFJPJDMMR-JPZDKMBBSA-N,HMDB0000138,,0.018796992481203,True,within_12m,sample_median_scaled,True,lbfgs,-0.0217490887850553,1.349186789693375,-0.00292818376236,0.5144962462426764,0.0087326915258112,0.9542387936007442,4.223395892327501,1.2659371214490331,-1014.772048112615,,0.16348391285328845,0.9999994324487448
1140,glycoursodeoxycholic acid sulfate (2),Method 3,DKXXSIJHWWVNMO-XROMFQGDSA-N,,,0.5319548872180451,False,within_12m,sample_median_scaled,True,lbfgs,0.0187291971584639,-1.2702529331124497,-0.0146549019900603,0.4845127761359835,0.0087489343196456,0.8041935457868797,3.186014925349313,1.7634597587513057,-1056.3587961313872,,0.16348391285328845,0.9999994324487448
1085,"N,N-dimethylalanine",Method 1,QCYOIFVBYZNUNW-BYPYZUCNSA-N,,,0.0451127819548872,True,within_12m,sample_median_scaled,True,lbfgs,0.0003358945728962,-0.8523808842172077,-0.0671614670176102,0.3266780550004853,0.0090744032412832,0.0955877961275577,1.432349108901197,0.8200841903248973,-850.2903882954977,,0.16348391285328845,0.9999994324487448
205,stearoyl sphingomyelin (d18:1/18:0),Method 2,LKQLRGMMMAHREN-YJFXYUILSA-N,HMDB0001348,C00550,0.0,True,within_12m,sample_median_scaled,True,lbfgs,0.0007443669133785,-0.3479385321828281,0.0041913120650705,0.1338180754632947,0.0093200344313579,0.7547135917839831,0.283865270217001,0.0877507104505262,-302.34268090081537,,0.16348391285328845,0.9999994324487448
1065,gamma-glutamylcitrulline*,Method 1,SCTJBDDLOROJJM-UHFFFAOYSA-N,,,0.0,True,within_12m,sample_median_scaled,True,lbfgs,0.0037823649531666,-0.4973939621983365,-0.0566702985654578,0.1914087126055161,0.0093605799807176,0.0107092234714949,0.5255477851114695,0.2426830154032016,-542.0255436536033,,0.16348391285328845,0.6016063773692724
388,"fibrinopeptide A, phosphono-ser(3)*",Method 3,DROFZMGQYLJNLQ-UHFFFAOYSA-N,,,0.1372180451127819,True,within_12m,sample_median_scaled,True,lbfgs,0.0058900390758859,-1.0976698622659329,-0.0337777761263668,0.4227344385959272,0.009415303881603,0.4490697957550922,2.7438823204856955,0.977169655798402,-932.308265064876,,0.16348391285328845,0.9999994324487448
960,linoleoyl-linoleoyl-glycerol (18:2/18:2) [1]*,Method 2,MQGBAQLIFKSMEM-WVZYQCMWSA-N,HMDB0007248,,0.0601503759398496,True,within_12m,sample_median_scaled,True,lbfgs,0.0038631388798126,-1.102038288566752,-0.0191799940172706,0.4260541640745929,0.0096923691285166,0.6849814446309378,2.6863599467730874,1.1073492844609358,-954.3324610930156,,0.16528950924523844,0.9999994324487448
87,retinol (vitamin A),Method 2,FPIPGXGPPPQFEQ-OVSJKPMPSA-N,HMDB0000305,C00473,0.0,True,within_12m,sample_median_scaled,True,lbfgs,0.0074923906764228,-0.6943215357013366,-0.0192368259887107,0.2715763991099214,0.0105690265636116,0.4409310314631557,1.2228621292150743,0.3002505933952382,-648.1664558711034,,0.1770775503201593,0.9999994324487448
966,N-behenoyl-sphingadienine (d18:2/22:0)*,Method 2,HILTUFAERVOALR-MQXYEJFFSA-N,,,0.0131578947368421,True,within_12m,sample_median_scaled,True,lbfgs,0.0061933463425557,-0.647224016027269,-0.0101255173164408,0.2584027153740603,0.0122551627664242,0.7426779505365476,0.9268334824370454,0.477822589717712,-714.1410618089665,,0.1994640279919593,0.9999994324487448
111,tyrosine,Method 1,OUYCCCASQSFEME-QMMMGPOBSA-N,HMDB0000158,C00082,0.0,True,within_12m,sample_median_scaled,True,lbfgs,-0.0058050050332811,0.3256699306921372,0.0018164160948013,0.1301243164339554,0.0123229085356289,0.8946573669105444,0.2600985070740404,0.0924498923752403,-305.2318122340655,,0.1994640279919593,0.9999994324487448
267,isovalerate (i5:0),Method 3,GWYFCOCPABKNJV-UHFFFAOYSA-N,HMDB0000718,C08262,0.0,True,within_12m,sample_median_scaled,True,lbfgs,0.0004102452046666,-0.5007591366521006,0.0042061934154184,0.200772089014676,0.0126253097211346,0.8614819701271813,0.5577019933987016,0.2905800568550342,-581.074620717347,,0.20095284639472571,0.9999994324487448
560,"sphingomyelin (d18:1/18:1, d18:2/18:0)",Method 2,NBEADXWAAWCCDG-QDDWGVBQSA-N,HMDB0012101,,0.0,True,within_12m,sample_median_scaled,True,lbfgs,0.0017942096524322,-0.3734764226092432,0.0086557459654213,0.1503072807886891,0.0129641457897967,0.5020328475031103,0.3854647114523926,0.0796228622096006,-309.4180600380971,,0.20296326605337459,0.9999994324487448
452,2-palmitoyl-GPC (16:0)*,Method 3,NEGQHKSYEYVFTD-HSZRJFAPSA-N,HMDB0061702,,0.0,True,within_12m,sample_median_scaled,True,lbfgs,0.0022723686038501,-0.3653271573558203,0.0013878762798747,0.1490274388757869,0.0142298288167112,0.9398236206699352,0.2974545261240581,0.1713618684512668,-433.3942756290801,,0.21480929066880203,0.9999994324487448
595,isoursodeoxycholate,Method 3,RUDATBOHQWOJDD-DNMBCGTGSA-N,HMDB0000686,C17662,0.0582706766917293,True,within_12m,sample_median_scaled,True,lbfgs,0.0052800482812173,-1.42720337803435,-0.0014219155293945,0.5826179397871184,0.0142999673720779,0.9850441477581156,4.253966754993923,2.9573754278565456,-1177.9965165736614,,0.21480929066880203,0.9999994324487448
599,sulfate*,Method 3,QAOWNCQODCNURD-UHFFFAOYSA-N,HMDB01448,C00059,0.0,True,within_12m,sample_median_scaled,True,lbfgs,0.0002131078789306,-0.2012196022578916,-0.0161751980300441,0.0822231623864691,0.014395596442726,0.1441222892896524,0.0808935457694623,0.0633447549019293,-147.68851046763098,,0.21480929066880203,0.9999994324487448
71,methionine,Method 1,FFEARJCKVFRZRR-UHFFFAOYSA-N,HMDB0000696,C00073,0.0,True,within_12m,sample_median_scaled,True,lbfgs,-0.0044027538532271,0.2924786219105683,-0.0095927548466371,0.1202824489405211,0.0150323605241738,0.4215232630147274,0.2307499410044433,0.0692893224028624,-241.82590701148888,,0.2208600661628612,0.9999994324487448
165,citrate,Method 3,KRKNYBCHXYNGOX-UHFFFAOYSA-N,HMDB0000094,C00158,0.0,True,within_12m,sample_median_scaled,True,lbfgs,-0.0020596420288665,0.3424064296094044,0.0026434756584852,0.1416478338257215,0.0156357841700545,0.8317843827319507,0.3391213938308071,0.0743585453889182,-286.2461710604846,,0.22405568304367426,0.9999994324487448
996,sphingomyelin (d18:2/18:1)*,Method 2,YMTVMVYOUDDTQJ-UOMMIRHQSA-N,HMDB0001348,,0.0,True,within_12m,sample_median_scaled,True,lbfgs,-0.0006103043480518,-0.3577263730531174,0.0027521466082716,0.1481039687024024,0.0157190898051583,0.8291344079818832,0.3737252522204303,0.0778926829869651,-302.8251626996723,,0.22405568304367426,0.9999994324487448
356,N-acetyltryptophan,Method 3,DZTHIGRZJZPRDV-LBPRGKRZSA-N,HMDB0013713,C03137,0.0,True,within_12m,sample_median_scaled,True,lbfgs,-0.0027855913891278,0.4951041295002519,-0.000169807092741,0.206062366524053,0.0162749468205033,0.9945821113161136,0.5797024388449734,0.3150370764503881,-599.530173752252,,0.22856726784677428,0.9999994324487448
256,1-stearoyl-2-arachidonoyl-GPI (18:0/20:4),Method 2,KRTOMQDUKGRFDJ-YKOKTLGVSA-N,HMDB0009815,,0.0,True,within_12m,sample_median_scaled,True,lbfgs,0.0018870157882767,-0.3241852715856593,0.0175502511335204,0.1358370106610814,0.0170061184932074,0.0905125474340486,0.3272458644828629,0.0509513188697842,-214.6447137690748,,0.2347844611867736,0.9999994324487448
33,3-(4-hydroxyphenyl)lactate,Method 3,JVGVDSSUAVXRDY-UHFFFAOYSA-N,HMDB0000755,C03672,0.0,True,within_12m,sample_median_scaled,True,lbfgs,-0.0052921556749171,0.4769571172474686,-0.0087818938007622,0.2002166876145109,0.0172093322335855,0.6030333242685741,0.6882976335783774,0.1363477655195029,-456.0109465090188,,0.2347844611867736,0.9999994324487448
947,ferulylglycine (2),Method 3,CLGNQAIRBLDHIN-HWKANZROSA-N,,,0.6654135338345865,False,within_12m,sample_median_scaled,True,lbfgs,0.0091103818469275,-0.8802387515324495,-0.031008259436656,0.3705880358048596,0.017537129379026,0.5436694020190154,1.5771276369774083,1.3635378712573814,-957.688900111806,,0.2358867402390117,0.9999994324487448
762,p-hydroxyatorvastatin,Method 3,SOZOATLLFFVAPM-KAYWLYCHSA-N,,,0.9229323308270676,False,within_12m,sample_median_scaled,True,lbfgs,0.0006563989259108,0.6049781173027664,0.0217532688799237,0.2554802958607206,0.0178843889403483,0.4767243468877075,0.9029876122208206,0.4705253948741519,-709.2725679233079,,0.23721654775045314,0.9999994324487448
82,phytanate,Method 3,RLCKHJSFHOZMDR-UHFFFAOYSA-N,HMDB0000801,C01607,0.0037593984962406,True,within_12m,sample_median_scaled,True,lbfgs,-0.0098712991909037,0.5966288570219428,0.0075343679939603,0.2526588311505377,0.0182060243712368,0.817838613830726,0.8056280921282671,0.5495782627270213,-731.6295276412086,,0.2381747023908376,0.9999994324487448
942,2'-O-methylcytidine,Method 1,RFCQJGFZUQFYRF-ZOQUXTDFSA-N,,,0.0225563909774436,True,within_12m,sample_median_scaled,True,lbfgs,-0.0033678930233322,0.346113984039495,0.0082526767097147,0.1473575659493272,0.0188338372088731,0.6226018901249114,0.3151904619659367,0.1395745190031196,-398.01106034358986,,0.24305830451991634,0.9999994324487448
761,o-hydroxyatorvastatin,Method 3,CZBPKFICAYVHHM-JWQCQUIFSA-N,,,0.9135338345864662,False,within_12m,sample_median_scaled,True,lbfgs,0.001580943589979,0.6215656620535855,0.0634126815098317,0.2657586667021739,0.0193439763524727,0.0418530936662836,0.9971218124591896,0.4862049032668372,-722.8384867940342,,0.24631329888815234,0.9999994324487448
1225,"branched-chain, straight-chain, or cyclopropyl 10:1 fatty acid (1)*",Method 3,NIFITBVFNGQSNA-SOFGYWHQSA-N,,,0.0,True,within_12m,sample_median_scaled,True,lbfgs,-0.0079179276288733,0.7002313244195045,0.0457348734322072,0.3006805936573543,0.0198685427369524,0.2103035141600966,1.2318418422436208,0.673450694127697,-801.1879414691541,,0.2482995391238944,0.9999994324487448
611,ranitidine,Method 1,VMXUWOKSQNHOCA-UKTHLTGXSA-N,HMDB0001930,D00422,0.9924812030075189,False,within_12m,sample_median_scaled,True,lbfgs,8.03652887885973e-05,0.0830196790297164,0.0183553863489925,0.0358838477546479,0.0206914962691157,7.643993096981241e-06,0.0186746048024819,0.008295574913079,353.1089000359034,,0.2482995391238944,0.0010428590582310122
952,linoleoyl-arachidonoyl-glycerol (18:2/20:4) [2]*,Method 2,KRECEGQUDDMNAQ-MYBRWWDOSA-N,HMDB0007257,,0.1109022556390977,True,within_12m,sample_median_scaled,True,lbfgs,0.0060996467356375,-1.2150027340465426,-0.0911965718338976,0.5253242064243575,0.0207301921425931,0.1168236563283996,4.090887999302504,1.6761099690827004,-1065.0520366826263,,0.2482995391238944,0.9999994324487448
583,(12 or 13)-methylmyristate (a15:0 or i15:0),Method 3,ZOCYQVNGROEVLU-UHFFFAOYSA-N,HMDB0061707,,0.5582706766917294,False,within_12m,sample_median_scaled,True,lbfgs,-0.0091326359844262,0.9222831969484762,-0.0069614803943107,0.3994492717146333,0.0209498572389547,0.901769550493554,1.7537895703915372,1.6754575486952652,-1006.19690531139,,0.2482995391238944,0.9999994324487448
340,10-undecenoate (11:1n1),Method 3,FRPZMMHWLSIFAZ-UHFFFAOYSA-N,HMDB0033724,C13910,0.0,True,within_12m,sample_median_scaled,True,lbfgs,-0.0038492339296054,0.4715261622495358,0.0068430348642776,0.2043688537407303,0.0210419437428289,0.7928562464448952,0.5376115403792376,0.3472967821949742,-613.2805104340837,,0.2482995391238944,0.9999994324487448
728,6-oxopiperidine-2-carboxylate,Method 3,FZXCPFJMYOQZCA-UHFFFAOYSA-N,HMDB0061705,,0.0018796992481203,True,within_12m,sample_median_scaled,True,lbfgs,0.0008759741149194,0.3829180484116354,-0.0071112486673497,0.1661833632880809,0.0212119787708857,0.7335934137586513,0.3621865384185281,0.2220194975252588,-497.9121334797537,,0.2482995391238944,0.9999994324487448
173,4-hydroxyphenylpyruvate,Method 3,KKADPXVIOXHVKN-UHFFFAOYSA-N,HMDB0000707,C01179,0.0,True,within_12m,sample_median_scaled,True,lbfgs,-0.0068283320866564,0.4032879474023373,-0.0065604361610215,0.1752657996568179,0.0213911981568066,0.7608799486470826,0.4127259358444415,0.2355313668546594,-518.6713984087667,,0.2482995391238944,0.9999994324487448
145,pipecolate,Method 1,HXEACLLIILLPRG-UHFFFAOYSA-N,HMDB0000070,,0.0,True,within_12m,sample_median_scaled,True,lbfgs,-0.0005088041610563,0.528960600895033,-0.0136130824887101,0.2302150011805732,0.0215799599447992,0.693574812313761,0.5064122949746084,0.6456842369343231,-735.4455851526857,,0.2482995391238944,0.9999994324487448
201,N-palmitoyl-sphingosine (d18:1/16:0),Method 2,YDNKGFDKKRUKPY-TURZORIXSA-N,HMDB0004949,,0.0,True,within_12m,sample_median_scaled,True,lbfgs,-0.0003822405541683,-0.4150241637100161,0.0078512334217385,0.1822861368219269,0.022799781658844,0.5061403940394043,0.6126142971520604,0.0654267691724993,-314.00743079246854,,0.25389935191925067,0.9999994324487448
1224,chenodeoxycholic acid sulfate (1),Method 3,WHMOBEGYTDWMIG-BSWAIDMHSA-N,HMDB0002522,,0.3270676691729323,False,within_12m,sample_median_scaled,True,lbfgs,0.0090101150850943,-1.0853392224573617,0.0177910662417468,0.4771975065802634,0.0229417946986212,0.7838878255691829,2.6760289514158524,2.189433680697727,-1087.2103237675935,,0.25389935191925067,0.9999994324487448
177,N-acetylglucosaminylasparagine,Method 1,YTTRPBWEMMPYSW-VFFCQLMOSA-N,HMDB0000489,C04540,0.0093984962406015,True,within_12m,sample_median_scaled,True,lbfgs,0.0021142437278209,-0.4434195473043311,-0.0511759998697408,0.1952720258750042,0.0231603810282865,0.0011147942890106,0.6656139351485393,0.1173573719755654,-425.9568338985855,,0.25389935191925067,0.096784413273193
174,butyrate/isobutyrate (4:0),Method 3,FERIUCNNQQJTOY-UHFFFAOYSA-N,HMDB0000039,C00246,0.0,True,within_12m,sample_median_scaled,True,lbfgs,-0.0012899439369393,-0.6442002824508108,0.0191314821115058,0.2838562170334521,0.0232403772895148,0.5751994625177472,1.1130843159333623,0.5828006839484492,-765.8464724327689,,0.25389935191925067,0.9999994324487448
58,histidine,Method 3,HNDVDQJCIGZPNO-UHFFFAOYSA-N,HMDB0000177,C00135,0.0,True,within_12m,sample_median_scaled,True,lbfgs,-0.0019243225069679,0.3918466160874631,-0.0053891156911783,0.172880454359431,0.0234161652745929,0.636412469155667,0.5491103658069653,0.0610117020607119,-291.9355120225705,,0.25389935191925067,0.9999994324487448
472,N-acetyl-aspartyl-glutamate (NAAG),Method 1,OPVPGKGADVGKTG-UHFFFAOYSA-N,HMDB0001067,C12270,0.0657894736842105,True,within_12m,sample_median_scaled,True,lbfgs,6.916848797652724e-05,-0.4770958714725501,-0.016147113604276,0.2108639982575406,0.0236618244196998,0.5667593151831054,0.5369989493334543,0.4105077471316591,-646.3763700789148,,0.25389935191925067,0.9999994324487448
1043,octadecenedioate (C18:1-DC),Method 3,YDPSQMGOAILWPE-FYWRMAATSA-N,,,0.0413533834586466,True,within_12m,sample_median_scaled,True,lbfgs,-0.0084941824672469,0.6474789888631576,0.0188965315771517,0.2868107681850853,0.0239760487326597,0.6000726437187658,1.0784982419091924,0.6614180557579757,-788.2514476308731,,0.2544125171076668,0.9999994324487448
639,oleoyl-linoleoyl-glycerol (18:1/18:2) [2],Method 2,GREDRAMJRDQWEJ-LTEAFHAISA-N,HMDB0007219,,0.0075187969924812,True,within_12m,sample_median_scaled,True,lbfgs,0.0009226488531304,-1.0931062274929082,1.1061251180345737e-05,0.4859628052026838,0.0244894794108606,0.9996882563598992,4.434425800512521,0.374228469171513,-798.8111952088168,,0.25582425136099035,0.9999994324487448
331,butyrylglycine,Method 3,WPSSBBPLVMTKRN-UHFFFAOYSA-N,HMDB0000808,,0.5601503759398496,False,within_12m,sample_median_scaled,True,lbfgs,0.0113340999373342,-0.865583707463283,-0.0321981103590586,0.3852304283369708,0.0246448493457708,0.553409284677015,1.6325154896596084,1.5572143339691609,-986.8239974346632,,0.25582425136099035,0.9999994324487448
3,1-methylnicotinamide,Method 1,LDHMAVIPBRSVRG-UHFFFAOYSA-N,HMDB0000699,C02918,0.0,True,within_12m,sample_median_scaled,True,lbfgs,0.0009198142523937,0.4874604766170185,-0.0190455199090624,0.2182635715846109,0.0255254110704417,0.508476724214247,0.5863009151201009,0.4274096356586325,-660.2701933290798,,0.2612238881570482,0.9999994324487448
767,"sphingomyelin (d18:1/24:1, d18:2/24:0)*",Method 2,WKZHECFHXLTOLJ-QYKFWSDSSA-N,HMDB0012107,,0.0,True,within_12m,sample_median_scaled,True,lbfgs,0.0002900235804444,-0.2671325803242495,0.0066092843101281,0.1198208727807717,0.0257851238678264,0.513480736766037,0.2464931983112959,0.0488603916422275,-182.97645796586016,,0.2612238881570482,0.9999994324487448
624,quetiapine,Method 2,URKOMYMAXPYINW-UHFFFAOYSA-N,HMDB0005021,"D08456,
DG00899,C07397",0.9906015037593984,False,within_12m,sample_median_scaled,True,lbfgs,-0.0012050142118601,0.1065801061042323,0.0057729614780364,0.0479304329419738,0.0261725652000556,0.3403818454341765,0.0300757066131286,0.0185263930573267,163.0577019735731,,0.2612238881570482,0.9999994324487448
551,"androstenediol (3alpha, 17alpha) monosulfate (3)",Method 3,VPDALJSLCNNODJ-IUIQAQCZSA-N,,,0.25,False,within_12m,sample_median_scaled,True,lbfgs,-0.0075622202832971,-1.2792126221141529,-0.0639464617324593,0.5756106402014619,0.0262591552492949,0.2506871085938917,5.356005655460801,1.504775327916706,-1065.9412171316728,,0.2612238881570482,0.9999994324487448
975,myristoyl-linoleoyl-glycerol (14:0/18:2) [1]*,Method 2,AMBUOMWGQGABQI-BIXSNLIQSA-N,HMDB0007016,,0.7725563909774437,False,within_12m,sample_median_scaled,True,lbfgs,0.0080565924155957,-0.7745273019598908,-0.0615852576164521,0.3513123569352854,0.0274773621108167,0.0567870978516631,2.0446315217862807,0.5043264303034618,-785.7399583244912,,0.27052454449309227,0.9999994324487448
257,sphingosine 1-phosphate,Method 2,DUYSYHSSBDVJSM-KRWOKUGFSA-N,HMDB0000277,C06124,0.0,True,within_12m,sample_median_scaled,True,lbfgs,-0.0009341119969018,-0.2789330035155731,-0.0015587587951767,0.1269268542388666,0.0279784388142273,0.9231589153646432,0.2081157733956115,0.1331724268124947,-358.9665060922016,,0.27264369679731393,0.9999994324487448
464,beta-hydroxyisovaleroylcarnitine,Method 1,IGLHHSKNBDXCEY-UHFFFAOYSA-N,,,0.0,True,within_12m,sample_median_scaled,True,lbfgs,0.0015139322545408,-0.3137954943274844,-0.0333173876417256,0.1430499267612255,0.0282635874166849,0.0280246118723671,0.3134040221111184,0.1128037489695356,-357.1852561809417,,0.27264369679731393,0.9999994324487448
179,creatine,Method 1,CVSVTCORWBXHQV-UHFFFAOYSA-N,HMDB0000064,C00300,0.0,True,within_12m,sample_median_scaled,True,lbfgs,-0.001481866456202,-0.4598840602388878,0.0214541276306963,0.211533929690274,0.0297018346332935,0.2616728765828999,0.7473743589137027,0.1759467452049195,-509.4643425924039,,0.2817101498227379,0.9999994324487448
451,2-palmitoleoyl-GPC (16:1)*,Method 3,GKXPPJQBVCKAGD-DJYGDJEFSA-N,HMDB10383,,0.0056390977443609,True,within_12m,sample_median_scaled,True,lbfgs,-0.0003303118895459,-0.4108795782884679,-0.0246935070528667,0.1890991791022322,0.0297934294576927,0.335528789344006,0.4215692389464115,0.3423525566811149,-594.1164887570656,,0.2817101498227379,0.9999994324487448
265,alpha-hydroxyisocaproate,Method 3,LVRFTAZAXQPQHI-UHFFFAOYSA-N,"HMDB0000665,HMDB00746,HMDB0000624",C03264,0.0131578947368421,True,within_12m,sample_median_scaled,True,lbfgs,-0.0051252821944698,0.4614235980864102,-0.0025125384414238,0.2131120109037182,0.0303747172027633,0.9242017506259588,0.6051024804090932,0.3541064572377316,-625.3519620961197,,0.2842317291976559,0.9999994324487448
574,N-acetyl-3-methylhistidine*,Method 1,FKTXRTPBUWLETL-UHFFFAOYSA-N,HMDB0240341,,0.2669172932330827,False,within_12m,sample_median_scaled,True,lbfgs,0.0067574266481936,-0.910968519067043,-0.0619244779418989,0.4214485284910963,0.030655359274721,0.2376315817917363,2.359146603824237,1.3936231233586027,-989.1249817091556,,0.2842317291976559,0.9999994324487448
608,atenolol,Method 1,METKIMKYRPQLGS-UHFFFAOYSA-N,HMDB0001924,D00235,0.9943609022556392,False,within_12m,sample_median_scaled,True,lbfgs,0.0003960021645853,0.0867216376352138,0.0031873966967127,0.0402466324441336,0.0311810013420179,0.50257225923793,0.0228084480655589,0.0112125968027976,280.47159817781653,,0.28632554116949127,0.9999994324487448
420,1-arachidonylglycerol (20:4),Method 3,DCPCOKIYJYGMDN-DOFZRALJSA-N,HMDB11578,C13857,0.0056390977443609,True,within_12m,sample_median_scaled,True,lbfgs,0.0066106941713221,-0.5510967719562747,0.0182455992939587,0.2573222204150733,0.0322208312663605,0.5688613501885794,0.8780384393815034,0.521062640236172,-727.1139883402777,,0.28959186318791735,0.9999994324487448
204,1-palmitoyl-2-linoleoyl-GPC (16:0/18:2),Method 2,JLPULHDHAOZNQI-ZTIMHPMXSA-N,HMDB0007973,,0.0,True,within_12m,sample_median_scaled,True,lbfgs,0.0005178091793293,-0.1547873023427743,-0.0052793587682272,0.0723199455285769,0.0323294993282331,0.4587820526839656,0.0837061144098164,0.0247161501665122,31.03162669592143,,0.28959186318791735,0.9999994324487448
695,retinal,Method 2,NCYCYZXNIZJOKI-OVSJKPMPSA-N,HMDB0001358,C00376,0.1165413533834586,True,within_12m,sample_median_scaled,True,lbfgs,0.0070988154978828,-0.7241617298540642,-0.0448508060859524,0.3385725400775711,0.0324464181791698,0.2707112799737027,1.5788371915198534,0.8345608358433094,-860.6686883275795,,0.28959186318791735,0.9999994324487448
578,cinnamoylglycine,Method 3,YAADMLWHGMUGQL-VOTSOKGWSA-N,HMDB0011621,,0.3533834586466165,False,within_12m,sample_median_scaled,True,lbfgs,0.0185804177101319,-1.3126953608796368,-0.1132973783376577,0.6179995322099264,0.0336614369507086,0.1846274115274813,4.358245257945706,3.820390597856036,-1230.8599637653786,,0.29765437303635844,0.9999994324487448
206,1-palmitoyl-2-oleoyl-GPC (16:0/18:1),Method 2,WTJKGGKOPKCXLL-PFDVCBLKSA-N,HMDB0007972,C13875,0.0,True,within_12m,sample_median_scaled,True,lbfgs,0.0009645361540263,-0.1555271865599997,-0.0144789842251001,0.0735215614144808,0.0343962456120812,0.056146192052835,0.0842220830094056,0.0281577367012165,6.210127992233083,,0.3013616014636472,0.9999994324487448
75,pelargonate (9:0),Method 3,FBUKVWPVBMHYJY-UHFFFAOYSA-N,HMDB0000847,C01601,0.0,True,within_12m,sample_median_scaled,True,lbfgs,-0.0010252429086066,0.3229239224631506,0.0236632558156987,0.1532650163448684,0.0351206716208844,0.1340761151334744,0.3662120828702803,0.1221054924064461,-384.24035139918624,,0.3036139239724405,0.9999994324487448
482,ectoine,Method 1,WQXNXVUDBPYKBA-YFKPBYRVSA-N,HMDB0240650,C06231,0.0018796992481203,True,within_12m,sample_median_scaled,True,lbfgs,0.0065948343065516,-0.6586785743655235,0.0019796202170473,0.3129077644298526,0.0352891576554355,0.9644239443032032,1.0671085625753989,1.0389450139174,-877.9082702118387,,0.3036139239724405,0.9999994324487448
633,(14 or 15)-methylpalmitate (a17:0 or i17:0),Method 3,IIUXHTGBZYEGHI-UHFFFAOYSA-N,HMDB0061859,C16995,0.0150375939849624,True,within_12m,sample_median_scaled,True,lbfgs,-0.0011181525495325,0.5399683724246994,0.0307772002755801,0.2575362336430526,0.0360228401139463,0.3708413666202155,0.8010910694653779,0.6127113507134098,-752.87470483842,,0.30652116999749307,0.9999994324487448
1248,"cis-3,4-methyleneheptanoylglycine",Method 3,FFFQOVJTIDIKQJ-YUMQZZPRSA-N,,,0.0507518796992481,True,within_12m,sample_median_scaled,True,lbfgs,0.0122005048222493,-0.6215963117167246,-0.0564432591059914,0.2970265399642877,0.0363732754452979,0.0950244959096382,1.2783473881181626,0.569683691144483,-771.6611184299311,,0.30652116999749307,0.9999994324487448
741,1-linolenoyl-GPC (18:3)*,Method 2,WKQNRCYKYCKESD-YHTMAJSVSA-N,HMDB0010388,C04100,0.0,True,within_12m,sample_median_scaled,True,lbfgs,0.0029976475263659,-0.3527728697255438,-0.0365378062507456,0.1687658145896612,0.036589961654151,0.1250541481881766,0.3132492880676296,0.2989443946144739,-547.7886858498309,,0.30652116999749307,0.9999994324487448
7,kynurenate,Method 3,HCZHHEIFKROPDY-UHFFFAOYSA-N,HMDB0000715,C01717,0.0,True,within_12m,sample_median_scaled,True,lbfgs,-0.0014147287844418,0.3807871181408712,-0.0036918633052702,0.1825052908948368,0.0369383985656371,0.8411482003123125,0.5258097250862717,0.1657025767218945,-469.90816047916655,,0.306749309827682,0.9999994324487448
1209,succinoyltaurine,Method 4,SBQWITJAJITAMM-UHFFFAOYSA-N,,,0.1992481203007518,True,within_12m,sample_median_scaled,True,lbfgs,0.0058971864539102,0.96448573359182,0.0140929699893093,0.4651351913402551,0.0381201920955292,0.7730282885540612,3.3350857647422303,1.1679821066123512,-981.0607983460284,,0.31383434009681366,0.9999994324487448
562,cysteine sulfinic acid,Method 1,ADVPTQAUNPRNPO-UHFFFAOYSA-N,HMDB0000996,C00606,0.0,True,within_12m,sample_median_scaled,True,lbfgs,-0.0046361552435234,-0.4163870068177323,-0.0020012702998972,0.2025349713459565,0.0397943652478953,0.9155105402573892,0.6757664221284022,0.1719403162956116,-496.9633392389383,,0.32481725480119666,0.9999994324487448
802,"sphingomyelin (d18:1/20:0, d16:1/22:0)*",Method 2,AADLTHQNYQJHQV-SVLGDMRNSA-N,HMDB0012102,,0.0,True,within_12m,sample_median_scaled,True,lbfgs,0.0015424516636774,-0.2859544099843746,0.0008413254579203,0.1399945713166971,0.0410909905731433,0.9531898005609318,0.3068112028818807,0.1004422562684318,-333.7327547480163,,0.32983491342857146,0.9999994324487448
478,glycerophosphoethanolamine,Method 1,JZNWSCPGTDBMEW-UHFFFAOYSA-N,HMDB0000114,C01233,0.0,True,within_12m,sample_median_scaled,True,lbfgs,7.38172525857899e-05,-0.186623542989367,-0.0034675208387971,0.0913692024302276,0.0410998478513089,0.7767114825482504,0.1005250938392204,0.077466344497034,-202.27664814831476,,0.32983491342857146,0.9999994324487448
647,isoleucylglycine,Method 3,UCGDDTHMMVWVMV-UHFFFAOYSA-N,HMDB0028907,,0.0676691729323308,True,within_12m,sample_median_scaled,True,lbfgs,-0.011919151655327,0.4921256141998758,0.0149608144678418,0.242012209129299,0.0420046247051872,0.6526835442295177,0.6767645675748998,0.576702911657258,-729.7201737817052,,0.33246288144121544,0.9999994324487448
545,"5alpha-pregnan-3beta,20alpha-diol monosulfate (2)",Method 3,ZIVKBPVUJZDVBI-MHACIFFSSA-N,,,0.2142857142857142,False,within_12m,sample_median_scaled,True,lbfgs,-0.001786906158242,-0.8284471811080723,-0.0173086687161101,0.4076407460890053,0.0421235692716095,0.7098946123932822,2.405442790420658,1.0757213780965005,-940.4864078596532,,0.33246288144121544,0.9999994324487448
373,epiandrosterone sulfate,Method 3,ZMITXKRGXGRMKS-FMLJXKFRSA-N,HMDB0062657,C04555,0.0018796992481203,True,within_12m,sample_median_scaled,True,lbfgs,0.0033758991159753,-0.8515952251641518,-0.0044265841646411,0.4199016428287833,0.0425518161207475,0.9005919837893035,3.0265584330368243,0.6005322394265121,-850.2461681856751,,0.33309003602716286,0.9999994324487448
1013,docosahexaenoylcarnitine (C22:6)*,Method 2,WLLMYDQRCSWAST-WSDBEMKQSA-N,,,0.0545112781954887,True,within_12m,sample_median_scaled,True,lbfgs,0.0016624622836202,-0.7007812922619259,-0.0674430750820359,0.3464554714339484,0.043102356858929,0.0876669914072983,1.7382647778332327,0.7760512842699635,-853.7556532893088,,0.3346565105713593,0.9999994324487448
1235,"cis-3,4-methyleneheptanoylcarnitine",Method 2,LNGSHJPPGDBEPT-VYAYZGMFSA-N,,,0.0,True,within_12m,sample_median_scaled,True,lbfgs,0.0051841468406328,-0.394022545686864,-0.0279372943419184,0.1953594616297342,0.0437048561271271,0.1947318761175779,0.5680447927260612,0.2292237285901621,-536.9941008575404,,0.33530708514340396,0.9999994324487448
949,oleoyl-oleoyl-glycerol (18:1/18:1) [1]*,Method 2,AFSHUZFNMVJNKX-CLFAGFIQSA-N,HMDB0007218,,0.2857142857142857,False,within_12m,sample_median_scaled,True,lbfgs,0.0059913251283709,-1.3636697237725028,-0.0495302589864723,0.6777196910097159,0.0442047419266174,0.3115151408990346,8.268112151269415,1.130003605474235,-1050.2632753358505,,0.33530708514340396,0.9999994324487448
638,oleoyl-linoleoyl-glycerol (18:1/18:2) [1],Method 2,BLZVZPYMHLXLHG-RQOIEFAZSA-N,HMDB0007219,,0.0169172932330827,True,within_12m,sample_median_scaled,True,lbfgs,0.0003150510195137,-1.0006574592810722,0.0130368392612548,0.4982210288324435,0.0445943362819024,0.6855248464719313,4.578570451897048,0.4862501518669909,-848.0435822245374,,0.33530708514340396,0.9999994324487448
285,oxalate (ethanedioate),Method 3,MUBZPKHOEPUJKR-UHFFFAOYSA-N,HMDB0002329,C00209,0.0,True,within_12m,sample_median_scaled,True,lbfgs,0.0033972955957702,-0.5250665976356247,-0.0389064112127136,0.2621004352169923,0.0451447718159414,0.2269790744344609,0.9305253670220164,0.518109065199715,-730.1253751360957,,0.33530708514340396,0.9999994324487448
912,thioproline,Method 1,DZLNHFMRPBPULJ-VKHMYHEASA-N,HMDB0062164,,0.0,True,within_12m,sample_median_scaled,True,lbfgs,0.000537453727224,-0.3090797103848892,0.0105857088899369,0.1543300796970299,0.0452075086906546,0.3601938548851734,0.4246331488330557,0.0632609555470139,-276.00332310634394,,0.33530708514340396,0.9999994324487448
1052,glucuronide of C10H18O2 (7)*,Method 3,,,,0.0676691729323308,True,within_12m,sample_median_scaled,True,lbfgs,-0.0095070403582912,1.0290893629035818,0.0088156335858407,0.5164700310861574,0.0463113810268403,0.9041910929525312,2.9040390432712915,2.834276466095322,-1144.7108392010011,,0.33530708514340396,0.9999994324487448
363,campesterol,Method 2,SGNBVLSWZMBQTH-PODYLUTMSA-N,HMDB0002869,C01789,0.1860902255639097,True,within_12m,sample_median_scaled,True,lbfgs,-0.0079919880699443,0.8854943092016019,-0.0251001572131236,0.4452561973394678,0.0467310247474116,0.5035495586487864,3.405217035743606,0.6729537290615094,-880.8709280755172,,0.33530708514340396,0.9999994324487448
456,1-arachidonoyl-GPE (20:4n6)*,Method 2,ROPRRXYVXLDXQO-XSQXPFHXSA-N,HMDB0011517,,0.0,True,within_12m,sample_median_scaled,True,lbfgs,0.0062725870443303,-0.2942032017964761,-0.0077029777273687,0.1479446589446983,0.0467450331537669,0.6299697262613555,0.3304952350933539,0.1260492424252161,-382.2389531564186,,0.33530708514340396,0.9999994324487448
556,2-hydroxyglutarate,Method 1,HWXBTNAVRSUOJR-UHFFFAOYSA-N,HMDB0059655,C02630,0.0056390977443609,True,within_12m,sample_median_scaled,True,lbfgs,0.0014941507903935,-0.518721946632956,0.0022777290332812,0.2622871404335438,0.0479639938355197,0.8813421624713063,1.2920953859729227,0.108650768343685,-470.16292513883286,,0.33530708514340396,0.9999994324487448
950,oleoyl-oleoyl-glycerol (18:1/18:1) [2]*,Method 2,AFSHUZFNMVJNKX-CLFAGFIQSA-N,HMDB0007218,,0.3590225563909774,False,within_12m,sample_median_scaled,True,lbfgs,0.0045415303691392,-1.3931487580349222,-0.0269421679957526,0.7052930895711622,0.0482367958497694,0.5947946540177407,8.966359996133159,1.210490840262389,-1069.6307820181148,,0.33530708514340396,0.9999994324487448
731,N-delta-acetylornithine,Method 3,SRXKAYJJGAAOBP-UHFFFAOYSA-N,HMDB0003357,C00437,0.0,True,within_12m,sample_median_scaled,True,lbfgs,0.0003343308779022,0.4519930771913635,-0.0237680241320624,0.2289379092023757,0.0483471628745226,0.3454773129121404,0.7807389733386528,0.314058725851688,-620.9933344654478,,0.33530708514340396,0.9999994324487448
749,"5alpha-androstan-3alpha,17beta-diol 17-glucuronide",Method 3,ZJYZOWMDMWQJIV-UPDIMMRZSA-N,,,0.6954887218045113,False,within_12m,sample_median_scaled,True,lbfgs,0.0043750618846565,-0.6934965861248394,-0.0246069250215356,0.3513162776270419,0.0483823080295197,0.4304147100932336,2.0769989283030106,0.4677107543499915,-773.1974018225931,,0.33530708514340396,0.9999994324487448
896,1-palmitoleoyl-2-linoleoyl-GPC (16:1/18:2)*,Method 2,QJWDAOSZZYVBJZ-KXESGEQTSA-N,HMDB0008006,,0.112781954887218,True,within_12m,sample_median_scaled,True,lbfgs,0.0060966798714709,-0.5604270770228555,-0.0274878924570387,0.2839369612512515,0.0484075725809613,0.478761426588068,0.9391046333248516,0.7850085063900807,-812.9840099425785,,0.33530708514340396,0.9999994324487448
900,1-linoleoyl-2-arachidonoyl-GPC (18:2/20:4n6)*,Method 2,ZZSZQATYGVHNLZ-PUMLCSCDSA-N,HMDB0008147,C05208,0.0,True,within_12m,sample_median_scaled,True,lbfgs,0.0016780856725831,-0.2867837141653652,-0.0101701069120173,0.1454263318580933,0.0486072612505457,0.5455055562459327,0.3021178403679468,0.1415038811953584,-397.48417243656377,,0.33530708514340396,0.9999994324487448
176,isocitrate,Method 1,ODBLHEXUDAPZAU-OKKQSCSOSA-N,HMDB0001874,C00451,0.0056390977443609,True,within_12m,sample_median_scaled,True,lbfgs,0.0021871695384464,-0.5641724641949234,-0.009333744703271,0.2867532208136674,0.049131419161693,0.8068943191832687,1.005691210694983,0.7451289911467955,-807.0328295545289,,0.33530708514340396,0.9999994324487448
207,N-stearoyl-sphingosine (d18:1/18:0)*,Method 2,VODZWWMEJITOND-NXCSZAMKSA-N,HMDB0004950,,0.0657894736842105,True,within_12m,sample_median_scaled,True,lbfgs,0.0089076721750509,-0.6398115466394317,-0.0064667626365491,0.3255240382964371,0.0493585093868308,0.8658148831785331,1.4919855597449834,0.7341218545765598,-831.7774789998105,,0.33530708514340396,0.9999994324487448
180,"cys-gly, oxidized",Method 1,KDJVKDYFFTWHBO-UHFFFAOYSA-N,,,0.0075187969924812,True,within_12m,sample_median_scaled,True,lbfgs,0.0081943463884281,-0.4587392037148399,-0.0455719396583538,0.2337714297033103,0.0497228253976773,0.0398862392359663,0.8926261037486047,0.2378052332389404,-579.48428365874,,0.33530708514340396,0.9999994324487448
592,3-methylglutaconate,Method 4,WKRBKYFIJPGYQC-DUXPYHPUSA-N,HMDB0000522,,0.0,True,within_12m,sample_median_scaled,True,lbfgs,0.0093651927913633,-0.4895902407115126,-0.0238088754450582,0.2497881609404267,0.0499932423788724,0.1341784204755902,1.1542556231333156,0.1184274673852211,-475.3869343501583,,0.33530708514340396,0.9999994324487448
882,1-(1-enyl-palmitoyl)-2-arachidonoyl-GPC (P-16:0/20:4)*,Method 2,IOYKZPNDXIIXLN-LOQSCQKMSA-N,HMDB0011220,,0.0,True,within_12m,sample_median_scaled,True,lbfgs,-0.0003652653062527,-0.2332361701554221,0.0149120783542479,0.1190927953895479,0.0501783302370302,0.1477176146190792,0.2412206225103146,0.0508614911506406,-188.4817014275893,,0.33530708514340396,0.9999994324487448
619,atorvastatin,Method 3,XUKUURHRXDUEBC-KAYWLYCHSA-N,HMDB0005006,"D07474,D02258,D00887",0.9154135338345863,False,within_12m,sample_median_scaled,True,lbfgs,-0.0008435142612142,0.5763916265862565,0.0566535084731883,0.2948960709828097,0.0506352018912663,0.0967690080202929,1.2425849912151292,0.5816165201846852,-773.5189706926292,,0.33530708514340396,0.9999994324487448
837,"trans-3,4-methyleneheptanoate",Method 3,VFMNSFWBDMRNLJ-UHFFFAOYSA-N,,,0.0620300751879699,True,within_12m,sample_median_scaled,True,lbfgs,-0.0063888662191079,0.6563546748701581,-0.0255783756714229,0.3360449002806778,0.050798800036854,0.546703661436204,1.4712931011672874,0.9189043635268276,-874.4397743142783,,0.33530708514340396,0.9999994324487448
810,dopamine 4-sulfate,Method 3,DEKNNWJXAQTLFA-UHFFFAOYSA-N,HMDB0004148,C13691,0.0131578947368421,True,within_12m,sample_median_scaled,True,lbfgs,0.0024933890093113,0.621402928497749,0.0137710161619881,0.3183036038877259,0.0509104998385273,0.7237237850172229,1.3732558128564163,0.7630343673537695,-833.2467752159557,,0.33530708514340396,0.9999994324487448
80,phenylalanine,Method 1,COLNVLDHVKWLRT-UHFFFAOYSA-N,HMDB0000159,C00079,0.0,True,within_12m,sample_median_scaled,True,lbfgs,-0.0031392040615251,0.1533208333037835,-0.0026042125577978,0.0789178845861212,0.0520416035664754,0.7736694315979453,0.089720304124219,0.0408118806498203,-68.92435266145276,,0.3404091192190685,0.9999994324487448
564,16alpha-hydroxy DHEA 3-sulfate,Method 3,ALBNSVAJDFJRKQ-UAFBDMIJSA-N,HMDB0062544,,0.0,True,within_12m,sample_median_scaled,True,lbfgs,-0.0148250740741799,0.632036076702234,0.0285808514176018,0.32602895055054,0.0525514266634959,0.2108127562234281,1.9273381600030184,0.2458592179827353,-650.5553393480261,,0.34140552696352783,0.9999994324487448
1074,glutamine conjugate of C6H10O2 (1)*,Method 3,,,,0.0037593984962406,True,within_12m,sample_median_scaled,True,lbfgs,0.0028025400162903,0.6234845668802023,0.0282329538864443,0.3224039958383359,0.0531302000856546,0.4117537206438978,1.5833849408555605,0.5827810210108493,-792.2683716211043,,0.34189493063023607,0.9999994324487448
228,methionine sulfoxide,Method 1,QEFRNWWLZKMPFJ-YGVKFDHGSA-N,HMDB0002005,C02989,0.0,True,within_12m,sample_median_scaled,True,lbfgs,-0.0049112850589564,0.2892976761087251,-0.009603202151852,0.149729487732066,0.0533427692815761,0.5813380441777094,0.3191578241532953,0.1512929067621074,-414.3873394775412,,0.34189493063023607,0.9999994324487448
549,"5alpha-androstan-3beta,17alpha-diol disulfate",Method 3,JHFAETDERBWUOO-ILSMVHKQSA-N,HMDB0094682,,0.6917293233082706,False,within_12m,sample_median_scaled,True,lbfgs,0.000668180526761,-0.8330945139198672,-0.0035892529795409,0.4326652004788416,0.0541675089198257,0.9285392751672368,3.0948482019701644,0.7722512495580854,-898.1315502112659,,0.34486647345622357,0.9999994324487448
803,"sphingomyelin (d18:1/20:1, d18:2/20:0)*",Method 2,MDRFMTLYKHBJTF-YECRPIIFSA-N,"HMDB0240610,HMDB0240632",,0.0,True,within_12m,sample_median_scaled,True,lbfgs,0.0012230715475224,-0.2801460974468389,0.0052905305720271,0.1463223155785077,0.0555458099383501,0.693952228961575,0.3549419700666707,0.0872073622650748,-319.24837129028265,,0.34894311806509937,0.9999994324487448
315,indolepropionate,Method 3,GOLXRNDWAUTYKT-UHFFFAOYSA-N,HMDB0002302,,0.2481203007518796,False,within_12m,sample_median_scaled,True,lbfgs,-0.0098538921885717,-1.5262851145317036,-0.0238866851968602,0.7981827711706189,0.0558505429922063,0.8154684386965,8.146419676027733,5.362942057837093,-1340.0445184784155,,0.34894311806509937,0.9999994324487448
410,N1-methylinosine,Method 1,WJNGQIYEQLPJMN-UHFFFAOYSA-N,HMDB0002721,,0.0056390977443609,True,within_12m,sample_median_scaled,True,lbfgs,0.0006245978263675,-0.3089474751326207,-0.0138513204457702,0.1616017106205695,0.0559039759832044,0.5151460099444944,0.3221254460817034,0.2334862172585209,-499.8252739768427,,0.34894311806509937,0.9999994324487448
470,7alpha-hydroxy-3-oxo-4-cholestenoate (7-Hoca),Method 3,SATGKQGFUDXGAX-MYWFJNCASA-N,HMDB0012458,C17337,0.0,True,within_12m,sample_median_scaled,True,lbfgs,-0.0061224009960142,0.3710128297765623,0.0021860975705935,0.1946214053073971,0.0566072669680438,0.8885359733755381,0.6618805280849108,0.1157875162521202,-423.04122709181365,,0.34925994955823325,0.9999994324487448
893,palmitoyl-linoleoyl-glycerol (16:0/18:2) [2]*,Method 2,ZKYDYRLDJZZKEU-BCTRXSSUSA-N,HMDB0007103,,0.287593984962406,False,within_12m,sample_median_scaled,True,lbfgs,0.0066447329956659,-1.278317799546798,-0.0174871311807324,0.6717603893438289,0.0570487469548387,0.7746565069220448,7.516575903964804,1.7978889303675465,-1126.3896939413833,,0.34925994955823325,0.9999994324487448
1045,octadecadienedioate (C18:2-DC)*,Method 3,ZKQNWTGXRAIVGG-PXELCPQFSA-N,,,0.0413533834586466,True,within_12m,sample_median_scaled,True,lbfgs,-0.0114353805783361,0.568828272317864,0.0221624494264336,0.2989249883524458,0.0570518870482559,0.5602991724687528,1.1525587456104944,0.7403054231039232,-815.0067104756224,,0.34925994955823325,0.9999994324487448
527,glycosyl-N-stearoyl-sphingosine (d18:1/18:0),Method 2,YMYQEDCYNANIPI-OQRGLTFYSA-N,,,0.0037593984962406,True,within_12m,sample_median_scaled,True,lbfgs,-0.0014268564857594,-0.3229632706627928,0.02081207434591,0.1700401099048541,0.0575203367767883,0.1791029706817141,0.4813161858396159,0.1155347628041359,-395.9821170275254,,0.3495765198899042,0.9999994324487448
645,N-oleoyltaurine,Method 3,KOGRJTUIKPMZEJ-KTKRTIGZSA-N,,,0.0206766917293233,True,within_12m,sample_median_scaled,True,lbfgs,-0.005290848589457,0.4891580174447877,0.0201566958817482,0.2580759728794966,0.0580390088765062,0.5351125135869683,0.8709469645171386,0.5383124663115048,-732.9249478155464,,0.3495765198899042,0.9999994324487448
443,hexanoylglycine,Method 3,UPCKIPHSXMXJOX-UHFFFAOYSA-N,HMDB0000701,,0.5582706766917294,False,within_12m,sample_median_scaled,True,lbfgs,0.0125710187771634,-0.6403818140056259,-0.0200837104795853,0.338079486760151,0.0582017451963296,0.6669864672182318,1.3106700120362986,1.1371389644474998,-909.1684194295242,,0.3495765198899042,0.9999994324487448
805,behenoyl sphingomyelin (d18:1/22:0)*,Method 2,FJJANLYCZUNFSE-TWKUQIQBSA-N,HMDB0012103,,0.0,True,within_12m,sample_median_scaled,True,lbfgs,-0.0005097736188663,-0.2628502471618612,0.002813605803968,0.1392563655196016,0.0590893844015964,0.8519159922203129,0.2925698838341757,0.1119663357078565,-350.4621447405032,,0.35108508818126705,0.9999994324487448
435,gamma-glutamylisoleucine*,Method 1,SNCKGJWJABDZHI-SIPWABPFSA-N,HMDB0011170,,0.0,True,within_12m,sample_median_scaled,True,lbfgs,0.0025734814712249,-0.3008060104247488,-0.013585248485633,0.159484303228618,0.0592792280653474,0.3831972745761853,0.4090220564172113,0.1180014685738341,-386.6519930537668,,0.35108508818126705,0.9999994324487448
920,glycosyl-N-palmitoyl-sphingosine (d18:1/16:0),Method 2,VJLLLMIZEJJZTE-NNTBDIJYSA-N,,,0.0,True,within_12m,sample_median_scaled,True,lbfgs,-0.0040968967440766,-0.3592367781186759,0.0073330433922259,0.1906708261705741,0.0595557950632097,0.5035009817720397,0.6840458758856603,0.0560426978703344,-296.39243914611484,,0.35108508818126705,0.9999994324487448
594,cysteinylglycine disulfide*,Method 1,ZHRLECIZINSPKL-AKGZTFGVSA-N,HMDB0000709,,0.0,True,within_12m,sample_median_scaled,True,lbfgs,0.0039456098923433,-0.2385558772180352,-0.018429998598806,0.1270757931900722,0.0604807711903704,0.0969600438468153,0.2735762459910456,0.0591180983825025,-226.44899865117804,,0.3519347778530348,0.9999994324487448
172,gamma-glutamylglutamine,Method 1,JBFYFLXEJFQWMU-WDSKDSINSA-N,HMDB0011738,C05283,0.0,True,within_12m,sample_median_scaled,True,lbfgs,0.0018921460389177,-0.2052503373967316,-0.0220131133975544,0.1095743837819607,0.0610463133516361,0.0753130795875526,0.1754437039612197,0.07584499168277,-237.58115899778272,,0.3519347778530348,0.9999994324487448
723,"sphingomyelin (d18:2/16:0, d18:1/16:1)*",Method 2,IWHLTJGDYLJQSH-FLPFCPAFSA-N,"HMDB0240638,HMDB0240613",,0.0,True,within_12m,sample_median_scaled,True,lbfgs,-0.0004050897653385,-0.2092712711354096,0.0050174390493059,0.1119109191469642,0.0614864828799391,0.6253867680380286,0.2077049891039693,0.050928168929478,-176.34134812730986,,0.3519347778530348,0.9999994324487448
411,"N2,N2-dimethylguanosine",Method 1,RSPURTUNRHNVGF-IOSLPCCCSA-N,HMDB0004824,,0.0,True,within_12m,sample_median_scaled,True,lbfgs,0.002230498780428,-0.2683470455773224,-0.0075150658304938,0.1435325257343021,0.061540706463519,0.4377220922395431,0.376685595641334,0.0441067757341254,-201.02285090410965,,0.3519347778530348,0.9999994324487448
573,tridecenedioate (C13:1-DC)*,Method 3,LGDMAFABHAIORE-DUXPYHPUSA-N,,,0.0,True,within_12m,sample_median_scaled,True,lbfgs,-0.0017485928527029,0.3794182993201013,0.0379363503010237,0.2029433456043098,0.061542521362782,0.1616085344094306,0.499084459982284,0.3786108635566215,-625.3682826462048,,0.3519347778530348,0.9999994324487448
1009,arachidonoylcarnitine (C20:4),Method 2,RBFQHRALHSUPIA-SNPVRQPZSA-N,HMDB0006455,,0.0,True,within_12m,sample_median_scaled,True,lbfgs,0.0004814769849128,-0.3088121087702449,-0.00022151922768,0.1661267743536794,0.0630421266063048,0.990084406976118,0.4192985924912527,0.1559476140912702,-440.79506404244125,,0.35836446969655406,0.9999994324487448
954,linoleoyl-docosahexaenoyl-glycerol (18:2/22:6) [1]*,Method 2,GPMAAGRGFWBOSO-KLJRXRINSA-N,HMDB0007266,,0.5902255639097744,False,within_12m,sample_median_scaled,True,lbfgs,0.0007427216139974,-0.9196377634249449,-0.1340502912240625,0.4974988926183216,0.0645268312463584,0.0160278875850492,3.637742020059585,1.5386218859970444,-1039.875380354781,,0.36417284466990063,0.728887268748666
170,valerate (5:0),Method 3,NQPDZGIKBAWPEJ-UHFFFAOYSA-N,HMDB0000892,C00803,0.3045112781954887,False,within_12m,sample_median_scaled,True,lbfgs,-0.00098405763118,-0.899876649264798,-0.075660425143567,0.4877070945178726,0.0650205213248407,0.2428535882572774,2.8969222481630217,2.168956803143644,-1090.541577823847,,0.36417284466990063,0.9999994324487448
561,palmitoyl sphingomyelin (d18:1/16:0),Method 2,RWKUXQNLWDTSLO-GWQJGLRPSA-N,HMDB0010169,,0.0,True,within_12m,sample_median_scaled,True,lbfgs,-0.0007667901561911,-0.1359643526213721,0.0057052687747579,0.073763780020548,0.0652939716696242,0.4376819270040095,0.0865704083303867,0.026298788786899,16.792752555402558,,0.36417284466990063,0.9999994324487448
844,1-stearoyl-2-docosahexaenoyl-GPC (18:0/22:6),Method 2,FAUYAENFVCNTAL-PFFNLMTBSA-N,HMDB0008057,,0.0,True,within_12m,sample_median_scaled,True,lbfgs,-0.0016426926208858,-0.3602896944327327,-0.0126545495097175,0.1960586019905328,0.0661120372851636,0.4347551584861083,0.6648879921788127,0.125184677511102,-437.5697096597589,,0.36417284466990063,0.9999994324487448
567,andro steroid monosulfate C19H28O6S (1)*,Method 3,UNURIUSTYBXRLV-UHFFFAOYSA-N,HMDB0002759,,0.0338345864661654,True,within_12m,sample_median_scaled,True,lbfgs,-0.0154691153373256,0.6929870591615123,0.0127162254439459,0.3771967989339993,0.0661799452713616,0.6416513456419712,2.559005008597341,0.3525592431063223,-739.7410088518393,,0.36417284466990063,0.9999994324487448
394,aconitate [cis or trans],Method 3,,"HMDB0000958,HMDB000072","C004174,C02341",0.0,True,within_12m,sample_median_scaled,True,lbfgs,-0.0024548366044092,0.2084528900407725,-0.0050103304876569,0.1139998689295849,0.0674691140788449,0.6933538526644101,0.1916027945941567,0.0801460591293993,-254.74002637803665,,0.36417284466990063,0.9999994324487448
1073,glutamine conjugate of C7H12O2*,Method 3,,,,0.0244360902255639,True,within_12m,sample_median_scaled,True,lbfgs,0.0033923008720391,0.7339786849484745,0.0443310471189174,0.4021591750189799,0.0679867000651212,0.4219259083997511,1.8699739401332247,1.5911995837167277,-999.7803451292286,,0.36417284466990063,0.9999994324487448
603,sedoheptulose,Method 4,HSNZZMHEPUFJNZ-SHUUEZRQSA-N,HMDB0003219,C02076,0.462406015037594,False,within_12m,sample_median_scaled,True,lbfgs,-0.0041418857660241,0.7428512262072414,0.0766039554054937,0.4073869878169738,0.0682347346485168,0.0990693528520826,2.401791868690652,1.075132640315376,-940.2681631025646,,0.36417284466990063,0.9999994324487448
1075,glutamine conjugate of C6H10O2 (2)*,Method 3,,,,0.0037593984962406,True,within_12m,sample_median_scaled,True,lbfgs,-0.000829005975407,0.6494104643431672,0.0287299984982264,0.3563429108670039,0.0683895731821604,0.5477170904425075,1.5239441263241231,1.1844225037487823,-927.1415291064676,,0.36417284466990063,0.9999994324487448
434,1-docosahexaenoylglycerol (22:6),Method 3,JWPHORDRFVRZPP-KUBAVDMBSA-N,HMDB0011587,,0.3721804511278195,False,within_12m,sample_median_scaled,True,lbfgs,0.0076666609254364,-0.7975733490711009,0.0109437173138658,0.4377352612555291,0.0684481562237142,0.8408159178380655,2.5444229216082883,1.5032978135799349,-1009.2650241568724,,0.36417284466990063,0.9999994324487448
473,tetradecanedioate (C14-DC),Method 3,HQHCYKULIHKCEB-UHFFFAOYSA-N,HMDB0000872,,0.0056390977443609,True,within_12m,sample_median_scaled,True,lbfgs,-0.0038640741763129,0.3990304585898335,0.0145944589584601,0.2197428976369148,0.0693861805859108,0.5989874445997363,0.6295789556153284,0.3924331779176661,-648.2599587137927,,0.36417284466990063,0.9999994324487448
1215,branched chain 14:0 dicarboxylic acid**,Method 3,JUODHHFNSQAXKF-UHFFFAOYSA-N,,,0.4567669172932331,False,within_12m,sample_median_scaled,True,lbfgs,0.0048735092183084,-1.2238918422702072,-0.0297236677867485,0.6740981944371929,0.0694319448119776,0.7413170765287304,5.490660936512521,4.195382069407294,-1264.682732272883,,0.36417284466990063,0.9999994324487448
961,perfluorooctanesulfonate (PFOS),Method 4,YFSUTJLHUFNCNZ-UHFFFAOYSA-N,HMDB0059586,C18142,0.0037593984962406,True,within_12m,sample_median_scaled,True,lbfgs,-0.0086020548261319,-0.7386737098465768,0.0047413086095175,0.4070524356431985,0.0695716664116919,0.7785278335061558,3.227750951338038,0.1313543393570046,-586.4387721048465,,0.36417284466990063,0.9999994324487448
811,dopamine 3-O-sulfate,Method 3,NZKRYJGNYPYXJZ-UHFFFAOYSA-N,HMDB0006275,C13690,0.0,True,within_12m,sample_median_scaled,True,lbfgs,-0.000268182373772,0.5086722007964213,-0.0290461053872316,0.2803724430278743,0.069635680170203,0.3379747248470838,1.1886686151578878,0.4506978679460617,-721.6081311162868,,0.36417284466990063,0.9999994324487448
1245,"2,4-di-tert-butylphenol",Method 3,ICKWICRCANNIBI-UHFFFAOYSA-N,,,0.0,True,within_12m,sample_median_scaled,True,lbfgs,-0.0005779306501666,-0.415409944029282,-0.0292026995213301,0.2292652544173466,0.0699987984077857,0.1492846792198,0.8866850259518829,0.1967009335384307,-544.0393009375248,,0.36417284466990063,0.9999994324487448
1114,"N2-acetyl,N6-methyllysine",Method 1,MKWKYAGEJHBUOX-QMMMGPOBSA-N,,,0.0169172932330827,True,within_12m,sample_median_scaled,True,lbfgs,0.0015720828309314,-0.6124778008100473,0.0043387387867604,0.3382280949717058,0.070165239182473,0.840521034536235,2.1157655158543336,0.2177325026175403,-637.1062218198167,,0.36417284466990063,0.9999994324487448
1234,"cis-3,4-methyleneheptanoate",Method 3,VFMNSFWBDMRNLJ-BQBZGAKWSA-N,,,0.0,True,within_12m,sample_median_scaled,True,lbfgs,-0.0031375562202666,0.3943383990796066,-0.0173752775286329,0.2182072950629661,0.0707352614672758,0.4496286219537481,0.7316703766289825,0.259615341233347,-580.0210440017306,,0.3647565238217467,0.9999994324487448
901,1-myristoyl-2-arachidonoyl-GPC (14:0/20:4)*,Method 2,SRQSAJRUMDQMMS-NLDJLLEISA-N,HMDB0007883,,0.0037593984962406,True,within_12m,sample_median_scaled,True,lbfgs,0.0051352868378683,-0.3817267178118103,-0.0148472644661835,0.2114581631683498,0.0710415847443402,0.5652066170252283,0.6059362101395415,0.3369379499955759,-615.7628471584744,,0.3647565238217467,0.9999994324487448
279,N-acetylaspartate (NAA),Method 4,OTCCIMWXFLJLIA-BYPYZUCNSA-N,HMDB0000812,C01042,0.0131578947368421,True,within_12m,sample_median_scaled,True,lbfgs,0.0038098440154362,-0.4480950364562773,-0.0021123795984738,0.2487032863464696,0.0715886144744598,0.912701534089046,1.092429369844034,0.1759633001870106,-541.4133649998125,,0.36559960867972785,0.9999994324487448
162,4-acetamidobutanoate,Method 1,UZTFMUBKZQVKLK-UHFFFAOYSA-N,HMDB0003681,C02946,0.0,True,within_12m,sample_median_scaled,True,lbfgs,0.004227994203325,-0.3526901535875306,-0.048637986345184,0.1984025056842762,0.0754614066141665,0.0468479659208571,0.5272979099286201,0.3036807586384482,-585.620964900957,,0.3833278899815373,0.9999994324487448
313,androsterone sulfate,Method 3,ZMITXKRGXGRMKS-HLUDHZFRSA-N,HMDB0002759,,0.0639097744360902,True,within_12m,sample_median_scaled,True,lbfgs,-0.0054051103489916,-1.0355094914584215,-0.0006030893742325,0.5847816351895632,0.0766001755237863,0.9914972429010254,5.527098549369242,1.554222949213449,-1074.470013256034,,0.38429932428270214,0.9999994324487448
846,"sphingomyelin (d18:1/17:0, d17:1/18:0, d19:1/16:0)",Method 2,YMQZQHIESOAPQH-JXGHDCMNSA-N,"HMDB0240620,HMDB0240609,HMDB0240622",,0.0,True,within_12m,sample_median_scaled,True,lbfgs,9.167136167805842e-05,-0.2394236413685966,0.0101490187470623,0.1356041836560013,0.0774618723325999,0.4317701334465876,0.2997098030102454,0.0807520774905337,-291.2706815019417,,0.38429932428270214,0.9999994324487448
140,xanthine,Method 4,LRFVTYWOQMYALW-UHFFFAOYSA-N,HMDB0000292,C00385,0.0,True,within_12m,sample_median_scaled,True,lbfgs,-0.0071447042855174,0.4007540200133916,0.0387948226628927,0.2270412471937008,0.0775443595377247,0.0660275733835677,0.8502252274375758,0.2149207801681441,-556.8474003644787,,0.38429932428270214,0.9999994324487448
546,5alpha-pregnan-diol disulfate,Method 3,LSQGWMYMIHQKSA-UHFFFAOYSA-N,"HMDB0240581,HMDB0240582",,0.5789473684210527,False,within_12m,sample_median_scaled,True,lbfgs,-0.0087763834999203,-0.7630936875608969,-0.0031729410696543,0.4323446905533455,0.0775617020742572,0.9499671693796188,2.6530574951033734,1.270198373700096,-979.625183436828,,0.38429932428270214,0.9999994324487448
699,4-methylcatechol sulfate,Method 3,NCOMUGOPQPRVSE-UHFFFAOYSA-N,HMDB0240459,,0.0112781954887218,True,within_12m,sample_median_scaled,True,lbfgs,0.0195183903770244,-1.0056866370349726,-0.0328880274792623,0.5709007934697594,0.078140517335611,0.6839472995942463,3.561710889645904,3.447590786825919,-1197.3265978478423,,0.38429932428270214,0.9999994324487448
185,glycerol,Method 3,PEDCQBHIVMGVHV-UHFFFAOYSA-N,HMDB0000131,C00116,0.0,True,within_12m,sample_median_scaled,True,lbfgs,0.0048953345751303,-0.5663482511513968,-0.011587435310308,0.3220451439881185,0.0786456519482585,0.6610816745341649,1.7989101035735011,0.3322366193554947,-698.8288586776064,,0.38429932428270214,0.9999994324487448
1190,cortisol 21-sulfate,Method 3,JOVLCJDINAUYJW-VWUMJDOOSA-N,HMDB0062779,,0.8759398496240601,False,within_12m,sample_median_scaled,True,lbfgs,4.085492757559925e-05,0.3589948088532659,-0.0210485994962387,0.2051388177460995,0.0801167342114248,0.4659774954953704,0.4677988210509381,0.4358081945924476,-649.5572550944155,,0.38429932428270214,0.9999994324487448
49,sphinganine,Method 2,OTKJDMGTUTTYMP-UHFFFAOYSA-N,HMDB0000269,C00836,0.018796992481203,True,within_12m,sample_median_scaled,True,lbfgs,0.0040870274074839,-0.3365862221069939,-0.0249932845796755,0.1925694972651928,0.0804867431214968,0.3593805654155979,0.4059274113695045,0.3913268189527859,-618.7919110795729,,0.38429932428270214,0.9999994324487448
739,3-methoxytyramine sulfate,Method 3,ORZHQEJEAKXCJA-UHFFFAOYSA-N,,,0.0263157894736842,True,within_12m,sample_median_scaled,True,lbfgs,0.0006157904883766,0.4242121620984183,0.0050950929687002,0.2427431322229275,0.080537409878091,0.8438945994230302,0.8989017510194568,0.3287622507633252,-640.4798077385215,,0.38429932428270214,0.9999994324487448
652,N-stearoyltaurine,Method 3,LMIJIHJZVURGQK-UHFFFAOYSA-N,,,0.0018796992481203,True,within_12m,sample_median_scaled,True,lbfgs,-0.0032000197024175,0.3069370859077214,0.0281550896235671,0.1757108873129817,0.0806667948900114,0.1648694486494593,0.4421782351611026,0.2053156561034252,-497.1383680172428,,0.38429932428270214,0.9999994324487448
293,3-methyl-2-oxobutyrate,Method 3,QHKABHOOEWYVLI-UHFFFAOYSA-N,HMDB0000019,C00141,0.0,True,within_12m,sample_median_scaled,True,lbfgs,-0.0003170415032174,-0.2491375186810737,0.005146219557428,0.1426825470384985,0.0807941572707208,0.6935068004089164,0.3384196750574737,0.0818855458255874,-303.7551918478689,,0.38429932428270214,0.9999994324487448
552,"androstenediol (3beta,17beta) monosulfate (1)",Method 3,VPDALJSLCNNODJ-QJIZPQHZSA-N,HMDB0240429,,0.0977443609022556,True,within_12m,sample_median_scaled,True,lbfgs,-0.001410478218486,-0.8662233501855103,-0.0244246622418726,0.4963266158691548,0.0809380926939423,0.5397694418540397,4.3028337176108895,0.7549570599615878,-921.5140491515648,,0.38429932428270214,0.9999994324487448
951,linoleoyl-arachidonoyl-glycerol (18:2/20:4) [1]*,Method 2,KRECEGQUDDMNAQ-MYBRWWDOSA-N,HMDB0007257,,0.1804511278195488,True,within_12m,sample_median_scaled,True,lbfgs,-0.0007522708799984,-1.018076066942665,-0.062094275187304,0.583569247087939,0.0810601450375609,0.1370478103197326,6.143650530281501,0.8229947943080684,-967.6749205487328,,0.38429932428270214,0.9999994324487448
305,1-linoleoylglycerol (18:2),Method 3,WECGLUPZRHILCT-HZJYTTRNSA-N,HMDB0011568,,0.0,True,within_12m,sample_median_scaled,True,lbfgs,0.0063816583077319,-0.4115094033016562,0.0002413946667565,0.2360559462134896,0.0812863492200061,0.9932182027718962,0.7665962053532214,0.4066768302749943,-669.1849095109817,,0.38429932428270214,0.9999994324487448
275,phenyllactate (PLA),Method 3,VOXXWSYKYCBWHO-UHFFFAOYSA-N,"HMDB0000779,HMDB0000563",C05607,0.0,True,within_12m,sample_median_scaled,True,lbfgs,-0.0046072845462897,0.4238866473595775,-0.007747267143386,0.2445681773964723,0.0830593407560914,0.7628108108058784,0.9214720320067122,0.3235227060304005,-639.3832741523049,,0.3900682526203057,0.9999994324487448
843,1-palmitoyl-2-docosahexaenoyl-GPC (16:0/22:6),Method 2,IESVDEZGAHUQJU-ZLBXKVHBSA-N,HMDB0007991,,0.0,True,within_12m,sample_median_scaled,True,lbfgs,-0.0004126675644315,-0.3159201807279281,-0.0049125527598986,0.1829517571962871,0.0842044856527681,0.7565597364199347,0.5689581726558712,0.1203453829987868,-417.3126901681205,,0.3900682526203057,0.9999994324487448
243,glycodeoxycholate,Method 2,WVULKSPCQVQLCU-BUXLTGKBSA-N,HMDB00631,C05464,0.4906015037593985,False,within_12m,sample_median_scaled,True,lbfgs,0.0136030657171539,-1.1511386619965545,-0.0040771229812409,0.6673860609212008,0.0845550985085697,0.959117666820946,6.186295589057671,3.1830865326999263,-1218.7164884113097,,0.3900682526203057,0.9999994324487448
752,N-acetylmethionine sulfoxide,Method 1,NPIMMZJBURSMON-UHFFFAOYSA-N,,,0.2969924812030075,False,within_12m,sample_median_scaled,True,lbfgs,0.0061567343982641,-0.699975786815189,-0.0408580185470515,0.4060812227420176,0.0847559735867969,0.2806804071005975,2.7150635332413238,0.693017103746443,-867.4827127110095,,0.3900682526203057,0.9999994324487448
601,L-urobilin,Method 2,TYOWQSLRVAUSMI-WKULSOCRSA-N,HMDB0004159,C05793,0.706766917293233,False,within_12m,sample_median_scaled,True,lbfgs,0.0210761388423109,-0.9867616905936276,-0.06451443305822,0.5728033601146547,0.0849448933826074,0.3755881787968689,4.250831185505798,2.6975649461225544,-1159.7929709683128,,0.3900682526203057,0.9999994324487448
733,2-aminoheptanoate,Method 1,RDFMDVXONNIGBC-UHFFFAOYSA-N,HMDB0094649,,0.0018796992481203,True,within_12m,sample_median_scaled,True,lbfgs,0.0014647748662177,-0.2843084515327039,-0.013158348988013,0.1652273694626042,0.0853033898452623,0.5628054004822618,0.3139614449877396,0.2705304678512357,-527.661408312417,,0.3900682526203057,0.9999994324487448
422,cysteine-glutathione disulfide,Method 1,BNRXZEPOHPEEAS-UHFFFAOYSA-N,HMDB0000656,R00900,0.1184210526315789,True,within_12m,sample_median_scaled,True,lbfgs,0.0067487587159957,-0.8660624832293563,0.0214962636805349,0.5034172371690884,0.0853657223011978,0.7215053091594719,3.5071044541363525,1.8259668961909767,-1070.0321740759075,,0.3900682526203057,0.9999994324487448
522,1-stearoyl-2-arachidonoyl-GPC (18:0/20:4),Method 2,PSVRFUPOQYJOOZ-QNPWAGBNSA-N,HMDB0008048,,0.0,True,within_12m,sample_median_scaled,True,lbfgs,0.0013322622940077,-0.2032937526486845,0.0048553938648356,0.1184353691124192,0.0860714302211271,0.6417427616068134,0.2367956887484777,0.052307753332621,-192.06433740446252,,0.3914200755294113,0.9999994324487448
716,N-acetyl-1-methylhistidine*,Method 1,GVRCKHXHWSYDEF-UHFFFAOYSA-N,HMDB0240340,,0.0131578947368421,True,within_12m,sample_median_scaled,True,lbfgs,-0.0017467935949931,-0.5597577939531287,-0.0174060953036499,0.3267560631443796,0.0866986575843337,0.545781671245446,1.8024093456890085,0.3981874570220134,-731.9773557060582,,0.39195017872559573,0.9999994324487448
899,1-oleoyl-2-docosahexaenoyl-GPC (18:1/22:6)*,Method 2,FPEVDFOXMCHLKL-KFDYCXSYSA-N,HMDB0008123,,0.0,True,within_12m,sample_median_scaled,True,lbfgs,-0.0028089786519612,-0.2559983213168324,-0.0037996032811568,0.1495848829326828,0.0870088354867291,0.7851429343728564,0.3685953179903571,0.0937956093401359,-335.749827601049,,0.39195017872559573,0.9999994324487448
169,ursodeoxycholate,Method 3,RUDATBOHQWOJDD-UZVSRGJWSA-N,HMDB0000946,C07880,0.0413533834586466,True,within_12m,sample_median_scaled,True,lbfgs,-0.0067890624661243,-1.240397132343921,-0.0680286131729693,0.7270731965279265,0.0880054525233735,0.4613385430408973,6.841199512841994,4.354817404443156,-1286.975355574911,,0.3932281438078935,0.9999994324487448
381,gamma-glutamylmethionine,Method 1,RQNSKRXMANOPQY-BQBZGAKWSA-N,HMDB0029155,,0.0,True,within_12m,sample_median_scaled,True,lbfgs,-0.0041144851630824,0.2578654302801952,-0.0064106856648947,0.1512034387693012,0.0881160447904599,0.6913466303988709,0.348093034157071,0.1283717767837508,-389.6896231201808,,0.3932281438078935,0.9999994324487448
483,1-arachidonoyl-GPI (20:4)*,Method 3,LXUGKKVCSTYZFK-OSKOXSHBSA-N,HMDB0061690,,0.0,True,within_12m,sample_median_scaled,True,lbfgs,0.0023984884257169,-0.2914418429815995,0.0114599844906396,0.1713041364882988,0.0888843501661037,0.5348713012978958,0.4437935662862812,0.1682088745068958,-459.46881555255936,,0.39481188097036757,0.9999994324487448
186,choline,Method 1,CRBHXDCYXIISFC-UHFFFAOYSA-N,HMDB0000097,C00114,0.0,True,within_12m,sample_median_scaled,True,lbfgs,0.0010690499134419,-0.1811082594676345,0.0004929761114774,0.1069868398839862,0.0904918752439815,0.9569276262061628,0.1956970860360112,0.0398841814613962,-126.65154447127976,,0.4000913928611219,0.9999994324487448
542,21-hydroxypregnenolone monosulfate (2),Method 3,DFSPOIZXVIWHFO-WGKOQXAXSA-N,,,0.6240601503759399,False,within_12m,sample_median_scaled,True,lbfgs,-0.0116144836556825,0.6440008268191854,0.0384198912061821,0.3839782624455919,0.0935072049406632,0.2904609093263837,2.4098740945192887,0.6395445681331696,-842.9524786733748,,0.40783822792162305,0.9999994324487448
521,4-allylphenol sulfate,Method 3,KFDHKOFCRYUXLA-UHFFFAOYSA-N,,,0.0,True,within_12m,sample_median_scaled,True,lbfgs,-0.007414148794946,0.6106594373009853,0.0467388060535595,0.3645364657097125,0.0939014812421151,0.3438757384822354,1.5691397353105172,1.2685422764313294,-942.8126981337444,,0.40783822792162305,0.9999994324487448
867,1-stearoyl-2-arachidonoyl-GPE (18:0/20:4),Method 2,ANRKEHNWXKCXDB-BHFWLYLHSA-N,HMDB0009003,C05210,0.0,True,within_12m,sample_median_scaled,True,lbfgs,0.004729157551704,-0.3100758871739714,0.0026710138636861,0.185369630416386,0.0943777563272184,0.8545132996175672,0.604219932574161,0.1007758186640678,-390.1708137190615,,0.40783822792162305,0.9999994324487448
471,"3beta,7alpha-dihydroxy-5-cholestenoate",Method 3,GYJSAWZGYQXRBS-GRJZKGIBSA-N,HMDB0012454,C17335,0.0,True,within_12m,sample_median_scaled,True,lbfgs,-0.0036275173359542,0.2747868001340601,0.0059561734448845,0.1643679358117476,0.0945679851819123,0.6821759960400908,0.4553180596497742,0.1016200399353677,-367.8593115197341,,0.40783822792162305,0.9999994324487448
1134,N-desalkylquetiapine*,Method 2,JLOAJISUHPIQOX-UHFFFAOYSA-N,,,0.9906015037593984,False,within_12m,sample_median_scaled,True,lbfgs,-0.0007305623515596,0.0766326322238012,0.0022988297030321,0.045858639595649,0.0947094225841115,0.5583409129358707,0.0359208630029106,0.007367031758307,323.1393979836509,,0.40783822792162305,0.9999994324487448
1155,dimethylguanidino valeric acid (DMGV)*,Method 1,GLWRPXRMUUZNMD-UHFFFAOYSA-N,,,0.2161654135338346,False,within_12m,sample_median_scaled,True,lbfgs,0.0006669255770191,-0.9087557978130362,-0.0036634497870153,0.5443226733190802,0.0950150219174922,0.9569803594042258,3.922892651256908,2.3390035752996954,-1126.2101988573652,,0.40783822792162305,0.9999994324487448
1223,isoursodeoxycholate sulfate (2),Method 3,WHMOBEGYTDWMIG-DNMBCGTGSA-N,,,0.7274436090225563,False,within_12m,sample_median_scaled,True,lbfgs,0.0029079687134127,-0.690686447950702,-0.0680973533313326,0.4139776769578541,0.0952334291377193,0.2447836626461855,1.8747560356280304,1.8103499080454517,-1026.1292078020565,,0.40783822792162305,0.9999994324487448
978,"ceramide (d18:1/14:0, d16:1/16:0)*",Method 2,ZKRPGPZHULJLKJ-IMVLJIQESA-N,"HMDB0240681,HMDB0011773",,0.0921052631578947,True,within_12m,sample_median_scaled,True,lbfgs,-0.0028701344088629,0.4509488865244939,0.0424479908545957,0.2709943667814303,0.0961019139317679,0.19639639379439,1.002294990108202,0.5451784298665739,-745.3466899709672,,0.40933588991180103,0.9999994324487448
607,omeprazole,Method 3,SUBDBMMJDZJVOS-UHFFFAOYSA-N,HMDB0001913,C07324,0.881578947368421,False,within_12m,sample_median_scaled,True,lbfgs,0.0077658983768121,-1.0185708015742752,-0.1965111386522554,0.6127253575112368,0.0964403929111573,0.0117813259807132,4.841658346742993,3.1120448695349587,-1196.9270115710854,,0.40933588991180103,0.6250647950878393
1260,oxindolylalanine,Method 1,YLEQTOAIAOPFBY-UHFFFAOYSA-N,,,0.0018796992481203,True,within_12m,sample_median_scaled,True,lbfgs,0.0013649956202492,-0.2352423769773838,-0.0005363385443905,0.1429440227798538,0.0998264055358513,0.9802348577938524,0.1906342308073078,0.254399711150399,-485.1391270850513,,0.41956203550692484,0.9999994324487448
885,"sphingomyelin (d18:0/18:0, d19:0/17:0)*",Method 2,JCELSEVNSMXGKA-IOLBBIBUSA-N,HMDB0012087,,0.0,True,within_12m,sample_median_scaled,True,lbfgs,-0.0025136123216131,-0.3204120759749228,-0.0069167729165478,0.1947621931117096,0.0999398830929111,0.7444052664781482,0.5694851424547928,0.2222041338237246,-531.2911490417819,,0.41956203550692484,0.9999994324487448
233,glucuronate,Method 4,AEMOLEFTQBMNLQ-QIUUJYRFSA-N,HMDB0000127,C16245,0.0,True,within_12m,sample_median_scaled,True,lbfgs,0.0016288711448471,0.3304253098975233,-0.0210958008155764,0.2009870040732633,0.1001734530132494,0.219566442091188,0.690242391412384,0.1412204436867669,-462.6427043915498,,0.41956203550692484,0.9999994324487448
220,carnitine,Method 1,PHIQHXFUZVPYII-ZCFIWIBFSA-N,HMDB0000062,"C00487,C00308",0.0,True,within_12m,sample_median_scaled,True,lbfgs,0.0001079880541633,-0.1601350966137167,0.0030710753869631,0.0976095723844732,0.1008872164889865,0.7623338247300955,0.1476535534043907,0.0505386526425201,-147.53341398901603,,0.41956203550692484,0.9999994324487448
320,N-acetyltyrosine,Method 3,CAHKINHBCWCHCF-JTQLQIEISA-N,HMDB0000866,,0.0018796992481203,True,within_12m,sample_median_scaled,True,lbfgs,-0.0021395906983577,0.2896178226216823,-0.0116159902957524,0.1767312518633866,0.1012659449512556,0.49626395835419,0.505263859376044,0.141489068464855,-437.3350264479132,,0.41956203550692484,0.9999994324487448
623,pantoprazole,Method 3,IQPSEEYGBUAQFF-UHFFFAOYSA-N,HMDB0005017,C11806,0.7180451127819549,False,within_12m,sample_median_scaled,True,lbfgs,-0.0102796952605748,1.371285357204492,0.0780831473712343,0.8373273222693391,0.101485686075497,0.4350068928627006,9.715458931956698,5.036505638075215,-1340.2302821927983,,0.41956203550692484,0.9999994324487448
948,palmitoyl-oleoyl-glycerol (16:0/18:1) [2]*,Method 2,YEJYLHKQOBOSCP-OZKTZCCCSA-N,HMDB0007102,C13861,0.5958646616541353,False,within_12m,sample_median_scaled,True,lbfgs,0.0023644996531173,-0.9816654490659984,-0.0322023280646635,0.6020862769318153,0.1030085716527536,0.3366632841819628,6.852076611536033,0.5235200091831314,-897.0180478700347,,0.42165769124171354,0.9999994324487448
1107,sulfate of piperine metabolite C18H21NO3 (3)*,Method 3,,,,0.018796992481203,True,within_12m,sample_median_scaled,True,lbfgs,-0.0088724019586798,0.5754453363059278,-0.0244054866720403,0.3531384152384714,0.1032034481609072,0.5163184497053255,1.902188369210937,0.6962811331561338,-840.026699548089,,0.42165769124171354,0.9999994324487448
208,glycochenodeoxycholate,Method 3,GHCZAUBVMUEKKP-AZDOMVTHSA-N,HMDB0000637,C05466,0.0,True,within_12m,sample_median_scaled,True,lbfgs,-0.0197039039349299,0.7233058830061608,0.010976950372424,0.4441074052061238,0.1033821932145891,0.8015029140125287,3.1620644736652403,0.9257528426015368,-933.4087259420536,,0.42165769124171354,0.9999994324487448
1049,N-acetylglucosamine conjugate of C24H40O4 bile acid**,Method 3,,,,0.3552631578947368,False,within_12m,sample_median_scaled,True,lbfgs,-0.0063597543731463,-0.8359262569477502,0.0218805172244606,0.5145639297126985,0.1042620318422151,0.7344393434324926,3.483817467251503,2.115483287828772,-1098.210436899343,,0.42165769124171354,0.9999994324487448
288,"2,3-dihydroxypyridine",Method 1,GGOZGYRTNQBSSA-UHFFFAOYSA-N,,,0.3364661654135338,False,within_12m,sample_median_scaled,True,lbfgs,0.0192135268198962,-0.8979723178831527,-0.0297548650229812,0.5534252882338783,0.1046809528619086,0.7374941758696069,2.361666351705903,4.402533924164771,-1226.076429815461,,0.42165769124171354,0.9999994324487448
85,lactate,Method 4,JVTAAEKCZFNVCJ-UHFFFAOYSA-N,HMDB0000190,C00186,0.0,True,within_12m,sample_median_scaled,True,lbfgs,7.441178674411192e-05,-0.5118069335080789,-0.0013969716911672,0.3155643748728512,0.1048294619009941,0.9226591474019876,1.924821727555989,0.0958936295228054,-484.24012242896265,,0.42165769124171354,0.9999994324487448
973,sphingadienine,Method 2,KWDXKYNWAKMLKK-YQMRQDNGSA-N,,,0.1672932330827067,True,within_12m,sample_median_scaled,True,lbfgs,0.0001802331378138,-0.5063030100328166,-0.0021012818927289,0.3123988893745377,0.1050832780267307,0.9420669977921242,1.6137614215066014,0.4022453926707965,-724.7218083080013,,0.42165769124171354,0.9999994324487448
148,3-ureidopropionate,Method 1,JSJWCHRYRHKBBW-UHFFFAOYSA-N,HMDB0000026,C02642,0.0,True,within_12m,sample_median_scaled,True,lbfgs,-0.0056744900446195,0.3415160511859302,0.017041503881256,0.2121329608952718,0.1074163979780597,0.4493167935477751,0.6880839039568567,0.2493313872064716,-567.6372795445288,,0.42921615091651466,0.9999994324487448
568,ergothioneine,Method 1,SSISHJJTAXXQAX-UHFFFAOYSA-N,HMDB0003045,C05570,0.0,True,within_12m,sample_median_scaled,True,lbfgs,-0.0009663423107321,-0.4099560641527207,-0.0133087458370789,0.255346297399011,0.1083858940454312,0.5290919121263233,1.126907445456582,0.2133924495867742,-578.9552827940511,,0.43128553672244496,0.9999994324487448
806,"sphingomyelin (d18:1/22:1, d18:2/22:0, d16:1/24:1)*",Method 2,VBFKEZGCUWHGSK-ADSSWVSQSA-N,HMDB0012104,,0.0,True,within_12m,sample_median_scaled,True,lbfgs,8.009611034896628e-05,-0.2007695164514605,-0.0001903345587028,0.1253260169931509,0.1091604843721289,0.9871410141482988,0.2573128559744908,0.0674764962991616,-245.69512245955931,,0.43179949539612406,0.9999994324487448
1090,enterolactone sulfate,Method 3,CGSFDOCYHBJLFW-WMLDXEAASA-N,"HMDB0240506,HMDB0240505",,0.9022556390977444,False,within_12m,sample_median_scaled,True,lbfgs,0.0095694920936845,-0.372114761956925,-0.0047099458523946,0.2324712106535277,0.1094451969839908,0.8700550182249116,0.7206803071960776,0.4207082747971584,-671.3685655429952,,0.43179949539612406,0.9999994324487448
860,"sphingomyelin (d18:2/24:1, d18:1/24:2)*",Method 2,TXFLWJQVQCDUDZ-BRUGZULGSA-N,"HMDB0240636,HMDB0240615",,0.0,True,within_12m,sample_median_scaled,True,lbfgs,-0.0008173163489256,-0.1731067491299365,0.0023371187525967,0.1082748867498532,0.1098714946400609,0.8034770541408907,0.1991711482099987,0.0422861422054729,-138.7899395664947,,0.43179949539612406,0.9999994324487448
868,1-stearoyl-2-linoleoyl-GPC (18:0/18:2)*,Method 2,FORFDCPQKJHEBF-JEFUZMEDSA-N,HMDB0008039,,0.0,True,within_12m,sample_median_scaled,True,lbfgs,-0.0002008815366329,-0.1264083151492606,-0.0065280245360471,0.0794152908781333,0.1114436460014764,0.3822359529387209,0.1034042786781816,0.0269984449887003,-2.39336403106131,,0.43618312266971293,0.9999994324487448
833,glycocholate sulfate,Method 3,ZXUWKFXQTSOVDY-FTKNGHMZSA-N,,,0.5413533834586466,False,within_12m,sample_median_scaled,True,lbfgs,-0.0127663306474607,0.7128252637625516,0.1111548032954812,0.4493744532282164,0.1126800677906699,0.0447220972775274,2.710471485776593,1.551773570003263,-1019.935294398956,,0.4392223050615908,0.9999994324487448
1211,"3,5-dichloro-2,6-dihydroxybenzoic acid",Method 4,KLXACYSQYFWVLM-UHFFFAOYSA-N,,,0.0,True,within_12m,sample_median_scaled,True,lbfgs,0.0020099142954823,-0.3903912292529308,-0.0008905631153239,0.2465392029527364,0.1133108709987691,0.9629940397200188,1.0718579221342817,0.174776098846301,-538.5646142450248,,0.43922781230562424,0.9999994324487448
291,3-hydroxymyristate,Method 3,ATRNZOYKSNPPBF-UHFFFAOYSA-N,HMDB0061656,,0.0,True,within_12m,sample_median_scaled,True,lbfgs,-0.0026541768939569,0.3360318533136329,0.0126384381342941,0.212381141527892,0.1136013294654337,0.7068437580710667,0.3661263992407128,0.6266157202376398,-711.7238739616016,,0.43922781230562424,0.9999994324487448
1093,6-bromotryptophan,Method 3,OAORYCZPERQARS-UHFFFAOYSA-N,,,0.0037593984962406,True,within_12m,sample_median_scaled,True,lbfgs,-0.0025849391544449,-0.2640594432205266,0.0280246804106526,0.1673840393965141,0.1146652472288417,0.1677358864983542,0.381979749977251,0.2084554504172676,-489.38111564646897,,0.44142124385471604,0.9999994324487448
520,chiro-inositol,Method 4,CDAISMWEOUEBRE-LKPKBOIGSA-N,HMDB0240209,C19891,0.543233082706767,False,within_12m,sample_median_scaled,True,lbfgs,-0.005581178838643,0.9899829055984172,0.1036047143126826,0.6296705012454004,0.1158986734079344,0.3435197205872313,1.9552023412202515,7.027569858288007,-1322.8225927601172,,0.44142124385471604,0.9999994324487448
979,"ceramide (d18:1/17:0, d17:1/18:0)*",Method 2,ICWGMOFDULMCFL-SJCQXOIGSA-N,"HMDB0240683,HMDB0240678",,0.1672932330827067,True,within_12m,sample_median_scaled,True,lbfgs,0.0053406062082678,-0.5309633280289898,0.0094974641167104,0.3378063834659598,0.1159974535288819,0.8024880732920865,1.6710144162016258,0.7167446582388098,-835.6149232214591,,0.44142124385471604,0.9999994324487448
641,1-(1-enyl-stearoyl)-GPE (P-18:0)*,Method 2,KACDZDULGKPXHT-BIHRDVDLSA-N,HMDB0240598,,0.0,True,within_12m,sample_median_scaled,True,lbfgs,-0.0009563934660394,-0.2097405920997343,0.0096085995088295,0.1336614768214779,0.1166030823274151,0.518162040623981,0.2638531983732708,0.1096455852960566,-338.6024250893201,,0.44142124385471604,0.9999994324487448
874,1-palmitoyl-2-arachidonoyl-GPI (16:0/20:4)*,Method 2,KIQYUSYSJTUGFZ-LSLODQAYSA-N,HMDB0009789,,0.0056390977443609,True,within_12m,sample_median_scaled,True,lbfgs,0.0001180385158432,-0.3399465997545785,0.0052178268695005,0.2172967505942809,0.1177154922337468,0.8142368817802982,0.7398028670231488,0.2412749253121419,-567.1424512390529,,0.44142124385471604,0.9999994324487448
1232,deoxycholic acid 12-sulfate*,Method 3,GMRIQHBJNVMHJA-LLQZFEROSA-N,,,0.4830827067669173,False,within_12m,sample_median_scaled,True,lbfgs,0.0242248408312614,-0.9202525433165324,-0.0343884406192107,0.5890711939758447,0.1182386721696811,0.6000106882799303,5.121790086776496,2.1332405579411637,-1127.9561994924231,,0.44142124385471604,0.9999994324487448
1201,undecenoylcarnitine (C11:1),Method 2,FVOVZEONZTWNTC-OUKQBFOZSA-N,,,0.0,True,within_12m,sample_median_scaled,True,lbfgs,0.0057855852123803,-0.3022998180113507,-0.0358360760876218,0.1937673851383936,0.1187322027007866,0.1431717022989419,0.4901763628631614,0.3043806339448562,-580.9376127055878,,0.44142124385471604,0.9999994324487448
588,alpha-ketoglutaramate*,Method 4,COJBGNAUUSNXHX-UHFFFAOYSA-N,HMDB0001552,C00940,0.0,True,within_12m,sample_median_scaled,True,lbfgs,-0.0016057150676095,0.2908854474801393,-0.0055774145255032,0.1864721219533616,0.1187739015923392,0.6998137725704545,0.6138128177044219,0.0992790045590481,-388.8170305901229,,0.44142124385471604,0.9999994324487448
640,1-(1-enyl-palmitoyl)-GPE (P-16:0)*,Method 2,QYTPGOPLNFESQC-RLHAVTDZSA-N,HMDB0011152,,0.0,True,within_12m,sample_median_scaled,True,lbfgs,0.0005634661634417,-0.181600185078613,-0.0007163311274051,0.1165122534425855,0.1190825727733671,0.9562024267428696,0.199469227014421,0.084486390570964,-267.8233178181597,,0.44142124385471604,0.9999994324487448
842,1-palmitoyl-2-arachidonoyl-GPC (16:0/20:4n6),Method 2,IIZPXYDJLKNOIY-JXPKJXOSSA-N,HMDB0007982,C05208,0.0075187969924812,True,within_12m,sample_median_scaled,True,lbfgs,0.0019254563304173,-0.1912247859424621,-0.0020268598315161,0.122854606204935,0.1195861648744696,0.8733253589810528,0.2346408051691635,0.0792222396888987,-268.1769836904068,,0.44142124385471604,0.9999994324487448
967,glycosyl-N-behenoyl-sphingadienine (d18:2/22:0)*,Method 2,BZVOAOVDSULRAB-NUBHLNQHSA-N,,,0.0,True,within_12m,sample_median_scaled,True,lbfgs,-0.0038290695121153,-0.2516156004903636,0.0168262367650067,0.1616556530962051,0.1195913350624045,0.2771809098429909,0.4248593346935874,0.1159633650626253,-386.4849712529804,,0.44142124385471604,0.9999994324487448
985,"ceramide (d18:1/20:0, d16:1/22:0, d20:1/18:0)*",Method 2,XWBWIAOWSABHFI-QOSDPKFLSA-N,"HMDB0240684,HMDB0240682,HMDB0004951",,0.0319548872180451,True,within_12m,sample_median_scaled,True,lbfgs,0.0089541417434416,-0.4079981472985435,0.0224694638367315,0.2622147070882196,0.11971529021819,0.4051266608792641,1.0724622733871312,0.3568167339853387,-669.6520885924904,,0.44142124385471604,0.9999994324487448
1217,1-methyl-5-imidazolelactate,Method 3,MXETUSMIYKMMAT-UHFFFAOYSA-N,,,0.0263157894736842,True,within_12m,sample_median_scaled,True,lbfgs,0.0007460737099899,-0.5595757745878969,-0.0369853077457219,0.3607187434211997,0.1208345960868931,0.3615451156477308,1.9062554942372767,0.8163059829712654,-870.3370616458244,,0.4438100927988024,0.9999994324487448
154,thyroxine,Method 3,XUIIKFGFIJCVMT-LBPRGKRZSA-N,HMDB0000248,C01829,0.0,True,within_12m,sample_median_scaled,True,lbfgs,0.0002856365068622,-0.277310708158796,-0.0122939750382269,0.1789827860550906,0.1212926012779973,0.3113302350997418,0.5850319114245403,0.0693768997220182,-320.39254538626506,,0.4438100927988024,0.9999994324487448
835,glycodeoxycholate 3-sulfate,Method 3,QJZCNFGUZPMYAX-WWZCPACMSA-N,,,0.462406015037594,False,within_12m,sample_median_scaled,True,lbfgs,0.0254005815792979,-1.2326674865901524,0.0215039113755695,0.7983898970978878,0.1226024472045483,0.8233739867789059,8.742449350524534,4.68318884938876,-1318.51123975025,,0.44689059954329624,0.9999994324487448
367,N-acetylthreonine,Method 3,PEDXUVCGOLSNLQ-UHFFFAOYSA-N,HMDB0062557,,0.0,True,within_12m,sample_median_scaled,True,lbfgs,-0.0003598361454937,0.2209915109914352,-0.0088430202969101,0.1438250239203408,0.1244083657707667,0.5358989534647756,0.3297550345405891,0.0992518788528317,-337.23031084940294,,0.4517490087873848,0.9999994324487448
383,p-cresol sulfate,Method 3,WGNAKZGUSRVWRH-UHFFFAOYSA-N,HMDB0011635,,0.0,True,within_12m,sample_median_scaled,True,lbfgs,0.0199475980873379,-0.9461321822509876,0.0346092293731006,0.6177183527593891,0.1256072812728038,0.6486105457146154,5.130541203376346,2.921864013613697,-1188.6404911785523,,0.45437482430124104,0.9999994324487448
295,homoarginine,Method 1,QUOGESRFPZDMMT-YFKPBYRVSA-N,HMDB0000670,C01924,0.0,True,within_12m,sample_median_scaled,True,lbfgs,-0.0024655434935166,0.2668823872703214,0.0094337834836788,0.1746534975197915,0.1264957029883533,0.5333484450809867,0.5182922284510751,0.1099615365626683,-393.0571589629424,,0.4556612723322549,0.9999994324487448
566,pregnenolone sulfate,Method 3,DIJBBUIOWGGQOP-QGVNFLHTSA-N,HMDB0000774,C18044,0.0056390977443609,True,within_12m,sample_median_scaled,True,lbfgs,-0.008520332077667,0.4363468187520424,0.0042336188677437,0.2861357216157611,0.1272679514604059,0.8748788177887616,1.343488347330477,0.3492488500690253,-683.7108335434511,,0.4556612723322549,0.9999994324487448
397,stearoylcarnitine (C18),Method 2,FNPHNLNTJNMAEE-HSZRJFAPSA-N,HMDB0000848,,0.0,True,within_12m,sample_median_scaled,True,lbfgs,0.0007252469769295,-0.2199293669923087,0.0163645553964084,0.1442672381028971,0.1273943033640964,0.2849077054588664,0.3189442000443165,0.1145180754811682,-361.386948028276,,0.4556612723322549,0.9999994324487448
801,umbelliferone sulfate,Method 3,LJOOSFYJELZGMR-UHFFFAOYSA-N,HMDB0240565,,0.1522556390977443,True,within_12m,sample_median_scaled,True,lbfgs,0.0016362218528797,0.8044224637020815,0.065849610872831,0.5290586692147408,0.1283906956844187,0.4462580342103248,1.9865413087205213,4.226215063863796,-1208.9411348049214,,0.4575116208157457,0.9999994324487448
589,metformin,Method 1,XZWYZXLIPXDOLR-UHFFFAOYSA-N,HMDB0001921,C07151,0.868421052631579,False,within_12m,sample_median_scaled,True,lbfgs,-0.0279046819370138,1.2378760670043498,0.0468389437635098,0.8186800052978819,0.130523950565611,0.5812109185047658,10.416101147598177,3.5211619190272185,-1277.3608449153014,,0.4628642113059424,0.9999994324487448
931,eicosapentaenoylcholine,Method 2,AVBRNEQAXKXDAZ-CGRWFSSPSA-N,,,0.6372180451127819,False,within_12m,sample_median_scaled,True,lbfgs,0.009471772436879,-0.6084208977064097,-0.1504226792195594,0.4032293972061213,0.1313319081083991,0.0051027487046006,1.971289197806292,1.4934456976760857,-990.497214297366,,0.4628642113059424,0.32487500085957155
327,O-acetylhomoserine,Method 4,FCXZBWSIAGGPCB-YFKPBYRVSA-N,HMDB0029423,C01077,0.2274436090225564,False,within_12m,sample_median_scaled,True,lbfgs,-0.0143105669145022,0.631364270732881,0.0511038858287029,0.4185895809690514,0.1314743373075928,0.4612239058331768,1.194985857349454,2.7063160657082337,-1087.5390378873506,,0.4628642113059424,0.9999994324487448
576,4-cholesten-3-one,Method 2,NYOXRYYXRWJDKP-UHFFFAOYSA-N,HMDB0000921,C00599,0.1372180451127819,True,within_12m,sample_median_scaled,True,lbfgs,-0.0068130509937751,-0.4385420797282939,0.0315980391608158,0.2910190591300244,0.1318314821730014,0.2331064368801997,1.4098596006193138,0.3383548267700651,-681.8216418437567,,0.4628642113059424,0.9999994324487448
565,17alpha-hydroxypregnenolone 3-sulfate,Method 3,OMOKWYAQVYBHMG-QUPIPBJSSA-N,HMDB00416,,0.4661654135338345,False,within_12m,sample_median_scaled,True,lbfgs,-0.0054398428513089,0.5569189953940056,0.0302919728246661,0.3703462936834727,0.1326382687809393,0.4481680324813789,2.0754315400050194,0.7847827884371137,-869.344287223603,,0.46308859323929125,0.9999994324487448
995,"sphingomyelin (d18:1/19:0, d19:1/18:0)*",Method 2,HAFQHLHNPJDAGB-MAJDXUCPSA-N,,,0.0,True,within_12m,sample_median_scaled,True,lbfgs,0.001926797896821,-0.2918860450567795,0.0100799337870208,0.1942154023141236,0.1328652089503307,0.5873476131023987,0.6134310079762149,0.1671824613976032,-483.9120736741916,,0.46308859323929125,0.9999994324487448
292,1-oleoylglycerol (18:1),Method 3,RZRNAYUHWVFMIP-KTKRTIGZSA-N,HMDB0011567,,0.0281954887218045,True,within_12m,sample_median_scaled,True,lbfgs,-0.0014466024030465,0.6188771220290754,0.0185040470634262,0.4143046387761185,0.1352349363380364,0.6836335972797717,2.564331115682462,1.0199620075471358,-935.1856499116036,,0.4695984837749671,0.9999994324487448
141,5-oxoproline,Method 3,ODHCTXKNWHHXJC-VKHMYHEASA-N,HMDB0000267,"C02237,C01879",0.0,True,within_12m,sample_median_scaled,True,lbfgs,0.000345989369873,0.2462018067334274,-0.0006575324909039,0.1650219038959269,0.1357164204417706,0.9514328873653118,0.5010977179674612,0.0547154493371986,-264.4973277764552,,0.4695984837749671,0.9999994324487448
100,threonine,Method 1,AYFVYJQAPQTCCC-GBXIJSLDSA-N,HMDB0000167,C00188,0.0,True,within_12m,sample_median_scaled,True,lbfgs,-0.0021240549453043,0.1504667766390833,-0.0037406724901299,0.1013745971944883,0.1377386051844178,0.7543962477486655,0.1442982737719178,0.0716385416895484,-212.12912527477465,,0.4748749745527762,0.9999994324487448
164,chenodeoxycholate,Method 3,RUDATBOHQWOJDD-LXEZOOAESA-N,HMDB0000518,C02528,0.0676691729323308,True,within_12m,sample_median_scaled,True,lbfgs,-0.0114687180957505,0.6403363085988736,0.0617202168711281,0.4337165861303433,0.1398383113898051,0.3070454011927126,2.117866981590964,1.9171336897435285,-1045.4105962451365,,0.47965590117985907,0.9999994324487448
808,lignoceroyl sphingomyelin (d18:1/24:0),Method 2,QEDPUVGSSDPBMD-XTAIVQBESA-N,HMDB0011697,,0.0,True,within_12m,sample_median_scaled,True,lbfgs,-0.0007338808776842,-0.2151373260516139,0.0026885287920335,0.1459978574611878,0.1405987632921996,0.8729472050376124,0.3060127048852762,0.1409028065227075,-397.6185271176157,,0.47965590117985907,0.9999994324487448
488,N6-succinyladenosine,Method 3,VKGZCEJTCKHMRL-UHFFFAOYSA-N,HMDB0000912,,0.0883458646616541,True,within_12m,sample_median_scaled,True,lbfgs,0.0015284541375528,0.3757787414445659,0.0019911452086264,0.2550347654537999,0.1406320966810058,0.9353950328792984,1.0542471848593011,0.292292080492281,-631.13090980999,,0.47965590117985907,0.9999994324487448
1113,"N2-acetyl,N6,N6-dimethyllysine",Method 1,UNPVIYLDJYPILW-VIFPVBQESA-N,,,0.0018796992481203,True,within_12m,sample_median_scaled,True,lbfgs,0.0014723133741851,-0.4954808841409132,-0.0291087628230011,0.3368225873471372,0.141279187502756,0.0893990317909665,2.168900318330856,0.13625728701818,-556.6161931744869,,0.48014812834566545,0.9999994324487448
1091,ascorbic acid 3-sulfate*,Method 4,FBFZPSQPKNIVMT-ZAFYKAAXSA-N,,,0.0,True,within_12m,sample_median_scaled,True,lbfgs,0.0068147722565402,-0.391321641389628,-0.0426371216635196,0.2665740426822465,0.1421134482151037,0.1859714856108392,0.9729174935537837,0.5240524806465485,-735.5368347356637,,0.4804045150679296,0.9999994324487448
372,hyocholate,Method 3,DKPMWHFRUGMUKF-OAEKOJLISA-N,HMDB0000760,C17649,0.018796992481203,True,within_12m,sample_median_scaled,True,lbfgs,-0.0080466610848799,0.5132310766447539,0.0597060005891422,0.3504041595620811,0.1430073776464583,0.1940439126128548,1.5218684552663384,1.0888501260866523,-910.2734371402736,,0.4804045150679296,0.9999994324487448
203,1-palmitoyl-2-linoleoyl-GPI (16:0/18:2),Method 2,BSNJSZUDOMPYIR-DMDPBSJXSA-N,HMDB0009784,,0.0,True,within_12m,sample_median_scaled,True,lbfgs,-0.0007974982711936,-0.2460794015630952,-0.02298825752052,0.1684300202080735,0.1440103220080972,0.1798748779588461,0.4456557261164213,0.1436128596648291,-430.08346059236897,,0.4804045150679296,0.9999994324487448
1042,hexadecenedioate (C16:1-DC)*,Method 3,IWTMSCUHCJHPPR-ACCUITESSA-N,,,0.0,True,within_12m,sample_median_scaled,True,lbfgs,-0.0069704652385395,0.3181380648609,0.0054623701986392,0.2179142870997563,0.1443112560681993,0.8220063866710711,0.7003832261973354,0.2925336478561596,-599.2495487160666,,0.4804045150679296,0.9999994324487448
958,oleoyl-arachidonoyl-glycerol (18:1/20:4) [2]*,Method 2,LWXLWRXRJKMNLM-XBUMEPTLSA-N,HMDB0007228,,0.2105263157894736,False,within_12m,sample_median_scaled,True,lbfgs,0.0043081264666725,-0.8404144503969339,-0.0340425966995802,0.5767319401895613,0.1450608613908374,0.5018335364481153,5.620891124202433,1.2336793082253563,-1033.32167969422,,0.4804045150679296,0.9999994324487448
487,deoxycarnitine,Method 1,JHPNVNIEXXLNTR-UHFFFAOYSA-N,HMDB0001161,C01181,0.0,True,within_12m,sample_median_scaled,True,lbfgs,0.0002442461177547,0.1669387078162305,0.0143854831930383,0.1145764954887765,0.1451145639546256,0.124615027799965,0.2278923345593934,0.0418381682381862,-148.172311906638,,0.4804045150679296,0.9999994324487448
1100,N-acetyl-isoputreanine,Method 1,YGIAGXACEXFIDU-UHFFFAOYSA-N,,,0.0,True,within_12m,sample_median_scaled,True,lbfgs,-0.0022777643483596,0.2423712430872196,-0.0009455178872536,0.1665388120300764,0.1455740807762891,0.951335403763878,0.4571981256172883,0.1158911265659982,-392.334905271518,,0.4804045150679296,0.9999994324487448
732,acisoga,Method 3,OAUYENAPBFTAQT-UHFFFAOYSA-N,HMDB0061384,,0.0582706766917293,True,within_12m,sample_median_scaled,True,lbfgs,0.0056582382845647,-0.3885946436060167,-0.0518734560797862,0.2675339112561875,0.1463609285268906,0.0718153340048921,1.0831312203426011,0.4094754321278809,-696.3200163473264,,0.4804045150679296,0.9999994324487448
449,homostachydrine*,Method 1,XULZWQRXYTVUTE-ZETCQYMHSA-N,HMDB0033433,C08283,0.0,True,within_12m,sample_median_scaled,True,lbfgs,-0.0080681619464824,0.2934918977142015,0.0306377168149701,0.2024509543727229,0.147143919452502,0.2576154510910057,0.4942599613486004,0.3795497341942951,-625.2203693796682,,0.4804045150679296,0.9999994324487448
953,linoleoyl-linolenoyl-glycerol (18:2/18:3) [2]*,Method 2,ZDBLXLQFRZTIIU-ZPNZQGKLSA-N,HMDB0007250,,0.6447368421052632,False,within_12m,sample_median_scaled,True,lbfgs,0.0042448396527934,-0.7694294074700728,0.0028494483147403,0.530819336536002,0.1471944364152978,0.9569799091448916,4.486968264229686,1.3572610350815466,-1032.5725877866914,,0.4804045150679296,0.9999994324487448
957,oleoyl-arachidonoyl-glycerol (18:1/20:4) [1]*,Method 2,LWXLWRXRJKMNLM-XBUMEPTLSA-N,HMDB0007228,,0.2274436090225564,False,within_12m,sample_median_scaled,True,lbfgs,0.0033952269432842,-0.8927156380509957,-0.048864611971625,0.6169774036079599,0.1479199241892519,0.3374869789164929,6.585425166970175,1.2387883612576296,-1047.3437530392637,,0.4804045150679296,0.9999994324487448
921,methylsuccinoylcarnitine,Method 1,GFWWWKVGRZVWDS-UHFFFAOYSA-N,,,0.0093984962406015,True,within_12m,sample_median_scaled,True,lbfgs,0.0021501288152749,-0.3073402944206576,-0.0223527497198104,0.2127042338644921,0.148480763560385,0.3112227656757709,0.7020668181126017,0.238955351501911,-561.2150546010025,,0.4804045150679296,0.9999994324487448
598,hydantoin-5-propionate,Method 4,VWFWNXQAMGDPGG-UHFFFAOYSA-N,HMDB0001212,C05565,0.093984962406015,True,within_12m,sample_median_scaled,True,lbfgs,0.0022326364285167,0.5187235080668914,-0.0445137175523159,0.3591185969157461,0.1486166220433545,0.3375307487163294,1.634182784401681,1.1027921275743602,-917.6236910580758,,0.4804045150679296,0.9999994324487448
628,1-methyl-5-imidazoleacetate,Method 1,UJCGYTCAMOHYCG-UHFFFAOYSA-N,HMDB04988,,0.0,True,within_12m,sample_median_scaled,True,lbfgs,0.0042044886022736,-0.5132552323663809,-0.0550992567067644,0.3557319703441453,0.1490727433531811,0.1932889152300215,1.7612579293160129,0.9002254995108601,-883.2527622550676,,0.4804045150679296,0.9999994324487448
252,gamma-glutamylphenylalanine,Method 1,XHHOHZPNYFQJKL-QWRGUYRKSA-N,HMDB0000594,,0.0,True,within_12m,sample_median_scaled,True,lbfgs,-0.0029335471604271,0.1535003858012499,-0.0111435790111558,0.1063955542479496,0.149095676506306,0.3986874667158746,0.1505851388332458,0.0885268577931306,-256.2750296055947,,0.4804045150679296,0.9999994324487448
847,1-palmitoyl-2-stearoyl-GPC (16:0/18:0),Method 2,PZNPLUBHRSSFHT-RRHRGVEJSA-N,HMDB0007970,C03889,0.0,True,within_12m,sample_median_scaled,True,lbfgs,-0.0022535788574041,-0.133525560233269,-0.0011885635038361,0.092620446632302,0.1494032889792409,0.898638240619111,0.1355712201409186,0.0425092537104113,-108.42153272057226,,0.4804045150679296,0.9999994324487448
196,beta-hydroxyisovalerate,Method 3,AXFYFNCPONWUHW-UHFFFAOYSA-N,HMDB0000754,,0.0,True,within_12m,sample_median_scaled,True,lbfgs,0.0032548195703709,-0.2575980580003496,-0.0199264726893963,0.1794330805247356,0.1511099627265743,0.3142088936475037,0.4791510633621449,0.1934183744804525,-491.7898708754476,,0.48426179330160557,0.9999994324487448
804,"sphingomyelin (d18:1/20:2, d18:2/20:1, d16:1/22:2)*",Method 2,YVTVVJRJLRHYSJ-COUPUTHFSA-N,,,0.0093984962406015,True,within_12m,sample_median_scaled,True,lbfgs,0.0012375797898254,-0.2298781966785031,0.0205098617635035,0.1607206123099496,0.1526318185803723,0.3044893847034892,0.3430624961861288,0.2027066039263725,-476.2859718779166,,0.4875029656998513,0.9999994324487448
614,androsterone glucuronide,Method 3,VFUIRAVTUVCQTF-BSOWLZGZSA-N,HMDB0002829,C11135,0.169172932330827,True,within_12m,sample_median_scaled,True,lbfgs,-0.0037105021912492,-0.7486397748596235,-0.058171967042897,0.5245585011794389,0.1535278127934867,0.1742454322425837,4.780020218291293,0.873157176978681,-956.7869067965964,,0.488730204059266,0.9999994324487448
88,riboflavin (vitamin B2),Method 3,AUNGANRZJHBGPY-UHFFFAOYSA-N,HMDB0000244,C00255,0.0150375939849624,True,within_12m,sample_median_scaled,True,lbfgs,-0.0025867904205525,0.2980903143174323,-0.0212427795776142,0.2091890703257376,0.1541628817681752,0.3546697710334968,0.6531188151700628,0.2607137462242498,-572.0610756191959,,0.48912143551032333,0.9999994324487448
37,succinate,Method 4,KDYFGRWQOYBRFD-UHFFFAOYSA-N,HMDB0000254,C00042,0.0,True,within_12m,sample_median_scaled,True,lbfgs,-0.0004246223591435,-0.2513321225579035,-0.0129258395843965,0.1778396269568579,0.1575817839091023,0.4742807926438341,0.497524501628607,0.159340024991105,-458.2146165075528,,0.4972335288933435,0.9999994324487448
329,5-hydroxyhexanoate,Method 3,YDCRNMJQROAWFT-UHFFFAOYSA-N,"HMDB0000409,HMDB0000525",,0.0977443609022556,True,within_12m,sample_median_scaled,True,lbfgs,-0.0061683702697143,0.3614731497868669,0.0235759202734069,0.2558870111770069,0.1577651398414085,0.4939945967299004,0.7802816954971526,0.6171502128465998,-752.5866586879686,,0.4972335288933435,0.9999994324487448
579,stearoyl ethanolamide,Method 2,OTGQIQQTPXJQRG-UHFFFAOYSA-N,HMDB0013078,,0.0,True,within_12m,sample_median_scaled,True,lbfgs,-0.0023498692676735,-0.1925284533793984,0.0099192381805585,0.1365333523062187,0.1585041604942906,0.4626902523710889,0.2977317343747836,0.0888031820526501,-308.3664261389356,,0.4972335288933435,0.9999994324487448
1142,lithocholate sulfate (1),Method 3,AXDXVEYHEODSPN-HVATVPOCSA-N,,,0.4548872180451128,False,within_12m,sample_median_scaled,True,lbfgs,0.0160891110920685,-0.8404400093557063,-0.0232461526786489,0.5964692241058738,0.1588277953292504,0.7335203114848095,5.130130955209917,2.3259936684342635,-1144.586576311008,,0.4972335288933435,0.9999994324487448
389,HWESASXX*,Method 3,KUZSCKDYVGVVKC-PLNQFBRDSA-N,,,0.7875939849624061,False,within_12m,sample_median_scaled,True,lbfgs,-0.0113882138670152,0.4711581112473293,-0.088212061466064,0.3347833828036954,0.159322994598286,0.0477992927468107,1.3624472115598747,1.0253289220480053,-890.9044072198355,,0.4972335288933435,0.9999994324487448
334,3-hydroxy-2-ethylpropionate,Method 3,ZMZQVAUJTDKQGE-UHFFFAOYSA-N,HMDB0000396,,0.0018796992481203,True,within_12m,sample_median_scaled,True,lbfgs,0.0023152880176286,-0.2334999724081479,-0.0160006703542879,0.1665778872317269,0.1609909559727252,0.3862765370701428,0.4117642566773853,0.1680700083656561,-453.5794736037549,,0.500525344008514,0.9999994324487448
48,cystathionine,Method 1,ILRYLPWNYFXEMH-UHFFFAOYSA-N,HMDB0000099,C02291,0.0056390977443609,True,within_12m,sample_median_scaled,True,lbfgs,-0.0076813980766278,0.3672162618514801,-0.0175364445384751,0.2625630101756611,0.1619379535509362,0.5091476565906118,1.086890758783453,0.3443083984988769,-664.0327231412296,,0.500525344008514,0.9999994324487448
976,"ceramide (d16:1/24:1, d18:1/22:1)*",Method 2,ODRVSCJZSDNQBP-LMGPGFSZSA-N,,,0.056390977443609,True,within_12m,sample_median_scaled,True,lbfgs,0.0025696739659421,-0.3463867710915334,-0.0098735897850998,0.2476886149339843,0.1619699474749666,0.7336159933379491,0.8666281506683927,0.4217696714714696,-685.1613185060153,,0.500525344008514,0.9999994324487448
690,N-acetylcarnosine,Method 1,BKAYIFDRRZZKNF-VIFPVBQESA-N,HMDB0012881,,0.0018796992481203,True,within_12m,sample_median_scaled,True,lbfgs,-0.0006716411823824,-0.3565345511048538,0.0021277981810663,0.2552512547194495,0.1624741954373187,0.9046539998320028,1.183156387217802,0.1486646853446736,-518.0587475819705,,0.500525344008514,0.9999994324487448
56,glycocholate,Method 3,RFDAIACWWDREDC-FRVQLJSFSA-N,HMDB0000138,C01921,0.0,True,within_12m,sample_median_scaled,True,lbfgs,-0.0183296377002383,0.6580141977198484,-0.0311998949912795,0.4730397351253234,0.1642152176090877,0.4797685116446909,3.6842152866064266,0.940207501674986,-948.6409488163712,,0.5042621633976809,0.9999994324487448
650,valylleucine,Method 1,XCTHZFGSVQBHBW-UHFFFAOYSA-N,HMDB0029131,,0.1672932330827067,True,within_12m,sample_median_scaled,True,lbfgs,-0.0118973237878881,-0.514914224006403,-0.0585880393566362,0.3717352312408521,0.1660023553392511,0.257199554261549,1.5602560442579958,1.40319876009122,-962.8096374824984,,0.5077069187706448,0.9999994324487448
332,propionylcarnitine (C3),Method 1,UFAHZIUFPNSHSL-UHFFFAOYSA-N,HMDB0000824,C03017,0.0,True,within_12m,sample_median_scaled,True,lbfgs,0.0002793081901505,-0.1920159103344119,-0.0073746255657348,0.1389123266839376,0.1668853480859029,0.6898094605573704,0.234987585420706,0.1760510430669616,-422.512206768421,,0.5077069187706448,0.9999994324487448
139,allantoin,Method 4,POJWUDADGALRAB-UHFFFAOYSA-N,HMDB0000462,"C02348,C01551,C02350",0.0,True,within_12m,sample_median_scaled,True,lbfgs,0.0028664089798531,0.2350225907327163,0.0055915683609647,0.1701297652565514,0.1671463732031629,0.7314641352589095,0.4704629332424681,0.1285711838859217,-413.83730985641023,,0.5077069187706448,0.9999994324487448
126,nonadecanoate (19:0),Method 3,ISYWECDDZWTKFF-UHFFFAOYSA-N,HMDB0000772,C16535,0.0,True,within_12m,sample_median_scaled,True,lbfgs,0.0005093951384177,0.195472664720704,0.0147769659790789,0.1417282996111555,0.1678309365217953,0.4260572709114846,0.2497173909751602,0.1773374807981096,-428.0330778860341,,0.5077069187706448,0.9999994324487448
73,palmitate (16:0),Method 3,IPCSVZSSVZVIGE-UHFFFAOYSA-N,HMDB0000220,C00249,0.0,True,within_12m,sample_median_scaled,True,lbfgs,-8.172367944096378e-05,0.2332286594809228,0.0249292599645054,0.1694991065969352,0.1688254895039319,0.2454921574990792,0.3730609162115323,0.2352390128114025,-511.3276745360497,,0.5077069187706448,0.9999994324487448
353,tauro-beta-muricholate,Method 3,XSOLDPYUICCHJX-OEYGYFRSSA-N,HMDB0000932,,0.2744360902255639,False,within_12m,sample_median_scaled,True,lbfgs,-0.0132142706241775,1.1726701821117065,0.0432266818610364,0.8532239615242008,0.1693178382180371,0.635366936211808,11.08356215238704,4.088192807570006,-1310.282541399433,,0.5077069187706448,0.9999994324487448
235,imidazole lactate,Method 1,ACZFBYCNAVEFLC-UHFFFAOYSA-N,HMDB0002320,C05568,0.0,True,within_12m,sample_median_scaled,True,lbfgs,-0.0012026131933652,0.226383888918333,0.0116142699209631,0.1647889898767996,0.1695098592753769,0.3795154204202923,0.4744277331790142,0.0831199447709808,-334.74180042695025,,0.5077069187706448,0.9999994324487448
1165,"2,3-dihydroxy-5-methylthio-4-pentenoate (DMTPA)*",Method 3,XMZBEAXQGSBWLG-NSCUHMNNSA-N,HMDB0240388,,0.0,True,within_12m,sample_median_scaled,True,lbfgs,0.0002704543981827,0.2179701866267285,-0.0118899351181406,0.1586943292016983,0.1695900597778384,0.3223191088004696,0.4476800019251941,0.068370969036527,-294.5277990848126,,0.5077069187706448,0.9999994324487448
516,dimethylarginine (SDMA + ADMA),Method 1,YDGMGEXADBMOMJ-LURJTMIESA-N,"HMDB0003334,HMDB0001539","C21189,C03626",0.0,True,within_12m,sample_median_scaled,True,lbfgs,0.0001917828056637,0.1373810670970071,-0.0058444198567626,0.1006103092031967,0.1721031649706634,0.4175741532434218,0.1825899030508839,0.0244859691539408,-32.63086521045193,,0.5121786739869495,0.9999994324487448
1098,gamma-CEHC sulfate,Method 3,XJAVOQFBEMHLBM-UHFFFAOYSA-N,,,0.5319548872180451,False,within_12m,sample_median_scaled,True,lbfgs,0.0040803515338916,0.5417481181824744,-0.0410227592406344,0.3967956518046521,0.1721563919893307,0.456568981948419,1.7843334620261255,1.5910772551391992,-996.7745947157013,,0.5121786739869495,0.9999994324487448
898,1-linoleoyl-GPA (18:2)*,Method 3,ZQTAMPRZFOOEEP-KKFOGOCZSA-N,HMDB0007856,,0.0018796992481203,True,within_12m,sample_median_scaled,True,lbfgs,-0.006379868027467,0.2324608899372837,0.020095891226449,0.1717261147548465,0.1758409395381186,0.3970462552768443,0.3370577227378737,0.294653145499231,-549.4601775724309,,0.5215158299965941,0.9999994324487448
1139,glycoursodeoxycholic acid sulfate (1),Method 3,DKXXSIJHWWVNMO-XROMFQGDSA-N,,,0.018796992481203,True,within_12m,sample_median_scaled,True,lbfgs,-0.0229962458604596,-0.9295436567461408,0.0010136252408725,0.6884431092303118,0.1769482186200832,0.9890272207705396,7.2021409011069375,2.6774043678625854,-1197.091240260237,,0.5231750736290386,0.9999994324487448
877,1-(1-enyl-stearoyl)-2-arachidonoyl-GPE (P-18:0/20:4)*,Method 2,URPXXNCTXCOATD-FXMFQVEGSA-N,HMDB0005779,,0.0,True,within_12m,sample_median_scaled,True,lbfgs,-0.0001702475535618,-0.2457960084502701,0.0134456532504579,0.1823047445104949,0.1775715740626019,0.4133958600239137,0.5556396437089371,0.1300800398421981,-429.5845407392024,,0.5233976951536569,0.9999994324487448
615,argininate*,Method 1,BMFMQGXDDJALKQ-BYPYZUCNSA-N,HMDB0003148,,0.0,True,within_12m,sample_median_scaled,True,lbfgs,-0.0010881152320202,-0.231455257128195,-0.0227996532466835,0.1720174318130032,0.17845293537533,0.3098247304961717,0.3694481906019856,0.2593350613538152,-529.9151620762052,,0.5243770870259697,0.9999994324487448
563,3-hydroxyhippurate,Method 3,XDOFWFNMYJRHEW-UHFFFAOYSA-N,HMDB0006116,,0.1973684210526315,True,within_12m,sample_median_scaled,True,lbfgs,0.0176736429728735,-0.9074781773415592,-0.0435779967111128,0.6758134080575195,0.1793386925736138,0.5592068184213737,6.788190696814278,2.7540674480861926,-1197.8952490094614,,0.5253633478766907,0.9999994324487448
512,3-(cystein-S-yl)acetaminophen*,Method 1,LLHICPSCVFRWDT-UHFFFAOYSA-N,HMDB0240217,,0.8345864661654135,False,within_12m,sample_median_scaled,True,lbfgs,0.0063261081724757,-0.5851404916411901,-0.0500942753048823,0.4367727092972259,0.1803458069178048,0.3881240459069827,2.320277601207749,1.7432916543628787,-1032.1961406112166,,0.526697998796647,0.9999994324487448
127,arachidate (20:0),Method 3,VKOBVWXKNCXXDE-UHFFFAOYSA-N,HMDB0002212,C06425,0.0,True,within_12m,sample_median_scaled,True,lbfgs,8.533684849458751e-05,0.187259315144198,0.0005544880685189,0.1419290431791936,0.1870398111660685,0.9712665754025152,0.3033760438157757,0.1169089322112905,-361.4201764505035,,0.5433269362287144,0.9999994324487448
163,3-aminoisobutyrate,Method 1,QCHPKSFMDHPSNR-UHFFFAOYSA-N,HMDB0002166,C05145,0.0,True,within_12m,sample_median_scaled,True,lbfgs,0.0108124787400091,-0.3142650629913573,-0.0073746668865323,0.2382708456548219,0.1871890124408207,0.7476767170049953,0.9203959628525916,0.254929125865417,-594.8305518458983,,0.5433269362287144,0.9999994324487448
1008,ximenoylcarnitine (C26:1)*,Method 2,ONGUASHYQLGIFC-OCOZRVBESA-N,,,0.0,True,within_12m,sample_median_scaled,True,lbfgs,0.0004505435335655,-0.2029061169978505,-0.0076178945227826,0.1540347501819595,0.18774648058165,0.6670978683551235,0.3420650093787755,0.1551898803761554,-424.4100660393892,,0.5433269362287144,0.9999994324487448
818,3-methoxycatechol sulfate (1),Method 3,NTXOJWKIHIOUQN-UHFFFAOYSA-N,,,0.0075187969924812,True,within_12m,sample_median_scaled,True,lbfgs,0.0086046867642711,-0.5703889495016593,-0.0242309660858962,0.435293535529474,0.1900758557301192,0.7196250347651874,1.6547092268514048,2.493528943808645,-1085.6954279242402,,0.5481417869763967,0.9999994324487448
1222,isoursodeoxycholate sulfate (1),Method 3,WHMOBEGYTDWMIG-DNMBCGTGSA-N,,,0.3609022556390977,False,within_12m,sample_median_scaled,True,lbfgs,-0.0002713775336745,-0.7174980106337709,0.042304984435755,0.5484564507063561,0.1908009800338665,0.570009615568011,3.5408010797470206,2.8862945327700125,-1160.9538773702209,,0.5481417869763967,0.9999994324487448
382,gamma-glutamylthreonine,Method 1,GWNXFCYUJXASDX-JUZNGCLZSA-N,HMDB0029159,,0.0,True,within_12m,sample_median_scaled,True,lbfgs,-0.0014284214207994,-0.197687921400652,-0.0195038624994889,0.1513711549151614,0.191558863628199,0.1773461119650725,0.3728235957768713,0.1013291437476701,-350.9453191818254,,0.5481417869763967,0.9999994324487448
1227,carnitine of C10H14O2 (5)*,Method 3,,,,0.1860902255639097,True,within_12m,sample_median_scaled,True,lbfgs,0.0066102598082839,-0.4979047696549963,-0.0623422150385611,0.3813759179265553,0.1917061328273471,0.0742327256057384,2.4176436388491,0.58523809685266,-826.8607102308181,,0.5481417869763967,0.9999994324487448
401,7-methylxanthine,Method 1,PFWLFWPASULGAN-UHFFFAOYSA-N,HMDB0001991,C16353,0.1221804511278195,True,within_12m,sample_median_scaled,True,lbfgs,0.0133246753185915,-0.5391065464093618,0.0065536532096214,0.414458663295002,0.1933445041155103,0.9066153365343748,2.044452285823454,1.6221657613918974,-1009.4423949556956,,0.5511761236725741,0.9999994324487448
1064,3-formylindole,Method 1,OLNJUISKUQQNIM-UHFFFAOYSA-N,HMDB29737,C08493,0.0018796992481203,True,within_12m,sample_median_scaled,True,lbfgs,0.0002354588842626,-0.1718847041166822,-0.0002207919849825,0.1323243243085202,0.1939558417935956,0.9892191266377246,0.2342840108337237,0.1353906684606443,-370.5003891142351,,0.5512733003359637,0.9999994324487448
280,dehydroepiandrosterone sulfate (DHEA-S),Method 3,CZWCKYRVOZZJNM-DYIPZHMLSA-N,HMDB0001032,C04555,0.0,True,within_12m,sample_median_scaled,True,lbfgs,-0.0088494275175831,-0.5284639330306615,-0.0104973319613077,0.4078957820524175,0.1951182662369821,0.73171083604748,2.964572163440736,0.4437405669568108,-793.757851272406,,0.5529315853303202,0.9999994324487448
160,N-acetylalanine,Method 4,KTHDTJVBEPMMGL-VKHMYHEASA-N,HMDB0000766,C02847,0.0,True,within_12m,sample_median_scaled,True,lbfgs,0.0008933553168843,-0.2153361307950023,0.0008709314632074,0.166448160599273,0.1957646114504819,0.9373138481032856,0.5080532058835658,0.057635257663485,-274.96355014003143,,0.553121905133758,0.9999994324487448
1106,sulfate of piperine metabolite C18H21NO3 (1)*,Method 3,,,,0.0169172932330827,True,within_12m,sample_median_scaled,True,lbfgs,-0.0057836894510871,0.4883834176246116,-0.034745288801328,0.3791425590306352,0.1977020788473328,0.3511128116510845,2.303931304247608,0.6756528097227047,-849.5032293601423,,0.5569483342159375,0.9999994324487448
44,cysteinylglycine,Method 1,ZUKPVRWZDMRIEO-UHFFFAOYSA-N,HMDB0000078,C01419,0.0,True,within_12m,sample_median_scaled,True,lbfgs,0.0004160172757985,-0.3294393251475671,-0.0138771838178573,0.2577187210606247,0.2011471087743088,0.6162949916926778,1.0068105905000988,0.3779305786270758,-675.5430084579154,,0.5646481835161351,0.9999994324487448
374,N-acetylhistidine,Method 3,KBOJOGQFRVVWBH-ZETCQYMHSA-N,HMDB0032055,C02997,0.0037593984962406,True,within_12m,sample_median_scaled,True,lbfgs,0.0021724926719912,0.2852379846870208,-0.0048502527291657,0.2233734107995876,0.2016178330670179,0.752743928197953,0.9080766432667458,0.1116023486741814,-443.71762622973256,,0.5646481835161351,0.9999994324487448
246,theobromine,Method 1,YAPQBXQYLJRXSA-UHFFFAOYSA-N,HMDB0002825,C07480,0.0075187969924812,True,within_12m,sample_median_scaled,True,lbfgs,0.0086496674497227,-0.5388538852274918,0.0246906103652199,0.423531366989646,0.2032708027787523,0.6752328771326117,2.0243072382252607,1.8208470384623647,-1032.10450349201,,0.56761291419213,0.9999994324487448
485,glycolithocholate sulfate*,Method 3,FHXBAFXQVZOILS-OETIFKLTSA-N,HMDB0002639,C11301,0.0018796992481203,True,within_12m,sample_median_scaled,True,lbfgs,0.00174968239324,-0.654436493854809,-0.0278931611247118,0.5157769468739989,0.2044994685608623,0.65161287068405,3.6779767597653694,1.9204257147039605,-1083.240774376219,,0.5693789868093979,0.9999994324487448
575,alpha-CEHC,Method 3,AXODOWFEFKOVSH-UHFFFAOYSA-N,HMDB0001518,,0.6823308270676691,False,within_12m,sample_median_scaled,True,lbfgs,0.0066009026064158,-0.4467295311926664,-0.03219657436392,0.3533194376698305,0.2060941749578088,0.4903238225611538,1.5344383909370007,1.1223794221385452,-916.8573416222332,,0.5721509798974052,0.9999994324487448
81,phosphate,Method 1,NBIIXXVUZAFLBC-UHFFFAOYSA-N,HMDB0001429,C00009,0.0,True,within_12m,sample_median_scaled,True,lbfgs,-0.0039326736511622,-0.2748879124833218,-0.0021068599569815,0.2183125684032214,0.2079767496762069,0.9114332363430936,0.8095962740607033,0.1720398812437419,-511.98423462349297,,0.57570375635008,0.9999994324487448
585,"2R,3R-dihydroxybutyrate",Method 4,LOUGYXZSURQALL-PWNYCUMCSA-N,HMDB0000498,,0.0,True,within_12m,sample_median_scaled,True,lbfgs,0.0004905749285823,-0.2365364868146654,-0.0322200389075277,0.1882165614708612,0.2088531771448973,0.1077125863778535,0.5405434427276837,0.1975116662361126,-505.0156345976177,,0.576399030950651,0.9999994324487448
763,2-keto-3-deoxy-gluconate,Method 4,WPAMZTWLKIDIOP-WVZVXSGGSA-N,HMDB0001353,C00204,0.0075187969924812,True,within_12m,sample_median_scaled,True,lbfgs,0.0037207133718319,0.2752860080057824,0.0075360908804995,0.219341825340505,0.209458871798851,0.7518347337782154,0.7243768614636197,0.2794555173408348,-593.1401243358491,,0.576399030950651,0.9999994324487448
57,guanidinoacetate,Method 4,BPMFZUMJYQTVII-UHFFFAOYSA-N,HMDB0000128,C00581,0.0,True,within_12m,sample_median_scaled,True,lbfgs,-0.0045048375240546,0.3468826054524465,0.0097492795240366,0.2767402209827136,0.2100385997600278,0.5993257734498607,1.4021584717603133,0.1618722125238333,-548.1176321545165,,0.576399030950651,0.9999994324487448
63,isoleucine,Method 1,AGPKZVBTJJNPAG-UHFFFAOYSA-N,HMDB0000172,"C06418,C00407,C16424",0.0,True,within_12m,sample_median_scaled,True,lbfgs,0.0003840186241987,-0.1343568767218169,-0.0126862525436155,0.1073673203451991,0.2107973670857518,0.3088211884187898,0.1641479576905596,0.0777489703378655,-237.36275616628404,,0.5768237408793495,0.9999994324487448
76,stearate (18:0),Method 3,QIQXTHQIDYTFRH-UHFFFAOYSA-N,HMDB0000827,C01530,0.0,True,within_12m,sample_median_scaled,True,lbfgs,0.0003065041781345,0.1831159734647564,0.0097745011998902,0.1467966726032385,0.2122463626625704,0.5216114928881692,0.3342578868982022,0.113968462135673,-364.1426329820722,,0.5791293609792992,0.9999994324487448
59,cortisol,Method 3,JYGXADMDTFJGBT-VWUMJDOOSA-N,HMDB0000063,C00735,0.0056390977443609,True,within_12m,sample_median_scaled,True,lbfgs,0.0054453914932696,-0.3270549716179382,-0.009120766098169,0.2630093697419604,0.2136796918839829,0.755765082472138,1.0230537779044575,0.4229245147849234,-698.081947558521,,0.5813792186586999,0.9999994324487448
870,1-palmitoyl-2-dihomo-linolenoyl-GPC (16:0/20:3n3 or 6)*,Method 2,SRIGHEHXEGELQJ-YYQUKWHJSA-N,,,0.0037593984962406,True,within_12m,sample_median_scaled,True,lbfgs,-5.596006895048181e-05,-0.1199245796962431,-0.0029121494587383,0.0967562219679784,0.2151785870594119,0.8030475110636276,0.1283969566454679,0.0687777851737097,-195.76665132672971,,0.583794177959484,0.9999994324487448
1236,N-acetyl-2-aminoadipate,Method 4,FTTGAAZKBNZDCZ-LURJTMIESA-N,,C12986,0.0150375939849624,True,within_12m,sample_median_scaled,True,lbfgs,0.002453654502546,-0.2295349386124477,-0.0171230273105162,0.1866422104178735,0.2187672957003039,0.2914831237528426,0.5913090729597057,0.1262276644745785,-429.24022760740286,,0.5918491994158364,0.9999994324487448
433,mead acid (20:3n9),Method 3,UNSRRHDPHVZAHH-YOILPLPUSA-N,HMDB0010378,,0.4398496240601504,False,within_12m,sample_median_scaled,True,lbfgs,-0.0240247219910257,0.6373116829441318,-0.0560197198197681,0.5192268736346176,0.2196631570440533,0.4678323440210757,2.6421997639878185,3.2070903981141434,-1164.5946807492753,,0.5925941101047201,0.9999994324487448
1014,nervonoylcarnitine (C24:1)*,Method 2,QGIHQXKFCAACHN-SEYXRHQNSA-N,HMDB0006509,,0.0263157894736842,True,within_12m,sample_median_scaled,True,lbfgs,0.0020515983463609,-0.2348695398555843,-0.0311051525366308,0.1923369300742588,0.2220345500833596,0.2102464503385559,0.4705796116207912,0.3141052408363841,-584.309983821493,,0.5963347002152265,0.9999994324487448
841,1-stearoyl-2-oleoyl-GPC (18:0/18:1),Method 2,ATHVAWFAEPLPPQ-VRDBWYNSSA-N,HMDB0008038,,0.0,True,within_12m,sample_median_scaled,True,lbfgs,-4.154337906381272e-05,-0.1208054185592352,-0.0178029252469528,0.099210585214043,0.2233506844794595,0.1054343132169039,0.1457857812956398,0.0599279263706709,-178.73258555343773,,0.5963347002152265,0.9999994324487448
977,N-palmitoyl-heptadecasphingosine (d17:1/16:0)*,Method 2,KXVLPPCAUYSNGY-BYCLXTJYSA-N,HMDB0240685,,0.0037593984962406,True,within_12m,sample_median_scaled,True,lbfgs,0.0009666773356293,-0.2279993959393092,0.0089231069111208,0.1873672089679486,0.2236580270125007,0.5742226457694805,0.6016732040716934,0.1206803275066779,-422.4973067022629,,0.5963347002152265,0.9999994324487448
413,N6-carbamoylthreonyladenosine,Method 3,UNUYMBPXEFMLNW-HZPYULPISA-N,HMDB0041623,,0.0018796992481203,True,within_12m,sample_median_scaled,True,lbfgs,0.0004210653339536,0.2111095720371169,-0.0161322178328621,0.1734926991922,0.2236723012214804,0.2376701727693065,0.5289932807317073,0.0885805360866176,-355.5209469107888,,0.5963347002152265,0.9999994324487448
580,cis-4-decenoylcarnitine (C10:1),Method 2,OQWOHRPOYAVIOK-KTKRTIGZSA-N,HMDB0013205,,0.0,True,within_12m,sample_median_scaled,True,lbfgs,0.0049344934544649,-0.252580792350019,-0.0154900734912182,0.2077983164283898,0.2241718925416401,0.5658417506993614,0.5453526029856587,0.3713366289927687,-627.4725533856245,,0.5963347002152265,0.9999994324487448
266,maleate,Method 4,VZCYOOQTPOCHFL-UHFFFAOYSA-N,HMDB0000176,C01384,0.0037593984962406,True,within_12m,sample_median_scaled,True,lbfgs,0.0068398360139521,-0.3867379564968345,0.027327602368854,0.3186276276487332,0.2248388009789964,0.4214580581396827,1.5466626842970757,0.5689670491151727,-785.9278281324789,,0.5964473748192821,0.9999994324487448
406,5-acetylamino-6-formylamino-3-methyluracil,Method 4,RDZNZFGKEVDNPK-UHFFFAOYSA-N,HMDB0011105,C16365,0.0582706766917293,True,within_12m,sample_median_scaled,True,lbfgs,0.0145196674866793,-0.5207111948707698,-0.0037214117560395,0.4327989866495925,0.2289280291765943,0.9475405306805348,2.334645148292419,1.646772488266069,-1021.2756546563172,,0.6056129303702149,0.9999994324487448
189,gamma-glutamylleucine,Method 1,MYFMARDICOWMQP-YUMQZZPRSA-N,HMDB0011171,,0.0,True,within_12m,sample_median_scaled,True,lbfgs,0.0019585963489828,-0.1711676231386457,-0.0184875476063581,0.1428368868750998,0.2307834050454588,0.2819823343816007,0.2808116387581487,0.1487601726625849,-401.77478328402526,,0.608834673531528,0.9999994324487448
1054,3-hydroxystachydrine*,Method 1,DJMIFDZBCUUQJN-NTSWFWBYSA-N,,C10151,0.306390977443609,False,within_12m,sample_median_scaled,True,lbfgs,-0.0081706670331144,0.9913368884651876,-0.0769022634592807,0.8311305614291654,0.2329645109921467,0.5624995221498642,5.401897519320452,9.83791933912195,-1441.1000484627332,,0.6124676385011272,0.9999994324487448
713,dimethyl sulfone,Method 1,HHVIBTZHLRERCL-UHFFFAOYSA-N,HMDB0004983,C11142,0.0037593984962406,True,within_12m,sample_median_scaled,True,lbfgs,0.0056450899991181,-0.4409272515342712,0.0419725339748308,0.3700494030617541,0.2334431627376024,0.1510039414585934,2.4043589166692056,0.4055932659149583,-759.594164831515,,0.6124676385011272,0.9999994324487448
102,valine,Method 1,KZSNJWFQEVHDMF-BYPYZUCNSA-N,HMDB0000883,C00183,0.0018796992481203,True,within_12m,sample_median_scaled,True,lbfgs,0.0029117865401992,-0.1549264692210034,-0.0120946309548486,0.1308855789863771,0.2365402820469344,0.4525697639497164,0.2301490491923931,0.1313749706990326,-363.3646002311696,,0.616609878926857,0.9999994324487448
430,3-methylcytidine,Method 1,RDPUKVRQKWBSPK-ZOQUXTDFSA-N,HMDB0240577,,0.0827067669172932,True,within_12m,sample_median_scaled,True,lbfgs,-0.0031563691020118,-0.2801360649419173,-0.0299707112473049,0.2367439316511702,0.2366953423606297,0.3079667793248114,0.7449928541115182,0.4390358935423508,-682.0427671750251,,0.616609878926857,0.9999994324487448
998,"sphingomyelin (d18:2/21:0, d16:2/23:0)*",Method 2,SDUGEKJCGFHJRC-GKPQAQNZSA-N,HMDB0240676,,0.0,True,within_12m,sample_median_scaled,True,lbfgs,0.0007617514623109,-0.2221115460787694,0.0003771831747642,0.187812793451409,0.2369589796504257,0.9831710659309324,0.574903439987894,0.1549148579656876,-464.55907069992577,,0.616609878926857,0.9999994324487448
227,3-methyl-2-oxovalerate,Method 3,JVQYSWDUAOAHFM-UHFFFAOYSA-N,HMDB0000491,"C03465,C06008,C00671",0.0,True,within_12m,sample_median_scaled,True,lbfgs,-0.0003673032161522,-0.1827850350701121,-0.0023824456982612,0.1549459318798578,0.2381315732993231,0.8839531834225328,0.3690891382310567,0.1307550836627176,-397.7015622034189,,0.6166137846578009,0.9999994324487448
1015,adrenoylcarnitine (C22:4)*,Method 2,OLORTLVEDIELGC-SNPVRQPZSA-N,,,0.0676691729323308,True,within_12m,sample_median_scaled,True,lbfgs,-0.0032910200534939,-0.3003123483437035,-0.0420055792918301,0.2547422491060729,0.2384431397284123,0.0920158189139508,1.0423857422749048,0.3022798652270134,-636.4524185203109,,0.6166137846578009,0.9999994324487448
241,ribitol,Method 4,HEBKCHPVOIAQTA-ZXFHETKHSA-N,"HMDB0002917,HMDB0001851,HMDB0000568,HMDB0000508","C00379,C01904,C00474,C00532",0.0150375939849624,True,within_12m,sample_median_scaled,True,lbfgs,-0.000378534757861,0.215270079983642,-0.0194865355840497,0.1827812608978196,0.2388974872496192,0.2392591073530263,0.5576737765326784,0.1317649298422019,-432.24810318301206,,0.6166137846578009,0.9999994324487448
829,adipoylcarnitine (C6-DC),Method 1,BSVHAXJKBCWVDA-UHFFFAOYSA-N,HMDB0061677,,0.0,True,within_12m,sample_median_scaled,True,lbfgs,0.002630753218055,-0.2246414213500593,0.019094945512903,0.1913418428921032,0.2403822610628693,0.4656840623373477,0.4259077283630534,0.3570250017666502,-603.2239668662633,,0.6187737447844749,0.9999994324487448
1056,hydroxyasparagine**,Method 1,ZBYVTTSIVDYQSO-REOHCLBHSA-N,HMDB32332,C20631,0.0,True,within_12m,sample_median_scaled,True,lbfgs,0.0004879929175784,-0.1476136094835212,-0.0045429481912897,0.1260079407687181,0.2414128201261777,0.6964596141831934,0.2625229574749067,0.0654818322017142,-241.79788895186263,,0.6197560301626336,0.9999994324487448
1164,montelukast,Method 2,UCHDWCPVSPXUMX-TZIWLTJVSA-N,HMDB0014614,C07482,0.981203007518797,False,within_12m,sample_median_scaled,True,lbfgs,0.0017353968179235,0.0559979290622985,-0.0008639820027401,0.0479151960483675,0.2425292371522003,0.8964966719250144,0.0261143044121261,0.0230494236755371,128.96155271624752,,0.6200279564730383,0.9999994324487448
284,tartronate (hydroxymalonate),Method 3,ROBFUDYVXSDBQM-UHFFFAOYSA-N,HMDB0035227,C02287,0.0018796992481203,True,within_12m,sample_median_scaled,True,lbfgs,-0.0008060888849749,-0.2919189470261137,-0.0200082140134704,0.2502123251938707,0.243337634243552,0.5092406332191272,0.8580207722449475,0.4605770292438556,-701.4409090570005,,0.6200279564730383,0.9999994324487448
744,fructosyllysine,Method 1,BFSYFTQDGRDJNV-QCNRFFRDSA-N,HMDB0034879,,0.0,True,within_12m,sample_median_scaled,True,lbfgs,0.00069694413948,0.1989129306809055,0.0134817862565046,0.1705407398516897,0.243466475054858,0.5231305722731069,0.3881300493337355,0.2260850927013251,-506.3287694422447,,0.6200279564730383,0.9999994324487448
130,asparagine,Method 1,DCXYFEDJOCDNAF-REOHCLBHSA-N,HMDB0000168,C00152,0.0,True,within_12m,sample_median_scaled,True,lbfgs,-0.0025277479474046,0.1060298858310716,-0.0086315944174901,0.0911364883834059,0.2446597061484963,0.387274208746558,0.1241367567465531,0.0492971581454257,-129.4187198609295,,0.621409625988867,0.9999994324487448
29,argininosuccinate,Method 1,KDZOASGQNOPSCU-UHFFFAOYSA-N,HMDB0000052,C03406,0.244360902255639,False,within_12m,sample_median_scaled,True,lbfgs,0.0023398314798792,0.3787135383003567,0.0095887277615433,0.3272030221210993,0.2470980405423162,0.8298931857228861,1.2500441912934477,1.039142093819451,-887.9439072992561,,0.6247833561600906,0.9999994324487448
550,"androstenediol (3alpha, 17alpha) monosulfate (2)",Method 3,VPDALJSLCNNODJ-BVKUPEMCSA-N,,,0.0225563909774436,True,within_12m,sample_median_scaled,True,lbfgs,-0.0099455968352827,0.3076533577328132,0.0386516732018822,0.2659196505334997,0.2472964488256694,0.0678771638433132,1.2384303487842467,0.2130366887542005,-586.6537482038862,,0.6247833561600906,0.9999994324487448
783,1-dihomo-linolenylglycerol (20:3),Method 3,LERKRWCYZNDWFH-QNEBEIHSSA-N,HMDB0011577,,0.0169172932330827,True,within_12m,sample_median_scaled,True,lbfgs,0.0036822903501448,-0.3098552894682731,0.0300330082958079,0.2683701306621511,0.2482616912446421,0.4101638765515552,0.8463963626424583,0.692668883209079,-781.0686773937416,,0.6255670584132802,0.9999994324487448
686,doxylamine,Method 1,HCFDWZZGGLSKEP-UHFFFAOYSA-N,HMDB0001936,D07878,0.9793233082706768,False,within_12m,sample_median_scaled,True,lbfgs,-0.0008130548051247,0.1600699700329118,0.0049141176175274,0.139022682076652,0.2495699207371184,0.6837171022947863,0.3284121862609562,0.069642975727544,-271.6019373208296,,0.627208616589337,0.9999994324487448
813,3-hydroxyhexanoate,Method 3,HPMGFDVTYHWBAG-UHFFFAOYSA-N,"HMDB0061652,HMDB0010718",,0.0,True,within_12m,sample_median_scaled,True,lbfgs,0.000473215351883,0.2048164938152364,-0.018497913170711,0.1782374537200717,0.2505058756669337,0.4369085822200692,0.3837081441706638,0.2933725682897674,-557.0025406120976,,0.6279084285089808,0.9999994324487448
646,linoleoylcarnitine (C18:2)*,Method 2,MJLXQSQYKZWZCB-DQFWFXSYSA-N,HMDB0006469,,0.0,True,within_12m,sample_median_scaled,True,lbfgs,0.0003499518703758,-0.1502924454845879,0.0101821857799908,0.1311228721550668,0.2517142710985118,0.5147180182935793,0.2398680435102427,0.1216476324374585,-351.41920476654514,,0.6292856777462795,0.9999994324487448
1007,cerotoylcarnitine (C26)*,Method 2,KOCKWDDTAHPJSX-UHFFFAOYSA-N,HMDB0006347,,0.0,True,within_12m,sample_median_scaled,True,lbfgs,-0.0030564139374214,-0.1830879165677913,0.0074192054612791,0.1601644029593567,0.2529867387866483,0.6455487336875815,0.4061708511365149,0.1262413758477668,-398.654727597808,,0.630815497496734,0.9999994324487448
630,tauroursodeoxycholate,Method 3,BHTRKEVKTKCXOH-BWIGJTJCSA-N,HMDB0000874,,0.0319548872180451,True,within_12m,sample_median_scaled,True,lbfgs,-0.0364032753473059,0.8321248141432597,-0.0120835294004575,0.7298186638957237,0.2542112210236086,0.8809380398242372,7.904293784859116,3.2254320244745114,-1239.4813736336112,,0.6322180106186099,0.9999994324487448
643,alpha-CEHC glucuronide*,Method 3,MWDYOFPRWKTECC-UHFFFAOYSA-N,HMDB0062445,,0.7255639097744361,False,within_12m,sample_median_scaled,True,lbfgs,0.0060100514606948,-0.4275056589069053,-0.02609818503087,0.3756385644091877,0.2550882773423388,0.5449678605732842,2.029852054382978,0.9278678382881712,-899.5214295088306,,0.6327514411998274,0.9999994324487448
738,1H-indole-7-acetic acid,Method 3,KNSAWRXCIVESQC-UHFFFAOYSA-N,,,0.7011278195488722,False,within_12m,sample_median_scaled,True,lbfgs,0.0069941499857544,-0.5315467761095355,-0.0741878506820393,0.4678368107347977,0.255881285135364,0.1760507095659848,3.0896056714089486,1.5071881672181604,-1023.7504327446266,,0.6330741640007064,0.9999994324487448
544,"5alpha-pregnan-3beta,20beta-diol monosulfate (1)",Method 3,NOGKXXMAHGCQBS-VNCHAANSSA-N,HMDB0240580,,0.2161654135338346,False,within_12m,sample_median_scaled,True,lbfgs,-0.0149369191967392,-0.4552201215649214,-0.0430043528574947,0.4016522518704205,0.2570594201915031,0.3353256851125362,2.3865069801591123,0.9855383688992964,-923.1956793915384,,0.6341530584882289,0.9999994324487448
871,1-palmitoyl-2-arachidonoyl-GPE (16:0/20:4)*,Method 2,DRIVXEVMDWCWLI-CAQMIEAISA-N,HMDB0005323,C05210,0.0,True,within_12m,sample_median_scaled,True,lbfgs,0.0038263134522425,-0.1994916818173937,0.0026789077469695,0.1762334729631253,0.2576454310925998,0.8609561659497244,0.5276411807391773,0.1120411034334781,-397.96915800990587,,0.6341530584882289,0.9999994324487448
70,malate,Method 3,BJEPYKJPYRNKOW-UHFFFAOYSA-N,"HMDB0031518,HMDB0000156,HMDB0000744","C00149,C00711,C00497",0.0,True,within_12m,sample_median_scaled,True,lbfgs,-0.0011420711230342,0.1586203159742355,-0.0105889676928844,0.1408771988704213,0.2601877837730417,0.524301766820546,0.2782900878287688,0.1387974882995714,-387.7201216699684,,0.6387643534788041,0.9999994324487448
152,erucate (22:1n9),Method 3,DPUOLQHDNGRHBS-KTKRTIGZSA-N,HMDB0002068,C08316,0.0,True,within_12m,sample_median_scaled,True,lbfgs,-0.001634647185603,0.1915052454206923,-0.0183336940409669,0.1708398912302518,0.2623034915315112,0.4403702503963043,0.3295263755657205,0.2963330467606171,-549.1776478956081,,0.6414296346781702,0.9999994324487448
911,gamma-glutamylserine,Method 1,SQBNIUOYNOKDTI-WHFBIAKZSA-N,HMDB0029158,,0.0037593984962406,True,within_12m,sample_median_scaled,True,lbfgs,-0.0023647146455469,0.1273227289563365,-0.000381900506466,0.1138777554574405,0.2635392471988022,0.9779856157920426,0.176706263183539,0.0966075485667618,-284.67897321516193,,0.6414296346781702,0.9999994324487448
981,"glycosyl ceramide (d18:2/24:1, d18:1/24:2)*",Method 2,WYTRSDHGWSSQLK-PCKKJQKNSA-N,,,0.0,True,within_12m,sample_median_scaled,True,lbfgs,-0.0041751941680191,-0.1894309027642307,0.0115821390281612,0.1694581513508987,0.2636257482577244,0.418417359040706,0.4928253760071693,0.0979481706853422,-367.74918498937336,,0.6414296346781702,0.9999994324487448
1115,cholic acid glucuronide,Method 3,RBLDVEUUCHVWMW-LFKDYQRZSA-N,HMDB0002577,,0.4812030075187969,False,within_12m,sample_median_scaled,True,lbfgs,-0.0005868507825688,-0.5416869412253082,0.0799720853903176,0.4849132193300586,0.2639600486162522,0.1987837407440559,3.009313603111058,1.9763631182434311,-1074.673036435806,,0.6414296346781702,0.9999994324487448
21,N-formylmethionine,Method 3,PYUSHNKNPOHWEZ-UHFFFAOYSA-N,HMDB0001015,C03145,0.0,True,within_12m,sample_median_scaled,True,lbfgs,0.0012779493866428,0.1530968313114938,-0.0052716653633456,0.137312605046847,0.2648714044631884,0.5011360933993889,0.3551287629278796,0.0286506970522212,-119.30144925675586,,0.6420106377216876,0.9999994324487448
1214,2-hydroxy-4-(methylthio)butanoic acid,Method 4,ONFOSYPQQXJWGS-UHFFFAOYSA-N,HMDB0037115,,0.0,True,within_12m,sample_median_scaled,True,lbfgs,-0.0051024479832542,0.286637073406984,-0.0031359781694359,0.2582286383942787,0.2669935450665491,0.9025332064473774,1.0636093364312034,0.3192745345538343,-648.2364277417339,,0.6439046808585823,0.9999994324487448
270,alprazolam,Method 2,VREFGVBLTWBCJP-UHFFFAOYSA-N,HMDB14548,C06817,0.949248120300752,False,within_12m,sample_median_scaled,True,lbfgs,0.0012319117737902,-0.2058560197529715,-0.0166180492388806,0.185456760073782,0.267001312691098,0.2063224865180546,0.6218449359666365,0.0815770791539853,-354.6617906605627,,0.6439046808585823,0.9999994324487448
916,mycophenolic acid glucuronide,Method 3,BYFGTSAYQQIUCN-HGIHDBQLSA-N,HMDB0060634,,0.9736842105263158,False,within_12m,sample_median_scaled,True,lbfgs,0.0021773842557492,-0.0919808777080929,-0.0021773842557492,0.083036553303684,0.267984700332658,0.8419441692093919,0.0851707583879076,0.0615094815542032,-145.24433511084248,,0.6446483345533712,0.9999994324487448
53,gluconate,Method 4,RGHNJXZEOKUKBD-SQOUGZDYSA-N,HMDB0000625,C00257,0.0018796992481203,True,within_12m,sample_median_scaled,True,lbfgs,0.0038809561177052,0.2118077274859508,0.0149884645630813,0.1920963834823122,0.2701958100874009,0.4254191754321238,0.5930628688293991,0.1715792044095632,-486.00236090493695,,0.6483341674207735,0.9999994324487448
131,N-stearoyl-sphinganine (d18:0/18:0)*,Method 2,KZTJQXAANJHSCE-OIDHKYIRSA-N,HMDB0011761,,0.0413533834586466,True,within_12m,sample_median_scaled,True,lbfgs,0.0013934740965526,-0.3144924131136362,0.0012883944275217,0.2869535017883136,0.2730919281250992,0.9719863382236632,1.0572745104316328,0.6880754662544103,-794.6388066300844,,0.6536410811014278,0.9999994324487448
1012,dihomo-linolenoylcarnitine (C20:3n3 or 6)*,Method 2,RDIZZXFTCZPSRY-WYTUUNCASA-N,,,0.0,True,within_12m,sample_median_scaled,True,lbfgs,0.0001980819422923,-0.1697473478202816,0.0065413565216287,0.1554574966543102,0.2748677059454246,0.6819032875730066,0.378092251742562,0.1241006126035752,-389.789012246981,,0.6562466479447012,0.9999994324487448
680,lanthionine,Method 1,DWPCPZJAHOETAG-IMJSIDKUSA-N,,,0.037593984962406,True,within_12m,sample_median_scaled,True,lbfgs,0.0001285010125763,0.2618117953549085,0.0363498252015676,0.2404583814087749,0.276240789860371,0.3390582146414804,0.470381610301657,0.8020061786929055,-777.5593130542727,,0.656646977816507,0.9999994324487448
405,1-methylurate,Method 1,QFDRTQONISXGJA-UHFFFAOYSA-N,HMDB0003099,C16359,0.2293233082706766,False,within_12m,sample_median_scaled,True,lbfgs,0.0217423451590914,-0.4299625834052435,-0.0098476841647068,0.3950343814640228,0.2764105602955349,0.8560440516053618,1.8002261635131782,1.5400146874152014,-990.7420398896022,,0.656646977816507,0.9999994324487448
872,1-palmitoyl-2-docosahexaenoyl-GPE (16:0/22:6)*,Method 2,MPWUZHVZZKSTPV-MADBQMNMSA-N,HMDB0008946,,0.0,True,within_12m,sample_median_scaled,True,lbfgs,0.001480577131566,-0.2664768209607162,-0.0259115657210087,0.2458778126167077,0.2784634999081722,0.2137835698852102,1.036107880900773,0.2078076973201575,-567.0634935934968,,0.6598824873754453,0.9999994324487448
259,1-stearoyl-GPI (18:0),Method 3,MXAFDFDAIFZFET-CLBYPKMISA-N,HMDB0240261,,0.0,True,within_12m,sample_median_scaled,True,lbfgs,0.0006093185437928,-0.1982933143249364,0.0120830951431262,0.1835287998904061,0.2799427562691422,0.5901900808577776,0.4556273390208025,0.2547369660903684,-540.9832265543296,,0.6617458718738387,0.9999994324487448
47,deoxycholate,Method 3,KXGVEGMKQFWNSR-OHAQSFBXSA-N,HMDB0000626,C04483,0.5582706766917294,False,within_12m,sample_median_scaled,True,lbfgs,0.0263244347444954,-0.8323924617828821,-0.0088250074708628,0.7717733944566942,0.2807905381197616,0.932401232512653,7.09759957762474,5.614927971453909,-1339.919631740993,,0.6621110219861045,0.9999994324487448
361,N-acetylarginine,Method 1,SNEIUMQYRCDYCH-LURJTMIESA-N,HMDB0004620,C02562,0.0,True,within_12m,sample_median_scaled,True,lbfgs,-0.0021116593130087,-0.1713976504779133,-0.0047690806884845,0.1596916726284633,0.2831349110764557,0.7714203360903591,0.3986702526273762,0.1313189701752882,-404.54876812705993,,0.6642220497806847,0.9999994324487448
1220,(2 or 3)-decenoate (10:1n7 or n8),Method 3,WXBXVVIUZANZAU-CMDGGOBGSA-N,,,0.037593984962406,True,within_12m,sample_median_scaled,True,lbfgs,-0.0072556112732135,0.352191359536348,0.0259541915764541,0.3282205746326446,0.2832565128586207,0.5726838075396397,1.1989478631498152,1.1140918399088255,-899.3835921083239,,0.6642220497806847,0.9999994324487448
309,isobutyrylcarnitine (C4),Method 1,LRCNOZRCYBNMEP-VIFPVBQESA-N,HMDB0000736,,0.0018796992481203,True,within_12m,sample_median_scaled,True,lbfgs,0.0087282952209127,-0.2422131284874157,-0.0144357999982289,0.2259696351812498,0.2837723521576119,0.602528405441002,0.688972278417047,0.388238862210963,-652.511763226679,,0.6642220497806847,0.9999994324487448
1103,glucuronide of piperine metabolite C17H21NO3 (5)*,Method 3,,,,0.1146616541353383,True,within_12m,sample_median_scaled,True,lbfgs,-0.0035953992734279,-0.5322025486590349,-0.0947821851204234,0.4978018790868166,0.2850222948965127,0.1774615135594529,2.718999889399232,2.607184538326321,-1123.588550941137,,0.6645643075228251,0.9999994324487448
1161,glimepiride,Method 2,WIGIZIANZCJQQY-RUCARUNLSA-N,HMDB0014367,C07669,0.975563909774436,False,within_12m,sample_median_scaled,True,lbfgs,-0.0029985139613834,0.1421352075455766,0.0113378733242344,0.133166559721314,0.2858142243606988,0.5082108125596151,0.2260205964396453,0.1501191065898948,-388.2624149984472,,0.6645643075228251,0.9999994324487448
1019,"glycosyl ceramide (d18:1/20:0, d16:1/22:0)*",Method 2,FXNTXJCUSRJUFN-QOSDPKFLSA-N,,,0.0,True,within_12m,sample_median_scaled,True,lbfgs,-0.0024870937853757,-0.1653894103240644,0.0268315633009135,0.1551764658944498,0.2865072633078631,0.0367900938085746,0.4162673364228177,0.0787211863190439,-313.80565806808863,,0.6645643075228251,0.9999994324487448
234,glycerol 3-phosphate,Method 1,AWUCVROLDVIAJX-UHFFFAOYSA-N,HMDB0000126,C0093,0.0075187969924812,True,within_12m,sample_median_scaled,True,lbfgs,0.0002975098539208,-0.1951239592960726,0.011228944145479,0.1832519203403362,0.286973078243985,0.5729997421900452,0.504701309527616,0.1961018072664097,-498.37286109913225,,0.6645643075228251,0.9999994324487448
1036,2-hydroxyarachidate*,Method 3,CPLYLXYEVLGWFJ-UHFFFAOYSA-N,,,0.0093984962406015,True,within_12m,sample_median_scaled,True,lbfgs,-0.0015866493650948,-0.215950092872463,-0.0195165314311261,0.2029897825894067,0.2873979675465202,0.2691035652690028,0.6993500541182284,0.1493996983250308,-474.0108925219236,,0.6645643075228251,0.9999994324487448
676,mannonate*,Method 4,RGHNJXZEOKUKBD-MBMOQRBOSA-N,,,0.0,True,within_12m,sample_median_scaled,True,lbfgs,0.0016977021192413,0.2003349748200991,0.013562572656609,0.1888900929577995,0.2888761941634385,0.4035459587174956,0.6085531853168622,0.1259856318092709,-431.289903384798,,0.666368998613729,0.9999994324487448
815,3beta-hydroxy-5-cholestenoate,Method 3,WVXOMPRLWLXFAP-AMQKJUDNSA-N,HMDB0012453,C17333,0.0,True,within_12m,sample_median_scaled,True,lbfgs,-0.0025159531140973,0.1730555865219054,-0.0043670901570991,0.1640430731680644,0.291452803167698,0.7960297838368866,0.4196020317353199,0.1398229545796149,-420.3285062383022,,0.6706925952413292,0.9999994324487448
1063,"N,N,N-trimethyl-alanylproline betaine (TMAP)",Method 1,KXONJPJIFNGMCN-UHFFFAOYSA-N,HMDB0240365,,0.0,True,within_12m,sample_median_scaled,True,lbfgs,0.0017838683925221,0.128695039913475,0.0030692621488415,0.1222494630041361,0.2924671448997359,0.8221812855106521,0.2199309106730696,0.092609871285604,-292.6854526121172,,0.671408950430884,0.9999994324487448
766,"sphingomyelin (d18:2/14:0, d18:1/14:1)*",Method 2,SOWIKWJDPCEPOJ-IOBWIPHESA-N,"HMDB0240637,HMDB0240612",,0.0,True,within_12m,sample_median_scaled,True,lbfgs,-0.0006662289236444,-0.1588031745527631,0.0029665502280984,0.1521786977425648,0.2967024738825585,0.8481734285233535,0.3636667155464497,0.1174024520852824,-376.338985444881,,0.6761773213660612,0.9999994324487448
84,proline,Method 1,ONIBWKKTOPOVIA-UHFFFAOYSA-N,"HMDB0000162,HMDB0003411","C00148,C000763",0.0,True,within_12m,sample_median_scaled,True,lbfgs,-0.0003221007317772,-0.1201968425652158,-0.00755501800791,0.1155512088282172,0.2982450815324048,0.4614330871531824,0.2247086055772846,0.0505801793804153,-181.570613160884,,0.6761773213660612,0.9999994324487448
369,N-acetylisoleucine,Method 3,JDTWZSUNGHMMJM-MSZQBOFLSA-N,HMDB0061684,,0.037593984962406,True,within_12m,sample_median_scaled,True,lbfgs,0.0028125261951243,-0.1992460824079677,-0.0625305206198919,0.1915941369731709,0.2983685638452529,0.0152407141327308,0.4391447989792577,0.3437696724112876,-597.6162570030988,,0.6761773213660612,0.7277440998378957
64,2-aminoadipate,Method 4,OYIFNHCXNCRBQI-UHFFFAOYSA-N,HMDB0000510,C00956,0.1541353383458646,True,within_12m,sample_median_scaled,True,lbfgs,-0.0002736564006286,-0.3240203361393138,-0.018164890361994,0.3116171189283719,0.2984315528248523,0.4711828409756682,1.692103526501307,0.3021825195054423,-676.455512237884,,0.6761773213660612,0.9999994324487448
534,"5alpha-androstan-3beta,17beta-diol disulfate",Method 3,JHFAETDERBWUOO-ARKAXQQOSA-N,HMDB00493,C12525,0.1334586466165413,True,within_12m,sample_median_scaled,True,lbfgs,0.0048134165196831,-0.6407389220765484,0.0090208954860661,0.6169583393337742,0.2990164540693805,0.8501228758589727,6.7238305214454686,1.0815653696671688,-1024.556816914516,,0.6761773213660612,0.9999994324487448
1123,4-methylhexanoylglutamine,Method 3,VCZLDSLBUPQMCV-UHFFFAOYSA-N,,,0.2744360902255639,False,within_12m,sample_median_scaled,True,lbfgs,0.0071336368155204,0.4103792265985388,0.061486738997074,0.3953926258100779,0.2993151765759317,0.251093239268208,1.8463751046998795,1.4929178948061106,-986.1236481040888,,0.6761773213660612,0.9999994324487448
747,ferulic acid 4-sulfate,Method 3,PZPATWACAAOHTJ-HWKANZROSA-N,HMDB0029200,,0.1578947368421052,True,within_12m,sample_median_scaled,True,lbfgs,0.0137502479181726,0.5281460781045191,-0.0075330616952072,0.5090539697525817,0.2995005308249674,0.9171968262865756,2.8038919716917943,2.773571160139562,-1138.1245216593982,,0.6761773213660612,0.9999994324487448
616,solanidine,Method 2,JVKYZPBMZPJNAJ-OQFNDJACSA-N,HMDB0003236,C06543,0.5244360902255639,False,within_12m,sample_median_scaled,True,lbfgs,-0.0043044294800825,0.5484700883352986,-0.0560224747912689,0.5296529306672996,0.3004227069990374,0.4316389543811711,3.3506927829199564,2.6354616388288954,-1139.1042667356155,,0.6766596348681149,0.9999994324487448
253,4-methyl-2-oxopentanoate,Method 3,BKAJNAXTPSGJCU-UHFFFAOYSA-N,HMDB0000695,C00233,0.0,True,within_12m,sample_median_scaled,True,lbfgs,-0.0002028101964637,-0.1693131871389824,-0.0039894577259673,0.1642418555809843,0.3025984013911371,0.8239391170800978,0.4043548910660452,0.1587452086685558,-441.36580225399325,,0.6799564078318492,0.9999994324487448
538,"androstenediol (3beta,17beta) disulfate (1)",Method 3,UWPTUYJASNIIJM-QJIZPQHZSA-N,HMDB0240313,C04295,0.0037593984962406,True,within_12m,sample_median_scaled,True,lbfgs,0.0010909331975988,-0.4891170757674405,-0.0224266676099804,0.4785790679196026,0.3067717344520633,0.5920751492058678,3.878628925628085,0.8401647068587653,-932.229081148848,,0.6865986678777682,0.9999994324487448
357,N-acetylphenylalanine,Method 3,CBQJSKKFNMDLON-JTQLQIEISA-N,HMDB0000512,C03519,0.0,True,within_12m,sample_median_scaled,True,lbfgs,0.0001117082774809,0.1846713836026675,-0.0155146401737863,0.1807750517592562,0.3069922839621016,0.2873354410589689,0.5698699488454886,0.1012399258693925,-386.0174053201336,,0.6865986678777682,0.9999994324487448
915,mycophenolic acid,Method 3,HPNSFSBZBAHARI-RUDMXATFSA-N,HMDB0015159,C20380,0.9736842105263158,False,within_12m,sample_median_scaled,True,lbfgs,0.0022012313031237,-0.1066497250063095,-0.0022012313031239,0.104977443235181,0.3096627620410734,0.8716008911587546,0.138706523920834,0.0953220462862032,-265.12497940891967,,0.6881298440498148,0.9999994324487448
735,N-formylanthranilic acid,Method 3,LLLPDUXGHXIXIW-UHFFFAOYSA-N,HMDB0004089,C05653,0.0864661654135338,True,within_12m,sample_median_scaled,True,lbfgs,-0.004517517934678,0.2589187514349464,-0.0311664663604298,0.2548671953284435,0.3096785641181656,0.3489205902673311,0.8109191050736467,0.56954481706358,-739.1439767995041,,0.6881298440498148,0.9999994324487448
908,1-linoleoyl-2-arachidonoyl-GPE (18:2/20:4)*,Method 2,LFGBKOUQHCWBQI-BZGLIJSBSA-N,HMDB0009102,,0.206766917293233,False,within_12m,sample_median_scaled,True,lbfgs,0.0104614771396742,-0.3924873005463472,-0.0332513267600579,0.3865154397272822,0.3098911260163937,0.6008988412168512,1.0498907868865324,2.26939785067339,-1042.8138141495967,,0.6881298440498148,0.9999994324487448
675,N-palmitoylglycine,Method 3,KVTFEOAKFFQCCX-UHFFFAOYSA-N,HMDB0013034,,0.0,True,within_12m,sample_median_scaled,True,lbfgs,-0.0041039871459961,0.1816124748440515,0.0225366553857424,0.1790962582853671,0.3105591233355709,0.2562187964907001,0.4750463346267102,0.1953446401129011,-493.0177624198459,,0.6881298440498148,0.9999994324487448
764,alpha-CEHC sulfate,Method 3,ZQMMTPNJGWUHCB-UHFFFAOYSA-N,,,0.6842105263157895,False,within_12m,sample_median_scaled,True,lbfgs,0.0104568445185371,-0.4529162353706146,0.0257936581437534,0.4476911990987955,0.3116953513451844,0.6388376200012651,2.700018866442497,1.5288145827455664,-1016.7556114820392,,0.688749122134744,0.9999994324487448
834,glycochenodeoxycholate 3-sulfate,Method 3,DKXXSIJHWWVNMO-ISIKUUMTSA-N,"HMDB0002409,HMDB0002496,HMDB0002497",,0.0018796992481203,True,within_12m,sample_median_scaled,True,lbfgs,-0.0153153732152756,0.36983632562227,0.0032857842539161,0.3660124679340522,0.3122810155857007,0.9276026452459356,2.141628690630068,0.6357499840443515,-832.3358311422242,,0.688749122134744,0.9999994324487448
1166,fibrinopeptide A (3-15)**,Method 3,ROMVHQMTMINAHB-UHFFFAOYSA-N,,,0.0112781954887218,True,within_12m,sample_median_scaled,True,lbfgs,-0.0020894547558862,-0.2383802800600771,-0.0256979042525192,0.2372954564960423,0.3151031707702898,0.3460427774952221,0.8096860877261396,0.3706514058268851,-655.3250600995341,,0.68896755759805,0.9999994324487448
1104,sulfate of piperine metabolite C16H19NO3 (2)*,Method 3,,,,0.0075187969924812,True,within_12m,sample_median_scaled,True,lbfgs,-0.00773160431163,0.3466621315316002,-0.0446575712347418,0.3450915257546628,0.3151129703510109,0.220724889435032,1.8259902747635832,0.6540714301289107,-825.0724876504316,,0.68896755759805,0.9999994324487448
26,N6-methyladenosine,Method 3,VQAYFKKCNSOZKM-UHFFFAOYSA-N,HMDB0004044,,0.25,False,within_12m,sample_median_scaled,True,lbfgs,-0.0041497859504707,0.3736438136776454,-0.0118593626743302,0.3720660939028503,0.3152627395315285,0.6491335347816564,2.5099672336371825,0.3203067292596154,-720.8836219098146,,0.68896755759805,0.9999994324487448
1206,picolinoylglycine,Method 3,MNYZGNSHBPLAFN-UHFFFAOYSA-N,HMDB0059766,,0.0413533834586466,True,within_12m,sample_median_scaled,True,lbfgs,0.0085137629980909,-0.2862887754262608,-0.0269578451145332,0.2850817071750264,0.3152657829008878,0.4415018317360855,1.0934888787661317,0.6214841894142553,-777.0522889796864,,0.68896755759805,0.9999994324487448
1026,cortolone glucuronide (1),Method 3,INMJYSGZRBTEOR-RXCXIKFNSA-N,,,0.0451127819548872,True,within_12m,sample_median_scaled,True,lbfgs,-0.0115121008689548,0.3041159206543146,0.0173404003288616,0.3042537577124049,0.3175297990753867,0.6478745266436571,1.2236285277093235,0.7331213247293638,-817.264825753957,,0.6908127211830715,0.9999994324487448
1010,eicosenoylcarnitine (C20:1)*,Method 2,PVOQPLSKYNZHOT-OUKQBFOZSA-N,,,0.0,True,within_12m,sample_median_scaled,True,lbfgs,0.0017646423300686,-0.1460187635792854,-0.0028008136605676,0.1460931086064122,0.3175568425124276,0.8871522586888227,0.2561935432031088,0.1989399038187976,-452.6536688655228,,0.6908127211830715,0.9999994324487448
910,1-linoleoyl-GPG (18:2)*,Method 3,VEEHTGYBVMTAAF-RFFZIGDUSA-N,HMDB0240600,,0.0,True,within_12m,sample_median_scaled,True,lbfgs,-0.0031280393240095,0.1641290374341371,-0.0050059774998092,0.1655314474674313,0.321427908411971,0.7934697123965254,0.3919684532435181,0.1827434768833403,-465.856924544383,,0.6975393751893538,0.9999994324487448
113,pseudouridine,Method 3,PTJWIQPHWPFNBW-GBNDHIKLSA-N,HMDB0000767,C02067,0.0,True,within_12m,sample_median_scaled,True,lbfgs,-0.0002506479824413,0.1592788873406451,-0.0045979479293798,0.1608663831456052,0.3221098057157121,0.625048582615112,0.4856304266862536,0.0413312750793472,-211.99169463245155,,0.6975393751893538,0.9999994324487448
750,etiocholanolone glucuronide,Method 3,VFUIRAVTUVCQTF-ILTUOXSPSA-N,HMDB0004484,,0.5676691729323309,False,within_12m,sample_median_scaled,True,lbfgs,0.004374395631633,-0.5051404113248932,0.054768561208016,0.5136104319832967,0.3253570560159686,0.3554165796791866,3.7777465279438607,1.753984559076084,-1067.7395408645446,,0.7020072067261137,0.9999994324487448
1143,lithocholic acid sulfate (2),Method 3,AXDXVEYHEODSPN-HVATVPOCSA-N,,,0.6334586466165414,False,within_12m,sample_median_scaled,True,lbfgs,0.0007882996062102,-0.3978629752368134,-0.0026860271260423,0.4047734799371151,0.3256431335912758,0.9602316242624024,1.9892770988264952,1.5016444682379066,-992.1929201711612,,0.7020072067261137,0.9999994324487448
704,zolpidem,Method 1,ZAFYATHCZYHLPB-UHFFFAOYSA-N,HMDB0005023,C07219,0.9718045112781954,False,within_12m,sample_median_scaled,True,lbfgs,-0.0011068615781632,0.1255626266271993,-0.019566130750304,0.1286273569258808,0.3289784567390141,0.2119117202559154,0.2261832017911527,0.1223988921252788,-348.3568983466357,,0.7051791159472917,0.9999994324487448
136,sucrose,Method 4,CZMRCDWAGMRECN-UGDNZRGBSA-N,HMDB0000258,C00089,0.1447368421052631,True,within_12m,sample_median_scaled,True,lbfgs,-0.0056983539840691,0.5892899126494926,-0.0774174443794811,0.6039177226811859,0.3291742552454384,0.366227798688741,3.966142643397728,3.880387947405995,-1228.1228901260567,,0.7051791159472917,0.9999994324487448
760,methyl glucopyranoside (alpha + beta),Method 3,HOVAGTYPODGVJG-ZFYZTMLRSA-N,HMDB0029965,,0.1635338345864661,True,within_12m,sample_median_scaled,True,lbfgs,-0.0100842360169789,-0.4185542368250737,-0.1124313730170218,0.4290818184565526,0.329329723259154,0.0593658182235876,2.08162128818889,1.8661883711640437,-1038.8572079334515,,0.7051791159472917,0.9999994324487448
72,methylmalonate (MMA),Method 4,ZIYVHBGGAOATLY-UHFFFAOYSA-N,HMDB0000202,C02170,0.1484962406015037,True,within_12m,sample_median_scaled,True,lbfgs,0.0032096512540313,-0.3675732052055361,-0.0371569097420205,0.3787063579640556,0.3317464349911496,0.1703841628753853,2.587410924716203,0.3464749353696577,-737.5807006762632,,0.708415766097715,0.9999994324487448
213,metoprolol,Method 1,IUBSYMUCCVWXPE-UHFFFAOYSA-N,HMDB0001932,D02358,0.9304511278195488,False,within_12m,sample_median_scaled,True,lbfgs,0.0009469109727875,0.2498787361987146,-0.0960586533464238,0.2577553148390495,0.3323248829442684,4.982447765577945e-05,1.1013667623244223,0.2705070493299999,-620.3910426579353,,0.708415766097715,0.005947797020158672
597,formiminoglutamate,Method 1,NRXIKWMTVXPVEF-BYPYZUCNSA-N,HMDB0000854,C00439,0.0018796992481203,True,within_12m,sample_median_scaled,True,lbfgs,-0.003066558253858,0.1750700738691514,-0.0233921883177703,0.181164597826087,0.3338644778632335,0.3493495148248325,0.3757308317277827,0.3271971601230818,-577.5731722777766,,0.7101126422258084,0.9999994324487448
903,1-(1-enyl-palmitoyl)-2-palmitoyl-GPC (P-16:0/16:0)*,Method 2,PEWXKAOBUSBJLD-MCBGMKGZSA-N,HMDB0011206,,0.0,True,within_12m,sample_median_scaled,True,lbfgs,-0.0034710330630269,-0.1153685464293016,0.000992200978334,0.1202197405313148,0.3372327673758083,0.9245103238673036,0.2451393599622679,0.0525800669293604,-195.89390145981724,,0.7156828729864377,0.9999994324487448
1144,3-hydroxyhexanoylcarnitine (1),Method 1,VYEONLJQPYRKAN-UHFFFAOYSA-N,,,0.0,True,within_12m,sample_median_scaled,True,lbfgs,0.0018485922352148,0.1732554805911621,0.0109663628604921,0.1809910387487571,0.338436042698754,0.65211618722341,0.3924822710648877,0.3063245989319819,-567.1359085244619,,0.716643948508448,0.9999994324487448
999,sphingomyelin (d18:2/23:1)*,Method 2,FEKSRDMVIULIDJ-SQPFVDNVSA-N,HMDB0240668,,0.0,True,within_12m,sample_median_scaled,True,lbfgs,-0.0005425108859068,-0.1432873139468011,0.0032477914337831,0.1504699307936044,0.3409623833630184,0.8125726622462226,0.3769356479390489,0.0904317615894781,-330.86178469474,,0.7191874170387801,0.9999994324487448
429,1-stearoyl-GPG (18:0),Method 3,HFJVKBVEKQHVTO-OZAIVSQSSA-N,,,0.056390977443609,True,within_12m,sample_median_scaled,True,lbfgs,-0.003613005381302,-0.209684584938137,-0.0187228210287773,0.2202780714538116,0.3411433507000705,0.4497754812763374,0.710551608093518,0.3047598948559319,-608.1367736644227,,0.7191874170387801,0.9999994324487448
759,3-methylglutarylcarnitine (2),Method 1,HFCPFJNSBPQJDP-UHFFFAOYSA-N,HMDB0000552,,0.0150375939849624,True,within_12m,sample_median_scaled,True,lbfgs,0.0039374617497211,-0.2820363424745571,-0.0325633734873232,0.2968084009353408,0.3419952345011392,0.2999388685524878,1.3493793308786608,0.4853890261318376,-745.4064120344458,,0.719395262001295,0.9999994324487448
634,eicosanedioate (C20-DC),Method 3,JJOJFIHJIRWASH-UHFFFAOYSA-N,,,0.0394736842105263,True,within_12m,sample_median_scaled,True,lbfgs,-0.0090579771912313,0.2498945770289764,-0.0339231589259004,0.26424750452525,0.3443099015850024,0.3483416010320707,0.8107748309415252,0.6828701830769032,-775.4197759981482,,0.7215842041045081,0.9999994324487448
1000,"sphingomyelin (d18:1/25:0, d19:0/24:1, d20:1/23:0, d19:1/24:0)*",Method 2,JONXXLXMISNQNG-BXMSAMRLSA-N,"HMDB0240675,HMDB0240674,HMDB0240673,HMDB0240671",,0.0093984962406015,True,within_12m,sample_median_scaled,True,lbfgs,0.0004511970109673,-0.2095009831610391,0.0070482077645107,0.2216667194763023,0.3445991512275962,0.8178141309129853,0.5623659702335058,0.4901190057403511,-685.0084870357425,,0.7215842041045081,0.9999994324487448
875,1-stearoyl-2-linoleoyl-GPI (18:0/18:2),Method 2,KZVRAFHIKMDULK-HAVSRZFESA-N,HMDB0009809,,0.0,True,within_12m,sample_median_scaled,True,lbfgs,-0.0003603151435287,-0.1370945343062011,-0.0020230763581947,0.1452672920857049,0.3453025981945133,0.8862729047395594,0.3399182549888717,0.0972401757963691,-335.8565249857352,,0.7215842041045081,0.9999994324487448
827,N-acetylglucosamine/N-acetylgalactosamine,Method 1,OVRNDRQMDRJTHS-FMDGEEDCSA-N,"HMDB0000212,HMDB0000215",C01074,0.0,True,within_12m,sample_median_scaled,True,lbfgs,-0.0016757638460054,-0.0842008794931178,-0.0121014676012886,0.0894497461298271,0.3465406418743554,0.2536080105133411,0.1117608631622506,0.0564573472196379,-147.51174587082824,,0.721639931580446,0.9999994324487448
1002,dexlansoprazole,Method 2,MJIHNNLFOKEZEW-RUZDIDTESA-N,,D08903,0.9699248120300752,False,within_12m,sample_median_scaled,True,lbfgs,0.0031787953918008,-0.1504230460675256,-0.0031787953918007,0.1600388750153457,0.347260820021634,0.8798013296133053,0.3168851769661366,0.2278812948888825,-493.8922429507136,,0.721639931580446,0.9999994324487448
496,mannitol/sorbitol,Method 4,FBPFZTCFMRRESA-UHFFFAOYSA-N,"HMDB0000247,HMDB0000765","C00392,C00794",0.0,True,within_12m,sample_median_scaled,True,lbfgs,0.0005783277777135,0.3312259617843551,-0.0519086926239414,0.3526448744287547,0.3475961974104766,0.2957201666859276,1.377329209576242,1.2939341054588598,-938.505974415324,,0.721639931580446,0.9999994324487448
217,eicosapentaenoate (EPA; 20:5n3),Method 3,JAZBEHYOTPTENJ-JLNKQSITSA-N,HMDB0001999,C06428,0.0,True,within_12m,sample_median_scaled,True,lbfgs,0.0001798261010395,0.213500541789128,-0.0234732042667496,0.2287537428719422,0.350654549584672,0.4664149891903828,0.5763435782156212,0.5476948898022217,-709.1048908417499,,0.7263090802220247,0.9999994324487448
1058,perfluorooctanoate (PFOA),Method 3,SNGREZUHAYWORS-UHFFFAOYSA-N,HMDB0059587,,0.0056390977443609,True,within_12m,sample_median_scaled,True,lbfgs,-0.0095291486441065,-0.2634473487783693,-0.0041565387839514,0.2834179031512861,0.3526110032543282,0.7865045380885635,1.523955323976376,0.1096397282678468,-486.5661511037568,,0.7263090802220247,0.9999994324487448
484,1-palmitoyl-GPI (16:0),Method 3,UOXRPRZMAROFPH-AQFLIPHUSA-N,HMDB0061695,,0.0,True,within_12m,sample_median_scaled,True,lbfgs,-0.0016341351856423,-0.1856048768448862,-0.0034147149757843,0.1997953611135441,0.352902091170682,0.8907321723498149,0.5294907113039192,0.3140141793772337,-592.4493600855897,,0.7263090802220247,0.9999994324487448
902,1-(1-enyl-palmitoyl)-2-palmitoleoyl-GPC (P-16:0/16:1)*,Method 2,FZMYLOBGNYZPQO-QLSONYGBSA-N,HMDB0011207,,0.0,True,within_12m,sample_median_scaled,True,lbfgs,-0.0030563622368194,-0.1505568931934248,-0.0030313216273931,0.1621607907229983,0.353178326784527,0.8100740007882941,0.4637710984907794,0.0755484034820359,-315.54524863443635,,0.7263090802220247,0.9999994324487448
187,anthranilate,Method 1,RWZYAGGXGHYGMB-UHFFFAOYSA-N,HMDB0001123,C00108,0.0018796992481203,True,within_12m,sample_median_scaled,True,lbfgs,-0.0059610187933548,0.1514517000865702,-0.013205306938624,0.163283758224229,0.3536478767573209,0.5075338000975205,0.3613895904156733,0.2007489030916808,-478.089711089895,,0.7263090802220247,0.9999994324487448
753,N-acetyltaurine,Method 3,CXJAAWRLVGAKDV-UHFFFAOYSA-N,HMDB0240253,,0.0112781954887218,True,within_12m,sample_median_scaled,True,lbfgs,0.0014698668893466,0.2313062722735901,-0.0264116400704811,0.2501047148347095,0.3550503306778423,0.2340016279515926,1.053886372948614,0.2356423901495831,-591.4333132792876,,0.7276246047153205,0.9999994324487448
22,S-adenosylhomocysteine (SAH),Method 3,ZJUKTBDSGOFHSH-UHFFFAOYSA-N,HMDB0000939,C00021,0.0488721804511278,True,within_12m,sample_median_scaled,True,lbfgs,-0.0003333044854731,0.2045587381204334,-0.0049583848031233,0.222253412623609,0.357371531679867,0.8082149973638855,0.8189531065879946,0.2011254453741777,-541.5640951661683,,0.7295617879127362,0.9999994324487448
1251,"bilirubin degradation product, C17H18N2O4 (1)**",Method 3,,,,0.0093984962406015,True,within_12m,sample_median_scaled,True,lbfgs,-0.001544288301064,-0.3081186608804617,0.0036604440341347,0.3357617292993365,0.3587913544783354,0.900049281196752,1.9151083871332872,0.406840324776619,-740.9539261022194,,0.7295617879127362,0.9999994324487448
66,citrulline,Method 1,RHGKLRLOHDJJDR-UHFFFAOYSA-N,HMDB0000904,C00327,0.0,True,within_12m,sample_median_scaled,True,lbfgs,0.0025966695615747,-0.0993263896282953,-0.01299924628226,0.1086380494890424,0.3605658987870432,0.3708482576145963,0.1424009639918688,0.1092099525496476,-293.9464047593792,,0.7295617879127362,0.9999994324487448
333,pro-hydroxy-pro,Method 1,ONPXCLZMBSJLSP-ALKRTJFJSA-N,HMDB0006695,,0.0018796992481203,True,within_12m,sample_median_scaled,True,lbfgs,-0.0079451715320669,-0.1614934046094839,0.0197960281975316,0.1770245222016338,0.3616288510496031,0.3702909372016888,0.4141240478309145,0.2483053695671634,-529.2261097209841,,0.7295617879127362,0.9999994324487448
625,ethyl glucuronide,Method 3,IWJBVMJWSPZNJH-XWBUKDKVSA-N,HMDB0010325,,0.9116541353383458,False,within_12m,sample_median_scaled,True,lbfgs,0.0113551522720928,-0.325405702409045,0.0023052371156276,0.3570158168460644,0.3620529548935545,0.9593949465013922,1.6521976560868996,1.0470853048340063,-908.1590844889322,,0.7295617879127362,0.9999994324487448
869,1-palmitoyl-2-palmitoleoyl-GPC (16:0/16:1)*,Method 2,QIBZFHLFHCIUOT-HTXNQAPBSA-N,HMDB0007969,,0.0,True,within_12m,sample_median_scaled,True,lbfgs,-0.0010926009977628,-0.1357517439130807,-0.0326563884600062,0.1490964933489201,0.3625610500143021,0.0520413302966891,0.3247241288563174,0.1405432723774426,-401.5685568041511,,0.7295617879127362,0.9999994324487448
1125,benazeprilat,Method 3,MADRIHWFJGRSBP-ROUUACIJSA-N,HMDB0060582,D03077,0.9943609022556392,False,within_12m,sample_median_scaled,True,lbfgs,1.876828442409006e-13,-0.0697153145818207,-1.8758622983386114e-13,0.0765776038327435,0.3626180411343037,0.9999991704313254,0.118374358537487,1.4894659214775977e-11,3665.4738881613775,,0.7295617879127362,0.9999994324487448
60,hypotaurine,Method 1,VVIUBCNYACGLLV-UHFFFAOYSA-N,HMDB0000965,C00519,0.0,True,within_12m,sample_median_scaled,True,lbfgs,0.0022958350280753,-0.1608071466653552,0.0184498091863155,0.176856348838797,0.3632166505600965,0.3846641852530008,0.4313509751470745,0.2269745559207089,-514.6474200511968,,0.7295617879127362,0.9999994324487448
106,betaine,Method 1,KWIUHFFTVRNATP-UHFFFAOYSA-N,HMDB0000043,C00719,0.0,True,within_12m,sample_median_scaled,True,lbfgs,-0.0013207330809022,0.0868885494176977,0.0041977869388954,0.0957520621011856,0.3641780393024738,0.6767666415146291,0.1410297150996826,0.0498295108875075,-141.29294399359492,,0.7295617879127362,0.9999994324487448
798,6-hydroxyindole sulfate,Method 3,QRHHXPIYYXPEMG-UHFFFAOYSA-N,HMDB0000682,,0.0150375939849624,True,within_12m,sample_median_scaled,True,lbfgs,0.0068173453255104,-0.3353499714383461,0.0309294660256294,0.3697347998089146,0.3644060706436088,0.4849587184118312,1.8890463318510824,0.9879127725312536,-906.3138135469056,,0.7295617879127362,0.9999994324487448
1097,indoleacetoylcarnitine*,Method 1,PBMNAYVZYLZVKC-UHFFFAOYSA-N,,,0.2575187969924812,False,within_12m,sample_median_scaled,True,lbfgs,-0.0024667412614024,-0.398386318985783,0.0008780649040166,0.4398868976941579,0.3651178249690204,0.9882497846275068,2.29719138947802,1.8340878193410937,-1041.6957631695402,,0.7295617879127362,0.9999994324487448
447,2-hydroxy-3-methylvalerate,Method 3,RILPIWOPNGRASR-UHFFFAOYSA-N,HMDB0000317,,0.0,True,within_12m,sample_median_scaled,True,lbfgs,-0.0045360980182365,0.2584235368550951,-0.0261753606546857,0.2853707579141515,0.3651628634788355,0.4831243269572914,1.0140223065687286,0.7170826479135849,-799.9557271240749,,0.7295617879127362,0.9999994324487448
919,(S)-3-hydroxybutyrylcarnitine,Method 1,UEFRDQSMQXDWTO-UHFFFAOYSA-N,HMDB0013127,,0.0,True,within_12m,sample_median_scaled,True,lbfgs,0.0016192033387092,0.1694609471569718,0.010498716165299,0.1876542892733487,0.3665000907130651,0.6737201936216576,0.429082712718102,0.3209738923145186,-582.3698874830841,,0.7307047737598689,0.9999994324487448
655,beta-citrylglutamate,Method 3,GAQNUGISBQJMKO-UHFFFAOYSA-N,,C20775,0.0056390977443609,True,within_12m,sample_median_scaled,True,lbfgs,-0.0001559914979452,0.1415984705558097,0.0083068973891698,0.1578248697719499,0.3696189748572795,0.6529929683878907,0.3519829434136876,0.1710918037509828,-445.25099058649926,,0.7353877520597957,0.9999994324487448
678,diglycerol,Method 1,GPLRAVKSCUXZTP-UHFFFAOYSA-N,,,0.0150375939849624,True,within_12m,sample_median_scaled,True,lbfgs,0.0035212976241816,-0.2503036015423753,0.0293010639550974,0.2796288680821457,0.3707187210103665,0.5085530776992933,0.6302545787248626,1.091520212755527,-858.755106526067,,0.7360423670787942,0.9999994324487448
1195,tetradecadienedioate (C14:2-DC)*,Method 3,MUFSRLVOUKHPIZ-OVYZBVKCSA-N,,,0.037593984962406,True,within_12m,sample_median_scaled,True,lbfgs,-0.0036854681032837,0.3016493328499671,0.0454348465734698,0.3393001331548343,0.3739848417874866,0.3015814717682938,1.4515412270508956,0.9925942727212772,-888.7166883801776,,0.7365317038305236,0.9999994324487448
479,glycerophosphoinositol*,Method 1,BMVUIWJCUQSHLZ-GFSNQTMESA-N,,,0.1898496240601503,True,within_12m,sample_median_scaled,True,lbfgs,-0.0040533044790652,-0.3241490551639163,-0.0283289691440751,0.3647137104611285,0.3741230899067782,0.5584859661610787,1.6205862596442842,1.21249495092351,-935.8918992404422,,0.7365317038305236,0.9999994324487448
653,2-O-methylascorbic acid,Method 4,RMHBODZVODTFAH-UHFFFAOYSA-N,HMDB0240294,,0.0,True,within_12m,sample_median_scaled,True,lbfgs,0.0032779623125894,-0.1674894441488169,-0.0423250919951714,0.1886482440812741,0.3746268598035368,0.0384192007831971,0.536177851338557,0.2063189582109008,-512.6281497984503,,0.7365317038305236,0.9999994324487448
95,uridine,Method 3,DRTQHJPVMGBUCF-UHFFFAOYSA-N,HMDB0000296,C00299,0.0,True,within_12m,sample_median_scaled,True,lbfgs,-0.0008586641797551,0.1139877756513334,-0.0020246482398593,0.1289202141132576,0.3766028177950917,0.8689049791241861,0.2709568105706297,0.0729134343263235,-264.2109968180953,,0.7365317038305236,0.9999994324487448
934,1-palmitoleoyl-2-linolenoyl-GPC (16:1/18:3)*,Method 2,MMUCLZZSNHBNFL-KBTBXKTRSA-N,HMDB0008008,,0.0169172932330827,True,within_12m,sample_median_scaled,True,lbfgs,0.0009404952136417,-0.1775309739932614,0.0501553259141048,0.2008442084454647,0.3767373537376334,0.1029851203030448,0.364059408510593,0.5160330696312384,-669.9584130548144,,0.7365317038305236,0.9999994324487448
553,"androstenediol (3beta,17beta) monosulfate (2)",Method 3,KMTOEENORMWLCF-QJIZPQHZSA-N,"HMDB0240429,HMDB0186954",,0.18796992481203,True,within_12m,sample_median_scaled,True,lbfgs,-0.0023283533551983,-0.3837630100991299,0.0060109239031703,0.4343635928832098,0.3769627313129512,0.8886760182714851,3.014401762304082,0.8973668241013414,-923.78930180695,,0.7365317038305236,0.9999994324487448
1192,mercaptopurine,Method 3,GLVAUDGFNGKCSF-UHFFFAOYSA-N,HMDB0015167,C02380,0.975563909774436,False,within_12m,sample_median_scaled,True,lbfgs,0.0004479816693955,-0.1930129831727147,-0.0004479816693955,0.2188092078581516,0.3777193196728564,0.986734175861206,0.6424910451568626,0.3680262837848627,-637.1241164121886,,0.7365317038305236,0.9999994324487448
816,"1,2,3-benzenetriol sulfate (1)",Method 3,NGVLEQPKHLWZLN-UHFFFAOYSA-N,,,0.4360902255639097,False,within_12m,sample_median_scaled,True,lbfgs,-0.0037128675090529,-0.4515145143914821,-0.0911498368838741,0.5122563578844839,0.3780889359547241,0.2790645610932537,1.8261102913315328,4.0077114319511145,-1193.3965336369436,,0.7365317038305236,0.9999994324487448
789,pregnanolone/allopregnanolone sulfate,Method 3,MENQCIVHHONJLU-GQCBXAOTSA-N,"HMDB0240591,HMDB0062782",C05480,0.7575187969924813,False,within_12m,sample_median_scaled,True,lbfgs,-0.0109755473677543,-0.2939513350047149,-0.0309701425186057,0.3342214239223017,0.3791244073517392,0.5037799561217294,1.2797295466455865,1.1126942701416185,-903.2501475617008,,0.7365317038305236,0.9999994324487448
120,caffeine,Method 1,RYYVLZVUVIJVGH-UHFFFAOYSA-N,HMDB0001847,C07481,0.0075187969924812,True,within_12m,sample_median_scaled,True,lbfgs,0.0058833950671132,0.4003621710880944,-0.0042885434689456,0.4559536760027667,0.3799022489193578,0.9407194617523912,2.703689305089089,1.697300267546376,-1037.303237928007,,0.7365317038305236,0.9999994324487448
138,trans-4-hydroxyproline,Method 1,PMMYEEVYMWASQN-DMTCNVIQSA-N,HMDB0000725,C01157,0.0,True,within_12m,sample_median_scaled,True,lbfgs,-0.0041471059694931,-0.1223627255018724,-0.0022658715627922,0.1393843257408363,0.380008790849506,0.9073519205928984,0.2188945095647138,0.1977622718513005,-441.3088345468848,,0.7365317038305236,0.9999994324487448
887,lactosyl-N-palmitoyl-sphingosine (d18:1/16:0),Method 2,HLIJNIKSBCIDGO-QKLMXXKVSA-N,HMDB0006750,,0.0,True,within_12m,sample_median_scaled,True,lbfgs,-0.0048540293272828,-0.0994091093730334,-0.0087263539525023,0.1132879025007542,0.3802200314015164,0.362753912498107,0.2200884303696723,0.0439693696669584,-154.26281313553432,,0.7365317038305236,0.9999994324487448
312,taurolithocholate,Method 3,QBYUNVOYXHFVKC-OQHFDXPESA-N,HMDB0000722,C02592,0.4943609022556391,False,within_12m,sample_median_scaled,True,lbfgs,-0.0059537691917961,0.5150955448732911,0.024978055204149,0.5882850263352066,0.3812538338764819,0.740126701750216,4.434097064224553,2.902801169178405,-1177.1479507544211,,0.7367565410115479,0.9999994324487448
972,N-oleoylserine,Method 3,MBDKGXAMSZIDKF-KTKRTIGZSA-N,,,0.0,True,within_12m,sample_median_scaled,True,lbfgs,-0.0048731300303686,0.1624878429474399,0.0188398187759531,0.1858194579495847,0.3818790448175039,0.2689388372980585,0.5732085475357068,0.1397615183723805,-445.3343447395464,,0.7367565410115479,0.9999994324487448
765,alpha-CMBHC glucuronide,Method 3,DYOFESDCRUIQTB-UHFFFAOYSA-N,,,0.4266917293233083,False,within_12m,sample_median_scaled,True,lbfgs,0.0145451940964981,-0.3741222058850564,-0.0663240532937575,0.4290668607992571,0.3832390161272315,0.2387360397540306,2.281810162611567,1.6332794409138185,-1018.098402784052,,0.7378896379062623,0.9999994324487448
1189,hydroxypalmitoyl sphingomyelin (d18:1/16:0(OH))**,Method 2,FAVAZPKFPKOYCT-VTAPXIELSA-N,,,0.0,True,within_12m,sample_median_scaled,True,lbfgs,-0.0024325669847242,-0.101917065734752,-0.0052386996336908,0.1176249014572891,0.3862389146430089,0.6602926509519421,0.2179059518051183,0.0693733954271211,-237.4972004301044,,0.7421693430263048,0.9999994324487448
714,guaifenesin,Method 1,HSRJKNPTNIJEKV-UHFFFAOYSA-N,HMDB0004998,D00337,0.9699248120300752,False,within_12m,sample_median_scaled,True,lbfgs,0.0033658622690154,-0.1396816469414184,-0.003365862269015,0.1616437801882982,0.3875150968975155,0.8881438692400351,0.2585640206297879,0.3079597244274261,-542.4071630226365,,0.7431263404359987,0.9999994324487448
792,p-cresol glucuronide*,Method 3,JPAUCQAJHLSMQW-XPORZQOISA-N,HMDB0011686,,0.3327067669172932,False,within_12m,sample_median_scaled,True,lbfgs,0.0162805035633872,-0.5865784939159197,0.1006866036747367,0.684914488623479,0.3917622544856047,0.2555784323448502,5.931984025125599,4.025720824108176,-1261.6708818390218,,0.7474550425844542,0.9999994324487448
97,trans-urocanate,Method 1,LOIYMIARKYCTBW-OWOJBTEDSA-N,HMDB0000301,C00785,0.0,True,within_12m,sample_median_scaled,True,lbfgs,-0.0014650441487846,0.1910414317848621,0.0439975417692669,0.2231224829338639,0.3918773426168822,0.0900717642848802,0.7076183235196345,0.3371736185833915,-627.173168557023,,0.7474550425844542,0.9999994324487448
282,cysteine s-sulfate,Method 1,NOKPBJYHPHHWAN-REOHCLBHSA-N,HMDB0000731,C05824,0.0,True,within_12m,sample_median_scaled,True,lbfgs,-0.0073410550304957,-0.1706848184327797,0.0145476060328769,0.1999848036321143,0.3933882173958624,0.5655736634478465,0.5197800508642184,0.3269794071320077,-599.0847593550493,,0.7474550425844542,0.9999994324487448
1131,4-hydroxy duloxetine glucuronide*,Method 3,OBIZFSZXDHWUJZ-ANUWOGMRSA-N,HMDB0060763,,0.981203007518797,False,within_12m,sample_median_scaled,True,lbfgs,0.0006163803188539,-0.0771289648946044,-0.0006163803188536,0.0903701696052125,0.393394201235995,0.955829152318914,0.1095850403489975,0.0627851723895803,-166.70491254408648,,0.7474550425844542,0.9999994324487448
1006,lignoceroylcarnitine (C24)*,Method 2,YDUFZFUYBBPVLJ-UHFFFAOYSA-N,HMDB0240665,,0.0018796992481203,True,within_12m,sample_median_scaled,True,lbfgs,0.0004740618925503,-0.1454357929153772,0.0144430420177083,0.1706655486545426,0.3941206151601395,0.5283317689939644,0.3513433025101521,0.269600491420952,-534.2858826447437,,0.7474550425844542,0.9999994324487448
836,taurodeoxycholic acid 3-sulfate,Method 3,UCVGCHGIKFWAGH-WQVRBXQRSA-N,,,0.5037593984962406,False,within_12m,sample_median_scaled,True,lbfgs,0.0144619900044492,-0.5213649537274377,-0.0038643344105719,0.6122599229277337,0.3944684203796491,0.9612985640717598,4.704544031813898,3.2580881974309888,-1204.0159384545766,,0.7474550425844542,0.9999994324487448
504,1-oleoyl-GPI (18:1),Method 3,UGDOFRYHDCDVHD-JCASDCETSA-N,HMDB0061693,,0.0018796992481203,True,within_12m,sample_median_scaled,True,lbfgs,-9.855840961225884e-05,-0.1795463461990079,-0.0193087089166814,0.2115116562329302,0.3959524587997094,0.4747204580125957,0.5749762224872383,0.3732037371381861,-632.0898458965175,,0.7474766120911607,0.9999994324487448
1259,"N,N-dimethyl-pro-pro",Method 1,VOWFCBSRZKGKTF-UHFFFAOYSA-N,,,0.0,True,within_12m,sample_median_scaled,True,lbfgs,0.0020161463937588,0.1027246824433814,-0.0040840963804132,0.121168342707997,0.3965578147312107,0.7186843610719416,0.2413566226724372,0.0621245331679932,-225.2298945037444,,0.7474766120911607,0.9999994324487448
756,N-linoleoyltaurine*,Method 3,YIWODQVLEDDQSF-HZJYTTRNSA-N,,,0.1296992481203007,True,within_12m,sample_median_scaled,True,lbfgs,-0.0080192714788091,0.272154875930763,-0.028769621041029,0.3212024775837407,0.3968278977279775,0.51787508029015,1.1742118726412971,1.036768175400688,-883.4712597658797,,0.7474766120911607,0.9999994324487448
858,tricosanoyl sphingomyelin (d18:1/23:0)*,Method 2,SXZWBNWTCVLZJN-NMIJJABPSA-N,HMDB0012105,,0.0,True,within_12m,sample_median_scaled,True,lbfgs,-0.0002465334698732,-0.1275776727024562,0.0045471750359648,0.1521257716561032,0.401675358655024,0.7815480966560939,0.3501216608519605,0.1324996089141437,-396.1133282608082,,0.7518195548394381,0.9999994324487448
436,oleoylcarnitine (C18:1),Method 2,IPOLTUVFXFHAHI-WHIOSMTNSA-N,HMDB0005065,,0.0,True,within_12m,sample_median_scaled,True,lbfgs,0.0004698332728325,-0.1143556933169631,0.0099292075059553,0.1366808857727791,0.4027826255180625,0.5451603680132309,0.2587671920754528,0.134270893542076,-376.016480798688,,0.7518195548394381,0.9999994324487448
181,dihomo-linoleate (20:2n6),Method 3,XSXIVVZCUAHUJO-HZJYTTRNSA-N,HMDB0005060,C16525,0.0,True,within_12m,sample_median_scaled,True,lbfgs,-0.0013804783978881,0.1958477606949457,0.026605394208608,0.2343677536461608,0.4033557995561211,0.4671223742574458,0.4668862792506265,0.7378985510928048,-759.2942992943524,,0.7518195548394381,0.9999994324487448
497,tryptophan betaine,Method 1,AOHCBEAZXHZMOR-ZDUSSCGKSA-N,HMDB0061115,C09213,0.0,True,within_12m,sample_median_scaled,True,lbfgs,-0.008765526712361,-0.329673105564572,-0.0181225455478962,0.3947597786791949,0.4036482655594371,0.6830313386586513,2.281529386050704,0.9792389824437664,-918.573544523297,,0.7518195548394381,0.9999994324487448
809,"sphingomyelin (d17:1/16:0, d18:1/15:0, d16:1/17:0)*",Method 2,LQINJRUGTUOHGS-YPDYIYJKSA-N,"HMDB0240617,HMDB0240608",,0.0,True,within_12m,sample_median_scaled,True,lbfgs,4.38259821945738e-05,-0.0996045524210248,0.0059228843097641,0.1193193294507324,0.4038455409719651,0.6047419424543392,0.2311811048252156,0.0635036596213267,-225.78988111634635,,0.7518195548394381,0.9999994324487448
417,"5,6-dihydrouridine",Method 3,ZPTBLXKRQACLCR-XVFCMESISA-N,HMDB0000497,,0.0,True,within_12m,sample_median_scaled,True,lbfgs,7.35651449672131e-05,0.1430809190530547,-0.0004528885451348,0.1714051710721012,0.4038569964739599,0.9711789008282408,0.527119995221592,0.0742712556273703,-323.5015871535402,,0.7518195548394381,0.9999994324487448
510,2-methoxyacetaminophen sulfate*,Method 3,NZKKXAGORRATJB-UHFFFAOYSA-N,HMDB0062550,,0.7387218045112782,False,within_12m,sample_median_scaled,True,lbfgs,0.0113705410131975,-0.5319077799364385,-0.0670063537808625,0.6393627060178962,0.4054460169479834,0.4252018443868037,5.054473986296421,3.6407431161986072,-1230.90023428804,,0.7533092338235878,0.9999994324487448
107,cysteine,Method 1,XUJNEKJLAYXESH-REOHCLBHSA-N,HMDB0000574,C00097,0.0,True,within_12m,sample_median_scaled,True,lbfgs,-0.002394663707076,-0.1487862696254529,0.0116509621726815,0.1796054612661195,0.407440521838185,0.5864717661205965,0.4482102501769989,0.230318266145366,-520.2576734494751,,0.7555450453504208,0.9999994324487448
232,4-guanidinobutanoate,Method 1,TUHVEAJXIMEOSA-UHFFFAOYSA-N,HMDB0003464,C01035,0.0,True,within_12m,sample_median_scaled,True,lbfgs,-0.0039381915830221,0.1355041180685409,-0.004237366639534,0.1641139966076349,0.408990918805739,0.8718917128374413,0.2129526453804601,0.3806871412069311,-576.9809420958766,,0.7569502470144975,0.9999994324487448
326,gamma-glutamylvaline,Method 1,AQAKHZVPOOGUCK-XPUUQOCRSA-N,HMDB0011172,,0.0319548872180451,True,within_12m,sample_median_scaled,True,lbfgs,0.0047637741635433,-0.2392067775832648,-0.0351991512123029,0.290390315342983,0.4100860159847699,0.2870199107292032,1.221967724695641,0.5442590801144068,-759.5578146790142,,0.7575089850395653,0.9999994324487448
1239,torasemide,Method 3,NGBFQHCMQULJNZ-UHFFFAOYSA-N,,,0.962406015037594,False,within_12m,sample_median_scaled,True,lbfgs,0.0023915322212614,0.3277830960400426,-0.033466381552715,0.3988579627225195,0.4111884185178356,0.4993448554671558,2.1143863005890484,1.2464135058549424,-959.5778575705364,,0.7578350605865933,0.9999994324487448
495,dihomo-linolenate (20:3n3 or n6),Method 3,AHANXAKGNAKFSK-PDBXOOCHSA-N,HMDB0002925,C03242,0.0,True,within_12m,sample_median_scaled,True,lbfgs,-0.0007124096378389,0.1459878487030192,0.0222833558316127,0.1778944599660112,0.4118496297847559,0.3765556931155333,0.3450559084069283,0.335583625417485,-577.3715273146652,,0.7578350605865933,0.9999994324487448
1032,2-butenoylglycine,Method 3,WWJXRJJBIVSSNF-NSCUHMNNSA-N,,,0.3195488721804511,False,within_12m,sample_median_scaled,True,lbfgs,0.0098225370264461,-0.294256095510043,0.0062519939341539,0.3594377293345696,0.4129823231591543,0.8978816015829473,1.5256089465386062,1.2340124026076809,-935.4368313075228,,0.7581951822991463,0.9999994324487448
1132,5-hydroxy-6-methoxy duloxetine sulfate*,Method 3,XYZBSFYKOKLCKI-INIZCTEOSA-N,,,0.981203007518797,False,within_12m,sample_median_scaled,True,lbfgs,0.0004556601427352,-0.073543988894794,-0.0004556601427355,0.0899602231194402,0.413633183222885,0.9547509344561266,0.1358807576220933,0.0310165754270566,-50.32828461296913,,0.7581951822991463,0.9999994324487448
593,5-(galactosylhydroxy)-lysine,Method 1,OWGKYELXGFKIHH-MYLOADSESA-N,,,0.0056390977443609,True,within_12m,sample_median_scaled,True,lbfgs,-0.0027838732754708,-0.1638791919157482,-0.0141122622726004,0.2011528799525802,0.4152442223921,0.5724063193945064,0.5375165924977173,0.317308384317942,-595.5501950463101,,0.759690100353363,0.9999994324487448
1059,3-hydroxybutyroylglycine**,Method 1,VMIWHQCIHIUYCS-UHFFFAOYSA-N,,,0.0394736842105263,True,within_12m,sample_median_scaled,True,lbfgs,0.0067237251497371,-0.2827278738116182,-0.0131871488755643,0.349388064099607,0.4183950906439426,0.7474391242390603,1.7229217159874408,0.8407723124402207,-868.4663899358268,,0.7633243328128005,0.9999994324487448
1004,behenoylcarnitine (C22)*,Method 2,IUMXSSOVGPXXJL-UHFFFAOYSA-N,HMDB0062468,,0.1334586466165413,True,within_12m,sample_median_scaled,True,lbfgs,-0.0013348078085812,-0.2274034900114339,-0.0065056984793702,0.2815126445921416,0.4192106834164487,0.8687980980475087,0.887287986467663,0.8127382711448061,-816.3913453817693,,0.7633243328128005,0.9999994324487448
458,2-hydroxypalmitate,Method 3,JGHSBPIZNUXPLA-UHFFFAOYSA-N,HMDB0031057,,0.0,True,within_12m,sample_median_scaled,True,lbfgs,-0.0039921644855613,0.1437593495516738,0.0186893399418301,0.1782149432443761,0.419860832144048,0.2434749383294012,0.5316400313563473,0.1235792105655547,-416.53443632404696,,0.7633243328128005,0.9999994324487448
1163,canagliflozin,Method 3,XTNGUQKDFGDXSJ-ZXGKGEBGSA-N,,D09592,0.9962406015037594,False,within_12m,sample_median_scaled,True,lbfgs,6.244686162660098e-14,-0.0232314558402785,-6.239577943030015e-14,0.0288346232259299,0.4204278524183592,0.9999992669708612,0.0167835030787952,2.1105774847507e-12,4185.193793298314,,0.7633243328128005,0.9999994324487448
610,hydrochlorothiazide,Method 3,JZUFKLXOESDKRF-UHFFFAOYSA-N,HMDB0001928,C07041,0.9736842105263158,False,within_12m,sample_median_scaled,True,lbfgs,-0.0005912602239609,-0.0962619952544247,0.0005912602239608,0.1201306429210355,0.4229516742032984,0.9606975657039242,0.2292145322382686,0.070205180650594,-243.73908552681743,,0.7641426655247076,0.9999994324487448
459,docosapentaenoate (n6 DPA; 22:5n6),Method 3,AVKOENOBFIYBSA-WMPRHZDHSA-N,HMDB0001976,C16513,0.0338345864661654,True,within_12m,sample_median_scaled,True,lbfgs,-0.0063712122546624,0.2062436034947982,0.0266442334740041,0.2574839307858239,0.4231339505788958,0.4245362958083111,0.8370435878164025,0.5704626489191617,-741.6156378047338,,0.7641426655247076,0.9999994324487448
964,lactosyl-N-nervonoyl-sphingosine (d18:1/24:1)*,Method 2,MKOKWBRPIBQYJJ-WZBOJYASSA-N,HMDB0004872,,0.0,True,within_12m,sample_median_scaled,True,lbfgs,-0.0077785464414337,-0.1269083992212383,0.0075917517516685,0.1584878185799058,0.4232790262435291,0.5317415907140524,0.4451148271640426,0.0697770045652935,-297.6989683326558,,0.7641426655247076,0.9999994324487448
219,ethylmalonate,Method 4,UKFXDFUAPNAMPJ-UHFFFAOYSA-N,HMDB0000622,,0.0037593984962406,True,within_12m,sample_median_scaled,True,lbfgs,0.0038773045373201,-0.199374854396012,0.0011714492779672,0.2497128003485084,0.4246287515224077,0.9572408929129969,1.055779227866531,0.229008198534833,-586.3582268230714,,0.7651329390639611,0.9999994324487448
414,orotidine,Method 4,FKCRAVPPBFWEJD-XVFCMESISA-N,HMDB0000788,,0.0093984962406015,True,within_12m,sample_median_scaled,True,lbfgs,0.0031773426991717,0.2558989497015762,-0.0098110953259256,0.3212173698476885,0.4256522828207775,0.6449404577487758,1.8938997092726555,0.2126422697132291,-623.1288698082649,,0.7652160019721641,0.9999994324487448
535,"5alpha-pregnan-3beta,20alpha-diol disulfate",Method 3,LSQGWMYMIHQKSA-VNCHAANSSA-N,HMDB0094650,,0.0112781954887218,True,within_12m,sample_median_scaled,True,lbfgs,-0.0019550607164902,-0.2534551152383574,-0.010257647630419,0.318729558015647,0.4264946705947356,0.7532769692516676,1.5903088235129537,0.5206815783571322,-771.4423052109435,,0.7652160019721641,0.9999994324487448
14,hypoxanthine,Method 3,FDGQSTZJBFJUBT-UHFFFAOYSA-N,HMDB0000157,C00262,0.0,True,within_12m,sample_median_scaled,True,lbfgs,-0.0003030015993806,0.1556730704756248,0.0466820983428104,0.1960122843056498,0.427078669163522,0.0752727297463503,0.4621360364599221,0.3571744281841532,-608.6326700568773,,0.7652160019721641,0.9999994324487448
350,nervonate (24:1n9)*,Method 3,GWHCXVQVJPWHRF-KTKRTIGZSA-N,HMDB0002368,C08323,0.3984962406015037,False,within_12m,sample_median_scaled,True,lbfgs,-0.0069546773512275,0.4629500394122894,-0.0735243510310271,0.5842513972096725,0.4281382223262654,0.2863417552650441,4.7867875134149225,2.387021017182218,-1144.4451514929676,,0.7656779069692574,0.9999994324487448
112,malonate,Method 4,OFOBLEOULBTSOW-UHFFFAOYSA-N,HMDB0000691,C00383,0.0112781954887218,True,within_12m,sample_median_scaled,True,lbfgs,0.0014231866007195,-0.2948231385085482,-0.0287539848293288,0.3755506064225951,0.43242872637973,0.3812415119842119,2.389393994439036,0.516202379377007,-802.881886126341,,0.7719054835376489,0.9999994324487448
1138,6-hydroxywarfarin,Method 3,IQWPEJBUOJQPDE-UHFFFAOYSA-N,"HMDB0013883,HMDB0013880",,0.9680451127819548,False,within_12m,sample_median_scaled,True,lbfgs,0.0014109193105464,-0.0411425985182917,-0.0014109193105465,0.0527029038172178,0.4350075199662006,0.7996992679835147,0.0426344111894466,0.0152029377546384,175.1962120429189,,0.7750600402382865,0.9999994324487448
924,sulfamethoxazole,Method 1,JLKIGFTWXXRPMT-UHFFFAOYSA-N,HMDB0015150,D00447,0.9849624060150376,False,within_12m,sample_median_scaled,True,lbfgs,0.0027592400676415,-0.1629578623743873,-0.0027592400676409,0.2093359675727139,0.4363029883347181,0.9450040980626188,0.0052586245668087,1.0452064587771988,-767.9590774531573,,0.7751208600506796,0.9999994324487448
311,glycolithocholate,Method 3,XBSQTYHEGZTYJE-PGVYWSLXSA-N,HMDB0000698,C15557,0.3402255639097744,False,within_12m,sample_median_scaled,True,lbfgs,0.0046096559223156,-0.5277230788787747,0.0066108177721119,0.6784491951381838,0.4366649452432101,0.9392841954670776,5.903040201051466,3.854479045487368,-1252.752724887402,,0.7751208600506796,0.9999994324487448
231,5-hydroxylysine,Method 1,YSMODUONRAFBET-AKGZTFGVSA-N,HMDB0000450,C16741,0.0,True,within_12m,sample_median_scaled,True,lbfgs,-0.0062055548449421,-0.1028366690199888,0.0095571648190926,0.1327022169482594,0.4383732753852035,0.5785101335658864,0.2219324657080414,0.1519834369447672,-389.4550379133382,,0.7766863840023882,0.9999994324487448
159,N-carbamoylaspartate,Method 1,HLKXYZVTANABHZ-REOHCLBHSA-N,HMDB0000828,C00438,0.9172932330827068,False,within_12m,sample_median_scaled,True,lbfgs,-0.0047787330283775,0.157013542172054,0.025996085486297,0.2029674618937785,0.4391734527343347,0.3034670341036217,0.5468826431783712,0.3235444129755768,-600.5728865826711,,0.7766863840023882,0.9999994324487448
629,glycoursodeoxycholate,Method 3,GHCZAUBVMUEKKP-XROMFQGDSA-N,HMDB0000708,,0.0,True,within_12m,sample_median_scaled,True,lbfgs,-0.0266437645790648,-0.5026092674575566,-0.0069680010390818,0.6535815640433444,0.4418887284534296,0.9274097276311756,6.038773364146296,2.931178293628609,-1201.0502288987147,,0.7799706292328955,0.9999994324487448
848,2-hydroxybutyrate/2-hydroxyisobutyrate,Method 4,AFENDNXGAFYKQO-UHFFFAOYSA-N,"HMDB0000729,HMDB00008","C21297,C05984",0.0,True,within_12m,sample_median_scaled,True,lbfgs,-7.943635514029567e-05,-0.2296287338480277,0.0234963976937806,0.2991116196527023,0.4426639592086171,0.3079096828207854,1.5824401470013714,0.2519097150051335,-637.8615471733171,,0.7799706292328955,0.9999994324487448
955,linoleoyl-docosahexaenoyl-glycerol (18:2/22:6) [2]*,Method 2,GPMAAGRGFWBOSO-KLJRXRINSA-N,HMDB0007266,,0.6691729323308271,False,within_12m,sample_median_scaled,True,lbfgs,0.0043592339928974,-0.3657997371030702,0.0616512605617215,0.478355256075573,0.4444483724173829,0.2847538736053592,3.149972915414302,1.6675742808876357,-1044.6896744505536,,0.7804022832430293,0.9999994324487448
463,glutarylcarnitine (C5-DC),Method 1,NXJAXUYOQLTISD-UHFFFAOYSA-N,HMDB0013130,,0.0,True,within_12m,sample_median_scaled,True,lbfgs,0.0003192709177323,0.133152208520259,-0.007388361174798,0.1741590495627495,0.4445432901405319,0.6243071521184568,0.5155464829199516,0.1091155501677137,-391.203942520516,,0.7804022832430293,0.9999994324487448
1249,"bilirubin degradation product, C16H18N2O5 (1)**",Method 3,,,,0.4041353383458647,False,within_12m,sample_median_scaled,True,lbfgs,-0.0071162941686007,0.3784624421156757,0.0700834564399661,0.5003755640434516,0.4494353235022233,0.2551253346967583,3.3618340635137383,1.922607203097104,-1077.0114998555753,,0.7875426310910518,0.9999994324487448
229,3-methylhistidine,Method 3,JDHILDINMRGULE-LURJTMIESA-N,HMDB0000479,C01152,0.0,True,within_12m,sample_median_scaled,True,lbfgs,-0.0027974048035357,-0.2868729049973865,-0.0199429115175721,0.3807581861341749,0.4511942984827533,0.7236832629878431,1.437639798217872,1.705442605642891,-997.927260042555,,0.7878869375069314,0.9999994324487448
511,2-methoxyacetaminophen glucuronide*,Method 3,GDCCQRYSPGZVPX-UHFFFAOYSA-N,HMDB0240215,,0.7387218045112782,False,within_12m,sample_median_scaled,True,lbfgs,0.0108472248786642,-0.5099729959066738,-0.0304462801722709,0.6770034774843166,0.4512818375039701,0.726890569911306,5.82734802341837,3.896601576924776,-1254.0111921129358,,0.7878869375069314,0.9999994324487448
1055,N-acetyl-2-aminooctanoate*,Method 3,JJGNMSOJTSABGA-UHFFFAOYSA-N,HMDB0059745,,0.0,True,within_12m,sample_median_scaled,True,lbfgs,0.0029230201733611,0.1660452039972213,-0.0173624193922036,0.2221398777826602,0.4547736315111664,0.4592557691828332,0.7569385150043618,0.2706006970244286,-590.4619621295792,,0.7925343395860655,0.9999994324487448
826,arabitol/xylitol,Method 4,HEBKCHPVOIAQTA-IMJSIDKUSA-N,"HMDB0001851,HMDB0000568,HMDB0002917","C00379,C00542,C01904",0.0,True,within_12m,sample_median_scaled,True,lbfgs,-0.0005471773777455,0.1156926722167498,-0.0098388458119306,0.1558837857410118,0.457982776514178,0.5477320082878232,0.3745473766237778,0.1312272129096655,-399.5237428585024,,0.796673135830674,0.9999994324487448
1257,"bilirubin degradation product, C16H18N2O5 (3)**",Method 3,,,,0.1748120300751879,True,within_12m,sample_median_scaled,True,lbfgs,-0.009764860784436,0.3228445313789783,-0.0004723269523582,0.4381772441152363,0.4612501768459939,0.993024781218285,2.572715350516765,1.4803299000474357,-1007.0408984293738,,0.7969373053123238,0.9999994324487448
98,glutamate,Method 1,WHUUTDBJXJRKMK-VKHMYHEASA-N,HMDB0000148,"C00025,C00217",0.0,True,within_12m,sample_median_scaled,True,lbfgs,-0.0008366376703468,-0.1171082945531583,0.0247128398858473,0.1589826124843885,0.4613591220003524,0.1820537439882589,0.3588420083833604,0.1716826023170918,-447.335740852777,,0.7969373053123238,0.9999994324487448
959,"diacylglycerol (16:1/18:2 [2], 16:0/18:3 [1])*",Method 2,BHGPPCIWDXQOMA-HZFIRFLSSA-N,,,0.2857142857142857,False,within_12m,sample_median_scaled,True,lbfgs,0.0003052313680389,-0.3498230638125861,-0.0512601908722113,0.4756139440912646,0.4620235097106185,0.3800279188770658,3.0478140135772227,1.7246264908315485,-1048.8595036624497,,0.7969373053123238,0.9999994324487448
737,"N2,N5-diacetylornithine",Method 3,XUYANFPPYJSBPU-UHFFFAOYSA-N,HMDB0240345,,0.0300751879699248,True,within_12m,sample_median_scaled,True,lbfgs,0.0010923503571289,0.2108926547485606,-0.0159179788108042,0.2868536124810997,0.4622222018035918,0.6191092512993256,1.2116168216605585,0.5091205694880224,-746.1858004604603,,0.7969373053123238,0.9999994324487448
1177,fibrinopeptide B (1-9)**,Method 3,WWZFLBITCJUQNV-UHFFFAOYSA-N,,,0.0018796992481203,True,within_12m,sample_median_scaled,True,lbfgs,-0.0039171597769295,-0.1962432540833585,0.0191815585304184,0.2674433670086391,0.463085885432317,0.5717272039887378,0.927199393236111,0.5875329786488516,-754.465162013478,,0.7969373053123238,0.9999994324487448
705,warfarin,Method 3,PJVWKTKQMONHTI-UHFFFAOYSA-N,HMDB0001935,"
DG00149,D08682,C01541",0.9661654135338346,False,within_12m,sample_median_scaled,True,lbfgs,0.0042148613679064,-0.1824808646977749,-0.0042148613679061,0.248718734135557,0.4631415753385756,0.8682101705660384,0.9696289270055805,0.3156538683478072,-638.7627624282088,,0.7969373053123238,0.9999994324487448
486,taurolithocholate 3-sulfate,Method 3,HSNPMXROZIQAQD-VUIPEFFGSA-N,HMDB0002580,C03642,0.0526315789473684,True,within_12m,sample_median_scaled,True,lbfgs,-0.0015168895645325,0.4325066959820996,-0.0125579485680404,0.5935677270070974,0.4662121033632188,0.8606399719003324,4.839566805540155,2.579781750882153,-1160.256260310162,,0.8002028508877623,0.9999994324487448
990,baclofen,Method 1,KPYSYYIEGFHWSV-UHFFFAOYSA-N,HMDB0014327,D00241,0.9924812030075189,False,within_12m,sample_median_scaled,True,lbfgs,0.0012428453630405,-0.0382346457673633,-0.0012428453630395,0.0525320917862115,0.4667151706224959,0.9010481786366265,0.001040789344729,0.0648810770335744,-31.42766803403356,,0.8002028508877623,0.9999994324487448
399,isovalerylcarnitine (C5),Method 1,IGQBPDJNUXPEMT-UHFFFAOYSA-N,HMDB0000688,C20826,0.0,True,within_12m,sample_median_scaled,True,lbfgs,0.0010249654269673,-0.1385617774878343,0.0290813310528703,0.1918903643069339,0.4702402213717187,0.2500926204367517,0.4555661942564009,0.3276235228064372,-590.4583562638277,,0.8048018125627086,0.9999994324487448
96,2'-deoxyuridine,Method 3,MXHRCPNRJAMMIM-UHFFFAOYSA-N,HMDB0000012,C00526,0.0244360902255639,True,within_12m,sample_median_scaled,True,lbfgs,0.000954433320249,-0.1369593679533351,0.0006825030173388,0.1901864809877373,0.471443736312751,0.9751586200574408,0.5201546177497597,0.23810355324596,-537.6077404127325,,0.8054181899439663,0.9999994324487448
1084,3-amino-2-piperidone,Method 1,YCCMTCQQDULIFE-UHFFFAOYSA-N,HMDB0000323,,0.0,True,within_12m,sample_median_scaled,True,lbfgs,0.0003944144850277,-0.0940815960709012,-0.0042132526428866,0.1315093831497959,0.474362930096359,0.7499292082805866,0.2736443231743595,0.0852919611492256,-294.12720087568846,,0.8089582111464694,0.9999994324487448
866,1-stearoyl-2-linoleoyl-GPE (18:0/18:2)*,Method 2,YDTWOEYVDRKKCR-KNERPIHHSA-N,HMDB0008994,,0.0,True,within_12m,sample_median_scaled,True,lbfgs,0.0001108044645799,-0.1261530020072148,-0.0105465288964062,0.1767827444341249,0.4754716340157104,0.6121815686194181,0.4403830792537388,0.2160944762972399,-506.6714736422857,,0.8094035837522343,0.9999994324487448
1136,10-hydroxywarfarin,Method 3,BPZSPAZBZFZZBN-UHFFFAOYSA-N,HMDB0013884,,0.9661654135338346,False,within_12m,sample_median_scaled,True,lbfgs,0.003505057209213,-0.1692558379355266,-0.0035050572092129,0.2379521474504466,0.4768971136705715,0.8750427124449476,0.9302379838546628,0.2402447527464645,-584.7261849683362,,0.8094090059793804,0.9999994324487448
587,1-hydroxy-2-naphthalenecarboxylate,Method 3,SJJCQDRGABAVBB-UHFFFAOYSA-N,,C03203,0.9417293233082706,False,within_12m,sample_median_scaled,True,lbfgs,0.0057374654744107,-0.1868608341083209,-0.002932566156509,0.264069153380241,0.4791807524023039,0.8972993074606593,1.1884509931155038,0.2472660381765612,-610.2369424945066,,0.8094090059793804,0.9999994324487448
387,"fibrinopeptide A, des-ala(1)*",Method 3,JAMFMQAPZKXSKC-UHFFFAOYSA-N,,,0.0,True,within_12m,sample_median_scaled,True,lbfgs,0.0060949357375922,-0.1826966533752265,-0.0111340942433823,0.2588055783300255,0.4802364004783042,0.7587893356671023,0.745984561796588,0.6921385015247685,-772.8600312540409,,0.8094090059793804,0.9999994324487448
1160,glipizide,Method 3,ZJJXGWJIGJFDTL-UHFFFAOYSA-N,HMDB0015200,D00335,0.9830827067669172,False,within_12m,sample_median_scaled,True,lbfgs,0.0009551957865735,0.1312672330856545,0.0013163700890193,0.1860862794503087,0.4805547525125085,0.9081031731874848,0.6449363944241203,0.0608301514587932,-305.63511457370487,,0.8094090059793804,0.9999994324487448
1147,"2,6-dihydroxybenzoic acid",Method 3,AKEUNCKRJATALU-UHFFFAOYSA-N,HMDB0013676,,0.0,True,within_12m,sample_median_scaled,True,lbfgs,-0.0070938827458249,0.1721847245343251,-0.0202320634850441,0.2442548406062677,0.4808482966026104,0.5212448255788806,0.7554306504412548,0.5106375856985634,-712.70549142308,,0.8094090059793804,0.9999994324487448
1231,decadienedioic acid (C10:2-DC)**,Method 4,FRWVXIATCBRYHA-KPMZXABDSA-N,,,0.0770676691729323,True,within_12m,sample_median_scaled,True,lbfgs,0.009122615629572,-0.3257785440091374,0.0385073897708802,0.4624914696756581,0.4811843080403996,0.4470879422990923,3.197764075971696,1.268319622362584,-993.3703323227468,,0.8094090059793804,0.9999994324487448
505,1-linoleoyl-GPI (18:2)*,Method 3,SAHCQBPGXQFTRA-WNOZMNFTSA-N,HMDB0240597,,0.0,True,within_12m,sample_median_scaled,True,lbfgs,0.001241235141827,-0.1258121111442085,-0.0006164283291029,0.178700148744727,0.4814076601008252,0.9773813319243112,0.4341947387163313,0.2389697945772943,-525.1112233854017,,0.8094090059793804,0.9999994324487448
1261,tetrahydrocortisone glucuronide (5),Method 3,QUOCEDQXFGCYTL-QMELEVSMSA-N,,,0.2593984962406015,False,within_12m,sample_median_scaled,True,lbfgs,0.0001851573472211,-0.3037198928069415,0.037260551629466,0.4328481207361186,0.4828801556942438,0.4335918939215,2.7924583387998783,1.120792669818631,-959.5712541841574,,0.8104579063058047,0.9999994324487448
674,prolylglycine,Method 1,RNKSNIBMTUYWSH-YFKPBYRVSA-N,HMDB0011178,,0.0131578947368421,True,within_12m,sample_median_scaled,True,lbfgs,-0.0018335002486986,0.1485667592551903,-0.0029937457828913,0.2124931478617627,0.4844518982283383,0.9129424396467308,0.5743356899426245,0.3835482391247063,-637.4066526021484,,0.8116694084351983,0.9999994324487448
1176,fibrinopeptide B (1-11)**,Method 3,YXFOTICOZNPKPN-UHFFFAOYSA-N,,,0.0018796992481203,True,within_12m,sample_median_scaled,True,lbfgs,-0.0070160522244415,0.1722073341602968,-0.0049488945619604,0.2475999340175848,0.4867380133889436,0.8637390288813548,0.8704241488382909,0.4163001879836052,-682.9727119917745,,0.8140714584701246,0.9999994324487448
108,mannose,Method 4,WQZGKKKJIJFFOK-DXQLJALPSA-N,HMDB0000169,"C00159,C02209,C00936",0.0,True,within_12m,sample_median_scaled,True,lbfgs,-0.0001044110142675,0.1783982580010469,0.0285816183301713,0.2575039392770947,0.4884362205673697,0.0873158735714592,1.222033021339046,0.1310847558499897,-498.4679988423852,,0.8154835500731434,0.9999994324487448
970,2-hydroxynervonate*,Method 3,UFOOFOUFKSIFCD-KTKRTIGZSA-N,,,0.037593984962406,True,within_12m,sample_median_scaled,True,lbfgs,-0.0083619070893569,0.221555149563913,-0.0125323545779251,0.320973695022456,0.4900309975816024,0.757064350764664,1.34303811521261,0.837282029653237,-849.8224548531405,,0.8165706549728806,0.9999994324487448
175,N-acetylneuraminate,Method 1,SQVRNKJHWKZAKO-UHFFFAOYSA-N,HMDB0000230,C00270,0.0,True,within_12m,sample_median_scaled,True,lbfgs,0.0010906767249509,-0.0780814459460896,-0.0116900317466358,0.1135784383929166,0.4917883914128269,0.3292552207826799,0.1980072390531707,0.0705933264646157,-233.24784073105843,,0.8165706549728806,0.9999994324487448
839,linoleoyl ethanolamide,Method 3,KQXDGUVSAAQARU-HZJYTTRNSA-N,HMDB0012252,,0.0,True,within_12m,sample_median_scaled,True,lbfgs,0.0002105427971562,-0.1261216860501457,0.0143257547832589,0.1837310752592807,0.4924311356557864,0.5435744039875192,0.4312902802922934,0.2845074781083955,-558.7928087553576,,0.8165706549728806,0.9999994324487448
1024,carotene diol (2),Method 2,JKQXZKUSFCKOGQ-DKLMTRRASA-N,,,0.0075187969924812,True,within_12m,sample_median_scaled,True,lbfgs,-0.0018138989174224,-0.1637807537444242,-0.0193911036696962,0.2386636551904319,0.492561230882881,0.3716333003354979,0.9496047432717204,0.2259938252566637,-575.1575879677412,,0.8165706549728806,0.9999994324487448
1023,carotene diol (1),Method 2,JKQXZKUSFCKOGQ-DKLMTRRASA-N,,,0.0,True,within_12m,sample_median_scaled,True,lbfgs,-0.0042763306448925,-0.1594979238952999,-0.0139292163524459,0.2328537382215532,0.4933625842087457,0.5689506014402379,0.8363812244857423,0.2920574063013688,-612.5902468795298,,0.8165706549728806,0.9999994324487448
667,pregnanediol-3-glucuronide,Method 3,ZFFFJLDTCLJDHL-JQYCEVDMSA-N,HMDB0010318,,0.5883458646616542,False,within_12m,sample_median_scaled,True,lbfgs,-0.0022202612710603,-0.2697854095065398,0.0194777134915632,0.3981725037774621,0.4980512761134485,0.6297811383935692,2.495965641139798,0.796511743884071,-886.5458952189458,,0.822904790118241,0.9999994324487448
878,1-(1-enyl-palmitoyl)-2-arachidonoyl-GPE (P-16:0/20:4)*,Method 2,UUYSKERSKRMYME-MAIXUNBTSA-N,HMDB0011352,,0.0,True,within_12m,sample_median_scaled,True,lbfgs,0.0002834501328699,-0.101907347180269,0.0071001580065391,0.1519625304639169,0.5024700392688511,0.6382242800717501,0.3678484811933258,0.111123886633861,-366.9918313171379,,0.8274627913467294,0.9999994324487448
658,N6-methyllysine,Method 1,PQNASZJZHFPQLE-LURJTMIESA-N,HMDB0002038,C02728,0.0,True,within_12m,sample_median_scaled,True,lbfgs,0.0017258961248156,-0.1665091604666334,-0.0131642337489689,0.2485804259552776,0.5029596685761604,0.1896630874969095,1.20593116477373,0.0465289651169695,-315.2669419018173,,0.8274627913467294,0.9999994324487448
781,arabonate/xylonate,Method 4,QXKAIJAYHKCRRA-JJYYJPOSSA-N,HMDB0000539,"C00502,C05411",0.0018796992481203,True,within_12m,sample_median_scaled,True,lbfgs,0.0031216473801302,0.1294540792525286,0.0003088061988634,0.1936048226395148,0.503718062297284,0.9876768724502456,0.5836934931791067,0.19563138462396,-509.2111638621554,,0.8274627913467294,0.9999994324487448
1137,7-hydroxywarfarin,Method 3,SKFYEJMLNMTTJA-UHFFFAOYSA-N,HMDB0013886,,0.9680451127819548,False,within_12m,sample_median_scaled,True,lbfgs,0.0010362130989354,-0.0475443160251384,-0.0010362130989354,0.0712758296960082,0.5047422230925149,0.8258055538060072,0.0932980094150127,0.0104141234874387,178.73132222994877,,0.8274627913467294,0.9999994324487448
876,gamma-tocopherol/beta-tocopherol,Method 2,QUEDXNHFTDJVIY-DQCZWYHMSA-N,"HMDB0006335,HMDB0001492","C14152,C02483",0.0,True,within_12m,sample_median_scaled,True,lbfgs,-0.0026769570420002,-0.1617152194073438,0.0026810788419891,0.2432764597315592,0.5062177894627911,0.8795820155240199,1.0632832185696637,0.1480004399141017,-507.9629983659343,,0.8274627913467294,0.9999994324487448
151,N-acetylvaline,Method 3,IHYJTAOFMMMOPX-LURJTMIESA-N,HMDB0011757,,0.0,True,within_12m,sample_median_scaled,True,lbfgs,0.0006976814960247,0.0857295100791064,-0.0012832703845121,0.1292467580329463,0.5071377653896936,0.8909977568061889,0.3004318817694326,0.041414917623602,-170.03149020185992,,0.8274627913467294,0.9999994324487448
886,N-palmitoyl-sphinganine (d18:0/16:0),Method 2,GCGTXOVNNFGTPQ-JHOUSYSJSA-N,HMDB11760,,0.0,True,within_12m,sample_median_scaled,True,lbfgs,-0.0025593100565873,-0.1054344815823296,-0.0130592125764017,0.1590118821005194,0.5072918736355592,0.444207561031931,0.3835844123047889,0.1435664636068689,-418.3043503760648,,0.8274627913467294,0.9999994324487448
167,2-aminobutyrate,Method 1,QWCKQJZIFLGMSD-GSVOUGTGSA-N,HMDB0000452,C02356,0.0,True,within_12m,sample_median_scaled,True,lbfgs,0.0010176513337072,-0.1295657324091537,0.0202295162261012,0.1956127302550436,0.507741566208569,0.1967054020335776,0.6688009309416877,0.1167885410977151,-425.4835025546679,,0.8274627913467294,0.9999994324487448
515,2-ethylphenylsulfate,Method 3,TXENPQZYQPWRAV-UHFFFAOYSA-N,,,0.5827067669172933,False,within_12m,sample_median_scaled,True,lbfgs,-0.0063396307183073,-0.3385898877106791,-0.0265596870136425,0.5127275371099429,0.5090164140803358,0.6721103974566374,3.554692423445452,1.9899815797637643,-1087.6930464977083,,0.82812721541179,0.9999994324487448
821,C-glycosyltryptophan,Method 3,CPXSBHKDEPPWIX-RAYCSJGISA-N,HMDB0240296,,0.0,True,within_12m,sample_median_scaled,True,lbfgs,-0.0007968212681484,0.1052243285329726,-0.003298782966697,0.1600002104456329,0.5107622941691795,0.7805621754380938,0.4579515921391784,0.0662497767816044,-290.81845647707564,,0.8295544063462014,0.9999994324487448
314,2-pyrrolidinone,Method 1,HNJBEVLQSNELDL-UHFFFAOYSA-N,HMDB0002039,,0.0075187969924812,True,within_12m,sample_median_scaled,True,lbfgs,0.0088025012091131,-0.200659341229998,-0.0147772809559993,0.3060258999867037,0.5120210411605721,0.5748929455181591,1.5958300439967636,0.3323750871553135,-688.8312878317231,,0.8301869173316577,0.9999994324487448
863,sitagliptin,Method 3,MFFMDFFZMYYVKS-UHFFFAOYSA-N,HMDB0015390,"DG00118,D08516",0.9924812030075189,False,within_12m,sample_median_scaled,True,lbfgs,0.0004479228612371,-0.0269423871639495,-0.0004479228612366,0.0411798499067919,0.5129433955800304,0.9276377380208052,0.0234354173212701,0.0122533432629954,261.3561182499232,,0.8302727843710662,0.9999994324487448
997,sphingomyelin (d18:2/24:2)*,Method 2,ZLNGRWIWHFFRNK-UKCALJHFSA-N,HMDB0240644,,0.0,True,within_12m,sample_median_scaled,True,lbfgs,-0.0029820426104952,-0.0880934094187618,0.0174735840048119,0.1358565519652823,0.5167071317752261,0.1431383565576541,0.31197211750368,0.0683811064660972,-263.9845586967533,,0.8303090289992465,0.9999994324487448
375,gamma-glutamylglycine,Method 1,ACIJGUBIMXQCMF-BYPYZUCNSA-N,HMDB0011667,,0.0,True,within_12m,sample_median_scaled,True,lbfgs,-0.0014354200295459,0.0669884110191058,0.0002131631554294,0.1035439715800332,0.5176603123999486,0.9872371791273248,0.1365915895329409,0.0907954315131859,-254.456683504656,,0.8303090289992465,0.9999994324487448
557,gamma-CEHC,Method 3,VMJQLPNCUPGMNQ-UHFFFAOYSA-N,HMDB0001931,,0.0112781954887218,True,within_12m,sample_median_scaled,True,lbfgs,0.0065009549275272,-0.1813658595416657,0.0082397250147131,0.2808157696776548,0.5183742090946863,0.8122020863611119,1.05488150210705,0.6100610647783913,-770.8825568700752,,0.8303090289992465,0.9999994324487448
1030,THC carboxylic acid glucuronide,Method 3,UWXZAZRSQQLWKH-AREXMYMPSA-N,,,0.9417293233082706,False,within_12m,sample_median_scaled,True,lbfgs,0.001122173211411,0.2383871771998649,0.0167557708175726,0.369591177814856,0.5189256646241991,0.6578668783318756,2.140078104012949,0.6981427642747328,-849.7423595003727,,0.8303090289992465,0.9999994324487448
509,2-hydroxyacetaminophen sulfate*,Method 3,HRLQZTOIKWEZBN-UHFFFAOYSA-N,HMDB0062547,,0.6334586466165414,False,within_12m,sample_median_scaled,True,lbfgs,0.0101186098933433,-0.5860019733057427,-0.1304932236466488,0.911900275868196,0.520473109416723,0.2619553040571308,10.700551315423796,6.921986465771433,-1409.132378536233,,0.8303090289992465,0.9999994324487448
807,"sphingomyelin (d18:1/22:2, d18:2/22:1, d16:1/24:2)*",Method 2,BBJBWENPFZYXKM-CUYAXJSGSA-N,"HMDB0240670,HMDB0240672,HMDB0240669",,0.0,True,within_12m,sample_median_scaled,True,lbfgs,-0.0021548019770656,-0.0792926249238275,0.0154385512014605,0.1234403529282329,0.5206422005524531,0.1863147832095111,0.2490983133300227,0.0660665560912382,-239.15723783263047,,0.8303090289992465,0.9999994324487448
424,5-methyluridine (ribothymidine),Method 3,DWRXFEITVBNRMK-JXOAFFINSA-N,HMDB0000884,,0.0,True,within_12m,sample_median_scaled,True,lbfgs,-0.0001673030912807,0.0815936049935228,-0.0211799769745582,0.127647067882661,0.5226846830187812,0.0939391402806429,0.260012860915132,0.0778747239188969,-273.1040964859808,,0.8303090289992465,0.9999994324487448
679,norfluoxetine,Method 2,WIQRCHMSJFFONW-UHFFFAOYSA-N,HMDB0060551,,0.975563909774436,False,within_12m,sample_median_scaled,True,lbfgs,-0.0013488341666608,-0.0856427517899739,0.0013488341666606,0.1341531050704535,0.523216195464405,0.9160913412074368,0.2929643974468369,0.0794463140295443,-286.41075288167644,,0.8303090289992465,0.9999994324487448
441,nifedipine,Method 3,HYIMSNHJOBLJNT-UHFFFAOYSA-N,,"C07266,D00437",0.9981203007518796,False,within_12m,sample_median_scaled,True,lbfgs,1.625291585860391e-14,-0.0060798179578402,-1.6111817806034778e-14,0.0096204946385472,0.527409607738656,0.9999994324487448,0.0018683082696922,2.347535980835133e-13,4769.30095841902,,0.8303090289992465,0.9999994324487448
725,meglumine,Method 1,MBBZMMPHUWSWHV-UHFFFAOYSA-N,HMDB0240291,,0.9981203007518796,False,within_12m,sample_median_scaled,True,lbfgs,1.626551578077862e-14,-0.0060766338056738,-1.6207762690278744e-14,0.0096204937148736,0.5276258686474236,0.9999994290689592,0.0018683083368733,2.347535546605979e-13,4769.300986854189,,0.8303090289992465,0.9999994324487448
250,3-indoxyl sulfate,Method 3,BXFFHSIDQOFMLE-UHFFFAOYSA-N,HMDB0000682,,0.0,True,within_12m,sample_median_scaled,True,lbfgs,0.00815832109559,-0.2061509839016545,0.0355113453061321,0.3264648893959164,0.5277368624758854,0.3688715492161627,1.4570803634052267,0.7882533970606553,-843.8133414197612,,0.8303090289992465,0.9999994324487448
852,aripiprazole,Method 2,CEUORZQYGODEFX-UHFFFAOYSA-N,HMDB0005042,C12564,0.9981203007518796,False,within_12m,sample_median_scaled,True,lbfgs,1.6175876847027818e-14,-0.0060745607037769,-1.6361500448879832e-14,0.009620494929796,0.527766771607305,0.9999994236535013,0.0018683094931329,2.3475361486953813e-13,4769.3008845653685,,0.8303090289992465,0.9999994324487448
880,1-(1-enyl-palmitoyl)-2-oleoyl-GPC (P-16:0/18:1)*,Method 2,CRBBMHQTIAELIS-KQBBALDBSA-N,HMDB0007996,,0.0,True,within_12m,sample_median_scaled,True,lbfgs,-0.0009112673668895,-0.0778682020655479,0.0008501958802122,0.1234908820699059,0.528329364374297,0.9355626541341824,0.2609198131708919,0.0529236507381872,-202.2951536644157,,0.8303090289992465,0.9999994324487448
662,maprotiline,Method 2,QSLMDECMDJKHMQ-UHFFFAOYSA-N,HMDB0015069,"C07107,D02566",0.9981203007518796,False,within_12m,sample_median_scaled,True,lbfgs,1.6298089231036774e-14,-0.0060640405967293,-1.631588175242619e-14,0.0096204944656057,0.5284818048393929,0.9999994252604304,0.001868308923635,2.347535949133555e-13,4769.300927839992,,0.8303090289992465,0.9999994324487448
398,laurylcarnitine (C12),Method 2,FUJLYHJROOYKRA-UHFFFAOYSA-N,HMDB000225,,0.0,True,within_12m,sample_median_scaled,True,lbfgs,-0.0008284058307526,0.1355590903627378,0.0097990174860202,0.2152372196193536,0.5288172694399718,0.7186881082755157,0.6045201301859261,0.3758420814390646,-636.9493093718811,,0.8303090289992465,0.9999994324487448
854,enalapril,Method 2,GBXSMTUPTTWBMN-UHFFFAOYSA-N,HMDB0014722,"C06977,D03769,DG00335",0.9981203007518796,False,within_12m,sample_median_scaled,True,lbfgs,1.62998757343432e-14,-0.006058249431512,-1.6317391577349938e-14,0.0096204849988354,0.5288752360942869,0.9999994252072298,0.0018683076352254,2.347535819485723e-13,4769.301002162691,,0.8303090289992465,0.9999994324487448
1124,pravastatin,Method 3,TUZYXOIXSAXUGO-PZAWKZKUSA-N,HMDB0005022,"DG00353,C01844,D08410",0.9981203007518796,False,within_12m,sample_median_scaled,True,lbfgs,1.634222605798137e-14,-0.0060552123941885,-1.6157472643270675e-14,0.009620489588486,0.5290820306515764,0.9999994308399848,0.0018683074921248,2.347531582109107e-13,4769.301319828235,,0.8303090289992465,0.9999994324487448
688,fexofenadine,Method 2,RWTNPBWLLIMQHL-UHFFFAOYSA-N,HMDB0005030,C06999,0.9981203007518796,False,within_12m,sample_median_scaled,True,lbfgs,1.6317439216201673e-14,-0.0060524428763265,-1.635264872743066e-14,0.0096204923384595,0.5292705838101007,0.999999423965157,0.0018683075197784,2.347534902958963e-13,4769.301075123551,,0.8303090289992465,0.9999994324487448
18,quinolinate,Method 4,GJAWHXHKYYXBSV-UHFFFAOYSA-N,HMDB0000232,C03722,0.0093984962406015,True,within_12m,sample_median_scaled,True,lbfgs,-0.0020148579503833,-0.1391167829024267,0.0010372455445768,0.2221989465511182,0.5312551893800781,0.9657661161844852,0.7417371365764814,0.2886489145720812,-601.0836001477564,,0.8303090289992465,0.9999994324487448
1242,norethindrone sulfate,Method 3,GCUIJBFFHDSMDP-UHFFFAOYSA-N,,,0.9981203007518796,False,within_12m,sample_median_scaled,True,lbfgs,1.6390008984584672e-14,-0.0060194875501703,-1.6630506629141362e-14,0.0096204929372896,0.5315154756604143,0.9999994141770312,0.001868308278703,2.347531985942021e-13,4769.301250664992,,0.8303090289992465,0.9999994324487448
1094,delta-CEHC,Method 3,BNVXCCQXUZCRSR-UHFFFAOYSA-N,,,0.0770676691729323,True,within_12m,sample_median_scaled,True,lbfgs,0.0003793705085143,-0.1895946163644504,-0.003565051479196,0.3035980066721961,0.5323043279764685,0.9322933957455042,1.0548658044092132,0.9191582426626538,-852.2850992373476,,0.8303090289992465,0.9999994324487448
276,palmitoylcarnitine (C16),Method 2,XOMRRQXKHMYMOC-UHFFFAOYSA-N,HMDB0000222,C02990,0.0,True,within_12m,sample_median_scaled,True,lbfgs,0.0001010562124356,-0.0814638919207126,0.0173348968603273,0.1306336475149943,0.5328865425964783,0.1812617706637855,0.2724027642197102,0.0814600992311551,-285.20021358283566,,0.8303090289992465,0.9999994324487448
1018,metronidazole,Method 1,VAOCPAMSLUNLGC-UHFFFAOYSA-N,HMDB0015052,"DG00006,C07203,D00409",0.9981203007518796,False,within_12m,sample_median_scaled,True,lbfgs,1.6499627096353128e-14,-0.0059982775882004,-1.6679460232860715e-14,0.009620491637209,0.5329627589283121,0.9999994124526044,0.0018683070370039,2.347532013654097e-13,4769.301311108066,,0.8303090289992465,0.9999994324487448
795,valsartan,Method 3,ACWBQPMHZXGDFX-UHFFFAOYSA-N,HMDB0014323,,0.9830827067669172,False,within_12m,sample_median_scaled,True,lbfgs,-0.0019135366680309,-0.0932889744528139,0.0019135366680303,0.1501575204865612,0.5344193091072241,0.9223810084954353,0.2806623421139635,0.198647930440733,-458.4441688248549,,0.8312222153052101,0.9999994324487448
40,choline phosphate,Method 1,YHHSONZFOIEMCP-UHFFFAOYSA-N,HMDB0001565,C00588,0.0018796992481203,True,within_12m,sample_median_scaled,True,lbfgs,0.0011688658864573,-0.121903970337172,0.020261220768841,0.1984123674168217,0.5389529943069853,0.4219229590593615,0.5086530588061976,0.3253062202393479,-596.575046772092,,0.8346840073558528,0.9999994324487448
857,palmitoyl dihydrosphingomyelin (d18:0/16:0)*,Method 2,QHZIGNLCLJPLCU-QPPIDDCLSA-N,HMDB0010168,,0.0,True,within_12m,sample_median_scaled,True,lbfgs,-0.0032124278912923,-0.0647109341667277,-0.0011145563163121,0.1053519159284195,0.5390594204343131,0.9157999691279624,0.1763394959281186,0.0539343036066675,-173.71890334910017,,0.8346840073558528,0.9999994324487448
192,fluoxetine,Method 2,RTHCYVBBDHJXIQ-UHFFFAOYSA-N,HMDB0014615,D00326,0.975563909774436,False,within_12m,sample_median_scaled,True,lbfgs,-0.003250697120575,-0.1631983295541025,0.0032506971205749,0.2658292115759161,0.5392670497785981,0.9020735976725548,1.1255503373629985,0.3401532356890243,-664.5480120343516,,0.8346840073558528,0.9999994324487448
1198,eicosenedioate (C20:1-DC)*,Method 3,NZLFRLCYQVOISV-IWQZZHSRSA-N,,,0.0018796992481203,True,within_12m,sample_median_scaled,True,lbfgs,-0.0061437359859661,0.1519361893338927,-0.0223186476570209,0.2482574452096013,0.5405307408474591,0.3736541079406423,0.9721926432572378,0.3074217883508382,-634.0326287392479,,0.8352861771995524,0.9999994324487448
531,"bilirubin (E,Z or Z,E)*",Method 2,BPYKTIZUTYGOLE-BMNRKXRESA-N,HMDB0000488,C00486,0.0018796992481203,True,within_12m,sample_median_scaled,True,lbfgs,-0.003855336616758,0.1125219321940731,0.000854287338905,0.1853390464562027,0.5437752514369176,0.9655818260853866,0.5228329465858068,0.1930604756082219,-498.1379345107923,,0.8389424315383787,0.9999994324487448
677,succinimide,Method 3,KZNICNPSHKQLFF-UHFFFAOYSA-N,,C07273,0.1033834586466165,True,within_12m,sample_median_scaled,True,lbfgs,0.0003981269293844,-0.2029781167139096,-0.0527906478382027,0.3364392658179703,0.5463006169448092,0.1460849936839233,1.71090840370177,0.6498747665418236,-818.8214852162243,,0.8401923578622068,0.9999994324487448
1076,glutamine conjugate of C8H12O4 (1)*,Method 3,,,,0.6372180451127819,False,within_12m,sample_median_scaled,True,lbfgs,0.0071349169377895,-0.1939819553648906,0.0012098485527353,0.3223590117277256,0.5473355640816426,0.9785626274604676,1.1680950942139168,1.0612540442342513,-887.8731152124749,,0.8401923578622068,0.9999994324487448
31,aspartate,Method 1,CKLJMWTZIZZHCS-UHFFFAOYSA-N,HMDB0000191,C00049,0.0,True,within_12m,sample_median_scaled,True,lbfgs,-0.0047941752819761,-0.0938700497952241,0.0114710637686795,0.1574290844739112,0.5509956768560966,0.5339597148985931,0.3500854421070616,0.1704012175432598,-444.0750638843954,,0.8401923578622068,0.9999994324487448
344,1-methyl-4-imidazoleacetate,Method 1,ZHCKPJGJQOPTLB-UHFFFAOYSA-N,HMDB0002820,C05828,0.0,True,within_12m,sample_median_scaled,True,lbfgs,0.0022153699717847,0.0918895492876491,0.0041781401990365,0.1544837717552312,0.5519659082367099,0.7657069736102651,0.3978361129672539,0.0947216658050556,-343.81703249329485,,0.8401923578622068,0.9999994324487448
558,N-acetyl-beta-alanine,Method 3,LJLLAWRMBZNPMO-UHFFFAOYSA-N,HMDB0061880,C01073,0.0018796992481203,True,within_12m,sample_median_scaled,True,lbfgs,0.0010746835772399,0.0797956369284158,-0.014825185681595,0.1345384197005282,0.5531097528287205,0.3437367609117949,0.2571642873922642,0.1227383196697888,-358.2470754787803,,0.8401923578622068,0.9999994324487448
101,tryptophan,Method 1,QIVBCDIJIAJPQS-VIFPVBQESA-N,HMDB0000929,C00078,0.0,True,within_12m,sample_median_scaled,True,lbfgs,-0.0017756971650634,-0.0624274168823289,-0.003092795801619,0.1053134569987562,0.5533302637045301,0.81521208226936,0.1453850026197953,0.0892303817569124,-255.3555135381207,,0.8401923578622068,0.9999994324487448
321,"1,3-dimethylurate",Method 3,OTSBKHHWSQYEHK-UHFFFAOYSA-N,HMDB0001857,,0.0770676691729323,True,within_12m,sample_median_scaled,True,lbfgs,0.0183996227469728,-0.2311140616515868,0.01088283276567,0.3899292368221659,0.5533767864976864,0.8434991892461855,1.6647094184175983,1.6043862035078962,-994.122742967056,,0.8401923578622068,0.9999994324487448
710,2-aminooctanoate,Method 2,AKVBCGQVQXPRLD-UHFFFAOYSA-N,HMDB0000991,,0.0244360902255639,True,within_12m,sample_median_scaled,True,lbfgs,0.0015952456955464,0.1615966595379303,-0.0430355996352729,0.2727366146126562,0.5535152920914284,0.1997720679708803,0.999572493941073,0.5702751607612836,-753.9076403283023,,0.8401923578622068,0.9999994324487448
925,ascorbic acid 2-sulfate,Method 4,SKKZOYBAANIUOV-ZAFYKAAXSA-N,HMDB0060649,,0.0,True,within_12m,sample_median_scaled,True,lbfgs,0.0038603868975524,-0.127405361171328,-0.0192908124044438,0.215133329023732,0.5537060761481643,0.3771924225384399,0.7280411443734626,0.2332058733282483,-559.5156887386354,,0.8401923578622068,0.9999994324487448
904,1-stearoyl-2-oleoyl-GPI (18:0/18:1)*,Method 2,YOBFISPJJWPPTK-BAAZTTAESA-N,HMDB0240667,,0.0,True,within_12m,sample_median_scaled,True,lbfgs,-0.0007888492617068,-0.1140995249210943,-0.0336553125501065,0.1929567773022425,0.5543049087739323,0.1527834000631888,0.5048318040471018,0.2802472654019534,-566.8785215751975,,0.8401923578622068,0.9999994324487448
168,urate,Method 3,LEHOTFFKMJEONL-UHFFFAOYSA-N,HMDB0000289,C00366,0.0,True,within_12m,sample_median_scaled,True,lbfgs,-0.0011686397881787,0.0901957812527396,-0.0061332141040157,0.1527494143729169,0.554867543115833,0.541014955443343,0.4289914891799067,0.0472712364958628,-224.79292737698165,,0.8401923578622068,0.9999994324487448
238,N-acetylglutamate,Method 4,RFMMMVDNIPUKGG-YFKPBYRVSA-N,HMDB0001138,C00624,0.0,True,within_12m,sample_median_scaled,True,lbfgs,0.0029354465736518,-0.1039768397978149,-0.0037134225842385,0.1762106171548938,0.5551428039906309,0.8397421868411539,0.480546661532311,0.1654546745170467,-462.5363673063755,,0.8401923578622068,0.9999994324487448
1005,arachidoylcarnitine (C20)*,Method 2,SVJLJQBGUITFLI-UHFFFAOYSA-N,HMDB0006460,,0.075187969924812,True,within_12m,sample_median_scaled,True,lbfgs,-0.0030998925341898,-0.1466436342915694,0.0124846418990721,0.2500192640929513,0.5575198499432981,0.675610655101099,0.8706890114400344,0.4438802669012199,-695.3554264348807,,0.8420666566610279,0.9999994324487448
547,"5alpha-androstan-3alpha,17beta-diol disulfate",Method 3,JHFAETDERBWUOO-ILBJSTGGSA-N,HMDB0094682,,0.400375939849624,False,within_12m,sample_median_scaled,True,lbfgs,-0.0091175626687315,0.3694848238224179,0.0322871120469129,0.6309514326536328,0.558144705409875,0.467181761153109,7.210516204240681,0.9296349140678,-1003.4169738218122,,0.8420666566610279,0.9999994324487448
249,indolelactate,Method 3,XGILAAMKEQUXLS-UHFFFAOYSA-N,HMDB0000671,C02043,0.0,True,within_12m,sample_median_scaled,True,lbfgs,-0.0012090327306437,0.111644192476955,0.0016998724895528,0.1918777359494961,0.5606672590267243,0.936940836297402,0.5410951642543523,0.2290020013478963,-533.122673796744,,0.8445382214046084,0.9999994324487448
202,1-palmitoyl-2-oleoyl-GPE (16:0/18:1),Method 2,FHQVHHIBKUMWTI-OTMQOFQLSA-N,HMDB0005320,,0.0,True,within_12m,sample_median_scaled,True,lbfgs,0.0020660921724984,-0.0974624467627524,-0.0095978553587298,0.1686533985085148,0.5633410521912111,0.6028589284985383,0.4257130434192373,0.1681373917647237,-456.1959943891338,,0.8465536035212119,0.9999994324487448
9,3-hydroxy-3-methylglutarate,Method 4,NPOAOTPXWNWTSH-UHFFFAOYSA-N,HMDB0000355,C03761,0.0,True,within_12m,sample_median_scaled,True,lbfgs,0.0063630172085413,-0.088427667696392,-0.0074972264891618,0.1533361956700968,0.5641479326938279,0.6580626559131811,0.3492798445649005,0.1419779711255823,-409.0171863751607,,0.8465536035212119,0.9999994324487448
446,glutamine_degradant*,Method 1,NPWMTBZSRRLQNJ-UHFFFAOYSA-N,,,0.0,True,within_12m,sample_median_scaled,True,lbfgs,-0.0005717307795402,0.1175261773132875,0.0146192173018931,0.2040643778934009,0.5646645502021068,0.3707836279265701,0.7279368063659976,0.1269869447865803,-447.8386143767,,0.8465536035212119,0.9999994324487448
1079,fibrinopeptide A (7-16)*,Method 3,NQUPYRJVFYRZQX-UHFFFAOYSA-N,,,0.0018796992481203,True,within_12m,sample_median_scaled,True,lbfgs,0.0032875884685394,0.1215338799569937,-0.0015573524996211,0.2117685162574048,0.5660357016353206,0.9566387675434764,0.5313617786242477,0.4262769443907371,-653.232354671474,,0.8472791458647823,0.9999994324487448
1001,"sphingomyelin (d17:2/16:0, d18:2/15:0)*",Method 2,YHBBZTIPONDTRX-TVUHHANTSA-N,HMDB0240677,,0.0112781954887218,True,within_12m,sample_median_scaled,True,lbfgs,0.0006964197609553,-0.1069356808528551,0.0311166476087309,0.1873284692481272,0.5681041340629254,0.1031315854216742,0.5507408691322481,0.1782712095940992,-487.2356333441389,,0.8485495619206358,0.9999994324487448
1182,tenofovir,Method 3,SGOIRFVFHAKUTI-ZCFIWIBFSA-N,HMDB0014445,C17407,0.9943609022556392,False,within_12m,sample_median_scaled,True,lbfgs,-4.809257837310465e-05,0.0270292714845532,0.0002386684644957,0.0474177861261878,0.5686614865227297,0.9069564984495958,0.0436708692809875,0.0019287761522946,543.8474255409664,,0.8485495619206358,0.9999994324487448
1180,emtricitabine,Method 1,XQSPYNMVSIKCOC-NTSWFWBYSA-N,HMDB0015017,"C12599,D01199",0.9924812030075189,False,within_12m,sample_median_scaled,True,lbfgs,-2.1245953879137215e-05,-0.0573545076143875,2.124595387905541e-05,0.1017086991189406,0.5728156845847556,0.9787586095744352,0.2085593553370047,0.0002914558872075,724.37672788233,,0.8519218745666749,0.9999994324487448
51,fumarate,Method 4,VZCYOOQTPOCHFL-OWOJBTEDSA-N,HMDB0000134,C00122,0.0018796992481203,True,within_12m,sample_median_scaled,True,lbfgs,0.001350705298132,-0.1348064290538798,-0.0225380438835986,0.2392616403860647,0.5731442675440177,0.2112197404556516,1.0189211328555583,0.1539597320756468,-511.3705849757746,,0.8519218745666749,0.9999994324487448
248,paraxanthine,Method 3,QUNWUDVFRNGTCO-UHFFFAOYSA-N,HMDB0001860,C13747,0.150375939849624,True,within_12m,sample_median_scaled,True,lbfgs,-0.0099232575342921,0.3263922333555758,-0.0814945654833149,0.5819097613879081,0.5748668251420062,0.312372594665796,3.8513299972537935,3.405404977644727,-1199.7221276160192,,0.8519218745666749,0.9999994324487448
888,cetirizine,Method 2,ZKLPARSLTMPFCP-UHFFFAOYSA-N,HMDB0005032,C07778,0.868421052631579,False,within_12m,sample_median_scaled,True,lbfgs,-0.0031925752783205,0.3835039262045855,0.0322399038669028,0.6855706036890743,0.5758930106494262,0.6153217580324326,7.724753624662645,1.990423986407478,-1147.3559773743243,,0.8519218745666749,0.9999994324487448
881,1-(1-enyl-palmitoyl)-2-linoleoyl-GPC (P-16:0/18:2)*,Method 2,QLEHHUPUHJPURI-PWYDUFMYSA-N,HMDB0011211,,0.0,True,within_12m,sample_median_scaled,True,lbfgs,-0.000802802199787,-0.0723393761322642,0.0155042229055445,0.1296458842059723,0.57686032905115,0.184741882959445,0.2810191645822774,0.0657749368596384,-248.2138439560433,,0.8519218745666749,0.9999994324487448
1089,2-hydroxysebacate,Method 3,LPIOYESQKJFWPQ-UHFFFAOYSA-N,HMDB0000424,,0.0244360902255639,True,within_12m,sample_median_scaled,True,lbfgs,0.0029477279548542,-0.1374883883548068,0.0483739427216834,0.2467970462982923,0.5774653254551528,0.1643495319459058,0.6712223884832077,0.6376683116348348,-749.5819044849984,,0.8519218745666749,0.9999994324487448
281,acetylcarnitine (C2),Method 1,RDHQFKQIGNGIED-MRVPVSSYSA-N,HMDB0000201,C02571,0.0,True,within_12m,sample_median_scaled,True,lbfgs,0.0020851374823165,-0.0477648262652054,-0.0084918969541341,0.0859599517492908,0.5784407648952492,0.4704432069204795,0.08588490706935,0.0721497649756645,-177.7347402307537,,0.8519218745666749,0.9999994324487448
1167,fibrinopeptide A (2-15)**,Method 3,BIJNWWNHDMFRFM-UHFFFAOYSA-N,,,0.1541353383458646,True,within_12m,sample_median_scaled,True,lbfgs,-0.0044921268148248,-0.2463406735186229,-0.0786655677728672,0.4437784974894346,0.57882745019693,0.1562640609463298,2.597312230404522,1.5664962570736118,-1018.7691333914148,,0.8519218745666749,0.9999994324487448
418,3-(3-amino-3-carboxypropyl)uridine*,Method 3,YXNIEZJFCGTDKV-UHFFFAOYSA-N,,,0.0,True,within_12m,sample_median_scaled,True,lbfgs,0.0007385261360902,0.0905895150195157,-0.0161201339682068,0.163248169682138,0.57895004878929,0.2114057534882779,0.4678453686360252,0.0790176918116993,-324.39930943272225,,0.8519218745666749,0.9999994324487448
540,"androstenediol (3beta,17beta) disulfate (2)",Method 3,UWPTUYJASNIIJM-QJIZPQHZSA-N,HMDB0240313,,0.0,True,within_12m,sample_median_scaled,True,lbfgs,-0.0089766142458403,0.175584493445594,0.0100145979504578,0.3172154551935363,0.5799086956524763,0.659785574540501,1.8144154492486644,0.2441922503267836,-644.081351824479,,0.8520196989970997,0.9999994324487448
746,O-sulfo-tyrosine,Method 3,CIQHWLTYGMYQQR-QMMMGPOBSA-N,HMDB0155722,,0.0,True,within_12m,sample_median_scaled,True,lbfgs,0.0011243737135374,0.0822667864971909,-0.0245504697475135,0.149431713604349,0.5819552397853816,0.0384953178970203,0.3914487409131588,0.0668398707747897,-278.9480223795879,,0.8537131397773262,0.9999994324487448
1238,4-chlorobenzoic acid,Method 3,XRHGYUZYPHTUJZ-UHFFFAOYSA-N,,C02370,0.0,True,within_12m,sample_median_scaled,True,lbfgs,0.0012793799407999,0.0770361068385931,0.0009790697548332,0.1409502115347682,0.5846890554936091,0.9431608500666562,0.3199384650225959,0.0916474522193728,-319.992194333777,,0.8563478330249072,0.9999994324487448
13,"5,6-dihydrothymine",Method 3,NBAKTGXDIBVZOO-UHFFFAOYSA-N,HMDB0000079,C00906,0.0,True,within_12m,sample_median_scaled,True,lbfgs,-0.0012189369204529,0.1185345008425413,-0.0035343257569467,0.2173733569632004,0.5855446439426852,0.8377955039757142,0.8280513605078449,0.1417346011290481,-478.6810886344995,,0.8563478330249072,0.9999994324487448
55,glycine,Method 1,DHMQDGOQFOQNFH-UHFFFAOYSA-N,HMDB0000123,C00037,0.0,True,within_12m,sample_median_scaled,True,lbfgs,-0.0014666140362592,-0.0541934137383481,-0.0008504687820644,0.099866229000301,0.5873638789362299,0.9349128960553974,0.1543029228100552,0.0531815602894469,-160.55032238990907,,0.8576949608319564,0.9999994324487448
437,gamma-glutamyl-2-aminobutyrate,Method 1,FUZOZPRKGAXGOB-UHFFFAOYSA-N,,,0.0338345864661654,True,within_12m,sample_median_scaled,True,lbfgs,0.0056447972741792,-0.1564924040172083,0.0042676233975035,0.2905096597244553,0.5901061071001108,0.9102642663842826,1.0584439938207009,0.7344029016577444,-807.5907011248321,,0.8603837134055051,0.9999994324487448
286,erythritol,Method 4,UNXHWFMMPAWVPI-UHFFFAOYSA-N,HMDB0002994,C00503,0.0,True,within_12m,sample_median_scaled,True,lbfgs,0.0030895815808587,-0.2256509268660349,0.0689977524731613,0.420385209063875,0.5914252506208133,0.2342057249121263,2.0243624690675683,1.760645388672832,-1025.297999731633,,0.8607207845383329,0.9999994324487448
416,4-hydroxyhippurate,Method 3,ZMHLUFWWWPBTIU-UHFFFAOYSA-N,HMDB0013678,,0.0,True,within_12m,sample_median_scaled,True,lbfgs,0.0063683333592442,-0.1550769297998965,0.0233794616376279,0.2894642874047681,0.5921398486300364,0.5391911394827589,1.0345580207100924,0.7479260219869716,-809.6724096532964,,0.8607207845383329,0.9999994324487448
245,quinate,Method 4,AAWZDTNXLSGCEK-WYWMIBKRSA-N,HMDB0003072,C00296,0.0639097744360902,True,within_12m,sample_median_scaled,True,lbfgs,0.0015486887256808,0.3408245296248561,-0.035309570873703,0.640884793103199,0.5948623647793245,0.6704943522083349,5.1854350197336245,3.5345092820052093,-1226.758098074651,,0.8628957632463965,0.9999994324487448
261,docosahexaenoate (DHA; 22:6n3),Method 3,MBMBGCFOFBJSGT-KUBAVDMBSA-N,HMDB0002183,C06429,0.0,True,within_12m,sample_median_scaled,True,lbfgs,-0.0035586277148934,0.1251552951043783,-0.0184686353240615,0.2357964581703287,0.595573442308676,0.5741025757008775,0.6252672686751115,0.567009521181096,-721.2547002623917,,0.8628957632463965,0.9999994324487448
150,N-acetylmethionine,Method 3,XUYPXLNMDZIRQH-LURJTMIESA-N,HMDB0011745,C02712,0.0,True,within_12m,sample_median_scaled,True,lbfgs,-0.0003578965921868,0.0884006481276804,-0.0014689933847294,0.1670576233841135,0.5966926512582928,0.9191100101208072,0.4744710153507173,0.100263474530987,-368.83050766586734,,0.8628957632463965,0.9999994324487448
606,cotinine N-oxide,Method 1,CIPULDKLIIVIER-VIFPVBQESA-N,HMDB0001411,,0.7875939849624061,False,within_12m,sample_median_scaled,True,lbfgs,0.0008183187261548,0.1751344244360246,-0.00112171664562,0.3314687724334153,0.597250365974731,0.9552342719551776,2.051891795513112,0.1867375975769774,-607.1654501296391,,0.8628957632463965,0.9999994324487448
117,cytidine,Method 1,UHDGCWIWMRVCDJ-XVFCMESISA-N,HMDB0000089,C00475,0.056390977443609,True,within_12m,sample_median_scaled,True,lbfgs,-0.0009651268318292,-0.1571801117248836,0.0021909164056249,0.29947821278434,0.5996898570585486,0.945111276721341,1.3699354106401844,0.4985354924636017,-751.6142102390661,,0.863621286070345,0.9999994324487448
494,N6-acetyllysine,Method 3,DTERQYGMUDWYAZ-ZETCQYMHSA-N,HMDB0000206,C02727,0.0,True,within_12m,sample_median_scaled,True,lbfgs,0.0004034049494025,0.0749783223501928,-0.0080780413198435,0.1431230857142043,0.600366865219915,0.4521904944497424,0.364962772203786,0.0546789062156294,-236.73693955037243,,0.863621286070345,0.9999994324487448
335,3-carboxy-4-methyl-5-propyl-2-furanpropanoate (CMPF),Method 3,WMCQWXZMVIETAO-UHFFFAOYSA-N,HMDB0061112,,0.0,True,within_12m,sample_median_scaled,True,lbfgs,0.0020090475686514,0.2677188143445194,-0.0602435771333835,0.511175945564731,0.6004654805766587,0.1724884210880768,4.446499321248451,0.9341185522243104,-962.9797785604976,,0.863621286070345,0.9999994324487448
859,"sphingomyelin (d18:2/23:0, d18:1/23:1, d17:1/24:1)*",Method 2,JBDGKEXQKCCQFK-JWQIMADESA-N,"HMDB0240634,HMDB0011696,HMDB0240614",,0.0,True,within_12m,sample_median_scaled,True,lbfgs,0.000412586959604,-0.0873023906758494,-0.0117464828490266,0.1672445158970172,0.6016671941862927,0.5140665556868567,0.4234290637574365,0.1598479459390695,-446.2161693723481,,0.8640483766133976,0.9999994324487448
707,hydroxypioglitazone (M-IV),Method 1,OXVFDZYQLGRLCD-UHFFFAOYSA-N,,,0.9943609022556392,False,within_12m,sample_median_scaled,True,lbfgs,4.356525189892054e-05,-0.0172857860478579,-4.356525189912197e-05,0.0332057717041794,0.6026693432873971,0.8605136914392234,0.0222326722592594,2.813394879646081e-05,1336.939393084397,,0.8641880222814777,0.9999994324487448
384,pioglitazone,Method 1,HYAFETHFCAUJAY-UHFFFAOYSA-N,HMDB0015264,"D08378,C07675,
DG00117",0.9943609022556392,False,within_12m,sample_median_scaled,True,lbfgs,-4.144085004162045e-05,-0.0146761109345221,4.144085004150912e-05,0.0284991972878056,0.6065769432861313,0.8596473430828864,0.0163728902851159,2.5142208545263e-05,1385.0193043730692,,0.8669492862122593,0.9999994324487448
642,doxycycline,Method 2,JBIWCJUYHHGXTC-VONWRGRHSA-N,HMDB0014399,D00307,0.9962406015037594,False,within_12m,sample_median_scaled,True,lbfgs,0.000252025476646,-0.0107280682006617,-0.0002520254766457,0.0209908700653903,0.6092932276028782,0.912384553779429,0.0066034249709117,0.0025943444336568,653.0058005165338,,0.8669492862122593,0.9999994324487448
1119,3-hydroxypyridine glucuronide,Method 1,IOLHQSZMUUGACW-UHFFFAOYSA-N,,,0.5883458646616542,False,within_12m,sample_median_scaled,True,lbfgs,0.0093492483959521,-0.3034528004791382,0.0515231182944626,0.5944897263940034,0.6097415140205846,0.5559720638246237,3.5579283344740578,4.094680449161715,-1232.670619939158,,0.8669492862122593,0.9999994324487448
427,7-methylguanine,Method 1,FZWGECJQACGGTI-UHFFFAOYSA-N,HMDB0000897,C02242,0.0,True,within_12m,sample_median_scaled,True,lbfgs,-0.0010760821697876,-0.0568179569640544,-0.0030822198910591,0.1116066971751785,0.6106884908963244,0.7611147205485026,0.2076240811137117,0.0494515250641752,-170.90064015066446,,0.8669492862122593,0.9999994324487448
90,serine,Method 1,MTCFGRXMJLQNBG-REOHCLBHSA-N,HMDB0000187,C00065,0.0,True,within_12m,sample_median_scaled,True,lbfgs,-0.0024067766262879,-0.0747488599789031,-0.0013205132828144,0.1469825367742911,0.6110634340237845,0.9020625468148888,0.3877749533242933,0.0544278898434379,-241.1491524850073,,0.8669492862122593,0.9999994324487448
1021,"N,N,N-trimethyl-5-aminovalerate",Method 1,CDLVFVFTRQPQFU-UHFFFAOYSA-N,,,0.0,True,within_12m,sample_median_scaled,True,lbfgs,0.0023081936734499,0.0698404756908382,0.0218106707940647,0.1375688773335213,0.6116802848788048,0.1094463272129175,0.3021753043387336,0.0902556549719212,-312.5692943224235,,0.8669492862122593,0.9999994324487448
796,olmesartan,Method 3,VTRAEEWXHOVJFV-UHFFFAOYSA-N,HMDB0014420,D05246,0.9906015037593984,False,within_12m,sample_median_scaled,True,lbfgs,0.0003935754950439,-0.0254866843484515,-0.0003935754950445,0.0502549887288632,0.6120514339518506,0.9491211097430464,0.0340148638257516,0.0192715747999287,146.66913801949931,,0.8669492862122593,0.9999994324487448
941,4-aminophenol sulfate (2),Method 3,DJEGXIBXYHERSU-UHFFFAOYSA-N,,,0.8966165413533834,False,within_12m,sample_median_scaled,True,lbfgs,0.0037507513601118,-0.1493049853387149,-0.0407399807976816,0.2947429996751486,0.6124636485000596,0.2724917663431307,1.1355139372462877,0.7026991181832654,-803.725355820173,,0.8669492862122593,0.9999994324487448
230,4-acetamidophenylglucuronide,Method 3,IPROLSVTVHAQLE-UHFFFAOYSA-N,HMDB0010316,,0.6522556390977443,False,within_12m,sample_median_scaled,True,lbfgs,0.0138882749143237,-0.544328377056194,-0.1859369937896979,1.0803099436687853,0.6143575434680573,0.172857213094406,15.209981986252911,9.49288127666938,-1495.6288479358252,,0.8669492862122593,0.9999994324487448
840,"1,2-dilinoleoyl-GPC (18:2/18:2)",Method 2,FVXDQWZBHIXIEJ-LNDKUQBDSA-N,HMDB0008138,,0.0,True,within_12m,sample_median_scaled,True,lbfgs,-0.0015859046903279,-0.0787961926226517,0.0042949442144643,0.1564051513589453,0.6144051747709725,0.8192089517578452,0.3374574850839286,0.1774823791659972,-449.2553295508885,,0.8669492862122593,0.9999994324487448
500,thymol sulfate,Method 3,NODSEPOUFZPJEQ-UHFFFAOYSA-N,HMDB0062720,C09908,0.0037593984962406,True,within_12m,sample_median_scaled,True,lbfgs,-0.0005476416695015,-0.279162332306454,-0.0962780481430964,0.5577264484101986,0.616697503574539,0.1619439751651205,4.162703595307746,2.403322705231961,-1135.7010851490534,,0.8669492862122593,0.9999994324487448
541,21-hydroxypregnenolone disulfate,Method 3,CBOVWLYQUCVTFA-WGKOQXAXSA-N,,,0.0131578947368421,True,within_12m,sample_median_scaled,True,lbfgs,-0.0031934380605743,0.1470945363223816,-0.015573305976851,0.2942659887972714,0.6171671043803484,0.5307534736400612,1.4864589213836104,0.2949555237449884,-661.1191989811452,,0.8669492862122593,0.9999994324487448
1016,docosapentaenoylcarnitine (C22:5n3)*,Method 2,MJPIXACTUMSGGI-WMPRHZDHSA-N,,,0.306390977443609,False,within_12m,sample_median_scaled,True,lbfgs,-0.005948996689404,-0.1676127506377813,-0.0428917246532374,0.3360248906569228,0.6179128752840708,0.3493907751238982,1.322183146270456,1.0910360868203537,-901.3838049214136,,0.8669492862122593,0.9999994324487448
745,N-methylpipecolate,Method 1,BPSLZWSRHTULGU-ZCFIWIBFSA-N,,,0.0093984962406015,True,within_12m,sample_median_scaled,True,lbfgs,0.002682091887991,-0.1420340685534923,-0.0168985883425518,0.2852171172797315,0.6184940651151536,0.4992046068401352,1.376525935915602,0.2996650465043025,-657.5861728309972,,0.8669492862122593,0.9999994324487448
894,1-palmitoyl-2-oleoyl-GPI (16:0/18:1)*,Method 2,PDLAMJKMOKWLAJ-KTBSNPQYSA-N,HMDB0009783,,0.0,True,within_12m,sample_median_scaled,True,lbfgs,0.0009110824597058,-0.0848313373414596,-0.0303581547061287,0.170876918199942,0.6195790556818648,0.1110523144494047,0.4303884821628233,0.1801824212440745,-470.1669622968077,,0.8669492862122593,0.9999994324487448
362,piperine,Method 2,MXXWOMGUGJBKIW-YPCIICBESA-N,HMDB0029377,C03882,0.0,True,within_12m,sample_median_scaled,True,lbfgs,-0.0123530016433144,-0.1884043161032906,-0.0245118544525024,0.3803916263674484,0.6203951551042829,0.5981747813878983,1.9616807007918196,1.0894591791709802,-928.0128949950952,,0.8669492862122593,0.9999994324487448
897,1-oleoyl-2-linoleoyl-GPE (18:1/18:2)*,Method 2,GKAFCSRKMWFPSJ-RJXNKANHSA-N,HMDB0005349,,0.0056390977443609,True,within_12m,sample_median_scaled,True,lbfgs,-0.00297678687361,0.1213179639103165,0.0018552443387224,0.2455406790422571,0.6212461580715856,0.9511016281782964,0.8109904974463825,0.4612563939622355,-697.6917526931777,,0.8669492862122593,0.9999994324487448
195,topiramate,Method 3,KJADKKWYZYXHBB-UHFFFAOYSA-N,HMDB0005034,D00537,0.986842105263158,False,within_12m,sample_median_scaled,True,lbfgs,0.0021375529963763,-0.1096442922911148,-0.0021375529963763,0.222377308996436,0.6219735726923796,0.9368290629957684,0.6746726619037214,0.3674358763360499,-640.3023874797925,,0.8669492862122593,0.9999994324487448
144,pantothenate,Method 3,GHOKWGTUZJEAQD-ZETCQYMHSA-N,HMDB0000210,C00864,0.0,True,within_12m,sample_median_scaled,True,lbfgs,0.00050222591681,0.0971016260674325,-0.0010414609279272,0.1975968534221261,0.6231345019598928,0.9546946067946972,0.6445756377889473,0.1620800827156448,-482.21862019030345,,0.8669492862122593,0.9999994324487448
1082,N-carbamoylvaline,Method 3,JDXMIYHOSFNZKO-UHFFFAOYSA-N,,,0.231203007518797,False,within_12m,sample_median_scaled,True,lbfgs,0.0014146084805613,-0.160370645792431,-0.0177477516584343,0.326491766591823,0.6232895693006781,0.6857009303041603,1.276897356883258,0.997077600651109,-881.0326833282181,,0.8669492862122593,0.9999994324487448
1149,tauroursodeoxycholic acid sulfate (1),Method 3,GLVWZDCWCRWVFM-LBSADWJPSA-N,,,0.1748120300751879,True,within_12m,sample_median_scaled,True,lbfgs,-0.0427808713256999,0.3669004210854887,-0.0118470578649031,0.7495256394382547,0.6244805582265525,0.8978952353775596,7.536090097073896,4.321584554853484,-1292.2621163924362,,0.8669492862122593,0.9999994324487448
1196,pregnenetriol sulfate*,Method 3,HIYOTPJZDPVBTL-HXOPQMAFSA-N,,,0.0,True,within_12m,sample_median_scaled,True,lbfgs,-0.0061014967993212,0.1509516362051583,0.0140910192970338,0.3084494337546366,0.6245666061927062,0.5680520984161785,1.663600035715257,0.2896282680621718,-667.3303967866866,,0.8669492862122593,0.9999994324487448
787,vanillactate,Method 3,SVYIZYRTOYHQRE-UHFFFAOYSA-N,HMDB0000913,,0.0131578947368421,True,within_12m,sample_median_scaled,True,lbfgs,0.0064956730095359,-0.0973383166114766,-0.0215725933852328,0.2008073744305835,0.6278644984201884,0.3658313743626757,0.562060920699858,0.2856306797221778,-578.3196764825298,,0.8693276454173344,0.9999994324487448
845,1-(1-enyl-stearoyl)-2-oleoyl-GPE (P-18:0/18:1),Method 2,XVYPOHCSLJZFED-QZEVRULJSA-N,HMDB0011375,,0.0,True,within_12m,sample_median_scaled,True,lbfgs,-0.0010010741396279,0.077875794926518,0.0087184405265195,0.1611115242693269,0.6288360529854167,0.6094623687370707,0.3973420964825987,0.1433124262261103,-420.6986435652148,,0.8693276454173344,0.9999994324487448
379,hydroxybupropion,Method 1,RCOBKSKAZMVBHT-NCWAPJAISA-N,HMDB0012235,,0.9699248120300752,False,within_12m,sample_median_scaled,True,lbfgs,-6.337234496854988e-05,0.1886815939606105,-0.270885217599427,0.3905485003825082,0.6290108931763122,1.38531842804779e-09,2.198487422438962,0.9966050794321212,-919.1527024577152,,0.8693276454173344,6.614895493928197e-07
1035,trans-2-hexenoylglycine,Method 3,AAPHATPOQGNLOZ-SNAWJCMRSA-N,,,0.2199248120300752,False,within_12m,sample_median_scaled,True,lbfgs,0.0074949062515198,-0.1670939192240347,0.0202043455659759,0.3502194978316165,0.6332823819220045,0.6529181540611727,1.5672192852526932,1.0335523765818373,-901.951336733214,,0.872412778004457,0.9999994324487448
54,glutarate (C5-DC),Method 4,JFCQEDHGNNZCLN-UHFFFAOYSA-N,HMDB0000661,C00489,0.0,True,within_12m,sample_median_scaled,True,lbfgs,0.0120559602912016,-0.1540218670446195,0.0057412177907428,0.3234458957893867,0.6339386576576238,0.8831695704920449,1.4369671049976596,0.7660286576320701,-837.2646797590448,,0.872412778004457,0.9999994324487448
94,urea,Method 1,XSQUKJJJFZCRTK-UHFFFAOYSA-N,HMDB0000294,C00086,0.0,True,within_12m,sample_median_scaled,True,lbfgs,0.002866984859046,-0.078601366381317,-0.015727683152746,0.1655089074357929,0.634853142669181,0.3548855344604585,0.4280221802005793,0.1413054675959862,-423.8675911880744,,0.872412778004457,0.9999994324487448
895,1-(1-enyl-palmitoyl)-2-linoleoyl-GPE (P-16:0/18:2)*,Method 2,LJVXDBWIBQQKFU-CCJYEBHUSA-N,HMDB0011343,,0.0,True,within_12m,sample_median_scaled,True,lbfgs,-0.0009692687991453,0.0742743096339933,0.0140061373925179,0.1564667381633878,0.6350028725829528,0.4447633155895296,0.3458595062648069,0.1682702118670512,-440.7599016169622,,0.872412778004457,0.9999994324487448
830,4-hydroxyphenylacetoylcarnitine,Method 1,RLMMGDAPWBGWEF-UHFFFAOYSA-N,,,0.0150375939849624,True,within_12m,sample_median_scaled,True,lbfgs,-0.0007911678249246,-0.14421368309266,-0.0335252521926645,0.3052051105836982,0.6365599618283049,0.4241220215967426,1.0738331473368812,0.9194297773681802,-853.4842720636091,,0.872412778004457,0.9999994324487448
1183,darunavir,Method 2,CJBJHOAVZSMMDJ-HEXNFIEUSA-N,HMDB0015393,D03656,0.9943609022556392,False,within_12m,sample_median_scaled,True,lbfgs,-1.677309825872499e-05,-0.0239704510673152,1.6773098258586353e-05,0.0507543470425394,0.6367242997582268,0.9790698742875096,0.0518328512667071,0.0001872051924668,931.2552410664298,,0.872412778004457,0.9999994324487448
1029,THC carboxylic acid,Method 3,YOVRGSHRZRJTLZ-UHFFFAOYSA-N,,,0.949248120300752,False,within_12m,sample_median_scaled,True,lbfgs,0.0014429923535352,0.1336661356238371,0.0114656274812777,0.2844507561517101,0.6384196188875922,0.7011667532896038,1.2467683316688294,0.4373761275227544,-719.6521758715191,,0.8734543425098886,0.9999994324487448
918,glycochenodeoxycholate glucuronide (1),Method 3,ABFZMYIIUREPLL-ASWJIRIHSA-N,HMDB0002579,,0.0,True,within_12m,sample_median_scaled,True,lbfgs,-0.009027138310539,0.1347271152622046,0.0265847039559503,0.2878484726677544,0.6397497343081664,0.336205623728061,1.3444864060339543,0.3706566623359731,-694.769372242876,,0.8734543425098886,0.9999994324487448
1184,ritonavir,Method 2,NCDNCNXCDXHOMX-XGKFQTDJSA-N,HMDB0014646,D00427,0.9943609022556392,False,within_12m,sample_median_scaled,True,lbfgs,0.0001175893739406,-0.0298133090505062,-0.0001175893739405,0.0637958552852886,0.6402683708723165,0.9710329946926214,0.0778217219197272,0.0048722258680245,329.1169777731866,,0.8734543425098886,0.9999994324487448
1141,dihydrocaffeate sulfate (2),Method 4,WEPNMLSXEATIJK-UHFFFAOYSA-N,,,0.1823308270676691,True,within_12m,sample_median_scaled,True,lbfgs,0.0121306901940814,-0.2592231376640824,0.0942305887366865,0.5577054901025675,0.6420725998933594,0.2504047176886237,3.1459422398097305,3.585792734879884,-1197.9348717003163,,0.8734543425098886,0.9999994324487448
412,N4-acetylcytidine,Method 1,NIDVTARKFBZMOT-PEBGCTIMSA-N,HMDB0005923,,0.0,True,within_12m,sample_median_scaled,True,lbfgs,0.0016682200105747,-0.0984452968034906,0.0082251350081157,0.2132846413053006,0.6443913772142784,0.7214618133464807,0.686498530180657,0.2623982196454002,-577.1000550294475,,0.8734543425098886,0.9999994324487448
823,O-desmethyltramadol,Method 1,UWJUQVWARXYRCG-UHFFFAOYSA-N,HMDB0060997,,0.8796992481203008,False,within_12m,sample_median_scaled,True,lbfgs,-0.0014205288951995,0.2323399492419702,0.012768213550107,0.5046420420210408,0.6452252195323325,0.846553593631351,3.174317414863329,2.238635816830393,-1102.963172670378,,0.8734543425098886,0.9999994324487448
153,"bilirubin (Z,Z)",Method 2,BPYKTIZUTYGOLE-KDUUSRDASA-N,HMDB0000054,C00486,0.0,True,within_12m,sample_median_scaled,True,lbfgs,-0.0005943007295005,-0.0851221467638212,0.0030310443010657,0.1856324907829678,0.6465559248278308,0.8412549345051133,0.5987845697960212,0.1091549616343695,-403.8541271662964,,0.8734543425098886,0.9999994324487448
244,theophylline,Method 3,ZFXYFBGIUFBOJW-UHFFFAOYSA-N,HMDB0001889,C07130,0.0131578947368421,True,within_12m,sample_median_scaled,True,lbfgs,0.0023071790500829,0.1768266957634511,0.0106180519443878,0.3865417622132205,0.6473417458191625,0.8167590375000627,2.0863197580711628,1.0551435404935854,-926.2615604440696,,0.8734543425098886,0.9999994324487448
1243,diazepam,Method 2,AAOVKJBEBIDNHE-UHFFFAOYSA-N,HMDB0014967,D00293,0.9924812030075189,False,within_12m,sample_median_scaled,True,lbfgs,-0.0008857217529698,-0.0539524838878084,0.0008857217529697,0.1179436254885349,0.647352675370955,0.9455734360817384,0.2072016738425564,0.0833608997025579,-268.1595124682415,,0.8734543425098886,0.9999994324487448
706,ketopioglitazone,Method 3,JMLKLMFMQRAJNI-UHFFFAOYSA-N,,,0.9943609022556392,False,within_12m,sample_median_scaled,True,lbfgs,-0.0001214984197055,-0.0229674466854605,0.0001214984197056,0.0502370909252476,0.6475409077188431,0.8577642291221756,0.0507575934538518,0.0002105123681024,913.0120664816166,,0.8734543425098886,0.9999994324487448
722,"sphingomyelin (d18:1/14:0, d16:1/16:0)*",Method 2,KYICBZWZQPCUMO-PSALXKTOSA-N,HMDB0012097,,0.0,True,within_12m,sample_median_scaled,True,lbfgs,-0.0008330236408459,-0.0501178446371279,0.0069812506918552,0.1097359001991317,0.6478771330366746,0.5412207661227825,0.1864538004558373,0.0640595615108662,-210.300941315948,,0.8734543425098886,0.9999994324487448
407,5-acetylamino-6-amino-3-methyluracil,Method 4,POQOTWQIYYNXAT-UHFFFAOYSA-N,HMDB0004400,C16366,0.0300751879699248,True,within_12m,sample_median_scaled,True,lbfgs,0.0133009929257287,-0.1822009682250336,0.008940974723406,0.3996486478057041,0.648459820774357,0.8487611618396851,2.253975042572559,1.1005079392763248,-940.0361206369378,,0.8734543425098886,0.9999994324487448
1025,carotene diol (3),Method 2,JKQXZKUSFCKOGQ-DKLMTRRASA-N,,,0.0206766917293233,True,within_12m,sample_median_scaled,True,lbfgs,-0.0050269269397496,-0.1242924971908949,-0.0170351071399565,0.2746988014676111,0.6509316596538137,0.5688545913745684,1.1344872985445669,0.4402066202802213,-713.567436083403,,0.8750256322623874,0.9999994324487448
1105,sulfate of piperine metabolite C16H19NO3 (3)*,Method 3,,,,0.0093984962406015,True,within_12m,sample_median_scaled,True,lbfgs,-0.0072232776188769,0.1525605293075589,-0.0414848134190141,0.3377202295667832,0.6514588738623638,0.254833443247917,1.7238498258948267,0.6549602425834832,-820.8749567066423,,0.8750256322623874,0.9999994324487448
703,O-desmethylvenlafaxine,Method 1,KYYIDSXMWOZKMP-UHFFFAOYSA-N,HMDB0015646,D07793,0.9943609022556392,False,within_12m,sample_median_scaled,True,lbfgs,0.0004010120901111,-0.0174430799983514,-0.0093413862833553,0.0389425216876283,0.6542119404255891,0.0148992393439481,0.0242738213776924,0.0071646977796709,360.3868155920509,,0.8774893302056707,0.7277440998378957
466,tiglylcarnitine (C5:1-DC),Method 1,WURBQCVBQNMUQT-RMKNXTFCSA-N,HMDB0002366,,0.0037593984962406,True,within_12m,sample_median_scaled,True,lbfgs,0.0020415374665182,0.075475542232231,-0.0235057346394328,0.1720023456687506,0.66080261402257,0.2983410576687526,0.3661960115925646,0.2630426575960792,-532.1374474320792,,0.877966297957988,0.9999994324487448
1112,11beta-hydroxyandrosterone glucuronide,Method 3,BRPLOVMHAFXVOQ-HXVIYJDASA-N,HMDB0010351,,0.0620300751879699,True,within_12m,sample_median_scaled,True,lbfgs,0.0015761613068008,-0.1792150409173735,-0.0221105128977191,0.4092509915661168,0.6614516339485838,0.5617992841085275,2.760140596360573,0.7009798914296181,-870.9333021832356,,0.877966297957988,0.9999994324487448
890,5-hydroxyindole sulfate,Method 3,YJRFFCVUYDRNTR-UHFFFAOYSA-N,,,0.3665413533834586,False,within_12m,sample_median_scaled,True,lbfgs,0.0055556240485048,-0.1783040644655505,-0.0224553223112819,0.407726493186956,0.6618844246456588,0.6674884995019218,2.126224532125,1.3986042109641716,-982.585916952735,,0.877966297957988,0.9999994324487448
19,"N6,N6,N6-trimethyllysine",Method 1,MXNRLFUSFKVQSK-UHFFFAOYSA-N,HMDB0001325,C03793,0.0,True,within_12m,sample_median_scaled,True,lbfgs,0.0030148151300809,-0.0708906835207366,-0.0154436975650028,0.1630769833171499,0.6637752176494605,0.4346829356297257,0.3630473930202983,0.1973439446933984,-475.0935481034064,,0.877966297957988,0.9999994324487448
319,"glutamate, gamma-methyl ester",Method 1,ZGEYCCHDTIDZAE-UHFFFAOYSA-N,HMDB0061715,,0.0469924812030075,True,within_12m,sample_median_scaled,True,lbfgs,-0.0011937544019088,-0.0882010036969518,-0.0112134624649795,0.2030500772494802,0.6640121213106145,0.6904473052929065,0.4682993980831586,0.4154125450939372,-639.8944808281185,,0.877966297957988,0.9999994324487448
35,beta-alanine,Method 1,UCMIRNVEIXFBKS-UHFFFAOYSA-N,HMDB0000056,C00099,0.0018796992481203,True,within_12m,sample_median_scaled,True,lbfgs,-0.0002494074549849,-0.0780650829470866,-0.0187361038054359,0.1799555076022323,0.6644321329431908,0.4390334880990419,0.3869654486550469,0.3039843962579823,-564.6696358888757,,0.877966297957988,0.9999994324487448
277,hexanoylcarnitine (C6),Method 1,VVPRQWTYSNDTEA-UHFFFAOYSA-N,HMDB0000756,,0.0,True,within_12m,sample_median_scaled,True,lbfgs,-0.0002656943618758,-0.0906603466128969,0.025149887799541,0.209513960905105,0.6652200520466869,0.3609695294952404,0.5447259134380049,0.3885612882836076,-636.3830055437702,,0.877966297957988,0.9999994324487448
223,phenylacetate,Method 3,WLJVXDMOQOGPHL-UHFFFAOYSA-N,HMDB0000209,C07086,0.0263157894736842,True,within_12m,sample_median_scaled,True,lbfgs,-0.0011745285139925,0.1449153587903943,-0.0336784136784734,0.3349896059611463,0.6653078724745443,0.4594468564487828,1.3175655038745078,1.079911968674525,-899.0953994704153,,0.877966297957988,0.9999994324487448
43,creatinine,Method 1,DDRJAANPRJIHGJ-UHFFFAOYSA-N,HMDB0000562,C00791,0.0,True,within_12m,sample_median_scaled,True,lbfgs,0.0009356327365369,-0.0467084402786978,-0.0133119038406175,0.1082669967854495,0.6661637318683311,0.0512553044053388,0.2172060855807236,0.0218420188840275,-27.50218980886848,,0.877966297957988,0.9999994324487448
1200,"hydroxy-N6,N6,N6-trimethyllysine*",Method 1,ZRJHLGYVUCPZNH-MQWKRIRWSA-N,,,0.0150375939849624,True,within_12m,sample_median_scaled,True,lbfgs,0.0005409249862392,-0.0643245640343418,-0.0130784418850646,0.1491091394997424,0.6661830044261847,0.4327699687351399,0.3269927192713004,0.1380325673577604,-398.657766153804,,0.877966297957988,0.9999994324487448
736,S-(3-hydroxypropyl)mercapturic acid (HPMA),Method 3,FMWPQZPFBAHHMB-UHFFFAOYSA-N,,,0.5977443609022557,False,within_12m,sample_median_scaled,True,lbfgs,0.0057011805517767,0.1581312546579723,-0.1098017373329749,0.3666839338055367,0.6662889647653085,0.019597082581747,1.7175019007541903,1.1338081854704911,-926.5081438760884,,0.877966297957988,0.8137049506768862
1011,dihomo-linoleoylcarnitine (C20:2)*,Method 2,OLZWDVKTOGTVLC-UTJQPWESSA-N,,,0.0018796992481203,True,within_12m,sample_median_scaled,True,lbfgs,-0.0003246680377618,-0.076755207223806,0.0037384912384867,0.1784502413933176,0.6671075801742625,0.8306341964446937,0.5120091617947143,0.1478160383187578,-446.5181375950736,,0.877966297957988,0.9999994324487448
1072,glycine conjugate of C10H14O2 (1)*,Method 3,,,,0.0018796992481203,True,within_12m,sample_median_scaled,True,lbfgs,0.0058632627835681,-0.1046024474522825,-0.0363353167631634,0.2444531480319632,0.6687211112881013,0.2342231052401338,0.7886202136660746,0.4747196245656013,-701.3342146002858,,0.877966297957988,0.9999994324487448
884,behenoyl dihydrosphingomyelin (d18:0/22:0)*,Method 2,FONAXCRWZQFJHY-JCGOJSMZSA-N,HMDB0012091,,0.0,True,within_12m,sample_median_scaled,True,lbfgs,-0.0046742800262867,-0.0760939690191194,0.0008325126463444,0.1781085657013655,0.6692091689180736,0.96958549376644,0.4283937541225115,0.2407734453656825,-525.6122656064692,,0.877966297957988,0.9999994324487448
740,methionine sulfone,Method 1,UCUNFLYVYCGDHP-UHFFFAOYSA-N,HMDB0062174,,0.0,True,within_12m,sample_median_scaled,True,lbfgs,0.0053750626351463,0.0730508498880178,0.0270679857839311,0.1709898532626779,0.6692166898360983,0.1728663007342251,0.4169817882227836,0.1964352847867871,-484.30567096484174,,0.877966297957988,0.9999994324487448
5,5-hydroxyindoleacetate,Method 3,DUUGKQCEGZLZNO-UHFFFAOYSA-N,HMDB0000763,C05635,0.0977443609022556,True,within_12m,sample_median_scaled,True,lbfgs,0.0019822369800697,0.1252201690420124,-0.0170776675074966,0.2937226309787541,0.6698738504160899,0.5955855124786793,1.2899694736383558,0.511374828374606,-751.7896074360672,,0.877966297957988,0.9999994324487448
1233,GlcNAc sulfate conjugate of C21H34O2 steroid**,Method 3,,,,0.3966165413533835,False,within_12m,sample_median_scaled,True,lbfgs,-0.0067684640482406,0.1822153315571027,0.0565846522323003,0.4285777578323788,0.6707179798509175,0.2299239146717681,2.7372796141436906,1.0992474203634006,-954.3663491773962,,0.877966297957988,0.9999994324487448
103,glucose,Method 4,WQZGKKKJIJFFOK-DVKNGEFBSA-N,HMDB0000122,C00031,0.0,True,within_12m,sample_median_scaled,True,lbfgs,-0.0004015567882112,0.1080900636785829,-0.0031338128070716,0.2551103609006611,0.6717851762345868,0.8234970831041234,1.2319802783623082,0.0919388011116971,-436.4368720132702,,0.877966297957988,0.9999994324487448
409,1-methylxanthine,Method 3,MVOYJPOZRLFTCP-UHFFFAOYSA-N,HMDB0010738,C16358,0.3909774436090225,False,within_12m,sample_median_scaled,True,lbfgs,0.0159316940218801,0.3430603397152897,-0.0391216668874489,0.8103337763109821,0.6720349359238631,0.711532184864857,8.198027648279158,5.756666884557646,-1354.489316970453,,0.877966297957988,0.9999994324487448
92,taurine,Method 1,XOAAWQZATWQOTB-UHFFFAOYSA-N,HMDB0000251,C00245,0.0,True,within_12m,sample_median_scaled,True,lbfgs,0.0005946044343929,0.0541505463746713,0.0105394686404859,0.1286752119547018,0.6738783327896121,0.5329720861416898,0.2047983494102981,0.147377521599942,-377.916029126782,,0.8791718685984693,0.9999994324487448
604,norcotinine,Method 1,FXFANIORDKRCCA-UHFFFAOYSA-N,HMDB0001297,,0.825187969924812,False,within_12m,sample_median_scaled,True,lbfgs,0.0024009808023616,0.1291696244932509,-0.0105214900737809,0.3095501458088349,0.6764723406043587,0.6332195957295648,1.7305522590363729,0.2294030205057055,-628.7803126900967,,0.8809458854920532,0.9999994324487448
1,S-1-pyrroline-5-carboxylate,Method 1,DWAKNKKXGALPNW-UHFFFAOYSA-N,HMDB0001301,C04322,0.0112781954887218,True,within_12m,sample_median_scaled,True,lbfgs,0.0025026021819619,0.0834161732527674,-0.0009699798980601,0.2015264933025638,0.6789315073389295,0.9726469731869554,0.4507779169049883,0.4214701556904907,-640.4330408998362,,0.8809458854920532,0.9999994324487448
654,carboxyethyl-GABA,Method 1,SRGQUICKDUQCKO-UHFFFAOYSA-N,HMDB0002201,,0.0150375939849624,True,within_12m,sample_median_scaled,True,lbfgs,-0.0001913598156803,-0.0763542355884318,-0.0238355326820071,0.1845271170282838,0.6790328305897344,0.2830735350383533,0.4685536370818685,0.2483469464683279,-538.059555964873,,0.8809458854920532,0.9999994324487448
1086,3-indoleglyoxylic acid,Method 3,DWLVFWDCSFTDOD-UHFFFAOYSA-N,,,0.0093984962406015,True,within_12m,sample_median_scaled,True,lbfgs,-0.0067029860457962,-0.0955160284012064,-0.0039289304281593,0.232042094930457,0.680608930599998,0.8699043321595363,0.8375694396685577,0.2820455358032865,-606.153826943595,,0.8809458854920532,0.9999994324487448
1083,8-methoxykynurenate,Method 3,BXZSKDOPGDPDEG-UHFFFAOYSA-N,HMDB0060426,C05830,0.0714285714285714,True,within_12m,sample_median_scaled,True,lbfgs,-0.0006778432072261,0.124942536239758,0.017864570635883,0.3036996372632423,0.6807780336933035,0.55083901613783,1.4755333807037831,0.4366376860729323,-732.651614427755,,0.8809458854920532,0.9999994324487448
1263,menthol glucuronide,Method 3,CLJGMBYGTHRUNF-PJQJKGEDSA-N,,,0.0319548872180451,True,within_12m,sample_median_scaled,True,lbfgs,0.0015733991968929,0.2077255273023426,0.0101504928058257,0.5052325065693032,0.680963735545584,0.8755289870257246,3.262133429728075,2.1508876487231348,-1096.9108272532883,,0.8809458854920532,0.9999994324487448
965,lactosyl-N-behenoyl-sphingosine (d18:1/22:0)*,Method 2,QYWVASPEUXEHSY-NNRNTGNWSA-N,HMDB0011594,,0.0,True,within_12m,sample_median_scaled,True,lbfgs,-0.0096710653248527,-0.0671681344528807,0.0135590362940475,0.1640409715814408,0.6822024813213196,0.3188091967402455,0.46497176362469,0.0882127158305815,-343.8175868258156,,0.8809458854920532,0.9999994324487448
891,7-hydroxyindole sulfate,Method 3,YBMPUGDWCSVZRS-UHFFFAOYSA-N,,,0.5845864661654135,False,within_12m,sample_median_scaled,True,lbfgs,0.0052189838640163,-0.1463889360364243,-0.0150977162118263,0.3580123045724364,0.6826177542032664,0.7184256218602768,1.8135699495040027,0.8776513566091347,-880.4993510551851,,0.8809458854920532,0.9999994324487448
1204,3-hydroxydecanoylcarnitine,Method 2,VCRSQDIROUELAR-UHFFFAOYSA-N,HMDB0061636,,0.0,True,within_12m,sample_median_scaled,True,lbfgs,0.0043974453333512,0.0936514982068289,-0.0185805938901047,0.230220352304486,0.6841617180130306,0.5222915623122475,0.6930047126195316,0.4285049663178771,-672.2121120919262,,0.8817468835390609,0.9999994324487448
1038,2-hydroxyheptanoate*,Method 4,RGMMREBHCYXQMA-UHFFFAOYSA-N,,,0.0037593984962406,True,within_12m,sample_median_scaled,True,lbfgs,-0.0009475231744631,0.0655200050627128,-0.0168482440810481,0.1626836762855915,0.6871359711746738,0.4440831345980423,0.3131527039710843,0.2520667666476657,-513.2581632423351,,0.884386593627781,0.9999994324487448
555,pregnenediol sulfate (C21H34O5S)*,Method 3,MENQCIVHHONJLU-UHFFFAOYSA-N,HMDB0000774,C18044,0.0,True,within_12m,sample_median_scaled,True,lbfgs,-0.0033526285081849,0.1171406206258296,0.012749263835758,0.2923305922876693,0.6886315593910516,0.6001940616179283,1.4747797254703416,0.2822318108308499,-652.4366744463398,,0.8851186261352009,0.9999994324487448
831,nonanoylcarnitine (C9),Method 2,MPSPNFAQQQMFLK-UHFFFAOYSA-N,HMDB0013288,,0.093984962406015,True,within_12m,sample_median_scaled,True,lbfgs,0.0031365271407609,-0.1241335747261097,0.0017879659590355,0.3156695994470453,0.6941430208458454,0.9629377713520818,1.3584837750381134,0.7412811332787133,-826.850582096308,,0.8910034743384172,0.9999994324487448
199,palmitoyl ethanolamide,Method 3,HXYVTAGFYLMHSO-UHFFFAOYSA-N,HMDB0002100,C16512,0.0,True,within_12m,sample_median_scaled,True,lbfgs,-0.0021066804996458,0.0584780765393289,0.0066683457055979,0.1505686290662164,0.6977337006321074,0.692491621302685,0.3329983342031821,0.1412364241994217,-404.4027793034964,,0.894410314233104,0.9999994324487448
681,2-stearoyl-GPE (18:0)*,Method 3,KIHAGWUUUHJRMS-JOCHJYFZSA-N,HMDB0011129,,0.0319548872180451,True,within_12m,sample_median_scaled,True,lbfgs,-0.0003449671039055,-0.0815110714872962,0.0039781227292432,0.2114332427432677,0.6998545467935877,0.8784478384986117,0.600538034033701,0.3429428842018996,-618.5647080933816,,0.8959263970346867,0.9999994324487448
1050,3-carboxy-4-methyl-5-pentyl-2-furanpropionate (3-CMPFP)**,Method 3,RIJDKRLRDVBUHJ-UHFFFAOYSA-N,HMDB0061643,,0.0,True,within_12m,sample_median_scaled,True,lbfgs,0.0008076766338524,-0.0951606735726119,-0.0116414286448064,0.2477934817311315,0.7009545888965829,0.6623209247943093,0.9298869132979416,0.3504628360232211,-655.1614172003926,,0.8961333767017894,0.9999994324487448
215,3-(N-acetyl-cystein-S-yl) acetaminophen,Method 3,DVPRQNKJGQEICH-JTQLQIEISA-N,,,0.7180451127819549,False,within_12m,sample_median_scaled,True,lbfgs,0.0117824262958999,-0.2442434149309026,-0.0482135606506456,0.6399900572096205,0.702731181183505,0.548968350789137,5.368103430223762,3.2966400138309857,-1215.4244348350196,,0.896203328830247,0.9999994324487448
42,cortisone,Method 3,MFYSYFVPBJMHGN-ZPOLXVRWSA-N,HMDB0002802,C00762,0.0112781954887218,True,within_12m,sample_median_scaled,True,lbfgs,-0.0057747725764446,0.1009948265628249,-0.003796151578936,0.2647812931590519,0.7028861709883298,0.8695982577728835,1.1886405003800486,0.2556672079550598,-616.3501141627855,,0.896203328830247,0.9999994324487448
342,1-methylhistamine,Method 1,FHQDWPCFSJMNCT-UHFFFAOYSA-N,HMDB0000898,C05127,0.1578947368421052,True,within_12m,sample_median_scaled,True,lbfgs,0.0024055115364956,-0.1008842502349605,0.0099969207735499,0.2694334073986949,0.7080835998617054,0.7407134126413143,1.0672802559262875,0.4510909387077242,-713.5551310177618,,0.8987447705649684,0.9999994324487448
91,serotonin,Method 1,QZAYGJVTTNCVMB-UHFFFAOYSA-N,HMDB0000259,C00780,0.0620300751879699,True,within_12m,sample_median_scaled,True,lbfgs,-0.0030059961736602,-0.159782944200432,-0.0039025281467231,0.4278837453649562,0.7088313616279476,0.9217149617916364,3.021338014688897,0.7615606248001986,-893.5973197528035,,0.8987447705649684,0.9999994324487448
937,pimeloylcarnitine/3-methyladipoylcarnitine (C7-DC),Method 1,NTBUXPPQHCFLOM-UHFFFAOYSA-N,,,0.0977443609022556,True,within_12m,sample_median_scaled,True,lbfgs,0.0097343886965059,-0.114868287303911,0.0081581235853793,0.3085216678733578,0.7096558161382471,0.8365632813473416,1.218811439951656,0.7993098710218192,-833.9708683030351,,0.8987447705649684,0.9999994324487448
596,oxypurinol,Method 4,HXNFUBHNUDHIGC-UHFFFAOYSA-N,HMDB0000786,D02365,0.9605263157894736,False,within_12m,sample_median_scaled,True,lbfgs,-0.001050218711581,0.0544056120616713,0.0021327733532059,0.1463088569230471,0.7100011568401985,0.7744452847636817,0.4092224257981059,0.0257299300241254,-113.14863883560793,,0.8987447705649684,0.9999994324487448
797,syringol sulfate,Method 3,UDIAPBFEZFMUCP-UHFFFAOYSA-N,,,0.6071428571428571,False,within_12m,sample_median_scaled,True,lbfgs,-0.0116299057111685,0.1587264192896282,-0.0053336903358603,0.4295776452625202,0.7117594459858947,0.941064523497806,1.1610022584912016,2.967824637381338,-1106.800378945593,,0.8987447705649684,0.9999994324487448
621,gabapentin,Method 1,UGJMXCAKCUNAIE-UHFFFAOYSA-N,HMDB0005015,D00332,0.8402255639097744,False,within_12m,sample_median_scaled,True,lbfgs,-0.0001868424179021,0.1984487150641024,0.0216540807801533,0.5391743470358734,0.712828212530087,0.7594517490196655,3.607909991439172,2.573701534284597,-1139.292520096076,,0.8987447705649684,0.9999994324487448
828,citraconate/glutaconate,Method 4,HNEGQIOMVPPMNR-IHWYPQMZSA-N,"HMDB0000634,HMDB0000620","C02226,C02214",0.0093984962406015,True,within_12m,sample_median_scaled,True,lbfgs,0.0044095119992658,-0.1810919479253429,0.0228150062280125,0.4927910505314408,0.7132593539154611,0.7340282095586906,2.842608583597473,2.3485340340146057,-1105.236925972449,,0.8987447705649684,0.9999994324487448
307,1-methylhistidine,Method 3,BRMWTNUJHUMWMS-LURJTMIESA-N,HMDB0000001,C01152,0.0,True,within_12m,sample_median_scaled,True,lbfgs,-0.0009515366088281,0.0667585545914553,-0.0136526711824157,0.181773102799967,0.713422770136533,0.4489956317981792,0.5268731246077334,0.1583727782862166,-461.63496957660095,,0.8987447705649684,0.9999994324487448
865,solifenacin,Method 2,FBOUYBDGKBSUES-HMTLIYDFSA-N,,,0.9962406015037594,False,within_12m,sample_median_scaled,True,lbfgs,-1.5643736842436996e-05,-0.0070501897597842,1.5643736842363443e-05,0.0192191984259835,0.7137453937365539,0.9804498595636176,0.0072891902169936,0.0001876899032539,1113.9194949134162,,0.8987447705649684,0.9999994324487448
613,S-methylcysteine,Method 3,IDIDJDIHTAOVLG-VKHMYHEASA-N,HMDB0002108,,0.0,True,within_12m,sample_median_scaled,True,lbfgs,-0.0024539469212187,-0.0643210796814182,0.0038469250348566,0.1756925799779567,0.7142903464490167,0.8754446218750177,0.3493244331006526,0.312142466653374,-563.4060575323356,,0.8987447705649684,0.9999994324487448
648,leucylalanine,Method 1,HSQGMTRYSIHDAC-UHFFFAOYSA-N,HMDB0028922,,0.0169172932330827,True,within_12m,sample_median_scaled,True,lbfgs,-0.0122512756890731,0.1016983853592234,-0.0330237408091838,0.2812018264062594,0.7176089581071994,0.3756586977018608,0.967440238748615,0.7157437759711741,-796.4275882951567,,0.9017323092004939,0.9999994324487448
147,glycerate,Method 4,RBNPOMFGQQGHHO-UHFFFAOYSA-N,"HMDB0000139,HMDB0006372",C00258,0.0,True,within_12m,sample_median_scaled,True,lbfgs,-5.54095624199856e-06,-0.0584575439593406,-0.0135611114496494,0.1624928337246111,0.7190306590194762,0.3685466321492407,0.4356771717916471,0.1098689178660489,-378.5609997935867,,0.9023315103332453,0.9999994324487448
528,cyclo(leu-pro),Method 1,SZJNCZMRZAUNQT-IUCAKERBSA-N,HMDB0034276,,0.0281954887218045,True,within_12m,sample_median_scaled,True,lbfgs,0.0012926963423779,0.1037327688676335,0.0174826407380724,0.2902807022691954,0.7208273277604906,0.659802227885008,0.978663582556685,0.8237640182123187,-825.3556982870075,,0.9033990787549456,0.9999994324487448
1205,palmitoyl-sphingosine-phosphoethanolamine (d18:1/16:0),Method 2,JTVNQMOIYKXJKF-WSYRTZMQSA-N,,,0.0,True,within_12m,sample_median_scaled,True,lbfgs,-0.0006231767589287,-0.0369047404197275,0.0038174926445776,0.1048107657978,0.7247570450527613,0.7088483806886616,0.1767857456013225,0.0508047858720185,-162.80345426242184,,0.9057849201621617,0.9999994324487448
1229,"3-bromo-5-chloro-2,6-dihydroxybenzoic acid*",Method 3,AJSVSHDVMDXRFN-UHFFFAOYSA-N,,,0.0,True,within_12m,sample_median_scaled,True,lbfgs,0.0066476665172386,-0.069382434999544,-0.0053844450001703,0.1977171386160311,0.7256501245899243,0.7723202911567144,0.6407945925130565,0.1675263408544842,-487.8337812904974,,0.9057849201621617,0.9999994324487448
939,4-hydroxyphenylacetylglutamine,Method 3,NNBITIFYUGRBJL-JTQLQIEISA-N,,,0.0169172932330827,True,within_12m,sample_median_scaled,True,lbfgs,0.0026381047798984,-0.1229412496727773,-0.0324604789398696,0.3535780638409402,0.7280609149595192,0.3938723424940744,1.891768730678336,0.7151215327217993,-844.6413287263001,,0.9057849201621617,0.9999994324487448
68,leucine,Method 1,ROHFNLRQFUQHCH-YFKPBYRVSA-N,HMDB0000687,C00123,0.0,True,within_12m,sample_median_scaled,True,lbfgs,-0.0001268385084469,-0.0426257217395806,-0.0078630670830551,0.1226644579766247,0.7282168048585347,0.5652148001606754,0.2218609975189715,0.0927609023318868,-293.656674122376,,0.9057849201621617,0.9999994324487448
121,fructose,Method 4,RFSUNEUAIZKAJO-ARQDHWQXSA-N,HMDB0000660,C00095,0.0,True,within_12m,sample_median_scaled,True,lbfgs,0.0019143358620473,0.1365577389837295,-0.0729426782264471,0.3930584312045317,0.7282731751762888,0.1689540985322263,1.841041284628986,1.456343546314535,-980.957549429543,,0.9057849201621617,0.9999994324487448
46,sphingosine,Method 2,WWUZIQQURGPMPG-CCEZHUSRSA-N,HMDB0000252,C00319,0.0545112781954887,True,within_12m,sample_median_scaled,True,lbfgs,-0.0005082524916578,-0.091299038621994,-0.0148864766779376,0.265934152718937,0.7313619076548206,0.6894775107969096,0.789630278215978,0.7284558237488766,-786.821896562584,,0.9057849201621617,0.9999994324487448
1044,heptenedioate (C7:1-DC)*,Method 4,OXQWBLJQOBXJPM-DUXPYHPUSA-N,,,0.0150375939849624,True,within_12m,sample_median_scaled,True,lbfgs,0.0083479204070858,0.0845508929571026,-0.0107306410400342,0.2463991699027193,0.7314886162540417,0.7491951673902422,0.7113099714103108,0.5863378324701105,-736.2696737017652,,0.9057849201621617,0.9999994324487448
730,allopurinol,Method 3,OFCNXPDARWKPPY-UHFFFAOYSA-N,HMDB0014581,D00224,0.9680451127819548,False,within_12m,sample_median_scaled,True,lbfgs,-0.0090173981107111,-0.09904652331978,0.0108597579743525,0.2891687608957947,0.7319584522308714,0.7715420368761572,1.056801243787968,0.718246262008411,-803.0808957408556,,0.9057849201621617,0.9999994324487448
969,2-hydroxybehenate,Method 3,RPGJJWLCCOPDAZ-UHFFFAOYSA-N,HMDB0061660,,0.0225563909774436,True,within_12m,sample_median_scaled,True,lbfgs,-0.0042427961290888,0.0693563652380552,-0.0073831022244373,0.2029749533359111,0.732577325897158,0.7522911604551108,0.590548626343443,0.2733868116505101,-573.5272896764491,,0.9057849201621617,0.9999994324487448
236,kynurenine,Method 1,YGPSJZOEDVAXAB-QMMMGPOBSA-N,HMDB0000684,C00328,0.0,True,within_12m,sample_median_scaled,True,lbfgs,-0.001766458167114,-0.0364167059970334,0.0021242031318563,0.1066475156912585,0.7327513467570496,0.8778817909592561,0.1433128637148212,0.0981765987567464,-273.1889654555125,,0.9057849201621617,0.9999994324487448
109,dimethylglycine,Method 1,FFDGPVCHZBVARC-UHFFFAOYSA-N,HMDB0000092,C03626,0.0,True,within_12m,sample_median_scaled,True,lbfgs,-0.0004240498415678,-0.0487926220489321,0.0078578791236718,0.1436361471932624,0.7340854880256935,0.4432668045867068,0.3724535326007936,0.0495655639450568,-220.8801758364796,,0.9057849201621617,0.9999994324487448
2,spermidine,Method 1,ATHGHQPFGPMSJY-UHFFFAOYSA-N,HMDB0001257,C00315,0.0112781954887218,True,within_12m,sample_median_scaled,True,lbfgs,0.0004254939095311,0.0702468812980504,-0.0138098171351972,0.2068152953439656,0.734112594979595,0.6396017613717688,0.4608714154944303,0.4600374143607484,-659.677781962723,,0.9057849201621617,0.9999994324487448
873,1-stearoyl-2-docosahexaenoyl-GPE (18:0/22:6)*,Method 2,XYYHNDVKALDFHQ-OXHZBIAZSA-N,HMDB0009012,,0.0263157894736842,True,within_12m,sample_median_scaled,True,lbfgs,0.0016242447868888,-0.1007474155592977,-0.0172284257293391,0.2977972905705086,0.7351305648552717,0.6648383894184302,1.071072667637521,0.8190935992023636,-830.1047321000076,,0.9058705670152059,0.9999994324487448
491,"3,4-dihydroxybutyrate",Method 4,DZAIOXUZHHTJKN-UHFFFAOYSA-N,HMDB0000337,,0.0,True,within_12m,sample_median_scaled,True,lbfgs,0.0016923701479614,0.1281677921383706,0.0379262990932331,0.3824754302764799,0.7375491096103921,0.4293841466202308,1.9220039284105777,1.1715730540646765,-940.7535900549312,,0.9072879046753038,0.9999994324487448
943,2'-O-methyluridine,Method 3,SXUXMRMBWZCMEN-ZOQUXTDFSA-N,HMDB0240328,,0.0319548872180451,True,within_12m,sample_median_scaled,True,lbfgs,-0.0043760363226798,0.0608960503236841,0.080957871272017,0.1821798570520618,0.7381808397201163,0.0016809147485272,0.3629335638414039,0.3507788983490265,-589.5361309077375,,0.9072879046753038,0.13046991588109752
1003,linolenoylcarnitine (C18:3)*,Method 2,WJCRATGUUISKDG-QNEBEIHSSA-N,,,0.0,True,within_12m,sample_median_scaled,True,lbfgs,-0.0007329528205187,-0.0499010111190678,0.000957055448602,0.1504895805650861,0.7401980129762344,0.9630452292955696,0.263151826738135,0.2212776171380361,-475.7727578130141,,0.9085978179849665,0.9999994324487448
322,3-methylxanthine,Method 3,GMSNIKWWOQHZGF-UHFFFAOYSA-N,HMDB0001886,C16357,0.0150375939849624,True,within_12m,sample_median_scaled,True,lbfgs,0.0070842526867843,-0.1295462829803066,0.0331958398852553,0.39541188033647,0.7431962389006264,0.4985710882022462,2.0805843119195915,1.2220603958989469,-954.584416886068,,0.9111070707960182,0.9999994324487448
692,histidine betaine (hercynine)*,Method 1,GPPYTCRVKHULJH-UHFFFAOYSA-N,HMDB0029422,,0.0451127819548872,True,within_12m,sample_median_scaled,True,lbfgs,-0.0087650182431858,0.111512571288364,-0.0195980436048659,0.3434094801583163,0.7453915750349833,0.6210403306313814,1.6881617120631516,0.7846496259616275,-853.6868814502393,,0.9115455322977987,0.9999994324487448
820,N-acetylkynurenine (2),Method 3,PPIMFXHQDQRWGJ-JTQLQIEISA-N,HMDB0240342,,0.1390977443609022,True,within_12m,sample_median_scaled,True,lbfgs,-0.0017764571469558,-0.116090924199399,0.0159061892821901,0.357612547202101,0.7454628908110793,0.7079766113978051,1.7825653440752467,0.9065878542832354,-885.4890093933029,,0.9115455322977987,0.9999994324487448
936,palmitoleoylcarnitine (C16:1)*,Method 2,JFAGPSOZZSTLRF-KHPPLWFESA-N,HMDB0013207,,0.0,True,within_12m,sample_median_scaled,True,lbfgs,-0.0010613111266949,-0.0604053078912875,0.0174383035069731,0.1883467236953126,0.7484276327893602,0.5074204414731737,0.3998905071349654,0.3608124205163617,-601.33523447568,,0.9121540006509644,0.9999994324487448
856,1-palmitoleoylglycerol (16:1)*,Method 3,KVYUBFKSKZWZSV-BQYQJAHWSA-N,HMDB0011565,,0.0131578947368421,True,within_12m,sample_median_scaled,True,lbfgs,0.0071587944120682,-0.0889058392536645,0.001710463155958,0.2782007725437848,0.7492909988637007,0.9650117828294528,0.8615402951752235,0.8002735252560704,-811.402557499305,,0.9121540006509644,0.9999994324487448
489,1-ribosyl-imidazoleacetate*,Method 1,AHPWEWASPTZMEK-UHFFFAOYSA-N,HMDB0002331,C05131,0.0,True,within_12m,sample_median_scaled,True,lbfgs,0.0026608383589455,-0.0623130928537488,-0.0220335878913137,0.1951842315179085,0.7495348974822127,0.2012749998390547,0.6425422922420359,0.1427407781018129,-458.6288427790119,,0.9121540006509644,0.9999994324487448
1252,"bilirubin degradation product, C17H18N2O4 (2)**",Method 3,,,,0.0,True,within_12m,sample_median_scaled,True,lbfgs,-0.0006321701265056,-0.0887386680998504,0.0106948426162779,0.279522465055799,0.7508906063597118,0.7049647472007036,1.232609515970834,0.3896236457529401,-697.0938018389254,,0.9121540006509644,0.9999994324487448
1256,tetrahydrocortisol glucuronide,Method 3,OZINUFSVVJAFHD-LUPKFNMHSA-N,,,0.0714285714285714,True,within_12m,sample_median_scaled,True,lbfgs,0.0039131628138311,0.1250843767646372,-0.0018726949254549,0.3948863894217248,0.751425402500361,0.9666524804495048,2.2664706732576514,0.9988870952191272,-921.8671446627887,,0.9121540006509644,0.9999994324487448
272,2-hydroxyoctanoate,Method 3,JKRDADVRIYVCCY-UHFFFAOYSA-N,HMDB0002264,,0.0,True,within_12m,sample_median_scaled,True,lbfgs,0.0025553881577015,-0.0617574844097678,-0.0330362661187099,0.1951818184665123,0.7516913073427319,0.1801306866566294,0.4965926861325787,0.309651470860614,-585.214304502113,,0.9121540006509644,0.9999994324487448
78,orotate,Method 4,PXQPEWDEAKTCGB-UHFFFAOYSA-N,HMDB0000226,C00295,0.0,True,within_12m,sample_median_scaled,True,lbfgs,-0.0012341387210103,0.0678649815947238,0.001620887453816,0.2202431691523618,0.7579783915055852,0.9223609022515834,0.8629383115509281,0.1309484272378006,-467.9409275481103,,0.9167049798024807,0.9999994324487448
1061,glyco-beta-muricholate**,Method 3,ZQYUKJFJPJDMMR-PRRFOZOMSA-N,,,0.2951127819548872,False,within_12m,sample_median_scaled,True,lbfgs,0.0016853800942072,-0.2589512581610915,0.0164616739063773,0.8418376523614279,0.7583849155677513,0.8575648159784321,10.636440713655622,4.155150140543111,-1310.182235497981,,0.9167049798024807,0.9999994324487448
133,heptanoate (7:0),Method 3,MNWFXJYAOYHMED-UHFFFAOYSA-N,HMDB0000666,C17714,0.0018796992481203,True,within_12m,sample_median_scaled,True,lbfgs,-0.0051725013414882,0.0592724220744361,0.0068101571110823,0.1927578319742273,0.7584652363749116,0.7753933681183584,0.495675510547393,0.2889739496751992,-571.5521326062342,,0.9167049798024807,0.9999994324487448
727,3-hydroxycotinine glucuronide,Method 3,WALNNKZUGHYSCT-MGKNELHOSA-N,HMDB0001204,,0.793233082706767,False,within_12m,sample_median_scaled,True,lbfgs,0.0026657175526442,-0.1174117670669567,-0.0071899104758066,0.3844645737758861,0.7600688778537084,0.689786013218818,2.8499509759024675,0.1504017128772588,-598.7105478427688,,0.9167049798024807,0.9999994324487448
994,"sphingomyelin (d18:0/20:0, d16:0/22:0)*",Method 2,UGRZESKDAPEULH-ACEXITHZSA-N,HMDB0012090,,0.0,True,within_12m,sample_median_scaled,True,lbfgs,-0.0043844937417851,-0.0626761120901662,-0.0057305573315508,0.2053849675257129,0.7602411979094917,0.7808459267403849,0.6686008490653613,0.2067996987490035,-530.3265818234051,,0.9167049798024807,0.9999994324487448
600,4-hydroxyglutamate,Method 1,HBDWQSHEVMSFGY-SCQFTWEKSA-N,HMDB0001344,C03079,0.075187969924812,True,within_12m,sample_median_scaled,True,lbfgs,-0.008907298735685,-0.0965500557678486,0.0465763448103068,0.3180542930079122,0.7614595491182655,0.2547188316698895,1.2889765064615109,0.8566340643637909,-851.4817418617283,,0.9170162287615934,0.9999994324487448
682,(R)-3-hydroxybutyrylcarnitine,Method 1,UEFRDQSMQXDWTO-UHFFFAOYSA-N,HMDB0013127,,0.0545112781954887,True,within_12m,sample_median_scaled,True,lbfgs,0.0105285389226636,0.092375416313981,0.028743799492772,0.3077983731027223,0.7640881801379535,0.5264523434472557,0.947386572875559,1.1051760428758006,-883.5045338190887,,0.918239276480889,0.9999994324487448
325,threonylphenylalanine,Method 3,IQHUITKNHOKGFC-CSUXEGHOSA-N,HMDB0029068,,0.0639097744360902,True,within_12m,sample_median_scaled,True,lbfgs,-0.0048925120600598,-0.1040770505725649,0.0059494350170691,0.3472588379383916,0.764398141154248,0.9014479254457496,1.3808675876510432,1.2020091411273628,-923.7148531093752,,0.918239276480889,0.9999994324487448
50,flavin adenine dinucleotide (FAD),Method 3,VWWQXMAJTJZDQX-KUIMXZBMSA-N,HMDB0001248,C00016,0.3721804511278195,False,within_12m,sample_median_scaled,True,lbfgs,-0.003375098896005,0.0812188387782763,-0.0157237196695564,0.2748446545889748,0.7676057180432112,0.6036719909577943,1.1236799735703566,0.4543709345716314,-718.8391288902951,,0.9209339958935511,0.9999994324487448
36,biliverdin,Method 2,QBUVFDKTZJNUPP-YBRAVLHJSA-N,HMDB0001008,C00500,0.0,True,within_12m,sample_median_scaled,True,lbfgs,-0.003835137860235,-0.0802142466516063,-7.205338807093096e-05,0.2737611289223697,0.7695159089721325,0.9977980879466704,1.220425263551696,0.3303558102193077,-665.6313707204097,,0.9215131876913221,0.9999994324487448
1173,fibrinopeptide B (1-13)**,Method 3,CCYANGYMJWBLQM-UHFFFAOYSA-N,,,0.0018796992481203,True,within_12m,sample_median_scaled,True,lbfgs,0.0114194470167712,-0.093909893625658,-0.0290258303024112,0.3221829226159218,0.7706842014177515,0.4755612591605725,1.3529886891066558,0.8440638265400683,-851.9205814614222,,0.9215131876913221,0.9999994324487448
771,"5alpha-androstan-3alpha,17beta-diol monosulfate (2)",Method 3,LERFMBCTNMFXCT-ILBJSTGGSA-N,,,0.4172932330827067,False,within_12m,sample_median_scaled,True,lbfgs,-0.0051457508658308,0.1883149108912402,0.0255532682740219,0.6496792953715496,0.7719246741462203,0.491783072268261,7.947036786432993,0.6446740234945445,-947.0183693822748,,0.9215131876913221,0.9999994324487448
945,gamma-glutamyl-alpha-lysine,Method 1,LNLLNTMHVMIMOG-YUMQZZPRSA-N,,,0.0,True,within_12m,sample_median_scaled,True,lbfgs,0.0019665082535822,-0.0300869442356414,0.0004682125146238,0.103809837966263,0.7719482200555577,0.9696401051242696,0.1507540621024741,0.0757813728759198,-226.1726963828503,,0.9215131876913221,0.9999994324487448
581,"2S,3R-dihydroxybutyrate",Method 4,LOUGYXZSURQALL-GBXIJSLDSA-N,HMDB0002453,,0.0,True,within_12m,sample_median_scaled,True,lbfgs,0.0040038467148296,0.0575051745187762,0.008364939048551,0.1998693323707132,0.7735657896243229,0.7005880006788192,0.5999382727165172,0.2337872118601317,-544.9059534790756,,0.9222518976080364,0.9999994324487448
289,adipate (C6-DC),Method 4,WNLRTRBMVRJNCN-UHFFFAOYSA-N,HMDB0000448,C06104,0.5281954887218046,False,within_12m,sample_median_scaled,True,lbfgs,0.0072836626750824,-0.1567468578699306,0.0692904648979346,0.5471189514120659,0.7744990030433178,0.2181722140176349,4.671525088377468,1.550544524095546,-1060.6310823431645,,0.9222518976080364,0.9999994324487448
533,beta-cryptoxanthin,Method 2,DMASLKHVQRHNES-QQGJMDNJSA-N,HMDB0033844,C08591,0.0150375939849624,True,within_12m,sample_median_scaled,True,lbfgs,-0.0076507183855737,-0.0966556522752336,-0.013239111897496,0.33886330905377,0.7754641610253961,0.7035365908486046,1.7944954627423957,0.592012285073039,-804.99528887172,,0.9222518976080364,0.9999994324487448
30,ascorbate (vitamin C),Method 1,CIWBSHSKHKDKBQ-UHFFFAOYSA-N,HMDB0000044,"D00018,C00072",0.1090225563909774,True,within_12m,sample_median_scaled,True,lbfgs,0.001158906201884,-0.2006707535746973,-0.0918383541582121,0.7077498644458791,0.7767679516450736,0.3102560962491422,6.434228622735096,4.182645498415775,-1274.7941679815124,,0.9226534749017977,0.9999994324487448
514,o-cresol sulfate,Method 3,CYGSXDXRHXMAOV-UHFFFAOYSA-N,HMDB0011635,,0.112781954887218,True,within_12m,sample_median_scaled,True,lbfgs,-0.0024912700385433,-0.1402388331861365,-0.0001998308017011,0.5084608396847995,0.7826936264957293,0.99774181688159,2.9275907225261864,2.6152918123712743,-1128.851246399308,,0.9265328059772793,0.9999994324487448
917,glycocholate glucuronide (1),Method 3,BWWWIHHYPYDOJQ-ICKMJTCPSA-N,,,0.4285714285714285,False,within_12m,sample_median_scaled,True,lbfgs,0.0074832780928233,0.1353358866283588,0.0756535639929934,0.4906939651627458,0.7826977843665679,0.189723892496654,3.389605318812844,1.6687359140294749,-1050.162799017529,,0.9265328059772793,0.9999994324487448
1151,3-ethylcatechol sulfate (1),Method 3,NUPWKYZXNXCOHY-UHFFFAOYSA-N,,,0.1033834586466165,True,within_12m,sample_median_scaled,True,lbfgs,-0.001610215067837,0.1272957163149325,0.0320664468598472,0.4673703274179727,0.7853407284779883,0.6260962400026113,2.409599360952867,2.284189517359488,-1089.118908086998,,0.9265328059772793,0.9999994324487448
27,arachidonate (20:4n6),Method 3,YZXBAPSDXZZRGB-DOFZRALJSA-N,HMDB0001043,C00219,0.0,True,within_12m,sample_median_scaled,True,lbfgs,-0.0006178681547435,0.0479359575311937,0.0236994068914609,0.1789565843523551,0.78880430190082,0.312927079133658,0.3966355447523847,0.2843867956207119,-553.0136007531173,,0.9265328059772793,0.9999994324487448
518,N-acetylserine,Method 4,JJIHLJJYMXLCOY-BYPYZUCNSA-N,HMDB0002931,,0.0,True,within_12m,sample_median_scaled,True,lbfgs,0.0004159517122533,0.0389999687422251,-0.0135562462452897,0.1456431111759557,0.7888704822806705,0.1917533696601792,0.3830579433788394,0.0508209742459252,-227.79983798137687,,0.9265328059772793,0.9999994324487448
62,myo-inositol,Method 4,CDAISMWEOUEBRE-GPIVLXJGSA-N,HMDB0000211,C00137,0.0,True,within_12m,sample_median_scaled,True,lbfgs,0.001052827951696,0.045238860025695,0.0027986774458298,0.1691467886827888,0.7891201969469088,0.8693127625722247,0.4528402120134555,0.1409908193100073,-427.9097150361463,,0.9265328059772793,0.9999994324487448
316,N-(2-furoyl)glycine,Method 3,KSPQDMRTZZYQLM-UHFFFAOYSA-N,HMDB0000439,,0.0902255639097744,True,within_12m,sample_median_scaled,True,lbfgs,0.007724084946867,-0.1540595464520041,0.0069387194542345,0.5789531117871817,0.7901620308435903,0.9298786884345732,3.923096372528979,3.2407091751075776,-1190.8994024934843,,0.9265328059772793,0.9999994324487448
308,butyrylcarnitine (C4),Method 1,QWYFHHGCZUCMBN-SECBINFHSA-N,HMDB0002013,C02862,0.0037593984962406,True,within_12m,sample_median_scaled,True,lbfgs,0.0002230442893934,0.0490382188751089,0.0172411271126578,0.184607155545766,0.7905199224155828,0.246026412591353,0.5946462598738463,0.1051573442027256,-396.5061421246189,,0.9265328059772793,0.9999994324487448
909,1-(1-enyl-stearoyl)-2-linoleoyl-GPE (P-18:0/18:2)*,Method 2,XVXISDREVDGQPX-PISDLAQISA-N,HMDB0011376,,0.0,True,within_12m,sample_median_scaled,True,lbfgs,-0.0017175609610411,0.0450214990977899,0.0126146458685764,0.1697427934582948,0.7908294810822916,0.4667261097733191,0.4516786625728616,0.1469502821259667,-435.44005159784,,0.9265328059772793,0.9999994324487448
524,1-stearoyl-2-arachidonoyl-GPS (18:0/20:4),Method 2,SVOUGFFDROZBJI-DNALCEECSA-N,HMDB0012383,,0.793233082706767,False,within_12m,sample_median_scaled,True,lbfgs,0.0008057575570898,0.0728452218439577,0.0195639961766562,0.2747657034420256,0.7909188751296095,0.5197288352839073,1.119855478764206,0.4578012544565092,-720.0080971471573,,0.9265328059772793,0.9999994324487448
404,"1,7-dimethylurate",Method 3,NOFNCLGCUJJPKU-UHFFFAOYSA-N,HMDB0011103,C16356,0.0150375939849624,True,within_12m,sample_median_scaled,True,lbfgs,0.010838951304218,0.0985838281756943,0.0033460390128886,0.3729816345860929,0.7915388814189664,0.9411171227310184,1.8952399889235547,1.0367737108683692,-915.9103253439569,,0.9265328059772793,0.9999994324487448
626,1-lignoceroyl-GPC (24:0),Method 2,SKJMUADLQLZAGH-WJOKGBTCSA-N,HMDB0010405,,0.1936090225563909,True,within_12m,sample_median_scaled,True,lbfgs,-0.0079077346173057,0.0826461001684711,-0.0037146871512819,0.3128938739264474,0.7916761986151413,0.9248816440181886,1.280457587859543,0.7907465193995136,-835.2716934447269,,0.9265328059772793,0.9999994324487448
1046,glucuronide of C12H22O4 (1)*,Method 3,,,,0.3684210526315789,False,within_12m,sample_median_scaled,True,lbfgs,0.0073350608427268,-0.1211471455572384,-0.0746394074108578,0.4648044771538174,0.7943692993478286,0.289997105712557,2.005447292832756,2.7027527331875185,-1113.182553469954,,0.9274905101066522,0.9999994324487448
793,acesulfame,Method 3,YGCFIWIQZPHFLU-UHFFFAOYSA-N,HMDB0033585,,0.4548872180451128,False,within_12m,sample_median_scaled,True,lbfgs,-0.0023872617410795,0.2651344657983067,-0.1845675951902247,1.0175818974785158,0.794436897662033,0.2453952047964436,8.787288727569353,13.916728213923134,-1540.4394886250354,,0.9274905101066522,0.9999994324487448
1095,"N6,N6-dimethyllysine",Method 1,XXEWFEBMSGLYBY-ZETCQYMHSA-N,HMDB0013287,C05545,0.0131578947368421,True,within_12m,sample_median_scaled,True,lbfgs,0.0022896559728277,-0.0504839195874169,-0.0287872963170058,0.1952193395760237,0.7959430991329814,0.0183810940273682,0.7072769830476362,0.0697939924500252,-338.18898428153034,,0.9281143585738673,0.7979065816425741
539,pregnenediol disulfate (C21H34O8S2)*,Method 3,RKYCGXFEFAPXIP-BWUXAKENSA-N,,,0.0,True,within_12m,sample_median_scaled,True,lbfgs,-0.001784493210166,0.083126505478932,-0.0137891588816485,0.3256389202951456,0.798513007817045,0.6065210620586514,1.8376543134018453,0.3415320268042084,-705.6373174156759,,0.9299755152015586,0.9999994324487448
262,1-myristoyl-2-palmitoyl-GPC (14:0/16:0),Method 2,RFVFQQWKPSOBED-PSXMRANNSA-N,HMDB0007869,,0.0,True,within_12m,sample_median_scaled,True,lbfgs,-0.0036552493697223,0.041600189389636,-0.0131549733799495,0.1643123611680474,0.8001310687556016,0.525564298603803,0.3527071762640801,0.2186197553605911,-493.03298747041,,0.9307249338143722,0.9999994324487448
1101,glucuronide of piperine metabolite C17H21NO3 (3)*,Method 3,,,,0.0300751879699248,True,within_12m,sample_median_scaled,True,lbfgs,-0.007065009584997,0.0923512470943923,0.000869115697465,0.3720710309911063,0.8039729765198439,0.9846211464151108,1.890175180577794,1.026664252740385,-913.8153078130232,,0.931582737459357,0.9999994324487448
1191,2-acrylamidoglycolic acid,Method 1,NEYTXADIGVEHQD-UHFFFAOYSA-N,,,0.0,True,within_12m,sample_median_scaled,True,lbfgs,-0.0012316514013313,0.0392185149823302,0.0006520655577031,0.1582977374561059,0.8043266185651332,0.9735138685609837,0.333428888906137,0.1959059036614573,-467.6068282979784,,0.931582737459357,0.9999994324487448
824,O-desmethyltramadol glucuronide,Method 1,DSBGQRZOJXSECT-VFUSOVNCSA-N,HMDB0060856,,0.8796992481203008,False,within_12m,sample_median_scaled,True,lbfgs,-0.0008702191613984,0.1103879421576984,0.0070390384417933,0.4468013991317782,0.8048597310684562,0.9001961920840275,2.61886275774422,1.603942178325156,-1023.9766850912848,,0.931582737459357,0.9999994324487448
395,metoprolol acid metabolite*,Method 1,PUQIRTNPJRFRCZ-UHFFFAOYSA-N,,,0.9323308270676692,False,within_12m,sample_median_scaled,True,lbfgs,0.000881538679143,0.0520168358201109,-0.0751320376709274,0.2153963205703394,0.8091725656146226,1.26876276449692e-07,0.8521951417418079,0.0949361742458603,-409.3136328723367,,0.931582737459357,4.0388948003151945e-05
346,guanidinosuccinate,Method 4,VVHOUVWJCQOYGG-UHFFFAOYSA-N,HMDB0003157,C03139,0.3890977443609023,False,within_12m,sample_median_scaled,True,lbfgs,0.0029086052238336,-0.1109725725632654,-0.0427459156311605,0.459825953026631,0.809294683765338,0.3201129195258461,3.4767501725090693,0.8937421673728668,-934.5655238672872,,0.931582737459357,0.9999994324487448
1175,fibrinopeptide B (1-12)**,Method 3,BQQBOORXDTXWLE-UHFFFAOYSA-N,,,0.0037593984962406,True,within_12m,sample_median_scaled,True,lbfgs,-0.008997062928909,0.0689139101532513,-0.0206097886359735,0.2882168021455246,0.8110246176230652,0.4585085525425405,1.3447972510376598,0.374967082183304,-696.9298614285824,,0.931582737459357,0.9999994324487448
1237,De(carboxymethoxy) cetirizine acetic acid,Method 2,NBQBQRKLQXVPIS-LJQANCHMSA-N,,,0.8627819548872181,False,within_12m,sample_median_scaled,True,lbfgs,-0.0027774691615283,-0.1233303104116105,0.0195743038016992,0.5164893266987484,0.811271691716772,0.6783329417817554,4.433409159254876,1.074066660030213,-988.3060706761472,,0.931582737459357,0.9999994324487448
751,17alpha-hydroxypregnanolone glucuronide,Method 3,IZDWMNZNEAXAFE-CQQKWVOPSA-N,,,0.4304511278195488,False,within_12m,sample_median_scaled,True,lbfgs,-0.0051790808227497,0.1097390556741201,-0.0170306612536009,0.4622682804017016,0.8123522523551071,0.716269791777516,3.3653618225058253,1.0722718081782117,-965.7498761617146,,0.931582737459357,0.9999994324487448
879,1-(1-enyl-palmitoyl)-2-oleoyl-GPE (P-16:0/18:1)*,Method 2,ZVVYJAAMWXATNY-PRWZWGSOSA-N,HMDB0011342,,0.0056390977443609,True,within_12m,sample_median_scaled,True,lbfgs,0.0011043765342376,0.0378519538895061,0.0241693453402227,0.1603681522531293,0.8134081383175111,0.2026836508373599,0.3598320452051141,0.1807832615739338,-457.484963421055,,0.931582737459357,0.9999994324487448
892,phenylacetylglutamate,Method 3,PTSRBZOZSRJCKX-JTQLQIEISA-N,HMDB0059772,,0.2650375939849624,False,within_12m,sample_median_scaled,True,lbfgs,0.0070263535275856,0.1082755582469124,-0.0410313779810518,0.4610640836402215,0.8143341511251888,0.5009437309451205,2.6053806958003207,1.92002546034844,-1059.1697654456236,,0.931582737459357,0.9999994324487448
481,3-(3-hydroxyphenyl)propionate,Method 3,QVWAEZJXDYOKEH-UHFFFAOYSA-N,HMDB0000375,C11457,0.2781954887218045,False,within_12m,sample_median_scaled,True,lbfgs,0.0102083549676492,-0.1522660803518139,-0.02558483286288,0.6497228349604547,0.8147090497488362,0.7499266244787706,5.648149109326254,3.2645069138320024,-1217.087807890356,,0.931582737459357,0.9999994324487448
300,ribonate,Method 4,QXKAIJAYHKCRRA-BXXZVTAOSA-N,HMDB0000867,C01685,0.0,True,within_12m,sample_median_scaled,True,lbfgs,0.0006918627148232,0.0404408868561765,-0.0136390741998802,0.1728241310615058,0.814984798137222,0.5022797213161956,0.4207133638361957,0.206694540828153,-494.7519654281539,,0.931582737459357,0.9999994324487448
193,4-acetamidophenol,Method 3,RZVAJINKPMORJF-UHFFFAOYSA-N,HMDB0001859,C06804,0.6296992481203008,False,within_12m,sample_median_scaled,True,lbfgs,0.0133153729472596,0.214111440045725,-0.1789099262291921,0.9152890032906782,0.8150411178689301,0.13764309222505,10.33005981993509,7.494513879868103,-1422.464543128883,,0.931582737459357,0.9999994324487448
1078,fibrinopeptide A (5-16)*,Method 3,NFUNGJWOQYYPEX-UHFFFAOYSA-N,,,0.0037593984962406,True,within_12m,sample_median_scaled,True,lbfgs,0.0035238340828684,0.0516826334812626,-0.0145710532517383,0.2214991109013393,0.8155043026701014,0.6300644368600955,0.5715775006786049,0.4776628420512999,-680.8549728577416,,0.931582737459357,0.9999994324487448
86,pyridoxal,Method 1,RADKZDMFGJYCBB-UHFFFAOYSA-N,HMDB0001545,C00250,0.018796992481203,True,within_12m,sample_median_scaled,True,lbfgs,0.0004221767470182,0.0522158220668094,-0.0371611405058195,0.2244144421744589,0.8160131200825071,0.2222909140828554,0.5946234472693775,0.4810454293918602,-684.8374998395309,,0.931582737459357,0.9999994324487448
774,4-hydroxychlorothalonil,Method 3,MDQKYGOECVSPIW-UHFFFAOYSA-N,HMDB0240624,,0.0018796992481203,True,within_12m,sample_median_scaled,True,lbfgs,-0.0025300062253022,0.0550345396927195,0.0001402893949424,0.2371364681753779,0.8164761793230176,0.9938679084395954,0.9948832454690204,0.1580514953376837,-514.0416480914121,,0.931582737459357,0.9999994324487448
711,furosemide,Method 3,ZZUFCTLCJUWOSV-UHFFFAOYSA-N,HMDB0001933,D00331,0.6221804511278195,False,within_12m,sample_median_scaled,True,lbfgs,-0.0207892999589564,0.1075505034669252,0.0418983377422307,0.4753232331209295,0.8209928770668738,0.513566748371084,2.685984893768652,2.13697439144791,-1082.582188206348,,0.9345967189830926,0.9999994324487448
149,N-acetylleucine,Method 3,WXNXCEHXYPACJF-ZETCQYMHSA-N,HMDB0011756,C02710,0.0112781954887218,True,within_12m,sample_median_scaled,True,lbfgs,-1.0808552927953698e-05,-0.0403537581154178,-0.0304322760613799,0.1784281447053635,0.8210750232741515,0.1093358505531426,0.4856091916524546,0.1777644472035195,-476.8536533654751,,0.9345967189830926,0.9999994324487448
984,glycosyl-N-(2-hydroxynervonoyl)-sphingosine (d18:1/24:1(2OH))*,Method 2,KNDOGXSGCOJBRQ-UHRQUHAFSA-N,,,0.0056390977443609,True,within_12m,sample_median_scaled,True,lbfgs,-0.0037347111417238,0.0479628115069372,0.0232427298488203,0.2145212229523181,0.8230835597817668,0.3365041480611027,0.6723427970027754,0.2907851162280768,-595.0233530670041,,0.9356348432597964,0.9999994324487448
602,pantoate,Method 3,OTOIIPJYVQJATP-BYPYZUCNSA-N,HMDB0240389,C00522,0.0338345864661654,True,within_12m,sample_median_scaled,True,lbfgs,0.0021490767634629,-0.0751719100652368,-0.0632260712887714,0.337893856492992,0.8239464954779987,0.1738360491445488,1.3158945335384873,1.128089899769262,-907.8087577592562,,0.9356348432597964,0.9999994324487448
211,taurodeoxycholate,Method 2,AWDRATDZQPNJFN-RZGBOAIJSA-N,HMDB0000896,C05463,0.4906015037593985,False,within_12m,sample_median_scaled,True,lbfgs,0.0067114510037008,-0.1456285958649947,0.039341205315254,0.6710520450830664,0.8281963807606783,0.6106761823261235,6.459521498236683,2.982692886473813,-1209.3764264354047,,0.9393357332734527,0.9999994324487448
122,adenine,Method 1,GFFGJBXGBJISGV-UHFFFAOYSA-N,HMDB0000034,C00147,0.0,True,within_12m,sample_median_scaled,True,lbfgs,-0.0018362891698606,0.0212378024795193,-0.0268299304548128,0.0984313409768263,0.8291727991094456,0.0643207062596269,0.0975177258500589,0.1122798794521982,-275.9887819514622,,0.9393357332734527,0.9999994324487448
386,fibrinopeptide A*,Method 3,JWICNZAGYSIBAR-UHFFFAOYSA-N,,,0.2218045112781954,False,within_12m,sample_median_scaled,True,lbfgs,0.0021503059506138,-0.0887202088858502,-0.0402028247898437,0.4147022569099499,0.8305960882440322,0.4737308607887244,2.0411366833220006,1.6305121005263126,-1010.3655671862032,,0.939833251508354,0.9999994324487448
748,3-(3-hydroxyphenyl)propionate sulfate,Method 3,IQWLPDPKVFZEOK-UHFFFAOYSA-N,HMDB0094710,,0.5451127819548872,False,within_12m,sample_median_scaled,True,lbfgs,0.0043357868234701,0.1036476210674263,-0.0387598765352343,0.4910062193099494,0.8328152661783574,0.5236986539440328,3.228766661277603,1.8606781378227693,-1067.7596458182836,,0.9406006740890489,0.9999994324487448
415,phenylacetylglutamine,Method 3,JFLIEFSWGNOPJJ-JTQLQIEISA-N,HMDB0006344,C04148,0.0,True,within_12m,sample_median_scaled,True,lbfgs,0.010499939581286,-0.0665683887476937,-0.0249983161586698,0.317744153471912,0.8340555068168927,0.4974460814891288,1.4393325063796092,0.6789455199207406,-814.1035981906327,,0.9406006740890489,0.9999994324487448
1146,2-ketocaprylate,Method 3,GPPUPQFYDYLTIY-UHFFFAOYSA-N,HMDB13211,,0.0,True,within_12m,sample_median_scaled,True,lbfgs,-0.0002217016932598,-0.0423581410055095,-0.002191200723276,0.2023986502278893,0.8342290795323816,0.9316999892471762,0.5336125094570303,0.3335028790835558,-604.7921667648529,,0.9406006740890489,0.9999994324487448
786,4-vinylguaiacol sulfate,Method 3,FKCHAXAGQVCJPN-UHFFFAOYSA-N,HMDB0127980,,0.1616541353383458,True,within_12m,sample_median_scaled,True,lbfgs,0.0049479914170851,0.1176243643187326,-0.0861673625771963,0.5799042552146124,0.839264695020495,0.3288069894733285,3.1181216797010687,4.211207491441589,-1231.0308610363943,,0.9451624808308641,0.9999994324487448
39,cholesterol,Method 2,HVYWMOMLDIMFJA-LBHVWCRMSA-N,HMDB0000067,C00187,0.0,True,within_12m,sample_median_scaled,True,lbfgs,-0.0015666153802365,0.0215853040829362,-0.0028361461885193,0.1079862455739831,0.8415670934192325,0.8036538465725865,0.1788881030960108,0.0639430385832009,-206.7267467944771,,0.9453385334212377,0.9999994324487448
1250,"bilirubin degradation product, C16H18N2O5 (2)**",Method 3,,,,0.0695488721804511,True,within_12m,sample_median_scaled,True,lbfgs,-0.008171617695844,0.0867770146258987,0.0249884365200047,0.4359377776624707,0.8422171730217339,0.5965287934152577,2.864663972646736,1.1000683566494165,-957.9899404411184,,0.9453385334212377,0.9999994324487448
1129,citalopram N-oxide*,Method 2,DIOGFDCEWUUSBQ-UHFFFAOYSA-N,HMDB0060654,C16607,0.9172932330827068,False,within_12m,sample_median_scaled,True,lbfgs,-0.0023150848557405,-0.0333971768624904,0.0114402759176275,0.1679630404800877,0.8423906721900244,0.5909715158679728,0.3661809855791859,0.2311584421578027,-506.5955644733731,,0.9453385334212377,0.9999994324487448
734,benzoylcarnitine*,Method 1,AWUHAZDZHNWQAG-UHFFFAOYSA-N,,,0.075187969924812,True,within_12m,sample_median_scaled,True,lbfgs,0.0025754371068953,0.0699674900721561,-0.0066553912971744,0.358472892000292,0.8452503955875217,0.8740485555538643,1.815150151409686,0.8835380534468037,-881.8497915298547,,0.9459293412001951,0.9999994324487448
352,octanoylcarnitine (C8),Method 2,CXTATJFJDMJMIY-UHFFFAOYSA-N,HMDB0000791,C02838,0.0,True,within_12m,sample_median_scaled,True,lbfgs,0.0029628935270023,-0.0472829456965994,0.0125529528457263,0.2423876626272063,0.8453369065889818,0.6738864057177134,0.7913397051689511,0.4482389835392856,-690.3685096818624,,0.9459293412001951,0.9999994324487448
712,gamma-CEHC glucuronide*,Method 3,NOZSTAZEOBPSBY-UHFFFAOYSA-N,,,0.2236842105263158,False,within_12m,sample_median_scaled,True,lbfgs,0.0102475655584135,0.074700371641498,-0.0005219647038724,0.3882681824880907,0.8474337877175637,0.9910806533955232,2.076236374127985,1.09766328585014,-933.549607110068,,0.9459293412001951,0.9999994324487448
1110,"(2,4 or 2,5)-dimethylphenol sulfate",Method 3,CLCCTVXAPVYLKM-UHFFFAOYSA-N,,,0.3176691729323308,False,within_12m,sample_median_scaled,True,lbfgs,-0.0023907667802025,-0.1074394606858831,-0.033827989587997,0.5615706332264405,0.8482752176194202,0.6517373920749542,3.818060285236354,2.902806369214888,-1167.044247283922,,0.9459293412001951,0.9999994324487448
543,"5alpha-androstan-3alpha,17alpha-diol disulfate",Method 3,JHFAETDERBWUOO-SKIFDASYSA-N,,,0.6466165413533834,False,within_12m,sample_median_scaled,True,lbfgs,-0.0148626346576294,0.0669945894285497,0.0455262714779736,0.3513070509286166,0.8487598919619648,0.2052954568275989,1.9326125525142208,0.631894378709827,-823.0428664752724,,0.9459293412001951,0.9999994324487448
408,indolebutyrate,Method 3,JTEDVYBZBROSJT-UHFFFAOYSA-N,HMDB0002096,C11284,0.1334586466165413,True,within_12m,sample_median_scaled,True,lbfgs,-0.009026807254597,0.0826425969221661,-0.0603533448822561,0.4345669433106028,0.8491741131418391,0.189100652575521,2.894949057635057,1.0378652352783173,-947.8190989761226,,0.9459293412001951,0.9999994324487448
1028,(N(1) + N(8))-acetylspermidine,Method 1,MQTAVJHICJWXBR-UHFFFAOYSA-N,"HMDB0002189,HMDB0001276","C01029,C00612",0.0,True,within_12m,sample_median_scaled,True,lbfgs,-0.0003847514627524,-0.0206601177006815,-0.0202817651058646,0.1091475599905994,0.8498685764568081,0.1381581524838167,0.1566930987633255,0.0952308888904319,-273.354830653064,,0.9459293412001951,0.9999994324487448
1253,"bilirubin degradation product, C17H18N2O4 (3)**",Method 3,,,,0.0,True,within_12m,sample_median_scaled,True,lbfgs,-0.0002192004753633,-0.0519565712303057,0.0165332348909685,0.2762981941507406,0.8508411561161964,0.5549228704008462,1.202193345304075,0.3831436211238595,-691.9818262171977,,0.9459293412001951,0.9999994324487448
817,"1,2,3-benzenetriol sulfate (2)",Method 3,NGVLEQPKHLWZLN-UHFFFAOYSA-N,"HMDB0060018,HMDB0060016",,0.0056390977443609,True,within_12m,sample_median_scaled,True,lbfgs,0.0023602646652194,-0.0889520168870954,-0.0092073559633592,0.4765423151700273,0.8519261863136002,0.9055596205747584,1.6474896267257162,3.3872655780976384,-1151.6641629159035,,0.9460343115459164,0.9999994324487448
493,hexanoylglutamine,Method 3,NONGMLDQXRDGIT-UHFFFAOYSA-N,,,0.0150375939849624,True,within_12m,sample_median_scaled,True,lbfgs,0.0066638737440319,0.0615791507243296,0.0124922083057065,0.3339860571805695,0.8537181734523493,0.7661357222099652,1.4611893960019928,0.8987226493337114,-869.6007687380459,,0.9469231772903527,0.9999994324487448
702,carboxyibuprofen,Method 3,DIVLBIVDYADZPL-UHFFFAOYSA-N,HMDB0060564,,0.8515037593984962,False,within_12m,sample_median_scaled,True,lbfgs,0.0069847069266123,0.0795743762381985,-0.1814183902318822,0.4413853405454078,0.8569302180484458,0.0009523241605695,2.590904058308072,1.5247879824666049,-1013.316453444974,,0.9493832462137654,0.09094695733438726
28,arginine,Method 1,ODKSFYDXXFIFQN-UHFFFAOYSA-N,HMDB0000517,C00062,0.0,True,within_12m,sample_median_scaled,True,lbfgs,-0.002022348735155,0.0183985607631011,-0.0103336135537736,0.103214580622923,0.8585223698855444,0.3093160509450482,0.1705847439867362,0.0502553578390922,-157.91896104302464,,0.9500450327238643,0.9999994324487448
197,ibuprofen,Method 3,HEFNNWSXXWATRW-UHFFFAOYSA-N,HMDB0001925,C01588,0.9586466165413534,False,within_12m,sample_median_scaled,True,lbfgs,0.0044236791675888,-0.0336494884805153,-0.1302503430809729,0.1918440489080872,0.8607651673361834,1.1890651895170338e-06,0.4145264495676737,0.3749198787117757,-611.3854552546723,,0.9513528358232245,0.00022711145119775345
883,"sphingomyelin (d18:1/21:0, d17:1/22:0, d16:1/23:0)*",Method 2,YXSZOBWVQJIWNE-QVDCKBILSA-N,"HMDB0240619,HMDB0240611,HMDB0240621",,0.0,True,within_12m,sample_median_scaled,True,lbfgs,0.0007309721306383,-0.0352935815866525,-0.0116228974895601,0.2025864277363157,0.8616965476304599,0.6179410323896832,0.5893585835363325,0.2710963744648973,-571.7646618857709,,0.9513528358232245,0.9999994324487448
432,N1-methyl-2-pyridone-5-carboxamide,Method 3,JLQSXXWTCJPCBC-UHFFFAOYSA-N,HMDB0004193,C05842,0.0,True,within_12m,sample_median_scaled,True,lbfgs,0.0007458626250041,-0.038043863514473,-0.0070180954009756,0.2203841350401805,0.8629460135412803,0.7733070505093466,0.7212647565779542,0.2935381317764227,-602.1309536570902,,0.9516321511915966,0.9999994324487448
20,N-acetylputrescine,Method 1,KLZGKIDSEJWEDW-UHFFFAOYSA-N,HMDB0002064,C02714,0.0,True,within_12m,sample_median_scaled,True,lbfgs,-0.0014607287299348,-0.0195191872337486,-0.0177709950850294,0.1149671869868017,0.8651827579303366,0.17888964356449,0.189845348333326,0.0872553252740354,-270.27783477847674,,0.9528906892101563,0.9999994324487448
402,"1,3,7-trimethylurate",Method 3,BYXCFUMGEBZDDI-UHFFFAOYSA-N,HMDB0002123,C16361,0.0695488721804511,True,within_12m,sample_median_scaled,True,lbfgs,0.0162957423702026,-0.0708253273535605,-0.0070992354582439,0.4199890029406098,0.8660828463187599,0.8929404393211102,2.3155709189262232,1.4154383722988884,-990.8557884464956,,0.9528906892101563,0.9999994324487448
708,3beta-hydroxy-5-cholenoate,Method 3,HIAJCGFYHIANNA-QIZZZRFXSA-N,HMDB0000308,,0.1428571428571428,True,within_12m,sample_median_scaled,True,lbfgs,0.0011451181539621,0.0559923838969688,0.0436081716539187,0.3492950068709439,0.8726438696953377,0.2556038225109351,1.8193956491850292,0.7281369437883981,-845.0648623668078,,0.9589943006550329,0.9999994324487448
269,1-methylguanidine,Method 1,CHJJGSNFBQVOTG-UHFFFAOYSA-N,HMDB0001522,C02294,0.8026315789473685,False,within_12m,sample_median_scaled,True,lbfgs,0.001035582409861,0.0468628958051688,-0.0246710590149714,0.2946644222736774,0.8736387869841661,0.5487658273677659,0.9749373523711414,0.8880019692381617,-840.304297150212,,0.9589943006550329,0.9999994324487448
620,sertraline,Method 2,VGKDLMBJGBXTGI-SJCJKPOMSA-N,HMDB0005010,C07246,0.9266917293233082,False,within_12m,sample_median_scaled,True,lbfgs,-0.0030587775235847,-0.027635004255105,-0.0085939409631225,0.1784194426454614,0.8769097306425087,0.688791576861862,0.4381895603710815,0.2319870785743588,-520.0157705011852,,0.9600425765781173,0.9999994324487448
216,4-acetaminophen sulfate,Method 3,IGTYILLPRJOVFY-UHFFFAOYSA-N,HMDB0059911,C06804,0.5676691729323309,False,within_12m,sample_median_scaled,True,lbfgs,0.014535622078174,-0.1800773962632836,-0.2517560841543375,1.1656222142844537,0.8772231110668216,0.0916359122937405,17.400281053974165,11.40592148659399,-1541.0683094125914,,0.9600425765781173,0.9999994324487448
1092,3-hydroxyhippurate sulfate,Method 3,SBLCKJXUMHOIBU-UHFFFAOYSA-N,,,0.7124060150375939,False,within_12m,sample_median_scaled,True,lbfgs,0.0062792479553505,-0.0657317695931111,0.0214748401127416,0.4290504089333992,0.878238265842886,0.6746689634831717,2.558417717340921,1.3131763434881152,-983.3779485359566,,0.9600425765781173,0.9999994324487448
609,diphenhydramine,Method 2,ZZVUWRFHKOJYTH-UHFFFAOYSA-N,HMDB0001927,C06960,0.9285714285714286,False,within_12m,sample_median_scaled,True,lbfgs,-0.0024991208356595,0.0256106020733987,-0.0122274229978217,0.1676905947828619,0.8786148816013346,0.5709629879334609,0.3580298925000951,0.2384056833272448,-511.1241770621828,,0.9600425765781173,0.9999994324487448
664,citalopram/escitalopram,Method 2,WSEQXVZVJXJVFP-FQEVSTJZSA-N,HMDB0005028,D07913,0.9097744360902256,False,within_12m,sample_median_scaled,True,lbfgs,-0.0022426788318169,-0.0379442033320351,-0.0087808844963359,0.2528983316988828,0.880735123326306,0.7324824562296454,1.0059165568189488,0.3223908902206671,-645.614738904447,,0.9612594774589968,0.9999994324487448
469,cholesterol sulfate,Method 4,BHYOQNUELFTYRT-UHFFFAOYSA-N,HMDB00653,C18043,0.0,True,within_12m,sample_median_scaled,True,lbfgs,-0.0042542635253712,0.0214953546856583,0.0090526892273871,0.1458810942300718,0.8828569837476321,0.4831718494682573,0.3586120041041618,0.0800825394571852,-304.4551938963118,,0.9620481223183577,0.9999994324487448
184,N1-methyladenosine,Method 1,GFYLSDSUCHVORB-IOSLPCCCSA-N,HMDB0003331,C02494,0.0,True,within_12m,sample_median_scaled,True,lbfgs,0.0011824137305135,-0.0102925060701373,-0.0011752609211397,0.0703743654257103,0.8837211737823046,0.9012332386055512,0.0591002212172185,0.0465873495642419,-65.5207905270031,,0.9620481223183577,0.9999994324487448
889,myristoyl dihydrosphingomyelin (d18:0/14:0)*,Method 2,MJAFYELZQYPMQG-MPQUPPDSSA-N,HMDB0012085,,0.0,True,within_12m,sample_median_scaled,True,lbfgs,-0.0029918412565177,0.0192617783953777,0.0023377200344838,0.1325723145280234,0.8844798443932126,0.8775472934961868,0.2536441709131851,0.1146366392399481,-344.12790048684565,,0.9620481223183577,0.9999994324487448
849,2-methylcitrate/homocitrate,Method 3,YNOXCRMFGMSKIJ-UHFFFAOYSA-N,"HMDB0003518,HMDB0000379",C01251,0.0018796992481203,True,within_12m,sample_median_scaled,True,lbfgs,0.0018998964643132,0.0198565596124008,-0.0138286911421651,0.1441762608925172,0.8904583959891569,0.3067226689593861,0.3412006952029284,0.08854236030503,-318.8205786544547,,0.9666426306242072,0.9999994324487448
183,2-hydroxystearate,Method 3,KIHBGTRZFAVZRV-QGZVFWFLSA-N,HMDB0062549,"C03042,C03045",0.0,True,within_12m,sample_median_scaled,True,lbfgs,-0.0021536398386752,0.023561042568653,0.0128093195482627,0.1714993147329688,0.8907282879050286,0.4016689176280218,0.4943315446159854,0.1121665228534741,-392.7551220214396,,0.9666426306242072,0.9999994324487448
768,octadecenedioylcarnitine (C18:1-DC)*,Method 2,CYPBWZKNUDFJJE-PLNGDYQASA-N,,,0.0037593984962406,True,within_12m,sample_median_scaled,True,lbfgs,0.0005365459838569,-0.0281549981042109,0.0060085162594292,0.2083500573215149,0.892506606128522,0.8348281486331878,0.4950323024639865,0.4347559533089635,-652.6364390365313,,0.9666540413931691,0.9999994324487448
171,oleoyl ethanolamide,Method 3,BOWVQLFMWHZBEF-KTKRTIGZSA-N,HMDB0002088,,0.0,True,within_12m,sample_median_scaled,True,lbfgs,-0.0005728732841522,0.0273889135234861,0.0140513459488222,0.2031688946155516,0.8927632089097122,0.5620562399359733,0.572969612924513,0.2954029617494159,-586.2188363634791,,0.9666540413931691,0.9999994324487448
832,suberoylcarnitine (C8-DC),Method 1,YVWVEIPYMGBQPE-UHFFFAOYSA-N,,,0.0526315789473684,True,within_12m,sample_median_scaled,True,lbfgs,0.0040834094481832,-0.046040261806319,0.0031171490477481,0.3488227150624884,0.8949941250567975,0.937568512992218,1.7595826184870735,0.7896983847096394,-858.0007643403926,,0.9679721284589373,0.9999994324487448
143,sarcosine,Method 1,FSYKKLYZXJSNPZ-UHFFFAOYSA-N,HMDB0000271,C00213,0.0018796992481203,True,within_12m,sample_median_scaled,True,lbfgs,0.0012990140336541,-0.0234761114241581,0.0125324491721537,0.181448639003254,0.8970557229799565,0.5178859284824711,0.5014260257090893,0.1847025143574643,-486.55523123698,,0.9682763854992437,0.9999994324487448
962,N-palmitoyl-sphingadienine (d18:2/16:0)*,Method 2,XXWRZIYYFPIQHE-XPAOSYCESA-N,HMDB0240686,,0.0281954887218045,True,within_12m,sample_median_scaled,True,lbfgs,0.0004316978592398,0.0289960224134369,0.0076234048864764,0.2246556344638567,0.8973032472951106,0.7641500634470678,0.7353525673875875,0.3212601810080784,-620.776674413433,,0.9682763854992437,0.9999994324487448
701,2-hydroxyibuprofen,Method 3,UJHKVYPPCJBOSG-UHFFFAOYSA-N,HMDB0060920,,0.8627819548872181,False,within_12m,sample_median_scaled,True,lbfgs,0.0088889731120881,-0.0592017184079447,-0.175639028837752,0.4688505172611562,0.8995182641512056,0.0017760302685385,3.04772544770223,1.5772831645309844,-1031.5243627889952,,0.9695710409304755,0.13046991588109752
1150,tetrahydrocortisol sulfate (1),Method 3,UCVZOQFWMUAZJZ-GXBDJPPSSA-N,,,0.3327067669172932,False,within_12m,sample_median_scaled,True,lbfgs,-0.0009336858246193,-0.0495104202303759,0.0424431770406746,0.4030796633495707,0.9022414323465076,0.3496261555926359,2.3782397837088385,1.02137819334702,-929.73422916836,,0.9714098848826547,0.9999994324487448
25,5-methylthioadenosine (MTA),Method 1,WUUGFSXJNOTRMR-IOSLPCCCSA-N,HMDB0001173,C00170,0.0,True,within_12m,sample_median_scaled,True,lbfgs,0.0003082897349721,-0.0123356856242326,-0.0221889744647253,0.104117175042291,0.9056882335880226,0.1124003931680815,0.1298222506290939,0.1014152212799782,-273.0342293469725,,0.9740228187799117,0.9999994324487448
6,alpha-ketoglutarate,Method 4,KPGXRSRHYNQIFN-UHFFFAOYSA-N,HMDB0000208,C00026,0.0,True,within_12m,sample_median_scaled,True,lbfgs,-0.0010766500005522,0.0219300316411124,0.0115484037949952,0.1882362832671202,0.9072541615258132,0.4567113033879606,0.6133609871916423,0.1148923373078409,-415.1816135441152,,0.9746093636188432,0.9999994324487448
1241,2-methoxyhydroquinone sulfate (2),Method 3,DQJWAJBJWZYKLK-UHFFFAOYSA-N,,,0.2199248120300752,False,within_12m,sample_median_scaled,True,lbfgs,0.0121628521264603,0.0474665229765463,-0.0041728091993913,0.4251903158415332,0.9111120696732152,0.9519896079215232,1.3049594667293063,2.705558949517811,-1091.4996336610336,,0.9771012424494281,0.9999994324487448
1060,carboxyibuprofen glucuronide*,Method 4,FLVLKWAQHDRIPH-UHFFFAOYSA-N,HMDB60564,,0.9605263157894736,False,within_12m,sample_median_scaled,True,lbfgs,0.0048928883048389,-0.0242169919272602,-0.1145262680594853,0.218180431662765,0.9116201120653826,0.0002352145325387,0.5161698101317408,0.5082522472215321,-687.0273739161737,,0.9771012424494281,0.024958875397162055
772,myristoleoylcarnitine (C14:1)*,Method 2,ABVVZYXTZLEOHP-OLHLWXQYSA-N,HMDB0240588,,0.0,True,within_12m,sample_median_scaled,True,lbfgs,-0.0015308016983656,-0.025074942101001,0.0033101342467132,0.2370205952154117,0.915747185763568,0.9210645321199196,0.6207589983033421,0.5860342986419856,-727.511810887994,,0.9771639360669278,0.9999994324487448
1135,ranitidine N-oxide*,Method 1,DFJVUWAHTQPQCV-MDWZMJQESA-N,,,0.9924812030075189,False,within_12m,sample_median_scaled,True,lbfgs,-9.183424438635722e-06,0.0066716493297533,0.0089009045722598,0.0645262078153137,0.917649946783322,1.5365861659657278e-06,0.0826435296734466,0.0015767194702229,519.9890559653909,,0.9771639360669278,0.00024457329808287836
498,4-vinylphenol sulfate,Method 3,IETVQHUKTKKBFF-UHFFFAOYSA-N,HMDB0062775,C05627,0.0,True,within_12m,sample_median_scaled,True,lbfgs,-0.0005737336311731,-0.0429471970468385,-0.0181152105323167,0.4167828035001414,0.91792761216541,0.786090924819734,1.3458309632191616,2.4897286992077823,-1074.8283483356252,,0.9771639360669278,0.9999994324487448
825,N-desmethyl tramadol,Method 1,VUMQHLSPUAFKKK-DZGCQCFKSA-N,HMDB0061007,,0.8834586466165414,False,within_12m,sample_median_scaled,True,lbfgs,-0.0013356576230819,0.0467148764280747,0.0033068610900332,0.4565900780683409,0.9185086267424128,0.9579095424579136,2.410160066079615,2.0512312587864274,-1067.3198127528617,,0.9771639360669278,0.9999994324487448
517,gamma-glutamylalanine,Method 1,WQXXXVRAFAKQJM-WHFBIAKZSA-N,HMDB0029142,C03738,0.0545112781954887,True,within_12m,sample_median_scaled,True,lbfgs,0.0014079153425754,0.0271928708620951,0.0042987873485679,0.2673417648877602,0.9189822921596318,0.8930907841747533,0.9893098753669176,0.514686360597516,-733.2502054601944,,0.9771639360669278,0.9999994324487448
1102,glucuronide of piperine metabolite C17H21NO3 (4)*,Method 3,,,,0.0131578947368421,True,within_12m,sample_median_scaled,True,lbfgs,-0.003958155207344,0.0335149279501918,-0.0324946124007264,0.343219044901986,0.9222111726619324,0.3780495430394761,1.7864020557028084,0.6696381144166753,-827.8093506035596,,0.9771639360669278,0.9999994324487448
146,phosphoethanolamine,Method 1,SUHOOTKUPISOBE-UHFFFAOYSA-N,HMDB0000224,C00346,0.0357142857142857,True,within_12m,sample_median_scaled,True,lbfgs,-0.0021039503899191,0.0241750731620555,0.0244807486488287,0.2479669514761169,0.9223347931471216,0.4026477979240296,0.8625221870751669,0.4295849277415335,-688.3498125156418,,0.9771639360669278,0.9999994324487448
838,phenol glucuronide,Method 3,WVHAUDNUGBNUDZ-GOVZDWNOSA-N,HMDB0060014,,0.5469924812030075,False,within_12m,sample_median_scaled,True,lbfgs,0.0031784916805735,0.0496469220346789,-0.0051315806503977,0.5141493399824844,0.9230748011890773,0.9428441659558694,2.9789403660000744,2.6907923420156963,-1135.721676876561,,0.9771639360669278,0.9999994324487448
755,1-palmitoyl-GPG (16:0)*,Method 3,BVJSKAUUFXBDOB-UHFFFAOYSA-N,HMDB0240601,,0.0,True,within_12m,sample_median_scaled,True,lbfgs,-0.0031214944956781,-0.0150707886141448,-0.003062707890501,0.1585916014820753,0.92429185600108,0.8771562866875071,0.3320099880656689,0.1996652408809962,-471.0239372474628,,0.9771639360669278,0.9999994324487448
161,vanillylmandelate (VMA),Method 3,CGQCWMIAEPEHNQ-UHFFFAOYSA-N,HMDB0000291,C05584,0.0075187969924812,True,within_12m,sample_median_scaled,True,lbfgs,0.0042156935726336,0.018730912150244,-0.0118134455934765,0.1982914327230432,0.924742540253814,0.4559145110106568,0.6877181417635554,0.1194754026642603,-431.9716700375327,,0.9771639360669278,0.9999994324487448
530,"bilirubin (E,E)*",Method 2,BPYKTIZUTYGOLE-VVCLLGATSA-N,HMDB0240584,,0.0,True,within_12m,sample_median_scaled,True,lbfgs,-0.0056657564623993,-0.0264335738148342,-0.0084502104078505,0.2815491060144759,0.9251995614716948,0.6944929789311569,1.4053369103998408,0.219514545440684,-602.8732316074461,,0.9771639360669278,0.9999994324487448
519,1-stearoyl-2-oleoyl-GPE (18:0/18:1),Method 2,JQKOHRZNEOQNJE-AYBNWLFXSA-N,HMDB0008993,,0.0,True,within_12m,sample_median_scaled,True,lbfgs,-0.0012182678262237,0.0191492575718067,-0.0082743898385103,0.2045771994365611,0.9254236800105364,0.7538257360555696,0.5319563440873404,0.3559728476391584,-617.4203340801689,,0.9771639360669278,0.9999994324487448
1128,desmethylcitalopram*,Method 2,PTJADDMMFYXMMG-UHFFFAOYSA-N,HMDB0014021,C16608,0.9097744360902256,False,within_12m,sample_median_scaled,True,lbfgs,-0.0020208260066507,0.0218357451587877,0.0081479298651422,0.2339074742640074,0.9256238727197552,0.741483837236687,0.8394426497622679,0.2998361068824061,-617.8185931101586,,0.9771639360669278,0.9999994324487448
1262,perfluorohexanesulfonate (PFHxS),Method 3,QZHDEAJFRJCDMF-UHFFFAOYSA-N,HMDB0094700,,0.0169172932330827,True,within_12m,sample_median_scaled,True,lbfgs,-0.0050133379011556,0.0319895218656758,0.0593559966457871,0.3447765594572784,0.926075684071056,0.0055626053137563,2.2087645898785104,0.2146418843802724,-638.380232761371,,0.9771639360669278,0.3320180046648291
11,cholate,Method 3,BHQCQFFYRZLCQQ-OLRQUHAPSA-N,HMDB0000619,C00695,0.0,True,within_12m,sample_median_scaled,True,lbfgs,-0.0081342144884661,-0.0400753509668138,0.0550395867220113,0.4375692286975506,0.9270267288760592,0.3718654854739793,2.116211114946632,1.996146944775421,-1053.572850730335,,0.9771639360669278,0.9999994324487448
110,alanine,Method 1,QNAYBMKLOCPYGJ-REOHCLBHSA-N,HMDB0000161,C00041,0.0,True,within_12m,sample_median_scaled,True,lbfgs,-0.0022121824975785,-0.0126976645484177,-0.0040409691044188,0.1433905428722419,0.9294371518311636,0.7416180523100812,0.3512755420825008,0.0719174348566668,-283.08903232527905,,0.9776436223446978,0.9999994324487448
99,glutamine,Method 1,ZDXPYRJPNDTMRX-VKHMYHEASA-N,HMDB0000641,C00064,0.0,True,within_12m,sample_median_scaled,True,lbfgs,0.0001358917001149,0.0060095462166397,-0.0084005436861795,0.0691828891937012,0.9307791127246976,0.2837780529514973,0.0696992480489015,0.0305090987282856,5.5927577302752525,,0.9776436223446978,0.9999994324487448
1051,methylnaphthyl sulfate (2)*,Method 3,SBYDEYGHJXSIDV-UHFFFAOYSA-N,,,0.5639097744360902,False,within_12m,sample_median_scaled,True,lbfgs,-0.0108226851989481,0.0485893149366977,0.0101414607165853,0.5633176339158261,0.9312632125770566,0.8699905164883289,4.727058554942234,1.9011683209754409,-1099.9778472273745,,0.9776436223446978,0.9999994324487448
8,3-hydroxyisobutyrate,Method 4,DBXBTMSZEOQQDU-UHFFFAOYSA-N,"HMDB0000023,HMDB0000336","C01188,C06001",0.0150375939849624,True,within_12m,sample_median_scaled,True,lbfgs,0.0009273358903555,0.02359891480063,-0.0002363986539705,0.2763277154910953,0.9319418744303044,0.993461220113376,1.1804037275038448,0.4083934258147242,-702.4972922408781,,0.9776436223446978,0.9999994324487448
1118,2-hydroxyfluorene sulfate,Method 3,ZAEQSKSORYMOAE-UHFFFAOYSA-N,,,0.3646616541353383,False,within_12m,sample_median_scaled,True,lbfgs,-0.0155447774828554,-0.0387728624834151,0.0472861056546058,0.465476408699179,0.933615259137612,0.3944458305898212,3.006677401201359,1.5515572088884315,-1027.3595738006495,,0.9776436223446978,0.9999994324487448
1080,"sphingomyelin (d17:1/14:0, d16:1/15:0)*",Method 2,VDFACZRLDXDTEB-WSYRTZMQSA-N,,,0.0,True,within_12m,sample_median_scaled,True,lbfgs,0.0001078479939843,-0.0139300681460203,0.0077772503060845,0.1672556538180503,0.9336240665742036,0.6588611418131725,0.4299337810673546,0.1524942321318783,-438.5185109792772,,0.9776436223446978,0.9999994324487448
348,I-urobilinogen,Method 3,OBHRVMZSZIDDEK-UHFFFAOYSA-N,HMDB0004157,C05789,0.225563909774436,False,within_12m,sample_median_scaled,True,lbfgs,0.0010250914057375,-0.0544637671856156,0.0785152740437183,0.7119178756775284,0.93901902348455,0.4044012897962631,6.205772870018,4.582153815419436,-1290.4158822091374,,0.9818805536351973,0.9999994324487448
65,3-sulfo-alanine,Method 4,XVOYSCVBGLVSOL-UHFFFAOYSA-N,HMDB0002757,C00506,0.0507518796992481,True,within_12m,sample_median_scaled,True,lbfgs,-0.0063141660178011,-0.02726129018666,-0.0338419660537845,0.364036924968841,0.9403053697098848,0.4497394185802746,1.7814478395739155,1.0152411640310122,-907.404061719222,,0.9818805536351973,0.9999994324487448
853,pregabalin,Method 1,AYXYPKUFHZROOJ-UHFFFAOYSA-N,HMDB0014375,,0.9398496240601504,False,within_12m,sample_median_scaled,True,lbfgs,-0.0039631944179455,-0.023778897035709,-0.0077851623546767,0.3271152216661073,0.9420506373961056,0.8492105714603089,1.4090833559418017,0.8533208444053351,-856.8984793598167,,0.9818805536351973,0.9999994324487448
1258,"bilirubin degradation product, C16H18N2O5 (4)**",Method 3,,,,0.1823308270676691,True,within_12m,sample_median_scaled,True,lbfgs,-0.0015471989880566,0.0365281861626675,0.0390700390666003,0.5059776255161398,0.942448090220105,0.5340335883745279,3.403290344705781,2.005281077037037,-1086.0973319191105,,0.9818805536351973,0.9999994324487448
225,xanthurenate,Method 3,FBZONXHGGPHHIY-UHFFFAOYSA-N,HMDB0000881,C02470,0.3289473684210526,False,within_12m,sample_median_scaled,True,lbfgs,0.0007150433111841,0.0260639074560261,0.0067300363681188,0.3633242765381183,0.9428109609251056,0.895029275262395,1.4645680771175975,1.3706240931082314,-954.0613339172348,,0.9818805536351973,0.9999994324487448
523,1-palmitoyl-2-linoleoyl-GPE (16:0/18:2),Method 2,HBZNVZIRJWODIB-NHCUFCNUSA-N,HMDB0005322,,0.0,True,within_12m,sample_median_scaled,True,lbfgs,-0.000648668691148,-0.0121807052869882,-0.0023941866382673,0.1762819489727738,0.9449117250802888,0.9037359481836346,0.4560708493364829,0.1940238260546836,-488.6408347821073,,0.9823851862438376,0.9999994324487448
696,2-hydroxydecanoate,Method 3,GHPVDCPCKSNJDR-UHFFFAOYSA-N,HMDB0094656,,0.0,True,within_12m,sample_median_scaled,True,lbfgs,-0.0040833030143628,-0.0181502039422611,-0.0153637819333036,0.2651847467355228,0.945432499759097,0.5923574491443027,1.0608010936656762,0.4061547761089009,-693.1773681064867,,0.9823851862438376,0.9999994324487448
1254,"bilirubin degradation product, C17H20N2O5 (1)**",Method 3,,,,0.037593984962406,True,within_12m,sample_median_scaled,True,lbfgs,-0.0026782673357013,-0.0321423238754478,0.0237145233746373,0.4814968338402535,0.946776743733612,0.5920881988333935,3.842823563912329,0.94517543308621,-953.06010066693,,0.9823851862438376,0.9999994324487448
605,hydroxycotinine,Method 1,XOKCJXZZNAUIQN-IENPIDJESA-N,HMDB0001390,,0.7481203007518797,False,within_12m,sample_median_scaled,True,lbfgs,0.0028934799587115,-0.0404645039527028,-0.0250415294838384,0.6324996388457179,0.9489897056606488,0.2995830047678649,7.836164907806903,0.2689482206004364,-792.7091913525835,,0.9823851862438376,0.9999994324487448
218,methylsuccinate,Method 4,WXUAQHNMJWJLTG-UHFFFAOYSA-N,HMDB0001844,,0.0018796992481203,True,within_12m,sample_median_scaled,True,lbfgs,0.005647356876643,0.0109088984469711,0.0452436161653532,0.1710739042725564,0.949155620927391,0.0532354620520211,0.3402566548422459,0.2857319659649692,-543.8578598264037,,0.9823851862438376,0.9999994324487448
777,3-hydroxypyridine sulfate,Method 3,BDERIBJTVYFANV-UHFFFAOYSA-N,,,0.0056390977443609,True,within_12m,sample_median_scaled,True,lbfgs,0.004294581028081,-0.0374696032040893,-0.0177577437897058,0.6013452920694551,0.9503162590169328,0.829475864218826,4.202348976080082,3.532973559443171,-1212.7319451563274,,0.9823851862438376,0.9999994324487448
529,succinylcarnitine (C4-DC),Method 1,HAEVNYBCYZZDFL-UHFFFAOYSA-N,HMDB0061717,,0.0093984962406015,True,within_12m,sample_median_scaled,True,lbfgs,-0.0038082938038194,0.0112650257965894,-0.0016019449703855,0.1814492488864884,0.9504962430254512,0.9430228479350158,0.4405371693689613,0.2545742756521314,-538.4625959584894,,0.9823851862438376,0.9999994324487448
114,pyruvate,Method 4,LCTONWCANYUPML-UHFFFAOYSA-N,HMDB0000243,C00022,0.0,True,within_12m,sample_median_scaled,True,lbfgs,-0.0071031690958625,0.0197130361164051,0.0235501255547522,0.3260651282371554,0.9517913772562964,0.388655165539742,1.8298642734939967,0.3566692829895554,-713.1566730597449,,0.9826602867889329,0.9999994324487448
1145,3-(methylthio)acetaminophen sulfate*,Method 3,VOXWKXZBPMQUJH-UHFFFAOYSA-N,,,0.650375939849624,False,within_12m,sample_median_scaled,True,lbfgs,0.0170577627960315,0.0424384405460276,-0.0606936165147253,0.7240560031104406,0.953261075392487,0.506215726643948,6.844036014107502,4.2509101574559525,-1282.2588588734272,,0.9831148239738932,0.9999994324487448
324,pyridoxate,Method 3,HXACOUQIXZGNBF-UHFFFAOYSA-N,HMDB0000017,C00847,0.0,True,within_12m,sample_median_scaled,True,lbfgs,0.0072858538166511,-0.0202637355376858,-0.0628731081232787,0.353949339601943,0.9543457434753416,0.1442604321302771,1.7064421401978418,0.933699201885498,-888.0404294964035,,0.9831717206245428,0.9999994324487448
119,cotinine,Method 1,UIKROCXWUNQSPJ-VIFPVBQESA-N,HMDB0001046,,0.674812030075188,False,within_12m,sample_median_scaled,True,lbfgs,0.0035036584161546,-0.0589782367693017,-0.0181182263556482,1.0552702444978328,0.9554300541362318,0.6904076283326817,21.62727044249235,0.9572462787160736,-1107.064780474317,,0.9831750168608352,0.9999994324487448
1033,hydroxy-CMPF*,Method 3,OZOJARPUDFLESM-UHFFFAOYSA-N,,,0.0,True,within_12m,sample_median_scaled,True,lbfgs,0.0050891821332737,0.0257407862679851,-0.0301611936818102,0.4785699386077495,0.95710495862172,0.3818267217762552,4.124581647575492,0.5615254807976402,-864.5810232768606,,0.9831750168608352,0.9999994324487448
460,gulonate*,Method 4,RGHNJXZEOKUKBD-NRXMZTRTSA-N,HMDB0003290,C00800,0.0338345864661654,True,within_12m,sample_median_scaled,True,lbfgs,0.0056617322696227,-0.0128568999252893,-0.0302703044168819,0.2461682151395338,0.9583469371977232,0.2260205019416786,0.9540169386622476,0.3044516475508457,-630.7242448564562,,0.9831750168608352,0.9999994324487448
492,indoleacetylglutamine,Method 3,DVJIJAYHBZALOJ-UHFFFAOYSA-N,HMDB0013240,,0.1578947368421052,True,within_12m,sample_median_scaled,True,lbfgs,0.0071256785952312,-0.0226798887043169,-0.0186356128685515,0.4355027714221585,0.9584669536098822,0.7021197252563618,2.788785213160263,1.178179148786691,-968.9630987365948,,0.9831750168608352,0.9999994324487448
260,"1,2-dipalmitoyl-GPC (16:0/16:0)",Method 2,KILNVBDSWZSGLL-KXQOOQHDSA-N,HMDB0000564,D03585,0.0,True,within_12m,sample_median_scaled,True,lbfgs,-0.0045629225765105,0.0042700730449064,-0.0032519294554123,0.0930785749325672,0.963409080334844,0.7186234873884249,0.1398687920074677,0.0395670391099322,-97.5729104529023,,0.9835970972500456,0.9999994324487448
691,margaroylcarnitine (C17)*,Method 2,DWSFAVOTORHAAL-UHFFFAOYSA-N,HMDB0006210,,0.0,True,within_12m,sample_median_scaled,True,lbfgs,-0.0001560238418907,-0.0070579995693509,0.0144428297520246,0.1549823905310874,0.963676370539034,0.4070306767297711,0.352535568035532,0.1499114627397208,-420.0629978684017,,0.9835970972500456,0.9999994324487448
317,trigonelline (N'-methylnicotinate),Method 1,WWNNZCOKKKDOPX-UHFFFAOYSA-N,HMDB0000875,C01004,0.0,True,within_12m,sample_median_scaled,True,lbfgs,0.005439898762398,0.0162964977897135,-0.0073783969357229,0.3638514295057946,0.9642755891648797,0.8935435504609983,1.2390122102669197,1.6441861541336504,-981.8325762102684,,0.9835970972500456,0.9999994324487448
590,ibuprofen acyl glucuronide,Method 3,ABOLXXZAJIAUGR-JPMMFUSZSA-N,HMDB0010343,,0.9360902255639098,False,within_12m,sample_median_scaled,True,lbfgs,0.0074876683138978,-0.01536623701317,-0.2002462507359025,0.3495047686771897,0.9649317101732684,6.515380871321324e-07,1.7564641844316844,0.8042723865646764,-861.3691844992416,,0.9835970972500456,0.0001555547183027966
769,octadecanedioylcarnitine (C18-DC)*,Method 2,ULCCGBCYWCYNIC-UHFFFAOYSA-N,,,0.0,True,within_12m,sample_median_scaled,True,lbfgs,0.0002392418795787,-0.0084556645563994,0.0140065178783508,0.1951073103452911,0.965431675382428,0.5354529526834972,0.5433049352450291,0.2552432359268946,-554.1699571985839,,0.9835970972500456,0.9999994324487448
364,myristoylcarnitine (C14),Method 2,PSHXNVGSVNEJBD-UHFFFAOYSA-N,HMDB0005066,,0.0,True,within_12m,sample_median_scaled,True,lbfgs,-0.000443662556385,0.0073327140875165,0.0138177686377001,0.1692270007826231,0.9654379677258412,0.4967676910693229,0.3955042795952785,0.207185912555337,-490.70543523353695,,0.9835970972500456,0.9999994324487448
132,dihydroorotate,Method 4,UFIVEPVSAGBUSI-UHFFFAOYSA-N,HMDB03349,C00337,0.0018796992481203,True,within_12m,sample_median_scaled,True,lbfgs,0.0025435384386545,0.0079970820222896,0.0002916439953932,0.1946889480251828,0.9672351488268974,0.9893693831504204,0.5557517001166158,0.2372700969237307,-541.8974518178279,,0.9835970972500456,0.9999994324487448
1170,fibrinopeptide A (8-16)**,Method 3,IVDQZJOLQPZCET-UHFFFAOYSA-N,,,0.0056390977443609,True,within_12m,sample_median_scaled,True,lbfgs,0.0012307723824309,0.0088933118624315,-0.0327603734820895,0.2192416748123142,0.967643511394047,0.2302840945929359,0.6372410412240002,0.3784938846278327,-642.0202449015082,,0.9835970972500456,0.9999994324487448
1255,"bilirubin degradation product, C17H20N2O5 (2)**",Method 3,,,,0.0093984962406015,True,within_12m,sample_median_scaled,True,lbfgs,-0.0026098969576472,0.0166298273769502,0.0281240728896508,0.4164613613718448,0.968147928183291,0.4895654559903369,2.788374154602179,0.8054488730109134,-897.4578866184577,,0.9835970972500456,0.9999994324487448
513,methylphosphate,Method 1,CAAULPUQFIIOTL-UHFFFAOYSA-N,HMDB61711,,0.0,True,within_12m,sample_median_scaled,True,lbfgs,-0.0016179084916182,-0.006318253253497,-0.0141112969848848,0.1671224870952833,0.9698422626531176,0.382164787691215,0.4517961622285603,0.1265525554389286,-407.6358197143968,,0.9842713717680417,0.9999994324487448
992,trazadone,Method 1,PHLBKPHSAVXXEF-UHFFFAOYSA-N,HMDB0014794,"C07156,D08626",0.9360902255639098,False,within_12m,sample_median_scaled,True,lbfgs,-0.0082181710985792,0.0151032239711465,-0.0112940629349605,0.474837395714447,0.974625845151213,0.8371986694104141,3.2199247092580427,1.5098899515167976,-1027.1432434887545,,0.9875592688234816,0.9999994324487448
1130,citalopram propionate*,Method 3,JSYNRZJODZWUKX-UHFFFAOYSA-N,HMDB60463,C16610,0.9097744360902256,False,within_12m,sample_median_scaled,True,lbfgs,-0.0019251434343987,0.0086689077592207,-0.0041863718173118,0.278298197245001,0.9751501471209876,0.8618472116774583,1.3175904073226918,0.2772878857516475,-639.7628604281924,,0.9875592688234816,0.9999994324487448
354,decanoylcarnitine (C10),Method 2,LZOSYCMHQXPBFU-UHFFFAOYSA-N,HMDB0000651,,0.0,True,within_12m,sample_median_scaled,True,lbfgs,0.0038973035211122,0.0069393796607197,0.0063231282651078,0.2408261912976458,0.9770122271321448,0.8364694806644613,0.7511511028481823,0.4771335928263667,-698.9327720390286,,0.9883969035076252,0.9999994324487448
1168,fibrinopeptide A (3-16)**,Method 3,RTIAWGDTSQOGQP-UHFFFAOYSA-N,,,0.0037593984962406,True,within_12m,sample_median_scaled,True,lbfgs,0.0038603960811652,-0.0065545866495602,-0.0251344039335281,0.2574703875406465,0.9796899414459904,0.4794711396256635,0.7584019425951167,0.6615817554314818,-764.7456241138018,,0.9900570307734613,0.9999994324487448
69,lysine,Method 1,KDXKERNSBIXSRK-UHFFFAOYSA-N,HMDB0003405,"C00739,C00047",0.0,True,within_12m,sample_median_scaled,True,lbfgs,0.0006121376562713,-0.0019350895402499,-0.0012164247302763,0.0870825301909822,0.9822714038304274,0.8942864464267911,0.1166926269990323,0.0411725670500245,-90.6404996965125,,0.9913464252028951,0.9999994324487448
907,1-oleoyl-2-arachidonoyl-GPE (18:1/20:4)*,Method 2,PECSWFQRRFRZPW-BHPGJWMBSA-N,HMDB0009069,,0.1334586466165413,True,within_12m,sample_median_scaled,True,lbfgs,0.0046898582544023,0.0076102558161136,0.0602125272873315,0.3580393581114891,0.9830419525310384,0.2192583409288556,1.488679104761975,1.2536509339055566,-937.0268287594042,,0.9913464252028951,0.9999994324487448
1116,deoxycholic acid glucuronide,Method 3,NNEIBJNHWVDJBA-WOSXBVGSSA-N,,,0.0,True,within_12m,sample_median_scaled,True,lbfgs,-0.0036703809111319,0.0063003792293644,0.0207414355138242,0.3701195597205187,0.986418624962197,0.4787617505951118,2.403905487670764,0.4072772798049564,-760.3267933476261,,0.9930316340151779,0.9999994324487448
385,erythronate*,Method 4,JPIJQSOTBSSVTP-PWNYCUMCSA-N,HMDB0000613,,0.0,True,within_12m,sample_median_scaled,True,lbfgs,0.001908471872482,0.0021625421142172,-0.003441528237848,0.1306382906273106,0.9867926918119412,0.8038941425850243,0.2610866095726321,0.0944034316939101,-309.46325761146704,,0.9930316340151779,0.9999994324487448
1197,pregnenetriol disulfate*,Method 3,KANYWSIUKWPEOE-HXOPQMAFSA-N,,,0.0,True,within_12m,sample_median_scaled,True,lbfgs,-0.0018508008161407,0.0047283473496643,0.0089397962901405,0.3280679998245664,0.9885007232017132,0.7559478644353351,1.8213087893417437,0.3964003232008995,-732.0215364400212,,0.9937033585869854,0.9999994324487448
536,glycocholenate sulfate*,Method 3,HCXZDHWUVRQLGC-UHFFFAOYSA-N,,,0.0,True,within_12m,sample_median_scaled,True,lbfgs,-0.0021543114263647,0.0027020346268457,0.0052959810018066,0.2142627582045728,0.9899382674466192,0.7998526708871027,0.7390359033075657,0.2120255661181886,-542.9779518352509,,0.9940496151728496,0.9999994324487448
1109,2-naphthol sulfate,Method 3,HXEZIDSFDHEIIQ-UHFFFAOYSA-N,,,0.0206766917293233,True,within_12m,sample_median_scaled,True,lbfgs,0.0015882323597291,0.0042411429388604,-0.0231948448366566,0.4061887347934362,0.9916691904638484,0.6311682530323826,2.2966145588697016,1.1730904446204138,-953.7244737968896,,0.9940496151728496,0.9999994324487448
378,alpha-hydroxyisovalerate,Method 4,NGEWQZIDQIYUNV-UHFFFAOYSA-N,HMDB0000407,,0.0,True,within_12m,sample_median_scaled,True,lbfgs,-1.5765746482331954e-05,-0.00256861196398,-0.010444571966126,0.2551518096913965,0.9919678358740583,0.6766300031283932,1.044219096261166,0.3050859838617455,-638.3100662302279,,0.9940496151728496,0.9999994324487448
355,N-acetylglutamine,Method 4,KSMRODHGGIIXDV-YFKPBYRVSA-N,HMDB0006029,C02716,0.018796992481203,True,within_12m,sample_median_scaled,True,lbfgs,0.001630625818156,0.0011419447360746,-0.0002982155424604,0.2447887850056051,0.9962778655508032,0.9869755642788604,1.069472972209084,0.1578369964870228,-520.0165235603647,,0.9973221819717161,0.9999994324487448
457,N-acetylcitrulline,Method 3,WMQMIOYQXNRROC-LURJTMIESA-N,HMDB0000856,"C15532,C02851",0.0883458646616541,True,within_12m,sample_median_scaled,True,lbfgs,-0.0030833876403549,0.0011326693161495,-0.0052170766668676,0.3843748118030134,0.9976488104210792,0.8833034380895304,2.4421241493851804,0.6100128194062557,-835.315596164379,,0.9976488104210792,0.9999994324487448
4,"12,13-DiHOME",Method 3,CQSLTKIXAJTQGA-FLIBITNWSA-N,HMDB0004705,C14829,0.018796992481203,True,within_12m,sample_median_scaled,False,failed,,,,,,,,,,LinAlgError: Singular matrix,,
10,homovanillate (HVA),Method 3,QRMZSPFSDQBLIX-UHFFFAOYSA-N,HMDB0000118,C05582,0.3082706766917293,False,within_12m,sample_median_scaled,False,failed,,,,,,,,,,LinAlgError: Singular matrix,,
12,4-hydroxyphenylacetate,Method 3,XQXPVVBIMDBYFF-UHFFFAOYSA-N,HMDB0000020,C00642,0.0733082706766917,True,within_12m,sample_median_scaled,False,failed,,,,,,,,,,LinAlgError: Singular matrix,,
15,"9,10-DiHOME",Method 3,XEBKSQSGNGRGDW-YFHOEESVSA-N,HMDB0004704,C14828,0.0394736842105263,True,within_12m,sample_median_scaled,False,failed,,,,,,,,,,LinAlgError: Singular matrix,,
16,linoleate (18:2n6),Method 3,OYHQOLUKZRVURQ-HZJYTTRNSA-N,"HMDB0006270,HMDB0000673",C01595,0.0,True,within_12m,sample_median_scaled,False,failed,,,,,,,,,,LinAlgError: Singular matrix,,
17,laurate (12:0),Method 3,POULHZVOKOAJMA-UHFFFAOYSA-N,HMDB0000638,C02679,0.0,True,within_12m,sample_median_scaled,False,failed,,,,,,,,,,LinAlgError: Singular matrix,,
23,"adenosine 3',5'-cyclic monophosphate (cAMP)",Method 3,IVOMOUWHDPKRLL-UHFFFAOYSA-N,HMDB0000058,C00575,0.362781954887218,False,within_12m,sample_median_scaled,False,failed,,,,,,,,,,LinAlgError: Singular matrix,,
24,adenosine 5'-monophosphate (AMP),Method 1,UDMBCSSLTHHNCD-UHFFFAOYSA-N,HMDB0000045,C00020,0.3289473684210526,False,within_12m,sample_median_scaled,False,failed,,,,,,,,,,LinAlgError: Singular matrix,,
34,phenylpyruvate,Method 3,BTNMPGBKDVTSJY-UHFFFAOYSA-N,HMDB0000205,C00166,0.0093984962406015,True,within_12m,sample_median_scaled,False,failed,,,,,,,,,,LinAlgError: Singular matrix,,
38,3-hydroxybutyrate (BHBA),Method 4,WHBMMWSBFZVSSR-UHFFFAOYSA-N,"HMDB0000442,HMDB0000357,HMDB0000011","C03197,C01089",0.0,True,within_12m,sample_median_scaled,False,failed,,,,,,,,,,LinAlgError: Singular matrix,,
41,corticosterone,Method 3,OMFXVFTZEKFJBZ-UHFFFAOYSA-N,HMDB0001547,C02140,0.4962406015037593,False,within_12m,sample_median_scaled,False,failed,,,,,,,,,,LinAlgError: Singular matrix,,
45,cystine,Method 1,LEVWYRKDKASIDU-UHFFFAOYSA-N,HMDB0000192,C00491,0.0,True,within_12m,sample_median_scaled,False,failed,,,,,,,,,,LinAlgError: Singular matrix,,
52,gamma-glutamylglutamate,Method 1,OWQDWQKWSLFFFR-UHFFFAOYSA-N,HMDB0011737,C05282,0.1428571428571428,True,within_12m,sample_median_scaled,False,failed,,,,,,,,,,LinAlgError: Singular matrix,,
61,inosine,Method 3,UGQMRVRMYYASKQ-KQYNXXCUSA-N,HMDB0000195,C00294,0.0037593984962406,True,within_12m,sample_median_scaled,False,failed,,,,,,,,,,LinAlgError: Singular matrix,,
67,lactose,Method 4,GUBGYTABKSRVRQ-DCSYEGIMSA-N,HMDB0041627,C01970,0.2387218045112782,False,within_12m,sample_median_scaled,False,failed,,,,,,,,,,LinAlgError: Singular matrix,,
74,nicotinamide,Method 1,DFPAKSUCGFBDDF-UHFFFAOYSA-N,HMDB0001406,C00153,0.0,True,within_12m,sample_median_scaled,False,failed,,,,,,,,,,LinAlgError: Singular matrix,,
77,ornithine,Method 1,AHLPHDHHMVZTML-BYPYZUCNSA-N,HMDB0000214,C00077,0.0,True,within_12m,sample_median_scaled,False,failed,,,,,,,,,,LinAlgError: Singular matrix,,
79,palmitoleate (16:1n7),Method 3,SECPZKHBENQXJG-FPLPWBNLSA-N,HMDB0003229,C08362,0.0,True,within_12m,sample_median_scaled,False,failed,,,,,,,,,,LinAlgError: Singular matrix,,
83,pristanate,Method 3,PAHGJZDQXIOYTH-UHFFFAOYSA-N,HMDB0000795,,0.4266917293233083,False,within_12m,sample_median_scaled,False,failed,,,,,,,,,,LinAlgError: Singular matrix,,
89,salicylate,Method 4,YGSDEFSMJLZEOE-UHFFFAOYSA-N,HMDB0001895,C00805,0.0,True,within_12m,sample_median_scaled,False,failed,,,,,,,,,,LinAlgError: Singular matrix,,
93,myristate (14:0),Method 3,TUNFSRHWOTWDNC-UHFFFAOYSA-N,HMDB0000806,C06424,0.0,True,within_12m,sample_median_scaled,False,failed,,,,,,,,,,LinAlgError: Singular matrix,,
104,alpha-ketobutyrate,Method 4,TYEYBOSBBBHJIV-UHFFFAOYSA-N,HMDB0000005,C00109,0.2048872180451127,False,within_12m,sample_median_scaled,False,failed,,,,,,,,,,LinAlgError: Singular matrix,,
105,adenosine,Method 3,OIRDTQYFTABQOQ-KQYNXXCUSA-N,HMDB0000050,C00212,0.6409774436090225,False,within_12m,sample_median_scaled,False,failed,,,,,,,,,,LinAlgError: Singular matrix,,
115,uracil,Method 1,ISAKRJDGNUQOIC-UHFFFAOYSA-N,HMDB0000300,C00106,0.1578947368421052,True,within_12m,sample_median_scaled,False,failed,,,,,,,,,,LinAlgError: Singular matrix,,
116,xylose,Method 4,PYMYPHUHKUWMLA-VPENINKCSA-N,HMDB0000098,C00181,0.3703007518796992,False,within_12m,sample_median_scaled,False,failed,,,,,,,,,,LinAlgError: Singular matrix,,
118,arabinose,Method 4,SRBFZHDQGSBBOR-SQOUGZDYSA-N,HMDB0029942,C00216,0.2988721804511278,False,within_12m,sample_median_scaled,False,failed,,,,,,,,,,LinAlgError: Singular matrix,,
123,cytosine,Method 1,OPTASPLRGRRNAP-UHFFFAOYSA-N,HMDB0000630,C00380,0.131578947368421,True,within_12m,sample_median_scaled,False,failed,,,,,,,,,,LinAlgError: Singular matrix,,
125,margarate (17:0),Method 3,KEMQGTRYUADPNZ-UHFFFAOYSA-N,HMDB0002259,,0.0,True,within_12m,sample_median_scaled,False,failed,,,,,,,,,,LinAlgError: Singular matrix,,
128,maltose,Method 4,GUBGYTABKSRVRQ-ASMJPISFSA-N,HMDB0000163,C00208,0.1541353383458646,True,within_12m,sample_median_scaled,False,failed,,,,,,,,,,LinAlgError: Singular matrix,,
129,ribose,Method 4,PYMYPHUHKUWMLA-LMVFSUKVSA-N,HMDB0000283,C00121,0.6766917293233082,False,within_12m,sample_median_scaled,False,failed,,,,,,,,,,LinAlgError: Singular matrix,,
134,caproate (6:0),Method 3,FUZZWVXGSFPDMH-UHFFFAOYSA-N,HMDB0000535,C01585,0.0,True,within_12m,sample_median_scaled,False,failed,,,,,,,,,,LinAlgError: Singular matrix,,
135,caprylate (8:0),Method 3,WWZKQHOCKIZLMA-UHFFFAOYSA-N,HMDB0000482,C06423,0.0,True,within_12m,sample_median_scaled,False,failed,,,,,,,,,,LinAlgError: Singular matrix,,
137,pentadecanoate (15:0),Method 3,WQEPLUUGTLDZJY-UHFFFAOYSA-N,HMDB0000826,C16537,0.0,True,within_12m,sample_median_scaled,False,failed,,,,,,,,,,LinAlgError: Singular matrix,,
142,picolinate,Method 1,SIOXPEMLGUPBBT-UHFFFAOYSA-N,HMDB0002243,C10164,0.0018796992481203,True,within_12m,sample_median_scaled,False,failed,,,,,,,,,,LinAlgError: Singular matrix,,
155,guanosine,Method 3,NYHBQMYGNKIUIF-UUOKFMHZSA-N,HMDB0000133,C00387,0.0281954887218045,True,within_12m,sample_median_scaled,False,failed,,,,,,,,,,LinAlgError: Singular matrix,,
157,methyl indole-3-acetate,Method 1,KTHADMDGDNYQRX-UHFFFAOYSA-N,HMDB0029738,,0.0131578947368421,True,within_12m,sample_median_scaled,False,failed,,,,,,,,,,LinAlgError: Singular matrix,,
166,"5,6-dihydrouracil",Method 3,OIVLITBTBDPEFK-UHFFFAOYSA-N,HMDB0000076,C00429,0.0864661654135338,True,within_12m,sample_median_scaled,False,failed,,,,,,,,,,LinAlgError: Singular matrix,,
178,acetoacetate,Method 1,WDJHALXBUFZDSR-UHFFFAOYSA-N,HMDB0000060,C00164,0.0883458646616541,True,within_12m,sample_median_scaled,False,failed,,,,,,,,,,LinAlgError: Singular matrix,,
182,gamma-glutamylhistidine,Method 1,PXVCMZCJAUJLJP-YUMQZZPRSA-N,HMDB0029151,,0.0,True,within_12m,sample_median_scaled,False,failed,,,,,,,,,,LinAlgError: Singular matrix,,
188,12-HHTrE,Method 3,KUKJHGXXZWHSBG-WBGSEQOASA-N,HMDB0012535,C20388,0.3590225563909774,False,within_12m,sample_median_scaled,False,failed,,,,,,,,,,LinAlgError: Singular matrix,,
190,thromboxane B2,Method 3,XNRNNGPBEPRNAR-JQBLCGNGSA-N,HMDB0003252,C05963,0.7349624060150376,False,within_12m,sample_median_scaled,False,failed,,,,,,,,,,LinAlgError: Singular matrix,,
191,3-methoxytyrosine,Method 1,PFDUUKDQEHURQC-ZETCQYMHSA-N,HMDB0001434,,0.0,True,within_12m,sample_median_scaled,False,failed,,,,,,,,,,LinAlgError: Singular matrix,,
194,naproxen,Method 3,CMWTZPSULFXXJA-VIFPVBQESA-N,HMDB0001923,C01517,0.962406015037594,False,within_12m,sample_median_scaled,False,failed,,,,,,,,,,LinAlgError: Singular matrix,,
198,arachidonoyl ethanolamide,Method 2,LGEQQWMQCRIYKG-DOFZRALJSA-N,HMDB0004080,C11695,0.5037593984962406,False,within_12m,sample_median_scaled,False,failed,,,,,,,,,,LinAlgError: Singular matrix,,
200,N-linoleoylglycine,Method 3,YCRHZEHWEYAHCO-HZJYTTRNSA-N,,,0.2086466165413533,False,within_12m,sample_median_scaled,False,failed,,,,,,,,,,LinAlgError: Singular matrix,,
212,2-hydroxyhippurate (salicylurate),Method 3,ONJSZLXSECQROL-UHFFFAOYSA-N,HMDB0000840,C07588,0.0075187969924812,True,within_12m,sample_median_scaled,False,failed,,,,,,,,,,LinAlgError: Singular matrix,,
214,azelate (C9-DC),Method 3,BDJRBEYXGGNYIS-UHFFFAOYSA-N,HMDB0000784,C08261,0.0357142857142857,True,within_12m,sample_median_scaled,False,failed,,,,,,,,,,LinAlgError: Singular matrix,,
221,benzoate,Method 3,WPYMKLBDIGXBTP-UHFFFAOYSA-N,HMDB0001870,C00180,0.0,True,within_12m,sample_median_scaled,False,failed,,,,,,,,,,LinAlgError: Singular matrix,,
224,hippurate,Method 3,QIAFMBKCNZACKA-UHFFFAOYSA-N,HMDB0000714,C01586,0.0,True,within_12m,sample_median_scaled,False,failed,,,,,,,,,,LinAlgError: Singular matrix,,
226,suberate (C8-DC),Method 4,TYFQFVWCELRYAO-UHFFFAOYSA-N,HMDB0000893,C08278,0.2650375939849624,False,within_12m,sample_median_scaled,False,failed,,,,,,,,,,LinAlgError: Singular matrix,,
239,tartarate,Method 3,FEWJPZIEWOKRBE-JCYAYHJZSA-N,"HMDB0000956,HMDB0062642","C00552,C02107,C00898",0.3026315789473684,False,within_12m,sample_median_scaled,False,failed,,,,,,,,,,LinAlgError: Singular matrix,,
242,2-isopropylmalate,Method 4,BITYXLXUCSKTJS-UHFFFAOYSA-N,HMDB0000402,C02504,0.306390977443609,False,within_12m,sample_median_scaled,False,failed,,,,,,,,,,LinAlgError: Singular matrix,,
247,gentisate,Method 3,WXTMDXOMEHJXQO-UHFFFAOYSA-N,HMDB0000152,C00628,0.0827067669172932,True,within_12m,sample_median_scaled,False,failed,,,,,,,,,,LinAlgError: Singular matrix,,
251,glycylvaline,Method 1,STKYPAFSDFAEPH-LURJTMIESA-N,HMDB0028854,,0.0357142857142857,True,within_12m,sample_median_scaled,False,failed,,,,,,,,,,LinAlgError: Singular matrix,,
255,2-arachidonoylglycerol (20:4),Method 3,RCRCTBLIHCHWDZ-DOFZRALJSA-N,HMDB0004666,C13856,0.4022556390977443,False,within_12m,sample_median_scaled,False,failed,,,,,,,,,,LinAlgError: Singular matrix,,
258,1-stearoyl-2-oleoyl-GPS (18:0/18:1),Method 2,AJFWREUFUPEYII-PAHWMLEVSA-N,HMDB0010163,,0.093984962406015,True,within_12m,sample_median_scaled,False,failed,,,,,,,,,,LinAlgError: Singular matrix,,
263,ofloxacin,Method 3,GSDSWSVVBLHKDQ-UHFFFAOYSA-N,HMDB0015296,"D00453,C07321,DG00616",0.981203007518797,False,within_12m,sample_median_scaled,False,failed,,,,,,,,,,LinAlgError: Singular matrix,,
264,ciprofloxacin,Method 3,MYSWGUAQZAJSOK-UHFFFAOYSA-N,HMDB0014677,C05349,0.981203007518797,False,within_12m,sample_median_scaled,False,failed,,,,,,,,,,LinAlgError: Singular matrix,,
268,4-acetylphenol sulfate,Method 3,HOFGLAYWQRGTKC-UHFFFAOYSA-N,,,0.0996240601503759,True,within_12m,sample_median_scaled,False,failed,,,,,,,,,,LinAlgError: Singular matrix,,
271,dextromethorphan,Method 2,MKXZASYAUGDDCJ-CGTJXYLNSA-N,HMDB0001920,"D03744,DG01078,C06947",0.9642857142857144,False,within_12m,sample_median_scaled,False,failed,,,,,,,,,,LinAlgError: Singular matrix,,
273,ethacrynic acid,Method 3,AVOLMBLBETYQHX-UHFFFAOYSA-N,HMDB15039,D00313,0.9943609022556392,False,within_12m,sample_median_scaled,False,failed,,,,,,,,,,LinAlgError: Singular matrix,,
278,theanine,Method 1,DATAGRPVKZEWHA-YFKPBYRVSA-N,HMDB0034365,C01047,0.6992481203007519,False,within_12m,sample_median_scaled,False,failed,,,,,,,,,,LinAlgError: Singular matrix,,
283,1-palmitoylglycerol (16:0),Method 3,QHZLMUACJMDIAE-UHFFFAOYSA-N,HMDB0011564,,0.0432330827067669,True,within_12m,sample_median_scaled,False,failed,,,,,,,,,,LinAlgError: Singular matrix,,
287,trizma acetate,Method 1,LENZDBCJOHFCAS-UHFFFAOYSA-N,,C07182,0.1823308270676691,True,within_12m,sample_median_scaled,False,failed,,,,,,,,,,LinAlgError: Singular matrix,,
290,saccharin,Method 3,CVHZOJJKTDOEJC-UHFFFAOYSA-N,HMDB0029723,C12283,0.3402255639097744,False,within_12m,sample_median_scaled,False,failed,,,,,,,,,,LinAlgError: Singular matrix,,
294,2-oleoylglycerol (18:1),Method 3,UPWGQKDVAURUGE-KTKRTIGZSA-N,HMDB0011537,,0.0902255639097744,True,within_12m,sample_median_scaled,False,failed,,,,,,,,,,LinAlgError: Singular matrix,,
296,homocitrulline,Method 1,XIGSAGMEBXLVJJ-YFKPBYRVSA-N,HMDB0000679,C02427,0.0206766917293233,True,within_12m,sample_median_scaled,False,failed,,,,,,,,,,LinAlgError: Singular matrix,,
297,2-linoleoylglycerol (18:2),Method 3,IEPGNWMPIFDNSD-HZJYTTRNSA-N,HMDB0011538,,0.0921052631578947,True,within_12m,sample_median_scaled,False,failed,,,,,,,,,,LinAlgError: Singular matrix,,
301,threonate,Method 4,JPIJQSOTBSSVTP-UHFFFAOYSA-N,"HMDB0062620,HMDB0000943",C01620,0.0,True,within_12m,sample_median_scaled,False,failed,,,,,,,,,,LinAlgError: Singular matrix,,
302,galactonate,Method 4,RGHNJXZEOKUKBD-MGCNEYSASA-N,HMDB0000565,"C00880,C15930",0.0263157894736842,True,within_12m,sample_median_scaled,False,failed,,,,,,,,,,LinAlgError: Singular matrix,,
304,indoleacetate,Method 3,SEOVTRFCIGRIMH-UHFFFAOYSA-N,HMDB0000197,C00954,0.0,True,within_12m,sample_median_scaled,False,failed,,,,,,,,,,LinAlgError: Singular matrix,,
306,2-palmitoylglycerol (16:0),Method 3,BBNYCLAREVXOSG-UHFFFAOYSA-N,HMDB0011533,,0.4661654135338345,False,within_12m,sample_median_scaled,False,failed,,,,,,,,,,LinAlgError: Singular matrix,,
310,7-ketodeoxycholate,Method 3,RHCPKKNRWFXMAT-RRWYKFPJSA-N,HMDB0000391,,0.3402255639097744,False,within_12m,sample_median_scaled,False,failed,,,,,,,,,,LinAlgError: Singular matrix,,
318,dodecanedioate (C12-DC),Method 3,TVIDDXQYHWJXFK-UHFFFAOYSA-N,HMDB0000623,C02678,0.0,True,within_12m,sample_median_scaled,False,failed,,,,,,,,,,LinAlgError: Singular matrix,,
323,3-hydroxylaurate,Method 3,MUCMKTPAZLSKTL-UHFFFAOYSA-N,HMDB0000387,,0.0018796992481203,True,within_12m,sample_median_scaled,False,failed,,,,,,,,,,LinAlgError: Singular matrix,,
328,3-hydroxysebacate,Method 3,OQYZCCKCJQWHIE-UHFFFAOYSA-N,HMDB0000350,,0.0676691729323308,True,within_12m,sample_median_scaled,False,failed,,,,,,,,,,LinAlgError: Singular matrix,,
330,propionylglycine,Method 3,WOMAZEJKVZLLFE-UHFFFAOYSA-N,HMDB0000783,,0.4548872180451128,False,within_12m,sample_median_scaled,False,failed,,,,,,,,,,LinAlgError: Singular matrix,,
336,docosapentaenoate (n3 DPA; 22:5n3),Method 3,YUFFSWGQGVEMMI-JLNKQSITSA-N,"HMDB0006528,HMDB0001976",C16513,0.0,True,within_12m,sample_median_scaled,False,failed,,,,,,,,,,LinAlgError: Singular matrix,,
337,docosadienoate (22:2n6),Method 3,HVGRZDASOHMCSK-AVQMFFATSA-N,HMDB0061714,C16533,0.0,True,within_12m,sample_median_scaled,False,failed,,,,,,,,,,LinAlgError: Singular matrix,,
338,adrenate (22:4n6),Method 3,TWSWSIQAPQLDBP-CGRWFSSPSA-N,HMDB0002226,C16527,0.0,True,within_12m,sample_median_scaled,False,failed,,,,,,,,,,LinAlgError: Singular matrix,,
339,docosatrienoate (22:3n3),Method 3,WBBQTNCISCKUMU-IUQGRGSQSA-N,HMDB0002823,C16534,0.0977443609022556,True,within_12m,sample_median_scaled,False,failed,,,,,,,,,,LinAlgError: Singular matrix,,
341,myristoleate (14:1n5),Method 3,YWWVWXASSLXJHU-WAYWQWQTSA-N,HMDB0002000,C08322,0.0,True,within_12m,sample_median_scaled,False,failed,,,,,,,,,,LinAlgError: Singular matrix,,
343,4-imidazoleacetate,Method 1,PRJKNHOMHKJCEJ-UHFFFAOYSA-N,HMDB0002024,C02835,0.1071428571428571,True,within_12m,sample_median_scaled,False,failed,,,,,,,,,,LinAlgError: Singular matrix,,
345,sebacate (C10-DC),Method 3,CXMXRPHRNRROMY-UHFFFAOYSA-N,HMDB0000792,C08277,0.0131578947368421,True,within_12m,sample_median_scaled,False,failed,,,,,,,,,,LinAlgError: Singular matrix,,
347,delta-tocopherol,Method 2,GZIFEOYASATJEH-VHFRWLAGSA-N,HMDB0002902,C14151,0.5451127819548872,False,within_12m,sample_median_scaled,False,failed,,,,,,,,,,LinAlgError: Singular matrix,,
349,stearidonate (18:4n3),Method 3,JIWBIWFOSCKQMA-LTKCOYKYSA-N,HMDB0006547,C16300,0.0131578947368421,True,within_12m,sample_median_scaled,False,failed,,,,,,,,,,LinAlgError: Singular matrix,,
351,5-dodecenoate (12:1n7),Method 3,IJBFSOLHRKELLR-FPLPWBNLSA-N,HMDB0000529,,0.0,True,within_12m,sample_median_scaled,False,failed,,,,,,,,,,LinAlgError: Singular matrix,,
358,N-acetylasparagine,Method 1,HXFOXFJUNFFYMO-BYPYZUCNSA-N,HMDB0006028,,0.0225563909774436,True,within_12m,sample_median_scaled,False,failed,,,,,,,,,,LinAlgError: Singular matrix,,
359,gamma-glutamyl-epsilon-lysine,Method 1,JPKNLFVGUZRHOB-YUMQZZPRSA-N,HMDB0003869,,0.0206766917293233,True,within_12m,sample_median_scaled,False,failed,,,,,,,,,,LinAlgError: Singular matrix,,
368,phenylacetylglycine,Method 3,UTYVDVLMYQPLQB-UHFFFAOYSA-N,HMDB0000821,C05598,0.4755639097744361,False,within_12m,sample_median_scaled,False,failed,,,,,,,,,,LinAlgError: Singular matrix,,
370,10-nonadecenoate (19:1n9),Method 3,BBOWBNGUEWHNQZ-KTKRTIGZSA-N,HMDB0013622,,0.0,True,within_12m,sample_median_scaled,False,failed,,,,,,,,,,LinAlgError: Singular matrix,,
371,10-heptadecenoate (17:1n7),Method 3,GDTXICBNEOEPAZ-FPLPWBNLSA-N,HMDB0060038,,0.0,True,within_12m,sample_median_scaled,False,failed,,,,,,,,,,LinAlgError: Singular matrix,,
377,stachydrine,Method 1,CMUNUTVVOOHQPW-LURJTMIESA-N,HMDB0004827,C10172,0.0,True,within_12m,sample_median_scaled,False,failed,,,,,,,,,,LinAlgError: Singular matrix,,
380,nicotinamide riboside,Method 1,BUCXGWMZJBKEMD-UHFFFAOYSA-N,HMDB0000855,C03150,0.244360902255639,False,within_12m,sample_median_scaled,False,failed,,,,,,,,,,LinAlgError: Singular matrix,,
390,salicyluric glucuronide*,Method 3,OEPADIDIUZTYOX-UHFFFAOYSA-N,HMDB0240252,,0.5601503759398496,False,within_12m,sample_median_scaled,False,failed,,,,,,,,,,LinAlgError: Singular matrix,,
391,N-acetylproline,Method 1,GNMSLDIYJOSUSW-UHFFFAOYSA-N,HMDB0094701,,0.0169172932330827,True,within_12m,sample_median_scaled,False,failed,,,,,,,,,,LinAlgError: Singular matrix,,
392,eicosenoate (20:1),Method 3,BITHHVVYSMSWAG-KTKRTIGZSA-N,"HMDB0002231,HMDB0062436",C16526,0.0,True,within_12m,sample_median_scaled,False,failed,,,,,,,,,,LinAlgError: Singular matrix,,
393,linolenate [alpha or gamma; (18:3n3 or 6)],Method 3,DTOSIQBPPRVQHS-PDBXOOCHSA-N,"HMDB0003073,HMDB0001388","C06426,C06427",0.0,True,within_12m,sample_median_scaled,False,failed,,,,,,,,,,LinAlgError: Singular matrix,,
396,heme,Method 2,GGIDWJQWCUJYRY-UHFFFAOYSA-K,HMDB0003178,C00032,0.0601503759398496,True,within_12m,sample_median_scaled,False,failed,,,,,,,,,,LinAlgError: Singular matrix,,
403,"3,7-dimethylurate",Method 3,HMLZLHKHNBLLJD-UHFFFAOYSA-N,HMDB0001982,C16360,0.2800751879699248,False,within_12m,sample_median_scaled,False,failed,,,,,,,,,,LinAlgError: Singular matrix,,
419,1-pentadecanoylglycerol (15:0),Method 3,QSKPZDMBULYMDQ-UHFFFAOYSA-N,,,0.4135338345864661,False,within_12m,sample_median_scaled,False,failed,,,,,,,,,,LinAlgError: Singular matrix,,
421,1-linolenoylglycerol (18:3),Method 3,XQBHBEXBUZDCRY-QNEBEIHSSA-N,HMDB0011569,,0.1541353383458646,True,within_12m,sample_median_scaled,False,failed,,,,,,,,,,LinAlgError: Singular matrix,,
423,1-palmitoyl-GPA (16:0),Method 3,YNDYKPRNFWPPFU-GOSISDBHSA-N,HMDB00327,C04036,0.0394736842105263,True,within_12m,sample_median_scaled,False,failed,,,,,,,,,,LinAlgError: Singular matrix,,
425,isovalerylglycine,Method 3,ZRQXMKMBBMNNQC-UHFFFAOYSA-N,HMDB00678,,0.3157894736842105,False,within_12m,sample_median_scaled,False,failed,,,,,,,,,,LinAlgError: Singular matrix,,
426,3-hydroxydodecanedioate*,Method 3,FYVQCLGZFXHEGL-UHFFFAOYSA-N,HMDB0000413,,0.0864661654135338,True,within_12m,sample_median_scaled,False,failed,,,,,,,,,,LinAlgError: Singular matrix,,
431,N2-methylguanosine,Method 3,SLEHROROQDYRAW-KQYNXXCUSA-N,HMDB0005862,,0.0770676691729323,True,within_12m,sample_median_scaled,False,failed,,,,,,,,,,LinAlgError: Singular matrix,,
438,2-methylbutyrylcarnitine (C5),Method 1,IHCPDBBYTYJYIL-UHFFFAOYSA-N,HMDB0000378,,0.0676691729323308,True,within_12m,sample_median_scaled,False,failed,,,,,,,,,,LinAlgError: Singular matrix,,
439,phenol sulfate,Method 3,CTYRPMDGLDAWRQ-UHFFFAOYSA-N,HMDB0060015,C02180,0.0,True,within_12m,sample_median_scaled,False,failed,,,,,,,,,,LinAlgError: Singular matrix,,
442,malonylcarnitine,Method 1,ZGNBLKBZJBJFDG-UHFFFAOYSA-N,HMDB0002095,,0.3233082706766917,False,within_12m,sample_median_scaled,False,failed,,,,,,,,,,LinAlgError: Singular matrix,,
444,lidocaine,Method 1,NNJVILVZKWQKPM-UHFFFAOYSA-N,HMDB0014426,D00358,0.9229323308270676,False,within_12m,sample_median_scaled,False,failed,,,,,,,,,,LinAlgError: Singular matrix,,
445,N-ethylglycinexylidide,Method 1,WRMRXPASUROZGT-UHFFFAOYSA-N,HMDB0060656,C16561,0.9417293233082706,False,within_12m,sample_median_scaled,False,failed,,,,,,,,,,LinAlgError: Singular matrix,,
454,1-oleoyl-GPE (18:1),Method 2,PYVRVRFVLRNJLY-MZMPXXGTSA-N,HMDB0011506,,0.0,True,within_12m,sample_median_scaled,False,failed,,,,,,,,,,LinAlgError: Singular matrix,,
455,1-linoleoyl-GPE (18:2)*,Method 2,DBHKHNGBVGWQJE-HZJYTTRNSA-N,HMDB0011507,,0.0,True,within_12m,sample_median_scaled,False,failed,,,,,,,,,,LinAlgError: Singular matrix,,
461,pivaloylcarnitine (C5),Method 1,YICAQFPUDACYGQ-UHFFFAOYSA-N,HMDB0041993,,0.9774436090225564,False,within_12m,sample_median_scaled,False,failed,,,,,,,,,,LinAlgError: Singular matrix,,
462,isobutyrylglycine,Method 3,DCICDMMXFIELDF-UHFFFAOYSA-N,HMDB0000730,,0.3966165413533835,False,within_12m,sample_median_scaled,False,failed,,,,,,,,,,LinAlgError: Singular matrix,,
465,2-methylmalonylcarnitine (C4-DC),Method 1,XROYFEWIXXCPAW-UHFFFAOYSA-N,HMDB0013133,,0.1710526315789473,True,within_12m,sample_median_scaled,False,failed,,,,,,,,,,LinAlgError: Singular matrix,,
467,hydroquinone sulfate,Method 3,FPXPQMOQWJZYBL-UHFFFAOYSA-N,HMDB0240263,C00530,0.1033834586466165,True,within_12m,sample_median_scaled,False,failed,,,,,,,,,,LinAlgError: Singular matrix,,
468,catechol sulfate,Method 3,MZPWKJZDOCIALD-UHFFFAOYSA-N,HMDB0059724,,0.0,True,within_12m,sample_median_scaled,False,failed,,,,,,,,,,LinAlgError: Singular matrix,,
475,octadecanedioate (C18-DC),Method 3,BNJOQKFENDDGSC-UHFFFAOYSA-N,HMDB0000782,,0.0112781954887218,True,within_12m,sample_median_scaled,False,failed,,,,,,,,,,LinAlgError: Singular matrix,,
476,undecanedioate (C11-DC),Method 3,LWBHHRRTOZQPDM-UHFFFAOYSA-N,HMDB0000888,,0.2650375939849624,False,within_12m,sample_median_scaled,False,failed,,,,,,,,,,LinAlgError: Singular matrix,,
477,1-myristoylglycerol (14:0),Method 3,DCBSHORRWZKAKO-UHFFFAOYSA-N,HMDB0011561,C01885,0.0413533834586466,True,within_12m,sample_median_scaled,False,failed,,,,,,,,,,LinAlgError: Singular matrix,,
480,3-(2-hydroxyphenyl)propionate,Method 3,CJBDUOMQLFKVQC-UHFFFAOYSA-N,HMDB0033752,C01198,0.8627819548872181,False,within_12m,sample_median_scaled,False,failed,,,,,,,,,,LinAlgError: Singular matrix,,
490,alpha-hydroxycaproate,Method 3,NYHNVHGFPZAZGA-UHFFFAOYSA-N,HMDB0001624,,0.1898496240601503,True,within_12m,sample_median_scaled,False,failed,,,,,,,,,,LinAlgError: Singular matrix,,
499,4-ethylphenylsulfate,Method 3,DWZGLEPNCRFCEP-UHFFFAOYSA-N,HMDB0062551,C13637,0.0056390977443609,True,within_12m,sample_median_scaled,False,failed,,,,,,,,,,LinAlgError: Singular matrix,,
501,3-methyladipate,Method 4,SYEOWUNSTUDKGM-UHFFFAOYSA-N,HMDB0000555,,0.5582706766917294,False,within_12m,sample_median_scaled,False,failed,,,,,,,,,,LinAlgError: Singular matrix,,
502,pyrraline,Method 3,VTYFITADLSVOAS-UHFFFAOYSA-N,HMDB0033143,C21013,0.2105263157894736,False,within_12m,sample_median_scaled,False,failed,,,,,,,,,,LinAlgError: Singular matrix,,
503,N6-carboxymethyllysine,Method 1,NUXSIDPKKIEIMI-UHFFFAOYSA-N,HMDB0240347,,0.2462406015037594,False,within_12m,sample_median_scaled,False,failed,,,,,,,,,,LinAlgError: Singular matrix,,
506,desmethylnaproxen,Method 3,XWJUDDGELKXYNO-QMMMGPOBSA-N,HMDB0013989,,0.9774436090225564,False,within_12m,sample_median_scaled,False,failed,,,,,,,,,,LinAlgError: Singular matrix,,
507,desmethylnaproxen sulfate,Method 3,BNKMSCMOWGCUOF-QMMMGPOBSA-N,,,0.962406015037594,False,within_12m,sample_median_scaled,False,failed,,,,,,,,,,LinAlgError: Singular matrix,,
508,sucralose,Method 3,BAQAVOSOZGMPRM-DYDPOALMSA-N,HMDB0031554,C12285,0.5281954887218046,False,within_12m,sample_median_scaled,False,failed,,,,,,,,,,LinAlgError: Singular matrix,,
525,sphinganine-1-phosphate,Method 2,YHEDRJPUIRMZMP-UHFFFAOYSA-N,HMDB0001383,,0.0150375939849624,True,within_12m,sample_median_scaled,False,failed,,,,,,,,,,LinAlgError: Singular matrix,,
526,glycosyl-N-nervonoyl-sphingosine (d18:1/24:1)*,Method 2,WBOZIXHPUPAOIA-YEWIENRVSA-N,"HMDB0004975,HMDB0010712",,0.1748120300751879,True,within_12m,sample_median_scaled,False,failed,,,,,,,,,,LinAlgError: Singular matrix,,
532,N-methylproline,Method 1,CWLQUGTUXBXTLF-UHFFFAOYSA-N,HMDB0094696,,0.0,True,within_12m,sample_median_scaled,False,failed,,,,,,,,,,LinAlgError: Singular matrix,,
554,4-hydroxycoumarin,Method 3,VXIXUWQIVKSKSA-UHFFFAOYSA-N,,C20414,0.5939849624060151,False,within_12m,sample_median_scaled,False,failed,,,,,,,,,,LinAlgError: Singular matrix,,
559,5-methylthioribose**,Method 1,OLVVOVIFTBSBBH-UHFFFAOYSA-N,HMDB0001087,,0.0,True,within_12m,sample_median_scaled,False,failed,,,,,,,,,,LinAlgError: Singular matrix,,
569,12-HETE,Method 3,ZNHVWPKMFKADKW-VXBMJZGYSA-N,HMDB0006111,C14777,0.093984962406015,True,within_12m,sample_median_scaled,False,failed,,,,,,,,,,LinAlgError: Singular matrix,,
570,S-methylmethionine,Method 1,YDBYJHTYSHBBAU-UHFFFAOYSA-N,HMDB0038670,C05319,0.5281954887218046,False,within_12m,sample_median_scaled,False,failed,,,,,,,,,,LinAlgError: Singular matrix,,
571,indole-3-carboxylate,Method 3,KMAKOBLIOCQGJP-UHFFFAOYSA-N,HMDB0003320,C19837,0.4172932330827067,False,within_12m,sample_median_scaled,False,failed,,,,,,,,,,LinAlgError: Singular matrix,,
572,13-HODE + 9-HODE,Method 3,HNICUWMFWZBIFP-IRQZEAMPSA-N,"HMDB0004670,HMDB0004667","C14767,C14762",0.0093984962406015,True,within_12m,sample_median_scaled,False,failed,,,,,,,,,,LinAlgError: Singular matrix,,
577,N-acetyl-cadaverine,Method 1,RMOIHHAKNOFHOE-UHFFFAOYSA-N,HMDB0002284,,0.3590225563909774,False,within_12m,sample_median_scaled,False,failed,,,,,,,,,,LinAlgError: Singular matrix,,
582,S-carboxymethyl-cysteine,Method 1,GBFLZEXEOZUWRN-UHFFFAOYSA-N,HMDB0029415,C03727,0.4793233082706767,False,within_12m,sample_median_scaled,False,failed,,,,,,,,,,LinAlgError: Singular matrix,,
584,(16 or 17)-methylstearate (a19:0 or i19:0),Method 3,YETXGSGCWODRAA-UHFFFAOYSA-N,HMDB0037397,,0.0,True,within_12m,sample_median_scaled,False,failed,,,,,,,,,,LinAlgError: Singular matrix,,
586,4-methylbenzenesulfonate,Method 3,JOXIMZWYDAKGHI-UHFFFAOYSA-N,HMDB0059933,C06677,0.8327067669172933,False,within_12m,sample_median_scaled,False,failed,,,,,,,,,,LinAlgError: Singular matrix,,
591,"2,3-dihydroxyisovalerate",Method 4,JTEYKUFKXGDTEU-UHFFFAOYSA-N,HMDB0012141,C04039,0.0206766917293233,True,within_12m,sample_median_scaled,False,failed,,,,,,,,,,LinAlgError: Singular matrix,,
612,pseudoephedrine,Method 1,KWGRBVOPPLSCSI-WCBMZHEXSA-N,HMDB0001943,C02765,0.9962406015037594,False,within_12m,sample_median_scaled,False,failed,,,,,,,,,,LinAlgError: Singular matrix,,
617,2-oxoarginine*,Method 1,ARBHXJXXVVHMET-UHFFFAOYSA-N,HMDB0004225,C03771,0.0,True,within_12m,sample_median_scaled,False,failed,,,,,,,,,,LinAlgError: Singular matrix,,
618,cis-4-decenoate (10:1n6)*,Method 3,XKZKQTCECFWKBN-SREVYHEPSA-N,HMDB0004980,,0.0093984962406015,True,within_12m,sample_median_scaled,False,failed,,,,,,,,,,LinAlgError: Singular matrix,,
622,venlafaxine,Method 2,PNVNVHUZROJLTJ-UHFFFAOYSA-N,HMDB0005016,C07187,0.9981203007518796,False,within_12m,sample_median_scaled,False,failed,,,,,,,,,,LinAlgError: Singular matrix,,
631,3-(4-hydroxyphenyl)propionate,Method 3,NMHMNPHRMNGLLB-UHFFFAOYSA-N,HMDB0002199,C01744,0.2330827067669172,False,within_12m,sample_median_scaled,False,failed,,,,,,,,,,LinAlgError: Singular matrix,,
632,S-methylcysteine sulfoxide,Method 1,ZZLHPCSGGOGHFW-UHFFFAOYSA-N,HMDB0029432,,0.0,True,within_12m,sample_median_scaled,False,failed,,,,,,,,,,LinAlgError: Singular matrix,,
635,docosadioate (C22-DC),Method 3,DGXRZJSPDXZJFG-UHFFFAOYSA-N,,C14240,0.018796992481203,True,within_12m,sample_median_scaled,False,failed,,,,,,,,,,LinAlgError: Singular matrix,,
637,quinine,Method 1,LOUPRKONTZGTKE-WGFDLZGGSA-N,HMDB0014611,C06526,0.9981203007518796,False,within_12m,sample_median_scaled,False,failed,,,,,,,,,,LinAlgError: Singular matrix,,
644,2-oxindole-3-acetate,Method 3,ILGMGHZPXRDCCS-UHFFFAOYSA-N,HMDB0035514,,0.6278195488721805,False,within_12m,sample_median_scaled,False,failed,,,,,,,,,,LinAlgError: Singular matrix,,
649,leucylglycine,Method 1,LESXFEZIFXFIQR-UHFFFAOYSA-N,HMDB0028929,,0.231203007518797,False,within_12m,sample_median_scaled,False,failed,,,,,,,,,,LinAlgError: Singular matrix,,
651,N-palmitoyltaurine,Method 3,LPDJCYFKKSLKRO-UHFFFAOYSA-N,,,0.2011278195488721,False,within_12m,sample_median_scaled,False,failed,,,,,,,,,,LinAlgError: Singular matrix,,
656,rosuvastatin,Method 3,BPRHUIZQVSMCRT-VEUZHWNKSA-N,HMDB0015230,D01915,0.9924812030075189,False,within_12m,sample_median_scaled,False,failed,,,,,,,,,,LinAlgError: Singular matrix,,
657,trimethylamine N-oxide,Method 1,UYPYRKYUKCHHIB-UHFFFAOYSA-N,HMDB0000925,C01104,0.0,True,within_12m,sample_median_scaled,False,failed,,,,,,,,,,LinAlgError: Singular matrix,,
659,cis-urocanate,Method 3,LOIYMIARKYCTBW-UPHRSURJSA-N,HMDB0034174,,0.0695488721804511,True,within_12m,sample_median_scaled,False,failed,,,,,,,,,,LinAlgError: Singular matrix,,
660,dihydroferulate,Method 3,BOLQJTPHPSDZHR-UHFFFAOYSA-N,HMDB0062121,,0.206766917293233,False,within_12m,sample_median_scaled,False,failed,,,,,,,,,,LinAlgError: Singular matrix,,
661,imidazole propionate,Method 1,ZCKYOWGFRHAZIQ-UHFFFAOYSA-N,HMDB0002271,,0.0,True,within_12m,sample_median_scaled,False,failed,,,,,,,,,,LinAlgError: Singular matrix,,
663,paroxetine,Method 2,AHOUBRCZNHFOSL-YOEHRIQHSA-N,HMDB0014853,"C07415,D02362",0.9924812030075189,False,within_12m,sample_median_scaled,False,failed,,,,,,,,,,LinAlgError: Singular matrix,,
665,duloxetine,Method 2,ZEUITGRIYCTCEM-KRWDZBQOSA-N,HMDB0014619,,0.981203007518797,False,within_12m,sample_median_scaled,False,failed,,,,,,,,,,LinAlgError: Singular matrix,,
666,mirtazapine,Method 1,RONZAEMNMFQXRA-UHFFFAOYSA-N,HMDB0014514,C07570,0.9962406015037594,False,within_12m,sample_median_scaled,False,failed,,,,,,,,,,LinAlgError: Singular matrix,,
668,(15:2)-anacardic acid,Method 3,KAOMOVYHGLSFHQ-UTOQUPLUSA-N,HMDB0033896,,0.9266917293233082,False,within_12m,sample_median_scaled,False,failed,,,,,,,,,,LinAlgError: Singular matrix,,
669,alliin,Method 1,XUHLIQGRKRUKPH-ITZCMCNPSA-N,HMDB0033592,C08265,0.1936090225563909,True,within_12m,sample_median_scaled,False,failed,,,,,,,,,,LinAlgError: Singular matrix,,
670,histidylalanine,Method 1,FRJIAZKQGSCKPQ-UHFFFAOYSA-N,HMDB0028878,,0.5150375939849624,False,within_12m,sample_median_scaled,False,failed,,,,,,,,,,LinAlgError: Singular matrix,,
671,phenylalanylglycine,Method 1,GLUBLISJVJFHQS-UHFFFAOYSA-N,HMDB0028995,,0.5018796992481203,False,within_12m,sample_median_scaled,False,failed,,,,,,,,,,LinAlgError: Singular matrix,,
672,(15:0)-anacardic acid,Method 3,ADFWQBGTDJIESE-UHFFFAOYSA-N,HMDB0033896,C10759,0.9511278195488722,False,within_12m,sample_median_scaled,False,failed,,,,,,,,,,LinAlgError: Singular matrix,,
673,valylglycine,Method 3,IOUPEELXVYPCPG-UHFFFAOYSA-N,HMDB0029127,,0.0883458646616541,True,within_12m,sample_median_scaled,False,failed,,,,,,,,,,LinAlgError: Singular matrix,,
683,N-octanoylglycine,Method 3,SAVLIIGUQOSOEP-UHFFFAOYSA-N,HMDB0000832,,0.4567669172932331,False,within_12m,sample_median_scaled,False,failed,,,,,,,,,,LinAlgError: Singular matrix,,
684,5-hydroxymethyl-2-furoic acid,Method 3,PCSKKIUURRTAEM-UHFFFAOYSA-N,HMDB0002432,C20448,0.6785714285714286,False,within_12m,sample_median_scaled,False,failed,,,,,,,,,,LinAlgError: Singular matrix,,
697,5-hydroxydecanoate,Method 3,LMHJFKYQYDSOQO-UHFFFAOYSA-N,HMDB0040329,,0.4492481203007519,False,within_12m,sample_median_scaled,False,failed,,,,,,,,,,LinAlgError: Singular matrix,,
698,3-methyl catechol sulfate (2),Method 3,TZVUCGJSHGKWCJ-UHFFFAOYSA-N,,,0.3928571428571428,False,within_12m,sample_median_scaled,False,failed,,,,,,,,,,LinAlgError: Singular matrix,,
700,3-methyl catechol sulfate (1),Method 3,HFDKYCXWNHNKAF-UHFFFAOYSA-N,,,0.0150375939849624,True,within_12m,sample_median_scaled,False,failed,,,,,,,,,,LinAlgError: Singular matrix,,
709,guaiacol sulfate,Method 3,AQTYXAPIHMXAAV-UHFFFAOYSA-N,HMDB0060013,,0.0037593984962406,True,within_12m,sample_median_scaled,False,failed,,,,,,,,,,LinAlgError: Singular matrix,,
715,2-piperidinone,Method 1,XUWHAWMETYGRKB-UHFFFAOYSA-N,HMDB0011749,,0.0093984962406015,True,within_12m,sample_median_scaled,False,failed,,,,,,,,,,LinAlgError: Singular matrix,,
717,indolin-2-one,Method 1,JYGFTBXVXVMTGB-UHFFFAOYSA-N,,C12312,0.0770676691729323,True,within_12m,sample_median_scaled,False,failed,,,,,,,,,,LinAlgError: Singular matrix,,
718,"2,8-quinolinediol sulfate",Method 3,ZLYUIVZAQHFCNP-UHFFFAOYSA-N,HMDB0240658,,0.3270676691729323,False,within_12m,sample_median_scaled,False,failed,,,,,,,,,,LinAlgError: Singular matrix,,
719,2-aminophenol sulfate,Method 3,VSTZVCJQGSLNLL-UHFFFAOYSA-N,HMDB0061116,,0.0056390977443609,True,within_12m,sample_median_scaled,False,failed,,,,,,,,,,LinAlgError: Singular matrix,,
720,3-acetylphenol sulfate,Method 3,CGFRVKXGZRODPA-UHFFFAOYSA-N,,,0.4097744360902255,False,within_12m,sample_median_scaled,False,failed,,,,,,,,,,LinAlgError: Singular matrix,,
721,1-stearoyl-GPS (18:0)*,Method 3,ZPDQFUYPBVXUKS-KEKNWZKVSA-N,HMDB0061698,,0.8233082706766918,False,within_12m,sample_median_scaled,False,failed,,,,,,,,,,LinAlgError: Singular matrix,,
724,3-hydroxyadipate,Method 4,YVOMYDHIQVMMTA-UHFFFAOYSA-N,HMDB0000345,,0.0996240601503759,True,within_12m,sample_median_scaled,False,failed,,,,,,,,,,LinAlgError: Singular matrix,,
726,1-arachidonoyl-GPA (20:4),Method 3,XBFQFMCUPHZKTI-DOFZRALJSA-N,HMDB0062312,,0.0056390977443609,True,within_12m,sample_median_scaled,False,failed,,,,,,,,,,LinAlgError: Singular matrix,,
729,S-allylcysteine,Method 1,ZFAHNWWNDFHPOH-UHFFFAOYSA-N,HMDB0034323,,0.0451127819548872,True,within_12m,sample_median_scaled,False,failed,,,,,,,,,,LinAlgError: Singular matrix,,
742,N-acetylalliin,Method 3,CCCNUHFRBBIFHO-CVSPRKDYSA-N,,,0.2406015037593984,False,within_12m,sample_median_scaled,False,failed,,,,,,,,,,LinAlgError: Singular matrix,,
743,1-(1-enyl-oleoyl)-GPE (P-18:1)*,Method 2,URGVIWXYPWWBQO-ZCJATDNESA-N,,,0.0206766917293233,True,within_12m,sample_median_scaled,False,failed,,,,,,,,,,LinAlgError: Singular matrix,,
754,1-oleoyl-GPG (18:1)*,Method 3,FQQQKGAFQIIGLQ-VYFUBJQISA-N,HMDB0240602,,0.1146616541353383,True,within_12m,sample_median_scaled,False,failed,,,,,,,,,,LinAlgError: Singular matrix,,
757,N-acetyl-S-allyl-cysteine,Method 3,LKRAEHUDIUJBSF-ZETCQYMHSA-N,HMDB0240543,,0.518796992481203,False,within_12m,sample_median_scaled,False,failed,,,,,,,,,,LinAlgError: Singular matrix,,
758,9-hydroxystearate,Method 3,RKHXDCVAPIMDMG-UHFFFAOYSA-N,HMDB0061661,,0.1109022556390977,True,within_12m,sample_median_scaled,False,failed,,,,,,,,,,LinAlgError: Singular matrix,,
770,"N,O-didesmethylvenlafaxine glucuronide",Method 1,UDNAJOOLWIWCAW-SQBZNDFJSA-N,HMDB0061167,,0.9981203007518796,False,within_12m,sample_median_scaled,False,failed,,,,,,,,,,LinAlgError: Singular matrix,,
773,N-formylphenylalanine,Method 3,NSTPXGARCQOSAU-VIFPVBQESA-N,HMDB0240317,,0.3796992481203007,False,within_12m,sample_median_scaled,False,failed,,,,,,,,,,LinAlgError: Singular matrix,,
775,isoeugenol sulfate,Method 3,HRHBRUPGUDLQIF-ONEGZZNKSA-N,,,0.4041353383458647,False,within_12m,sample_median_scaled,False,failed,,,,,,,,,,LinAlgError: Singular matrix,,
776,tyramine O-sulfate,Method 3,DYDUXGMDSXJQFT-UHFFFAOYSA-N,HMDB0006409,,0.0845864661654135,True,within_12m,sample_median_scaled,False,failed,,,,,,,,,,LinAlgError: Singular matrix,,
778,4-methylguaiacol sulfate,Method 3,LILXPJXZNJTPQZ-UHFFFAOYSA-N,,,0.2781954887218045,False,within_12m,sample_median_scaled,False,failed,,,,,,,,,,LinAlgError: Singular matrix,,
779,maltol sulfate,Method 3,PVWYGTJERKKPRW-UHFFFAOYSA-N,,,0.2969924812030075,False,within_12m,sample_median_scaled,False,failed,,,,,,,,,,LinAlgError: Singular matrix,,
780,phenylacetylcarnitine,Method 1,DZTZJNGATJMDSH-CYBMUJFWSA-N,,,0.0037593984962406,True,within_12m,sample_median_scaled,False,failed,,,,,,,,,,LinAlgError: Singular matrix,,
782,methyl-4-hydroxybenzoate sulfate,Method 3,IBEAHXYYSZWGED-UHFFFAOYSA-N,HMDB0041646,,0.0300751879699248,True,within_12m,sample_median_scaled,False,failed,,,,,,,,,,LinAlgError: Singular matrix,,
784,N-acetylhistamine,Method 1,XJWPISBUKWZALE-UHFFFAOYSA-N,HMDB0013253,C05135,0.7706766917293233,False,within_12m,sample_median_scaled,False,failed,,,,,,,,,,LinAlgError: Singular matrix,,
785,vanillic alcohol sulfate,Method 3,LGXHPUANUXIBJQ-UHFFFAOYSA-N,HMDB0041788,,0.1729323308270676,True,within_12m,sample_median_scaled,False,failed,,,,,,,,,,LinAlgError: Singular matrix,,
788,eugenol sulfate,Method 3,XWAZTQUZONPJEW-UHFFFAOYSA-N,HMDB0135245,,0.1710526315789473,True,within_12m,sample_median_scaled,False,failed,,,,,,,,,,LinAlgError: Singular matrix,,
790,2-methoxyresorcinol sulfate,Method 3,ARLAWMCEVZUXEY-UHFFFAOYSA-N,,,0.0864661654135338,True,within_12m,sample_median_scaled,False,failed,,,,,,,,,,LinAlgError: Singular matrix,,
791,2-acetamidophenol sulfate,Method 3,JCVGTUVGDOWZJE-UHFFFAOYSA-N,,,0.2330827067669172,False,within_12m,sample_median_scaled,False,failed,,,,,,,,,,LinAlgError: Singular matrix,,
794,propyl 4-hydroxybenzoate,Method 3,QELSKZZBTMNZEB-UHFFFAOYSA-N,HMDB0032574,D01422,0.9022556390977444,False,within_12m,sample_median_scaled,False,failed,,,,,,,,,,LinAlgError: Singular matrix,,
799,4-methoxyphenol sulfate,Method 3,IGTMFIJOUADBDC-UHFFFAOYSA-N,,,0.3815789473684211,False,within_12m,sample_median_scaled,False,failed,,,,,,,,,,LinAlgError: Singular matrix,,
800,propyl 4-hydroxybenzoate sulfate,Method 3,WEKBGFBWJOHXKR-UHFFFAOYSA-N,HMDB0135261,,0.4210526315789473,False,within_12m,sample_median_scaled,False,failed,,,,,,,,,,LinAlgError: Singular matrix,,
812,daidzein sulfate (2),Method 3,CQRHJEVIKOKQMO-UHFFFAOYSA-N,,,0.6616541353383458,False,within_12m,sample_median_scaled,False,failed,,,,,,,,,,LinAlgError: Singular matrix,,
814,N-carbamoylalanine,Method 1,LUSWEUMSEVLFEQ-UHFFFAOYSA-N,,,0.1165413533834586,True,within_12m,sample_median_scaled,False,failed,,,,,,,,,,LinAlgError: Singular matrix,,
819,3-methoxycatechol sulfate (2),Method 3,NTXOJWKIHIOUQN-UHFFFAOYSA-N,,,0.2781954887218045,False,within_12m,sample_median_scaled,False,failed,,,,,,,,,,LinAlgError: Singular matrix,,
822,tramadol,Method 1,TVYLLZQTGLZFBW-ZBFHGGJFSA-N,HMDB0014339,C07153,0.8834586466165414,False,within_12m,sample_median_scaled,False,failed,,,,,,,,,,LinAlgError: Singular matrix,,
850,oleate/vaccenate (18:1),Method 3,ZQPPMHVWECSIRJ-KTKRTIGZSA-N,"HMDB0003231,HMDB0000573,HMDB0240219,HMDB0000207","C21944,C08367,C01712,C00712",0.0,True,within_12m,sample_median_scaled,False,failed,,,,,,,,,,LinAlgError: Singular matrix,,
851,2-hydroxylaurate,Method 3,YDZIJQXINJLRLL-UHFFFAOYSA-N,,,0.150375939849624,True,within_12m,sample_median_scaled,False,failed,,,,,,,,,,LinAlgError: Singular matrix,,
855,rivaroxaban,Method 3,KGFYHTZWPPHNLQ-UHFFFAOYSA-N,,,0.986842105263158,False,within_12m,sample_median_scaled,False,failed,,,,,,,,,,LinAlgError: Singular matrix,,
861,amoxicillin,Method 3,LSQZJLSUYDQPKJ-UHFFFAOYSA-N,HMDB0015193,"DG00520,C06827,D00229",0.9924812030075189,False,within_12m,sample_median_scaled,False,failed,,,,,,,,,,LinAlgError: Singular matrix,,
862,azithromycin,Method 2,MQTOSJVFKKJCRP-UHFFFAOYSA-N,HMDB0014352,"DG00606,D06390,C06838",0.9962406015037594,False,within_12m,sample_median_scaled,False,failed,,,,,,,,,,LinAlgError: Singular matrix,,
864,sildenafil,Method 2,BNRNXUUZRGQAQC-UHFFFAOYSA-N,HMDB0005039,C07259,0.9943609022556392,False,within_12m,sample_median_scaled,False,failed,,,,,,,,,,LinAlgError: Singular matrix,,
905,"1,2-dipalmitoyl-GPE (16:0/16:0)*",Method 2,SLKDGVPOSSLUAI-PGUFJCEWSA-N,HMDB0008923,,0.4210526315789473,False,within_12m,sample_median_scaled,False,failed,,,,,,,,,,LinAlgError: Singular matrix,,
906,"1,2-dilinoleoyl-GPE (18:2/18:2)*",Method 2,SSCDRSKJTAQNNB-DWEQTYCFSA-N,HMDB0009093,,0.1296992481203007,True,within_12m,sample_median_scaled,False,failed,,,,,,,,,,LinAlgError: Singular matrix,,
914,2-methylserine,Method 1,CDUUKBXTEOFITR-UHFFFAOYSA-N,,C02115,0.0488721804511278,True,within_12m,sample_median_scaled,False,failed,,,,,,,,,,LinAlgError: Singular matrix,,
923,catechol glucuronide,Method 3,ICPYZFZFSLTYID-GOVZDWNOSA-N,HMDB0240490,,0.631578947368421,False,within_12m,sample_median_scaled,False,failed,,,,,,,,,,LinAlgError: Singular matrix,,
932,caffeic acid sulfate,Method 4,SNVAIAITQIIEMQ-DUXPYHPUSA-N,HMDB0041708,,0.268796992481203,False,within_12m,sample_median_scaled,False,failed,,,,,,,,,,LinAlgError: Singular matrix,,
933,1-linoleoyl-2-linolenoyl-GPC (18:2/18:3)*,Method 2,HZGAVPNEGHQJID-UNBCHYIMSA-N,HMDB0008141,,0.0037593984962406,True,within_12m,sample_median_scaled,False,failed,,,,,,,,,,LinAlgError: Singular matrix,,
935,hexadecadienoate (16:2n6),Method 3,WPJGPAAPSBVXNU-HZJYTTRNSA-N,HMDB0000477,,0.0150375939849624,True,within_12m,sample_median_scaled,False,failed,,,,,,,,,,LinAlgError: Singular matrix,,
938,4-acetamidobenzoate,Method 3,QCXJEYYXVJIFCE-UHFFFAOYSA-N,,D03836,0.8327067669172933,False,within_12m,sample_median_scaled,False,failed,,,,,,,,,,LinAlgError: Singular matrix,,
940,"2,3-dihydroxy-2-methylbutyrate",Method 3,AOWPAWLEXIYETE-UHFFFAOYSA-N,HMDB0029576,,0.0281954887218045,True,within_12m,sample_median_scaled,False,failed,,,,,,,,,,LinAlgError: Singular matrix,,
944,naringenin 7-glucuronide,Method 3,BDCRTIDKZGEVEN-UHFFFAOYSA-N,,,0.7105263157894737,False,within_12m,sample_median_scaled,False,failed,,,,,,,,,,LinAlgError: Singular matrix,,
946,ferulylglycine (1),Method 3,CLGNQAIRBLDHIN-HWKANZROSA-N,,,0.4548872180451128,False,within_12m,sample_median_scaled,False,failed,,,,,,,,,,LinAlgError: Singular matrix,,
963,palmitoyl-docosahexaenoyl-glycerol (16:0/22:6) [1]*,Method 2,BXVYQJJBMVVALQ-UNMZRDIWSA-N,HMDB0007121,,0.6992481203007519,False,within_12m,sample_median_scaled,False,failed,,,,,,,,,,LinAlgError: Singular matrix,,
971,N-palmitoylserine,Method 3,BFVRFWIQTACAPT-KRWDZBQOSA-N,,,0.1259398496240601,True,within_12m,sample_median_scaled,False,failed,,,,,,,,,,LinAlgError: Singular matrix,,
974,glycerophosphoserine*,Method 1,ZWZWYGMENQVNFU-AKGZTFGVSA-N,,,0.0864661654135338,True,within_12m,sample_median_scaled,False,failed,,,,,,,,,,LinAlgError: Singular matrix,,
982,glycosyl-N-tricosanoyl-sphingadienine (d18:2/23:0)*,Method 2,WKJGTBSWYQRTEJ-PBFIFAMQSA-N,,,0.0864661654135338,True,within_12m,sample_median_scaled,False,failed,,,,,,,,,,LinAlgError: Singular matrix,,
983,"glycosyl ceramide (d18:1/23:1, d17:1/24:1)*",Method 2,ZTXYYHYUNQRYIR-BLIGVESQSA-N,,,0.2180451127819548,False,within_12m,sample_median_scaled,False,failed,,,,,,,,,,LinAlgError: Singular matrix,,
988,1-cerotoyl-GPC (26:0)*,Method 2,WSDKRPCAPHRNNZ-MGBGTMOVSA-N,HMDB29205,,0.3759398496240601,False,within_12m,sample_median_scaled,False,failed,,,,,,,,,,LinAlgError: Singular matrix,,
989,ondansetron,Method 2,FELGMEQIXOGIFQ-UHFFFAOYSA-N,HMDB0005035,C07325,0.9642857142857144,False,within_12m,sample_median_scaled,False,failed,,,,,,,,,,LinAlgError: Singular matrix,,
991,metoclopramide,Method 1,TTWJBBZEZQICBI-UHFFFAOYSA-N,HMDB0015363,"C07868,D00726,
DG00055",0.9962406015037594,False,within_12m,sample_median_scaled,False,failed,,,,,,,,,,LinAlgError: Singular matrix,,
993,nisinate (24:6n3),Method 3,YHGJECVSSKXFCJ-KUBAVDMBSA-N,HMDB0013025,,0.7048872180451128,False,within_12m,sample_median_scaled,False,failed,,,,,,,,,,LinAlgError: Singular matrix,,
1017,levetiracetam,Method 1,HPHUVLMMVZITSG-LURJTMIESA-N,HMDB0015333,C07841,0.986842105263158,False,within_12m,sample_median_scaled,False,failed,,,,,,,,,,LinAlgError: Singular matrix,,
1020,cephalexin,Method 1,ZAIPMKNFIOOWCQ-UEKVPHQBSA-N,HMDB0014707,C06895,0.9962406015037594,False,within_12m,sample_median_scaled,False,failed,,,,,,,,,,LinAlgError: Singular matrix,,
1022,ethyl alpha-glucopyranoside,Method 1,WYUFTYLVLQZQNH-UHFFFAOYSA-N,HMDB0029968,,0.1766917293233082,True,within_12m,sample_median_scaled,False,failed,,,,,,,,,,LinAlgError: Singular matrix,,
1027,fluconazole,Method 3,RFHAOTPXVQNOHP-UHFFFAOYSA-N,HMDB0014342,C07002,0.9849624060150376,False,within_12m,sample_median_scaled,False,failed,,,,,,,,,,LinAlgError: Singular matrix,,
1031,5-dodecenoylcarnitine (C12:1),Method 2,PETYOUXDCHQKTQ-QXPKXGMISA-N,HMDB13326,,0.0112781954887218,True,within_12m,sample_median_scaled,False,failed,,,,,,,,,,LinAlgError: Singular matrix,,
1034,3-hydroxyoleoylcarnitine,Method 2,YBCVTTMMURGSEY-LMLDZDDJSA-N,,,0.0131578947368421,True,within_12m,sample_median_scaled,False,failed,,,,,,,,,,LinAlgError: Singular matrix,,
1037,N-stearoylserine*,Method 3,CLHUCXCVFSEJRR-UHFFFAOYSA-N,,,0.1033834586466165,True,within_12m,sample_median_scaled,False,failed,,,,,,,,,,LinAlgError: Singular matrix,,
1039,3-hydroxyoleate*,Method 3,MFBDGGFIQVOLTJ-MDZDMXLPSA-N,,,0.0902255639097744,True,within_12m,sample_median_scaled,False,failed,,,,,,,,,,LinAlgError: Singular matrix,,
1040,lyxonate,Method 4,QXKAIJAYHKCRRA-PZGQECOJSA-N,HMDB0060255,,0.1146616541353383,True,within_12m,sample_median_scaled,False,failed,,,,,,,,,,LinAlgError: Singular matrix,,
1041,dodecenedioate (C12:1-DC)*,Method 3,OHCMUMNQAHNIEP-HNQUOIGGSA-N,HMDB0000933,,0.0206766917293233,True,within_12m,sample_median_scaled,False,failed,,,,,,,,,,LinAlgError: Singular matrix,,
1047,glucuronide of C14H26O4 (1)*,Method 3,,,,0.4943609022556391,False,within_12m,sample_median_scaled,False,failed,,,,,,,,,,LinAlgError: Singular matrix,,
1048,glucuronide of C10H18O2 (1)*,Method 3,,,,0.3327067669172932,False,within_12m,sample_median_scaled,False,failed,,,,,,,,,,LinAlgError: Singular matrix,,
1053,glucuronide of C10H18O2 (8)*,Method 3,,,,0.2819548872180451,False,within_12m,sample_median_scaled,False,failed,,,,,,,,,,LinAlgError: Singular matrix,,
1057,genistein sulfate*,Method 3,DKEIWIJUHWVGRC-UHFFFAOYSA-N,,,0.5714285714285714,False,within_12m,sample_median_scaled,False,failed,,,,,,,,,,LinAlgError: Singular matrix,,
1062,N-methylhydroxyproline**,Method 1,FMIPNAUMSPFTHK-UHFFFAOYSA-N,,,0.112781954887218,True,within_12m,sample_median_scaled,False,failed,,,,,,,,,,LinAlgError: Singular matrix,,
1066,N4-acetylsulfamethoxazole*,Method 3,GXPIUNZCALHVBA-UHFFFAOYSA-N,HMDB0013854,"D01601,C13061",0.9830827067669172,False,within_12m,sample_median_scaled,False,failed,,,,,,,,,,LinAlgError: Singular matrix,,
1067,N4-acetyl-5-hydroxysulfamethoxazole*,Method 3,YKWZTWOYFWCVKH-UHFFFAOYSA-N,,,0.9887218045112782,False,within_12m,sample_median_scaled,False,failed,,,,,,,,,,LinAlgError: Singular matrix,,
1068,resveratrol sulfate (1)*,Method 3,KOTTWDFKZULRPN-OWOJBTEDSA-N,,,0.9736842105263158,False,within_12m,sample_median_scaled,False,failed,,,,,,,,,,LinAlgError: Singular matrix,,
1069,resveratrol disulfate (1)*,Method 3,DHYDAGFKCXRMSL-OWOJBTEDSA-N,,,0.9342105263157896,False,within_12m,sample_median_scaled,False,failed,,,,,,,,,,LinAlgError: Singular matrix,,
1070,resveratrol disulfate (2)*,Method 3,DHYDAGFKCXRMSL-OWOJBTEDSA-N,,,0.9699248120300752,False,within_12m,sample_median_scaled,False,failed,,,,,,,,,,LinAlgError: Singular matrix,,
1071,glycine conjugate of C10H12O2*,Method 3,,,,0.1973684210526315,True,within_12m,sample_median_scaled,False,failed,,,,,,,,,,LinAlgError: Singular matrix,,
1077,dihydroferulic acid sulfate,Method 3,UMCDODPBPQMWQP-UHFFFAOYSA-N,HMDB0041724,,0.3684210526315789,False,within_12m,sample_median_scaled,False,failed,,,,,,,,,,LinAlgError: Singular matrix,,
1081,tetradecadienoate (14:2)*,Method 3,HXHZGHRLVRFQDR-HZJYTTRNSA-N,HMDB0000560,,0.0075187969924812,True,within_12m,sample_median_scaled,False,failed,,,,,,,,,,LinAlgError: Singular matrix,,
1087,"2,2'-methylenebis(6-tert-butyl-p-cresol)",Method 4,KGRVJHAUYBGFFP-UHFFFAOYSA-N,,,0.7725563909774437,False,within_12m,sample_median_scaled,False,failed,,,,,,,,,,LinAlgError: Singular matrix,,
1088,ethyl beta-glucopyranoside,Method 3,WYUFTYLVLQZQNH-JAJWTYFOSA-N,HMDB0029968,,0.0582706766917293,True,within_12m,sample_median_scaled,False,failed,,,,,,,,,,LinAlgError: Singular matrix,,
1096,dodecadienoate (12:2)*,Method 3,QHRHXXRXWDTFLI-HZJYTTRNSA-N,,,0.0,True,within_12m,sample_median_scaled,False,failed,,,,,,,,,,LinAlgError: Singular matrix,,
1099,delta-CEHC glucuronide,Method 3,UCCZSQROJUPRKT-UHFFFAOYSA-N,,,0.5601503759398496,False,within_12m,sample_median_scaled,False,failed,,,,,,,,,,LinAlgError: Singular matrix,,
1108,N-acetyltheanine,Method 3,STZOUWQDQRPMBI-ZETCQYMHSA-N,,,0.7650375939849624,False,within_12m,sample_median_scaled,False,failed,,,,,,,,,,LinAlgError: Singular matrix,,
1111,4-ethylcatechol sulfate,Method 3,KHZCNGJFSKSSIJ-UHFFFAOYSA-N,,,0.0432330827067669,True,within_12m,sample_median_scaled,False,failed,,,,,,,,,,LinAlgError: Singular matrix,,
1117,4-allylcatechol sulfate,Method 3,USWXDXYEVISELK-UHFFFAOYSA-N,,,0.0075187969924812,True,within_12m,sample_median_scaled,False,failed,,,,,,,,,,LinAlgError: Singular matrix,,
1120,vanillate glucuronide,Method 4,GRERMCGRRAMWSD-UHFFFAOYSA-N,HMDB0240572,,0.6146616541353384,False,within_12m,sample_median_scaled,False,failed,,,,,,,,,,LinAlgError: Singular matrix,,
1121,triclosan sulfate,Method 3,ZPFYUMPBKRRSTR-UHFFFAOYSA-N,HMDB0061387,,0.7180451127819549,False,within_12m,sample_median_scaled,False,failed,,,,,,,,,,LinAlgError: Singular matrix,,
1122,methyl vanillate sulfate,Method 3,IWRNHPTWPBSQSA-UHFFFAOYSA-N,,,0.4454887218045112,False,within_12m,sample_median_scaled,False,failed,,,,,,,,,,LinAlgError: Singular matrix,,
1126,1-heptadecenoylglycerol (17:1)*,Method 3,KRUXHXDPFZXFJX-FPLPWBNLSA-N,,,0.5263157894736842,False,within_12m,sample_median_scaled,False,failed,,,,,,,,,,LinAlgError: Singular matrix,,
1127,sulfociprofloxacin*,Method 3,SDLYZOYQWKDWJG-UHFFFAOYSA-N,,,0.9849624060150376,False,within_12m,sample_median_scaled,False,failed,,,,,,,,,,LinAlgError: Singular matrix,,
1148,"N,N-dimethyl-5-aminovalerate",Method 1,UYZSNVLEDLCWGU-UHFFFAOYSA-N,,,0.3890977443609023,False,within_12m,sample_median_scaled,False,failed,,,,,,,,,,LinAlgError: Singular matrix,,
1152,3-ethylcatechol sulfate (2),Method 3,NUPWKYZXNXCOHY-UHFFFAOYSA-N,,,0.5037593984962406,False,within_12m,sample_median_scaled,False,failed,,,,,,,,,,LinAlgError: Singular matrix,,
1153,4-acetylcatechol sulfate (1),Method 3,RRWBOGSYNDIRNR-UHFFFAOYSA-N,,,0.4116541353383459,False,within_12m,sample_median_scaled,False,failed,,,,,,,,,,LinAlgError: Singular matrix,,
1154,4-acetylcatechol sulfate (2),Method 3,RRWBOGSYNDIRNR-UHFFFAOYSA-N,,,0.5657894736842105,False,within_12m,sample_median_scaled,False,failed,,,,,,,,,,LinAlgError: Singular matrix,,
1156,trimethoprim,Method 1,IEDVJHCEMCRBQM-UHFFFAOYSA-N,HMDB0014583,"C01965,D00145",0.9906015037593984,False,within_12m,sample_median_scaled,False,failed,,,,,,,,,,LinAlgError: Singular matrix,,
1158,donepezil,Method 1,ADEBPBSSDYVVLD-UHFFFAOYSA-N,HMDB0005041,D07869,0.9906015037593984,False,within_12m,sample_median_scaled,False,failed,,,,,,,,,,LinAlgError: Singular matrix,,
1159,glyburide,Method 3,ZNNLBTZKUZBEKO-UHFFFAOYSA-N,HMDB0015151,"D00336,C07022",0.9943609022556392,False,within_12m,sample_median_scaled,False,failed,,,,,,,,,,LinAlgError: Singular matrix,,
1162,nateglinide,Method 2,OELFLUMRDSZNSF-BRWVUGGUSA-N,HMDB0014869,"C12508,D01111",0.9962406015037594,False,within_12m,sample_median_scaled,False,failed,,,,,,,,,,LinAlgError: Singular matrix,,
1169,fibrinopeptide A (4-15)**,Method 3,GXMAZYIQAHTXHM-UHFFFAOYSA-N,,,0.037593984962406,True,within_12m,sample_median_scaled,False,failed,,,,,,,,,,LinAlgError: Singular matrix,,
1172,meloxicam,Method 3,ZRVUJXDFFKFLMG-UHFFFAOYSA-N,HMDB0014952,"D00969,C08169",0.9849624060150376,False,within_12m,sample_median_scaled,False,failed,,,,,,,,,,LinAlgError: Singular matrix,,
1174,losartan,Method 3,PSIFNNKUMBGKDQ-UHFFFAOYSA-N,HMDB0014816,"C07072,D08146",0.962406015037594,False,within_12m,sample_median_scaled,False,failed,,,,,,,,,,LinAlgError: Singular matrix,,
1178,cyclobenzaprine,Method 2,JURKNVYFZMSNLP-UHFFFAOYSA-N,HMDB0015060,"D07758,C06931",0.9981203007518796,False,within_12m,sample_median_scaled,False,failed,,,,,,,,,,LinAlgError: Singular matrix,,
1187,5-hydroxy-2-methylpyridine sulfate,Method 3,UAQAOMYUJQVGMD-UHFFFAOYSA-N,,,0.2593984962406015,False,within_12m,sample_median_scaled,False,failed,,,,,,,,,,LinAlgError: Singular matrix,,
1188,3-hydroxy-2-methylpyridine sulfate,Method 3,GOXQGRHDLROYBT-UHFFFAOYSA-N,,,0.1823308270676691,True,within_12m,sample_median_scaled,False,failed,,,,,,,,,,LinAlgError: Singular matrix,,
1193,ribavirin,Method 4,IWUCXVSUMQZMFG-AFCXAGJDSA-N,HMDB14949,D00423,0.9981203007518796,False,within_12m,sample_median_scaled,False,failed,,,,,,,,,,LinAlgError: Singular matrix,,
1199,glu-gly-asn-val**,Method 3,QTVRCQRIGVKQHD-UHFFFAOYSA-N,,,0.0150375939849624,True,within_12m,sample_median_scaled,False,failed,,,,,,,,,,LinAlgError: Singular matrix,,
1203,levulinoylcarnitine,Method 1,XDZHMFWKQXZAFO-UHFFFAOYSA-N,,,0.1296992481203007,True,within_12m,sample_median_scaled,False,failed,,,,,,,,,,LinAlgError: Singular matrix,,
1207,4-vinylcatechol sulfate,Method 3,ILVXQMHYFMBCMJ-UHFFFAOYSA-N,,,0.0488721804511278,True,within_12m,sample_median_scaled,False,failed,,,,,,,,,,LinAlgError: Singular matrix,,
1208,4-vinylguaiacol glucuronide,Method 3,RRBFAJWNNUHFMC-DKBOKBLXSA-N,,,0.6165413533834586,False,within_12m,sample_median_scaled,False,failed,,,,,,,,,,LinAlgError: Singular matrix,,
1210,(15:3)-anacardic acid,Method 3,QUVGEKPNSCFQIR-AOSYACOCSA-N,HMDB31059,,0.924812030075188,False,within_12m,sample_median_scaled,False,failed,,,,,,,,,,LinAlgError: Singular matrix,,
1213,vanillic acid glycine,Method 3,LOODYTDRRBLQNH-UHFFFAOYSA-N,HMDB0060026,,0.2556390977443609,False,within_12m,sample_median_scaled,False,failed,,,,,,,,,,LinAlgError: Singular matrix,,
1216,pentose acid*,Method 4,,HMDB0000892,C00803,0.0206766917293233,True,within_12m,sample_median_scaled,False,failed,,,,,,,,,,LinAlgError: Singular matrix,,
1218,feruloylquinate (2),Method 3,RAGZUCNPTLULOL-KQJPBSFVSA-N,,,0.6860902255639098,False,within_12m,sample_median_scaled,False,failed,,,,,,,,,,LinAlgError: Singular matrix,,
1219,feruloylquinate (4),Method 3,RAGZUCNPTLULOL-KQJPBSFVSA-N,,,0.6917293233082706,False,within_12m,sample_median_scaled,False,failed,,,,,,,,,,LinAlgError: Singular matrix,,
1221,S-carboxyethylcysteine,Method 1,CAMXXPUSAROUCX-BYPYZUCNSA-N,,,0.0,True,within_12m,sample_median_scaled,False,failed,,,,,,,,,,LinAlgError: Singular matrix,,
1226,"branched-chain, straight-chain, or cyclopropyl 10:1 fatty acid (2)*",Method 3,NIFITBVFNGQSNA-SOFGYWHQSA-N,,,0.1766917293233082,True,within_12m,sample_median_scaled,False,failed,,,,,,,,,,LinAlgError: Singular matrix,,
1228,4-ethyl-2-methoxyphenol sulfate,Method 3,MKBJQFWSHNXYFZ-UHFFFAOYSA-N,,,0.6146616541353384,False,within_12m,sample_median_scaled,False,failed,,,,,,,,,,LinAlgError: Singular matrix,,
1230,"branched-chain, straight-chain, or cyclopropyl 12:1 fatty acid*",Method 3,FQSFPMAZIOPKLO-JXMROGBWSA-N,,,0.0676691729323308,True,within_12m,sample_median_scaled,False,failed,,,,,,,,,,LinAlgError: Singular matrix,,
1240,2-methoxyhydroquinone sulfate (1),Method 3,LEJCLCZOTCOTQE-UHFFFAOYSA-N,,,0.075187969924812,True,within_12m,sample_median_scaled,False,failed,,,,,,,,,,LinAlgError: Singular matrix,,
1244,temazepam,Method 2,SEQDDYPDSLOBDC-UHFFFAOYSA-N,HMDB0014376,D00370,0.9906015037593984,False,within_12m,sample_median_scaled,False,failed,,,,,,,,,,LinAlgError: Singular matrix,,
1246,3-hydroxyoctanoylcarnitine (1),Method 1,RCXSFDNDEVSQNG-UHFFFAOYSA-N,,,0.075187969924812,True,within_12m,sample_median_scaled,False,failed,,,,,,,,,,LinAlgError: Singular matrix,,
1247,3-hydroxyoctanoylcarnitine (2),Method 1,RCXSFDNDEVSQNG-UHFFFAOYSA-N,,,0.2387218045112782,False,within_12m,sample_median_scaled,False,failed,,,,,,,,,,LinAlgError: Singular matrix,,
