pseudocount,genus,PRJNA784025_discovery_estimate,PRJNA784025_discovery_se,PRJNA784025_discovery_p,PRJNA784025_discovery_hcc_n,PRJNA784025_discovery_cirrhosis_n,PRJNA784025_validation_estimate,PRJNA784025_validation_se,PRJNA784025_validation_p,PRJNA784025_validation_hcc_n,PRJNA784025_validation_cirrhosis_n,PRJEB54571_external_estimate,PRJEB54571_external_se,PRJEB54571_external_p,PRJEB54571_external_hcc_n,PRJEB54571_external_cirrhosis_n,age_adjusted_estimate,age_adjusted_se_hc3,age_adjusted_p_hc3,age_adjusted_n,random_estimate,random_se,random_ci_low,random_ci_high,random_p,hksj_se_modified,hksj_ci_low_modified,hksj_ci_high_modified,hksj_p_modified,hksj_df,hksj_scale,tau2_dl,q,q_p,i2_percent,three_cohort_direction_concordant,discovery_q,selected_in_discovery_q_lt_0_10,locked_validation_pass,external_age_adjusted_pass
0.1,Adlercreutzia,-1.0542828329878897,0.29576890204680695,0.0006611025665771011,30,59,-1.0042386383332242,0.3516684599656637,0.00590145451792409,25,40,0.8552293203619641,0.35083899771166266,0.020979300348458036,95,10,1.0700539191518494,0.4219245031451649,0.011208623276646254,104,-0.40793959611848285,0.6133339779781184,-1.6100741929555948,0.7941950007186291,0.5059748898007335,0.6268023446615858,-3.104852415356597,2.288973223119631,0.5819415542460923,2,1.044400750408281,1.0173795483955828,20.476466833592855,3.577599512141371e-05,90.23268996427215,False,0.03799267291342575,True,True,False
0.1,Agathobacter,-0.4399415846708177,0.20367807109353778,0.033702612662134805,30,59,0.33569050065281214,0.21794752532044265,0.12885195703098248,25,40,0.2657530251368234,1.176874015541395,0.8253953382149831,95,10,0.43887594917715456,1.2680850551991438,0.7292724753711737,104,-0.033268186500650054,0.34058439616721925,-0.7008136029883998,0.6342772299870996,0.9221866241846303,0.34058439616721925,-1.4986845683614483,1.432148195360148,0.9310941793293694,2,0.6312489836247106,0.20578561061391876,6.844823763133755,0.03263363149067605,70.78084010326158,False,0.6395361428409445,False,False,False
0.1,Alistipes,0.07274009579789276,0.26345598715391555,0.7831800987908878,30,59,-0.22556135198705007,0.2538791220273695,0.3779382259137565,25,40,2.399511599457676,1.3685509588521958,0.109181967409803,95,10,1.7623572245537564,1.546711199985687,0.2545270614590227,104,0.032845787783745646,0.2991323052927877,-0.5534535305901183,0.6191451061576096,0.9125651789117157,0.37714925517561865,-1.5898964845004968,1.655588060067988,0.9385347715544811,2,1.5896439916966867,0.12047191635738581,3.8947553716773333,0.1426476485031688,48.64889295630727,False,0.28990663612471457,False,False,False
0.1,Allisonella,0.8117771286609563,0.3740291190804242,0.03424013452562355,30,59,0.8879279103043354,0.41630522200969755,0.03764020740697005,25,40,-0.6527334713372923,0.7525332819753788,0.40502271394900047,95,10,-0.4559222910972667,0.7280702892575738,0.531179555237526,104,0.5750587085512779,0.36657526703220966,-0.143428814831853,1.2935462319344089,0.116710172094799,0.41000080617179513,-1.1890323793014153,2.339149796403971,0.2958197641753032,2,1.2509590752353659,0.17272600271022573,3.5069638594140997,0.17316992697613606,42.97061275293167,False,0.013503784862428704,True,True,False
0.1,Anaerostipes,-0.8190363245318051,0.18070970313525725,1.8654060599568696e-05,30,59,-1.4006797855468869,0.2856903756009603,1.2562134102161695e-05,25,40,-0.8470519673518787,1.4102733331886308,0.5607183760620287,95,10,-0.30839377375938787,1.3694057751752082,0.821821648297169,104,-1.0402737561718896,0.22594671741180375,-1.483129322299025,-0.5974181900447542,4.1431968271184745e-06,0.22594671741180375,-2.0124440166096695,-0.06810349573410934,0.04407973491983882,2,0.7771256729507962,0.05302516336018391,2.969974203517394,0.22650526217715555,32.65934776028143,True,0.009255981898218218,True,True,False
0.1,Anaerotruncus,-0.4291095975360455,0.3893015254836451,0.27473741557954223,30,59,1.225332974640491,0.450104899623487,0.008529951368817137,25,40,0.8104181490765301,0.4192446504429081,0.06445236057944026,95,10,0.768225249216324,0.46516110303483665,0.09863139458908256,104,0.5174218003102711,0.5075855196569025,-0.47744581821725773,1.5122894188378,0.3080232767837686,0.5075855196569025,-1.666542421395735,2.701386022016277,0.41526287329462164,2,0.9675366388541236,0.5968514990554855,8.80526672007792,0.012245051778570088,77.28632120320029,False,0.8106639355503316,False,False,False
0.1,Bacteroides,-0.04148736391714003,0.23105307841742756,0.8579223582323301,30,59,-0.13384483159744054,0.23407369037269848,0.5697783481461481,25,40,-0.6490526276911481,0.3922029084369502,0.11637373873438946,95,10,-0.7452995630239039,0.525257696146635,0.15592183402579118,104,-0.1710848084946037,0.15164752795977254,-0.4683139632957579,0.1261443463065505,0.2592464133994533,0.15164752795977254,-0.823571458622391,0.48140184163318356,0.3763830315598695,2,0.9125436695343915,0.0,1.825087339068783,0.4015016365417984,0.0,True,0.37291602257525064,False,False,False
0.1,Barnesiella,0.4029038426185505,0.3694165493412151,0.2787932396289648,30,59,0.7269172684088877,0.41881627185528114,0.08757546681572449,25,40,1.0482562137252351,1.3276401856493976,0.44620420592065235,95,10,0.48412702749974124,1.6160489762613834,0.7645017546079956,104,0.5656966188798448,0.27120243243566,0.03413985130595121,1.0972533864537384,0.03698919733490248,0.27120243243566,-0.6011932673396813,1.7325865050993707,0.1723017139979814,2,0.2372440133694666,0.0,0.4744880267389332,0.7887987870822969,0.0,True,0.13487561143461368,False,False,False
0.1,Bifidobacterium,-1.9236601874962487,0.30412732581510393,1.5474480709662088e-08,30,59,-2.2814516206654987,0.3785248377565882,1.7215121231621e-07,25,40,-1.9848943085496429,0.8912553986258013,0.043893788584367814,95,10,-1.6239367430203724,0.9462343964098082,0.08612365041347114,104,-2.0587913207097346,0.22911578030078844,-2.50785825009928,-1.6097243913201893,2.5683081131257356e-19,0.22911578030078844,-3.0445969582373835,-1.0729856831820856,0.012159273105311631,2,0.2751575693058999,0.0,0.5503151386117998,0.7594524474015969,0.0,True,2.954460344257145e-06,True,True,False
0.1,Bilophila,1.6784029734575503,0.33658583451220747,3.5892409987649162e-06,30,59,1.8137904145859345,0.34849725773777823,2.2614465198438353e-06,25,40,0.23966795666146112,0.909098861149388,0.7967908035344492,95,10,0.24586829160874824,0.9936326978921699,0.8045647483730325,104,1.6066016558860063,0.2853999471130211,1.047217759544485,2.1659855522275278,1.809434248289961e-08,0.3104324724670115,0.2709185308394968,2.942284780932516,0.03536641631296873,2,1.183113775790702,0.06206993188962348,2.634075767127532,0.26792776093293913,24.07203980388892,True,3.5359387503300575e-06,True,True,False
0.1,Blautia,-1.5728253292276344,0.23169344719620233,1.4339029789022327e-09,30,59,-1.3323499329682402,0.21702777138040832,9.709639036378416e-08,25,40,1.1966915480883094,1.0581494403733336,0.28452457317978375,95,10,1.2287923273593897,1.1747113430876404,0.29554363628958824,104,-1.2080125701548576,0.35080897085775137,-1.8955981530360502,-0.520426987273665,0.0005742252195527734,0.5466939553685607,-3.560246809529776,1.1442216692200606,0.15773301900505887,2,2.428550635325684,0.22066648056518748,6.6685978641385795,0.035639563209893504,70.00868787192415,False,2.841513117307129e-07,True,True,False
0.1,Butyricicoccus,-0.8379254120554327,0.38533588469152585,0.03340802897400082,30,59,-0.7329751147077221,0.6034149541093755,0.22951769198181043,25,40,0.7493415357821485,1.1458070968669798,0.5275235616654349,95,10,0.7602903010439845,1.2478935312836121,0.5423528125837374,104,-0.6917513559378745,0.3124564072127206,-1.3041659140748068,-0.07933679780094216,0.02683475237793543,0.3124564072127206,-2.036142769342736,0.6526400574669871,0.15726385430198953,2,0.8652008386051449,0.0,1.7304016772102897,0.42096699771202717,0.0,False,0.242538515008335,False,False,False
0.1,Butyricimonas,0.013213282956313965,0.3391067269508195,0.9690177739441872,30,59,0.02439392191930123,0.4461979369534399,0.9565790389279747,25,40,1.0459343072723326,1.1431507318263467,0.3798037364112459,95,10,0.876321466439365,1.2247077845753411,0.4742784301272518,104,0.0716514766485082,0.26275630130544925,-0.4433508739101723,0.5866538272071887,0.7850901740054359,0.26275630130544925,-1.058897640408245,1.2022005937052613,0.8106654561910724,2,0.3836467675495904,0.0,0.7672935350991807,0.6813720674010864,0.0,True,0.4719928352563668,False,False,False
0.1,CAG-352,-0.497970553629711,0.5214780417892723,0.3439394282457534,30,59,-1.021080208266265,0.4756783690349177,0.03651542862596908,25,40,0.25424915685272076,0.6839473228607535,0.715744985591215,95,10,0.43409822872861026,0.8103027476448715,0.5921496557469094,104,-0.5468814962267298,0.3432313870191364,-1.219615014784237,0.12585202233077764,0.11108576825419968,0.34551043891983557,-2.0334929293836725,0.9397299369302129,0.2542916907394889,2,1.013324063151088,0.05650418549727033,2.370572004122935,0.30565874796448483,15.632176684717045,False,0.7817604120305989,False,False,False
0.1,Christensenellaceae R-7 group,-0.49185441579649997,0.2715083574634603,0.07355472502593915,30,59,0.3712567168094951,0.2840889259926069,0.19623711423863013,25,40,0.8751040761283717,0.940855159329222,0.36985993751655954,95,10,0.4769959917396777,0.96403075226484,0.6207460089868656,104,0.05617506471591094,0.3841074216497936,-0.6966754817176846,0.8090256111495064,0.8837253625741112,0.3841074216497936,-1.5965057815421204,1.7088559109739423,0.8971353909324233,2,0.8855007909253958,0.2614739608616657,5.811339611105895,0.05471213183602112,65.5845272546479,False,0.6065939400943466,False,False,False
0.1,Colidextribacter,1.5221785509300296,0.2599915162744795,1.190041753218588e-07,30,59,2.5847518567773884,0.3767042778226258,4.170112048661378e-09,25,40,-0.1368881280306241,1.279206602458212,0.916815386997949,95,10,0.10166206971913465,1.347513416106042,0.9398612940280565,104,1.7425557716391327,0.5332224363709717,0.6974397963520282,2.787671746926237,0.0010832123945560038,0.6215075315944117,-0.931575305702274,4.4166868489805395,0.10714959238671887,2,1.35855104853889,0.5509683303528596,7.7717080210418334,0.02053028819046839,74.26563125396609,False,1.707988781373161e-07,True,True,False
0.1,Collinsella,-1.419276023049492,0.24418249946556336,1.0655651250064905e-07,30,59,-2.440591797581085,0.33246917769266787,1.3217613852066416e-09,25,40,-0.3721825516615349,1.1415526032535703,0.7507107882010585,95,10,-0.37979462883805604,1.2427913749822912,0.7599107004127604,104,-1.7060730389605159,0.4747019000497887,-2.6364887630581015,-0.7756573148629301,0.0003256545607859893,0.4957837283695075,-3.8392582511685083,0.4271121732474763,0.07506317874295085,2,1.09079364271777,0.43402721496772767,7.601025278195821,0.022359306662865952,73.68776017970671,True,4.6877236558396175e-05,True,True,False
0.1,Coprobacter,0.24570195370404813,0.4626340515702307,0.5975834932635451,30,59,-0.11582278310927663,0.4963013659152302,0.8163940641605926,25,40,-0.026232710286201888,0.8426154907173394,0.9756734063903431,95,10,-0.08348426915225321,0.9158672875693632,0.9273708305986792,104,0.06319277858374889,0.31402899061993556,-0.5523040430313249,0.6786896001988225,0.8405169299860773,0.31402899061993556,-1.287964915110841,1.4143504722783389,0.8591262743626024,2,0.14849878337202266,0.0,0.2969975667440453,0.8620010559044619,0.0,False,0.35390397233143883,False,False,False
0.1,Coprococcus,1.0186543628552127,0.3027601046492862,0.0011429675265372619,30,59,0.45275898043294316,0.28961156490769807,0.12410727840872983,25,40,0.02871297714936448,1.0620958053902847,0.9789062609145129,95,10,0.001031415769463473,1.1685807029390296,0.9992957691246277,104,0.6945061465569417,0.2253121570291169,0.25289431877987256,1.1361179743340108,0.002053266035113143,0.2253121570291169,-0.2749338209181139,1.6639461140319973,0.09109594407739063,2,0.9548475209633064,0.018607728027923123,2.235841442077562,0.326958927143771,10.548218565016672,True,0.00029117458917224994,True,False,False
0.1,DTU089,-0.6895837709148482,0.21288598097041792,0.001835746939174228,30,59,0.31002455206450374,0.31653324502495994,0.3348215765465862,25,40,0.023594638827154846,0.5666191335564302,0.9674233757447118,95,10,0.42901783788658204,0.64609347483464,0.5066786510149817,104,-0.17001486541619015,0.374343456081809,-0.9037280393365358,0.5636983085041555,0.6497078234689029,0.374343456081809,-1.7806847585704735,1.4406550277380932,0.6942352264142153,2,0.7234554023558121,0.2925241380797081,7.325236872267541,0.025665221922007972,72.69712864068933,False,,False,False,False
0.1,Desulfovibrio,0.6587170455308058,0.42641480231029905,0.1280566212723945,30,59,1.9655795440174368,0.5110184621312092,0.00028395003138376054,25,40,-0.28897522637372464,0.839005578035025,0.7369309916930775,95,10,-0.5155760516111334,0.9061452108104369,0.5693715479362182,104,0.8945154330684484,0.5932452341158553,-0.26824522579862786,2.057276091935525,0.1315969752972318,0.6253499181487406,-1.7961480992694896,3.5851789654063864,0.2888752886288722,2,1.1111627623360139,0.7160207574645311,6.571100088148496,0.03741999678419814,69.56369598437315,False,0.05537197806464736,True,True,False
0.1,Dialister,1.5833789616190066,0.37273511730243025,6.255959176439235e-05,30,59,-0.9844786254449844,0.4132877339211697,0.02142666404834673,25,40,0.44017596394763125,1.2444114921315588,0.7299104312257857,95,10,0.6379863302682659,1.3556377337263492,0.6379141774987431,104,0.34011633865620194,1.0189951126630172,-1.6571140821633117,2.337346759475716,0.7385484277498008,1.0189951126630172,-4.044265764390357,4.72449844170276,0.7702955227209551,2,0.5972922841122782,2.6124686076952592,21.288644000282417,2.3835797750928157e-05,90.60531990683171,False,2.2627082743134903e-05,True,False,False
0.1,Dorea,-1.2661647649906296,0.20518432672951836,2.2584412802842416e-08,30,59,-1.3464601779707626,0.22517622351576835,1.8061470520654932e-07,25,40,0.055745200177006904,1.212729821087543,0.9641694688298578,95,10,-0.1738824136191035,1.2598681342448814,0.8902274880942999,104,-1.2816733689741617,0.15049126390909198,-1.576636246235982,-0.9867104917123415,1.643107697314104e-17,0.15049126390909198,-1.9291850164280389,-0.6341617215202846,0.013508216897696034,2,0.6523489281983089,0.0,1.3046978563966178,0.5208209677725125,0.0,False,5.764423815794123e-06,True,True,False
0.1,Eggerthella,-2.1832533198276916,0.3535873868462134,2.4296053664014024e-08,30,59,-2.6473822463585823,0.34283023089945813,5.696146174756165e-10,25,40,-0.47253745650969115,0.945470160143245,0.6274310111114623,95,10,-0.20072130074946348,1.065927136190468,0.8506361751586643,104,-2.128644626484082,0.419712107836252,-2.9512803578431357,-1.3060088951250282,3.94323375870081e-07,0.5119055127964677,-4.331196278464307,0.07390702549614314,0.0532549849297527,2,1.48756728043087,0.29250521949716196,4.871672633623373,0.08752451820505991,58.94633834391141,True,1.277099883142072e-06,True,True,False
0.1,Eisenbergiella,-1.825309110681002,0.35434059204209273,1.8175549942823874e-06,30,59,-1.3655330220547932,0.502552366152469,0.008504110100344285,25,40,0.7109534739318191,0.37185777195358516,0.06386548890247075,95,10,0.7466422111294946,0.4123722909204996,0.07020243865230964,104,-0.8192795498262812,0.8433080323231247,-2.4721632931796056,0.8336041935270432,0.33129593202096663,0.8433080323231247,-4.447741157076056,2.8091820574234934,0.4337739596773953,2,0.8668752839179399,1.9628740996677736,26.13494096834866,2.1128549161658186e-06,92.34740953720865,False,0.00013543694133897303,True,True,False
0.1,Enterococcus,-3.6002910058612994,0.6257110620445623,2.569275248386538e-07,30,59,-2.856656294110482,0.6940400318307799,0.0001804417934041252,25,40,-0.08466626064130067,1.1324567433265567,0.9417823232948932,95,10,0.14800073083270604,1.191837283840254,0.9011738355789696,104,-2.4109131865435844,0.8743864841458129,-4.1247106954693775,-0.6971156776177911,0.0058287513500783865,1.0056459176063475,-6.737858339040317,1.9160319659531475,0.13869311303495932,2,1.3227668976549005,1.6362017575095882,7.391310938660473,0.024831172255244165,72.94120059895005,True,5.688969493478464e-06,True,True,False
0.1,Escherichia-Shigella,-0.4915217560771765,0.31685930857775385,0.1244915178418824,30,59,-0.9667223486013405,0.33034135363578127,0.004996097735656663,25,40,-4.8117049654242425,0.6794750436104309,2.735348127813268e-07,95,10,-4.863810928758058,0.7226574844355643,1.69137777333481e-11,104,-1.9773822390839702,0.958125157599459,-3.85530754797891,-0.09945693018903046,0.039036332743367805,1.3375859185986025,-7.732549942945369,3.7777854647774287,0.2773988585695583,2,1.9489418837734545,2.5400997051981973,33.66360410548124,4.898253393229607e-08,94.05886549243742,True,0.6395361428409445,False,False,False
0.1,Faecalibacterium,0.2269908065737436,0.1741241308207365,0.19627861069234734,30,59,-0.46856862654023157,0.2151103768788016,0.03419745650130825,25,40,-0.6267249699368351,0.8764539371640682,0.48880526520575984,95,10,-0.6593553328424819,0.9702179940363836,0.49676091350139207,104,-0.15906943097062928,0.305338200626534,-0.7575323041986359,0.4393934422573773,0.6023936281826652,0.305338200626534,-1.472833673376894,1.1546948114356355,0.6543323831253937,2,0.7128304848998217,0.1690709386670169,6.741981088822723,0.03435558974600596,70.33512889385399,False,0.014432483797835564,True,False,False
0.1,Family XIII AD3011 group,-0.5076764570142626,0.3124218739703729,0.10778811019004578,30,59,-0.5108432775997176,0.3778952307978451,0.18142629529964957,25,40,1.6977557037138975,0.3801694018446122,6.747357122277037e-05,95,10,1.3148155956315022,0.5181404200574585,0.011162626712836334,104,0.21852545018978128,0.7123124618374996,-1.177606975011718,1.6146578753912806,0.759008445940146,0.7336650418122924,-2.938180444646513,3.375231345026075,0.7939064671298776,2,1.0608514328340497,1.3941665813034911,24.04657024536542,6.002796447795329e-06,91.68280557438138,False,0.6065939400943466,False,False,False
0.1,Family XIII UCG-001,-0.263324157782316,0.3555886100894779,0.46199603595686956,30,59,1.3100563265681973,0.4277828610348906,0.0035170657024924377,25,40,0.7038119713770907,0.34091258943820985,0.04872291709204808,95,10,0.8493244712628008,0.4045886586948458,0.035796669572672864,104,0.5622548064845287,0.44543613072403654,-0.3108000097345829,1.4353096227036404,0.20685637868834172,0.4547654835720362,-1.3944431427782789,2.5189527557473363,0.3418195067415565,2,1.0423272861425394,0.4547538636344786,8.550365418892708,0.013909507088415554,76.6091868356779,False,0.9082284924849606,False,False,False
0.1,Flavonifractor,-0.605658299426628,0.2957112837510403,0.043623323483425375,30,59,-1.3638580356082548,0.27908899106741075,7.380269230078642e-06,25,40,0.13391852595289333,1.3444721379115927,0.9224975871380601,95,10,0.49875123777890834,1.3815734165886635,0.7180976969830857,104,-0.924610564831111,0.3438447593268879,-1.5985462931118113,-0.2506748365504108,0.0071658922666253694,0.3438447593268879,-2.4040551571406583,0.5548340274784361,0.11493694615268338,2,0.8727072941140481,0.16892523903801437,4.180627419706783,0.12364834002983965,52.160290807730625,False,0.4346610503898673,False,False,False
0.1,Fusicatenibacter,-0.2215250322639064,0.22845501653262795,0.33513818543236074,30,59,-0.44657714761947354,0.24717180470654895,0.07748672888553149,25,40,0.35212113867449224,1.2756449057720187,0.7877351319739738,95,10,0.4304735002582651,1.3379529459885804,0.7476493780086018,104,-0.31369215135319456,0.1663368408611301,-0.6397123594410096,0.012328056734620452,0.05931045471983197,0.1663368408611301,-1.0293818137333688,0.4019975110269796,0.199959239607873,2,0.36211123761771036,0.0,0.7242224752354207,0.6962049193575908,0.0,False,0.7370456668504805,False,False,False
0.1,Fusobacterium,0.8332754373840361,0.5439928531049507,0.1301933137754866,30,59,-1.647469710584458,0.7570138082750043,0.034587415361673424,25,40,-1.6227251485926977,1.116471883893292,0.17709861601100732,95,10,-1.4380205084412525,1.2178745464966807,0.23769711305762986,104,-0.6882102834648877,0.9466270781181629,-2.543599356576487,1.1671787896467118,0.4672179328592948,0.9466270781181629,-4.7612178651342845,3.384797298204509,0.5427995705895162,2,0.8051077501078864,2.0379126682094295,8.882523948767824,0.011781061736539472,77.48387720049504,False,0.06425224081077284,True,False,False
0.1,Haemophilus,0.17201921508212048,0.38729707239739597,0.6581379605408713,30,59,-0.2867676909413249,0.45351011433204264,0.5295487477888634,25,40,-0.05078635998054759,1.2794737454890728,0.9690866022738744,95,10,0.15275957068717155,1.2987900860249335,0.9063712703590933,104,-0.022943004434734106,0.2870094766727752,-0.5854815787133735,0.5395955698439053,0.9362864535826878,0.2870094766727752,-1.2578451126895114,1.2119591038200432,0.9435652814570594,2,0.2961488440452554,0.0,0.5922976880905108,0.7436767279293122,0.0,False,0.27017100177671455,False,False,False
0.1,Hungatella,-0.016857507948099038,0.3484320987641958,0.9615713967375934,30,59,-0.8749807482608557,0.359246779268394,0.018592014919433464,25,40,0.7683407150152193,0.3743100457327846,0.04726540473908348,95,10,0.9244759134766982,0.41838823488706667,0.02713206042797094,104,-0.04556849899075992,0.46682944799319037,-0.960554217057413,0.8694172190758932,0.9222398120856354,0.47299040094563927,-2.0806819387395876,1.9895449407580676,0.9320339566529907,2,1.0265690494809314,0.5236887223030854,10.05897956521034,0.006542147636685863,80.1172674918524,False,0.5086475395340846,False,False,False
0.1,Intestinimonas,-1.1093864022856228,0.39805452728881474,0.006777023859301731,30,59,0.6830657623166378,0.4143398037431219,0.10522966792926783,25,40,1.0236659554549954,1.0412684069053633,0.3468218925525476,95,10,0.7901699906004025,1.1628158727856854,0.4968011685950737,104,0.07078648887329349,0.7349108378317227,-1.369638753276883,1.5112117310234698,0.9232665601848739,0.7349108378317227,-3.091279633606647,3.2328526113532337,0.9320490148480252,2,0.8251229084879459,1.241816740227955,11.120829837971367,0.0038471797984640766,82.01573057820625,False,0.09225700951845119,True,False,False
0.1,Klebsiella,-0.0660447081836728,0.4886223174153199,0.8929550888397487,30,59,-1.4119014683087943,0.40937797481318133,0.0011312256849241764,25,40,-1.91499028129099,1.162820315803815,0.12923305672348376,95,10,-1.8957134294240712,1.3106995637890302,0.14808266972131537,104,-0.9587001387087873,0.5572032958027091,-2.0508185984820972,0.13341832106452245,0.08533120687929367,0.5572032958027091,-3.3561524203900004,1.4387521429724255,0.22747170467353217,2,0.8971403344816702,0.5412723667166307,5.2295406292874365,0.07318459619574161,61.7557230782522,True,0.6738056713737365,False,False,False
0.1,Lachnospira,1.8964651321561052,0.37745210063825135,4.536841753239956e-06,30,59,1.662419345414412,0.2587579158503949,4.3542563643894155e-08,25,40,-0.42852032295030124,1.1244823037135814,0.7104074075284668,95,10,-0.3863861972709488,1.1940405392740363,0.7462442623544434,104,1.5744356204507421,0.3518723033173228,0.8847659059487896,2.2641053349526947,7.660764600442802e-06,0.44207013710699095,-0.32763866168980016,3.4765099025912845,0.07059138645750741,2,1.5783822517835477,0.17144483667809102,3.842102464439645,0.14645292514661395,47.945167560967384,False,5.764423815794123e-06,True,True,False
0.1,Lachnospiraceae NC2004 group,0.7422679387423614,0.20731160392857598,0.0005647498697422727,30,59,-0.5737050719974194,0.21213600464187454,0.010178577655244648,25,40,-0.7881741566528535,0.794760329111789,0.34403231977147164,95,10,-0.8874308793624766,0.8463324418438178,0.2943803832500055,104,-0.11018632027758143,0.5568183588428323,-1.2015503036095327,0.9811776630543698,0.8431345916590269,0.5568183588428323,-2.5059823518976194,2.2856097113424565,0.8614238087661162,2,0.7555862733511148,0.7547289403223317,20.88919372076687,2.9105108179328112e-05,90.42567163321526,False,8.16933257699196e-05,True,False,False
0.1,Lachnospiraceae ND3007 group,1.760906795762647,0.2702466582206076,8.659749334004947e-09,30,59,2.6101931788654165,0.32447616445454924,3.0694314631994e-11,25,40,1.0558089376640667,0.9661061353871306,0.2962561532627381,95,10,0.9233137995807996,1.0588012150144566,0.3831882113011258,104,2.0267527740452507,0.3842650454847068,1.2735932848952254,2.7799122631952757,1.332190577094286e-07,0.3842650454847068,0.3733937271636649,3.6801118209268364,0.03411780156449547,2,0.9886610672652654,0.24907045315080076,5.180328680836139,0.07500771227358236,61.392411114786896,True,3.497618886637594e-08,True,True,False
0.1,Lachnospiraceae NK4A136 group,0.8047438256468205,0.2119356839993051,0.0002713696832617459,30,59,0.5085148873609913,0.290083856526991,0.08684280770973182,25,40,-0.2506613980635589,1.1377697808885285,0.8294348012432293,95,10,-0.510125179294608,1.243313884587742,0.6815897311139887,104,0.6805846771287447,0.1692252398003585,0.348903207120042,1.0122661471374474,5.7762903704138744e-05,0.1692252398003585,-0.04753276283175201,1.4087021170892413,0.05662498056095549,2,0.6824854688178852,0.0,1.3649709376357704,0.5053593751600454,0.0,False,3.6465844637571247e-05,True,False,False
0.1,Lachnospiraceae UCG-004,1.0234549942344984,0.20715031379408982,3.819961886242985e-06,30,59,1.6138119471579573,0.22686190988810528,7.56052303494845e-09,25,40,-2.660060185807887,0.705520008712541,0.001853480156511211,95,10,-2.392780156233121,0.7578832448945853,0.001592984118611589,104,0.23135945449342868,0.703600481468159,-1.147697489184163,1.6104163981710204,0.7422900861808612,1.2657841831411611,-5.214870316305089,5.677589225291947,0.8718214706127545,2,3.2364363714394617,1.3149291559099694,33.66028246429582,4.9063952725623354e-08,94.05827921342774,False,8.761557200205035e-07,True,True,False
0.1,Lachnospiraceae UCG-010,1.415211938633286,0.30277724340499407,1.3311413813570382e-05,30,59,2.370270537600511,0.23934917216759163,2.2210420768233998e-14,25,40,0.3274448102960471,1.009669727746188,0.7516445074630504,95,10,0.10936722963736165,1.0295998294952076,0.9154053866428731,104,1.667508198099494,0.47401761693932576,0.7384336688984154,2.5965827273005724,0.0004351089663724754,0.5077734796931044,-0.5172647503693502,3.852281146568338,0.0815451457384691,2,1.147495692287322,0.4561808165931896,8.78510426420665,0.012369121272281096,77.23419165155904,True,1.0006120500950684e-05,True,True,False
0.1,Lactobacillus,0.15059994513967467,0.5327165492957245,0.7782594125041975,30,59,-1.1770432912171607,0.6161159515171639,0.061470069983683616,25,40,-2.0362010179934833,1.2903446974174122,0.14472224860724256,95,10,-1.8694932365663344,1.4119677224573388,0.185491761319727,104,-0.7342733743434909,0.6038582758191774,-1.9178355949490786,0.44928884626209664,0.22399645968191229,0.6038582758191774,-3.3324658331464803,1.8639190844594986,0.3480390052642154,2,0.9624204263338486,0.5443747248959055,4.091157513357274,0.12930533199270713,51.11407973244311,False,0.44212337762064086,False,False,False
0.1,Ligilactobacillus,-1.1142145253734008,0.4442348278646756,0.014045345474144337,30,59,-1.570667374401736,0.421331988054492,0.0005388347956817519,25,40,-2.360046081557257,1.3435719733991434,0.1109425664229722,95,10,-1.9511779851259283,1.4986176269318183,0.1929214416963787,104,-1.4040043637280244,0.29808429601911346,-1.9882495839254868,-0.819759143530562,2.476053819191128e-06,0.29808429601911346,-2.6865575736742158,-0.12145115378183302,0.042240118874447126,2,0.5441690007486342,0.0,1.0883380014972683,0.5803238316908814,0.0,True,0.09452184245483092,True,True,False
0.1,Limosilactobacillus,-1.4618063835743054,0.5515430754718967,0.010500770702695277,30,59,-0.9848273561466541,0.49358822258002766,0.05106528171258626,25,40,-1.5721770053136122,1.29715636410369,0.25350899399040794,95,10,-1.3832625507434313,1.412205840309767,0.3273305650815421,104,-1.2248719046568424,0.35385822195400757,-1.9184340196866971,-0.5313097896269875,0.0005372211044272115,0.35385822195400757,-2.7474009492726763,0.29765713995899157,0.0742802269421412,2,0.24637104552000094,0.0,0.4927420910400019,0.7816321500057573,0.0,True,0.07262604890275579,True,False,False
0.1,Monoglobus,-1.0041550501855814,0.1891740785790952,8.762174150672499e-07,30,59,-1.8314701832929967,0.21389830912983465,1.0633739986303217e-11,25,40,2.3038436058902017,1.1041732756905693,0.06190631179472365,95,10,2.1145386252231675,1.1907655740535574,0.07576905607555832,104,-0.8258083936976187,0.547176090698109,-1.8982735314659123,0.24665674407067495,0.1312429003898237,0.9969202900407189,-5.115210200930788,3.46359341353555,0.49458125443728695,2,3.3194539317300844,0.6707838412186651,19.26896238862364,6.543317308979243e-05,89.620613919612,False,0.0012876514651140897,True,True,False
0.1,NK4A214 group,0.6544083640612586,0.25417743085065725,0.01177697520849917,30,59,0.7062864556712071,0.3482055896629636,0.047697988943759956,25,40,0.5078977114158514,1.0936839856509537,0.6514295889269317,95,10,0.19033385328874536,1.083960849317108,0.8606152127167548,104,0.6668415736298537,0.20177521606229065,0.27136215014776405,1.0623209971119434,0.000950192609101775,0.20177521606229065,-0.20132711054558994,1.5350102578052973,0.08063746929507343,2,0.018172831551779345,0.0,0.03634566310355869,0.981991298611077,0.0,True,0.00232521951854903,True,True,False
0.1,Negativibacillus,-2.0632518467595853,0.3000536342825201,1.0493811987980262e-09,30,59,1.487399289872188,0.40784580794941505,0.0007343586080200534,25,40,0.09107955853301863,0.8301208938719198,0.9146646448295103,95,10,0.11192802852109535,0.8694846854755551,0.8975719652849756,104,-0.1796581019006768,1.3158901115907298,-2.758802720618507,2.3994865168171535,0.8914025353136581,1.3158901115907298,-5.841476282516691,5.482160078715337,0.9039056823566763,2,0.6372515604521545,4.892710207888404,50.27694240149599,1.2092070596486449e-11,96.02203335272733,False,2.93278059981934e-06,True,False,False
0.1,Odoribacter,-0.3408105017674441,0.35826597189288506,0.3444628781865712,30,59,0.3157326733746141,0.4102555438383992,0.44462265885217067,25,40,1.3933709925561755,1.0037742344778184,0.1918387833425957,95,10,0.9267742662784211,1.0950400600909167,0.3973640866567616,104,0.13690877548529115,0.3748516055464481,-0.5978003713857472,0.8716179223563294,0.7149362940293204,0.39246533663426714,-1.5517332764952536,1.8255508274658359,0.7605091799902599,2,1.0961850108601725,0.17194760583704383,3.399382115539642,0.18273997142711237,41.16577860260626,False,0.9431943923089473,False,False,False
0.1,Oscillibacter,0.32843916414318897,0.31349821316038734,0.29779266539023863,30,59,0.9519427665414706,0.29474959702554926,0.0020344270258945336,25,40,1.5248060398273093,1.1366038878840068,0.2069779046113865,95,10,1.648716129163167,1.2329080369899679,0.18113843719902312,104,0.6975472882671204,0.26455930699139857,0.17901104656397926,1.2160835299702617,0.00837319791577122,0.26455930699139857,-0.4407595361259403,1.835854112660181,0.11876063129545292,2,0.9251599901768226,0.05529525385359173,2.6593443472642826,0.2645639781330327,24.79349272472226,True,0.09452184245483092,True,True,False
0.1,Parabacteroides,0.2965435437564592,0.2722004779197681,0.27915451680489833,30,59,-0.260605063752513,0.2729021626077761,0.34408984207981996,25,40,-1.141494279153691,1.071048250142216,0.3090637289196085,95,10,-1.4523074954603032,1.1270810164455927,0.19755233747199752,104,-0.05146819051374211,0.27206944911400033,-0.5847243107771827,0.4817879297496985,0.8499572381960071,0.2729395932574502,-1.225832476485065,1.1228960954575806,0.8678307107495092,2,1.0064067142590813,0.08323614400406444,3.225933141707902,0.19929551199578388,38.002434887998255,False,0.09003761120077891,True,False,False
0.1,Paraprevotella,1.731197047626023,0.4732228507076731,0.000499765158065153,30,59,1.8262552781547874,0.47510435856117744,0.00028613215000912744,25,40,1.4129671301254731,0.9155050259061408,0.14574862803143887,95,10,1.4209368417523969,1.0772685361795902,0.1871630167624907,104,1.7353049854446385,0.314833383470962,1.1182315538415528,2.352378417047724,3.551417301613469e-08,0.314833383470962,0.3806862686538317,3.0899237022354455,0.03137531253336907,2,0.0803436255212335,0.0,0.160687251042467,0.9227991945448037,0.0,True,0.0005534438966524407,True,True,False
0.1,Parasutterella,1.9634870906291622,0.3789158076719398,9.022563149601366e-06,30,59,0.29277892432739483,0.4957372075279008,0.5574570437854656,25,40,1.1369482253707335,0.9377096104243626,0.24823533020923197,95,10,1.2274611524112418,0.924635406212119,0.18434060468381597,104,1.1641415469956033,0.6120027208328646,-0.03538378583681112,2.363666879828018,0.057147154325475985,0.6120027208328646,-1.4690936303773872,3.797376724368594,0.19749106447400308,2,0.7190764912497344,0.7761576601307814,7.215009948844984,0.02711942618721019,72.28001050337886,True,9.901477719704407e-06,True,False,False
0.1,Prevotella,0.8552671322150647,0.526729752143429,0.1106166907592019,30,59,1.265662446694473,0.6087945252629512,0.042832754105414435,25,40,0.21585746418670704,0.7975306836443016,0.7913944028600837,95,10,0.5529644514257461,0.770852208698753,0.4731632688868448,104,0.8682220340088702,0.35635688527937187,0.16976253886130133,1.566681529156439,0.014834947395874145,0.35635688527937187,-0.665057891184434,2.4015019592021742,0.13514004319102504,2,0.5479431939872328,0.0,1.0958863879744656,0.5781377054356106,0.0,True,0.04565290051874637,True,True,False
0.1,Roseburia,1.129603146530564,0.22748558153832008,3.3987773890143733e-06,30,59,-0.020272221411975266,0.24327550169257675,0.9338582644195021,25,40,1.343222762356549,1.3419251931806144,0.3397675255364403,95,10,1.371755567528022,1.4376188592811638,0.3399895778924845,104,0.6470621657124326,0.5149262848680344,-0.36219335262891483,1.6563176840537799,0.20889443675957287,0.5149262848680344,-1.5684868194673087,2.862611150892174,0.3357742051072572,2,0.6693860431006277,0.542515792425655,12.226740357988508,0.0022130797555648257,83.64241047538665,False,2.140965657889526e-06,True,False,False
0.1,Ruminococcus,-0.6672539404923477,0.2686623757191012,0.014932076609660188,30,59,-0.6568445264100009,0.22185159044288208,0.0047194580027448306,25,40,0.022731935995219388,0.9902861767168084,0.9820659478831861,95,10,-0.3265608522150412,1.0088988082700594,0.746179949380293,104,-0.6412511656988065,0.16856963477804784,-0.9716476498637803,-0.3108546815338327,0.00014233630857926282,0.16856963477804784,-1.3665477649204556,0.08404543352284277,0.06267708706425372,2,0.23193649310101033,0.0,0.46387298620202067,0.7929964824551006,0.0,False,0.22955423195477365,False,False,False
0.1,Sellimonas,-0.9200004287509049,0.46445434465116814,0.05187733501575723,30,59,0.007658573219878839,0.5681397889396065,0.9892911372162712,25,40,0.1906994201445218,0.7632034071215871,0.8071164600867681,95,10,0.5566341471381733,0.8112366289162215,0.49261531052616336,104,-0.38645531862692517,0.3594300646676922,-1.0909382453756018,0.31802760812175146,0.28229003602793445,0.3594300646676922,-1.9329580675042317,1.1600474302503812,0.39477870089806644,2,0.9714386537165655,0.06248639647080363,2.3654934290840157,0.3064358896839564,15.451043938242723,False,0.27915217794885844,False,False,False
0.1,Slackia,-0.41836756750053805,0.39080037097006726,0.28868025025311933,30,59,-1.0689706165623019,0.471165222857051,0.027376871392699533,25,40,0.585773349763544,0.31959095157555767,0.08079530987301038,95,10,0.6108743550195126,0.3410327846390222,0.07325347765161119,104,-0.25552436450526433,0.4908552252733691,-1.2176006060410678,0.706551877030539,0.6026665514185384,0.4908552252733691,-2.3675039394133406,1.8564552104028118,0.6545612789827009,2,0.966418878054853,0.5671526620144502,9.494052188133683,0.008677462827070964,78.93417941709086,False,0.8189506765051165,False,False,False
0.1,Streptococcus,-1.105008809250835,0.3653693368962252,0.003317270224972691,30,59,-2.5212670863443285,0.41273905426576835,1.3694718820469434e-07,25,40,0.25396599825820454,1.3419226461633886,0.8535156173267266,95,10,0.3856861681207634,1.4470569617700593,0.7898299532749619,104,-1.4649326815932735,0.6652066898146961,-2.768737793630078,-0.16112756955646912,0.027649644059565347,0.7059338273464881,-4.502320790810486,1.5724554276239386,0.1736475598067488,2,1.126198047384705,0.9063258806425302,8.694031465872644,0.012945387486443014,76.99571242810939,False,0.029678058013359623,True,True,False
0.1,Sutterella,1.903291539761114,0.42110802072574266,2.2238996063747697e-05,30,59,2.4352899826604064,0.4159779153255909,2.3106532316634538e-07,25,40,-2.763388395696202,1.3719577757291828,0.06959656397492278,95,10,-2.350243739185852,1.502552317695984,0.11777820041877393,104,1.1407032477286663,0.8676887537359319,-0.5599667095937602,2.8413732050510925,0.1886290196297935,1.427037084668875,-4.999341759999493,7.2807482554568255,0.5079368144998643,2,2.704846236667394,1.727416462471145,13.175998232823243,0.0013767920099782326,84.82088442439434,False,4.129606241020897e-05,True,True,False
0.1,Turicibacter,-1.6300689736070841,0.46192046698607864,0.0007607952943845216,30,59,-1.2319216671276876,0.41537603431214615,0.0048152193856079726,25,40,0.046033936472607895,0.47538554447245907,0.9244216670477708,95,10,0.08492017463924428,0.5399528483529984,0.8750294497205833,104,-0.9500092255090177,0.4866967882582237,-1.903934930495136,0.0039164794771008316,0.05094379237662385,0.5000550224665734,-3.1015723329230855,1.20155388190505,0.1978480645929218,2,1.0556467782131438,0.5073997548978911,7.006643480445134,0.030097241973207726,71.4556619645083,False,0.007848495439993832,True,True,False
0.1,UCG-002,0.49822704319500555,0.2597396737725636,0.05839359523081574,30,59,0.045113677642661276,0.29203046183900844,0.8777516248597917,25,40,0.3039347100330234,1.1879442624979955,0.80266259333202,95,10,-0.3078944935437188,1.3367372804353885,0.8178331442561304,104,0.2982487968802816,0.19154062039636902,-0.07717081909660167,0.6736684128571648,0.11944563353669292,0.19154062039636902,-0.525883976315848,1.1223815700764113,0.2597438391983561,2,0.6720786722441665,0.0,1.344157344488333,0.510646008118437,0.0,True,0.014798801050968417,True,False,False
0.1,UCG-003,1.1562287152695554,0.2785967480601708,8.181594707169769e-05,30,59,1.9234232793845658,0.3466120661801884,7.895697132438641e-07,25,40,-2.510424301851488,1.1754362298167709,0.057533233888268934,95,10,-2.9556522105774494,1.1859138059446865,0.012691901799848864,104,0.7539284933743778,0.687657288649549,-0.5938797923787381,2.101736779127494,0.27291582359440836,1.1535783757576326,-4.209518653997641,5.717375640746397,0.580496101407733,2,2.814168592554902,1.0729257941917116,13.99475232740294,0.0009142777362362747,85.70892893842911,False,7.545188493998634e-05,True,True,False
0.1,UCG-005,0.4571400358881725,0.2464920418876854,0.06705459599355072,30,59,0.7371812220958117,0.25200815210135225,0.004827370261403089,25,40,0.26302152967948067,1.0136312584800873,0.799837859972981,95,10,-0.040069706450282266,0.9971377261041321,0.9679458545668096,104,0.584351061824589,0.1736101818266441,0.24407510544436656,0.9246270182048113,0.0007629985658556905,0.1736101818266441,-0.16263326091486474,1.3313353845640425,0.07807109155542609,2,0.3673097353025678,0.0,0.7346194706051355,0.6925950906686096,0.0,True,0.01151110271253775,True,True,False
0.1,[Eubacterium] ruminantium group,1.8235844049722034,0.44382368783404685,0.00010666244879044252,30,59,1.8546500447470233,0.4781659006843478,0.00026063402058625724,25,40,0.5471499089712908,0.839592980879365,0.527040220278395,95,10,0.14566346610756242,0.8829963530759274,0.8689715548440297,104,1.6653152072960962,0.308993703243153,1.0596875489395163,2.270942865652676,7.066206736843296e-08,0.3108909402991038,0.3276594543803568,3.0029709602118357,0.033129442264931926,2,1.0123178019616135,0.008765770413479363,2.05743854174509,0.35746448270067444,2.791750061042963,True,8.248472008995483e-05,True,True,False
0.1,[Eubacterium] siraeum group,-0.539155981185623,0.42007789826651704,0.20353731326393046,30,59,2.229263349815907,0.5092275868979083,5.205695376001811e-05,25,40,0.7439161012971146,0.8801810351584988,0.41374863188756394,95,10,0.6423202947239622,0.9586484629252596,0.5028406177365254,104,0.8003651317192568,0.9752765111200431,-1.1111768300760276,2.711907093514541,0.41184305140579613,0.9752765111200431,-3.395911011059926,4.99664127449844,0.4980939641432277,2,0.7127465364606976,2.47297382242626,17.617102604704556,0.00014944960648104029,88.64739540390761,False,0.6721861088799417,False,False,False
0.1,[Eubacterium] ventriosum group,1.0613030612002603,0.2346365060153151,1.9175151170692922e-05,30,59,0.5784211517968124,0.21477157998363217,0.009063153855012695,25,40,1.2094196764428244,0.8847345111724477,0.19605632175688134,95,10,1.2380894427471196,1.0265672385019355,0.2277989539246873,104,0.8231019364994241,0.18816563658532426,0.45429728879218856,1.1919065842066596,1.2179606955528026e-05,0.18816563658532426,0.013490546610566478,1.6327133263882816,0.048490738661090105,2,0.8810057443962797,0.023741620824179657,2.5134867142417603,0.28457929217748573,20.429259137606504,True,2.93278059981934e-06,True,True,False
0.1,[Eubacterium] xylanophilum group,1.8588218386484539,0.38421623600804905,6.734295734419822e-06,30,59,2.502175747090727,0.4562393381711427,7.880061965411281e-07,25,40,1.2370869446895065,0.7435800813563959,0.11925442021196656,95,10,1.1315153924933488,0.8121935160105196,0.16357145961845232,104,1.996759514461143,0.3071971201017183,1.3946531590617752,2.5988658698605107,8.03578502387481e-11,0.31052323848465385,0.660685854761061,3.332833174161225,0.023341071823051666,2,1.0217718501975352,0.04990440016322385,2.398762894967959,0.3013805739812124,16.623689477791647,True,4.100986884644992e-06,True,True,False
0.1,[Ruminococcus] gnavus group,0.8869135712213736,0.3664648965794262,0.01787179449130354,30,59,-0.8516015455560564,0.4528074127766172,0.06541280511417683,25,40,-1.3426403240359082,1.5834888924529043,0.41549337144322407,95,10,-0.8076143212535434,1.6483052188714498,0.6241576120864423,104,-0.1760741224197082,0.7618927738303596,-1.669383959127213,1.3172357142877966,0.8172363989332116,0.7618927738303596,-3.4542341454766703,3.1020859006372534,0.8387260988095867,2,0.7658812998289118,1.2072253767263756,9.825005976943533,0.007354058152950432,79.64377828681809,False,0.0023544381279139537,True,False,False
0.5,Adlercreutzia,-0.9658584900552611,0.24756230056321538,0.00022193305476177053,30,59,-0.974979759275431,0.3059124503815286,0.0022612663179338932,25,40,0.6360764220990165,0.2701807189903235,0.025475976189735485,95,10,0.8040461660828122,0.32482733556726545,0.01331230805027792,104,-0.43317671634629834,0.5406726048507655,-1.4928950218537986,0.6265415891612021,0.42302676397170014,0.5406726048507655,-2.759503175479368,1.8931497427867714,0.5070835992060787,2,0.982414585754253,0.801227070565822,23.428163109697113,8.177847736652472e-06,91.46326585385526,False,0.014256805559585035,True,True,False
0.5,Agathobacter,-0.3151304618202424,0.20060362288095943,0.1201422421315737,30,59,0.469553943976043,0.22481041637570026,0.04113099864361699,25,40,0.2573040108991047,0.9635726824157042,0.7942453108681987,95,10,0.40342153559191707,1.035885642324615,0.6969462382077021,104,0.08783322436649534,0.3355630988037784,-0.5698704492889103,0.7455368980219009,0.7935151470921742,0.3355630988037784,-1.3559782586868778,1.5316447074198687,0.8180066311998113,2,0.6294126853054759,0.20476636309112453,6.835592689657799,0.03278460135117223,70.74138131392783,False,0.7750076918255657,False,False,False
0.5,Alistipes,0.13242437742157742,0.2545749858669329,0.6043436949981073,30,59,-0.09103300631928146,0.25556437940093535,0.7229623365290547,25,40,2.0437820020557047,1.1499722877851781,0.10481342798226821,95,10,1.4752687285396782,1.294482381534134,0.25442831993011694,104,0.12335458846910709,0.2670249808007094,-0.4000143739002834,0.6467235508384975,0.6441107350621547,0.3229856116791993,-1.2663403352749778,1.5130495122131922,0.7392819093834437,2,1.4630614480265967,0.08515349400712141,3.4030984290252855,0.18240072719910722,41.230027819887674,False,0.2779620942861045,False,False,False
0.5,Allisonella,0.4331269439735408,0.2609528003254739,0.1030552687094759,30,59,0.33062293646051844,0.2862117885620454,0.25352478857015764,25,40,-0.48525771353907676,0.5571170132686527,0.40293636270051114,95,10,-0.3343804337525149,0.5448386620643723,0.539397882968689,104,0.2808726945719743,0.19786674533283036,-0.1069461262803732,0.6686915154243218,0.15575204597569206,0.20335564898857553,-0.5940960436478507,1.1558414327917994,0.301295514224034,2,1.056250340112993,0.014556028773219645,2.257060722910467,0.3235083475677524,11.38918064105022,False,0.030419103238648774,True,False,False
0.5,Anaerostipes,-0.6938172031985075,0.1717741659568434,0.00011649846880889841,30,59,-1.2642789938912733,0.27145149244205014,2.7709286234989624e-05,25,40,-0.6952952364841796,1.1388679089767346,0.5544254759203721,95,10,-0.2710082859005102,1.1200140839514807,0.8088044620725349,104,-0.9126690938572114,0.2238773215778114,-1.3514686441497217,-0.47386954356470107,4.5689527099415e-05,0.2238773215778114,-1.8759354626610425,0.05059727494661981,0.055233786754179184,2,0.7673358137570373,0.05699286022345243,3.173416666416449,0.20459797288569875,36.9764449413294,True,0.019073724481480793,True,True,False
0.5,Anaerotruncus,-0.3743722563493739,0.24791462796438507,0.1358868124696255,30,59,0.8954043000803611,0.33809336989468347,0.010664737684188026,25,40,0.6722496111968985,0.2895870155533214,0.026213354490517295,95,10,0.6497440596940006,0.3226917208974396,0.04406066116594695,104,0.3764118559587054,0.411996630182528,-0.4311015391990495,1.1839252511164604,0.360912094929455,0.411996630182528,-1.3962665695217606,2.1490902814391717,0.4573562868269092,2,0.917652631251426,0.4235936083192587,12.105618163787902,0.002351247873189726,83.47874538135778,False,0.662931987685243,False,False,False
0.5,Bacteroides,0.08507888861312374,0.22827195880348994,0.7102750196759748,30,59,0.0009528180693418875,0.22074642852750723,0.9965713740812161,25,40,-0.5978861152858652,0.34207161332197794,0.09775664035340602,95,10,-0.6902121119796158,0.4650304755803479,0.13774795392099834,104,-0.0959525395343506,0.17879038805292727,-0.4463817001180881,0.25447662104938684,0.5914913238770922,0.18801924216691634,-0.9049340450792331,0.713028966010532,0.6605641997092597,2,1.1059010280302808,0.031138085541412088,2.9461897673116786,0.2292149925736559,32.115710189810756,False,0.26341729340751935,False,False,False
0.5,Barnesiella,0.24940654819376373,0.3194075421225415,0.4371122002045561,30,59,0.7150198763299092,0.3808746290105991,0.06510778735078623,25,40,0.8202875245565756,1.1046900144420544,0.47310238142798333,95,10,0.33166132687013405,1.3510978125316617,0.806088324355704,104,0.45937116604663053,0.23894491675459012,-0.008960870792366071,0.9277032028856271,0.054543103191784514,0.23894491675459012,-0.568725832274524,1.487468164367785,0.19447138047791795,2,0.49469408883100024,0.0,0.9893881776620005,0.6097574103703809,0.0,True,0.24398273507385707,False,False,False
0.5,Bifidobacterium,-1.7955326659756512,0.2922100380323573,3.488246567490174e-08,30,59,-2.1450054003476335,0.3732515592256886,4.808537338426563e-07,25,40,-1.5155854007608425,0.8232660640466295,0.09014202973144833,95,10,-1.1852095141940837,0.8694433677218177,0.17282517124094043,104,-1.898427780266103,0.22159527118342476,-2.332754511785615,-1.4641010487465904,1.0612816623821193e-17,0.22159527118342476,-2.8518752787112223,-0.9449802818209836,0.013352603939118045,2,0.3883323626525055,0.0,0.776664725305011,0.6781869018044404,0.0,True,3.946751550687786e-06,True,True,False
0.5,Bilophila,1.1497315111092765,0.24732519630003186,1.4022658086662369e-05,30,59,1.4517465920611545,0.25065282458449684,2.670317687900021e-07,25,40,0.21868112498965642,0.672715991714408,0.7510063171911338,95,10,0.22954600604279818,0.7334000312675757,0.7542891605719262,104,1.1849407587949847,0.23320193428601782,0.7278649675943898,1.6420165499955797,3.7509955222695997e-07,0.25620219155906765,0.08259169992922843,2.2872898176607412,0.04370694864247477,2,1.2069836416016626,0.05969264446126817,3.147995776879265,0.20721510131885365,36.467513244802355,True,9.450612662225615e-06,True,True,False
0.5,Blautia,-1.4455627577164871,0.21593367268084182,2.309260277589947e-09,30,59,-1.1974266722455678,0.2046282282525916,2.5918433939313063e-07,25,40,1.0440350720201734,0.8715623966872671,0.2584262836763592,95,10,1.0671852066845549,0.9694912596058773,0.2709975292048167,104,-1.0280109167614653,0.3511054125913204,-1.7161775254404532,-0.33984430808247734,0.0034123046586691675,0.5565195425454672,-3.422521245623968,1.3664994121010372,0.20598200344145412,2,2.512382674707667,0.23711659412746622,7.814013230664807,0.020100579864916635,74.40495759398858,False,4.967809648006772e-07,True,True,False
0.5,Butyricicoccus,-0.5725604531898592,0.2551627121216535,0.028317658666618083,30,59,-0.6634401302828357,0.42830194332160365,0.12688120968626185,25,40,0.5229576815228031,0.8818830196538979,0.5660343240872822,95,10,0.5388272732288607,0.962246189512598,0.5755011237739969,104,-0.5312311836084694,0.21273608173529093,-0.9481939038096396,-0.11426846340729924,0.012520050526995992,0.21273608173529093,-1.4465606663916806,0.3840982991747417,0.1298536589319254,2,0.7752311489978255,0.0,1.550462297995651,0.4605973020884143,0.0,False,0.26341729340751935,False,False,False
0.5,Butyricimonas,-0.09416754441989617,0.28478787068228534,0.7418057973002328,30,59,-0.0008397795149853726,0.40104088606255084,0.9983364293013139,25,40,0.8105280158274104,0.9006314667224927,0.3872903281132698,95,10,0.6867834947563519,0.9664123026139539,0.4772994884490428,104,-0.008444875907160181,0.2248453731434204,-0.4491418072682642,0.4322520554539438,0.970039622434377,0.2248453731434204,-0.9758764344222455,0.9589866826079252,0.9734514250654139,2,0.458924131885875,0.0,0.91784826377175,0.6319631889361021,0.0,False,0.6820054131971913,False,False,False
0.5,CAG-352,-0.40888919533138735,0.37759476823631577,0.283647368402692,30,59,-0.7540421114794356,0.3339474272752873,0.02835927314943811,25,40,0.22849774358736163,0.5285512396537339,0.6718490939269323,95,10,0.3819752600203624,0.6330961659117242,0.5462793562314472,104,-0.4275397295798794,0.2562808662415411,-0.9298502274133,0.07477076825354123,0.09526674819164847,0.2597761690708963,-1.5452663725427778,0.6901869133830191,0.24154721853618422,2,1.027463137108093,0.039792770354383125,2.4886356708318402,0.2881373982322792,19.634680823670386,False,0.7130144507004686,False,False,False
0.5,Christensenellaceae R-7 group,-0.4398299629791343,0.25773037580028246,0.09153017489480349,30,59,0.49551777252575013,0.2873465688837584,0.08978066300425756,25,40,0.7644812024455869,0.7267846665702058,0.31199293677840984,95,10,0.4498620061735971,0.750339179561984,0.5488095976626919,104,0.15703057415879385,0.39484773961045083,-0.6168709954776898,0.9309321437952774,0.6908520317703297,0.39484773961045083,-1.5418621304904638,1.8559232788080515,0.7292850212290103,2,0.8414093258540265,0.30885012242208176,6.968959486177251,0.03066971040809186,71.3013111359458,False,0.5486998884744575,False,False,False
0.5,Colidextribacter,1.2101185761751052,0.20263235377722089,5.97622449989602e-08,30,59,2.4393455959383106,0.32958343949769986,1.3124898280268146e-09,25,40,-0.1597809241779391,1.0045399426130082,0.876677500477404,95,10,0.011115381403317748,1.0612855770537768,0.9916435036328933,104,1.4311555909983404,0.5716885525201127,0.3106460280589194,2.5516651539377615,0.012301223109032484,0.6676290685274645,-1.4414204431258475,4.303731625122529,0.16528533509847373,2,1.363802502928077,0.7313527357229321,12.899554494795531,0.001580874273376849,84.49558858170705,False,9.350385831892595e-08,True,True,False
0.5,Collinsella,-1.2886462688673956,0.23553166927375083,4.5712501381468696e-07,30,59,-2.2931199863585556,0.32293846548405464,3.0104573967332482e-09,25,40,-0.23729369862930705,0.8749354941330166,0.7913755974867572,95,10,-0.22403833367044373,0.9562524089172116,0.8147615074280457,104,-1.4907150071900275,0.473044804468134,-2.4178828239475703,-0.5635471904324848,0.0016253495247549854,0.5264316888519894,-3.75576775022759,0.774337735847535,0.10536389760522163,2,1.2384528991862793,0.4679354841295858,8.76055355288122,0.012521892376607415,77.17039239669703,True,9.335864537723955e-05,True,True,False
0.5,Coprobacter,0.15036677965046286,0.3332980695466472,0.6537356300925207,30,59,-0.14300234088144226,0.3660895844988924,0.6977976979410057,25,40,0.03016477904371051,0.6223675906226427,0.9621136083540953,95,10,0.01272212976879833,0.6745444046233567,0.9849525263384921,104,0.019136378942641606,0.22914399169890817,-0.4299858447872184,0.4682586026725016,0.9334440686138834,0.22914399169890817,-0.9667906424341357,1.005063400319419,0.9410504656189226,2,0.17574713464221706,0.0,0.3514942692844341,0.8388300675867235,0.0,False,0.3542462718269936,False,False,False
0.5,Coprococcus,0.9082522713878732,0.26168869355091856,0.0008228294742341547,30,59,0.5815326663726437,0.289614515879465,0.049893347538713696,25,40,0.01181120408321086,0.8378269114366579,0.9889994519284095,95,10,-0.019713639236525693,0.9232530847765332,0.9829645700560559,104,0.7231930243050085,0.18915298299538472,0.3524531776340545,1.0939328709759626,0.00013166490912673736,0.18915298299538472,-0.09066657431025138,1.5370526229202683,0.06210494294706791,2,0.7301412990488927,0.0,1.4602825980977854,0.48184090161878124,0.0,True,0.00027871038475181346,True,True,False
0.5,DTU089,-0.5312334635700178,0.1321918510031998,0.00013224366822304294,30,59,-0.01886678855467938,0.19043697505673327,0.9216961222556902,25,40,0.0312765063113396,0.4135856536111311,0.9408251676363935,95,10,0.3457253304255042,0.4782386504603115,0.46973283140532707,104,-0.239461961739055,0.2108194413640805,-0.6526680668126528,0.17374414333454277,0.2560139876767151,0.2108194413640805,-1.1465448065972317,0.6676208831191217,0.37379610525440765,2,0.7798597593908904,0.08178913089944892,5.742145210416421,0.05663814361978466,65.16981151274369,False,,False,False,False
0.5,Desulfovibrio,0.48025583674911787,0.3166885393675991,0.1353757629829653,30,59,1.5304674235280147,0.38969620331883914,0.00022510083895785688,25,40,-0.25479286953683133,0.6506954986811857,0.7028004399210932,95,10,-0.4292220504170088,0.7017336519517121,0.5407630667934193,104,0.6743250500522682,0.46961510188808,-0.2461205496483686,1.5947706497529048,0.1510279349618173,0.4964260701058702,-1.4616239355810827,2.810274035685619,0.30727859123946355,2,1.1174421585782979,0.4623572782514826,7.120736410310452,0.028428355319876933,71.91301735163086,False,0.051557442693520916,True,True,False
0.5,Dialister,1.6283187233343988,0.36353003434244824,2.8615311204381295e-05,30,59,-0.8404474023242579,0.4073922042382919,0.04476637828050972,25,40,0.3741693736350764,0.9936490647900076,0.7132362097587159,95,10,0.5208832680390767,1.0829771454693575,0.6305353592898248,104,0.39486852024897856,0.9394984405150423,-1.4465484231605044,2.2362854636584615,0.6742683890954735,0.9394984405150423,-3.647467009378336,4.437204049876294,0.7151198572264065,2,0.6294473505561755,2.2719828198830543,20.468028662811523,3.592725596659927e-05,90.22866328287975,False,1.724352902635525e-05,True,False,False
0.5,Dorea,-1.1400736832271048,0.19212088866874674,6.222724035573129e-08,30,59,-1.2110480885049655,0.2152378120175077,5.999515015737244e-07,25,40,0.07225287989535256,0.9656363954222529,0.9417058786037174,95,10,-0.10829386142790509,1.0069814822637562,0.9143581731654755,104,-1.1447344110625823,0.14177540681164172,-1.4226142084134001,-0.8668546137117645,6.787564818564971e-16,0.14177540681164172,-1.7547447521844735,-0.5347240699406911,0.01499470022121942,2,0.8419279867068435,0.0,1.683855973413687,0.4308789931259652,0.0,False,1.4904546022197983e-05,True,True,False
0.5,Eggerthella,-2.0016202216181016,0.2973848623863385,2.0546566433001123e-09,30,59,-2.395371922583046,0.29831299021871815,9.500843395369876e-11,25,40,-0.3701308270195762,0.7069158449110401,0.6112796401753653,95,10,-0.16986247717373992,0.7947620224662977,0.8307595874713501,104,-1.820849172191351,0.4207029279529603,-2.645426910979153,-0.9962714334035486,1.503933457338028e-05,0.5377911209991394,-4.134777606964646,0.49307926258194446,0.07725885342290134,2,1.6340908049935696,0.3573856811023253,7.013790667518582,0.029989878614578885,71.48474919187197,True,1.3594348258225134e-07,True,True,False
0.5,Eisenbergiella,-1.2935516779333809,0.21554103864650342,4.48450734971681e-08,30,59,-1.1797687038334392,0.3570010415172773,0.0015750128726955326,25,40,0.541892741524751,0.2899279950472313,0.0695599137719721,95,10,0.5711365013371164,0.32225959890098455,0.07634692624918142,104,-0.6446880838262297,0.6073445594975316,-1.8350834204413917,0.5457072527889324,0.28846884013995955,0.6073445594975316,-3.2578808106143846,1.9685046429619255,0.3997009433623153,2,0.958396864204212,1.0216002235423012,27.661675165811022,9.847898360997124e-07,92.76977989217393,False,9.450612662225615e-06,True,True,False
0.5,Enterococcus,-3.042258935656416,0.5150011252176735,1.0503892567786768e-07,30,59,-2.431258228576307,0.604078680894077,0.00021945938640938995,25,40,-0.06632970061454202,0.8690032521490707,0.9405479596869876,95,10,0.1322315917986333,0.9183092816808893,0.8855047216438249,104,-1.9841412307691308,0.7808804254523679,-3.514666864655772,-0.45361559688248976,0.011056666447662223,0.8738561740726777,-5.7440408835047645,1.7757584219665026,0.15118190821855748,2,1.2523071069700178,1.3902089961349335,8.726226830153188,0.012738665093262989,77.08058661632464,True,2.5963684370788206e-06,True,True,False
0.5,Escherichia-Shigella,-0.36669541549358176,0.30774882861402597,0.23668562383592523,30,59,-0.8293124305140793,0.33092254784688907,0.015330737341282263,25,40,-4.181027798238119,0.6264374021100585,2.1119088541527325e-06,95,10,-4.239370009127092,0.6546176952725846,9.412334426899514e-11,104,-1.697117721579094,0.8825516680040173,-3.4269189908669677,0.0326835477087799,0.054484196040835715,1.176663570300465,-6.759892444266398,3.36565700110821,0.2859718931061421,2,1.7775602725931376,2.145501295890977,30.28570279850613,2.6518148421840997e-07,93.39622391031767,True,0.7191497865898402,False,False,False
0.5,Faecalibacterium,0.3534124070372755,0.17361103174280232,0.04501492683531442,30,59,-0.3337984914888992,0.20790520136974522,0.11454376014576317,25,40,-0.5840997799469809,0.750719505749478,0.45226402526703746,95,10,-0.6030988091782503,0.8294347919478848,0.46715231255514056,104,-0.054820020716723476,0.3030019145459468,-0.6487037732267792,0.5390637317933323,0.856428001562606,0.3030019145459468,-1.3585320354409989,1.2488919940075518,0.8731023326045106,2,0.7794675650354852,0.1732763687618703,7.175493154494225,0.027660591252605237,72.1273512922615,False,0.006976861046943944,True,False,False
0.5,Family XIII AD3011 group,-0.5993466579446538,0.2620347071527769,0.024643189779414168,30,59,-0.39788383773613667,0.30144010675606403,0.19166783233063114,25,40,1.2597059703340125,0.2906563713782059,0.0001068469552788484,95,10,0.9704480844627125,0.3945842450092793,0.013916200298609516,104,0.08495276215167957,0.588091220977743,-1.0677060309646969,1.2376115552680558,0.8851411282863205,0.5888933125256971,-2.4488506564868144,2.6187561807901734,0.8985205533194127,2,1.002729639557661,0.95630167852241,25.67054941483642,2.665084729500696e-06,92.20897080276713,False,0.2427685172656648,False,False,False
0.5,Family XIII UCG-001,-0.37622765220774435,0.21458377099594042,0.08435870008087529,30,59,0.6806908285622271,0.2872235019695417,0.021843868185314176,25,40,0.5181019488289269,0.2619984682273166,0.05854886529478587,95,10,0.6350346665367347,0.3116877438634806,0.041609313007871816,104,0.2553491460534321,0.3492498484848661,-0.42918055697690544,0.9398788490837697,0.464696071671697,0.3492498484848661,-1.247351667875941,1.7580499599828052,0.5407523900835405,2,0.9044060944090863,0.30082086763626303,11.398881839905727,0.0033478366430194652,82.45441940631135,False,0.6224227705721501,False,False,False
0.5,Flavonifractor,-0.5268255590591933,0.27831363056870095,0.061885047801096583,30,59,-1.2261027132441211,0.2716149865165896,2.8487832836492855e-05,25,40,0.06754693808350007,1.0556329310675812,0.9501614859692993,95,10,0.34130808346531677,1.09012693751693,0.7542121186217804,104,-0.8047534912285487,0.31446236361171775,-1.4210997239075156,-0.18840725854958185,0.010493120711474147,0.31446236361171775,-2.157775838409207,0.5482688559521095,0.12475144175054255,2,0.8988283543942579,0.13911101150992825,4.020835939349803,0.13393268316820292,50.25909959600556,False,0.41208541443838237,False,False,False
0.5,Fusicatenibacter,-0.09962089903438276,0.21991089502277206,0.6517461818011843,30,59,-0.31244931589066827,0.2382515383606109,0.19598752451135099,25,40,0.3093799883616377,0.990937134317549,0.7607867415332407,95,10,0.3595025206113539,1.0435564374416946,0.7304722213565102,104,-0.18439796205346518,0.15948914298295813,-0.4969966823000631,0.12820075819313273,0.24760803942137588,0.15948914298295813,-0.8706243584659882,0.5018284343590579,0.3670590426374095,2,0.34288918232524757,0.0,0.6857783646504951,0.7097168563742664,0.0,False,0.5976821971227542,False,False,False
0.5,Fusobacterium,0.799819641820421,0.4695777543162512,0.09320890490443147,30,59,-1.280810827078717,0.6325382701689731,0.04823830095410329,25,40,-1.2751446293018815,0.8789758593872908,0.1778093484430344,95,10,-1.13371741059011,0.969698594425714,0.24234557029418313,104,-0.4934779744386637,0.7849538855976154,-2.0319875902099898,1.0450316413326624,0.5295642754849855,0.7849538855976154,-3.870861952990836,2.883906004113509,0.5937903497933259,2,0.8236094898629324,1.4110740634916121,8.92583973371941,0.011528651966321123,77.59314462655496,False,0.0498484297069091,True,False,False
0.5,Haemophilus,0.2307006815019419,0.3730210755993581,0.5381492072806502,30,59,-0.20884400000040693,0.4264447866698214,0.6261124522550469,25,40,-0.11592973879539259,1.0498645427699507,0.914184620405397,95,10,0.07344255471404496,1.0545621837876842,0.944478052068466,104,0.02975107419782705,0.2712338091199156,-0.5018671916772075,0.5613693400728617,0.9126568756627245,0.2712338091199156,-1.1372738149978603,1.1967759633935144,0.9226711687180966,2,0.31124987764985845,0.0,0.6224997552997169,0.7325308099210086,0.0,False,0.27469502131607765,False,False,False
0.5,Hungatella,-0.03697510956877137,0.26929397795361576,0.8912894076075981,30,59,-0.702071965302737,0.32199784026165423,0.03419881132585104,25,40,0.5824354872314033,0.291349754010197,0.05288228246939846,95,10,0.7059889276933148,0.32587268340550474,0.030276335822484013,104,-0.041670120541340984,0.3548468687185528,-0.7371699832297045,0.6538297421470225,0.9065183009438322,0.36709779868753517,-1.6211644661297089,1.5378242250470269,0.9199919860746875,2,1.070241053343048,0.2911507542278152,8.764205485153795,0.012499048687413961,77.17990520204121,False,0.5486998884744575,False,False,False
0.5,Intestinimonas,-0.9240455092647477,0.2653762466866654,0.0007937795840750172,30,59,0.25248705533909543,0.262435826719832,0.34046941459383295,25,40,0.8361082303249564,0.768678022791231,0.2997755607806882,95,10,0.6420116933422259,0.8603537474514195,0.45553556747693047,104,-0.07764523216661658,0.5123393317668316,-1.0818303224296064,0.9265398580963733,0.8795415541512129,0.5123393317668316,-2.2820634565238715,2.1267729921906384,0.8934477463160768,2,0.9623877517291597,0.6032527269912252,12.10766080883583,0.0023488477166530145,83.48153262981684,False,0.02349125148388852,True,False,False
0.5,Klebsiella,0.10818532583441387,0.4598542567022269,0.8148307403613421,30,59,-1.2723335393490003,0.40413269503939936,0.0027522638743602435,25,40,-1.428098037882839,0.9201181235008873,0.14998375591052326,95,10,-1.407237967293451,1.046423868394451,0.1786876234314092,104,-0.7753245747062376,0.5339844477621173,-1.8219340923199874,0.27128494290751215,0.14651245901654483,0.5339844477621173,-3.0728742164851983,1.522225067072723,0.28364277342236716,2,0.856763197442827,0.5323497193118919,5.6960824895933735,0.057957734778109275,64.88814894001344,False,0.5327831932757238,False,False,False
0.5,Lachnospira,1.9906874737491838,0.3426892042375054,1.8919907916129728e-07,30,59,1.7835066340862156,0.2482081596427467,2.3615502311878268e-09,25,40,-0.33602511161872833,0.8861868517058786,0.7117813354632845,95,10,-0.29338090383810045,0.9417357551185552,0.7553961548278513,104,1.5392022496436908,0.41047497052031956,0.7346713074238644,2.3437331918635174,0.00017697015105118795,0.5691517873680009,-0.9096602418866764,3.9880647411740577,0.1138500099929633,2,1.9225730375631573,0.31062340822768836,6.052369872751499,0.04850031741719176,66.9550929297259,False,7.1377067602496e-07,True,True,False
0.5,Lachnospiraceae NC2004 group,0.7628871774593605,0.18397513551191153,7.836492187768949e-05,30,59,-0.4389626782746779,0.20874982319567764,0.04209712240629881,25,40,-0.6080305813334259,0.5688906517773579,0.3097014271851793,95,10,-0.6593590284558439,0.6123105465897246,0.28155281768115026,104,-0.033953322034019844,0.49408203213382335,-1.0023541050163136,0.9344474609482739,0.9452124904282808,0.49408203213382335,-2.159816726288432,2.091910082220392,0.9514648824043836,2,0.7838277529258262,0.6199528985074078,20.74255341586701,3.1319278987703026e-05,90.35798553870373,False,2.6362804790003796e-05,True,False,False
0.5,Lachnospiraceae ND3007 group,1.4582226286954758,0.21374467653745036,1.570612808736418e-09,30,59,2.465986028172803,0.270529267178761,5.286087947517943e-13,25,40,0.8026712146508681,0.750131194132826,0.30588949606733207,95,10,0.6934156446269806,0.8214342688280214,0.3985842937029831,104,1.7212684510153355,0.4437483686528122,0.8515216484558237,2.5910152535748474,0.00010491733487300285,0.453737163038393,-0.23100499209638947,3.6735418941270606,0.06299348302923843,2,1.0455267858515473,0.431981444410898,10.384245623573856,0.0055601910389478405,80.7400549592193,True,1.5738978124360718e-08,True,True,False
0.5,Lachnospiraceae NK4A136 group,0.891766811485116,0.20111351171258054,2.6931161634458452e-05,30,59,0.6403484167099127,0.2865676801081546,0.030833119655744066,25,40,-0.0841006423051639,0.9107299717063931,0.9279789517680951,95,10,-0.28078209520262426,0.994963960880381,0.7777876419092872,104,0.7805499050459853,0.16199409330846393,0.463041482161396,1.0980583279305747,1.4472492177154004e-06,0.16199409330846393,0.08354557727767153,1.477554232814299,0.04047516884262653,2,0.7232712557626463,0.0,1.4465425115252926,0.48516256639587585,0.0,False,1.1235790331311475e-05,True,True,False
0.5,Lachnospiraceae UCG-004,1.0713862207424674,0.1891668630676067,1.884526929843102e-07,30,59,1.726738631639455,0.21602547427181418,2.9239778218991624e-10,25,40,-2.011789126954509,0.5902878303518431,0.004330825833912505,95,10,-1.7631291123678743,0.6308507537933828,0.005192484919784553,104,0.42232859686509405,0.6651599450985682,-0.8813848955280996,1.7260420892582877,0.5254754497436865,1.1069415050828066,-4.3404562915934,5.185113485323587,0.739531529069967,2,2.7694731938569,1.1982232020343069,35.968246841577894,1.5473709401476054e-08,94.43953993974463,False,1.7555323600520792e-07,True,True,False
0.5,Lachnospiraceae UCG-010,0.812812762039353,0.20097921590671478,0.00013247861098308943,30,59,1.4074728914209262,0.1642672238044798,8.798381965147785e-12,25,40,0.3156075610254787,0.7725048844296177,0.6904183645326093,95,10,0.14735374592426023,0.7906405742364171,0.8521525716180466,104,1.0375509105772456,0.27702910761101823,0.49457385965964984,1.5805279614948413,0.0001801944174433254,0.27702910761101823,-0.15440913549058832,2.2295109566450795,0.06447266523231894,2,0.9110767161882471,0.13796650659586765,6.437489451524167,0.040005244307999226,68.93198792696317,True,3.875754882565082e-05,True,True,False
0.5,Lactobacillus,-0.08820223302368557,0.4092660755915789,0.8300227584098538,30,59,-0.9535757163397502,0.5618456068082512,0.0952867112808091,25,40,-1.5916253600023784,1.0331697895350622,0.1536697364427956,95,10,-1.4536084154458337,1.1352826833559708,0.20040682620057315,104,-0.5907009263651208,0.4007939222593046,-1.3762570139933579,0.1948551612631162,0.14052816169835422,0.4007939222593046,-2.315177990019741,1.1337761372894994,0.27845117283812365,2,0.9637782217525227,0.1431089624397298,2.7804957627228664,0.24901357115766168,28.070381303460334,True,0.7191497865898402,False,False,False
0.5,Ligilactobacillus,-1.0734171609967809,0.39957526145692995,0.0087373992242718,30,59,-1.3087209668212816,0.37430565164483975,0.0009960206826300324,25,40,-1.8697096396438062,1.0576828148937976,0.1090358706962713,95,10,-1.554377053643309,1.183066422981012,0.18889519858089454,104,-1.2407021812254886,0.2644918427739868,-1.7591061930625027,-0.7222981693884745,2.720189886633346e-06,0.2644918427739868,-2.3787187305193456,-0.1026856319316316,0.042564823747705614,2,0.28098395117761826,0.0,0.5619679023552365,0.7550404528930922,0.0,True,0.056179340221192565,True,True,False
0.5,Limosilactobacillus,-1.08878687229116,0.4285590659601991,0.013754199609693535,30,59,-0.8404175543772352,0.43351262356044384,0.05794425688589981,25,40,-1.251054294199956,1.0184871319920643,0.24774678366608094,95,10,-1.0916296898503421,1.1107477224634064,0.3257117194087674,104,-0.9894543609159081,0.2919807634237829,-1.5617366572265226,-0.41717206460529366,0.0007020800380628983,0.2919807634237829,-2.245746189680011,0.2668374678481946,0.0771386268096763,2,0.11894330408130815,0.0,0.2378866081626163,0.8878581372677598,0.0,True,0.08664683970408348,True,False,False
0.5,Monoglobus,-0.8799135581529844,0.18127063445721495,5.528777143845989e-06,30,59,-1.685687944568044,0.213474220736523,1.4283376531053806e-10,25,40,1.723848638462145,0.8516581678607912,0.06875333701400983,95,10,1.5747364219769695,0.9187502297477689,0.08652902007964404,104,-0.6774061950452501,0.5249691539424316,-1.706345736772416,0.3515333466819157,0.19692106763801542,0.8872910620017663,-4.495111505002139,3.1402991149116386,0.5249575568083743,2,2.856700044701561,0.6501385641229178,19.900269078257125,4.7721213134457985e-05,89.94988463655909,False,0.0025343251232027193,True,True,False
0.5,NK4A214 group,0.6337048342539151,0.23575793870536013,0.008630224044247903,30,59,0.6919733054086447,0.3110830744529751,0.03015182545546394,25,40,0.40632890053245224,0.8629022847452036,0.6469132260826174,95,10,0.15735255470161358,0.8569755747168862,0.854316424525443,104,0.6437072135157254,0.1835929041169785,0.2838651214464475,1.003549305585003,0.0004546114558492242,0.1835929041169785,-0.14622929653603434,1.433643723567485,0.07259861576728047,2,0.050774597346489606,0.0,0.10154919469297921,0.9504928900082514,0.0,True,0.0027125776328779682,True,True,False
0.5,Negativibacillus,-1.4243195359562777,0.19328142346050478,9.322927904061466e-11,30,59,0.8346851373982513,0.286604216610253,0.006025742370351517,25,40,0.0661484580154692,0.6393705302568207,0.9195049035427727,95,10,0.07955620220649662,0.6701393694395265,0.9055004347178227,104,-0.19466509990805217,0.8629729975188575,-1.8860921750450128,1.4967619752289085,0.8215320174679288,0.8629729975188575,-3.9077382233366262,3.518408023520522,0.8424855739553555,2,0.6187266484432278,2.0697034156081626,44.11956006059922,2.6276000462580205e-10,95.46686322970366,False,1.0390196666416771e-06,True,False,False
0.5,Odoribacter,-0.45778589673497394,0.2806746371231532,0.1070932022413671,30,59,0.2709381575444717,0.3633872322998069,0.4591270906105217,25,40,1.148513950022655,0.7722871769838113,0.1637894140714899,95,10,0.7805123147326166,0.8477953176899313,0.35723962267427245,104,0.10761012380370627,0.39486702137801316,-0.6663292380971995,0.881549485704612,0.7852203400251538,0.4148728511934049,-1.6774436818604186,1.892663929467831,0.819599132259664,2,1.103896368434114,0.27613241994469273,5.274551435110497,0.07155594286240793,62.08208366901437,False,0.5553693666571531,False,False,False
0.5,Oscillibacter,0.08081732352032156,0.25742308838167255,0.7543134328759336,30,59,1.0192725702948908,0.27767102913247926,0.0005549242308125882,25,40,1.2300362138880994,0.8918730046162908,0.1954620020255902,95,10,1.3250993947243097,0.9648090801748401,0.16961817428792514,104,0.6431398005639544,0.39953171152035083,-0.13994235401593325,1.426221955143842,0.10745592788765057,0.39953171152035083,-1.0759064086092547,2.3621860097371634,0.2487422634333107,2,0.7728680551635186,0.30198652848426105,6.758841758620771,0.03406717803059801,70.40913115847047,True,0.30747388968353295,False,False,False
0.5,Parabacteroides,0.38664032277616833,0.2673927309940267,0.1520854143383221,30,59,-0.12727475209616435,0.26840719801937235,0.637335011670245,25,40,-0.9803956111262426,0.9135971608264045,0.3060029800336786,95,10,-1.2496271556299243,0.9603835867800609,0.19319854548841464,104,0.04491413235628642,0.26499410412571023,-0.4744743117301056,0.5643025764426784,0.8654104014798383,0.27234590161091216,-1.1268957046314616,1.2167239693440346,0.8841718365087523,2,1.0562561864151085,0.08034781864575488,3.257952775788649,0.19613023269159297,38.61175598176489,False,0.06517022527073493,True,False,False
0.5,Paraprevotella,1.575758594143087,0.3927240724078925,0.00016110820132924196,30,59,1.5917931422932832,0.384988863599637,0.00010707433533675915,25,40,1.1336992123706375,0.744317064765152,0.15068910170150873,95,10,1.1251724257528988,0.870497472113879,0.19616240177157707,104,1.5298845258130203,0.25789261353139215,1.0244150032914918,2.0353540483345487,2.9880362224198102e-09,0.25789261353139215,0.42026216823370377,2.639506883392337,0.027259298158196568,2,0.16141276537702512,0.0,0.32282553075405024,0.8509407597240378,0.0,True,0.00020113267301736167,True,True,False
0.5,Parasutterella,1.096283958306015,0.2592591466037249,0.00014228332786106706,30,59,0.4098372143014153,0.4549986181943156,0.3722915941925362,25,40,0.8434574076557763,0.7632606822181459,0.29063056643439733,95,10,0.9205842382810164,0.7491712894519117,0.2191455211474792,104,0.9212609638866694,0.21604537185362865,0.4978120350535573,1.3447098927197816,2.0061848595315683e-05,0.21604537185362865,-0.008307245057563861,1.8508291728309028,0.050837879166969864,2,0.8647691185760551,0.0,1.7295382371521102,0.4211487768325456,0.0,True,5.923807358761368e-05,True,False,False
0.5,Prevotella,0.6784906130074804,0.38892732758455845,0.08753272060726583,30,59,1.003238128847692,0.5174230065818338,0.05904778911000869,25,40,0.17523064078933848,0.6117034252329149,0.7794072854265985,95,10,0.44257715709757156,0.5943330781006423,0.45647618004964174,104,0.6683526776462743,0.2771519526440297,0.1251348504639761,1.2115705048285723,0.015886934923306444,0.2771519526440297,-0.5241359279381759,1.8608412832307244,0.13739163150986455,2,0.5347206381497175,0.0,1.069441276299435,0.5858329266571777,0.0,True,0.028754418047981165,True,False,False
0.5,Roseburia,1.2441490339715071,0.23146831514007205,6.347926876530734e-07,30,59,0.11321878199386726,0.2380546666378722,0.636018188910854,25,40,1.0551533680694933,1.117602079766053,0.3667245240191196,95,10,1.0794363464590964,1.1976934126179726,0.36744868410436426,104,0.7317247693668908,0.4903616283051536,-0.22938402211121023,1.6928335608449918,0.1356429023429953,0.4903616283051536,-1.3781310291985234,2.841580567932305,0.2741776402766879,2,0.6082144411233432,0.502324343177559,11.703053348530336,0.0028755058445899422,82.91044276704798,True,1.1504734473147913e-06,True,False,False
0.5,Ruminococcus,-0.5412375064394199,0.25816383593152137,0.03895823765315918,30,59,-0.5203174759597569,0.2338999186596607,0.03088516835981056,25,40,0.15733528070348557,0.8104189104420684,0.8492964691253106,95,10,-0.13672030237204547,0.8255218636778482,0.8684585130191056,104,-0.4996913013645644,0.1695033898683022,-0.8319179455064367,-0.1674646572226921,0.003198657046638155,0.1695033898683022,-1.2290055244741644,0.2296229217450355,0.09837994408341837,2,0.3454745809461859,0.0,0.6909491618923718,0.707884325324927,0.0,False,0.30599294020037904,False,False,False
0.5,Sellimonas,-0.7322466768455151,0.31682896874961336,0.02374671109538971,30,59,-0.14534056526778505,0.4315750976578395,0.7375768314359683,25,40,0.14820278432228506,0.5712671916321672,0.799841502819374,95,10,0.42749499456108364,0.6086982778470759,0.4824857486309143,104,-0.3865024602379072,0.25988666199511584,-0.8958803177483343,0.12287539727251989,0.13696299525810202,0.25988666199511584,-1.504704515882811,0.7316995954069965,0.2753357342092594,2,0.9764514471139022,0.0334167148752286,2.3650028582047815,0.3065110631649752,15.43350600776215,False,0.1942310135786298,False,False,False
0.5,Slackia,-0.3817847803970196,0.24219947671088846,0.11987492548523662,30,59,-0.7710888728511729,0.31742761617280085,0.018584575364855384,25,40,0.4175499596493293,0.24443361716780715,0.10270898767508012,95,10,0.43227943640429667,0.25963357631199574,0.09592080002467984,104,-0.22601367334516212,0.3455455054302926,-0.9032828639885356,0.45125551729821145,0.5130616285573534,0.3485985061010398,-1.7259119871887982,1.273884640498474,0.5832558913028061,2,1.0177486769288953,0.28617808164550235,10.126778295739978,0.0063240898758400175,80.25038228751055,False,0.6224227705721501,False,False,False
0.5,Streptococcus,-0.978595564530393,0.3487025005462703,0.006251707103841608,30,59,-2.384675610234308,0.40200705808532977,2.566093028730965e-07,25,40,0.1928178075459699,1.1144644911391,0.8659550314202035,95,10,0.31009667306568345,1.2000750554235498,0.7960999664527388,104,-1.304407263176788,0.6468785379561455,-2.572289197570833,-0.03652532878274295,0.043751482395063414,0.6863210270044017,-4.257408303465136,1.6485937771115602,0.19773226241185235,2,1.1256649006003991,0.8989900604871743,9.383838032956785,0.009169073658870376,78.68675915999572,False,0.039094884918371355,True,True,False
0.5,Sutterella,1.8024483193737213,0.36957111152696825,6.1497689708129245e-06,30,59,2.3987278379331602,0.38243853402834677,6.357170303968998e-08,25,40,-2.338147220774421,1.1363755103591169,0.0647836161555744,95,10,-2.001288860685314,1.2382063191954127,0.10603365786012087,104,1.0602138588602454,0.8330181321473322,-0.5725016801485256,2.6929293978690163,0.20311101678809151,1.3418136429398673,-4.713144274678499,6.83357199239899,0.5122543130974304,2,2.5946303695890336,1.6709781216758905,15.65666102046956,0.0003982898663978491,87.2258842585581,False,1.4904546022197983e-05,True,True,False
0.5,Turicibacter,-1.384079773055296,0.3748662123174715,0.00042602394124646416,30,59,-1.0129008970581277,0.3509216304051486,0.005783117860486314,25,40,0.03708331883223326,0.327095833419133,0.9114787072945578,95,10,0.07894516829336129,0.37327422563598617,0.8325020033967832,104,-0.7725993069176437,0.43389680663377794,-1.6230370479198484,0.07783843408456104,0.07497682020394937,0.43389680663377794,-2.6395065863869074,1.0943079725516198,0.2169325937234393,2,0.9698404891007186,0.4415767073658516,9.192074415988113,0.01009174810893553,78.2421256672887,False,0.004227661683206084,True,True,False
0.5,UCG-002,0.5791187508440419,0.26022119785010495,0.028651913554375196,30,59,0.17011963054330814,0.2937204164886017,0.5646280676014438,25,40,0.3197152638766767,0.9651706868114409,0.7464645439148413,95,10,-0.2031899731814314,1.077275031153431,0.850394762394793,104,0.39615017284127146,0.1909268961181137,0.02193345644976863,0.7703668892327743,0.037997767171749026,0.1909268961181137,-0.42534195791374213,1.2176423035962851,0.1736843345440111,2,0.5464279921309658,0.0,1.0928559842619316,0.5790143647502528,0.0,True,0.012225264831794263,True,False,False
0.5,UCG-003,0.901699963306554,0.22904449076532607,0.0001670437711768651,30,59,1.7687941144331283,0.28764306011468066,6.500183950202297e-08,25,40,-1.9861556948769028,0.9275551095645502,0.057089884458833125,95,10,-2.335594709240321,0.9362655826285845,0.012610428007981466,104,0.6085564594123697,0.6221849484350508,-0.6109260395203299,1.8280389583450694,0.32802696517219687,1.003851863525146,-3.7106695013946593,4.9277824202193985,0.6060094063234622,2,2.603156376162554,0.9217153462418479,17.209913860974595,0.00018319545215985845,88.37879133994258,False,0.00013451927958057125,True,True,False
0.5,UCG-005,0.45388263298150067,0.2239215693735469,0.045806292053552036,30,59,0.8133042180606168,0.23422993471709896,0.0009414647060057386,25,40,0.2292274115220796,0.7783701110394701,0.773542866626969,95,10,-0.0046561949213698856,0.7649897441651446,0.9951436171144841,104,0.6090851168962038,0.15846814359168052,0.29848755545651,0.9196826783358976,0.00012125204428256099,0.15846814359168052,-0.07274827369842052,1.290918507490828,0.06151102653828927,2,0.7393641275103079,0.0,1.4787282550206158,0.47741739561145846,0.0,True,0.010926233910223626,True,True,False
0.5,[Eubacterium] ruminantium group,1.2793580466575243,0.35738683539817645,0.0006757201719206652,30,59,1.5366635264967232,0.385883104968524,0.00018044096958215333,25,40,0.4371143602022327,0.6747366843003912,0.5293929585137735,95,10,0.10708185355085575,0.7088764163296792,0.8799295184287181,104,1.2719776034500156,0.244551484755321,0.7926566933295864,1.7512985135704449,1.9793434889536033e-07,0.2445919875524853,0.21958322054551016,2.324371986354521,0.03504430899203574,2,1.0003312689044304,0.00018515678084855393,2.001869697176641,0.3675356902977355,0.09339754626776813,True,0.0004507363826667133,True,True,False
0.5,[Eubacterium] siraeum group,-0.6124450009994773,0.3299056938169758,0.06753978057094223,30,59,1.992237639486995,0.42952584938038774,2.735061169095644e-05,25,40,0.6816291900294664,0.6387911014084378,0.3044993974845668,95,10,0.5967191988260453,0.6982240354129606,0.3927591932983082,104,0.6723820662608065,0.88598335517681,-1.064145309885741,2.4089094424073543,0.4479061006605616,0.88598335517681,-3.139696635356042,4.484460767877655,0.5271512407382593,2,0.7457498039356932,2.1277551376668242,23.354049007082686,8.486579678454785e-06,91.4361745177744,False,0.35685996665984504,False,False,False
0.5,[Eubacterium] ventriosum group,1.053845029369023,0.21031375068399005,2.9029279508216712e-06,30,59,0.683045279879892,0.20582194106183507,0.0015101353594335035,25,40,0.9713354440859796,0.6675281129272315,0.1700108893412911,95,10,1.0052598022727397,0.77707199424357,0.19578606900591622,104,0.8693935863952205,0.1436538228791863,0.5878320935520154,1.1509550792384255,1.4305444865590788e-09,0.1436538228791863,0.2513010732528035,1.4874860995376373,0.026232870535618895,2,0.8061136234646868,0.0,1.6122272469293737,0.44659031608034117,0.0,True,1.0390196666416771e-06,True,True,False
0.5,[Eubacterium] xylanophilum group,1.301500638463982,0.30286196427512974,5.850368869324288e-05,30,59,1.9477092451367404,0.35899376523415993,1.2061719072678975e-06,25,40,0.9414334035293838,0.5810397375073126,0.12839817441425563,95,10,0.8611335114926483,0.6346452267707968,0.17482129745847352,104,1.4746641951572004,0.2704094252758902,0.9446617216164557,2.0046666686979453,4.940192875973624e-08,0.27105143228619677,0.30842401014294696,2.640904380171454,0.03216341654507215,2,1.004754043889586,0.06984188913976529,2.9035287695721737,0.23415678074652566,31.118299189620423,True,2.7879720115570474e-05,True,True,False
0.5,[Ruminococcus] gnavus group,1.0009969559561909,0.3574732017102722,0.0065253311615421595,30,59,-0.7564528718995516,0.4311070149907579,0.08538122873850093,25,40,-1.0641804955908056,1.2661479422480577,0.4194237832816998,95,10,-0.6419704834581749,1.310742286817095,0.6242922161397885,104,-0.09589696735525012,0.7454709151124459,-1.557019960975644,1.3652260262651439,0.8976429502745477,0.7454709151124459,-3.3033994351728966,3.111605500462396,0.9094121659671727,2,0.7641854142685327,1.2268346977840867,10.931854227575478,0.0042284190036648295,81.70484202986331,False,0.0016089377964188657,True,False,False
1.0,Adlercreutzia,-0.9145552848919707,0.22377189150722204,0.00011814035504052164,30,59,-0.9480903570966223,0.2819369125416461,0.0013294236595109358,25,40,0.5428557118858548,0.23600548220263587,0.028826090676344337,95,10,0.6908901771889167,0.28375519759791906,0.014899584231627027,104,-0.43589435896562695,0.5024478144476794,-1.4206920752830785,0.5489033573518247,0.38564535269323097,0.5024478144476794,-2.597752819328795,1.725964101397541,0.47710258138493933,2,0.9601161313310416,0.6958201862555872,25.026057306622647,3.678414822606769e-06,92.00832965618304,False,0.008209648280752086,True,True,False
1.0,Agathobacter,-0.2610126912965267,0.2003176081358307,0.1963365671742192,30,59,0.5290022098687839,0.22825468100881255,0.02404315582370977,25,40,0.25398241248980913,0.8723621875887781,0.7761841535645984,95,10,0.38855269966875994,0.9365813930975542,0.6782424056468765,104,0.1393462776816499,0.33234065254154194,-0.5120414012997723,0.790733956663072,0.6750060389198302,0.33234065254154194,-1.2906001381652126,1.5692926935285123,0.7157488580422819,2,0.6327876978419963,0.20349811748752045,6.804658153887116,0.03329563149480679,70.60836922634367,False,0.8318855804537396,False,False,False
1.0,Alistipes,0.15234640962948442,0.2505807239328095,0.5448742435006708,30,59,-0.030813720513789278,0.2564944591308929,0.9047853695480867,25,40,1.8909121633228143,1.0572933897140062,0.10279720537067459,95,10,1.3521288464765344,1.1868549101270616,0.25459735404307904,104,0.15915466317351806,0.25136636304116244,-0.3335234083871603,0.6518327347341965,0.5266303672177586,0.29710510998874945,-1.1191854493262472,1.4374947756732834,0.64577423883792,2,1.397030603298112,0.06920143278174876,3.1666734286880165,0.20528896349455888,36.84224012866968,False,0.2827396292003105,False,False,False
1.0,Allisonella,0.28744377140704636,0.21800541891820346,0.1934126705642013,30,59,0.14125502951330438,0.2377418940846291,0.5551664936269614,25,40,-0.41435031090407826,0.4752082012989653,0.4023355766733724,95,10,-0.2828746899136369,0.4680306291866455,0.5455820280705768,104,0.15551747625035697,0.1522126828618352,-0.14281938215884002,0.45385433465955394,0.30691738033087956,0.1522126828618352,-0.4994008391594914,0.8104357916602053,0.41438317931209934,2,0.903939172527076,0.0,1.807878345054152,0.4049712619557986,0.0,False,0.05480515952764695,True,False,False
1.0,Anaerostipes,-0.6390964828262409,0.16844671816197018,0.0002759179695898606,30,59,-1.2016639616952607,0.26468868101324927,4.022447230526897e-05,25,40,-0.6302028658623431,1.0237535221169194,0.5512204755341523,95,10,-0.2549533575360765,1.0142029058294713,0.8015180186329027,104,-0.8547981443284984,0.22090594869782726,-1.2877738037762398,-0.421822484880757,0.0001090535659348086,0.22090594869782726,-1.8052797274993209,0.09568343884232389,0.060762740721485325,2,0.7689020017469571,0.056981491957010945,3.242549013505887,0.19764663651707565,38.32013050012238,True,0.02584690269516169,True,True,False
1.0,Anaerotruncus,-0.35060313885181316,0.19500756133042016,0.07657742748713463,30,59,0.7409462916187708,0.2920747961948419,0.014399201609716526,25,40,0.6057510042192711,0.242971659571781,0.016869200740410168,95,10,0.5911336486459824,0.2714104230482189,0.02940555747526217,104,0.31149154386710587,0.3700631456289954,-0.4138322215657251,1.0368153092999368,0.3999416854797351,0.3700631456289954,-1.280761659833432,1.903744747567644,0.4885468297265346,2,0.8804592339681473,0.35095370752115956,14.161970649222706,0.0008409441370679711,85.87767162114707,False,0.547789542147044,False,False,False
1.0,Bacteroides,0.1413486141014726,0.2279941393706796,0.5369028432624656,30,59,0.06156158163022063,0.2153837905818526,0.7760560712878684,25,40,-0.5752917759463791,0.32210697910864317,0.09081297109304373,95,10,-0.6658686543145873,0.4405977727454067,0.13071594107681286,104,-0.06447418810923125,0.19385046929574926,-0.4444211079288998,0.3154727317104373,0.7394381048579407,0.20662679740118317,-0.9535175419758036,0.8245691657573412,0.7845421452763008,2,1.1361602095027483,0.050296862557960675,3.6114159342076215,0.164358055281487,44.62005937738051,False,0.22247664361565456,False,False,False
1.0,Barnesiella,0.18062272282703984,0.2995073203839703,0.5480670974036982,30,59,0.6977501981363242,0.3633134135675939,0.059345471178704014,25,40,0.7229994528923509,1.008805637332855,0.48831414205690926,95,10,0.26721374386491326,1.2371064269241225,0.8289885316164409,104,0.4064738237264993,0.22526713614116203,-0.03504976311017827,0.8479974105631769,0.0711673690609604,0.22526713614116203,-0.5627724345021039,1.3757200819551025,0.21293303614902898,2,0.6549175037368002,0.0,1.3098350074736005,0.5194849163837751,0.0,True,0.3276054248723984,False,False,False
1.0,Bifidobacterium,-1.7373307942109615,0.2874591379087809,5.413368540095035e-08,30,59,-2.082349328254786,0.37129623198976575,7.936746747377978e-07,25,40,-1.3171649050950003,0.7940224012587728,0.12358725482491091,95,10,-1.0005300514150428,0.8367049562764134,0.23177542547179375,104,-1.8250142112039627,0.21852225642116016,-2.2533178337894366,-1.3967105886184887,6.733464868517712e-17,0.21852225642116016,-2.7652395942938277,-0.8847888281140976,0.014035880772609626,2,0.49123406923198437,0.0,0.9824681384639687,0.6118708371014143,0.0,True,4.446531434894945e-06,True,True,False
1.0,Bilophila,0.914983553692128,0.21208418333937126,4.939063803724777e-05,30,59,1.257948874960348,0.21403700611940965,2.3047822604010818e-07,25,40,0.20677507451917587,0.5751771022809092,0.7257671620716659,95,10,0.2190528617381557,0.6262901282273017,0.726516871400795,104,0.983776517197442,0.21191350468690728,0.5684260480111036,1.3991269863837803,3.444698141336793e-06,0.22938867464136542,-0.003203289909609164,1.9707563243044932,0.050301944697859875,2,1.1717276442256694,0.05620947385776038,3.4767121409674395,0.1758091810866135,42.47438617557005,True,2.5897257849977633e-05,True,True,False
1.0,Blautia,-1.3884254678849515,0.2098781253777285,3.3692600843437177e-09,30,59,-1.1366607652036134,0.19977258382046076,4.553985365120975e-07,25,40,0.978442692960372,0.7923667126187525,0.24482666063428768,95,10,0.997879894571093,0.8823611417781934,0.2580887492372843,104,-0.9441890909500795,0.35208509680949585,-1.6342758806966913,-0.25410230120346766,0.0073247568574515585,0.5585442780302825,-3.3474111534732356,1.4590329715730763,0.23300927464531399,2,2.5166332438388497,0.24689988468544705,8.45281550643141,0.014604760332846342,76.33924461644432,False,6.729987752698937e-07,True,True,False
1.0,Butyricicoccus,-0.4724227834629162,0.20627142876538057,0.025263939038782046,30,59,-0.6191337989097572,0.3597980655533127,0.09066078036663111,25,40,0.42761432542005484,0.7693193583745057,0.5902413536938425,95,10,0.44550768637438076,0.8405326473344146,0.5960909928858666,104,-0.460653513632116,0.17429633672919592,-0.80227433362134,-0.11903269364289198,0.008219133449197948,0.17429633672919592,-1.2105901226360287,0.2892830953717968,0.11829193108905457,2,0.7652028621397509,0.0,1.5304057242795017,0.4652395419116846,0.0,False,0.2675875747566783,False,False,False
1.0,Butyricimonas,-0.14420830301564946,0.2617532968318502,0.5832995919974386,30,59,-0.010305333108315051,0.3775557612556007,0.9783209378808361,25,40,0.7107666958011232,0.797104296549346,0.391447951216891,95,10,0.6071164089149221,0.8562364909576101,0.478292054254412,104,-0.04565191145890809,0.20768342090095493,-0.45271141642477974,0.3614075935069636,0.8260153109272086,0.20768342090095493,-0.9392415493110347,0.8479377263932184,0.8464116113824804,2,0.5255282278353307,0.0,1.0510564556706614,0.5912429708719509,0.0,False,0.8307743273192847,False,False,False
1.0,CAG-352,-0.3677387483400163,0.3196897188152002,0.25497938065721204,30,59,-0.6420917412666745,0.28158820727997336,0.027008718636989892,25,40,0.21744026897717705,0.46221410333631935,0.6447562904235888,95,10,0.35962248499094296,0.5575995957217319,0.5189611854217318,104,-0.37200631789054683,0.22050164808161887,-0.8041895481305198,0.060176912349426126,0.09158587982914011,0.22457407595310303,-1.3382705788091542,0.5942579430280606,0.23946511359295028,2,1.03727894630101,0.031612349060033754,2.532917850764538,0.28182783028947966,21.03968159108206,False,0.6876460710482113,False,False,False
1.0,Christensenellaceae R-7 group,-0.4266049758715017,0.24978756028103571,0.091284968804353,30,59,0.5435790227883935,0.28779937854208565,0.06379430918199455,25,40,0.7167208960197723,0.6360439047574631,0.27966901916224957,95,10,0.4379035081278291,0.6600706576893405,0.5070621508572785,104,0.19037314404099215,0.39749578726788287,-0.5887185990040583,0.9694648870860426,0.6319875569285072,0.39749578726788287,-1.519913190089881,1.9006594781718653,0.6792389862879117,2,0.8243150611446071,0.33022171204039774,7.680638843584669,0.0214867369168069,73.96049937082356,False,0.48536254247019606,False,False,False
1.0,Colidextribacter,1.048524851944359,0.17951759931477487,9.60797907284788e-08,30,59,2.3339546264160194,0.30995270616708936,1.6578552290513026e-09,25,40,-0.16766761501298363,0.8876804530621568,0.8538374055305367,95,10,-0.02566289557581123,0.9393411440310168,0.9782044240222174,104,1.277633301830342,0.5776982668355808,0.1453446988326037,2.4099219048280807,0.02699481643504106,0.6662517548629723,-1.5890166298956705,4.144283233556354,0.19518737442829417,2,1.3300703206326678,0.7843684644687264,15.795712356756665,0.0003715392010496709,87.33833615839114,False,1.071708926767619e-07,True,True,False
1.0,Collinsella,-1.2278390473584686,0.2313011586995378,8.948973349921352e-07,30,59,-2.217703336616956,0.3170871478127783,4.220944846830747e-09,25,40,-0.17946059006876686,0.7618037897524462,0.818181281000161,95,10,-0.15736340037056232,0.8347266483284024,0.8504683508995029,104,-1.3847645861616527,0.47109229646868517,-2.3081054872402755,-0.4614236850830298,0.0032876753569685974,0.536652353176004,-3.693793298452244,0.9242641261289388,0.1230685433017686,2,1.2976993021549754,0.48465773358918773,9.510755953157808,0.00860529147986196,78.9711773717004,True,0.00012536414786870156,True,True,False
1.0,Coprobacter,0.10140238084376363,0.2825415134295788,0.7211042100418107,30,59,-0.15340953160987292,0.3149131659500899,0.6284431947335776,25,40,0.052511019435326656,0.5303082128109977,0.9226704708174569,95,10,0.05128506060274873,0.5734731153572215,0.9287410694664067,104,-0.0034386088982138927,0.19549238959078588,-0.3866036924961542,0.3797264746997264,0.9859663514852595,0.19549238959078588,-0.8445744726058304,0.8376972548094026,0.9875633234151656,2,0.1878070414041102,0.0,0.3756140828082204,0.828774610990028,0.0,False,0.3868381929198027,False,False,False
1.0,Coprococcus,0.8498686885039015,0.24552623488820086,0.0008596975773893689,30,59,0.633957498671087,0.28508392545599154,0.030559347714459846,25,40,0.004861942669269079,0.7427750811016285,0.994892160764163,95,10,-0.027990851969613373,0.8191081903937893,0.9727397149682362,104,0.7134674038345111,0.1804655778461321,0.35975487125609223,1.06717993641293,7.702207813052134e-05,0.1804655778461321,-0.06301330730134069,1.489948114970363,0.05842837205652169,2,0.6482641349367273,0.0,1.2965282698734546,0.5229527647629706,0.0,True,0.0003493288362224637,True,True,False
1.0,DTU089,-0.4612349458302236,0.10658647098030635,4.14070978371444e-05,30,59,-0.1252989973241645,0.14866764253196846,0.40530863273571105,25,40,0.034259951306650605,0.3490484069922759,0.9232003436560816,95,10,0.3097774645811245,0.4074419678239428,0.44707625513486837,104,-0.26248848064338937,0.14805309777722578,-0.5526725522867519,0.027695590999973152,0.07623952104349736,0.14805309777722578,-0.8995095459345397,0.37453258464776096,0.21824273955077292,2,0.8743207068767042,0.03480094181129503,4.497446616841168,0.10553387279818512,55.53032263883274,False,,False,False,False
1.0,Desulfovibrio,0.3924682128704682,0.2729524834838762,0.15651357770672247,30,59,1.3358523281007004,0.3405139646580904,0.00023500084170488154,25,40,-0.23955427372888227,0.5712816309945733,0.6830247266464025,95,10,-0.3915276232622236,0.615551865548113,0.5247376294006206,104,0.5727037338916529,0.41632173395364397,-0.24328686465748928,1.388694332440795,0.16893690800445127,0.4394235889718849,-1.317983370691103,2.463390838474409,0.3223156358871083,2,1.1140599615350335,0.367722669886912,7.368852484742679,0.025111578550627175,72.85873201911654,False,0.05764669748510554,True,True,False
1.0,Dialister,1.632619647868491,0.3583794326744846,2.235892217548023e-05,30,59,-0.771288743904005,0.4013742119755074,0.06081997735143046,25,40,0.34725042434353265,0.8869493797989064,0.7023999201555094,95,10,0.4725748842138838,0.9670059482607083,0.6250547794267725,104,0.4137065068473018,0.8951006016378065,-1.340690672362799,2.1681036860574023,0.6439451060244317,0.8951006016378065,-3.437600540142265,4.2650135538368685,0.6893516785697932,2,0.6505851006980009,2.079494570496622,20.01457111199101,4.5070368010050616e-05,90.0072802519272,False,1.872210614720233e-05,True,False,False
1.0,Dorea,-1.084312839978032,0.18716216490986995,1.1287846189884449e-07,30,59,-1.1496682574932953,0.2109848250262918,1.1062086265534656e-06,25,40,0.07931766755186076,0.8603656862196284,0.9282087792712408,95,10,-0.0800803805484257,0.8994067969951586,0.9290525956438994,104,-1.0823303703671845,0.13819393725178267,-1.3531904873806786,-0.8114702533536905,4.8029522135216605e-15,0.13819393725178267,-1.6769308917110246,-0.4877298490233445,0.01591452039736637,2,0.9624798307214535,0.0,1.924959661442907,0.381944552772336,0.0,False,2.3569185613599178e-05,True,True,False
1.0,Eggerthella,-1.8858453004180138,0.2708537345231473,7.031382928381879e-10,30,59,-2.253071047380438,0.274920968343285,3.660571208401339e-11,25,40,-0.32520246369301353,0.6054239471235386,0.6021499298852728,95,10,-0.15509351300131274,0.6794935686573502,0.8194529156012191,104,-1.663620761461191,0.41500143370006815,-2.4770235715133246,-0.8502179514090575,6.105110710527491e-05,0.5331268710382202,-3.957480548408152,0.6302390254857702,0.08917291480673274,2,1.6502963960787622,0.37431203828860704,8.41691768083425,0.014869266601328606,76.23833241764855,True,4.7597763134830315e-08,True,True,False
1.0,Eisenbergiella,-1.0620054915645936,0.16749780647448953,9.884126617377048e-09,30,59,-1.0862055675336966,0.3014234561695217,0.0006278314395415676,25,40,0.4696759568876887,0.25509775407100865,0.07352810511169057,95,10,0.49624906823826287,0.2839700423599604,0.08054367585401905,104,-0.5622533795400472,0.5061222420921834,-1.5542529740407267,0.42974621496063226,0.2666095406101646,0.5137032802279391,-2.7725402004666515,1.6480334413865574,0.3879544353978054,2,1.0301817009231482,0.7080205544215913,27.325951674228943,1.1647829036447786e-06,92.68095024157495,False,2.753919408116223e-06,True,True,False
1.0,Enterococcus,-2.7703802691996,0.4687743282430513,9.149948708431757e-08,30,59,-2.2093294225539117,0.5626172438754787,0.0002852580025401326,25,40,-0.05708142901878066,0.7567425727691905,0.9412328431826694,95,10,0.12664918379474976,0.8020062483321853,0.8745234174050254,104,-1.7813303303843342,0.7320759139916163,-3.216199121807902,-0.34646153896076615,0.014963591687649483,0.8039258576427467,-5.24034411624421,1.6776834554755418,0.15705707919150547,2,1.2059235002725286,1.2512728062832374,9.367713355940651,0.009243296637855662,78.65007260569438,True,2.409957095456346e-06,True,True,False
1.0,Escherichia-Shigella,-0.3124689545169921,0.303998218505234,0.3068641018745371,30,59,-0.765727862952208,0.3303967858524139,0.024422543258027285,25,40,-3.9061326680923623,0.6067824529313961,5.392499720981703e-06,95,10,-3.9672973175412274,0.6292325771365572,2.882355402854204e-10,104,-1.571250188543069,0.8442286147626653,-3.225938273477893,0.08343789639175503,0.06272063874138968,1.1062807279705333,-6.331191982555719,3.1886916054695806,0.291376584288253,2,1.7171591842200153,1.955380824189347,28.430008178965938,6.706596279978646e-07,92.9651796530973,True,0.7628120178006641,False,False,False
1.0,Faecalibacterium,0.4095015461809819,0.17480178673892385,0.02151066837798061,30,59,-0.2732239759643367,0.20558575542694515,0.18966040916156496,25,40,-0.5652128717381704,0.69744357925665,0.4341891062596982,95,10,-0.5783394460744469,0.7697580194215813,0.45245630386415125,104,-0.011005732067108817,0.30198304348726207,-0.6028924973021426,0.5808810331679248,0.9709276386744563,0.30198304348726207,-1.3103338984495256,1.288322434315308,0.9742381398995175,2,0.8196128134849784,0.17529197412638586,7.340343517777303,0.025472094512286853,72.75331876285797,False,0.004842813084556181,True,False,False
1.0,Family XIII AD3011 group,-0.6177428972365742,0.23788639348505927,0.011078412625094874,30,59,-0.36224841231284,0.26816944433790024,0.18159684929488792,25,40,1.0732919509202137,0.25277965604816344,0.00014387181836360245,95,10,0.8241389413365959,0.3420779067653758,0.0159869131397586,104,0.030448392386350553,0.5318459087022166,-1.011969588669994,1.072866373442695,0.9543457285110429,0.5318459087022166,-2.257899858468967,2.318796643241668,0.9595509825503379,2,0.9807356294326,0.7844922370387702,26.581161208493043,1.6903404421684754e-06,92.47587423170597,False,0.12848481818530108,False,False,False
1.0,Family XIII UCG-001,-0.3975548270833973,0.16351161151008783,0.017622859373636356,30,59,0.43323104299942505,0.2326091657094458,0.06871580427863641,25,40,0.4389502270499217,0.2284751462515221,0.06577420098439107,95,10,0.5435809386052154,0.27215410985832944,0.04578959763536937,104,0.14013404075381078,0.30489048734285484,-0.45745131443818476,0.7377193959458063,0.6457883535221183,0.30489048734285484,-1.1717038468703107,1.4519719283779322,0.6909130189164483,2,0.8559917685023716,0.23510164841283843,13.039553590585069,0.0014739980689469684,84.66205161007922,False,0.3758026167521695,False,False,False
1.0,Flavonifractor,-0.4880140057033756,0.26726406948546727,0.07152344690024559,30,59,-1.1619104638490292,0.26738439312274825,5.170387486901547e-05,25,40,0.040288617535861077,0.9320396228552468,0.9663186115285028,95,10,0.2752777904362227,0.9652121920052186,0.7754914971589979,104,-0.746182340555384,0.3011640253894141,-1.3364638303186358,-0.15590085079213234,0.013224675319767273,0.3011640253894141,-2.0419865564834248,0.5496218753726567,0.13151647126443228,2,0.9102495270255935,0.1280953545653654,4.004936652064846,0.1350016435690282,50.06163208676848,False,0.4047405922828017,False,False,False
1.0,Fusicatenibacter,-0.048848210970333206,0.21650738166335487,0.8220563604860278,30,59,-0.25267047891623173,0.2345298646184775,0.2865961807696827,25,40,0.29096546020115915,0.8690531044141452,0.7441097818072582,95,10,0.3291855903242705,0.9174112255949649,0.7197296728958416,104,-0.12856982000041106,0.15648398363590754,-0.43527842792678983,0.1781387879259677,0.4112952062070496,0.15648398363590754,-0.8018660593451751,0.544726419344353,0.497654062112975,2,0.3243134632184038,0.0,0.6486269264368076,0.7230235655604335,0.0,False,0.5354394666019212,False,False,False
1.0,Fusobacterium,0.761217625524421,0.4367853116466851,0.08611750916916341,30,59,-1.1186375381377291,0.5797266496407688,0.059163559032198186,25,40,-1.1252593971125844,0.7785640193221522,0.17926639129224858,95,10,-1.0022148192683673,0.8643910408642342,0.24627439585322408,104,-0.4145065904893313,0.705548073334815,-1.7973808142255685,0.968367633246906,0.5568707126348849,0.705548073334815,-3.4502349341552265,2.6212217531765636,0.6163639722417648,2,0.8351136792286631,1.134651742645829,8.704800646593341,0.012875869209461164,77.02417227920427,False,0.049530174603155286,True,False,False
1.0,Haemophilus,0.2500382849143282,0.3652195538612667,0.4957650999853822,30,59,-0.18335651645389672,0.4125687063652763,0.6583493202712196,25,40,-0.14173741838567877,0.9527019319597434,0.8846015038488386,95,10,0.04099063959978222,0.9512108936809663,0.9656273083331476,104,0.04429909873403651,0.2628501901192258,-0.470887273899646,0.559485471367719,0.866163482992909,0.2628501901192258,-1.0866539892836,1.1752521867516732,0.88166603675642,2,0.32997800125882637,0.0,0.6599560025176527,0.7189395490230224,0.0,False,0.2802596796845801,False,False,False
1.0,Hungatella,-0.04635188917251476,0.2369072868330247,0.8456333962945898,30,59,-0.6188896081125685,0.30183614502720657,0.04588157081778591,25,40,0.5030426545622684,0.2561039317389152,0.056865357044872625,95,10,0.6126240456830241,0.28650300698095044,0.0324939127053937,104,-0.03784562364334062,0.3065293044077107,-0.6386430602824537,0.5629518129957723,0.9017389318757677,0.31931581431887357,-1.4117506837575884,1.336059436470907,0.9164857829685691,2,1.0851676942138058,0.21169407259052858,8.100559934089638,0.017417497631484574,75.31034871326132,False,0.559121891480001,False,False,False
1.0,Intestinimonas,-0.8216950702438619,0.2188488250368777,0.00031359723034028557,30,59,0.091657821408345,0.2077642814223929,0.6609255331127797,25,40,0.7545450510141556,0.6541351473027738,0.27270210283366186,95,10,0.5776712580361105,0.7329715572347854,0.43062514965792364,104,-0.12795905110828826,0.4140329588065658,-0.9394636503691574,0.6835455481525807,0.7572795147488904,0.43114111302328645,-1.9830095379421644,1.727091435725588,0.7946108675327264,2,1.0843489136064037,0.3884584491176441,11.82615698159004,0.002703850283682236,83.08833543209828,False,0.011670343797202493,True,False,False
1.0,Klebsiella,0.1810341443813681,0.44754186864513035,0.687312123762855,30,59,-1.2067328961522994,0.3997104974900933,0.003973167674461903,25,40,-1.2215555705573036,0.8186213550623068,0.16461911096049997,95,10,-1.200014845669876,0.9355338575409408,0.19959511449973932,104,-0.6890160917111895,0.5177639866236914,-1.7038335054936247,0.32580132207124557,0.1832702255297045,0.5177639866236914,-2.9167747220959717,1.538742538673593,0.3147093921191607,2,0.8489040361771769,0.5136784841104239,5.872716079864035,0.05305861463955404,65.94420753869811,False,0.45969088919863804,False,False,False
1.0,Lachnospira,2.0128269450013696,0.32777164962849736,4.5866597991235916e-08,30,59,1.8277674549025076,0.24280767946117346,6.382352464688706e-10,25,40,-0.2965344954416484,0.7858332540741643,0.7131045219752288,95,10,-0.2538578146715035,0.8356393909838769,0.7612888667389446,104,1.4980154636336354,0.43478832471999423,0.6458303471824467,2.350200580084824,0.000570235434275071,0.6148656874775902,-1.1475380649883131,4.143568992255584,0.1351448664411863,2,1.999883829426211,0.38410071198061096,7.520559129576824,0.02327723197074836,73.40623262791183,False,2.574771197495528e-07,True,True,False
1.0,Lachnospiraceae NC2004 group,0.7584400179779762,0.1742572433594408,3.695772669250909e-05,30,59,-0.3784986997008116,0.20586190082886294,0.07368853078006136,25,40,-0.5288748152091054,0.4748506006556864,0.29091430356557435,95,10,-0.560990673978469,0.5144926679360776,0.2755473639807613,104,-0.0028831631435980703,0.4605874566385847,-0.905634578155224,0.8998682518680279,0.9950054733320558,0.4605874566385847,-1.984631040713408,1.9788647144262117,0.9955737304400775,2,0.7990942917475982,0.54824442750546,20.485665916991934,3.5611819795078035e-05,90.23707597251652,False,1.872210614720233e-05,True,False,False
1.0,Lachnospiraceae ND3007 group,1.3036906297912643,0.19119675172253026,1.3520027140826345e-09,30,59,2.3608725155387016,0.24832916501108188,2.072329946605919e-13,25,40,0.6947513098193268,0.6576449542329695,0.3117391793386771,95,10,0.5955466594135865,0.7197735647675195,0.4080056479939814,104,1.5658707435502586,0.45596037119878163,0.6721884160006466,2.4595530710998705,0.000594249563992632,0.46771676309546495,-0.44655206390708724,3.5782935510076044,0.07881495098756468,2,1.052232408291908,0.4882484068446921,13.584633226235393,0.001122365673108793,85.27748252976393,True,1.9378258342727404e-08,True,True,False
1.0,Lachnospiraceae NK4A136 group,0.9231661648198484,0.19671020026550542,9.950016222765484e-06,30,59,0.6974491233886018,0.28507713048345,0.01873114372597499,25,40,-0.014351118073517743,0.8154342476957886,0.9862525164749265,95,10,-0.18418141956273149,0.8904435114232161,0.8361329885493958,104,0.817563482651804,0.15880634462287502,0.506303047190969,1.128823918112639,2.6302748357715234e-07,0.15880634462287502,0.13427493046712458,1.5008520348364836,0.035721105941069524,2,0.7532791131922352,0.0,1.5065582263844703,0.4708201461531276,0.0,False,7.212097048464823e-06,True,True,False
1.0,Lachnospiraceae UCG-004,1.0788300020775583,0.18127988696089756,5.4584485676993035e-08,30,59,1.7612618072622763,0.21035167803606808,7.258926128184583e-11,25,40,-1.7356234409113327,0.5433681407919501,0.006928919777794308,95,10,-1.4972126188184598,0.5788432890581968,0.009693942695850846,104,0.5013767455244971,0.6436853871185985,-0.760246613227956,1.76300010427695,0.4360292910353888,1.0329374661594222,-3.9429944628517575,4.945747953900751,0.6753668682902838,2,2.5751395001064914,1.1298251591067956,36.738796142367924,1.052620398355012e-08,94.55616348382858,False,9.006417157959348e-08,True,True,False
1.0,Lachnospiraceae UCG-010,0.5691633026415241,0.16236996656671634,0.0007964565517307883,30,59,1.019420869715344,0.13894353854201485,2.1075417505959668e-09,25,40,0.3081605197269336,0.6738290453607345,0.6559377899979851,95,10,0.16144648264295708,0.6916748315217383,0.8154400624894645,104,0.7650925561000667,0.20026582738210477,0.3725715344311413,1.157613577768992,0.00013324353981363383,0.20026582738210477,-0.09658175275040282,1.626766864950536,0.06219178394302079,2,0.8003152919974301,0.06424876399363648,5.022470491606571,0.08116791496475602,60.178959670497804,True,0.00011489046391466312,True,True,False
1.0,Lactobacillus,-0.16114444206217726,0.3627639796948835,0.6583414114279773,30,59,-0.8573587245930492,0.5341852708788125,0.11411932041637371,25,40,-1.40327131284484,0.9267951870498735,0.1602468335336627,95,10,-1.2777781857073922,1.0207736717521567,0.21065213974535968,104,-0.513532120559959,0.31666771753367123,-1.1342008469259546,0.10713660580603657,0.10487295463986672,0.31666771753367123,-1.8760433398128564,0.8489790986929384,0.24632986144105,2,0.9808877236678337,0.04093030027824207,2.2639577205618044,0.3223946508057456,11.65912764909333,True,0.8829871590149407,False,False,False
1.0,Ligilactobacillus,-1.0406580450784608,0.37600079306063766,0.006980961701523942,30,59,-1.1943808391913777,0.3556880704508197,0.0014683303555374225,25,40,-1.6590192831483404,0.9361022479529345,0.10828448803123387,95,10,-1.383576774040796,1.0487512528242506,0.18708182429344145,104,-1.1598190213521797,0.24907741392583388,-1.6480107526468142,-0.6716272900575453,3.2169270427531877e-06,0.24907741392583388,-2.2315126362858244,-0.08812540641853484,0.04315629062470639,2,0.19713033724104823,0.0,0.39426067448209645,0.821083608565944,0.0,True,0.044979224818608214,True,True,False
1.0,Limosilactobacillus,-0.9252333918310904,0.3778193485398801,0.0172445430595278,30,59,-0.7747756948273027,0.40648986185289226,0.06225969749484949,25,40,-1.1131671432253258,0.9016840024161266,0.2456258919902664,95,10,-0.9668166006441248,0.9842263306575652,0.32594653213374025,104,-0.8776793180091402,0.2645598716841033,-1.3962166665099827,-0.3591419695082978,0.0009082452697098152,0.2645598716841033,-2.0159885720788084,0.26062993606052776,0.08009614368475673,2,0.07406729300773901,0.0,0.14813458601547802,0.9286092028324341,0.0,True,0.10107229245301529,False,False,False
1.0,Monoglobus,-0.8262462902366055,0.17805353648873767,1.2765317722845735e-05,30,59,-1.6125571421115326,0.21200127057991397,4.1869714175899905e-10,25,40,1.4779001359206536,0.7439659647155095,0.07319181439240156,95,10,1.3461187937296522,0.8028239593310773,0.09359534590823455,104,-0.6220468193949327,0.5109911201717369,-1.6235894149315369,0.3794957761416715,0.22347719657731147,0.8266664362732676,-4.178905417974289,2.9348117791844244,0.5302727131540197,2,2.6171818737777173,0.6315519447223196,20.15178994516664,4.208181019225328e-05,90.07532330655474,False,0.0030826829530501963,True,True,False
1.0,NK4A214 group,0.6033649096918291,0.2268277300324382,0.009309084492069792,30,59,0.6714906567999342,0.2944156016170787,0.02623928406426599,25,40,0.36293482551220707,0.7649157152575532,0.6444208204186243,95,10,0.14332105765343817,0.7607262869078528,0.8505628676517288,104,0.6148396951230032,0.17492311598679494,0.2719903877888851,0.9576890024571212,0.0004398965524589554,0.17492311598679494,-0.13779372736453488,1.3674731176105412,0.07227588523048102,2,0.07401903528396414,0.0,0.14803807056792828,0.9286540164801328,0.0,True,0.003378066350654632,True,True,False
1.0,Negativibacillus,-1.1692441738271913,0.15682410453251747,6.93679063176062e-11,30,59,0.5795964373490663,0.24095222849093656,0.021407605600446168,25,40,0.05603937357358668,0.5577536520286549,0.9218128680075943,95,10,0.06674894223098982,0.5848859416516958,0.9091402846705943,104,-0.200056260775715,0.6779114484623917,-1.5287626997620027,1.1286501782105727,0.7679123149646929,0.6779114484623917,-3.11687380499469,2.7167612834432604,0.7957280204502414,2,0.6177661654135189,1.2585353489263094,38.5171722055649,4.326157497961729e-09,94.80751081796434,False,1.012788294225916e-06,True,False,False
1.0,Odoribacter,-0.48664717496904286,0.24789164205286476,0.053359521296311954,30,59,0.24323432249063304,0.3376845469104156,0.47452294583576016,25,40,1.043823972519795,0.6735001185959021,0.14780785218777817,95,10,0.7186685354090834,0.7423685798483668,0.333006865639777,104,0.09560973172085246,0.3910402289661097,-0.6708291170527225,0.8620485804944273,0.806842818278435,0.4094145045485547,-1.66595870385218,1.8571781672938847,0.8370771229532021,2,1.096184286097028,0.2979889628566403,6.329034882089202,0.04223451754213298,68.39960535436639,False,0.38635466122576895,False,False,False
1.0,Oscillibacter,-0.017388966220419633,0.2317972138472553,0.9403726205675536,30,59,1.0317976807669635,0.26950609459702146,0.000349973578504486,25,40,1.0983944674221857,0.7920226242969539,0.19323833252563727,95,10,1.1812495754928576,0.8553346025715503,0.16726728184342965,104,0.6081756529216097,0.43797472798164966,-0.25025481392242366,1.466606119765643,0.16495167642465225,0.43797472798164966,-1.2762775059665605,2.4926288118097797,0.2993820671600502,2,0.7266428994224662,0.40790848042663436,9.392670994820042,0.009128667911179554,78.7068023451159,False,0.4885689921471187,False,False,False
1.0,Parabacteroides,0.42160129326764517,0.26526864883603246,0.11597094955666301,30,59,-0.06844244545098821,0.26688021411709495,0.7985944242280044,25,40,-0.9105983043841066,0.8469625238603926,0.30519873994496977,95,10,-1.1618860197549046,0.8898708490200867,0.19166161253160452,104,0.0838412055280956,0.26150516103200294,-0.4287089100946302,0.5963913211508214,0.7485058545671693,0.2718450904207424,-1.0858138148252063,1.2534962258813973,0.7869254575731931,2,1.0806435334128768,0.07882617067222938,3.270502841762797,0.19490336236335284,38.84732419550498,False,0.057983734708961295,True,False,False
1.0,Paraprevotella,1.4905041857560621,0.35918743368472805,0.00010401801359628087,30,59,1.4749172227893388,0.3489888322827172,7.857222245419256e-05,25,40,1.013948814232085,0.6707893340397499,0.153565645711546,95,10,0.998564762376022,0.7818548010627034,0.20154076140785238,104,1.425222367546711,0.23450628859863648,0.9655900418933836,1.8848546932000385,1.2203694064538451e-09,0.23450628859863648,0.41622324477687656,2.4342214903165456,0.02602136855047515,2,0.21461202134857899,0.0,0.42922404269715797,0.80685442174876,0.0,True,0.0001459741983894908,True,True,False
1.0,Parasutterella,0.7717363233349332,0.21261256488848196,0.0007956988104670491,30,59,0.45889225509058496,0.43668909566783015,0.29880613444248,25,40,0.7196209836397599,0.6885304723767534,0.3164974538463093,95,10,0.7909745488806291,0.6741092813769577,0.24065047023325004,104,0.7123488077047331,0.18419245329296524,0.3513315992505212,1.073366016158945,0.00010999478011807504,0.18419245329296524,-0.0801673542456729,1.504864969655139,0.060822727714518236,2,0.20750136794779706,0.0,0.4150027358955941,0.812612130161364,0.0,True,0.0001872360224511608,True,False,False
1.0,Prevotella,0.5806866204750512,0.3353619902647825,0.09006728367652285,30,59,0.8731103941574181,0.47945015915970596,0.07595176382185312,25,40,0.15928271376039183,0.5325606660499304,0.7698776221344392,95,10,0.3966381237544981,0.5193022361189252,0.4449920884814279,104,0.5679425182453925,0.2442112271776578,0.08928851297718327,1.0465965235136019,0.020038830773123014,0.2442112271776578,-0.48281358499300153,1.6186986214837866,0.14557614295326496,2,0.4976974236565886,0.0,0.9953948473131772,0.6079288519656928,0.0,True,0.028398371274945277,True,False,False
1.0,Roseburia,1.287569869727513,0.23232864525644106,3.147848081710879e-07,30,59,0.1722080896114102,0.23599397009003267,0.4682835942076825,25,40,0.9313484748554504,1.0224895092284907,0.38319012503151084,95,10,0.9538129281566836,1.0960802563872096,0.3841891772643655,104,0.7606285899920237,0.4760441121837643,-0.17241786988815433,1.6936750498722017,0.11008501259027569,0.4760441121837643,-1.2876239087512262,2.8088810887352738,0.25118144068900217,2,0.5953365121169389,0.47762508117333263,11.37805802512962,0.003382876105369984,82.4223079581525,True,1.012788294225916e-06,True,False,False
1.0,Ruminococcus,-0.48564554403374904,0.2544657834424023,0.059643840151517656,30,59,-0.4576706845007128,0.23886714262563127,0.061417238688120004,25,40,0.21476655507871545,0.7346484858390574,0.7749607519500865,95,10,-0.055140134210685365,0.7484986375026819,0.9412748419150421,104,-0.4342977274770447,0.1694614237741552,-0.7664421180743889,-0.10215333687970052,0.010382832846127052,0.1694614237741552,-1.1634313850571083,0.29483593010301884,0.124458221265283,2,0.41543511854810566,0.0,0.8308702370962113,0.6600530169022234,0.0,False,0.35713397094950367,False,False,False
1.0,Sellimonas,-0.6512101261179226,0.2598152221304224,0.014378992999428854,30,59,-0.18968259977841484,0.37653966019929036,0.6165213155994214,25,40,0.13008853177352342,0.489629867054049,0.7950839686755893,95,10,0.3724451890504535,0.5226004146374768,0.4760457783248936,104,-0.3708413666670241,0.22295811683406144,-0.8078392756617845,0.06615654232773632,0.09625676808472783,0.22295811683406144,-1.3301527166710099,0.5884699833369618,0.2381572324676729,2,0.9776724955833351,0.02786829434746263,2.4189007366126565,0.2983612231558354,17.317814256374586,False,0.14161657051065937,False,False,False
1.0,Slackia,-0.3603282043385212,0.18730893152543648,0.05857012559241313,30,59,-0.6592309516059958,0.2586107044112542,0.013754387484802462,25,40,0.3463479051054277,0.2126978594505143,0.11911484258223654,95,10,0.35682653895114164,0.22533119962611767,0.1132928068274889,104,-0.21449818999296244,0.28796837343222387,-0.7789162019201212,0.34991982193419635,0.4563520180761679,0.2958402260684717,-1.487395946240396,1.058399566254471,0.5437781707553191,2,1.0554188942929617,0.200399584316798,10.477737258421357,0.005306256785074046,80.91190921596623,False,0.4885689921471187,False,False,False
1.0,Streptococcus,-0.9224989975648255,0.3415926781466802,0.008404801074247209,30,59,-2.3218420899853234,0.39728861701869367,3.496502815146953e-07,25,40,0.16533546866954518,1.0209999633114224,0.8744608679858598,95,10,0.2766801119883923,1.0984699335182169,0.801135574565828,104,-1.2360375082739548,0.6365331659577584,-2.4836425135511613,0.01156749700325177,0.05215800520504498,0.6738409551952887,-4.13534113352602,1.6632661169781102,0.2080443645571516,2,1.1206570625481183,0.8886680127878389,9.684662173695544,0.007888643488536714,79.34878920782401,False,0.04578947489497309,True,True,False
1.0,Sutterella,1.7388034292668668,0.348407638064338,4.1512458031638505e-06,30,59,2.3543849650751474,0.36724850380870544,4.662645412334016e-08,25,40,-2.153374892882868,1.0363773539300694,0.0626570283026268,95,10,-1.8488214041239783,1.1261790077818816,0.1006571025749493,104,1.015516334821265,0.8142228378060802,-0.580360427278652,2.611393096921182,0.21231624401700844,1.291341905467775,-4.540679439710675,6.5717121093532045,0.5140125081542546,2,2.5153355568259586,1.6287400675014636,16.860545794989093,0.00021816194641745385,88.13798779518517,False,1.1797253298404921e-05,True,True,False
1.0,Turicibacter,-1.266102162621624,0.3374210136111101,0.00034016074742235594,30,59,-0.9173812782876642,0.32476858178681983,0.006750049490519934,25,40,0.03309160711029868,0.26632573325564435,0.9029543574695307,95,10,0.07551605940368505,0.30472741173479034,0.8042774574870413,104,-0.6960336803642486,0.4081639126463618,-1.4960349491511178,0.10396758842262055,0.08814225081289215,0.4081639126463618,-2.452221253275575,1.0601538925470777,0.23025958031114013,2,0.9220218372603926,0.40374641230311464,10.502712854519714,0.005240405347437381,80.95730095925336,False,0.0031629334941645085,True,True,False
1.0,UCG-002,0.6036534437497363,0.25983775083326976,0.02252012856046637,30,59,0.22096815993977748,0.2923036500920906,0.452633155228531,25,40,0.32589025007111716,0.8711410363086365,0.7151695536376014,95,10,-0.15856691680115798,0.9669947358767279,0.8697476047624535,104,0.42958202918055377,0.18954826092324029,0.05806743777100282,0.8010966205901047,0.02343017922568619,0.18954826092324029,-0.38597831308998254,1.24514237145109,0.15162286991232019,2,0.4861587170529451,0.0,0.9723174341058902,0.6149841910886364,0.0,True,0.011670343797202493,True,False,False
1.0,UCG-003,0.7788447828047507,0.20770763854413166,0.00031835965956476494,30,59,1.6761425319507024,0.2634679240018639,2.606116377576143e-08,25,40,-1.7608055606583752,0.8218815597965381,0.05703629319765933,95,10,-2.0690811689447157,0.8300145164076992,0.012673119065788547,104,0.5377120776293852,0.5916732628251107,-0.6219675175078317,1.697391672766602,0.3634562273668951,0.9288949770163861,-3.4590004308312037,4.534424586089974,0.6211816445968609,2,2.4647299373751066,0.8522047045333336,18.99629285538495,7.49907018315822e-05,89.4716299899901,False,0.00024366667078311812,True,True,False
1.0,UCG-005,0.4409866237928305,0.2144165236192203,0.042840854878671675,30,59,0.836079165987981,0.22614332506340165,0.0004593556956155754,25,40,0.2150341281550176,0.6780703283494,0.7566868858008953,95,10,0.010829637480689248,0.6661917071319869,0.9870301297664857,104,0.6073652338108326,0.15165442710264582,0.31012255668964683,0.9046079109320184,6.20360752833889e-05,0.15165442710264582,-0.045151100932871,1.2598815685545364,0.05706208036776854,2,0.9798772471989118,0.0,1.9597544943978236,0.3753571721678196,0.0,True,0.012004339372646933,True,True,False
1.0,[Eubacterium] ruminantium group,1.05537504641407,0.3202742058780907,0.001670460756614968,30,59,1.3831474192230149,0.3486490461137738,0.00018880517678698417,25,40,0.39009777733749806,0.6039211483824806,0.5305384351032278,95,10,0.09093800895649706,0.6341245906022024,0.8859686256571788,104,1.0951675207258387,0.2240223353765351,0.6560837433878299,1.5342512980638474,1.0152813869508458e-06,0.22491499397631648,0.1274364079440493,2.0628986335076283,0.039683355459671395,2,1.0079852491517314,0.004848382541619796,2.0606062055249406,0.35689876717086505,2.941183296567871,True,0.001144533975834702,True,True,False
1.0,[Eubacterium] siraeum group,-0.627385407497633,0.2914420994075799,0.03470303594138405,30,59,1.8737886430680848,0.39779079100288606,2.560438221201361e-05,25,40,0.652749633915419,0.5382295601496335,0.24472714445022464,95,10,0.5752189200083364,0.5895020917863473,0.32917806443942776,104,0.6170604363258513,0.8325523100169231,-1.0147420913073177,2.2488629639590205,0.4585920888114553,0.8325523100169231,-2.9651230329832914,4.199243905634994,0.5358020177665509,2,0.7720691440673226,1.9052089938277204,26.20472124240359,2.040408303824298e-06,92.36778753912608,False,0.24302318892510055,False,False,False
1.0,[Eubacterium] ventriosum group,1.035898064249335,0.20032585773243747,1.5658899348333337e-06,30,59,0.7113147587219878,0.19916216945156937,0.0006909799964795795,25,40,0.8684064647549226,0.5757369926861878,0.15563885492928187,95,10,0.9043846622233858,0.6715412970370962,0.17806727792908428,104,0.8724194217563773,0.13717130541909855,0.6035636631349441,1.1412751803778105,2.0165878980704605e-10,0.13717130541909855,0.28221893005890974,1.462619913453845,0.023841035037206908,2,0.6601734868857535,0.0,1.320346973771507,0.516761675340849,0.0,True,9.822214525775958e-07,True,True,False
1.0,[Eubacterium] xylanophilum group,1.0644091316526012,0.2682897571909506,0.0001927319533993738,30,59,1.6961375056441885,0.3204529220557497,2.382657604863613e-06,25,40,0.8150732378351792,0.511280123424824,0.134156172733176,95,10,0.7456525210438101,0.5584510056931884,0.18180577707092271,104,1.2478070651267708,0.2506896359520454,0.7564553786607617,1.7391587515927798,6.441157533181537e-07,0.2506896359520454,0.1691766186911705,2.326437511562371,0.038072351581787074,2,0.9862616347720072,0.06934507349824257,3.1400169932511903,0.20804341468250875,36.30607718688842,True,8.526219135869901e-05,True,True,False
1.0,[Ruminococcus] gnavus group,1.0430541051457733,0.3524377157506792,0.004178733680086735,30,59,-0.7123756922359332,0.42200284444263986,0.0977452749844242,25,40,-0.9448142507789323,1.1317872288805186,0.42246612120253846,95,10,-0.5708673071410832,1.1677939013607093,0.6249531963574881,104,-0.05934661958894963,0.7315829337380549,-1.4932491697155372,1.374555930537638,0.9353458551273918,0.7315829337380549,-3.2070939264361034,3.088400687258204,0.9427330416071065,2,0.7651935483493431,1.2123903098345672,11.378363325697666,0.003382359747783752,82.42277959710546,False,0.001420344508916121,True,False,False
