partition,species,metabolite,n_discovery,partial_spearman_discovery,p_discovery,q_bh_family,n_validation,partial_spearman_validation,p_validation,q_bh_locked,discovery_candidate,direction_concordant,heldout_reproduced
discovery,Peptostreptococcus stomatis,C00024_Acetyl CoA,206,-0.07612108555118306,0.27682754157635375,0.4786314955556854,,,,,False,False,False
discovery,Peptostreptococcus stomatis,C01996_Acetylcholine,206,0.1858029631822065,0.007498138552245084,0.053603713905411667,140.0,0.0579474865713942,0.49646104707584754,0.5920364358177219,True,True,False
discovery,Peptostreptococcus stomatis,C00147_Adenine,206,-0.2193522135809947,0.0015359234780302391,0.02120836802540385,140.0,-0.09564627814994218,0.2609556976665948,0.3548361010954308,True,True,False
discovery,Peptostreptococcus stomatis,C00212_Adenosine,206,0.11888545859434115,0.08875805428425637,0.23298989249617297,,,,,False,False,False
discovery,Peptostreptococcus stomatis,C06104_Adipate,206,-0.2696686659156387,8.862699868808246e-05,0.0035734405871034845,140.0,-0.18877282753389357,0.02550364643080205,0.06249805729209243,True,True,True
discovery,Peptostreptococcus stomatis,C03626_ADMA,206,-0.0824360761923853,0.2388018841855748,0.4384559185046619,,,,,False,False,False
discovery,Peptostreptococcus stomatis,C00008_ADP,206,0.1646964334097936,0.017999330769719574,0.08722752603787179,140.0,0.04895479744762342,0.5657023122316974,0.6536353141329975,True,True,False
discovery,Peptostreptococcus stomatis,C00179_Agmatine,206,0.06606786037299926,0.3454183529430697,0.5500500786202437,,,,,False,False,False
discovery,Peptostreptococcus stomatis,C04677_AICAR,206,0.07022925842649033,0.3158198139946073,0.5227362438531431,,,,,False,False,False
discovery,Peptostreptococcus stomatis,C00041_Ala,206,0.2009462773964311,0.003777449060291835,0.03446939072768293,140.0,0.2514462006144293,0.002728481379041091,0.013521141056136964,True,True,True
discovery,Peptostreptococcus stomatis,C00993_Ala-Ala,206,0.015455771583383446,0.8254853668418322,0.89892064602052,,,,,False,False,False
discovery,Peptostreptococcus stomatis,C01551_Allantoin,206,0.1251377438639429,0.07310303984894358,0.206988382493638,,,,,False,False,False
discovery,Peptostreptococcus stomatis,C00956_alpha-Aminoadipate,206,-0.23769673250293918,0.00058113375509488,0.0110525061346347,140.0,-0.13239572075641107,0.11891230122888373,0.2024232303361914,True,True,False
discovery,Peptostreptococcus stomatis,C02115_Alpha-Methylserine,206,0.0963719286021395,0.16820630876135045,0.3584608017578039,,,,,False,False,False
discovery,Peptostreptococcus stomatis,C00020_AMP,206,0.006425583202405613,0.9269648173920969,0.9534495264604426,,,,,False,False,False
discovery,Peptostreptococcus stomatis,C01262_Anserine,206,-0.07454170988566425,0.28694524332870525,0.4875539284596722,,,,,False,False,False
discovery,Peptostreptococcus stomatis,C00062_Arg,206,-0.004989550395614202,0.9432559340574457,0.964271582789512,,,,,False,False,False
discovery,Peptostreptococcus stomatis,C03406_Argininosuccinate,206,0.04919474606000734,0.4825505188940928,0.6771108814237481,,,,,False,False,False
discovery,Peptostreptococcus stomatis,C00152_Asn,206,-0.050723402478317685,0.46903254007412754,0.6690955793471108,,,,,False,False,False
discovery,Peptostreptococcus stomatis,C00049_Asp,206,-0.10054736239056337,0.1504364808730467,0.3347460766446602,,,,,False,False,False
discovery,Peptostreptococcus stomatis,C08261_Azelate,206,-0.2973423493305485,1.4230851317306879e-05,0.0009563132085230223,140.0,-0.08201176653324421,0.33539682797086473,0.4311913183303772,True,True,False
discovery,Peptostreptococcus stomatis,C09815_Benzamide,206,0.09855243904579669,0.1587406817475367,0.3461532688421015,,,,,False,False,False
discovery,Peptostreptococcus stomatis,C00099_beta-Ala,206,0.12720190663197944,0.06845654377380408,0.19828791989653596,,,,,False,False,False
discovery,Peptostreptococcus stomatis,C05341_beta-Ala-Lys,206,0.2646139733343021,0.0001212659058173242,0.004074534435462093,140.0,0.23879675178184298,0.004491932404002776,0.018756928989071022,True,True,True
discovery,Peptostreptococcus stomatis,C00719_Betaine,206,0.0809014045772445,0.24768774860659065,0.4474359329667444,,,,,False,False,False
discovery,Peptostreptococcus stomatis,C00576_Betaine aldehyde,206,-0.20874240621054313,0.0026036565178756783,0.027669066613423766,140.0,-0.28180783594352293,0.0007431807595189513,0.005291357291223334,True,True,True
discovery,Peptostreptococcus stomatis,C00246_Butyrate,206,-0.062993706417169,0.3683747179750252,0.5690008285087531,,,,,False,False,False
discovery,Peptostreptococcus stomatis,C01672_Cadaverine,206,0.16869265127023916,0.01535658242408942,0.07979090249217595,140.0,0.0050614936918135425,0.9526718627363053,0.9790130202313184,True,True,False
discovery,Peptostreptococcus stomatis,C00438_Carbamoylaspartate,206,0.11267106512383947,0.10686789725788107,0.2659823220640596,,,,,False,False,False
discovery,Peptostreptococcus stomatis,C00318_Carnitine,206,-0.04150010088282396,0.5536702741711419,0.729000301137047,,,,,False,False,False
discovery,Peptostreptococcus stomatis,C00386_Carnosine,206,-0.0519314161988083,0.45849884796712165,0.6574208232586893,,,,,False,False,False
discovery,Peptostreptococcus stomatis,C02256_Castanospermine,206,-0.11171950532111474,0.10988098916070782,0.27213768322848525,,,,,False,False,False
discovery,Peptostreptococcus stomatis,C00695_Cholate,206,0.17312932106550438,0.012825647657847744,0.07184598576877188,140.0,0.1507896864023419,0.07534564627111569,0.1473866589338491,True,True,False
discovery,Peptostreptococcus stomatis,C00114_Choline,206,0.2063277406703515,0.0029258511455303106,0.02979048439085407,140.0,0.19101550076205387,0.0237765489589082,0.06121716379866993,True,True,True
discovery,Peptostreptococcus stomatis,C00417_cis-Aconitate,206,0.02971990299761357,0.6715228284990139,0.8096830276638828,,,,,False,False,False
discovery,Peptostreptococcus stomatis,C02226_Citraconate,206,0.12274280812268147,0.07881169434153977,0.21587551058769588,,,,,False,False,False
discovery,Peptostreptococcus stomatis,C02614_Citramalate,206,0.024704166264547578,0.7244875103301022,0.8467631488659281,,,,,False,False,False
discovery,Peptostreptococcus stomatis,C00327_Citrulline,206,0.0698797844212885,0.3182399543424741,0.5250177970167167,,,,,False,False,False
discovery,Peptostreptococcus stomatis,C00055_CMP,206,0.0116582095204117,0.8679096462446142,0.9179988703195919,,,,,False,False,False
discovery,Peptostreptococcus stomatis,C00300_Creatine,206,0.27062469567815906,8.346540937988408e-05,0.0035055471939551314,140.0,0.2992263548424479,0.00032890876515074993,0.0031889849838529234,True,True,True
discovery,Peptostreptococcus stomatis,C00791_Creatinine,206,0.06970585677160195,0.31944890208044424,0.5252928112513667,,,,,False,False,False
discovery,Peptostreptococcus stomatis,C00571_Cyclohexylamine,206,0.013292564007959463,0.8495977868328553,0.9086720924887861,,,,,False,False,False
discovery,Peptostreptococcus stomatis,Cysteine-glutathione disulphide -Divalent,206,0.1468402200593632,0.035190508499658726,0.13748849832424803,,,,,False,False,False
discovery,Peptostreptococcus stomatis,C00491_Cystine,206,0.08921417938398121,0.2022323997212789,0.3991607208151269,,,,,False,False,False
discovery,Peptostreptococcus stomatis,C00475_Cytidine,206,0.04778145212847677,0.4952329428697701,0.683868756438814,,,,,False,False,False
discovery,Peptostreptococcus stomatis,C00380_Cytosine,206,0.004907935289683964,0.9441825914813972,0.964271582789512,,,,,False,False,False
discovery,Peptostreptococcus stomatis,_DCA,206,0.005866936202235773,0.9332991696653898,0.957398301181091,,,,,False,False,False
discovery,Peptostreptococcus stomatis,_Diazoxide,206,0.000435841879207055,0.9950392298544333,0.9990035295749689,,,,,False,False,False
discovery,Peptostreptococcus stomatis,C06772_Diethanolamine,206,-0.14058341287853054,0.043852903720199336,0.1513826265409621,,,,,False,False,False
discovery,Peptostreptococcus stomatis,C00429_Dihydrouracil,206,-0.023914027611304615,0.7329597075860115,0.8523409283458614,,,,,False,False,False
discovery,Peptostreptococcus stomatis,C02678_Dodecanedioate,206,-0.22584055866178399,0.001098625800373861,0.01730335635588831,140.0,-0.23613786404785694,0.004972541293660795,0.019801369794399237,True,True,True
discovery,Peptostreptococcus stomatis,C02679_Dodecanoate,206,0.061792322649342035,0.37759647434656707,0.5758203421200296,,,,,False,False,False
discovery,Peptostreptococcus stomatis,C00364_dTMP,206,-0.10530709644138378,0.13195533135904192,0.30789577317109784,,,,,False,False,False
discovery,Peptostreptococcus stomatis,C00122_Fumarate,206,-0.025092748542832312,0.7203331476483874,0.8455254336847398,,,,,False,False,False
discovery,Peptostreptococcus stomatis,C00092_G6P,206,-0.04796750982660158,0.4935532846939744,0.683868756438814,,,,,False,False,False
discovery,Peptostreptococcus stomatis,C00334_GABA,206,0.1114269010691528,0.11082078940101331,0.2737925385201505,,,,,False,False,False
discovery,Peptostreptococcus stomatis,C01181_gamma-Butyrobetaine,206,-0.05442944352291511,0.4371398509153779,0.6376801298447191,,,,,False,False,False
discovery,Peptostreptococcus stomatis,gamma-Glu-2AB,206,-0.09101246241396294,0.19324895549691076,0.38726629650275557,,,,,False,False,False
discovery,Peptostreptococcus stomatis,C01035_gamma-Guanidinobutyrate,206,-0.05029999477972374,0.4727557968982275,0.6692947236986142,,,,,False,False,False
discovery,Peptostreptococcus stomatis,C00064_Gln,206,-0.056534709495242086,0.4195892741945318,0.6238141421653216,,,,,False,False,False
discovery,Peptostreptococcus stomatis,C00025_Glu,206,-0.15073432911740944,0.03056796460207281,0.12628077179872702,,,,,False,False,False
discovery,Peptostreptococcus stomatis,C00329_Glucosamine,206,0.14655298244310414,0.03555376831634927,0.137833406349784,,,,,False,False,False
discovery,Peptostreptococcus stomatis,C00191_Glucuronate,206,0.09646486452989847,0.16779447713207207,0.35834074777357766,,,,,False,False,False
discovery,Peptostreptococcus stomatis,C01425_Glu-Glu,206,0.31344952789741537,4.4834097332492434e-06,0.0004108433646468398,140.0,0.1908733925947599,0.023882929374368984,0.06121716379866993,True,True,True
discovery,Peptostreptococcus stomatis,C00489_Glutarate,206,-0.14454129058783155,0.03818793416949053,0.14317625684130128,,,,,False,False,False
discovery,Peptostreptococcus stomatis,C00127_Glutathione(ox),206,0.14432128906276734,0.03848575527483148,0.14317625684130128,,,,,False,False,False
discovery,Peptostreptococcus stomatis,C00037_Gly,206,0.09156428503806112,0.19055152603783815,0.38262139092856745,,,,,False,False,False
discovery,Peptostreptococcus stomatis,C00093_Glycerophosphate,206,-0.06215894583141465,0.37476743743514945,0.5741118190495906,,,,,False,False,False
discovery,Peptostreptococcus stomatis,C00670_Glycerophosphorylcholine,206,0.05606323382451921,0.4234835950259488,0.6268303432983207,,,,,False,False,False
discovery,Peptostreptococcus stomatis,C01921_Glycocholate,206,0.3155859950764776,3.826756269428352e-06,0.0003857370319583779,140.0,0.2921285620516759,0.00046136727384395344,0.003957111617969293,True,True,True
discovery,Peptostreptococcus stomatis,C02037_Gly-Gly,206,0.19446560522223522,0.005095838140136728,0.04234201599586238,140.0,0.11059770787118556,0.1933022408516335,0.2932408143531583,True,True,False
discovery,Peptostreptococcus stomatis,C02155_Gly-Leu,206,0.0888796659157399,0.20393628097201422,0.3991607208151269,,,,,False,False,False
discovery,Peptostreptococcus stomatis,C00581_Guanidinoacetate,206,0.030711643276044275,0.6612295824400927,0.8011050710331892,,,,,False,False,False
discovery,Peptostreptococcus stomatis,C03139_Guanidinosuccinate,206,-0.03243178887744605,0.6435270476602363,0.7910673951725832,,,,,False,False,False
discovery,Peptostreptococcus stomatis,C00242_Guanine,206,-0.10629814681347652,0.1283367778541531,0.30225110298361285,,,,,False,False,False
discovery,Peptostreptococcus stomatis,C00387_Guanosine,206,-0.03805013517250257,0.5871327377999078,0.7561010125404005,,,,,False,False,False
discovery,Peptostreptococcus stomatis,C01585_Hexanoate,206,-0.03600138646797878,0.6074341432007131,0.7678905102848937,,,,,False,False,False
discovery,Peptostreptococcus stomatis,C01586_Hippurate,206,-0.08441456115622052,0.22767913879580687,0.42880210618691805,,,,,False,False,False
discovery,Peptostreptococcus stomatis,C00135_His,206,0.12052276980359775,0.08441995311623621,0.22556367153743462,,,,,False,False,False
discovery,Peptostreptococcus stomatis,C00388_Histamine,206,0.1475349136356694,0.03432493126855493,0.13515441686993504,,,,,False,False,False
discovery,Peptostreptococcus stomatis,C00860_Histidinol,206,0.013049594179708152,0.8523152585781244,0.9086720924887861,,,,,False,False,False
discovery,Peptostreptococcus stomatis,C00263_Homoserine,206,0.05136763826173294,0.4633984403535171,0.6635023123243541,,,,,False,False,False
discovery,Peptostreptococcus stomatis,C05582_Homovanillate,206,0.02896455063669259,0.6794039734888077,0.8137176618986747,,,,,False,False,False
discovery,Peptostreptococcus stomatis,C01015_Hydroxyproline,206,0.04836860831299307,0.4899426429338363,0.6827536909683948,,,,,False,False,False
discovery,Peptostreptococcus stomatis,C07044_Hydroxyurea,206,-0.1998685561671198,0.003972748994320533,0.035269208039982056,140.0,-0.18625638946314402,0.027568310070237027,0.06682318636590061,True,True,True
discovery,Peptostreptococcus stomatis,C00262_Hypoxanthine,206,-0.17827462758487564,0.010355616658182276,0.063649156045413,140.0,-0.1120036681911878,0.18766656104187926,0.28861822836095913,True,True,False
discovery,Peptostreptococcus stomatis,C00407_Ile,206,0.24088219600922028,0.00048706507118671924,0.010554087585374664,140.0,0.2203170189394117,0.008905089270862483,0.030506880974336327,True,True,True
discovery,Peptostreptococcus stomatis,C02835_Imidazole-4-acetate,206,-0.09717085111030672,0.16469051543275717,0.35396170481070194,,,,,False,False,False
discovery,Peptostreptococcus stomatis,C00637_Indole-3-acetaldehyde,206,-0.07135688294333307,0.30809292542566996,0.5150210096667917,,,,,False,False,False
discovery,Peptostreptococcus stomatis,C02693_Indole-3-acetamide,206,-0.22872162900731619,0.0009438806422466196,0.0155972407767966,140.0,0.04365018439532847,0.608588244269899,0.6889095353918147,True,False,False
discovery,Peptostreptococcus stomatis,C00954_Indole-3-acetate,206,0.037713798591772214,0.5904440882788254,0.7561010125404005,,,,,False,False,False
discovery,Peptostreptococcus stomatis,C00294_Inosine,206,-0.1716690782837698,0.013614920415525375,0.07499365999371355,140.0,-0.09587430416921829,0.2598153997774236,0.3548361010954308,True,True,False
discovery,Peptostreptococcus stomatis,C05123_Isethionate,206,-0.02382091589906058,0.7339602438533807,0.8523409283458614,,,,,False,False,False
discovery,Peptostreptococcus stomatis,C00630_Isobutyryl CoA,206,-0.016113722336709078,0.8181826504654237,0.8987314321944536,,,,,False,False,False
discovery,Peptostreptococcus stomatis,C00311_Isocitrate,206,0.09523660474571966,0.1732982833684312,0.3618081032923896,,,,,False,False,False
discovery,Peptostreptococcus stomatis,C05771_Isopropanolamine,206,0.14670505927450178,0.035361048233151234,0.1376213769073994,,,,,False,False,False
discovery,Peptostreptococcus stomatis,C00186_Lactate,206,0.016082281609325424,0.8185312661585344,0.8987314321944536,,,,,False,False,False
discovery,Peptostreptococcus stomatis,C00123_Leu,206,0.2201280315497104,0.0014763340804953454,0.020668677126934834,140.0,0.219929233020687,0.009028942351148869,0.030506880974336327,True,True,True
discovery,Peptostreptococcus stomatis,C00047_Lys,206,0.06293047924544153,0.36885654965410863,0.5690008285087531,,,,,False,False,False
discovery,Peptostreptococcus stomatis,C00711_Malate,206,-0.05030121229447453,0.4727450675179609,0.6692947236986142,,,,,False,False,False
discovery,Peptostreptococcus stomatis,C00383_Malonate,206,0.05409279338395571,0.43998473384723946,0.6409026180896205,,,,,False,False,False
discovery,Peptostreptococcus stomatis,C03570_Mannosamine,206,-0.021749442164205976,0.7563325052945243,0.866344506064637,,,,,False,False,False
discovery,Peptostreptococcus stomatis,C00073_Met,206,0.09832896040609497,0.15969199035806114,0.3469170825019949,,,,,False,False,False
discovery,Peptostreptococcus stomatis,C02989_Methionine sulfoxide,206,0.08435404593144669,0.2280138183692342,0.42880210618691805,,,,,False,False,False
discovery,Peptostreptococcus stomatis,C00879_Mucate,206,-0.1147444458062606,0.10052780981497327,0.25396499321677457,,,,,False,False,False
discovery,Peptostreptococcus stomatis,"C01026_N,N-Dimethylglycine",206,-0.26691542275881863,0.00010521378515589807,0.0037876962656123304,140.0,-0.0014445810468508573,0.9864850570582455,0.9924255786945313,True,True,False
discovery,Peptostreptococcus stomatis,"C03413_N1,N12-Diacetylspermine",206,0.10636145645805323,0.12810824776374383,0.30225110298361285,,,,,False,False,False
discovery,Peptostreptococcus stomatis,"N1,N8-Diacetylspermidine",206,0.039462135735612046,0.5733251392879926,0.7466559953518042,,,,,False,False,False
discovery,Peptostreptococcus stomatis,C00612_N1-Acetylspermidine,206,0.1259182728590242,0.07131679809196383,0.20307156066864276,,,,,False,False,False
discovery,Peptostreptococcus stomatis,C02567_N1-Acetylspermine,206,0.11389836040615146,0.10307810419600187,0.2583073584108717,,,,,False,False,False
discovery,Peptostreptococcus stomatis,C02567_N1-Acetylspermine_div,206,0.10784359880175633,0.12284738964222972,0.29768343731245356,,,,,False,False,False
discovery,Peptostreptococcus stomatis,"C03793_N6,N6,N6-Trimethyllysine",206,0.043008618506052754,0.5393357830248443,0.7172169779538826,,,,,False,False,False
discovery,Peptostreptococcus stomatis,C03795_N6-Methyl-2'-deoxyadenosine,206,-0.04542624634414364,0.5167542286893786,0.6991788758642867,,,,,False,False,False
discovery,Peptostreptococcus stomatis,C01029_N8-Acetylspermidine,206,0.09240061149308931,0.1865159957566373,0.37856763918714587,,,,,False,False,False
discovery,Peptostreptococcus stomatis,C01042_N-Acetylaspartate,206,-0.17312173794117966,0.01282964031585212,0.07184598576877188,140.0,-0.310404284714449,0.00018962420471245242,0.0022255893500461523,True,True,True
discovery,Peptostreptococcus stomatis,C01073_N-Acetyl-beta-alanine,206,0.047485618398155356,0.49790984540249167,0.683868756438814,,,,,False,False,False
discovery,Peptostreptococcus stomatis,C00140_N-Acetylglucosamine,206,0.03963605727655534,0.5716350335796357,0.7454179998037164,,,,,False,False,False
discovery,Peptostreptococcus stomatis,C04501_N-Acetylglucosamine 1-phosphate,206,-0.14585498334568925,0.036449759482909544,0.14023418915562144,,,,,False,False,False
discovery,Peptostreptococcus stomatis,C00357_N-Acetylglucosamine 6-phosphate,206,0.06241219102094215,0.3728208940178736,0.5719991798630389,,,,,False,False,False
discovery,Peptostreptococcus stomatis,C00624_N-Acetylglutamate,206,-0.2950551759343765,1.6675343231286192e-05,0.0010505466235710302,140.0,-0.2812453968691802,0.0007623490168349842,0.005291357291223334,True,True,True
discovery,Peptostreptococcus stomatis,C02997_N-Acetylhistidine,206,-0.21170862743082067,0.002252085010669246,0.026707078714759996,140.0,-0.19290687658776548,0.022398948663947343,0.05934447648352738,True,True,True
discovery,Peptostreptococcus stomatis,C02710_N-Acetylleucine,206,-0.03352262316459406,0.6324033111927163,0.7824634755038866,,,,,False,False,False
discovery,Peptostreptococcus stomatis,C02713_N-Acetylmuramate,206,-0.04899610975978002,0.48432236657393096,0.6771108814237481,,,,,False,False,False
discovery,Peptostreptococcus stomatis,C00270_N-Acetylneuraminate,206,-0.048318766090223314,0.4903905478780931,0.6827536909683948,,,,,False,False,False
discovery,Peptostreptococcus stomatis,C00437_N-Acetylornithine,206,0.09683090914847198,0.16617971427464617,0.3564024510400922,,,,,False,False,False
discovery,Peptostreptococcus stomatis,C02714_N-Acetylputrescine,206,0.1661076012219026,0.017024119047548993,0.08490038120295673,140.0,0.07118834183617875,0.403255491277755,0.5023797461169798,True,True,False
discovery,Peptostreptococcus stomatis,N-Acetylvaline,206,-0.04985140028975376,0.47671809100975293,0.6730137755431805,,,,,False,False,False
discovery,Peptostreptococcus stomatis,C00003_NAD+,206,-0.07114544488508218,0.30953223630535964,0.5163816395325673,,,,,False,False,False
discovery,Peptostreptococcus stomatis,"C04259_N-alpha,N-alpha-Dimethylhistidine",206,-0.14453256012797655,0.038199715621247944,0.14317625684130128,,,,,False,False,False
discovery,Peptostreptococcus stomatis,C02727_N-epsilon-Acetyllysine,206,-0.22333843904115072,0.001251560492761429,0.01855254377505177,140.0,-0.11107975298474834,0.19135631465617664,0.29227711074196844,True,True,False
discovery,Peptostreptococcus stomatis,C01047_N-gamma-Ethylglutamine,206,0.025898839999343302,0.7117413723142909,0.8401432137332917,,,,,False,False,False
discovery,Peptostreptococcus stomatis,C00153_Nicotinamide,206,0.004170478595558646,0.9525589193975733,0.9669480269413433,,,,,False,False,False
discovery,Peptostreptococcus stomatis,C00253_Nicotinate,206,-0.06703665996272398,0.3383755826425347,0.5431318071526082,,,,,False,False,False
discovery,Peptostreptococcus stomatis,C02721_N-Methylalanine,206,-0.19370490863368803,0.00527498843539978,0.04248043128542632,140.0,-0.34499230616999216,2.9890300066198634e-05,0.0009522195592517565,True,True,True
discovery,Peptostreptococcus stomatis,C01046_N-Methylglutamate,206,-0.2564650914927901,0.00019843780861555506,0.006061373063166045,140.0,-0.25173860341217685,0.0026964222748936738,0.013521141056136964,True,True,True
discovery,Peptostreptococcus stomatis,C00547_Noradrenaline,206,0.047318564350110406,0.4994248326458151,0.683868756438814,,,,,False,False,False
discovery,Peptostreptococcus stomatis,C06524_Nornicotine,206,-0.06306192265666574,0.3678553026987524,0.5690008285087531,,,,,False,False,False
discovery,Peptostreptococcus stomatis,C02571_o-Acetylcarnitine,206,-0.032891846067709375,0.6388257736067948,0.7891377203378053,,,,,False,False,False
discovery,Peptostreptococcus stomatis,C04137_Octopine,206,0.07718745117827938,0.2701343743660636,0.473557303236508,,,,,False,False,False
discovery,Peptostreptococcus stomatis,C01005_O-Phosphoserine,206,-0.0238693877122966,0.7334393316303474,0.8523409283458614,,,,,False,False,False
discovery,Peptostreptococcus stomatis,Ophthalmate,206,0.10177832449570125,0.14547898085728997,0.3302766051895232,,,,,False,False,False
discovery,Peptostreptococcus stomatis,C00077_Ornithine,206,0.04535077667580475,0.5174517182361155,0.6991840911286922,,,,,False,False,False
discovery,Peptostreptococcus stomatis,C01118_o-Succinylhomoserine,206,-0.07199264712889122,0.303791640117966,0.5112219920516022,,,,,False,False,False
discovery,Peptostreptococcus stomatis,C00568_p-Aminobenzoate,206,-0.16280068351224647,0.019385653761423965,0.09217329712978943,140.0,-0.050352042543921324,0.5546497688644324,0.6442025961290022,True,True,False
discovery,Peptostreptococcus stomatis,C00864_Pantothenate,206,-0.10038762746503171,0.1510890477677483,0.3349199560261621,,,,,False,False,False
discovery,Peptostreptococcus stomatis,C01601_Pelargonate,206,0.04057700363730065,0.5625322865317812,0.737363517326444,,,,,False,False,False
discovery,Peptostreptococcus stomatis,C00803_Valerate,206,-0.19934736197958183,0.004070423703240142,0.03567814863361795,140.0,-0.24439884900006326,0.003613076440250139,0.01611432092351562,True,True,True
discovery,Peptostreptococcus stomatis,C00079_Phe,206,0.19673618634597403,0.004593107849928274,0.03923603993837034,140.0,0.27216694635851746,0.001141585644380442,0.006364339967420965,True,True,True
discovery,Peptostreptococcus stomatis,C05598_Phenaceturate,206,-0.035867677921789416,0.6087698299014069,0.7678905102848937,,,,,False,False,False
discovery,Peptostreptococcus stomatis,C05332_Phenethylamine,206,0.08797434226809428,0.20859960118041565,0.4051414219457784,,,,,False,False,False
discovery,Peptostreptococcus stomatis,C02735_Phenylethanolamine,206,0.24986056714603888,0.00029236697598927856,0.00736764779492982,140.0,0.10004953346975987,0.2395379983992721,0.33784720825259623,True,True,False
discovery,Peptostreptococcus stomatis,C00588_Phosphorylcholine,206,-0.018303725411261046,0.7939913391354837,0.8814353192164841,,,,,False,False,False
discovery,Peptostreptococcus stomatis,C01606_Phthalate,206,-0.1441740028059771,0.0386862331978849,0.14317625684130128,,,,,False,False,False
discovery,Peptostreptococcus stomatis,C00642_p-Hydroxyphenylacetate,206,-0.13201503872642392,0.05855367573086404,0.17885486405063925,,,,,False,False,False
discovery,Peptostreptococcus stomatis,C02656_Pimelate,206,-0.3419838060259007,4.878189692873362e-07,9.834430420832699e-05,140.0,-0.21321745166604458,0.01142707139258474,0.03693096986299126,True,True,True
discovery,Peptostreptococcus stomatis,C00408_Pipecolate,206,-0.21397431785011398,0.002013259373023218,0.025053894419844493,140.0,-0.16016411459029894,0.0587152870170097,0.11795954058372218,True,True,False
discovery,Peptostreptococcus stomatis,C00931_Porphobilinogen,206,0.037108662338935575,0.5964232517487082,0.759084138589265,,,,,False,False,False
discovery,Peptostreptococcus stomatis,C00148_Pro,206,0.04953338136624121,0.47953795089214185,0.6741621401663584,,,,,False,False,False
discovery,Peptostreptococcus stomatis,C10172_Proline betaine,206,-0.1452620012768469,0.037225879976000104,0.14213517809018222,,,,,False,False,False
discovery,Peptostreptococcus stomatis,C00163_Propionate,206,0.025462482638460064,0.7163878847475836,0.8426125878944741,,,,,False,False,False
discovery,Peptostreptococcus stomatis,C01736_Purine riboside,206,-0.14694275295995568,0.03506160242123651,0.13748849832424803,,,,,False,False,False
discovery,Peptostreptococcus stomatis,C00134_Putrescine,206,0.2400452223265437,0.0005103115517744968,0.010554087585374664,140.0,0.14051942368369116,0.09772812172796844,0.1743469691626957,True,True,False
discovery,Peptostreptococcus stomatis,C00250_Pyridoxal,206,-0.09583567960557797,0.17059733829890927,0.3593505474121525,,,,,False,False,False
discovery,Peptostreptococcus stomatis,C00534_Pyridoxamine,206,-0.013078769262826384,0.8519888601684521,0.9086720924887861,,,,,False,False,False
discovery,Peptostreptococcus stomatis,C00647_Pyridoxamine 5'-phosphate,206,-0.17872025657702992,0.01016291096834527,0.06323589046970389,140.0,-0.25440658323781673,0.002419254413848737,0.012546365913680657,True,True,True
discovery,Peptostreptococcus stomatis,C00314_Pyridoxine,206,-0.1430252927928591,0.04028022106116488,0.14531436736862058,,,,,False,False,False
discovery,Peptostreptococcus stomatis,C00296_Quinate,206,0.04976509459700123,0.47748246741824313,0.6731501079127119,,,,,False,False,False
discovery,Peptostreptococcus stomatis,C00255_Riboflavin,206,-0.06097944034468798,0.38391548781364665,0.5828114634279455,,,,,False,False,False
discovery,Peptostreptococcus stomatis,C00449_Saccharopine,206,-0.01478856716434086,0.8329061266812076,0.9008255104019927,,,,,False,False,False
discovery,Peptostreptococcus stomatis,C00019_SAM+,206,-0.1270970180391158,0.06868669424360287,0.19828886970600423,,,,,False,False,False
discovery,Peptostreptococcus stomatis,C00213_Sarcosine,206,0.06662817860351411,0.3413338380893674,0.5461341409429878,,,,,False,False,False
discovery,Peptostreptococcus stomatis,SDMA,206,-0.0346630880109753,0.6208611351566021,0.7745396339577413,,,,,False,False,False
discovery,Peptostreptococcus stomatis,C08277_Sebacate,206,-0.3679011813631206,5.3204379956748744e-08,3.535691257325834e-05,140.0,-0.17308491841579032,0.04084801578442634,0.08843793708667062,True,True,True
discovery,Peptostreptococcus stomatis,C00065_Ser,206,-0.0545315686688999,0.43627891880603337,0.6373465944296836,,,,,False,False,False
discovery,Peptostreptococcus stomatis,C00493_Shikimate,206,-0.008624346822862242,0.9020819666215234,0.9364495267670528,,,,,False,False,False
discovery,Peptostreptococcus stomatis,C00315_Spermidine,206,0.10852023771924076,0.12050206555631672,0.2933963335284233,,,,,False,False,False
discovery,Peptostreptococcus stomatis,C00042_Succinate,206,0.17530279719048564,0.01172529786478639,0.06883442747651398,140.0,0.3900952042394774,1.8938674426638335e-06,0.00021116621985701743,True,True,True
discovery,Peptostreptococcus stomatis,C04548_Synephrine,206,0.08570622684191667,0.22061830278316719,0.4195910362366651,,,,,False,False,False
discovery,Peptostreptococcus stomatis,C00245_Taurine,206,0.0272512036229139,0.6974088790402438,0.8270448824383126,,,,,False,False,False
discovery,Peptostreptococcus stomatis,C05122_Taurocholate,206,0.280018240274747,4.573594084209287e-05,0.0022975741835813165,140.0,0.3130609881847995,0.00016581942393755687,0.0021751606787103047,True,True,True
discovery,Peptostreptococcus stomatis,C01959_Taurocyamine,206,0.08901435760467397,0.2032489710909,0.3991607208151269,,,,,False,False,False
discovery,Peptostreptococcus stomatis,C06337_Terephthalate,206,-0.1862964586692924,0.007338075922369254,0.05321424841545474,140.0,0.044877508153786314,0.5985390614332485,0.6844831317928944,True,False,False
discovery,Peptostreptococcus stomatis,C00378_Thiamine,206,-0.2234237636411532,0.0012460392178716897,0.01855254377505177,140.0,-0.146120879497718,0.08494572605757289,0.16190510180204065,True,True,False
discovery,Peptostreptococcus stomatis,C01081_Thiamine monophosphate,206,-0.12471049181406203,0.07409609126488058,0.20900252009749212,,,,,False,False,False
discovery,Peptostreptococcus stomatis,C00188_Thr,206,0.022263137374998587,0.7507647488242896,0.8645516942527471,,,,,False,False,False
discovery,Peptostreptococcus stomatis,C01620_Threonate,206,-0.03544629191679145,0.6129877446635114,0.7694790119810951,,,,,False,False,False
discovery,Peptostreptococcus stomatis,C00214_Thymidine,206,-0.043912180417543974,0.5308390783422424,0.71045530946358,,,,,False,False,False
discovery,Peptostreptococcus stomatis,C00178_Thymine,206,0.21411642595729088,0.0019990781341579743,0.025053894419844493,140.0,-0.11759111361702779,0.16645393905674208,0.27094327306316407,True,False,False
discovery,Peptostreptococcus stomatis,C00423_trans-Cinnamate,206,-0.08510463221602874,0.22388725793768732,0.42500632015289797,,,,,False,False,False
discovery,Peptostreptococcus stomatis,C00371_trans-Zeatin,206,0.16324272526720257,0.019054375392949185,0.09146100188615608,140.0,0.14065302707238278,0.09740647449791599,0.1743469691626957,True,True,False
discovery,Peptostreptococcus stomatis,C01004_Trigonelline,206,-0.16023943381448202,0.021405139011289254,0.09865804742499479,140.0,-0.024537833618907226,0.7735182812577445,0.8414369596120831,True,True,False
discovery,Peptostreptococcus stomatis,C01104_Trimethylamine N-oxide,206,-0.05928065235866415,0.3973269788894066,0.5977695443589879,,,,,False,False,False
discovery,Peptostreptococcus stomatis,C01008_Trimethylsulfonium,206,0.07275357882619145,0.2986958395276667,0.5043306637251056,,,,,False,False,False
discovery,Peptostreptococcus stomatis,C00078_Trp,206,0.1807613346310865,0.009320196240125561,0.06022280647465747,140.0,0.19432801351907572,0.021409535494240475,0.05822349286848324,True,True,True
discovery,Peptostreptococcus stomatis,C00398_Tryptamine,206,0.07108691518457393,0.30993144039405085,0.5163816395325673,,,,,False,False,False
discovery,Peptostreptococcus stomatis,C00082_Tyr,206,0.13618179624911544,0.050963703068047414,0.16272110350253818,,,,,False,False,False
discovery,Peptostreptococcus stomatis,C00483_Tyramine,206,0.0885334436487862,0.20571069792805458,0.4003018986708089,,,,,False,False,False
discovery,Peptostreptococcus stomatis,C00015_UDP,206,0.05510398444769276,0.4314713494984328,0.6333850442291648,,,,,False,False,False
discovery,Peptostreptococcus stomatis,C00029_UDP-glucose,206,0.12826425475373632,0.06616077867429329,0.1944316761040456,,,,,False,False,False
discovery,Peptostreptococcus stomatis,C00043_UDP-N-acetylglucosamine,206,0.06512701454857951,0.35234601918564173,0.5558134387153785,,,,,False,False,False
discovery,Peptostreptococcus stomatis,C00105_UMP,206,0.03566615204125507,0.6107854285136529,0.7678905102848937,,,,,False,False,False
discovery,Peptostreptococcus stomatis,C00366_Urate,206,0.00431049095547021,0.9509681747311703,0.966306371097802,,,,,False,False,False
discovery,Peptostreptococcus stomatis,C00086_Urea,206,0.03760562128775246,0.5915109422366648,0.7561010125404005,,,,,False,False,False
discovery,Peptostreptococcus stomatis,C00299_Uridine,206,-0.1930554098273959,0.0054323980239389886,0.04248043128542632,140.0,0.09271708176313109,0.27590848765263193,0.37289450149416314,True,False,False
discovery,Peptostreptococcus stomatis,C00785_Urocanate,206,-0.2250238907201773,0.0011465455164006704,0.017510876977755694,140.0,-0.10262664868004845,0.22758742577263164,0.33171239181239776,True,True,False
discovery,Peptostreptococcus stomatis,C00183_Val,206,0.19303877706124614,0.00543648376569444,0.04248043128542632,140.0,0.2049060511575129,0.015158449434624723,0.044478081893701484,True,True,True
discovery,Peptostreptococcus stomatis,"C00986_1,3-Diaminopropane",206,0.09235269206867422,0.18674551517559532,0.37856763918714587,,,,,False,False,False
discovery,Peptostreptococcus stomatis,C01234_1-Aminocyclopropane-1-carboxylate,206,0.0953233610125914,0.17290518780081593,0.3618081032923896,,,,,False,False,False
discovery,Peptostreptococcus stomatis,C11118_1-Methyl-2-pyrrolidinone,206,0.14940912586111516,0.03207928535867224,0.13038677274815166,,,,,False,False,False
discovery,Peptostreptococcus stomatis,C02494_1-Methyladenosine,206,0.09229326489654519,0.18703044078888756,0.37856763918714587,,,,,False,False,False
discovery,Peptostreptococcus stomatis,C05127_1-Methylhistamine,206,0.14560095285161603,0.03678055344290859,0.14096881319563445,,,,,False,False,False
discovery,Peptostreptococcus stomatis,C02918_1-Methylnicotinamide,206,-0.04094152174772586,0.559024691003203,0.7346765169898678,,,,,False,False,False
discovery,Peptostreptococcus stomatis,"C03283_2,4-Diaminobutyrate",206,-0.19899042291286503,0.0041385587679944975,0.035962648604641836,140.0,-0.17572295254433346,0.037826551556957605,0.08608363269694999,True,True,True
discovery,Peptostreptococcus stomatis,"C11003_2,4-Dimethylaniline",206,-0.25561057876345306,0.0002087627922161456,0.006189202780996317,140.0,-0.0018479707872312212,0.9827116187359314,0.9924255786945313,True,True,False
discovery,Peptostreptococcus stomatis,"C00628_2,5-Dihydroxybenzoate",206,0.11776734027234867,0.09182168949327445,0.2385470696113934,,,,,False,False,False
discovery,Peptostreptococcus stomatis,C02356_2AB,206,0.1402181807749612,0.04440944645868153,0.1522609592869081,,,,,False,False,False
discovery,Peptostreptococcus stomatis,C00881_2'-Deoxycytidine,206,-0.01048745191719631,0.8810711849590954,0.9241620753785309,,,,,False,False,False
discovery,Peptostreptococcus stomatis,C03264_2-Hydroxy-4-methylpentanoate,206,0.36478977585065453,7.015260431202052e-08,3.535691257325834e-05,140.0,0.27950234873215013,0.0008246737253251857,0.005291357291223334,True,True,True
discovery,Peptostreptococcus stomatis,C05984_2-Hydroxybutyrate,206,0.2308530607587275,0.0008425875322264807,0.01440679596742906,140.0,0.2746720663991198,0.001022614619127724,0.005847257950396986,True,True,True
discovery,Peptostreptococcus stomatis,C02630_2-Hydroxyglutarate,206,0.09729923876512643,0.16413068463002936,0.3535122438185248,,,,,False,False,False
discovery,Peptostreptococcus stomatis,2-Hydroxyisobutyrate,206,-0.0819836657516196,0.24139784434454087,0.44161347930906936,,,,,False,False,False
discovery,Peptostreptococcus stomatis,2-Hydroxyoctanoate,206,0.03566034892746135,0.6108435129308796,0.7678905102848937,,,,,False,False,False
discovery,Peptostreptococcus stomatis,2-Hydroxypentanoate,206,0.159466012641772,0.022049655196972544,0.0996683965854185,140.0,0.28730214090418077,0.0005778902824984481,0.0047729456665612565,True,True,True
discovery,Peptostreptococcus stomatis,C02504_2-Isopropylmalate,206,-0.026435325083841815,0.7060432054283977,0.8353187219152873,,,,,False,False,False
discovery,Peptostreptococcus stomatis,C01744_3-(4-Hydroxyphenyl)propionate,206,0.14251980932240618,0.04099896747001656,0.1457200337434574,,,,,False,False,False
discovery,Peptostreptococcus stomatis,C05145_3-Aminoisobutyrate,206,-0.01939939920645474,0.7819601378679327,0.880408324955415,,,,,False,False,False
discovery,Peptostreptococcus stomatis,"C06057_3-Aminopropane-1,2-diol",206,0.13713121116499102,0.04935384512381491,0.1604795996284046,,,,,False,False,False
discovery,Peptostreptococcus stomatis,C03761_3-Hydroxy-3-methylglutarate,206,-0.077316020371063,0.2693349005610322,0.4729783619608371,,,,,False,False,False
discovery,Peptostreptococcus stomatis,C01089_3-Hydroxybutyrate,206,0.23530788633659913,0.0006624017233231441,0.011714051528240864,140.0,0.20513991581194638,0.015040457710691296,0.044478081893701484,True,True,True
discovery,Peptostreptococcus stomatis,C11284_3-Indolebutyrate,206,0.1215630320423926,0.08175337266686049,0.22034064077057586,,,,,False,False,False
discovery,Peptostreptococcus stomatis,C08262_Isovalerate,206,-0.034988811952699796,0.6175813905691349,0.7714027778112613,,,,,False,False,False
discovery,Peptostreptococcus stomatis,C02230_3-Methylguanine,206,0.17657954618468324,0.011118440483120995,0.06592581180579977,140.0,0.09222726947080308,0.2784641608577558,0.37408137271855146,True,True,False
discovery,Peptostreptococcus stomatis,C01152_3-Methylhistidine,206,-0.08482732730157529,0.2254056018540344,0.426795225112618,,,,,False,False,False
discovery,Peptostreptococcus stomatis,C05629_3-Phenylpropionate,206,-0.10686070029676582,0.12631710562329143,0.3008300263060631,,,,,False,False,False
discovery,Peptostreptococcus stomatis,C05135_4-(beta-Acetylaminoethyl)imidazole,206,0.16504878261410424,0.01775139129116667,0.08644155759176812,140.0,-0.131839768414276,0.1204830080024763,0.20354326351933497,True,False,False
discovery,Peptostreptococcus stomatis,C05584_4-Hydroxy-3-methoxymandelate,206,-0.014290360326569308,0.8384569593828335,0.9039193743934718,,,,,False,False,False
discovery,Peptostreptococcus stomatis,C11527_4-Hydroxymandelate,206,-0.09308217788076495,0.18327386918170557,0.37576998325871264,,,,,False,False,False
discovery,Peptostreptococcus stomatis,C00847_4-Pyridoxate,206,-0.1943413281605636,0.005124728126483344,0.04234201599586238,140.0,-0.15459562572776783,0.06818518939938484,0.13456015253152936,True,True,False
discovery,Peptostreptococcus stomatis,C00430_5-Aminolevulinate,206,-0.0767917357506887,0.2726051571369993,0.47425342398944725,,,,,False,False,False
discovery,Peptostreptococcus stomatis,C00431_5-Aminovalerate,206,0.22656576036333512,0.001057621515714615,0.01692194425143384,140.0,0.22432846552149716,0.007709334286016034,0.026862211652837118,True,True,True
discovery,Peptostreptococcus stomatis,C05635_5-Hydroxyindoleacetate,206,-0.04553043532798785,0.5157921108343191,0.6990609893571531,,,,,False,False,False
discovery,Peptostreptococcus stomatis,C16741_5-Hydroxylysine,206,0.08235269620129704,0.23927884826258303,0.43853287099760674,,,,,False,False,False
discovery,Peptostreptococcus stomatis,C05660_5-Methoxyindoleacetate,206,0.05044067093217399,0.4715169656285601,0.6692947236986142,,,,,False,False,False
discovery,Peptostreptococcus stomatis,C05659_5-Methoxytryptamine,206,0.0796002025726209,0.25539971306962866,0.45726982375521436,,,,,False,False,False
discovery,Peptostreptococcus stomatis,C03592_5-Methyl-2'-deoxycytidine,206,-0.2059252360250347,0.0029829410799263253,0.030068046085657357,140.0,-0.16104096960252354,0.05732755711449637,0.11728481868378615,True,True,False
discovery,Peptostreptococcus stomatis,C00440_5-Methyltetrahydrofolate,206,-0.09616246826904863,0.1691372619589023,0.3593505474121525,,,,,False,False,False
discovery,Peptostreptococcus stomatis,C00170_5-Methylthioadenosine,206,-0.1516844067953611,0.029522188709974476,0.12361042311855783,,,,,False,False,False
discovery,Peptostreptococcus stomatis,C01879_5-Oxoproline,206,-0.011397461978435195,0.8708379317715652,0.9190132319608088,,,,,False,False,False
discovery,Peptostreptococcus stomatis,C02378_6-Aminohexanoate,206,-0.018513568471864948,0.7916832615866213,0.8810095410225844,,,,,False,False,False
discovery,Peptostreptococcus stomatis,C06103_6-Hydroxyhexanoate,206,-0.23030678002100533,0.0008675483014505242,0.014574811464368806,140.0,-0.07984556251601817,0.34836074353651264,0.4413888966400132,True,True,False
discovery,Peptostreptococcus stomatis,"C02953_7,8-Dihydrobiopterin",206,0.01873445430967732,0.7892556808397518,0.8810095410225844,,,,,False,False,False
discovery,Peptostreptococcus stomatis,C02242_7-Methylguanine,206,0.15601458692052322,0.025134114551932915,0.10689952518290456,,,,,False,False,False
discovery,Gemella morbillorum,C00024_Acetyl CoA,206,-0.04181095761572203,0.5507013080963647,0.7275320033566653,,,,,False,False,False
discovery,Gemella morbillorum,C01996_Acetylcholine,206,0.12016714229666609,0.08534742209414886,0.22580105372940174,,,,,False,False,False
discovery,Gemella morbillorum,C00147_Adenine,206,-0.1440025922929018,0.03892065608554193,0.14317625684130128,,,,,False,False,False
discovery,Gemella morbillorum,C00212_Adenosine,206,-0.0424000365971172,0.5450964867206793,0.7235813859306658,,,,,False,False,False
discovery,Gemella morbillorum,C06104_Adipate,206,-0.25670590615329153,0.0001956152753086305,0.006061373063166045,140.0,-0.23108241627633977,0.006014817027322088,0.021988593394964354,True,True,True
discovery,Gemella morbillorum,C03626_ADMA,206,0.07775641590533261,0.26660864094496256,0.46982781481210184,,,,,False,False,False
discovery,Gemella morbillorum,C00008_ADP,206,0.2510286741219201,0.0002732042003210675,0.00736764779492982,140.0,0.06568409065951557,0.44067730201324107,0.5370002095571189,True,True,False
discovery,Gemella morbillorum,C00179_Agmatine,206,0.10754938467487697,0.12387815147857707,0.29768343731245356,,,,,False,False,False
discovery,Gemella morbillorum,C04677_AICAR,206,0.03267792474630902,0.6410100350595369,0.7899892168306092,,,,,False,False,False
discovery,Gemella morbillorum,C00041_Ala,206,0.12237867499177316,0.07971036839627806,0.21715689552283318,,,,,False,False,False
discovery,Gemella morbillorum,C00993_Ala-Ala,206,0.10235616122955148,0.14319510627971752,0.32582543370193057,,,,,False,False,False
discovery,Gemella morbillorum,C01551_Allantoin,206,-0.10453692852761969,0.13482118354061817,0.3124132253079152,,,,,False,False,False
discovery,Gemella morbillorum,C00956_alpha-Aminoadipate,206,-0.11062885342319899,0.11341603341940235,0.278837467528677,,,,,False,False,False
discovery,Gemella morbillorum,C02115_Alpha-Methylserine,206,-0.08477800107483664,0.22567644343752521,0.426795225112618,,,,,False,False,False
discovery,Gemella morbillorum,C00020_AMP,206,0.07448569656829909,0.287308564985164,0.4875539284596722,,,,,False,False,False
discovery,Gemella morbillorum,C01262_Anserine,206,0.013780727744839703,0.8441433585450427,0.905209048312131,,,,,False,False,False
discovery,Gemella morbillorum,C00062_Arg,206,0.11871408929283689,0.08922222753220223,0.2336000139024931,,,,,False,False,False
discovery,Gemella morbillorum,C03406_Argininosuccinate,206,0.14359197046115718,0.0394871025812319,0.14317625684130128,,,,,False,False,False
discovery,Gemella morbillorum,C00152_Asn,206,0.13148953415929945,0.059573910069583,0.18087500406668572,,,,,False,False,False
discovery,Gemella morbillorum,C00049_Asp,206,-0.06746139908696144,0.3353169704041748,0.5431318071526082,,,,,False,False,False
discovery,Gemella morbillorum,C08261_Azelate,206,-0.24770573890324868,0.00033103424967305525,0.008138598138303407,140.0,-0.10219044201326659,0.2295800821191433,0.33244388514655165,True,True,False
discovery,Gemella morbillorum,C09815_Benzamide,206,-0.1343906867867354,0.05411965055398845,0.16994581856205718,,,,,False,False,False
discovery,Gemella morbillorum,C00099_beta-Ala,206,0.08181923573025399,0.2423462224182601,0.44254527572030106,,,,,False,False,False
discovery,Gemella morbillorum,C05341_beta-Ala-Lys,206,0.03176203626020528,0.6503965266892598,0.7956307025519102,,,,,False,False,False
discovery,Gemella morbillorum,C00719_Betaine,206,0.11016737446904876,0.11493830252707615,0.2818924791904934,,,,,False,False,False
discovery,Gemella morbillorum,C00576_Betaine aldehyde,206,-0.06536338506899075,0.35059741108604264,0.5547111218435181,,,,,False,False,False
discovery,Gemella morbillorum,C00246_Butyrate,206,-0.08890308456615022,0.2038166589679076,0.3991607208151269,,,,,False,False,False
discovery,Gemella morbillorum,C01672_Cadaverine,206,0.05790268745299466,0.40840893252213967,0.6126133987832095,,,,,False,False,False
discovery,Gemella morbillorum,C00438_Carbamoylaspartate,206,0.04725398051830481,0.5000111840232201,0.683868756438814,,,,,False,False,False
discovery,Gemella morbillorum,C00318_Carnitine,206,0.031624110873925526,0.651814885001933,0.796105998443992,,,,,False,False,False
discovery,Gemella morbillorum,C00386_Carnosine,206,0.013848355027148675,0.8433883132267718,0.905209048312131,,,,,False,False,False
discovery,Gemella morbillorum,C02256_Castanospermine,206,-0.20015905665354863,0.003919229212008269,0.035269208039982056,140.0,0.020421557198868245,0.8107258332676576,0.8762961559160605,True,False,False
discovery,Gemella morbillorum,C00695_Cholate,206,0.2146601083697998,0.0019456591210675947,0.025053894419844493,140.0,0.21606872089719667,0.01034733663298264,0.033933177487575426,True,True,True
discovery,Gemella morbillorum,C00114_Choline,206,0.1012066652762881,0.14776557895776532,0.33173207926375825,,,,,False,False,False
discovery,Gemella morbillorum,C00417_cis-Aconitate,206,-0.0014213477749100648,0.9838231581328748,0.9897143147684011,,,,,False,False,False
discovery,Gemella morbillorum,C02226_Citraconate,206,0.0981337992071281,0.16052625191310302,0.3479794880180814,,,,,False,False,False
discovery,Gemella morbillorum,C02614_Citramalate,206,-0.009277001700778734,0.894713269360507,0.9348205301073065,,,,,False,False,False
discovery,Gemella morbillorum,C00327_Citrulline,206,-0.03702401408892633,0.597261812374155,0.7591928207732007,,,,,False,False,False
discovery,Gemella morbillorum,C00055_CMP,206,-0.07142121808633353,0.30765585382994753,0.5150210096667917,,,,,False,False,False
discovery,Gemella morbillorum,C00300_Creatine,206,0.1823316063250684,0.008714604312184404,0.057413863703803136,140.0,0.25055866141376637,0.0028279117732808237,0.013709224466122254,True,True,True
discovery,Gemella morbillorum,C00791_Creatinine,206,0.07566381022061183,0.2797317651499725,0.4819993491814911,,,,,False,False,False
discovery,Gemella morbillorum,C00571_Cyclohexylamine,206,0.018585657038574253,0.7908907717409541,0.8810095410225844,,,,,False,False,False
discovery,Gemella morbillorum,Cysteine-glutathione disulphide -Divalent,206,0.11688164773400456,0.09430786040497603,0.24312614651717604,,,,,False,False,False
discovery,Gemella morbillorum,C00491_Cystine,206,0.04801505435995898,0.49312455690468615,0.683868756438814,,,,,False,False,False
discovery,Gemella morbillorum,C00475_Cytidine,206,-0.1155312245381609,0.09820131936739519,0.24933735496809661,,,,,False,False,False
discovery,Gemella morbillorum,C00380_Cytosine,206,0.03536547442487566,0.613798159196819,0.7695379906348179,,,,,False,False,False
discovery,Gemella morbillorum,_DCA,206,-0.08914407063506728,0.20258865057276937,0.3991607208151269,,,,,False,False,False
discovery,Gemella morbillorum,_Diazoxide,206,-0.10405350077161558,0.13664429865771396,0.31591158955728366,,,,,False,False,False
discovery,Gemella morbillorum,C06772_Diethanolamine,206,0.09660219396295054,0.16718729899034931,0.35780211758444186,,,,,False,False,False
discovery,Gemella morbillorum,C00429_Dihydrouracil,206,0.1234558394708485,0.0770756488078756,0.2146194861832558,,,,,False,False,False
discovery,Gemella morbillorum,C02678_Dodecanedioate,206,-0.21014983442483848,0.002431061166318417,0.027286721838241875,140.0,-0.2791396750352345,0.0008382152404628309,0.005291357291223334,True,True,True
discovery,Gemella morbillorum,C02679_Dodecanoate,206,-0.00705720496482571,0.9198085745517962,0.9490190347349494,,,,,False,False,False
discovery,Gemella morbillorum,C00364_dTMP,206,-0.14253698238515597,0.04097437328756851,0.1457200337434574,,,,,False,False,False
discovery,Gemella morbillorum,C00122_Fumarate,206,0.21526363433451062,0.0018878861960810332,0.02503933270591686,140.0,0.3139181366226398,0.00015875311594042661,0.0021751606787103047,True,True,True
discovery,Gemella morbillorum,C00092_G6P,206,-0.0402999547346829,0.5652052398125674,0.7399050412091791,,,,,False,False,False
discovery,Gemella morbillorum,C00334_GABA,206,0.00015775111180980905,0.9982044603965167,0.9991957259977049,,,,,False,False,False
discovery,Gemella morbillorum,C01181_gamma-Butyrobetaine,206,0.028068215561019343,0.6888013590486268,0.8226442771576017,,,,,False,False,False
discovery,Gemella morbillorum,gamma-Glu-2AB,206,-0.16703744549085242,0.016406978978133577,0.08399369680478738,140.0,0.16991317558807847,0.044746049632302304,0.09594585642310974,True,False,False
discovery,Gemella morbillorum,C01035_gamma-Guanidinobutyrate,206,-0.02176773925965849,0.7561339719438954,0.866344506064637,,,,,False,False,False
discovery,Gemella morbillorum,C00064_Gln,206,-0.03765384068193828,0.5910352897861904,0.7561010125404005,,,,,False,False,False
discovery,Gemella morbillorum,C00025_Glu,206,-0.09516616650691974,0.17361792878440901,0.3618081032923896,,,,,False,False,False
discovery,Gemella morbillorum,C00329_Glucosamine,206,0.014024068231653326,0.8414271792732473,0.905209048312131,,,,,False,False,False
discovery,Gemella morbillorum,C00191_Glucuronate,206,0.1400822754120599,0.04461804452136813,0.1524575894153867,,,,,False,False,False
discovery,Gemella morbillorum,C01425_Glu-Glu,206,0.09307800706141973,0.18329358238570972,0.37576998325871264,,,,,False,False,False
discovery,Gemella morbillorum,C00489_Glutarate,206,-0.10284787911280757,0.14127320557955717,0.3221796181542842,,,,,False,False,False
discovery,Gemella morbillorum,C00127_Glutathione(ox),206,0.00923561812752736,0.8951802431768087,0.9348205301073065,,,,,False,False,False
discovery,Gemella morbillorum,C00037_Gly,206,0.08405559282338584,0.22966950282521914,0.43111146899035546,,,,,False,False,False
discovery,Gemella morbillorum,C00093_Glycerophosphate,206,-0.01652728034966667,0.8136004538193466,0.8987314321944536,,,,,False,False,False
discovery,Gemella morbillorum,C00670_Glycerophosphorylcholine,206,0.08579262245451885,0.2201516493158779,0.41949501419736285,,,,,False,False,False
discovery,Gemella morbillorum,C01921_Glycocholate,206,0.16384414908289646,0.018611547429648868,0.08976286989993329,140.0,0.2297578111089446,0.006318271722020621,0.022725396677590298,True,True,True
discovery,Gemella morbillorum,C02037_Gly-Gly,206,0.20868322529776573,0.0026111517973203377,0.027669066613423766,140.0,0.08206263599925427,0.3350961340542306,0.4311913183303772,True,True,False
discovery,Gemella morbillorum,C02155_Gly-Leu,206,-0.0039408491751287975,0.9551682479499753,0.9686213218647637,,,,,False,False,False
discovery,Gemella morbillorum,C00581_Guanidinoacetate,206,-0.019456832657090202,0.7813308805815021,0.880408324955415,,,,,False,False,False
discovery,Gemella morbillorum,C03139_Guanidinosuccinate,206,0.05556771095721037,0.42759908292819776,0.6310884838966757,,,,,False,False,False
discovery,Gemella morbillorum,C00242_Guanine,206,0.0749338368501837,0.2844103970602254,0.4869663023637344,,,,,False,False,False
discovery,Gemella morbillorum,C00387_Guanosine,206,-0.09305305719737311,0.183411539447705,0.37576998325871264,,,,,False,False,False
discovery,Gemella morbillorum,C01585_Hexanoate,206,-0.06718164181868201,0.3373295530567322,0.5431318071526082,,,,,False,False,False
discovery,Gemella morbillorum,C01586_Hippurate,206,-0.09874642102377676,0.15791839260222473,0.346047260310962,,,,,False,False,False
discovery,Gemella morbillorum,C00135_His,206,0.05729817755664471,0.41332765563870866,0.6181517461184248,,,,,False,False,False
discovery,Gemella morbillorum,C00388_Histamine,206,0.08603978907345233,0.21882049759995048,0.4177482226908146,,,,,False,False,False
discovery,Gemella morbillorum,C00860_Histidinol,206,0.14165159938584587,0.0422586440670909,0.1473934713481925,,,,,False,False,False
discovery,Gemella morbillorum,C00263_Homoserine,206,-0.0977235471615678,0.1622906226178745,0.350297532331515,,,,,False,False,False
discovery,Gemella morbillorum,C05582_Homovanillate,206,-0.06479647210732797,0.35480045787052,0.5579389415498973,,,,,False,False,False
discovery,Gemella morbillorum,C01015_Hydroxyproline,206,0.06538074094409221,0.35046923241590194,0.5547111218435181,,,,,False,False,False
discovery,Gemella morbillorum,C07044_Hydroxyurea,206,0.039774084123333595,0.5702954154700766,0.7446344284894264,,,,,False,False,False
discovery,Gemella morbillorum,C00262_Hypoxanthine,206,-0.06588423542509014,0.34676361232950165,0.5513213268582613,,,,,False,False,False
discovery,Gemella morbillorum,C00407_Ile,206,0.10139091161759282,0.14702564785764013,0.3315477696655509,,,,,False,False,False
discovery,Gemella morbillorum,C02835_Imidazole-4-acetate,206,-0.17685548835513737,0.01099098074829689,0.06562068924744056,140.0,-0.11495580776706049,0.17622532495835325,0.2797996084165718,True,True,False
discovery,Gemella morbillorum,C00637_Indole-3-acetaldehyde,206,-0.024989386039867483,0.7214374100829669,0.8455254336847398,,,,,False,False,False
discovery,Gemella morbillorum,C02693_Indole-3-acetamide,206,-0.14825365651357944,0.03344846394584174,0.13379385578336697,,,,,False,False,False
discovery,Gemella morbillorum,C00954_Indole-3-acetate,206,-0.07183342864243843,0.30486510328841093,0.5117379035878138,,,,,False,False,False
discovery,Gemella morbillorum,C00294_Inosine,206,-0.1510307528939004,0.0302383448849242,0.125951453074395,,,,,False,False,False
discovery,Gemella morbillorum,C05123_Isethionate,206,-0.09925235876317268,0.15578879720180397,0.3421244173843538,,,,,False,False,False
discovery,Gemella morbillorum,C00630_Isobutyryl CoA,206,0.04219092538943791,0.5470828637009568,0.7245385673225007,,,,,False,False,False
discovery,Gemella morbillorum,C00311_Isocitrate,206,0.1242328288118601,0.07521924017636664,0.21120054066233307,,,,,False,False,False
discovery,Gemella morbillorum,C05771_Isopropanolamine,206,0.045189918380425485,0.5189399807505343,0.7002563595669861,,,,,False,False,False
discovery,Gemella morbillorum,C00186_Lactate,206,0.09801568844852299,0.16103272922580492,0.3483283069948741,,,,,False,False,False
discovery,Gemella morbillorum,C00123_Leu,206,0.031457445366389794,0.6535304623104128,0.796105998443992,,,,,False,False,False
discovery,Gemella morbillorum,C00047_Lys,206,0.15406580357733365,0.02703427483009159,0.11449810516274085,,,,,False,False,False
discovery,Gemella morbillorum,C00711_Malate,206,0.1507675638991934,0.03053085610104574,0.12628077179872702,,,,,False,False,False
discovery,Gemella morbillorum,C00383_Malonate,206,-0.011147664165291681,0.8736448979753593,0.9202027765508486,,,,,False,False,False
discovery,Gemella morbillorum,C03570_Mannosamine,206,0.014424547786000972,0.8369610959657402,0.903272788793861,,,,,False,False,False
discovery,Gemella morbillorum,C00073_Met,206,0.13596658735856115,0.051334623670107965,0.1632343869383875,,,,,False,False,False
discovery,Gemella morbillorum,C02989_Methionine sulfoxide,206,-0.05068785138154619,0.46934453990451436,0.6690955793471108,,,,,False,False,False
discovery,Gemella morbillorum,C00879_Mucate,206,-0.03564866116847061,0.6109605052068302,0.7678905102848937,,,,,False,False,False
discovery,Gemella morbillorum,"C01026_N,N-Dimethylglycine",206,-0.2308382618175083,0.0008432549226967406,0.01440679596742906,140.0,-0.11659762118460039,0.17008925113573392,0.27287700002351556,True,True,False
discovery,Gemella morbillorum,"C03413_N1,N12-Diacetylspermine",206,-0.012998823802420777,0.8528833157753507,0.9086720924887861,,,,,False,False,False
discovery,Gemella morbillorum,"N1,N8-Diacetylspermidine",206,-0.08273577072236536,0.2370930214805519,0.43827047653029266,,,,,False,False,False
discovery,Gemella morbillorum,C00612_N1-Acetylspermidine,206,0.09190636336855172,0.18889324846582328,0.38080878890709974,,,,,False,False,False
discovery,Gemella morbillorum,C02567_N1-Acetylspermine,206,0.14468126915636317,0.037999456329300296,0.14317625684130128,,,,,False,False,False
discovery,Gemella morbillorum,C02567_N1-Acetylspermine_div,206,0.11765396898827445,0.09213697866540432,0.2387508341766775,,,,,False,False,False
discovery,Gemella morbillorum,"C03793_N6,N6,N6-Trimethyllysine",206,-0.024660305125734774,0.7249569419358094,0.8467631488659281,,,,,False,False,False
discovery,Gemella morbillorum,C03795_N6-Methyl-2'-deoxyadenosine,206,0.06081665999015684,0.3851885529660874,0.5838647539696482,,,,,False,False,False
discovery,Gemella morbillorum,C01029_N8-Acetylspermidine,206,0.08317034827350492,0.23463032116533206,0.4363604496949349,,,,,False,False,False
discovery,Gemella morbillorum,C01042_N-Acetylaspartate,206,-0.17506392029131237,0.011842023440557055,0.06883442747651398,140.0,-0.23749395324166903,0.004721958209982288,0.01914539419683728,True,True,True
discovery,Gemella morbillorum,C01073_N-Acetyl-beta-alanine,206,0.042124283056693024,0.5477166550592713,0.7245385673225007,,,,,False,False,False
discovery,Gemella morbillorum,C00140_N-Acetylglucosamine,206,0.004731051393840214,0.9461911858798085,0.9651055250151578,,,,,False,False,False
discovery,Gemella morbillorum,C04501_N-Acetylglucosamine 1-phosphate,206,-0.02895820923294674,0.6794702869460554,0.8137176618986747,,,,,False,False,False
discovery,Gemella morbillorum,C00357_N-Acetylglucosamine 6-phosphate,206,0.17499962785732265,0.011873613681634473,0.06883442747651398,140.0,0.027820337651506197,0.7442074950129027,0.8175284304821543,True,True,False
discovery,Gemella morbillorum,C00624_N-Acetylglutamate,206,-0.170044270703763,0.014542908817939782,0.07756218036234551,140.0,-0.0970381464969846,0.25404851106908094,0.3497087528913892,True,True,False
discovery,Gemella morbillorum,C02997_N-Acetylhistidine,206,-0.15652557231050745,0.024655295006813842,0.10620742464473655,,,,,False,False,False
discovery,Gemella morbillorum,C02710_N-Acetylleucine,206,-0.17467992956908565,0.01203180216153924,0.06890941237972474,140.0,0.06569714799315311,0.44058626179319904,0.5370002095571189,True,False,False
discovery,Gemella morbillorum,C02713_N-Acetylmuramate,206,0.12606404477824398,0.07098716681748525,0.20270556417004287,,,,,False,False,False
discovery,Gemella morbillorum,C00270_N-Acetylneuraminate,206,0.015187300687454918,0.8284695239613722,0.89892064602052,,,,,False,False,False
discovery,Gemella morbillorum,C00437_N-Acetylornithine,206,-0.022066255462234154,0.7528971760306218,0.8645516942527471,,,,,False,False,False
discovery,Gemella morbillorum,C02714_N-Acetylputrescine,206,0.061963501266073855,0.37627395744903974,0.5746729531948971,,,,,False,False,False
discovery,Gemella morbillorum,N-Acetylvaline,206,-0.1563631761000188,0.024806611083772905,0.10640452754231101,,,,,False,False,False
discovery,Gemella morbillorum,C00003_NAD+,206,-0.027279695691177074,0.6971080454988321,0.8270448824383126,,,,,False,False,False
discovery,Gemella morbillorum,"C04259_N-alpha,N-alpha-Dimethylhistidine",206,-0.0940115315398247,0.17892010665844446,0.37033155546552776,,,,,False,False,False
discovery,Gemella morbillorum,C02727_N-epsilon-Acetyllysine,206,-0.07538645483521542,0.2815032705254681,0.4842240557844229,,,,,False,False,False
discovery,Gemella morbillorum,C01047_N-gamma-Ethylglutamine,206,-0.12790989273366754,0.06691946250425379,0.1955212121863415,,,,,False,False,False
discovery,Gemella morbillorum,C00153_Nicotinamide,206,0.03785022991188222,0.5890998459043699,0.7561010125404005,,,,,False,False,False
discovery,Gemella morbillorum,C00253_Nicotinate,206,-0.07777653969552292,0.26648451691856223,0.46982781481210184,,,,,False,False,False
discovery,Gemella morbillorum,C02721_N-Methylalanine,206,-0.13833277808057304,0.04737736314969926,0.15728489813662644,,,,,False,False,False
discovery,Gemella morbillorum,C01046_N-Methylglutamate,206,-0.07708094873127902,0.2707978540375823,0.473896244565769,,,,,False,False,False
discovery,Gemella morbillorum,C00547_Noradrenaline,206,0.07640208902898876,0.2750530011357371,0.47720038751260413,,,,,False,False,False
discovery,Gemella morbillorum,C06524_Nornicotine,206,0.13086629407218678,0.06080282163379527,0.18295296778168846,,,,,False,False,False
discovery,Gemella morbillorum,C02571_o-Acetylcarnitine,206,0.1446202481702325,0.03808152287675292,0.14317625684130128,,,,,False,False,False
discovery,Gemella morbillorum,C04137_Octopine,206,0.19226720360390226,0.005629069428572614,0.04364693833847073,140.0,-0.03378438941027576,0.6919046968089597,0.7753504893889347,True,False,False
discovery,Gemella morbillorum,C01005_O-Phosphoserine,206,0.14923272339472143,0.03228517829513742,0.13069662538754426,,,,,False,False,False
discovery,Gemella morbillorum,Ophthalmate,206,0.23610553916555524,0.0006341669759954243,0.011622551123697958,140.0,0.13650014953262962,0.10780277444162849,0.18781264609752463,True,True,False
discovery,Gemella morbillorum,C00077_Ornithine,206,0.018421661556282137,0.7926939299752136,0.8810095410225844,,,,,False,False,False
discovery,Gemella morbillorum,C01118_o-Succinylhomoserine,206,0.05645410537625432,0.42025356761796623,0.6238815849173932,,,,,False,False,False
discovery,Gemella morbillorum,C00568_p-Aminobenzoate,206,-0.19525634078920145,0.004915418297149085,0.04128951369605231,140.0,-0.15904209307416559,0.0605311412896311,0.12052182596060478,True,True,False
discovery,Gemella morbillorum,C00864_Pantothenate,206,-0.004544133361640088,0.9483140910641378,0.9655561654471221,,,,,False,False,False
discovery,Gemella morbillorum,C01601_Pelargonate,206,0.036615896538537404,0.6013122404919345,0.761460726653103,,,,,False,False,False
discovery,Gemella morbillorum,C00803_Valerate,206,-0.0730840450321144,0.29650052120680437,0.5014639687524476,,,,,False,False,False
discovery,Gemella morbillorum,C00079_Phe,206,0.13713510242754634,0.04934733515425742,0.1604795996284046,,,,,False,False,False
discovery,Gemella morbillorum,C05598_Phenaceturate,206,0.07936335779521267,0.25682107620528194,0.4589993702392273,,,,,False,False,False
discovery,Gemella morbillorum,C05332_Phenethylamine,206,0.13668252168644238,0.05010930007995197,0.16189158487369099,,,,,False,False,False
discovery,Gemella morbillorum,C02735_Phenylethanolamine,206,0.01928561839543734,0.7832071709536202,0.880408324955415,,,,,False,False,False
discovery,Gemella morbillorum,C00588_Phosphorylcholine,206,0.11636757122587013,0.09577527906466174,0.24502914034817014,,,,,False,False,False
discovery,Gemella morbillorum,C01606_Phthalate,206,-0.13678925374467027,0.04992872950302163,0.16182687890368425,,,,,False,False,False
discovery,Gemella morbillorum,C00642_p-Hydroxyphenylacetate,206,-0.15996779240506964,0.021629626328334768,0.09865804742499479,140.0,0.2011862545890091,0.017146522873412857,0.04902146924065471,True,False,False
discovery,Gemella morbillorum,C02656_Pimelate,206,-0.265615683778058,0.00011401631823239745,0.003963049957870919,140.0,-0.1757194135726657,0.03783047535561031,0.08608363269694999,True,True,True
discovery,Gemella morbillorum,C00408_Pipecolate,206,-0.1387212056173271,0.046752737007102196,0.15718930150315488,,,,,False,False,False
discovery,Gemella morbillorum,C00931_Porphobilinogen,206,0.22176920055373792,0.0013571866603679919,0.019460049352664464,140.0,-0.2812508874684046,0.0007621597196486814,0.005291357291223334,True,False,False
discovery,Gemella morbillorum,C00148_Pro,206,0.0255360311764142,0.7156039734241163,0.8426125878944741,,,,,False,False,False
discovery,Gemella morbillorum,C10172_Proline betaine,206,-0.12039771833908607,0.084745157488639,0.22556367153743462,,,,,False,False,False
discovery,Gemella morbillorum,C00163_Propionate,206,-0.024022399053588134,0.7317957641816691,0.8523409283458614,,,,,False,False,False
discovery,Gemella morbillorum,C01736_Purine riboside,206,-0.10339917274124752,0.13914191894918712,0.3209497810086513,,,,,False,False,False
discovery,Gemella morbillorum,C00134_Putrescine,206,0.12379885858739895,0.07625157706172539,0.21350441577283108,,,,,False,False,False
discovery,Gemella morbillorum,C00250_Pyridoxal,206,-0.18341911864898064,0.008315910008710467,0.055668488805943925,140.0,-0.20613244622786117,0.014548555698200858,0.043842269198632315,True,True,True
discovery,Gemella morbillorum,C00534_Pyridoxamine,206,-0.07694290605754228,0.2716594686978564,0.47410134552716493,,,,,False,False,False
discovery,Gemella morbillorum,C00647_Pyridoxamine 5'-phosphate,206,-0.0628157829536158,0.36973160183220327,0.5690008285087531,,,,,False,False,False
discovery,Gemella morbillorum,C00314_Pyridoxine,206,-0.16609020441720232,0.01703585546493711,0.08490038120295673,140.0,-0.10711369214160595,0.20779529260850116,0.30892233501130506,True,True,False
discovery,Gemella morbillorum,C00296_Quinate,206,-0.07890580089179766,0.2595824006271134,0.46229515871401117,,,,,False,False,False
discovery,Gemella morbillorum,C00255_Riboflavin,206,-0.08716052243332306,0.21285663127377097,0.411809965971276,,,,,False,False,False
discovery,Gemella morbillorum,C00449_Saccharopine,206,-0.09255767983274256,0.185765136867687,0.37828536962147175,,,,,False,False,False
discovery,Gemella morbillorum,C00019_SAM+,206,0.01910339885703285,0.7852054406100377,0.880408324955415,,,,,False,False,False
discovery,Gemella morbillorum,C00213_Sarcosine,206,0.08047369016539792,0.25020466806072433,0.4511740704923258,,,,,False,False,False
discovery,Gemella morbillorum,SDMA,206,0.02078969248925836,0.7667683985491032,0.8753143213335175,,,,,False,False,False
discovery,Gemella morbillorum,C08277_Sebacate,206,-0.21135253778135632,0.002291880056099239,0.026862966238930617,140.0,-0.19985572109064564,0.017910646520683405,0.05055790093813164,True,True,True
discovery,Gemella morbillorum,C00065_Ser,206,-0.09579611572937594,0.17077474196228656,0.3593505474121525,,,,,False,False,False
discovery,Gemella morbillorum,C00493_Shikimate,206,-0.0504673341721862,0.4712823625758681,0.6692947236986142,,,,,False,False,False
discovery,Gemella morbillorum,C00315_Spermidine,206,0.11383481361364561,0.10327169190434653,0.2583073584108717,,,,,False,False,False
discovery,Gemella morbillorum,C00042_Succinate,206,0.2092248357610088,0.0025432812188120636,0.027565886758737206,140.0,0.17720627777339495,0.0362118034195671,0.0841170016933694,True,True,True
discovery,Gemella morbillorum,C04548_Synephrine,206,0.07691150360257432,0.27185573185982276,0.47410134552716493,,,,,False,False,False
discovery,Gemella morbillorum,C00245_Taurine,206,0.05503145050848922,0.4320788509647872,0.6333850442291648,,,,,False,False,False
discovery,Gemella morbillorum,C05122_Taurocholate,206,0.19557983569573117,0.004843275663670951,0.04102539385697747,140.0,0.20786940155933367,0.013721414648172756,0.04334344431757531,True,True,True
discovery,Gemella morbillorum,C01959_Taurocyamine,206,-0.04733284310009852,0.49929524597566166,0.683868756438814,,,,,False,False,False
discovery,Gemella morbillorum,C06337_Terephthalate,206,-0.17089402925472094,0.014050896609472034,0.0769077228322885,140.0,0.0007915114933748427,0.9925946787291011,0.9925946787291011,True,False,False
discovery,Gemella morbillorum,C00378_Thiamine,206,-0.2506743856451521,0.0002788891392066476,0.00736764779492982,140.0,-0.18530255542457277,0.028387341863276558,0.06806857242484594,True,True,True
discovery,Gemella morbillorum,C01081_Thiamine monophosphate,206,-0.10549965433870839,0.13124618377077327,0.3069516316495115,,,,,False,False,False
discovery,Gemella morbillorum,C00188_Thr,206,-0.019817887154286826,0.7773783341088816,0.880408324955415,,,,,False,False,False
discovery,Gemella morbillorum,C01620_Threonate,206,-0.030744381154616307,0.660890865223384,0.8011050710331892,,,,,False,False,False
discovery,Gemella morbillorum,C00214_Thymidine,206,0.013091018267041536,0.8518518310203028,0.9086720924887861,,,,,False,False,False
discovery,Gemella morbillorum,C00178_Thymine,206,0.03179410935689854,0.6500668822059353,0.7956307025519102,,,,,False,False,False
discovery,Gemella morbillorum,C00423_trans-Cinnamate,206,-0.10312401231202077,0.14020258960101054,0.3221796181542842,,,,,False,False,False
discovery,Gemella morbillorum,C00371_trans-Zeatin,206,0.08031283937065695,0.25115577932540295,0.45166517282944135,,,,,False,False,False
discovery,Gemella morbillorum,C01004_Trigonelline,206,-0.1252170405869951,0.07291992703285707,0.206988382493638,,,,,False,False,False
discovery,Gemella morbillorum,C01104_Trimethylamine N-oxide,206,0.06429119466730299,0.3585730403886942,0.5603746119562849,,,,,False,False,False
discovery,Gemella morbillorum,C01008_Trimethylsulfonium,206,0.01885551472515542,0.7879260613693141,0.8810095410225844,,,,,False,False,False
discovery,Gemella morbillorum,C00078_Trp,206,0.11904842487642425,0.08831843536321425,0.23244120847550906,,,,,False,False,False
discovery,Gemella morbillorum,C00398_Tryptamine,206,0.16608565272786704,0.01703892733688172,0.08490038120295673,140.0,-0.007079747142970954,0.9338366630995962,0.9664573186614566,True,False,False
discovery,Gemella morbillorum,C00082_Tyr,206,0.13165748632852475,0.0592462616359497,0.1804236608128015,,,,,False,False,False
discovery,Gemella morbillorum,C00483_Tyramine,206,0.06021035835481076,0.38995278078450546,0.5901988033495218,,,,,False,False,False
discovery,Gemella morbillorum,C00015_UDP,206,0.12037277274025465,0.08481015031020607,0.22556367153743462,,,,,False,False,False
discovery,Gemella morbillorum,C00029_UDP-glucose,206,0.017905099404109427,0.79838077235068,0.8853331336958035,,,,,False,False,False
discovery,Gemella morbillorum,C00043_UDP-N-acetylglucosamine,206,0.121113968940577,0.0828960489253673,0.2228245795113873,,,,,False,False,False
discovery,Gemella morbillorum,C00105_UMP,206,-0.011329289926941391,0.8716038192009258,0.9190132319608088,,,,,False,False,False
discovery,Gemella morbillorum,C00366_Urate,206,0.16599827132490702,0.017097993436706566,0.08490038120295673,140.0,0.08150885320514316,0.3383788372547803,0.4311913183303772,True,True,False
discovery,Gemella morbillorum,C00086_Urea,206,0.10875437957180734,0.11969864968355336,0.2921458568547743,,,,,False,False,False
discovery,Gemella morbillorum,C00299_Uridine,206,-0.2775902150207115,5.354191883788591e-05,0.0023465327908082172,140.0,0.013857700869548593,0.8709087499555576,0.920439105403267,True,False,False
discovery,Gemella morbillorum,C00785_Urocanate,206,-0.12465363235000174,0.07422906963779978,0.20900252009749212,,,,,False,False,False
discovery,Gemella morbillorum,C00183_Val,206,0.0645327637482463,0.3567662854558836,0.5584167946266004,,,,,False,False,False
discovery,Gemella morbillorum,"C00986_1,3-Diaminopropane",206,0.07400774145272364,0.2904212774840318,0.4920078112670656,,,,,False,False,False
discovery,Gemella morbillorum,C01234_1-Aminocyclopropane-1-carboxylate,206,0.07674724377185246,0.2728839145971026,0.47425342398944725,,,,,False,False,False
discovery,Gemella morbillorum,C11118_1-Methyl-2-pyrrolidinone,206,-0.0664523595419707,0.3426121776154709,0.5468345777956449,,,,,False,False,False
discovery,Gemella morbillorum,C02494_1-Methyladenosine,206,0.0761381852337353,0.27671933606506144,0.4786314955556854,,,,,False,False,False
discovery,Gemella morbillorum,C05127_1-Methylhistamine,206,0.16933815833803165,0.014963154219262876,0.07883639700659015,140.0,-0.06316970937024526,0.45840611627587236,0.5555682822256497,True,False,False
discovery,Gemella morbillorum,C02918_1-Methylnicotinamide,206,0.050617761353607904,0.46995999025570884,0.6690955793471108,,,,,False,False,False
discovery,Gemella morbillorum,"C03283_2,4-Diaminobutyrate",206,-0.06353862148899997,0.36423824799715443,0.5648494676632795,,,,,False,False,False
discovery,Gemella morbillorum,"C11003_2,4-Dimethylaniline",206,-0.09514252309552966,0.17372531943801248,0.3618081032923896,,,,,False,False,False
discovery,Gemella morbillorum,"C00628_2,5-Dihydroxybenzoate",206,0.19317267245306413,0.005403671142171087,0.04248043128542632,140.0,0.1681647284192118,0.04702441948451414,0.09892873155704389,True,True,True
discovery,Gemella morbillorum,C02356_2AB,206,0.04012147621686349,0.5669303944826962,0.7412008270279609,,,,,False,False,False
discovery,Gemella morbillorum,C00881_2'-Deoxycytidine,206,-0.23789790971111313,0.000574728678008358,0.0110525061346347,140.0,0.20317405789178247,0.01605766179549462,0.046504656888250645,True,False,False
discovery,Gemella morbillorum,C03264_2-Hydroxy-4-methylpentanoate,206,0.15681860903381262,0.024384259626988574,0.10549070259229391,,,,,False,False,False
discovery,Gemella morbillorum,C05984_2-Hydroxybutyrate,206,0.0672209535012621,0.33704627911647206,0.5431318071526082,,,,,False,False,False
discovery,Gemella morbillorum,C02630_2-Hydroxyglutarate,206,0.09269005892245137,0.18513402864865636,0.37828536962147175,,,,,False,False,False
discovery,Gemella morbillorum,2-Hydroxyisobutyrate,206,-0.16669121101365333,0.016634457696546597,0.08425896159858778,140.0,0.03316266327619652,0.69729462097099,0.7774835023826538,True,False,False
discovery,Gemella morbillorum,2-Hydroxyoctanoate,206,0.015320474346678634,0.8269889376012541,0.89892064602052,,,,,False,False,False
discovery,Gemella morbillorum,2-Hydroxypentanoate,206,0.08995323375176871,0.19850450740905298,0.3931091227275548,,,,,False,False,False
discovery,Gemella morbillorum,C02504_2-Isopropylmalate,206,-0.03525885687541623,0.6148680060337621,0.7699216771205369,,,,,False,False,False
discovery,Gemella morbillorum,C01744_3-(4-Hydroxyphenyl)propionate,206,0.0946199103084324,0.17611167222337293,0.36602178474465963,,,,,False,False,False
discovery,Gemella morbillorum,C05145_3-Aminoisobutyrate,206,0.05665726794611235,0.41858039201241654,0.6232334344882066,,,,,False,False,False
discovery,Gemella morbillorum,"C06057_3-Aminopropane-1,2-diol",206,-0.07038961511999198,0.31471335450262733,0.5217616140438296,,,,,False,False,False
discovery,Gemella morbillorum,C03761_3-Hydroxy-3-methylglutarate,206,-0.02654376635810921,0.704893391193615,0.8349383529061857,,,,,False,False,False
discovery,Gemella morbillorum,C01089_3-Hydroxybutyrate,206,-0.019353620456785025,0.7824618044211047,0.880408324955415,,,,,False,False,False
discovery,Gemella morbillorum,C11284_3-Indolebutyrate,206,0.07079218029503469,0.3119468179824126,0.5188818358519338,,,,,False,False,False
discovery,Gemella morbillorum,C08262_Isovalerate,206,-0.17683177902380295,0.011001881431366522,0.06562068924744056,140.0,-0.10470726613623926,0.21825066153752995,0.32231720213820647,True,True,False
discovery,Gemella morbillorum,C02230_3-Methylguanine,206,-0.028860596525921427,0.6804913548955572,0.8137176618986747,,,,,False,False,False
discovery,Gemella morbillorum,C01152_3-Methylhistidine,206,4.054041823977478e-05,0.9995385643713439,0.9995385643713439,,,,,False,False,False
discovery,Gemella morbillorum,C05629_3-Phenylpropionate,206,-0.12794916322171013,0.06683503624067785,0.1955212121863415,,,,,False,False,False
discovery,Gemella morbillorum,C05135_4-(beta-Acetylaminoethyl)imidazole,206,0.10663526449662014,0.12712349217119293,0.30150701202014696,,,,,False,False,False
discovery,Gemella morbillorum,C05584_4-Hydroxy-3-methoxymandelate,206,0.14408038063837353,0.038814123868006443,0.14317625684130128,,,,,False,False,False
discovery,Gemella morbillorum,C11527_4-Hydroxymandelate,206,-0.06252955224594652,0.37192092082677186,0.5714882441972349,,,,,False,False,False
discovery,Gemella morbillorum,C00847_4-Pyridoxate,206,-0.2877350144454573,2.7447052078788706e-05,0.0016109552420286762,140.0,-0.06011688892764207,0.48045316531559895,0.5760271820719277,True,True,False
discovery,Gemella morbillorum,C00430_5-Aminolevulinate,206,-0.04235148226987434,0.5455573941540734,0.7235813859306658,,,,,False,False,False
discovery,Gemella morbillorum,C00431_5-Aminovalerate,206,0.15994627005356943,0.021647499282440214,0.09865804742499479,140.0,0.1830810575202645,0.030375601682476314,0.0720612678211938,True,True,True
discovery,Gemella morbillorum,C05635_5-Hydroxyindoleacetate,206,-0.03685576064128865,0.598930178810336,0.760354685441837,,,,,False,False,False
discovery,Gemella morbillorum,C16741_5-Hydroxylysine,206,0.06466417484869254,0.35578582463287645,0.5580881837595637,,,,,False,False,False
discovery,Gemella morbillorum,C05660_5-Methoxyindoleacetate,206,0.2021092349335583,0.003576455537906326,0.033074010845959415,140.0,0.03704041360593479,0.6639341333857709,0.7477642007324591,True,True,False
discovery,Gemella morbillorum,C05659_5-Methoxytryptamine,206,-0.12183761643475605,0.08106094297184889,0.2190601354306265,,,,,False,False,False
discovery,Gemella morbillorum,C03592_5-Methyl-2'-deoxycytidine,206,-0.1439983442360811,0.038926480951057656,0.14317625684130128,,,,,False,False,False
discovery,Gemella morbillorum,C00440_5-Methyltetrahydrofolate,206,-0.010701557929421991,0.8786616794436961,0.9235568017510383,,,,,False,False,False
discovery,Gemella morbillorum,C00170_5-Methylthioadenosine,206,-0.0550038164299135,0.43231042701355693,0.6333850442291648,,,,,False,False,False
discovery,Gemella morbillorum,C01879_5-Oxoproline,206,-0.027375414851754473,0.696097740962247,0.8270448824383126,,,,,False,False,False
discovery,Gemella morbillorum,C02378_6-Aminohexanoate,206,-0.21005284196045312,0.002442613407870346,0.027286721838241875,140.0,-0.12013425653000934,0.15741193821672206,0.25810928104653685,True,True,False
discovery,Gemella morbillorum,C06103_6-Hydroxyhexanoate,206,-0.15022107675832994,0.031145939892598166,0.12788207861562612,,,,,False,False,False
discovery,Gemella morbillorum,"C02953_7,8-Dihydrobiopterin",206,0.08278700265214248,0.23680175694949998,0.43827047653029266,,,,,False,False,False
discovery,Gemella morbillorum,C02242_7-Methylguanine,206,0.028975999619691967,0.679284255185493,0.8137176618986747,,,,,False,False,False
discovery,Fusobacterium nucleatum,C00024_Acetyl CoA,206,-0.03581766177750116,0.6092698014371261,0.7678905102848937,,,,,False,False,False
discovery,Fusobacterium nucleatum,C01996_Acetylcholine,206,0.015187628277847143,0.8284658811612554,0.89892064602052,,,,,False,False,False
discovery,Fusobacterium nucleatum,C00147_Adenine,206,-0.25084843707918486,0.00027608268664767625,0.00736764779492982,140.0,-0.09976440895791801,0.2408865744940036,0.33784720825259623,True,True,False
discovery,Fusobacterium nucleatum,C00212_Adenosine,206,0.014907640322887824,0.8315806710032141,0.9008255104019927,,,,,False,False,False
discovery,Fusobacterium nucleatum,C06104_Adipate,206,-0.14247999050497548,0.04105604125311697,0.1457200337434574,,,,,False,False,False
discovery,Fusobacterium nucleatum,C03626_ADMA,206,-0.081182748769873,0.24604177955799758,0.4460613557454345,,,,,False,False,False
discovery,Fusobacterium nucleatum,C00008_ADP,206,0.14834372184305192,0.03333998603112795,0.13379385578336697,,,,,False,False,False
discovery,Fusobacterium nucleatum,C00179_Agmatine,206,0.04337584814849697,0.5358743727442931,0.7144991636590574,,,,,False,False,False
discovery,Fusobacterium nucleatum,C04677_AICAR,206,0.01698561233240251,0.8085295585914418,0.8946188749288401,,,,,False,False,False
discovery,Fusobacterium nucleatum,C00041_Ala,206,-0.059981572771330226,0.39175974590041385,0.5920447134447033,,,,,False,False,False
discovery,Fusobacterium nucleatum,C00993_Ala-Ala,206,0.07882112378414698,0.26009565054476,0.462392267635129,,,,,False,False,False
discovery,Fusobacterium nucleatum,C01551_Allantoin,206,0.05756853285157144,0.4111235620212483,0.6157690200853169,,,,,False,False,False
discovery,Fusobacterium nucleatum,C00956_alpha-Aminoadipate,206,-0.11448974600526891,0.10129022571688517,0.25525136880655064,,,,,False,False,False
discovery,Fusobacterium nucleatum,C02115_Alpha-Methylserine,206,0.02206985856508858,0.7528581339660753,0.8645516942527471,,,,,False,False,False
discovery,Fusobacterium nucleatum,C00020_AMP,206,-0.02491619934573572,0.7222196412723819,0.8455254336847398,,,,,False,False,False
discovery,Fusobacterium nucleatum,C01262_Anserine,206,-0.043848909431371035,0.5314318485471621,0.71045530946358,,,,,False,False,False
discovery,Fusobacterium nucleatum,C00062_Arg,206,-0.1283524932510885,0.0659729593349745,0.1944316761040456,,,,,False,False,False
discovery,Fusobacterium nucleatum,C03406_Argininosuccinate,206,-0.03752310578732104,0.5923253078385371,0.7561010125404005,,,,,False,False,False
discovery,Fusobacterium nucleatum,C00152_Asn,206,-0.10036561410101127,0.15117914681736483,0.3349199560261621,,,,,False,False,False
discovery,Fusobacterium nucleatum,C00049_Asp,206,-0.14286339270742207,0.04050926312557776,0.14531436736862058,,,,,False,False,False
discovery,Fusobacterium nucleatum,C08261_Azelate,206,-0.18509553026312153,0.007733011160549661,0.05399346284503602,140.0,-0.18995020900734585,0.0245840042658495,0.06159812304813976,True,True,True
discovery,Fusobacterium nucleatum,C09815_Benzamide,206,0.038444051111167686,0.5832653880079981,0.7561010125404005,,,,,False,False,False
discovery,Fusobacterium nucleatum,C00099_beta-Ala,206,0.10083499198677288,0.1492668061589835,0.33361627629324914,,,,,False,False,False
discovery,Fusobacterium nucleatum,C05341_beta-Ala-Lys,206,0.004936865332835017,0.9438541113016835,0.964271582789512,,,,,False,False,False
discovery,Fusobacterium nucleatum,C00719_Betaine,206,-0.12901799485195883,0.06457041863988312,0.19256503547042067,,,,,False,False,False
discovery,Fusobacterium nucleatum,C00576_Betaine aldehyde,206,-0.16678433394355646,0.016573006547242395,0.08425896159858778,140.0,-0.23383771983585921,0.005424867875628284,0.020549220325544123,True,True,True
discovery,Fusobacterium nucleatum,C00246_Butyrate,206,0.02032891008230066,0.7717938333408482,0.8780679277737866,,,,,False,False,False
discovery,Fusobacterium nucleatum,C01672_Cadaverine,206,0.12357540105152608,0.07678759903900778,0.21440969482360067,,,,,False,False,False
discovery,Fusobacterium nucleatum,C00438_Carbamoylaspartate,206,0.08244770556219462,0.23873541288524627,0.4384559185046619,,,,,False,False,False
discovery,Fusobacterium nucleatum,C00318_Carnitine,206,-0.2120799890977115,0.002211253577805148,0.026535042933661775,140.0,0.26430904309133796,0.0016015634513589043,0.008710942674464284,True,False,False
discovery,Fusobacterium nucleatum,C00386_Carnosine,206,-0.049642682911969174,0.47856776128196843,0.6737378538718215,,,,,False,False,False
discovery,Fusobacterium nucleatum,C02256_Castanospermine,206,-0.07977206593419758,0.2543717235709405,0.4562396750169182,,,,,False,False,False
discovery,Fusobacterium nucleatum,C00695_Cholate,206,0.0061358778739561744,0.9302491622347475,0.9558523501861627,,,,,False,False,False
discovery,Fusobacterium nucleatum,C00114_Choline,206,-0.09041139995107307,0.19621864200500438,0.3908861485000878,,,,,False,False,False
discovery,Fusobacterium nucleatum,C00417_cis-Aconitate,206,-0.10760749496005753,0.12367403634568687,0.29768343731245356,,,,,False,False,False
discovery,Fusobacterium nucleatum,C02226_Citraconate,206,0.1794991743110712,0.009833680440744046,0.06250919286011362,140.0,0.016679518101325997,0.8449240849021871,0.9042236737316421,True,True,False
discovery,Fusobacterium nucleatum,C02614_Citramalate,206,-0.038006630357970396,0.5875605768590436,0.7561010125404005,,,,,False,False,False
discovery,Fusobacterium nucleatum,C00327_Citrulline,206,-0.11565045836403166,0.09785250222779969,0.24907909657985378,,,,,False,False,False
discovery,Fusobacterium nucleatum,C00055_CMP,206,-0.00026050408106279704,0.9970349196764738,0.9990170964551547,,,,,False,False,False
discovery,Fusobacterium nucleatum,C00300_Creatine,206,-0.02205197028625968,0.7530519717796746,0.8645516942527471,,,,,False,False,False
discovery,Fusobacterium nucleatum,C00791_Creatinine,206,-0.05556609589938995,0.42761253422760864,0.6310884838966757,,,,,False,False,False
discovery,Fusobacterium nucleatum,C00571_Cyclohexylamine,206,0.020187561963157054,0.7733373370787732,0.8788320583713679,,,,,False,False,False
discovery,Fusobacterium nucleatum,Cysteine-glutathione disulphide -Divalent,206,0.030106379819001224,0.6675041870945417,0.8067676505890864,,,,,False,False,False
discovery,Fusobacterium nucleatum,C00491_Cystine,206,-0.1603447352331521,0.021318660031395036,0.09865804742499479,140.0,0.07055229044400445,0.4074810426366055,0.5048237361553501,True,False,False
discovery,Fusobacterium nucleatum,C00475_Cytidine,206,-0.07009697295660093,0.3167344885956313,0.523390761482617,,,,,False,False,False
discovery,Fusobacterium nucleatum,C00380_Cytosine,206,0.034136075337736195,0.6261835305690389,0.7782897642584355,,,,,False,False,False
discovery,Fusobacterium nucleatum,_DCA,206,-0.03904305501045421,0.5774072452417582,0.7510019396176675,,,,,False,False,False
discovery,Fusobacterium nucleatum,_Diazoxide,206,-0.06671239690674474,0.3407225813538898,0.5460228330758679,,,,,False,False,False
discovery,Fusobacterium nucleatum,C06772_Diethanolamine,206,-0.04154775295948778,0.5532146486889175,0.729000301137047,,,,,False,False,False
discovery,Fusobacterium nucleatum,C00429_Dihydrouracil,206,-0.13115705434235814,0.060226927337029286,0.18187329760289542,,,,,False,False,False
discovery,Fusobacterium nucleatum,C02678_Dodecanedioate,206,-0.10558907717447324,0.13091785847416787,0.3068958170743284,,,,,False,False,False
discovery,Fusobacterium nucleatum,C02679_Dodecanoate,206,0.12287777755190475,0.07848067786502302,0.21587551058769588,,,,,False,False,False
discovery,Fusobacterium nucleatum,C00364_dTMP,206,-0.08324316354585352,0.23421945100137062,0.4363604496949349,,,,,False,False,False
discovery,Fusobacterium nucleatum,C00122_Fumarate,206,-0.09587186344738968,0.17043521066133357,0.3593505474121525,,,,,False,False,False
discovery,Fusobacterium nucleatum,C00092_G6P,206,-0.15336876245997216,0.027743183353817195,0.11700890719936291,,,,,False,False,False
discovery,Fusobacterium nucleatum,C00334_GABA,206,0.13299403328445547,0.056691435002771864,0.17529130822942957,,,,,False,False,False
discovery,Fusobacterium nucleatum,C01181_gamma-Butyrobetaine,206,-0.01148352478882672,0.8698712201392814,0.9190132319608088,,,,,False,False,False
discovery,Fusobacterium nucleatum,gamma-Glu-2AB,206,-0.16759872333058992,0.01604397661896955,0.08293501759959646,140.0,0.14733619098514628,0.08235726921900931,0.15832475030895754,True,False,False
discovery,Fusobacterium nucleatum,C01035_gamma-Guanidinobutyrate,206,-0.1852794506683579,0.007671327086188802,0.05399346284503602,140.0,0.1430900126910072,0.09168508094027104,0.16758830368590527,True,False,False
discovery,Fusobacterium nucleatum,C00064_Gln,206,-0.306588524770854,7.39443381028162e-06,0.000573353021597221,140.0,0.009385891930180221,0.9123601031856035,0.9551939108468994,True,False,False
discovery,Fusobacterium nucleatum,C00025_Glu,206,-0.11660732625741495,0.09508866219754006,0.2441619227968321,,,,,False,False,False
discovery,Fusobacterium nucleatum,C00329_Glucosamine,206,-0.08376662450441567,0.2312806417024995,0.43252483643064843,,,,,False,False,False
discovery,Fusobacterium nucleatum,C00191_Glucuronate,206,-0.20289134040835674,0.0034467692730026692,0.0327768247847801,140.0,0.090555482057652,0.2873066820228868,0.3836490424616991,True,False,False
discovery,Fusobacterium nucleatum,C01425_Glu-Glu,206,-0.003778831205732802,0.9570095816845738,0.9695132244603522,,,,,False,False,False
discovery,Fusobacterium nucleatum,C00489_Glutarate,206,-0.03502497342898956,0.6172177420215677,0.7714027778112613,,,,,False,False,False
discovery,Fusobacterium nucleatum,C00127_Glutathione(ox),206,0.10158893842379386,0.14623351399366752,0.331243555293521,,,,,False,False,False
discovery,Fusobacterium nucleatum,C00037_Gly,206,-0.16702450061975455,0.01641543479220547,0.08399369680478738,140.0,0.08326234040711251,0.32805440466727076,0.43033018965177283,True,False,False
discovery,Fusobacterium nucleatum,C00093_Glycerophosphate,206,-0.1692498411167252,0.015016456572683837,0.07883639700659015,140.0,0.17310261186532855,0.04082709601515379,0.08843793708667062,True,False,False
discovery,Fusobacterium nucleatum,C00670_Glycerophosphorylcholine,206,0.01967468181061059,0.7789453578598765,0.880408324955415,,,,,False,False,False
discovery,Fusobacterium nucleatum,C01921_Glycocholate,206,-0.049052235708948344,0.48382136516339386,0.6771108814237481,,,,,False,False,False
discovery,Fusobacterium nucleatum,C02037_Gly-Gly,206,-0.058260410145900186,0.40551461447992565,0.6091784372515128,,,,,False,False,False
discovery,Fusobacterium nucleatum,C02155_Gly-Leu,206,-0.10141000228801864,0.14694914104222603,0.3315477696655509,,,,,False,False,False
discovery,Fusobacterium nucleatum,C00581_Guanidinoacetate,206,-0.13621633320312454,0.05090438529957906,0.16272110350253818,,,,,False,False,False
discovery,Fusobacterium nucleatum,C03139_Guanidinosuccinate,206,-0.1652394939418577,0.017618435658630204,0.08621059778591866,140.0,0.14321743488067729,0.09139343810021253,0.16758830368590527,True,False,False
discovery,Fusobacterium nucleatum,C00242_Guanine,206,-0.0477128646888546,0.4958528878819474,0.683868756438814,,,,,False,False,False
discovery,Fusobacterium nucleatum,C00387_Guanosine,206,-0.15842236213765004,0.022945878564070998,0.10189183080433288,,,,,False,False,False
discovery,Fusobacterium nucleatum,C01585_Hexanoate,206,-0.015287953826067902,0.8273504352572097,0.89892064602052,,,,,False,False,False
discovery,Fusobacterium nucleatum,C01586_Hippurate,206,-0.19176426177040903,0.00575787099873685,0.04412035148645177,140.0,0.07368184481920728,0.3869422442885212,0.4875035055160465,True,False,False
discovery,Fusobacterium nucleatum,C00135_His,206,-0.1419313208756009,0.041849297164943275,0.14700024323169258,,,,,False,False,False
discovery,Fusobacterium nucleatum,C00388_Histamine,206,0.1182307305118207,0.09054192327839852,0.23583012574838685,,,,,False,False,False
discovery,Fusobacterium nucleatum,C00860_Histidinol,206,-0.014656481908285732,0.8343769773714934,0.9014490816618064,,,,,False,False,False
discovery,Fusobacterium nucleatum,C00263_Homoserine,206,0.01987651950257978,0.7767370088208528,0.880408324955415,,,,,False,False,False
discovery,Fusobacterium nucleatum,C05582_Homovanillate,206,0.06641878980205938,0.3428566003639361,0.5468345777956449,,,,,False,False,False
discovery,Fusobacterium nucleatum,C01015_Hydroxyproline,206,0.0677468684328345,0.333271225031833,0.5423282440682033,,,,,False,False,False
discovery,Fusobacterium nucleatum,C07044_Hydroxyurea,206,-0.038131704001232516,0.5863309522644323,0.7561010125404005,,,,,False,False,False
discovery,Fusobacterium nucleatum,C00262_Hypoxanthine,206,-0.3198522779187801,2.779026802770514e-06,0.00031125100191029757,140.0,-0.0020716077236795716,0.9806198058622181,0.9924255786945313,True,True,False
discovery,Fusobacterium nucleatum,C00407_Ile,206,-0.03750087563050849,0.5925447899552791,0.7561010125404005,,,,,False,False,False
discovery,Fusobacterium nucleatum,C02835_Imidazole-4-acetate,206,-0.14287679783742346,0.0404902571952798,0.14531436736862058,,,,,False,False,False
discovery,Fusobacterium nucleatum,C00637_Indole-3-acetaldehyde,206,-0.005303527953196396,0.9396917563987193,0.9626110675303954,,,,,False,False,False
discovery,Fusobacterium nucleatum,C02693_Indole-3-acetamide,206,-0.1974319258002368,0.004448247285783582,0.038323361231366246,140.0,-0.06915675066395799,0.41684317138593363,0.5135692111550453,True,True,False
discovery,Fusobacterium nucleatum,C00954_Indole-3-acetate,206,-0.0748377904453318,0.2850298793597255,0.4869663023637344,,,,,False,False,False
discovery,Fusobacterium nucleatum,C00294_Inosine,206,-0.23932225458835132,0.0005312135625539359,0.010554087585374664,140.0,-0.2776012232949531,0.0008979561278728859,0.00541200585177442,True,True,True
discovery,Fusobacterium nucleatum,C05123_Isethionate,206,-0.08149210476055069,0.24424073419541203,0.44475799628532803,,,,,False,False,False
discovery,Fusobacterium nucleatum,C00630_Isobutyryl CoA,206,0.09605382613614774,0.16962163380705556,0.3593505474121525,,,,,False,False,False
discovery,Fusobacterium nucleatum,C00311_Isocitrate,206,0.09193507221836239,0.18875455980475078,0.38080878890709974,,,,,False,False,False
discovery,Fusobacterium nucleatum,C05771_Isopropanolamine,206,0.13373724224722708,0.05531060628139066,0.1720774417643265,,,,,False,False,False
discovery,Fusobacterium nucleatum,C00186_Lactate,206,-0.1687012424886527,0.015351287405706751,0.07979090249217595,140.0,0.01635541656678636,0.8479006505097233,0.9042236737316421,True,False,False
discovery,Fusobacterium nucleatum,C00123_Leu,206,-0.018941940370316965,0.7869772141868109,0.8810095410225844,,,,,False,False,False
discovery,Fusobacterium nucleatum,C00047_Lys,206,-0.17495849856932155,0.011893861537545677,0.06883442747651398,140.0,0.18040029345445635,0.03293130755877514,0.07730191142744058,True,False,False
discovery,Fusobacterium nucleatum,C00711_Malate,206,-0.09044173131377962,0.19606799234864047,0.3908861485000878,,,,,False,False,False
discovery,Fusobacterium nucleatum,C00383_Malonate,206,0.11955451134843077,0.08696431157219375,0.22947650802296152,,,,,False,False,False
discovery,Fusobacterium nucleatum,C03570_Mannosamine,206,-0.04492563935459797,0.5213898484312949,0.7016835343374435,,,,,False,False,False
discovery,Fusobacterium nucleatum,C00073_Met,206,-0.102939021785208,0.1409191423675461,0.3221796181542842,,,,,False,False,False
discovery,Fusobacterium nucleatum,C02989_Methionine sulfoxide,206,-0.20316496919865423,0.003402410174046287,0.032663137670844354,140.0,-0.12281603991817534,0.14828118506543936,0.2467664497730819,True,True,False
discovery,Fusobacterium nucleatum,C00879_Mucate,206,-0.337948161890608,6.768335501459197e-07,0.00011370803642451452,140.0,0.007301141141078731,0.9317725587406475,0.9664573186614566,True,False,False
discovery,Fusobacterium nucleatum,"C01026_N,N-Dimethylglycine",206,-0.10679838429757127,0.12653961423985194,0.3008300263060631,,,,,False,False,False
discovery,Fusobacterium nucleatum,"C03413_N1,N12-Diacetylspermine",206,0.050824766230398076,0.4681435876741291,0.6690955793471108,,,,,False,False,False
discovery,Fusobacterium nucleatum,"N1,N8-Diacetylspermidine",206,0.08145772992076959,0.2444404066885632,0.44475799628532803,,,,,False,False,False
discovery,Fusobacterium nucleatum,C00612_N1-Acetylspermidine,206,0.1157368741248076,0.09760030868957696,0.2490661042002369,,,,,False,False,False
discovery,Fusobacterium nucleatum,C02567_N1-Acetylspermine,206,0.13113848460170915,0.060263572816832416,0.18187329760289542,,,,,False,False,False
discovery,Fusobacterium nucleatum,C02567_N1-Acetylspermine_div,206,0.1228116747735569,0.07864265626080776,0.21587551058769588,,,,,False,False,False
discovery,Fusobacterium nucleatum,"C03793_N6,N6,N6-Trimethyllysine",206,-0.07241838124754046,0.30093356539185445,0.5072592540384436,,,,,False,False,False
discovery,Fusobacterium nucleatum,C03795_N6-Methyl-2'-deoxyadenosine,206,-0.018418038056390352,0.7927337834399644,0.8810095410225844,,,,,False,False,False
discovery,Fusobacterium nucleatum,C01029_N8-Acetylspermidine,206,-0.08450969203309276,0.22715372006473597,0.4287845502345578,,,,,False,False,False
discovery,Fusobacterium nucleatum,C01042_N-Acetylaspartate,206,-0.18789339382324385,0.006840769343227556,0.050702172779216,140.0,-0.17500927657419982,0.038624791441968606,0.08700331809655555,True,True,True
discovery,Fusobacterium nucleatum,C01073_N-Acetyl-beta-alanine,206,-0.1387025804038765,0.04678253020927229,0.15718930150315488,,,,,False,False,False
discovery,Fusobacterium nucleatum,C00140_N-Acetylglucosamine,206,-0.08854020308548048,0.20567594903600153,0.4003018986708089,,,,,False,False,False
discovery,Fusobacterium nucleatum,C04501_N-Acetylglucosamine 1-phosphate,206,-0.16535365039067665,0.017539265984076336,0.08621059778591866,140.0,-0.20770065206446325,0.013799930702008282,0.04334344431757531,True,True,True
discovery,Fusobacterium nucleatum,C00357_N-Acetylglucosamine 6-phosphate,206,0.016466884096872515,0.8142692497158439,0.8987314321944536,,,,,False,False,False
discovery,Fusobacterium nucleatum,C00624_N-Acetylglutamate,206,-0.1854081592985885,0.0076284209363833315,0.05399346284503602,140.0,-0.32406375336925614,9.385998234609477e-05,0.0017158330263092045,True,True,True
discovery,Fusobacterium nucleatum,C02997_N-Acetylhistidine,206,-0.11745670049186958,0.09268764589947684,0.2395619155555709,,,,,False,False,False
discovery,Fusobacterium nucleatum,C02710_N-Acetylleucine,206,-0.04782952548676114,0.4947986646922072,0.683868756438814,,,,,False,False,False
discovery,Fusobacterium nucleatum,C02713_N-Acetylmuramate,206,-0.008542654794342084,0.9030049008110866,0.9364495267670528,,,,,False,False,False
discovery,Fusobacterium nucleatum,C00270_N-Acetylneuraminate,206,-0.27866781106571514,4.993435701291784e-05,0.0022975741835813165,140.0,-0.02808117237501914,0.7418934204559295,0.8175284304821543,True,True,False
discovery,Fusobacterium nucleatum,C00437_N-Acetylornithine,206,0.037497394148239174,0.5925791665743219,0.7561010125404005,,,,,False,False,False
discovery,Fusobacterium nucleatum,C02714_N-Acetylputrescine,206,0.06144832099035115,0.38026279825450054,0.5790104239283029,,,,,False,False,False
discovery,Fusobacterium nucleatum,N-Acetylvaline,206,-0.05341106933933539,0.44577786258796687,0.6446830494815934,,,,,False,False,False
discovery,Fusobacterium nucleatum,C00003_NAD+,206,-0.02070545312881936,0.7676864187358721,0.8753709390110397,,,,,False,False,False
discovery,Fusobacterium nucleatum,"C04259_N-alpha,N-alpha-Dimethylhistidine",206,-0.17928151380972726,0.00992471720656005,0.06252571840132831,140.0,-0.10115499773369552,0.23435921538685692,0.3350134937901865,True,True,False
discovery,Fusobacterium nucleatum,C02727_N-epsilon-Acetyllysine,206,-0.23922832515241818,0.0005339865742600276,0.010554087585374664,140.0,0.19364415827499024,0.02188084350902372,0.05878829039171433,True,False,False
discovery,Fusobacterium nucleatum,C01047_N-gamma-Ethylglutamine,206,0.000537366174037221,0.9938836965118069,0.9988382513299116,,,,,False,False,False
discovery,Fusobacterium nucleatum,C00153_Nicotinamide,206,-0.053924472098899646,0.4414110880141589,0.6415030867051701,,,,,False,False,False
discovery,Fusobacterium nucleatum,C00253_Nicotinate,206,-0.0648487079634382,0.35441186998325686,0.5579389415498973,,,,,False,False,False
discovery,Fusobacterium nucleatum,C02721_N-Methylalanine,206,-0.011842614341194555,0.8658397990149341,0.9167715518981655,,,,,False,False,False
discovery,Fusobacterium nucleatum,C01046_N-Methylglutamate,206,-0.032594152760919676,0.64186623867487,0.7899892168306092,,,,,False,False,False
discovery,Fusobacterium nucleatum,C00547_Noradrenaline,206,0.11480570442268954,0.10034511788193808,0.25396499321677457,,,,,False,False,False
discovery,Fusobacterium nucleatum,C06524_Nornicotine,206,-0.02110693095631763,0.7633141355363854,0.8727767443580446,,,,,False,False,False
discovery,Fusobacterium nucleatum,C02571_o-Acetylcarnitine,206,-0.18335425353256105,0.008339227985811043,0.055668488805943925,140.0,0.10118178347000156,0.23423471307417795,0.3350134937901865,True,False,False
discovery,Fusobacterium nucleatum,C04137_Octopine,206,0.1382970730255715,0.04743512800945877,0.15728489813662644,,,,,False,False,False
discovery,Fusobacterium nucleatum,C01005_O-Phosphoserine,206,-0.0635666260231586,0.3640264461778652,0.5648494676632795,,,,,False,False,False
discovery,Fusobacterium nucleatum,Ophthalmate,206,-0.05351161947524115,0.4449207094210186,0.6443679239890614,,,,,False,False,False
discovery,Fusobacterium nucleatum,C00077_Ornithine,206,-0.14781101251740297,0.03398596651569862,0.13487344192056777,,,,,False,False,False
discovery,Fusobacterium nucleatum,C01118_o-Succinylhomoserine,206,0.004357451003853162,0.950434683190276,0.966306371097802,,,,,False,False,False
discovery,Fusobacterium nucleatum,C00568_p-Aminobenzoate,206,-0.07503858252636628,0.2837358377066141,0.4869663023637344,,,,,False,False,False
discovery,Fusobacterium nucleatum,C00864_Pantothenate,206,-0.1409586574044605,0.04328720430937842,0.1504603515305291,,,,,False,False,False
discovery,Fusobacterium nucleatum,C01601_Pelargonate,206,0.013033405821550065,0.8524963778716826,0.9086720924887861,,,,,False,False,False
discovery,Fusobacterium nucleatum,C00803_Valerate,206,-0.04596073970872224,0.5118283241667452,0.6971931767028097,,,,,False,False,False
discovery,Fusobacterium nucleatum,C00079_Phe,206,-0.030004988359699156,0.6685575603887474,0.8070730788884519,,,,,False,False,False
discovery,Fusobacterium nucleatum,C05598_Phenaceturate,206,-0.047596410422041636,0.4969064302858329,0.683868756438814,,,,,False,False,False
discovery,Fusobacterium nucleatum,C05332_Phenethylamine,206,0.13894279011404212,0.04639950101542671,0.15694864773003397,,,,,False,False,False
discovery,Fusobacterium nucleatum,C02735_Phenylethanolamine,206,0.06542948750093303,0.35010938136022157,0.5547111218435181,,,,,False,False,False
discovery,Fusobacterium nucleatum,C00588_Phosphorylcholine,206,-0.05489532040332919,0.43322032306689645,0.6337969312792912,,,,,False,False,False
discovery,Fusobacterium nucleatum,C01606_Phthalate,206,-0.06922064999777343,0.3228372549345308,0.529999923410435,,,,,False,False,False
discovery,Fusobacterium nucleatum,C00642_p-Hydroxyphenylacetate,206,-0.15011324792239145,0.03126854250279293,0.12788207861562612,,,,,False,False,False
discovery,Fusobacterium nucleatum,C02656_Pimelate,206,-0.2870345125107978,2.8767057893369217e-05,0.0016109552420286762,140.0,-0.1407701584315643,0.09712517236467205,0.1743469691626957,True,True,False
discovery,Fusobacterium nucleatum,C00408_Pipecolate,206,0.0015914128480711033,0.9818879021740562,0.9897143147684011,,,,,False,False,False
discovery,Fusobacterium nucleatum,C00931_Porphobilinogen,206,0.1075048479108241,0.12403476554685566,0.29768343731245356,,,,,False,False,False
discovery,Fusobacterium nucleatum,C00148_Pro,206,-0.01572946048999742,0.8224457840049156,0.89892064602052,,,,,False,False,False
discovery,Fusobacterium nucleatum,C10172_Proline betaine,206,-0.09990789156521473,0.15306178995290562,0.33760674895520537,,,,,False,False,False
discovery,Fusobacterium nucleatum,C00163_Propionate,206,0.037355092594864275,0.5939850472340251,0.7569366973601735,,,,,False,False,False
discovery,Fusobacterium nucleatum,C01736_Purine riboside,206,-0.047448800607171895,0.49824353153989254,0.683868756438814,,,,,False,False,False
discovery,Fusobacterium nucleatum,C00134_Putrescine,206,0.045517539173248245,0.5159111484297637,0.6990609893571531,,,,,False,False,False
discovery,Fusobacterium nucleatum,C00250_Pyridoxal,206,0.023999322704868202,0.7320435602062342,0.8523409283458614,,,,,False,False,False
discovery,Fusobacterium nucleatum,C00534_Pyridoxamine,206,0.13635379945917794,0.05066885341139488,0.16272110350253818,,,,,False,False,False
discovery,Fusobacterium nucleatum,C00647_Pyridoxamine 5'-phosphate,206,0.0020286668935895823,0.9769126814479288,0.9876910560677153,,,,,False,False,False
discovery,Fusobacterium nucleatum,C00314_Pyridoxine,206,-0.02885787510990987,0.6805198303378797,0.8137176618986747,,,,,False,False,False
discovery,Fusobacterium nucleatum,C00296_Quinate,206,0.01601636800609478,0.8192622336242167,0.8987314321944536,,,,,False,False,False
discovery,Fusobacterium nucleatum,C00255_Riboflavin,206,-0.05614903757927825,0.4227733097488621,0.6266992591571368,,,,,False,False,False
discovery,Fusobacterium nucleatum,C00449_Saccharopine,206,-0.05934552013059386,0.3968097707846809,0.5977695443589879,,,,,False,False,False
discovery,Fusobacterium nucleatum,C00019_SAM+,206,-0.11364228798311482,0.10385995002722492,0.2591357168996107,,,,,False,False,False
discovery,Fusobacterium nucleatum,C00213_Sarcosine,206,-0.07452721537553862,0.28703923016974614,0.4875539284596722,,,,,False,False,False
discovery,Fusobacterium nucleatum,SDMA,206,-0.13223552219203363,0.05812993172866899,0.17862510215934185,,,,,False,False,False
discovery,Fusobacterium nucleatum,C08277_Sebacate,206,-0.18757812643460023,0.006936497152558258,0.051036417005684113,140.0,-0.32673047692174545,8.149571347939662e-05,0.0017158330263092045,True,True,True
discovery,Fusobacterium nucleatum,C00065_Ser,206,-0.23558896498310547,0.0006523225203575923,0.011714051528240864,140.0,-0.13562597284162053,0.11009807623160996,0.19032458139262806,True,True,False
discovery,Fusobacterium nucleatum,C00493_Shikimate,206,-0.10643646836636315,0.12783788242810176,0.30225110298361285,,,,,False,False,False
discovery,Fusobacterium nucleatum,C00315_Spermidine,206,0.08870977353677918,0.20480560662225583,0.40008537107603465,,,,,False,False,False
discovery,Fusobacterium nucleatum,C00042_Succinate,206,0.05500443302847101,0.43230525908445133,0.6333850442291648,,,,,False,False,False
discovery,Fusobacterium nucleatum,C04548_Synephrine,206,0.15750687347297387,0.023757731755748187,0.10412084178171378,,,,,False,False,False
discovery,Fusobacterium nucleatum,C00245_Taurine,206,-0.06400310971616878,0.3607351516327066,0.5622302650812779,,,,,False,False,False
discovery,Fusobacterium nucleatum,C05122_Taurocholate,206,-0.062019192984465406,0.37584429871025693,0.5746729531948971,,,,,False,False,False
discovery,Fusobacterium nucleatum,C01959_Taurocyamine,206,-0.012362669422192874,0.8600074172704477,0.912380185079625,,,,,False,False,False
discovery,Fusobacterium nucleatum,C06337_Terephthalate,206,-0.13508230475218785,0.0528823411532104,0.16657937463261277,,,,,False,False,False
discovery,Fusobacterium nucleatum,C00378_Thiamine,206,-0.07793020842471247,0.2655379859673444,0.469592299599334,,,,,False,False,False
discovery,Fusobacterium nucleatum,C01081_Thiamine monophosphate,206,-0.033498683780476095,0.6326465600552258,0.7824634755038866,,,,,False,False,False
discovery,Fusobacterium nucleatum,C00188_Thr,206,-0.20528500782933218,0.0030758299026309864,0.030697391503485487,140.0,-0.060571546665043705,0.4771338977949136,0.5751397795041391,True,True,False
discovery,Fusobacterium nucleatum,C01620_Threonate,206,-0.12693337908998154,0.06904701712976932,0.19828886970600423,,,,,False,False,False
discovery,Fusobacterium nucleatum,C00214_Thymidine,206,0.027715999299711094,0.6925072616558557,0.8243274665763295,,,,,False,False,False
discovery,Fusobacterium nucleatum,C00178_Thymine,206,0.030730287144303786,0.661036678197879,0.8011050710331892,,,,,False,False,False
discovery,Fusobacterium nucleatum,C00423_trans-Cinnamate,206,-0.04146747083254148,0.5539823716973988,0.729000301137047,,,,,False,False,False
discovery,Fusobacterium nucleatum,C00371_trans-Zeatin,206,0.11830539917729932,0.09033704629472476,0.23583012574838685,,,,,False,False,False
discovery,Fusobacterium nucleatum,C01004_Trigonelline,206,-0.1849949906230528,0.007766916778303792,0.05399346284503602,140.0,0.1675447635259947,0.047855120520258476,0.0997354380936228,True,False,False
discovery,Fusobacterium nucleatum,C01104_Trimethylamine N-oxide,206,-0.13898244769611498,0.04633651728978568,0.15694864773003397,,,,,False,False,False
discovery,Fusobacterium nucleatum,C01008_Trimethylsulfonium,206,-0.12327924749521697,0.07750269548578674,0.21521409655557308,,,,,False,False,False
discovery,Fusobacterium nucleatum,C00078_Trp,206,-0.010380877570682326,0.8822709598731802,0.9244585525490286,,,,,False,False,False
discovery,Fusobacterium nucleatum,C00398_Tryptamine,206,0.18703553177087226,0.007104050314007809,0.051890454467535305,140.0,0.23313621909498006,0.00556994834381454,0.020701641344510708,True,True,True
discovery,Fusobacterium nucleatum,C00082_Tyr,206,-0.09571935911347583,0.1711193082915012,0.3593505474121525,,,,,False,False,False
discovery,Fusobacterium nucleatum,C00483_Tyramine,206,0.15732590158593904,0.023921112439427964,0.10433134424724981,,,,,False,False,False
discovery,Fusobacterium nucleatum,C00015_UDP,206,0.034297731552563944,0.6245488622206481,0.7772163618745843,,,,,False,False,False
discovery,Fusobacterium nucleatum,C00029_UDP-glucose,206,0.04081472366565056,0.5602436161273681,0.7353197461671707,,,,,False,False,False
discovery,Fusobacterium nucleatum,C00043_UDP-N-acetylglucosamine,206,-0.030335445541864025,0.6651267794435363,0.8048592961333547,,,,,False,False,False
discovery,Fusobacterium nucleatum,C00105_UMP,206,-0.13768187354001898,0.048439686382114724,0.15852988270510274,,,,,False,False,False
discovery,Fusobacterium nucleatum,C00366_Urate,206,-0.1263917243642359,0.07025071666590614,0.20117250681600396,,,,,False,False,False
discovery,Fusobacterium nucleatum,C00086_Urea,206,-0.1838462886237795,0.008163790190140678,0.05522886249437452,140.0,0.13766390996937022,0.1048054704661991,0.18402850325954648,True,False,False
discovery,Fusobacterium nucleatum,C00299_Uridine,206,-0.3297241166187592,1.3005988158814266e-06,0.00018728622948692544,140.0,0.19912755176739058,0.018341195008626854,0.051126081086547356,True,False,False
discovery,Fusobacterium nucleatum,C00785_Urocanate,206,-0.22157660540235216,0.0013706979206737867,0.019460049352664464,140.0,-0.11329210640459887,0.18260815799060162,0.2827890224437789,True,True,False
discovery,Fusobacterium nucleatum,C00183_Val,206,-0.016073157466856107,0.8186324415846942,0.8987314321944536,,,,,False,False,False
discovery,Fusobacterium nucleatum,"C00986_1,3-Diaminopropane",206,0.17016901564094752,0.014469749913720709,0.07756218036234551,140.0,0.3012355200671417,0.0002983906026238415,0.0030809256483661242,True,True,True
discovery,Fusobacterium nucleatum,C01234_1-Aminocyclopropane-1-carboxylate,206,0.036684018639098176,0.600635296548759,0.761460726653103,,,,,False,False,False
discovery,Fusobacterium nucleatum,C11118_1-Methyl-2-pyrrolidinone,206,0.012651371766612613,0.8567728886990673,0.9100390640765647,,,,,False,False,False
discovery,Fusobacterium nucleatum,C02494_1-Methyladenosine,206,-0.0779293503958513,0.2655432646543853,0.469592299599334,,,,,False,False,False
discovery,Fusobacterium nucleatum,C05127_1-Methylhistamine,206,0.04675816896866336,0.5045246666050094,0.689106861704403,,,,,False,False,False
discovery,Fusobacterium nucleatum,C02918_1-Methylnicotinamide,206,-0.06281499188929476,0.369737641540906,0.5690008285087531,,,,,False,False,False
discovery,Fusobacterium nucleatum,"C03283_2,4-Diaminobutyrate",206,-0.06529578770532157,0.35109692037317913,0.5547111218435181,,,,,False,False,False
discovery,Fusobacterium nucleatum,"C11003_2,4-Dimethylaniline",206,-0.1338022543986822,0.0551911533357997,0.1720774417643265,,,,,False,False,False
discovery,Fusobacterium nucleatum,"C00628_2,5-Dihydroxybenzoate",206,0.08613589422336457,0.21830446194524122,0.4177482226908146,,,,,False,False,False
discovery,Fusobacterium nucleatum,C02356_2AB,206,-0.001727909072857017,0.9803347190120644,0.9891665633274884,,,,,False,False,False
discovery,Fusobacterium nucleatum,C00881_2'-Deoxycytidine,206,-0.13830152261232703,0.04742792611095565,0.15728489813662644,,,,,False,False,False
discovery,Fusobacterium nucleatum,C03264_2-Hydroxy-4-methylpentanoate,206,0.21045249704937344,0.00239533105175348,0.027286721838241875,140.0,0.21634485951389473,0.010247698017334765,0.033933177487575426,True,True,True
discovery,Fusobacterium nucleatum,C05984_2-Hydroxybutyrate,206,-0.07757648280047105,0.26772022753394714,0.4709633322063154,,,,,False,False,False
discovery,Fusobacterium nucleatum,C02630_2-Hydroxyglutarate,206,-0.04991965992782367,0.47611401300374145,0.6730137755431805,,,,,False,False,False
discovery,Fusobacterium nucleatum,2-Hydroxyisobutyrate,206,-0.09865159496544765,0.15831995901589319,0.3461532688421015,,,,,False,False,False
discovery,Fusobacterium nucleatum,2-Hydroxyoctanoate,206,0.0379139894894059,0.5884721109897405,0.7561010125404005,,,,,False,False,False
discovery,Fusobacterium nucleatum,2-Hydroxypentanoate,206,0.06704399259307922,0.33832262886729475,0.5431318071526082,,,,,False,False,False
discovery,Fusobacterium nucleatum,C02504_2-Isopropylmalate,206,0.007810985023442935,0.9112767624333925,0.9430872449002665,,,,,False,False,False
discovery,Fusobacterium nucleatum,C01744_3-(4-Hydroxyphenyl)propionate,206,0.11657042585065744,0.09519408299519347,0.2441619227968321,,,,,False,False,False
discovery,Fusobacterium nucleatum,C05145_3-Aminoisobutyrate,206,-0.012293094977230044,0.8607872579471462,0.912380185079625,,,,,False,False,False
discovery,Fusobacterium nucleatum,"C06057_3-Aminopropane-1,2-diol",206,0.1881919786307666,0.006751195268620392,0.050702172779216,140.0,0.3713454788196574,6.271668031406008e-06,0.0003344721543621116,True,True,True
discovery,Fusobacterium nucleatum,C03761_3-Hydroxy-3-methylglutarate,206,-0.13218203934739572,0.05823248658468646,0.17862510215934185,,,,,False,False,False
discovery,Fusobacterium nucleatum,C01089_3-Hydroxybutyrate,206,-0.04745322733344255,0.49820340509450517,0.683868756438814,,,,,False,False,False
discovery,Fusobacterium nucleatum,C11284_3-Indolebutyrate,206,0.1479359456149421,0.03383352293434747,0.13479917437874409,,,,,False,False,False
discovery,Fusobacterium nucleatum,C08262_Isovalerate,206,-0.14182802644231074,0.04200006949476931,0.14700024323169258,,,,,False,False,False
discovery,Fusobacterium nucleatum,C02230_3-Methylguanine,206,0.0944817479984075,0.17674658423368364,0.36658550804023277,,,,,False,False,False
discovery,Fusobacterium nucleatum,C01152_3-Methylhistidine,206,-0.19026171801778358,0.006158524584980544,0.04667513369669465,140.0,0.11669779511840409,0.16972005623703304,0.27287700002351556,True,False,False
discovery,Fusobacterium nucleatum,C05629_3-Phenylpropionate,206,-0.04909823429210275,0.4834109726254224,0.6771108814237481,,,,,False,False,False
discovery,Fusobacterium nucleatum,C05135_4-(beta-Acetylaminoethyl)imidazole,206,0.12775405584037702,0.0672553504089032,0.19593466246293187,,,,,False,False,False
discovery,Fusobacterium nucleatum,C05584_4-Hydroxy-3-methoxymandelate,206,-0.06762927817808834,0.33411293607773246,0.5423282440682033,,,,,False,False,False
discovery,Fusobacterium nucleatum,C11527_4-Hydroxymandelate,206,-0.10752976978032283,0.12394710860495757,0.29768343731245356,,,,,False,False,False
discovery,Fusobacterium nucleatum,C00847_4-Pyridoxate,206,-0.17078183792769885,0.014115008654735488,0.0769077228322885,140.0,-0.08228661886628771,0.3337741954675972,0.4311913183303772,True,True,False
discovery,Fusobacterium nucleatum,C00430_5-Aminolevulinate,206,-0.016275675483021924,0.816387476068821,0.8987314321944536,,,,,False,False,False
discovery,Fusobacterium nucleatum,C00431_5-Aminovalerate,206,0.057212623539693586,0.4140265858774383,0.6182797015769745,,,,,False,False,False
discovery,Fusobacterium nucleatum,C05635_5-Hydroxyindoleacetate,206,-0.06823556680043993,0.3297876910586701,0.537906136872394,,,,,False,False,False
discovery,Fusobacterium nucleatum,C16741_5-Hydroxylysine,206,0.031417276633812254,0.6539442130075648,0.796105998443992,,,,,False,False,False
discovery,Fusobacterium nucleatum,C05660_5-Methoxyindoleacetate,206,0.07457959703918252,0.28669966884064557,0.4875539284596722,,,,,False,False,False
discovery,Fusobacterium nucleatum,C05659_5-Methoxytryptamine,206,-0.0014672674369971281,0.9833006054298358,0.9897143147684011,,,,,False,False,False
discovery,Fusobacterium nucleatum,C03592_5-Methyl-2'-deoxycytidine,206,-0.15165537861172237,0.029553682511480592,0.12361042311855783,,,,,False,False,False
discovery,Fusobacterium nucleatum,C00440_5-Methyltetrahydrofolate,206,-0.006426964436212618,0.9269491614702365,0.9534495264604426,,,,,False,False,False
discovery,Fusobacterium nucleatum,C00170_5-Methylthioadenosine,206,-0.18079672251525694,0.009306148175478588,0.06022280647465747,140.0,0.081561571683778,0.3380654570348537,0.4311913183303772,True,False,False
discovery,Fusobacterium nucleatum,C01879_5-Oxoproline,206,-0.1046602598442723,0.13435907454261156,0.3124132253079152,,,,,False,False,False
discovery,Fusobacterium nucleatum,C02378_6-Aminohexanoate,206,0.02349860034619954,0.7374271552721171,0.8553815564031002,,,,,False,False,False
discovery,Fusobacterium nucleatum,C06103_6-Hydroxyhexanoate,206,-0.06973767166455251,0.3192275384175699,0.5252928112513667,,,,,False,False,False
discovery,Fusobacterium nucleatum,"C02953_7,8-Dihydrobiopterin",206,-0.09010146951081284,0.19776282987896387,0.39241128448424323,,,,,False,False,False
discovery,Fusobacterium nucleatum,C02242_7-Methylguanine,206,0.045510775348199826,0.5159735873826606,0.6990609893571531,,,,,False,False,False
discovery,Parvimonas unclassified,C00024_Acetyl CoA,206,-0.09595367537012071,0.1700690614326365,0.3593505474121525,,,,,False,False,False
discovery,Parvimonas unclassified,C01996_Acetylcholine,206,0.13615383181857496,0.05101177451071634,0.16272110350253818,,,,,False,False,False
discovery,Parvimonas unclassified,C00147_Adenine,206,-0.12913918039961633,0.06431766875006949,0.19238044540080132,,,,,False,False,False
discovery,Parvimonas unclassified,C00212_Adenosine,206,0.03263064855166156,0.6414931700138231,0.7899892168306092,,,,,False,False,False
discovery,Parvimonas unclassified,C06104_Adipate,206,-0.24059579263330344,0.0004949071088586717,0.010554087585374664,140.0,-0.11411686778641623,0.1794230672805819,0.2797996084165718,True,True,False
discovery,Parvimonas unclassified,C03626_ADMA,206,0.04420201472168174,0.5281279564827989,0.7079161969875815,,,,,False,False,False
discovery,Parvimonas unclassified,C00008_ADP,206,0.14428668242291626,0.038532780974388586,0.14317625684130128,,,,,False,False,False
discovery,Parvimonas unclassified,C00179_Agmatine,206,0.03146554081750677,0.6534470893883262,0.796105998443992,,,,,False,False,False
discovery,Parvimonas unclassified,C04677_AICAR,206,0.16034976142600027,0.021314539824819137,0.09865804742499479,140.0,0.17431328036756466,0.03941684599320191,0.08789956656484027,True,True,True
discovery,Parvimonas unclassified,C00041_Ala,206,0.20849477900015118,0.002635149201278454,0.027669066613423766,140.0,0.18877277067918188,0.025503691540719332,0.06249805729209243,True,True,True
discovery,Parvimonas unclassified,C00993_Ala-Ala,206,-0.02559493975936912,0.7149763154735403,0.8426125878944741,,,,,False,False,False
discovery,Parvimonas unclassified,C01551_Allantoin,206,-0.047869494724007984,0.49443775023483444,0.683868756438814,,,,,False,False,False
discovery,Parvimonas unclassified,C00956_alpha-Aminoadipate,206,-0.1394304236067378,0.04562999585149295,0.15538863452130033,,,,,False,False,False
discovery,Parvimonas unclassified,C02115_Alpha-Methylserine,206,-0.0535557567369381,0.4445447502593271,0.6443679239890614,,,,,False,False,False
discovery,Parvimonas unclassified,C00020_AMP,206,-0.0058357152246999375,0.9336533036319569,0.957398301181091,,,,,False,False,False
discovery,Parvimonas unclassified,C01262_Anserine,206,0.016005826332404775,0.8193791529629989,0.8987314321944536,,,,,False,False,False
discovery,Parvimonas unclassified,C00062_Arg,206,0.052982900280646755,0.4494382840559571,0.6490455448831013,,,,,False,False,False
discovery,Parvimonas unclassified,C03406_Argininosuccinate,206,0.13545681268504495,0.052222196412104425,0.16501559242445538,,,,,False,False,False
discovery,Parvimonas unclassified,C00152_Asn,206,-0.11110243511042123,0.11187027830240635,0.27570963454480585,,,,,False,False,False
discovery,Parvimonas unclassified,C00049_Asp,206,-0.158788626135698,0.022627839806864388,0.10137272233475246,,,,,False,False,False
discovery,Parvimonas unclassified,C08261_Azelate,206,-0.27860276385122396,5.014546829244936e-05,0.0022975741835813165,140.0,-0.12189572489067851,0.15136839260058865,0.2500381596291205,True,True,False
discovery,Parvimonas unclassified,C09815_Benzamide,206,-0.08387123429027085,0.23069647346685096,0.43223428485982485,,,,,False,False,False
discovery,Parvimonas unclassified,C00099_beta-Ala,206,0.16546949330914512,0.017459243354874192,0.08621059778591866,140.0,-0.03170117352203913,0.7100239380317888,0.7877380009009398,True,False,False
discovery,Parvimonas unclassified,C05341_beta-Ala-Lys,206,0.10460326177982675,0.13457248876206832,0.3124132253079152,,,,,False,False,False
discovery,Parvimonas unclassified,C00719_Betaine,206,0.1829044861115693,0.008502515389398998,0.056385102056014415,140.0,0.2483031136848504,0.003095489025207516,0.014687107502580342,True,True,True
discovery,Parvimonas unclassified,C00576_Betaine aldehyde,206,-0.34263683355576524,4.624402837000576e-07,9.834430420832699e-05,140.0,-0.28593790533274654,0.0006154290595254962,0.004901452866935202,True,True,True
discovery,Parvimonas unclassified,C00246_Butyrate,206,0.006629569278023327,0.9246529961245469,0.9530165849627231,,,,,False,False,False
discovery,Parvimonas unclassified,C01672_Cadaverine,206,0.1790303956786677,0.010030672897227715,0.06280073466090395,140.0,0.047610786906820614,0.5764314841455246,0.6625990771363505,True,True,False
discovery,Parvimonas unclassified,C00438_Carbamoylaspartate,206,0.04429033075893654,0.5273032389649998,0.7079161969875815,,,,,False,False,False
discovery,Parvimonas unclassified,C00318_Carnitine,206,0.08257131021582254,0.23802971266940298,0.4384559185046619,,,,,False,False,False
discovery,Parvimonas unclassified,C00386_Carnosine,206,-0.013813228901145325,0.8437804717341406,0.905209048312131,,,,,False,False,False
discovery,Parvimonas unclassified,C02256_Castanospermine,206,-0.17321362829440215,0.012781331773941067,0.07184598576877188,140.0,-0.1737687643165286,0.04004598255950001,0.08841835753236141,True,True,True
discovery,Parvimonas unclassified,C00695_Cholate,206,0.23673875749743112,0.0006125485925264519,0.011434240393827103,140.0,0.09788179380714793,0.24992368873473034,0.3461675937133222,True,True,False
discovery,Parvimonas unclassified,C00114_Choline,206,0.22765058580087633,0.0009989015904838085,0.01624020650334966,140.0,0.23553587002650764,0.005087542671772064,0.019903895014125796,True,True,True
discovery,Parvimonas unclassified,C00417_cis-Aconitate,206,0.03774370393823816,0.59014931436118,0.7561010125404005,,,,,False,False,False
discovery,Parvimonas unclassified,C02226_Citraconate,206,0.19375257753031833,0.005263598328611884,0.04248043128542632,140.0,0.05482507469523723,0.5199858058687972,0.6102991300460093,True,True,False
discovery,Parvimonas unclassified,C02614_Citramalate,206,0.14388316270075924,0.03908469636109318,0.14317625684130128,,,,,False,False,False
discovery,Parvimonas unclassified,C00327_Citrulline,206,0.008965534993882321,0.8982287499064567,0.9363129057970097,,,,,False,False,False
discovery,Parvimonas unclassified,C00055_CMP,206,-0.08339441052311491,0.23336763691024492,0.43561958889912383,,,,,False,False,False
discovery,Parvimonas unclassified,C00300_Creatine,206,0.28237990498928106,3.918130171360419e-05,0.002078671164595422,140.0,0.3008558997639473,0.0003039478218119046,0.0030809256483661242,True,True,True
discovery,Parvimonas unclassified,C00791_Creatinine,206,0.14070271056869854,0.04367238861283059,0.15127755230836162,,,,,False,False,False
discovery,Parvimonas unclassified,C00571_Cyclohexylamine,206,-0.0466579018515407,0.5054400056171942,0.6894229034670253,,,,,False,False,False
discovery,Parvimonas unclassified,Cysteine-glutathione disulphide -Divalent,206,0.18001053827825864,0.00962270191647641,0.061781423769479114,140.0,0.11015416893042894,0.19510538811338327,0.29397636181948966,True,True,False
discovery,Parvimonas unclassified,C00491_Cystine,206,0.20983829101096668,0.0024683447456688504,0.027286721838241875,140.0,0.3684435302165486,7.49937565834331e-06,0.0003344721543621116,True,True,True
discovery,Parvimonas unclassified,C00475_Cytidine,206,-0.06851691295069506,0.3277928588002718,0.5363883144004448,,,,,False,False,False
discovery,Parvimonas unclassified,C00380_Cytosine,206,-0.008779600063415757,0.900328321013241,0.9364495267670528,,,,,False,False,False
discovery,Parvimonas unclassified,_DCA,206,0.007055054070728312,0.9198329334682992,0.9490190347349494,,,,,False,False,False
discovery,Parvimonas unclassified,_Diazoxide,206,-0.10121822052484862,0.147719090353126,0.33173207926375825,,,,,False,False,False
discovery,Parvimonas unclassified,C06772_Diethanolamine,206,0.10302433864680753,0.1405883247528392,0.3221796181542842,,,,,False,False,False
discovery,Parvimonas unclassified,C00429_Dihydrouracil,206,0.02252395460490205,0.7479427484293991,0.8636039981865227,,,,,False,False,False
discovery,Parvimonas unclassified,C02678_Dodecanedioate,206,-0.24489095820154588,0.00038871154767619934,0.00911212186180486,140.0,-0.24036527363941282,0.004228345142863721,0.018133095516511728,True,True,True
discovery,Parvimonas unclassified,C02679_Dodecanoate,206,0.0861943358951353,0.21799108470290246,0.4177482226908146,,,,,False,False,False
discovery,Parvimonas unclassified,C00364_dTMP,206,-0.159849209647592,0.02172826044479052,0.09865804742499479,140.0,-0.16849015921662558,0.04659319361046396,0.09892873155704389,True,True,True
discovery,Parvimonas unclassified,C00122_Fumarate,206,0.21590727710745747,0.001828000083531949,0.024568321122669393,140.0,0.32665080934673274,8.184189843771824e-05,0.0017158330263092045,True,True,True
discovery,Parvimonas unclassified,C00092_G6P,206,0.020606283611481292,0.7687675588396145,0.8756132195596965,,,,,False,False,False
discovery,Parvimonas unclassified,C00334_GABA,206,0.13552755220697713,0.05209827524041938,0.16501559242445538,,,,,False,False,False
discovery,Parvimonas unclassified,C01181_gamma-Butyrobetaine,206,0.009174526021419854,0.8958696746861687,0.9348205301073065,,,,,False,False,False
discovery,Parvimonas unclassified,gamma-Glu-2AB,206,-0.09355160966046322,0.18106507183925033,0.37400326314336957,,,,,False,False,False
discovery,Parvimonas unclassified,C01035_gamma-Guanidinobutyrate,206,0.08101924179961084,0.24699742788766857,0.44698995926529606,,,,,False,False,False
discovery,Parvimonas unclassified,C00064_Gln,206,-0.004667400647815938,0.9469140518253879,0.9651055250151578,,,,,False,False,False
discovery,Parvimonas unclassified,C00025_Glu,206,-0.21426330619683756,0.001984516364958099,0.025053894419844493,140.0,-0.35860771943698183,1.3572550575044006e-05,0.0005044464630391355,True,True,True
discovery,Parvimonas unclassified,C00329_Glucosamine,206,0.028951948110636488,0.6795357632980479,0.8137176618986747,,,,,False,False,False
discovery,Parvimonas unclassified,C00191_Glucuronate,206,0.1845283932210782,0.007926007205514835,0.054349763694958864,140.0,0.3214394033175701,0.00010772045905080208,0.0017158330263092045,True,True,True
discovery,Parvimonas unclassified,C01425_Glu-Glu,206,0.24225265074012425,0.00045110779858121024,0.010104814688219109,140.0,0.2851630816874721,0.0006377359728173599,0.004903969722009354,True,True,True
discovery,Parvimonas unclassified,C00489_Glutarate,206,-0.16173089471616384,0.020208127821739214,0.09563283025499121,140.0,0.001285286188406144,0.9879752397766185,0.9924255786945313,True,False,False
discovery,Parvimonas unclassified,C00127_Glutathione(ox),206,0.10292528168227784,0.14097247534772214,0.3221796181542842,,,,,False,False,False
discovery,Parvimonas unclassified,C00037_Gly,206,0.17023050210045443,0.014433808749608238,0.07756218036234551,140.0,0.20656975834868574,0.014336313122219457,0.043842269198632315,True,True,True
discovery,Parvimonas unclassified,C00093_Glycerophosphate,206,0.027701113035920398,0.6926640517759435,0.8243274665763295,,,,,False,False,False
discovery,Parvimonas unclassified,C00670_Glycerophosphorylcholine,206,0.1219757140922779,0.08071448730788192,0.21871022367297036,,,,,False,False,False
discovery,Parvimonas unclassified,C01921_Glycocholate,206,0.2069209321718301,0.002843517957529649,0.02924761327744782,140.0,0.2475152582166068,0.003194201976026114,0.014839730013621322,True,True,True
discovery,Parvimonas unclassified,C02037_Gly-Gly,206,0.2638753057073706,0.00012688572277349676,0.004125832534054346,140.0,0.19034369334290835,0.024283060771271247,0.06153548354538055,True,True,True
discovery,Parvimonas unclassified,C02155_Gly-Leu,206,0.12847524560508658,0.0657124014419363,0.19424662948232196,,,,,False,False,False
discovery,Parvimonas unclassified,C00581_Guanidinoacetate,206,0.07489372924979143,0.2846689739139574,0.4869663023637344,,,,,False,False,False
discovery,Parvimonas unclassified,C03139_Guanidinosuccinate,206,-0.0192238056745231,0.7838848679174598,0.880408324955415,,,,,False,False,False
discovery,Parvimonas unclassified,C00242_Guanine,206,0.021073341894714208,0.7636796513132891,0.8727767443580446,,,,,False,False,False
discovery,Parvimonas unclassified,C00387_Guanosine,206,0.008881306001755,0.8991797741888662,0.9363359632049351,,,,,False,False,False
discovery,Parvimonas unclassified,C01585_Hexanoate,206,-0.07179662794508762,0.3051135714844009,0.5117379035878138,,,,,False,False,False
discovery,Parvimonas unclassified,C01586_Hippurate,206,-0.022544751083375322,0.7477178775664859,0.8636039981865227,,,,,False,False,False
discovery,Parvimonas unclassified,C00135_His,206,0.08268243593173184,0.2373965081205752,0.43827047653029266,,,,,False,False,False
discovery,Parvimonas unclassified,C00388_Histamine,206,0.13045118998609007,0.061632838609045476,0.18489851582713643,,,,,False,False,False
discovery,Parvimonas unclassified,C00860_Histidinol,206,0.04504492755176294,0.5202833152583809,0.7011304569257325,,,,,False,False,False
discovery,Parvimonas unclassified,C00263_Homoserine,206,0.015206271882206496,0.828258570604468,0.89892064602052,,,,,False,False,False
discovery,Parvimonas unclassified,C05582_Homovanillate,206,0.09055318423046746,0.1955151510906181,0.3908861485000878,,,,,False,False,False
discovery,Parvimonas unclassified,C01015_Hydroxyproline,206,0.15606539095619107,0.02508615351852879,0.10689952518290456,,,,,False,False,False
discovery,Parvimonas unclassified,C07044_Hydroxyurea,206,0.05389397705897573,0.4416697839021707,0.6415030867051701,,,,,False,False,False
discovery,Parvimonas unclassified,C00262_Hypoxanthine,206,-0.08905800938111796,0.20302658278122016,0.3991607208151269,,,,,False,False,False
discovery,Parvimonas unclassified,C00407_Ile,206,0.22207421999043986,0.0013360377333316228,0.019460049352664464,140.0,0.29533643515714847,0.0003963595069191809,0.0035355268017190932,True,True,True
discovery,Parvimonas unclassified,C02835_Imidazole-4-acetate,206,-0.15852704340076662,0.0228545894824116,0.10189183080433288,,,,,False,False,False
discovery,Parvimonas unclassified,C00637_Indole-3-acetaldehyde,206,-0.012675050538153751,0.8565077044833045,0.9100390640765647,,,,,False,False,False
discovery,Parvimonas unclassified,C02693_Indole-3-acetamide,206,-0.21291985272180022,0.0021213826216378447,0.025763297380854786,140.0,0.010569004056694711,0.9013656076039107,0.9481345778097741,True,False,False
discovery,Parvimonas unclassified,C00954_Indole-3-acetate,206,-0.10613298886488565,0.12893443246910502,0.302950834333002,,,,,False,False,False
discovery,Parvimonas unclassified,C00294_Inosine,206,-0.12887475554293526,0.06487021345226426,0.19288842230053801,,,,,False,False,False
discovery,Parvimonas unclassified,C05123_Isethionate,206,-0.052127009821971965,0.45680577498198943,0.6559262409997797,,,,,False,False,False
discovery,Parvimonas unclassified,C00630_Isobutyryl CoA,206,-0.01914161463952905,0.7847862388710724,0.880408324955415,,,,,False,False,False
discovery,Parvimonas unclassified,C00311_Isocitrate,206,0.15005391141179672,0.03133618394648775,0.12788207861562612,,,,,False,False,False
discovery,Parvimonas unclassified,C05771_Isopropanolamine,206,0.16057567044038848,0.0211300610263166,0.09865804742499479,140.0,-0.02622037941229696,0.7584513192755261,0.8290913931296192,True,False,False
discovery,Parvimonas unclassified,C00186_Lactate,206,0.1780636688419909,0.010447963097221907,0.06382755637575564,140.0,0.07202897968762349,0.3977108005593553,0.4982556658693047,True,True,False
discovery,Parvimonas unclassified,C00123_Leu,206,0.18604920538236097,0.007417886828720483,0.05340878516678748,140.0,0.27645762418640707,0.000944866166943525,0.005544872506010687,True,True,True
discovery,Parvimonas unclassified,C00047_Lys,206,0.06703608473085677,0.338379736995871,0.5431318071526082,,,,,False,False,False
discovery,Parvimonas unclassified,C00711_Malate,206,0.1418500840867412,0.04196783509274252,0.14700024323169258,,,,,False,False,False
discovery,Parvimonas unclassified,C00383_Malonate,206,0.07048034693648017,0.31408842774854057,0.5215834187323376,,,,,False,False,False
discovery,Parvimonas unclassified,C03570_Mannosamine,206,-0.03207955231937327,0.6471361247348726,0.7935683865361941,,,,,False,False,False
discovery,Parvimonas unclassified,C00073_Met,206,0.16145538920140468,0.020424773218284037,0.09620640843004817,140.0,0.1398695277809172,0.09930472187011236,0.17575359505583377,True,True,False
discovery,Parvimonas unclassified,C02989_Methionine sulfoxide,206,0.12286180929783169,0.07851978180053996,0.21587551058769588,,,,,False,False,False
discovery,Parvimonas unclassified,C00879_Mucate,206,-0.14367612484581635,0.0393704503399592,0.14317625684130128,,,,,False,False,False
discovery,Parvimonas unclassified,"C01026_N,N-Dimethylglycine",206,-0.1581217550854132,0.023209777836101664,0.10261164938066,,,,,False,False,False
discovery,Parvimonas unclassified,"C03413_N1,N12-Diacetylspermine",206,0.13407788028623302,0.05468708834356781,0.1711943635102992,,,,,False,False,False
discovery,Parvimonas unclassified,"N1,N8-Diacetylspermidine",206,0.08302912244876473,0.23542865107332622,0.4370388218819758,,,,,False,False,False
discovery,Parvimonas unclassified,C00612_N1-Acetylspermidine,206,0.15994291213450995,0.021650288972666427,0.09865804742499479,140.0,-0.08598362994029363,0.3124363894199856,0.4122681351518153,True,False,False
discovery,Parvimonas unclassified,C02567_N1-Acetylspermine,206,0.21368171490763113,0.0020427477707195105,0.025110850644942277,140.0,0.16051646148556725,0.05815437489995687,0.1178947782062762,True,True,False
discovery,Parvimonas unclassified,C02567_N1-Acetylspermine_div,206,0.17943587013028595,0.009860081016625066,0.06250919286011362,140.0,0.054913555296764935,0.5193114386557085,0.6102991300460093,True,True,False
discovery,Parvimonas unclassified,"C03793_N6,N6,N6-Trimethyllysine",206,0.09979341182144913,0.1535354084954821,0.33791199074988204,,,,,False,False,False
discovery,Parvimonas unclassified,C03795_N6-Methyl-2'-deoxyadenosine,206,-0.056713004703652065,0.41812204488827376,0.6232334344882066,,,,,False,False,False
discovery,Parvimonas unclassified,C01029_N8-Acetylspermidine,206,0.04375388187552748,0.5323227636252955,0.7107037691845005,,,,,False,False,False
discovery,Parvimonas unclassified,C01042_N-Acetylaspartate,206,-0.19393456235028414,0.005220317019294334,0.04248043128542632,140.0,-0.32506468141812433,8.902696801263576e-05,0.0017158330263092045,True,True,True
discovery,Parvimonas unclassified,C01073_N-Acetyl-beta-alanine,206,0.05267835203520237,0.45205213433459995,0.6500264642072422,,,,,False,False,False
discovery,Parvimonas unclassified,C00140_N-Acetylglucosamine,206,0.03219564869176354,0.645945665476956,0.7930733627293198,,,,,False,False,False
discovery,Parvimonas unclassified,C04501_N-Acetylglucosamine 1-phosphate,206,-0.09263520256223565,0.1853953612792667,0.37828536962147175,,,,,False,False,False
discovery,Parvimonas unclassified,C00357_N-Acetylglucosamine 6-phosphate,206,0.09316715452133989,0.1828725700967185,0.37576998325871264,,,,,False,False,False
discovery,Parvimonas unclassified,C00624_N-Acetylglutamate,206,-0.3269450781280779,1.614907869585475e-06,0.00020347839156776985,140.0,-0.37320177355916734,5.588863437427148e-06,0.0003344721543621116,True,True,True
discovery,Parvimonas unclassified,C02997_N-Acetylhistidine,206,-0.08605695026265626,0.21872828703745664,0.4177482226908146,,,,,False,False,False
discovery,Parvimonas unclassified,C02710_N-Acetylleucine,206,0.019476130214907572,0.7811194828973381,0.880408324955415,,,,,False,False,False
discovery,Parvimonas unclassified,C02713_N-Acetylmuramate,206,-0.018704202504472432,0.7895880349738967,0.8810095410225844,,,,,False,False,False
discovery,Parvimonas unclassified,C00270_N-Acetylneuraminate,206,0.02232119549571349,0.7501362813726757,0.8645516942527471,,,,,False,False,False
discovery,Parvimonas unclassified,C00437_N-Acetylornithine,206,0.12870062057514775,0.06523620600980948,0.19340616369967045,,,,,False,False,False
discovery,Parvimonas unclassified,C02714_N-Acetylputrescine,206,0.18453296053470372,0.007924436004460035,0.054349763694958864,140.0,0.044480563286741284,0.6017810503495886,0.6846794603467259,True,True,False
discovery,Parvimonas unclassified,N-Acetylvaline,206,-0.05269747766125346,0.45188773396516335,0.6500264642072422,,,,,False,False,False
discovery,Parvimonas unclassified,C00003_NAD+,206,-0.09164535372183309,0.19015757439765354,0.38259248501563825,,,,,False,False,False
discovery,Parvimonas unclassified,"C04259_N-alpha,N-alpha-Dimethylhistidine",206,-0.2501133963756324,0.0002881163124038006,0.00736764779492982,140.0,-0.14419701699296014,0.08917593672181867,0.16758830368590527,True,True,False
discovery,Parvimonas unclassified,C02727_N-epsilon-Acetyllysine,206,-0.1436158437941334,0.0394539805422186,0.14317625684130128,,,,,False,False,False
discovery,Parvimonas unclassified,C01047_N-gamma-Ethylglutamine,206,0.06363843352558668,0.3634837063764331,0.5648494676632795,,,,,False,False,False
discovery,Parvimonas unclassified,C00153_Nicotinamide,206,-0.022823306871649362,0.7447079344149097,0.861843395970412,,,,,False,False,False
discovery,Parvimonas unclassified,C00253_Nicotinate,206,-0.06862268358354978,0.32704492639837246,0.5360346110724544,,,,,False,False,False
discovery,Parvimonas unclassified,C02721_N-Methylalanine,206,-0.20826341979619117,0.002664884856561435,0.02769282407643223,140.0,-0.4484233867377807,2.7577610699772863e-08,6.1498071860493486e-06,True,True,True
discovery,Parvimonas unclassified,C01046_N-Methylglutamate,206,-0.21429512235883716,0.001981374859125317,0.025053894419844493,140.0,-0.23850796726839485,0.004542036616187602,0.018756928989071022,True,True,True
discovery,Parvimonas unclassified,C00547_Noradrenaline,206,-0.059335260917700486,0.39689154337926186,0.5977695443589879,,,,,False,False,False
discovery,Parvimonas unclassified,C06524_Nornicotine,206,0.03440281055737954,0.6234872848525119,0.7768543672822399,,,,,False,False,False
discovery,Parvimonas unclassified,C02571_o-Acetylcarnitine,206,0.14203257242718495,0.041701948296015305,0.14700024323169258,,,,,False,False,False
discovery,Parvimonas unclassified,C04137_Octopine,206,0.30292075874017727,9.612841930066336e-06,0.0006921246189647762,140.0,0.25886558752932587,0.002013071918303548,0.010688453280516458,True,True,True
discovery,Parvimonas unclassified,C01005_O-Phosphoserine,206,0.172716098453523,0.013044814545456663,0.07224820363637535,140.0,0.23377944941912343,0.0054367892341125705,0.020549220325544123,True,True,True
discovery,Parvimonas unclassified,Ophthalmate,206,0.18124735925393543,0.009128890181272315,0.059752735731964254,140.0,0.13305812882530516,0.11706161004895256,0.20080568493012632,True,True,False
discovery,Parvimonas unclassified,C00077_Ornithine,206,0.038291999273745506,0.5847567906596913,0.7561010125404005,,,,,False,False,False
discovery,Parvimonas unclassified,C01118_o-Succinylhomoserine,206,0.12311094560779229,0.07791147316138318,0.21575484875459958,,,,,False,False,False
discovery,Parvimonas unclassified,C00568_p-Aminobenzoate,206,-0.147686240661074,0.034138794683263744,0.13494864721854846,,,,,False,False,False
discovery,Parvimonas unclassified,C00864_Pantothenate,206,0.0017482603806237007,0.9801031487781396,0.9891665633274884,,,,,False,False,False
discovery,Parvimonas unclassified,C01601_Pelargonate,206,0.055172249379506606,0.43090005192673636,0.6333850442291648,,,,,False,False,False
discovery,Parvimonas unclassified,C00803_Valerate,206,-0.13847399865064808,0.047149466746862795,0.15728489813662644,,,,,False,False,False
discovery,Parvimonas unclassified,C00079_Phe,206,0.17828409478657647,0.010351489381408332,0.063649156045413,140.0,0.2967182361935128,0.0003710574056302628,0.0034477417273145253,True,True,True
discovery,Parvimonas unclassified,C05598_Phenaceturate,206,0.08708425805026093,0.2132587323779822,0.411809965971276,,,,,False,False,False
discovery,Parvimonas unclassified,C05332_Phenethylamine,206,0.18797584115997015,0.006815930188346931,0.050702172779216,140.0,0.11412668035849718,0.17938542026285975,0.2797996084165718,True,True,False
discovery,Parvimonas unclassified,C02735_Phenylethanolamine,206,0.04322491530458565,0.5372956810367044,0.7154478817503277,,,,,False,False,False
discovery,Parvimonas unclassified,C00588_Phosphorylcholine,206,0.08611305973422709,0.21842699281808098,0.4177482226908146,,,,,False,False,False
discovery,Parvimonas unclassified,C01606_Phthalate,206,-0.14041317019758412,0.044111588821607844,0.15175590966614574,,,,,False,False,False
discovery,Parvimonas unclassified,C00642_p-Hydroxyphenylacetate,206,-0.14644668088620527,0.03568900700128336,0.137833406349784,,,,,False,False,False
discovery,Parvimonas unclassified,C02656_Pimelate,206,-0.3525253753405783,2.0285540854569946e-07,6.815941727135502e-05,140.0,-0.10406662408302798,0.2210960593506055,0.3243711923367436,True,True,False
discovery,Parvimonas unclassified,C00408_Pipecolate,206,-0.17484393458361822,0.01195042143689479,0.06883442747651398,140.0,-0.3118269417208089,0.00017650808922681972,0.002186739105421156,True,True,True
discovery,Parvimonas unclassified,C00931_Porphobilinogen,206,0.19311907034091688,0.005416785599022407,0.04248043128542632,140.0,-0.14348536475290624,0.09078260853289949,0.16758830368590527,True,False,False
discovery,Parvimonas unclassified,C00148_Pro,206,0.1001817932495848,0.151933098832419,0.33585211320850517,,,,,False,False,False
discovery,Parvimonas unclassified,C10172_Proline betaine,206,0.015279074636034,0.8274491425247561,0.89892064602052,,,,,False,False,False
discovery,Parvimonas unclassified,C00163_Propionate,206,0.01930906059055515,0.7829502001072379,0.880408324955415,,,,,False,False,False
discovery,Parvimonas unclassified,C01736_Purine riboside,206,-0.0758162762786159,0.27876115491582,0.4811493906766208,,,,,False,False,False
discovery,Parvimonas unclassified,C00134_Putrescine,206,0.20349076190263837,0.0033502677715783434,0.03261464127733613,140.0,0.14314359204977517,0.09156235895451563,0.16758830368590527,True,True,False
discovery,Parvimonas unclassified,C00250_Pyridoxal,206,-0.09029003550267165,0.19682227662211893,0.39131529553273353,,,,,False,False,False
discovery,Parvimonas unclassified,C00534_Pyridoxamine,206,-0.10107643219012011,0.14829029504906957,0.33217026090991586,,,,,False,False,False
discovery,Parvimonas unclassified,C00647_Pyridoxamine 5'-phosphate,206,-0.10695885872033822,0.12596722980589423,0.3008300263060631,,,,,False,False,False
discovery,Parvimonas unclassified,C00314_Pyridoxine,206,-0.11175902051911724,0.10975455295195746,0.27213768322848525,,,,,False,False,False
discovery,Parvimonas unclassified,C00296_Quinate,206,0.025058856978259894,0.7206951609448505,0.8455254336847398,,,,,False,False,False
discovery,Parvimonas unclassified,C00255_Riboflavin,206,-0.06100164512747741,0.3837420280142579,0.5828114634279455,,,,,False,False,False
discovery,Parvimonas unclassified,C00449_Saccharopine,206,-0.03801529183858962,0.58747538591253,0.7561010125404005,,,,,False,False,False
discovery,Parvimonas unclassified,C00019_SAM+,206,-0.1332872457222041,0.05614330386146893,0.17413061628418672,,,,,False,False,False
discovery,Parvimonas unclassified,C00213_Sarcosine,206,0.13214622310381025,0.058301248621451855,0.17862510215934185,,,,,False,False,False
discovery,Parvimonas unclassified,SDMA,206,0.1142312295872082,0.10206873363613304,0.2565717793147683,,,,,False,False,False
discovery,Parvimonas unclassified,C08277_Sebacate,206,-0.267583631134954,0.00010094009639736902,0.0037684302655017765,140.0,-0.1493543245084392,0.07819897882127606,0.15163801980125707,True,True,False
discovery,Parvimonas unclassified,C00065_Ser,206,-0.01759350882894179,0.8018162410019055,0.8881656823405722,,,,,False,False,False
discovery,Parvimonas unclassified,C00493_Shikimate,206,-0.015190480395084338,0.8284341658161994,0.89892064602052,,,,,False,False,False
discovery,Parvimonas unclassified,C00315_Spermidine,206,0.08756099597863747,0.21075406691392923,0.40853865278700124,,,,,False,False,False
discovery,Parvimonas unclassified,C00042_Succinate,206,0.2686122149456284,9.467820070865627e-05,0.003670601012089443,140.0,0.33530099186108,5.129787157560825e-05,0.0014299281701700799,True,True,True
discovery,Parvimonas unclassified,C04548_Synephrine,206,0.12252848890913581,0.07933963428430874,0.21673265950835557,,,,,False,False,False
discovery,Parvimonas unclassified,C00245_Taurine,206,0.052857521728720554,0.45051334049312747,0.6496673064621924,,,,,False,False,False
discovery,Parvimonas unclassified,C05122_Taurocholate,206,0.3080001849767089,6.677884344789986e-06,0.0005609422849623589,140.0,0.31733608724262213,0.00013327064556304007,0.001981290264037196,True,True,True
discovery,Parvimonas unclassified,C01959_Taurocyamine,206,0.010535842760826924,0.8805265078438331,0.9241620753785309,,,,,False,False,False
discovery,Parvimonas unclassified,C06337_Terephthalate,206,-0.2442708020250628,0.0004026130708122795,0.009223499440426768,140.0,-0.01596260980169756,0.8515110828862998,0.9042236737316421,True,True,False
discovery,Parvimonas unclassified,C00378_Thiamine,206,-0.1735070316270755,0.012628151899364257,0.07184598576877188,140.0,-0.006834883350234072,0.9361200934119938,0.9664573186614566,True,True,False
discovery,Parvimonas unclassified,C01081_Thiamine monophosphate,206,0.008376804966142048,0.9048790257526493,0.9374286309955504,,,,,False,False,False
discovery,Parvimonas unclassified,C00188_Thr,206,0.02589445618344051,0.7117880005240388,0.8401432137332917,,,,,False,False,False
discovery,Parvimonas unclassified,C01620_Threonate,206,-0.08122930607594783,0.24577013755445076,0.4460613557454345,,,,,False,False,False
discovery,Parvimonas unclassified,C00214_Thymidine,206,-0.10771417371298597,0.12330000056531189,0.29768343731245356,,,,,False,False,False
discovery,Parvimonas unclassified,C00178_Thymine,206,0.15722484102141723,0.024012769707700353,0.10433134424724981,,,,,False,False,False
discovery,Parvimonas unclassified,C00423_trans-Cinnamate,206,-0.09849212964842918,0.15899698757330655,0.3461532688421015,,,,,False,False,False
discovery,Parvimonas unclassified,C00371_trans-Zeatin,206,0.0802761326872582,0.25137317654495694,0.45166517282944135,,,,,False,False,False
discovery,Parvimonas unclassified,C01004_Trigonelline,206,-0.12228459148626054,0.07994390398651607,0.21720607875581727,,,,,False,False,False
discovery,Parvimonas unclassified,C01104_Trimethylamine N-oxide,206,0.03393499926446158,0.6282193591703721,0.7796679039704189,,,,,False,False,False
discovery,Parvimonas unclassified,C01008_Trimethylsulfonium,206,-0.12020130311787768,0.08525797790025,0.22580105372940174,,,,,False,False,False
discovery,Parvimonas unclassified,C00078_Trp,206,0.13800547592946982,0.047909087632575065,0.15833560765126448,,,,,False,False,False
discovery,Parvimonas unclassified,C00398_Tryptamine,206,0.1997822306214127,0.003988779480712256,0.035269208039982056,140.0,0.09861531776433809,0.2463750915828424,0.3433852838935866,True,True,False
discovery,Parvimonas unclassified,C00082_Tyr,206,0.12694981512325093,0.0690107565058936,0.19828886970600423,,,,,False,False,False
discovery,Parvimonas unclassified,C00483_Tyramine,206,0.20971476300438335,0.002483271035921441,0.027286721838241875,140.0,-0.0031106982760026533,0.9709025126671472,0.9924255786945313,True,False,False
discovery,Parvimonas unclassified,C00015_UDP,206,0.012927362443323265,0.8536830075266671,0.9086720924887861,,,,,False,False,False
discovery,Parvimonas unclassified,C00029_UDP-glucose,206,0.06763621038077,0.3340632776600622,0.5423282440682033,,,,,False,False,False
discovery,Parvimonas unclassified,C00043_UDP-N-acetylglucosamine,206,0.045880583760836896,0.5125654900287179,0.6972550795532356,,,,,False,False,False
discovery,Parvimonas unclassified,C00105_UMP,206,0.02794608933808476,0.6900854966306937,0.8232025805961412,,,,,False,False,False
discovery,Parvimonas unclassified,C00366_Urate,206,0.15778929966638128,0.023504678606958488,0.10346164207779107,,,,,False,False,False
discovery,Parvimonas unclassified,C00086_Urea,206,0.10066434022541547,0.14995994461736256,0.33442394728827757,,,,,False,False,False
discovery,Parvimonas unclassified,C00299_Uridine,206,-0.17046870797066752,0.014295305200526198,0.07747133140930326,140.0,0.11475428965625105,0.17698957858955677,0.2797996084165718,True,False,False
discovery,Parvimonas unclassified,C00785_Urocanate,206,-0.13776440248255062,0.0483039035372194,0.15852988270510274,,,,,False,False,False
discovery,Parvimonas unclassified,C00183_Val,206,0.20965555154733378,0.002490454770950647,0.027286721838241875,140.0,0.27871815442269704,0.0008542101456683409,0.005291357291223334,True,True,True
discovery,Parvimonas unclassified,"C00986_1,3-Diaminopropane",206,0.23991464239665913,0.0005140295693473602,0.010554087585374664,140.0,0.05630285356559569,0.5087815687705626,0.6035015416799758,True,True,False
discovery,Parvimonas unclassified,C01234_1-Aminocyclopropane-1-carboxylate,206,0.109992690555193,0.11551867320678823,0.2826282101758314,,,,,False,False,False
discovery,Parvimonas unclassified,C11118_1-Methyl-2-pyrrolidinone,206,-0.022867116923189497,0.7442348942083109,0.861843395970412,,,,,False,False,False
discovery,Parvimonas unclassified,C02494_1-Methyladenosine,206,0.06463509014294792,0.35600268071170577,0.5580881837595637,,,,,False,False,False
discovery,Parvimonas unclassified,C05127_1-Methylhistamine,206,0.20339823433097867,0.0033650026714711883,0.03261464127733613,140.0,-0.16370504937229313,0.05327594871911866,0.11000496818855056,True,False,False
discovery,Parvimonas unclassified,C02918_1-Methylnicotinamide,206,0.029053756778140656,0.6784713863654667,0.8137176618986747,,,,,False,False,False
discovery,Parvimonas unclassified,"C03283_2,4-Diaminobutyrate",206,-0.2250592975311087,0.001144428804204145,0.017510876977755694,140.0,-0.20622476911694354,0.014503521451286139,0.043842269198632315,True,True,True
discovery,Parvimonas unclassified,"C11003_2,4-Dimethylaniline",206,0.0003482062847420487,0.9960366926169933,0.9990099364755515,,,,,False,False,False
discovery,Parvimonas unclassified,"C00628_2,5-Dihydroxybenzoate",206,0.21893773239396364,0.001568652707761004,0.021367593640852594,140.0,-0.020125116588960074,0.8134228891238767,0.8762961559160605,True,False,False
discovery,Parvimonas unclassified,C02356_2AB,206,0.17739120522671414,0.010747203985697153,0.06519141532734267,140.0,0.19444268571567205,0.02133136639793009,0.05822349286848324,True,True,True
discovery,Parvimonas unclassified,C00881_2'-Deoxycytidine,206,-0.04424353959076745,0.5277401054990255,0.7079161969875815,,,,,False,False,False
discovery,Parvimonas unclassified,C03264_2-Hydroxy-4-methylpentanoate,206,0.2453954274101123,0.00037773310920642537,0.009065594620954208,140.0,0.2790460339808921,0.0008417445909322018,0.005291357291223334,True,True,True
discovery,Parvimonas unclassified,C05984_2-Hydroxybutyrate,206,0.14889198619707242,0.032686062295037545,0.13179020317359139,,,,,False,False,False
discovery,Parvimonas unclassified,C02630_2-Hydroxyglutarate,206,0.030758950598348943,0.660740146966129,0.8011050710331892,,,,,False,False,False
discovery,Parvimonas unclassified,2-Hydroxyisobutyrate,206,-0.06837839606363748,0.32877401358031655,0.5371218892851849,,,,,False,False,False
discovery,Parvimonas unclassified,2-Hydroxyoctanoate,206,-0.013867700492597305,0.8431723511540047,0.905209048312131,,,,,False,False,False
discovery,Parvimonas unclassified,2-Hydroxypentanoate,206,0.19168786483795727,0.00577766507560678,0.04412035148645177,140.0,0.30206983218913364,0.00028650632376124076,0.0030809256483661242,True,True,True
discovery,Parvimonas unclassified,C02504_2-Isopropylmalate,206,0.008577002325776222,0.9026168358729634,0.9364495267670528,,,,,False,False,False
discovery,Parvimonas unclassified,C01744_3-(4-Hydroxyphenyl)propionate,206,0.16293982057311196,0.01928084593883086,0.09210944410588393,140.0,0.09993985205152717,0.24005614279997647,0.33784720825259623,True,True,False
discovery,Parvimonas unclassified,C05145_3-Aminoisobutyrate,206,0.1072499385470019,0.12493411000869889,0.299129650567146,,,,,False,False,False
discovery,Parvimonas unclassified,"C06057_3-Aminopropane-1,2-diol",206,0.0791925498265121,0.2578495133194911,0.46002178659477344,,,,,False,False,False
discovery,Parvimonas unclassified,C03761_3-Hydroxy-3-methylglutarate,206,0.03387382451283437,0.628839291595189,0.7796679039704189,,,,,False,False,False
discovery,Parvimonas unclassified,C01089_3-Hydroxybutyrate,206,0.17281783968358364,0.012990549648589412,0.07224820363637535,140.0,0.3219805557860148,0.00010471484862539261,0.0017158330263092045,True,True,True
discovery,Parvimonas unclassified,C11284_3-Indolebutyrate,206,0.16935188520869826,0.014954884473843254,0.07883639700659015,140.0,0.08702855082151317,0.3065703074148875,0.4069355866280947,True,True,False
discovery,Parvimonas unclassified,C08262_Isovalerate,206,-0.1591615344863504,0.02230794557753052,0.10038575509888734,,,,,False,False,False
discovery,Parvimonas unclassified,C02230_3-Methylguanine,206,0.015326606381072595,0.8269207780673652,0.89892064602052,,,,,False,False,False
discovery,Parvimonas unclassified,C01152_3-Methylhistidine,206,-0.06398438361142311,0.3608759737178441,0.5622302650812779,,,,,False,False,False
discovery,Parvimonas unclassified,C05629_3-Phenylpropionate,206,-0.08629927493453257,0.21742918409424963,0.4177482226908146,,,,,False,False,False
discovery,Parvimonas unclassified,C05135_4-(beta-Acetylaminoethyl)imidazole,206,0.20231103531789774,0.0035425785377273065,0.03306406635212153,140.0,-0.22839589016825404,0.006644411847346742,0.023519108602513068,True,False,False
discovery,Parvimonas unclassified,C05584_4-Hydroxy-3-methoxymandelate,206,0.17727303761565225,0.010800561864748238,0.06519141532734267,140.0,0.19259664066738647,0.02262009193318308,0.05934447648352738,True,True,True
discovery,Parvimonas unclassified,C11527_4-Hydroxymandelate,206,-0.007363209076125644,0.9163438442126302,0.9473585589398268,,,,,False,False,False
discovery,Parvimonas unclassified,C00847_4-Pyridoxate,206,-0.20084325597278027,0.0037957364789412747,0.03446939072768293,140.0,-0.1273771084163568,0.1336791719437018,0.22413876198079324,True,True,False
discovery,Parvimonas unclassified,C00430_5-Aminolevulinate,206,0.0032749673653191397,0.9627374043702045,0.9743366502059901,,,,,False,False,False
discovery,Parvimonas unclassified,C00431_5-Aminovalerate,206,0.2036293437620447,0.003328307858017318,0.03261464127733613,140.0,0.24451812160592895,0.0035961771468692285,0.01611432092351562,True,True,True
discovery,Parvimonas unclassified,C05635_5-Hydroxyindoleacetate,206,-0.13772193010730574,0.048373742605704935,0.15852988270510274,,,,,False,False,False
discovery,Parvimonas unclassified,C16741_5-Hydroxylysine,206,0.12732013226896507,0.06819788339494098,0.19810797251325796,,,,,False,False,False
discovery,Parvimonas unclassified,C05660_5-Methoxyindoleacetate,206,0.12064936311743911,0.08409176079775066,0.22543748639396985,,,,,False,False,False
discovery,Parvimonas unclassified,C05659_5-Methoxytryptamine,206,-0.07864088776974158,0.26119042794140074,0.46352104113544357,,,,,False,False,False
discovery,Parvimonas unclassified,C03592_5-Methyl-2'-deoxycytidine,206,-0.18430479920339843,0.008003265213220551,0.05450872523598862,140.0,-0.24156075300578353,0.004036856578657854,0.017651353275307872,True,True,True
discovery,Parvimonas unclassified,C00440_5-Methyltetrahydrofolate,206,0.04871695642713502,0.486818336789091,0.6796577333565148,,,,,False,False,False
discovery,Parvimonas unclassified,C00170_5-Methylthioadenosine,206,-0.014823841487953394,0.832513423346947,0.9008255104019927,,,,,False,False,False
discovery,Parvimonas unclassified,C01879_5-Oxoproline,206,0.01092660201611008,0.8761302814420919,0.9218573316217418,,,,,False,False,False
discovery,Parvimonas unclassified,C02378_6-Aminohexanoate,206,-0.009307273253311321,0.8943717069349654,0.9348205301073065,,,,,False,False,False
discovery,Parvimonas unclassified,C06103_6-Hydroxyhexanoate,206,-0.2537731468985548,0.00023268335582540532,0.0067012806477716735,140.0,-0.10828403670036876,0.20284235156087227,0.30358284830922494,True,True,False
discovery,Parvimonas unclassified,"C02953_7,8-Dihydrobiopterin",206,0.06736440659974463,0.3360138663487206,0.5431318071526082,,,,,False,False,False
discovery,Parvimonas unclassified,C02242_7-Methylguanine,206,0.20254146709746734,0.003504249654691153,0.03301199674699703,140.0,-0.05285953232178081,0.5350807652274227,0.6247278044278286,True,False,False
