from_pattern,to_pattern,dimension,direction,reference_before,reference_after,any_positive_before,any_positive_after,any_positive_changed,majority_dimensions_before,majority_dimensions_after,majority_dimensions_changed,additive_score_ge_0_5_before,additive_score_ge_0_5_after,additive_score_ge_0_5_changed,noncompensatory_all_complete_before,noncompensatory_all_complete_after,noncompensatory_all_complete_changed
00000000,10000000,microbial_reproducibility,0->1,0,0,0,1,1,0,0,0,0,0,0,0,0,0
00000000,01000000,human_metabolite_observed,0->1,0,0,0,1,1,0,0,0,0,0,0,0,0,0
00000000,00100000,microbe_metabolite_link,0->1,0,0,0,1,1,0,0,0,0,0,0,0,0,0
00000000,00010000,metabolite_target_link,0->1,0,0,0,1,1,0,0,0,0,0,0,0,0,0
00000000,00001000,host_reproduced_two_datasets,0->1,0,0,0,1,1,0,0,0,0,0,0,0,0,0
00000000,00000100,single_cell_localisation,0->1,0,0,0,1,1,0,0,0,0,0,0,0,0,0
00000000,00000010,major_contradiction_resolved,0->1,0,0,0,1,1,0,0,0,0,0,0,0,0,0
00000000,00000001,robust_to_analytic_choices,0->1,0,0,0,1,1,0,0,0,0,0,0,0,0,0
00000001,10000001,microbial_reproducibility,0->1,0,0,1,1,0,0,0,0,0,0,0,0,0,0
00000001,01000001,human_metabolite_observed,0->1,0,0,1,1,0,0,0,0,0,0,0,0,0,0
00000001,00100001,microbe_metabolite_link,0->1,0,0,1,1,0,0,0,0,0,0,0,0,0,0
00000001,00010001,metabolite_target_link,0->1,0,0,1,1,0,0,0,0,0,0,0,0,0,0
00000001,00001001,host_reproduced_two_datasets,0->1,0,0,1,1,0,0,0,0,0,0,0,0,0,0
00000001,00000101,single_cell_localisation,0->1,0,0,1,1,0,0,0,0,0,0,0,0,0,0
00000001,00000011,major_contradiction_resolved,0->1,0,0,1,1,0,0,0,0,0,0,0,0,0,0
00000001,00000000,robust_to_analytic_choices,1->0,0,0,1,0,1,0,0,0,0,0,0,0,0,0
00000010,10000010,microbial_reproducibility,0->1,0,0,1,1,0,0,0,0,0,0,0,0,0,0
00000010,01000010,human_metabolite_observed,0->1,0,0,1,1,0,0,0,0,0,0,0,0,0,0
00000010,00100010,microbe_metabolite_link,0->1,0,0,1,1,0,0,0,0,0,0,0,0,0,0
00000010,00010010,metabolite_target_link,0->1,0,0,1,1,0,0,0,0,0,0,0,0,0,0
00000010,00001010,host_reproduced_two_datasets,0->1,0,0,1,1,0,0,0,0,0,0,0,0,0,0
00000010,00000110,single_cell_localisation,0->1,0,0,1,1,0,0,0,0,0,0,0,0,0,0
00000010,00000000,major_contradiction_resolved,1->0,0,0,1,0,1,0,0,0,0,0,0,0,0,0
00000010,00000011,robust_to_analytic_choices,0->1,0,0,1,1,0,0,0,0,0,0,0,0,0,0
00000011,10000011,microbial_reproducibility,0->1,0,0,1,1,0,0,0,0,0,0,0,0,0,0
00000011,01000011,human_metabolite_observed,0->1,0,0,1,1,0,0,0,0,0,0,0,0,0,0
00000011,00100011,microbe_metabolite_link,0->1,0,0,1,1,0,0,0,0,0,0,0,0,0,0
00000011,00010011,metabolite_target_link,0->1,0,0,1,1,0,0,0,0,0,0,0,0,0,0
00000011,00001011,host_reproduced_two_datasets,0->1,0,0,1,1,0,0,0,0,0,0,0,0,0,0
00000011,00000111,single_cell_localisation,0->1,0,0,1,1,0,0,0,0,0,0,0,0,0,0
00000011,00000001,major_contradiction_resolved,1->0,0,0,1,1,0,0,0,0,0,0,0,0,0,0
00000011,00000010,robust_to_analytic_choices,1->0,0,0,1,1,0,0,0,0,0,0,0,0,0,0
00000100,10000100,microbial_reproducibility,0->1,0,0,1,1,0,0,0,0,0,0,0,0,0,0
00000100,01000100,human_metabolite_observed,0->1,0,0,1,1,0,0,0,0,0,0,0,0,0,0
00000100,00100100,microbe_metabolite_link,0->1,0,0,1,1,0,0,0,0,0,0,0,0,0,0
00000100,00010100,metabolite_target_link,0->1,0,0,1,1,0,0,0,0,0,0,0,0,0,0
00000100,00001100,host_reproduced_two_datasets,0->1,0,0,1,1,0,0,0,0,0,0,0,0,0,0
00000100,00000000,single_cell_localisation,1->0,0,0,1,0,1,0,0,0,0,0,0,0,0,0
00000100,00000110,major_contradiction_resolved,0->1,0,0,1,1,0,0,0,0,0,0,0,0,0,0
00000100,00000101,robust_to_analytic_choices,0->1,0,0,1,1,0,0,0,0,0,0,0,0,0,0
00000101,10000101,microbial_reproducibility,0->1,0,0,1,1,0,0,0,0,0,0,0,0,0,0
00000101,01000101,human_metabolite_observed,0->1,0,0,1,1,0,0,0,0,0,0,0,0,0,0
00000101,00100101,microbe_metabolite_link,0->1,0,0,1,1,0,0,0,0,0,0,0,0,0,0
00000101,00010101,metabolite_target_link,0->1,0,0,1,1,0,0,0,0,0,0,0,0,0,0
00000101,00001101,host_reproduced_two_datasets,0->1,0,0,1,1,0,0,0,0,0,0,0,0,0,0
00000101,00000001,single_cell_localisation,1->0,0,0,1,1,0,0,0,0,0,0,0,0,0,0
00000101,00000111,major_contradiction_resolved,0->1,0,0,1,1,0,0,0,0,0,0,0,0,0,0
00000101,00000100,robust_to_analytic_choices,1->0,0,0,1,1,0,0,0,0,0,0,0,0,0,0
00000110,10000110,microbial_reproducibility,0->1,0,0,1,1,0,0,0,0,0,0,0,0,0,0
00000110,01000110,human_metabolite_observed,0->1,0,0,1,1,0,0,0,0,0,0,0,0,0,0
00000110,00100110,microbe_metabolite_link,0->1,0,0,1,1,0,0,0,0,0,0,0,0,0,0
00000110,00010110,metabolite_target_link,0->1,0,0,1,1,0,0,0,0,0,0,0,0,0,0
00000110,00001110,host_reproduced_two_datasets,0->1,0,0,1,1,0,0,0,0,0,0,0,0,0,0
00000110,00000010,single_cell_localisation,1->0,0,0,1,1,0,0,0,0,0,0,0,0,0,0
00000110,00000100,major_contradiction_resolved,1->0,0,0,1,1,0,0,0,0,0,0,0,0,0,0
00000110,00000111,robust_to_analytic_choices,0->1,0,0,1,1,0,0,0,0,0,0,0,0,0,0
00000111,10000111,microbial_reproducibility,0->1,0,0,1,1,0,0,1,1,0,1,1,0,0,0
00000111,01000111,human_metabolite_observed,0->1,0,0,1,1,0,0,1,1,0,1,1,0,0,0
00000111,00100111,microbe_metabolite_link,0->1,0,0,1,1,0,0,1,1,0,1,1,0,0,0
00000111,00010111,metabolite_target_link,0->1,0,0,1,1,0,0,1,1,0,1,1,0,0,0
00000111,00001111,host_reproduced_two_datasets,0->1,0,0,1,1,0,0,1,1,0,1,1,0,0,0
00000111,00000011,single_cell_localisation,1->0,0,0,1,1,0,0,0,0,0,0,0,0,0,0
00000111,00000101,major_contradiction_resolved,1->0,0,0,1,1,0,0,0,0,0,0,0,0,0,0
00000111,00000110,robust_to_analytic_choices,1->0,0,0,1,1,0,0,0,0,0,0,0,0,0,0
00001000,10001000,microbial_reproducibility,0->1,0,0,1,1,0,0,0,0,0,0,0,0,0,0
00001000,01001000,human_metabolite_observed,0->1,0,0,1,1,0,0,0,0,0,0,0,0,0,0
00001000,00101000,microbe_metabolite_link,0->1,0,0,1,1,0,0,0,0,0,0,0,0,0,0
00001000,00011000,metabolite_target_link,0->1,0,0,1,1,0,0,0,0,0,0,0,0,0,0
00001000,00000000,host_reproduced_two_datasets,1->0,0,0,1,0,1,0,0,0,0,0,0,0,0,0
00001000,00001100,single_cell_localisation,0->1,0,0,1,1,0,0,0,0,0,0,0,0,0,0
00001000,00001010,major_contradiction_resolved,0->1,0,0,1,1,0,0,0,0,0,0,0,0,0,0
00001000,00001001,robust_to_analytic_choices,0->1,0,0,1,1,0,0,0,0,0,0,0,0,0,0
00001001,10001001,microbial_reproducibility,0->1,0,0,1,1,0,0,0,0,0,0,0,0,0,0
00001001,01001001,human_metabolite_observed,0->1,0,0,1,1,0,0,0,0,0,0,0,0,0,0
00001001,00101001,microbe_metabolite_link,0->1,0,0,1,1,0,0,0,0,0,0,0,0,0,0
00001001,00011001,metabolite_target_link,0->1,0,0,1,1,0,0,0,0,0,0,0,0,0,0
00001001,00000001,host_reproduced_two_datasets,1->0,0,0,1,1,0,0,0,0,0,0,0,0,0,0
00001001,00001101,single_cell_localisation,0->1,0,0,1,1,0,0,0,0,0,0,0,0,0,0
00001001,00001011,major_contradiction_resolved,0->1,0,0,1,1,0,0,0,0,0,0,0,0,0,0
00001001,00001000,robust_to_analytic_choices,1->0,0,0,1,1,0,0,0,0,0,0,0,0,0,0
00001010,10001010,microbial_reproducibility,0->1,0,0,1,1,0,0,0,0,0,0,0,0,0,0
00001010,01001010,human_metabolite_observed,0->1,0,0,1,1,0,0,0,0,0,0,0,0,0,0
00001010,00101010,microbe_metabolite_link,0->1,0,0,1,1,0,0,0,0,0,0,0,0,0,0
00001010,00011010,metabolite_target_link,0->1,0,0,1,1,0,0,0,0,0,0,0,0,0,0
00001010,00000010,host_reproduced_two_datasets,1->0,0,0,1,1,0,0,0,0,0,0,0,0,0,0
00001010,00001110,single_cell_localisation,0->1,0,0,1,1,0,0,0,0,0,0,0,0,0,0
00001010,00001000,major_contradiction_resolved,1->0,0,0,1,1,0,0,0,0,0,0,0,0,0,0
00001010,00001011,robust_to_analytic_choices,0->1,0,0,1,1,0,0,0,0,0,0,0,0,0,0
00001011,10001011,microbial_reproducibility,0->1,0,0,1,1,0,0,1,1,0,1,1,0,0,0
00001011,01001011,human_metabolite_observed,0->1,0,0,1,1,0,0,1,1,0,1,1,0,0,0
00001011,00101011,microbe_metabolite_link,0->1,0,0,1,1,0,0,1,1,0,1,1,0,0,0
00001011,00011011,metabolite_target_link,0->1,0,0,1,1,0,0,1,1,0,1,1,0,0,0
00001011,00000011,host_reproduced_two_datasets,1->0,0,0,1,1,0,0,0,0,0,0,0,0,0,0
00001011,00001111,single_cell_localisation,0->1,0,0,1,1,0,0,1,1,0,1,1,0,0,0
00001011,00001001,major_contradiction_resolved,1->0,0,0,1,1,0,0,0,0,0,0,0,0,0,0
00001011,00001010,robust_to_analytic_choices,1->0,0,0,1,1,0,0,0,0,0,0,0,0,0,0
00001100,10001100,microbial_reproducibility,0->1,0,0,1,1,0,0,0,0,0,0,0,0,0,0
00001100,01001100,human_metabolite_observed,0->1,0,0,1,1,0,0,0,0,0,0,0,0,0,0
00001100,00101100,microbe_metabolite_link,0->1,0,0,1,1,0,0,0,0,0,0,0,0,0,0
00001100,00011100,metabolite_target_link,0->1,0,0,1,1,0,0,0,0,0,0,0,0,0,0
00001100,00000100,host_reproduced_two_datasets,1->0,0,0,1,1,0,0,0,0,0,0,0,0,0,0
00001100,00001000,single_cell_localisation,1->0,0,0,1,1,0,0,0,0,0,0,0,0,0,0
00001100,00001110,major_contradiction_resolved,0->1,0,0,1,1,0,0,0,0,0,0,0,0,0,0
00001100,00001101,robust_to_analytic_choices,0->1,0,0,1,1,0,0,0,0,0,0,0,0,0,0
00001101,10001101,microbial_reproducibility,0->1,0,0,1,1,0,0,1,1,0,1,1,0,0,0
00001101,01001101,human_metabolite_observed,0->1,0,0,1,1,0,0,1,1,0,1,1,0,0,0
00001101,00101101,microbe_metabolite_link,0->1,0,0,1,1,0,0,1,1,0,1,1,0,0,0
00001101,00011101,metabolite_target_link,0->1,0,0,1,1,0,0,1,1,0,1,1,0,0,0
00001101,00000101,host_reproduced_two_datasets,1->0,0,0,1,1,0,0,0,0,0,0,0,0,0,0
00001101,00001001,single_cell_localisation,1->0,0,0,1,1,0,0,0,0,0,0,0,0,0,0
00001101,00001111,major_contradiction_resolved,0->1,0,0,1,1,0,0,1,1,0,1,1,0,0,0
00001101,00001100,robust_to_analytic_choices,1->0,0,0,1,1,0,0,0,0,0,0,0,0,0,0
00001110,10001110,microbial_reproducibility,0->1,0,0,1,1,0,0,1,1,0,1,1,0,0,0
00001110,01001110,human_metabolite_observed,0->1,0,0,1,1,0,0,1,1,0,1,1,0,0,0
00001110,00101110,microbe_metabolite_link,0->1,0,0,1,1,0,0,1,1,0,1,1,0,0,0
00001110,00011110,metabolite_target_link,0->1,0,0,1,1,0,0,1,1,0,1,1,0,0,0
00001110,00000110,host_reproduced_two_datasets,1->0,0,0,1,1,0,0,0,0,0,0,0,0,0,0
00001110,00001010,single_cell_localisation,1->0,0,0,1,1,0,0,0,0,0,0,0,0,0,0
00001110,00001100,major_contradiction_resolved,1->0,0,0,1,1,0,0,0,0,0,0,0,0,0,0
00001110,00001111,robust_to_analytic_choices,0->1,0,0,1,1,0,0,1,1,0,1,1,0,0,0
00001111,10001111,microbial_reproducibility,0->1,0,0,1,1,0,1,1,0,1,1,0,0,0,0
00001111,01001111,human_metabolite_observed,0->1,0,0,1,1,0,1,1,0,1,1,0,0,0,0
00001111,00101111,microbe_metabolite_link,0->1,0,0,1,1,0,1,1,0,1,1,0,0,0,0
00001111,00011111,metabolite_target_link,0->1,0,0,1,1,0,1,1,0,1,1,0,0,0,0
00001111,00000111,host_reproduced_two_datasets,1->0,0,0,1,1,0,1,0,1,1,0,1,0,0,0
00001111,00001011,single_cell_localisation,1->0,0,0,1,1,0,1,0,1,1,0,1,0,0,0
00001111,00001101,major_contradiction_resolved,1->0,0,0,1,1,0,1,0,1,1,0,1,0,0,0
00001111,00001110,robust_to_analytic_choices,1->0,0,0,1,1,0,1,0,1,1,0,1,0,0,0
00010000,10010000,microbial_reproducibility,0->1,0,0,1,1,0,0,0,0,0,0,0,0,0,0
00010000,01010000,human_metabolite_observed,0->1,0,0,1,1,0,0,0,0,0,0,0,0,0,0
00010000,00110000,microbe_metabolite_link,0->1,0,0,1,1,0,0,0,0,0,0,0,0,0,0
00010000,00000000,metabolite_target_link,1->0,0,0,1,0,1,0,0,0,0,0,0,0,0,0
00010000,00011000,host_reproduced_two_datasets,0->1,0,0,1,1,0,0,0,0,0,0,0,0,0,0
00010000,00010100,single_cell_localisation,0->1,0,0,1,1,0,0,0,0,0,0,0,0,0,0
00010000,00010010,major_contradiction_resolved,0->1,0,0,1,1,0,0,0,0,0,0,0,0,0,0
00010000,00010001,robust_to_analytic_choices,0->1,0,0,1,1,0,0,0,0,0,0,0,0,0,0
00010001,10010001,microbial_reproducibility,0->1,0,0,1,1,0,0,0,0,0,0,0,0,0,0
00010001,01010001,human_metabolite_observed,0->1,0,0,1,1,0,0,0,0,0,0,0,0,0,0
00010001,00110001,microbe_metabolite_link,0->1,0,0,1,1,0,0,0,0,0,0,0,0,0,0
00010001,00000001,metabolite_target_link,1->0,0,0,1,1,0,0,0,0,0,0,0,0,0,0
00010001,00011001,host_reproduced_two_datasets,0->1,0,0,1,1,0,0,0,0,0,0,0,0,0,0
00010001,00010101,single_cell_localisation,0->1,0,0,1,1,0,0,0,0,0,0,0,0,0,0
00010001,00010011,major_contradiction_resolved,0->1,0,0,1,1,0,0,0,0,0,0,0,0,0,0
00010001,00010000,robust_to_analytic_choices,1->0,0,0,1,1,0,0,0,0,0,0,0,0,0,0
00010010,10010010,microbial_reproducibility,0->1,0,0,1,1,0,0,0,0,0,0,0,0,0,0
00010010,01010010,human_metabolite_observed,0->1,0,0,1,1,0,0,0,0,0,0,0,0,0,0
00010010,00110010,microbe_metabolite_link,0->1,0,0,1,1,0,0,0,0,0,0,0,0,0,0
00010010,00000010,metabolite_target_link,1->0,0,0,1,1,0,0,0,0,0,0,0,0,0,0
00010010,00011010,host_reproduced_two_datasets,0->1,0,0,1,1,0,0,0,0,0,0,0,0,0,0
00010010,00010110,single_cell_localisation,0->1,0,0,1,1,0,0,0,0,0,0,0,0,0,0
00010010,00010000,major_contradiction_resolved,1->0,0,0,1,1,0,0,0,0,0,0,0,0,0,0
00010010,00010011,robust_to_analytic_choices,0->1,0,0,1,1,0,0,0,0,0,0,0,0,0,0
00010011,10010011,microbial_reproducibility,0->1,0,0,1,1,0,0,1,1,0,1,1,0,0,0
00010011,01010011,human_metabolite_observed,0->1,0,0,1,1,0,0,1,1,0,1,1,0,0,0
00010011,00110011,microbe_metabolite_link,0->1,0,0,1,1,0,0,1,1,0,1,1,0,0,0
00010011,00000011,metabolite_target_link,1->0,0,0,1,1,0,0,0,0,0,0,0,0,0,0
00010011,00011011,host_reproduced_two_datasets,0->1,0,0,1,1,0,0,1,1,0,1,1,0,0,0
00010011,00010111,single_cell_localisation,0->1,0,0,1,1,0,0,1,1,0,1,1,0,0,0
00010011,00010001,major_contradiction_resolved,1->0,0,0,1,1,0,0,0,0,0,0,0,0,0,0
00010011,00010010,robust_to_analytic_choices,1->0,0,0,1,1,0,0,0,0,0,0,0,0,0,0
00010100,10010100,microbial_reproducibility,0->1,0,0,1,1,0,0,0,0,0,0,0,0,0,0
00010100,01010100,human_metabolite_observed,0->1,0,0,1,1,0,0,0,0,0,0,0,0,0,0
00010100,00110100,microbe_metabolite_link,0->1,0,0,1,1,0,0,0,0,0,0,0,0,0,0
00010100,00000100,metabolite_target_link,1->0,0,0,1,1,0,0,0,0,0,0,0,0,0,0
00010100,00011100,host_reproduced_two_datasets,0->1,0,0,1,1,0,0,0,0,0,0,0,0,0,0
00010100,00010000,single_cell_localisation,1->0,0,0,1,1,0,0,0,0,0,0,0,0,0,0
00010100,00010110,major_contradiction_resolved,0->1,0,0,1,1,0,0,0,0,0,0,0,0,0,0
00010100,00010101,robust_to_analytic_choices,0->1,0,0,1,1,0,0,0,0,0,0,0,0,0,0
00010101,10010101,microbial_reproducibility,0->1,0,0,1,1,0,0,1,1,0,1,1,0,0,0
00010101,01010101,human_metabolite_observed,0->1,0,0,1,1,0,0,1,1,0,1,1,0,0,0
00010101,00110101,microbe_metabolite_link,0->1,0,0,1,1,0,0,1,1,0,1,1,0,0,0
00010101,00000101,metabolite_target_link,1->0,0,0,1,1,0,0,0,0,0,0,0,0,0,0
00010101,00011101,host_reproduced_two_datasets,0->1,0,0,1,1,0,0,1,1,0,1,1,0,0,0
00010101,00010001,single_cell_localisation,1->0,0,0,1,1,0,0,0,0,0,0,0,0,0,0
00010101,00010111,major_contradiction_resolved,0->1,0,0,1,1,0,0,1,1,0,1,1,0,0,0
00010101,00010100,robust_to_analytic_choices,1->0,0,0,1,1,0,0,0,0,0,0,0,0,0,0
00010110,10010110,microbial_reproducibility,0->1,0,0,1,1,0,0,1,1,0,1,1,0,0,0
00010110,01010110,human_metabolite_observed,0->1,0,0,1,1,0,0,1,1,0,1,1,0,0,0
00010110,00110110,microbe_metabolite_link,0->1,0,0,1,1,0,0,1,1,0,1,1,0,0,0
00010110,00000110,metabolite_target_link,1->0,0,0,1,1,0,0,0,0,0,0,0,0,0,0
00010110,00011110,host_reproduced_two_datasets,0->1,0,0,1,1,0,0,1,1,0,1,1,0,0,0
00010110,00010010,single_cell_localisation,1->0,0,0,1,1,0,0,0,0,0,0,0,0,0,0
00010110,00010100,major_contradiction_resolved,1->0,0,0,1,1,0,0,0,0,0,0,0,0,0,0
00010110,00010111,robust_to_analytic_choices,0->1,0,0,1,1,0,0,1,1,0,1,1,0,0,0
00010111,10010111,microbial_reproducibility,0->1,0,0,1,1,0,1,1,0,1,1,0,0,0,0
00010111,01010111,human_metabolite_observed,0->1,0,0,1,1,0,1,1,0,1,1,0,0,0,0
00010111,00110111,microbe_metabolite_link,0->1,0,0,1,1,0,1,1,0,1,1,0,0,0,0
00010111,00000111,metabolite_target_link,1->0,0,0,1,1,0,1,0,1,1,0,1,0,0,0
00010111,00011111,host_reproduced_two_datasets,0->1,0,0,1,1,0,1,1,0,1,1,0,0,0,0
00010111,00010011,single_cell_localisation,1->0,0,0,1,1,0,1,0,1,1,0,1,0,0,0
00010111,00010101,major_contradiction_resolved,1->0,0,0,1,1,0,1,0,1,1,0,1,0,0,0
00010111,00010110,robust_to_analytic_choices,1->0,0,0,1,1,0,1,0,1,1,0,1,0,0,0
00011000,10011000,microbial_reproducibility,0->1,0,0,1,1,0,0,0,0,0,0,0,0,0,0
00011000,01011000,human_metabolite_observed,0->1,0,0,1,1,0,0,0,0,0,0,0,0,0,0
00011000,00111000,microbe_metabolite_link,0->1,0,0,1,1,0,0,0,0,0,0,0,0,0,0
00011000,00001000,metabolite_target_link,1->0,0,0,1,1,0,0,0,0,0,0,0,0,0,0
00011000,00010000,host_reproduced_two_datasets,1->0,0,0,1,1,0,0,0,0,0,0,0,0,0,0
00011000,00011100,single_cell_localisation,0->1,0,0,1,1,0,0,0,0,0,0,0,0,0,0
00011000,00011010,major_contradiction_resolved,0->1,0,0,1,1,0,0,0,0,0,0,0,0,0,0
00011000,00011001,robust_to_analytic_choices,0->1,0,0,1,1,0,0,0,0,0,0,0,0,0,0
00011001,10011001,microbial_reproducibility,0->1,0,0,1,1,0,0,1,1,0,1,1,0,0,0
00011001,01011001,human_metabolite_observed,0->1,0,0,1,1,0,0,1,1,0,1,1,0,0,0
00011001,00111001,microbe_metabolite_link,0->1,0,0,1,1,0,0,1,1,0,1,1,0,0,0
00011001,00001001,metabolite_target_link,1->0,0,0,1,1,0,0,0,0,0,0,0,0,0,0
00011001,00010001,host_reproduced_two_datasets,1->0,0,0,1,1,0,0,0,0,0,0,0,0,0,0
00011001,00011101,single_cell_localisation,0->1,0,0,1,1,0,0,1,1,0,1,1,0,0,0
00011001,00011011,major_contradiction_resolved,0->1,0,0,1,1,0,0,1,1,0,1,1,0,0,0
00011001,00011000,robust_to_analytic_choices,1->0,0,0,1,1,0,0,0,0,0,0,0,0,0,0
00011010,10011010,microbial_reproducibility,0->1,0,0,1,1,0,0,1,1,0,1,1,0,0,0
00011010,01011010,human_metabolite_observed,0->1,0,0,1,1,0,0,1,1,0,1,1,0,0,0
00011010,00111010,microbe_metabolite_link,0->1,0,0,1,1,0,0,1,1,0,1,1,0,0,0
00011010,00001010,metabolite_target_link,1->0,0,0,1,1,0,0,0,0,0,0,0,0,0,0
00011010,00010010,host_reproduced_two_datasets,1->0,0,0,1,1,0,0,0,0,0,0,0,0,0,0
00011010,00011110,single_cell_localisation,0->1,0,0,1,1,0,0,1,1,0,1,1,0,0,0
00011010,00011000,major_contradiction_resolved,1->0,0,0,1,1,0,0,0,0,0,0,0,0,0,0
00011010,00011011,robust_to_analytic_choices,0->1,0,0,1,1,0,0,1,1,0,1,1,0,0,0
00011011,10011011,microbial_reproducibility,0->1,0,0,1,1,0,1,1,0,1,1,0,0,0,0
00011011,01011011,human_metabolite_observed,0->1,0,0,1,1,0,1,1,0,1,1,0,0,0,0
00011011,00111011,microbe_metabolite_link,0->1,0,0,1,1,0,1,1,0,1,1,0,0,0,0
00011011,00001011,metabolite_target_link,1->0,0,0,1,1,0,1,0,1,1,0,1,0,0,0
00011011,00010011,host_reproduced_two_datasets,1->0,0,0,1,1,0,1,0,1,1,0,1,0,0,0
00011011,00011111,single_cell_localisation,0->1,0,0,1,1,0,1,1,0,1,1,0,0,0,0
00011011,00011001,major_contradiction_resolved,1->0,0,0,1,1,0,1,0,1,1,0,1,0,0,0
00011011,00011010,robust_to_analytic_choices,1->0,0,0,1,1,0,1,0,1,1,0,1,0,0,0
00011100,10011100,microbial_reproducibility,0->1,0,0,1,1,0,0,1,1,0,1,1,0,0,0
00011100,01011100,human_metabolite_observed,0->1,0,0,1,1,0,0,1,1,0,1,1,0,0,0
00011100,00111100,microbe_metabolite_link,0->1,0,0,1,1,0,0,1,1,0,1,1,0,0,0
00011100,00001100,metabolite_target_link,1->0,0,0,1,1,0,0,0,0,0,0,0,0,0,0
00011100,00010100,host_reproduced_two_datasets,1->0,0,0,1,1,0,0,0,0,0,0,0,0,0,0
00011100,00011000,single_cell_localisation,1->0,0,0,1,1,0,0,0,0,0,0,0,0,0,0
00011100,00011110,major_contradiction_resolved,0->1,0,0,1,1,0,0,1,1,0,1,1,0,0,0
00011100,00011101,robust_to_analytic_choices,0->1,0,0,1,1,0,0,1,1,0,1,1,0,0,0
00011101,10011101,microbial_reproducibility,0->1,0,0,1,1,0,1,1,0,1,1,0,0,0,0
00011101,01011101,human_metabolite_observed,0->1,0,0,1,1,0,1,1,0,1,1,0,0,0,0
00011101,00111101,microbe_metabolite_link,0->1,0,0,1,1,0,1,1,0,1,1,0,0,0,0
00011101,00001101,metabolite_target_link,1->0,0,0,1,1,0,1,0,1,1,0,1,0,0,0
00011101,00010101,host_reproduced_two_datasets,1->0,0,0,1,1,0,1,0,1,1,0,1,0,0,0
00011101,00011001,single_cell_localisation,1->0,0,0,1,1,0,1,0,1,1,0,1,0,0,0
00011101,00011111,major_contradiction_resolved,0->1,0,0,1,1,0,1,1,0,1,1,0,0,0,0
00011101,00011100,robust_to_analytic_choices,1->0,0,0,1,1,0,1,0,1,1,0,1,0,0,0
00011110,10011110,microbial_reproducibility,0->1,0,0,1,1,0,1,1,0,1,1,0,0,0,0
00011110,01011110,human_metabolite_observed,0->1,0,0,1,1,0,1,1,0,1,1,0,0,0,0
00011110,00111110,microbe_metabolite_link,0->1,0,0,1,1,0,1,1,0,1,1,0,0,0,0
00011110,00001110,metabolite_target_link,1->0,0,0,1,1,0,1,0,1,1,0,1,0,0,0
00011110,00010110,host_reproduced_two_datasets,1->0,0,0,1,1,0,1,0,1,1,0,1,0,0,0
00011110,00011010,single_cell_localisation,1->0,0,0,1,1,0,1,0,1,1,0,1,0,0,0
00011110,00011100,major_contradiction_resolved,1->0,0,0,1,1,0,1,0,1,1,0,1,0,0,0
00011110,00011111,robust_to_analytic_choices,0->1,0,0,1,1,0,1,1,0,1,1,0,0,0,0
00011111,10011111,microbial_reproducibility,0->1,0,0,1,1,0,1,1,0,1,1,0,0,0,0
00011111,01011111,human_metabolite_observed,0->1,0,0,1,1,0,1,1,0,1,1,0,0,0,0
00011111,00111111,microbe_metabolite_link,0->1,0,0,1,1,0,1,1,0,1,1,0,0,0,0
00011111,00001111,metabolite_target_link,1->0,0,0,1,1,0,1,1,0,1,1,0,0,0,0
00011111,00010111,host_reproduced_two_datasets,1->0,0,0,1,1,0,1,1,0,1,1,0,0,0,0
00011111,00011011,single_cell_localisation,1->0,0,0,1,1,0,1,1,0,1,1,0,0,0,0
00011111,00011101,major_contradiction_resolved,1->0,0,0,1,1,0,1,1,0,1,1,0,0,0,0
00011111,00011110,robust_to_analytic_choices,1->0,0,0,1,1,0,1,1,0,1,1,0,0,0,0
00100000,10100000,microbial_reproducibility,0->1,0,0,1,1,0,0,0,0,0,0,0,0,0,0
00100000,01100000,human_metabolite_observed,0->1,0,0,1,1,0,0,0,0,0,0,0,0,0,0
00100000,00000000,microbe_metabolite_link,1->0,0,0,1,0,1,0,0,0,0,0,0,0,0,0
00100000,00110000,metabolite_target_link,0->1,0,0,1,1,0,0,0,0,0,0,0,0,0,0
00100000,00101000,host_reproduced_two_datasets,0->1,0,0,1,1,0,0,0,0,0,0,0,0,0,0
00100000,00100100,single_cell_localisation,0->1,0,0,1,1,0,0,0,0,0,0,0,0,0,0
00100000,00100010,major_contradiction_resolved,0->1,0,0,1,1,0,0,0,0,0,0,0,0,0,0
00100000,00100001,robust_to_analytic_choices,0->1,0,0,1,1,0,0,0,0,0,0,0,0,0,0
00100001,10100001,microbial_reproducibility,0->1,0,0,1,1,0,0,0,0,0,0,0,0,0,0
00100001,01100001,human_metabolite_observed,0->1,0,0,1,1,0,0,0,0,0,0,0,0,0,0
00100001,00000001,microbe_metabolite_link,1->0,0,0,1,1,0,0,0,0,0,0,0,0,0,0
00100001,00110001,metabolite_target_link,0->1,0,0,1,1,0,0,0,0,0,0,0,0,0,0
00100001,00101001,host_reproduced_two_datasets,0->1,0,0,1,1,0,0,0,0,0,0,0,0,0,0
00100001,00100101,single_cell_localisation,0->1,0,0,1,1,0,0,0,0,0,0,0,0,0,0
00100001,00100011,major_contradiction_resolved,0->1,0,0,1,1,0,0,0,0,0,0,0,0,0,0
00100001,00100000,robust_to_analytic_choices,1->0,0,0,1,1,0,0,0,0,0,0,0,0,0,0
00100010,10100010,microbial_reproducibility,0->1,0,0,1,1,0,0,0,0,0,0,0,0,0,0
00100010,01100010,human_metabolite_observed,0->1,0,0,1,1,0,0,0,0,0,0,0,0,0,0
00100010,00000010,microbe_metabolite_link,1->0,0,0,1,1,0,0,0,0,0,0,0,0,0,0
00100010,00110010,metabolite_target_link,0->1,0,0,1,1,0,0,0,0,0,0,0,0,0,0
00100010,00101010,host_reproduced_two_datasets,0->1,0,0,1,1,0,0,0,0,0,0,0,0,0,0
00100010,00100110,single_cell_localisation,0->1,0,0,1,1,0,0,0,0,0,0,0,0,0,0
00100010,00100000,major_contradiction_resolved,1->0,0,0,1,1,0,0,0,0,0,0,0,0,0,0
00100010,00100011,robust_to_analytic_choices,0->1,0,0,1,1,0,0,0,0,0,0,0,0,0,0
00100011,10100011,microbial_reproducibility,0->1,0,0,1,1,0,0,1,1,0,1,1,0,0,0
00100011,01100011,human_metabolite_observed,0->1,0,0,1,1,0,0,1,1,0,1,1,0,0,0
00100011,00000011,microbe_metabolite_link,1->0,0,0,1,1,0,0,0,0,0,0,0,0,0,0
00100011,00110011,metabolite_target_link,0->1,0,0,1,1,0,0,1,1,0,1,1,0,0,0
00100011,00101011,host_reproduced_two_datasets,0->1,0,0,1,1,0,0,1,1,0,1,1,0,0,0
00100011,00100111,single_cell_localisation,0->1,0,0,1,1,0,0,1,1,0,1,1,0,0,0
00100011,00100001,major_contradiction_resolved,1->0,0,0,1,1,0,0,0,0,0,0,0,0,0,0
00100011,00100010,robust_to_analytic_choices,1->0,0,0,1,1,0,0,0,0,0,0,0,0,0,0
00100100,10100100,microbial_reproducibility,0->1,0,0,1,1,0,0,0,0,0,0,0,0,0,0
00100100,01100100,human_metabolite_observed,0->1,0,0,1,1,0,0,0,0,0,0,0,0,0,0
00100100,00000100,microbe_metabolite_link,1->0,0,0,1,1,0,0,0,0,0,0,0,0,0,0
00100100,00110100,metabolite_target_link,0->1,0,0,1,1,0,0,0,0,0,0,0,0,0,0
00100100,00101100,host_reproduced_two_datasets,0->1,0,0,1,1,0,0,0,0,0,0,0,0,0,0
00100100,00100000,single_cell_localisation,1->0,0,0,1,1,0,0,0,0,0,0,0,0,0,0
00100100,00100110,major_contradiction_resolved,0->1,0,0,1,1,0,0,0,0,0,0,0,0,0,0
00100100,00100101,robust_to_analytic_choices,0->1,0,0,1,1,0,0,0,0,0,0,0,0,0,0
00100101,10100101,microbial_reproducibility,0->1,0,0,1,1,0,0,1,1,0,1,1,0,0,0
00100101,01100101,human_metabolite_observed,0->1,0,0,1,1,0,0,1,1,0,1,1,0,0,0
00100101,00000101,microbe_metabolite_link,1->0,0,0,1,1,0,0,0,0,0,0,0,0,0,0
00100101,00110101,metabolite_target_link,0->1,0,0,1,1,0,0,1,1,0,1,1,0,0,0
00100101,00101101,host_reproduced_two_datasets,0->1,0,0,1,1,0,0,1,1,0,1,1,0,0,0
00100101,00100001,single_cell_localisation,1->0,0,0,1,1,0,0,0,0,0,0,0,0,0,0
00100101,00100111,major_contradiction_resolved,0->1,0,0,1,1,0,0,1,1,0,1,1,0,0,0
00100101,00100100,robust_to_analytic_choices,1->0,0,0,1,1,0,0,0,0,0,0,0,0,0,0
00100110,10100110,microbial_reproducibility,0->1,0,0,1,1,0,0,1,1,0,1,1,0,0,0
00100110,01100110,human_metabolite_observed,0->1,0,0,1,1,0,0,1,1,0,1,1,0,0,0
00100110,00000110,microbe_metabolite_link,1->0,0,0,1,1,0,0,0,0,0,0,0,0,0,0
00100110,00110110,metabolite_target_link,0->1,0,0,1,1,0,0,1,1,0,1,1,0,0,0
00100110,00101110,host_reproduced_two_datasets,0->1,0,0,1,1,0,0,1,1,0,1,1,0,0,0
00100110,00100010,single_cell_localisation,1->0,0,0,1,1,0,0,0,0,0,0,0,0,0,0
00100110,00100100,major_contradiction_resolved,1->0,0,0,1,1,0,0,0,0,0,0,0,0,0,0
00100110,00100111,robust_to_analytic_choices,0->1,0,0,1,1,0,0,1,1,0,1,1,0,0,0
00100111,10100111,microbial_reproducibility,0->1,0,0,1,1,0,1,1,0,1,1,0,0,0,0
00100111,01100111,human_metabolite_observed,0->1,0,0,1,1,0,1,1,0,1,1,0,0,0,0
00100111,00000111,microbe_metabolite_link,1->0,0,0,1,1,0,1,0,1,1,0,1,0,0,0
00100111,00110111,metabolite_target_link,0->1,0,0,1,1,0,1,1,0,1,1,0,0,0,0
00100111,00101111,host_reproduced_two_datasets,0->1,0,0,1,1,0,1,1,0,1,1,0,0,0,0
00100111,00100011,single_cell_localisation,1->0,0,0,1,1,0,1,0,1,1,0,1,0,0,0
00100111,00100101,major_contradiction_resolved,1->0,0,0,1,1,0,1,0,1,1,0,1,0,0,0
00100111,00100110,robust_to_analytic_choices,1->0,0,0,1,1,0,1,0,1,1,0,1,0,0,0
00101000,10101000,microbial_reproducibility,0->1,0,0,1,1,0,0,0,0,0,0,0,0,0,0
00101000,01101000,human_metabolite_observed,0->1,0,0,1,1,0,0,0,0,0,0,0,0,0,0
00101000,00001000,microbe_metabolite_link,1->0,0,0,1,1,0,0,0,0,0,0,0,0,0,0
00101000,00111000,metabolite_target_link,0->1,0,0,1,1,0,0,0,0,0,0,0,0,0,0
00101000,00100000,host_reproduced_two_datasets,1->0,0,0,1,1,0,0,0,0,0,0,0,0,0,0
00101000,00101100,single_cell_localisation,0->1,0,0,1,1,0,0,0,0,0,0,0,0,0,0
00101000,00101010,major_contradiction_resolved,0->1,0,0,1,1,0,0,0,0,0,0,0,0,0,0
00101000,00101001,robust_to_analytic_choices,0->1,0,0,1,1,0,0,0,0,0,0,0,0,0,0
00101001,10101001,microbial_reproducibility,0->1,0,0,1,1,0,0,1,1,0,1,1,0,0,0
00101001,01101001,human_metabolite_observed,0->1,0,0,1,1,0,0,1,1,0,1,1,0,0,0
00101001,00001001,microbe_metabolite_link,1->0,0,0,1,1,0,0,0,0,0,0,0,0,0,0
00101001,00111001,metabolite_target_link,0->1,0,0,1,1,0,0,1,1,0,1,1,0,0,0
00101001,00100001,host_reproduced_two_datasets,1->0,0,0,1,1,0,0,0,0,0,0,0,0,0,0
00101001,00101101,single_cell_localisation,0->1,0,0,1,1,0,0,1,1,0,1,1,0,0,0
00101001,00101011,major_contradiction_resolved,0->1,0,0,1,1,0,0,1,1,0,1,1,0,0,0
00101001,00101000,robust_to_analytic_choices,1->0,0,0,1,1,0,0,0,0,0,0,0,0,0,0
00101010,10101010,microbial_reproducibility,0->1,0,0,1,1,0,0,1,1,0,1,1,0,0,0
00101010,01101010,human_metabolite_observed,0->1,0,0,1,1,0,0,1,1,0,1,1,0,0,0
00101010,00001010,microbe_metabolite_link,1->0,0,0,1,1,0,0,0,0,0,0,0,0,0,0
00101010,00111010,metabolite_target_link,0->1,0,0,1,1,0,0,1,1,0,1,1,0,0,0
00101010,00100010,host_reproduced_two_datasets,1->0,0,0,1,1,0,0,0,0,0,0,0,0,0,0
00101010,00101110,single_cell_localisation,0->1,0,0,1,1,0,0,1,1,0,1,1,0,0,0
00101010,00101000,major_contradiction_resolved,1->0,0,0,1,1,0,0,0,0,0,0,0,0,0,0
00101010,00101011,robust_to_analytic_choices,0->1,0,0,1,1,0,0,1,1,0,1,1,0,0,0
00101011,10101011,microbial_reproducibility,0->1,0,0,1,1,0,1,1,0,1,1,0,0,0,0
00101011,01101011,human_metabolite_observed,0->1,0,0,1,1,0,1,1,0,1,1,0,0,0,0
00101011,00001011,microbe_metabolite_link,1->0,0,0,1,1,0,1,0,1,1,0,1,0,0,0
00101011,00111011,metabolite_target_link,0->1,0,0,1,1,0,1,1,0,1,1,0,0,0,0
00101011,00100011,host_reproduced_two_datasets,1->0,0,0,1,1,0,1,0,1,1,0,1,0,0,0
00101011,00101111,single_cell_localisation,0->1,0,0,1,1,0,1,1,0,1,1,0,0,0,0
00101011,00101001,major_contradiction_resolved,1->0,0,0,1,1,0,1,0,1,1,0,1,0,0,0
00101011,00101010,robust_to_analytic_choices,1->0,0,0,1,1,0,1,0,1,1,0,1,0,0,0
00101100,10101100,microbial_reproducibility,0->1,0,0,1,1,0,0,1,1,0,1,1,0,0,0
00101100,01101100,human_metabolite_observed,0->1,0,0,1,1,0,0,1,1,0,1,1,0,0,0
00101100,00001100,microbe_metabolite_link,1->0,0,0,1,1,0,0,0,0,0,0,0,0,0,0
00101100,00111100,metabolite_target_link,0->1,0,0,1,1,0,0,1,1,0,1,1,0,0,0
00101100,00100100,host_reproduced_two_datasets,1->0,0,0,1,1,0,0,0,0,0,0,0,0,0,0
00101100,00101000,single_cell_localisation,1->0,0,0,1,1,0,0,0,0,0,0,0,0,0,0
00101100,00101110,major_contradiction_resolved,0->1,0,0,1,1,0,0,1,1,0,1,1,0,0,0
00101100,00101101,robust_to_analytic_choices,0->1,0,0,1,1,0,0,1,1,0,1,1,0,0,0
00101101,10101101,microbial_reproducibility,0->1,0,0,1,1,0,1,1,0,1,1,0,0,0,0
00101101,01101101,human_metabolite_observed,0->1,0,0,1,1,0,1,1,0,1,1,0,0,0,0
00101101,00001101,microbe_metabolite_link,1->0,0,0,1,1,0,1,0,1,1,0,1,0,0,0
00101101,00111101,metabolite_target_link,0->1,0,0,1,1,0,1,1,0,1,1,0,0,0,0
00101101,00100101,host_reproduced_two_datasets,1->0,0,0,1,1,0,1,0,1,1,0,1,0,0,0
00101101,00101001,single_cell_localisation,1->0,0,0,1,1,0,1,0,1,1,0,1,0,0,0
00101101,00101111,major_contradiction_resolved,0->1,0,0,1,1,0,1,1,0,1,1,0,0,0,0
00101101,00101100,robust_to_analytic_choices,1->0,0,0,1,1,0,1,0,1,1,0,1,0,0,0
00101110,10101110,microbial_reproducibility,0->1,0,0,1,1,0,1,1,0,1,1,0,0,0,0
00101110,01101110,human_metabolite_observed,0->1,0,0,1,1,0,1,1,0,1,1,0,0,0,0
00101110,00001110,microbe_metabolite_link,1->0,0,0,1,1,0,1,0,1,1,0,1,0,0,0
00101110,00111110,metabolite_target_link,0->1,0,0,1,1,0,1,1,0,1,1,0,0,0,0
00101110,00100110,host_reproduced_two_datasets,1->0,0,0,1,1,0,1,0,1,1,0,1,0,0,0
00101110,00101010,single_cell_localisation,1->0,0,0,1,1,0,1,0,1,1,0,1,0,0,0
00101110,00101100,major_contradiction_resolved,1->0,0,0,1,1,0,1,0,1,1,0,1,0,0,0
00101110,00101111,robust_to_analytic_choices,0->1,0,0,1,1,0,1,1,0,1,1,0,0,0,0
00101111,10101111,microbial_reproducibility,0->1,0,0,1,1,0,1,1,0,1,1,0,0,0,0
00101111,01101111,human_metabolite_observed,0->1,0,0,1,1,0,1,1,0,1,1,0,0,0,0
00101111,00001111,microbe_metabolite_link,1->0,0,0,1,1,0,1,1,0,1,1,0,0,0,0
00101111,00111111,metabolite_target_link,0->1,0,0,1,1,0,1,1,0,1,1,0,0,0,0
00101111,00100111,host_reproduced_two_datasets,1->0,0,0,1,1,0,1,1,0,1,1,0,0,0,0
00101111,00101011,single_cell_localisation,1->0,0,0,1,1,0,1,1,0,1,1,0,0,0,0
00101111,00101101,major_contradiction_resolved,1->0,0,0,1,1,0,1,1,0,1,1,0,0,0,0
00101111,00101110,robust_to_analytic_choices,1->0,0,0,1,1,0,1,1,0,1,1,0,0,0,0
00110000,10110000,microbial_reproducibility,0->1,0,0,1,1,0,0,0,0,0,0,0,0,0,0
00110000,01110000,human_metabolite_observed,0->1,0,0,1,1,0,0,0,0,0,0,0,0,0,0
00110000,00010000,microbe_metabolite_link,1->0,0,0,1,1,0,0,0,0,0,0,0,0,0,0
00110000,00100000,metabolite_target_link,1->0,0,0,1,1,0,0,0,0,0,0,0,0,0,0
00110000,00111000,host_reproduced_two_datasets,0->1,0,0,1,1,0,0,0,0,0,0,0,0,0,0
00110000,00110100,single_cell_localisation,0->1,0,0,1,1,0,0,0,0,0,0,0,0,0,0
00110000,00110010,major_contradiction_resolved,0->1,0,0,1,1,0,0,0,0,0,0,0,0,0,0
00110000,00110001,robust_to_analytic_choices,0->1,0,0,1,1,0,0,0,0,0,0,0,0,0,0
00110001,10110001,microbial_reproducibility,0->1,0,0,1,1,0,0,1,1,0,1,1,0,0,0
00110001,01110001,human_metabolite_observed,0->1,0,0,1,1,0,0,1,1,0,1,1,0,0,0
00110001,00010001,microbe_metabolite_link,1->0,0,0,1,1,0,0,0,0,0,0,0,0,0,0
00110001,00100001,metabolite_target_link,1->0,0,0,1,1,0,0,0,0,0,0,0,0,0,0
00110001,00111001,host_reproduced_two_datasets,0->1,0,0,1,1,0,0,1,1,0,1,1,0,0,0
00110001,00110101,single_cell_localisation,0->1,0,0,1,1,0,0,1,1,0,1,1,0,0,0
00110001,00110011,major_contradiction_resolved,0->1,0,0,1,1,0,0,1,1,0,1,1,0,0,0
00110001,00110000,robust_to_analytic_choices,1->0,0,0,1,1,0,0,0,0,0,0,0,0,0,0
00110010,10110010,microbial_reproducibility,0->1,0,0,1,1,0,0,1,1,0,1,1,0,0,0
00110010,01110010,human_metabolite_observed,0->1,0,0,1,1,0,0,1,1,0,1,1,0,0,0
00110010,00010010,microbe_metabolite_link,1->0,0,0,1,1,0,0,0,0,0,0,0,0,0,0
00110010,00100010,metabolite_target_link,1->0,0,0,1,1,0,0,0,0,0,0,0,0,0,0
00110010,00111010,host_reproduced_two_datasets,0->1,0,0,1,1,0,0,1,1,0,1,1,0,0,0
00110010,00110110,single_cell_localisation,0->1,0,0,1,1,0,0,1,1,0,1,1,0,0,0
00110010,00110000,major_contradiction_resolved,1->0,0,0,1,1,0,0,0,0,0,0,0,0,0,0
00110010,00110011,robust_to_analytic_choices,0->1,0,0,1,1,0,0,1,1,0,1,1,0,0,0
00110011,10110011,microbial_reproducibility,0->1,0,0,1,1,0,1,1,0,1,1,0,0,0,0
00110011,01110011,human_metabolite_observed,0->1,0,0,1,1,0,1,1,0,1,1,0,0,0,0
00110011,00010011,microbe_metabolite_link,1->0,0,0,1,1,0,1,0,1,1,0,1,0,0,0
00110011,00100011,metabolite_target_link,1->0,0,0,1,1,0,1,0,1,1,0,1,0,0,0
00110011,00111011,host_reproduced_two_datasets,0->1,0,0,1,1,0,1,1,0,1,1,0,0,0,0
00110011,00110111,single_cell_localisation,0->1,0,0,1,1,0,1,1,0,1,1,0,0,0,0
00110011,00110001,major_contradiction_resolved,1->0,0,0,1,1,0,1,0,1,1,0,1,0,0,0
00110011,00110010,robust_to_analytic_choices,1->0,0,0,1,1,0,1,0,1,1,0,1,0,0,0
00110100,10110100,microbial_reproducibility,0->1,0,0,1,1,0,0,1,1,0,1,1,0,0,0
00110100,01110100,human_metabolite_observed,0->1,0,0,1,1,0,0,1,1,0,1,1,0,0,0
00110100,00010100,microbe_metabolite_link,1->0,0,0,1,1,0,0,0,0,0,0,0,0,0,0
00110100,00100100,metabolite_target_link,1->0,0,0,1,1,0,0,0,0,0,0,0,0,0,0
00110100,00111100,host_reproduced_two_datasets,0->1,0,0,1,1,0,0,1,1,0,1,1,0,0,0
00110100,00110000,single_cell_localisation,1->0,0,0,1,1,0,0,0,0,0,0,0,0,0,0
00110100,00110110,major_contradiction_resolved,0->1,0,0,1,1,0,0,1,1,0,1,1,0,0,0
00110100,00110101,robust_to_analytic_choices,0->1,0,0,1,1,0,0,1,1,0,1,1,0,0,0
00110101,10110101,microbial_reproducibility,0->1,0,0,1,1,0,1,1,0,1,1,0,0,0,0
00110101,01110101,human_metabolite_observed,0->1,0,0,1,1,0,1,1,0,1,1,0,0,0,0
00110101,00010101,microbe_metabolite_link,1->0,0,0,1,1,0,1,0,1,1,0,1,0,0,0
00110101,00100101,metabolite_target_link,1->0,0,0,1,1,0,1,0,1,1,0,1,0,0,0
00110101,00111101,host_reproduced_two_datasets,0->1,0,0,1,1,0,1,1,0,1,1,0,0,0,0
00110101,00110001,single_cell_localisation,1->0,0,0,1,1,0,1,0,1,1,0,1,0,0,0
00110101,00110111,major_contradiction_resolved,0->1,0,0,1,1,0,1,1,0,1,1,0,0,0,0
00110101,00110100,robust_to_analytic_choices,1->0,0,0,1,1,0,1,0,1,1,0,1,0,0,0
00110110,10110110,microbial_reproducibility,0->1,0,0,1,1,0,1,1,0,1,1,0,0,0,0
00110110,01110110,human_metabolite_observed,0->1,0,0,1,1,0,1,1,0,1,1,0,0,0,0
00110110,00010110,microbe_metabolite_link,1->0,0,0,1,1,0,1,0,1,1,0,1,0,0,0
00110110,00100110,metabolite_target_link,1->0,0,0,1,1,0,1,0,1,1,0,1,0,0,0
00110110,00111110,host_reproduced_two_datasets,0->1,0,0,1,1,0,1,1,0,1,1,0,0,0,0
00110110,00110010,single_cell_localisation,1->0,0,0,1,1,0,1,0,1,1,0,1,0,0,0
00110110,00110100,major_contradiction_resolved,1->0,0,0,1,1,0,1,0,1,1,0,1,0,0,0
00110110,00110111,robust_to_analytic_choices,0->1,0,0,1,1,0,1,1,0,1,1,0,0,0,0
00110111,10110111,microbial_reproducibility,0->1,0,0,1,1,0,1,1,0,1,1,0,0,0,0
00110111,01110111,human_metabolite_observed,0->1,0,0,1,1,0,1,1,0,1,1,0,0,0,0
00110111,00010111,microbe_metabolite_link,1->0,0,0,1,1,0,1,1,0,1,1,0,0,0,0
00110111,00100111,metabolite_target_link,1->0,0,0,1,1,0,1,1,0,1,1,0,0,0,0
00110111,00111111,host_reproduced_two_datasets,0->1,0,0,1,1,0,1,1,0,1,1,0,0,0,0
00110111,00110011,single_cell_localisation,1->0,0,0,1,1,0,1,1,0,1,1,0,0,0,0
00110111,00110101,major_contradiction_resolved,1->0,0,0,1,1,0,1,1,0,1,1,0,0,0,0
00110111,00110110,robust_to_analytic_choices,1->0,0,0,1,1,0,1,1,0,1,1,0,0,0,0
00111000,10111000,microbial_reproducibility,0->1,0,0,1,1,0,0,1,1,0,1,1,0,0,0
00111000,01111000,human_metabolite_observed,0->1,0,0,1,1,0,0,1,1,0,1,1,0,0,0
00111000,00011000,microbe_metabolite_link,1->0,0,0,1,1,0,0,0,0,0,0,0,0,0,0
00111000,00101000,metabolite_target_link,1->0,0,0,1,1,0,0,0,0,0,0,0,0,0,0
00111000,00110000,host_reproduced_two_datasets,1->0,0,0,1,1,0,0,0,0,0,0,0,0,0,0
00111000,00111100,single_cell_localisation,0->1,0,0,1,1,0,0,1,1,0,1,1,0,0,0
00111000,00111010,major_contradiction_resolved,0->1,0,0,1,1,0,0,1,1,0,1,1,0,0,0
00111000,00111001,robust_to_analytic_choices,0->1,0,0,1,1,0,0,1,1,0,1,1,0,0,0
00111001,10111001,microbial_reproducibility,0->1,0,0,1,1,0,1,1,0,1,1,0,0,0,0
00111001,01111001,human_metabolite_observed,0->1,0,0,1,1,0,1,1,0,1,1,0,0,0,0
00111001,00011001,microbe_metabolite_link,1->0,0,0,1,1,0,1,0,1,1,0,1,0,0,0
00111001,00101001,metabolite_target_link,1->0,0,0,1,1,0,1,0,1,1,0,1,0,0,0
00111001,00110001,host_reproduced_two_datasets,1->0,0,0,1,1,0,1,0,1,1,0,1,0,0,0
00111001,00111101,single_cell_localisation,0->1,0,0,1,1,0,1,1,0,1,1,0,0,0,0
00111001,00111011,major_contradiction_resolved,0->1,0,0,1,1,0,1,1,0,1,1,0,0,0,0
00111001,00111000,robust_to_analytic_choices,1->0,0,0,1,1,0,1,0,1,1,0,1,0,0,0
00111010,10111010,microbial_reproducibility,0->1,0,0,1,1,0,1,1,0,1,1,0,0,0,0
00111010,01111010,human_metabolite_observed,0->1,0,0,1,1,0,1,1,0,1,1,0,0,0,0
00111010,00011010,microbe_metabolite_link,1->0,0,0,1,1,0,1,0,1,1,0,1,0,0,0
00111010,00101010,metabolite_target_link,1->0,0,0,1,1,0,1,0,1,1,0,1,0,0,0
00111010,00110010,host_reproduced_two_datasets,1->0,0,0,1,1,0,1,0,1,1,0,1,0,0,0
00111010,00111110,single_cell_localisation,0->1,0,0,1,1,0,1,1,0,1,1,0,0,0,0
00111010,00111000,major_contradiction_resolved,1->0,0,0,1,1,0,1,0,1,1,0,1,0,0,0
00111010,00111011,robust_to_analytic_choices,0->1,0,0,1,1,0,1,1,0,1,1,0,0,0,0
00111011,10111011,microbial_reproducibility,0->1,0,0,1,1,0,1,1,0,1,1,0,0,0,0
00111011,01111011,human_metabolite_observed,0->1,0,0,1,1,0,1,1,0,1,1,0,0,0,0
00111011,00011011,microbe_metabolite_link,1->0,0,0,1,1,0,1,1,0,1,1,0,0,0,0
00111011,00101011,metabolite_target_link,1->0,0,0,1,1,0,1,1,0,1,1,0,0,0,0
00111011,00110011,host_reproduced_two_datasets,1->0,0,0,1,1,0,1,1,0,1,1,0,0,0,0
00111011,00111111,single_cell_localisation,0->1,0,0,1,1,0,1,1,0,1,1,0,0,0,0
00111011,00111001,major_contradiction_resolved,1->0,0,0,1,1,0,1,1,0,1,1,0,0,0,0
00111011,00111010,robust_to_analytic_choices,1->0,0,0,1,1,0,1,1,0,1,1,0,0,0,0
00111100,10111100,microbial_reproducibility,0->1,0,0,1,1,0,1,1,0,1,1,0,0,0,0
00111100,01111100,human_metabolite_observed,0->1,0,0,1,1,0,1,1,0,1,1,0,0,0,0
00111100,00011100,microbe_metabolite_link,1->0,0,0,1,1,0,1,0,1,1,0,1,0,0,0
00111100,00101100,metabolite_target_link,1->0,0,0,1,1,0,1,0,1,1,0,1,0,0,0
00111100,00110100,host_reproduced_two_datasets,1->0,0,0,1,1,0,1,0,1,1,0,1,0,0,0
00111100,00111000,single_cell_localisation,1->0,0,0,1,1,0,1,0,1,1,0,1,0,0,0
00111100,00111110,major_contradiction_resolved,0->1,0,0,1,1,0,1,1,0,1,1,0,0,0,0
00111100,00111101,robust_to_analytic_choices,0->1,0,0,1,1,0,1,1,0,1,1,0,0,0,0
00111101,10111101,microbial_reproducibility,0->1,0,0,1,1,0,1,1,0,1,1,0,0,0,0
00111101,01111101,human_metabolite_observed,0->1,0,0,1,1,0,1,1,0,1,1,0,0,0,0
00111101,00011101,microbe_metabolite_link,1->0,0,0,1,1,0,1,1,0,1,1,0,0,0,0
00111101,00101101,metabolite_target_link,1->0,0,0,1,1,0,1,1,0,1,1,0,0,0,0
00111101,00110101,host_reproduced_two_datasets,1->0,0,0,1,1,0,1,1,0,1,1,0,0,0,0
00111101,00111001,single_cell_localisation,1->0,0,0,1,1,0,1,1,0,1,1,0,0,0,0
00111101,00111111,major_contradiction_resolved,0->1,0,0,1,1,0,1,1,0,1,1,0,0,0,0
00111101,00111100,robust_to_analytic_choices,1->0,0,0,1,1,0,1,1,0,1,1,0,0,0,0
00111110,10111110,microbial_reproducibility,0->1,0,0,1,1,0,1,1,0,1,1,0,0,0,0
00111110,01111110,human_metabolite_observed,0->1,0,0,1,1,0,1,1,0,1,1,0,0,0,0
00111110,00011110,microbe_metabolite_link,1->0,0,0,1,1,0,1,1,0,1,1,0,0,0,0
00111110,00101110,metabolite_target_link,1->0,0,0,1,1,0,1,1,0,1,1,0,0,0,0
00111110,00110110,host_reproduced_two_datasets,1->0,0,0,1,1,0,1,1,0,1,1,0,0,0,0
00111110,00111010,single_cell_localisation,1->0,0,0,1,1,0,1,1,0,1,1,0,0,0,0
00111110,00111100,major_contradiction_resolved,1->0,0,0,1,1,0,1,1,0,1,1,0,0,0,0
00111110,00111111,robust_to_analytic_choices,0->1,0,0,1,1,0,1,1,0,1,1,0,0,0,0
00111111,10111111,microbial_reproducibility,0->1,0,0,1,1,0,1,1,0,1,1,0,0,0,0
00111111,01111111,human_metabolite_observed,0->1,0,0,1,1,0,1,1,0,1,1,0,0,0,0
00111111,00011111,microbe_metabolite_link,1->0,0,0,1,1,0,1,1,0,1,1,0,0,0,0
00111111,00101111,metabolite_target_link,1->0,0,0,1,1,0,1,1,0,1,1,0,0,0,0
00111111,00110111,host_reproduced_two_datasets,1->0,0,0,1,1,0,1,1,0,1,1,0,0,0,0
00111111,00111011,single_cell_localisation,1->0,0,0,1,1,0,1,1,0,1,1,0,0,0,0
00111111,00111101,major_contradiction_resolved,1->0,0,0,1,1,0,1,1,0,1,1,0,0,0,0
00111111,00111110,robust_to_analytic_choices,1->0,0,0,1,1,0,1,1,0,1,1,0,0,0,0
01000000,11000000,microbial_reproducibility,0->1,0,0,1,1,0,0,0,0,0,0,0,0,0,0
01000000,00000000,human_metabolite_observed,1->0,0,0,1,0,1,0,0,0,0,0,0,0,0,0
01000000,01100000,microbe_metabolite_link,0->1,0,0,1,1,0,0,0,0,0,0,0,0,0,0
01000000,01010000,metabolite_target_link,0->1,0,0,1,1,0,0,0,0,0,0,0,0,0,0
01000000,01001000,host_reproduced_two_datasets,0->1,0,0,1,1,0,0,0,0,0,0,0,0,0,0
01000000,01000100,single_cell_localisation,0->1,0,0,1,1,0,0,0,0,0,0,0,0,0,0
01000000,01000010,major_contradiction_resolved,0->1,0,0,1,1,0,0,0,0,0,0,0,0,0,0
01000000,01000001,robust_to_analytic_choices,0->1,0,0,1,1,0,0,0,0,0,0,0,0,0,0
01000001,11000001,microbial_reproducibility,0->1,0,0,1,1,0,0,0,0,0,0,0,0,0,0
01000001,00000001,human_metabolite_observed,1->0,0,0,1,1,0,0,0,0,0,0,0,0,0,0
01000001,01100001,microbe_metabolite_link,0->1,0,0,1,1,0,0,0,0,0,0,0,0,0,0
01000001,01010001,metabolite_target_link,0->1,0,0,1,1,0,0,0,0,0,0,0,0,0,0
01000001,01001001,host_reproduced_two_datasets,0->1,0,0,1,1,0,0,0,0,0,0,0,0,0,0
01000001,01000101,single_cell_localisation,0->1,0,0,1,1,0,0,0,0,0,0,0,0,0,0
01000001,01000011,major_contradiction_resolved,0->1,0,0,1,1,0,0,0,0,0,0,0,0,0,0
01000001,01000000,robust_to_analytic_choices,1->0,0,0,1,1,0,0,0,0,0,0,0,0,0,0
01000010,11000010,microbial_reproducibility,0->1,0,0,1,1,0,0,0,0,0,0,0,0,0,0
01000010,00000010,human_metabolite_observed,1->0,0,0,1,1,0,0,0,0,0,0,0,0,0,0
01000010,01100010,microbe_metabolite_link,0->1,0,0,1,1,0,0,0,0,0,0,0,0,0,0
01000010,01010010,metabolite_target_link,0->1,0,0,1,1,0,0,0,0,0,0,0,0,0,0
01000010,01001010,host_reproduced_two_datasets,0->1,0,0,1,1,0,0,0,0,0,0,0,0,0,0
01000010,01000110,single_cell_localisation,0->1,0,0,1,1,0,0,0,0,0,0,0,0,0,0
01000010,01000000,major_contradiction_resolved,1->0,0,0,1,1,0,0,0,0,0,0,0,0,0,0
01000010,01000011,robust_to_analytic_choices,0->1,0,0,1,1,0,0,0,0,0,0,0,0,0,0
01000011,11000011,microbial_reproducibility,0->1,0,0,1,1,0,0,1,1,0,1,1,0,0,0
01000011,00000011,human_metabolite_observed,1->0,0,0,1,1,0,0,0,0,0,0,0,0,0,0
01000011,01100011,microbe_metabolite_link,0->1,0,0,1,1,0,0,1,1,0,1,1,0,0,0
01000011,01010011,metabolite_target_link,0->1,0,0,1,1,0,0,1,1,0,1,1,0,0,0
01000011,01001011,host_reproduced_two_datasets,0->1,0,0,1,1,0,0,1,1,0,1,1,0,0,0
01000011,01000111,single_cell_localisation,0->1,0,0,1,1,0,0,1,1,0,1,1,0,0,0
01000011,01000001,major_contradiction_resolved,1->0,0,0,1,1,0,0,0,0,0,0,0,0,0,0
01000011,01000010,robust_to_analytic_choices,1->0,0,0,1,1,0,0,0,0,0,0,0,0,0,0
01000100,11000100,microbial_reproducibility,0->1,0,0,1,1,0,0,0,0,0,0,0,0,0,0
01000100,00000100,human_metabolite_observed,1->0,0,0,1,1,0,0,0,0,0,0,0,0,0,0
01000100,01100100,microbe_metabolite_link,0->1,0,0,1,1,0,0,0,0,0,0,0,0,0,0
01000100,01010100,metabolite_target_link,0->1,0,0,1,1,0,0,0,0,0,0,0,0,0,0
01000100,01001100,host_reproduced_two_datasets,0->1,0,0,1,1,0,0,0,0,0,0,0,0,0,0
01000100,01000000,single_cell_localisation,1->0,0,0,1,1,0,0,0,0,0,0,0,0,0,0
01000100,01000110,major_contradiction_resolved,0->1,0,0,1,1,0,0,0,0,0,0,0,0,0,0
01000100,01000101,robust_to_analytic_choices,0->1,0,0,1,1,0,0,0,0,0,0,0,0,0,0
01000101,11000101,microbial_reproducibility,0->1,0,0,1,1,0,0,1,1,0,1,1,0,0,0
01000101,00000101,human_metabolite_observed,1->0,0,0,1,1,0,0,0,0,0,0,0,0,0,0
01000101,01100101,microbe_metabolite_link,0->1,0,0,1,1,0,0,1,1,0,1,1,0,0,0
01000101,01010101,metabolite_target_link,0->1,0,0,1,1,0,0,1,1,0,1,1,0,0,0
01000101,01001101,host_reproduced_two_datasets,0->1,0,0,1,1,0,0,1,1,0,1,1,0,0,0
01000101,01000001,single_cell_localisation,1->0,0,0,1,1,0,0,0,0,0,0,0,0,0,0
01000101,01000111,major_contradiction_resolved,0->1,0,0,1,1,0,0,1,1,0,1,1,0,0,0
01000101,01000100,robust_to_analytic_choices,1->0,0,0,1,1,0,0,0,0,0,0,0,0,0,0
01000110,11000110,microbial_reproducibility,0->1,0,0,1,1,0,0,1,1,0,1,1,0,0,0
01000110,00000110,human_metabolite_observed,1->0,0,0,1,1,0,0,0,0,0,0,0,0,0,0
01000110,01100110,microbe_metabolite_link,0->1,0,0,1,1,0,0,1,1,0,1,1,0,0,0
01000110,01010110,metabolite_target_link,0->1,0,0,1,1,0,0,1,1,0,1,1,0,0,0
01000110,01001110,host_reproduced_two_datasets,0->1,0,0,1,1,0,0,1,1,0,1,1,0,0,0
01000110,01000010,single_cell_localisation,1->0,0,0,1,1,0,0,0,0,0,0,0,0,0,0
01000110,01000100,major_contradiction_resolved,1->0,0,0,1,1,0,0,0,0,0,0,0,0,0,0
01000110,01000111,robust_to_analytic_choices,0->1,0,0,1,1,0,0,1,1,0,1,1,0,0,0
01000111,11000111,microbial_reproducibility,0->1,0,0,1,1,0,1,1,0,1,1,0,0,0,0
01000111,00000111,human_metabolite_observed,1->0,0,0,1,1,0,1,0,1,1,0,1,0,0,0
01000111,01100111,microbe_metabolite_link,0->1,0,0,1,1,0,1,1,0,1,1,0,0,0,0
01000111,01010111,metabolite_target_link,0->1,0,0,1,1,0,1,1,0,1,1,0,0,0,0
01000111,01001111,host_reproduced_two_datasets,0->1,0,0,1,1,0,1,1,0,1,1,0,0,0,0
01000111,01000011,single_cell_localisation,1->0,0,0,1,1,0,1,0,1,1,0,1,0,0,0
01000111,01000101,major_contradiction_resolved,1->0,0,0,1,1,0,1,0,1,1,0,1,0,0,0
01000111,01000110,robust_to_analytic_choices,1->0,0,0,1,1,0,1,0,1,1,0,1,0,0,0
01001000,11001000,microbial_reproducibility,0->1,0,0,1,1,0,0,0,0,0,0,0,0,0,0
01001000,00001000,human_metabolite_observed,1->0,0,0,1,1,0,0,0,0,0,0,0,0,0,0
01001000,01101000,microbe_metabolite_link,0->1,0,0,1,1,0,0,0,0,0,0,0,0,0,0
01001000,01011000,metabolite_target_link,0->1,0,0,1,1,0,0,0,0,0,0,0,0,0,0
01001000,01000000,host_reproduced_two_datasets,1->0,0,0,1,1,0,0,0,0,0,0,0,0,0,0
01001000,01001100,single_cell_localisation,0->1,0,0,1,1,0,0,0,0,0,0,0,0,0,0
01001000,01001010,major_contradiction_resolved,0->1,0,0,1,1,0,0,0,0,0,0,0,0,0,0
01001000,01001001,robust_to_analytic_choices,0->1,0,0,1,1,0,0,0,0,0,0,0,0,0,0
01001001,11001001,microbial_reproducibility,0->1,0,0,1,1,0,0,1,1,0,1,1,0,0,0
01001001,00001001,human_metabolite_observed,1->0,0,0,1,1,0,0,0,0,0,0,0,0,0,0
01001001,01101001,microbe_metabolite_link,0->1,0,0,1,1,0,0,1,1,0,1,1,0,0,0
01001001,01011001,metabolite_target_link,0->1,0,0,1,1,0,0,1,1,0,1,1,0,0,0
01001001,01000001,host_reproduced_two_datasets,1->0,0,0,1,1,0,0,0,0,0,0,0,0,0,0
01001001,01001101,single_cell_localisation,0->1,0,0,1,1,0,0,1,1,0,1,1,0,0,0
01001001,01001011,major_contradiction_resolved,0->1,0,0,1,1,0,0,1,1,0,1,1,0,0,0
01001001,01001000,robust_to_analytic_choices,1->0,0,0,1,1,0,0,0,0,0,0,0,0,0,0
01001010,11001010,microbial_reproducibility,0->1,0,0,1,1,0,0,1,1,0,1,1,0,0,0
01001010,00001010,human_metabolite_observed,1->0,0,0,1,1,0,0,0,0,0,0,0,0,0,0
01001010,01101010,microbe_metabolite_link,0->1,0,0,1,1,0,0,1,1,0,1,1,0,0,0
01001010,01011010,metabolite_target_link,0->1,0,0,1,1,0,0,1,1,0,1,1,0,0,0
01001010,01000010,host_reproduced_two_datasets,1->0,0,0,1,1,0,0,0,0,0,0,0,0,0,0
01001010,01001110,single_cell_localisation,0->1,0,0,1,1,0,0,1,1,0,1,1,0,0,0
01001010,01001000,major_contradiction_resolved,1->0,0,0,1,1,0,0,0,0,0,0,0,0,0,0
01001010,01001011,robust_to_analytic_choices,0->1,0,0,1,1,0,0,1,1,0,1,1,0,0,0
01001011,11001011,microbial_reproducibility,0->1,0,0,1,1,0,1,1,0,1,1,0,0,0,0
01001011,00001011,human_metabolite_observed,1->0,0,0,1,1,0,1,0,1,1,0,1,0,0,0
01001011,01101011,microbe_metabolite_link,0->1,0,0,1,1,0,1,1,0,1,1,0,0,0,0
01001011,01011011,metabolite_target_link,0->1,0,0,1,1,0,1,1,0,1,1,0,0,0,0
01001011,01000011,host_reproduced_two_datasets,1->0,0,0,1,1,0,1,0,1,1,0,1,0,0,0
01001011,01001111,single_cell_localisation,0->1,0,0,1,1,0,1,1,0,1,1,0,0,0,0
01001011,01001001,major_contradiction_resolved,1->0,0,0,1,1,0,1,0,1,1,0,1,0,0,0
01001011,01001010,robust_to_analytic_choices,1->0,0,0,1,1,0,1,0,1,1,0,1,0,0,0
01001100,11001100,microbial_reproducibility,0->1,0,0,1,1,0,0,1,1,0,1,1,0,0,0
01001100,00001100,human_metabolite_observed,1->0,0,0,1,1,0,0,0,0,0,0,0,0,0,0
01001100,01101100,microbe_metabolite_link,0->1,0,0,1,1,0,0,1,1,0,1,1,0,0,0
01001100,01011100,metabolite_target_link,0->1,0,0,1,1,0,0,1,1,0,1,1,0,0,0
01001100,01000100,host_reproduced_two_datasets,1->0,0,0,1,1,0,0,0,0,0,0,0,0,0,0
01001100,01001000,single_cell_localisation,1->0,0,0,1,1,0,0,0,0,0,0,0,0,0,0
01001100,01001110,major_contradiction_resolved,0->1,0,0,1,1,0,0,1,1,0,1,1,0,0,0
01001100,01001101,robust_to_analytic_choices,0->1,0,0,1,1,0,0,1,1,0,1,1,0,0,0
01001101,11001101,microbial_reproducibility,0->1,0,0,1,1,0,1,1,0,1,1,0,0,0,0
01001101,00001101,human_metabolite_observed,1->0,0,0,1,1,0,1,0,1,1,0,1,0,0,0
01001101,01101101,microbe_metabolite_link,0->1,0,0,1,1,0,1,1,0,1,1,0,0,0,0
01001101,01011101,metabolite_target_link,0->1,0,0,1,1,0,1,1,0,1,1,0,0,0,0
01001101,01000101,host_reproduced_two_datasets,1->0,0,0,1,1,0,1,0,1,1,0,1,0,0,0
01001101,01001001,single_cell_localisation,1->0,0,0,1,1,0,1,0,1,1,0,1,0,0,0
01001101,01001111,major_contradiction_resolved,0->1,0,0,1,1,0,1,1,0,1,1,0,0,0,0
01001101,01001100,robust_to_analytic_choices,1->0,0,0,1,1,0,1,0,1,1,0,1,0,0,0
01001110,11001110,microbial_reproducibility,0->1,0,0,1,1,0,1,1,0,1,1,0,0,0,0
01001110,00001110,human_metabolite_observed,1->0,0,0,1,1,0,1,0,1,1,0,1,0,0,0
01001110,01101110,microbe_metabolite_link,0->1,0,0,1,1,0,1,1,0,1,1,0,0,0,0
01001110,01011110,metabolite_target_link,0->1,0,0,1,1,0,1,1,0,1,1,0,0,0,0
01001110,01000110,host_reproduced_two_datasets,1->0,0,0,1,1,0,1,0,1,1,0,1,0,0,0
01001110,01001010,single_cell_localisation,1->0,0,0,1,1,0,1,0,1,1,0,1,0,0,0
01001110,01001100,major_contradiction_resolved,1->0,0,0,1,1,0,1,0,1,1,0,1,0,0,0
01001110,01001111,robust_to_analytic_choices,0->1,0,0,1,1,0,1,1,0,1,1,0,0,0,0
01001111,11001111,microbial_reproducibility,0->1,0,0,1,1,0,1,1,0,1,1,0,0,0,0
01001111,00001111,human_metabolite_observed,1->0,0,0,1,1,0,1,1,0,1,1,0,0,0,0
01001111,01101111,microbe_metabolite_link,0->1,0,0,1,1,0,1,1,0,1,1,0,0,0,0
01001111,01011111,metabolite_target_link,0->1,0,0,1,1,0,1,1,0,1,1,0,0,0,0
01001111,01000111,host_reproduced_two_datasets,1->0,0,0,1,1,0,1,1,0,1,1,0,0,0,0
01001111,01001011,single_cell_localisation,1->0,0,0,1,1,0,1,1,0,1,1,0,0,0,0
01001111,01001101,major_contradiction_resolved,1->0,0,0,1,1,0,1,1,0,1,1,0,0,0,0
01001111,01001110,robust_to_analytic_choices,1->0,0,0,1,1,0,1,1,0,1,1,0,0,0,0
01010000,11010000,microbial_reproducibility,0->1,0,0,1,1,0,0,0,0,0,0,0,0,0,0
01010000,00010000,human_metabolite_observed,1->0,0,0,1,1,0,0,0,0,0,0,0,0,0,0
01010000,01110000,microbe_metabolite_link,0->1,0,0,1,1,0,0,0,0,0,0,0,0,0,0
01010000,01000000,metabolite_target_link,1->0,0,0,1,1,0,0,0,0,0,0,0,0,0,0
01010000,01011000,host_reproduced_two_datasets,0->1,0,0,1,1,0,0,0,0,0,0,0,0,0,0
01010000,01010100,single_cell_localisation,0->1,0,0,1,1,0,0,0,0,0,0,0,0,0,0
01010000,01010010,major_contradiction_resolved,0->1,0,0,1,1,0,0,0,0,0,0,0,0,0,0
01010000,01010001,robust_to_analytic_choices,0->1,0,0,1,1,0,0,0,0,0,0,0,0,0,0
01010001,11010001,microbial_reproducibility,0->1,0,0,1,1,0,0,1,1,0,1,1,0,0,0
01010001,00010001,human_metabolite_observed,1->0,0,0,1,1,0,0,0,0,0,0,0,0,0,0
01010001,01110001,microbe_metabolite_link,0->1,0,0,1,1,0,0,1,1,0,1,1,0,0,0
01010001,01000001,metabolite_target_link,1->0,0,0,1,1,0,0,0,0,0,0,0,0,0,0
01010001,01011001,host_reproduced_two_datasets,0->1,0,0,1,1,0,0,1,1,0,1,1,0,0,0
01010001,01010101,single_cell_localisation,0->1,0,0,1,1,0,0,1,1,0,1,1,0,0,0
01010001,01010011,major_contradiction_resolved,0->1,0,0,1,1,0,0,1,1,0,1,1,0,0,0
01010001,01010000,robust_to_analytic_choices,1->0,0,0,1,1,0,0,0,0,0,0,0,0,0,0
01010010,11010010,microbial_reproducibility,0->1,0,0,1,1,0,0,1,1,0,1,1,0,0,0
01010010,00010010,human_metabolite_observed,1->0,0,0,1,1,0,0,0,0,0,0,0,0,0,0
01010010,01110010,microbe_metabolite_link,0->1,0,0,1,1,0,0,1,1,0,1,1,0,0,0
01010010,01000010,metabolite_target_link,1->0,0,0,1,1,0,0,0,0,0,0,0,0,0,0
01010010,01011010,host_reproduced_two_datasets,0->1,0,0,1,1,0,0,1,1,0,1,1,0,0,0
01010010,01010110,single_cell_localisation,0->1,0,0,1,1,0,0,1,1,0,1,1,0,0,0
01010010,01010000,major_contradiction_resolved,1->0,0,0,1,1,0,0,0,0,0,0,0,0,0,0
01010010,01010011,robust_to_analytic_choices,0->1,0,0,1,1,0,0,1,1,0,1,1,0,0,0
01010011,11010011,microbial_reproducibility,0->1,0,0,1,1,0,1,1,0,1,1,0,0,0,0
01010011,00010011,human_metabolite_observed,1->0,0,0,1,1,0,1,0,1,1,0,1,0,0,0
01010011,01110011,microbe_metabolite_link,0->1,0,0,1,1,0,1,1,0,1,1,0,0,0,0
01010011,01000011,metabolite_target_link,1->0,0,0,1,1,0,1,0,1,1,0,1,0,0,0
01010011,01011011,host_reproduced_two_datasets,0->1,0,0,1,1,0,1,1,0,1,1,0,0,0,0
01010011,01010111,single_cell_localisation,0->1,0,0,1,1,0,1,1,0,1,1,0,0,0,0
01010011,01010001,major_contradiction_resolved,1->0,0,0,1,1,0,1,0,1,1,0,1,0,0,0
01010011,01010010,robust_to_analytic_choices,1->0,0,0,1,1,0,1,0,1,1,0,1,0,0,0
01010100,11010100,microbial_reproducibility,0->1,0,0,1,1,0,0,1,1,0,1,1,0,0,0
01010100,00010100,human_metabolite_observed,1->0,0,0,1,1,0,0,0,0,0,0,0,0,0,0
01010100,01110100,microbe_metabolite_link,0->1,0,0,1,1,0,0,1,1,0,1,1,0,0,0
01010100,01000100,metabolite_target_link,1->0,0,0,1,1,0,0,0,0,0,0,0,0,0,0
01010100,01011100,host_reproduced_two_datasets,0->1,0,0,1,1,0,0,1,1,0,1,1,0,0,0
01010100,01010000,single_cell_localisation,1->0,0,0,1,1,0,0,0,0,0,0,0,0,0,0
01010100,01010110,major_contradiction_resolved,0->1,0,0,1,1,0,0,1,1,0,1,1,0,0,0
01010100,01010101,robust_to_analytic_choices,0->1,0,0,1,1,0,0,1,1,0,1,1,0,0,0
01010101,11010101,microbial_reproducibility,0->1,0,0,1,1,0,1,1,0,1,1,0,0,0,0
01010101,00010101,human_metabolite_observed,1->0,0,0,1,1,0,1,0,1,1,0,1,0,0,0
01010101,01110101,microbe_metabolite_link,0->1,0,0,1,1,0,1,1,0,1,1,0,0,0,0
01010101,01000101,metabolite_target_link,1->0,0,0,1,1,0,1,0,1,1,0,1,0,0,0
01010101,01011101,host_reproduced_two_datasets,0->1,0,0,1,1,0,1,1,0,1,1,0,0,0,0
01010101,01010001,single_cell_localisation,1->0,0,0,1,1,0,1,0,1,1,0,1,0,0,0
01010101,01010111,major_contradiction_resolved,0->1,0,0,1,1,0,1,1,0,1,1,0,0,0,0
01010101,01010100,robust_to_analytic_choices,1->0,0,0,1,1,0,1,0,1,1,0,1,0,0,0
01010110,11010110,microbial_reproducibility,0->1,0,0,1,1,0,1,1,0,1,1,0,0,0,0
01010110,00010110,human_metabolite_observed,1->0,0,0,1,1,0,1,0,1,1,0,1,0,0,0
01010110,01110110,microbe_metabolite_link,0->1,0,0,1,1,0,1,1,0,1,1,0,0,0,0
01010110,01000110,metabolite_target_link,1->0,0,0,1,1,0,1,0,1,1,0,1,0,0,0
01010110,01011110,host_reproduced_two_datasets,0->1,0,0,1,1,0,1,1,0,1,1,0,0,0,0
01010110,01010010,single_cell_localisation,1->0,0,0,1,1,0,1,0,1,1,0,1,0,0,0
01010110,01010100,major_contradiction_resolved,1->0,0,0,1,1,0,1,0,1,1,0,1,0,0,0
01010110,01010111,robust_to_analytic_choices,0->1,0,0,1,1,0,1,1,0,1,1,0,0,0,0
01010111,11010111,microbial_reproducibility,0->1,0,0,1,1,0,1,1,0,1,1,0,0,0,0
01010111,00010111,human_metabolite_observed,1->0,0,0,1,1,0,1,1,0,1,1,0,0,0,0
01010111,01110111,microbe_metabolite_link,0->1,0,0,1,1,0,1,1,0,1,1,0,0,0,0
01010111,01000111,metabolite_target_link,1->0,0,0,1,1,0,1,1,0,1,1,0,0,0,0
01010111,01011111,host_reproduced_two_datasets,0->1,0,0,1,1,0,1,1,0,1,1,0,0,0,0
01010111,01010011,single_cell_localisation,1->0,0,0,1,1,0,1,1,0,1,1,0,0,0,0
01010111,01010101,major_contradiction_resolved,1->0,0,0,1,1,0,1,1,0,1,1,0,0,0,0
01010111,01010110,robust_to_analytic_choices,1->0,0,0,1,1,0,1,1,0,1,1,0,0,0,0
01011000,11011000,microbial_reproducibility,0->1,0,0,1,1,0,0,1,1,0,1,1,0,0,0
01011000,00011000,human_metabolite_observed,1->0,0,0,1,1,0,0,0,0,0,0,0,0,0,0
01011000,01111000,microbe_metabolite_link,0->1,0,0,1,1,0,0,1,1,0,1,1,0,0,0
01011000,01001000,metabolite_target_link,1->0,0,0,1,1,0,0,0,0,0,0,0,0,0,0
01011000,01010000,host_reproduced_two_datasets,1->0,0,0,1,1,0,0,0,0,0,0,0,0,0,0
01011000,01011100,single_cell_localisation,0->1,0,0,1,1,0,0,1,1,0,1,1,0,0,0
01011000,01011010,major_contradiction_resolved,0->1,0,0,1,1,0,0,1,1,0,1,1,0,0,0
01011000,01011001,robust_to_analytic_choices,0->1,0,0,1,1,0,0,1,1,0,1,1,0,0,0
01011001,11011001,microbial_reproducibility,0->1,0,0,1,1,0,1,1,0,1,1,0,0,0,0
01011001,00011001,human_metabolite_observed,1->0,0,0,1,1,0,1,0,1,1,0,1,0,0,0
01011001,01111001,microbe_metabolite_link,0->1,0,0,1,1,0,1,1,0,1,1,0,0,0,0
01011001,01001001,metabolite_target_link,1->0,0,0,1,1,0,1,0,1,1,0,1,0,0,0
01011001,01010001,host_reproduced_two_datasets,1->0,0,0,1,1,0,1,0,1,1,0,1,0,0,0
01011001,01011101,single_cell_localisation,0->1,0,0,1,1,0,1,1,0,1,1,0,0,0,0
01011001,01011011,major_contradiction_resolved,0->1,0,0,1,1,0,1,1,0,1,1,0,0,0,0
01011001,01011000,robust_to_analytic_choices,1->0,0,0,1,1,0,1,0,1,1,0,1,0,0,0
01011010,11011010,microbial_reproducibility,0->1,0,0,1,1,0,1,1,0,1,1,0,0,0,0
01011010,00011010,human_metabolite_observed,1->0,0,0,1,1,0,1,0,1,1,0,1,0,0,0
01011010,01111010,microbe_metabolite_link,0->1,0,0,1,1,0,1,1,0,1,1,0,0,0,0
01011010,01001010,metabolite_target_link,1->0,0,0,1,1,0,1,0,1,1,0,1,0,0,0
01011010,01010010,host_reproduced_two_datasets,1->0,0,0,1,1,0,1,0,1,1,0,1,0,0,0
01011010,01011110,single_cell_localisation,0->1,0,0,1,1,0,1,1,0,1,1,0,0,0,0
01011010,01011000,major_contradiction_resolved,1->0,0,0,1,1,0,1,0,1,1,0,1,0,0,0
01011010,01011011,robust_to_analytic_choices,0->1,0,0,1,1,0,1,1,0,1,1,0,0,0,0
01011011,11011011,microbial_reproducibility,0->1,0,0,1,1,0,1,1,0,1,1,0,0,0,0
01011011,00011011,human_metabolite_observed,1->0,0,0,1,1,0,1,1,0,1,1,0,0,0,0
01011011,01111011,microbe_metabolite_link,0->1,0,0,1,1,0,1,1,0,1,1,0,0,0,0
01011011,01001011,metabolite_target_link,1->0,0,0,1,1,0,1,1,0,1,1,0,0,0,0
01011011,01010011,host_reproduced_two_datasets,1->0,0,0,1,1,0,1,1,0,1,1,0,0,0,0
01011011,01011111,single_cell_localisation,0->1,0,0,1,1,0,1,1,0,1,1,0,0,0,0
01011011,01011001,major_contradiction_resolved,1->0,0,0,1,1,0,1,1,0,1,1,0,0,0,0
01011011,01011010,robust_to_analytic_choices,1->0,0,0,1,1,0,1,1,0,1,1,0,0,0,0
01011100,11011100,microbial_reproducibility,0->1,0,0,1,1,0,1,1,0,1,1,0,0,0,0
01011100,00011100,human_metabolite_observed,1->0,0,0,1,1,0,1,0,1,1,0,1,0,0,0
01011100,01111100,microbe_metabolite_link,0->1,0,0,1,1,0,1,1,0,1,1,0,0,0,0
01011100,01001100,metabolite_target_link,1->0,0,0,1,1,0,1,0,1,1,0,1,0,0,0
01011100,01010100,host_reproduced_two_datasets,1->0,0,0,1,1,0,1,0,1,1,0,1,0,0,0
01011100,01011000,single_cell_localisation,1->0,0,0,1,1,0,1,0,1,1,0,1,0,0,0
01011100,01011110,major_contradiction_resolved,0->1,0,0,1,1,0,1,1,0,1,1,0,0,0,0
01011100,01011101,robust_to_analytic_choices,0->1,0,0,1,1,0,1,1,0,1,1,0,0,0,0
01011101,11011101,microbial_reproducibility,0->1,0,0,1,1,0,1,1,0,1,1,0,0,0,0
01011101,00011101,human_metabolite_observed,1->0,0,0,1,1,0,1,1,0,1,1,0,0,0,0
01011101,01111101,microbe_metabolite_link,0->1,0,0,1,1,0,1,1,0,1,1,0,0,0,0
01011101,01001101,metabolite_target_link,1->0,0,0,1,1,0,1,1,0,1,1,0,0,0,0
01011101,01010101,host_reproduced_two_datasets,1->0,0,0,1,1,0,1,1,0,1,1,0,0,0,0
01011101,01011001,single_cell_localisation,1->0,0,0,1,1,0,1,1,0,1,1,0,0,0,0
01011101,01011111,major_contradiction_resolved,0->1,0,0,1,1,0,1,1,0,1,1,0,0,0,0
01011101,01011100,robust_to_analytic_choices,1->0,0,0,1,1,0,1,1,0,1,1,0,0,0,0
01011110,11011110,microbial_reproducibility,0->1,0,0,1,1,0,1,1,0,1,1,0,0,0,0
01011110,00011110,human_metabolite_observed,1->0,0,0,1,1,0,1,1,0,1,1,0,0,0,0
01011110,01111110,microbe_metabolite_link,0->1,0,0,1,1,0,1,1,0,1,1,0,0,0,0
01011110,01001110,metabolite_target_link,1->0,0,0,1,1,0,1,1,0,1,1,0,0,0,0
01011110,01010110,host_reproduced_two_datasets,1->0,0,0,1,1,0,1,1,0,1,1,0,0,0,0
01011110,01011010,single_cell_localisation,1->0,0,0,1,1,0,1,1,0,1,1,0,0,0,0
01011110,01011100,major_contradiction_resolved,1->0,0,0,1,1,0,1,1,0,1,1,0,0,0,0
01011110,01011111,robust_to_analytic_choices,0->1,0,0,1,1,0,1,1,0,1,1,0,0,0,0
01011111,11011111,microbial_reproducibility,0->1,0,0,1,1,0,1,1,0,1,1,0,0,0,0
01011111,00011111,human_metabolite_observed,1->0,0,0,1,1,0,1,1,0,1,1,0,0,0,0
01011111,01111111,microbe_metabolite_link,0->1,0,0,1,1,0,1,1,0,1,1,0,0,0,0
01011111,01001111,metabolite_target_link,1->0,0,0,1,1,0,1,1,0,1,1,0,0,0,0
01011111,01010111,host_reproduced_two_datasets,1->0,0,0,1,1,0,1,1,0,1,1,0,0,0,0
01011111,01011011,single_cell_localisation,1->0,0,0,1,1,0,1,1,0,1,1,0,0,0,0
01011111,01011101,major_contradiction_resolved,1->0,0,0,1,1,0,1,1,0,1,1,0,0,0,0
01011111,01011110,robust_to_analytic_choices,1->0,0,0,1,1,0,1,1,0,1,1,0,0,0,0
01100000,11100000,microbial_reproducibility,0->1,0,0,1,1,0,0,0,0,0,0,0,0,0,0
01100000,00100000,human_metabolite_observed,1->0,0,0,1,1,0,0,0,0,0,0,0,0,0,0
01100000,01000000,microbe_metabolite_link,1->0,0,0,1,1,0,0,0,0,0,0,0,0,0,0
01100000,01110000,metabolite_target_link,0->1,0,0,1,1,0,0,0,0,0,0,0,0,0,0
01100000,01101000,host_reproduced_two_datasets,0->1,0,0,1,1,0,0,0,0,0,0,0,0,0,0
01100000,01100100,single_cell_localisation,0->1,0,0,1,1,0,0,0,0,0,0,0,0,0,0
01100000,01100010,major_contradiction_resolved,0->1,0,0,1,1,0,0,0,0,0,0,0,0,0,0
01100000,01100001,robust_to_analytic_choices,0->1,0,0,1,1,0,0,0,0,0,0,0,0,0,0
01100001,11100001,microbial_reproducibility,0->1,0,0,1,1,0,0,1,1,0,1,1,0,0,0
01100001,00100001,human_metabolite_observed,1->0,0,0,1,1,0,0,0,0,0,0,0,0,0,0
01100001,01000001,microbe_metabolite_link,1->0,0,0,1,1,0,0,0,0,0,0,0,0,0,0
01100001,01110001,metabolite_target_link,0->1,0,0,1,1,0,0,1,1,0,1,1,0,0,0
01100001,01101001,host_reproduced_two_datasets,0->1,0,0,1,1,0,0,1,1,0,1,1,0,0,0
01100001,01100101,single_cell_localisation,0->1,0,0,1,1,0,0,1,1,0,1,1,0,0,0
01100001,01100011,major_contradiction_resolved,0->1,0,0,1,1,0,0,1,1,0,1,1,0,0,0
01100001,01100000,robust_to_analytic_choices,1->0,0,0,1,1,0,0,0,0,0,0,0,0,0,0
01100010,11100010,microbial_reproducibility,0->1,0,0,1,1,0,0,1,1,0,1,1,0,0,0
01100010,00100010,human_metabolite_observed,1->0,0,0,1,1,0,0,0,0,0,0,0,0,0,0
01100010,01000010,microbe_metabolite_link,1->0,0,0,1,1,0,0,0,0,0,0,0,0,0,0
01100010,01110010,metabolite_target_link,0->1,0,0,1,1,0,0,1,1,0,1,1,0,0,0
01100010,01101010,host_reproduced_two_datasets,0->1,0,0,1,1,0,0,1,1,0,1,1,0,0,0
01100010,01100110,single_cell_localisation,0->1,0,0,1,1,0,0,1,1,0,1,1,0,0,0
01100010,01100000,major_contradiction_resolved,1->0,0,0,1,1,0,0,0,0,0,0,0,0,0,0
01100010,01100011,robust_to_analytic_choices,0->1,0,0,1,1,0,0,1,1,0,1,1,0,0,0
01100011,11100011,microbial_reproducibility,0->1,0,0,1,1,0,1,1,0,1,1,0,0,0,0
01100011,00100011,human_metabolite_observed,1->0,0,0,1,1,0,1,0,1,1,0,1,0,0,0
01100011,01000011,microbe_metabolite_link,1->0,0,0,1,1,0,1,0,1,1,0,1,0,0,0
01100011,01110011,metabolite_target_link,0->1,0,0,1,1,0,1,1,0,1,1,0,0,0,0
01100011,01101011,host_reproduced_two_datasets,0->1,0,0,1,1,0,1,1,0,1,1,0,0,0,0
01100011,01100111,single_cell_localisation,0->1,0,0,1,1,0,1,1,0,1,1,0,0,0,0
01100011,01100001,major_contradiction_resolved,1->0,0,0,1,1,0,1,0,1,1,0,1,0,0,0
01100011,01100010,robust_to_analytic_choices,1->0,0,0,1,1,0,1,0,1,1,0,1,0,0,0
01100100,11100100,microbial_reproducibility,0->1,0,0,1,1,0,0,1,1,0,1,1,0,0,0
01100100,00100100,human_metabolite_observed,1->0,0,0,1,1,0,0,0,0,0,0,0,0,0,0
01100100,01000100,microbe_metabolite_link,1->0,0,0,1,1,0,0,0,0,0,0,0,0,0,0
01100100,01110100,metabolite_target_link,0->1,0,0,1,1,0,0,1,1,0,1,1,0,0,0
01100100,01101100,host_reproduced_two_datasets,0->1,0,0,1,1,0,0,1,1,0,1,1,0,0,0
01100100,01100000,single_cell_localisation,1->0,0,0,1,1,0,0,0,0,0,0,0,0,0,0
01100100,01100110,major_contradiction_resolved,0->1,0,0,1,1,0,0,1,1,0,1,1,0,0,0
01100100,01100101,robust_to_analytic_choices,0->1,0,0,1,1,0,0,1,1,0,1,1,0,0,0
01100101,11100101,microbial_reproducibility,0->1,0,0,1,1,0,1,1,0,1,1,0,0,0,0
01100101,00100101,human_metabolite_observed,1->0,0,0,1,1,0,1,0,1,1,0,1,0,0,0
01100101,01000101,microbe_metabolite_link,1->0,0,0,1,1,0,1,0,1,1,0,1,0,0,0
01100101,01110101,metabolite_target_link,0->1,0,0,1,1,0,1,1,0,1,1,0,0,0,0
01100101,01101101,host_reproduced_two_datasets,0->1,0,0,1,1,0,1,1,0,1,1,0,0,0,0
01100101,01100001,single_cell_localisation,1->0,0,0,1,1,0,1,0,1,1,0,1,0,0,0
01100101,01100111,major_contradiction_resolved,0->1,0,0,1,1,0,1,1,0,1,1,0,0,0,0
01100101,01100100,robust_to_analytic_choices,1->0,0,0,1,1,0,1,0,1,1,0,1,0,0,0
01100110,11100110,microbial_reproducibility,0->1,0,0,1,1,0,1,1,0,1,1,0,0,0,0
01100110,00100110,human_metabolite_observed,1->0,0,0,1,1,0,1,0,1,1,0,1,0,0,0
01100110,01000110,microbe_metabolite_link,1->0,0,0,1,1,0,1,0,1,1,0,1,0,0,0
01100110,01110110,metabolite_target_link,0->1,0,0,1,1,0,1,1,0,1,1,0,0,0,0
01100110,01101110,host_reproduced_two_datasets,0->1,0,0,1,1,0,1,1,0,1,1,0,0,0,0
01100110,01100010,single_cell_localisation,1->0,0,0,1,1,0,1,0,1,1,0,1,0,0,0
01100110,01100100,major_contradiction_resolved,1->0,0,0,1,1,0,1,0,1,1,0,1,0,0,0
01100110,01100111,robust_to_analytic_choices,0->1,0,0,1,1,0,1,1,0,1,1,0,0,0,0
01100111,11100111,microbial_reproducibility,0->1,0,0,1,1,0,1,1,0,1,1,0,0,0,0
01100111,00100111,human_metabolite_observed,1->0,0,0,1,1,0,1,1,0,1,1,0,0,0,0
01100111,01000111,microbe_metabolite_link,1->0,0,0,1,1,0,1,1,0,1,1,0,0,0,0
01100111,01110111,metabolite_target_link,0->1,0,0,1,1,0,1,1,0,1,1,0,0,0,0
01100111,01101111,host_reproduced_two_datasets,0->1,0,0,1,1,0,1,1,0,1,1,0,0,0,0
01100111,01100011,single_cell_localisation,1->0,0,0,1,1,0,1,1,0,1,1,0,0,0,0
01100111,01100101,major_contradiction_resolved,1->0,0,0,1,1,0,1,1,0,1,1,0,0,0,0
01100111,01100110,robust_to_analytic_choices,1->0,0,0,1,1,0,1,1,0,1,1,0,0,0,0
01101000,11101000,microbial_reproducibility,0->1,0,0,1,1,0,0,1,1,0,1,1,0,0,0
01101000,00101000,human_metabolite_observed,1->0,0,0,1,1,0,0,0,0,0,0,0,0,0,0
01101000,01001000,microbe_metabolite_link,1->0,0,0,1,1,0,0,0,0,0,0,0,0,0,0
01101000,01111000,metabolite_target_link,0->1,0,0,1,1,0,0,1,1,0,1,1,0,0,0
01101000,01100000,host_reproduced_two_datasets,1->0,0,0,1,1,0,0,0,0,0,0,0,0,0,0
01101000,01101100,single_cell_localisation,0->1,0,0,1,1,0,0,1,1,0,1,1,0,0,0
01101000,01101010,major_contradiction_resolved,0->1,0,0,1,1,0,0,1,1,0,1,1,0,0,0
01101000,01101001,robust_to_analytic_choices,0->1,0,0,1,1,0,0,1,1,0,1,1,0,0,0
01101001,11101001,microbial_reproducibility,0->1,0,0,1,1,0,1,1,0,1,1,0,0,0,0
01101001,00101001,human_metabolite_observed,1->0,0,0,1,1,0,1,0,1,1,0,1,0,0,0
01101001,01001001,microbe_metabolite_link,1->0,0,0,1,1,0,1,0,1,1,0,1,0,0,0
01101001,01111001,metabolite_target_link,0->1,0,0,1,1,0,1,1,0,1,1,0,0,0,0
01101001,01100001,host_reproduced_two_datasets,1->0,0,0,1,1,0,1,0,1,1,0,1,0,0,0
01101001,01101101,single_cell_localisation,0->1,0,0,1,1,0,1,1,0,1,1,0,0,0,0
01101001,01101011,major_contradiction_resolved,0->1,0,0,1,1,0,1,1,0,1,1,0,0,0,0
01101001,01101000,robust_to_analytic_choices,1->0,0,0,1,1,0,1,0,1,1,0,1,0,0,0
01101010,11101010,microbial_reproducibility,0->1,0,0,1,1,0,1,1,0,1,1,0,0,0,0
01101010,00101010,human_metabolite_observed,1->0,0,0,1,1,0,1,0,1,1,0,1,0,0,0
01101010,01001010,microbe_metabolite_link,1->0,0,0,1,1,0,1,0,1,1,0,1,0,0,0
01101010,01111010,metabolite_target_link,0->1,0,0,1,1,0,1,1,0,1,1,0,0,0,0
01101010,01100010,host_reproduced_two_datasets,1->0,0,0,1,1,0,1,0,1,1,0,1,0,0,0
01101010,01101110,single_cell_localisation,0->1,0,0,1,1,0,1,1,0,1,1,0,0,0,0
01101010,01101000,major_contradiction_resolved,1->0,0,0,1,1,0,1,0,1,1,0,1,0,0,0
01101010,01101011,robust_to_analytic_choices,0->1,0,0,1,1,0,1,1,0,1,1,0,0,0,0
01101011,11101011,microbial_reproducibility,0->1,0,0,1,1,0,1,1,0,1,1,0,0,0,0
01101011,00101011,human_metabolite_observed,1->0,0,0,1,1,0,1,1,0,1,1,0,0,0,0
01101011,01001011,microbe_metabolite_link,1->0,0,0,1,1,0,1,1,0,1,1,0,0,0,0
01101011,01111011,metabolite_target_link,0->1,0,0,1,1,0,1,1,0,1,1,0,0,0,0
01101011,01100011,host_reproduced_two_datasets,1->0,0,0,1,1,0,1,1,0,1,1,0,0,0,0
01101011,01101111,single_cell_localisation,0->1,0,0,1,1,0,1,1,0,1,1,0,0,0,0
01101011,01101001,major_contradiction_resolved,1->0,0,0,1,1,0,1,1,0,1,1,0,0,0,0
01101011,01101010,robust_to_analytic_choices,1->0,0,0,1,1,0,1,1,0,1,1,0,0,0,0
01101100,11101100,microbial_reproducibility,0->1,0,0,1,1,0,1,1,0,1,1,0,0,0,0
01101100,00101100,human_metabolite_observed,1->0,0,0,1,1,0,1,0,1,1,0,1,0,0,0
01101100,01001100,microbe_metabolite_link,1->0,0,0,1,1,0,1,0,1,1,0,1,0,0,0
01101100,01111100,metabolite_target_link,0->1,0,0,1,1,0,1,1,0,1,1,0,0,0,0
01101100,01100100,host_reproduced_two_datasets,1->0,0,0,1,1,0,1,0,1,1,0,1,0,0,0
01101100,01101000,single_cell_localisation,1->0,0,0,1,1,0,1,0,1,1,0,1,0,0,0
01101100,01101110,major_contradiction_resolved,0->1,0,0,1,1,0,1,1,0,1,1,0,0,0,0
01101100,01101101,robust_to_analytic_choices,0->1,0,0,1,1,0,1,1,0,1,1,0,0,0,0
01101101,11101101,microbial_reproducibility,0->1,0,0,1,1,0,1,1,0,1,1,0,0,0,0
01101101,00101101,human_metabolite_observed,1->0,0,0,1,1,0,1,1,0,1,1,0,0,0,0
01101101,01001101,microbe_metabolite_link,1->0,0,0,1,1,0,1,1,0,1,1,0,0,0,0
01101101,01111101,metabolite_target_link,0->1,0,0,1,1,0,1,1,0,1,1,0,0,0,0
01101101,01100101,host_reproduced_two_datasets,1->0,0,0,1,1,0,1,1,0,1,1,0,0,0,0
01101101,01101001,single_cell_localisation,1->0,0,0,1,1,0,1,1,0,1,1,0,0,0,0
01101101,01101111,major_contradiction_resolved,0->1,0,0,1,1,0,1,1,0,1,1,0,0,0,0
01101101,01101100,robust_to_analytic_choices,1->0,0,0,1,1,0,1,1,0,1,1,0,0,0,0
01101110,11101110,microbial_reproducibility,0->1,0,0,1,1,0,1,1,0,1,1,0,0,0,0
01101110,00101110,human_metabolite_observed,1->0,0,0,1,1,0,1,1,0,1,1,0,0,0,0
01101110,01001110,microbe_metabolite_link,1->0,0,0,1,1,0,1,1,0,1,1,0,0,0,0
01101110,01111110,metabolite_target_link,0->1,0,0,1,1,0,1,1,0,1,1,0,0,0,0
01101110,01100110,host_reproduced_two_datasets,1->0,0,0,1,1,0,1,1,0,1,1,0,0,0,0
01101110,01101010,single_cell_localisation,1->0,0,0,1,1,0,1,1,0,1,1,0,0,0,0
01101110,01101100,major_contradiction_resolved,1->0,0,0,1,1,0,1,1,0,1,1,0,0,0,0
01101110,01101111,robust_to_analytic_choices,0->1,0,0,1,1,0,1,1,0,1,1,0,0,0,0
01101111,11101111,microbial_reproducibility,0->1,0,0,1,1,0,1,1,0,1,1,0,0,0,0
01101111,00101111,human_metabolite_observed,1->0,0,0,1,1,0,1,1,0,1,1,0,0,0,0
01101111,01001111,microbe_metabolite_link,1->0,0,0,1,1,0,1,1,0,1,1,0,0,0,0
01101111,01111111,metabolite_target_link,0->1,0,0,1,1,0,1,1,0,1,1,0,0,0,0
01101111,01100111,host_reproduced_two_datasets,1->0,0,0,1,1,0,1,1,0,1,1,0,0,0,0
01101111,01101011,single_cell_localisation,1->0,0,0,1,1,0,1,1,0,1,1,0,0,0,0
01101111,01101101,major_contradiction_resolved,1->0,0,0,1,1,0,1,1,0,1,1,0,0,0,0
01101111,01101110,robust_to_analytic_choices,1->0,0,0,1,1,0,1,1,0,1,1,0,0,0,0
01110000,11110000,microbial_reproducibility,0->1,0,0,1,1,0,0,1,1,0,1,1,0,0,0
01110000,00110000,human_metabolite_observed,1->0,0,0,1,1,0,0,0,0,0,0,0,0,0,0
01110000,01010000,microbe_metabolite_link,1->0,0,0,1,1,0,0,0,0,0,0,0,0,0,0
01110000,01100000,metabolite_target_link,1->0,0,0,1,1,0,0,0,0,0,0,0,0,0,0
01110000,01111000,host_reproduced_two_datasets,0->1,0,0,1,1,0,0,1,1,0,1,1,0,0,0
01110000,01110100,single_cell_localisation,0->1,0,0,1,1,0,0,1,1,0,1,1,0,0,0
01110000,01110010,major_contradiction_resolved,0->1,0,0,1,1,0,0,1,1,0,1,1,0,0,0
01110000,01110001,robust_to_analytic_choices,0->1,0,0,1,1,0,0,1,1,0,1,1,0,0,0
01110001,11110001,microbial_reproducibility,0->1,0,0,1,1,0,1,1,0,1,1,0,0,0,0
01110001,00110001,human_metabolite_observed,1->0,0,0,1,1,0,1,0,1,1,0,1,0,0,0
01110001,01010001,microbe_metabolite_link,1->0,0,0,1,1,0,1,0,1,1,0,1,0,0,0
01110001,01100001,metabolite_target_link,1->0,0,0,1,1,0,1,0,1,1,0,1,0,0,0
01110001,01111001,host_reproduced_two_datasets,0->1,0,0,1,1,0,1,1,0,1,1,0,0,0,0
01110001,01110101,single_cell_localisation,0->1,0,0,1,1,0,1,1,0,1,1,0,0,0,0
01110001,01110011,major_contradiction_resolved,0->1,0,0,1,1,0,1,1,0,1,1,0,0,0,0
01110001,01110000,robust_to_analytic_choices,1->0,0,0,1,1,0,1,0,1,1,0,1,0,0,0
01110010,11110010,microbial_reproducibility,0->1,0,0,1,1,0,1,1,0,1,1,0,0,0,0
01110010,00110010,human_metabolite_observed,1->0,0,0,1,1,0,1,0,1,1,0,1,0,0,0
01110010,01010010,microbe_metabolite_link,1->0,0,0,1,1,0,1,0,1,1,0,1,0,0,0
01110010,01100010,metabolite_target_link,1->0,0,0,1,1,0,1,0,1,1,0,1,0,0,0
01110010,01111010,host_reproduced_two_datasets,0->1,0,0,1,1,0,1,1,0,1,1,0,0,0,0
01110010,01110110,single_cell_localisation,0->1,0,0,1,1,0,1,1,0,1,1,0,0,0,0
01110010,01110000,major_contradiction_resolved,1->0,0,0,1,1,0,1,0,1,1,0,1,0,0,0
01110010,01110011,robust_to_analytic_choices,0->1,0,0,1,1,0,1,1,0,1,1,0,0,0,0
01110011,11110011,microbial_reproducibility,0->1,0,0,1,1,0,1,1,0,1,1,0,0,0,0
01110011,00110011,human_metabolite_observed,1->0,0,0,1,1,0,1,1,0,1,1,0,0,0,0
01110011,01010011,microbe_metabolite_link,1->0,0,0,1,1,0,1,1,0,1,1,0,0,0,0
01110011,01100011,metabolite_target_link,1->0,0,0,1,1,0,1,1,0,1,1,0,0,0,0
01110011,01111011,host_reproduced_two_datasets,0->1,0,0,1,1,0,1,1,0,1,1,0,0,0,0
01110011,01110111,single_cell_localisation,0->1,0,0,1,1,0,1,1,0,1,1,0,0,0,0
01110011,01110001,major_contradiction_resolved,1->0,0,0,1,1,0,1,1,0,1,1,0,0,0,0
01110011,01110010,robust_to_analytic_choices,1->0,0,0,1,1,0,1,1,0,1,1,0,0,0,0
01110100,11110100,microbial_reproducibility,0->1,0,0,1,1,0,1,1,0,1,1,0,0,0,0
01110100,00110100,human_metabolite_observed,1->0,0,0,1,1,0,1,0,1,1,0,1,0,0,0
01110100,01010100,microbe_metabolite_link,1->0,0,0,1,1,0,1,0,1,1,0,1,0,0,0
01110100,01100100,metabolite_target_link,1->0,0,0,1,1,0,1,0,1,1,0,1,0,0,0
01110100,01111100,host_reproduced_two_datasets,0->1,0,0,1,1,0,1,1,0,1,1,0,0,0,0
01110100,01110000,single_cell_localisation,1->0,0,0,1,1,0,1,0,1,1,0,1,0,0,0
01110100,01110110,major_contradiction_resolved,0->1,0,0,1,1,0,1,1,0,1,1,0,0,0,0
01110100,01110101,robust_to_analytic_choices,0->1,0,0,1,1,0,1,1,0,1,1,0,0,0,0
01110101,11110101,microbial_reproducibility,0->1,0,0,1,1,0,1,1,0,1,1,0,0,0,0
01110101,00110101,human_metabolite_observed,1->0,0,0,1,1,0,1,1,0,1,1,0,0,0,0
01110101,01010101,microbe_metabolite_link,1->0,0,0,1,1,0,1,1,0,1,1,0,0,0,0
01110101,01100101,metabolite_target_link,1->0,0,0,1,1,0,1,1,0,1,1,0,0,0,0
01110101,01111101,host_reproduced_two_datasets,0->1,0,0,1,1,0,1,1,0,1,1,0,0,0,0
01110101,01110001,single_cell_localisation,1->0,0,0,1,1,0,1,1,0,1,1,0,0,0,0
01110101,01110111,major_contradiction_resolved,0->1,0,0,1,1,0,1,1,0,1,1,0,0,0,0
01110101,01110100,robust_to_analytic_choices,1->0,0,0,1,1,0,1,1,0,1,1,0,0,0,0
01110110,11110110,microbial_reproducibility,0->1,0,0,1,1,0,1,1,0,1,1,0,0,0,0
01110110,00110110,human_metabolite_observed,1->0,0,0,1,1,0,1,1,0,1,1,0,0,0,0
01110110,01010110,microbe_metabolite_link,1->0,0,0,1,1,0,1,1,0,1,1,0,0,0,0
01110110,01100110,metabolite_target_link,1->0,0,0,1,1,0,1,1,0,1,1,0,0,0,0
01110110,01111110,host_reproduced_two_datasets,0->1,0,0,1,1,0,1,1,0,1,1,0,0,0,0
01110110,01110010,single_cell_localisation,1->0,0,0,1,1,0,1,1,0,1,1,0,0,0,0
01110110,01110100,major_contradiction_resolved,1->0,0,0,1,1,0,1,1,0,1,1,0,0,0,0
01110110,01110111,robust_to_analytic_choices,0->1,0,0,1,1,0,1,1,0,1,1,0,0,0,0
01110111,11110111,microbial_reproducibility,0->1,0,0,1,1,0,1,1,0,1,1,0,0,0,0
01110111,00110111,human_metabolite_observed,1->0,0,0,1,1,0,1,1,0,1,1,0,0,0,0
01110111,01010111,microbe_metabolite_link,1->0,0,0,1,1,0,1,1,0,1,1,0,0,0,0
01110111,01100111,metabolite_target_link,1->0,0,0,1,1,0,1,1,0,1,1,0,0,0,0
01110111,01111111,host_reproduced_two_datasets,0->1,0,0,1,1,0,1,1,0,1,1,0,0,0,0
01110111,01110011,single_cell_localisation,1->0,0,0,1,1,0,1,1,0,1,1,0,0,0,0
01110111,01110101,major_contradiction_resolved,1->0,0,0,1,1,0,1,1,0,1,1,0,0,0,0
01110111,01110110,robust_to_analytic_choices,1->0,0,0,1,1,0,1,1,0,1,1,0,0,0,0
01111000,11111000,microbial_reproducibility,0->1,0,0,1,1,0,1,1,0,1,1,0,0,0,0
01111000,00111000,human_metabolite_observed,1->0,0,0,1,1,0,1,0,1,1,0,1,0,0,0
01111000,01011000,microbe_metabolite_link,1->0,0,0,1,1,0,1,0,1,1,0,1,0,0,0
01111000,01101000,metabolite_target_link,1->0,0,0,1,1,0,1,0,1,1,0,1,0,0,0
01111000,01110000,host_reproduced_two_datasets,1->0,0,0,1,1,0,1,0,1,1,0,1,0,0,0
01111000,01111100,single_cell_localisation,0->1,0,0,1,1,0,1,1,0,1,1,0,0,0,0
01111000,01111010,major_contradiction_resolved,0->1,0,0,1,1,0,1,1,0,1,1,0,0,0,0
01111000,01111001,robust_to_analytic_choices,0->1,0,0,1,1,0,1,1,0,1,1,0,0,0,0
01111001,11111001,microbial_reproducibility,0->1,0,0,1,1,0,1,1,0,1,1,0,0,0,0
01111001,00111001,human_metabolite_observed,1->0,0,0,1,1,0,1,1,0,1,1,0,0,0,0
01111001,01011001,microbe_metabolite_link,1->0,0,0,1,1,0,1,1,0,1,1,0,0,0,0
01111001,01101001,metabolite_target_link,1->0,0,0,1,1,0,1,1,0,1,1,0,0,0,0
01111001,01110001,host_reproduced_two_datasets,1->0,0,0,1,1,0,1,1,0,1,1,0,0,0,0
01111001,01111101,single_cell_localisation,0->1,0,0,1,1,0,1,1,0,1,1,0,0,0,0
01111001,01111011,major_contradiction_resolved,0->1,0,0,1,1,0,1,1,0,1,1,0,0,0,0
01111001,01111000,robust_to_analytic_choices,1->0,0,0,1,1,0,1,1,0,1,1,0,0,0,0
01111010,11111010,microbial_reproducibility,0->1,0,0,1,1,0,1,1,0,1,1,0,0,0,0
01111010,00111010,human_metabolite_observed,1->0,0,0,1,1,0,1,1,0,1,1,0,0,0,0
01111010,01011010,microbe_metabolite_link,1->0,0,0,1,1,0,1,1,0,1,1,0,0,0,0
01111010,01101010,metabolite_target_link,1->0,0,0,1,1,0,1,1,0,1,1,0,0,0,0
01111010,01110010,host_reproduced_two_datasets,1->0,0,0,1,1,0,1,1,0,1,1,0,0,0,0
01111010,01111110,single_cell_localisation,0->1,0,0,1,1,0,1,1,0,1,1,0,0,0,0
01111010,01111000,major_contradiction_resolved,1->0,0,0,1,1,0,1,1,0,1,1,0,0,0,0
01111010,01111011,robust_to_analytic_choices,0->1,0,0,1,1,0,1,1,0,1,1,0,0,0,0
01111011,11111011,microbial_reproducibility,0->1,0,0,1,1,0,1,1,0,1,1,0,0,0,0
01111011,00111011,human_metabolite_observed,1->0,0,0,1,1,0,1,1,0,1,1,0,0,0,0
01111011,01011011,microbe_metabolite_link,1->0,0,0,1,1,0,1,1,0,1,1,0,0,0,0
01111011,01101011,metabolite_target_link,1->0,0,0,1,1,0,1,1,0,1,1,0,0,0,0
01111011,01110011,host_reproduced_two_datasets,1->0,0,0,1,1,0,1,1,0,1,1,0,0,0,0
01111011,01111111,single_cell_localisation,0->1,0,0,1,1,0,1,1,0,1,1,0,0,0,0
01111011,01111001,major_contradiction_resolved,1->0,0,0,1,1,0,1,1,0,1,1,0,0,0,0
01111011,01111010,robust_to_analytic_choices,1->0,0,0,1,1,0,1,1,0,1,1,0,0,0,0
01111100,11111100,microbial_reproducibility,0->1,0,0,1,1,0,1,1,0,1,1,0,0,0,0
01111100,00111100,human_metabolite_observed,1->0,0,0,1,1,0,1,1,0,1,1,0,0,0,0
01111100,01011100,microbe_metabolite_link,1->0,0,0,1,1,0,1,1,0,1,1,0,0,0,0
01111100,01101100,metabolite_target_link,1->0,0,0,1,1,0,1,1,0,1,1,0,0,0,0
01111100,01110100,host_reproduced_two_datasets,1->0,0,0,1,1,0,1,1,0,1,1,0,0,0,0
01111100,01111000,single_cell_localisation,1->0,0,0,1,1,0,1,1,0,1,1,0,0,0,0
01111100,01111110,major_contradiction_resolved,0->1,0,0,1,1,0,1,1,0,1,1,0,0,0,0
01111100,01111101,robust_to_analytic_choices,0->1,0,0,1,1,0,1,1,0,1,1,0,0,0,0
01111101,11111101,microbial_reproducibility,0->1,0,0,1,1,0,1,1,0,1,1,0,0,0,0
01111101,00111101,human_metabolite_observed,1->0,0,0,1,1,0,1,1,0,1,1,0,0,0,0
01111101,01011101,microbe_metabolite_link,1->0,0,0,1,1,0,1,1,0,1,1,0,0,0,0
01111101,01101101,metabolite_target_link,1->0,0,0,1,1,0,1,1,0,1,1,0,0,0,0
01111101,01110101,host_reproduced_two_datasets,1->0,0,0,1,1,0,1,1,0,1,1,0,0,0,0
01111101,01111001,single_cell_localisation,1->0,0,0,1,1,0,1,1,0,1,1,0,0,0,0
01111101,01111111,major_contradiction_resolved,0->1,0,0,1,1,0,1,1,0,1,1,0,0,0,0
01111101,01111100,robust_to_analytic_choices,1->0,0,0,1,1,0,1,1,0,1,1,0,0,0,0
01111110,11111110,microbial_reproducibility,0->1,0,0,1,1,0,1,1,0,1,1,0,0,0,0
01111110,00111110,human_metabolite_observed,1->0,0,0,1,1,0,1,1,0,1,1,0,0,0,0
01111110,01011110,microbe_metabolite_link,1->0,0,0,1,1,0,1,1,0,1,1,0,0,0,0
01111110,01101110,metabolite_target_link,1->0,0,0,1,1,0,1,1,0,1,1,0,0,0,0
01111110,01110110,host_reproduced_two_datasets,1->0,0,0,1,1,0,1,1,0,1,1,0,0,0,0
01111110,01111010,single_cell_localisation,1->0,0,0,1,1,0,1,1,0,1,1,0,0,0,0
01111110,01111100,major_contradiction_resolved,1->0,0,0,1,1,0,1,1,0,1,1,0,0,0,0
01111110,01111111,robust_to_analytic_choices,0->1,0,0,1,1,0,1,1,0,1,1,0,0,0,0
01111111,11111111,microbial_reproducibility,0->1,0,1,1,1,0,1,1,0,1,1,0,0,1,1
01111111,00111111,human_metabolite_observed,1->0,0,0,1,1,0,1,1,0,1,1,0,0,0,0
01111111,01011111,microbe_metabolite_link,1->0,0,0,1,1,0,1,1,0,1,1,0,0,0,0
01111111,01101111,metabolite_target_link,1->0,0,0,1,1,0,1,1,0,1,1,0,0,0,0
01111111,01110111,host_reproduced_two_datasets,1->0,0,0,1,1,0,1,1,0,1,1,0,0,0,0
01111111,01111011,single_cell_localisation,1->0,0,0,1,1,0,1,1,0,1,1,0,0,0,0
01111111,01111101,major_contradiction_resolved,1->0,0,0,1,1,0,1,1,0,1,1,0,0,0,0
01111111,01111110,robust_to_analytic_choices,1->0,0,0,1,1,0,1,1,0,1,1,0,0,0,0
10000000,00000000,microbial_reproducibility,1->0,0,0,1,0,1,0,0,0,0,0,0,0,0,0
10000000,11000000,human_metabolite_observed,0->1,0,0,1,1,0,0,0,0,0,0,0,0,0,0
10000000,10100000,microbe_metabolite_link,0->1,0,0,1,1,0,0,0,0,0,0,0,0,0,0
10000000,10010000,metabolite_target_link,0->1,0,0,1,1,0,0,0,0,0,0,0,0,0,0
10000000,10001000,host_reproduced_two_datasets,0->1,0,0,1,1,0,0,0,0,0,0,0,0,0,0
10000000,10000100,single_cell_localisation,0->1,0,0,1,1,0,0,0,0,0,0,0,0,0,0
10000000,10000010,major_contradiction_resolved,0->1,0,0,1,1,0,0,0,0,0,0,0,0,0,0
10000000,10000001,robust_to_analytic_choices,0->1,0,0,1,1,0,0,0,0,0,0,0,0,0,0
10000001,00000001,microbial_reproducibility,1->0,0,0,1,1,0,0,0,0,0,0,0,0,0,0
10000001,11000001,human_metabolite_observed,0->1,0,0,1,1,0,0,0,0,0,0,0,0,0,0
10000001,10100001,microbe_metabolite_link,0->1,0,0,1,1,0,0,0,0,0,0,0,0,0,0
10000001,10010001,metabolite_target_link,0->1,0,0,1,1,0,0,0,0,0,0,0,0,0,0
10000001,10001001,host_reproduced_two_datasets,0->1,0,0,1,1,0,0,0,0,0,0,0,0,0,0
10000001,10000101,single_cell_localisation,0->1,0,0,1,1,0,0,0,0,0,0,0,0,0,0
10000001,10000011,major_contradiction_resolved,0->1,0,0,1,1,0,0,0,0,0,0,0,0,0,0
10000001,10000000,robust_to_analytic_choices,1->0,0,0,1,1,0,0,0,0,0,0,0,0,0,0
10000010,00000010,microbial_reproducibility,1->0,0,0,1,1,0,0,0,0,0,0,0,0,0,0
10000010,11000010,human_metabolite_observed,0->1,0,0,1,1,0,0,0,0,0,0,0,0,0,0
10000010,10100010,microbe_metabolite_link,0->1,0,0,1,1,0,0,0,0,0,0,0,0,0,0
10000010,10010010,metabolite_target_link,0->1,0,0,1,1,0,0,0,0,0,0,0,0,0,0
10000010,10001010,host_reproduced_two_datasets,0->1,0,0,1,1,0,0,0,0,0,0,0,0,0,0
10000010,10000110,single_cell_localisation,0->1,0,0,1,1,0,0,0,0,0,0,0,0,0,0
10000010,10000000,major_contradiction_resolved,1->0,0,0,1,1,0,0,0,0,0,0,0,0,0,0
10000010,10000011,robust_to_analytic_choices,0->1,0,0,1,1,0,0,0,0,0,0,0,0,0,0
10000011,00000011,microbial_reproducibility,1->0,0,0,1,1,0,0,0,0,0,0,0,0,0,0
10000011,11000011,human_metabolite_observed,0->1,0,0,1,1,0,0,1,1,0,1,1,0,0,0
10000011,10100011,microbe_metabolite_link,0->1,0,0,1,1,0,0,1,1,0,1,1,0,0,0
10000011,10010011,metabolite_target_link,0->1,0,0,1,1,0,0,1,1,0,1,1,0,0,0
10000011,10001011,host_reproduced_two_datasets,0->1,0,0,1,1,0,0,1,1,0,1,1,0,0,0
10000011,10000111,single_cell_localisation,0->1,0,0,1,1,0,0,1,1,0,1,1,0,0,0
10000011,10000001,major_contradiction_resolved,1->0,0,0,1,1,0,0,0,0,0,0,0,0,0,0
10000011,10000010,robust_to_analytic_choices,1->0,0,0,1,1,0,0,0,0,0,0,0,0,0,0
10000100,00000100,microbial_reproducibility,1->0,0,0,1,1,0,0,0,0,0,0,0,0,0,0
10000100,11000100,human_metabolite_observed,0->1,0,0,1,1,0,0,0,0,0,0,0,0,0,0
10000100,10100100,microbe_metabolite_link,0->1,0,0,1,1,0,0,0,0,0,0,0,0,0,0
10000100,10010100,metabolite_target_link,0->1,0,0,1,1,0,0,0,0,0,0,0,0,0,0
10000100,10001100,host_reproduced_two_datasets,0->1,0,0,1,1,0,0,0,0,0,0,0,0,0,0
10000100,10000000,single_cell_localisation,1->0,0,0,1,1,0,0,0,0,0,0,0,0,0,0
10000100,10000110,major_contradiction_resolved,0->1,0,0,1,1,0,0,0,0,0,0,0,0,0,0
10000100,10000101,robust_to_analytic_choices,0->1,0,0,1,1,0,0,0,0,0,0,0,0,0,0
10000101,00000101,microbial_reproducibility,1->0,0,0,1,1,0,0,0,0,0,0,0,0,0,0
10000101,11000101,human_metabolite_observed,0->1,0,0,1,1,0,0,1,1,0,1,1,0,0,0
10000101,10100101,microbe_metabolite_link,0->1,0,0,1,1,0,0,1,1,0,1,1,0,0,0
10000101,10010101,metabolite_target_link,0->1,0,0,1,1,0,0,1,1,0,1,1,0,0,0
10000101,10001101,host_reproduced_two_datasets,0->1,0,0,1,1,0,0,1,1,0,1,1,0,0,0
10000101,10000001,single_cell_localisation,1->0,0,0,1,1,0,0,0,0,0,0,0,0,0,0
10000101,10000111,major_contradiction_resolved,0->1,0,0,1,1,0,0,1,1,0,1,1,0,0,0
10000101,10000100,robust_to_analytic_choices,1->0,0,0,1,1,0,0,0,0,0,0,0,0,0,0
10000110,00000110,microbial_reproducibility,1->0,0,0,1,1,0,0,0,0,0,0,0,0,0,0
10000110,11000110,human_metabolite_observed,0->1,0,0,1,1,0,0,1,1,0,1,1,0,0,0
10000110,10100110,microbe_metabolite_link,0->1,0,0,1,1,0,0,1,1,0,1,1,0,0,0
10000110,10010110,metabolite_target_link,0->1,0,0,1,1,0,0,1,1,0,1,1,0,0,0
10000110,10001110,host_reproduced_two_datasets,0->1,0,0,1,1,0,0,1,1,0,1,1,0,0,0
10000110,10000010,single_cell_localisation,1->0,0,0,1,1,0,0,0,0,0,0,0,0,0,0
10000110,10000100,major_contradiction_resolved,1->0,0,0,1,1,0,0,0,0,0,0,0,0,0,0
10000110,10000111,robust_to_analytic_choices,0->1,0,0,1,1,0,0,1,1,0,1,1,0,0,0
10000111,00000111,microbial_reproducibility,1->0,0,0,1,1,0,1,0,1,1,0,1,0,0,0
10000111,11000111,human_metabolite_observed,0->1,0,0,1,1,0,1,1,0,1,1,0,0,0,0
10000111,10100111,microbe_metabolite_link,0->1,0,0,1,1,0,1,1,0,1,1,0,0,0,0
10000111,10010111,metabolite_target_link,0->1,0,0,1,1,0,1,1,0,1,1,0,0,0,0
10000111,10001111,host_reproduced_two_datasets,0->1,0,0,1,1,0,1,1,0,1,1,0,0,0,0
10000111,10000011,single_cell_localisation,1->0,0,0,1,1,0,1,0,1,1,0,1,0,0,0
10000111,10000101,major_contradiction_resolved,1->0,0,0,1,1,0,1,0,1,1,0,1,0,0,0
10000111,10000110,robust_to_analytic_choices,1->0,0,0,1,1,0,1,0,1,1,0,1,0,0,0
10001000,00001000,microbial_reproducibility,1->0,0,0,1,1,0,0,0,0,0,0,0,0,0,0
10001000,11001000,human_metabolite_observed,0->1,0,0,1,1,0,0,0,0,0,0,0,0,0,0
10001000,10101000,microbe_metabolite_link,0->1,0,0,1,1,0,0,0,0,0,0,0,0,0,0
10001000,10011000,metabolite_target_link,0->1,0,0,1,1,0,0,0,0,0,0,0,0,0,0
10001000,10000000,host_reproduced_two_datasets,1->0,0,0,1,1,0,0,0,0,0,0,0,0,0,0
10001000,10001100,single_cell_localisation,0->1,0,0,1,1,0,0,0,0,0,0,0,0,0,0
10001000,10001010,major_contradiction_resolved,0->1,0,0,1,1,0,0,0,0,0,0,0,0,0,0
10001000,10001001,robust_to_analytic_choices,0->1,0,0,1,1,0,0,0,0,0,0,0,0,0,0
10001001,00001001,microbial_reproducibility,1->0,0,0,1,1,0,0,0,0,0,0,0,0,0,0
10001001,11001001,human_metabolite_observed,0->1,0,0,1,1,0,0,1,1,0,1,1,0,0,0
10001001,10101001,microbe_metabolite_link,0->1,0,0,1,1,0,0,1,1,0,1,1,0,0,0
10001001,10011001,metabolite_target_link,0->1,0,0,1,1,0,0,1,1,0,1,1,0,0,0
10001001,10000001,host_reproduced_two_datasets,1->0,0,0,1,1,0,0,0,0,0,0,0,0,0,0
10001001,10001101,single_cell_localisation,0->1,0,0,1,1,0,0,1,1,0,1,1,0,0,0
10001001,10001011,major_contradiction_resolved,0->1,0,0,1,1,0,0,1,1,0,1,1,0,0,0
10001001,10001000,robust_to_analytic_choices,1->0,0,0,1,1,0,0,0,0,0,0,0,0,0,0
10001010,00001010,microbial_reproducibility,1->0,0,0,1,1,0,0,0,0,0,0,0,0,0,0
10001010,11001010,human_metabolite_observed,0->1,0,0,1,1,0,0,1,1,0,1,1,0,0,0
10001010,10101010,microbe_metabolite_link,0->1,0,0,1,1,0,0,1,1,0,1,1,0,0,0
10001010,10011010,metabolite_target_link,0->1,0,0,1,1,0,0,1,1,0,1,1,0,0,0
10001010,10000010,host_reproduced_two_datasets,1->0,0,0,1,1,0,0,0,0,0,0,0,0,0,0
10001010,10001110,single_cell_localisation,0->1,0,0,1,1,0,0,1,1,0,1,1,0,0,0
10001010,10001000,major_contradiction_resolved,1->0,0,0,1,1,0,0,0,0,0,0,0,0,0,0
10001010,10001011,robust_to_analytic_choices,0->1,0,0,1,1,0,0,1,1,0,1,1,0,0,0
10001011,00001011,microbial_reproducibility,1->0,0,0,1,1,0,1,0,1,1,0,1,0,0,0
10001011,11001011,human_metabolite_observed,0->1,0,0,1,1,0,1,1,0,1,1,0,0,0,0
10001011,10101011,microbe_metabolite_link,0->1,0,0,1,1,0,1,1,0,1,1,0,0,0,0
10001011,10011011,metabolite_target_link,0->1,0,0,1,1,0,1,1,0,1,1,0,0,0,0
10001011,10000011,host_reproduced_two_datasets,1->0,0,0,1,1,0,1,0,1,1,0,1,0,0,0
10001011,10001111,single_cell_localisation,0->1,0,0,1,1,0,1,1,0,1,1,0,0,0,0
10001011,10001001,major_contradiction_resolved,1->0,0,0,1,1,0,1,0,1,1,0,1,0,0,0
10001011,10001010,robust_to_analytic_choices,1->0,0,0,1,1,0,1,0,1,1,0,1,0,0,0
10001100,00001100,microbial_reproducibility,1->0,0,0,1,1,0,0,0,0,0,0,0,0,0,0
10001100,11001100,human_metabolite_observed,0->1,0,0,1,1,0,0,1,1,0,1,1,0,0,0
10001100,10101100,microbe_metabolite_link,0->1,0,0,1,1,0,0,1,1,0,1,1,0,0,0
10001100,10011100,metabolite_target_link,0->1,0,0,1,1,0,0,1,1,0,1,1,0,0,0
10001100,10000100,host_reproduced_two_datasets,1->0,0,0,1,1,0,0,0,0,0,0,0,0,0,0
10001100,10001000,single_cell_localisation,1->0,0,0,1,1,0,0,0,0,0,0,0,0,0,0
10001100,10001110,major_contradiction_resolved,0->1,0,0,1,1,0,0,1,1,0,1,1,0,0,0
10001100,10001101,robust_to_analytic_choices,0->1,0,0,1,1,0,0,1,1,0,1,1,0,0,0
10001101,00001101,microbial_reproducibility,1->0,0,0,1,1,0,1,0,1,1,0,1,0,0,0
10001101,11001101,human_metabolite_observed,0->1,0,0,1,1,0,1,1,0,1,1,0,0,0,0
10001101,10101101,microbe_metabolite_link,0->1,0,0,1,1,0,1,1,0,1,1,0,0,0,0
10001101,10011101,metabolite_target_link,0->1,0,0,1,1,0,1,1,0,1,1,0,0,0,0
10001101,10000101,host_reproduced_two_datasets,1->0,0,0,1,1,0,1,0,1,1,0,1,0,0,0
10001101,10001001,single_cell_localisation,1->0,0,0,1,1,0,1,0,1,1,0,1,0,0,0
10001101,10001111,major_contradiction_resolved,0->1,0,0,1,1,0,1,1,0,1,1,0,0,0,0
10001101,10001100,robust_to_analytic_choices,1->0,0,0,1,1,0,1,0,1,1,0,1,0,0,0
10001110,00001110,microbial_reproducibility,1->0,0,0,1,1,0,1,0,1,1,0,1,0,0,0
10001110,11001110,human_metabolite_observed,0->1,0,0,1,1,0,1,1,0,1,1,0,0,0,0
10001110,10101110,microbe_metabolite_link,0->1,0,0,1,1,0,1,1,0,1,1,0,0,0,0
10001110,10011110,metabolite_target_link,0->1,0,0,1,1,0,1,1,0,1,1,0,0,0,0
10001110,10000110,host_reproduced_two_datasets,1->0,0,0,1,1,0,1,0,1,1,0,1,0,0,0
10001110,10001010,single_cell_localisation,1->0,0,0,1,1,0,1,0,1,1,0,1,0,0,0
10001110,10001100,major_contradiction_resolved,1->0,0,0,1,1,0,1,0,1,1,0,1,0,0,0
10001110,10001111,robust_to_analytic_choices,0->1,0,0,1,1,0,1,1,0,1,1,0,0,0,0
10001111,00001111,microbial_reproducibility,1->0,0,0,1,1,0,1,1,0,1,1,0,0,0,0
10001111,11001111,human_metabolite_observed,0->1,0,0,1,1,0,1,1,0,1,1,0,0,0,0
10001111,10101111,microbe_metabolite_link,0->1,0,0,1,1,0,1,1,0,1,1,0,0,0,0
10001111,10011111,metabolite_target_link,0->1,0,0,1,1,0,1,1,0,1,1,0,0,0,0
10001111,10000111,host_reproduced_two_datasets,1->0,0,0,1,1,0,1,1,0,1,1,0,0,0,0
10001111,10001011,single_cell_localisation,1->0,0,0,1,1,0,1,1,0,1,1,0,0,0,0
10001111,10001101,major_contradiction_resolved,1->0,0,0,1,1,0,1,1,0,1,1,0,0,0,0
10001111,10001110,robust_to_analytic_choices,1->0,0,0,1,1,0,1,1,0,1,1,0,0,0,0
10010000,00010000,microbial_reproducibility,1->0,0,0,1,1,0,0,0,0,0,0,0,0,0,0
10010000,11010000,human_metabolite_observed,0->1,0,0,1,1,0,0,0,0,0,0,0,0,0,0
10010000,10110000,microbe_metabolite_link,0->1,0,0,1,1,0,0,0,0,0,0,0,0,0,0
10010000,10000000,metabolite_target_link,1->0,0,0,1,1,0,0,0,0,0,0,0,0,0,0
10010000,10011000,host_reproduced_two_datasets,0->1,0,0,1,1,0,0,0,0,0,0,0,0,0,0
10010000,10010100,single_cell_localisation,0->1,0,0,1,1,0,0,0,0,0,0,0,0,0,0
10010000,10010010,major_contradiction_resolved,0->1,0,0,1,1,0,0,0,0,0,0,0,0,0,0
10010000,10010001,robust_to_analytic_choices,0->1,0,0,1,1,0,0,0,0,0,0,0,0,0,0
10010001,00010001,microbial_reproducibility,1->0,0,0,1,1,0,0,0,0,0,0,0,0,0,0
10010001,11010001,human_metabolite_observed,0->1,0,0,1,1,0,0,1,1,0,1,1,0,0,0
10010001,10110001,microbe_metabolite_link,0->1,0,0,1,1,0,0,1,1,0,1,1,0,0,0
10010001,10000001,metabolite_target_link,1->0,0,0,1,1,0,0,0,0,0,0,0,0,0,0
10010001,10011001,host_reproduced_two_datasets,0->1,0,0,1,1,0,0,1,1,0,1,1,0,0,0
10010001,10010101,single_cell_localisation,0->1,0,0,1,1,0,0,1,1,0,1,1,0,0,0
10010001,10010011,major_contradiction_resolved,0->1,0,0,1,1,0,0,1,1,0,1,1,0,0,0
10010001,10010000,robust_to_analytic_choices,1->0,0,0,1,1,0,0,0,0,0,0,0,0,0,0
10010010,00010010,microbial_reproducibility,1->0,0,0,1,1,0,0,0,0,0,0,0,0,0,0
10010010,11010010,human_metabolite_observed,0->1,0,0,1,1,0,0,1,1,0,1,1,0,0,0
10010010,10110010,microbe_metabolite_link,0->1,0,0,1,1,0,0,1,1,0,1,1,0,0,0
10010010,10000010,metabolite_target_link,1->0,0,0,1,1,0,0,0,0,0,0,0,0,0,0
10010010,10011010,host_reproduced_two_datasets,0->1,0,0,1,1,0,0,1,1,0,1,1,0,0,0
10010010,10010110,single_cell_localisation,0->1,0,0,1,1,0,0,1,1,0,1,1,0,0,0
10010010,10010000,major_contradiction_resolved,1->0,0,0,1,1,0,0,0,0,0,0,0,0,0,0
10010010,10010011,robust_to_analytic_choices,0->1,0,0,1,1,0,0,1,1,0,1,1,0,0,0
10010011,00010011,microbial_reproducibility,1->0,0,0,1,1,0,1,0,1,1,0,1,0,0,0
10010011,11010011,human_metabolite_observed,0->1,0,0,1,1,0,1,1,0,1,1,0,0,0,0
10010011,10110011,microbe_metabolite_link,0->1,0,0,1,1,0,1,1,0,1,1,0,0,0,0
10010011,10000011,metabolite_target_link,1->0,0,0,1,1,0,1,0,1,1,0,1,0,0,0
10010011,10011011,host_reproduced_two_datasets,0->1,0,0,1,1,0,1,1,0,1,1,0,0,0,0
10010011,10010111,single_cell_localisation,0->1,0,0,1,1,0,1,1,0,1,1,0,0,0,0
10010011,10010001,major_contradiction_resolved,1->0,0,0,1,1,0,1,0,1,1,0,1,0,0,0
10010011,10010010,robust_to_analytic_choices,1->0,0,0,1,1,0,1,0,1,1,0,1,0,0,0
10010100,00010100,microbial_reproducibility,1->0,0,0,1,1,0,0,0,0,0,0,0,0,0,0
10010100,11010100,human_metabolite_observed,0->1,0,0,1,1,0,0,1,1,0,1,1,0,0,0
10010100,10110100,microbe_metabolite_link,0->1,0,0,1,1,0,0,1,1,0,1,1,0,0,0
10010100,10000100,metabolite_target_link,1->0,0,0,1,1,0,0,0,0,0,0,0,0,0,0
10010100,10011100,host_reproduced_two_datasets,0->1,0,0,1,1,0,0,1,1,0,1,1,0,0,0
10010100,10010000,single_cell_localisation,1->0,0,0,1,1,0,0,0,0,0,0,0,0,0,0
10010100,10010110,major_contradiction_resolved,0->1,0,0,1,1,0,0,1,1,0,1,1,0,0,0
10010100,10010101,robust_to_analytic_choices,0->1,0,0,1,1,0,0,1,1,0,1,1,0,0,0
10010101,00010101,microbial_reproducibility,1->0,0,0,1,1,0,1,0,1,1,0,1,0,0,0
10010101,11010101,human_metabolite_observed,0->1,0,0,1,1,0,1,1,0,1,1,0,0,0,0
10010101,10110101,microbe_metabolite_link,0->1,0,0,1,1,0,1,1,0,1,1,0,0,0,0
10010101,10000101,metabolite_target_link,1->0,0,0,1,1,0,1,0,1,1,0,1,0,0,0
10010101,10011101,host_reproduced_two_datasets,0->1,0,0,1,1,0,1,1,0,1,1,0,0,0,0
10010101,10010001,single_cell_localisation,1->0,0,0,1,1,0,1,0,1,1,0,1,0,0,0
10010101,10010111,major_contradiction_resolved,0->1,0,0,1,1,0,1,1,0,1,1,0,0,0,0
10010101,10010100,robust_to_analytic_choices,1->0,0,0,1,1,0,1,0,1,1,0,1,0,0,0
10010110,00010110,microbial_reproducibility,1->0,0,0,1,1,0,1,0,1,1,0,1,0,0,0
10010110,11010110,human_metabolite_observed,0->1,0,0,1,1,0,1,1,0,1,1,0,0,0,0
10010110,10110110,microbe_metabolite_link,0->1,0,0,1,1,0,1,1,0,1,1,0,0,0,0
10010110,10000110,metabolite_target_link,1->0,0,0,1,1,0,1,0,1,1,0,1,0,0,0
10010110,10011110,host_reproduced_two_datasets,0->1,0,0,1,1,0,1,1,0,1,1,0,0,0,0
10010110,10010010,single_cell_localisation,1->0,0,0,1,1,0,1,0,1,1,0,1,0,0,0
10010110,10010100,major_contradiction_resolved,1->0,0,0,1,1,0,1,0,1,1,0,1,0,0,0
10010110,10010111,robust_to_analytic_choices,0->1,0,0,1,1,0,1,1,0,1,1,0,0,0,0
10010111,00010111,microbial_reproducibility,1->0,0,0,1,1,0,1,1,0,1,1,0,0,0,0
10010111,11010111,human_metabolite_observed,0->1,0,0,1,1,0,1,1,0,1,1,0,0,0,0
10010111,10110111,microbe_metabolite_link,0->1,0,0,1,1,0,1,1,0,1,1,0,0,0,0
10010111,10000111,metabolite_target_link,1->0,0,0,1,1,0,1,1,0,1,1,0,0,0,0
10010111,10011111,host_reproduced_two_datasets,0->1,0,0,1,1,0,1,1,0,1,1,0,0,0,0
10010111,10010011,single_cell_localisation,1->0,0,0,1,1,0,1,1,0,1,1,0,0,0,0
10010111,10010101,major_contradiction_resolved,1->0,0,0,1,1,0,1,1,0,1,1,0,0,0,0
10010111,10010110,robust_to_analytic_choices,1->0,0,0,1,1,0,1,1,0,1,1,0,0,0,0
10011000,00011000,microbial_reproducibility,1->0,0,0,1,1,0,0,0,0,0,0,0,0,0,0
10011000,11011000,human_metabolite_observed,0->1,0,0,1,1,0,0,1,1,0,1,1,0,0,0
10011000,10111000,microbe_metabolite_link,0->1,0,0,1,1,0,0,1,1,0,1,1,0,0,0
10011000,10001000,metabolite_target_link,1->0,0,0,1,1,0,0,0,0,0,0,0,0,0,0
10011000,10010000,host_reproduced_two_datasets,1->0,0,0,1,1,0,0,0,0,0,0,0,0,0,0
10011000,10011100,single_cell_localisation,0->1,0,0,1,1,0,0,1,1,0,1,1,0,0,0
10011000,10011010,major_contradiction_resolved,0->1,0,0,1,1,0,0,1,1,0,1,1,0,0,0
10011000,10011001,robust_to_analytic_choices,0->1,0,0,1,1,0,0,1,1,0,1,1,0,0,0
10011001,00011001,microbial_reproducibility,1->0,0,0,1,1,0,1,0,1,1,0,1,0,0,0
10011001,11011001,human_metabolite_observed,0->1,0,0,1,1,0,1,1,0,1,1,0,0,0,0
10011001,10111001,microbe_metabolite_link,0->1,0,0,1,1,0,1,1,0,1,1,0,0,0,0
10011001,10001001,metabolite_target_link,1->0,0,0,1,1,0,1,0,1,1,0,1,0,0,0
10011001,10010001,host_reproduced_two_datasets,1->0,0,0,1,1,0,1,0,1,1,0,1,0,0,0
10011001,10011101,single_cell_localisation,0->1,0,0,1,1,0,1,1,0,1,1,0,0,0,0
10011001,10011011,major_contradiction_resolved,0->1,0,0,1,1,0,1,1,0,1,1,0,0,0,0
10011001,10011000,robust_to_analytic_choices,1->0,0,0,1,1,0,1,0,1,1,0,1,0,0,0
10011010,00011010,microbial_reproducibility,1->0,0,0,1,1,0,1,0,1,1,0,1,0,0,0
10011010,11011010,human_metabolite_observed,0->1,0,0,1,1,0,1,1,0,1,1,0,0,0,0
10011010,10111010,microbe_metabolite_link,0->1,0,0,1,1,0,1,1,0,1,1,0,0,0,0
10011010,10001010,metabolite_target_link,1->0,0,0,1,1,0,1,0,1,1,0,1,0,0,0
10011010,10010010,host_reproduced_two_datasets,1->0,0,0,1,1,0,1,0,1,1,0,1,0,0,0
10011010,10011110,single_cell_localisation,0->1,0,0,1,1,0,1,1,0,1,1,0,0,0,0
10011010,10011000,major_contradiction_resolved,1->0,0,0,1,1,0,1,0,1,1,0,1,0,0,0
10011010,10011011,robust_to_analytic_choices,0->1,0,0,1,1,0,1,1,0,1,1,0,0,0,0
10011011,00011011,microbial_reproducibility,1->0,0,0,1,1,0,1,1,0,1,1,0,0,0,0
10011011,11011011,human_metabolite_observed,0->1,0,0,1,1,0,1,1,0,1,1,0,0,0,0
10011011,10111011,microbe_metabolite_link,0->1,0,0,1,1,0,1,1,0,1,1,0,0,0,0
10011011,10001011,metabolite_target_link,1->0,0,0,1,1,0,1,1,0,1,1,0,0,0,0
10011011,10010011,host_reproduced_two_datasets,1->0,0,0,1,1,0,1,1,0,1,1,0,0,0,0
10011011,10011111,single_cell_localisation,0->1,0,0,1,1,0,1,1,0,1,1,0,0,0,0
10011011,10011001,major_contradiction_resolved,1->0,0,0,1,1,0,1,1,0,1,1,0,0,0,0
10011011,10011010,robust_to_analytic_choices,1->0,0,0,1,1,0,1,1,0,1,1,0,0,0,0
10011100,00011100,microbial_reproducibility,1->0,0,0,1,1,0,1,0,1,1,0,1,0,0,0
10011100,11011100,human_metabolite_observed,0->1,0,0,1,1,0,1,1,0,1,1,0,0,0,0
10011100,10111100,microbe_metabolite_link,0->1,0,0,1,1,0,1,1,0,1,1,0,0,0,0
10011100,10001100,metabolite_target_link,1->0,0,0,1,1,0,1,0,1,1,0,1,0,0,0
10011100,10010100,host_reproduced_two_datasets,1->0,0,0,1,1,0,1,0,1,1,0,1,0,0,0
10011100,10011000,single_cell_localisation,1->0,0,0,1,1,0,1,0,1,1,0,1,0,0,0
10011100,10011110,major_contradiction_resolved,0->1,0,0,1,1,0,1,1,0,1,1,0,0,0,0
10011100,10011101,robust_to_analytic_choices,0->1,0,0,1,1,0,1,1,0,1,1,0,0,0,0
10011101,00011101,microbial_reproducibility,1->0,0,0,1,1,0,1,1,0,1,1,0,0,0,0
10011101,11011101,human_metabolite_observed,0->1,0,0,1,1,0,1,1,0,1,1,0,0,0,0
10011101,10111101,microbe_metabolite_link,0->1,0,0,1,1,0,1,1,0,1,1,0,0,0,0
10011101,10001101,metabolite_target_link,1->0,0,0,1,1,0,1,1,0,1,1,0,0,0,0
10011101,10010101,host_reproduced_two_datasets,1->0,0,0,1,1,0,1,1,0,1,1,0,0,0,0
10011101,10011001,single_cell_localisation,1->0,0,0,1,1,0,1,1,0,1,1,0,0,0,0
10011101,10011111,major_contradiction_resolved,0->1,0,0,1,1,0,1,1,0,1,1,0,0,0,0
10011101,10011100,robust_to_analytic_choices,1->0,0,0,1,1,0,1,1,0,1,1,0,0,0,0
10011110,00011110,microbial_reproducibility,1->0,0,0,1,1,0,1,1,0,1,1,0,0,0,0
10011110,11011110,human_metabolite_observed,0->1,0,0,1,1,0,1,1,0,1,1,0,0,0,0
10011110,10111110,microbe_metabolite_link,0->1,0,0,1,1,0,1,1,0,1,1,0,0,0,0
10011110,10001110,metabolite_target_link,1->0,0,0,1,1,0,1,1,0,1,1,0,0,0,0
10011110,10010110,host_reproduced_two_datasets,1->0,0,0,1,1,0,1,1,0,1,1,0,0,0,0
10011110,10011010,single_cell_localisation,1->0,0,0,1,1,0,1,1,0,1,1,0,0,0,0
10011110,10011100,major_contradiction_resolved,1->0,0,0,1,1,0,1,1,0,1,1,0,0,0,0
10011110,10011111,robust_to_analytic_choices,0->1,0,0,1,1,0,1,1,0,1,1,0,0,0,0
10011111,00011111,microbial_reproducibility,1->0,0,0,1,1,0,1,1,0,1,1,0,0,0,0
10011111,11011111,human_metabolite_observed,0->1,0,0,1,1,0,1,1,0,1,1,0,0,0,0
10011111,10111111,microbe_metabolite_link,0->1,0,0,1,1,0,1,1,0,1,1,0,0,0,0
10011111,10001111,metabolite_target_link,1->0,0,0,1,1,0,1,1,0,1,1,0,0,0,0
10011111,10010111,host_reproduced_two_datasets,1->0,0,0,1,1,0,1,1,0,1,1,0,0,0,0
10011111,10011011,single_cell_localisation,1->0,0,0,1,1,0,1,1,0,1,1,0,0,0,0
10011111,10011101,major_contradiction_resolved,1->0,0,0,1,1,0,1,1,0,1,1,0,0,0,0
10011111,10011110,robust_to_analytic_choices,1->0,0,0,1,1,0,1,1,0,1,1,0,0,0,0
10100000,00100000,microbial_reproducibility,1->0,0,0,1,1,0,0,0,0,0,0,0,0,0,0
10100000,11100000,human_metabolite_observed,0->1,0,0,1,1,0,0,0,0,0,0,0,0,0,0
10100000,10000000,microbe_metabolite_link,1->0,0,0,1,1,0,0,0,0,0,0,0,0,0,0
10100000,10110000,metabolite_target_link,0->1,0,0,1,1,0,0,0,0,0,0,0,0,0,0
10100000,10101000,host_reproduced_two_datasets,0->1,0,0,1,1,0,0,0,0,0,0,0,0,0,0
10100000,10100100,single_cell_localisation,0->1,0,0,1,1,0,0,0,0,0,0,0,0,0,0
10100000,10100010,major_contradiction_resolved,0->1,0,0,1,1,0,0,0,0,0,0,0,0,0,0
10100000,10100001,robust_to_analytic_choices,0->1,0,0,1,1,0,0,0,0,0,0,0,0,0,0
10100001,00100001,microbial_reproducibility,1->0,0,0,1,1,0,0,0,0,0,0,0,0,0,0
10100001,11100001,human_metabolite_observed,0->1,0,0,1,1,0,0,1,1,0,1,1,0,0,0
10100001,10000001,microbe_metabolite_link,1->0,0,0,1,1,0,0,0,0,0,0,0,0,0,0
10100001,10110001,metabolite_target_link,0->1,0,0,1,1,0,0,1,1,0,1,1,0,0,0
10100001,10101001,host_reproduced_two_datasets,0->1,0,0,1,1,0,0,1,1,0,1,1,0,0,0
10100001,10100101,single_cell_localisation,0->1,0,0,1,1,0,0,1,1,0,1,1,0,0,0
10100001,10100011,major_contradiction_resolved,0->1,0,0,1,1,0,0,1,1,0,1,1,0,0,0
10100001,10100000,robust_to_analytic_choices,1->0,0,0,1,1,0,0,0,0,0,0,0,0,0,0
10100010,00100010,microbial_reproducibility,1->0,0,0,1,1,0,0,0,0,0,0,0,0,0,0
10100010,11100010,human_metabolite_observed,0->1,0,0,1,1,0,0,1,1,0,1,1,0,0,0
10100010,10000010,microbe_metabolite_link,1->0,0,0,1,1,0,0,0,0,0,0,0,0,0,0
10100010,10110010,metabolite_target_link,0->1,0,0,1,1,0,0,1,1,0,1,1,0,0,0
10100010,10101010,host_reproduced_two_datasets,0->1,0,0,1,1,0,0,1,1,0,1,1,0,0,0
10100010,10100110,single_cell_localisation,0->1,0,0,1,1,0,0,1,1,0,1,1,0,0,0
10100010,10100000,major_contradiction_resolved,1->0,0,0,1,1,0,0,0,0,0,0,0,0,0,0
10100010,10100011,robust_to_analytic_choices,0->1,0,0,1,1,0,0,1,1,0,1,1,0,0,0
10100011,00100011,microbial_reproducibility,1->0,0,0,1,1,0,1,0,1,1,0,1,0,0,0
10100011,11100011,human_metabolite_observed,0->1,0,0,1,1,0,1,1,0,1,1,0,0,0,0
10100011,10000011,microbe_metabolite_link,1->0,0,0,1,1,0,1,0,1,1,0,1,0,0,0
10100011,10110011,metabolite_target_link,0->1,0,0,1,1,0,1,1,0,1,1,0,0,0,0
10100011,10101011,host_reproduced_two_datasets,0->1,0,0,1,1,0,1,1,0,1,1,0,0,0,0
10100011,10100111,single_cell_localisation,0->1,0,0,1,1,0,1,1,0,1,1,0,0,0,0
10100011,10100001,major_contradiction_resolved,1->0,0,0,1,1,0,1,0,1,1,0,1,0,0,0
10100011,10100010,robust_to_analytic_choices,1->0,0,0,1,1,0,1,0,1,1,0,1,0,0,0
10100100,00100100,microbial_reproducibility,1->0,0,0,1,1,0,0,0,0,0,0,0,0,0,0
10100100,11100100,human_metabolite_observed,0->1,0,0,1,1,0,0,1,1,0,1,1,0,0,0
10100100,10000100,microbe_metabolite_link,1->0,0,0,1,1,0,0,0,0,0,0,0,0,0,0
10100100,10110100,metabolite_target_link,0->1,0,0,1,1,0,0,1,1,0,1,1,0,0,0
10100100,10101100,host_reproduced_two_datasets,0->1,0,0,1,1,0,0,1,1,0,1,1,0,0,0
10100100,10100000,single_cell_localisation,1->0,0,0,1,1,0,0,0,0,0,0,0,0,0,0
10100100,10100110,major_contradiction_resolved,0->1,0,0,1,1,0,0,1,1,0,1,1,0,0,0
10100100,10100101,robust_to_analytic_choices,0->1,0,0,1,1,0,0,1,1,0,1,1,0,0,0
10100101,00100101,microbial_reproducibility,1->0,0,0,1,1,0,1,0,1,1,0,1,0,0,0
10100101,11100101,human_metabolite_observed,0->1,0,0,1,1,0,1,1,0,1,1,0,0,0,0
10100101,10000101,microbe_metabolite_link,1->0,0,0,1,1,0,1,0,1,1,0,1,0,0,0
10100101,10110101,metabolite_target_link,0->1,0,0,1,1,0,1,1,0,1,1,0,0,0,0
10100101,10101101,host_reproduced_two_datasets,0->1,0,0,1,1,0,1,1,0,1,1,0,0,0,0
10100101,10100001,single_cell_localisation,1->0,0,0,1,1,0,1,0,1,1,0,1,0,0,0
10100101,10100111,major_contradiction_resolved,0->1,0,0,1,1,0,1,1,0,1,1,0,0,0,0
10100101,10100100,robust_to_analytic_choices,1->0,0,0,1,1,0,1,0,1,1,0,1,0,0,0
10100110,00100110,microbial_reproducibility,1->0,0,0,1,1,0,1,0,1,1,0,1,0,0,0
10100110,11100110,human_metabolite_observed,0->1,0,0,1,1,0,1,1,0,1,1,0,0,0,0
10100110,10000110,microbe_metabolite_link,1->0,0,0,1,1,0,1,0,1,1,0,1,0,0,0
10100110,10110110,metabolite_target_link,0->1,0,0,1,1,0,1,1,0,1,1,0,0,0,0
10100110,10101110,host_reproduced_two_datasets,0->1,0,0,1,1,0,1,1,0,1,1,0,0,0,0
10100110,10100010,single_cell_localisation,1->0,0,0,1,1,0,1,0,1,1,0,1,0,0,0
10100110,10100100,major_contradiction_resolved,1->0,0,0,1,1,0,1,0,1,1,0,1,0,0,0
10100110,10100111,robust_to_analytic_choices,0->1,0,0,1,1,0,1,1,0,1,1,0,0,0,0
10100111,00100111,microbial_reproducibility,1->0,0,0,1,1,0,1,1,0,1,1,0,0,0,0
10100111,11100111,human_metabolite_observed,0->1,0,0,1,1,0,1,1,0,1,1,0,0,0,0
10100111,10000111,microbe_metabolite_link,1->0,0,0,1,1,0,1,1,0,1,1,0,0,0,0
10100111,10110111,metabolite_target_link,0->1,0,0,1,1,0,1,1,0,1,1,0,0,0,0
10100111,10101111,host_reproduced_two_datasets,0->1,0,0,1,1,0,1,1,0,1,1,0,0,0,0
10100111,10100011,single_cell_localisation,1->0,0,0,1,1,0,1,1,0,1,1,0,0,0,0
10100111,10100101,major_contradiction_resolved,1->0,0,0,1,1,0,1,1,0,1,1,0,0,0,0
10100111,10100110,robust_to_analytic_choices,1->0,0,0,1,1,0,1,1,0,1,1,0,0,0,0
10101000,00101000,microbial_reproducibility,1->0,0,0,1,1,0,0,0,0,0,0,0,0,0,0
10101000,11101000,human_metabolite_observed,0->1,0,0,1,1,0,0,1,1,0,1,1,0,0,0
10101000,10001000,microbe_metabolite_link,1->0,0,0,1,1,0,0,0,0,0,0,0,0,0,0
10101000,10111000,metabolite_target_link,0->1,0,0,1,1,0,0,1,1,0,1,1,0,0,0
10101000,10100000,host_reproduced_two_datasets,1->0,0,0,1,1,0,0,0,0,0,0,0,0,0,0
10101000,10101100,single_cell_localisation,0->1,0,0,1,1,0,0,1,1,0,1,1,0,0,0
10101000,10101010,major_contradiction_resolved,0->1,0,0,1,1,0,0,1,1,0,1,1,0,0,0
10101000,10101001,robust_to_analytic_choices,0->1,0,0,1,1,0,0,1,1,0,1,1,0,0,0
10101001,00101001,microbial_reproducibility,1->0,0,0,1,1,0,1,0,1,1,0,1,0,0,0
10101001,11101001,human_metabolite_observed,0->1,0,0,1,1,0,1,1,0,1,1,0,0,0,0
10101001,10001001,microbe_metabolite_link,1->0,0,0,1,1,0,1,0,1,1,0,1,0,0,0
10101001,10111001,metabolite_target_link,0->1,0,0,1,1,0,1,1,0,1,1,0,0,0,0
10101001,10100001,host_reproduced_two_datasets,1->0,0,0,1,1,0,1,0,1,1,0,1,0,0,0
10101001,10101101,single_cell_localisation,0->1,0,0,1,1,0,1,1,0,1,1,0,0,0,0
10101001,10101011,major_contradiction_resolved,0->1,0,0,1,1,0,1,1,0,1,1,0,0,0,0
10101001,10101000,robust_to_analytic_choices,1->0,0,0,1,1,0,1,0,1,1,0,1,0,0,0
10101010,00101010,microbial_reproducibility,1->0,0,0,1,1,0,1,0,1,1,0,1,0,0,0
10101010,11101010,human_metabolite_observed,0->1,0,0,1,1,0,1,1,0,1,1,0,0,0,0
10101010,10001010,microbe_metabolite_link,1->0,0,0,1,1,0,1,0,1,1,0,1,0,0,0
10101010,10111010,metabolite_target_link,0->1,0,0,1,1,0,1,1,0,1,1,0,0,0,0
10101010,10100010,host_reproduced_two_datasets,1->0,0,0,1,1,0,1,0,1,1,0,1,0,0,0
10101010,10101110,single_cell_localisation,0->1,0,0,1,1,0,1,1,0,1,1,0,0,0,0
10101010,10101000,major_contradiction_resolved,1->0,0,0,1,1,0,1,0,1,1,0,1,0,0,0
10101010,10101011,robust_to_analytic_choices,0->1,0,0,1,1,0,1,1,0,1,1,0,0,0,0
10101011,00101011,microbial_reproducibility,1->0,0,0,1,1,0,1,1,0,1,1,0,0,0,0
10101011,11101011,human_metabolite_observed,0->1,0,0,1,1,0,1,1,0,1,1,0,0,0,0
10101011,10001011,microbe_metabolite_link,1->0,0,0,1,1,0,1,1,0,1,1,0,0,0,0
10101011,10111011,metabolite_target_link,0->1,0,0,1,1,0,1,1,0,1,1,0,0,0,0
10101011,10100011,host_reproduced_two_datasets,1->0,0,0,1,1,0,1,1,0,1,1,0,0,0,0
10101011,10101111,single_cell_localisation,0->1,0,0,1,1,0,1,1,0,1,1,0,0,0,0
10101011,10101001,major_contradiction_resolved,1->0,0,0,1,1,0,1,1,0,1,1,0,0,0,0
10101011,10101010,robust_to_analytic_choices,1->0,0,0,1,1,0,1,1,0,1,1,0,0,0,0
10101100,00101100,microbial_reproducibility,1->0,0,0,1,1,0,1,0,1,1,0,1,0,0,0
10101100,11101100,human_metabolite_observed,0->1,0,0,1,1,0,1,1,0,1,1,0,0,0,0
10101100,10001100,microbe_metabolite_link,1->0,0,0,1,1,0,1,0,1,1,0,1,0,0,0
10101100,10111100,metabolite_target_link,0->1,0,0,1,1,0,1,1,0,1,1,0,0,0,0
10101100,10100100,host_reproduced_two_datasets,1->0,0,0,1,1,0,1,0,1,1,0,1,0,0,0
10101100,10101000,single_cell_localisation,1->0,0,0,1,1,0,1,0,1,1,0,1,0,0,0
10101100,10101110,major_contradiction_resolved,0->1,0,0,1,1,0,1,1,0,1,1,0,0,0,0
10101100,10101101,robust_to_analytic_choices,0->1,0,0,1,1,0,1,1,0,1,1,0,0,0,0
10101101,00101101,microbial_reproducibility,1->0,0,0,1,1,0,1,1,0,1,1,0,0,0,0
10101101,11101101,human_metabolite_observed,0->1,0,0,1,1,0,1,1,0,1,1,0,0,0,0
10101101,10001101,microbe_metabolite_link,1->0,0,0,1,1,0,1,1,0,1,1,0,0,0,0
10101101,10111101,metabolite_target_link,0->1,0,0,1,1,0,1,1,0,1,1,0,0,0,0
10101101,10100101,host_reproduced_two_datasets,1->0,0,0,1,1,0,1,1,0,1,1,0,0,0,0
10101101,10101001,single_cell_localisation,1->0,0,0,1,1,0,1,1,0,1,1,0,0,0,0
10101101,10101111,major_contradiction_resolved,0->1,0,0,1,1,0,1,1,0,1,1,0,0,0,0
10101101,10101100,robust_to_analytic_choices,1->0,0,0,1,1,0,1,1,0,1,1,0,0,0,0
10101110,00101110,microbial_reproducibility,1->0,0,0,1,1,0,1,1,0,1,1,0,0,0,0
10101110,11101110,human_metabolite_observed,0->1,0,0,1,1,0,1,1,0,1,1,0,0,0,0
10101110,10001110,microbe_metabolite_link,1->0,0,0,1,1,0,1,1,0,1,1,0,0,0,0
10101110,10111110,metabolite_target_link,0->1,0,0,1,1,0,1,1,0,1,1,0,0,0,0
10101110,10100110,host_reproduced_two_datasets,1->0,0,0,1,1,0,1,1,0,1,1,0,0,0,0
10101110,10101010,single_cell_localisation,1->0,0,0,1,1,0,1,1,0,1,1,0,0,0,0
10101110,10101100,major_contradiction_resolved,1->0,0,0,1,1,0,1,1,0,1,1,0,0,0,0
10101110,10101111,robust_to_analytic_choices,0->1,0,0,1,1,0,1,1,0,1,1,0,0,0,0
10101111,00101111,microbial_reproducibility,1->0,0,0,1,1,0,1,1,0,1,1,0,0,0,0
10101111,11101111,human_metabolite_observed,0->1,0,0,1,1,0,1,1,0,1,1,0,0,0,0
10101111,10001111,microbe_metabolite_link,1->0,0,0,1,1,0,1,1,0,1,1,0,0,0,0
10101111,10111111,metabolite_target_link,0->1,0,0,1,1,0,1,1,0,1,1,0,0,0,0
10101111,10100111,host_reproduced_two_datasets,1->0,0,0,1,1,0,1,1,0,1,1,0,0,0,0
10101111,10101011,single_cell_localisation,1->0,0,0,1,1,0,1,1,0,1,1,0,0,0,0
10101111,10101101,major_contradiction_resolved,1->0,0,0,1,1,0,1,1,0,1,1,0,0,0,0
10101111,10101110,robust_to_analytic_choices,1->0,0,0,1,1,0,1,1,0,1,1,0,0,0,0
10110000,00110000,microbial_reproducibility,1->0,0,0,1,1,0,0,0,0,0,0,0,0,0,0
10110000,11110000,human_metabolite_observed,0->1,0,0,1,1,0,0,1,1,0,1,1,0,0,0
10110000,10010000,microbe_metabolite_link,1->0,0,0,1,1,0,0,0,0,0,0,0,0,0,0
10110000,10100000,metabolite_target_link,1->0,0,0,1,1,0,0,0,0,0,0,0,0,0,0
10110000,10111000,host_reproduced_two_datasets,0->1,0,0,1,1,0,0,1,1,0,1,1,0,0,0
10110000,10110100,single_cell_localisation,0->1,0,0,1,1,0,0,1,1,0,1,1,0,0,0
10110000,10110010,major_contradiction_resolved,0->1,0,0,1,1,0,0,1,1,0,1,1,0,0,0
10110000,10110001,robust_to_analytic_choices,0->1,0,0,1,1,0,0,1,1,0,1,1,0,0,0
10110001,00110001,microbial_reproducibility,1->0,0,0,1,1,0,1,0,1,1,0,1,0,0,0
10110001,11110001,human_metabolite_observed,0->1,0,0,1,1,0,1,1,0,1,1,0,0,0,0
10110001,10010001,microbe_metabolite_link,1->0,0,0,1,1,0,1,0,1,1,0,1,0,0,0
10110001,10100001,metabolite_target_link,1->0,0,0,1,1,0,1,0,1,1,0,1,0,0,0
10110001,10111001,host_reproduced_two_datasets,0->1,0,0,1,1,0,1,1,0,1,1,0,0,0,0
10110001,10110101,single_cell_localisation,0->1,0,0,1,1,0,1,1,0,1,1,0,0,0,0
10110001,10110011,major_contradiction_resolved,0->1,0,0,1,1,0,1,1,0,1,1,0,0,0,0
10110001,10110000,robust_to_analytic_choices,1->0,0,0,1,1,0,1,0,1,1,0,1,0,0,0
10110010,00110010,microbial_reproducibility,1->0,0,0,1,1,0,1,0,1,1,0,1,0,0,0
10110010,11110010,human_metabolite_observed,0->1,0,0,1,1,0,1,1,0,1,1,0,0,0,0
10110010,10010010,microbe_metabolite_link,1->0,0,0,1,1,0,1,0,1,1,0,1,0,0,0
10110010,10100010,metabolite_target_link,1->0,0,0,1,1,0,1,0,1,1,0,1,0,0,0
10110010,10111010,host_reproduced_two_datasets,0->1,0,0,1,1,0,1,1,0,1,1,0,0,0,0
10110010,10110110,single_cell_localisation,0->1,0,0,1,1,0,1,1,0,1,1,0,0,0,0
10110010,10110000,major_contradiction_resolved,1->0,0,0,1,1,0,1,0,1,1,0,1,0,0,0
10110010,10110011,robust_to_analytic_choices,0->1,0,0,1,1,0,1,1,0,1,1,0,0,0,0
10110011,00110011,microbial_reproducibility,1->0,0,0,1,1,0,1,1,0,1,1,0,0,0,0
10110011,11110011,human_metabolite_observed,0->1,0,0,1,1,0,1,1,0,1,1,0,0,0,0
10110011,10010011,microbe_metabolite_link,1->0,0,0,1,1,0,1,1,0,1,1,0,0,0,0
10110011,10100011,metabolite_target_link,1->0,0,0,1,1,0,1,1,0,1,1,0,0,0,0
10110011,10111011,host_reproduced_two_datasets,0->1,0,0,1,1,0,1,1,0,1,1,0,0,0,0
10110011,10110111,single_cell_localisation,0->1,0,0,1,1,0,1,1,0,1,1,0,0,0,0
10110011,10110001,major_contradiction_resolved,1->0,0,0,1,1,0,1,1,0,1,1,0,0,0,0
10110011,10110010,robust_to_analytic_choices,1->0,0,0,1,1,0,1,1,0,1,1,0,0,0,0
10110100,00110100,microbial_reproducibility,1->0,0,0,1,1,0,1,0,1,1,0,1,0,0,0
10110100,11110100,human_metabolite_observed,0->1,0,0,1,1,0,1,1,0,1,1,0,0,0,0
10110100,10010100,microbe_metabolite_link,1->0,0,0,1,1,0,1,0,1,1,0,1,0,0,0
10110100,10100100,metabolite_target_link,1->0,0,0,1,1,0,1,0,1,1,0,1,0,0,0
10110100,10111100,host_reproduced_two_datasets,0->1,0,0,1,1,0,1,1,0,1,1,0,0,0,0
10110100,10110000,single_cell_localisation,1->0,0,0,1,1,0,1,0,1,1,0,1,0,0,0
10110100,10110110,major_contradiction_resolved,0->1,0,0,1,1,0,1,1,0,1,1,0,0,0,0
10110100,10110101,robust_to_analytic_choices,0->1,0,0,1,1,0,1,1,0,1,1,0,0,0,0
10110101,00110101,microbial_reproducibility,1->0,0,0,1,1,0,1,1,0,1,1,0,0,0,0
10110101,11110101,human_metabolite_observed,0->1,0,0,1,1,0,1,1,0,1,1,0,0,0,0
10110101,10010101,microbe_metabolite_link,1->0,0,0,1,1,0,1,1,0,1,1,0,0,0,0
10110101,10100101,metabolite_target_link,1->0,0,0,1,1,0,1,1,0,1,1,0,0,0,0
10110101,10111101,host_reproduced_two_datasets,0->1,0,0,1,1,0,1,1,0,1,1,0,0,0,0
10110101,10110001,single_cell_localisation,1->0,0,0,1,1,0,1,1,0,1,1,0,0,0,0
10110101,10110111,major_contradiction_resolved,0->1,0,0,1,1,0,1,1,0,1,1,0,0,0,0
10110101,10110100,robust_to_analytic_choices,1->0,0,0,1,1,0,1,1,0,1,1,0,0,0,0
10110110,00110110,microbial_reproducibility,1->0,0,0,1,1,0,1,1,0,1,1,0,0,0,0
10110110,11110110,human_metabolite_observed,0->1,0,0,1,1,0,1,1,0,1,1,0,0,0,0
10110110,10010110,microbe_metabolite_link,1->0,0,0,1,1,0,1,1,0,1,1,0,0,0,0
10110110,10100110,metabolite_target_link,1->0,0,0,1,1,0,1,1,0,1,1,0,0,0,0
10110110,10111110,host_reproduced_two_datasets,0->1,0,0,1,1,0,1,1,0,1,1,0,0,0,0
10110110,10110010,single_cell_localisation,1->0,0,0,1,1,0,1,1,0,1,1,0,0,0,0
10110110,10110100,major_contradiction_resolved,1->0,0,0,1,1,0,1,1,0,1,1,0,0,0,0
10110110,10110111,robust_to_analytic_choices,0->1,0,0,1,1,0,1,1,0,1,1,0,0,0,0
10110111,00110111,microbial_reproducibility,1->0,0,0,1,1,0,1,1,0,1,1,0,0,0,0
10110111,11110111,human_metabolite_observed,0->1,0,0,1,1,0,1,1,0,1,1,0,0,0,0
10110111,10010111,microbe_metabolite_link,1->0,0,0,1,1,0,1,1,0,1,1,0,0,0,0
10110111,10100111,metabolite_target_link,1->0,0,0,1,1,0,1,1,0,1,1,0,0,0,0
10110111,10111111,host_reproduced_two_datasets,0->1,0,0,1,1,0,1,1,0,1,1,0,0,0,0
10110111,10110011,single_cell_localisation,1->0,0,0,1,1,0,1,1,0,1,1,0,0,0,0
10110111,10110101,major_contradiction_resolved,1->0,0,0,1,1,0,1,1,0,1,1,0,0,0,0
10110111,10110110,robust_to_analytic_choices,1->0,0,0,1,1,0,1,1,0,1,1,0,0,0,0
10111000,00111000,microbial_reproducibility,1->0,0,0,1,1,0,1,0,1,1,0,1,0,0,0
10111000,11111000,human_metabolite_observed,0->1,0,0,1,1,0,1,1,0,1,1,0,0,0,0
10111000,10011000,microbe_metabolite_link,1->0,0,0,1,1,0,1,0,1,1,0,1,0,0,0
10111000,10101000,metabolite_target_link,1->0,0,0,1,1,0,1,0,1,1,0,1,0,0,0
10111000,10110000,host_reproduced_two_datasets,1->0,0,0,1,1,0,1,0,1,1,0,1,0,0,0
10111000,10111100,single_cell_localisation,0->1,0,0,1,1,0,1,1,0,1,1,0,0,0,0
10111000,10111010,major_contradiction_resolved,0->1,0,0,1,1,0,1,1,0,1,1,0,0,0,0
10111000,10111001,robust_to_analytic_choices,0->1,0,0,1,1,0,1,1,0,1,1,0,0,0,0
10111001,00111001,microbial_reproducibility,1->0,0,0,1,1,0,1,1,0,1,1,0,0,0,0
10111001,11111001,human_metabolite_observed,0->1,0,0,1,1,0,1,1,0,1,1,0,0,0,0
10111001,10011001,microbe_metabolite_link,1->0,0,0,1,1,0,1,1,0,1,1,0,0,0,0
10111001,10101001,metabolite_target_link,1->0,0,0,1,1,0,1,1,0,1,1,0,0,0,0
10111001,10110001,host_reproduced_two_datasets,1->0,0,0,1,1,0,1,1,0,1,1,0,0,0,0
10111001,10111101,single_cell_localisation,0->1,0,0,1,1,0,1,1,0,1,1,0,0,0,0
10111001,10111011,major_contradiction_resolved,0->1,0,0,1,1,0,1,1,0,1,1,0,0,0,0
10111001,10111000,robust_to_analytic_choices,1->0,0,0,1,1,0,1,1,0,1,1,0,0,0,0
10111010,00111010,microbial_reproducibility,1->0,0,0,1,1,0,1,1,0,1,1,0,0,0,0
10111010,11111010,human_metabolite_observed,0->1,0,0,1,1,0,1,1,0,1,1,0,0,0,0
10111010,10011010,microbe_metabolite_link,1->0,0,0,1,1,0,1,1,0,1,1,0,0,0,0
10111010,10101010,metabolite_target_link,1->0,0,0,1,1,0,1,1,0,1,1,0,0,0,0
10111010,10110010,host_reproduced_two_datasets,1->0,0,0,1,1,0,1,1,0,1,1,0,0,0,0
10111010,10111110,single_cell_localisation,0->1,0,0,1,1,0,1,1,0,1,1,0,0,0,0
10111010,10111000,major_contradiction_resolved,1->0,0,0,1,1,0,1,1,0,1,1,0,0,0,0
10111010,10111011,robust_to_analytic_choices,0->1,0,0,1,1,0,1,1,0,1,1,0,0,0,0
10111011,00111011,microbial_reproducibility,1->0,0,0,1,1,0,1,1,0,1,1,0,0,0,0
10111011,11111011,human_metabolite_observed,0->1,0,0,1,1,0,1,1,0,1,1,0,0,0,0
10111011,10011011,microbe_metabolite_link,1->0,0,0,1,1,0,1,1,0,1,1,0,0,0,0
10111011,10101011,metabolite_target_link,1->0,0,0,1,1,0,1,1,0,1,1,0,0,0,0
10111011,10110011,host_reproduced_two_datasets,1->0,0,0,1,1,0,1,1,0,1,1,0,0,0,0
10111011,10111111,single_cell_localisation,0->1,0,0,1,1,0,1,1,0,1,1,0,0,0,0
10111011,10111001,major_contradiction_resolved,1->0,0,0,1,1,0,1,1,0,1,1,0,0,0,0
10111011,10111010,robust_to_analytic_choices,1->0,0,0,1,1,0,1,1,0,1,1,0,0,0,0
10111100,00111100,microbial_reproducibility,1->0,0,0,1,1,0,1,1,0,1,1,0,0,0,0
10111100,11111100,human_metabolite_observed,0->1,0,0,1,1,0,1,1,0,1,1,0,0,0,0
10111100,10011100,microbe_metabolite_link,1->0,0,0,1,1,0,1,1,0,1,1,0,0,0,0
10111100,10101100,metabolite_target_link,1->0,0,0,1,1,0,1,1,0,1,1,0,0,0,0
10111100,10110100,host_reproduced_two_datasets,1->0,0,0,1,1,0,1,1,0,1,1,0,0,0,0
10111100,10111000,single_cell_localisation,1->0,0,0,1,1,0,1,1,0,1,1,0,0,0,0
10111100,10111110,major_contradiction_resolved,0->1,0,0,1,1,0,1,1,0,1,1,0,0,0,0
10111100,10111101,robust_to_analytic_choices,0->1,0,0,1,1,0,1,1,0,1,1,0,0,0,0
10111101,00111101,microbial_reproducibility,1->0,0,0,1,1,0,1,1,0,1,1,0,0,0,0
10111101,11111101,human_metabolite_observed,0->1,0,0,1,1,0,1,1,0,1,1,0,0,0,0
10111101,10011101,microbe_metabolite_link,1->0,0,0,1,1,0,1,1,0,1,1,0,0,0,0
10111101,10101101,metabolite_target_link,1->0,0,0,1,1,0,1,1,0,1,1,0,0,0,0
10111101,10110101,host_reproduced_two_datasets,1->0,0,0,1,1,0,1,1,0,1,1,0,0,0,0
10111101,10111001,single_cell_localisation,1->0,0,0,1,1,0,1,1,0,1,1,0,0,0,0
10111101,10111111,major_contradiction_resolved,0->1,0,0,1,1,0,1,1,0,1,1,0,0,0,0
10111101,10111100,robust_to_analytic_choices,1->0,0,0,1,1,0,1,1,0,1,1,0,0,0,0
10111110,00111110,microbial_reproducibility,1->0,0,0,1,1,0,1,1,0,1,1,0,0,0,0
10111110,11111110,human_metabolite_observed,0->1,0,0,1,1,0,1,1,0,1,1,0,0,0,0
10111110,10011110,microbe_metabolite_link,1->0,0,0,1,1,0,1,1,0,1,1,0,0,0,0
10111110,10101110,metabolite_target_link,1->0,0,0,1,1,0,1,1,0,1,1,0,0,0,0
10111110,10110110,host_reproduced_two_datasets,1->0,0,0,1,1,0,1,1,0,1,1,0,0,0,0
10111110,10111010,single_cell_localisation,1->0,0,0,1,1,0,1,1,0,1,1,0,0,0,0
10111110,10111100,major_contradiction_resolved,1->0,0,0,1,1,0,1,1,0,1,1,0,0,0,0
10111110,10111111,robust_to_analytic_choices,0->1,0,0,1,1,0,1,1,0,1,1,0,0,0,0
10111111,00111111,microbial_reproducibility,1->0,0,0,1,1,0,1,1,0,1,1,0,0,0,0
10111111,11111111,human_metabolite_observed,0->1,0,1,1,1,0,1,1,0,1,1,0,0,1,1
10111111,10011111,microbe_metabolite_link,1->0,0,0,1,1,0,1,1,0,1,1,0,0,0,0
10111111,10101111,metabolite_target_link,1->0,0,0,1,1,0,1,1,0,1,1,0,0,0,0
10111111,10110111,host_reproduced_two_datasets,1->0,0,0,1,1,0,1,1,0,1,1,0,0,0,0
10111111,10111011,single_cell_localisation,1->0,0,0,1,1,0,1,1,0,1,1,0,0,0,0
10111111,10111101,major_contradiction_resolved,1->0,0,0,1,1,0,1,1,0,1,1,0,0,0,0
10111111,10111110,robust_to_analytic_choices,1->0,0,0,1,1,0,1,1,0,1,1,0,0,0,0
11000000,01000000,microbial_reproducibility,1->0,0,0,1,1,0,0,0,0,0,0,0,0,0,0
11000000,10000000,human_metabolite_observed,1->0,0,0,1,1,0,0,0,0,0,0,0,0,0,0
11000000,11100000,microbe_metabolite_link,0->1,0,0,1,1,0,0,0,0,0,0,0,0,0,0
11000000,11010000,metabolite_target_link,0->1,0,0,1,1,0,0,0,0,0,0,0,0,0,0
11000000,11001000,host_reproduced_two_datasets,0->1,0,0,1,1,0,0,0,0,0,0,0,0,0,0
11000000,11000100,single_cell_localisation,0->1,0,0,1,1,0,0,0,0,0,0,0,0,0,0
11000000,11000010,major_contradiction_resolved,0->1,0,0,1,1,0,0,0,0,0,0,0,0,0,0
11000000,11000001,robust_to_analytic_choices,0->1,0,0,1,1,0,0,0,0,0,0,0,0,0,0
11000001,01000001,microbial_reproducibility,1->0,0,0,1,1,0,0,0,0,0,0,0,0,0,0
11000001,10000001,human_metabolite_observed,1->0,0,0,1,1,0,0,0,0,0,0,0,0,0,0
11000001,11100001,microbe_metabolite_link,0->1,0,0,1,1,0,0,1,1,0,1,1,0,0,0
11000001,11010001,metabolite_target_link,0->1,0,0,1,1,0,0,1,1,0,1,1,0,0,0
11000001,11001001,host_reproduced_two_datasets,0->1,0,0,1,1,0,0,1,1,0,1,1,0,0,0
11000001,11000101,single_cell_localisation,0->1,0,0,1,1,0,0,1,1,0,1,1,0,0,0
11000001,11000011,major_contradiction_resolved,0->1,0,0,1,1,0,0,1,1,0,1,1,0,0,0
11000001,11000000,robust_to_analytic_choices,1->0,0,0,1,1,0,0,0,0,0,0,0,0,0,0
11000010,01000010,microbial_reproducibility,1->0,0,0,1,1,0,0,0,0,0,0,0,0,0,0
11000010,10000010,human_metabolite_observed,1->0,0,0,1,1,0,0,0,0,0,0,0,0,0,0
11000010,11100010,microbe_metabolite_link,0->1,0,0,1,1,0,0,1,1,0,1,1,0,0,0
11000010,11010010,metabolite_target_link,0->1,0,0,1,1,0,0,1,1,0,1,1,0,0,0
11000010,11001010,host_reproduced_two_datasets,0->1,0,0,1,1,0,0,1,1,0,1,1,0,0,0
11000010,11000110,single_cell_localisation,0->1,0,0,1,1,0,0,1,1,0,1,1,0,0,0
11000010,11000000,major_contradiction_resolved,1->0,0,0,1,1,0,0,0,0,0,0,0,0,0,0
11000010,11000011,robust_to_analytic_choices,0->1,0,0,1,1,0,0,1,1,0,1,1,0,0,0
11000011,01000011,microbial_reproducibility,1->0,0,0,1,1,0,1,0,1,1,0,1,0,0,0
11000011,10000011,human_metabolite_observed,1->0,0,0,1,1,0,1,0,1,1,0,1,0,0,0
11000011,11100011,microbe_metabolite_link,0->1,0,0,1,1,0,1,1,0,1,1,0,0,0,0
11000011,11010011,metabolite_target_link,0->1,0,0,1,1,0,1,1,0,1,1,0,0,0,0
11000011,11001011,host_reproduced_two_datasets,0->1,0,0,1,1,0,1,1,0,1,1,0,0,0,0
11000011,11000111,single_cell_localisation,0->1,0,0,1,1,0,1,1,0,1,1,0,0,0,0
11000011,11000001,major_contradiction_resolved,1->0,0,0,1,1,0,1,0,1,1,0,1,0,0,0
11000011,11000010,robust_to_analytic_choices,1->0,0,0,1,1,0,1,0,1,1,0,1,0,0,0
11000100,01000100,microbial_reproducibility,1->0,0,0,1,1,0,0,0,0,0,0,0,0,0,0
11000100,10000100,human_metabolite_observed,1->0,0,0,1,1,0,0,0,0,0,0,0,0,0,0
11000100,11100100,microbe_metabolite_link,0->1,0,0,1,1,0,0,1,1,0,1,1,0,0,0
11000100,11010100,metabolite_target_link,0->1,0,0,1,1,0,0,1,1,0,1,1,0,0,0
11000100,11001100,host_reproduced_two_datasets,0->1,0,0,1,1,0,0,1,1,0,1,1,0,0,0
11000100,11000000,single_cell_localisation,1->0,0,0,1,1,0,0,0,0,0,0,0,0,0,0
11000100,11000110,major_contradiction_resolved,0->1,0,0,1,1,0,0,1,1,0,1,1,0,0,0
11000100,11000101,robust_to_analytic_choices,0->1,0,0,1,1,0,0,1,1,0,1,1,0,0,0
11000101,01000101,microbial_reproducibility,1->0,0,0,1,1,0,1,0,1,1,0,1,0,0,0
11000101,10000101,human_metabolite_observed,1->0,0,0,1,1,0,1,0,1,1,0,1,0,0,0
11000101,11100101,microbe_metabolite_link,0->1,0,0,1,1,0,1,1,0,1,1,0,0,0,0
11000101,11010101,metabolite_target_link,0->1,0,0,1,1,0,1,1,0,1,1,0,0,0,0
11000101,11001101,host_reproduced_two_datasets,0->1,0,0,1,1,0,1,1,0,1,1,0,0,0,0
11000101,11000001,single_cell_localisation,1->0,0,0,1,1,0,1,0,1,1,0,1,0,0,0
11000101,11000111,major_contradiction_resolved,0->1,0,0,1,1,0,1,1,0,1,1,0,0,0,0
11000101,11000100,robust_to_analytic_choices,1->0,0,0,1,1,0,1,0,1,1,0,1,0,0,0
11000110,01000110,microbial_reproducibility,1->0,0,0,1,1,0,1,0,1,1,0,1,0,0,0
11000110,10000110,human_metabolite_observed,1->0,0,0,1,1,0,1,0,1,1,0,1,0,0,0
11000110,11100110,microbe_metabolite_link,0->1,0,0,1,1,0,1,1,0,1,1,0,0,0,0
11000110,11010110,metabolite_target_link,0->1,0,0,1,1,0,1,1,0,1,1,0,0,0,0
11000110,11001110,host_reproduced_two_datasets,0->1,0,0,1,1,0,1,1,0,1,1,0,0,0,0
11000110,11000010,single_cell_localisation,1->0,0,0,1,1,0,1,0,1,1,0,1,0,0,0
11000110,11000100,major_contradiction_resolved,1->0,0,0,1,1,0,1,0,1,1,0,1,0,0,0
11000110,11000111,robust_to_analytic_choices,0->1,0,0,1,1,0,1,1,0,1,1,0,0,0,0
11000111,01000111,microbial_reproducibility,1->0,0,0,1,1,0,1,1,0,1,1,0,0,0,0
11000111,10000111,human_metabolite_observed,1->0,0,0,1,1,0,1,1,0,1,1,0,0,0,0
11000111,11100111,microbe_metabolite_link,0->1,0,0,1,1,0,1,1,0,1,1,0,0,0,0
11000111,11010111,metabolite_target_link,0->1,0,0,1,1,0,1,1,0,1,1,0,0,0,0
11000111,11001111,host_reproduced_two_datasets,0->1,0,0,1,1,0,1,1,0,1,1,0,0,0,0
11000111,11000011,single_cell_localisation,1->0,0,0,1,1,0,1,1,0,1,1,0,0,0,0
11000111,11000101,major_contradiction_resolved,1->0,0,0,1,1,0,1,1,0,1,1,0,0,0,0
11000111,11000110,robust_to_analytic_choices,1->0,0,0,1,1,0,1,1,0,1,1,0,0,0,0
11001000,01001000,microbial_reproducibility,1->0,0,0,1,1,0,0,0,0,0,0,0,0,0,0
11001000,10001000,human_metabolite_observed,1->0,0,0,1,1,0,0,0,0,0,0,0,0,0,0
11001000,11101000,microbe_metabolite_link,0->1,0,0,1,1,0,0,1,1,0,1,1,0,0,0
11001000,11011000,metabolite_target_link,0->1,0,0,1,1,0,0,1,1,0,1,1,0,0,0
11001000,11000000,host_reproduced_two_datasets,1->0,0,0,1,1,0,0,0,0,0,0,0,0,0,0
11001000,11001100,single_cell_localisation,0->1,0,0,1,1,0,0,1,1,0,1,1,0,0,0
11001000,11001010,major_contradiction_resolved,0->1,0,0,1,1,0,0,1,1,0,1,1,0,0,0
11001000,11001001,robust_to_analytic_choices,0->1,0,0,1,1,0,0,1,1,0,1,1,0,0,0
11001001,01001001,microbial_reproducibility,1->0,0,0,1,1,0,1,0,1,1,0,1,0,0,0
11001001,10001001,human_metabolite_observed,1->0,0,0,1,1,0,1,0,1,1,0,1,0,0,0
11001001,11101001,microbe_metabolite_link,0->1,0,0,1,1,0,1,1,0,1,1,0,0,0,0
11001001,11011001,metabolite_target_link,0->1,0,0,1,1,0,1,1,0,1,1,0,0,0,0
11001001,11000001,host_reproduced_two_datasets,1->0,0,0,1,1,0,1,0,1,1,0,1,0,0,0
11001001,11001101,single_cell_localisation,0->1,0,0,1,1,0,1,1,0,1,1,0,0,0,0
11001001,11001011,major_contradiction_resolved,0->1,0,0,1,1,0,1,1,0,1,1,0,0,0,0
11001001,11001000,robust_to_analytic_choices,1->0,0,0,1,1,0,1,0,1,1,0,1,0,0,0
11001010,01001010,microbial_reproducibility,1->0,0,0,1,1,0,1,0,1,1,0,1,0,0,0
11001010,10001010,human_metabolite_observed,1->0,0,0,1,1,0,1,0,1,1,0,1,0,0,0
11001010,11101010,microbe_metabolite_link,0->1,0,0,1,1,0,1,1,0,1,1,0,0,0,0
11001010,11011010,metabolite_target_link,0->1,0,0,1,1,0,1,1,0,1,1,0,0,0,0
11001010,11000010,host_reproduced_two_datasets,1->0,0,0,1,1,0,1,0,1,1,0,1,0,0,0
11001010,11001110,single_cell_localisation,0->1,0,0,1,1,0,1,1,0,1,1,0,0,0,0
11001010,11001000,major_contradiction_resolved,1->0,0,0,1,1,0,1,0,1,1,0,1,0,0,0
11001010,11001011,robust_to_analytic_choices,0->1,0,0,1,1,0,1,1,0,1,1,0,0,0,0
11001011,01001011,microbial_reproducibility,1->0,0,0,1,1,0,1,1,0,1,1,0,0,0,0
11001011,10001011,human_metabolite_observed,1->0,0,0,1,1,0,1,1,0,1,1,0,0,0,0
11001011,11101011,microbe_metabolite_link,0->1,0,0,1,1,0,1,1,0,1,1,0,0,0,0
11001011,11011011,metabolite_target_link,0->1,0,0,1,1,0,1,1,0,1,1,0,0,0,0
11001011,11000011,host_reproduced_two_datasets,1->0,0,0,1,1,0,1,1,0,1,1,0,0,0,0
11001011,11001111,single_cell_localisation,0->1,0,0,1,1,0,1,1,0,1,1,0,0,0,0
11001011,11001001,major_contradiction_resolved,1->0,0,0,1,1,0,1,1,0,1,1,0,0,0,0
11001011,11001010,robust_to_analytic_choices,1->0,0,0,1,1,0,1,1,0,1,1,0,0,0,0
11001100,01001100,microbial_reproducibility,1->0,0,0,1,1,0,1,0,1,1,0,1,0,0,0
11001100,10001100,human_metabolite_observed,1->0,0,0,1,1,0,1,0,1,1,0,1,0,0,0
11001100,11101100,microbe_metabolite_link,0->1,0,0,1,1,0,1,1,0,1,1,0,0,0,0
11001100,11011100,metabolite_target_link,0->1,0,0,1,1,0,1,1,0,1,1,0,0,0,0
11001100,11000100,host_reproduced_two_datasets,1->0,0,0,1,1,0,1,0,1,1,0,1,0,0,0
11001100,11001000,single_cell_localisation,1->0,0,0,1,1,0,1,0,1,1,0,1,0,0,0
11001100,11001110,major_contradiction_resolved,0->1,0,0,1,1,0,1,1,0,1,1,0,0,0,0
11001100,11001101,robust_to_analytic_choices,0->1,0,0,1,1,0,1,1,0,1,1,0,0,0,0
11001101,01001101,microbial_reproducibility,1->0,0,0,1,1,0,1,1,0,1,1,0,0,0,0
11001101,10001101,human_metabolite_observed,1->0,0,0,1,1,0,1,1,0,1,1,0,0,0,0
11001101,11101101,microbe_metabolite_link,0->1,0,0,1,1,0,1,1,0,1,1,0,0,0,0
11001101,11011101,metabolite_target_link,0->1,0,0,1,1,0,1,1,0,1,1,0,0,0,0
11001101,11000101,host_reproduced_two_datasets,1->0,0,0,1,1,0,1,1,0,1,1,0,0,0,0
11001101,11001001,single_cell_localisation,1->0,0,0,1,1,0,1,1,0,1,1,0,0,0,0
11001101,11001111,major_contradiction_resolved,0->1,0,0,1,1,0,1,1,0,1,1,0,0,0,0
11001101,11001100,robust_to_analytic_choices,1->0,0,0,1,1,0,1,1,0,1,1,0,0,0,0
11001110,01001110,microbial_reproducibility,1->0,0,0,1,1,0,1,1,0,1,1,0,0,0,0
11001110,10001110,human_metabolite_observed,1->0,0,0,1,1,0,1,1,0,1,1,0,0,0,0
11001110,11101110,microbe_metabolite_link,0->1,0,0,1,1,0,1,1,0,1,1,0,0,0,0
11001110,11011110,metabolite_target_link,0->1,0,0,1,1,0,1,1,0,1,1,0,0,0,0
11001110,11000110,host_reproduced_two_datasets,1->0,0,0,1,1,0,1,1,0,1,1,0,0,0,0
11001110,11001010,single_cell_localisation,1->0,0,0,1,1,0,1,1,0,1,1,0,0,0,0
11001110,11001100,major_contradiction_resolved,1->0,0,0,1,1,0,1,1,0,1,1,0,0,0,0
11001110,11001111,robust_to_analytic_choices,0->1,0,0,1,1,0,1,1,0,1,1,0,0,0,0
11001111,01001111,microbial_reproducibility,1->0,0,0,1,1,0,1,1,0,1,1,0,0,0,0
11001111,10001111,human_metabolite_observed,1->0,0,0,1,1,0,1,1,0,1,1,0,0,0,0
11001111,11101111,microbe_metabolite_link,0->1,0,0,1,1,0,1,1,0,1,1,0,0,0,0
11001111,11011111,metabolite_target_link,0->1,0,0,1,1,0,1,1,0,1,1,0,0,0,0
11001111,11000111,host_reproduced_two_datasets,1->0,0,0,1,1,0,1,1,0,1,1,0,0,0,0
11001111,11001011,single_cell_localisation,1->0,0,0,1,1,0,1,1,0,1,1,0,0,0,0
11001111,11001101,major_contradiction_resolved,1->0,0,0,1,1,0,1,1,0,1,1,0,0,0,0
11001111,11001110,robust_to_analytic_choices,1->0,0,0,1,1,0,1,1,0,1,1,0,0,0,0
11010000,01010000,microbial_reproducibility,1->0,0,0,1,1,0,0,0,0,0,0,0,0,0,0
11010000,10010000,human_metabolite_observed,1->0,0,0,1,1,0,0,0,0,0,0,0,0,0,0
11010000,11110000,microbe_metabolite_link,0->1,0,0,1,1,0,0,1,1,0,1,1,0,0,0
11010000,11000000,metabolite_target_link,1->0,0,0,1,1,0,0,0,0,0,0,0,0,0,0
11010000,11011000,host_reproduced_two_datasets,0->1,0,0,1,1,0,0,1,1,0,1,1,0,0,0
11010000,11010100,single_cell_localisation,0->1,0,0,1,1,0,0,1,1,0,1,1,0,0,0
11010000,11010010,major_contradiction_resolved,0->1,0,0,1,1,0,0,1,1,0,1,1,0,0,0
11010000,11010001,robust_to_analytic_choices,0->1,0,0,1,1,0,0,1,1,0,1,1,0,0,0
11010001,01010001,microbial_reproducibility,1->0,0,0,1,1,0,1,0,1,1,0,1,0,0,0
11010001,10010001,human_metabolite_observed,1->0,0,0,1,1,0,1,0,1,1,0,1,0,0,0
11010001,11110001,microbe_metabolite_link,0->1,0,0,1,1,0,1,1,0,1,1,0,0,0,0
11010001,11000001,metabolite_target_link,1->0,0,0,1,1,0,1,0,1,1,0,1,0,0,0
11010001,11011001,host_reproduced_two_datasets,0->1,0,0,1,1,0,1,1,0,1,1,0,0,0,0
11010001,11010101,single_cell_localisation,0->1,0,0,1,1,0,1,1,0,1,1,0,0,0,0
11010001,11010011,major_contradiction_resolved,0->1,0,0,1,1,0,1,1,0,1,1,0,0,0,0
11010001,11010000,robust_to_analytic_choices,1->0,0,0,1,1,0,1,0,1,1,0,1,0,0,0
11010010,01010010,microbial_reproducibility,1->0,0,0,1,1,0,1,0,1,1,0,1,0,0,0
11010010,10010010,human_metabolite_observed,1->0,0,0,1,1,0,1,0,1,1,0,1,0,0,0
11010010,11110010,microbe_metabolite_link,0->1,0,0,1,1,0,1,1,0,1,1,0,0,0,0
11010010,11000010,metabolite_target_link,1->0,0,0,1,1,0,1,0,1,1,0,1,0,0,0
11010010,11011010,host_reproduced_two_datasets,0->1,0,0,1,1,0,1,1,0,1,1,0,0,0,0
11010010,11010110,single_cell_localisation,0->1,0,0,1,1,0,1,1,0,1,1,0,0,0,0
11010010,11010000,major_contradiction_resolved,1->0,0,0,1,1,0,1,0,1,1,0,1,0,0,0
11010010,11010011,robust_to_analytic_choices,0->1,0,0,1,1,0,1,1,0,1,1,0,0,0,0
11010011,01010011,microbial_reproducibility,1->0,0,0,1,1,0,1,1,0,1,1,0,0,0,0
11010011,10010011,human_metabolite_observed,1->0,0,0,1,1,0,1,1,0,1,1,0,0,0,0
11010011,11110011,microbe_metabolite_link,0->1,0,0,1,1,0,1,1,0,1,1,0,0,0,0
11010011,11000011,metabolite_target_link,1->0,0,0,1,1,0,1,1,0,1,1,0,0,0,0
11010011,11011011,host_reproduced_two_datasets,0->1,0,0,1,1,0,1,1,0,1,1,0,0,0,0
11010011,11010111,single_cell_localisation,0->1,0,0,1,1,0,1,1,0,1,1,0,0,0,0
11010011,11010001,major_contradiction_resolved,1->0,0,0,1,1,0,1,1,0,1,1,0,0,0,0
11010011,11010010,robust_to_analytic_choices,1->0,0,0,1,1,0,1,1,0,1,1,0,0,0,0
11010100,01010100,microbial_reproducibility,1->0,0,0,1,1,0,1,0,1,1,0,1,0,0,0
11010100,10010100,human_metabolite_observed,1->0,0,0,1,1,0,1,0,1,1,0,1,0,0,0
11010100,11110100,microbe_metabolite_link,0->1,0,0,1,1,0,1,1,0,1,1,0,0,0,0
11010100,11000100,metabolite_target_link,1->0,0,0,1,1,0,1,0,1,1,0,1,0,0,0
11010100,11011100,host_reproduced_two_datasets,0->1,0,0,1,1,0,1,1,0,1,1,0,0,0,0
11010100,11010000,single_cell_localisation,1->0,0,0,1,1,0,1,0,1,1,0,1,0,0,0
11010100,11010110,major_contradiction_resolved,0->1,0,0,1,1,0,1,1,0,1,1,0,0,0,0
11010100,11010101,robust_to_analytic_choices,0->1,0,0,1,1,0,1,1,0,1,1,0,0,0,0
11010101,01010101,microbial_reproducibility,1->0,0,0,1,1,0,1,1,0,1,1,0,0,0,0
11010101,10010101,human_metabolite_observed,1->0,0,0,1,1,0,1,1,0,1,1,0,0,0,0
11010101,11110101,microbe_metabolite_link,0->1,0,0,1,1,0,1,1,0,1,1,0,0,0,0
11010101,11000101,metabolite_target_link,1->0,0,0,1,1,0,1,1,0,1,1,0,0,0,0
11010101,11011101,host_reproduced_two_datasets,0->1,0,0,1,1,0,1,1,0,1,1,0,0,0,0
11010101,11010001,single_cell_localisation,1->0,0,0,1,1,0,1,1,0,1,1,0,0,0,0
11010101,11010111,major_contradiction_resolved,0->1,0,0,1,1,0,1,1,0,1,1,0,0,0,0
11010101,11010100,robust_to_analytic_choices,1->0,0,0,1,1,0,1,1,0,1,1,0,0,0,0
11010110,01010110,microbial_reproducibility,1->0,0,0,1,1,0,1,1,0,1,1,0,0,0,0
11010110,10010110,human_metabolite_observed,1->0,0,0,1,1,0,1,1,0,1,1,0,0,0,0
11010110,11110110,microbe_metabolite_link,0->1,0,0,1,1,0,1,1,0,1,1,0,0,0,0
11010110,11000110,metabolite_target_link,1->0,0,0,1,1,0,1,1,0,1,1,0,0,0,0
11010110,11011110,host_reproduced_two_datasets,0->1,0,0,1,1,0,1,1,0,1,1,0,0,0,0
11010110,11010010,single_cell_localisation,1->0,0,0,1,1,0,1,1,0,1,1,0,0,0,0
11010110,11010100,major_contradiction_resolved,1->0,0,0,1,1,0,1,1,0,1,1,0,0,0,0
11010110,11010111,robust_to_analytic_choices,0->1,0,0,1,1,0,1,1,0,1,1,0,0,0,0
11010111,01010111,microbial_reproducibility,1->0,0,0,1,1,0,1,1,0,1,1,0,0,0,0
11010111,10010111,human_metabolite_observed,1->0,0,0,1,1,0,1,1,0,1,1,0,0,0,0
11010111,11110111,microbe_metabolite_link,0->1,0,0,1,1,0,1,1,0,1,1,0,0,0,0
11010111,11000111,metabolite_target_link,1->0,0,0,1,1,0,1,1,0,1,1,0,0,0,0
11010111,11011111,host_reproduced_two_datasets,0->1,0,0,1,1,0,1,1,0,1,1,0,0,0,0
11010111,11010011,single_cell_localisation,1->0,0,0,1,1,0,1,1,0,1,1,0,0,0,0
11010111,11010101,major_contradiction_resolved,1->0,0,0,1,1,0,1,1,0,1,1,0,0,0,0
11010111,11010110,robust_to_analytic_choices,1->0,0,0,1,1,0,1,1,0,1,1,0,0,0,0
11011000,01011000,microbial_reproducibility,1->0,0,0,1,1,0,1,0,1,1,0,1,0,0,0
11011000,10011000,human_metabolite_observed,1->0,0,0,1,1,0,1,0,1,1,0,1,0,0,0
11011000,11111000,microbe_metabolite_link,0->1,0,0,1,1,0,1,1,0,1,1,0,0,0,0
11011000,11001000,metabolite_target_link,1->0,0,0,1,1,0,1,0,1,1,0,1,0,0,0
11011000,11010000,host_reproduced_two_datasets,1->0,0,0,1,1,0,1,0,1,1,0,1,0,0,0
11011000,11011100,single_cell_localisation,0->1,0,0,1,1,0,1,1,0,1,1,0,0,0,0
11011000,11011010,major_contradiction_resolved,0->1,0,0,1,1,0,1,1,0,1,1,0,0,0,0
11011000,11011001,robust_to_analytic_choices,0->1,0,0,1,1,0,1,1,0,1,1,0,0,0,0
11011001,01011001,microbial_reproducibility,1->0,0,0,1,1,0,1,1,0,1,1,0,0,0,0
11011001,10011001,human_metabolite_observed,1->0,0,0,1,1,0,1,1,0,1,1,0,0,0,0
11011001,11111001,microbe_metabolite_link,0->1,0,0,1,1,0,1,1,0,1,1,0,0,0,0
11011001,11001001,metabolite_target_link,1->0,0,0,1,1,0,1,1,0,1,1,0,0,0,0
11011001,11010001,host_reproduced_two_datasets,1->0,0,0,1,1,0,1,1,0,1,1,0,0,0,0
11011001,11011101,single_cell_localisation,0->1,0,0,1,1,0,1,1,0,1,1,0,0,0,0
11011001,11011011,major_contradiction_resolved,0->1,0,0,1,1,0,1,1,0,1,1,0,0,0,0
11011001,11011000,robust_to_analytic_choices,1->0,0,0,1,1,0,1,1,0,1,1,0,0,0,0
11011010,01011010,microbial_reproducibility,1->0,0,0,1,1,0,1,1,0,1,1,0,0,0,0
11011010,10011010,human_metabolite_observed,1->0,0,0,1,1,0,1,1,0,1,1,0,0,0,0
11011010,11111010,microbe_metabolite_link,0->1,0,0,1,1,0,1,1,0,1,1,0,0,0,0
11011010,11001010,metabolite_target_link,1->0,0,0,1,1,0,1,1,0,1,1,0,0,0,0
11011010,11010010,host_reproduced_two_datasets,1->0,0,0,1,1,0,1,1,0,1,1,0,0,0,0
11011010,11011110,single_cell_localisation,0->1,0,0,1,1,0,1,1,0,1,1,0,0,0,0
11011010,11011000,major_contradiction_resolved,1->0,0,0,1,1,0,1,1,0,1,1,0,0,0,0
11011010,11011011,robust_to_analytic_choices,0->1,0,0,1,1,0,1,1,0,1,1,0,0,0,0
11011011,01011011,microbial_reproducibility,1->0,0,0,1,1,0,1,1,0,1,1,0,0,0,0
11011011,10011011,human_metabolite_observed,1->0,0,0,1,1,0,1,1,0,1,1,0,0,0,0
11011011,11111011,microbe_metabolite_link,0->1,0,0,1,1,0,1,1,0,1,1,0,0,0,0
11011011,11001011,metabolite_target_link,1->0,0,0,1,1,0,1,1,0,1,1,0,0,0,0
11011011,11010011,host_reproduced_two_datasets,1->0,0,0,1,1,0,1,1,0,1,1,0,0,0,0
11011011,11011111,single_cell_localisation,0->1,0,0,1,1,0,1,1,0,1,1,0,0,0,0
11011011,11011001,major_contradiction_resolved,1->0,0,0,1,1,0,1,1,0,1,1,0,0,0,0
11011011,11011010,robust_to_analytic_choices,1->0,0,0,1,1,0,1,1,0,1,1,0,0,0,0
11011100,01011100,microbial_reproducibility,1->0,0,0,1,1,0,1,1,0,1,1,0,0,0,0
11011100,10011100,human_metabolite_observed,1->0,0,0,1,1,0,1,1,0,1,1,0,0,0,0
11011100,11111100,microbe_metabolite_link,0->1,0,0,1,1,0,1,1,0,1,1,0,0,0,0
11011100,11001100,metabolite_target_link,1->0,0,0,1,1,0,1,1,0,1,1,0,0,0,0
11011100,11010100,host_reproduced_two_datasets,1->0,0,0,1,1,0,1,1,0,1,1,0,0,0,0
11011100,11011000,single_cell_localisation,1->0,0,0,1,1,0,1,1,0,1,1,0,0,0,0
11011100,11011110,major_contradiction_resolved,0->1,0,0,1,1,0,1,1,0,1,1,0,0,0,0
11011100,11011101,robust_to_analytic_choices,0->1,0,0,1,1,0,1,1,0,1,1,0,0,0,0
11011101,01011101,microbial_reproducibility,1->0,0,0,1,1,0,1,1,0,1,1,0,0,0,0
11011101,10011101,human_metabolite_observed,1->0,0,0,1,1,0,1,1,0,1,1,0,0,0,0
11011101,11111101,microbe_metabolite_link,0->1,0,0,1,1,0,1,1,0,1,1,0,0,0,0
11011101,11001101,metabolite_target_link,1->0,0,0,1,1,0,1,1,0,1,1,0,0,0,0
11011101,11010101,host_reproduced_two_datasets,1->0,0,0,1,1,0,1,1,0,1,1,0,0,0,0
11011101,11011001,single_cell_localisation,1->0,0,0,1,1,0,1,1,0,1,1,0,0,0,0
11011101,11011111,major_contradiction_resolved,0->1,0,0,1,1,0,1,1,0,1,1,0,0,0,0
11011101,11011100,robust_to_analytic_choices,1->0,0,0,1,1,0,1,1,0,1,1,0,0,0,0
11011110,01011110,microbial_reproducibility,1->0,0,0,1,1,0,1,1,0,1,1,0,0,0,0
11011110,10011110,human_metabolite_observed,1->0,0,0,1,1,0,1,1,0,1,1,0,0,0,0
11011110,11111110,microbe_metabolite_link,0->1,0,0,1,1,0,1,1,0,1,1,0,0,0,0
11011110,11001110,metabolite_target_link,1->0,0,0,1,1,0,1,1,0,1,1,0,0,0,0
11011110,11010110,host_reproduced_two_datasets,1->0,0,0,1,1,0,1,1,0,1,1,0,0,0,0
11011110,11011010,single_cell_localisation,1->0,0,0,1,1,0,1,1,0,1,1,0,0,0,0
11011110,11011100,major_contradiction_resolved,1->0,0,0,1,1,0,1,1,0,1,1,0,0,0,0
11011110,11011111,robust_to_analytic_choices,0->1,0,0,1,1,0,1,1,0,1,1,0,0,0,0
11011111,01011111,microbial_reproducibility,1->0,0,0,1,1,0,1,1,0,1,1,0,0,0,0
11011111,10011111,human_metabolite_observed,1->0,0,0,1,1,0,1,1,0,1,1,0,0,0,0
11011111,11111111,microbe_metabolite_link,0->1,0,1,1,1,0,1,1,0,1,1,0,0,1,1
11011111,11001111,metabolite_target_link,1->0,0,0,1,1,0,1,1,0,1,1,0,0,0,0
11011111,11010111,host_reproduced_two_datasets,1->0,0,0,1,1,0,1,1,0,1,1,0,0,0,0
11011111,11011011,single_cell_localisation,1->0,0,0,1,1,0,1,1,0,1,1,0,0,0,0
11011111,11011101,major_contradiction_resolved,1->0,0,0,1,1,0,1,1,0,1,1,0,0,0,0
11011111,11011110,robust_to_analytic_choices,1->0,0,0,1,1,0,1,1,0,1,1,0,0,0,0
11100000,01100000,microbial_reproducibility,1->0,0,0,1,1,0,0,0,0,0,0,0,0,0,0
11100000,10100000,human_metabolite_observed,1->0,0,0,1,1,0,0,0,0,0,0,0,0,0,0
11100000,11000000,microbe_metabolite_link,1->0,0,0,1,1,0,0,0,0,0,0,0,0,0,0
11100000,11110000,metabolite_target_link,0->1,0,0,1,1,0,0,1,1,0,1,1,0,0,0
11100000,11101000,host_reproduced_two_datasets,0->1,0,0,1,1,0,0,1,1,0,1,1,0,0,0
11100000,11100100,single_cell_localisation,0->1,0,0,1,1,0,0,1,1,0,1,1,0,0,0
11100000,11100010,major_contradiction_resolved,0->1,0,0,1,1,0,0,1,1,0,1,1,0,0,0
11100000,11100001,robust_to_analytic_choices,0->1,0,0,1,1,0,0,1,1,0,1,1,0,0,0
11100001,01100001,microbial_reproducibility,1->0,0,0,1,1,0,1,0,1,1,0,1,0,0,0
11100001,10100001,human_metabolite_observed,1->0,0,0,1,1,0,1,0,1,1,0,1,0,0,0
11100001,11000001,microbe_metabolite_link,1->0,0,0,1,1,0,1,0,1,1,0,1,0,0,0
11100001,11110001,metabolite_target_link,0->1,0,0,1,1,0,1,1,0,1,1,0,0,0,0
11100001,11101001,host_reproduced_two_datasets,0->1,0,0,1,1,0,1,1,0,1,1,0,0,0,0
11100001,11100101,single_cell_localisation,0->1,0,0,1,1,0,1,1,0,1,1,0,0,0,0
11100001,11100011,major_contradiction_resolved,0->1,0,0,1,1,0,1,1,0,1,1,0,0,0,0
11100001,11100000,robust_to_analytic_choices,1->0,0,0,1,1,0,1,0,1,1,0,1,0,0,0
11100010,01100010,microbial_reproducibility,1->0,0,0,1,1,0,1,0,1,1,0,1,0,0,0
11100010,10100010,human_metabolite_observed,1->0,0,0,1,1,0,1,0,1,1,0,1,0,0,0
11100010,11000010,microbe_metabolite_link,1->0,0,0,1,1,0,1,0,1,1,0,1,0,0,0
11100010,11110010,metabolite_target_link,0->1,0,0,1,1,0,1,1,0,1,1,0,0,0,0
11100010,11101010,host_reproduced_two_datasets,0->1,0,0,1,1,0,1,1,0,1,1,0,0,0,0
11100010,11100110,single_cell_localisation,0->1,0,0,1,1,0,1,1,0,1,1,0,0,0,0
11100010,11100000,major_contradiction_resolved,1->0,0,0,1,1,0,1,0,1,1,0,1,0,0,0
11100010,11100011,robust_to_analytic_choices,0->1,0,0,1,1,0,1,1,0,1,1,0,0,0,0
11100011,01100011,microbial_reproducibility,1->0,0,0,1,1,0,1,1,0,1,1,0,0,0,0
11100011,10100011,human_metabolite_observed,1->0,0,0,1,1,0,1,1,0,1,1,0,0,0,0
11100011,11000011,microbe_metabolite_link,1->0,0,0,1,1,0,1,1,0,1,1,0,0,0,0
11100011,11110011,metabolite_target_link,0->1,0,0,1,1,0,1,1,0,1,1,0,0,0,0
11100011,11101011,host_reproduced_two_datasets,0->1,0,0,1,1,0,1,1,0,1,1,0,0,0,0
11100011,11100111,single_cell_localisation,0->1,0,0,1,1,0,1,1,0,1,1,0,0,0,0
11100011,11100001,major_contradiction_resolved,1->0,0,0,1,1,0,1,1,0,1,1,0,0,0,0
11100011,11100010,robust_to_analytic_choices,1->0,0,0,1,1,0,1,1,0,1,1,0,0,0,0
11100100,01100100,microbial_reproducibility,1->0,0,0,1,1,0,1,0,1,1,0,1,0,0,0
11100100,10100100,human_metabolite_observed,1->0,0,0,1,1,0,1,0,1,1,0,1,0,0,0
11100100,11000100,microbe_metabolite_link,1->0,0,0,1,1,0,1,0,1,1,0,1,0,0,0
11100100,11110100,metabolite_target_link,0->1,0,0,1,1,0,1,1,0,1,1,0,0,0,0
11100100,11101100,host_reproduced_two_datasets,0->1,0,0,1,1,0,1,1,0,1,1,0,0,0,0
11100100,11100000,single_cell_localisation,1->0,0,0,1,1,0,1,0,1,1,0,1,0,0,0
11100100,11100110,major_contradiction_resolved,0->1,0,0,1,1,0,1,1,0,1,1,0,0,0,0
11100100,11100101,robust_to_analytic_choices,0->1,0,0,1,1,0,1,1,0,1,1,0,0,0,0
11100101,01100101,microbial_reproducibility,1->0,0,0,1,1,0,1,1,0,1,1,0,0,0,0
11100101,10100101,human_metabolite_observed,1->0,0,0,1,1,0,1,1,0,1,1,0,0,0,0
11100101,11000101,microbe_metabolite_link,1->0,0,0,1,1,0,1,1,0,1,1,0,0,0,0
11100101,11110101,metabolite_target_link,0->1,0,0,1,1,0,1,1,0,1,1,0,0,0,0
11100101,11101101,host_reproduced_two_datasets,0->1,0,0,1,1,0,1,1,0,1,1,0,0,0,0
11100101,11100001,single_cell_localisation,1->0,0,0,1,1,0,1,1,0,1,1,0,0,0,0
11100101,11100111,major_contradiction_resolved,0->1,0,0,1,1,0,1,1,0,1,1,0,0,0,0
11100101,11100100,robust_to_analytic_choices,1->0,0,0,1,1,0,1,1,0,1,1,0,0,0,0
11100110,01100110,microbial_reproducibility,1->0,0,0,1,1,0,1,1,0,1,1,0,0,0,0
11100110,10100110,human_metabolite_observed,1->0,0,0,1,1,0,1,1,0,1,1,0,0,0,0
11100110,11000110,microbe_metabolite_link,1->0,0,0,1,1,0,1,1,0,1,1,0,0,0,0
11100110,11110110,metabolite_target_link,0->1,0,0,1,1,0,1,1,0,1,1,0,0,0,0
11100110,11101110,host_reproduced_two_datasets,0->1,0,0,1,1,0,1,1,0,1,1,0,0,0,0
11100110,11100010,single_cell_localisation,1->0,0,0,1,1,0,1,1,0,1,1,0,0,0,0
11100110,11100100,major_contradiction_resolved,1->0,0,0,1,1,0,1,1,0,1,1,0,0,0,0
11100110,11100111,robust_to_analytic_choices,0->1,0,0,1,1,0,1,1,0,1,1,0,0,0,0
11100111,01100111,microbial_reproducibility,1->0,0,0,1,1,0,1,1,0,1,1,0,0,0,0
11100111,10100111,human_metabolite_observed,1->0,0,0,1,1,0,1,1,0,1,1,0,0,0,0
11100111,11000111,microbe_metabolite_link,1->0,0,0,1,1,0,1,1,0,1,1,0,0,0,0
11100111,11110111,metabolite_target_link,0->1,0,0,1,1,0,1,1,0,1,1,0,0,0,0
11100111,11101111,host_reproduced_two_datasets,0->1,0,0,1,1,0,1,1,0,1,1,0,0,0,0
11100111,11100011,single_cell_localisation,1->0,0,0,1,1,0,1,1,0,1,1,0,0,0,0
11100111,11100101,major_contradiction_resolved,1->0,0,0,1,1,0,1,1,0,1,1,0,0,0,0
11100111,11100110,robust_to_analytic_choices,1->0,0,0,1,1,0,1,1,0,1,1,0,0,0,0
11101000,01101000,microbial_reproducibility,1->0,0,0,1,1,0,1,0,1,1,0,1,0,0,0
11101000,10101000,human_metabolite_observed,1->0,0,0,1,1,0,1,0,1,1,0,1,0,0,0
11101000,11001000,microbe_metabolite_link,1->0,0,0,1,1,0,1,0,1,1,0,1,0,0,0
11101000,11111000,metabolite_target_link,0->1,0,0,1,1,0,1,1,0,1,1,0,0,0,0
11101000,11100000,host_reproduced_two_datasets,1->0,0,0,1,1,0,1,0,1,1,0,1,0,0,0
11101000,11101100,single_cell_localisation,0->1,0,0,1,1,0,1,1,0,1,1,0,0,0,0
11101000,11101010,major_contradiction_resolved,0->1,0,0,1,1,0,1,1,0,1,1,0,0,0,0
11101000,11101001,robust_to_analytic_choices,0->1,0,0,1,1,0,1,1,0,1,1,0,0,0,0
11101001,01101001,microbial_reproducibility,1->0,0,0,1,1,0,1,1,0,1,1,0,0,0,0
11101001,10101001,human_metabolite_observed,1->0,0,0,1,1,0,1,1,0,1,1,0,0,0,0
11101001,11001001,microbe_metabolite_link,1->0,0,0,1,1,0,1,1,0,1,1,0,0,0,0
11101001,11111001,metabolite_target_link,0->1,0,0,1,1,0,1,1,0,1,1,0,0,0,0
11101001,11100001,host_reproduced_two_datasets,1->0,0,0,1,1,0,1,1,0,1,1,0,0,0,0
11101001,11101101,single_cell_localisation,0->1,0,0,1,1,0,1,1,0,1,1,0,0,0,0
11101001,11101011,major_contradiction_resolved,0->1,0,0,1,1,0,1,1,0,1,1,0,0,0,0
11101001,11101000,robust_to_analytic_choices,1->0,0,0,1,1,0,1,1,0,1,1,0,0,0,0
11101010,01101010,microbial_reproducibility,1->0,0,0,1,1,0,1,1,0,1,1,0,0,0,0
11101010,10101010,human_metabolite_observed,1->0,0,0,1,1,0,1,1,0,1,1,0,0,0,0
11101010,11001010,microbe_metabolite_link,1->0,0,0,1,1,0,1,1,0,1,1,0,0,0,0
11101010,11111010,metabolite_target_link,0->1,0,0,1,1,0,1,1,0,1,1,0,0,0,0
11101010,11100010,host_reproduced_two_datasets,1->0,0,0,1,1,0,1,1,0,1,1,0,0,0,0
11101010,11101110,single_cell_localisation,0->1,0,0,1,1,0,1,1,0,1,1,0,0,0,0
11101010,11101000,major_contradiction_resolved,1->0,0,0,1,1,0,1,1,0,1,1,0,0,0,0
11101010,11101011,robust_to_analytic_choices,0->1,0,0,1,1,0,1,1,0,1,1,0,0,0,0
11101011,01101011,microbial_reproducibility,1->0,0,0,1,1,0,1,1,0,1,1,0,0,0,0
11101011,10101011,human_metabolite_observed,1->0,0,0,1,1,0,1,1,0,1,1,0,0,0,0
11101011,11001011,microbe_metabolite_link,1->0,0,0,1,1,0,1,1,0,1,1,0,0,0,0
11101011,11111011,metabolite_target_link,0->1,0,0,1,1,0,1,1,0,1,1,0,0,0,0
11101011,11100011,host_reproduced_two_datasets,1->0,0,0,1,1,0,1,1,0,1,1,0,0,0,0
11101011,11101111,single_cell_localisation,0->1,0,0,1,1,0,1,1,0,1,1,0,0,0,0
11101011,11101001,major_contradiction_resolved,1->0,0,0,1,1,0,1,1,0,1,1,0,0,0,0
11101011,11101010,robust_to_analytic_choices,1->0,0,0,1,1,0,1,1,0,1,1,0,0,0,0
11101100,01101100,microbial_reproducibility,1->0,0,0,1,1,0,1,1,0,1,1,0,0,0,0
11101100,10101100,human_metabolite_observed,1->0,0,0,1,1,0,1,1,0,1,1,0,0,0,0
11101100,11001100,microbe_metabolite_link,1->0,0,0,1,1,0,1,1,0,1,1,0,0,0,0
11101100,11111100,metabolite_target_link,0->1,0,0,1,1,0,1,1,0,1,1,0,0,0,0
11101100,11100100,host_reproduced_two_datasets,1->0,0,0,1,1,0,1,1,0,1,1,0,0,0,0
11101100,11101000,single_cell_localisation,1->0,0,0,1,1,0,1,1,0,1,1,0,0,0,0
11101100,11101110,major_contradiction_resolved,0->1,0,0,1,1,0,1,1,0,1,1,0,0,0,0
11101100,11101101,robust_to_analytic_choices,0->1,0,0,1,1,0,1,1,0,1,1,0,0,0,0
11101101,01101101,microbial_reproducibility,1->0,0,0,1,1,0,1,1,0,1,1,0,0,0,0
11101101,10101101,human_metabolite_observed,1->0,0,0,1,1,0,1,1,0,1,1,0,0,0,0
11101101,11001101,microbe_metabolite_link,1->0,0,0,1,1,0,1,1,0,1,1,0,0,0,0
11101101,11111101,metabolite_target_link,0->1,0,0,1,1,0,1,1,0,1,1,0,0,0,0
11101101,11100101,host_reproduced_two_datasets,1->0,0,0,1,1,0,1,1,0,1,1,0,0,0,0
11101101,11101001,single_cell_localisation,1->0,0,0,1,1,0,1,1,0,1,1,0,0,0,0
11101101,11101111,major_contradiction_resolved,0->1,0,0,1,1,0,1,1,0,1,1,0,0,0,0
11101101,11101100,robust_to_analytic_choices,1->0,0,0,1,1,0,1,1,0,1,1,0,0,0,0
11101110,01101110,microbial_reproducibility,1->0,0,0,1,1,0,1,1,0,1,1,0,0,0,0
11101110,10101110,human_metabolite_observed,1->0,0,0,1,1,0,1,1,0,1,1,0,0,0,0
11101110,11001110,microbe_metabolite_link,1->0,0,0,1,1,0,1,1,0,1,1,0,0,0,0
11101110,11111110,metabolite_target_link,0->1,0,0,1,1,0,1,1,0,1,1,0,0,0,0
11101110,11100110,host_reproduced_two_datasets,1->0,0,0,1,1,0,1,1,0,1,1,0,0,0,0
11101110,11101010,single_cell_localisation,1->0,0,0,1,1,0,1,1,0,1,1,0,0,0,0
11101110,11101100,major_contradiction_resolved,1->0,0,0,1,1,0,1,1,0,1,1,0,0,0,0
11101110,11101111,robust_to_analytic_choices,0->1,0,0,1,1,0,1,1,0,1,1,0,0,0,0
11101111,01101111,microbial_reproducibility,1->0,0,0,1,1,0,1,1,0,1,1,0,0,0,0
11101111,10101111,human_metabolite_observed,1->0,0,0,1,1,0,1,1,0,1,1,0,0,0,0
11101111,11001111,microbe_metabolite_link,1->0,0,0,1,1,0,1,1,0,1,1,0,0,0,0
11101111,11111111,metabolite_target_link,0->1,0,1,1,1,0,1,1,0,1,1,0,0,1,1
11101111,11100111,host_reproduced_two_datasets,1->0,0,0,1,1,0,1,1,0,1,1,0,0,0,0
11101111,11101011,single_cell_localisation,1->0,0,0,1,1,0,1,1,0,1,1,0,0,0,0
11101111,11101101,major_contradiction_resolved,1->0,0,0,1,1,0,1,1,0,1,1,0,0,0,0
11101111,11101110,robust_to_analytic_choices,1->0,0,0,1,1,0,1,1,0,1,1,0,0,0,0
11110000,01110000,microbial_reproducibility,1->0,0,0,1,1,0,1,0,1,1,0,1,0,0,0
11110000,10110000,human_metabolite_observed,1->0,0,0,1,1,0,1,0,1,1,0,1,0,0,0
11110000,11010000,microbe_metabolite_link,1->0,0,0,1,1,0,1,0,1,1,0,1,0,0,0
11110000,11100000,metabolite_target_link,1->0,0,0,1,1,0,1,0,1,1,0,1,0,0,0
11110000,11111000,host_reproduced_two_datasets,0->1,0,0,1,1,0,1,1,0,1,1,0,0,0,0
11110000,11110100,single_cell_localisation,0->1,0,0,1,1,0,1,1,0,1,1,0,0,0,0
11110000,11110010,major_contradiction_resolved,0->1,0,0,1,1,0,1,1,0,1,1,0,0,0,0
11110000,11110001,robust_to_analytic_choices,0->1,0,0,1,1,0,1,1,0,1,1,0,0,0,0
11110001,01110001,microbial_reproducibility,1->0,0,0,1,1,0,1,1,0,1,1,0,0,0,0
11110001,10110001,human_metabolite_observed,1->0,0,0,1,1,0,1,1,0,1,1,0,0,0,0
11110001,11010001,microbe_metabolite_link,1->0,0,0,1,1,0,1,1,0,1,1,0,0,0,0
11110001,11100001,metabolite_target_link,1->0,0,0,1,1,0,1,1,0,1,1,0,0,0,0
11110001,11111001,host_reproduced_two_datasets,0->1,0,0,1,1,0,1,1,0,1,1,0,0,0,0
11110001,11110101,single_cell_localisation,0->1,0,0,1,1,0,1,1,0,1,1,0,0,0,0
11110001,11110011,major_contradiction_resolved,0->1,0,0,1,1,0,1,1,0,1,1,0,0,0,0
11110001,11110000,robust_to_analytic_choices,1->0,0,0,1,1,0,1,1,0,1,1,0,0,0,0
11110010,01110010,microbial_reproducibility,1->0,0,0,1,1,0,1,1,0,1,1,0,0,0,0
11110010,10110010,human_metabolite_observed,1->0,0,0,1,1,0,1,1,0,1,1,0,0,0,0
11110010,11010010,microbe_metabolite_link,1->0,0,0,1,1,0,1,1,0,1,1,0,0,0,0
11110010,11100010,metabolite_target_link,1->0,0,0,1,1,0,1,1,0,1,1,0,0,0,0
11110010,11111010,host_reproduced_two_datasets,0->1,0,0,1,1,0,1,1,0,1,1,0,0,0,0
11110010,11110110,single_cell_localisation,0->1,0,0,1,1,0,1,1,0,1,1,0,0,0,0
11110010,11110000,major_contradiction_resolved,1->0,0,0,1,1,0,1,1,0,1,1,0,0,0,0
11110010,11110011,robust_to_analytic_choices,0->1,0,0,1,1,0,1,1,0,1,1,0,0,0,0
11110011,01110011,microbial_reproducibility,1->0,0,0,1,1,0,1,1,0,1,1,0,0,0,0
11110011,10110011,human_metabolite_observed,1->0,0,0,1,1,0,1,1,0,1,1,0,0,0,0
11110011,11010011,microbe_metabolite_link,1->0,0,0,1,1,0,1,1,0,1,1,0,0,0,0
11110011,11100011,metabolite_target_link,1->0,0,0,1,1,0,1,1,0,1,1,0,0,0,0
11110011,11111011,host_reproduced_two_datasets,0->1,0,0,1,1,0,1,1,0,1,1,0,0,0,0
11110011,11110111,single_cell_localisation,0->1,0,0,1,1,0,1,1,0,1,1,0,0,0,0
11110011,11110001,major_contradiction_resolved,1->0,0,0,1,1,0,1,1,0,1,1,0,0,0,0
11110011,11110010,robust_to_analytic_choices,1->0,0,0,1,1,0,1,1,0,1,1,0,0,0,0
11110100,01110100,microbial_reproducibility,1->0,0,0,1,1,0,1,1,0,1,1,0,0,0,0
11110100,10110100,human_metabolite_observed,1->0,0,0,1,1,0,1,1,0,1,1,0,0,0,0
11110100,11010100,microbe_metabolite_link,1->0,0,0,1,1,0,1,1,0,1,1,0,0,0,0
11110100,11100100,metabolite_target_link,1->0,0,0,1,1,0,1,1,0,1,1,0,0,0,0
11110100,11111100,host_reproduced_two_datasets,0->1,0,0,1,1,0,1,1,0,1,1,0,0,0,0
11110100,11110000,single_cell_localisation,1->0,0,0,1,1,0,1,1,0,1,1,0,0,0,0
11110100,11110110,major_contradiction_resolved,0->1,0,0,1,1,0,1,1,0,1,1,0,0,0,0
11110100,11110101,robust_to_analytic_choices,0->1,0,0,1,1,0,1,1,0,1,1,0,0,0,0
11110101,01110101,microbial_reproducibility,1->0,0,0,1,1,0,1,1,0,1,1,0,0,0,0
11110101,10110101,human_metabolite_observed,1->0,0,0,1,1,0,1,1,0,1,1,0,0,0,0
11110101,11010101,microbe_metabolite_link,1->0,0,0,1,1,0,1,1,0,1,1,0,0,0,0
11110101,11100101,metabolite_target_link,1->0,0,0,1,1,0,1,1,0,1,1,0,0,0,0
11110101,11111101,host_reproduced_two_datasets,0->1,0,0,1,1,0,1,1,0,1,1,0,0,0,0
11110101,11110001,single_cell_localisation,1->0,0,0,1,1,0,1,1,0,1,1,0,0,0,0
11110101,11110111,major_contradiction_resolved,0->1,0,0,1,1,0,1,1,0,1,1,0,0,0,0
11110101,11110100,robust_to_analytic_choices,1->0,0,0,1,1,0,1,1,0,1,1,0,0,0,0
11110110,01110110,microbial_reproducibility,1->0,0,0,1,1,0,1,1,0,1,1,0,0,0,0
11110110,10110110,human_metabolite_observed,1->0,0,0,1,1,0,1,1,0,1,1,0,0,0,0
11110110,11010110,microbe_metabolite_link,1->0,0,0,1,1,0,1,1,0,1,1,0,0,0,0
11110110,11100110,metabolite_target_link,1->0,0,0,1,1,0,1,1,0,1,1,0,0,0,0
11110110,11111110,host_reproduced_two_datasets,0->1,0,0,1,1,0,1,1,0,1,1,0,0,0,0
11110110,11110010,single_cell_localisation,1->0,0,0,1,1,0,1,1,0,1,1,0,0,0,0
11110110,11110100,major_contradiction_resolved,1->0,0,0,1,1,0,1,1,0,1,1,0,0,0,0
11110110,11110111,robust_to_analytic_choices,0->1,0,0,1,1,0,1,1,0,1,1,0,0,0,0
11110111,01110111,microbial_reproducibility,1->0,0,0,1,1,0,1,1,0,1,1,0,0,0,0
11110111,10110111,human_metabolite_observed,1->0,0,0,1,1,0,1,1,0,1,1,0,0,0,0
11110111,11010111,microbe_metabolite_link,1->0,0,0,1,1,0,1,1,0,1,1,0,0,0,0
11110111,11100111,metabolite_target_link,1->0,0,0,1,1,0,1,1,0,1,1,0,0,0,0
11110111,11111111,host_reproduced_two_datasets,0->1,0,1,1,1,0,1,1,0,1,1,0,0,1,1
11110111,11110011,single_cell_localisation,1->0,0,0,1,1,0,1,1,0,1,1,0,0,0,0
11110111,11110101,major_contradiction_resolved,1->0,0,0,1,1,0,1,1,0,1,1,0,0,0,0
11110111,11110110,robust_to_analytic_choices,1->0,0,0,1,1,0,1,1,0,1,1,0,0,0,0
11111000,01111000,microbial_reproducibility,1->0,0,0,1,1,0,1,1,0,1,1,0,0,0,0
11111000,10111000,human_metabolite_observed,1->0,0,0,1,1,0,1,1,0,1,1,0,0,0,0
11111000,11011000,microbe_metabolite_link,1->0,0,0,1,1,0,1,1,0,1,1,0,0,0,0
11111000,11101000,metabolite_target_link,1->0,0,0,1,1,0,1,1,0,1,1,0,0,0,0
11111000,11110000,host_reproduced_two_datasets,1->0,0,0,1,1,0,1,1,0,1,1,0,0,0,0
11111000,11111100,single_cell_localisation,0->1,0,0,1,1,0,1,1,0,1,1,0,0,0,0
11111000,11111010,major_contradiction_resolved,0->1,0,0,1,1,0,1,1,0,1,1,0,0,0,0
11111000,11111001,robust_to_analytic_choices,0->1,0,0,1,1,0,1,1,0,1,1,0,0,0,0
11111001,01111001,microbial_reproducibility,1->0,0,0,1,1,0,1,1,0,1,1,0,0,0,0
11111001,10111001,human_metabolite_observed,1->0,0,0,1,1,0,1,1,0,1,1,0,0,0,0
11111001,11011001,microbe_metabolite_link,1->0,0,0,1,1,0,1,1,0,1,1,0,0,0,0
11111001,11101001,metabolite_target_link,1->0,0,0,1,1,0,1,1,0,1,1,0,0,0,0
11111001,11110001,host_reproduced_two_datasets,1->0,0,0,1,1,0,1,1,0,1,1,0,0,0,0
11111001,11111101,single_cell_localisation,0->1,0,0,1,1,0,1,1,0,1,1,0,0,0,0
11111001,11111011,major_contradiction_resolved,0->1,0,0,1,1,0,1,1,0,1,1,0,0,0,0
11111001,11111000,robust_to_analytic_choices,1->0,0,0,1,1,0,1,1,0,1,1,0,0,0,0
11111010,01111010,microbial_reproducibility,1->0,0,0,1,1,0,1,1,0,1,1,0,0,0,0
11111010,10111010,human_metabolite_observed,1->0,0,0,1,1,0,1,1,0,1,1,0,0,0,0
11111010,11011010,microbe_metabolite_link,1->0,0,0,1,1,0,1,1,0,1,1,0,0,0,0
11111010,11101010,metabolite_target_link,1->0,0,0,1,1,0,1,1,0,1,1,0,0,0,0
11111010,11110010,host_reproduced_two_datasets,1->0,0,0,1,1,0,1,1,0,1,1,0,0,0,0
11111010,11111110,single_cell_localisation,0->1,0,0,1,1,0,1,1,0,1,1,0,0,0,0
11111010,11111000,major_contradiction_resolved,1->0,0,0,1,1,0,1,1,0,1,1,0,0,0,0
11111010,11111011,robust_to_analytic_choices,0->1,0,0,1,1,0,1,1,0,1,1,0,0,0,0
11111011,01111011,microbial_reproducibility,1->0,0,0,1,1,0,1,1,0,1,1,0,0,0,0
11111011,10111011,human_metabolite_observed,1->0,0,0,1,1,0,1,1,0,1,1,0,0,0,0
11111011,11011011,microbe_metabolite_link,1->0,0,0,1,1,0,1,1,0,1,1,0,0,0,0
11111011,11101011,metabolite_target_link,1->0,0,0,1,1,0,1,1,0,1,1,0,0,0,0
11111011,11110011,host_reproduced_two_datasets,1->0,0,0,1,1,0,1,1,0,1,1,0,0,0,0
11111011,11111111,single_cell_localisation,0->1,0,1,1,1,0,1,1,0,1,1,0,0,1,1
11111011,11111001,major_contradiction_resolved,1->0,0,0,1,1,0,1,1,0,1,1,0,0,0,0
11111011,11111010,robust_to_analytic_choices,1->0,0,0,1,1,0,1,1,0,1,1,0,0,0,0
11111100,01111100,microbial_reproducibility,1->0,0,0,1,1,0,1,1,0,1,1,0,0,0,0
11111100,10111100,human_metabolite_observed,1->0,0,0,1,1,0,1,1,0,1,1,0,0,0,0
11111100,11011100,microbe_metabolite_link,1->0,0,0,1,1,0,1,1,0,1,1,0,0,0,0
11111100,11101100,metabolite_target_link,1->0,0,0,1,1,0,1,1,0,1,1,0,0,0,0
11111100,11110100,host_reproduced_two_datasets,1->0,0,0,1,1,0,1,1,0,1,1,0,0,0,0
11111100,11111000,single_cell_localisation,1->0,0,0,1,1,0,1,1,0,1,1,0,0,0,0
11111100,11111110,major_contradiction_resolved,0->1,0,0,1,1,0,1,1,0,1,1,0,0,0,0
11111100,11111101,robust_to_analytic_choices,0->1,0,0,1,1,0,1,1,0,1,1,0,0,0,0
11111101,01111101,microbial_reproducibility,1->0,0,0,1,1,0,1,1,0,1,1,0,0,0,0
11111101,10111101,human_metabolite_observed,1->0,0,0,1,1,0,1,1,0,1,1,0,0,0,0
11111101,11011101,microbe_metabolite_link,1->0,0,0,1,1,0,1,1,0,1,1,0,0,0,0
11111101,11101101,metabolite_target_link,1->0,0,0,1,1,0,1,1,0,1,1,0,0,0,0
11111101,11110101,host_reproduced_two_datasets,1->0,0,0,1,1,0,1,1,0,1,1,0,0,0,0
11111101,11111001,single_cell_localisation,1->0,0,0,1,1,0,1,1,0,1,1,0,0,0,0
11111101,11111111,major_contradiction_resolved,0->1,0,1,1,1,0,1,1,0,1,1,0,0,1,1
11111101,11111100,robust_to_analytic_choices,1->0,0,0,1,1,0,1,1,0,1,1,0,0,0,0
11111110,01111110,microbial_reproducibility,1->0,0,0,1,1,0,1,1,0,1,1,0,0,0,0
11111110,10111110,human_metabolite_observed,1->0,0,0,1,1,0,1,1,0,1,1,0,0,0,0
11111110,11011110,microbe_metabolite_link,1->0,0,0,1,1,0,1,1,0,1,1,0,0,0,0
11111110,11101110,metabolite_target_link,1->0,0,0,1,1,0,1,1,0,1,1,0,0,0,0
11111110,11110110,host_reproduced_two_datasets,1->0,0,0,1,1,0,1,1,0,1,1,0,0,0,0
11111110,11111010,single_cell_localisation,1->0,0,0,1,1,0,1,1,0,1,1,0,0,0,0
11111110,11111100,major_contradiction_resolved,1->0,0,0,1,1,0,1,1,0,1,1,0,0,0,0
11111110,11111111,robust_to_analytic_choices,0->1,0,1,1,1,0,1,1,0,1,1,0,0,1,1
11111111,01111111,microbial_reproducibility,1->0,1,0,1,1,0,1,1,0,1,1,0,1,0,1
11111111,10111111,human_metabolite_observed,1->0,1,0,1,1,0,1,1,0,1,1,0,1,0,1
11111111,11011111,microbe_metabolite_link,1->0,1,0,1,1,0,1,1,0,1,1,0,1,0,1
11111111,11101111,metabolite_target_link,1->0,1,0,1,1,0,1,1,0,1,1,0,1,0,1
11111111,11110111,host_reproduced_two_datasets,1->0,1,0,1,1,0,1,1,0,1,1,0,1,0,1
11111111,11111011,single_cell_localisation,1->0,1,0,1,1,0,1,1,0,1,1,0,1,0,1
11111111,11111101,major_contradiction_resolved,1->0,1,0,1,1,0,1,1,0,1,1,0,1,0,1
11111111,11111110,robust_to_analytic_choices,1->0,1,0,1,1,0,1,1,0,1,1,0,1,0,1
