"metabolite","method","inchikey","smiles","cas","chemspider","hmdb","kegg","pubchem","n_missing","missing_fraction","n_zero","zero_fraction","has_inchikey","has_hmdb","has_kegg","has_any_curated_id"
"spermidine","Method 1","ATHGHQPFGPMSJY-UHFFFAOYSA-N","NCCCCNCCCN","124-20-9","1071","HMDB0001257","C00315","1102",7,0.011437908496732,0,0,TRUE,TRUE,TRUE,TRUE
"1-methylnicotinamide","Method 1","LDHMAVIPBRSVRG-UHFFFAOYSA-N","C[N+]1=CC(C([NH-])=O)=CC=C1","1005-24-9","8305504","HMDB0000699","C02918","457",0,0,0,0,TRUE,TRUE,TRUE,TRUE
"12,13-DiHOME","Method 3","CQSLTKIXAJTQGA-FLIBITNWSA-N","CCCCCC(C(C/C=C\CCCCCCCC(O)=O)O)O","263399-35-5","8412123","HMDB0004705","C14829","10236635",13,0.0212418300653595,0,0,TRUE,TRUE,TRUE,TRUE
"5-hydroxyindoleacetate","Method 3","DUUGKQCEGZLZNO-UHFFFAOYSA-N","OC1=CC=C(NC=C2CC(O)=O)C2=C1","54-16-0","1760","HMDB0000763","C05635","1826",59,0.0964052287581699,0,0,TRUE,TRUE,TRUE,TRUE
"alpha-ketoglutarate","Method 4","KPGXRSRHYNQIFN-UHFFFAOYSA-N","O=C(C(O)=O)CCC(O)=O","328-50-7,22202-68-2,305-72-6","50","HMDB0000208","C00026","51",0,0,0,0,TRUE,TRUE,TRUE,TRUE
"kynurenate","Method 3","HCZHHEIFKROPDY-UHFFFAOYSA-N","OC1=C(C=CC=C2)C2=NC(C(O)=O)=C1","492-27-3","3712","HMDB0000715","C01717","3845",0,0,0,0,TRUE,TRUE,TRUE,TRUE
"3-hydroxyisobutyrate","Method 4","DBXBTMSZEOQQDU-UHFFFAOYSA-N","CC(C(O)=O)CO","2068-83-9","10140307","HMDB0000023,HMDB0000336","C01188,C06001","11966314",8,0.0130718954248366,0,0,TRUE,TRUE,TRUE,TRUE
"3-hydroxy-3-methylglutarate","Method 4","NPOAOTPXWNWTSH-UHFFFAOYSA-N","CC(CC(O)=O)(CC(O)=O)O","503-49-1","4573695","HMDB0000355","C03761","16,625,459,993",0,0,0,0,TRUE,TRUE,TRUE,TRUE
"homovanillate (HVA)","Method 3","QRMZSPFSDQBLIX-UHFFFAOYSA-N","COC1=CC(CC(O)=O)=CC=C1O","306-08-1","5323114","HMDB0000118","C05582","1738",191,0.312091503267974,0,0,TRUE,TRUE,TRUE,TRUE
"cholate","Method 3","BHQCQFFYRZLCQQ-OLRQUHAPSA-N","O[C@H]1[C@@]2([H])[C@]3([H])CC[C@H]([C@H](C)CCC(O)=O)[C@@]3(C)[C@@H](O)C[C@]2([H])[C@@]4(C)CC[C@@H](O)CC4C1","81-25-4","","HMDB0000619","C00695","221493",2,0.00326797385620915,0,0,TRUE,TRUE,TRUE,TRUE
"4-hydroxyphenylacetate","Method 3","XQXPVVBIMDBYFF-UHFFFAOYSA-N","OC(CC1=CC=C(C=C1)O)=O","156-38-7","3881560","HMDB0000020","C00642","127",40,0.065359477124183,0,0,TRUE,TRUE,TRUE,TRUE
"5,6-dihydrothymine","Method 3","NBAKTGXDIBVZOO-UHFFFAOYSA-N","O=C(NCC1C)NC1=O","696-04-8","84456","HMDB0000079","C00906","93556",0,0,0,0,TRUE,TRUE,TRUE,TRUE
"hypoxanthine","Method 3","FDGQSTZJBFJUBT-UHFFFAOYSA-N","O=C1C(N=CN2)=C2N=CN1","68-94-0","768","HMDB0000157","C00262","790,135,398,638",0,0,0,0,TRUE,TRUE,TRUE,TRUE
"9,10-DiHOME","Method 3","XEBKSQSGNGRGDW-YFHOEESVSA-N","CCCCC/C=C\CC(C(CCCCCCCC(O)=O)O)O","263399-34-4","8142232","HMDB0004704","C14828","9966640",24,0.0392156862745098,0,0,TRUE,TRUE,TRUE,TRUE
"linoleate (18:2n6)","Method 3","OYHQOLUKZRVURQ-HZJYTTRNSA-N","OC(CCCCCCC/C=C\C/C=C\CCCCC)=O","60-33-3","4444105","HMDB0006270,HMDB0000673","C01595","5280450",0,0,0,0,TRUE,TRUE,TRUE,TRUE
"laurate (12:0)","Method 3","POULHZVOKOAJMA-UHFFFAOYSA-N","O=C(O)CCCCCCCCCCC","143-07-7","3756","HMDB0000638","C02679","3893",0,0,0,0,TRUE,TRUE,TRUE,TRUE
"quinolinate","Method 4","GJAWHXHKYYXBSV-UHFFFAOYSA-N","OC(C(C=CC=N1)=C1C(O)=O)=O","89-00-9","1037","HMDB0000232","C03722","1066",5,0.00816993464052288,0,0,TRUE,TRUE,TRUE,TRUE
"N6,N6,N6-trimethyllysine","Method 1","MXNRLFUSFKVQSK-UHFFFAOYSA-N","C[N+](C)(CCCCC(C([O-])=O)N)C","23284-33-5","140379","HMDB0001325","C03793","440120",0,0,0,0,TRUE,TRUE,TRUE,TRUE
"N-acetylputrescine","Method 1","KLZGKIDSEJWEDW-UHFFFAOYSA-N","CC(NCCCCN)=O","18233-70-0","109095","HMDB0002064","C02714","122356",0,0,0,0,TRUE,TRUE,TRUE,TRUE
"N-formylmethionine","Method 3","PYUSHNKNPOHWEZ-UHFFFAOYSA-N","CSCCC(C(O)=O)NC=O","4289-98-9","388809","HMDB0001015","C03145","439750",0,0,0,0,TRUE,TRUE,TRUE,TRUE
"S-adenosylhomocysteine (SAH)","Method 3","ZJUKTBDSGOFHSH-UHFFFAOYSA-N","OC1C(N2C=NC3=C2N=CN=C3N)OC(CSCCC(N)C(O)=O)C1O","979-92-0","16788012","HMDB0000939","C00021","439155",28,0.0457516339869281,0,0,TRUE,TRUE,TRUE,TRUE
"adenosine 3',5'-cyclic monophosphate (cAMP)","Method 3","IVOMOUWHDPKRLL-UHFFFAOYSA-N","NC1=NC=NC2=C1N=CN2C3OC(CO4)C(OP4(O)=O)C3O","60-92-4","268","HMDB0000058","C00575","6076",230,0.375816993464052,0,0,TRUE,TRUE,TRUE,TRUE
"adenosine 5'-monophosphate (AMP)","Method 1","UDMBCSSLTHHNCD-UHFFFAOYSA-N","NC1=NC=NC2=C1N=CN2C3OC(C(C3O)O)COP(O)(O)=O","149022-20-8","10239183","HMDB0000045","C00020","6083",209,0.341503267973856,0,0,TRUE,TRUE,TRUE,TRUE
"5-methylthioadenosine (MTA)","Method 1","WUUGFSXJNOTRMR-IOSLPCCCSA-N","NC1=NC=NC2=C1N=CN2[C@H]3[C@H](O)[C@H](O)[C@@H](CSC)O3","2457-80-9","388321","HMDB0001173","C00170","439176",0,0,0,0,TRUE,TRUE,TRUE,TRUE
"N6-methyladenosine","Method 3","VQAYFKKCNSOZKM-UHFFFAOYSA-N","OC(C1O)C(OC1CO)N(C=N2)C3=C2C(NC)=NC=N3","1867-73-8","92307","HMDB0004044","","102175",154,0.251633986928105,0,0,TRUE,TRUE,FALSE,TRUE
"arachidonate (20:4n6)","Method 3","YZXBAPSDXZZRGB-DOFZRALJSA-N","CCCCC/C=C\C/C=C\C/C=C\C/C=C\CCCC(O)=O","506-32-1","392692","HMDB0001043","C00219","444899",0,0,0,0,TRUE,TRUE,TRUE,TRUE
"arginine","Method 1","ODKSFYDXXFIFQN-UHFFFAOYSA-N","N=C(N)NCCCC(N)C(O)=O","1119-34-2","227","HMDB0000517","C00062","6322",0,0,0,0,TRUE,TRUE,TRUE,TRUE
"argininosuccinate","Method 1","KDZOASGQNOPSCU-UHFFFAOYSA-N","NC(C(O)=O)CCCNC(NC(C(O)=O)CC(O)=O)=N","156637-58-0","805","HMDB0000052","C03406","60150382",153,0.25,0,0,TRUE,TRUE,TRUE,TRUE
"ascorbate (vitamin C)","Method 1","CIWBSHSKHKDKBQ-UHFFFAOYSA-N","OCC(O)C1OC(C(O)=C1O)=O","134-03-2","10189562","HMDB0000044","D00018,C00072","54670067",61,0.0996732026143791,0,0,TRUE,TRUE,TRUE,TRUE
"aspartate","Method 1","CKLJMWTZIZZHCS-UHFFFAOYSA-N","NC(C(O)=O)CC(O)=O","56-84-8","5745","HMDB0000191","C00049","5960",0,0,0,0,TRUE,TRUE,TRUE,TRUE
"2-hydroxyphenylacetate","Method 4","CCVYRRGZDBSHFU-UHFFFAOYSA-N","OC(CC1=C(O)C=CC=C1)=O","614-75-5","11476","HMDB0000669","C05852","11970",66,0.107843137254902,0,0,TRUE,TRUE,TRUE,TRUE
"3-(4-hydroxyphenyl)lactate","Method 3","JVGVDSSUAVXRDY-UHFFFAOYSA-N","OC(C(O)=O)CC1=CC=C(O)C=C1","6482-98-0","9010","HMDB0000755","C03672","9378",0,0,0,0,TRUE,TRUE,TRUE,TRUE
"phenylpyruvate","Method 3","BTNMPGBKDVTSJY-UHFFFAOYSA-N","O=C(C(O)=O)CC1=CC=CC=C1","156-06-9","972","HMDB0000205","C00166","997",8,0.0130718954248366,0,0,TRUE,TRUE,TRUE,TRUE
"beta-alanine","Method 1","UCMIRNVEIXFBKS-UHFFFAOYSA-N","NCCC(O)=O","107-95-9,56-41-7","234","HMDB0000056","C00099","239",1,0.00163398692810458,0,0,TRUE,TRUE,TRUE,TRUE
"biliverdin","Method 2","QBUVFDKTZJNUPP-YBRAVLHJSA-N","CC1=C(/C=C(N2)/C(C=C)=C(C)C2=O)NC(/C=C3C(CCC(O)=O)=C(C)C(/C=C(N4)\C(C)=C(C=C)C4=O)=N\3)=C1CCC(O)=O","55482-27-4,55482-27-4","10628548","HMDB0001008","C00500","5280353",0,0,0,0,TRUE,TRUE,TRUE,TRUE
"succinate","Method 4","KDYFGRWQOYBRFD-UHFFFAOYSA-N","OC(CCC(O)=O)=O","110-15-6","1078","HMDB0000254","C00042","1110",0,0,0,0,TRUE,TRUE,TRUE,TRUE
"3-hydroxybutyrate (BHBA)","Method 4","WHBMMWSBFZVSSR-UHFFFAOYSA-N","CC(O)CC(O)=O","625-72-9","428","HMDB0000442,HMDB0000357,HMDB0000011","C03197,C01089","9,431,844,192,135",0,0,0,0,TRUE,TRUE,TRUE,TRUE
"cholesterol","Method 2","HVYWMOMLDIMFJA-LBHVWCRMSA-N","CC1(C2C(C)CCCC(C)C)C(CC2)C(CC=C3C4(CC[C@H](O)C3)C)C4CC1","57-88-5","4937803","HMDB0000067","C00187","5,997,643,256,411,020,000",0,0,0,0,TRUE,TRUE,TRUE,TRUE
"choline phosphate","Method 1","YHHSONZFOIEMCP-UHFFFAOYSA-N","C[N+](C)(CCOP(O)([O-])=O)C","72556-74-2","119298","HMDB0001565","C00588","1014",1,0.00163398692810458,0,0,TRUE,TRUE,TRUE,TRUE
"corticosterone","Method 3","OMFXVFTZEKFJBZ-UHFFFAOYSA-N","CC(C(CC1)=CC2=O)(CC2)C3C1C(CCC4C(CO)=O)C4(C)CC3O","50-22-6","5550","HMDB0001547","C02140","5753",298,0.486928104575163,0,0,TRUE,TRUE,TRUE,TRUE
"cortisone","Method 3","MFYSYFVPBJMHGN-ZPOLXVRWSA-N","O[C@@]1([C@@](CO)=O)[C@](C2)(C)[C@](CC1)([H])[C@@](CCC3=CC4=O)([H])[C@]([C@@]3(C)CC4)([H])C2=O","53-06-5","361685","HMDB0002802","C00762","222786",6,0.00980392156862745,0,0,TRUE,TRUE,TRUE,TRUE
"creatinine","Method 1","DDRJAANPRJIHGJ-UHFFFAOYSA-N","CN(C(N1)=N)CC1=O","60-27-5","568","HMDB0000562","C00791","588",0,0,0,0,TRUE,TRUE,TRUE,TRUE
"cysteinylglycine","Method 1","ZUKPVRWZDMRIEO-UHFFFAOYSA-N","NC(C(NCC(O)=O)=O)CS","19246-18-5","58762","HMDB0000078","C01419","439498",0,0,0,0,TRUE,TRUE,TRUE,TRUE
"cystine","Method 1","LEVWYRKDKASIDU-UHFFFAOYSA-N","NC(C(O)=O)CSSCC(N)C(O)=O","56-89-3","575","HMDB0000192","C00491","67678",0,0,0,0,TRUE,TRUE,TRUE,TRUE
"sphingosine","Method 2","WWUZIQQURGPMPG-CCEZHUSRSA-N","CCCCCCCCCCCCC/C=C/C(C(CO)N)O","123-78-4","4510275","HMDB0000252","C00319","5280335",30,0.0490196078431373,0,0,TRUE,TRUE,TRUE,TRUE
"deoxycholate","Method 3","KXGVEGMKQFWNSR-OHAQSFBXSA-N","CC12[C@@]([C@]3([H])CC[C@]4([H])C[C@H](O)CC[C@]4(C)[C@@]3([H])C[C@@H]2O)([H])CC[C@]1([H])[C@]([H])(C)CCC(O)=O","83-44-3","389318","HMDB0000626","C04483","222,528,440,355",345,0.563725490196078,0,0,TRUE,TRUE,TRUE,TRUE
"cystathionine","Method 1","ILRYLPWNYFXEMH-UHFFFAOYSA-N","OC(C(CCSCC(N)C(O)=O)N)=O","535-34-2","811","HMDB0000099","C02291","439258",4,0.0065359477124183,0,0,TRUE,TRUE,TRUE,TRUE
"sphinganine","Method 2","OTKJDMGTUTTYMP-UHFFFAOYSA-N","CCCCCCCCCCCCCCCC(C(CO)N)O","3102-56-5","3014","HMDB0000269","C00836","3126",11,0.0179738562091503,0,0,TRUE,TRUE,TRUE,TRUE
"flavin adenine dinucleotide (FAD)","Method 3","VWWQXMAJTJZDQX-KUIMXZBMSA-N","OC(C(O)C(O)COP(OP(OC[C@H]1O[C@@H](N(C=N2)C3=C2C(N)=NC=N3)[C@H](O)[C@@H]1O)(O)=O)(O)=O)CN(C(C=C(C)C(C)=C4)=C4N=C5C(N6)=O)C5=NC6=O","146-14-5,84366-81-4","559059","HMDB0001248","C00016","643975",229,0.374183006535948,0,0,TRUE,TRUE,TRUE,TRUE
"fumarate","Method 4","VZCYOOQTPOCHFL-OWOJBTEDSA-N","OC(/C=C/C(O)=O)=O","100-17-8","10197150","HMDB0000134","C00122","444972",1,0.00163398692810458,0,0,TRUE,TRUE,TRUE,TRUE
"gamma-glutamylglutamate","Method 1","OWQDWQKWSLFFFR-UHFFFAOYSA-N","O=C(O)C(N)CCC(NC(C(O)=O)CCC(O)=O)=O","1116-22-9","83831","HMDB0011737","C05282","92865",91,0.148692810457516,0,0,TRUE,TRUE,TRUE,TRUE
"gluconate","Method 4","RGHNJXZEOKUKBD-SQOUGZDYSA-N","OC([C@H](O)[C@@H](O)[C@H](O)[C@H](O)CO)=O","527-07-1","10240","HMDB0000625","C00257","106,903,085,666",1,0.00163398692810458,0,0,TRUE,TRUE,TRUE,TRUE
"glutarate (C5-DC)","Method 4","JFCQEDHGNNZCLN-UHFFFAOYSA-N","OC(CCCC(O)=O)=O","110-94-1","3618533","HMDB0000661","C00489","7,434,418,048",0,0,0,0,TRUE,TRUE,TRUE,TRUE
"glycine","Method 1","DHMQDGOQFOQNFH-UHFFFAOYSA-N","NCC(O)=O","56-40-6","730","HMDB0000123","C00037","750",0,0,0,0,TRUE,TRUE,TRUE,TRUE
"glycocholate","Method 3","RFDAIACWWDREDC-FRVQLJSFSA-N","O=C(CNC(CC[C@H]([C@@H]1[C@@]2(C)[C@@H](O)C[C@]3([H])[C@@]4(C)CC[C@@H](O)C[C@@]4([H])C[C@@H](O)[C@@]3([H])[C@]2([H])CC1)C)=O)O","475-31-0,863-57-0","9734","HMDB0000138","C01921","10140",0,0,0,0,TRUE,TRUE,TRUE,TRUE
"guanidinoacetate","Method 4","BPMFZUMJYQTVII-UHFFFAOYSA-N","NC(NCC(O)=O)=N","352-97-6","743","HMDB0000128","C00581","763",0,0,0,0,TRUE,TRUE,TRUE,TRUE
"histidine","Method 3","HNDVDQJCIGZPNO-UHFFFAOYSA-N","NC(C(O)=O)CC1=CN=CN1","5934-29-2","752","HMDB0000177","C00135","6274",0,0,0,0,TRUE,TRUE,TRUE,TRUE
"cortisol","Method 3","JYGXADMDTFJGBT-VWUMJDOOSA-N","O[C@@]1([C@@](CO)=O)[C@]2(C)[C@](CC1)([H])[C@@](CCC3=CC4=O)([H])[C@]([C@@]3(C)CC4)([H])[C@@H](O)C2","50-23-7","","HMDB0000063","C00735","5754",3,0.00490196078431373,0,0,TRUE,TRUE,TRUE,TRUE
"hypotaurine","Method 1","VVIUBCNYACGLLV-UHFFFAOYSA-N","NCCS(O)=O","300-84-5","96959","HMDB0000965","C00519","107812",0,0,0,0,TRUE,TRUE,TRUE,TRUE
"inosine","Method 3","UGQMRVRMYYASKQ-KQYNXXCUSA-N","O[C@H]1[C@H](N2C(N=CN=C3O)=C3N=C2)O[C@H](CO)[C@H]1O","58-63-9","21241953","HMDB0000195","C00294","6021",2,0.00326797385620915,0,0,TRUE,TRUE,TRUE,TRUE
"myo-inositol","Method 4","CDAISMWEOUEBRE-GPIVLXJGSA-N","O[C@@H]1[C@@H](O)[C@H](O)[C@H](O)[C@H](O)[C@H]1O","87-89-8","10239179","HMDB0000211","C00137","892",0,0,0,0,TRUE,TRUE,TRUE,TRUE
"isoleucine","Method 1","AGPKZVBTJJNPAG-UHFFFAOYSA-N","NC(C(O)=O)C(C)CC","73-32-5","769","HMDB0000172","C06418,C00407,C16424","6306",0,0,0,0,TRUE,TRUE,TRUE,TRUE
"2-aminoadipate","Method 4","OYIFNHCXNCRBQI-UHFFFAOYSA-N","OC(CCCC(N)C(O)=O)=O","1118-90-7,542-32-5","456","HMDB0000510","C00956","92136",99,0.161764705882353,0,0,TRUE,TRUE,TRUE,TRUE
"3-sulfo-alanine","Method 4","XVOYSCVBGLVSOL-UHFFFAOYSA-N","O=C(O)C(N)CS(=O)(O)=O","498-40-8","65718","HMDB0002757","C00506","72886",30,0.0490196078431373,0,0,TRUE,TRUE,TRUE,TRUE
"citrulline","Method 1","RHGKLRLOHDJJDR-UHFFFAOYSA-N","NC(C(O)=O)CCCNC(N)=O","372-75-8","810","HMDB0000904","C00327","9750",0,0,0,0,TRUE,TRUE,TRUE,TRUE
"lactose","Method 4","GUBGYTABKSRVRQ-DCSYEGIMSA-N","O[C@H]1[C@H](O[C@H]2[C@H](O)[C@@H](O)[C@H](O)O[C@@H]2CO)O[C@H](CO)[C@H](O)[C@@H]1O","5965-66-2","5904","HMDB0041627","C01970","6134",153,0.25,0,0,TRUE,TRUE,TRUE,TRUE
"leucine","Method 1","ROHFNLRQFUQHCH-YFKPBYRVSA-N","O=C([C@H](CC(C)C)N)O","61-90-5","","HMDB0000687","C00123","6106",0,0,0,0,TRUE,TRUE,TRUE,TRUE
"lysine","Method 1","KDXKERNSBIXSRK-UHFFFAOYSA-N","NC(C(O)=O)CCCCN","56-87-1","5747","HMDB0003405","C00739,C00047","5962",0,0,0,0,TRUE,TRUE,TRUE,TRUE
"malate","Method 3","BJEPYKJPYRNKOW-UHFFFAOYSA-N","OC(C(O)=O)CC(O)=O","6915-15-7","510","HMDB0031518,HMDB0000156,HMDB0000744","C00149,C00711,C00497","525",0,0,0,0,TRUE,TRUE,TRUE,TRUE
"methionine","Method 1","FFEARJCKVFRZRR-UHFFFAOYSA-N","CSCCC(N)C(O)=O","63-68-3","5907","HMDB0000696","C00073","6137",0,0,0,0,TRUE,TRUE,TRUE,TRUE
"methylmalonate (MMA)","Method 4","ZIYVHBGGAOATLY-UHFFFAOYSA-N","O=C(C(C(O)=O)C)O","516-05-2","473","HMDB0000202","C02170","487",95,0.155228758169935,0,0,TRUE,TRUE,TRUE,TRUE
"palmitate (16:0)","Method 3","IPCSVZSSVZVIGE-UHFFFAOYSA-N","OC(CCCCCCCCCCCCCCC)=O","57-10-3","960","HMDB0000220","C00249","985",0,0,0,0,TRUE,TRUE,TRUE,TRUE
"nicotinamide","Method 1","DFPAKSUCGFBDDF-UHFFFAOYSA-N","NC(C1=CN=CC=C1)=O","98-92-0","911","HMDB0001406","C00153","936",0,0,0,0,TRUE,TRUE,TRUE,TRUE
"pelargonate (9:0)","Method 3","FBUKVWPVBMHYJY-UHFFFAOYSA-N","CCCCCCCCC(O)=O","112-05-0","4574394","HMDB0000847","C01601","8158",0,0,0,0,TRUE,TRUE,TRUE,TRUE
"stearate (18:0)","Method 3","QIQXTHQIDYTFRH-UHFFFAOYSA-N","CCCCCCCCCCCCCCCCCC(O)=O","57-11-4","5091","HMDB0000827","C01530","5281",0,0,0,0,TRUE,TRUE,TRUE,TRUE
"ornithine","Method 1","AHLPHDHHMVZTML-BYPYZUCNSA-N","O=C(O)[C@@H](N)CCCN","3184-13-2","6026","HMDB0000214","C00077","6262",0,0,0,0,TRUE,TRUE,TRUE,TRUE
"orotate","Method 4","PXQPEWDEAKTCGB-UHFFFAOYSA-N","O=C(C1=CC(O)=NC(O)=N1)O","50887-69-9","942","HMDB0000226","C00295","967",0,0,0,0,TRUE,TRUE,TRUE,TRUE
"palmitoleate (16:1n7)","Method 3","SECPZKHBENQXJG-FPLPWBNLSA-N","CCCCCC\C=C/CCCCCCCC(O)=O","373-49-9","393216","HMDB0003229","C08362","445638",0,0,0,0,TRUE,TRUE,TRUE,TRUE
"phenylalanine","Method 1","COLNVLDHVKWLRT-UHFFFAOYSA-N","NC(C(O)=O)CC1=CC=CC=C1","63-91-2","5910","HMDB0000159","C00079","6140",0,0,0,0,TRUE,TRUE,TRUE,TRUE
"phosphate","Method 1","NBIIXXVUZAFLBC-UHFFFAOYSA-N","O=P(O)(O)O","7664-38-2","1032","HMDB0001429","C00009","1061",0,0,0,0,TRUE,TRUE,TRUE,TRUE
"phytanate","Method 3","RLCKHJSFHOZMDR-UHFFFAOYSA-N","CC(CCCC(CCCC(CCCC(C)C)C)C)CC(O)=O","14721-66-5","10140204","HMDB0000801","C01607","26840",2,0.00326797385620915,0,0,TRUE,TRUE,TRUE,TRUE
"pristanate","Method 3","PAHGJZDQXIOYTH-UHFFFAOYSA-N","CC(C)CCCC(C)CCCC(C)CCCC(C)C(O)=O","1189-37-3","110458","HMDB0000795","","123929",251,0.410130718954248,0,0,TRUE,TRUE,FALSE,TRUE
"proline","Method 1","ONIBWKKTOPOVIA-UHFFFAOYSA-N","OC(C1CCCN1)=O","147-85-3","128566","HMDB0000162,HMDB0003411","C00148,C000763","8,988,145,742,614",0,0,0,0,TRUE,TRUE,TRUE,TRUE
"lactate","Method 4","JVTAAEKCZFNVCJ-UHFFFAOYSA-N","CC(O)C(O)=O","79-33-4","592","HMDB0000190","C00186","612",0,0,0,0,TRUE,TRUE,TRUE,TRUE
"pyridoxal","Method 1","RADKZDMFGJYCBB-UHFFFAOYSA-N","OC1=C(C)N=CC(CO)=C1C=O","65-22-5","1021","HMDB0001545","C00250","1050",11,0.0179738562091503,0,0,TRUE,TRUE,TRUE,TRUE
"retinol (vitamin A)","Method 2","FPIPGXGPPPQFEQ-OVSJKPMPSA-N","C/C(/C=C/C(C(C)(CCC1)C)=C1C)=C\C=C\C(C)=C\CO","68-26-8","393012","HMDB0000305","C00473","445354",0,0,0,0,TRUE,TRUE,TRUE,TRUE
"riboflavin (vitamin B2)","Method 3","AUNGANRZJHBGPY-UHFFFAOYSA-N","OC(C(O)C(O)CO)CN1C(C=C2C)=C(C=C2C)N=C(C(N3)=O)C1=NC3=O","83-88-5","431981","HMDB0000244","C00255","493570",10,0.0163398692810458,0,0,TRUE,TRUE,TRUE,TRUE
"salicylate","Method 4","YGSDEFSMJLZEOE-UHFFFAOYSA-N","OC1=C(C(O)=O)C=CC=C1","69-72-7","331","HMDB0001895","C00805","338",0,0,0,0,TRUE,TRUE,TRUE,TRUE
"serine","Method 1","MTCFGRXMJLQNBG-REOHCLBHSA-N","OC([C@@H](N)CO)=O","56-45-1","5736","HMDB0000187","C00065","5951",0,0,0,0,TRUE,TRUE,TRUE,TRUE
"serotonin","Method 1","QZAYGJVTTNCVMB-UHFFFAOYSA-N","NCCC1=CNC(C=C2)=C1C=C2O","153-98-0","5013","HMDB0000259","C00780","5202",35,0.0571895424836601,0,0,TRUE,TRUE,TRUE,TRUE
"taurine","Method 1","XOAAWQZATWQOTB-UHFFFAOYSA-N","NCCS(=O)(O)=O","107-35-7","1091","HMDB0000251","C00245","1123",0,0,0,0,TRUE,TRUE,TRUE,TRUE
"myristate (14:0)","Method 3","TUNFSRHWOTWDNC-UHFFFAOYSA-N","OC(CCCCCCCCCCCCC)=O","544-63-8","10539","HMDB0000806","C06424","11005",0,0,0,0,TRUE,TRUE,TRUE,TRUE
"urea","Method 1","XSQUKJJJFZCRTK-UHFFFAOYSA-N","O=C(N)N","57-13-6","1143","HMDB0000294","C00086","1176",0,0,0,0,TRUE,TRUE,TRUE,TRUE
"uridine","Method 3","DRTQHJPVMGBUCF-UHFFFAOYSA-N","OC1C(N(C=CC2=O)C(N2)=O)OC(CO)C1O","58-96-8","5807","HMDB0000296","C00299","6029",0,0,0,0,TRUE,TRUE,TRUE,TRUE
"2'-deoxyuridine","Method 3","MXHRCPNRJAMMIM-UHFFFAOYSA-N","O=C(NC1=O)N(C=C1)C(CC2O)OC2CO","951-78-0","13118","HMDB0000012","C00526","13712",14,0.0228758169934641,0,0,TRUE,TRUE,TRUE,TRUE
"trans-urocanate","Method 1","LOIYMIARKYCTBW-OWOJBTEDSA-N","O=C(O)/C=C/C1=CNC=N1","104-98-3","643824","HMDB0000301","C00785","736715",0,0,0,0,TRUE,TRUE,TRUE,TRUE
"glutamate","Method 1","WHUUTDBJXJRKMK-VKHMYHEASA-N","O=C(O)[C@@H](N)CCC(O)=O","56-86-0","591","HMDB0000148","C00025,C00217","33032",0,0,0,0,TRUE,TRUE,TRUE,TRUE
"glutamine","Method 1","ZDXPYRJPNDTMRX-VKHMYHEASA-N","OC([C@@H](N)CCC(N)=O)=O","56-85-9","5746","HMDB0000641","C00064","5961",0,0,0,0,TRUE,TRUE,TRUE,TRUE
"threonine","Method 1","AYFVYJQAPQTCCC-GBXIJSLDSA-N","N[C@H](C(O)=O)[C@H](O)C","72-19-5","6051","HMDB0000167","C00188","6288",0,0,0,0,TRUE,TRUE,TRUE,TRUE
"tryptophan","Method 1","QIVBCDIJIAJPQS-VIFPVBQESA-N","O=C(O)[C@@H](N)CC1=CNC2=C1C=CC=C2","73-22-3","6066","HMDB0000929","C00078","6305",0,0,0,0,TRUE,TRUE,TRUE,TRUE
"valine","Method 1","KZSNJWFQEVHDMF-BYPYZUCNSA-N","N[C@H](C(O)=O)C(C)C","72-18-4","6050","HMDB0000883","C00183","6287",1,0.00163398692810458,0,0,TRUE,TRUE,TRUE,TRUE
"glucose","Method 4","WQZGKKKJIJFFOK-DVKNGEFBSA-N","O[C@H]1O[C@H](CO)[C@@H](O)[C@H](O)[C@H]1O","50-99-7","71358","HMDB0000122","C00031","5793",0,0,0,0,TRUE,TRUE,TRUE,TRUE
"alpha-ketobutyrate","Method 4","TYEYBOSBBBHJIV-UHFFFAOYSA-N","OC(C(CC)=O)=O","600-18-0","2829426","HMDB0000005","C00109","58",119,0.194444444444444,0,0,TRUE,TRUE,TRUE,TRUE
"adenosine","Method 3","OIRDTQYFTABQOQ-KQYNXXCUSA-N","NC1=NC=NC2=C1N=CN2[C@@]3([H])[C@@](O)([H])[C@@](O)([H])[C@](CO)([H])O3","58-61-7","54923","HMDB0000050","C00212","60961",392,0.640522875816993,0,0,TRUE,TRUE,TRUE,TRUE
"betaine","Method 1","KWIUHFFTVRNATP-UHFFFAOYSA-N","O=C(C[N+](C)(C)C)[O-]","107-43-7","19,951,173,242","HMDB0000043","C00719","247",0,0,0,0,TRUE,TRUE,TRUE,TRUE
"cysteine","Method 1","XUJNEKJLAYXESH-REOHCLBHSA-N","SC[C@H](N)C(O)=O","56-89-3,52-90-4","5653","HMDB0000574","C00097","5862",0,0,0,0,TRUE,TRUE,TRUE,TRUE
"mannose","Method 4","WQZGKKKJIJFFOK-DXQLJALPSA-N","O[C@@H]1C(CO)O[C@@H](O)[C@@H](O)[C@H]1O","3458-28-4","141983","HMDB0000169","C00159,C02209,C00936","8,230,843,968,018,560,000,000",0,0,0,0,TRUE,TRUE,TRUE,TRUE
"dimethylglycine","Method 1","FFDGPVCHZBVARC-UHFFFAOYSA-N","CN(C)CC(O)=O","1118-68-9","653","HMDB0000092","C03626","673",0,0,0,0,TRUE,TRUE,TRUE,TRUE
"alanine","Method 1","QNAYBMKLOCPYGJ-REOHCLBHSA-N","O=C(O)[C@@H](N)C","56-41-7","5735","HMDB0000161","C00041","5950",0,0,0,0,TRUE,TRUE,TRUE,TRUE
"tyrosine","Method 1","OUYCCCASQSFEME-QMMMGPOBSA-N","N[C@@H](CC1=CC=C(O)C=C1)C(O)=O","60-18-4","5833","HMDB0000158","C00082","6057",0,0,0,0,TRUE,TRUE,TRUE,TRUE
"malonate","Method 4","OFOBLEOULBTSOW-UHFFFAOYSA-N","O=C(O)CC(O)=O","26522-22-85-0,141-82-2","844","HMDB0000691","C00383","867",7,0.011437908496732,0,0,TRUE,TRUE,TRUE,TRUE
"pseudouridine","Method 3","PTJWIQPHWPFNBW-GBNDHIKLSA-N","O[C@]1([H])[C@@](O)([H])[C@](CO)([H])O[C@]1(C2=CNC(NC2=O)=O)[H]","1445-07-4","21403010","HMDB0000767","C02067","15047",0,0,0,0,TRUE,TRUE,TRUE,TRUE
"pyruvate","Method 4","LCTONWCANYUPML-UHFFFAOYSA-N","CC(C(O)=O)=O","127-17-3","96901","HMDB0000243","C00022","1060",0,0,0,0,TRUE,TRUE,TRUE,TRUE
"uracil","Method 1","ISAKRJDGNUQOIC-UHFFFAOYSA-N","O=C(NC=C1)NC1=O","66-22-8","1141","HMDB0000300","C00106","1174",94,0.15359477124183,0,0,TRUE,TRUE,TRUE,TRUE
"xylose","Method 4","PYMYPHUHKUWMLA-VPENINKCSA-N","O=C[C@@H]([C@H]([C@@H](CO)O)O)O","609-06-3","85957","HMDB0000098","C00181","135191",220,0.359477124183007,0,0,TRUE,TRUE,TRUE,TRUE
"cytidine","Method 1","UHDGCWIWMRVCDJ-XVFCMESISA-N","OC[C@@H]1[C@H]([C@H]([C@H](N2C(N=C(C=C2)N)=O)O1)O)O","65-46-3","5940","HMDB0000089","C00475","6175",38,0.0620915032679739,0,0,TRUE,TRUE,TRUE,TRUE
"arabinose","Method 4","SRBFZHDQGSBBOR-SQOUGZDYSA-N","O[C@@H]1CO[C@@H](O)[C@@H](O)[C@@H]1O","28697-53-2","59687","HMDB0029942","C00216","66308",181,0.295751633986928,0,0,TRUE,TRUE,TRUE,TRUE
"cotinine","Method 1","UIKROCXWUNQSPJ-VIFPVBQESA-N","O=C1CC[C@@H]([C@]2=CN=CC=C2)N1C","486-56-6","746405","HMDB0001046","","408",415,0.678104575163399,0,0,TRUE,TRUE,FALSE,TRUE
"caffeine","Method 1","RYYVLZVUVIJVGH-UHFFFAOYSA-N","O=C(N(C)C1=C2N(C)C=N1)N(C)C2=O","58-08-2","2424","HMDB0001847","C07481","2519",4,0.0065359477124183,0,0,TRUE,TRUE,TRUE,TRUE
"fructose","Method 4","RFSUNEUAIZKAJO-ARQDHWQXSA-N","OC[C@@]1(O)O[C@H](CO)[C@@H](O)[C@@H]1O","57-48-7","5764","HMDB0000660","C00095","2723872",0,0,0,0,TRUE,TRUE,TRUE,TRUE
"adenine","Method 1","GFFGJBXGBJISGV-UHFFFAOYSA-N","NC1=NC=NC2=C1N=CN2","73-24-5","185","HMDB0000034","C00147","190",0,0,0,0,TRUE,TRUE,TRUE,TRUE
"cytosine","Method 1","OPTASPLRGRRNAP-UHFFFAOYSA-N","NC1=NC(NC=C1)=O","71-30-7","577","HMDB0000630","C00380","597",80,0.130718954248366,0,0,TRUE,TRUE,TRUE,TRUE
"caprate (10:0)","Method 3","GHVNFZFCNZKVNT-UHFFFAOYSA-N","CCCCCCCCCC(O)=O","334-48-5","2863","HMDB0000511","C01571","2969",0,0,0,0,TRUE,TRUE,TRUE,TRUE
"margarate (17:0)","Method 3","KEMQGTRYUADPNZ-UHFFFAOYSA-N","O=C(O)CCCCCCCCCCCCCCCC","506-12-7","10033","HMDB0002259","","10465",0,0,0,0,TRUE,TRUE,FALSE,TRUE
"nonadecanoate (19:0)","Method 3","ISYWECDDZWTKFF-UHFFFAOYSA-N","CCCCCCCCCCCCCCCCCCC(O)=O","646-30-0","12071","HMDB0000772","C16535","12591",0,0,0,0,TRUE,TRUE,TRUE,TRUE
"arachidate (20:0)","Method 3","VKOBVWXKNCXXDE-UHFFFAOYSA-N","CCCCCCCCCCCCCCCCCCCC(O)=O","506-30-9","10035","HMDB0002212","C06425","10467",0,0,0,0,TRUE,TRUE,TRUE,TRUE
"maltose","Method 4","GUBGYTABKSRVRQ-ASMJPISFSA-N","O[C@@H]1[C@H]([C@H](O[C@@H]([C@H]1O)CO)O[C@H]2[C@@H]([C@H]([C@H](O[C@@H]2CO)O)O)O)O","6363-53-7","388469","HMDB0000163","C00208","10991489",91,0.148692810457516,0,0,TRUE,TRUE,TRUE,TRUE
"ribose","Method 4","PYMYPHUHKUWMLA-LMVFSUKVSA-N","O=C[C@@H]([C@@H]([C@@H](CO)O)O)O","50-69-1","4470639","HMDB0000283","C00121","5779",411,0.67156862745098,0,0,TRUE,TRUE,TRUE,TRUE
"asparagine","Method 1","DCXYFEDJOCDNAF-REOHCLBHSA-N","NC(C[C@H](N)C(O)=O)=O","70-47-3","6031","HMDB0000168","C00152","6267",0,0,0,0,TRUE,TRUE,TRUE,TRUE
"N-stearoyl-sphinganine (d18:0/18:0)*","Method 2","KZTJQXAANJHSCE-OIDHKYIRSA-N","CCCCCCCCCCCCCCCCCC(N[C@H]([C@H](O)CCCCCCCCCCCCCCC)CO)=O","2304-80-5","4446686","HMDB0011761","","5283573",23,0.0375816993464052,0,0,TRUE,TRUE,FALSE,TRUE
"dihydroorotate","Method 4","UFIVEPVSAGBUSI-UHFFFAOYSA-N","O=C(C(NC1=O)CC(N1)=O)O","155-54-4","628","HMDB03349","C00337","648",1,0.00163398692810458,0,0,TRUE,TRUE,TRUE,TRUE
"heptanoate (7:0)","Method 3","MNWFXJYAOYHMED-UHFFFAOYSA-N","CCCCCCC(O)=O","111-14-8","7803","HMDB0000666","C17714","8094",1,0.00163398692810458,0,0,TRUE,TRUE,TRUE,TRUE
"caproate (6:0)","Method 3","FUZZWVXGSFPDMH-UHFFFAOYSA-N","CCCCCC(O)=O","142-62-1","8552","HMDB0000535","C01585","8892",0,0,0,0,TRUE,TRUE,TRUE,TRUE
"caprylate (8:0)","Method 3","WWZKQHOCKIZLMA-UHFFFAOYSA-N","CCCCCCCC(O)=O","124-07-2","370","HMDB0000482","C06423","379",0,0,0,0,TRUE,TRUE,TRUE,TRUE
"sucrose","Method 4","CZMRCDWAGMRECN-UGDNZRGBSA-N","OC[C@]1(O[C@@H]2[C@@H]([C@H]([C@@H]([C@H](O2)CO)O)O)O)[C@H]([C@@H]([C@@H](CO)O1)O)O","57-50-1","5768","HMDB0000258","C00089","5988",86,0.140522875816993,0,0,TRUE,TRUE,TRUE,TRUE
"pentadecanoate (15:0)","Method 3","WQEPLUUGTLDZJY-UHFFFAOYSA-N","O=C(O)CCCCCCCCCCCCCC","10002-84-2,1002-84-2","13249","HMDB0000826","C16537","13849",0,0,0,0,TRUE,TRUE,TRUE,TRUE
"trans-4-hydroxyproline","Method 1","PMMYEEVYMWASQN-DMTCNVIQSA-N","O[C@@H]1C[C@@H](C(O)=O)NC1","51-35-4","5605","HMDB0000725","C01157","5810",0,0,0,0,TRUE,TRUE,TRUE,TRUE
"allantoin","Method 4","POJWUDADGALRAB-UHFFFAOYSA-N","O=C(N1)C(NC(N)=O)NC1=O","97-59-6","199","HMDB0000462","C02348,C01551,C02350","439,714,204,439,713",0,0,0,0,TRUE,TRUE,TRUE,TRUE
"xanthine","Method 4","LRFVTYWOQMYALW-UHFFFAOYSA-N","O=C(N1)C(N=CN2)=C2NC1=O","69-89-6","1151","HMDB0000292","C00385","1188",0,0,0,0,TRUE,TRUE,TRUE,TRUE
"5-oxoproline","Method 3","ODHCTXKNWHHXJC-VKHMYHEASA-N","O=C1CC[C@@H]([C@@](O)=O)N1","98-79-3","7127","HMDB0000267","C02237,C01879","4,396,857,405",0,0,0,0,TRUE,TRUE,TRUE,TRUE
"picolinate","Method 1","SIOXPEMLGUPBBT-UHFFFAOYSA-N","O=C(O)C1=NC=CC=C1","98-98-6","993","HMDB0002243","C10164","1018",1,0.00163398692810458,0,0,TRUE,TRUE,TRUE,TRUE
"sarcosine","Method 1","FSYKKLYZXJSNPZ-UHFFFAOYSA-N","CNCC(O)=O","107-97-1","1057","HMDB0000271","C00213","1088",1,0.00163398692810458,0,0,TRUE,TRUE,TRUE,TRUE
"pantothenate","Method 3","GHOKWGTUZJEAQD-ZETCQYMHSA-N","O=C(NCCC(O)=O)[C@H](O)C(C)(C)CO","137-08-6","6361","HMDB0000210","C00864","6613",0,0,0,0,TRUE,TRUE,TRUE,TRUE
"pipecolate","Method 1","HXEACLLIILLPRG-UHFFFAOYSA-N","OC(C1NCCCC1)=O","4043-87-2","","HMDB0000070","","",0,0,0,0,TRUE,TRUE,FALSE,TRUE
"phosphoethanolamine","Method 1","SUHOOTKUPISOBE-UHFFFAOYSA-N","NCCOP(O)(O)=O","1071-23-4","990","HMDB0000224","C00346","1015",21,0.0343137254901961,0,0,TRUE,TRUE,TRUE,TRUE
"glycerate","Method 4","RBNPOMFGQQGHHO-UHFFFAOYSA-N","O=C(O)C(O)CO","600-19-1","732","HMDB0000139,HMDB0006372","C00258","439,194,752",0,0,0,0,TRUE,TRUE,TRUE,TRUE
"3-ureidopropionate","Method 1","JSJWCHRYRHKBBW-UHFFFAOYSA-N","OC(CCNC(N)=O)=O","462-88-4","109","HMDB0000026","C02642","111",0,0,0,0,TRUE,TRUE,TRUE,TRUE
"N-acetylleucine","Method 3","WXNXCEHXYPACJF-ZETCQYMHSA-N","O=C(O)[C@H](CC(C)C)NC(C)=O","1188-21-2","64075","HMDB0011756","C02710","70912",8,0.0130718954248366,0,0,TRUE,TRUE,TRUE,TRUE
"N-acetylmethionine","Method 3","XUYPXLNMDZIRQH-LURJTMIESA-N","O=C(O)[C@H](CCSC)NC(C)=O","65-82-7","395338","HMDB0011745","C02712","448580",0,0,0,0,TRUE,TRUE,TRUE,TRUE
"N-acetylvaline","Method 3","IHYJTAOFMMMOPX-LURJTMIESA-N","O=C(O)[C@@H](NC(C)=O)C(C)C","96-81-1","60154","HMDB0011757","","66789",0,0,0,0,TRUE,TRUE,FALSE,TRUE
"erucate (22:1n9)","Method 3","DPUOLQHDNGRHBS-KTKRTIGZSA-N","OC(CCCCCCCCCCC\C=C/CCCCCCCC)=O","112-86-7","7924","HMDB0002068","C08316","82,165,281,116",0,0,0,0,TRUE,TRUE,TRUE,TRUE
"bilirubin (Z,Z)","Method 2","BPYKTIZUTYGOLE-KDUUSRDASA-N","CC(C(N\1)=O)=C(C=C)C1=C/C2=C(C)C(CCC(O)=O)=C(CC3=C(CCC(O)=O)C(C)=C(/C=C4NC(C(C=C)=C/4C)=O)N3)N2","635-65-4","4444055","HMDB0000054","C00486","5280352",0,0,0,0,TRUE,TRUE,TRUE,TRUE
"thyroxine","Method 3","XUIIKFGFIJCVMT-LBPRGKRZSA-N","OC1=C(I)C=C(OC2=C(I)C=C(C[C@H](N)C(O)=O)C=C2I)C=C1I","51-48-9","5614","HMDB0000248","C01829","5819",0,0,0,0,TRUE,TRUE,TRUE,TRUE
"guanosine","Method 3","NYHBQMYGNKIUIF-UUOKFMHZSA-N","O=C1C(N=CN2[C@@]3([H])[C@@](O)([H])[C@@](O)([H])[C@](CO)([H])O3)=C2N=C(N)N1","118-00-3","6544","HMDB0000133","C00387","6802",17,0.0277777777777778,0,0,TRUE,TRUE,TRUE,TRUE
"gamma-glutamyltyrosine","Method 3","VVLXCWVSSLFQDS-QWRGUYRKSA-N","OC(C=C1)=CC=C1C[C@@H](C(O)=O)NC(CC[C@@H](C(O)=O)N)=O","7432-23-7","85142","HMDB0011741","","94340",0,0,0,0,TRUE,TRUE,FALSE,TRUE
"methyl indole-3-acetate","Method 1","KTHADMDGDNYQRX-UHFFFAOYSA-N","O=C(OC)CC1=CNC2=C1C=CC=C2","1912-33-0","67279","HMDB0029738","","74706",8,0.0130718954248366,0,0,TRUE,TRUE,FALSE,TRUE
"alpha-tocopherol","Method 2","GVJHHUAWPYXKBD-IEOSBIPESA-N","CC1=C2C(O[C@@](CCC[C@H](C)CCC[C@H](C)CCC[C@H](C)C)(C)CC2)=C(C)C(C)=C1O","10191-41-0,59-02-9","14265","HMDB0001893","C02477","86472",0,0,0,0,TRUE,TRUE,TRUE,TRUE
"N-carbamoylaspartate","Method 1","HLKXYZVTANABHZ-REOHCLBHSA-N","OC([C@H](CC(O)=O)NC(N)=O)=O","923-37-5","4573859","HMDB0000828","C00438","93072",567,0.926470588235294,0,0,TRUE,TRUE,TRUE,TRUE
"N-acetylalanine","Method 4","KTHDTJVBEPMMGL-VKHMYHEASA-N","O=C(O)[C@@H](NC(C)=O)C","97-69-8","79449","HMDB0000766","C02847","88064",0,0,0,0,TRUE,TRUE,TRUE,TRUE
"vanillylmandelate (VMA)","Method 3","CGQCWMIAEPEHNQ-UHFFFAOYSA-N","OC(C(O)=O)C1=CC=C(O)C(OC)=C1","55-10-7","1207","HMDB0000291","C05584","1245",4,0.0065359477124183,0,0,TRUE,TRUE,TRUE,TRUE
"4-acetamidobutanoate","Method 1","UZTFMUBKZQVKLK-UHFFFAOYSA-N","CC(NCCCC(O)=O)=O","3025-96-5","17180","HMDB0003681","C02946","18189",0,0,0,0,TRUE,TRUE,TRUE,TRUE
"3-aminoisobutyrate","Method 1","QCHPKSFMDHPSNR-UHFFFAOYSA-N","O=C(O)C(C)CN","214139-20-5,10569-72-9","58481","HMDB0002166","C05145","64956",0,0,0,0,TRUE,TRUE,TRUE,TRUE
"chenodeoxycholate","Method 3","RUDATBOHQWOJDD-LXEZOOAESA-N","C[C@]12CC[C@]3([H])[C@@]4(C)CC[C@@H](O)C[C@@]4([H])C[C@@H](O)[C@@]3([H])[C@]1([H])CC[C@@]2(C(CCC(O)=O)C)[H]","474-25-9,474-24-9","","HMDB0000518","C02528","10133",37,0.0604575163398693,0,0,TRUE,TRUE,TRUE,TRUE
"citrate","Method 3","KRKNYBCHXYNGOX-UHFFFAOYSA-N","OC(CC(CC(O)=O)(O)C(O)=O)=O","77-92-9","305","HMDB0000094","C00158","311",0,0,0,0,TRUE,TRUE,TRUE,TRUE
"5,6-dihydrouracil","Method 3","OIVLITBTBDPEFK-UHFFFAOYSA-N","O=C(CCN1)NC1=O","504-07-4","629","HMDB0000076","C00429","649",52,0.0849673202614379,0,0,TRUE,TRUE,TRUE,TRUE
"2-aminobutyrate","Method 1","QWCKQJZIFLGMSD-GSVOUGTGSA-N","N[C@H](CC)C(O)=O","1492-24-6","388757","HMDB0000452","C02356","80283",0,0,0,0,TRUE,TRUE,TRUE,TRUE
"urate","Method 3","LEHOTFFKMJEONL-UHFFFAOYSA-N","O=C1NC(NC(NC2=O)=O)=C2N1","120K5305,69-93-2","","HMDB0000289","C00366","1175",0,0,0,0,TRUE,TRUE,TRUE,TRUE
"ursodeoxycholate","Method 3","RUDATBOHQWOJDD-UZVSRGJWSA-N","O[C@@H]1[C@@]2([H])[C@]3([H])CC[C@@]([C@@H](CCC(O)=O)C)([H])[C@@]3(C)CC[C@]2([H])[C@@]4(C)CC[C@@H](O)C[C@@]4([H])C1","128-13-2","29131","HMDB0000946","C07880","31401",28,0.0457516339869281,0,0,TRUE,TRUE,TRUE,TRUE
"valerate (5:0)","Method 3","NQPDZGIKBAWPEJ-UHFFFAOYSA-N","OC(CCCC)=O","109-52-4","7701","HMDB0000892","C00803","7991",200,0.326797385620915,0,0,TRUE,TRUE,TRUE,TRUE
"oleoyl ethanolamide","Method 3","BOWVQLFMWHZBEF-KTKRTIGZSA-N","O=C(NCCO)CCCCCCC/C=C\CCCCCCCC","111-58-0,11-58-0","4446574","HMDB0002088","","5283454",0,0,0,0,TRUE,TRUE,FALSE,TRUE
"gamma-glutamylglutamine","Method 1","JBFYFLXEJFQWMU-WDSKDSINSA-N","O=C(N)CC[C@@H](C(O)=O)NC(CC[C@@H](C(O)=O)N)=O","10148-81-9","133013","HMDB0011738","C05283","150914",0,0,0,0,TRUE,TRUE,TRUE,TRUE
"4-hydroxyphenylpyruvate","Method 3","KKADPXVIOXHVKN-UHFFFAOYSA-N","OC1=CC=C(CC(C(O)=O)=O)C=C1","156-39-8","954","HMDB0000707","C01179","979",0,0,0,0,TRUE,TRUE,TRUE,TRUE
"butyrate/isobutyrate (4:0)","Method 3","FERIUCNNQQJTOY-UHFFFAOYSA-N","OC(CCC)=O","109-92-6","259","HMDB0000039","C00246","264",0,0,0,0,TRUE,TRUE,TRUE,TRUE
"N-acetylneuraminate","Method 1","SQVRNKJHWKZAKO-UHFFFAOYSA-N","OC1(C(O)=O)CC(O)C(NC(C)=O)C(C(O)C(O)CO)O1","131-48-6","10292217","HMDB0000230","C00270","439197",0,0,0,0,TRUE,TRUE,TRUE,TRUE
"isocitrate","Method 1","ODBLHEXUDAPZAU-OKKQSCSOSA-N","OC(C[C@@H]([C@H](O)C(O)=O)[C@@](O)=O)=O","20226-99-7","1161","HMDB0001874","C00451","5318532",3,0.00490196078431373,0,0,TRUE,TRUE,TRUE,TRUE
"N-acetylglucosaminylasparagine","Method 1","YTTRPBWEMMPYSW-VFFCQLMOSA-N","O[C@H]1[C@H](O)[C@@H](CO)O[C@@H](NC(CC(N)C(O)=O)=O)[C@@H]1NC(C)=O","2776-93-4","21403014","HMDB0000489","C04540","123826",5,0.00816993464052288,0,0,TRUE,TRUE,TRUE,TRUE
"acetoacetate","Method 1","WDJHALXBUFZDSR-UHFFFAOYSA-N","O=C(CC(C)=O)O","02/11/3483","94","HMDB0000060","C00164","96",54,0.0882352941176471,0,0,TRUE,TRUE,TRUE,TRUE
"creatine","Method 1","CVSVTCORWBXHQV-UHFFFAOYSA-N","CN(C(N)=N)CC(O)=O","57-00-1","566","HMDB0000064","C00300","586",0,0,0,0,TRUE,TRUE,TRUE,TRUE
"cys-gly, oxidized","Method 1","KDJVKDYFFTWHBO-UHFFFAOYSA-N","O=C(NCC(O)=O)C(N)CSSCC(N)C(NCC(O)=O)=O","7729-20-6","295316","","","333293",4,0.0065359477124183,0,0,TRUE,FALSE,FALSE,TRUE
"dihomo-linoleate (20:2n6)","Method 3","XSXIVVZCUAHUJO-HZJYTTRNSA-N","O=C(O)CCCCCCCCC/C=C\C/C=C\CCCCC","2091-39-6","4944228","HMDB0005060","C16525","6439848",0,0,0,0,TRUE,TRUE,TRUE,TRUE
"gamma-glutamylhistidine","Method 1","PXVCMZCJAUJLJP-YUMQZZPRSA-N","O=C(O)[C@@H](N)CCC(N[C@@H](CC1=CNC=N1)C(O)=O)=O","37460-15-4","5380197","HMDB0029151","","7017195",0,0,0,0,TRUE,TRUE,FALSE,TRUE
"2-hydroxystearate","Method 3","KIHBGTRZFAVZRV-QGZVFWFLSA-N","OC([C@H](O)CCCCCCCCCCCCCCCC)=O","629-22-1","62625","HMDB0062549","C03042,C03045","43,988,743,988,569,400",0,0,0,0,TRUE,TRUE,TRUE,TRUE
"N1-methyladenosine","Method 1","GFYLSDSUCHVORB-IOSLPCCCSA-N","N=C1C2=C(N([C@@]3([H])[C@@](O)([H])[C@@](O)([H])[C@](CO)([H])O3)C=N2)N=CN1C","15763-06-1","4573813","HMDB0003331","C02494","27476",0,0,0,0,TRUE,TRUE,TRUE,TRUE
"glycerol","Method 3","PEDCQBHIVMGVHV-UHFFFAOYSA-N","OC(CO)CO","56-81-5","733","HMDB0000131","C00116","753",0,0,0,0,TRUE,TRUE,TRUE,TRUE
"choline","Method 1","CRBHXDCYXIISFC-UHFFFAOYSA-N","[O-]CC[N+](C)(C)C","67-48-1","149278","HMDB0000097","C00114","305",0,0,0,0,TRUE,TRUE,TRUE,TRUE
"anthranilate","Method 1","RWZYAGGXGHYGMB-UHFFFAOYSA-N","OC(C1=CC=CC=C1N)=O","118-92-3","222","HMDB0001123","C00108","227",2,0.00326797385620915,0,0,TRUE,TRUE,TRUE,TRUE
"12-HHTrE","Method 3","KUKJHGXXZWHSBG-WBGSEQOASA-N","O[C@@H](CCCCC)/C=C/C=C/C/C=C\CCCC(O)=O","54397-84-1","4446265","HMDB0012535","C20388","5283141",225,0.367647058823529,0,0,TRUE,TRUE,TRUE,TRUE
"gamma-glutamylleucine","Method 1","MYFMARDICOWMQP-YUMQZZPRSA-N","CC(C)C[C@@H](C(O)=O)NC(CC[C@@H](C(O)=O)N)=O","2566-39-4","133115","HMDB0011171","","151023",0,0,0,0,TRUE,TRUE,FALSE,TRUE
"thromboxane B2","Method 3","XNRNNGPBEPRNAR-JQBLCGNGSA-N","OC(O1)C[C@H](O)[C@H](C/C=C\CCCC(O)=O)[C@H]1/C=C/[C@@H](O)CCCCC","54397-85-2","4446261","HMDB0003252","C05963","5283137",462,0.754901960784314,0,0,TRUE,TRUE,TRUE,TRUE
"3-methoxytyrosine","Method 1","PFDUUKDQEHURQC-ZETCQYMHSA-N","COC1=C(O)C=CC(C[C@@H](C(O)=O)N)=C1","300-48-1","8948","HMDB0001434","","9307",0,0,0,0,TRUE,TRUE,FALSE,TRUE
"fluoxetine","Method 2","RTHCYVBBDHJXIQ-UHFFFAOYSA-N","FC(F)(F)C(C=C1)=CC=C1OC(C2=CC=CC=C2)CCNC","59333-67-4","3269","HMDB0014615","D00326","3386",598,0.977124183006536,0,0,TRUE,TRUE,TRUE,TRUE
"4-acetamidophenol","Method 3","RZVAJINKPMORJF-UHFFFAOYSA-N","OC1=CC=C(NC(C)=O)C=C1","103-90-2","1906","HMDB0001859","C06804","1983",371,0.606209150326797,0,0,TRUE,TRUE,TRUE,TRUE
"naproxen","Method 3","CMWTZPSULFXXJA-VIFPVBQESA-N","COC1=CC=C2C(C=CC([C@H](C)C(O)=O)=C2)=C1","22204-53-1","137720","HMDB0001923","C01517","156391",589,0.962418300653595,0,0,TRUE,TRUE,TRUE,TRUE
"topiramate","Method 3","KJADKKWYZYXHBB-UHFFFAOYSA-N","CC1(OC2COC3(OC(C)(OC3C2O1)C)COS(N)(=O)=O)C","97240-79-4","4447672","HMDB0005034","D00537","5284627",605,0.988562091503268,0,0,TRUE,TRUE,TRUE,TRUE
"beta-hydroxyisovalerate","Method 3","AXFYFNCPONWUHW-UHFFFAOYSA-N","CC(C)(O)CC(O)=O","625-08-1","62571","HMDB0000754","","69362",0,0,0,0,TRUE,TRUE,FALSE,TRUE
"ibuprofen","Method 3","HEFNNWSXXWATRW-UHFFFAOYSA-N","CC(C1=CC=C(CC(C)C)C=C1)C(O)=O","15687-27-1","3544","HMDB0001925","C01588","3672",587,0.959150326797386,0,0,TRUE,TRUE,TRUE,TRUE
"arachidonoyl ethanolamide","Method 2","LGEQQWMQCRIYKG-DOFZRALJSA-N","O=C(NCCO)CCC/C=C\C/C=C\C/C=C\C/C=C\CCCCC","94421-68-8","4445241","HMDB0004080","C11695","5281969",310,0.506535947712418,0,0,TRUE,TRUE,TRUE,TRUE
"palmitoyl ethanolamide","Method 3","HXYVTAGFYLMHSO-UHFFFAOYSA-N","CCCCCCCCCCCCCCCC(NCCO)=O","544-31-0","4509","HMDB0002100","C16512","4671",0,0,0,0,TRUE,TRUE,TRUE,TRUE
"N-linoleoylglycine","Method 3","YCRHZEHWEYAHCO-HZJYTTRNSA-N","O=C(O)CNC(CCCCCCC/C=C\C/C=C\CCCCC)=O","06/03/2764","4938516","","","6433346",132,0.215686274509804,0,0,TRUE,FALSE,FALSE,TRUE
"N-palmitoyl-sphingosine (d18:1/16:0)","Method 2","YDNKGFDKKRUKPY-TURZORIXSA-N","OC[C@@H]([C@H](O)/C=C/CCCCCCCCCCCCC)NC(CCCCCCCCCCCCCCC)=O","24696-26-2","4446677","HMDB0004949","","5283564",0,0,0,0,TRUE,TRUE,FALSE,TRUE
"1-palmitoyl-2-oleoyl-GPE (16:0/18:1)","Method 2","FHQVHHIBKUMWTI-OTMQOFQLSA-N","CCCCCCCC\C=C/CCCCCCCC(O[C@](COC(CCCCCCCCCCCCCCC)=O)(COP([O-])(OCC[N+]([H])([H])[H])=O)[H])=O","26662-94-2","4446615","HMDB0005320","","5283496",0,0,0,0,TRUE,TRUE,FALSE,TRUE
"1-palmitoyl-2-linoleoyl-GPI (16:0/18:2)","Method 2","BSNJSZUDOMPYIR-DMDPBSJXSA-N","O=C(CCCCCCC/C=C\C/C=C\CCCCC)O[C@@H](COP(OC1C(O)C(O)C(O)C(O)C1O)(O)=O)COC(CCCCCCCCCCCCCCC)=O","","21403024","HMDB0009784","","46891795",0,0,0,0,TRUE,TRUE,FALSE,TRUE
"1-palmitoyl-2-linoleoyl-GPC (16:0/18:2)","Method 2","JLPULHDHAOZNQI-ZTIMHPMXSA-N","O=P([O-])(OC[C@@H](COC(CCCCCCCCCCCCCCC)=O)OC(CCCCCCC/C=C\C/C=C\CCCCC)=O)OCC[N+](C)(C)C","40811-94-7","4450224","HMDB0007973","","5287971",0,0,0,0,TRUE,TRUE,FALSE,TRUE
"stearoyl sphingomyelin (d18:1/18:0)","Method 2","LKQLRGMMMAHREN-YJFXYUILSA-N","CCCCCCCCCCCCCCCCCC(N[C@@](COP([O-])(OCC[N+](C)(C)C)=O)([C@](O)(/C=C/CCCCCCCCCCCCC)[H])[H])=O","85187-10-6,85187-10-6","4956085","HMDB0001348","C00550","6453725",0,0,0,0,TRUE,TRUE,TRUE,TRUE
"1-palmitoyl-2-oleoyl-GPC (16:0/18:1)","Method 2","WTJKGGKOPKCXLL-PFDVCBLKSA-N","O=C(CCCCCCC/C=C\CCCCCCCC)O[C@@H](COC(CCCCCCCCCCCCCCC)=O)COP(OCC[N+](C)(C)C)([O-])=O","26853-31-6,26853-31-6","4940699","HMDB0007972","C13875","6436017",0,0,0,0,TRUE,TRUE,TRUE,TRUE
"N-stearoyl-sphingosine (d18:1/18:0)*","Method 2","VODZWWMEJITOND-NXCSZAMKSA-N","OC[C@H](NC(CCCCCCCCCCCCCCCCC)=O)[C@H](O)/C=C/CCCCCCCCCCCCC","104404-17-3","4446678","HMDB0004950","","5283565",38,0.0620915032679739,0,0,TRUE,TRUE,FALSE,TRUE
"glycochenodeoxycholate","Method 3","GHCZAUBVMUEKKP-AZDOMVTHSA-N","O=C(NCC(O)=O)CC[C@@H](C)[C@@H]1[C@](CC[C@H]2[C@@]3([H])[C@H](O)C[C@@]4([H])C2(C)CC[C@@H](O)C4)(C)[C@]3([H])CC1","16564-43-5","","HMDB0000637","C05466","12544",0,0,0,0,TRUE,TRUE,TRUE,TRUE
"taurochenodeoxycholate","Method 3","BHTRKEVKTKCXOH-BJLOMENOSA-N","C[C@@]12[C@@]([H])(CC[C@@]2([C@@H](CCC(NCCS(O)(=O)=O)=O)C)[H])[C@@]([C@@H](C[C@]3([H])C[C@H](O)CC4)O)([H])[C@]([C@]34C)([H])CC1","6009-98-9","343282","HMDB0000951","C05465","387316",0,0,0,0,TRUE,TRUE,TRUE,TRUE
"taurocholate","Method 3","WBWWGRHZICKQGZ-HGVCTONRSA-N","C[C@@]12[C@@]([H])(CC[C@]2([H])[C@@H](CCC(NCCS(O)(=O)=O)=O)C)[C@@]([C@H](O)C[C@@]3([H])[C@@]4(CC[C@@H](O)C3)C)([H])[C@@]4([H])C[C@@H]1O","145-42-6","","HMDB0000036","C05122","667,546,783,527",3,0.00490196078431373,0,0,TRUE,TRUE,TRUE,TRUE
"taurodeoxycholate","Method 2","AWDRATDZQPNJFN-RZGBOAIJSA-N","C[C@@]12[C@@]([H])(CC[C@]2([H])[C@@H](CCC(NCCS(O)(=O)=O)=O)C)[C@@](CC[C@@]3([H])[C@@]4(CC[C@@H](O)C3)C)([H])[C@@]4([H])C[C@@H]1O","207737-97-1","2015539","HMDB0000896","C05463","2733768",305,0.498366013071895,0,0,TRUE,TRUE,TRUE,TRUE
"2-hydroxyhippurate (salicylurate)","Method 3","ONJSZLXSECQROL-UHFFFAOYSA-N","O=C(C1=CC=CC=C1O)NCC(O)=O","487-54-7","9835","HMDB0000840","C07588","10253",4,0.0065359477124183,0,0,TRUE,TRUE,TRUE,TRUE
"metoprolol","Method 1","IUBSYMUCCVWXPE-UHFFFAOYSA-N","COCCC1=CC=C(OCC(O)CNC(C)C)C=C1","56392-17-7","4027","HMDB0001932","D02358","4171",570,0.931372549019608,0,0,TRUE,TRUE,TRUE,TRUE
"azelate (C9-DC)","Method 3","BDJRBEYXGGNYIS-UHFFFAOYSA-N","O=C(O)CCCCCCCC(O)=O","123-99-9","2179","HMDB0000784","C08261","2266",19,0.0310457516339869,0,0,TRUE,TRUE,TRUE,TRUE
"3-(N-acetyl-cystein-S-yl) acetaminophen","Method 3","DVPRQNKJGQEICH-JTQLQIEISA-N","O=C(C)NC1=CC(SC[C@@H](C(O)=O)NC(C)=O)=C(O)C=C1","52372-86-8","75765","","","83967",426,0.696078431372549,0,0,TRUE,FALSE,FALSE,TRUE
"4-acetaminophen sulfate","Method 3","IGTYILLPRJOVFY-UHFFFAOYSA-N","CC(NC1=CC=C(OS(=O)(O)=O)C=C1)=O","32113-41-0,10066-90-7","75741","HMDB0059911","C06804","83939",332,0.542483660130719,0,0,TRUE,TRUE,TRUE,TRUE
"eicosapentaenoate (EPA; 20:5n3)","Method 3","JAZBEHYOTPTENJ-JLNKQSITSA-N","O=C(O)CCC\C=C/C/C=C\C/C=C\C/C=C\C/C=C\CC","10-2005-9,10417-94-4","393682","HMDB0001999","C06428","446284",0,0,0,0,TRUE,TRUE,TRUE,TRUE
"methylsuccinate","Method 4","WXUAQHNMJWJLTG-UHFFFAOYSA-N","CC(C(O)=O)CC(O)=O","498-21-5","9922","HMDB0001844","","10349",1,0.00163398692810458,0,0,TRUE,TRUE,FALSE,TRUE
"ethylmalonate","Method 4","UKFXDFUAPNAMPJ-UHFFFAOYSA-N","CCC(C(O)=O)C(O)=O","601-75-2","11263","HMDB0000622","","11756",2,0.00326797385620915,0,0,TRUE,TRUE,FALSE,TRUE
"carnitine","Method 1","PHIQHXFUZVPYII-ZCFIWIBFSA-N","[O-]C(C[C@@H](O)C[N+](C)(C)C)=O","461-05-2","10455","HMDB0000062","C00487,C00308","288",0,0,0,0,TRUE,TRUE,TRUE,TRUE
"benzoate","Method 3","WPYMKLBDIGXBTP-UHFFFAOYSA-N","OC(C1=CC=CC=C1)=O","65-85-0","238","HMDB0001870","C00180","243",0,0,0,0,TRUE,TRUE,TRUE,TRUE
"3-phenylpropionate (hydrocinnamate)","Method 3","XMIIGOLPHOKFCH-UHFFFAOYSA-N","OC(CCC1=CC=CC=C1)=O","501-52-0","10181339","HMDB0000764","C05629","107",137,0.223856209150327,0,0,TRUE,TRUE,TRUE,TRUE
"phenylacetate","Method 3","WLJVXDMOQOGPHL-UHFFFAOYSA-N","O=C(O)CC1=CC=CC=C1","103-82-2","10181341","HMDB0000209","C07086","999",16,0.0261437908496732,0,0,TRUE,TRUE,TRUE,TRUE
"hippurate","Method 3","QIAFMBKCNZACKA-UHFFFAOYSA-N","O=C(C1=CC=CC=C1)NCC(O)=O","495-69-2","451","HMDB0000714","C01586","464",0,0,0,0,TRUE,TRUE,TRUE,TRUE
"xanthurenate","Method 3","FBZONXHGGPHHIY-UHFFFAOYSA-N","OC1=C2C(C(O)=CC(C(O)=O)=N2)=CC=C1","59-007","5497","HMDB0000881","C02470","5699",206,0.336601307189543,0,0,TRUE,TRUE,TRUE,TRUE
"suberate (C8-DC)","Method 4","TYFQFVWCELRYAO-UHFFFAOYSA-N","OC(CCCCCCC(O)=O)=O","505-48-6","10025","HMDB0000893","C08278","10457",165,0.269607843137255,0,0,TRUE,TRUE,TRUE,TRUE
"3-methyl-2-oxovalerate","Method 3","JVQYSWDUAOAHFM-UHFFFAOYSA-N","CCC(C)C(C(O)=O)=O","51829-07-3,1460-34-0","46","HMDB0000491","C03465,C06008,C00671","439,286,440,877",0,0,0,0,TRUE,TRUE,TRUE,TRUE
"methionine sulfoxide","Method 1","QEFRNWWLZKMPFJ-YGVKFDHGSA-N","O=C(O)[C@@H](N)CCS(C)=O","3226-65-1","139840","HMDB0002005","C02989","158980",0,0,0,0,TRUE,TRUE,TRUE,TRUE
"3-methylhistidine","Method 3","JDHILDINMRGULE-LURJTMIESA-N","N[C@H](C(O)=O)CC1=CN=CN1C","368-16-1","58494","HMDB0000479","C01152","64969",0,0,0,0,TRUE,TRUE,TRUE,TRUE
"4-acetamidophenylglucuronide","Method 3","IPROLSVTVHAQLE-UHFFFAOYSA-N","OC1C(C(O)=O)OC(OC2=CC=C(NC(C)=O)C=C2)C(O)C1O","120595-80-4","3239926","HMDB0010316","","402,266,183,944",383,0.625816993464052,0,0,TRUE,TRUE,FALSE,TRUE
"5-hydroxylysine","Method 1","YSMODUONRAFBET-AKGZTFGVSA-N","N[C@@H](CCC(O)CN)C(O)=O","13204-98-3","1002","HMDB0000450","C16741","3032849",0,0,0,0,TRUE,TRUE,TRUE,TRUE
"4-guanidinobutanoate","Method 1","TUHVEAJXIMEOSA-UHFFFAOYSA-N","N=C(N)NCCCC(O)=O","463-003,463-00-3","486","HMDB0003464","C01035","500",0,0,0,0,TRUE,TRUE,TRUE,TRUE
"glucuronate","Method 4","AEMOLEFTQBMNLQ-QIUUJYRFSA-N","O[C@@H]1O[C@H]([C@](O)=O)[C@@H](O)[C@H](O)[C@H]1O","207300-70-7","58552","HMDB0000127","C16245","441,478,236,779,769,000,000,000,000,000",0,0,0,0,TRUE,TRUE,TRUE,TRUE
"glycerol 3-phosphate","Method 1","AWUCVROLDVIAJX-UHFFFAOYSA-N","O=P(O)(OCC(CO)O)O","29849-82-9","734","HMDB0000126","C0093","754",4,0.0065359477124183,0,0,TRUE,TRUE,TRUE,TRUE
"imidazole lactate","Method 1","ACZFBYCNAVEFLC-UHFFFAOYSA-N","OC(C(O)=O)CC1=CN=CN1","14403-45-3","389128","HMDB0002320","C05568","793",0,0,0,0,TRUE,TRUE,TRUE,TRUE
"kynurenine","Method 1","YGPSJZOEDVAXAB-QMMMGPOBSA-N","N[C@H](C(O)=O)CC(C1=CC=CC=C1N)=O","2922-83-0","141580","HMDB0000684","C00328","161166",0,0,0,0,TRUE,TRUE,TRUE,TRUE
"glycerophosphorylcholine (GPC)","Method 1","SUHOQUVVVLNYQR-MRVPVSSYSA-N","O=P(OCC[N+](C)(C)C)([O-])OC[C@H](O)CO","28319-77-9","571409","HMDB0000086","C00670","71920",0,0,0,0,TRUE,TRUE,TRUE,TRUE
"N-acetylglutamate","Method 4","RFMMMVDNIPUKGG-YFKPBYRVSA-N","O=C(O)CC[C@@H](C(O)=O)NC(C)=O","03/08/5817","1266066","HMDB0001138","C00624","70914",0,0,0,0,TRUE,TRUE,TRUE,TRUE
"tartarate","Method 3","FEWJPZIEWOKRBE-JCYAYHJZSA-N","OC([C@H](O)[C@@H](O)C(O)=O)=O","87-69-4,6106-24-7","852","HMDB0000956,HMDB0062642","C00552,C02107,C00898","444,305,875",183,0.299019607843137,0,0,TRUE,TRUE,TRUE,TRUE
"xanthosine","Method 3","UBORTCNDUKBEOP-UUOKFMHZSA-N","OC1=C(N=CN2[C@@]3([H])[C@@](O)([H])[C@@](O)([H])[C@](CO)([H])O3)C2=NC(O)=N1","146-80-5","58484","HMDB0000299","C01762","64959",145,0.236928104575163,0,0,TRUE,TRUE,TRUE,TRUE
"ribitol","Method 4","HEBKCHPVOIAQTA-ZXFHETKHSA-N","OC[C@@H](O)[C@@H](O)[C@@H](O)CO","488-81-3","10254628","HMDB0002917,HMDB0001851,HMDB0000568,HMDB0000508","C00379,C01904,C00474,C00532","6912",9,0.0147058823529412,0,0,TRUE,TRUE,TRUE,TRUE
"2-isopropylmalate","Method 4","BITYXLXUCSKTJS-UHFFFAOYSA-N","OC(CC(O)=O)(C(C)C)C(O)=O","3237-44-3","76","HMDB0000402","C02504","77",186,0.303921568627451,0,0,TRUE,TRUE,TRUE,TRUE
"glycodeoxycholate","Method 2","WVULKSPCQVQLCU-BUXLTGKBSA-N","O=C(NCC(O)=O)CC[C@@H](C)[C@@H]1[C@@]2(C)[C@@H](O)C[C@]3([H])[C@@]4(C)CC[C@@H](O)C[C@@]4([H])CC[C@@]3([H])[C@@]2(CC1)[H]","360-65-6","","HMDB00631","C05464","3035026",307,0.501633986928105,0,0,TRUE,TRUE,TRUE,TRUE
"theophylline","Method 3","ZFXYFBGIUFBOJW-UHFFFAOYSA-N","O=C(N1C)C(N=CN2)=C2N(C)C1=O","58-55-9","2068","HMDB0001889","C07130","2153",7,0.011437908496732,0,0,TRUE,TRUE,TRUE,TRUE
"quinate","Method 4","AAWZDTNXLSGCEK-WYWMIBKRSA-N","O[C@@]1([C@](O)(C[C@@](C(O)=O)(C[C@]1(O)[H])O)[H])[H]","77-95-2","10246715","HMDB0003072","C00296","6508",39,0.0637254901960784,0,0,TRUE,TRUE,TRUE,TRUE
"theobromine","Method 1","YAPQBXQYLJRXSA-UHFFFAOYSA-N","CN1C=NC(N(C(N2)=O)C)=C1C2=O","83-67-0","5236","HMDB0002825","C07480","5429",4,0.0065359477124183,0,0,TRUE,TRUE,TRUE,TRUE
"gentisate","Method 3","WXTMDXOMEHJXQO-UHFFFAOYSA-N","O=C(O)C1=CC(O)=CC=C1O","490-79-9","3350","HMDB0000152","C00628","3469",48,0.0784313725490196,0,0,TRUE,TRUE,TRUE,TRUE
"paraxanthine","Method 3","QUNWUDVFRNGTCO-UHFFFAOYSA-N","O=C(N2C)NC1=C(N(C)C=N1)C2=O","611-59-6","4525","HMDB0001860","C13747","4687",89,0.145424836601307,0,0,TRUE,TRUE,TRUE,TRUE
"indolelactate","Method 3","XGILAAMKEQUXLS-UHFFFAOYSA-N","OC(C(O)=O)CC1=CNC2=C1C=CC=C2","832-97-3","83867","HMDB0000671","C02043","92904",0,0,0,0,TRUE,TRUE,TRUE,TRUE
"3-indoxyl sulfate","Method 3","BXFFHSIDQOFMLE-UHFFFAOYSA-N","O=S(OC2=CNC1=CC=CC=C12)(O)=O","2642-37-7","9840","HMDB0000682","","10258",0,0,0,0,TRUE,TRUE,FALSE,TRUE
"glycylvaline","Method 1","STKYPAFSDFAEPH-LURJTMIESA-N","CC(C)[C@@H](C(O)=O)NC(CN)=O","1963-21-9","2006926","HMDB0028854","","2724807",21,0.0343137254901961,0,0,TRUE,TRUE,FALSE,TRUE
"gamma-glutamylphenylalanine","Method 1","XHHOHZPNYFQJKL-QWRGUYRKSA-N","O=C(O)[C@H](CC1=CC=CC=C1)NC(CC[C@@H](C(O)=O)N)=O","7432-24-8","99868","HMDB0000594","","111299",0,0,0,0,TRUE,TRUE,FALSE,TRUE
"4-methyl-2-oxopentanoate","Method 3","BKAJNAXTPSGJCU-UHFFFAOYSA-N","CC(C)CC(C(O)=O)=O","816-66-0","69","HMDB0000695","C00233","70",0,0,0,0,TRUE,TRUE,TRUE,TRUE
"1,5-anhydroglucitol (1,5-AG)","Method 3","MPCAJMNYNOGXPB-SLPGGIOYSA-N","O[C@@H]1[C@@H](CO)OC[C@H](O)[C@H]1O","154-58-5","","HMDB0002712","C07326","64960",1,0.00163398692810458,0,0,TRUE,TRUE,TRUE,TRUE
"2-arachidonoylglycerol (20:4)","Method 3","RCRCTBLIHCHWDZ-DOFZRALJSA-N","CCCCC\C=C/C\C=C/C\C=C/C/C=C\CCCC(OC(CO)CO)=O","53847-30-6","4445451","HMDB0004666","C13856","5282280",252,0.411764705882353,0,0,TRUE,TRUE,TRUE,TRUE
"1-stearoyl-2-arachidonoyl-GPI (18:0/20:4)","Method 2","KRTOMQDUKGRFDJ-YKOKTLGVSA-N","CCCCCCCCCCCCCCCCCC(OC[C@]([H])(COP(O)(O[C@](C(O)(C(O)(C(O)([C@](O)1[H])[H])[H])[H])([C@]1(O)[H])[H])=O)OC(CCC/C=C\C/C=C\C/C=C\C/C=C\CCCCC)=O)=O","383907-33-3","21403055","HMDB0009815","","",0,0,0,0,TRUE,TRUE,FALSE,TRUE
"sphingosine 1-phosphate","Method 2","DUYSYHSSBDVJSM-KRWOKUGFSA-N","OP([O-])(OC[C@@]([H])([C@](O)(/C=C/CCCCCCCCCCCCC)[H])[NH3+])=O","26993-30-6","4446673","HMDB0000277","C06124","5283560",0,0,0,0,TRUE,TRUE,TRUE,TRUE
"1-stearoyl-2-oleoyl-GPS (18:0/18:1)","Method 2","AJFWREUFUPEYII-PAHWMLEVSA-N","CCCCCCCCCCCCCCCCCC(OC[C@]([H])(COP(O)(OC[C@]([NH3+])(C([O-])=O)[H])=O)OC(CCCCCCC/C=C\CCCCCCCC)=O)=O","","7826037","HMDB0010163","","9547087",54,0.0882352941176471,0,0,TRUE,TRUE,FALSE,TRUE
"1-stearoyl-GPI (18:0)","Method 3","MXAFDFDAIFZFET-CLBYPKMISA-N","[H]C(C(O)(C(O)([C@](O)1[H])[H])[H])([C@@](OP(O)(OC[C@@]([H])(COC(CCCCCCCCCCCCCCCCC)=O)O)=O)([C@]1(O)[H])[H])O","796963-93-4","21403067","HMDB0240261","","7,158,113,542,607,490",0,0,0,0,TRUE,TRUE,FALSE,TRUE
"1,2-dipalmitoyl-GPC (16:0/16:0)","Method 2","KILNVBDSWZSGLL-KXQOOQHDSA-N","CCCCCCCCCCCCCCCC(OC[C@]([H])(COP([O-])(OCC[N+](C)(C)C)=O)OC(CCCCCCCCCCCCCCC)=O)=O","63-89-8","398235","HMDB0000564","D03585","452110",0,0,0,0,TRUE,TRUE,TRUE,TRUE
"docosahexaenoate (DHA; 22:6n3)","Method 3","MBMBGCFOFBJSGT-KUBAVDMBSA-N","CC\C=C/C\C=C/C\C=C/C/C=C\C/C=C\C/C=C\CCC(O)=O","6217-54-5","393183","HMDB0002183","C06429","445580",0,0,0,0,TRUE,TRUE,TRUE,TRUE
"1-myristoyl-2-palmitoyl-GPC (14:0/16:0)","Method 2","RFVFQQWKPSOBED-PSXMRANNSA-N","CCCCCCCCCCCCCCCC(O[C@](COC(CCCCCCCCCCCCC)=O)(COP([O-])(OCC[N+](C)(C)C)=O)[H])=O","69525-80-0","114798","HMDB0007869","","129657",0,0,0,0,TRUE,TRUE,FALSE,TRUE
"ofloxacin","Method 3","GSDSWSVVBLHKDQ-UHFFFAOYSA-N","FC1=C(N2CCN(C)CC2)C3=C4C(C(C(C(O)=O)=CN4C(C)CO3)=O)=C1","82419-36-1","4422","HMDB0015296","D00453,C07321,DG00616","4583",601,0.98202614379085,0,0,TRUE,TRUE,TRUE,TRUE
"ciprofloxacin","Method 3","MYSWGUAQZAJSOK-UHFFFAOYSA-N","OC(C1=CN(C2CC2)C3=CC(N4CCNCC4)=C(F)C=C3C1=O)=O","85721-33-1","2662","HMDB0014677","C05349","2764",601,0.98202614379085,0,0,TRUE,TRUE,TRUE,TRUE
"alpha-hydroxyisocaproate","Method 3","LVRFTAZAXQPQHI-UHFFFAOYSA-N","OC(C(CC(C)C)O)=O","10303-64-7","75520","HMDB0000665,HMDB00746,HMDB0000624","C03264","8,369,792,779,439,960",7,0.011437908496732,0,0,TRUE,TRUE,TRUE,TRUE
"maleate","Method 4","VZCYOOQTPOCHFL-UHFFFAOYSA-N","O=C(C=CC(O)=O)O","110-16-7","392248","HMDB0000176","C01384","444266",3,0.00490196078431373,0,0,TRUE,TRUE,TRUE,TRUE
"isovalerate (i5:0)","Method 3","GWYFCOCPABKNJV-UHFFFAOYSA-N","CC(C)CC(O)=O","503-74-2","10001","HMDB0000718","C08262","10430",0,0,0,0,TRUE,TRUE,TRUE,TRUE
"4-acetylphenol sulfate","Method 3","HOFGLAYWQRGTKC-UHFFFAOYSA-N","O=S(OC1=CC=C(C(C)=O)C=C1)(O)=O","","3872009","","","4684006",64,0.104575163398693,0,0,TRUE,FALSE,FALSE,TRUE
"1-methylguanidine","Method 1","CHJJGSNFBQVOTG-UHFFFAOYSA-N","N=C(N)NC","22661-87-6","28576","HMDB0001522","C02294","10111",492,0.803921568627451,0,0,TRUE,TRUE,TRUE,TRUE
"alprazolam","Method 2","VREFGVBLTWBCJP-UHFFFAOYSA-N","ClC(C=C1)=CC2=C1N3C(C)=NN=C3CN=C2C4=CC=CC=C4","28981-97-7","2034","HMDB14548","C06817","2118",583,0.952614379084967,0,0,TRUE,TRUE,TRUE,TRUE
"dextromethorphan","Method 2","MKXZASYAUGDDCJ-CGTJXYLNSA-N","[H][C@]1([C@H]2C3)[C@@](CCCC1)(CCN2C)C4=C3C=CC(OC)=C4","18046-32-7","13109865","HMDB0001920","D03744,DG01078,C06947","5360696",592,0.967320261437909,0,0,TRUE,TRUE,TRUE,TRUE
"2-hydroxyoctanoate","Method 3","JKRDADVRIYVCCY-UHFFFAOYSA-N","O=C(C(CCCCCC)O)O","617-73-2","84994","HMDB0002264","","9,418,069,950,135,310,000",0,0,0,0,TRUE,TRUE,FALSE,TRUE
"ethacrynic acid","Method 3","AVOLMBLBETYQHX-UHFFFAOYSA-N","OC(COC1=CC=C(C(C(CC)=C)=O)C(Cl)=C1Cl)=O","58-54-8","3163","HMDB15039","D00313","3278",609,0.995098039215686,0,0,TRUE,TRUE,TRUE,TRUE
"3-hydroxyoctanoate","Method 3","NDPLAKGOSZHTPH-UHFFFAOYSA-N","OC(CC(O)=O)CCCCC","88930-08-9","24791","HMDB0001954","C20793","26613",0,0,0,0,TRUE,TRUE,TRUE,TRUE
"phenyllactate (PLA)","Method 3","VOXXWSYKYCBWHO-UHFFFAOYSA-N","OC(C(O)=O)CC1=CC=CC=C1","828-01-3","3715","HMDB0000779,HMDB0000563","C05607","3848",0,0,0,0,TRUE,TRUE,TRUE,TRUE
"palmitoylcarnitine (C16)","Method 2","XOMRRQXKHMYMOC-UHFFFAOYSA-N","[O-]C(CC(OC(CCCCCCCCCCCCCCC)=O)C[N+](C)(C)C)=O","6865-14-1","448","HMDB0000222","C02990","461",0,0,0,0,TRUE,TRUE,TRUE,TRUE
"hexanoylcarnitine (C6)","Method 1","VVPRQWTYSNDTEA-UHFFFAOYSA-N","O=C(CCCCC)OC(CC([O-])=O)C[N+](C)(C)C","6920-35-0","4932273","HMDB0000756","","6426853",0,0,0,0,TRUE,TRUE,FALSE,TRUE
"theanine","Method 1","DATAGRPVKZEWHA-YFKPBYRVSA-N","N[C@@H](CCC(NCC)=O)C(O)=O","3081-61-6","388498","HMDB0034365","C01047","439378",428,0.699346405228758,0,0,TRUE,TRUE,TRUE,TRUE
"N-acetylaspartate (NAA)","Method 4","OTCCIMWXFLJLIA-BYPYZUCNSA-N","OC([C@@H](NC(C)=O)CC(O)=O)=O","997-55-7,997-55-7","58576","HMDB0000812","C01042","65065",7,0.011437908496732,0,0,TRUE,TRUE,TRUE,TRUE
"dehydroepiandrosterone sulfate (DHEA-S)","Method 3","CZWCKYRVOZZJNM-DYIPZHMLSA-N","[H][C@@]1(CC[C@]2(C)[C@]3(CCC2=O)[H])[C@@]4(C)C(C[C@H](OS(=O)(O)=O)CC4)=CC[C@]13[H]","651-48-9","12074","HMDB0001032","C04555","12594",0,0,0,0,TRUE,TRUE,TRUE,TRUE
"acetylcarnitine (C2)","Method 1","RDHQFKQIGNGIED-MRVPVSSYSA-N","C[N+](C)(C)C[C@H](OC(C)=O)CC([O-])=O","5080-50-2","5406074","HMDB0000201","C02571","7045767",0,0,0,0,TRUE,TRUE,TRUE,TRUE
"cysteine s-sulfate","Method 1","NOKPBJYHPHHWAN-REOHCLBHSA-N","N[C@H](C(O)=O)CSS(O)(=O)=O","1637-71-4","102939","HMDB0000731","C05824","115015",0,0,0,0,TRUE,TRUE,TRUE,TRUE
"1-palmitoylglycerol (16:0)","Method 3","QHZLMUACJMDIAE-UHFFFAOYSA-N","O=C(CCCCCCCCCCCCCCC)OCC(O)CO","542-44-9","14201","HMDB0011564","","14900",30,0.0490196078431373,0,0,TRUE,TRUE,FALSE,TRUE
"tartronate (hydroxymalonate)","Method 3","ROBFUDYVXSDBQM-UHFFFAOYSA-N","O=C(C(O)C(O)=O)O","80-69-3","44","HMDB0035227","C02287","45",1,0.00163398692810458,0,0,TRUE,TRUE,TRUE,TRUE
"oxalate (ethanedioate)","Method 3","MUBZPKHOEPUJKR-UHFFFAOYSA-N","O=C(O)C(O)=O","144-62-7","946","HMDB0002329","C00209","971",0,0,0,0,TRUE,TRUE,TRUE,TRUE
"erythritol","Method 4","UNXHWFMMPAWVPI-UHFFFAOYSA-N","OCC(O)C(CO)O","149-32-6","13835932","HMDB0002994","C00503","222285",0,0,0,0,TRUE,TRUE,TRUE,TRUE
"trizma acetate","Method 1","LENZDBCJOHFCAS-UHFFFAOYSA-N","NC(CO)(CO)CO","6850-28-8","73346","","C07182","16218782",112,0.183006535947712,0,0,TRUE,FALSE,TRUE,TRUE
"2,3-dihydroxypyridine","Method 1","GGOZGYRTNQBSSA-UHFFFAOYSA-N","OC1=NC=CC=C1O","16867-04-2","26153","","","28115",206,0.336601307189543,0,0,TRUE,FALSE,FALSE,TRUE
"adipate (C6-DC)","Method 4","WNLRTRBMVRJNCN-UHFFFAOYSA-N","OC(CCCCC(O)=O)=O","124-04-9","191","HMDB0000448","C06104","196",316,0.516339869281046,0,0,TRUE,TRUE,TRUE,TRUE
"saccharin","Method 3","CVHZOJJKTDOEJC-UHFFFAOYSA-N","O=S(C1=CC=CC=C1C2=O)(N2)=O","81-07-2","4959","HMDB0029723","C12283","5143",201,0.32843137254902,0,0,TRUE,TRUE,TRUE,TRUE
"3-hydroxymyristate","Method 3","ATRNZOYKSNPPBF-UHFFFAOYSA-N","CCCCCCCCCCCC(O)CC(O)=O","3422-31-9","15252","HMDB0061656","","16064",0,0,0,0,TRUE,TRUE,FALSE,TRUE
"1-oleoylglycerol (18:1)","Method 3","RZRNAYUHWVFMIP-KTKRTIGZSA-N","O=C(OCC(O)CO)CCCCCCC/C=C\CCCCCCCC","111-03-5","4446588","HMDB0011567","","5283468",20,0.0326797385620915,0,0,TRUE,TRUE,FALSE,TRUE
"3-methyl-2-oxobutyrate","Method 3","QHKABHOOEWYVLI-UHFFFAOYSA-N","OC(C(C(C)C)=O)=O","3715-29-5","48","HMDB0000019","C00141","49",0,0,0,0,TRUE,TRUE,TRUE,TRUE
"2-oleoylglycerol (18:1)","Method 3","UPWGQKDVAURUGE-KTKRTIGZSA-N","O=C(OC(CO)CO)CCCCCCC/C=C\CCCCCCCC","3443-84-3","4478086","HMDB0011537","","5319879",54,0.0882352941176471,0,0,TRUE,TRUE,FALSE,TRUE
"homoarginine","Method 1","QUOGESRFPZDMMT-YFKPBYRVSA-N","N[C@H](C(O)=O)CCCCNC(N)=N","156-86-5","8732","HMDB0000670","C01924","9085",0,0,0,0,TRUE,TRUE,TRUE,TRUE
"homocitrulline","Method 1","XIGSAGMEBXLVJJ-YFKPBYRVSA-N","N[C@H](C(O)=O)CCCCNC(N)=O","1190-49-4","58582","HMDB0000679","C02427","65072",11,0.0179738562091503,0,0,TRUE,TRUE,TRUE,TRUE
"2-linoleoylglycerol (18:2)","Method 3","IEPGNWMPIFDNSD-HZJYTTRNSA-N","O=C(OC(CO)CO)CCCCCCC/C=C\C/C=C\CCCCC","3443-82-1","4517636","HMDB0011538","","5365676",55,0.0898692810457516,0,0,TRUE,TRUE,FALSE,TRUE
"3-hydroxydecanoate","Method 3","FYSSBMZUBSBFJL-UHFFFAOYSA-N","OC(CC(O)=O)CCCCCCC","5561-87-5","24790","HMDB0002203","","26612",0,0,0,0,TRUE,TRUE,FALSE,TRUE
"N-acetylglycine","Method 1","OKJIRPAQVSHGFK-UHFFFAOYSA-N","O=C(O)C(NC(C)=O)[H]","543-24-8","10507","HMDB0000532","","10972",0,0,0,0,TRUE,TRUE,FALSE,TRUE
"ribonate","Method 4","QXKAIJAYHKCRRA-BXXZVTAOSA-N","OC([C@H](O)[C@H](O)[C@H](O)CO)=O","03/08/5336","4574162","HMDB0000867","C01685","5460677",0,0,0,0,TRUE,TRUE,TRUE,TRUE
"threonate","Method 4","JPIJQSOTBSSVTP-UHFFFAOYSA-N","O=C(O)C(O)([H])C([H])(O)CO","70753-61-6","133224","HMDB0062620,HMDB0000943","C01620","1,511,525,460,407",0,0,0,0,TRUE,TRUE,TRUE,TRUE
"galactonate","Method 4","RGHNJXZEOKUKBD-MGCNEYSASA-N","O[C@H]([C@H]([C@H]([C@@H](CO)O)O)O)C(O)=O","299-28-5","114198","HMDB0000565","C00880,C15930","12,310,779,128,869",14,0.0228758169934641,0,0,TRUE,TRUE,TRUE,TRUE
"beta-sitosterol","Method 2","KZJWDPNRJALLNS-XGEQACPASA-N","C[C@@]1([C@]([C@@H](CC[C@@H]([C@H](C)C)CC)C)([H])CC2)[C@@]2([H])[C@@](CC=C3[C@@]4(CC[C@H](O)C3)C)([H])[C@@]4([H])CC1","83-46-5","192962","HMDB0000852","C01753","222284",197,0.321895424836601,0,0,TRUE,TRUE,TRUE,TRUE
"indoleacetate","Method 3","SEOVTRFCIGRIMH-UHFFFAOYSA-N","OC(CC1=CNC2=C1C=CC=C2)=O","6505-45-9","780","HMDB0000197","C00954","802",0,0,0,0,TRUE,TRUE,TRUE,TRUE
"1-linoleoylglycerol (18:2)","Method 3","WECGLUPZRHILCT-HZJYTTRNSA-N","CCCCC/C=C\C/C=C\CCCCCCCC(OCC(O)CO)=O","2277-28-3","4446589","HMDB0011568","","5283469",0,0,0,0,TRUE,TRUE,FALSE,TRUE
"2-palmitoylglycerol (16:0)","Method 3","BBNYCLAREVXOSG-UHFFFAOYSA-N","OCC(CO)OC(CCCCCCCCCCCCCCC)=O","23470-00-0","110006","HMDB0011533","","123409",280,0.457516339869281,0,0,TRUE,TRUE,FALSE,TRUE
"1-methylhistidine","Method 3","BRMWTNUJHUMWMS-LURJTMIESA-N","N[C@H](C(O)=O)CC1=CN(C)C=N1","332-80-9","83153","HMDB0000001","C01152","92105",0,0,0,0,TRUE,TRUE,TRUE,TRUE
"butyrylcarnitine (C4)","Method 1","QWYFHHGCZUCMBN-SECBINFHSA-N","CCCC(O[C@H](CC([O-])=O)C[N+](C)(C)C)=O","25576-40-3","184820","HMDB0002013","C02862","439829",2,0.00326797385620915,0,0,TRUE,TRUE,TRUE,TRUE
"isobutyrylcarnitine (C4)","Method 1","LRCNOZRCYBNMEP-VIFPVBQESA-N","CC(C)C(O[C@@H](CC([O-])=O)C[N+](C)(C)C)=O","25518-49-4","","HMDB0000736","","168379",4,0.0065359477124183,0,0,TRUE,TRUE,FALSE,TRUE
"7-ketodeoxycholate","Method 3","RHCPKKNRWFXMAT-RRWYKFPJSA-N","[H][C@]1([C@]2(C)[C@](CC1)([H])[C@]3([H])C(C[C@]4([H])C[C@H](O)CC[C@]4(C)[C@@]3([H])C[C@@H]2O)=O)[C@H](C)CCC(O)=O","911-40-0","163659","HMDB0000391","","188292",204,0.333333333333333,0,0,TRUE,TRUE,FALSE,TRUE
"glycolithocholate","Method 3","XBSQTYHEGZTYJE-PGVYWSLXSA-N","O[C@@H](C[C@]1(CC[C@]([C@@]([H])2CC3)([H])[C@](CC[C@@]2(C)[C@]3([H])[C@@H](CCC(NCC(O)=O)=O)C)4[H])[H])CC[C@@]14C","474-74-8","103116","HMDB0000698","C15557","115245",218,0.356209150326797,0,0,TRUE,TRUE,TRUE,TRUE
"taurolithocholate","Method 3","QBYUNVOYXHFVKC-OQHFDXPESA-N","C[C@]1(CC2)[C@](CC[C@@H]1[C@H](C)CCC(NCCS(O)(=O)=O)=O)([H])[C@@](CC3)([H])[C@]2([H])[C@](CC4)(C)[C@]3([H])C[C@@H]4O","516-90-5","10150","HMDB0000722","C02592","439763",310,0.506535947712418,0,0,TRUE,TRUE,TRUE,TRUE
"androsterone sulfate","Method 3","ZMITXKRGXGRMKS-HLUDHZFRSA-N","C[C@]1([C@](CC2)([H])[C@]3([H])CC[C@@]4([H])C[C@H](OS(=O)(O)=O)CC[C@]4(C)[C@@]3([H])CC1)C2=O","2479-86-9","19988780","HMDB0002759","","159663",44,0.0718954248366013,0,0,TRUE,TRUE,FALSE,TRUE
"2-pyrrolidinone","Method 1","HNJBEVLQSNELDL-UHFFFAOYSA-N","O=C1CCCN1","616-45-5","11530","HMDB0002039","","12025",4,0.0065359477124183,0,0,TRUE,TRUE,FALSE,TRUE
"indolepropionate","Method 3","GOLXRNDWAUTYKT-UHFFFAOYSA-N","OC(CCC1=CNC2=C1C=CC=C2)=O","830-96-6","3613","HMDB0002302","","3744",163,0.266339869281046,0,0,TRUE,TRUE,FALSE,TRUE
"N-(2-furoyl)glycine","Method 3","KSPQDMRTZZYQLM-UHFFFAOYSA-N","O=C(NCC(O)=O)C1=CC=CO1","5657-19-2,5657-19-2","20549","HMDB0000439","","21863",53,0.0866013071895425,0,0,TRUE,TRUE,FALSE,TRUE
"trigonelline (N'-methylnicotinate)","Method 1","WWNNZCOKKKDOPX-UHFFFAOYSA-N","C[N+]1=CC(C([O-])=O)=CC=C1","535-83-1","5369","HMDB0000875","C01004","5570",0,0,0,0,TRUE,TRUE,TRUE,TRUE
"dodecanedioate (C12-DC)","Method 3","TVIDDXQYHWJXFK-UHFFFAOYSA-N","OC(CCCCCCCCCCC(O)=O)=O","693-23-2","12213","HMDB0000623","C02678","12736",0,0,0,0,TRUE,TRUE,TRUE,TRUE
"glutamate, gamma-methyl ester","Method 1","ZGEYCCHDTIDZAE-UHFFFAOYSA-N","O=C(CCC(C(O)=O)N)OC","1499-55-4,1499-55-4","66546","HMDB0061715","","68662",29,0.0473856209150327,0,0,TRUE,TRUE,FALSE,TRUE
"N-acetyltyrosine","Method 3","CAHKINHBCWCHCF-JTQLQIEISA-N","OC1=CC=C(C[C@@H](C(O)=O)NC(C)=O)C=C1","537-55-3","61606","HMDB0000866","","68310",1,0.00163398692810458,0,0,TRUE,TRUE,FALSE,TRUE
"1,3-dimethylurate","Method 3","OTSBKHHWSQYEHK-UHFFFAOYSA-N","CN1C(N(C(N2)=C(C1=O)NC2=O)C)=O","944-73-0","63527","HMDB0001857","","70346",48,0.0784313725490196,0,0,TRUE,TRUE,FALSE,TRUE
"3-methylxanthine","Method 3","GMSNIKWWOQHZGF-UHFFFAOYSA-N","O=C1N(C)C2=C(N=CN2)C(N1)=O","1076-22-8","63805","HMDB0001886","C16357","70639",8,0.0130718954248366,0,0,TRUE,TRUE,TRUE,TRUE
"3-hydroxylaurate","Method 3","MUCMKTPAZLSKTL-UHFFFAOYSA-N","OC(CC(CCCCCCCCC)O)=O","53941-38-1","85026","HMDB0000387","","94216",1,0.00163398692810458,0,0,TRUE,TRUE,FALSE,TRUE
"pyridoxate","Method 3","HXACOUQIXZGNBF-UHFFFAOYSA-N","OC1=C(C(O)=O)C(CO)=CN=C1C","82-82-6","6467","HMDB0000017","C00847","6723",0,0,0,0,TRUE,TRUE,TRUE,TRUE
"threonylphenylalanine","Method 3","IQHUITKNHOKGFC-CSUXEGHOSA-N","N[C@@H](C(C)O)C(N[C@@H](CC1=CC=CC=C1)C(O)=O)=O","16875-27-7","3313819","HMDB0029068","","7010580",36,0.0588235294117647,0,0,TRUE,TRUE,FALSE,TRUE
"gamma-glutamylvaline","Method 1","AQAKHZVPOOGUCK-XPUUQOCRSA-N","O=C(N[C@H]([C@@](O)=O)C(C)C)CC[C@@H]([C@](O)=O)N","2746-34-1","","HMDB0011172","","7015683",18,0.0294117647058824,0,0,TRUE,TRUE,FALSE,TRUE
"O-acetylhomoserine","Method 4","FCXZBWSIAGGPCB-YFKPBYRVSA-N","N[C@H](C(O)=O)CCOC(C)=O","7540-67-2","388506","HMDB0029423","C01077","439389",141,0.230392156862745,0,0,TRUE,TRUE,TRUE,TRUE
"3-hydroxysebacate","Method 3","OQYZCCKCJQWHIE-UHFFFAOYSA-N","OC(CC(O)CCCCCCC(O)=O)=O","73141-46-5","2285525","HMDB0000350","","3017884",40,0.065359477124183,0,0,TRUE,TRUE,FALSE,TRUE
"5-hydroxyhexanoate","Method 3","YDCRNMJQROAWFT-UHFFFAOYSA-N","CC(O)CCCC(O)=O","44843-89-2","149280","HMDB0000409,HMDB0000525","","170748",57,0.0931372549019608,0,0,TRUE,TRUE,FALSE,TRUE
"propionylglycine","Method 3","WOMAZEJKVZLLFE-UHFFFAOYSA-N","O=C(CC)NCC(O)=O","21709-90-0","89122","HMDB0000783","","98681",280,0.457516339869281,0,0,TRUE,TRUE,FALSE,TRUE
"butyrylglycine","Method 3","WPSSBBPLVMTKRN-UHFFFAOYSA-N","O=C(CNC(CCC)=O)O","20208-73-5","79766","HMDB0000808","","88412",347,0.566993464052288,0,0,TRUE,TRUE,FALSE,TRUE
"propionylcarnitine (C3)","Method 1","UFAHZIUFPNSHSL-UHFFFAOYSA-N","[O-]C(CC(OC(CC)=O)C[N+](C)(C)C)=O","17298-37-2","96904","HMDB0000824","C03017","107738",0,0,0,0,TRUE,TRUE,TRUE,TRUE
"pro-hydroxy-pro","Method 1","ONPXCLZMBSJLSP-ALKRTJFJSA-N","OC([C@H]1N(C([C@H]2NCCC2)=O)CC(O)C1)=O","18684-24-7","9847785","HMDB0006695","","11902893",1,0.00163398692810458,0,0,TRUE,TRUE,FALSE,TRUE
"3-hydroxy-2-ethylpropionate","Method 3","ZMZQVAUJTDKQGE-UHFFFAOYSA-N","O=C(O)C(CC)CO","4374-62-3","164207","HMDB0000396","","188979",1,0.00163398692810458,0,0,TRUE,TRUE,FALSE,TRUE
"3-carboxy-4-methyl-5-propyl-2-furanpropanoate (CMPF)","Method 3","WMCQWXZMVIETAO-UHFFFAOYSA-N","CCCC1=C(C)C(C(O)=O)=C(CCC(O)=O)O1","86879-39-2","110498","HMDB0061112","","123979",0,0,0,0,TRUE,TRUE,FALSE,TRUE
"docosapentaenoate (n3 DPA; 22:5n3)","Method 3","YUFFSWGQGVEMMI-JLNKQSITSA-N","O=C(O)CCCCC/C=C\C/C=C\C/C=C\C/C=C\C/C=C\CC","2234-74-4","","HMDB0006528,HMDB0001976","C16513","6441454",0,0,0,0,TRUE,TRUE,TRUE,TRUE
"docosadienoate (22:2n6)","Method 3","HVGRZDASOHMCSK-AVQMFFATSA-N","CCCCC/C=C/C/C=C/CCCCCCCCCCCC(O)=O","7370-49-2","4445934","HMDB0061714","C16533","5282807",0,0,0,0,TRUE,TRUE,TRUE,TRUE
"adrenate (22:4n6)","Method 3","TWSWSIQAPQLDBP-CGRWFSSPSA-N","O=C(CCCCC/C=C/C/C=C/C/C=C/C/C=C/CCCCC)O","2091-25-0","4445971","HMDB0002226","C16527","52,828,445,497,181",0,0,0,0,TRUE,TRUE,TRUE,TRUE
"docosatrienoate (22:3n3)","Method 3","WBBQTNCISCKUMU-IUQGRGSQSA-N","CC/C=C/C/C=C/C/C=C/CCCCCCCCCCCC(O)=O","59708-86-0","4471981","HMDB0002823","C16534","5312556",66,0.107843137254902,0,0,TRUE,TRUE,TRUE,TRUE
"10-undecenoate (11:1n1)","Method 3","FRPZMMHWLSIFAZ-UHFFFAOYSA-N","O=C(CCCCCCCCC=C)O[H]","1333-28-4","10771160","HMDB0033724","C13910","14891",0,0,0,0,TRUE,TRUE,TRUE,TRUE
"myristoleate (14:1n5)","Method 3","YWWVWXASSLXJHU-WAYWQWQTSA-N","O=C(CCCCCCC/C=C\CCCC)O","544-64-9","4444564","HMDB0002000","C08322","5281119",0,0,0,0,TRUE,TRUE,TRUE,TRUE
"1-methylhistamine","Method 1","FHQDWPCFSJMNCT-UHFFFAOYSA-N","CN1C=C(CCN)N=C1","501-75-7","3488","HMDB0000898","C05127","3614",101,0.165032679738562,0,0,TRUE,TRUE,TRUE,TRUE
"4-imidazoleacetate","Method 1","PRJKNHOMHKJCEJ-UHFFFAOYSA-N","O=C(O)CC1=CNC=N1","645-65-8","86856","HMDB0002024","C02835","96215",60,0.0980392156862745,0,0,TRUE,TRUE,TRUE,TRUE
"1-methyl-4-imidazoleacetate","Method 1","ZHCKPJGJQOPTLB-UHFFFAOYSA-N","O=C(O)CC1=CN(C)C=N1","2625-49-2","68319","HMDB0002820","C05828","75810",0,0,0,0,TRUE,TRUE,TRUE,TRUE
"sebacate (C10-DC)","Method 3","CXMXRPHRNRROMY-UHFFFAOYSA-N","OC(CCCCCCCCC(O)=O)=O","111-20-6","5004","HMDB0000792","C08277","5192",7,0.011437908496732,0,0,TRUE,TRUE,TRUE,TRUE
"guanidinosuccinate","Method 4","VVHOUVWJCQOYGG-UHFFFAOYSA-N","N=C(N)NC(C(O)=O)CC(O)=O","6133-30-8","88329","HMDB0003157","C03139","439918",239,0.390522875816993,0,0,TRUE,TRUE,TRUE,TRUE
"delta-tocopherol","Method 2","GZIFEOYASATJEH-VHFRWLAGSA-N","OC1=CC(C)=C2O[C@@](CCC[C@H](C)CCC[C@H](C)CCCC(C)C)(C)CCC2=C1","119-13-1","83144","HMDB0002902","C14151","92094",334,0.545751633986928,0,0,TRUE,TRUE,TRUE,TRUE
"I-urobilinogen","Method 3","OBHRVMZSZIDDEK-UHFFFAOYSA-N","CC1=C(CC(NC2=O)C(CC)=C2C)NC(CC3=C(CCC(O)=O)C(C)=C(CC(NC4=O)C(C)=C4CC)N3)=C1CCC(O)=O","14684-37-8","24980","HMDB0004157","C05789","9548718",138,0.225490196078431,0,0,TRUE,TRUE,TRUE,TRUE
"stearidonate (18:4n3)","Method 3","JIWBIWFOSCKQMA-LTKCOYKYSA-N","CC\C=C/C\C=C/C\C=C/C\C=C/CCCCC(O)=O","111174-40-4","4471933","HMDB0006547","C16300","5312508",7,0.011437908496732,0,0,TRUE,TRUE,TRUE,TRUE
"nervonate (24:1n9)*","Method 3","GWHCXVQVJPWHRF-KTKRTIGZSA-N","CCCCCCCC\C=C/CCCCCCCCCCCCCC(O)=O","506-37-6","4444565","HMDB0002368","C08323","5281120",250,0.408496732026144,0,0,TRUE,TRUE,TRUE,TRUE
"5-dodecenoate (12:1n7)","Method 3","IJBFSOLHRKELLR-FPLPWBNLSA-N","CCCCCC\C=C/CCCC(O)=O","2430-94-6","4471803","HMDB0000529","","5312378",0,0,0,0,TRUE,TRUE,FALSE,TRUE
"octanoylcarnitine (C8)","Method 2","CXTATJFJDMJMIY-UHFFFAOYSA-N","[O-]C(CC(C[N+](C)(C)C)OC(CCCCCCC)=O)=O","3671-77-0","110274","HMDB0000791","C02838","12,370,111,953,814",0,0,0,0,TRUE,TRUE,TRUE,TRUE
"tauro-beta-muricholate","Method 3","XSOLDPYUICCHJX-OEYGYFRSSA-N","O=S(CCNC(CC[C@@H](C)[C@@]1([H])CCC2C3[C@@H](O)[C@@H](O)[C@]4([H])C[C@H](O)CC[C@]4(C)C3CC[C@]12C)=O)(O)=O","25696-60-0","147312","HMDB0000932","","12,159,621,621,124,700,000,000",176,0.287581699346405,0,0,TRUE,TRUE,FALSE,TRUE
"decanoylcarnitine (C10)","Method 2","LZOSYCMHQXPBFU-UHFFFAOYSA-N","[O-]C(CC(C[N+](C)(C)C)OC(CCCCCCCCC)=O)=O","1492-27-9","8420677","HMDB0000651","","10245190",0,0,0,0,TRUE,TRUE,FALSE,TRUE
"N-acetylglutamine","Method 4","KSMRODHGGIIXDV-YFKPBYRVSA-N","OC([C@H](CCC(N)=O)NC(C)=O)=O","2490-97-3","158492","HMDB0006029","C02716","182230",10,0.0163398692810458,0,0,TRUE,TRUE,TRUE,TRUE
"N-acetyltryptophan","Method 3","DZTHIGRZJZPRDV-LBPRGKRZSA-N","O=C(O)[C@@H](NC(C)=O)CC1=CNC2=C1C=CC=C2","1218-34-4","610602","HMDB0013713","C03137","439,917,700,653",0,0,0,0,TRUE,TRUE,TRUE,TRUE
"N-acetylphenylalanine","Method 3","CBQJSKKFNMDLON-JTQLQIEISA-N","O=C(O)[C@@H](NC(C)=O)CC1=CC=CC=C1","2018-61-3","67404","HMDB0000512","C03519","74839",0,0,0,0,TRUE,TRUE,TRUE,TRUE
"N-acetylasparagine","Method 1","HXFOXFJUNFFYMO-BYPYZUCNSA-N","OC([C@@H](NC(C)=O)CC(N)=O)=O","4033-40-3","90090","HMDB0006028","","99715",14,0.0228758169934641,0,0,TRUE,TRUE,FALSE,TRUE
"gamma-glutamyl-epsilon-lysine","Method 1","JPKNLFVGUZRHOB-YUMQZZPRSA-N","N[C@H](C(O)=O)CCCCNC(CC[C@@H](C(O)=O)N)=O","17105-15-6","5378717","HMDB0003869","","7015685",13,0.0212418300653595,0,0,TRUE,TRUE,FALSE,TRUE
"1-palmitoyl-GPC (16:0)","Method 2","ASWBNKHCZGQVJV-UHFFFAOYSA-N","O=P(OCC[N+](C)(C)C)([O-])OCC(O)COC(CCCCCCCCCCCCCCC)=O","17364-16-8","78064","HMDB0010382","C04102","86554",0,0,0,0,TRUE,TRUE,TRUE,TRUE
"N-acetylarginine","Method 1","SNEIUMQYRCDYCH-LURJTMIESA-N","O=C(O)[C@@H](NC(C)=O)CCCNC(N)=N","155-84-0","60752","HMDB0004620","C02562","67427",0,0,0,0,TRUE,TRUE,TRUE,TRUE
"piperine","Method 2","MXXWOMGUGJBKIW-YPCIICBESA-N","O=C(N1CCCCC1)/C=C/C=C/C2=CC(OCO3)=C3C=C2","94-62-2","553590","HMDB0029377","C03882","638024",0,0,0,0,TRUE,TRUE,TRUE,TRUE
"campesterol","Method 2","SGNBVLSWZMBQTH-PODYLUTMSA-N","C[C@H](CC[C@@H](C)C(C)C)[C@@]1([H])CC[C@@]2([H])[C@]3([H])CC=C4C[C@@H](O)CC[C@]4(C)[C@@]3([H])CC[C@@]21C","474-62-4","151215","HMDB0002869","C01789","173183",113,0.184640522875817,0,0,TRUE,TRUE,TRUE,TRUE
"myristoylcarnitine (C14)","Method 2","PSHXNVGSVNEJBD-UHFFFAOYSA-N","O=C(CCCCCCCCCCCCC)OC(CC([O-])=O)C[N+](C)(C)C","18822-89-4","4932274","HMDB0005066","","6426854",0,0,0,0,TRUE,TRUE,FALSE,TRUE
"1-stearoyl-GPC (18:0)","Method 2","IHNKQIMGVNPMTC-RUZDIDTESA-N","O[C@H](COC(CCCCCCCCCCCCCCCCC)=O)COP(OCC[N+](C)(C)C)([O-])=O","19420-57-6","435389","HMDB0010384","","497300",0,0,0,0,TRUE,TRUE,FALSE,TRUE
"1-oleoyl-GPC (18:1)","Method 2","YAMUFBLWGFFICM-PTGWMXDISA-N","O[C@H](COC(CCCCCCC/C=C\CCCCCCCC)=O)COP(OCC[N+](C)(C)C)([O-])=O","19420-56-5","17240641","HMDB0002815","C03916","16081932",0,0,0,0,TRUE,TRUE,TRUE,TRUE
"N-acetylthreonine","Method 3","PEDXUVCGOLSNLQ-UHFFFAOYSA-N","CC(O)C(C(O)=O)NC(C)=O","17093-74-2","3841173","HMDB0062557","","152204",0,0,0,0,TRUE,TRUE,FALSE,TRUE
"phenylacetylglycine","Method 3","UTYVDVLMYQPLQB-UHFFFAOYSA-N","OC(CNC(CC1=CC=CC=C1)=O)=O","500-98-1","61452","HMDB0000821","C05598","68144",294,0.480392156862745,0,0,TRUE,TRUE,TRUE,TRUE
"N-acetylisoleucine","Method 3","JDTWZSUNGHMMJM-MSZQBOFLSA-N","CC(N[C@H](C(O)=O)C(C)CC)=O","3077-46-1","2081100","HMDB0061684","","306109",23,0.0375816993464052,0,0,TRUE,TRUE,FALSE,TRUE
"10-nonadecenoate (19:1n9)","Method 3","BBOWBNGUEWHNQZ-KTKRTIGZSA-N","O=C(O)CCCCCCCC/C=C\CCCCCCCC","73033-09-7","4471938","HMDB0013622","","5312513",0,0,0,0,TRUE,TRUE,FALSE,TRUE
"10-heptadecenoate (17:1n7)","Method 3","GDTXICBNEOEPAZ-FPLPWBNLSA-N","O=C(O)CCCCCCCC/C=C\CCCCCC","29743-97-3","4471860","HMDB0060038","","5312435",0,0,0,0,TRUE,TRUE,FALSE,TRUE
"hyocholate","Method 3","DKPMWHFRUGMUKF-OAEKOJLISA-N","C[C@]12CC[C@@H](O)C[C@@]1([H])[C@@H](O)[C@@H](O)C3C2CC[C@@]4(C)C3CCC4C(CCC(O)=O)C","547-75-1","21403098","HMDB0000760","C17649","92805",15,0.0245098039215686,0,0,TRUE,TRUE,TRUE,TRUE
"epiandrosterone sulfate","Method 3","ZMITXKRGXGRMKS-FMLJXKFRSA-N","O=C1CCC2C3CC[C@@]4([H])C[C@@H](OS(=O)(O)=O)CC[C@]4(C)C3CC[C@@]21C","22229-22-7","21403101","HMDB0062657","C04555","9929317",1,0.00163398692810458,0,0,TRUE,TRUE,TRUE,TRUE
"N-acetylhistidine","Method 3","KBOJOGQFRVVWBH-ZETCQYMHSA-N","OC([C@@H](NC(C)=O)CC1=CNC=N1)=O","39145-52-3","68142","HMDB0032055","C02997","75619",5,0.00816993464052288,0,0,TRUE,TRUE,TRUE,TRUE
"gamma-glutamylglycine","Method 1","ACIJGUBIMXQCMF-BYPYZUCNSA-N","O=C(O)[C@@H](N)CCC(NCC(O)=O)=O","1948-29-4","145071","HMDB0011667","","100099",0,0,0,0,TRUE,TRUE,FALSE,TRUE
"gamma-glutamyltryptophan","Method 3","CATMPQFFVNKDEY-AAEUAGOBSA-N","O=C(O)[C@@H](N)CCC(N[C@@H](CC1=CNC2=C1C=CC=C2)C(O)=O)=O","66471-20-3","2302065","HMDB0029160","","3989307",5,0.00816993464052288,0,0,TRUE,TRUE,FALSE,TRUE
"stachydrine","Method 1","CMUNUTVVOOHQPW-LURJTMIESA-N","C[N+]1(C)[C@H]([C@@]([O-])=O)CCC1","4136-37-2","103115","HMDB0004827","C10172","115244",0,0,0,0,TRUE,TRUE,TRUE,TRUE
"alpha-hydroxyisovalerate","Method 4","NGEWQZIDQIYUNV-UHFFFAOYSA-N","OC(C(O)=O)C(C)C","600-37-3","90190","HMDB0000407","","99823",0,0,0,0,TRUE,TRUE,FALSE,TRUE
"hydroxybupropion","Method 1","RCOBKSKAZMVBHT-NCWAPJAISA-N","CC1[C@@](OCC(C)(C)N1)(O)[C@]2=CC(Cl)=CC=C2","","21403106","HMDB0012235","","446",593,0.968954248366013,0,0,TRUE,TRUE,FALSE,TRUE
"nicotinamide riboside","Method 1","BUCXGWMZJBKEMD-UHFFFAOYSA-N","NC(C1=C[N+](C2C(C(C(C[O-])O2)O)O)=CC=C1)=O","1341-23-7","","HMDB0000855","C03150","439924",154,0.251633986928105,0,0,TRUE,TRUE,TRUE,TRUE
"gamma-glutamylmethionine","Method 1","RQNSKRXMANOPQY-BQBZGAKWSA-N","O=C(O)[C@H](CCSC)NC(CC[C@@H](C(O)=O)N)=O","17663-87-5","5373147","HMDB0029155","","7009567",0,0,0,0,TRUE,TRUE,FALSE,TRUE
"gamma-glutamylthreonine","Method 1","GWNXFCYUJXASDX-JUZNGCLZSA-N","CC(O)[C@@H](C(O)=O)NC(CC[C@@H](C(O)=O)N)=O","5652-48-2","21403107","HMDB0029159","","76078708",0,0,0,0,TRUE,TRUE,FALSE,TRUE
"p-cresol sulfate","Method 3","WGNAKZGUSRVWRH-UHFFFAOYSA-N","O=S(OC1=CC=C(C)C=C1)(O)=O","3233-57-7","3806480","HMDB0011635","","4615423",0,0,0,0,TRUE,TRUE,FALSE,TRUE
"pioglitazone","Method 1","HYAFETHFCAUJAY-UHFFFAOYSA-N","O=C(N1)C(SC1=O)CC(C=C2)=CC=C2OCCC(N=C3)=CC=C3CC","112529-15-4","4663","HMDB0015264","""D08378,C07675,DG00117""","4829",609,0.995098039215686,0,0,TRUE,TRUE,TRUE,TRUE
"erythronate*","Method 4","JPIJQSOTBSSVTP-PWNYCUMCSA-N","OC[C@@H](O)[C@@H](O)C(O)=O","88759-55-1","2061231","HMDB0000613","","2781043",0,0,0,0,TRUE,TRUE,FALSE,TRUE
"fibrinopeptide A*","Method 3","JWICNZAGYSIBAR-UHFFFAOYSA-N","O=C(NC(CC(C)C)C(NC(C)C(NC(CCC(O)=O)C(NCC(NCC(NCC(NC(C(C)C)C(NC(CCCNC(N)=N)C(O)=O)=O)=O)=O)=O)=O)=O)=O)C(CC1=CC=CC=C1)NC(C(CC(O)=O)NC(CNC(C(CCC(O)=O)NC(CNC(C(CO)NC(C(CC(O)=O)NC(C(C)N)=O)=O)=O)=O)=O)=O)=O","25422-31-5","14654187","","","25081464",126,0.205882352941176,0,0,TRUE,FALSE,FALSE,TRUE
"fibrinopeptide A, des-ala(1)*","Method 3","JAMFMQAPZKXSKC-UHFFFAOYSA-N","O=C(NC(CC(C)C)C(NC(C)C(NC(CCC(O)=O)C(NCC(NCC(NCC(NC(C(C)C)C(NC(CCCNC(N)=N)C(O)=O)=O)=O)=O)=O)=O)=O)=O)C(CC1=CC=CC=C1)NC(C(CC(O)=O)NC(CNC(C(CCC(O)=O)NC(CNC(C(CO)NC(C(CC(O)=O)N)=O)=O)=O)=O)=O)=O","","21403111","","","132993922",0,0,0,0,TRUE,FALSE,FALSE,TRUE
"fibrinopeptide A, phosphono-ser(3)*","Method 3","DROFZMGQYLJNLQ-UHFFFAOYSA-N","O=C(NC(CC(C)C)C(NC(C)C(NC(CCC(O)=O)C(NCC(NCC(NCC(NC(C(C)C)C(NC(CCCNC(N)=N)C(O)=O)=O)=O)=O)=O)=O)=O)=O)C(CC1=CC=CC=C1)NC(C(CC(O)=O)NC(CNC(C(CCC(O)=O)NC(CNC(C(COP(O)(O)=O)NC(C(CC(O)=O)NC(C(C)N)=O)=O)=O)=O)=O)=O)=O","886023-52-5","21403112","","","132993923",83,0.13562091503268,0,0,TRUE,FALSE,FALSE,TRUE
"HWESASXX*","Method 3","KUZSCKDYVGVVKC-PLNQFBRDSA-N","O=C(NC(CC(C)C)C(O)=O)C(CC(C)C)NC([C@H](CO)NC([C@H](C)NC([C@H](CO)NC([C@@H](CCC(O)=O)NC([C@@H](CC1=CNC2=C1C=CC=C2)NC([C@@H](CC3=CNC=N3)N)=O)=O)=O)=O)=O)=O","","21403115","","","85328684",482,0.787581699346405,0,0,TRUE,FALSE,FALSE,TRUE
"salicyluric glucuronide*","Method 3","OEPADIDIUZTYOX-UHFFFAOYSA-N","OC1=CC=CC=C1C(NCC(OC2C(O)C(O)C(O)C(C(O)=O)O2)=O)=O","","21403117","HMDB0240252","","121596205",333,0.544117647058823,0,0,TRUE,TRUE,FALSE,TRUE
"N-acetylproline","Method 1","GNMSLDIYJOSUSW-UHFFFAOYSA-N","O=C(O)C(CCC1)N1C(C)=O","1074-79-9","285677","HMDB0094701","","322640",11,0.0179738562091503,0,0,TRUE,TRUE,FALSE,TRUE
"eicosenoate (20:1)","Method 3","BITHHVVYSMSWAG-KTKRTIGZSA-N","O=C(O)CCCCCCCCC/C=C\CCCCCCCC","","4445895","HMDB0002231,HMDB0062436","C16526","5,282,768,528,276,990,000",0,0,0,0,TRUE,TRUE,TRUE,TRUE
"linolenate [alpha or gamma; (18:3n3 or 6)]","Method 3","DTOSIQBPPRVQHS-PDBXOOCHSA-N","O=C(O)CCCCCCC/C=C\C/C=C\C/C=C\CC","","4444437","HMDB0003073,HMDB0001388","C06426,C06427","52,809,335,280,934",0,0,0,0,TRUE,TRUE,TRUE,TRUE
"aconitate [cis or trans]","Method 3","","","","","HMDB0000958,HMDB000072","C004174,C02341","444,212,643,757",0,0,0,0,FALSE,TRUE,TRUE,TRUE
"metoprolol acid metabolite*","Method 1","PUQIRTNPJRFRCZ-UHFFFAOYSA-N","CC(C)NCC(O)COC1=CC=C(CC(O)=O)C=C1","56392-14-4","56653","","","62936",572,0.934640522875817,0,0,TRUE,FALSE,FALSE,TRUE
"heme","Method 2","GGIDWJQWCUJYRY-UHFFFAOYSA-K","CC1=C(CCC(O)=O)C(/C=C(C(CCC([O-])=O)=C/2C)\[N-]C2=C/C3=N/C(C(C=C)=C3C)=C\4)=N/C1=C\C(N([Fe+2])C4=C5C)=C5C=C","14875-96-8","","HMDB0003178","C00032","26945",36,0.0588235294117647,0,0,TRUE,TRUE,TRUE,TRUE
"stearoylcarnitine (C18)","Method 2","FNPHNLNTJNMAEE-HSZRJFAPSA-N","[O-]C(C[C@@H](OC(CCCCCCCCCCCCCCCCC)=O)C[N+](C)(C)C)=O","18822-91-8","21233653","HMDB0000848","","3006797",0,0,0,0,TRUE,TRUE,FALSE,TRUE
"laurylcarnitine (C12)","Method 2","FUJLYHJROOYKRA-UHFFFAOYSA-N","[O-]C(CC(C[N+](C)(C)C)OC(CCCCCCCCCCC)=O)=O","25518-54-1","8602997","HMDB000225","","168381",0,0,0,0,TRUE,TRUE,FALSE,TRUE
"isovalerylcarnitine (C5)","Method 1","IGQBPDJNUXPEMT-UHFFFAOYSA-N","[O-]C(CC(C[N+](C)(C)C)OC(CC(C)C)=O)=O","31023-24-2","4932271","HMDB0000688","C20826","169235",0,0,0,0,TRUE,TRUE,TRUE,TRUE
"1-linoleoyl-GPC (18:2)","Method 2","SPJFYYJXNPEZDW-UTJQPWESSA-N","O=P(OCC(O)COC(CCCCCCC/C=C\C/C=C\CCCCC)=O)([O-])OCC[N+](C)(C)C","","10160888","HMDB0010386","C04100","11988421",0,0,0,0,TRUE,TRUE,TRUE,TRUE
"7-methylxanthine","Method 1","PFWLFWPASULGAN-UHFFFAOYSA-N","OC1=C(N2C)C(N=C2)=NC(O)=N1","552-62-5","61660","HMDB0001991","C16353","68374",77,0.125816993464052,0,0,TRUE,TRUE,TRUE,TRUE
"1,3,7-trimethylurate","Method 3","BYXCFUMGEBZDDI-UHFFFAOYSA-N","CN(C(N1C)=O)C(NC2=O)=C(N2C)C1=O","5415-44-1","71754","HMDB0002123","C16361","79437",39,0.0637254901960784,0,0,TRUE,TRUE,TRUE,TRUE
"3,7-dimethylurate","Method 3","HMLZLHKHNBLLJD-UHFFFAOYSA-N","CN1C(NC(C(N2C)=C1NC2=O)=O)=O","13087-49-5","74994","HMDB0001982","C16360","83126",183,0.299019607843137,0,0,TRUE,TRUE,TRUE,TRUE
"1,7-dimethylurate","Method 3","NOFNCLGCUJJPKU-UHFFFAOYSA-N","CN1C(NC(N2)=C(C1=O)N(C)C2=O)=O","33868-03-0","82720","HMDB0011103","C16356","91611",8,0.0130718954248366,0,0,TRUE,TRUE,TRUE,TRUE
"1-methylurate","Method 1","QFDRTQONISXGJA-UHFFFAOYSA-N","CN1C(NC(N2)=C(C1=O)NC2=O)=O","708-79-2","62926","HMDB0003099","C16359","69726",149,0.243464052287582,0,0,TRUE,TRUE,TRUE,TRUE
"5-acetylamino-6-formylamino-3-methyluracil","Method 4","RDZNZFGKEVDNPK-UHFFFAOYSA-N","O=C(NC(NC=O)=C1NC(C)=O)N(C)C1=O","85438-96-6","97287","HMDB0011105","C16365","108214",38,0.0620915032679739,0,0,TRUE,TRUE,TRUE,TRUE
"5-acetylamino-6-amino-3-methyluracil","Method 4","POQOTWQIYYNXAT-UHFFFAOYSA-N","O=C(NC(N)=C1NC(C)=O)N(C)C1=O","1196153-01-1","79659","HMDB0004400","C16366","88299",18,0.0294117647058824,0,0,TRUE,TRUE,TRUE,TRUE
"indolebutyrate","Method 3","JTEDVYBZBROSJT-UHFFFAOYSA-N","OC(CCCC1=CNC2=C1C=CC=C2)=O","133-32-4","8298","HMDB0002096","C11284","8617",78,0.127450980392157,0,0,TRUE,TRUE,TRUE,TRUE
"1-methylxanthine","Method 3","MVOYJPOZRLFTCP-UHFFFAOYSA-N","O=C(N1C)NC2=C(NC=N2)C1=O","6136-37-4","72464","HMDB0010738","C16358","80220",237,0.387254901960784,0,0,TRUE,TRUE,TRUE,TRUE
"N1-methylinosine","Method 1","WJNGQIYEQLPJMN-UHFFFAOYSA-N","OC(C1O)C(OC1CO)N(C=N2)C(N=CN3C)=C2C3=O","20245-33-4","513976","HMDB0002721","","650095",5,0.00816993464052288,0,0,TRUE,TRUE,FALSE,TRUE
"N2,N2-dimethylguanosine","Method 1","RSPURTUNRHNVGF-IOSLPCCCSA-N","O=C1C(N=CN2[C@@]3([H])[C@@](O)([H])[C@@](O)([H])[C@](CO)([H])O3)=C2N=C(N(C)C)N1","2140-67-2","83878","HMDB0004824","","135501639",0,0,0,0,TRUE,TRUE,FALSE,TRUE
"N4-acetylcytidine","Method 1","NIDVTARKFBZMOT-PEBGCTIMSA-N","O[C@]1([H])[C@@](O)([H])[C@](CO)([H])O[C@]1(N2C(N=C(NC(C)=O)C=C2)=O)[H]","3768-18-1","96702","HMDB0005923","","107461",0,0,0,0,TRUE,TRUE,FALSE,TRUE
"N6-carbamoylthreonyladenosine","Method 3","UNUYMBPXEFMLNW-HZPYULPISA-N","OC(C)C(C(O)=O)NC(NC1=NC=NC2=C1N=CN2[C@@H]3O[C@H](CO)[C@@H](O)[C@H]3O)=O","24719-82-2","141829","HMDB0041623","","161466",1,0.00163398692810458,0,0,TRUE,TRUE,FALSE,TRUE
"orotidine","Method 4","FKCRAVPPBFWEJD-XVFCMESISA-N","O=C(C=C(C(O)=O)N1[C@H]2[C@H](O)[C@H](O)[C@@H](CO)O2)NC1=O","314-50-1","83729","HMDB0000788","","92751",6,0.00980392156862745,0,0,TRUE,TRUE,FALSE,TRUE
"phenylacetylglutamine","Method 3","JFLIEFSWGNOPJJ-JTQLQIEISA-N","O=C(CC1=CC=CC=C1)N[C@@H](CCC(N)=O)C(O)=O","28047-15-6","270643","HMDB0006344","C04148","92258",0,0,0,0,TRUE,TRUE,TRUE,TRUE
"4-hydroxyhippurate","Method 3","ZMHLUFWWWPBTIU-UHFFFAOYSA-N","O=C(NCC(O)=O)C1=CC=C(O)C=C1","2482-25-9","133104","HMDB0013678","","151012",0,0,0,0,TRUE,TRUE,FALSE,TRUE
"5,6-dihydrouridine","Method 3","ZPTBLXKRQACLCR-XVFCMESISA-N","OC[C@H]1O[C@@H](N2CCC(NC2=O)=O)[C@@H]([C@@H]1O)O","04/05/5627","85115","HMDB0000497","","94312",0,0,0,0,TRUE,TRUE,FALSE,TRUE
"3-(3-amino-3-carboxypropyl)uridine*","Method 3","YXNIEZJFCGTDKV-UHFFFAOYSA-N","OCC1C(O)C(O)C(N2C=CC(N(CCC(C(O)=O)N)C2=O)=O)O1","52745-94-5","149669","","","171198",0,0,0,0,TRUE,FALSE,FALSE,TRUE
"1-pentadecanoylglycerol (15:0)","Method 3","QSKPZDMBULYMDQ-UHFFFAOYSA-N","O=C(CCCCCCCCCCCCCC)OCC(O)CO","104140-07-0","165667","","","190750",246,0.401960784313726,0,0,TRUE,FALSE,FALSE,TRUE
"1-arachidonylglycerol (20:4)","Method 3","DCPCOKIYJYGMDN-DOFZRALJSA-N","O=C(CCC/C=C\C/C=C\C/C=C\C/C=C\CCCCC)OCC(O)CO","35474-99-8","4445452","HMDB11578","C13857","160,199,805,282,281",3,0.00490196078431373,0,0,TRUE,TRUE,TRUE,TRUE
"1-linolenoylglycerol (18:3)","Method 3","XQBHBEXBUZDCRY-QNEBEIHSSA-N","O=C(OCC(O)CO)CCCC\C=C/C\C=C/C\C=C/CCCCC","124151-74-2","21403134","HMDB0011569","","53480978",92,0.150326797385621,0,0,TRUE,TRUE,FALSE,TRUE
"cysteine-glutathione disulfide","Method 1","BNRXZEPOHPEEAS-UHFFFAOYSA-N","NC(C(O)=O)CCC(NC(CSSCC(N)C(O)=O)C(NCC(O)=O)=O)=O","13081-14-6","3455404","HMDB0000656","R00900","3080690",69,0.112745098039216,0,0,TRUE,TRUE,TRUE,TRUE
"1-palmitoyl-GPA (16:0)","Method 3","YNDYKPRNFWPPFU-GOSISDBHSA-N","OP(OC[C@H](O)COC(CCCCCCCCCCCCCCC)=O)(O)=O","17618-08-5","4925335","HMDB00327","C04036","6419701",24,0.0392156862745098,0,0,TRUE,TRUE,TRUE,TRUE
"5-methyluridine (ribothymidine)","Method 3","DWRXFEITVBNRMK-JXOAFFINSA-N","O[C@@H]1[C@H](O)[C@@H](CO)O[C@H]1N(C=C2C)C(NC2=O)=O","1463-10-1","393058","HMDB0000884","","445408",0,0,0,0,TRUE,TRUE,FALSE,TRUE
"isovalerylglycine","Method 3","ZRQXMKMBBMNNQC-UHFFFAOYSA-N","O=C(O)CNC(CC(C)C)=O","16284-60-9","475516","HMDB00678","","546304",204,0.333333333333333,0,0,TRUE,TRUE,FALSE,TRUE
"3-hydroxydodecanedioate*","Method 3","FYVQCLGZFXHEGL-UHFFFAOYSA-N","O=C(O)CC(O)CCCCCCCCC(O)=O","34574-69-1","13628081","HMDB0000413","","16663321",49,0.0800653594771242,0,0,TRUE,TRUE,FALSE,TRUE
"7-methylguanine","Method 1","FZWGECJQACGGTI-UHFFFAOYSA-N","O=C1C(N2C)=C(N=C2)N=C(N)N1","578-76-7","10883","HMDB0000897","C02242","135398679",0,0,0,0,TRUE,TRUE,TRUE,TRUE
"1-stearoyl-GPE (18:0)","Method 2","BBYWOYAFBUOUFP-JOCHJYFZSA-N","O=P(OCC[NH3+])([O-])OC[C@H](O)COC(CCCCCCCCCCCCCCCCC)=O","69747-55-3","7826018","HMDB0011130","","9547068",0,0,0,0,TRUE,TRUE,FALSE,TRUE
"1-stearoyl-GPG (18:0)","Method 3","HFJVKBVEKQHVTO-OZAIVSQSSA-N","O=P(OCC(O)CO)(O)OC[C@H](O)COC(CCCCCCCCCCCCCCCCC)=O","","21403138","","","",38,0.0620915032679739,0,0,TRUE,FALSE,FALSE,TRUE
"3-methylcytidine","Method 1","RDPUKVRQKWBSPK-ZOQUXTDFSA-N","O[C@]([C@@]1(O)[H])([C@](O[C@](CO)1[H])([H])N2C=CC(N(C)C2=O)=N)[H]","21028-20-6","9164190","HMDB0240577","","14237477",48,0.0784313725490196,0,0,TRUE,TRUE,FALSE,TRUE
"N2-methylguanosine","Method 3","SLEHROROQDYRAW-KQYNXXCUSA-N","O=C1C(N=CN2[C@@]3([H])[C@@](O)([H])[C@@](O)([H])[C@](CO)([H])O3)=C2N=C(NC)N1","2140-77-4","2299669","HMDB0005862","","135501934",51,0.0833333333333333,0,0,TRUE,TRUE,FALSE,TRUE
"N1-methyl-2-pyridone-5-carboxamide","Method 3","JLQSXXWTCJPCBC-UHFFFAOYSA-N","O=C(C1=C([H])N(C(C([H])=C1[H])=O)C([H])([H])[H])N([H])[H]","701-44-0","62899","HMDB0004193","C05842","69698",0,0,0,0,TRUE,TRUE,TRUE,TRUE
"mead acid (20:3n9)","Method 3","UNSRRHDPHVZAHH-YOILPLPUSA-N","O=C(O)CCC\C=C/C/C=C\C/C=C\CCCCCCCC","20590-32-3","4471956","HMDB0010378","","5312531",271,0.44281045751634,0,0,TRUE,TRUE,FALSE,TRUE
"1-docosahexaenoylglycerol (22:6)","Method 3","JWPHORDRFVRZPP-KUBAVDMBSA-N","O=C(OCC(O)CO)CC/C=C\C/C=C\C/C=C\C/C=C\C/C=C\C/C=C\CC","","10477810","HMDB0011587","","53480995",233,0.380718954248366,0,0,TRUE,TRUE,FALSE,TRUE
"gamma-glutamylisoleucine*","Method 1","SNCKGJWJABDZHI-SIPWABPFSA-N","CCC(C)[C@@H](C(O)=O)NC(CC[C@@H](C(O)=O)N)=O","","21403145","HMDB0011170","","22885096",0,0,0,0,TRUE,TRUE,FALSE,TRUE
"oleoylcarnitine (C18:1)","Method 2","IPOLTUVFXFHAHI-WHIOSMTNSA-N","[O-]C(C[C@@H](OC(CCCCCCC/C=C\CCCCCCCC)=O)C[N+](C)(C)C)=O","38677-66-6","21403150","HMDB0005065","","6441392",0,0,0,0,TRUE,TRUE,FALSE,TRUE
"gamma-glutamyl-2-aminobutyrate","Method 1","FUZOZPRKGAXGOB-UHFFFAOYSA-N","O=C(O)C(CCC(NC(CC)C(O)=O)=O)N","16869-42-4","21403151","","","",18,0.0294117647058824,0,0,TRUE,FALSE,FALSE,TRUE
"2-methylbutyrylcarnitine (C5)","Method 1","IHCPDBBYTYJYIL-UHFFFAOYSA-N","CCC(C)C(OC(CC([O-])=O)C[N+](C)(C)C)=O","31023-25-3","4932320","HMDB0000378","","6426901",41,0.0669934640522876,0,0,TRUE,TRUE,FALSE,TRUE
"phenol sulfate","Method 3","CTYRPMDGLDAWRQ-UHFFFAOYSA-N","OS(OC1=CC=CC=C1)(=O)=O","937-34-8","67018","HMDB0060015","C02180","74426",0,0,0,0,TRUE,TRUE,TRUE,TRUE
"1-palmitoleoyl-GPC (16:1)*","Method 2","LFUDDCMNKWEORN-KHPPLWFESA-N","O=P(OCC[N+](C)(C)C)([O-])OCC(O)COC(CCCCCCC/C=C\CCCCCC)=O","","21403152","HMDB0010383","","24779461",0,0,0,0,TRUE,TRUE,FALSE,TRUE
"nifedipine","Method 3","HYIMSNHJOBLJNT-UHFFFAOYSA-N","CC1=C(C(OC)=O)C(C(C(OC)=O)=C(C)N1)C2=C([N+]([O-])=O)C=CC=C2","21829-25-4","4330","","C07266,D00437","4485",611,0.998366013071895,0,0,TRUE,FALSE,TRUE,TRUE
"malonylcarnitine","Method 1","ZGNBLKBZJBJFDG-UHFFFAOYSA-N","O=C(CC(O)=O)OC(CC([O-])=O)C[N+](C)(C)C","853728-01-5","21403153","HMDB0002095","","22833583",199,0.32516339869281,0,0,TRUE,TRUE,FALSE,TRUE
"hexanoylglycine","Method 3","UPCKIPHSXMXJOX-UHFFFAOYSA-N","O=C(O)CNC(CCCCC)=O","24003-67-6","89859","HMDB0000701","","99463",348,0.568627450980392,0,0,TRUE,TRUE,FALSE,TRUE
"lidocaine","Method 1","NNJVILVZKWQKPM-UHFFFAOYSA-N","CC1=CC=CC(C)=C1NC(CN(CC)CC)=O","137-58-6","3548","HMDB0014426","D00358","3676",558,0.911764705882353,0,0,TRUE,TRUE,TRUE,TRUE
"N-ethylglycinexylidide","Method 1","WRMRXPASUROZGT-UHFFFAOYSA-N","CC1=CC=CC(C)=C1NC(CNCC)=O","7728-40-7","22824","HMDB0060656","C16561","24415",574,0.937908496732026,0,0,TRUE,TRUE,TRUE,TRUE
"glutamine_degradant*","Method 1","NPWMTBZSRRLQNJ-UHFFFAOYSA-N","O=C(CCC1N)NC1=O","2353-44-8","","","","",0,0,0,0,TRUE,FALSE,FALSE,TRUE
"2-hydroxy-3-methylvalerate","Method 3","RILPIWOPNGRASR-UHFFFAOYSA-N","O=C(C(C(CC)C)O)O","488-15-3","144317","HMDB0000317","","164623",0,0,0,0,TRUE,TRUE,FALSE,TRUE
"testosterone sulfate","Method 3","WAQBISPOEAOCOG-DYKIIFRCSA-N","O=C1CC[C@@]2(C)C(CC[C@]3([H])[C@]2([H])CC[C@@]4(C)[C@@]3([H])CC[C@@H]4OS(=O)(O)=O)=C1","651-45-6","19979647","HMDB0002833","","119207",408,0.666666666666667,0,0,TRUE,TRUE,FALSE,TRUE
"homostachydrine*","Method 1","XULZWQRXYTVUTE-ZETCQYMHSA-N","C[N+]1(C)[C@@H](CCCC1)[C@]([O-])=O","1195-94-4","390180","HMDB0033433","C08283","441447",0,0,0,0,TRUE,TRUE,TRUE,TRUE
"1-arachidonoyl-GPC (20:4n6)*","Method 2","LAXQYRRMGGEGOH-JXRLJXCWSA-N","C[N+](C)(C)CCOP(OC[C@@](O)([H])COC(CCC\C=C/C\C=C/C/C=C\C/C=C\CCCCC)=O)([O-])=O","","21403155","HMDB0010395","C05208","24779476",0,0,0,0,TRUE,TRUE,TRUE,TRUE
"2-palmitoleoyl-GPC (16:1)*","Method 3","GKXPPJQBVCKAGD-DJYGDJEFSA-N","OC[C@](OC(CCCCCCCC/C=C\CCCCC)=O)([H])COP(OCC[N+](C)(C)C)([O-])=O","","21403164","HMDB10383","","122164832",4,0.0065359477124183,0,0,TRUE,TRUE,FALSE,TRUE
"2-palmitoyl-GPC (16:0)*","Method 3","NEGQHKSYEYVFTD-HSZRJFAPSA-N","OC[C@](OC(CCCCCCCCCCCCCCC)=O)([H])COP(OCC[N+](C)(C)C)([O-])=O","","21403165","HMDB0061702","","15061532",0,0,0,0,TRUE,TRUE,FALSE,TRUE
"1-palmitoyl-GPE (16:0)","Method 2","YVYMBNSKXOXSKW-HXUWFJFHSA-N","O=P(OCC[NH3+])([O-])OC[C@H](O)COC(CCCCCCCCCCCCCCC)=O","53862-35-4","7826019","HMDB0011503","","9547069",0,0,0,0,TRUE,TRUE,FALSE,TRUE
"1-oleoyl-GPE (18:1)","Method 2","PYVRVRFVLRNJLY-MZMPXXGTSA-N","O=P(OCC[NH3+])([O-])OC[C@H](O)COC(CCCCCCC\C=C/CCCCCCCC)=O","89576-29-4","7826021","HMDB0011506","","9547071",0,0,0,0,TRUE,TRUE,FALSE,TRUE
"1-linoleoyl-GPE (18:2)*","Method 2","DBHKHNGBVGWQJE-HZJYTTRNSA-N","O=P(OCC(O)COC(CCCCCCC/C=C\C/C=C\CCCCC)=O)(O)OCCN","","21403170","HMDB0011507","","52925130",0,0,0,0,TRUE,TRUE,FALSE,TRUE
"1-arachidonoyl-GPE (20:4n6)*","Method 2","ROPRRXYVXLDXQO-XSQXPFHXSA-N","NCCOP(OC[C@@](O)([H])COC(CCC\C=C/C\C=C/C/C=C\C/C=C\CCCCC)=O)(O)=O","","21403171","HMDB0011517","","42607465",0,0,0,0,TRUE,TRUE,FALSE,TRUE
"N-acetylcitrulline","Method 3","WMQMIOYQXNRROC-LURJTMIESA-N","OC([C@@H](NC(C)=O)CCCNC(N)=O)=O","33965-42-3","571213","HMDB0000856","C15532,C02851","656979",57,0.0931372549019608,0,0,TRUE,TRUE,TRUE,TRUE
"2-hydroxypalmitate","Method 3","JGHSBPIZNUXPLA-UHFFFAOYSA-N","O=C(O)C(O)CCCCCCCCCCCCCC","764-67-0","83805","HMDB0031057","","125,759,649,283,611,000,000",0,0,0,0,TRUE,TRUE,FALSE,TRUE
"docosapentaenoate (n6 DPA; 22:5n6)","Method 3","AVKOENOBFIYBSA-WMPRHZDHSA-N","OC(CC/C=C\C/C=C\C/C=C\C/C=C\C/C=C\CCCCC)=O","25182-74-5","4945614","HMDB0001976","C16513","6441454",20,0.0326797385620915,0,0,TRUE,TRUE,TRUE,TRUE
"gulonate*","Method 4","RGHNJXZEOKUKBD-NRXMZTRTSA-N","OC([C@H](O)[C@H](O)[C@H](O)[C@@H](O)CO)=O","20246-53-1","7969943","HMDB0003290","C00800","152304",21,0.0343137254901961,0,0,TRUE,TRUE,TRUE,TRUE
"pivaloylcarnitine (C5)","Method 1","YICAQFPUDACYGQ-UHFFFAOYSA-N","[O-]C(CC(C[N+](C)(C)C)OC(C(C)(C)C)=O)=O","98299-38-8","112688","HMDB0041993","","126894",597,0.975490196078431,0,0,TRUE,TRUE,FALSE,TRUE
"isobutyrylglycine","Method 3","DCICDMMXFIELDF-UHFFFAOYSA-N","O=C(O)CNC(C(C)C)=O","15926-18-8","9030891","HMDB0000730","","10855600",250,0.408496732026144,0,0,TRUE,TRUE,FALSE,TRUE
"glutarylcarnitine (C5-DC)","Method 1","NXJAXUYOQLTISD-UHFFFAOYSA-N","[O-]C(CC(C[N+](C)(C)C)OC(CCCC(O)=O)=O)=O","102636-82-8","21403175","HMDB0013130","","71317118",0,0,0,0,TRUE,TRUE,FALSE,TRUE
"beta-hydroxyisovaleroylcarnitine","Method 1","IGLHHSKNBDXCEY-UHFFFAOYSA-N","[O-]C(CC(C[N+](C)(C)C)OC(CC(O)(C)C)=O)=O","99159-87-2","21403176","","","",0,0,0,0,TRUE,FALSE,FALSE,TRUE
"2-methylmalonylcarnitine (C4-DC)","Method 1","XROYFEWIXXCPAW-UHFFFAOYSA-N","[O-]C(CC(C[N+](C)(C)C)OC(C(C)C(O)=O)=O)=O","149181-64-6","21403178","HMDB0013133","","53481628",104,0.169934640522876,0,0,TRUE,TRUE,FALSE,TRUE
"tiglylcarnitine (C5:1-DC)","Method 1","WURBQCVBQNMUQT-RMKNXTFCSA-N","[O-]C(CC(C[N+](C)(C)C)OC(/C(C)=C/C)=O)=O","64191-86-2","17216200","HMDB0002366","","22833596",3,0.00490196078431373,0,0,TRUE,TRUE,FALSE,TRUE
"hydroquinone sulfate","Method 3","FPXPQMOQWJZYBL-UHFFFAOYSA-N","OC1=CC=C(C=C1)OS(=O)(O)=O","123-31-9","141624","HMDB0240263","C00530","161220",61,0.0996732026143791,0,0,TRUE,TRUE,TRUE,TRUE
"catechol sulfate","Method 3","MZPWKJZDOCIALD-UHFFFAOYSA-N","O=S(OC1=C(O)C=CC=C1)(O)=O","4918-96-1","2341024","HMDB0059724","","3083879",0,0,0,0,TRUE,TRUE,FALSE,TRUE
"cholesterol sulfate","Method 4","BHYOQNUELFTYRT-UHFFFAOYSA-N","CC1(C2C(C)CCCC(C)C)C(CC2)C(CC=C3C4(CCC(OS(=O)(O)=O)C3)C)C4CC1","2864-50-8","4371550","HMDB00653","C18043","65076",0,0,0,0,TRUE,TRUE,TRUE,TRUE
"7alpha-hydroxy-3-oxo-4-cholestenoate (7-Hoca)","Method 3","SATGKQGFUDXGAX-MYWFJNCASA-N","O=C(C(CCC[C@H]([C@H]1CC[C@H]2[C@H]3[C@@H]([C@]4(C)C(C[C@H]3O)=CC(CC4)=O)CC[C@@]21C)C)C)O","115538-85-7","2338765","HMDB0012458","C17337","3081085",0,0,0,0,TRUE,TRUE,TRUE,TRUE
"3beta,7alpha-dihydroxy-5-cholestenoate","Method 3","GYJSAWZGYQXRBS-GRJZKGIBSA-N","O[C@H]1[C@@]([C@@](CC2)([H])[C@](CC[C@@H]3O)(C)C(C3)=C1)([H])[C@@]4([H])[C@@]2(C)[C@]([C@H](C)CCCC(C)C(O)=O)([H])CC4","115538-84-6","2338764","HMDB0012454","C17335","3081084",0,0,0,0,TRUE,TRUE,TRUE,TRUE
"N-acetyl-aspartyl-glutamate (NAAG)","Method 1","OPVPGKGADVGKTG-UHFFFAOYSA-N","CC(NC(C(NC(CCC(O)=O)C(O)=O)=O)CC(O)=O)=O","3106-85-2","5065","HMDB0001067","C12270","188803",42,0.0686274509803922,0,0,TRUE,TRUE,TRUE,TRUE
"tetradecanedioate (C14-DC)","Method 3","HQHCYKULIHKCEB-UHFFFAOYSA-N","O=C(O)CCCCCCCCCCCCC(O)=O","821-38-5","12630","HMDB0000872","","13185",4,0.0065359477124183,0,0,TRUE,TRUE,FALSE,TRUE
"hexadecanedioate (C16-DC)","Method 3","QQHJDPROMQRDLA-UHFFFAOYSA-N","O=C(O)CCCCCCCCCCCCCCC(O)=O","505-54-4","10027","HMDB0000672","C19615","10459",5,0.00816993464052288,0,0,TRUE,TRUE,TRUE,TRUE
"octadecanedioate (C18-DC)","Method 3","BNJOQKFENDDGSC-UHFFFAOYSA-N","O=C(O)CCCCCCCCCCCCCCCCC(O)=O","871-70-5","63283","HMDB0000782","","70095",8,0.0130718954248366,0,0,TRUE,TRUE,FALSE,TRUE
"undecanedioate (C11-DC)","Method 3","LWBHHRRTOZQPDM-UHFFFAOYSA-N","O=C(O)CCCCCCCCCC(O)=O","1852-04-6","15037","HMDB0000888","","15816",166,0.271241830065359,0,0,TRUE,TRUE,FALSE,TRUE
"1-myristoylglycerol (14:0)","Method 3","DCBSHORRWZKAKO-UHFFFAOYSA-N","O=C(CCCCCCCCCCCCC)OCC(O)CO","75685-84-6","71382","HMDB0011561","C01885","10957631",27,0.0441176470588235,0,0,TRUE,TRUE,TRUE,TRUE
"glycerophosphoethanolamine","Method 1","JZNWSCPGTDBMEW-UHFFFAOYSA-N","O=P(OCCN)(O)OCC(CO)O","33049-08-0","110410","HMDB0000114","C01233","123874",0,0,0,0,TRUE,TRUE,TRUE,TRUE
"glycerophosphoinositol*","Method 1","BMVUIWJCUQSHLZ-GFSNQTMESA-N","[H]C(C(O)(C(O)([C@](O)1[H])[H])[H])([C@@](OP(O)(OC[C@@]([H])(CO)O)=O)([C@]1(O)[H])[H])O","16824-65-0","","","","167572",119,0.194444444444444,0,0,TRUE,FALSE,FALSE,TRUE
"3-(2-hydroxyphenyl)propionate","Method 3","CJBDUOMQLFKVQC-UHFFFAOYSA-N","OC1=C(C=CC=C1)CCC(O)=O","495-78-3","850","HMDB0033752","C01198","6930705",529,0.86437908496732,0,0,TRUE,TRUE,TRUE,TRUE
"3-(3-hydroxyphenyl)propionate","Method 3","QVWAEZJXDYOKEH-UHFFFAOYSA-N","O=C(CCC1=CC(O)=CC=C1)O","621-54-5","89","HMDB0000375","C11457","91",163,0.266339869281046,0,0,TRUE,TRUE,TRUE,TRUE
"ectoine","Method 1","WQXNXVUDBPYKBA-YFKPBYRVSA-N","O=[C@](O)[C@H]1N=C(C)NCC1","96702-03-3","112069","HMDB0240650","C06231","126041",1,0.00163398692810458,0,0,TRUE,TRUE,TRUE,TRUE
"1-arachidonoyl-GPI (20:4)*","Method 3","LXUGKKVCSTYZFK-OSKOXSHBSA-N","[H]C(C(O)(C(O)([C@](O)1[H])[H])[H])([C@@](OP(O)(OC[C@@]([H])(COC(CCC/C=C\C/C=C\C/C=C\C/C=C\CCCCC)=O)O)=O)([C@]1(O)[H])[H])O","","","HMDB0061690","","121596217",0,0,0,0,TRUE,TRUE,FALSE,TRUE
"1-palmitoyl-GPI (16:0)","Method 3","UOXRPRZMAROFPH-AQFLIPHUSA-N","[H]C(C(O)(C(O)([C@](O)1[H])[H])[H])([C@@](OP(O)(OC[C@@]([H])(COC(CCCCCCCCCCCCCCC)=O)O)=O)([C@]1(O)[H])[H])O","","","HMDB0061695","","71296207",0,0,0,0,TRUE,TRUE,FALSE,TRUE
"glycolithocholate sulfate*","Method 3","FHXBAFXQVZOILS-OETIFKLTSA-N","C[C@]12[C@@]([C@@]([C@@](CC2)([H])[C@](CC3)(C)[C@@]4([H])C[C@@H]3OS(=O)(O)=O)(CC4)[H])([H])CC[C@]1([H])[C@H](C)CCC(NCC(O)=O)=O","15324-64-8","65188","HMDB0002639","C11301","72222",3,0.00490196078431373,0,0,TRUE,TRUE,TRUE,TRUE
"taurolithocholate 3-sulfate","Method 3","HSNPMXROZIQAQD-VUIPEFFGSA-N","C[C@@]([C@]([C@@](CC1)([H])[C@@]2([H])[C@](CC3)(C)[C@]1([H])C[C@@H]3OS(=O)(O)=O)(CC4)[H])(CC2)[C@]4([H])[C@H](C)CCC(NCCS(O)(=O)=O)=O","64936-83-0","389078","HMDB0002580","C03642","440071",39,0.0637254901960784,0,0,TRUE,TRUE,TRUE,TRUE
"deoxycarnitine","Method 1","JHPNVNIEXXLNTR-UHFFFAOYSA-N","C[N+](C)(C)CCCC([O-])=O","6249-56-5","705","HMDB0001161","C01181","22620",0,0,0,0,TRUE,TRUE,TRUE,TRUE
"N6-succinyladenosine","Method 3","VKGZCEJTCKHMRL-UHFFFAOYSA-N","OCC(O1)C(O)C(O)C1N2C=NC3=C(NC(CC(O)=O)C(O)=O)N=CN=C32","4542-23-8","","HMDB0000912","","165243",56,0.0915032679738562,0,0,TRUE,TRUE,FALSE,TRUE
"1-ribosyl-imidazoleacetate*","Method 1","AHPWEWASPTZMEK-UHFFFAOYSA-N","OCC(O1)C(O)C(O)C1N2C=NC(CC(O)=O)=C2","29605-99-0","4292299","HMDB0002331","C05131","440569",0,0,0,0,TRUE,TRUE,TRUE,TRUE
"alpha-hydroxycaproate","Method 3","NYHNVHGFPZAZGA-UHFFFAOYSA-N","O=C(C(CCCC)O)O","6064-63-7","90191","HMDB0001624","","99824",117,0.191176470588235,0,0,TRUE,TRUE,FALSE,TRUE
"3,4-dihydroxybutyrate","Method 4","DZAIOXUZHHTJKN-UHFFFAOYSA-N","O=C(CC(CO)O)O","51267-44-8","","HMDB0000337","","150929",0,0,0,0,TRUE,TRUE,FALSE,TRUE
"indoleacetylglutamine","Method 3","DVJIJAYHBZALOJ-UHFFFAOYSA-N","O=C(NC(CCC(N)=O)C(O)=O)CC1=CNC2=C1C=CC=C2","","","HMDB0013240","","25200879",105,0.17156862745098,0,0,TRUE,TRUE,FALSE,TRUE
"hexanoylglutamine","Method 3","NONGMLDQXRDGIT-UHFFFAOYSA-N","O=C(CCCCC)NC(CCC(N)=O)C(O)=O","","","","","",8,0.0130718954248366,0,0,TRUE,FALSE,FALSE,TRUE
"N6-acetyllysine","Method 3","DTERQYGMUDWYAZ-ZETCQYMHSA-N","N[C@@H](CCCCNC(C)=O)C(O)=O","692-04-6","83801","HMDB0000206","C02727","92832",0,0,0,0,TRUE,TRUE,TRUE,TRUE
"dihomo-linolenate (20:3n3 or n6)","Method 3","AHANXAKGNAKFSK-PDBXOOCHSA-N","CC\C=C/C\C=C/C\C=C/CCCCCCCCCC(O)=O","17046-59-2","4471954","HMDB0002925","C03242","5280581",0,0,0,0,TRUE,TRUE,TRUE,TRUE
"mannitol/sorbitol","Method 4","FBPFZTCFMRRESA-UHFFFAOYSA-N","OCC(O)C(O)C(O)C(O)CO","","440","HMDB0000247,HMDB0000765","C00392,C00794","57,806,251",0,0,0,0,TRUE,TRUE,TRUE,TRUE
"tryptophan betaine","Method 1","AOHCBEAZXHZMOR-ZDUSSCGKSA-N","O=C([O-])[C@@H]([N@+](C)(C)C)CC1=CNC2=C1C=CC=C2","20671-76-5","390633","HMDB0061115","C09213","442106",0,0,0,0,TRUE,TRUE,TRUE,TRUE
"4-vinylphenol sulfate","Method 3","IETVQHUKTKKBFF-UHFFFAOYSA-N","O=S(OC1=CC=C(C=C)C=C1)(O)=O","2628-17-3","4932200","HMDB0062775","C05627","6426766",0,0,0,0,TRUE,TRUE,TRUE,TRUE
"4-ethylphenylsulfate","Method 3","DWZGLEPNCRFCEP-UHFFFAOYSA-N","O=S(OC1=CC=C(CC)C=C1)(O)=O","123-07-9","","HMDB0062551","C13637","20822574",3,0.00490196078431373,0,0,TRUE,TRUE,TRUE,TRUE
"thymol sulfate","Method 3","NODSEPOUFZPJEQ-UHFFFAOYSA-N","CC(C)C1=CC=C(C)C=C1OS(=O)(O)=O","89-83-8","10709958","HMDB0062720","C09908","12456386",2,0.00326797385620915,0,0,TRUE,TRUE,TRUE,TRUE
"3-methyladipate","Method 4","SYEOWUNSTUDKGM-UHFFFAOYSA-N","O=C(O)CC(C)CCC(O)=O","03/01/3058","11789","HMDB0000555","","12292",340,0.555555555555556,0,0,TRUE,TRUE,FALSE,TRUE
"pyrraline","Method 3","VTYFITADLSVOAS-UHFFFAOYSA-N","NC(C(O)=O)CCCCN1C(C=O)=CC=C1CO","74509-14-1","19980286","HMDB0033143","C21013","14274616",124,0.202614379084967,0,0,TRUE,TRUE,TRUE,TRUE
"N6-carboxymethyllysine","Method 1","NUXSIDPKKIEIMI-UHFFFAOYSA-N","OC(CNCCCCC(C(O)=O)N)=O","03/04/5746","11217184","HMDB0240347","","123800",157,0.256535947712418,0,0,TRUE,TRUE,FALSE,TRUE
"1-oleoyl-GPI (18:1)","Method 3","UGDOFRYHDCDVHD-JCASDCETSA-N","[H]C(C(O)(C(O)([C@](O)1[H])[H])[H])([C@@](OP(O)(OC[C@@]([H])(COC(CCCCCCC/C=C\CCCCCCCC)=O)O)=O)([C@]1(O)[H])[H])O","","","HMDB0061693","","86289645",1,0.00163398692810458,0,0,TRUE,TRUE,FALSE,TRUE
"1-linoleoyl-GPI (18:2)*","Method 3","SAHCQBPGXQFTRA-WNOZMNFTSA-N","[H]C(C(O)(C(O)([C@](O)1[H])[H])[H])([C@@](OP(O)(OC[C@@]([H])(COC(CCCCCCC/C=C\C/C=C\CCCCC)=O)O)=O)([C@]1(O)[H])[H])O","","","HMDB0240597","","11124828",0,0,0,0,TRUE,TRUE,FALSE,TRUE
"desmethylnaproxen","Method 3","XWJUDDGELKXYNO-QMMMGPOBSA-N","OC1=CC=C2C(C=CC([C@H](C)C(O)=O)=C2)=C1","52079-10-4","18640362","HMDB0013989","","162920",600,0.980392156862745,0,0,TRUE,TRUE,FALSE,TRUE
"desmethylnaproxen sulfate","Method 3","BNKMSCMOWGCUOF-QMMMGPOBSA-N","C[C@H](C(O)=O)C1=CC2=CC=C(OS(=O)(O)=O)C=C2C=C1","","160559","","","184679",589,0.962418300653595,0,0,TRUE,FALSE,FALSE,TRUE
"sucralose","Method 3","BAQAVOSOZGMPRM-DYDPOALMSA-N","Cl[C@]([C@@](O[C@@](O[C@@]([C@@]1(O)[H])(CCl)O[C@]([C@]1(O)[H])(CCl)[H])([C@]2(O)[H])[H])(CO)[H])([C@]2(O)[H])[H]","56038-13-2","","HMDB0031554","C12285","71485",321,0.524509803921569,0,0,TRUE,TRUE,TRUE,TRUE
"2-hydroxyacetaminophen sulfate*","Method 3","HRLQZTOIKWEZBN-UHFFFAOYSA-N","CC(NC1=C(O)C=C(OS(=O)(O)=O)C=C1)=O","","34448632","HMDB0062547","","86290013",375,0.612745098039216,0,0,TRUE,TRUE,FALSE,TRUE
"2-methoxyacetaminophen sulfate*","Method 3","NZKKXAGORRATJB-UHFFFAOYSA-N","CC(NC1=C(OC)C=C(OS(=O)(O)=O)C=C1)=O","","34448633","HMDB0062550","","86290014",442,0.722222222222222,0,0,TRUE,TRUE,FALSE,TRUE
"2-methoxyacetaminophen glucuronide*","Method 3","GDCCQRYSPGZVPX-UHFFFAOYSA-N","CC(NC1=C(OC)C=C(OC2OC(C(O)=O)C(O)C(O)C2O)C=C1)=O","","52083351","HMDB0240215","","121596203",443,0.723856209150327,0,0,TRUE,TRUE,FALSE,TRUE
"3-(cystein-S-yl)acetaminophen*","Method 1","LLHICPSCVFRWDT-UHFFFAOYSA-N","CC(NC1=CC=C(O)C(SCC(C(O)=O)N)=C1)=O","53446-10-9","4403253","HMDB0240217","","171264",503,0.821895424836601,0,0,TRUE,TRUE,FALSE,TRUE
"methylphosphate","Method 1","CAAULPUQFIIOTL-UHFFFAOYSA-N","O=P(O)(O)OC","7023-27-0","12578","HMDB61711","","13130",0,0,0,0,TRUE,TRUE,FALSE,TRUE
"o-cresol sulfate","Method 3","CYGSXDXRHXMAOV-UHFFFAOYSA-N","O=S(OC1=CC=CC=C1C)(O)=O","","9790277","HMDB0011635","","11615528",72,0.117647058823529,0,0,TRUE,TRUE,FALSE,TRUE
"2-ethylphenylsulfate","Method 3","TXENPQZYQPWRAV-UHFFFAOYSA-N","O=S(OC1=C(CC)C=CC=C1)(O)=O","","","","","",361,0.589869281045752,0,0,TRUE,FALSE,FALSE,TRUE
"dimethylarginine (SDMA + ADMA)","Method 1","YDGMGEXADBMOMJ-LURJTMIESA-N","N[C@@H](CCCNC(N(C)C)=N)C(O)=O","102783-24-4","110375","HMDB0003334,HMDB0001539","C21189,C03626","123,831,169,148",0,0,0,0,TRUE,TRUE,TRUE,TRUE
"gamma-glutamylalanine","Method 1","WQXXXVRAFAKQJM-WHFBIAKZSA-N","C[C@H](NC(CC[C@H](N)C(O)=O)=O)C(O)=O","5875-41-2","389104","HMDB0029142","C03738","440103",31,0.0506535947712418,0,0,TRUE,TRUE,TRUE,TRUE
"N-acetylserine","Method 4","JJIHLJJYMXLCOY-BYPYZUCNSA-N","OC[C@@H](C(O)=O)NC(C)=O","97-14-3","58744","HMDB0002931","","65249",0,0,0,0,TRUE,TRUE,FALSE,TRUE
"1-stearoyl-2-oleoyl-GPE (18:0/18:1)","Method 2","JQKOHRZNEOQNJE-AYBNWLFXSA-N","O=C(CCCCCCC/C=C/CCCCCCCC)O[C@@H](COP(OCCN)(O)=O)COC(CCCCCCCCCCCCCCCCC)=O","","","HMDB0008993","","9546742",0,0,0,0,TRUE,TRUE,FALSE,TRUE
"chiro-inositol","Method 4","CDAISMWEOUEBRE-LKPKBOIGSA-N","O[C@@H]1[C@@H](O)[C@H](O)[C@@H](O)[C@@H](O)[C@@H]1O","643-12-9","10254647","HMDB0240209","C19891","",321,0.524509803921569,0,0,TRUE,TRUE,TRUE,TRUE
"4-allylphenol sulfate","Method 3","KFDHKOFCRYUXLA-UHFFFAOYSA-N","C=CCC1=CC=C(OS(=O)(O)=O)C=C1","","","","","66633409",0,0,0,0,TRUE,FALSE,FALSE,TRUE
"1-stearoyl-2-arachidonoyl-GPC (18:0/20:4)","Method 2","PSVRFUPOQYJOOZ-QNPWAGBNSA-N","C[N+](C)(CCOP([O-])(OC[C@@]([H])(COC(CCCCCCCCCCCCCCCCC)=O)OC(CCC/C=C\C/C=C\C/C=C\C/C=C\CCCCC)=O)=O)C","35418-59-8","17347139","HMDB0008048","","16219824",0,0,0,0,TRUE,TRUE,FALSE,TRUE
"1-palmitoyl-2-linoleoyl-GPE (16:0/18:2)","Method 2","HBZNVZIRJWODIB-NHCUFCNUSA-N","O=C(CCCCCCC/C=C\C/C=C\CCCCC)O[C@@H](COP(OCCN)(O)=O)COC(CCCCCCCCCCCCCCC)=O","","7825697","HMDB0005322","","9546747",0,0,0,0,TRUE,TRUE,FALSE,TRUE
"1-stearoyl-2-arachidonoyl-GPS (18:0/20:4)","Method 2","SVOUGFFDROZBJI-DNALCEECSA-N","O=C(CCCCCCCCCCCCCCCCC)OC[C@]([H])(COP(O)(OC[C@]([NH3+])(C([O-])=O)[H])=O)OC(CCC/C=C\C/C=C\C/C=C\C/C=C\CCCCC)=O","","","HMDB0012383","","24779545",487,0.795751633986928,0,0,TRUE,TRUE,FALSE,TRUE
"sphinganine-1-phosphate","Method 2","YHEDRJPUIRMZMP-UHFFFAOYSA-N","OP(O)(OCC(C(CCCCCCCCCCCCCCC)O)N)=O","19794-97-9","505","HMDB0001383","","520",8,0.0130718954248366,0,0,TRUE,TRUE,FALSE,TRUE
"glycosyl-N-nervonoyl-sphingosine (d18:1/24:1)*","Method 2","WBOZIXHPUPAOIA-YEWIENRVSA-N","OC(C([C@H]([C@H]1CO)O)O)[C@@H](O1)OC[C@@]([H])([C@](O)(/C=C/CCCCCCCCCCCCC)[H])NC(CCCCCCCCCCCCC/C=C\CCCCCCCC)=O","","","HMDB0004975,HMDB0010712","","2,005,735,753,480,650",105,0.17156862745098,0,0,TRUE,TRUE,FALSE,TRUE
"glycosyl-N-stearoyl-sphingosine (d18:1/18:0)","Method 2","YMYQEDCYNANIPI-OQRGLTFYSA-N","OC1C(CO)OC(OC[C@H](NC(CCCCCCCCCCCCCCCCC)=O)[C@H](O)/C=C/CCCCCCCCCCCCC)C(O)C1O","","","","","",2,0.00326797385620915,0,0,TRUE,FALSE,FALSE,TRUE
"cyclo(leu-pro)","Method 1","SZJNCZMRZAUNQT-IUCAKERBSA-N","O=C(N[C@H]1CC(C)C)[C@H]2N(CCC2)C1=O","2873-36-1","5428292","HMDB0034276","","7074739",16,0.0261437908496732,0,0,TRUE,TRUE,FALSE,TRUE
"succinylcarnitine (C4-DC)","Method 1","HAEVNYBCYZZDFL-UHFFFAOYSA-N","[O-]C(CC(C[N+](C)(C)C)OC(CCC(O)=O)=O)=O","256928-74-2","28639166","HMDB0061717","","71464481",5,0.00816993464052288,0,0,TRUE,TRUE,FALSE,TRUE
"bilirubin (E,E)*","Method 2","BPYKTIZUTYGOLE-VVCLLGATSA-N","CC(C(N/1)=O)=C(C=C)C1=C/C2=C(C)C(CCC(O)=O)=C(CC3=C(CCC(O)=O)C(C)=C(/C=C4NC(C(C=C)=C\4C)=O)N3)N2","","4474753","HMDB0240584","","129320511",0,0,0,0,TRUE,TRUE,FALSE,TRUE
"bilirubin (E,Z or Z,E)*","Method 2","BPYKTIZUTYGOLE-BMNRKXRESA-N","CC(C(N/1)=O)=C(C=C)C1=C/C2=C(C)C(CCC(O)=O)=C(CC3=C(CCC(O)=O)C(C)=C(/C=C4NC(C(C=C)=C/4C)=O)N3)N2","","4705847","HMDB0000488","C00486","5799469",1,0.00163398692810458,0,0,TRUE,TRUE,TRUE,TRUE
"N-methylproline","Method 1","CWLQUGTUXBXTLF-UHFFFAOYSA-N","O=C(O)C1N(C)CCC1","475-11-6","541","HMDB0094696","","643474",0,0,0,0,TRUE,TRUE,FALSE,TRUE
"beta-cryptoxanthin","Method 2","DMASLKHVQRHNES-QQGJMDNJSA-N","CC1=C(/C=C/C(C)=C/C=C/C(C)=C/C=C/C=C(C)/C=C/C=C(C)/C=C/C2=C(C)CCCC2(C)C)C(C)(C)CC(O)C1","472-70-8","4904571","HMDB0033844","C08591","5281235",11,0.0179738562091503,0,0,TRUE,TRUE,TRUE,TRUE
"5alpha-androstan-3beta,17beta-diol disulfate","Method 3","JHFAETDERBWUOO-ARKAXQQOSA-N","C[C@@]12[C@](CCC3C2CC[C@@]4(C)C3CC[C@@H]4OS(=O)(O)=O)([H])C[C@@H](OS(=O)(O)=O)CC1","571-20-0","","HMDB00493","C12525","90186325",84,0.137254901960784,0,0,TRUE,TRUE,TRUE,TRUE
"5alpha-pregnan-3beta,20alpha-diol disulfate","Method 3","LSQGWMYMIHQKSA-VNCHAANSSA-N","C[C@@]12[C@](CCC3C2CC[C@@]4(C)C3CCC4C(OS(=O)(O)=O)C)([H])C[C@@H](OS(=O)(O)=O)CC1","","","HMDB0094650","","118703093",6,0.00980392156862745,0,0,TRUE,TRUE,FALSE,TRUE
"glycocholenate sulfate*","Method 3","HCXZDHWUVRQLGC-UHFFFAOYSA-N","O=S(OC1CCC2(C)C(CCC3C2CCC4(C)C3CCC4C(CCC(NCC(O)=O)=O)C)=C1)(O)=O","","","","","",0,0,0,0,TRUE,FALSE,FALSE,TRUE
"taurocholenate sulfate*","Method 3","OEDITLKCLMKBOM-UHFFFAOYSA-N","O=S(OC1CCC2(C)C(CCC3C2CCC4(C)C3CCC4C(CCC(NCCS(=O)(O)=O)=O)C)=C1)(O)=O","","","","","",0,0,0,0,TRUE,FALSE,FALSE,TRUE
"androstenediol (3beta,17beta) disulfate (1)","Method 3","UWPTUYJASNIIJM-QJIZPQHZSA-N","C[C@@]12C(CCC3C2CC[C@@]4(C)C3CC[C@@H]4OS(=O)(O)=O)=C[C@@H](OS(=O)(O)=O)CC1","","","HMDB0240313","C04295","87120982",2,0.00326797385620915,0,0,TRUE,TRUE,TRUE,TRUE
"pregnenediol disulfate (C21H34O8S2)*","Method 3","RKYCGXFEFAPXIP-BWUXAKENSA-N","C[C@@]12C(CCC3C2CC[C@@]4(C)C3CCC4C(OS(=O)(O)=O)C)=CC(OS(=O)(O)=O)CC1","","","","","",0,0,0,0,TRUE,FALSE,FALSE,TRUE
"androstenediol (3beta,17beta) disulfate (2)","Method 3","UWPTUYJASNIIJM-QJIZPQHZSA-N","C[C@]12C(CCC3C1CC[C@]4(C3CC[C@@H]4OS(=O)(O)=O)C)=C[C@H](CC2)OS(=O)(O)=O","","","HMDB0240313","","87120982",0,0,0,0,TRUE,TRUE,FALSE,TRUE
"21-hydroxypregnenolone disulfate","Method 3","CBOVWLYQUCVTFA-WGKOQXAXSA-N","C[C@@]1([C@H]2[C@@](COS(=O)(O)=O)=O)[C@](CC2)([H])[C@@](CC=C3[C@@]4(CC[C@H](OS(=O)(O)=O)C3)C)([H])[C@@]4([H])CC1","1164-98-3","118625","","","134595",7,0.011437908496732,0,0,TRUE,FALSE,FALSE,TRUE
"21-hydroxypregnenolone monosulfate (2)","Method 3","DFSPOIZXVIWHFO-WGKOQXAXSA-N","C[C@@]1([C@H]2[C@@](CO)=O)[C@](CC2)([H])[C@@](CC=C3[C@@]4(CC[C@H](OS(=O)(O)=O)C3)C)([H])[C@@]4([H])CC1","","8845826","","","10670474",387,0.632352941176471,0,0,TRUE,FALSE,FALSE,TRUE
"5alpha-androstan-3alpha,17alpha-diol disulfate","Method 3","JHFAETDERBWUOO-SKIFDASYSA-N","O=S(O[C@H]1C2(C)C(CC1)C(CCC3C4(C)CC[C@@H](OS(=O)(O)=O)C3)C4CC2)(O)=O","","","","","",403,0.658496732026144,0,0,TRUE,FALSE,FALSE,TRUE
"5alpha-pregnan-3beta,20beta-diol monosulfate (1)","Method 3","NOGKXXMAHGCQBS-VNCHAANSSA-N","O[C@H]1CC[C@@]2(C)[C@](CCC3C2CC[C@@]4(C)C3CCC4C(C)OS(=O)(O)=O)([H])C1","","","HMDB0240580","","",135,0.220588235294118,0,0,TRUE,TRUE,FALSE,TRUE
"5alpha-pregnan-3beta,20alpha-diol monosulfate (2)","Method 3","ZIVKBPVUJZDVBI-MHACIFFSSA-N","C[C@@]12[C@](CCC3C2CC[C@@]4(C)C3CCC4[C@](C)([H])O)([H])C[C@@H](OS(=O)(O)=O)CC1","","","","","",138,0.225490196078431,0,0,TRUE,FALSE,FALSE,TRUE
"5alpha-pregnan-diol disulfate","Method 3","LSQGWMYMIHQKSA-UHFFFAOYSA-N","CC(OS(=O)(O)=O)C1CCC2C3CCC4CC(OS(=O)(O)=O)CCC4(C)C3CCC21C","","4302261","HMDB0240581,HMDB0240582","","30,822,775,127,902",357,0.583333333333333,0,0,TRUE,TRUE,FALSE,TRUE
"5alpha-androstan-3alpha,17beta-diol disulfate","Method 3","JHFAETDERBWUOO-ILBJSTGGSA-N","C[C@@]12[C@](CCC3C2CC[C@@]4(C)C3CC[C@@H]4OS(=O)(O)=O)([H])C[C@H](OS(=O)(O)=O)CC1","","","HMDB0094682","","56639109",256,0.418300653594771,0,0,TRUE,TRUE,FALSE,TRUE
"5alpha-androstan-3alpha,17beta-diol monosulfate (1)","Method 3","LERFMBCTNMFXCT-ILBJSTGGSA-N","C[C@@]12[C@](CCC3C2CC[C@@]4(C)C3CC[C@@H]4O)([H])C[C@H](OS(=O)(O)=O)CC1","","","","","121,596,226,121,596,000",449,0.733660130718954,0,0,TRUE,FALSE,FALSE,TRUE
"5alpha-androstan-3beta,17alpha-diol disulfate","Method 3","JHFAETDERBWUOO-ILSMVHKQSA-N","O=S(O[C@@H]1CCC2C3CC[C@@]4([H])C[C@@H](OS(=O)(O)=O)CC[C@]4(C)C3CC[C@@]21C)(O)=O","","","HMDB0094682","","56639109",435,0.71078431372549,0,0,TRUE,TRUE,FALSE,TRUE
"androstenediol (3alpha, 17alpha) monosulfate (2)","Method 3","VPDALJSLCNNODJ-BVKUPEMCSA-N","O[C@@H]1CCC2C3CCC4=C[C@H](OS(=O)(O)=O)CC[C@]4(C)C3CC[C@@]21C","","","","","",14,0.0228758169934641,0,0,TRUE,FALSE,FALSE,TRUE
"androstenediol (3alpha, 17alpha) monosulfate (3)","Method 3","VPDALJSLCNNODJ-IUIQAQCZSA-N","O[C@@H]1CCC2C3CCC4=CC(OS(=O)(O)=O)CC[C@]4(C)C3CC[C@@]21C","","","","","",154,0.251633986928105,0,0,TRUE,FALSE,FALSE,TRUE
"androstenediol (3beta,17beta) monosulfate (1)","Method 3","VPDALJSLCNNODJ-QJIZPQHZSA-N","O[C@H]1CCC2C3CCC4=C[C@@H](OS(=O)(O)=O)CC[C@]4(C)C3CC[C@@]21C","521-17-5","","HMDB0240429","","12,967,063,113,847,300",66,0.107843137254902,0,0,TRUE,TRUE,FALSE,TRUE
"androstenediol (3beta,17beta) monosulfate (2)","Method 3","KMTOEENORMWLCF-QJIZPQHZSA-N","O[C@H]1CC[C@@]2(C)C(CCC3C2CC[C@@]4(C)C3CC[C@@H]4OS(=O)(O)=O)=C1","","","HMDB0240429,HMDB0186954","","",123,0.200980392156863,0,0,TRUE,TRUE,FALSE,TRUE
"4-hydroxycoumarin","Method 3","VXIXUWQIVKSKSA-UHFFFAOYSA-N","OC(C1=CC=CC=C1O2)=CC2=O","1076-38-6","10254753","","C20414","54682930",364,0.594771241830065,0,0,TRUE,FALSE,TRUE,TRUE
"pregnenediol sulfate (C21H34O5S)*","Method 3","MENQCIVHHONJLU-UHFFFAOYSA-N","CC(C1CCC2C3CCC4CC(OS(O)(=O)=O)CCC4(C3CCC12C)C)=O","1247-64-9","13465233","HMDB0000774","C18044","105074",0,0,0,0,TRUE,TRUE,TRUE,TRUE
"2-hydroxyglutarate","Method 1","HWXBTNAVRSUOJR-UHFFFAOYSA-N","O=C(O)CCC(O)C(O)=O","40951-21-1","42","HMDB0059655","C02630","43",3,0.00490196078431373,0,0,TRUE,TRUE,TRUE,TRUE
"gamma-CEHC","Method 3","VMJQLPNCUPGMNQ-UHFFFAOYSA-N","OC1=C(C)C(C)=C(OC(C)(CCC(O)=O)CC2)C2=C1","178167-75-4","117455","HMDB0001931","","133098",7,0.011437908496732,0,0,TRUE,TRUE,FALSE,TRUE
"N-acetyl-beta-alanine","Method 3","LJLLAWRMBZNPMO-UHFFFAOYSA-N","CC(NCCC(O)=O)=O","3025-95-4","68881","HMDB0061880","C01073","76406",1,0.00163398692810458,0,0,TRUE,TRUE,TRUE,TRUE
"5-methylthioribose**","Method 1","OLVVOVIFTBSBBH-UHFFFAOYSA-N","OC1C(O)C(O)C(CSC)O1","23656-67-9","480","HMDB0001087","","6419710",0,0,0,0,TRUE,TRUE,FALSE,TRUE
"sphingomyelin (d18:1/18:1, d18:2/18:0)","Method 2","NBEADXWAAWCCDG-QDDWGVBQSA-N","O=C(CCCCCCC/C=C\CCCCCCCC)N[C@@](COP([O-])(OCC[N+](C)(C)C)=O)([C@](O)(/C=C/CCCCCCCCCCCCC)[H])[H]","108392-10-5","4947837","HMDB0012101","","6443882",0,0,0,0,TRUE,TRUE,FALSE,TRUE
"palmitoyl sphingomyelin (d18:1/16:0)","Method 2","RWKUXQNLWDTSLO-GWQJGLRPSA-N","CCCCCCCCCCCCCCCC(N[C@@](COP([O-])(OCC[N+](C)(C)C)=O)([C@](O)(/C=C/CCCCCCCCCCCCC)[H])[H])=O","6254-89-3","8115562","HMDB0010169","","9939941",0,0,0,0,TRUE,TRUE,FALSE,TRUE
"cysteine sulfinic acid","Method 1","ADVPTQAUNPRNPO-UHFFFAOYSA-N","O=C(C(CS(O)=O)N)O","207121-48-0","107","HMDB0000996","C00606","109",1,0.00163398692810458,0,0,TRUE,TRUE,TRUE,TRUE
"3-hydroxyhippurate","Method 3","XDOFWFNMYJRHEW-UHFFFAOYSA-N","O=C(C1=CC=CC(O)=C1)NCC(O)=O","1637-75-8","396603","HMDB0006116","","450268",113,0.184640522875817,0,0,TRUE,TRUE,FALSE,TRUE
"16alpha-hydroxy DHEA 3-sulfate","Method 3","ALBNSVAJDFJRKQ-UAFBDMIJSA-N","O=C1[C@H](O)CC2C3CC=C4C[C@@H](OS(=O)(O)=O)CC[C@]4(C)C3CC[C@@]21C","","","HMDB0062544","","20848950",0,0,0,0,TRUE,TRUE,FALSE,TRUE
"17alpha-hydroxypregnenolone 3-sulfate","Method 3","OMOKWYAQVYBHMG-QUPIPBJSSA-N","O=[C@@](C)[C@@]1(O)CC[C@@]2([H])[C@]3([H])CC=C4CC(OS(=O)(O)=O)CC[C@]4(C)[C@@]3([H])CC[C@]12C","28901-70-4","134824","HMDB00416","","152971",285,0.465686274509804,0,0,TRUE,TRUE,FALSE,TRUE
"pregnenolone sulfate","Method 3","DIJBBUIOWGGQOP-QGVNFLHTSA-N","C[C@]12CC[C@H](OS(=O)(O)=O)CC1=CC[C@@]3([H])[C@]4([H])CC[C@H]([C@](C)=O)[C@](C)4CC[C@]23[H]","1247-64-9","94802","HMDB0000774","C18044","105074",6,0.00980392156862745,0,0,TRUE,TRUE,TRUE,TRUE
"andro steroid monosulfate C19H28O6S (1)*","Method 3","UNURIUSTYBXRLV-UHFFFAOYSA-N","CC12CCC(O)CC1=CCC3C2CCC4(C)C3CC(OS(=O)(O)=O)C4=O","","","HMDB0002759","","159663",22,0.0359477124183007,0,0,TRUE,TRUE,FALSE,TRUE
"ergothioneine","Method 1","SSISHJJTAXXQAX-UHFFFAOYSA-N","S=C1NC(CC(C([O-])=O)[N+](C)(C)C)=CN1","58511-63-0","2297320","HMDB0003045","C05570","5351619",0,0,0,0,TRUE,TRUE,TRUE,TRUE
"12-HETE","Method 3","ZNHVWPKMFKADKW-VXBMJZGYSA-N","OC(CCC/C=C\C\C=C/C=C/C(C/C=C\CCCCC)O)=O","73837-14-6,71030-37-0","21509475","HMDB0006111","C14777","5283155",53,0.0866013071895425,0,0,TRUE,TRUE,TRUE,TRUE
"S-methylmethionine","Method 1","YDBYJHTYSHBBAU-UHFFFAOYSA-N","NC(CC[S+](C)C)C([O-])=O","07/12/3493","8351775","HMDB0038670","C05319","458",319,0.52124183006536,0,0,TRUE,TRUE,TRUE,TRUE
"indole-3-carboxylate","Method 3","KMAKOBLIOCQGJP-UHFFFAOYSA-N","O=C(C1=CNC2=C1C=CC=C2)O","771-50-6","","HMDB0003320","C19837","69867",272,0.444444444444444,0,0,TRUE,TRUE,TRUE,TRUE
"13-HODE + 9-HODE","Method 3","HNICUWMFWZBIFP-IRQZEAMPSA-N","OC(CCCCCCC/C=C\C=C\[C@H](CCCCC)O)=O","","","HMDB0004670,HMDB0004667","C14767,C14762","53,128,305,282,945,100,000,000,000,000,000",5,0.00816993464052288,0,0,TRUE,TRUE,TRUE,TRUE
"tridecenedioate (C13:1-DC)*","Method 3","LGDMAFABHAIORE-DUXPYHPUSA-N","O=C(O)CCCCCC/C=C/CCCC(O)=O","","","","","",0,0,0,0,TRUE,FALSE,FALSE,TRUE
"N-acetyl-3-methylhistidine*","Method 1","FKTXRTPBUWLETL-UHFFFAOYSA-N","O=C(O)C(NC(C)=O)CC1=CN=CN1C","37841-04-6","19993498","HMDB0240341","","193270",170,0.277777777777778,0,0,TRUE,TRUE,FALSE,TRUE
"alpha-CEHC","Method 3","AXODOWFEFKOVSH-UHFFFAOYSA-N","OC1=C(C)C(C)=C(OC(C)(CCC(O)=O)CC2)C2=C1C","4072-32-6","8119154","HMDB0001518","","9943542",401,0.655228758169935,0,0,TRUE,TRUE,FALSE,TRUE
"4-cholesten-3-one","Method 2","NYOXRYYXRWJDKP-UHFFFAOYSA-N","CC12C(CCC3C2CCC4(C)C3CCC4C(CCCC(C)C)C)=CC(CC1)=O","601-57-0","427","HMDB0000921","C00599","91477",84,0.137254901960784,0,0,TRUE,TRUE,TRUE,TRUE
"N-acetyl-cadaverine","Method 1","RMOIHHAKNOFHOE-UHFFFAOYSA-N","O=C(C)NCCCCCN","32343-73-0","","HMDB0002284","","10374713",217,0.354575163398693,0,0,TRUE,TRUE,FALSE,TRUE
"cinnamoylglycine","Method 3","YAADMLWHGMUGQL-VOTSOKGWSA-N","O=C(NCC(O)=O)/C=C/C1=CC=CC=C1","16534-24-0","618829","HMDB0011621","","709625",212,0.34640522875817,0,0,TRUE,TRUE,FALSE,TRUE
"stearoyl ethanolamide","Method 2","OTGQIQQTPXJQRG-UHFFFAOYSA-N","OCCNC(CCCCCCCCCCCCCCCCC)=O","111-57-9","25958","HMDB0013078","","27902",0,0,0,0,TRUE,TRUE,FALSE,TRUE
"cis-4-decenoylcarnitine (C10:1)","Method 2","OQWOHRPOYAVIOK-KTKRTIGZSA-N","O=C([O-])CC(OC(CC/C=C\CCCCC)=O)C[N+](C)(C)C","98930-66-6","28639171","HMDB0013205","","57357170",0,0,0,0,TRUE,TRUE,FALSE,TRUE
"2S,3R-dihydroxybutyrate","Method 4","LOUGYXZSURQALL-GBXIJSLDSA-N","C[C@@H](O)[C@H](O)C(O)=O","5057-93-2","9139682","HMDB0002453","","10964471",0,0,0,0,TRUE,TRUE,FALSE,TRUE
"S-carboxymethyl-cysteine","Method 1","GBFLZEXEOZUWRN-UHFFFAOYSA-N","OC(CSCC(N)C(O)=O)=O","638-23-3","1050","HMDB0029415","C03727","193653",300,0.490196078431373,0,0,TRUE,TRUE,TRUE,TRUE
"(12 or 13)-methylmyristate (a15:0 or i15:0)","Method 3","ZOCYQVNGROEVLU-UHFFFAOYSA-N","CC(C)CCCCCCCCCCCC(O)=O","2485-71-4","133106","HMDB0061707","","151014",334,0.545751633986928,0,0,TRUE,TRUE,FALSE,TRUE
"(16 or 17)-methylstearate (a19:0 or i19:0)","Method 3","YETXGSGCWODRAA-UHFFFAOYSA-N","OC(CCCCCCCCCCCCCCCC(C)C)=O","2724-59-6","2340933","HMDB0037397","","3083779",0,0,0,0,TRUE,TRUE,FALSE,TRUE
"2R,3R-dihydroxybutyrate","Method 4","LOUGYXZSURQALL-PWNYCUMCSA-N","OC([C@H](O)[C@H](O)C)=O","759-06-8","17215960","HMDB0000498","","13120901",0,0,0,0,TRUE,TRUE,FALSE,TRUE
"4-methylbenzenesulfonate","Method 3","JOXIMZWYDAKGHI-UHFFFAOYSA-N","CC1=CC=C(S(O)(=O)=O)C=C1","104-15-4","5876","HMDB0059933","C06677","85570",506,0.826797385620915,0,0,TRUE,TRUE,TRUE,TRUE
"1-hydroxy-2-naphthalenecarboxylate","Method 3","SJJCQDRGABAVBB-UHFFFAOYSA-N","OC1=C(C(O)=O)C=CC2=C1C=CC=C2","86-48-6","6583","","C03203","54675865",580,0.947712418300654,0,0,TRUE,FALSE,TRUE,TRUE
"alpha-ketoglutaramate*","Method 4","COJBGNAUUSNXHX-UHFFFAOYSA-N","NC(CCC(C(O)=O)=O)=O","18465-19-5","","HMDB0001552","C00940","48",0,0,0,0,TRUE,TRUE,TRUE,TRUE
"metformin","Method 1","XZWYZXLIPXDOLR-UHFFFAOYSA-N","N=C(N(C)C)NC(N)=N","1115-70-4","3949","HMDB0001921","C07151","4091",525,0.857843137254902,0,0,TRUE,TRUE,TRUE,TRUE
"ibuprofen acyl glucuronide","Method 3","ABOLXXZAJIAUGR-JPMMFUSZSA-N","CC(C)CC1=CC=C(C(C(O[C@H]2[C@H](O)[C@@H](O)[C@H](O)[C@@H]([C@](O)=O)O2)=O)C)C=C1","115075-59-7","143793","HMDB0010343","","163959",571,0.933006535947712,0,0,TRUE,TRUE,FALSE,TRUE
"2,3-dihydroxyisovalerate","Method 4","JTEYKUFKXGDTEU-UHFFFAOYSA-N","OC(C(O)C(C)(O)C)=O","1756-18-9","657","HMDB0012141","C04039","677",12,0.0196078431372549,0,0,TRUE,TRUE,TRUE,TRUE
"3-methylglutaconate","Method 4","WKRBKYFIJPGYQC-DUXPYHPUSA-N","OC(C/C(C)=C/C(O)=O)=O","5746-90-7","1267861","HMDB0000522","","1551553",0,0,0,0,TRUE,TRUE,FALSE,TRUE
"5-(galactosylhydroxy)-lysine","Method 1","OWGKYELXGFKIHH-MYLOADSESA-N","O[C@@H]1[C@@H](O)[C@@H](O)[C@@H](CO)OC1OC(CCC(N)C(O)=O)CN","32448-36-5","","","","66995551",3,0.00490196078431373,0,0,TRUE,FALSE,FALSE,TRUE
"cysteinylglycine disulfide*","Method 1","ZHRLECIZINSPKL-AKGZTFGVSA-N","OC(CNC(C(N)CSSC[C@@H](C(O)=O)N)=O)=O","70555-24-7","17215992","HMDB0000709","","22833544",0,0,0,0,TRUE,TRUE,FALSE,TRUE
"isoursodeoxycholate","Method 3","RUDATBOHQWOJDD-DNMBCGTGSA-N","O=C(O)CC[C@@H](C)[C@H]1CC[C@@]2([H])[C@]3([H])[C@@H](O)C[C@]4([H])C[C@@H](O)CC[C@]4(C)[C@@]3([H])CC[C@@]21C","78919-26-3","113205","HMDB0000686","C17662","127601",33,0.053921568627451,0,0,TRUE,TRUE,TRUE,TRUE
"oxypurinol","Method 4","HXNFUBHNUDHIGC-UHFFFAOYSA-N","O=C(N1)NC2=C(C=NN2)C1=O","2465-59-0","4483","HMDB0000786","D02365","135398752",585,0.955882352941177,0,0,TRUE,TRUE,TRUE,TRUE
"formiminoglutamate","Method 1","NRXIKWMTVXPVEF-BYPYZUCNSA-N","OC([C@@H](NC=N)CCC(O)=O)=O","816-90-0","388370","HMDB0000854","C00439","439233",3,0.00490196078431373,0,0,TRUE,TRUE,TRUE,TRUE
"hydantoin-5-propionate","Method 4","VWFWNXQAMGDPGG-UHFFFAOYSA-N","O=C1NC(C(CCC(O)=O)N1)=O","5624-26-0","761","HMDB0001212","C05565","782",57,0.0931372549019608,0,0,TRUE,TRUE,TRUE,TRUE
"sulfate*","Method 3","QAOWNCQODCNURD-UHFFFAOYSA-N","OS(O)(=O)=O","14808-79-8","1086","HMDB01448","C00059","5152822",0,0,0,0,TRUE,TRUE,TRUE,TRUE
"4-hydroxyglutamate","Method 1","HBDWQSHEVMSFGY-SCQFTWEKSA-N","OC(C(O)=O)C[C@@H](C(O)=O)N","2485-33-8","388936","HMDB0001344","C03079","439902",54,0.0882352941176471,0,0,TRUE,TRUE,TRUE,TRUE
"L-urobilin","Method 2","TYOWQSLRVAUSMI-WKULSOCRSA-N","OC(CCC1=C(C(CC(C(C2C)CC)NC2=O)=N/C1=C/C(NC(CC(C(C3CC)C)NC3=O)=C4C)=C4CCC(O)=O)C)=O","34217-90-8","4444369","HMDB0004159","C05793","5280818",428,0.699346405228758,0,0,TRUE,TRUE,TRUE,TRUE
"pantoate","Method 3","OTOIIPJYVQJATP-BYPYZUCNSA-N","OC([C@H](O)C(C)(C)CO)=O","470-29-1","388387","HMDB0240389","C00522","5289105",23,0.0375816993464052,0,0,TRUE,TRUE,TRUE,TRUE
"sedoheptulose","Method 4","HSNZZMHEPUFJNZ-SHUUEZRQSA-N","OCC([C@@H](O)[C@H](O)[C@H](O)[C@H](O)CO)=O","3019-74-7","4573620","HMDB0003219","C02076","5459879",275,0.449346405228758,0,0,TRUE,TRUE,TRUE,TRUE
"norcotinine","Method 1","FXFANIORDKRCCA-UHFFFAOYSA-N","O=C1CCC(N1)C2=CN=CC=C2","17114-40-8","400","HMDB0001297","","413",507,0.82843137254902,0,0,TRUE,TRUE,FALSE,TRUE
"hydroxycotinine","Method 1","XOKCJXZZNAUIQN-IENPIDJESA-N","O=C1N(C)[C@H]([C@]2=CN=CC=C2)CC1O","34834-67-8","8395266","HMDB0001390","","107963",456,0.745098039215686,0,0,TRUE,TRUE,FALSE,TRUE
"cotinine N-oxide","Method 1","CIPULDKLIIVIER-VIFPVBQESA-N","O=C1N(C)[C@H]([C@]2=C[N+]([O-])=CC=C2)CC1","36508-80-2","7991264","HMDB0001411","","9815514",480,0.784313725490196,0,0,TRUE,TRUE,FALSE,TRUE
"omeprazole","Method 3","SUBDBMMJDZJVOS-UHFFFAOYSA-N","O=S(C1=NC2=C(C=C(C=C2)OC)N1)CC3=NC=C(C(OC)=C3C)C","73590-58-6","4433","HMDB0001913","C07324","4594",532,0.869281045751634,0,0,TRUE,TRUE,TRUE,TRUE
"atenolol","Method 1","METKIMKYRPQLGS-UHFFFAOYSA-N","OC(COC1=CC=C(CC(N)=O)C=C1)CNC(C)C","29122-68-7","2162","HMDB0001924","D00235","2249",609,0.995098039215686,0,0,TRUE,TRUE,TRUE,TRUE
"diphenhydramine","Method 2","ZZVUWRFHKOJYTH-UHFFFAOYSA-N","CN(C)CCOC(C1=CC=CC=C1)C2=CC=CC=C2","147-24-0","2989","HMDB0001927","C06960","3100",564,0.92156862745098,0,0,TRUE,TRUE,TRUE,TRUE
"hydrochlorothiazide","Method 3","JZUFKLXOESDKRF-UHFFFAOYSA-N","ClC1=C(C=C2S(=O)(NCNC2=C1)=O)S(=O)(N)=O","58-93-5","3513","HMDB0001928","C07041","3639",597,0.975490196078431,0,0,TRUE,TRUE,TRUE,TRUE
"ranitidine","Method 1","VMXUWOKSQNHOCA-UKTHLTGXSA-N","[O-][N+](/C=C(NC)/NCCSCC1=CC=C(CN(C)C)O1)=O","66357-59-3","2272523","HMDB0001930","D00422","3001055",602,0.983660130718954,0,0,TRUE,TRUE,TRUE,TRUE
"pseudoephedrine","Method 1","KWGRBVOPPLSCSI-WCBMZHEXSA-N","O[C@@H](C1=CC=CC=C1)[C@H](C)NC","90-82-4","6761","HMDB0001943","C02765","7028",609,0.995098039215686,0,0,TRUE,TRUE,TRUE,TRUE
"S-methylcysteine","Method 3","IDIDJDIHTAOVLG-VKHMYHEASA-N","OC([C@H](CSC)N)=O","1187-84-4","22826","HMDB0002108","","24,417,705,817,488,100",0,0,0,0,TRUE,TRUE,FALSE,TRUE
"androsterone glucuronide","Method 3","VFUIRAVTUVCQTF-BSOWLZGZSA-N","O[C@H]1[C@H](O)[C@@H]([C@](O)=O)O[C@@H](O[C@@H]2CC[C@@]3(C)[C@](CC[C@]4([H])[C@]3([H])CC[C@@]5(C)[C@@]4([H])CCC5=O)([H])C2)[C@@H]1O","1852-43-3","102793","HMDB0002829","C11135","114833",109,0.178104575163399,0,0,TRUE,TRUE,TRUE,TRUE
"argininate*","Method 1","BMFMQGXDDJALKQ-BYPYZUCNSA-N","N=C(N)NCCC[C@H](O)C(O)=O","157-07-3","140984","HMDB0003148","","160437",0,0,0,0,TRUE,TRUE,FALSE,TRUE
"solanidine","Method 2","JVKYZPBMZPJNAJ-OQFNDJACSA-N","O[C@H](C1)CC[C@@]2(C)C1=CC[C@]3([H])[C@]2([H])CC[C@@]4(C)[C@@]3([H])C[C@@]5([H])[C@]4([H])[C@H](C)[C@]6([H])N5C[C@@H](C)CC6","80-78-4","59150","HMDB0003236","C06543","65727",313,0.511437908496732,0,0,TRUE,TRUE,TRUE,TRUE
"2-oxoarginine*","Method 1","ARBHXJXXVVHMET-UHFFFAOYSA-N","OC(C(CCC/N=C(N)/N)=O)=O","04/10/3715","542","HMDB0004225","C03771","558",0,0,0,0,TRUE,TRUE,TRUE,TRUE
"cis-4-decenoate (10:1n6)*","Method 3","XKZKQTCECFWKBN-SREVYHEPSA-N","OC(CC\C=C/CCCCC)=O","505-90-8","4471776","HMDB0004980","","5282726",5,0.00816993464052288,0,0,TRUE,TRUE,FALSE,TRUE
"atorvastatin","Method 3","XUKUURHRXDUEBC-KAYWLYCHSA-N","FC(C=C1)=CC=C1C2=C(C3=CC=CC=C3)C(C(NC4=CC=CC=C4)=O)=C(C(C)C)N2CC[C@H](C[C@H](CC(O)=O)O)O","134523-03-8","54810","HMDB0005006","D07474,D02258,D00887","60822",553,0.90359477124183,0,0,TRUE,TRUE,TRUE,TRUE
"sertraline","Method 2","VGKDLMBJGBXTGI-SJCJKPOMSA-N","ClC(C=[C@@](C=C1)[C@@H](C2=CC=CC=C32)CC[C@@H]3NC)=C1Cl","79559-97-0","61881","HMDB0005010","C07246","68617",564,0.92156862745098,0,0,TRUE,TRUE,TRUE,TRUE
"gabapentin","Method 1","UGJMXCAKCUNAIE-UHFFFAOYSA-N","NCC1(CCCCC1)CC(O)=O","60142-96-3","3328","HMDB0005015","D00332","3446",512,0.836601307189543,0,0,TRUE,TRUE,TRUE,TRUE
"venlafaxine","Method 2","PNVNVHUZROJLTJ-UHFFFAOYSA-N","COC1=CC=C(C(C2(CCCCC2)O)CN(C)C)C=C1","93413-69-5","5454","HMDB0005016","C07187","5656",611,0.998366013071895,0,0,TRUE,TRUE,TRUE,TRUE
"pantoprazole","Method 3","IQPSEEYGBUAQFF-UHFFFAOYSA-N","COC1=C(C(CS(C2=NC3=CC=C(C=C3N2)OC(F)F)=O)=NC=C1)OC","102625-70-7","4517","HMDB0005017","C11806","4679",435,0.71078431372549,0,0,TRUE,TRUE,TRUE,TRUE
"quetiapine","Method 2","URKOMYMAXPYINW-UHFFFAOYSA-N","OCCOCCN1CCN(C2=NC3=CC=CC=C3SC4=CC=CC=C24)CC1","111974-69-7","4827","HMDB0005021","""D08456,DG00899,C07397""","5002",607,0.991830065359477,0,0,TRUE,TRUE,TRUE,TRUE
"ethyl glucuronide","Method 3","IWJBVMJWSPZNJH-XWBUKDKVSA-N","O[C@H]([C@H]1O)[C@@H]([C@@H]([C@](O)=O)OC1OCC)O","17685-04-0","134174","HMDB0010325","","18392195",562,0.918300653594771,0,0,TRUE,TRUE,FALSE,TRUE
"1-lignoceroyl-GPC (24:0)","Method 2","SKJMUADLQLZAGH-WJOKGBTCSA-N","CCCCCCCCCCCCCCCCCCCCCCCC(OC[C@H](COP([O-])(OCC[N+](C)(C)C)=O)O)=O","325171-59-3","24766539","HMDB0010405","","24779481",122,0.199346405228758,0,0,TRUE,TRUE,FALSE,TRUE
"1-(1-enyl-palmitoyl)-GPC (P-16:0)*","Method 2","HTZINLFNXLXRBC-CQLBIITFSA-N","CCCCCCCCCCCCCC/C=C\OC[C@H](COP([O-])(OCC[N+](C)(C)C)=O)O","","9093054","HMDB0010407","","10917802",0,0,0,0,TRUE,TRUE,FALSE,TRUE
"1-methyl-5-imidazoleacetate","Method 1","UJCGYTCAMOHYCG-UHFFFAOYSA-N","O=C(O)CC1=CN=CN1C","4200-48-0","4954265","HMDB04988","","6451814",0,0,0,0,TRUE,TRUE,FALSE,TRUE
"glycoursodeoxycholate","Method 3","GHCZAUBVMUEKKP-XROMFQGDSA-N","[H][C@]1([C@H](C)CCC(NCC(O)=O)=O)CC[C@@]2([H])[C@]3([H])[C@@H](O)C[C@]4([H])C[C@H](O)CC[C@]4(C)[C@@]3([H])CC[C@@]21C","64480-66-6","19973534","HMDB0000708","","12310288",0,0,0,0,TRUE,TRUE,FALSE,TRUE
"tauroursodeoxycholate","Method 3","BHTRKEVKTKCXOH-BWIGJTJCSA-N","O=C(NCCS(=O)(O)=O)CC[C@@H](C)C1CC[C@@]2([H])[C@]3([H])[C@@H](O)CC4C[C@H](O)CC[C@]4(C)[C@@]3([H])CC[C@@]21C","14605-22-2","24539842","HMDB0000874","","9848818",18,0.0294117647058824,0,0,TRUE,TRUE,FALSE,TRUE
"3-(4-hydroxyphenyl)propionate","Method 3","NMHMNPHRMNGLLB-UHFFFAOYSA-N","OC1=CC=C(CCC(O)=O)C=C1","501-97-3","9965","HMDB0002199","C01744","10394",141,0.230392156862745,0,0,TRUE,TRUE,TRUE,TRUE
"S-methylcysteine sulfoxide","Method 1","ZZLHPCSGGOGHFW-UHFFFAOYSA-N","NC(CS(C)=O)C(O)=O","6853-87-8","74136","HMDB0029432","","82142",0,0,0,0,TRUE,TRUE,FALSE,TRUE
"(14 or 15)-methylpalmitate (a17:0 or i17:0)","Method 3","IIUXHTGBZYEGHI-UHFFFAOYSA-N","CC(CCCCCCCCCCCCCC(O)=O)C","","","HMDB0061859","C16995","818,117,903,417",9,0.0147058823529412,0,0,TRUE,TRUE,TRUE,TRUE
"eicosanedioate (C20-DC)","Method 3","JJOJFIHJIRWASH-UHFFFAOYSA-N","O=C(O)CCCCCCCCCCCCCCCCCCC(O)=O","2424-92-2","68030","","","75502",28,0.0457516339869281,0,0,TRUE,FALSE,FALSE,TRUE
"docosadioate (C22-DC)","Method 3","DGXRZJSPDXZJFG-UHFFFAOYSA-N","O=C(O)CCCCCCCCCCCCCCCCCCCCC(O)=O","505-56-6","214170","","C14240","7641",11,0.0179738562091503,0,0,TRUE,FALSE,TRUE,TRUE
"16-hydroxypalmitate","Method 3","UGAGPNKCDRTDHP-UHFFFAOYSA-N","OC(CCCCCCCCCCCCCCCO)=O","506-13-8","10034","HMDB0006294","C18218","10466",2,0.00326797385620915,0,0,TRUE,TRUE,TRUE,TRUE
"quinine","Method 1","LOUPRKONTZGTKE-WGFDLZGGSA-N","COC1=CC2=C(N=CC=C2[C@@H](O)C3N(CC4C=C)CCC4C3)C=C1","130-95-0","2010267","HMDB0014611","C06526","3034034",611,0.998366013071895,0,0,TRUE,TRUE,TRUE,TRUE
"oleoyl-linoleoyl-glycerol (18:1/18:2) [1]","Method 2","BLZVZPYMHLXLHG-RQOIEFAZSA-N","CCCCCCCC/C=C\CCCCCCCC(OCC(CO)OC(CCCCCCC/C=C\C/C=C\CCCCC)=O)=O","106292-55-1","23975985","HMDB0007219","","14275396",10,0.0163398692810458,0,0,TRUE,TRUE,FALSE,TRUE
"oleoyl-linoleoyl-glycerol (18:1/18:2) [2]","Method 2","GREDRAMJRDQWEJ-LTEAFHAISA-N","CCCCCCCC/C=C\CCCCCCCC(OCC(COC(CCCCCCC/C=C\C/C=C\CCCCC)=O)O)=O","104346-53-4","29788004","HMDB0007219","","71433693",5,0.00816993464052288,0,0,TRUE,TRUE,FALSE,TRUE
"1-(1-enyl-palmitoyl)-GPE (P-16:0)*","Method 2","QYTPGOPLNFESQC-RLHAVTDZSA-N","O=P(OCC[NH3+])([O-])OC[C@H](O)CO/C=C/CCCCCCCCCCCCCC","","10471193","HMDB0011152","","",0,0,0,0,TRUE,TRUE,FALSE,TRUE
"1-(1-enyl-stearoyl)-GPE (P-18:0)*","Method 2","KACDZDULGKPXHT-BIHRDVDLSA-N","O=P(OCC[NH3+])([O-])OC[C@H](O)CO/C=C/CCCCCCCCCCCCCCCC","","","HMDB0240598","","",0,0,0,0,TRUE,TRUE,FALSE,TRUE
"doxycycline","Method 2","JBIWCJUYHHGXTC-VONWRGRHSA-N","O[C@@]12C([C@H](N(C)C)C(O)=C(C(N)=O)C2=O)[C@@H](O)C(C(C3=O)=C1O)[C@@H](C)C4=C3C(O)=CC=C4","24390-14-5","","HMDB0014399","D00307","54671203",609,0.995098039215686,0,0,TRUE,TRUE,TRUE,TRUE
"alpha-CEHC glucuronide*","Method 3","MWDYOFPRWKTECC-UHFFFAOYSA-N","OC(C1C(O)C(O)C(O)C(OC2=C(C)C(C)=C(OC(C)(CCC(O)=O)CC3)C3=C2C)O1)=O","477200-36-5","","HMDB0062445","","134819285",435,0.71078431372549,0,0,TRUE,TRUE,FALSE,TRUE
"2-oxindole-3-acetate","Method 3","ILGMGHZPXRDCCS-UHFFFAOYSA-N","O=C(NC1=C2C=CC=C1)C2CC(O)=O","2971-31-5","2338343","HMDB0035514","","3080590",392,0.640522875816993,0,0,TRUE,TRUE,FALSE,TRUE
"N-oleoyltaurine","Method 3","KOGRJTUIKPMZEJ-KTKRTIGZSA-N","O=C(CCCCCCC/C=C\CCCCCCCC)NCCS(O)(=O)=O","52514-04-2","4941625","","","6437033",12,0.0196078431372549,0,0,TRUE,FALSE,FALSE,TRUE
"linoleoylcarnitine (C18:2)*","Method 2","MJLXQSQYKZWZCB-DQFWFXSYSA-N","[O-]C(C[C@H](C[N+](C)(C)C)OC(CCCCCCC/C=C\C/C=C\CCCCC)=O)=O","36816-10-1","4952667","HMDB0006469","","6450015",0,0,0,0,TRUE,TRUE,FALSE,TRUE
"isoleucylglycine","Method 3","UCGDDTHMMVWVMV-UHFFFAOYSA-N","O=C(C(C(CC)C)N)NCC(O)=O","868-28-0","303621","HMDB0028907","","342532",43,0.0702614379084967,0,0,TRUE,TRUE,FALSE,TRUE
"leucylalanine","Method 1","HSQGMTRYSIHDAC-UHFFFAOYSA-N","O=C(C(CC(C)C)N)NC(C)C(O)=O","7298-84-2","227625","HMDB0028922","","81721",10,0.0163398692810458,0,0,TRUE,TRUE,FALSE,TRUE
"leucylglycine","Method 1","LESXFEZIFXFIQR-UHFFFAOYSA-N","O=C(C(CC(C)C)N)NCC(O)=O","686-50-0","71402","HMDB0028929","","79070",136,0.222222222222222,0,0,TRUE,TRUE,FALSE,TRUE
"valylleucine","Method 1","XCTHZFGSVQBHBW-UHFFFAOYSA-N","O=C(C(C(C)C)N)NC(CC(C)C)C(O)=O","22906-55-4","312586","HMDB0029131","","352039",100,0.163398692810458,0,0,TRUE,TRUE,FALSE,TRUE
"N-palmitoyltaurine","Method 3","LPDJCYFKKSLKRO-UHFFFAOYSA-N","O=C(NCCS(=O)(O)=O)CCCCCCCCCCCCCCC","83982-06-3","14435932","","","14504290",121,0.197712418300654,0,0,TRUE,FALSE,FALSE,TRUE
"N-stearoyltaurine","Method 3","LMIJIHJZVURGQK-UHFFFAOYSA-N","O=C(CCCCCCCCCCCCCCCCC)NCCS(=O)(O)=O","63155-80-6","147194","","","168274",1,0.00163398692810458,0,0,TRUE,FALSE,FALSE,TRUE
"2-O-methylascorbic acid","Method 4","RMHBODZVODTFAH-UHFFFAOYSA-N","OC1=C(OC)C(C(C(CO)O)O1)=O","17860-87-6","90149","HMDB0240294","","54726398",0,0,0,0,TRUE,TRUE,FALSE,TRUE
"carboxyethyl-GABA","Method 1","SRGQUICKDUQCKO-UHFFFAOYSA-N","O=C(CCCNCCC(O)=O)O","02/03/4386","2474","HMDB0002201","","2572",9,0.0147058823529412,0,0,TRUE,TRUE,FALSE,TRUE
"beta-citrylglutamate","Method 3","GAQNUGISBQJMKO-UHFFFAOYSA-N","OC(CC(C(NC(CCC(O)=O)C(O)=O)=O)(CC(O)=O)O)=O","73590-26-8","19992713","","C20775","189741",3,0.00490196078431373,0,0,TRUE,FALSE,TRUE,TRUE
"rosuvastatin","Method 3","BPRHUIZQVSMCRT-VEUZHWNKSA-N","O=S(N(C)C1=NC(C2=CC=C(F)C=C2)=C(/C=C/[C@H](C[C@H](CC(O)=O)O)O)C(C(C)C)=N1)(C)=O","147098-20-2","393589","HMDB0015230","D01915","446157",605,0.988562091503268,0,0,TRUE,TRUE,TRUE,TRUE
"trimethylamine N-oxide","Method 1","UYPYRKYUKCHHIB-UHFFFAOYSA-N","C[N+](C)([O-])C","1184-78-7","1113","HMDB0000925","C01104","1145",0,0,0,0,TRUE,TRUE,TRUE,TRUE
"N6-methyllysine","Method 1","PQNASZJZHFPQLE-LURJTMIESA-N","O=C([C@H](CCCCNC)N)O","1188-07-4","144469","HMDB0002038","C02728","164795",0,0,0,0,TRUE,TRUE,TRUE,TRUE
"cis-urocanate","Method 3","LOIYMIARKYCTBW-UPHRSURJSA-N","O=C(/C=C\C1=CN=CN1)O","7699-35-6","1266070","HMDB0034174","","1549103",48,0.0784313725490196,0,0,TRUE,TRUE,FALSE,TRUE
"dihydroferulate","Method 3","BOLQJTPHPSDZHR-UHFFFAOYSA-N","O=C(CCC1=CC=C(O)C(OC)=C1)O","1135-23-5","13701","HMDB0062121","","14340",133,0.217320261437909,0,0,TRUE,TRUE,FALSE,TRUE
"imidazole propionate","Method 1","ZCKYOWGFRHAZIQ-UHFFFAOYSA-N","OC(CCC1=CN=CN1)=O","1074-59-5","63798","HMDB0002271","","70630",0,0,0,0,TRUE,TRUE,FALSE,TRUE
"maprotiline","Method 2","QSLMDECMDJKHMQ-UHFFFAOYSA-N","CNCCCC1(CC2)C3=C(C=CC=C3)C2C4=CC=CC=C41","10347-81-6","3871","HMDB0015069","C07107,D02566","4011",611,0.998366013071895,0,0,TRUE,TRUE,TRUE,TRUE
"paroxetine","Method 2","AHOUBRCZNHFOSL-YOEHRIQHSA-N","FC1=CC=[C@]([C@@H]2CCNC[C@H]2COC3=CC(OCO4)=C4C=C3)C=C1","110429-49-8","39888","HMDB0014853","C07415,D02362","43815",608,0.993464052287582,0,0,TRUE,TRUE,TRUE,TRUE
"citalopram/escitalopram","Method 2","WSEQXVZVJXJVFP-FQEVSTJZSA-N","FC1=CC=[C@]([C@]2(CCCN(C)C)OCC3=C2C=CC(C#N)=C3)C=C1","219861-08-2","129277","HMDB0005028","D07913","146570",562,0.918300653594771,0,0,TRUE,TRUE,TRUE,TRUE
"duloxetine","Method 2","ZEUITGRIYCTCEM-KRWDZBQOSA-N","CNCC[C@@H](C1=CC=CS1)OC2=CC=CC3=C2C=CC=C3","116539-59-4","54822","HMDB0014619","","60835",602,0.983660130718954,0,0,TRUE,TRUE,FALSE,TRUE
"mirtazapine","Method 1","RONZAEMNMFQXRA-UHFFFAOYSA-N","CN(CC1)CC(C2=C(C3)C=CC=C2)N1C4=C3C=CC=N4","61337-67-5","4060","HMDB0014514","C07570","4205",610,0.996732026143791,0,0,TRUE,TRUE,TRUE,TRUE
"pregnanediol-3-glucuronide","Method 3","ZFFFJLDTCLJDHL-JQYCEVDMSA-N","[H][C@]12CC[C@]3([C@@]4(CC[C@]([C@@H](O)C)([C@]4(CC[C@@]3([C@]1(CC[C@@H](O[C@@H]5O[C@H]([C@](O)=O)[C@H]([C@@H]([C@H]5O)O)O)C2)C)[H])C)[H])[H])[H]","1852-49-9","110346","HMDB0010318","","123796",360,0.588235294117647,0,0,TRUE,TRUE,FALSE,TRUE
"(15:2)-anacardic acid","Method 3","KAOMOVYHGLSFHQ-UTOQUPLUSA-N","O=C(C1=C(O)C=CC=C1CCCCCCC/C=C\C/C=C\CCC)O","11034-77-8","9998782","HMDB0033896","","11824131",567,0.926470588235294,0,0,TRUE,TRUE,FALSE,TRUE
"alliin","Method 1","XUHLIQGRKRUKPH-ITZCMCNPSA-N","C=CCS(C[C@H](N)C(O)=O)=O","556-27-4","78760","HMDB0033592","C08265","87310",115,0.187908496732026,0,0,TRUE,TRUE,TRUE,TRUE
"histidylalanine","Method 1","FRJIAZKQGSCKPQ-UHFFFAOYSA-N","O=C(C(C)NC(C(CC1=CN=CN1)N)=O)O","16874-75-2","312232","HMDB0028878","","101180",302,0.493464052287582,0,0,TRUE,TRUE,FALSE,TRUE
"phenylalanylglycine","Method 1","GLUBLISJVJFHQS-UHFFFAOYSA-N","O=C(CNC(C(CC1=CC=CC=C1)N)=O)O","721-90-4","88678","HMDB0028995","","6992304",323,0.527777777777778,0,0,TRUE,TRUE,FALSE,TRUE
"(15:0)-anacardic acid","Method 3","ADFWQBGTDJIESE-UHFFFAOYSA-N","O=C(C1=C(CCCCCCCCCCCCCCC)C=CC=C1O)O","16611-84-0","146579","HMDB0033896","C10759","167551",579,0.946078431372549,0,0,TRUE,TRUE,TRUE,TRUE
"valylglycine","Method 3","IOUPEELXVYPCPG-UHFFFAOYSA-N","O=C(C(C(C)C)N)NCC(O)=O","686-43-1","120256","HMDB0029127","","136487",53,0.0866013071895425,0,0,TRUE,TRUE,FALSE,TRUE
"prolylglycine","Method 1","RNKSNIBMTUYWSH-YFKPBYRVSA-N","O=[C@]([C@H]1NCCC1)NCC(O)=O","2578-57-6","4932143","HMDB0011178","","6426709",7,0.011437908496732,0,0,TRUE,TRUE,FALSE,TRUE
"N-palmitoylglycine","Method 3","KVTFEOAKFFQCCX-UHFFFAOYSA-N","O=C(CCCCCCCCCCCCCCC)NCC(O)=O","2441-41-0","133100","HMDB0013034","","151008",0,0,0,0,TRUE,TRUE,FALSE,TRUE
"mannonate*","Method 4","RGHNJXZEOKUKBD-MBMOQRBOSA-N","O=C([C@H]([C@H]([C@@H]([C@@H](CO)O)O)O)O)O","642-99-9","2496757","","","3246006",0,0,0,0,TRUE,FALSE,FALSE,TRUE
"succinimide","Method 3","KZNICNPSHKQLFF-UHFFFAOYSA-N","O=C1NC(CC1)=O","123-56-8","10955","","C07273","11439",59,0.0964052287581699,0,0,TRUE,FALSE,TRUE,TRUE
"diglycerol","Method 1","GPLRAVKSCUXZTP-UHFFFAOYSA-N","OCC(COCC(CO)O)O","627-82-7","39150","","","42953",8,0.0130718954248366,0,0,TRUE,FALSE,FALSE,TRUE
"norfluoxetine","Method 2","WIQRCHMSJFFONW-UHFFFAOYSA-N","NCCC(OC1=CC=C(C(F)(F)F)C=C1)C2=CC=CC=C2","83891-03-6","4382","HMDB0060551","","4541",598,0.977124183006536,0,0,TRUE,TRUE,FALSE,TRUE
"lanthionine","Method 1","DWPCPZJAHOETAG-IMJSIDKUSA-N","O=C([C@H](CSC[C@@H](C(O)=O)N)N)O","02/08/3183","88959","","","98504",22,0.0359477124183007,0,0,TRUE,FALSE,FALSE,TRUE
"2-stearoyl-GPE (18:0)*","Method 3","KIHAGWUUUHJRMS-JOCHJYFZSA-N","OC[C@@H](OC(CCCCCCCCCCCCCCCCC)=O)COP(OCC[NH3+])([O-])=O","","24769218","HMDB0011129","","9,065,845,353,480,660",23,0.0375816993464052,0,0,TRUE,TRUE,FALSE,TRUE
"(R)-3-hydroxybutyrylcarnitine","Method 1","UEFRDQSMQXDWTO-UHFFFAOYSA-N","CC(CC(OC(C[N+](C)(C)C)CC([O-])=O)=O)O","","","HMDB0013127","","53481617",34,0.0555555555555556,0,0,TRUE,TRUE,FALSE,TRUE
"N-octanoylglycine","Method 3","SAVLIIGUQOSOEP-UHFFFAOYSA-N","O=C(CCCCCCC)NCC(O)=O","14246-53-8","76040","HMDB0000832","","84290",298,0.486928104575163,0,0,TRUE,TRUE,FALSE,TRUE
"5-hydroxymethyl-2-furoic acid","Method 3","PCSKKIUURRTAEM-UHFFFAOYSA-N","O=C(C1=CC=C(CO)O1)O","6338-41-6","72827","HMDB0002432","C20448","80642",425,0.694444444444444,0,0,TRUE,TRUE,TRUE,TRUE
"famotidine","Method 1","XUFQPHANEAPEMJ-UHFFFAOYSA-N","O=S(/N=C(CCSCC1=CSC(/N=C(N)\N)=N1)/N)(N)=O","76824-35-6","3208","HMDB0001919","D00318","5702160",599,0.97875816993464,0,0,TRUE,TRUE,TRUE,TRUE
"doxylamine","Method 1","HCFDWZZGGLSKEP-UHFFFAOYSA-N","CN(C)CCOC(C1=CC=CC=C1)(C)C2=NC=CC=C2","562-10-7","3050","HMDB0001936","D07878","3162",600,0.980392156862745,0,0,TRUE,TRUE,TRUE,TRUE
"triamterene","Method 1","FNYLWPVRPXGIIP-UHFFFAOYSA-N","NC1=NC(N)=C2N=C(C(N)=NC2=N1)C3=CC=CC=C3","396-01-0","5345","HMDB0001940","D00386","5546",611,0.998366013071895,0,0,TRUE,TRUE,TRUE,TRUE
"fexofenadine","Method 2","RWTNPBWLLIMQHL-UHFFFAOYSA-N","O=C(C(C)(C)C1=CC=C(C(CCCN2CCC(C(C3=CC=CC=C3)(C4=CC=CC=C4)O)CC2)O)C=C1)O","83799-24-0","3231","HMDB0005030","C06999","3348",609,0.995098039215686,0,0,TRUE,TRUE,TRUE,TRUE
"methylprednisolone","Method 2","VHRSUDSXCMQTMA-PJHHCJLFSA-N","O=C1C=C[C@@]2(C)C([C@H](C[C@@H]3[C@@H]2[C@H](C[C@]4(C)[C@@]([C@@](CO)=O)(CC[C@@H]34)O)O)C)=C1","83-43-2","6485","HMDB0015094","D00407","6741",611,0.998366013071895,0,0,TRUE,TRUE,TRUE,TRUE
"N-acetylcarnosine","Method 1","BKAYIFDRRZZKNF-VIFPVBQESA-N","OC([C@H](CC1=CN=CN1)NC(CCNC(C)=O)=O)=O","56353-15-2","8079136","HMDB0012881","","9903482",1,0.00163398692810458,0,0,TRUE,TRUE,FALSE,TRUE
"margaroylcarnitine (C17)*","Method 2","DWSFAVOTORHAAL-UHFFFAOYSA-N","[O-]C(CC(C[N+](C)(C)C)OC(CCCCCCCCCCCCCCCC)=O)=O","106182-29-0","35015987","HMDB0006210","","53477803",0,0,0,0,TRUE,TRUE,FALSE,TRUE
"histidine betaine (hercynine)*","Method 1","GPPYTCRVKHULJH-UHFFFAOYSA-N","C[N+](C)(C(C([O-])=O)CC1=CN=CN1)C","534-30-5","2340795","HMDB0029422","","3083620",33,0.053921568627451,0,0,TRUE,TRUE,FALSE,TRUE
"glycohyocholate","Method 3","ZQYUKJFJPJDMMR-JPZDKMBBSA-N","C[C@@]([C@@]1([H])C[C@@H]2O)(CC2)[C@](CC3)([H])[C@]([C@H](O)[C@@H]1O)([H])[C@@](CC4)([H])[C@]3(C)[C@H]4[C@H](C)CCC(NCC(O)=O)=O","","","HMDB0000138","","71361462",12,0.0196078431372549,0,0,TRUE,TRUE,FALSE,TRUE
"taurohyocholate*","Method 3","XSOLDPYUICCHJX-QZWOQUDZSA-N","O[C@H]1C(C2[C@](CC[C@H]3O)(C)C(C3)[C@H]1O)C4[C@@](CC2)(C)C([C@H](C)CCC(NCCS(O)(=O)=O)=O)CC4","","","HMDB0011637","C15516","11954195",146,0.238562091503268,0,0,TRUE,TRUE,TRUE,TRUE
"retinal","Method 2","NCYCYZXNIZJOKI-OVSJKPMPSA-N","O=C([H])/C=C(C)/C=C/C=C(C)/C=C/C1=C(C)CCCC1(C)C","","553582","HMDB0001358","C00376","638015",66,0.107843137254902,0,0,TRUE,TRUE,TRUE,TRUE
"2-hydroxydecanoate","Method 3","GHPVDCPCKSNJDR-UHFFFAOYSA-N","OC(C(O)=O)CCCCCCCC","5393-81-7","20195","HMDB0094656","","21488",0,0,0,0,TRUE,TRUE,FALSE,TRUE
"5-hydroxydecanoate","Method 3","LMHJFKYQYDSOQO-UHFFFAOYSA-N","OC(CCCC(O)=O)CCCCC","624-00-0","1759","HMDB0040329","","1825",275,0.449346405228758,0,0,TRUE,TRUE,FALSE,TRUE
"3-methyl catechol sulfate (2)","Method 3","TZVUCGJSHGKWCJ-UHFFFAOYSA-N","OC1=C(OS(=O)(O)=O)C(C)=CC=C1","","","","","",243,0.397058823529412,0,0,TRUE,FALSE,FALSE,TRUE
"4-methylcatechol sulfate","Method 3","NCOMUGOPQPRVSE-UHFFFAOYSA-N","OC1=CC(C)=CC=C1OS(O)(=O)=O","","","HMDB0240459","","54104170",7,0.011437908496732,0,0,TRUE,TRUE,FALSE,TRUE
"3-methyl catechol sulfate (1)","Method 3","HFDKYCXWNHNKAF-UHFFFAOYSA-N","OC1=C(C)C=CC=C1OS(O)(=O)=O","","","","","118431379",9,0.0147058823529412,0,0,TRUE,FALSE,FALSE,TRUE
"2-hydroxyibuprofen","Method 3","UJHKVYPPCJBOSG-UHFFFAOYSA-N","OC(C)(C)CC(C=C1)=CC=C1C(C(O)=O)C","51146-55-5","","HMDB0060920","","10443535",531,0.867647058823529,0,0,TRUE,TRUE,FALSE,TRUE
"carboxyibuprofen","Method 3","DIVLBIVDYADZPL-UHFFFAOYSA-N","OC(C(CC1=CC=C(C(C(O)=O)C)C=C1)C)=O","15935-54-3","8619532","HMDB0060564","","10444113",523,0.854575163398693,0,0,TRUE,TRUE,FALSE,TRUE
"O-desmethylvenlafaxine","Method 1","KYYIDSXMWOZKMP-UHFFFAOYSA-N","CN(CC(C1(CCCCC1)O)C2=CC=C(C=C2)O)C","300827-87-6","111300","HMDB0015646","D07793","125017",608,0.993464052287582,0,0,TRUE,TRUE,TRUE,TRUE
"zolpidem","Method 1","ZAFYATHCZYHLPB-UHFFFAOYSA-N","CN(C(CC1=C(C2=CC=C(C=C2)C)N=C3C=CC(C)=CN13)=O)C","82626-48-0","","HMDB0005023","C07219","5732",593,0.968954248366013,0,0,TRUE,TRUE,TRUE,TRUE
"warfarin","Method 3","PJVWKTKQMONHTI-UHFFFAOYSA-N","O=C1C(C(C2=CC=CC=C2)CC(C)=O)=C(O)C(C=CC=C3)=C3O1","5543-57-7","","HMDB0001935","""DG00149,D08682,C01541""","54678486",594,0.970588235294118,0,0,TRUE,TRUE,TRUE,TRUE
"ketopioglitazone","Method 3","JMLKLMFMQRAJNI-UHFFFAOYSA-N","O=C1N([H])C(SC1CC(C=C2)=CC=C2OCCC3=NC=C(C(C)=O)C=C3)=O","146062-45-5","","","","5201446",609,0.995098039215686,0,0,TRUE,FALSE,FALSE,TRUE
"hydroxypioglitazone (M-IV)","Method 1","OXVFDZYQLGRLCD-UHFFFAOYSA-N","O=C1N([H])C(SC1CC(C=C2)=CC=C2OCCC(C=C3)=NC=C3C(C)O)=O","146062-44-4","","","","4147757",609,0.995098039215686,0,0,TRUE,FALSE,FALSE,TRUE
"3beta-hydroxy-5-cholenoate","Method 3","HIAJCGFYHIANNA-QIZZZRFXSA-N","O[C@@H]1CC2=CC[C@@]([C@@]3([H])[C@@]2(C)CC1)([H])[C@@]4([H])[C@@](CC3)(C)[C@]([C@H](C)CCC(O)=O)([H])CC4","5255-17-4","83950","HMDB0000308","","92997",96,0.156862745098039,0,0,TRUE,TRUE,FALSE,TRUE
"guaiacol sulfate","Method 3","AQTYXAPIHMXAAV-UHFFFAOYSA-N","COC1=C(OS(O)(=O)=O)C=CC=C1","","21078","HMDB0060013","","22473",3,0.00490196078431373,0,0,TRUE,TRUE,FALSE,TRUE
"2-aminooctanoate","Method 2","AKVBCGQVQXPRLD-UHFFFAOYSA-N","CCCCCCC(C(O)=O)N","644-90-6","62727","HMDB0000991","","69522",15,0.0245098039215686,0,0,TRUE,TRUE,FALSE,TRUE
"furosemide","Method 3","ZZUFCTLCJUWOSV-UHFFFAOYSA-N","NS(=O)(C1=C(C=C(C(C(O)=O)=C1)NCC2=CC=CO2)Cl)=O","54-31-9","3322","HMDB0001933","D00331","3440",383,0.625816993464052,0,0,TRUE,TRUE,TRUE,TRUE
"gamma-CEHC glucuronide*","Method 3","NOZSTAZEOBPSBY-UHFFFAOYSA-N","OC(C1C(O)C(O)C(O)C(OC2=C(C)C(C)=C(OC(C)(CCC(O)=O)CC3)C3=C2)O1)=O","","","","","121596235",136,0.222222222222222,0,0,TRUE,FALSE,FALSE,TRUE
"dimethyl sulfone","Method 1","HHVIBTZHLRERCL-UHFFFAOYSA-N","CS(C)(=O)=O","67-71-0","5978","HMDB0004983","C11142","6213",2,0.00326797385620915,0,0,TRUE,TRUE,TRUE,TRUE
"guaifenesin","Method 1","HSRJKNPTNIJEKV-UHFFFAOYSA-N","COC1=CC=CC=C1OCC(CO)O","93-14-1","3396","HMDB0004998","D00337","3516",594,0.970588235294118,0,0,TRUE,TRUE,TRUE,TRUE
"2-piperidinone","Method 1","XUWHAWMETYGRKB-UHFFFAOYSA-N","O=C1CCCCN1","675-20-7","12144","HMDB0011749","","12665",5,0.00816993464052288,0,0,TRUE,TRUE,FALSE,TRUE
"N-acetyl-1-methylhistidine*","Method 1","GVRCKHXHWSYDEF-UHFFFAOYSA-N","OC(C(CC1=CN(C)C=N1)NC(C)=O)=O","","","HMDB0240340","","53859791",10,0.0163398692810458,0,0,TRUE,TRUE,FALSE,TRUE
"indolin-2-one","Method 1","JYGFTBXVXVMTGB-UHFFFAOYSA-N","O=C1CC2=C(N1)C=CC=C2","59-48-3","284794","","C12312","321710",47,0.076797385620915,0,0,TRUE,FALSE,TRUE,TRUE
"2,8-quinolinediol sulfate","Method 3","ZLYUIVZAQHFCNP-UHFFFAOYSA-N","O=C1C=CC2=CC=CC(OS(=O)(O)=O)=C2N1","","","HMDB0240658","","",207,0.338235294117647,0,0,TRUE,TRUE,FALSE,TRUE
"2-aminophenol sulfate","Method 3","VSTZVCJQGSLNLL-UHFFFAOYSA-N","NC1=CC=CC=C1OS(O)(=O)=O","","158022","HMDB0061116","","181670",3,0.00490196078431373,0,0,TRUE,TRUE,FALSE,TRUE
"3-acetylphenol sulfate","Method 3","CGFRVKXGZRODPA-UHFFFAOYSA-N","CC(C1=CC=CC(OS(=O)(O)=O)=C1)=O","","16230535","","","",256,0.418300653594771,0,0,TRUE,FALSE,FALSE,TRUE
"1-stearoyl-GPS (18:0)*","Method 3","ZPDQFUYPBVXUKS-KEKNWZKVSA-N","O=P(O)(OCC(O)COC(CCCCCCCCCCCCCCCCC)=O)OC[C@@H](C(O)=O)N","","7826051","HMDB0061698","","74819135",505,0.82516339869281,0,0,TRUE,TRUE,FALSE,TRUE
"sphingomyelin (d18:1/14:0, d16:1/16:0)*","Method 2","KYICBZWZQPCUMO-PSALXKTOSA-N","CCCCCCCCCCCCCC(N[C@@](COP([O-])(OCC[N+](C)(C)C)=O)([C@](O)(/C=C/CCCCCCCCCCCCC)[H])[H])=O","","9608732","HMDB0012097","","11433862",0,0,0,0,TRUE,TRUE,FALSE,TRUE
"sphingomyelin (d18:2/16:0, d18:1/16:1)*","Method 2","IWHLTJGDYLJQSH-FLPFCPAFSA-N","CCCCC/C=C/CCCCCCCCC(N[C@@](COP([O-])(OCC[N+](C)(C)C)=O)([C@](O)(/C=C/CCCCCCCCCCCCC)[H])[H])=O","","","HMDB0240638,HMDB0240613","","",0,0,0,0,TRUE,TRUE,FALSE,TRUE
"3-hydroxyadipate","Method 4","YVOMYDHIQVMMTA-UHFFFAOYSA-N","OC(CC(O)=O)CCC(O)=O","","133894","HMDB0000345","","151913",61,0.0996732026143791,0,0,TRUE,TRUE,FALSE,TRUE
"meglumine","Method 1","MBBZMMPHUWSWHV-UHFFFAOYSA-N","CNCC(O)C(O)C(O)C(O)CO","6284-40-8","3909","HMDB0240291","","8567",611,0.998366013071895,0,0,TRUE,TRUE,FALSE,TRUE
"1-arachidonoyl-GPA (20:4)","Method 3","XBFQFMCUPHZKTI-DOFZRALJSA-N","CCCCC\C=C/C/C=C\C/C=C\C/C=C\CCCC(OCC(O)COP(O)(O)=O)=O","799268-65-8","","HMDB0062312","","42607498",3,0.00490196078431373,0,0,TRUE,TRUE,FALSE,TRUE
"3-hydroxycotinine glucuronide","Method 3","WALNNKZUGHYSCT-MGKNELHOSA-N","CN(C1=O)[C@@H](C[C@H]1O[C@@H]2O[C@H](C(O)=O)[C@@H](O)[C@H](O)[C@H]2O)C3=CN=CC=C3","132929-88-5","159230","HMDB0001204","","53477725",485,0.792483660130719,0,0,TRUE,TRUE,FALSE,TRUE
"6-oxopiperidine-2-carboxylate","Method 3","FZXCPFJMYOQZCA-UHFFFAOYSA-N","OC(C1CCCC(N1)=O)=O","34622-39-4","2282737","HMDB0061705","","3014237",1,0.00163398692810458,0,0,TRUE,TRUE,FALSE,TRUE
"S-allylcysteine","Method 1","ZFAHNWWNDFHPOH-UHFFFAOYSA-N","OC(C(CSCC=C)N)=O","21593-77-1","88744","HMDB0034323","","98280",31,0.0506535947712418,0,0,TRUE,TRUE,FALSE,TRUE
"allopurinol","Method 3","OFCNXPDARWKPPY-UHFFFAOYSA-N","OC1=NC=NC2=C1C=NN2","315-30-0","2010","HMDB0014581","D00224","135401907",594,0.970588235294118,0,0,TRUE,TRUE,TRUE,TRUE
"N-delta-acetylornithine","Method 3","SRXKAYJJGAAOBP-UHFFFAOYSA-N","CC(NCCCC(N)C(O)=O)=O","","8096135","HMDB0003357","C00437","9920500",0,0,0,0,TRUE,TRUE,TRUE,TRUE
"acisoga","Method 3","OAUYENAPBFTAQT-UHFFFAOYSA-N","O=C1N(CCCN([H])C(C)=O)CCC1","106692-36-8","114601","HMDB0061384","","129397",39,0.0637254901960784,0,0,TRUE,TRUE,FALSE,TRUE
"2-aminoheptanoate","Method 1","RDFMDVXONNIGBC-UHFFFAOYSA-N","OC(C(CCCCC)N([H])[H])=O","1115-90-8","198338","HMDB0094649","","227939",1,0.00163398692810458,0,0,TRUE,TRUE,FALSE,TRUE
"benzoylcarnitine*","Method 1","AWUHAZDZHNWQAG-UHFFFAOYSA-N","O=C(C1=CC=CC=C1)OC(C[N+](C)(C)C)CC([O-])=O","105450-08-6","28689447","","","",46,0.0751633986928105,0,0,TRUE,FALSE,FALSE,TRUE
"N-formylanthranilic acid","Method 3","LLLPDUXGHXIXIW-UHFFFAOYSA-N","OC(C1=CC=CC=C1N([H])C=O)=O","3342-77-6","91624","HMDB0004089","C05653","101399",51,0.0833333333333333,0,0,TRUE,TRUE,TRUE,TRUE
"S-(3-hydroxypropyl)mercapturic acid (HPMA)","Method 3","FMWPQZPFBAHHMB-UHFFFAOYSA-N","OC(C(CSCCCO)NC(C)=O)=O","23127-40-4","2616726","","","119083",358,0.584967320261438,0,0,TRUE,FALSE,FALSE,TRUE
"N2,N5-diacetylornithine","Method 3","XUYANFPPYJSBPU-UHFFFAOYSA-N","OC(C(CCCNC(C)=O)N([H])C(C)=O)=O","39825-23-5","8573834","HMDB0240345","","65977",18,0.0294117647058824,0,0,TRUE,TRUE,FALSE,TRUE
"1H-indole-7-acetic acid","Method 3","KNSAWRXCIVESQC-UHFFFAOYSA-N","O=C(O)CC1=C2C(C=CN2)=CC=C1","39689-63-9","13535457","","","18356439",439,0.717320261437909,0,0,TRUE,FALSE,FALSE,TRUE
"3-methoxytyramine sulfate","Method 3","ORZHQEJEAKXCJA-UHFFFAOYSA-N","NCCC1=CC(OC)=C(OS(=O)(O)=O)C=C1","","21233674","","","54133459",15,0.0245098039215686,0,0,TRUE,FALSE,FALSE,TRUE
"methionine sulfone","Method 1","UCUNFLYVYCGDHP-UHFFFAOYSA-N","O=S(C)(CCC(N)C(O)=O)=O","820-10-0","63154","HMDB0062174","","69961",0,0,0,0,TRUE,TRUE,FALSE,TRUE
"1-linolenoyl-GPC (18:3)*","Method 2","WKQNRCYKYCKESD-YHTMAJSVSA-N","C[N+](CCOP(OCC(O)COC(CCCCCCC/C=C/C/C=C/C/C=C/CC)=O)([O-])=O)(C)C","","","HMDB0010388","C04100","",0,0,0,0,TRUE,TRUE,TRUE,TRUE
"N-acetylalliin","Method 3","CCCNUHFRBBIFHO-CVSPRKDYSA-N","C=CCS(C[C@H](NC(C)=O)C(O)=O)=O","","","","","",147,0.240196078431373,0,0,TRUE,FALSE,FALSE,TRUE
"1-(1-enyl-oleoyl)-GPE (P-18:1)*","Method 2","URGVIWXYPWWBQO-ZCJATDNESA-N","O=P(OCC[NH3+])([O-])OC[C@H](O)CO/C=C/CCCCCC/C=C/CCCCCCCC","","","","","",14,0.0228758169934641,0,0,TRUE,FALSE,FALSE,TRUE
"fructosyllysine","Method 1","BFSYFTQDGRDJNV-QCNRFFRDSA-N","OC[C@@H](O)[C@@H](O)[C@H](O)C(CNCCCC[C@@H](N)C(O)=O)=O","21291-40-7","110281","HMDB0034879","","9839580",0,0,0,0,TRUE,TRUE,FALSE,TRUE
"N-methylpipecolate","Method 1","BPSLZWSRHTULGU-ZCFIWIBFSA-N","CN1[C@@H](C(O)=O)CCCC1","41447-17-0","9461516","","","11286529",5,0.00816993464052288,0,0,TRUE,FALSE,FALSE,TRUE
"O-sulfo-tyrosine","Method 3","CIQHWLTYGMYQQR-QMMMGPOBSA-N","OS(OC1=CC=C(C[C@H](N)C(O)=O)C=C1)(=O)=O","","448617","HMDB0155722","","514186",0,0,0,0,TRUE,TRUE,FALSE,TRUE
"ferulic acid 4-sulfate","Method 3","PZPATWACAAOHTJ-HWKANZROSA-N","COC1=C(OS(O)(=O)=O)C=CC(/C=C/C(O)=O)=C1","86321-29-1","4878542","HMDB0029200","","6305574",97,0.158496732026144,0,0,TRUE,TRUE,FALSE,TRUE
"3-(3-hydroxyphenyl)propionate sulfate","Method 3","IQWLPDPKVFZEOK-UHFFFAOYSA-N","OS(OC1=CC=CC(CCC(O)=O)=C1)(=O)=O","86321-32-6","162993","HMDB0094710","","187488",337,0.550653594771242,0,0,TRUE,TRUE,FALSE,TRUE
"5alpha-androstan-3alpha,17beta-diol 17-glucuronide","Method 3","ZJYZOWMDMWQJIV-UPDIMMRZSA-N","O[C@@H]1CC[C@]2(C)[C@]3([H])[C@](CCC2C1)([H])[C@@](CC4)([H])[C@@](CC3)(C)[C@H]4O[C@@H]([C@@H]([C@H]5O)O)O[C@H](C(O)=O)[C@H]5O","","","","","",435,0.71078431372549,0,0,TRUE,FALSE,FALSE,TRUE
"etiocholanolone glucuronide","Method 3","VFUIRAVTUVCQTF-ILTUOXSPSA-N","O=C1[C@](CC2)(C)C(CC1)C3C2[C@](CC[C@H]4OC5[C@H](O)[C@@H](O)[C@H](O)[C@@H](C(O)=O)O5)(C)[C@](C4)([H])CC3","03/09/3602","","HMDB0004484","","270605",344,0.562091503267974,0,0,TRUE,TRUE,FALSE,TRUE
"17alpha-hydroxypregnanolone glucuronide","Method 3","IZDWMNZNEAXAFE-CQQKWVOPSA-N","O=C(C)[C@]1(O)[C@]2(C)C(CC1)C3C(CC2)[C@](CC[C@@H](OC4[C@H](O)[C@@H](O)[C@H](O)[C@@H]([C@@](O)=O)O4)C5)(C)[C@@]5([H])CC3","","","","","",259,0.423202614379085,0,0,TRUE,FALSE,FALSE,TRUE
"N-acetylmethionine sulfoxide","Method 1","NPIMMZJBURSMON-UHFFFAOYSA-N","OC(C(CCS(C)=O)NC(C)=O)=O","108646-71-5","167798","","","11902949",184,0.300653594771242,0,0,TRUE,FALSE,FALSE,TRUE
"N-acetyltaurine","Method 3","CXJAAWRLVGAKDV-UHFFFAOYSA-N","O=S(CCNC(C)=O)(O)=O","","140553","HMDB0240253","","159864",6,0.00980392156862745,0,0,TRUE,TRUE,FALSE,TRUE
"1-oleoyl-GPG (18:1)*","Method 3","FQQQKGAFQIIGLQ-VYFUBJQISA-N","O[C@H](COC(CCCCCCC/C=C\CCCCCCCC)=O)COP(OCC(O)CO)(O)=O","","34999689","HMDB0240602","","",72,0.117647058823529,0,0,TRUE,TRUE,FALSE,TRUE
"1-palmitoyl-GPG (16:0)*","Method 3","BVJSKAUUFXBDOB-UHFFFAOYSA-N","O=P(OCC(O)CO)(O)OCC(O)COC(CCCCCCCCCCCCCCC)=O","","2548639","HMDB0240601","","3300276",0,0,0,0,TRUE,TRUE,FALSE,TRUE
"N-linoleoyltaurine*","Method 3","YIWODQVLEDDQSF-HZJYTTRNSA-N","CCCCC/C=C\C/C=C\CCCCCCCC(NCCS(=O)(O)=O)=O","","","","","52922081",79,0.129084967320261,0,0,TRUE,FALSE,FALSE,TRUE
"N-acetyl-S-allyl-cysteine","Method 3","LKRAEHUDIUJBSF-ZETCQYMHSA-N","OC([C@H](CSCC=C)N([H])C(C)=O)=O","23127-41-5","134378","HMDB0240543","","152467",317,0.51797385620915,0,0,TRUE,TRUE,FALSE,TRUE
"9-hydroxystearate","Method 3","RKHXDCVAPIMDMG-UHFFFAOYSA-N","OC(CCCCCCCC(O)=O)CCCCCCCCC","25498-28-6","7844595","HMDB0061661","","9570127",63,0.102941176470588,0,0,TRUE,TRUE,FALSE,TRUE
"3-methylglutarylcarnitine (2)","Method 1","HFCPFJNSBPQJDP-UHFFFAOYSA-N","[O-]C(CC(C[N+](C)(C)C)OC(CC(C)CC(O)=O)=O)=O","","113619","HMDB0000552","","128145",8,0.0130718954248366,0,0,TRUE,TRUE,FALSE,TRUE
"methyl glucopyranoside (alpha + beta)","Method 3","HOVAGTYPODGVJG-ZFYZTMLRSA-N","O[C@H]1[C@@H]([C@H]([C@H](O[C@@H]1CO)OC)O)O","","","HMDB0029965","","44,523,830,367,432,100",102,0.166666666666667,0,0,TRUE,TRUE,FALSE,TRUE
"o-hydroxyatorvastatin","Method 3","CZBPKFICAYVHHM-JWQCQUIFSA-N","FC1=CC=C(C=C1)C2=C(C3=CC=CC=C3)C(C(N([H])C4=CC=CC=C4O)=O)=C(C(C)C)N2CC[C@H](C[C@H](CC(O)=O)O)O","214217-86-4","7983984","","","9808225",552,0.901960784313726,0,0,TRUE,FALSE,FALSE,TRUE
"p-hydroxyatorvastatin","Method 3","SOZOATLLFFVAPM-KAYWLYCHSA-N","FC1=CC=C(C=C1)C2=C(C3=CC=CC=C3)C(C(N([H])C(C=C4)=CC=C4O)=O)=C(C(C)C)N2CC[C@H](C[C@H](CC(O)=O)O)O","265989-44-4","8026819","","","9851106",558,0.911764705882353,0,0,TRUE,FALSE,FALSE,TRUE
"2-keto-3-deoxy-gluconate","Method 4","WPAMZTWLKIDIOP-WVZVXSGGSA-N","OC[C@@H](O)[C@@H](O)CC(C(O)=O)=O","17510-99-5","141630","HMDB0001353","C00204","161227",5,0.00816993464052288,0,0,TRUE,TRUE,TRUE,TRUE
"alpha-CEHC sulfate","Method 3","ZQMMTPNJGWUHCB-UHFFFAOYSA-N","CC1=C(OS(O)(=O)=O)C(C)=C2C(OC(C)(CCC(O)=O)CC2)=C1C","","","","","",410,0.669934640522876,0,0,TRUE,FALSE,FALSE,TRUE
"alpha-CMBHC glucuronide","Method 3","DYOFESDCRUIQTB-UHFFFAOYSA-N","OC(C1C(O)C(O)C(O)C(OC2=C(C)C(C)=C(OC(C)(CCCC(C)C(O)=O)CC3)C3=C2C)O1)=O","","","","","",254,0.415032679738562,0,0,TRUE,FALSE,FALSE,TRUE
"sphingomyelin (d18:2/14:0, d18:1/14:1)*","Method 2","SOWIKWJDPCEPOJ-IOBWIPHESA-N","CCCC/C=C/CCCCCCCC(N[C@@](COP([O-])(OCC[N+](C)(C)C)=O)([C@](O)(/C=C/CCCCCCCCCCCCC)[H])[H])=O","","","HMDB0240637,HMDB0240612","","",0,0,0,0,TRUE,TRUE,FALSE,TRUE
"sphingomyelin (d18:1/24:1, d18:2/24:0)*","Method 2","WKZHECFHXLTOLJ-QYKFWSDSSA-N","O[C@H](/C=C/CCCCCCCCCCCCC)[C@H](CO[P](OCC[N+](C)(C)C)([O-])=O)NC(CCCCCCCCCCCCC/C=C\CCCCCCCC)=O","94359-13-4","24846874","HMDB0012107","","44260126",0,0,0,0,TRUE,TRUE,FALSE,TRUE
"octadecenedioylcarnitine (C18:1-DC)*","Method 2","CYPBWZKNUDFJJE-PLNGDYQASA-N","O=C(CCCCCCC/C=C\CCCCCCCC(O)=O)OC(CC([O-])=O)C[N+](C)(C)C","251981-06-3","28639201","","","",2,0.00326797385620915,0,0,TRUE,FALSE,FALSE,TRUE
"octadecanedioylcarnitine (C18-DC)*","Method 2","ULCCGBCYWCYNIC-UHFFFAOYSA-N","O=C(CCCCCCCCCCCCCCCCC(O)=O)OC(CC([O-])=O)C[N+](C)(C)C","123233-50-1","28639203","","","",0,0,0,0,TRUE,FALSE,FALSE,TRUE
"N,O-didesmethylvenlafaxine glucuronide","Method 1","UDNAJOOLWIWCAW-SQBZNDFJSA-N","OC1(CCCCC1)C(CNC)C2=CC=C(O[C@H]3[C@H](O)[C@@H](O)[C@H](O)[C@@H](C(O)=O)O3)C=C2","1021933-99-2","","HMDB0061167","","71316036",610,0.996732026143791,0,0,TRUE,TRUE,FALSE,TRUE
"5alpha-androstan-3alpha,17beta-diol monosulfate (2)","Method 3","LERFMBCTNMFXCT-ILBJSTGGSA-N","C[C@@]12[C@](CCC3C2CC[C@@]4(C)C3CC[C@@H]4O)([H])C[C@H](OS(=O)(O)=O)CC1","","","","","121596225",261,0.426470588235294,0,0,TRUE,FALSE,FALSE,TRUE
"myristoleoylcarnitine (C14:1)*","Method 2","ABVVZYXTZLEOHP-OLHLWXQYSA-N","O=C(CCCCCCC/C=C\CCCC)O[C@H](CC([O-])=O)C[N+](C)(C)C","889848-55-9","34999520","HMDB0240588","","129691961",0,0,0,0,TRUE,TRUE,FALSE,TRUE
"N-formylphenylalanine","Method 3","NSTPXGARCQOSAU-VIFPVBQESA-N","OC([C@@H](NC=O)CC1=CC=CC=C1)=O","13200-85-6","663938","HMDB0240317","","7,592,567,064,571",227,0.370915032679739,0,0,TRUE,TRUE,FALSE,TRUE
"4-hydroxychlorothalonil","Method 3","MDQKYGOECVSPIW-UHFFFAOYSA-N","ClC1=C(C#N)C(Cl)=C(Cl)C(O)=C1C#N","28343-61-5","31530","HMDB0240624","","34217",5,0.00816993464052288,0,0,TRUE,TRUE,FALSE,TRUE
"isoeugenol sulfate","Method 3","HRHBRUPGUDLQIF-ONEGZZNKSA-N","C/C=C/C1=CC(OC)=C(OS(O)(=O)=O)C=C1","","157181","","","122198202",233,0.380718954248366,0,0,TRUE,FALSE,FALSE,TRUE
"tyramine O-sulfate","Method 3","DYDUXGMDSXJQFT-UHFFFAOYSA-N","NCCC1=CC=C(OS(O)(=O)=O)C=C1","30223-92-8","134849","HMDB0006409","","153005",48,0.0784313725490196,0,0,TRUE,TRUE,FALSE,TRUE
"3-hydroxypyridine sulfate","Method 3","BDERIBJTVYFANV-UHFFFAOYSA-N","O=S(OC1=CC=CN=C1)(O)=O","1955-23-3","16232314","","","",4,0.0065359477124183,0,0,TRUE,FALSE,FALSE,TRUE
"4-methylguaiacol sulfate","Method 3","LILXPJXZNJTPQZ-UHFFFAOYSA-N","CC1=CC=C(OS(=O)(O)=O)C(OC)=C1","756760-43-7","","","","",174,0.284313725490196,0,0,TRUE,FALSE,FALSE,TRUE
"maltol sulfate","Method 3","PVWYGTJERKKPRW-UHFFFAOYSA-N","O=C1C=COC(C)=C1OS(=O)(O)=O","","","","","",179,0.292483660130719,0,0,TRUE,FALSE,FALSE,TRUE
"phenylacetylcarnitine","Method 1","DZTZJNGATJMDSH-CYBMUJFWSA-N","O=C(CC1=CC=CC=C1)O[C@H](CC([O-])=O)C[N+](C)(C)C","287108-21-8","","","","101724840",2,0.00326797385620915,0,0,TRUE,FALSE,FALSE,TRUE
"arabonate/xylonate","Method 4","QXKAIJAYHKCRRA-JJYYJPOSSA-N","OC([C@H]([C@@H]([C@@H](CO)O)O)O)=O","","","HMDB0000539","C00502,C05411","1,220,456,602,431",1,0.00163398692810458,0,0,TRUE,TRUE,TRUE,TRUE
"methyl-4-hydroxybenzoate sulfate","Method 3","IBEAHXYYSZWGED-UHFFFAOYSA-N","O=C(OC)C1=CC=C(OS(=O)(O)=O)C=C1","","","HMDB0041646","","10657183",17,0.0277777777777778,0,0,TRUE,TRUE,FALSE,TRUE
"1-dihomo-linolenylglycerol (20:3)","Method 3","LERKRWCYZNDWFH-QNEBEIHSSA-N","OCC(O)COC(CCCCCC/C=C\C/C=C\C/C=C\CCCCC)=O","","","HMDB0011577","","",11,0.0179738562091503,0,0,TRUE,TRUE,FALSE,TRUE
"N-acetylhistamine","Method 1","XJWPISBUKWZALE-UHFFFAOYSA-N","O=C(C)NCCC1=CNC=N1","673-49-4","62805","HMDB0013253","C05135","69602",476,0.777777777777778,0,0,TRUE,TRUE,TRUE,TRUE
"vanillic alcohol sulfate","Method 3","LGXHPUANUXIBJQ-UHFFFAOYSA-N","OCC1=CC(OC)=C(OS(O)(=O)=O)C=C1","754920-02-0","","HMDB0041788","","",117,0.191176470588235,0,0,TRUE,TRUE,FALSE,TRUE
"4-vinylguaiacol sulfate","Method 3","FKCHAXAGQVCJPN-UHFFFAOYSA-N","COC1=C(OS(O)(=O)=O)C=CC(C=C)=C1","","","HMDB0127980","","53803570",102,0.166666666666667,0,0,TRUE,TRUE,FALSE,TRUE
"vanillactate","Method 3","SVYIZYRTOYHQRE-UHFFFAOYSA-N","OC1=C(OC)C=C(CC(C(O)=O)O)C=C1","2475-56-1","141152","HMDB0000913","","160637",10,0.0163398692810458,0,0,TRUE,TRUE,FALSE,TRUE
"eugenol sulfate","Method 3","XWAZTQUZONPJEW-UHFFFAOYSA-N","COC1=CC(CC=C)=CC=C1OS(=O)(O)=O","95480-60-7","157181","HMDB0135245","","180632",96,0.156862745098039,0,0,TRUE,TRUE,FALSE,TRUE
"pregnanolone/allopregnanolone sulfate","Method 3","MENQCIVHHONJLU-GQCBXAOTSA-N","C[C@]12C(C3CC[C@@]4(C[C@@H](CC[C@@]4(C3CC2)C)OS(=O)(O)=O)[H])CCC1C(C)=O","","","HMDB0240591,HMDB0062782","C05480","31,402,129,699,967",464,0.758169934640523,0,0,TRUE,TRUE,TRUE,TRUE
"2-methoxyresorcinol sulfate","Method 3","ARLAWMCEVZUXEY-UHFFFAOYSA-N","OC1=CC=CC(OS(=O)(O)=O)=C1OC","1446269-78-8","","","","",56,0.0915032679738562,0,0,TRUE,FALSE,FALSE,TRUE
"2-acetamidophenol sulfate","Method 3","JCVGTUVGDOWZJE-UHFFFAOYSA-N","CC(NC(C=CC=C1)=C1OS(=O)(O)=O)=O","40712-60-5","158023","","","181671",137,0.223856209150327,0,0,TRUE,FALSE,FALSE,TRUE
"p-cresol glucuronide*","Method 3","JPAUCQAJHLSMQW-XPORZQOISA-N","O[C@H]([C@@H](O)[C@@H]1O)[C@@H](O[C@@H]1C(O)=O)OC2=CC=C(C)C=C2","17680-99-8","135751","HMDB0011686","","154035",205,0.334967320261438,0,0,TRUE,TRUE,FALSE,TRUE
"acesulfame","Method 3","YGCFIWIQZPHFLU-UHFFFAOYSA-N","CC1=CC(NS(O1)(=O)=O)=O","55589-62-3","33607","HMDB0033585","","36573",265,0.433006535947712,0,0,TRUE,TRUE,FALSE,TRUE
"propyl 4-hydroxybenzoate","Method 3","QELSKZZBTMNZEB-UHFFFAOYSA-N","OC1=CC=C(C(OCCC)=O)C=C1","94-13-3","6907","HMDB0032574","D01422","7175",555,0.906862745098039,0,0,TRUE,TRUE,TRUE,TRUE
"valsartan","Method 3","ACWBQPMHZXGDFX-UHFFFAOYSA-N","O=C(O)C(C(C)C)N(C(CCCC)=O)CC1=CC=C(C2=CC=CC=C2C3=NN=NN3)C=C1","137862-53-4","5448","HMDB0014323","","60846",602,0.983660130718954,0,0,TRUE,TRUE,FALSE,TRUE
"olmesartan","Method 3","VTRAEEWXHOVJFV-UHFFFAOYSA-N","OC(C)(C)C1=C(C(O)=O)N(CC(C=C2)=CC=C2C(C=CC=C3)=C3C4=NN=NN4)C(CCC)=N1","144689-24-7","139674","HMDB0014420","D05246","158781",607,0.991830065359477,0,0,TRUE,TRUE,TRUE,TRUE
"syringol sulfate","Method 3","UDIAPBFEZFMUCP-UHFFFAOYSA-N","COC1=CC=CC(OC)=C1OS(=O)(O)=O","52904-67-3","","","","",377,0.616013071895425,0,0,TRUE,FALSE,FALSE,TRUE
"6-hydroxyindole sulfate","Method 3","QRHHXPIYYXPEMG-UHFFFAOYSA-N","O=S(OC1=CC=C2C=CNC2=C1)(O)=O","","","HMDB0000682","","122198196",9,0.0147058823529412,0,0,TRUE,TRUE,FALSE,TRUE
"4-methoxyphenol sulfate","Method 3","IGTMFIJOUADBDC-UHFFFAOYSA-N","COC1=CC=C(OS(=O)(O)=O)C=C1","3233-60-1","","","","",227,0.370915032679739,0,0,TRUE,FALSE,FALSE,TRUE
"propyl 4-hydroxybenzoate sulfate","Method 3","WEKBGFBWJOHXKR-UHFFFAOYSA-N","CCCOC(C1=CC=C(OS(=O)(O)=O)C=C1)=O","162338-10-5","48063224","HMDB0135261","","131838881",248,0.405228758169935,0,0,TRUE,TRUE,FALSE,TRUE
"umbelliferone sulfate","Method 3","LJOOSFYJELZGMR-UHFFFAOYSA-N","O=C1C=CC2=CC=C(OS(=O)(O)=O)C=C2O1","69526-88-1","114800","HMDB0240565","","129659",92,0.150326797385621,0,0,TRUE,TRUE,FALSE,TRUE
"sphingomyelin (d18:1/20:0, d16:1/22:0)*","Method 2","AADLTHQNYQJHQV-SVLGDMRNSA-N","CCCCCCCCCCCCC/C=C/[C@@H](O)[C@@H](NC(CCCCCCCCCCCCCCCCCCC)=O)COP([O-])(OCC[N+](C)(C)C)=O","","23113477","HMDB0012102","","44260124",0,0,0,0,TRUE,TRUE,FALSE,TRUE
"sphingomyelin (d18:1/20:1, d18:2/20:0)*","Method 2","MDRFMTLYKHBJTF-YECRPIIFSA-N","CCCCCCCCCCCCC/C=C/[C@@H](O)[C@@H](NC(CCCCCCCCC/C=C/CCCCCCCC)=O)COP([O-])(OCC[N+](C)(C)C)=O","222403-67-0","","HMDB0240610,HMDB0240632","","",0,0,0,0,TRUE,TRUE,FALSE,TRUE
"sphingomyelin (d18:1/20:2, d18:2/20:1, d16:1/22:2)*","Method 2","YVTVVJRJLRHYSJ-COUPUTHFSA-N","CCCCCCCCCCCCC/C=C/[C@@H](O)[C@@H](NC(CCCCCCCCC/C=C/C/C=C/CCCCC)=O)COP([O-])(OCC[N+](C)(C)C)=O","","","","","",5,0.00816993464052288,0,0,TRUE,FALSE,FALSE,TRUE
"behenoyl sphingomyelin (d18:1/22:0)*","Method 2","FJJANLYCZUNFSE-TWKUQIQBSA-N","CCCCCCCCCCCCC/C=C/[C@@H](O)[C@@H](NC(CCCCCCCCCCCCCCCCCCCCC)=O)COP([O-])(OCC[N+](C)(C)C)=O","","24846873","HMDB0012103","","44260125",0,0,0,0,TRUE,TRUE,FALSE,TRUE
"sphingomyelin (d18:1/22:1, d18:2/22:0, d16:1/24:1)*","Method 2","VBFKEZGCUWHGSK-ADSSWVSQSA-N","CCCCCCCCCCCCC/C=C/[C@@H](O)[C@@H](NC(CCCCCCCCCCC/C=C\CCCCCCCC)=O)COP([O-])(OCC[N+](C)(C)C)=O","","29368329","HMDB0012104","","",0,0,0,0,TRUE,TRUE,FALSE,TRUE
"sphingomyelin (d18:1/22:2, d18:2/22:1, d16:1/24:2)*","Method 2","BBJBWENPFZYXKM-CUYAXJSGSA-N","CCCCCCCCCCCCC/C=C/[C@@H](O)[C@@H](NC(CCCCCCCCCCC/C=C/C/C=C/CCCCC)=O)COP([O-])(OCC[N+](C)(C)C)=O","","","HMDB0240670,HMDB0240672,HMDB0240669","","",0,0,0,0,TRUE,TRUE,FALSE,TRUE
"lignoceroyl sphingomyelin (d18:1/24:0)","Method 2","QEDPUVGSSDPBMD-XTAIVQBESA-N","CCCCCCCCCCCCC/C=C/[C@@H](O)[C@@H](NC(CCCCCCCCCCCCCCCCCCCCCCC)=O)COP([O-])(OCC[N+](C)(C)C)=O","60037-60-7","24846875","HMDB0011697","","",0,0,0,0,TRUE,TRUE,FALSE,TRUE
"sphingomyelin (d17:1/16:0, d18:1/15:0, d16:1/17:0)*","Method 2","LQINJRUGTUOHGS-YPDYIYJKSA-N","CCCCCCCCCCCCC/C=C/[C@@H](O)[C@@H](NC(CCCCCCCCCCCCCC)=O)COP([O-])(OCC[N+](C)(C)C)=O","121999-58-4","28532779","HMDB0240617,HMDB0240608","","",0,0,0,0,TRUE,TRUE,FALSE,TRUE
"dopamine 4-sulfate","Method 3","DEKNNWJXAQTLFA-UHFFFAOYSA-N","O=S(OC1=CC=C(CCN)C=C1O)(O)=O","","110461","HMDB0004148","C13691","68517194",7,0.011437908496732,0,0,TRUE,TRUE,TRUE,TRUE
"dopamine 3-O-sulfate","Method 3","NZKRYJGNYPYXJZ-UHFFFAOYSA-N","NCCC1=CC(OS(=O)(O)=O)=C(O)C=C1","","108936","HMDB0006275","C13690","122136",0,0,0,0,TRUE,TRUE,TRUE,TRUE
"daidzein sulfate (2)","Method 3","CQRHJEVIKOKQMO-UHFFFAOYSA-N","OC1=CC2=C(C(C(C3=CC=C(OS(=O)(O)=O)C=C3)=CO2)=O)C=C1","","","","","12114465",406,0.663398692810457,0,0,TRUE,FALSE,FALSE,TRUE
"3-hydroxyhexanoate","Method 3","HPMGFDVTYHWBAG-UHFFFAOYSA-N","CCCC(O)CC(O)=O","10191-24-9","133518","HMDB0061652,HMDB0010718","","151492",0,0,0,0,TRUE,TRUE,FALSE,TRUE
"N-carbamoylalanine","Method 1","LUSWEUMSEVLFEQ-UHFFFAOYSA-N","O=C(C(C)NC(N)=O)O","77340-50-2","377278","","","426409",70,0.11437908496732,0,0,TRUE,FALSE,FALSE,TRUE
"3beta-hydroxy-5-cholestenoate","Method 3","WVXOMPRLWLXFAP-AMQKJUDNSA-N","C[C@@H]([C@H]1CC[C@@H]2[C@]1(C)CC[C@H]3[C@H]2CC=C4[C@]3(C)CC[C@H](O)C4)CCCC(C(O)=O)C","6561-58-6","","HMDB0012453","C17333","165511",0,0,0,0,TRUE,TRUE,TRUE,TRUE
"1,2,3-benzenetriol sulfate (1)","Method 3","NGVLEQPKHLWZLN-UHFFFAOYSA-N","OC1=C(O)C(OS(=O)(O)=O)=CC=C1","","","","","",272,0.444444444444444,0,0,TRUE,FALSE,FALSE,TRUE
"1,2,3-benzenetriol sulfate (2)","Method 3","NGVLEQPKHLWZLN-UHFFFAOYSA-N","OC1=C(O)C(OS(=O)(O)=O)=CC=C1","","","HMDB0060018,HMDB0060016","","9,201,366,254,110,620",4,0.0065359477124183,0,0,TRUE,TRUE,FALSE,TRUE
"3-methoxycatechol sulfate (1)","Method 3","NTXOJWKIHIOUQN-UHFFFAOYSA-N","OC1=C(C=CC=C1OS(=O)(O)=O)OC","","","","","129892430",5,0.00816993464052288,0,0,TRUE,FALSE,FALSE,TRUE
"3-methoxycatechol sulfate (2)","Method 3","NTXOJWKIHIOUQN-UHFFFAOYSA-N","OC1=C(OC)C=CC=C1OS(=O)(O)=O","","","","","",165,0.269607843137255,0,0,TRUE,FALSE,FALSE,TRUE
"N-acetylkynurenine (2)","Method 3","PPIMFXHQDQRWGJ-JTQLQIEISA-N","OC([C@@H](NC(C)=O)CC(C1=CC=CC=C1N)=O)=O","","","HMDB0240342","","73817779",98,0.160130718954248,0,0,TRUE,TRUE,FALSE,TRUE
"C-glycosyltryptophan","Method 3","CPXSBHKDEPPWIX-RAYCSJGISA-N","N[C@H](C(O)=O)CC1=C([C@H]([C@H]([C@@H](O)[C@@H]2O)O)O[C@@H]2CO)NC3=CC=CC=C13","180509-18-6","9157171","HMDB0240296","","10981970",0,0,0,0,TRUE,TRUE,FALSE,TRUE
"tramadol","Method 1","TVYLLZQTGLZFBW-ZBFHGGJFSA-N","CN(C[C@H]1CCCC[C@]1(O)C2=CC(OC)=CC=C2)C","27203-92-5","31105","HMDB0014339","C07153","33741",545,0.890522875816993,0,0,TRUE,TRUE,TRUE,TRUE
"O-desmethyltramadol","Method 1","UWJUQVWARXYRCG-UHFFFAOYSA-N","OC1(CCCCC1CN(C)C)c2cccc(O)c2","73986-53-5","115703","HMDB0060997","","9838803",543,0.887254901960784,0,0,TRUE,TRUE,FALSE,TRUE
"O-desmethyltramadol glucuronide","Method 1","DSBGQRZOJXSECT-VFUSOVNCSA-N","CN(CC1CCCCC1(O)c2cc(O[C@H]3[C@H](O)[C@@H](O)[C@H](O)[C@@H](C(O)=O)O3)ccc2)C","383891-39-2","28467711","HMDB0060856","","29919005",543,0.887254901960784,0,0,TRUE,TRUE,FALSE,TRUE
"N-desmethyl tramadol","Method 1","VUMQHLSPUAFKKK-DZGCQCFKSA-N","O[C@]1(CCCC[C@H]1CNC)[c@]2cccc(OC)c2","147762-57-0","8530152","HMDB0061007","","12149038",545,0.890522875816993,0,0,TRUE,TRUE,FALSE,TRUE
"arabitol/xylitol","Method 4","HEBKCHPVOIAQTA-IMJSIDKUSA-N","OC[C@@H](C([C@H](CO)O)O)O","","","HMDB0001851,HMDB0000568,HMDB0002917","C00379,C00542,C01904","941,546,912",0,0,0,0,TRUE,TRUE,TRUE,TRUE
"N-acetylglucosamine/N-acetylgalactosamine","Method 1","OVRNDRQMDRJTHS-FMDGEEDCSA-N","O[C@@H]1[C@H]([C@@H](O[C@@H]([C@H]1O)CO)O)NC(C)=O","","","HMDB0000212,HMDB0000215","C01074","43,917,484,265",1,0.00163398692810458,0,0,TRUE,TRUE,TRUE,TRUE
"citraconate/glutaconate","Method 4","HNEGQIOMVPPMNR-IHWYPQMZSA-N","C/C(C(O)=O)=C/C(O)=O","","","HMDB0000634,HMDB0000620","C02226,C02214","5,280,498,643,798",8,0.0130718954248366,0,0,TRUE,TRUE,TRUE,TRUE
"adipoylcarnitine (C6-DC)","Method 1","BSVHAXJKBCWVDA-UHFFFAOYSA-N","[O-]C(CC(OC(CCCCC(O)=O)=O)C[N+](C)(C)C)=O","","28540385","HMDB0061677","","71296139",0,0,0,0,TRUE,TRUE,FALSE,TRUE
"4-hydroxyphenylacetoylcarnitine","Method 1","RLMMGDAPWBGWEF-UHFFFAOYSA-N","[O-]C(CC(OC(CC1=CC=C(C=C1)O)=O)C[N+](C)(C)C)=O","","","","","",10,0.0163398692810458,0,0,TRUE,FALSE,FALSE,TRUE
"nonanoylcarnitine (C9)","Method 2","MPSPNFAQQQMFLK-UHFFFAOYSA-N","[O-]C(CC(OC(CCCCCCCC)=O)C[N+](C)(C)C)=O","","28533402","HMDB0013288","","91825642",56,0.0915032679738562,0,0,TRUE,TRUE,FALSE,TRUE
"suberoylcarnitine (C8-DC)","Method 1","YVWVEIPYMGBQPE-UHFFFAOYSA-N","[O-]C(CC(OC(CCCCCCC(O)=O)=O)C[N+](C)(C)C)=O","","","","","",31,0.0506535947712418,0,0,TRUE,FALSE,FALSE,TRUE
"glycocholate sulfate","Method 3","ZXUWKFXQTSOVDY-FTKNGHMZSA-N","OS(OC1C[C@]2([H])[C@@](CC1)(C)[C@](C[C@H](O)[C@]3(C)[C@@H]([C@H](C)CCC(NCC(O)=O)=O)CC[C@]34[H])([H])[C@@]4([H])[C@H](O)C2)(=O)=O","","","","","",333,0.544117647058823,0,0,TRUE,FALSE,FALSE,TRUE
"glycochenodeoxycholate 3-sulfate","Method 3","DKXXSIJHWWVNMO-ISIKUUMTSA-N","OS(OC1C[C@]2([H])C(CC1)(C)[C@@H]3[C@@]([C@@](CC4)([H])[C@@](CC3)(C)[C@H]4[C@H](C)CCC(NCC(O)=O)=O)([H])[C@H](O)C2)(=O)=O","","","HMDB0002409,HMDB0002496,HMDB0002497","","211,169,172,112,500,000,000,000",1,0.00163398692810458,0,0,TRUE,TRUE,FALSE,TRUE
"glycodeoxycholate 3-sulfate","Method 3","QJZCNFGUZPMYAX-WWZCPACMSA-N","OS(OC1CC[C@@]2(C)[C@@](CC[C@]3([H])[C@]2([H])C[C@H](O)[C@@]4(C)[C@]3(CC[C@@H]4[C@H](C)CCC(NCC(O)=O)=O)[H])([H])C1)(=O)=O","","","","","101602538",287,0.468954248366013,0,0,TRUE,FALSE,FALSE,TRUE
"taurodeoxycholic acid 3-sulfate","Method 3","UCVGCHGIKFWAGH-WQVRBXQRSA-N","C[C@@]12[C@@](CCC3C2C[C@H](O)[C@@]4(C)C3CC[C@@H]4[C@@H](CCC(NCCS(O)(=O)=O)=O)C)([H])C[C@H](OS(O)(=O)=O)CC1","","","","","",313,0.511437908496732,0,0,TRUE,FALSE,FALSE,TRUE
"trans-3,4-methyleneheptanoate","Method 3","VFMNSFWBDMRNLJ-UHFFFAOYSA-N","OC(CC1C(CCC)C1)=O","","","","","",36,0.0588235294117647,0,0,TRUE,FALSE,FALSE,TRUE
"phenol glucuronide","Method 3","WVHAUDNUGBNUDZ-GOVZDWNOSA-N","O[C@H]1[C@H](OC2=CC=CC=C2)O[C@H](C(O)=O)[C@@H](O)[C@@H]1O","17685-05-1","78692","HMDB0060014","","87235",340,0.555555555555556,0,0,TRUE,TRUE,FALSE,TRUE
"linoleoyl ethanolamide","Method 3","KQXDGUVSAAQARU-HZJYTTRNSA-N","CCCCC/C=C\C/C=C\CCCCCCCC(NCCO)=O","68171-52-8","4446566","HMDB0012252","","5283446",0,0,0,0,TRUE,TRUE,FALSE,TRUE
"1,2-dilinoleoyl-GPC (18:2/18:2)","Method 2","FVXDQWZBHIXIEJ-LNDKUQBDSA-N","CCCCC/C=C\C/C=C\CCCCCCCC(OC[C@@H](OC(CCCCCCC/C=C\C/C=C\CCCCC)=O)COP([O-])(OCC[N+](C)(C)C)=O)=O","998-06-1","4450312","HMDB0008138","","5288075",0,0,0,0,TRUE,TRUE,FALSE,TRUE
"1-stearoyl-2-oleoyl-GPC (18:0/18:1)","Method 2","ATHVAWFAEPLPPQ-VRDBWYNSSA-N","O=C(CCCCCCCCCCCCCCCCC)OC[C@]([H])(COP(OCC[N+](C)(C)C)([O-])=O)OC(CCCCCCC/C=C\CCCCCCCC)=O","56421-10-4","24766704","HMDB0008038","","24778825",0,0,0,0,TRUE,TRUE,FALSE,TRUE
"1-palmitoyl-2-arachidonoyl-GPC (16:0/20:4n6)","Method 2","IIZPXYDJLKNOIY-JXPKJXOSSA-N","CCCCCCCCCCCCCCCC(OC[C@@]([H])(OC(CCC/C=C\C/C=C\C/C=C\C/C=C\CCCCC)=O)COP([O-])(OCC[N+](C)(C)C)=O)=O","35418-58-7","8923140","HMDB0007982","C05208","10747814",4,0.0065359477124183,0,0,TRUE,TRUE,TRUE,TRUE
"1-palmitoyl-2-docosahexaenoyl-GPC (16:0/22:6)","Method 2","IESVDEZGAHUQJU-ZLBXKVHBSA-N","CCCCCCCCCCCCCCCC(OC[C@](OC(CC/C=C\C/C=C\C/C=C\C/C=C\C/C=C\C/C=C\CC)=O)([H])COP([O-])(OCC[N+](C)(C)C)=O)=O","59403-54-2","4946007","HMDB0007991","","6441886",0,0,0,0,TRUE,TRUE,FALSE,TRUE
"1-stearoyl-2-docosahexaenoyl-GPC (18:0/22:6)","Method 2","FAUYAENFVCNTAL-PFFNLMTBSA-N","O=C(CC/C=C\C/C=C\C/C=C\C/C=C\C/C=C\C/C=C\CC)O[C@H](COC(CCCCCCCCCCCCCCCCC)=O)CO[P](OCC[N+](C)(C)C)([O-])=O","59403-52-0","","HMDB0008057","","24778876",0,0,0,0,TRUE,TRUE,FALSE,TRUE
"1-(1-enyl-stearoyl)-2-oleoyl-GPE (P-18:0/18:1)","Method 2","XVYPOHCSLJZFED-QZEVRULJSA-N","[H][C@@](COP([O-])(OCC[NH3+])=O)(OC(CCCCCCC/C=C\CCCCCCCC)=O)CO/C=C\CCCCCCCCCCCCCCCC","144371-68-6","24769260","HMDB0011375","","42607457",0,0,0,0,TRUE,TRUE,FALSE,TRUE
"sphingomyelin (d18:1/17:0, d17:1/18:0, d19:1/16:0)","Method 2","YMQZQHIESOAPQH-JXGHDCMNSA-N","O=C(N[C@@]([C@]([H])(O)/C=C/CCCCCCCCCCCCC)([H])COP([O-])(OCC[N+](C)(C)C)=O)CCCCCCCCCCCCCCCC","121999-64-2","","HMDB0240620,HMDB0240609,HMDB0240622","","46891763",0,0,0,0,TRUE,TRUE,FALSE,TRUE
"1-palmitoyl-2-stearoyl-GPC (16:0/18:0)","Method 2","PZNPLUBHRSSFHT-RRHRGVEJSA-N","O=C(CCCCCCCCCCCCCCC)OC[C@]([H])(COP(OCC[N+](C)(C)C)([O-])=O)OC(CCCCCCCCCCCCCCCCC)=O","59403-51-9","24766643","HMDB0007970","C03889","24778686",0,0,0,0,TRUE,TRUE,TRUE,TRUE
"2-hydroxybutyrate/2-hydroxyisobutyrate","Method 4","AFENDNXGAFYKQO-UHFFFAOYSA-N","CCC(O)C(O)=O","","","HMDB0000729,HMDB00008","C21297,C05984","4,408,644,277,439",0,0,0,0,TRUE,TRUE,TRUE,TRUE
"2-methylcitrate/homocitrate","Method 3","YNOXCRMFGMSKIJ-UHFFFAOYSA-N","CC(C(O)=O)C(C(O)=O)(O)CC(O)=O","","","HMDB0003518,HMDB0000379","C01251","439,459,515",1,0.00163398692810458,0,0,TRUE,TRUE,TRUE,TRUE
"oleate/vaccenate (18:1)","Method 3","ZQPPMHVWECSIRJ-KTKRTIGZSA-N","OC(CCCCCCC/C=C\CCCCCCCC)=O","","","HMDB0003231,HMDB0000573,HMDB0240219,HMDB0000207","C21944,C08367,C01712,C00712","52,827,616,375,175,200,000,000,000",0,0,0,0,TRUE,TRUE,TRUE,TRUE
"2-hydroxylaurate","Method 3","YDZIJQXINJLRLL-UHFFFAOYSA-N","OC(C(O)CCCCCCCCCC)=O","2984-55-6","88259","","","97783",96,0.156862745098039,0,0,TRUE,FALSE,FALSE,TRUE
"aripiprazole","Method 2","CEUORZQYGODEFX-UHFFFAOYSA-N","ClC1=CC=CC(N2CCN(CCCCOC3=CC=C(CCC(N4)=O)C4=C3)CC2)=C1Cl","129722-12-9","54790","HMDB0005042","C12564","60795",611,0.998366013071895,0,0,TRUE,TRUE,TRUE,TRUE
"pregabalin","Method 1","AYXYPKUFHZROOJ-UHFFFAOYSA-N","CC(C)CC(CN)CC(O)=O","148553-50-8","3902475","HMDB0014375","","5486971",575,0.939542483660131,0,0,TRUE,TRUE,FALSE,TRUE
"enalapril","Method 2","GBXSMTUPTTWBMN-UHFFFAOYSA-N","CC(C(N1C(C(O)=O)CCC1)=O)NC(C(OCC)=O)CCC2=CC=CC=C2","75847-73-3","3109","HMDB0014722","C06977,D03769,DG00335","5388962",611,0.998366013071895,0,0,TRUE,TRUE,TRUE,TRUE
"rivaroxaban","Method 3","KGFYHTZWPPHNLQ-UHFFFAOYSA-N","O=C1N(C2=CC=C(N3CC(CNC(C4=CC=C(Cl)S4)=O)OC3=O)C=C2)CCOC1","366789-02-8","4938307","","","9875401",605,0.988562091503268,0,0,TRUE,FALSE,FALSE,TRUE
"1-palmitoleoylglycerol (16:1)*","Method 3","KVYUBFKSKZWZSV-BQYQJAHWSA-N","CCCCCC/C=C/CCCCCCCC(OCC(O)CO)=O","","","HMDB0011565","","",7,0.011437908496732,0,0,TRUE,TRUE,FALSE,TRUE
"palmitoyl dihydrosphingomyelin (d18:0/16:0)*","Method 2","QHZIGNLCLJPLCU-QPPIDDCLSA-N","[H][C@](NC(CCCCCCCCCCCCCCC)=O)(COP(OCC[N+](C)(C)C)([O-])=O)[C@@](O)([H])CCCCCCCCCCCCCCC","","8115586","HMDB0010168","","9939965",0,0,0,0,TRUE,TRUE,FALSE,TRUE
"tricosanoyl sphingomyelin (d18:1/23:0)*","Method 2","SXZWBNWTCVLZJN-NMIJJABPSA-N","[H][C@](NC(CCCCCCCCCCCCCCCCCCCCCC)=O)(COP(OCC[N+](C)(C)C)([O-])=O)[C@@](O)([H])/C=C/CCCCCCCCCCCCC","","","HMDB0012105","","",0,0,0,0,TRUE,TRUE,FALSE,TRUE
"sphingomyelin (d18:2/23:0, d18:1/23:1, d17:1/24:1)*","Method 2","JBDGKEXQKCCQFK-JWQIMADESA-N","[H][C@](NC(CCCCCCCCCCCCCCCCCCCCCC)=O)(COP(OCC[N+](C)(C)C)([O-])=O)[C@@](O)([H])/C=C/CCCCCCCC/C=C\CCC","","","HMDB0240634,HMDB0011696,HMDB0240614","","134757653",0,0,0,0,TRUE,TRUE,FALSE,TRUE
"sphingomyelin (d18:2/24:1, d18:1/24:2)*","Method 2","TXFLWJQVQCDUDZ-BRUGZULGSA-N","[H][C@](NC(CCCCCCCCCCCCC/C=C\CCCCCCCC)=O)(COP(OCC[N+](C)(C)C)([O-])=O)[C@@](O)([H])/C=C/CCCCCCCC/C=C\CCC","","","HMDB0240636,HMDB0240615","","85336023",0,0,0,0,TRUE,TRUE,FALSE,TRUE
"amoxicillin","Method 3","LSQZJLSUYDQPKJ-UHFFFAOYSA-N","O=C1C(NC(C(N)C2=CC=C(O)C=C2)=O)C3N1C(C(O)=O)C(C)(C)S3","26787-78-0","2086","HMDB0015193","DG00520,C06827,D00229","33613",606,0.990196078431373,0,0,TRUE,TRUE,TRUE,TRUE
"azithromycin","Method 2","MQTOSJVFKKJCRP-UHFFFAOYSA-N","CC(CC(C)(O)C(OC1OC(C)CC(N(C)C)C1O)C(C)C(OC2OC(C)C(O)C(C)(OC)C2)C3C)CN(C)C(C)C(O)C(O)(C)C(CC)OC3=O","83905-01-5","2182","HMDB0014352","DG00606,D06390,C06838","447043",609,0.995098039215686,0,0,TRUE,TRUE,TRUE,TRUE
"sitagliptin","Method 3","MFFMDFFZMYYVKS-UHFFFAOYSA-N","FC1=CC(CC(N)CC(N2CC3=NN=C(C(F)(F)F)N3CC2)=O)=C(F)C=C1F","486460-32-6","9481667","HMDB0015390","DG00118,D08516","4369359",608,0.993464052287582,0,0,TRUE,TRUE,TRUE,TRUE
"sildenafil","Method 2","BNRNXUUZRGQAQC-UHFFFAOYSA-N","O=C1C2=C(C(CCC)=NN2C)NC(C3=CC(S(N4CCN(C)CC4)(=O)=O)=CC=C3OCC)=N1","139755-83-2","5023","HMDB0005039","C07259","5212",604,0.986928104575163,0,0,TRUE,TRUE,TRUE,TRUE
"solifenacin","Method 2","FBOUYBDGKBSUES-HMTLIYDFSA-N","O=C(O[C@H]1C[N@]2CC[C@@H]1CC2)N3CCC4=CC=CC=C4C3C5=CC=CC=C5","180468-39-7","8060993","","","154059",610,0.996732026143791,0,0,TRUE,FALSE,FALSE,TRUE
"1-stearoyl-2-linoleoyl-GPE (18:0/18:2)*","Method 2","YDTWOEYVDRKKCR-KNERPIHHSA-N","O=C(CCCCCCCCCCCCCCCCC)OC[C@]([H])(COP(OCCN)(O)=O)OC(CCCCCCC/C=C\C/C=C\CCCCC)=O","","7825699","HMDB0008994","","9546749",0,0,0,0,TRUE,TRUE,FALSE,TRUE
"1-stearoyl-2-arachidonoyl-GPE (18:0/20:4)","Method 2","ANRKEHNWXKCXDB-BHFWLYLHSA-N","O=C(CCCCCCCCCCCCCCCCC)OC[C@]([H])(COP(OCCN)(O)=O)OC(CCC/C=C\C/C=C\C/C=C\C/C=C\CCCCC)=O","","4451158","HMDB0009003","C05210","5289133",0,0,0,0,TRUE,TRUE,TRUE,TRUE
"1-stearoyl-2-linoleoyl-GPC (18:0/18:2)*","Method 2","FORFDCPQKJHEBF-JEFUZMEDSA-N","CCCCCCCCCCCCCCCCCC(OCC(OC(CCCCCCC/C=C/C/C=C/CCCCC)=O)COP([O-])(OCC[N+](C)(C)C)=O)=O","","","HMDB0008039","","6441487",0,0,0,0,TRUE,TRUE,FALSE,TRUE
"1-palmitoyl-2-palmitoleoyl-GPC (16:0/16:1)*","Method 2","QIBZFHLFHCIUOT-HTXNQAPBSA-N","CCCCCCCCCCCCCCCC(OCC(OC(CCCCCCC/C=C/CCCCCC)=O)COP([O-])(OCC[N+](C)(C)C)=O)=O","","","HMDB0007969","","6443788",0,0,0,0,TRUE,TRUE,FALSE,TRUE
"1-palmitoyl-2-dihomo-linolenoyl-GPC (16:0/20:3n3 or 6)*","Method 2","SRIGHEHXEGELQJ-YYQUKWHJSA-N","CCCCCCCCCCCCCCCC(OC[C@@H](OC(CCCCCC/C=C\C/C=C\C/C=C\CCCCC)=O)COP([O-])(OCC[N+](C)(C)C)=O)=O","","","","","",2,0.00326797385620915,0,0,TRUE,FALSE,FALSE,TRUE
"1-palmitoyl-2-arachidonoyl-GPE (16:0/20:4)*","Method 2","DRIVXEVMDWCWLI-CAQMIEAISA-N","O=C(CCCCCCCCCCCCCCC)OC[C@]([H])(COP(OCCN)(O)=O)OC(CCC/C=C\C/C=C\C/C=C\C/C=C\CCCCC)=O","","7825750","HMDB0005323","C05210","9546800",0,0,0,0,TRUE,TRUE,TRUE,TRUE
"1-palmitoyl-2-docosahexaenoyl-GPE (16:0/22:6)*","Method 2","MPWUZHVZZKSTPV-MADBQMNMSA-N","O=C(CCCCCCCCCCCCCCC)OC[C@]([H])(COP(OCCN)(O)=O)OC(CC/C=C\C/C=C\C/C=C\C/C=C\C/C=C\C/C=C\CC)=O","","7825749","HMDB0008946","","9546799",0,0,0,0,TRUE,TRUE,FALSE,TRUE
"1-stearoyl-2-docosahexaenoyl-GPE (18:0/22:6)*","Method 2","XYYHNDVKALDFHQ-OXHZBIAZSA-N","O=C(CCCCCCCCCCCCCCCCC)OC[C@]([H])(COP(OCCN)(O)=O)OC(CC/C=C\C/C=C\C/C=C\C/C=C\C/C=C\C/C=C\CC)=O","","7825748","HMDB0009012","","9546798",14,0.0228758169934641,0,0,TRUE,TRUE,FALSE,TRUE
"1-palmitoyl-2-arachidonoyl-GPI (16:0/20:4)*","Method 2","KIQYUSYSJTUGFZ-LSLODQAYSA-N","O=C(CCCCCCCCCCCCCCC)OC[C@@]([H])(OC(CCC/C=C\C/C=C\C/C=C\C/C=C\CCCCC)=O)COP(O[C@H]1[C@H](O)[C@@H](O)[C@H](O)[C@@H](O)[C@H]1O)(O)=O","","24767674","HMDB0009789","","",3,0.00490196078431373,0,0,TRUE,TRUE,FALSE,TRUE
"1-stearoyl-2-linoleoyl-GPI (18:0/18:2)","Method 2","KZVRAFHIKMDULK-HAVSRZFESA-N","O=C(CCCCCCCCCCCCCCCCC)OC[C@@]([H])(OC(CCCCCCC/C=C\C/C=C\CCCCC)=O)COP(O[C@H]1[C@H](O)[C@@H](O)[C@H](O)[C@@H](O)[C@H]1O)(O)=O","","24767694","HMDB0009809","","",0,0,0,0,TRUE,TRUE,FALSE,TRUE
"gamma-tocopherol/beta-tocopherol","Method 2","QUEDXNHFTDJVIY-DQCZWYHMSA-N","CC1=C(C(CC2)=CC(O)=C1C)O[C@@]2(CCC[C@@H](CCC[C@@H](CCCC(C)C)C)C)C","","","HMDB0006335,HMDB0001492","C14152,C02483","",0,0,0,0,TRUE,TRUE,TRUE,TRUE
"1-(1-enyl-stearoyl)-2-arachidonoyl-GPE (P-18:0/20:4)*","Method 2","URPXXNCTXCOATD-FXMFQVEGSA-N","[H][C@](OC(CCC/C=C\C/C=C\C/C=C\C/C=C\CCCCC)=O)(COP(OCCN)(O)=O)CO/C=C\CCCCCCCCCCCCCCCC","","7826008","HMDB0005779","","9547058",0,0,0,0,TRUE,TRUE,FALSE,TRUE
"1-(1-enyl-palmitoyl)-2-arachidonoyl-GPE (P-16:0/20:4)*","Method 2","UUYSKERSKRMYME-MAIXUNBTSA-N","[H][C@](OC(CCC/C=C\C/C=C\C/C=C\C/C=C\CCCCC)=O)(COP(OCCN)(O)=O)CO/C=C\CCCCCCCCCCCCCC","","24769238","HMDB0011352","","52925126",0,0,0,0,TRUE,TRUE,FALSE,TRUE
"1-(1-enyl-palmitoyl)-2-oleoyl-GPE (P-16:0/18:1)*","Method 2","ZVVYJAAMWXATNY-PRWZWGSOSA-N","[H][C@](OC(CCCCCCC/C=C\CCCCCCCC)=O)(COP(OCCN)(O)=O)CO/C=C\CCCCCCCCCCCCCC","","24769228","HMDB0011342","","52925128",3,0.00490196078431373,0,0,TRUE,TRUE,FALSE,TRUE
"1-(1-enyl-palmitoyl)-2-oleoyl-GPC (P-16:0/18:1)*","Method 2","CRBBMHQTIAELIS-KQBBALDBSA-N","[H][C@](OC(CCCCCCC/C=C\CCCCCCCC)=O)(CO[P-](OCC[N+](C)(C)C)([O])=O)CO/C=C\CCCCCCCCCCCCCC","","","HMDB0007996","","34779384",0,0,0,0,TRUE,TRUE,FALSE,TRUE
"1-(1-enyl-palmitoyl)-2-linoleoyl-GPC (P-16:0/18:2)*","Method 2","QLEHHUPUHJPURI-PWYDUFMYSA-N","[H][C@](OC(CCCCCCC/C=C\C/C=C\CCCCC)=O)(COP(OCC[N+](C)(C)C)([O-])=O)CO/C=C\CCCCCCCCCCCCCC","","24767486","HMDB0011211","","24779386",0,0,0,0,TRUE,TRUE,FALSE,TRUE
"1-(1-enyl-palmitoyl)-2-arachidonoyl-GPC (P-16:0/20:4)*","Method 2","IOYKZPNDXIIXLN-LOQSCQKMSA-N","[H][C@](OC(CCC/C=C\C/C=C\C/C=C\C/C=C\CCCCC)=O)(COP(OCC[N+](C)(C)C)([O-])=O)CO/C=C\CCCCCCCCCCCCCC","","24767495","HMDB0011220","","",0,0,0,0,TRUE,TRUE,FALSE,TRUE
"sphingomyelin (d18:1/21:0, d17:1/22:0, d16:1/23:0)*","Method 2","YXSZOBWVQJIWNE-QVDCKBILSA-N","[H][C@](NC(CCCCCCCCCCCCCCCCCCCC)=O)(COP(OCC[N+](C)(C)C)([O-])=O)[C@@](O)([H])/C=C/CCCCCCCCCCCCC","","","HMDB0240619,HMDB0240611,HMDB0240621","","",0,0,0,0,TRUE,TRUE,FALSE,TRUE
"behenoyl dihydrosphingomyelin (d18:0/22:0)*","Method 2","FONAXCRWZQFJHY-JCGOJSMZSA-N","[H][C@](NC(CCCCCCCCCCCCCCCCCCCCC)=O)(COP(OCC[N+](C)(C)C)([O-])=O)[C@@](O)([H])CCCCCCCCCCCCCCC","","24846880","HMDB0012091","","44260132",0,0,0,0,TRUE,TRUE,FALSE,TRUE
"sphingomyelin (d18:0/18:0, d19:0/17:0)*","Method 2","JCELSEVNSMXGKA-IOLBBIBUSA-N","[H][C@](NC(CCCCCCCCCCCCCCCCC)=O)(COP(OCC[N+](C)(C)C)([O-])=O)[C@@](O)([H])CCCCCCCCCCCCCCC","","24846878","HMDB0012087","","44260130",0,0,0,0,TRUE,TRUE,FALSE,TRUE
"N-palmitoyl-sphinganine (d18:0/16:0)","Method 2","GCGTXOVNNFGTPQ-JHOUSYSJSA-N","[H][C@](NC(CCCCCCCCCCCCCCC)=O)(CO)[C@@](O)([H])CCCCCCCCCCCCCCC","5966-29-0","4446685","HMDB11760","","5283572",0,0,0,0,TRUE,TRUE,FALSE,TRUE
"lactosyl-N-palmitoyl-sphingosine (d18:1/16:0)","Method 2","HLIJNIKSBCIDGO-QKLMXXKVSA-N","O=C(CCCCCCCCCCCCCCC)N[C@@]([C@]([H])(O)/C=C/CCCCCCCCCCCCC)([H])CO[C@H](O1)[C@H](O)[C@@H](O)[C@@H]([C@H]1CO)O[C@H](O2)[C@H](O)[C@@H](O)[C@H]([C@H]2CO)O","4201-62-1","","HMDB0006750","","53477895",0,0,0,0,TRUE,TRUE,FALSE,TRUE
"cetirizine","Method 2","ZKLPARSLTMPFCP-UHFFFAOYSA-N","ClC1=CC=C(C=C1)C(C2=CC=CC=C2)N3CCN(CCOCC(O)=O)CC3","83881-51-0","2577","HMDB0005032","C07778","2678",531,0.867647058823529,0,0,TRUE,TRUE,TRUE,TRUE
"myristoyl dihydrosphingomyelin (d18:0/14:0)*","Method 2","MJAFYELZQYPMQG-MPQUPPDSSA-N","[H][C@](NC(CCCCCCCCCCCCC)=O)(COP(OCC[N+](C)(C)C)([O-])=O)[C@@](O)([H])CCCCCCCCCCCCCCC","","24846886","HMDB0012085","","44260138",0,0,0,0,TRUE,TRUE,FALSE,TRUE
"5-hydroxyindole sulfate","Method 3","YJRFFCVUYDRNTR-UHFFFAOYSA-N","OS(OC1=CC=C2C(C=CN2)=C1)(=O)=O","","","","","",237,0.387254901960784,0,0,TRUE,FALSE,FALSE,TRUE
"7-hydroxyindole sulfate","Method 3","YBMPUGDWCSVZRS-UHFFFAOYSA-N","O=S(OC1=C2C(C=CN2)=CC=C1)(O)=O","","","","","",370,0.604575163398693,0,0,TRUE,FALSE,FALSE,TRUE
"phenylacetylglutamate","Method 3","PTSRBZOZSRJCKX-JTQLQIEISA-N","O=C(N[C@H](C(O)=O)CCC(O)=O)CC1=CC=CC=C1","","9754592","HMDB0059772","","11579826",169,0.276143790849673,0,0,TRUE,TRUE,FALSE,TRUE
"palmitoyl-linoleoyl-glycerol (16:0/18:2) [2]*","Method 2","ZKYDYRLDJZZKEU-BCTRXSSUSA-N","CCCCCCCCCCCCCCCC(OCC(O)COC(CCCCCCC/C=C\C/C=C\CCCCC)=O)=O","","","HMDB0007103","","131801744",180,0.294117647058824,0,0,TRUE,TRUE,FALSE,TRUE
"1-palmitoyl-2-oleoyl-GPI (16:0/18:1)*","Method 2","PDLAMJKMOKWLAJ-KTBSNPQYSA-N","O=C(CCCCCCCCCCCCCCC)OC[C@@]([H])(OC(CCCCCCC/C=C\CCCCCCCC)=O)COP(O[C@H]1[C@H](O)[C@@H](O)[C@H](O)[C@@H](O)[C@H]1O)(O)=O","","24767668","HMDB0009783","","71296232",0,0,0,0,TRUE,TRUE,FALSE,TRUE
"1-(1-enyl-palmitoyl)-2-linoleoyl-GPE (P-16:0/18:2)*","Method 2","LJVXDBWIBQQKFU-CCJYEBHUSA-N","[H][C@](OC(CCCCCCC/C=C\C/C=C\CCCCC)=O)(COP(OCCN)(O)=O)CO/C=C\CCCCCCCCCCCCCC","","24769229","HMDB0011343","","52925127",0,0,0,0,TRUE,TRUE,FALSE,TRUE
"1-palmitoleoyl-2-linoleoyl-GPC (16:1/18:2)*","Method 2","QJWDAOSZZYVBJZ-KXESGEQTSA-N","O=C(CCCCCCC/C=C\CCCCCC)OC[C@]([H])(COP(OCC[N+](C)(C)C)([O-])=O)OC(CCCCCCC/C=C\C/C=C\CCCCC)=O","","24766675","HMDB0008006","","24778768",71,0.116013071895425,0,0,TRUE,TRUE,FALSE,TRUE
"1-oleoyl-2-linoleoyl-GPE (18:1/18:2)*","Method 2","GKAFCSRKMWFPSJ-RJXNKANHSA-N","O=C(CCCCCCC/C=C\CCCCCCCC)OC[C@]([H])(COP(OCCN)(O)=O)OC(CCCCCCC/C=C\C/C=C\CCCCC)=O","","7825703","HMDB0005349","","9546753",4,0.0065359477124183,0,0,TRUE,TRUE,FALSE,TRUE
"1-linoleoyl-GPA (18:2)*","Method 3","ZQTAMPRZFOOEEP-KKFOGOCZSA-N","O=C(CCCCCCC/C=C\C/C=C\CCCCC)OC[C@]([H])(COP(O)(O)=O)O","","24766514","HMDB0007856","","",1,0.00163398692810458,0,0,TRUE,TRUE,FALSE,TRUE
"1-oleoyl-2-docosahexaenoyl-GPC (18:1/22:6)*","Method 2","FPEVDFOXMCHLKL-KFDYCXSYSA-N","O=C(CCCCCCC/C=C\CCCCCCCC)OC[C@]([H])(COP(OCC[N+](C)(C)C)([O-])=O)OC(CC/C=C\C/C=C\C/C=C\C/C=C\C/C=C\C/C=C\CC)=O","","24766785","HMDB0008123","","24778955",0,0,0,0,TRUE,TRUE,FALSE,TRUE
"1-linoleoyl-2-arachidonoyl-GPC (18:2/20:4n6)*","Method 2","ZZSZQATYGVHNLZ-PUMLCSCDSA-N","O=C(CCCCCCC/C=C\C/C=C\CCCCC)OC[C@]([H])(COP(OCC[N+](C)(C)C)([O-])=O)OC(CCC/C=C\C/C=C\C/C=C\C/C=C\CCCCC)=O","","24766809","HMDB0008147","C05208","24778979",0,0,0,0,TRUE,TRUE,TRUE,TRUE
"1-myristoyl-2-arachidonoyl-GPC (14:0/20:4)*","Method 2","SRQSAJRUMDQMMS-NLDJLLEISA-N","O=C(CCCCCCCCCCCCC)OC[C@]([H])(COP(OCC[N+](C)(C)C)([O-])=O)OC(CCC/C=C\C/C=C\C/C=C\C/C=C\CCCCC)=O","","24766559","HMDB0007883","","24778634",2,0.00326797385620915,0,0,TRUE,TRUE,FALSE,TRUE
"1-(1-enyl-palmitoyl)-2-palmitoleoyl-GPC (P-16:0/16:1)*","Method 2","FZMYLOBGNYZPQO-QLSONYGBSA-N","[H][C@](OC(CCCCCCC/C=C\CCCCCC)=O)(COP(OCC[N+](C)(C)C)([O-])=O)CO/C=C\CCCCCCCCCCCCCC","","24767482","HMDB0011207","","52923882",0,0,0,0,TRUE,TRUE,FALSE,TRUE
"1-(1-enyl-palmitoyl)-2-palmitoyl-GPC (P-16:0/16:0)*","Method 2","PEWXKAOBUSBJLD-MCBGMKGZSA-N","[H][C@](OC(CCCCCCCCCCCCCCC)=O)(COP(OCC[N+](C)(C)C)([O-])=O)CO/C=C\CCCCCCCCCCCCCC","","9322076","HMDB0011206","","11146967",0,0,0,0,TRUE,TRUE,FALSE,TRUE
"1-stearoyl-2-oleoyl-GPI (18:0/18:1)*","Method 2","YOBFISPJJWPPTK-BAAZTTAESA-N","O=C(CCCCCCCCCCCCCCCCC)OC[C@@]([H])(OC(CCCCCCC/C=C\CCCCCCCC)=O)COP(O[C@H]1[C@H](O)[C@@H](O)[C@H](O)[C@@H](O)[C@H]1O)(O)=O","","","HMDB0240667","","",0,0,0,0,TRUE,TRUE,FALSE,TRUE
"1,2-dipalmitoyl-GPE (16:0/16:0)*","Method 2","SLKDGVPOSSLUAI-PGUFJCEWSA-N","O=C(CCCCCCCCCCCCCCC)OC[C@]([H])(COP(OCCN)(O)=O)OC(CCCCCCCCCCCCCCC)=O","","393103","HMDB0008923","","445468",251,0.410130718954248,0,0,TRUE,TRUE,FALSE,TRUE
"1,2-dilinoleoyl-GPE (18:2/18:2)*","Method 2","SSCDRSKJTAQNNB-DWEQTYCFSA-N","O=C(CCCCCCC/C=C\C/C=C\CCCCC)OC[C@]([H])(COP(OCCN)(O)=O)OC(CCCCCCC/C=C\C/C=C\CCCCC)=O","","7825762","HMDB0009093","","9546812",75,0.122549019607843,0,0,TRUE,TRUE,FALSE,TRUE
"1-oleoyl-2-arachidonoyl-GPE (18:1/20:4)*","Method 2","PECSWFQRRFRZPW-BHPGJWMBSA-N","O=C(CCCCCCC/C=C\CCCCCCCC)OC[C@]([H])(COP(OCCN)(O)=O)OC(CCC/C=C\C/C=C\C/C=C\C/C=C\CCCCC)=O","","24768534","HMDB0009069","","348281223",79,0.129084967320261,0,0,TRUE,TRUE,FALSE,TRUE
"1-linoleoyl-2-arachidonoyl-GPE (18:2/20:4)*","Method 2","LFGBKOUQHCWBQI-BZGLIJSBSA-N","O=C(CCCCCCC/C=C\C/C=C\CCCCC)OC[C@]([H])(COP(OCCN)(O)=O)OC(CCC/C=C\C/C=C\C/C=C\C/C=C\CCCCC)=O","","24768565","HMDB0009102","","348279332",125,0.204248366013072,0,0,TRUE,TRUE,FALSE,TRUE
"1-(1-enyl-stearoyl)-2-linoleoyl-GPE (P-18:0/18:2)*","Method 2","XVXISDREVDGQPX-PISDLAQISA-N","[H][C@](OC(CCCCCCC/C=C\C/C=C\CCCCC)=O)(COP(OCCN)(O)=O)CO/C=C\CCCCCCCCCCCCCCCC","","24769261","HMDB0011376","","",0,0,0,0,TRUE,TRUE,FALSE,TRUE
"1-linoleoyl-GPG (18:2)*","Method 3","VEEHTGYBVMTAAF-RFFZIGDUSA-N","[H][C@@](CO)(O)COP(OC[C@]([H])(O)COC(CCCCCCC/C=C\C/C=C\CCCCC)=O)(O)=O","","","HMDB0240600","","",0,0,0,0,TRUE,TRUE,FALSE,TRUE
"gamma-glutamylserine","Method 1","SQBNIUOYNOKDTI-WHFBIAKZSA-N","OC([C@H](CO)NC(CC[C@H](N)C(O)=O)=O)=O","5875-35-4","18691889","HMDB0029158","","22844748",2,0.00326797385620915,0,0,TRUE,TRUE,FALSE,TRUE
"thioproline","Method 1","DZLNHFMRPBPULJ-VKHMYHEASA-N","O=C(O)[C@]1(NCSC1)[H]","34592-47-4","84120","HMDB0062164","","93176",0,0,0,0,TRUE,TRUE,FALSE,TRUE
"palmitoylcholine","Method 2","UFQZDKMTMXCDBP-UHFFFAOYSA-N","C[N+](C)(C)CCOC(CCCCCCCCCCCCCC[CH2-])=O","","133731","HMDB0240592","","151731",1,0.00163398692810458,0,0,TRUE,TRUE,FALSE,TRUE
"2-methylserine","Method 1","CDUUKBXTEOFITR-UHFFFAOYSA-N","OCC(N)(C)C(O)=O","","85112","","C02115","94309",28,0.0457516339869281,0,0,TRUE,FALSE,TRUE,TRUE
"mycophenolic acid","Method 3","HPNSFSBZBAHARI-RUDMXATFSA-N","Cc1c(OC)c(C/C=C(CCC(O)=O)\C)c(O)c2c1COC2=O","24280-93-1","393865","HMDB0015159","C20380","446541",592,0.967320261437909,0,0,TRUE,TRUE,TRUE,TRUE
"mycophenolic acid glucuronide","Method 3","BYFGTSAYQQIUCN-HGIHDBQLSA-N","O[C@H]([C@@H](O)[C@@H]1O)[C@@H](O[C@@H]1C(O)=O)OC(C(C2=O)=C(CO2)C(C)=C3OC)=C3C/C=C(C)/CCC(O)=O","","4946725","HMDB0060634","","6442661",592,0.967320261437909,0,0,TRUE,TRUE,FALSE,TRUE
"glycocholate glucuronide (1)","Method 3","BWWWIHHYPYDOJQ-ICKMJTCPSA-N","O[C@H]1CC2[C@]3(CC[C@H](CC3C[C@H](C2C4CCC([C@@]14C)[C@@H](CCC(NCC(O)=O)=O)C)O)OC5C(C(C(C(O5)C(O)=O)O)O)O)C","","","","","44263357",266,0.434640522875817,0,0,TRUE,FALSE,FALSE,TRUE
"glycochenodeoxycholate glucuronide (1)","Method 3","ABFZMYIIUREPLL-ASWJIRIHSA-N","O[C@H]1[C@@]2([C@@]([H])([C@]3(CC[C@H](C[C@]3(C1)[H])O[C@H]4[C@@H]([C@H]([C@@H]([C@H](O4)C(O)=O)O)O)O)C)CC[C@]5([C@]2(CC[C@@H]5[C@@H](CCC(NCC(O)=O)=O)C)[H])C)[H]","","","HMDB0002579","","44263370",0,0,0,0,TRUE,TRUE,FALSE,TRUE
"(S)-3-hydroxybutyrylcarnitine","Method 1","UEFRDQSMQXDWTO-UHFFFAOYSA-N","CC(O)CC(OC(C[N+](C)(C)C)CC([O-])=O)=O","","","HMDB0013127","","71464477",0,0,0,0,TRUE,TRUE,FALSE,TRUE
"glycosyl-N-palmitoyl-sphingosine (d18:1/16:0)","Method 2","VJLLLMIZEJJZTE-NNTBDIJYSA-N","[H][C@](O)([C@@](NC(CCCCCCCCCCCCCCC)=O)(CO[C@@H]1O[C@H](CO)[C@@H](O)[C@H](O)[C@H]1O)[H])/C=C/CCCCCCCCCCCCC","","","","","",0,0,0,0,TRUE,FALSE,FALSE,TRUE
"methylsuccinoylcarnitine","Method 1","GFWWWKVGRZVWDS-UHFFFAOYSA-N","[O-]C(CC(C[N+](C)(C)C)OC(CC(C(O)=O)C)=O)=O","","","","","",7,0.011437908496732,0,0,TRUE,FALSE,FALSE,TRUE
"14-HDoHE/17-HDoHE","Method 3","ZNEBXONKCYFJAF-BGKMTWLOSA-N","OC(CC/C=C\C/C=C\C/C=C\C=C\C(C/C=C\C/C=C\CC)O)=O","","","HMDB0060044,HMDB0010213","","643,917,911,566,378",311,0.508169934640523,0,0,TRUE,TRUE,FALSE,TRUE
"catechol glucuronide","Method 3","ICPYZFZFSLTYID-GOVZDWNOSA-N","O[C@H]([C@@H](O)[C@@H]1O)[C@@H](O[C@@H]1C(O)=O)OC(C=CC=C2)=C2O","","","HMDB0240490","","75124209",390,0.637254901960784,0,0,TRUE,TRUE,FALSE,TRUE
"sulfamethoxazole","Method 1","JLKIGFTWXXRPMT-UHFFFAOYSA-N","O=S(NC1=NOC(C)=C1)(C(C=C2)=CC=C2N)=O","","5138","HMDB0015150","D00447","5329",597,0.975490196078431,0,0,TRUE,TRUE,TRUE,TRUE
"ascorbic acid 2-sulfate","Method 4","SKKZOYBAANIUOV-ZAFYKAAXSA-N","O[C@@H](CO)[C@@](C1=O)([H])OC(O)=C1OS(O)(=O)=O","","77998","HMDB0060649","","54676864",0,0,0,0,TRUE,TRUE,FALSE,TRUE
"oleoylcholine","Method 2","GFSSJDJAEKYAGX-UHFFFAOYSA-N","O=C(CCCCCCC/[C-]=C/CCCCCCCC)OCC[N+](C)(C)C","","","HMDB0240596","","59040790",7,0.011437908496732,0,0,TRUE,TRUE,FALSE,TRUE
"arachidonoylcholine","Method 2","XUWOVXDQNYUPNL-WYTUUNCASA-N","O=C(CCC/[C-]=C/C/C=C/C/C=C/C/C=C/CCCCC)OCC[N+](C)(C)C","","","HMDB0240583","","122198216",10,0.0163398692810458,0,0,TRUE,TRUE,FALSE,TRUE
"docosahexaenoylcholine","Method 2","OKLWSURGMYZXCS-GUTOPQIJSA-N","O=C(CC/C=[C-]/C/C=C/C/C=C/C/C=C/C/C=C/C/C=C/CC)OCC[N+](C)(C)C","","","HMDB0240647","","",111,0.181372549019608,0,0,TRUE,TRUE,FALSE,TRUE
"palmitoloelycholine","Method 2","CLIZBTUFRKKPFA-UHFFFAOYSA-N","O=C(CCCCCCC/[C-]=C/CCCCCC)OCC[N+](C)(C)C","","","HMDB0013208","","",143,0.233660130718954,0,0,TRUE,TRUE,FALSE,TRUE
"dihomo-linolenoyl-choline","Method 2","FRBBZHFNTVMXIH-OKLKQMLOSA-N","O=C(CCCCCC/C=[C-]/C/C=C/C/C=C/CCCCC)OCC[N+](C)(C)C","","","HMDB0240646","","",39,0.0637254901960784,0,0,TRUE,TRUE,FALSE,TRUE
"eicosapentaenoylcholine","Method 2","AVBRNEQAXKXDAZ-CGRWFSSPSA-N","O=C(CCC/[C-]=C/C/C=C/C/C=C/C/C=C/C/C=C/CC)OCC[N+](C)(C)C","","","","","",397,0.648692810457516,0,0,TRUE,FALSE,FALSE,TRUE
"caffeic acid sulfate","Method 4","SNVAIAITQIIEMQ-DUXPYHPUSA-N","OS(OC1=CC=C(C=C1O)/C=C/C(O)=O)(=O)=O","","30777608","HMDB0041708","","21668705",167,0.272875816993464,0,0,TRUE,TRUE,FALSE,TRUE
"1-linoleoyl-2-linolenoyl-GPC (18:2/18:3)*","Method 2","HZGAVPNEGHQJID-UNBCHYIMSA-N","O=C(CCCCCCC/C=C\C/C=C\CCCCC)OC[C@]([H])(COP(OCC[N+](C)(C)C)([O-])=O)OC(CCCCCCC/C=C\C/C=C\C/C=C\CC)=O","","24766802","HMDB0008141","","52922731",2,0.00326797385620915,0,0,TRUE,TRUE,FALSE,TRUE
"1-palmitoleoyl-2-linolenoyl-GPC (16:1/18:3)*","Method 2","MMUCLZZSNHBNFL-KBTBXKTRSA-N","O=C(CCCCCCC/C=C\CCCCCC)OC[C@]([H])(COP(OCC[N+](C)(C)C)([O-])=O)OC(CCCCCCC/C=C\C/C=C\C/C=C\CC)=O","","24766677","HMDB0008008","","52922452",12,0.0196078431372549,0,0,TRUE,TRUE,FALSE,TRUE
"hexadecadienoate (16:2n6)","Method 3","WPJGPAAPSBVXNU-HZJYTTRNSA-N","CCCCC/C=C\C/C=C\CCCCCC(O)=O","28290-73-5","13628094","HMDB0000477","","13932172",8,0.0130718954248366,0,0,TRUE,TRUE,FALSE,TRUE
"palmitoleoylcarnitine (C16:1)*","Method 2","JFAGPSOZZSTLRF-KHPPLWFESA-N","O=C(OC(CC([O-])=O)C[N+](C)(C)C)CCCCCCC/C=C\CCCCCC","","28639183","HMDB0013207","","71464547",0,0,0,0,TRUE,TRUE,FALSE,TRUE
"pimeloylcarnitine/3-methyladipoylcarnitine (C7-DC)","Method 1","NTBUXPPQHCFLOM-UHFFFAOYSA-N","[O-]C(CC(C[N+](C)(C)C)OC(CCCCCC(O)=O)=O)=O","","","","","",59,0.0964052287581699,0,0,TRUE,FALSE,FALSE,TRUE
"4-acetamidobenzoate","Method 3","QCXJEYYXVJIFCE-UHFFFAOYSA-N","CC(NC1=CC=C(C(O)=O)C=C1)=O","556-08-1","18177","","D03836","6918889",508,0.830065359477124,0,0,TRUE,FALSE,TRUE,TRUE
"4-hydroxyphenylacetylglutamine","Method 3","NNBITIFYUGRBJL-JTQLQIEISA-N","O=C(N[C@@H](CCC(N)=O)C(O)=O)CC(C=C1)=CC=C1O","","","","","",9,0.0147058823529412,0,0,TRUE,FALSE,FALSE,TRUE
"2,3-dihydroxy-2-methylbutyrate","Method 3","AOWPAWLEXIYETE-UHFFFAOYSA-N","OC(C)(C(O)=O)C(C)O","14868-24-7","266858","HMDB0029576","","301941",16,0.0261437908496732,0,0,TRUE,TRUE,FALSE,TRUE
"4-aminophenol sulfate (2)","Method 3","DJEGXIBXYHERSU-UHFFFAOYSA-N","NC1=CC=C(OS(O)(=O)=O)C=C1","","","","","",540,0.882352941176471,0,0,TRUE,FALSE,FALSE,TRUE
"2'-O-methylcytidine","Method 1","RFCQJGFZUQFYRF-ZOQUXTDFSA-N","O=C1N(C=CC(N)=N1)[C@@H]([C@H](OC)[C@@H]2O)O[C@@H]2CO","2140-72-9","133067","","","150971",15,0.0245098039215686,0,0,TRUE,FALSE,FALSE,TRUE
"2'-O-methyluridine","Method 3","SXUXMRMBWZCMEN-ZOQUXTDFSA-N","CO[C@@H]1[C@@H]([C@H](O[C@H]1N2C=CC(NC2=O)=O)CO)O","2140-76-3","92343","HMDB0240328","","102212",18,0.0294117647058824,0,0,TRUE,TRUE,FALSE,TRUE
"naringenin 7-glucuronide","Method 3","BDCRTIDKZGEVEN-UHFFFAOYSA-N","O=C1C2=C(O)C=C(OC3C(O)C(O)C(O)C(C(O)=O)O3)C=C2OC(C4=CC=C(O)C=C4)C1","","","","","",425,0.694444444444444,0,0,TRUE,FALSE,FALSE,TRUE
"gamma-glutamyl-alpha-lysine","Method 1","LNLLNTMHVMIMOG-YUMQZZPRSA-N","O=C(N[C@@H](CCCCN)C(O)=O)CC[C@H](N)C(O)=O","","58747","","","65254",0,0,0,0,TRUE,FALSE,FALSE,TRUE
"ferulylglycine (1)","Method 3","CLGNQAIRBLDHIN-HWKANZROSA-N","OC1=CC=C(C=C1OC)/C=C/C(NCC(O)=O)=O","","","","","",289,0.472222222222222,0,0,TRUE,FALSE,FALSE,TRUE
"ferulylglycine (2)","Method 3","CLGNQAIRBLDHIN-HWKANZROSA-N","OC1=CC=C(/C=C/C(NCC(O)=O)=O)C=C1OC","","","","","",418,0.683006535947712,0,0,TRUE,FALSE,FALSE,TRUE
"palmitoyl-oleoyl-glycerol (16:0/18:1) [2]*","Method 2","YEJYLHKQOBOSCP-OZKTZCCCSA-N","CCCCCCCC/C=C\CCCCCCCC(O[C@@H](CO)COC(CCCCCCCCCCCCCCC)=O)=O","","","HMDB0007102","C13861","5282283",363,0.593137254901961,0,0,TRUE,TRUE,TRUE,TRUE
"oleoyl-oleoyl-glycerol (18:1/18:1) [1]*","Method 2","AFSHUZFNMVJNKX-CLFAGFIQSA-N","OCC(OC(CCCCCCC/C=C\CCCCCCCC)=O)COC(CCCCCCC/C=C\CCCCCCCC)=O","","","HMDB0007218","","9543716",172,0.281045751633987,0,0,TRUE,TRUE,FALSE,TRUE
"oleoyl-oleoyl-glycerol (18:1/18:1) [2]*","Method 2","AFSHUZFNMVJNKX-CLFAGFIQSA-N","OCC(OC(CCCCCCC/C=C\CCCCCCCC)=O)COC(CCCCCCC/C=C\CCCCCCCC)=O","","","HMDB0007218","","9543716",224,0.366013071895425,0,0,TRUE,TRUE,FALSE,TRUE
"linoleoyl-arachidonoyl-glycerol (18:2/20:4) [1]*","Method 2","KRECEGQUDDMNAQ-MYBRWWDOSA-N","OC[C@](OC(CCC/C=C\C/C=C\C/C=C\C/C=C\CCCCC)=O)(COC(CCCCCCC/C=C\C/C=C\CCCCC)=O)[H]","","","HMDB0007257","","9543796",114,0.186274509803922,0,0,TRUE,TRUE,FALSE,TRUE
"linoleoyl-arachidonoyl-glycerol (18:2/20:4) [2]*","Method 2","KRECEGQUDDMNAQ-MYBRWWDOSA-N","OC[C@](COC(CCCCCCC/C=C\C/C=C\CCCCC)=O)([H])OC(CCC/C=C\C/C=C\C/C=C\C/C=C\CCCCC)=O","","","HMDB0007257","","9543796",72,0.117647058823529,0,0,TRUE,TRUE,FALSE,TRUE
"linoleoyl-linolenoyl-glycerol (18:2/18:3) [2]*","Method 2","ZDBLXLQFRZTIIU-ZPNZQGKLSA-N","OC[C@](COC(CCCCCCC/C=C\C/C=C\CCCCC)=O)([H])OC(CCCC/C=C/C/C=C\C/C=C\CCCCC)=O","","","HMDB0007250","","9543737",401,0.655228758169935,0,0,TRUE,TRUE,FALSE,TRUE
"linoleoyl-docosahexaenoyl-glycerol (18:2/22:6) [1]*","Method 2","GPMAAGRGFWBOSO-KLJRXRINSA-N","CCCCC/C=C/C/C=C/CCCCCCCC(OCC(OC(CC/C=C/C/C=C/C/C=C/C/C=C/C/C=C/C/C=C/CC)=O)CO)=O","","","HMDB0007266","","9543899",363,0.593137254901961,0,0,TRUE,TRUE,FALSE,TRUE
"linoleoyl-docosahexaenoyl-glycerol (18:2/22:6) [2]*","Method 2","GPMAAGRGFWBOSO-KLJRXRINSA-N","CCCCC/C=C/C/C=C/CCCCCCCC(OCC(CO)OC(CC/C=C/C/C=C/C/C=C/C/C=C/C/C=C/C/C=C/CC)=O)=O","","","HMDB0007266","","9543899",414,0.676470588235294,0,0,TRUE,TRUE,FALSE,TRUE
"palmitoleoyl-linoleoyl-glycerol (16:1/18:2) [1]*","Method 2","BHGPPCIWDXQOMA-HZFIRFLSSA-N","CCCCCC/C=C/CCCCCCCC(OCC(OC(CCCCCCC/C=C/C/C=C/CCCCC)=O)CO)=O","","","HMDB0007132","","9543699",301,0.491830065359477,0,0,TRUE,TRUE,FALSE,TRUE
"oleoyl-arachidonoyl-glycerol (18:1/20:4) [1]*","Method 2","LWXLWRXRJKMNLM-XBUMEPTLSA-N","CCCCCCCC/C=C/CCCCCCCC(OCC(OC(CCC/C=C/C/C=C/C/C=C/C/C=C/CCCCC)=O)CO)=O","","","HMDB0007228","","9543786",132,0.215686274509804,0,0,TRUE,TRUE,FALSE,TRUE
"oleoyl-arachidonoyl-glycerol (18:1/20:4) [2]*","Method 2","LWXLWRXRJKMNLM-XBUMEPTLSA-N","CCCCCCCC/C=C/CCCCCCCC(OCC(OC(CCC/C=C/C/C=C/C/C=C/C/C=C/CCCCC)=O)CO)=O","","","HMDB0007228","","9543786",124,0.202614379084967,0,0,TRUE,TRUE,FALSE,TRUE
"diacylglycerol (16:1/18:2 [2], 16:0/18:3 [1])*","Method 2","BHGPPCIWDXQOMA-HZFIRFLSSA-N","CCCCCC/C=C/CCCCCCCC(OCC(OC(CCCCCCC/C=C/C/C=C/CCCCC)=O)CO)=O","","","","","",172,0.281045751633987,0,0,TRUE,FALSE,FALSE,TRUE
"linoleoyl-linoleoyl-glycerol (18:2/18:2) [1]*","Method 2","MQGBAQLIFKSMEM-WVZYQCMWSA-N","CCCCC/C=C/C/C=C/CCCCCCCC(OCC(OC(CCCCCCC/C=C/C/C=C/CCCCC)=O)CO)=O","","","HMDB0007248","","9543729",36,0.0588235294117647,0,0,TRUE,TRUE,FALSE,TRUE
"perfluorooctanesulfonate (PFOS)","Method 4","YFSUTJLHUFNCNZ-UHFFFAOYSA-N","O=S(C(F)(F)C(F)(F)C(F)(F)C(F)(F)C(F)(F)C(F)(F)C(F)(F)C(F)(F)F)(O)=O","1763-23-1","67068","HMDB0059586","C18142","74483",7,0.011437908496732,0,0,TRUE,TRUE,TRUE,TRUE
"N-palmitoyl-sphingadienine (d18:2/16:0)*","Method 2","XXWRZIYYFPIQHE-XPAOSYCESA-N","[H][C@](NC(CCCCCCCCCCCCCCC)=O)(CO)[C@@](O)([H])/C=C/CCCCCCCC/C=C\CCC","","","HMDB0240686","","",15,0.0245098039215686,0,0,TRUE,TRUE,FALSE,TRUE
"palmitoyl-docosahexaenoyl-glycerol (16:0/22:6) [1]*","Method 2","BXVYQJJBMVVALQ-UNMZRDIWSA-N","CCCCCCCCCCCCCCCC(OCC(OC(CC/C=C/C/C=C/C/C=C/C/C=C/C/C=C/C/C=C/CC)=O)CO)=O","","","HMDB0007121","","9543827",420,0.686274509803922,0,0,TRUE,TRUE,FALSE,TRUE
"lactosyl-N-nervonoyl-sphingosine (d18:1/24:1)*","Method 2","MKOKWBRPIBQYJJ-WZBOJYASSA-N","[H][C@](NC(CCCCCCCCCCCCC/C=C\CCCCCCCC)=O)(CO[C@H]1[C@H](O)[C@@H](O)[C@H](O[C@H]2[C@H](O)[C@@H](O)[C@@H](O)[C@H](O2)CO)[C@H](O1)CO)[C@@](O)([H])/C=C/CCCCCCCCCCCCC","","24846896","HMDB0004872","","",0,0,0,0,TRUE,TRUE,FALSE,TRUE
"lactosyl-N-behenoyl-sphingosine (d18:1/22:0)*","Method 2","QYWVASPEUXEHSY-NNRNTGNWSA-N","[H][C@](NC(CCCCCCCCCCCCCCCCCCCCC)=O)(CO[C@H]1[C@H](O)[C@@H](O)[C@H](O[C@H]2[C@H](O)[C@@H](O)[C@@H](O)[C@H](O2)CO)[C@H](O1)CO)[C@@](O)([H])/C=C/CCCCCCCCCCCCC","","24846893","HMDB0011594","","44260143",0,0,0,0,TRUE,TRUE,FALSE,TRUE
"N-behenoyl-sphingadienine (d18:2/22:0)*","Method 2","HILTUFAERVOALR-MQXYEJFFSA-N","[H][C@](NC(CCCCCCCCCCCCCCCCCCCCC)=O)(CO)[C@@](O)([H])/C=C/CCCCCCCC/C=C\CCC","","","","","",8,0.0130718954248366,0,0,TRUE,FALSE,FALSE,TRUE
"glycosyl-N-behenoyl-sphingadienine (d18:2/22:0)*","Method 2","BZVOAOVDSULRAB-NUBHLNQHSA-N","[H][C@](NC(CCCCCCCCCCCCCCCCCCCCC)=O)(CO[C@H]1[C@H](O)[C@@H](O)[C@@H](O)[C@@H](CO)O1)[C@@](O)([H])/C=C/CCCCCCCC/C=C\CCC","","","","","",0,0,0,0,TRUE,FALSE,FALSE,TRUE
"N-stearoyl-sphingadienine (d18:2/18:0)*","Method 2","LBBFOWQGVUEADU-CKGMUTLASA-N","CCCCCCCCCCCCCCCCCC(NC(C(O)/C=C/CCCCCCCC/C=C/CCC)CO)=O","","","HMDB0240362","","132282053",128,0.209150326797386,0,0,TRUE,TRUE,FALSE,TRUE
"2-hydroxybehenate","Method 3","RPGJJWLCCOPDAZ-UHFFFAOYSA-N","CCCCCCCCCCCCCCCCCCCCC(O)C(O)=O","","167899","HMDB0061660","","193484",16,0.0261437908496732,0,0,TRUE,TRUE,FALSE,TRUE
"2-hydroxynervonate*","Method 3","UFOOFOUFKSIFCD-KTKRTIGZSA-N","OC(C(O)=O)CCCCCCCCCCCC/C=C\CCCCCCCC","","4472208","","","5312783",26,0.042483660130719,0,0,TRUE,FALSE,FALSE,TRUE
"N-palmitoylserine","Method 3","BFVRFWIQTACAPT-KRWDZBQOSA-N","O=C(CCCCCCCCCCCCCCC)N([H])[C@H](C(O)=O)CO","58725-46-5,474943-14-1","4956046","","","6453686",84,0.137254901960784,0,0,TRUE,FALSE,FALSE,TRUE
"N-oleoylserine","Method 3","MBDKGXAMSZIDKF-KTKRTIGZSA-N","CCCCCCCC/C=C\CCCCCCCC(NC(C(O)=O)CO)=O","","21466990","","","44190514",0,0,0,0,TRUE,FALSE,FALSE,TRUE
"sphingadienine","Method 2","KWDXKYNWAKMLKK-YQMRQDNGSA-N","OC(/C=C/CCCCCCCC/C=C\CCC)C(CO)N([H])[H]","25696-03-1","4952479","","","6449795",108,0.176470588235294,0,0,TRUE,FALSE,FALSE,TRUE
"glycerophosphoserine*","Method 1","ZWZWYGMENQVNFU-AKGZTFGVSA-N","OC([C@@H](N)COP(OCC(CO)O)(O)=O)=O","","2339060","","","3081457",51,0.0833333333333333,0,0,TRUE,FALSE,FALSE,TRUE
"myristoyl-linoleoyl-glycerol (14:0/18:2) [1]*","Method 2","AMBUOMWGQGABQI-BIXSNLIQSA-N","OCC(OC(CCCCCCCCCCCCC)=O)COC(CCCCCCC/C=C\C/C=C\CCCCC)=O","","","HMDB0007016","","14275352",480,0.784313725490196,0,0,TRUE,TRUE,FALSE,TRUE
"ceramide (d16:1/24:1, d18:1/22:1)*","Method 2","ODRVSCJZSDNQBP-LMGPGFSZSA-N","OC(/C=C/CCCCCCCCCCC)C(CO)NC(CCCCCCCCCCCCC/C=C\CCCCCCCC)=O","","","","","",30,0.0490196078431373,0,0,TRUE,FALSE,FALSE,TRUE
"N-palmitoyl-heptadecasphingosine (d17:1/16:0)*","Method 2","KXVLPPCAUYSNGY-BYCLXTJYSA-N","OC(/C=C/CCCCCCCCCCCC)C(CO)NC(CCCCCCCCCCCCCCC)=O","","","HMDB0240685","","",2,0.00326797385620915,0,0,TRUE,TRUE,FALSE,TRUE
"ceramide (d18:1/14:0, d16:1/16:0)*","Method 2","ZKRPGPZHULJLKJ-IMVLJIQESA-N","OC(/C=C/CCCCCCCCCCCCC)C(CO)NC(CCCCCCCCCCCCC)=O","","","HMDB0240681,HMDB0011773","","",55,0.0898692810457516,0,0,TRUE,TRUE,FALSE,TRUE
"ceramide (d18:1/17:0, d17:1/18:0)*","Method 2","ICWGMOFDULMCFL-SJCQXOIGSA-N","OC(/C=C/CCCCCCCCCCCCC)C(CO)NC(CCCCCCCCCCCCCCCC)=O","","","HMDB0240683,HMDB0240678","","",109,0.178104575163399,0,0,TRUE,TRUE,FALSE,TRUE
"ceramide (d18:2/24:1, d18:1/24:2)*","Method 2","QMVWGDBKESWTON-OQKRWUNJSA-N","CCCCCCCCCCCCC/C=C/C(O)C(NC(CCC/C=C/CC/C=C/CCCCCCCCCCCCCC)=O)CO","","","HMDB0240679,HMDB0240680","","",5,0.00816993464052288,0,0,TRUE,TRUE,FALSE,TRUE
"glycosyl ceramide (d18:2/24:1, d18:1/24:2)*","Method 2","WYTRSDHGWSSQLK-PCKKJQKNSA-N","OC(/C=C/CCCCCCCC/C=C\CCC)C(COC1C(O)C(O)C(O)C(CO)O1)NC(CCCCCCCCCCCCC/C=C\CCCCCCCC)=O","","","","","",0,0,0,0,TRUE,FALSE,FALSE,TRUE
"glycosyl-N-tricosanoyl-sphingadienine (d18:2/23:0)*","Method 2","WKJGTBSWYQRTEJ-PBFIFAMQSA-N","[H][C@](NC(CCCCCCCCCCCCCCCCCCCCCC)=O)(CO[C@H]1[C@H](O)[C@@H](O)[C@@H](O)[C@@H](CO)O1)[C@@](O)([H])/C=C/CCCCCCCC/C=C\CCC","","","","","",48,0.0784313725490196,0,0,TRUE,FALSE,FALSE,TRUE
"glycosyl ceramide (d18:1/23:1, d17:1/24:1)*","Method 2","ZTXYYHYUNQRYIR-BLIGVESQSA-N","CCCCCCCCCCCCC/C=C/C(O)C(NC(CCCCCCCCC/C=C/CCCCCCCCCCC)=O)COC1OC(CO)C(O)C(O)C1O","","","","","",125,0.204248366013072,0,0,TRUE,FALSE,FALSE,TRUE
"glycosyl-N-(2-hydroxynervonoyl)-sphingosine (d18:1/24:1(2OH))*","Method 2","KNDOGXSGCOJBRQ-UHRQUHAFSA-N","O=C(C(O)CCCCCCCCCCCC/C=C\CCCCCCCC)NC(COC1OC(CO)C(O)C(O)C1O)C(O)/C=C/CCCCCCCCCCCCC","","","","","",4,0.0065359477124183,0,0,TRUE,FALSE,FALSE,TRUE
"ceramide (d18:1/20:0, d16:1/22:0, d20:1/18:0)*","Method 2","XWBWIAOWSABHFI-QOSDPKFLSA-N","OC(/C=C/CCCCCCCCCCCCC)C(CO)NC(CCCCCCCCCCCCCCCCCCC)=O","","","HMDB0240684,HMDB0240682,HMDB0004951","","",17,0.0277777777777778,0,0,TRUE,TRUE,FALSE,TRUE
"stearoylcholine*","Method 2","WYVHUXGFCVDOEA-UHFFFAOYSA-N","C[N+](C)(C)C[CH-]OC(CCCCCCCCCCCCCCCCC)=O","","","HMDB0240648","","90111",10,0.0163398692810458,0,0,TRUE,TRUE,FALSE,TRUE
"linoleoylcholine*","Method 2","GVYIAXNFCSAJSK-OKLKQMLOSA-N","C[N+](C)(C)C[CH-]OC(CCCCCCC/C=C/C/C=C/CCCCC)=O","","","HMDB0013213","","53481656",2,0.00326797385620915,0,0,TRUE,TRUE,FALSE,TRUE
"1-cerotoyl-GPC (26:0)*","Method 2","WSDKRPCAPHRNNZ-MGBGTMOVSA-N","C[N+](C)(CCOP([O-])(OC[C@@](O)([H])COC(CCCCCCCCCCCCCCCCCCCCCCCCC)=O)=O)C","","35032836","HMDB29205","","",226,0.369281045751634,0,0,TRUE,TRUE,FALSE,TRUE
"ondansetron","Method 2","FELGMEQIXOGIFQ-UHFFFAOYSA-N","CC1=NC=CN1CC2CCC3=C(C2=O)c4c(N3C)cccc4","99614-02-5","4434","HMDB0005035","C07325","4595",589,0.962418300653595,0,0,TRUE,TRUE,TRUE,TRUE
"baclofen","Method 1","KPYSYYIEGFHWSV-UHFFFAOYSA-N","O=C(O)CC(CN)c1ccc(Cl)cc1","1134-47-0","2197","HMDB0014327","D00241","2284",608,0.993464052287582,0,0,TRUE,TRUE,TRUE,TRUE
"metoclopramide","Method 1","TTWJBBZEZQICBI-UHFFFAOYSA-N","CCN(CC/N=C(O)/c1c(OC)cc(N)c(Cl)c1)CC","364-62-5","4024","HMDB0015363","""C07868,D00726,DG00055""","4168",610,0.996732026143791,0,0,TRUE,TRUE,TRUE,TRUE
"trazadone","Method 1","PHLBKPHSAVXXEF-UHFFFAOYSA-N","O=c1n(cccc2)c2nn1CCCN3CCN(c4cc(Cl)ccc4)CC3","19794-93-5","5332","HMDB0014794","C07156,D08626","5533",568,0.928104575163399,0,0,TRUE,TRUE,TRUE,TRUE
"nisinate (24:6n3)","Method 3","YHGJECVSSKXFCJ-KUBAVDMBSA-N","OC(CCCC/C=C\C/C=C\C/C=C\C/C=C\C/C=C\C/C=C\CC)=O","68378-49-4","9967286","HMDB0013025","","11792612",426,0.696078431372549,0,0,TRUE,TRUE,FALSE,TRUE
"sphingomyelin (d18:0/20:0, d16:0/22:0)*","Method 2","UGRZESKDAPEULH-ACEXITHZSA-N","CCCCCCCCCCCCCCC[C@@H](O)[C@@H](NC(CCCCCCCCCCCCCCCCCCC)=O)COP([O-])(OCC[N+](C)(C)C)=O","","","HMDB0012090","","",0,0,0,0,TRUE,TRUE,FALSE,TRUE
"sphingomyelin (d18:1/19:0, d19:1/18:0)*","Method 2","HAFQHLHNPJDAGB-MAJDXUCPSA-N","CCCCCCCCCCCCCCCCCCC(N[C@H]([C@H](O)/C=C/CCCCCCCCCCCCC)COP([O-])(OCC[N+](C)(C)C)=O)=O","","","","","",0,0,0,0,TRUE,FALSE,FALSE,TRUE
"sphingomyelin (d18:2/18:1)*","Method 2","YMTVMVYOUDDTQJ-UOMMIRHQSA-N","[H][C@](NC(CCCCCCC/C=C\CCCCCCCC)=O)(COP(OCC[N+](C)(C)C)([O-])=O)[C@@](O)([H])/C=C/CCCCCCCC/C=C\CCC","","","HMDB0001348","","52931155",0,0,0,0,TRUE,TRUE,FALSE,TRUE
"sphingomyelin (d18:2/24:2)*","Method 2","ZLNGRWIWHFFRNK-UKCALJHFSA-N","CCC/C=C/CCCCCCCC/C=C/[C@@H](O)[C@@H](NC(CCCCCCCCCCCCCCCC/C=C/C/C=C/CC)=O)COP([O-])(OCC[N+](C)(C)C)=O","","","HMDB0240644","","",0,0,0,0,TRUE,TRUE,FALSE,TRUE
"sphingomyelin (d18:2/21:0, d16:2/23:0)*","Method 2","SDUGEKJCGFHJRC-GKPQAQNZSA-N","CCC/C=C/CCCCCCCC/C=C/[C@@H](O)[C@@H](NC(CCCCCCCCCCCCCCCCCCCC)=O)COP([O-])(OCC[N+](C)(C)C)=O","","","HMDB0240676","","",0,0,0,0,TRUE,TRUE,FALSE,TRUE
"sphingomyelin (d18:2/23:1)*","Method 2","FEKSRDMVIULIDJ-SQPFVDNVSA-N","CCC/C=C/CCCCCCCC/C=C/[C@@H](O)[C@@H](NC(CCCCCCCCCCCCCCCCC/C=C/CCC)=O)COP([O-])(OCC[N+](C)(C)C)=O","","","HMDB0240668","","",0,0,0,0,TRUE,TRUE,FALSE,TRUE
"sphingomyelin (d18:1/25:0, d19:0/24:1, d20:1/23:0, d19:1/24:0)*","Method 2","JONXXLXMISNQNG-BXMSAMRLSA-N","[H][C@](NC(CCCCCCCCCCCCCCCCCCCCCCCC)=O)(COP(OCC[N+](C)(C)C)([O-])=O)[C@@](O)([H])/C=C/CCCCCCCCCCCCC","","24846885","HMDB0240675,HMDB0240674,HMDB0240673,HMDB0240671","","",6,0.00980392156862745,0,0,TRUE,TRUE,FALSE,TRUE
"sphingomyelin (d17:2/16:0, d18:2/15:0)*","Method 2","YHBBZTIPONDTRX-TVUHHANTSA-N","[H][C@](NC(CCCCCCCCCCCCCC)=O)(COP(OCC[N+](C)(C)C)([O-])=O)[C@@](O)([H])/C=C/CCCCCCCC/C=C\CCC","","","HMDB0240677","","",6,0.00980392156862745,0,0,TRUE,TRUE,FALSE,TRUE
"dexlansoprazole","Method 2","MJIHNNLFOKEZEW-RUZDIDTESA-N","CC1=C(OCC(F)(F)F)C=CN=C1C[S@](C2=NC3=CC=CC=C3N2)=O","138530-94-6","7852369","","D08903","9578005",596,0.973856209150327,0,0,TRUE,FALSE,TRUE,TRUE
"linolenoylcarnitine (C18:3)*","Method 2","WJCRATGUUISKDG-QNEBEIHSSA-N","O=C(OC(C[N+](C)(C)C)CC([O-])=O)CCCCCCC/C=C\C/C=C\C/C=C\CC","","","","","",0,0,0,0,TRUE,FALSE,FALSE,TRUE
"behenoylcarnitine (C22)*","Method 2","IUMXSSOVGPXXJL-UHFFFAOYSA-N","O=C(OC(C[N+](C)(C)C)CC([O-])=O)CCCCCCCCCCCCCCCCCCCCC","","28639204","HMDB0062468","","71464577",83,0.13562091503268,0,0,TRUE,TRUE,FALSE,TRUE
"arachidoylcarnitine (C20)*","Method 2","SVJLJQBGUITFLI-UHFFFAOYSA-N","O=C(OC(C[N+](C)(C)C)CC([O-])=O)CCCCCCCCCCCCCCCCCCC","","28639199","HMDB0006460","","53477833",46,0.0751633986928105,0,0,TRUE,TRUE,FALSE,TRUE
"lignoceroylcarnitine (C24)*","Method 2","YDUFZFUYBBPVLJ-UHFFFAOYSA-N","O=C(CCCCCCCCCCCCCCCCCCCCCCC)OC(C[N+](C)(C)C)CC([O-])=O","","","HMDB0240665","","",1,0.00163398692810458,0,0,TRUE,TRUE,FALSE,TRUE
"cerotoylcarnitine (C26)*","Method 2","KOCKWDDTAHPJSX-UHFFFAOYSA-N","[O-]C(CC(C[N+](C)(C)C)OC(CCCCCCCCCCCCCCCCCCCCCCCCC)=O)=O","","35015992","HMDB0006347","","53477828",0,0,0,0,TRUE,TRUE,FALSE,TRUE
"ximenoylcarnitine (C26:1)*","Method 2","ONGUASHYQLGIFC-OCOZRVBESA-N","O=C(OC(C[N+](C)(C)C)CC([O-])=O)CCC/C=C/CCCCCCCCCCCCCCCCCCCC","","","","","",0,0,0,0,TRUE,FALSE,FALSE,TRUE
"arachidonoylcarnitine (C20:4)","Method 2","RBFQHRALHSUPIA-SNPVRQPZSA-N","CCCCC/C=C\C/C=C\C/C=C\C/C=C\CCCC(OC(C[N+](C)(C)C)CC([O-])=O)=O","","","HMDB0006455","","136212424",0,0,0,0,TRUE,TRUE,FALSE,TRUE
"eicosenoylcarnitine (C20:1)*","Method 2","PVOQPLSKYNZHOT-OUKQBFOZSA-N","O=C(OC(CC([O-])=O)C[N+](C)(C)C)CCCCCCCCC/C=C/CCCCCCCC","","","","","",0,0,0,0,TRUE,FALSE,FALSE,TRUE
"dihomo-linoleoylcarnitine (C20:2)*","Method 2","OLZWDVKTOGTVLC-UTJQPWESSA-N","O=C(CCCCCCCCC/C=C\C/C=C\CCCCC)OC(C[N+](C)(C)C)CC([O-])=O","","","","","",1,0.00163398692810458,0,0,TRUE,FALSE,FALSE,TRUE
"dihomo-linolenoylcarnitine (C20:3n3 or 6)*","Method 2","RDIZZXFTCZPSRY-WYTUUNCASA-N","O=C(CCCCCC/C=C/C/C=C/C/C=C/CCCCC)OC(CC([O-])=O)C[N+](C)(C)C","","","","","",0,0,0,0,TRUE,FALSE,FALSE,TRUE
"docosahexaenoylcarnitine (C22:6)*","Method 2","WLLMYDQRCSWAST-WSDBEMKQSA-N","O=C(CC/C=C\C/C=C\C/C=C\C/C=C\C/C=C\C/C=C\CC)OC(C[N+](C)(C)C)CC([O-])=O","","","","","",35,0.0571895424836601,0,0,TRUE,FALSE,FALSE,TRUE
"nervonoylcarnitine (C24:1)*","Method 2","QGIHQXKFCAACHN-SEYXRHQNSA-N","O=C(CCCCCCCCCCCCC/C=C\CCCCCCCC)OC(C[N+](C)(C)C)CC([O-])=O","","","HMDB0006509","","",17,0.0277777777777778,0,0,TRUE,TRUE,FALSE,TRUE
"adrenoylcarnitine (C22:4)*","Method 2","OLORTLVEDIELGC-SNPVRQPZSA-N","O=C(OC(CC([O-])=O)C[N+](C)(C)C)CCCCC/C=C\C/C=C\C/C=C\C/C=C\CCCCC","","","","","",44,0.0718954248366013,0,0,TRUE,FALSE,FALSE,TRUE
"docosapentaenoylcarnitine (C22:5n3)*","Method 2","MJPIXACTUMSGGI-WMPRHZDHSA-N","O=C(OC(CC([O-])=O)C[N+](C)(C)C)CCCCC/C=C\C/C=C\C/C=C\C/C=C\C/C=C\CC","","","","","71464594",188,0.30718954248366,0,0,TRUE,FALSE,FALSE,TRUE
"levetiracetam","Method 1","HPHUVLMMVZITSG-LURJTMIESA-N","CC[C@H](N1CCCC1=O)C(N)=O","102767-28-2","4447633","HMDB0015333","C07841","5284583",605,0.988562091503268,0,0,TRUE,TRUE,TRUE,TRUE
"metronidazole","Method 1","VAOCPAMSLUNLGC-UHFFFAOYSA-N","Cc1n(CCO)c([N+]([O-])=O)cn1","73334-05-1","4029","HMDB0015052","DG00006,C07203,D00409","4173",608,0.993464052287582,0,0,TRUE,TRUE,TRUE,TRUE
"glycosyl ceramide (d18:1/20:0, d16:1/22:0)*","Method 2","FXNTXJCUSRJUFN-QOSDPKFLSA-N","OCC(NC(CCCCCCCCCCCCCCCCCCC)=O)C(OC1OC(CO)C(O)C(O)C1O)/C=C/CCCCCCCCCCCCC","","","","","",0,0,0,0,TRUE,FALSE,FALSE,TRUE
"cephalexin","Method 1","ZAIPMKNFIOOWCQ-UEKVPHQBSA-N","CC1=C(C(O)=O)N2[C@H](SC1)[C@H](NC([C@H](N)c3ccccc3)=O)C2=O","15686-71-2","25541","HMDB0014707","C06895","27447",610,0.996732026143791,0,0,TRUE,TRUE,TRUE,TRUE
"N,N,N-trimethyl-5-aminovalerate","Method 1","CDLVFVFTRQPQFU-UHFFFAOYSA-N","C[N+](C)(C)CCCCC([O-])=O","","34236878","","","14274897",0,0,0,0,TRUE,FALSE,FALSE,TRUE
"ethyl alpha-glucopyranoside","Method 1","WYUFTYLVLQZQNH-UHFFFAOYSA-N","CCOC1C(O)C(O)C(O)C(CO)O1","34625-23-5","378664","HMDB0029968","","11127487",106,0.173202614379085,0,0,TRUE,TRUE,FALSE,TRUE
"carotene diol (1)","Method 2","JKQXZKUSFCKOGQ-DKLMTRRASA-N","CC1=C(/C=C/C(C)=C/C=C/C(C)=C/C=C/C=C(C)/C=C/C=C(C)/C=C/C2=C(C)CC(O)CC2(C)C)C(C)(C)CC(O)C1","","","","","",0,0,0,0,TRUE,FALSE,FALSE,TRUE
"carotene diol (2)","Method 2","JKQXZKUSFCKOGQ-DKLMTRRASA-N","CC1=C(/C=C/C(C)=C/C=C/C(C)=C/C=C/C=C(C)/C=C/C=C(C)/C=C/C2=C(C)CC(O)CC2(C)C)C(C)(C)CC(O)C1","","","","","",7,0.011437908496732,0,0,TRUE,FALSE,FALSE,TRUE
"carotene diol (3)","Method 2","JKQXZKUSFCKOGQ-DKLMTRRASA-N","CC1=C(/C=C/C(C)=C/C=C/C(C)=C/C=C/C=C(C)/C=C/C=C(C)/C=C/C2=C(C)CC(O)CC2(C)C)C(C)(C)CC(O)C1","","","","","",17,0.0277777777777778,0,0,TRUE,FALSE,FALSE,TRUE
"cortolone glucuronide (1)","Method 3","INMJYSGZRBTEOR-RXCXIKFNSA-N","O[C@H]([C@]([C@]([C@]1([H])[C@@](CC2)([H])[C@@]3([H])[C@]([C@@]2([H])C[C@@H]4OC5C(O)C(O)C(O)C(C(O)=O)O5)(CC4)C)(CC3=O)C)(CC1)O)CO","","","","","",26,0.042483660130719,0,0,TRUE,FALSE,FALSE,TRUE
"fluconazole","Method 3","RFHAOTPXVQNOHP-UHFFFAOYSA-N","Fc1ccc(C(Cn2ncnc2)(O)Cn3ncnc3)c(F)c1","86386-73-4","3248","HMDB0014342","C07002","3365",601,0.98202614379085,0,0,TRUE,TRUE,TRUE,TRUE
"(N(1) + N(8))-acetylspermidine","Method 1","MQTAVJHICJWXBR-UHFFFAOYSA-N","CC(NCCCNCCCCN)=O","","","HMDB0002189,HMDB0001276","C01029,C00612","496,123,689",0,0,0,0,TRUE,TRUE,TRUE,TRUE
"THC carboxylic acid","Method 3","YOVRGSHRZRJTLZ-UHFFFAOYSA-N","CCCCCc1cc(OC(C)(C)C2C3C=C(C(O)=O)CC2)c3c(O)c1","","97019","","","107885",583,0.952614379084967,0,0,TRUE,FALSE,FALSE,TRUE
"THC carboxylic acid glucuronide","Method 3","UWXZAZRSQQLWKH-AREXMYMPSA-N","O=C(O[C@H]1[C@H](O)[C@@H](O)[C@H](O)[C@@H](C(O)=O)O1)C2=C[C@H](C3=C4C=C(CCCCC)C=C3O)[C@@H](C(C)(O4)C)CC2","","","","","",579,0.946078431372549,0,0,TRUE,FALSE,FALSE,TRUE
"5-dodecenoylcarnitine (C12:1)","Method 2","PETYOUXDCHQKTQ-QXPKXGMISA-N","CCCCCC/C=C\CCCC(O[C@@H](C[N+](C)(C)C)CC([O-])=O)=O","","","HMDB13326","","91825571",6,0.00980392156862745,0,0,TRUE,TRUE,FALSE,TRUE
"2-butenoylglycine","Method 3","WWJXRJJBIVSSNF-NSCUHMNNSA-N","OC(CN([H])C(/C=C/C)=O)=O","71428-89-2","4877902","","","6303498",188,0.30718954248366,0,0,TRUE,FALSE,FALSE,TRUE
"hydroxy-CMPF*","Method 3","OZOJARPUDFLESM-UHFFFAOYSA-N","CCC(O)C1=C(C)C(C(O)=O)=C(CCC(O)=O)O1","","","","","",0,0,0,0,TRUE,FALSE,FALSE,TRUE
"3-hydroxyoleoylcarnitine","Method 2","YBCVTTMMURGSEY-LMLDZDDJSA-N","CCCCCCCC/C=C\CCCCCC(O)CC(O[C@@H](C[N+](C)(C)C)CC([O-])=O)=O","","48061587","","","129637446",11,0.0179738562091503,0,0,TRUE,FALSE,FALSE,TRUE
"trans-2-hexenoylglycine","Method 3","AAPHATPOQGNLOZ-SNAWJCMRSA-N","CCC/C=C/C(NCC(O)=O)=O","","25033670","","","",135,0.220588235294118,0,0,TRUE,FALSE,FALSE,TRUE
"2-hydroxyarachidate*","Method 3","CPLYLXYEVLGWFJ-UHFFFAOYSA-N","CCCCCCCCCCCCCCCCCCC(O)C(O)=O","","4395406","","","5225199",6,0.00980392156862745,0,0,TRUE,FALSE,FALSE,TRUE
"N-stearoylserine*","Method 3","CLHUCXCVFSEJRR-UHFFFAOYSA-N","CCCCCCCCCCCCCCCCCC(NC(C(O)=O)CO)=O","","15545488","","","",68,0.111111111111111,0,0,TRUE,FALSE,FALSE,TRUE
"2-hydroxyheptanoate*","Method 4","RGMMREBHCYXQMA-UHFFFAOYSA-N","OC(C(O)CCCCC)=O","","2032206","","","2750949",3,0.00490196078431373,0,0,TRUE,FALSE,FALSE,TRUE
"3-hydroxyoleate*","Method 3","MFBDGGFIQVOLTJ-MDZDMXLPSA-N","CCCCCCCC/C=C/CCCCCC(O)CC(O)=O","","","","","",51,0.0833333333333333,0,0,TRUE,FALSE,FALSE,TRUE
"lyxonate","Method 4","QXKAIJAYHKCRRA-PZGQECOJSA-N","OC[C@H](O)[C@@H](O)[C@@H](O)C(O)=O","","","HMDB0060255","","",69,0.112745098039216,0,0,TRUE,TRUE,FALSE,TRUE
"dodecenedioate (C12:1-DC)*","Method 3","OHCMUMNQAHNIEP-HNQUOIGGSA-N","OC(CCC/C=C/CCCCCC(O)=O)=O","","","HMDB0000933","","5283028",11,0.0179738562091503,0,0,TRUE,TRUE,FALSE,TRUE
"hexadecenedioate (C16:1-DC)*","Method 3","IWTMSCUHCJHPPR-ACCUITESSA-N","O=C(O)CCCCCCCCCCCC/C=C/C(O)=O","","","","","",0,0,0,0,TRUE,FALSE,FALSE,TRUE
"octadecenedioate (C18:1-DC)","Method 3","YDPSQMGOAILWPE-FYWRMAATSA-N","O=C(O)CCCCCCCCCCCCCC/C=C/C(O)=O","","","","","9543674",29,0.0473856209150327,0,0,TRUE,FALSE,FALSE,TRUE
"heptenedioate (C7:1-DC)*","Method 4","OXQWBLJQOBXJPM-DUXPYHPUSA-N","OC(CCC/C=C/C(O)=O)=O","","","","","",9,0.0147058823529412,0,0,TRUE,FALSE,FALSE,TRUE
"octadecadienedioate (C18:2-DC)*","Method 3","ZKQNWTGXRAIVGG-PXELCPQFSA-N","O=C(O)CCCCCCCCCCCC/C=C/C=C/C(O)=O","","","","","",29,0.0473856209150327,0,0,TRUE,FALSE,FALSE,TRUE
"glucuronide of C12H22O4 (1)*","Method 3","","","","","","","",225,0.367647058823529,0,0,FALSE,FALSE,FALSE,FALSE
"glucuronide of C14H26O4 (1)*","Method 3","","","","","","","",298,0.486928104575163,0,0,FALSE,FALSE,FALSE,FALSE
"glucuronide of C10H18O2 (1)*","Method 3","","","","","","","",195,0.318627450980392,0,0,FALSE,FALSE,FALSE,FALSE
"N-acetylglucosamine conjugate of C24H40O4 bile acid**","Method 3","","","","","","","",220,0.359477124183007,0,0,FALSE,FALSE,FALSE,FALSE
"3-carboxy-4-methyl-5-pentyl-2-furanpropionate (3-CMPFP)**","Method 3","RIJDKRLRDVBUHJ-UHFFFAOYSA-N","OC(C1=C(CCC(O)=O)OC(CCCCC)=C1C)=O","","168762","HMDB0061643","","194501",0,0,0,0,TRUE,TRUE,FALSE,TRUE
"methylnaphthyl sulfate (2)*","Method 3","SBYDEYGHJXSIDV-UHFFFAOYSA-N","CC1=C(OS(=O)(O)=O)C=CC2=CC=CC=C21","","","","","",355,0.580065359477124,0,0,TRUE,FALSE,FALSE,TRUE
"glucuronide of C10H18O2 (7)*","Method 3","","","","","","","",38,0.0620915032679739,0,0,FALSE,FALSE,FALSE,FALSE
"glucuronide of C10H18O2 (8)*","Method 3","","","","","","","",164,0.26797385620915,0,0,FALSE,FALSE,FALSE,FALSE
"3-hydroxystachydrine*","Method 1","DJMIFDZBCUUQJN-NTSWFWBYSA-N","O[C@@H]1[C@H](C([O-])=O)[N+](C)(C)CC1","","391002","","C10151","46173781",180,0.294117647058824,0,0,TRUE,FALSE,TRUE,TRUE
"N-acetyl-2-aminooctanoate*","Method 3","JJGNMSOJTSABGA-UHFFFAOYSA-N","OC(C(CCCCCC)N([H])C(C)=O)=O","","86248","HMDB0059745","","95555",0,0,0,0,TRUE,TRUE,FALSE,TRUE
"hydroxyasparagine**","Method 1","ZBYVTTSIVDYQSO-REOHCLBHSA-N","O=C(O)[C@@H](N)CC(NO)=O","","88149","HMDB32332","C20631","15991574",0,0,0,0,TRUE,TRUE,TRUE,TRUE
"genistein sulfate*","Method 3","DKEIWIJUHWVGRC-UHFFFAOYSA-N","O=C1C(C(O)=C2)=C(C=C2OS(=O)(O)=O)OC=C1C(C=C3)=CC=C3O","","","","","",345,0.563725490196078,0,0,TRUE,FALSE,FALSE,TRUE
"perfluorooctanoate (PFOA)","Method 3","SNGREZUHAYWORS-UHFFFAOYSA-N","OC(C(F)(F)C(F)(F)C(F)(F)C(F)(F)C(F)(F)C(F)(F)C(F)(F)F)=O","","9180","HMDB0059587","","9554",8,0.0130718954248366,0,0,TRUE,TRUE,FALSE,TRUE
"3-hydroxybutyroylglycine**","Method 1","VMIWHQCIHIUYCS-UHFFFAOYSA-N","O=C(CC(O)C)NCC(O)=O","","","","","",28,0.0457516339869281,0,0,TRUE,FALSE,FALSE,TRUE
"carboxyibuprofen glucuronide*","Method 4","FLVLKWAQHDRIPH-UHFFFAOYSA-N","CC(C(OC1OC(C(O)=O)C(O)C(O)C1O)=O)C2=CC=C(CC(C)C(O)=O)C=C2","","","HMDB60564","","135390721",589,0.962418300653595,0,0,TRUE,TRUE,FALSE,TRUE
"glyco-beta-muricholate**","Method 3","ZQYUKJFJPJDMMR-PRRFOZOMSA-N","CC(C1CCC2C3[C@H]([C@H]([C@@]4(C[C@@H](CC[C@@]4(C3CC[C@]12C)C)O)[H])O)O)CCC(NCC(O)=O)=O","","","","","",177,0.28921568627451,0,0,TRUE,FALSE,FALSE,TRUE
"N-methylhydroxyproline**","Method 1","FMIPNAUMSPFTHK-UHFFFAOYSA-N","OC1CN(C)C(C(O)=O)C1","","","","","9860390",73,0.119281045751634,0,0,TRUE,FALSE,FALSE,TRUE
"N,N,N-trimethyl-alanylproline betaine (TMAP)","Method 1","KXONJPJIFNGMCN-UHFFFAOYSA-N","O=C(C([N+](C)(C)C)C)N1CCCC1C([O-])=O","","","HMDB0240365","","",0,0,0,0,TRUE,TRUE,FALSE,TRUE
"3-formylindole","Method 1","OLNJUISKUQQNIM-UHFFFAOYSA-N","O=CC1=CNC2=CC=CC=C12","487-89-8","9838","HMDB29737","C08493","10256",1,0.00163398692810458,0,0,TRUE,TRUE,TRUE,TRUE
"gamma-glutamylcitrulline*","Method 1","SCTJBDDLOROJJM-UHFFFAOYSA-N","NC(C(O)=O)CCC(NC(CCCNC(N)=O)C(O)=O)=O","","","","","",0,0,0,0,TRUE,FALSE,FALSE,TRUE
"N4-acetylsulfamethoxazole*","Method 3","GXPIUNZCALHVBA-UHFFFAOYSA-N","O=S(C1=CC=C(C=C1)NC(C)=O)(NC2=NOC(C)=C2)=O","","58771","HMDB0013854","D01601,C13061","65280",596,0.973856209150327,0,0,TRUE,TRUE,TRUE,TRUE
"N4-acetyl-5-hydroxysulfamethoxazole*","Method 3","YKWZTWOYFWCVKH-UHFFFAOYSA-N","O=S(C1=CC=C(NC(C)=O)C=C1)(NC2=NOC(CO)=C2)=O","","","","","",599,0.97875816993464,0,0,TRUE,FALSE,FALSE,TRUE
"resveratrol sulfate (1)*","Method 3","KOTTWDFKZULRPN-OWOJBTEDSA-N","OC1=CC(O)=CC(/C=C/C2=CC=C(OS(=O)(O)=O)C=C2)=C1","","","","","25113755",597,0.975490196078431,0,0,TRUE,FALSE,FALSE,TRUE
"resveratrol disulfate (1)*","Method 3","DHYDAGFKCXRMSL-OWOJBTEDSA-N","OC1=CC(OS(=O)(O)=O)=CC(/C=C/C2=CC=C(OS(=O)(O)=O)C=C2)=C1","","","","","",571,0.933006535947712,0,0,TRUE,FALSE,FALSE,TRUE
"resveratrol disulfate (2)*","Method 3","DHYDAGFKCXRMSL-OWOJBTEDSA-N","OC1=CC(OS(=O)(O)=O)=CC(/C=C/C2=CC=C(OS(=O)(O)=O)C=C2)=C1","","","","","",594,0.970588235294118,0,0,TRUE,FALSE,FALSE,TRUE
"glycine conjugate of C10H12O2*","Method 3","","","","","","","",122,0.199346405228758,0,0,FALSE,FALSE,FALSE,FALSE
"glycine conjugate of C10H14O2 (1)*","Method 3","","","","","","","",1,0.00163398692810458,0,0,FALSE,FALSE,FALSE,FALSE
"glutamine conjugate of C7H12O2*","Method 3","","","","","","","",13,0.0212418300653595,0,0,FALSE,FALSE,FALSE,FALSE
"glutamine conjugate of C6H10O2 (1)*","Method 3","","","","","","","",2,0.00326797385620915,0,0,FALSE,FALSE,FALSE,FALSE
"glutamine conjugate of C6H10O2 (2)*","Method 3","","","","","","","",2,0.00326797385620915,0,0,FALSE,FALSE,FALSE,FALSE
"glutamine conjugate of C8H12O4 (1)*","Method 3","","","","","","","",387,0.632352941176471,0,0,FALSE,FALSE,FALSE,FALSE
"dihydroferulic acid sulfate","Method 3","UMCDODPBPQMWQP-UHFFFAOYSA-N","COC1=C(OS(=O)(O)=O)C=CC(CCC(O)=O)=C1","","162994","HMDB0041724","","187489",232,0.379084967320261,0,0,TRUE,TRUE,FALSE,TRUE
"fibrinopeptide A (5-16)*","Method 3","NFUNGJWOQYYPEX-UHFFFAOYSA-N","NC(CCC(O)=O)C(NCC(NC(CC(O)=O)C(NC(CC1=CC=CC=C1)C(NC(CC(C)C)C(NC(C)C(NC(CCC(O)=O)C(NCC(NCC(NCC(NC(C(C)C)C(NC(CCCNC(N)=N)C(O)=O)=O)=O)=O)=O)=O)=O)=O)=O)=O)=O)=O","","","","","",2,0.00326797385620915,0,0,TRUE,FALSE,FALSE,TRUE
"fibrinopeptide A (7-16)*","Method 3","NQUPYRJVFYRZQX-UHFFFAOYSA-N","NC(CC(O)=O)C(NC(CC1=CC=CC=C1)C(NC(CC(C)C)C(NC(C)C(NC(CCC(O)=O)C(NCC(NCC(NCC(NC(C(C)C)C(NC(CCCNC(N)=N)C(O)=O)=O)=O)=O)=O)=O)=O)=O)=O)=O","","","","","",1,0.00163398692810458,0,0,TRUE,FALSE,FALSE,TRUE
"sphingomyelin (d17:1/14:0, d16:1/15:0)*","Method 2","VDFACZRLDXDTEB-WSYRTZMQSA-N","CCCCCCCCCCC/C=C/[C@@H](O)[C@@H](NC(CCCCCCCCCCCCCC)=O)COP(OCC[N+](C)(C)C)([O-])=O","","","","","",0,0,0,0,TRUE,FALSE,FALSE,TRUE
"tetradecadienoate (14:2)*","Method 3","HXHZGHRLVRFQDR-HZJYTTRNSA-N","OC(CCC/C=C\C/C=C\CCCCC)=O","39039-37-7","4471834","HMDB0000560","","5312409",4,0.0065359477124183,0,0,TRUE,TRUE,FALSE,TRUE
"N-carbamoylvaline","Method 3","JDXMIYHOSFNZKO-UHFFFAOYSA-N","OC(C(C(C)C)NC(N)=O)=O","26081-00-5","4324497","","","448879",143,0.233660130718954,0,0,TRUE,FALSE,FALSE,TRUE
"8-methoxykynurenate","Method 3","BXZSKDOPGDPDEG-UHFFFAOYSA-N","OC1=CC(C(O)=O)=NC(C1=CC=C2)=C2OC","2929-14-8","68710","HMDB0060426","C05830","76230",46,0.0751633986928105,0,0,TRUE,TRUE,TRUE,TRUE
"3-amino-2-piperidone","Method 1","YCCMTCQQDULIFE-UHFFFAOYSA-N","NC1CCCNC1=O","1892-22-4","4371576","HMDB0000323","","5200225",0,0,0,0,TRUE,TRUE,FALSE,TRUE
"N,N-dimethylalanine","Method 1","QCYOIFVBYZNUNW-BYPYZUCNSA-N","C[C@@](C(O)=O)(N(C)C)[H]","2812-31-9","4589713","","","5488191",27,0.0441176470588235,0,0,TRUE,FALSE,FALSE,TRUE
"3-indoleglyoxylic acid","Method 3","DWLVFWDCSFTDOD-UHFFFAOYSA-N","OC(C(C1=CNC2=C1C=CC=C2)=O)=O","1477-49-2","66497","","","73863",7,0.011437908496732,0,0,TRUE,FALSE,FALSE,TRUE
"2,2'-methylenebis(6-tert-butyl-p-cresol)","Method 4","KGRVJHAUYBGFFP-UHFFFAOYSA-N","CC1=CC(C(C)(C)C)=C(C(CC2=C(C(C(C)(C)C)=CC(C)=C2)O)=C1)O","119-47-1","8092","","","8398",480,0.784313725490196,0,0,TRUE,FALSE,FALSE,TRUE
"ethyl beta-glucopyranoside","Method 3","WYUFTYLVLQZQNH-JAJWTYFOSA-N","O[C@H]([C@H]1O)[C@@H]([C@@H](CO)O[C@H]1OCC)O","","108559","HMDB0029968","","121667",34,0.0555555555555556,0,0,TRUE,TRUE,FALSE,TRUE
"2-hydroxysebacate","Method 3","LPIOYESQKJFWPQ-UHFFFAOYSA-N","OC(C(O)=O)CCCCCCCC(O)=O","103963-71-9","113866","HMDB0000424","","128458",14,0.0228758169934641,0,0,TRUE,TRUE,FALSE,TRUE
"enterolactone sulfate","Method 3","CGSFDOCYHBJLFW-WMLDXEAASA-N","O=C([C@@]1(CC2=CC(OS(=O)(O)=O)=CC=C2)[H])OC[C@@]1(CC3=CC(O)=CC=C3)[H]","","","HMDB0240506,HMDB0240505","","",556,0.908496732026144,0,0,TRUE,TRUE,FALSE,TRUE
"ascorbic acid 3-sulfate*","Method 4","FBFZPSQPKNIVMT-ZAFYKAAXSA-N","O=C1O[C@@]([C@@H](O)CO)([H])C(OS(=O)(O)=O)=C1O","","9600241","","","11425365",0,0,0,0,TRUE,FALSE,FALSE,TRUE
"3-hydroxyhippurate sulfate","Method 3","SBLCKJXUMHOIBU-UHFFFAOYSA-N","O=C(NCC(O)=O)C1=CC(OS(=O)(O)=O)=CC=C1","","161984","","","186339",443,0.723856209150327,0,0,TRUE,FALSE,FALSE,TRUE
"6-bromotryptophan","Method 3","OAORYCZPERQARS-UHFFFAOYSA-N","Brc1ccc2c(CC(N)C(O)=O)c[nH]c2c1","","","","","9856996",2,0.00326797385620915,0,0,TRUE,FALSE,FALSE,TRUE
"delta-CEHC","Method 3","BNVXCCQXUZCRSR-UHFFFAOYSA-N","OC1=CC2=C(C(C)=C1)OC(CCC(O)=O)(C)CC2","84599-16-6","9710906","","","35027084",53,0.0866013071895425,0,0,TRUE,FALSE,FALSE,TRUE
"N6,N6-dimethyllysine","Method 1","XXEWFEBMSGLYBY-ZETCQYMHSA-N","OC([C@@H](N)CCCCN(C)C)=O","2259-86-1","167778","HMDB0013287","C05545","193344",7,0.011437908496732,0,0,TRUE,TRUE,TRUE,TRUE
"dodecadienoate (12:2)*","Method 3","QHRHXXRXWDTFLI-HZJYTTRNSA-N","CCCCC/C=C\C/C=C\CC(O)=O","","","","","25480",0,0,0,0,TRUE,FALSE,FALSE,TRUE
"indoleacetoylcarnitine*","Method 1","PBMNAYVZYLZVKC-UHFFFAOYSA-N","O=C(OC(C[N+](C)(C)C)CC([O-])=O)CC1=CNC2=CC=CC=C12","","","","","",161,0.263071895424837,0,0,TRUE,FALSE,FALSE,TRUE
"gamma-CEHC sulfate","Method 3","XJAVOQFBEMHLBM-UHFFFAOYSA-N","O=S(OC1=C(C)C(C)=C2C(CCC(C)(CCC(O)=O)O2)=C1)(O)=O","","","","","",323,0.527777777777778,0,0,TRUE,FALSE,FALSE,TRUE
"delta-CEHC glucuronide","Method 3","UCCZSQROJUPRKT-UHFFFAOYSA-N","OC1C(OC2=CC(C)=C3C(CCC(C)(CCC(O)=O)O3)=C2)OC(C(O)=O)C(O)C1O","","","","","",346,0.565359477124183,0,0,TRUE,FALSE,FALSE,TRUE
"N-acetyl-isoputreanine","Method 1","YGIAGXACEXFIDU-UHFFFAOYSA-N","O=C(C)NCCCNCCCC(O)=O","","","","","131802901",0,0,0,0,TRUE,FALSE,FALSE,TRUE
"glucuronide of piperine metabolite C17H21NO3 (3)*","Method 3","","","","","","","",19,0.0310457516339869,0,0,FALSE,FALSE,FALSE,FALSE
"glucuronide of piperine metabolite C17H21NO3 (4)*","Method 3","","","","","","","",10,0.0163398692810458,0,0,FALSE,FALSE,FALSE,FALSE
"glucuronide of piperine metabolite C17H21NO3 (5)*","Method 3","","","","","","","",75,0.122549019607843,0,0,FALSE,FALSE,FALSE,FALSE
"sulfate of piperine metabolite C16H19NO3 (2)*","Method 3","","","","","","","",5,0.00816993464052288,0,0,FALSE,FALSE,FALSE,FALSE
"sulfate of piperine metabolite C16H19NO3 (3)*","Method 3","","","","","","","",5,0.00816993464052288,0,0,FALSE,FALSE,FALSE,FALSE
"sulfate of piperine metabolite C18H21NO3 (1)*","Method 3","","","","","","","",11,0.0179738562091503,0,0,FALSE,FALSE,FALSE,FALSE
"sulfate of piperine metabolite C18H21NO3 (3)*","Method 3","","","","","","","",12,0.0196078431372549,0,0,FALSE,FALSE,FALSE,FALSE
"N-acetyltheanine","Method 3","STZOUWQDQRPMBI-ZETCQYMHSA-N","O=C(NCC)CC[C@@H](C(O)=O)NC(C)=O","","","","","",472,0.77124183006536,0,0,TRUE,FALSE,FALSE,TRUE
"2-naphthol sulfate","Method 3","HXEZIDSFDHEIIQ-UHFFFAOYSA-N","O=S(OC1=CC=C(C=CC=C2)C2=C1)(O)=O","","67020","","","74428",15,0.0245098039215686,0,0,TRUE,FALSE,FALSE,TRUE
"(2,4 or 2,5)-dimethylphenol sulfate","Method 3","CLCCTVXAPVYLKM-UHFFFAOYSA-N","CC1=CC=C(C)C(OS(=O)(O)=O)=C1","","","","","",201,0.32843137254902,0,0,TRUE,FALSE,FALSE,TRUE
"4-ethylcatechol sulfate","Method 3","KHZCNGJFSKSSIJ-UHFFFAOYSA-N","OC1=CC=C(CC)C=C1OS(=O)(O)=O","","","","","",26,0.042483660130719,0,0,TRUE,FALSE,FALSE,TRUE
"11beta-hydroxyandrosterone glucuronide","Method 3","BRPLOVMHAFXVOQ-HXVIYJDASA-N","C[C@]12CC[C@@H](OC3C(O)C(O)C(O)C(C(O)=O)O3)C[C@]1([H])CC[C@]4([H])[C@]2([H])[C@@H](O)C[C@@]5(C)[C@@]4([H])CCC5=O","","","HMDB0010351","","",39,0.0637254901960784,0,0,TRUE,TRUE,FALSE,TRUE
"N2-acetyl,N6,N6-dimethyllysine","Method 1","UNPVIYLDJYPILW-VIFPVBQESA-N","OC([C@@H](NC(C)=O)CCCCN(C)C)=O","","","","","",1,0.00163398692810458,0,0,TRUE,FALSE,FALSE,TRUE
"N2-acetyl,N6-methyllysine","Method 1","MKWKYAGEJHBUOX-QMMMGPOBSA-N","OC([C@@H](NC(C)=O)CCCCNC)=O","","","","","",15,0.0245098039215686,0,0,TRUE,FALSE,FALSE,TRUE
"cholic acid glucuronide","Method 3","RBLDVEUUCHVWMW-LFKDYQRZSA-N","O[C@H]1[C@@]2([H])[C@]3([H])CC[C@H]([C@H](C)CCC(O)=O)[C@@]3(C)[C@@H](O)C[C@]2([H])[C@@]4(C)CC[C@@H](OC5C(O)C(O)C(O)C(C(O)=O)O5)CC4C1","","","HMDB0002577","","21252309",303,0.495098039215686,0,0,TRUE,TRUE,FALSE,TRUE
"deoxycholic acid glucuronide","Method 3","NNEIBJNHWVDJBA-WOSXBVGSSA-N","O[C@H]1C[C@]2([H])[C@@]3(C)CC[C@@H](OC4C(O)C(O)C(O)C(C(O)=O)O4)CC3CC[C@@]2([H])[C@]5([H])CC[C@H]([C@H](C)CCC(O)=O)[C@@]15C","","","","","",0,0,0,0,TRUE,FALSE,FALSE,TRUE
"4-allylcatechol sulfate","Method 3","USWXDXYEVISELK-UHFFFAOYSA-N","OS(OC1=CC=C(CC=C)C=C1O)(=O)=O","","","","","",6,0.00980392156862745,0,0,TRUE,FALSE,FALSE,TRUE
"2-hydroxyfluorene sulfate","Method 3","ZAEQSKSORYMOAE-UHFFFAOYSA-N","O=S(OC1=CC=C2C(CC3=C2C=CC=C3)=C1)(O)=O","","","","","",229,0.374183006535948,0,0,TRUE,FALSE,FALSE,TRUE
"3-hydroxypyridine glucuronide","Method 1","IOLHQSZMUUGACW-UHFFFAOYSA-N","OC(C1OC(OC2=CC=CN=C2)C(O)C(O)C1O)=O","","","","","",367,0.599673202614379,0,0,TRUE,FALSE,FALSE,TRUE
"vanillate glucuronide","Method 4","GRERMCGRRAMWSD-UHFFFAOYSA-N","OC(C1OC(OC2=C(OC)C=C(C(O)=O)C=C2)C(O)C(O)C1O)=O","","","HMDB0240572","","",380,0.620915032679739,0,0,TRUE,TRUE,FALSE,TRUE
"triclosan sulfate","Method 3","ZPFYUMPBKRRSTR-UHFFFAOYSA-N","ClC1=CC(Cl)=CC=C1OC2=C(OS(O)(=O)=O)C=C(Cl)C=C2","","30778644","HMDB0061387","","67606152",437,0.714052287581699,0,0,TRUE,TRUE,FALSE,TRUE
"methyl vanillate sulfate","Method 3","IWRNHPTWPBSQSA-UHFFFAOYSA-N","OS(OC1=CC=C(C(OC)=O)C=C1OC)(=O)=O","","","","","",281,0.459150326797386,0,0,TRUE,FALSE,FALSE,TRUE
"4-methylhexanoylglutamine","Method 3","VCZLDSLBUPQMCV-UHFFFAOYSA-N","CCC(C)CCC(NC(CCC(N)=O)C(O)=O)=O","","","","","",166,0.271241830065359,0,0,TRUE,FALSE,FALSE,TRUE
"pravastatin","Method 3","TUZYXOIXSAXUGO-PZAWKZKUSA-N","O[C@H]1C[C@H](OC([C@@H](C)CC)=O)[C@@]2([H])C(C=C[C@H](C)[C@@H]2CC[C@H](C[C@H](CC(O)=O)O)O)=C1","","49398","HMDB0005022","DG00353,C01844,D08410","54687",611,0.998366013071895,0,0,TRUE,TRUE,TRUE,TRUE
"benazeprilat","Method 3","MADRIHWFJGRSBP-ROUUACIJSA-N","OC([C@H](CCC1=CC=CC=C1)N[C@H]2CCC(C=CC=C3)=C3N(CC(O)=O)C2=O)=O","","4576478","HMDB0060582","D03077","5463984",608,0.993464052287582,0,0,TRUE,TRUE,TRUE,TRUE
"1-heptadecenoylglycerol (17:1)*","Method 3","KRUXHXDPFZXFJX-FPLPWBNLSA-N","CCCCCC/C=C\CCCCCCCCC(OCC(O)CO)=O","","58191491","","","",318,0.519607843137255,0,0,TRUE,FALSE,FALSE,TRUE
"sulfociprofloxacin*","Method 3","SDLYZOYQWKDWJG-UHFFFAOYSA-N","FC1=C(C=C(C2=C1)N(C=C(C(O)=O)C2=O)C3CC3)N(CC4)CCN4S(O)(=O)=O","","114121","","","128781",604,0.986928104575163,0,0,TRUE,FALSE,FALSE,TRUE
"desmethylcitalopram*","Method 2","PTJADDMMFYXMMG-UHFFFAOYSA-N","FC1=CC=C(C=C1)C2(CCCNC)OCC3=C2C=CC(C#N)=C3","","142424","HMDB0014021","C16608","162180",562,0.918300653594771,0,0,TRUE,TRUE,TRUE,TRUE
"citalopram N-oxide*","Method 2","DIOGFDCEWUUSBQ-UHFFFAOYSA-N","FC1=CC=C(C=C1)C2(CCC[N+](C)(C)[O-])OCC3=C2C=CC(C#N)=C3","","8243682","HMDB0060654","C16607","10068142",568,0.928104575163399,0,0,TRUE,TRUE,TRUE,TRUE
"citalopram propionate*","Method 3","JSYNRZJODZWUKX-UHFFFAOYSA-N","FC1=CC=C(C=C1)C2(CCC(O)=O)OCC3=C2C=CC(C#N)=C3","","8578612","HMDB60463","C16610","10403174",562,0.918300653594771,0,0,TRUE,TRUE,TRUE,TRUE
"4-hydroxy duloxetine glucuronide*","Method 3","OBIZFSZXDHWUJZ-ANUWOGMRSA-N","O=C(O)[C@H]1O[C@H]([C@H](O)[C@@H](O)[C@@H]1O)OC2=CC=C(C3=CC=CC=C23)O[C@](CCNC)([H])C4=CC=CS4","","28516882","HMDB0060763","","29981512",602,0.983660130718954,0,0,TRUE,TRUE,FALSE,TRUE
"5-hydroxy-6-methoxy duloxetine sulfate*","Method 3","XYZBSFYKOKLCKI-INIZCTEOSA-N","CNCC[C@@H](C1=CC=CS1)OC2=CC=CC3=C(C(OC)=CC=C23)OS(=O)(O)=O","","25061067","","","",602,0.983660130718954,0,0,TRUE,FALSE,FALSE,TRUE
"ezetimibe glucuronide*","Method 3","UOFYCFMTERCNEW-ADEYADIWSA-N","FC1=CC=C(C=C1)N(C2=O)[C@H](C(C=C3)=CC=C3O[C@@H]([C@@H]([C@H]4O)O)O[C@H](C(O)=O)[C@H]4O)[C@H]2CC[C@@H](C(C=C5)=CC=C5F)O","","8070323","","","9894653",603,0.985294117647059,0,0,TRUE,FALSE,FALSE,TRUE
"N-desalkylquetiapine*","Method 2","JLOAJISUHPIQOX-UHFFFAOYSA-N","N1(C2=NC3=C(SC4=C2C=CC=C4)C=CC=C3)CCNCC1","","9544835","","","11369918",607,0.991830065359477,0,0,TRUE,FALSE,FALSE,TRUE
"ranitidine N-oxide*","Method 1","DFJVUWAHTQPQCV-MDWZMJQESA-N","[O-][N+](C)(C)CC1=CC=C(CSCCN([H])/C(N([H])C)=C/[N+]([O-])=O)O1","","2298463","","","62985",603,0.985294117647059,0,0,TRUE,FALSE,FALSE,TRUE
"10-hydroxywarfarin","Method 3","BPZSPAZBZFZZBN-UHFFFAOYSA-N","O=C1OC(C=CC=C2)=C2C(O)=C1C(C3=CC=CC=C3)C(O)C(C)=O","","19983904","HMDB0013884","","54692492",594,0.970588235294118,0,0,TRUE,TRUE,FALSE,TRUE
"7-hydroxywarfarin","Method 3","SKFYEJMLNMTTJA-UHFFFAOYSA-N","O=C1OC(C=C(O)C=C2)=C2C(O)=C1C(C3=CC=CC=C3)CC(C)=O","","20129467","HMDB0013886","","5,468,250,754,732,120",595,0.972222222222222,0,0,TRUE,TRUE,FALSE,TRUE
"6-hydroxywarfarin","Method 3","IQWPEJBUOJQPDE-UHFFFAOYSA-N","O=C1C(C(C2=CC=CC=C2)CC(C)=O)=C(O)C(C=C3O)=C(C=C3)O1","","10533313","HMDB0013883,HMDB0013880","","54682459",595,0.972222222222222,0,0,TRUE,TRUE,FALSE,TRUE
"glycoursodeoxycholic acid sulfate (1)","Method 3","DKXXSIJHWWVNMO-XROMFQGDSA-N","[H][C@@]12[C@@]3(C)CC[C@@H](OS(=O)(O)=O)C[C@@]3([H])C[C@H](O)[C@@]1([H])[C@]4([H])CC[C@]([H])([C@H](C)CCC(NCC(O)=O)=O)[C@@]4(C)CC2","","","","","",10,0.0163398692810458,0,0,TRUE,FALSE,FALSE,TRUE
"glycoursodeoxycholic acid sulfate (2)","Method 3","DKXXSIJHWWVNMO-XROMFQGDSA-N","[H][C@@]12[C@@]3(C)CC[C@@H](OS(=O)(O)=O)C[C@@]3([H])C[C@H](O)[C@@]1([H])[C@]4([H])CC[C@]([H])([C@H](C)CCC(NCC(O)=O)=O)[C@@]4(C)CC2","","","","","",335,0.547385620915033,0,0,TRUE,FALSE,FALSE,TRUE
"dihydrocaffeate sulfate (2)","Method 4","WEPNMLSXEATIJK-UHFFFAOYSA-N","OC1=CC(CCC(O)=O)=CC=C1OS(O)(=O)=O","","","","","",110,0.179738562091503,0,0,TRUE,FALSE,FALSE,TRUE
"lithocholate sulfate (1)","Method 3","AXDXVEYHEODSPN-HVATVPOCSA-N","[H][C@@]12[C@@]3(C)CC[C@@H](OS(=O)(O)=O)C[C@@]3([H])CC[C@@]1([H])[C@]4([H])CC[C@]([H])([C@H](C)CCC(O)=O)[C@@]4(C)CC2","","","","","451489",291,0.475490196078431,0,0,TRUE,FALSE,FALSE,TRUE
"lithocholic acid sulfate (2)","Method 3","AXDXVEYHEODSPN-HVATVPOCSA-N","[H][C@@]12[C@@]3(C)CC[C@@H](OS(=O)(O)=O)C[C@@]3([H])CC[C@@]1([H])[C@]4([H])CC[C@]([H])([C@H](C)CCC(O)=O)[C@@]4(C)CC2","","","","","",395,0.645424836601307,0,0,TRUE,FALSE,FALSE,TRUE
"3-hydroxyhexanoylcarnitine (1)","Method 1","VYEONLJQPYRKAN-UHFFFAOYSA-N","C[N+](C)(C)CC(OC(CC(O)CCC)=O)CC([O-])=O","","","","","",0,0,0,0,TRUE,FALSE,FALSE,TRUE
"3-(methylthio)acetaminophen sulfate*","Method 3","VOXWKXZBPMQUJH-UHFFFAOYSA-N","CSC1=CC(NC(C)=O)=CC=C1OS(O)(=O)=O","","","","","",383,0.625816993464052,0,0,TRUE,FALSE,FALSE,TRUE
"2-ketocaprylate","Method 3","GPPUPQFYDYLTIY-UHFFFAOYSA-N","CCCCCCC(C(O)=O)=O","328-51-8","60921","HMDB13211","","67600",0,0,0,0,TRUE,TRUE,FALSE,TRUE
"2,6-dihydroxybenzoic acid","Method 3","AKEUNCKRJATALU-UHFFFAOYSA-N","OC(C1=C(O)C=CC=C1O)=O","303-07-1","8974","HMDB0013676","","9338",0,0,0,0,TRUE,TRUE,FALSE,TRUE
"N,N-dimethyl-5-aminovalerate","Method 1","UYZSNVLEDLCWGU-UHFFFAOYSA-N","CN(C)CCCCC(O)=O","","","","","",237,0.387254901960784,0,0,TRUE,FALSE,FALSE,TRUE
"tauroursodeoxycholic acid sulfate (1)","Method 3","GLVWZDCWCRWVFM-LBSADWJPSA-N","[H][C@@]12[C@@]3(C)CC[C@@H](OS(=O)(O)=O)C[C@@]3([H])C[C@H](O)[C@@]1([H])[C@]4([H])CC[C@]([H])([C@H](C)CCC(NCCS(=O)(O)=O)=O)[C@@]4(C)CC2","","","","","",104,0.169934640522876,0,0,TRUE,FALSE,FALSE,TRUE
"tetrahydrocortisol sulfate (1)","Method 3","UCVZOQFWMUAZJZ-GXBDJPPSSA-N","[H][C@@]12[C@@]3(C)CC[C@@H](OS(=O)(O)=O)C[C@@]3([H])CC[C@@]1([H])[C@]4([H])CC[C@](O)(C(CO)=O)[C@@]4(C)C[C@@H]2O","","","","","",211,0.344771241830065,0,0,TRUE,FALSE,FALSE,TRUE
"3-ethylcatechol sulfate (1)","Method 3","NUPWKYZXNXCOHY-UHFFFAOYSA-N","CCC1=C(OS(=O)(O)=O)C(O)=CC=C1","","","","","",70,0.11437908496732,0,0,TRUE,FALSE,FALSE,TRUE
"3-ethylcatechol sulfate (2)","Method 3","NUPWKYZXNXCOHY-UHFFFAOYSA-N","CCC1=C(OS(=O)(O)=O)C(O)=CC=C1","","","","","",312,0.509803921568627,0,0,TRUE,FALSE,FALSE,TRUE
"4-acetylcatechol sulfate (1)","Method 3","RRWBOGSYNDIRNR-UHFFFAOYSA-N","OC1=CC=C(C(C)=O)C=C1OS(=O)(O)=O","","","","","",265,0.433006535947712,0,0,TRUE,FALSE,FALSE,TRUE
"4-acetylcatechol sulfate (2)","Method 3","RRWBOGSYNDIRNR-UHFFFAOYSA-N","OC1=CC=C(C(C)=O)C=C1OS(=O)(O)=O","","","","","",358,0.584967320261438,0,0,TRUE,FALSE,FALSE,TRUE
"dimethylguanidino valeric acid (DMGV)*","Method 1","GLWRPXRMUUZNMD-UHFFFAOYSA-N","O=C(O)C(CCCNC(N(C)C)=N)=O","","58779677","","","101535539",135,0.220588235294118,0,0,TRUE,FALSE,FALSE,TRUE
"trimethoprim","Method 1","IEDVJHCEMCRBQM-UHFFFAOYSA-N","COc1c(OC)c(OC)cc(Cc2c(N)nc(N)nc2)c1","738-70-5","5376","HMDB0014583","C01965,D00145","5578",600,0.980392156862745,0,0,TRUE,TRUE,TRUE,TRUE
"clarithromycin","Method 2","AGOYDEPGAOXOCK-KCBOHYOISA-N","CC[C@@H]1[C@@](C)(O)[C@H](O)[C@@H](C)C([C@H](C)C[C@@](C)(OC)[C@H](O[C@H]2[C@H](O)[C@@H](N(C)C)C[C@@H](C)O2)[C@@H](C)[C@H](O[C@H]3C[C@@](C)(OC)[C@@H](O)[C@H](C)O3)[C@@H](C)C(O1)=O)=O","81103-11-9","10342604","HMDB0015342","C06912,D00276","84029",608,0.993464052287582,0,0,TRUE,TRUE,TRUE,TRUE
"donepezil","Method 1","ADEBPBSSDYVVLD-UHFFFAOYSA-N","COc1c(OC)cc(C(C(CC2CCN(Cc3ccccc3)CC2)C4)=O)c4c1","120014-06-4","3040","HMDB0005041","D07869","3152",607,0.991830065359477,0,0,TRUE,TRUE,TRUE,TRUE
"glyburide","Method 3","ZNNLBTZKUZBEKO-UHFFFAOYSA-N","COc1c(C(NCCc2ccc(S(=O)(NC(NC3CCCCC3)=O)=O)cc2)=O)cc(Cl)cc1","10238-21-8","3368","HMDB0015151","D00336,C07022","3488",607,0.991830065359477,0,0,TRUE,TRUE,TRUE,TRUE
"glipizide","Method 3","ZJJXGWJIGJFDTL-UHFFFAOYSA-N","Cc1ncc(C(NCCc2ccc(S(=O)(NC(NC3CCCCC3)=O)=O)cc2)=O)nc1","29094-61-9","3359","HMDB0015200","D00335","3478",602,0.983660130718954,0,0,TRUE,TRUE,TRUE,TRUE
"glimepiride","Method 2","WIGIZIANZCJQQY-RUCARUNLSA-N","CCC1=C(C)CN(C(NCCc2ccc(S(=O)(NC(N[C@H]3CC[C@H](C)CC3)=O)=O)cc2)=O)C1=O","93479-97-1","16740595","HMDB0014367","C07669","3476",598,0.977124183006536,0,0,TRUE,TRUE,TRUE,TRUE
"nateglinide","Method 2","OELFLUMRDSZNSF-BRWVUGGUSA-N","CC(C)[C@H]1CC[C@H](C(N[C@H](Cc2ccccc2)C(O)=O)=O)CC1","105816-04-4","10482084","HMDB0014869","C12508,D01111","5311309",610,0.996732026143791,0,0,TRUE,TRUE,TRUE,TRUE
"canagliflozin","Method 3","XTNGUQKDFGDXSJ-ZXGKGEBGSA-N","Cc1c(Cc2sc(c3ccc(F)cc3)cc2)cc([C@H]4[C@H](O)[C@@H](O)[C@H](O)[C@@H](CO)O4)cc1","842133-18-0","26333259","","D09592","24812758",609,0.995098039215686,0,0,TRUE,FALSE,TRUE,TRUE
"montelukast","Method 2","UCHDWCPVSPXUMX-TZIWLTJVSA-N","CC(c1c(CC[C@@H](SCC2(CC(O)=O)CC2)c3cc(/C=C/c(cc4)nc5c4ccc(Cl)c5)ccc3)cccc1)(O)C","158966-92-8","4444507","HMDB0014614","C07482","5281040",600,0.980392156862745,0,0,TRUE,TRUE,TRUE,TRUE
"2,3-dihydroxy-5-methylthio-4-pentenoate (DMTPA)*","Method 3","XMZBEAXQGSBWLG-NSCUHMNNSA-N","OC(C(O)=O)C(O)/C=C/SC","","","HMDB0240388","","",0,0,0,0,TRUE,TRUE,FALSE,TRUE
"fibrinopeptide A (3-15)**","Method 3","ROMVHQMTMINAHB-UHFFFAOYSA-N","NC(CO)C(NCC(NC(CCC(O)=O)C(NCC(NC(CC(O)=O)C(NC(CC1=CC=CC=C1)C(NC(CC(C)C)C(NC(C)C(NC(CCC(O)=O)C(NCC(NCC(NCC(NC(C(C)C)C(O)=O)=O)=O)=O)=O)=O)=O)=O)=O)=O)=O)=O)=O","","","","","25078015",6,0.00980392156862745,0,0,TRUE,FALSE,FALSE,TRUE
"fibrinopeptide A (2-15)**","Method 3","BIJNWWNHDMFRFM-UHFFFAOYSA-N","OCC(C(NCC(NC(CCC(O)=O)C(NCC(NC(CC(O)=O)C(NC(CC1=CC=CC=C1)C(NC(CC(C)C)C(NC(C)C(NC(CCC(O)=O)C(NCC(NCC(NCC(NC(C(C)C)C(O)=O)=O)=O)=O)=O)=O)=O)=O)=O)=O)=O)=O)=O)NC(C(CC(O)=O)N)=O","","","","","25078015",87,0.142156862745098,0,0,TRUE,FALSE,FALSE,TRUE
"fibrinopeptide A (3-16)**","Method 3","RTIAWGDTSQOGQP-UHFFFAOYSA-N","NC(CO)C(NCC(NC(CCC(O)=O)C(NCC(NC(CC(O)=O)C(NC(CC1=CC=CC=C1)C(NC(CC(C)C)C(NC(C)C(NC(CCC(O)=O)C(NCC(NCC(NCC(NC(C(C)C)C(NC(CCCNC(N)=N)C(O)=O)=O)=O)=O)=O)=O)=O)=O)=O)=O)=O)=O)=O)=O","","","","","25078015",2,0.00326797385620915,0,0,TRUE,FALSE,FALSE,TRUE
"fibrinopeptide A (4-15)**","Method 3","GXMAZYIQAHTXHM-UHFFFAOYSA-N","NCC(NC(CCC(O)=O)C(NCC(NC(CC(O)=O)C(NC(CC1=CC=CC=C1)C(NC(CC(C)C)C(NC(C)C(NC(CCC(O)=O)C(NCC(NCC(NCC(NC(C(C)C)C(O)=O)=O)=O)=O)=O)=O)=O)=O)=O)=O)=O)=O","","","","","25078015",22,0.0359477124183007,0,0,TRUE,FALSE,FALSE,TRUE
"fibrinopeptide A (8-16)**","Method 3","IVDQZJOLQPZCET-UHFFFAOYSA-N","NC(CC1=CC=CC=C1)C(NC(CC(C)C)C(NC(C)C(NC(CCC(O)=O)C(NCC(NCC(NCC(NC(C(C)C)C(NC(CCCNC(N)=N)C(O)=O)=O)=O)=O)=O)=O)=O)=O)=O","","","","","25078015",3,0.00490196078431373,0,0,TRUE,FALSE,FALSE,TRUE
"tamsulosin","Method 1","DRHKJLXJIQTDTD-OAHLLOKOSA-N","CCOc1c(OCCN[C@@H](Cc2cc(S(=O)(N)=O)c(OC)cc2)C)cccc1","106133-20-4","114457","HMDB0014844","D08560,C07124","129211",582,0.950980392156863,0,0,TRUE,TRUE,TRUE,TRUE
"meloxicam","Method 3","ZRVUJXDFFKFLMG-UHFFFAOYSA-N","Cc1sc(NC(C2=C(O)c3c(S(=O)(N2C)=O)cccc3)=O)nc1","71125-38-7","10442740","HMDB0014952","D00969,C08169","54677470",604,0.986928104575163,0,0,TRUE,TRUE,TRUE,TRUE
"fibrinopeptide B (1-13)**","Method 3","CCYANGYMJWBLQM-UHFFFAOYSA-N","OC(C(C)NC(C(CO)NC(C(CC1=CC=CC=C1)NC(C(CC2=CC=CC=C2)NC(CNC(C(CCC(O)=O)NC(C(CCC(O)=O)NC(C(CC(N)=O)NC(C(CC(O)=O)NC(C(CC(N)=O)NC(C(C(C)C)NC(CNC(C(CC3)NC3=O)=O)=O)=O)=O)=O)=O)=O)=O)=O)=O)=O)=O)=O","","","","","",1,0.00163398692810458,0,0,TRUE,FALSE,FALSE,TRUE
"losartan","Method 3","PSIFNNKUMBGKDQ-UHFFFAOYSA-N","CCCCc1n(Cc2ccc(c3c(c4nnn[nH]4)cccc3)cc2)c(CO)c(Cl)n1","114798-26-4","","HMDB0014816","C07072,D08146","3961",584,0.954248366013072,0,0,TRUE,TRUE,TRUE,TRUE
"fibrinopeptide B (1-12)**","Method 3","BQQBOORXDTXWLE-UHFFFAOYSA-N","OC(C(CO)NC(C(CC1=CC=CC=C1)NC(C(CC2=CC=CC=C2)NC(CNC(C(CCC(O)=O)NC(C(CCC(O)=O)NC(C(CC(N)=O)NC(C(CC(O)=O)NC(C(CC(N)=O)NC(C(C(C)C)NC(CNC(C(CC3)NC3=O)=O)=O)=O)=O)=O)=O)=O)=O)=O)=O)=O)=O","","","","","16132131",2,0.00326797385620915,0,0,TRUE,FALSE,FALSE,TRUE
"fibrinopeptide B (1-11)**","Method 3","YXFOTICOZNPKPN-UHFFFAOYSA-N","OC(C(CC1=CC=CC=C1)NC(C(CC2=CC=CC=C2)NC(CNC(C(CCC(O)=O)NC(C(CCC(O)=O)NC(C(CC(N)=O)NC(C(CC(O)=O)NC(C(CC(N)=O)NC(C(C(C)C)NC(CNC(C(CC3)NC3=O)=O)=O)=O)=O)=O)=O)=O)=O)=O)=O)=O","","","","","16132131",1,0.00163398692810458,0,0,TRUE,FALSE,FALSE,TRUE
"fibrinopeptide B (1-9)**","Method 3","WWZFLBITCJUQNV-UHFFFAOYSA-N","O=C1CCC(N1)C(NCC(NC(C(C)C)C(NC(CC(N)=O)C(NC(CC(O)=O)C(NC(CC(N)=O)C(NC(CCC(O)=O)C(NC(CCC(O)=O)C(NCC(O)=O)=O)=O)=O)=O)=O)=O)=O)=O","","","","","16132131",1,0.00163398692810458,0,0,TRUE,FALSE,FALSE,TRUE
"cyclobenzaprine","Method 2","JURKNVYFZMSNLP-UHFFFAOYSA-N","CN(CC/C=C1c2c(C=Cc3ccccc3\1)cccc2)C","303-53-7","2792","HMDB0015060","D07758,C06931","2895",611,0.998366013071895,0,0,TRUE,TRUE,TRUE,TRUE
"abacavir","Method 1","MCGSCOLBFJQGHM-SCZZXKLOSA-N","OC[C@H](C=C1)C[C@H]1n2cnc3c2nc(N)nc3NC4CC4","136470-78-5","390063","HMDB0015182","D07057,DG00660,C07624","441300",612,1,0,0,TRUE,TRUE,TRUE,TRUE
"emtricitabine","Method 1","XQSPYNMVSIKCOC-NTSWFWBYSA-N","O=c1n([C@@H]2CS[C@H](CO)O2)cc(F)c(N)n1","143491-57-0","54859","HMDB0015017","C12599,D01199","60877",608,0.993464052287582,0,0,TRUE,TRUE,TRUE,TRUE
"lamivudine","Method 1","JTEGQNOMFQHVDC-NKWVEPMBSA-N","O=c1nc(N)ccn1[C@@H]2CS[C@H](CO)O2","134678-17-4","54812","HMDB0014847","C07065","60825",612,1,0,0,TRUE,TRUE,TRUE,TRUE
"tenofovir","Method 3","SGOIRFVFHAKUTI-ZCFIWIBFSA-N","C[C@@H](OCP(O)(O)=O)Cn1c2ncnc(N)c2nc1","147127-20-6","408154","HMDB0014445","C17407","464205",609,0.995098039215686,0,0,TRUE,TRUE,TRUE,TRUE
"darunavir","Method 2","CJBJHOAVZSMMDJ-HEXNFIEUSA-N","CC(CN(S(=O)(c1ccc(N)cc1)=O)C[C@@H](O)[C@@H](NC(O[C@H]2CO[C@@H]3[C@H]2CCO3)=O)Cc4ccccc4)C","206361-99-1","184733","HMDB0015393","D03656","213039",609,0.995098039215686,0,0,TRUE,TRUE,TRUE,TRUE
"ritonavir","Method 2","NCDNCNXCDXHOMX-XGKFQTDJSA-N","CC(c1scc(CN(C(N[C@H](C(N[C@H](C[C@H](O)[C@@H](NC(OCc2scnc2)=O)Cc3ccccc3)Cc4ccccc4)=O)C(C)C)=O)C)n1)C","155213-67-5","347980","HMDB0014646","D00427","392622",609,0.995098039215686,0,0,TRUE,TRUE,TRUE,TRUE
"maraviroc","Method 2","GSNHKUDZZFZSJB-QYOOZWMWSA-N","Cc1n([C@@H]2C[C@H]3CC[C@H](N3CC[C@H](NC(C4CCC(F)(F)CC4)=O)c5ccccc5)C2)c(C(C)C)nn1","376348-65-1","20078004","HMDB0015584","D06670","3002977",612,1,0,0,TRUE,TRUE,TRUE,TRUE
"dolutegravir","Method 2","RHWKPHLQXYSBKR-BMIGLBTASA-N","C[C@@H]1CCO[C@@H]2N1C(c(c3O)n(C2)cc(C(NCc4c(F)cc(F)cc4)=O)c3=O)=O","1051375-19-9","25051637","","D10066","54726191",612,1,0,0,TRUE,FALSE,TRUE,TRUE
"5-hydroxy-2-methylpyridine sulfate","Method 3","UAQAOMYUJQVGMD-UHFFFAOYSA-N","CC1=NC=C(OS(=O)(O)=O)C=C1","","","","","",163,0.266339869281046,0,0,TRUE,FALSE,FALSE,TRUE
"3-hydroxy-2-methylpyridine sulfate","Method 3","GOXQGRHDLROYBT-UHFFFAOYSA-N","CC1=NC=CC=C1OS(=O)(O)=O","","","","","",113,0.184640522875817,0,0,TRUE,FALSE,FALSE,TRUE
"hydroxypalmitoyl sphingomyelin (d18:1/16:0(OH))**","Method 2","FAVAZPKFPKOYCT-VTAPXIELSA-N","CCCCCCCCCCCCCCC(O)C(N[C@@H](COP([O-])(OCC[N+](C)(C)C)=O)[C@@H](/C=C/CCCCCCCCCCCCC)O)=O","","","","","",0,0,0,0,TRUE,FALSE,FALSE,TRUE
"cortisol 21-sulfate","Method 3","JOVLCJDINAUYJW-VWUMJDOOSA-N","C[C@]1([C@]2([C@](C[C@@]3(C)[C@]4(CC[C@]3(O)C(COS(=O)(O)=O)=O)[H])(O)[H])[H])CCC(C=C1CC[C@]24[H])=O","152957-32-9","92304","HMDB0062779","","102172",535,0.874183006535948,0,0,TRUE,TRUE,FALSE,TRUE
"2-acrylamidoglycolic acid","Method 1","NEYTXADIGVEHQD-UHFFFAOYSA-N","OC(C(O)=O)N([H])C(C=C)=O","6737-24-2","83267","","","92230",0,0,0,0,TRUE,FALSE,FALSE,TRUE
"mercaptopurine","Method 3","GLVAUDGFNGKCSF-UHFFFAOYSA-N","Sc1c([nH]cn2)c2ncn1","50-44-2","","HMDB0015167","C02380","667490",599,0.97875816993464,0,0,TRUE,TRUE,TRUE,TRUE
"ribavirin","Method 4","IWUCXVSUMQZMFG-AFCXAGJDSA-N","OC[C@@H](O1)[C@@H](O)[C@@H](O)[C@@H]1n2cnc(C(N)=O)n2","36791-04-5","34439","HMDB14949","D00423","37542",611,0.998366013071895,0,0,TRUE,TRUE,TRUE,TRUE
"taurochenodeoxycholic acid 3-sulfate","Method 3","IJHJZQKOSUFQCX-WZJRQFJBSA-N","[H][C@@](CCC(NCCS(O)(=O)=O)=O)([C@]1(CC[C@]2([C@@]3([C@@H](C[C@@]4(C[C@H](S(O)(=O)=O)CC[C@@]4([C@]3(C[C@H]([C@]12C)O)[H])C)[H])O)[H])[H])[H])C","","24850141","HMDB0002486","","52931550",15,0.0245098039215686,0,0,TRUE,TRUE,FALSE,TRUE
"tetradecadienedioate (C14:2-DC)*","Method 3","MUFSRLVOUKHPIZ-OVYZBVKCSA-N","O=C(O)CCC/C=C\C/C=C\CCCCC(O)=O","","","","","86018718",22,0.0359477124183007,0,0,TRUE,FALSE,FALSE,TRUE
"pregnenetriol sulfate*","Method 3","HIYOTPJZDPVBTL-HXOPQMAFSA-N","O[C@H]1C2=C[C@@H](OS(=O)(O)=O)CC[C@]2(C)C3CC[C@@]4(C)C(CCC4[C@H](O)C)C3C1","","","","","129671303",0,0,0,0,TRUE,FALSE,FALSE,TRUE
"pregnenetriol disulfate*","Method 3","KANYWSIUKWPEOE-HXOPQMAFSA-N","C[C@]12CC[C@H](OS(=O)(O)=O)C=C1[C@H](OS(=O)(O)=O)CC3C2CC[C@@]4(C)C3CCC4[C@H](O)C","","","","","",0,0,0,0,TRUE,FALSE,FALSE,TRUE
"eicosenedioate (C20:1-DC)*","Method 3","NZLFRLCYQVOISV-IWQZZHSRSA-N","OC(CCCCCCCCC/C=C\CCCCCCCC(O)=O)=O","","","","","",2,0.00326797385620915,0,0,TRUE,FALSE,FALSE,TRUE
"glu-gly-asn-val**","Method 3","QTVRCQRIGVKQHD-UHFFFAOYSA-N","O=C(O)C(C(C)C)NC(C(NC(CNC(C(N)CCC(O)=O)=O)=O)CC(N)=O)=O","","16618843","","","",8,0.0130718954248366,0,0,TRUE,FALSE,FALSE,TRUE
"hydroxy-N6,N6,N6-trimethyllysine*","Method 1","ZRJHLGYVUCPZNH-MQWKRIRWSA-N","[O-]C([C@@H](N)C(O)CCC[N+](C)(C)C)=O","","","","","",8,0.0130718954248366,0,0,TRUE,FALSE,FALSE,TRUE
"undecenoylcarnitine (C11:1)","Method 2","FVOVZEONZTWNTC-OUKQBFOZSA-N","CCCCCCCC/C=C/C(OC(CC([O-])=O)C[N+](C)(C)C)=O","","","","","",0,0,0,0,TRUE,FALSE,FALSE,TRUE
"3-decenoylcarnitine","Method 2","YMJNFVUJNDWLND-ZHACJKMWSA-N","O=C(C/C([H])=C(CCCCCC)\[H])OC(CC([O-])=O)C[N+](C)(C)C","","","","","",285,0.465686274509804,0,0,TRUE,FALSE,FALSE,TRUE
"levulinoylcarnitine","Method 1","XDZHMFWKQXZAFO-UHFFFAOYSA-N","CC(CCC(OC(CC([O-])=O)C[N+](C)(C)C)=O)=O","","","","","",86,0.140522875816993,0,0,TRUE,FALSE,FALSE,TRUE
"3-hydroxydecanoylcarnitine","Method 2","VCRSQDIROUELAR-UHFFFAOYSA-N","OC(CCCCCCC)CC(OC(CC([O-])=O)C[N+](C)(C)C)=O","","59664325","HMDB0061636","","121454166",0,0,0,0,TRUE,TRUE,FALSE,TRUE
"palmitoyl-sphingosine-phosphoethanolamine (d18:1/16:0)","Method 2","JTVNQMOIYKXJKF-WSYRTZMQSA-N","CCCCCCCCCCCCC/C=C/[C@@]([H])(O)[C@@]([H])(NC(CCCCCCCCCCCCCCC)=O)COP(O)(OCCN)=O","","","","","",0,0,0,0,TRUE,FALSE,FALSE,TRUE
"picolinoylglycine","Method 3","MNYZGNSHBPLAFN-UHFFFAOYSA-N","O=C(C1=CC=CC=N1)N([H])CC(O)=O","5616-29-5","9963296","HMDB0059766","","11788622",35,0.0571895424836601,0,0,TRUE,TRUE,FALSE,TRUE
"4-vinylcatechol sulfate","Method 3","ILVXQMHYFMBCMJ-UHFFFAOYSA-N","C=CC(C=C1O)=CC=C1OS(=O)(O)=O","","","","","",29,0.0473856209150327,0,0,TRUE,FALSE,FALSE,TRUE
"4-vinylguaiacol glucuronide","Method 3","RRBFAJWNNUHFMC-DKBOKBLXSA-N","COC1=C(C=CC(C=C)=C1)O[C@](O[C@](C(O)=O)([C@@](O)([C@@]2(O)[H])[H])[H])([C@@]2(O)[H])[H]","","","","","",383,0.625816993464052,0,0,TRUE,FALSE,FALSE,TRUE
"succinoyltaurine","Method 4","SBQWITJAJITAMM-UHFFFAOYSA-N","OC(CCC(NCCS(=O)(O)=O)=O)=O","","20509456","","","",121,0.197712418300654,0,0,TRUE,FALSE,FALSE,TRUE
"(15:3)-anacardic acid","Method 3","QUVGEKPNSCFQIR-AOSYACOCSA-N","C=CC/C=C/C/C=C/CCCCCCCc1c(C(O)=O)c(O)ccc1","103904-73-0","4534900","HMDB31059","","9875131",568,0.928104575163399,0,0,TRUE,TRUE,FALSE,TRUE
"3,5-dichloro-2,6-dihydroxybenzoic acid","Method 4","KLXACYSQYFWVLM-UHFFFAOYSA-N","ClC1=C(O)C(C(O)=O)=C(O)C(Cl)=C1","","24339141","","","24721632",5,0.00816993464052288,0,0,TRUE,FALSE,FALSE,TRUE
"metabolonic lactone sulfate","Method 3","IJIWKJRHDDIJKI-MVCMDAJNSA-N","CC1(C)C(OS(O)(=O)=O)CCC2(C)C1CC[C@]3(C)[C@H]2CC[C@@H]3C4(C)OC(CC4)=O","","","","","",279,0.455882352941176,0,0,TRUE,FALSE,FALSE,TRUE
"vanillic acid glycine","Method 3","LOODYTDRRBLQNH-UHFFFAOYSA-N","OC1=CC=C(C=C1OC)C(NCC(O)=O)=O","","2340857","HMDB0060026","","3083688",171,0.279411764705882,0,0,TRUE,TRUE,FALSE,TRUE
"2-hydroxy-4-(methylthio)butanoic acid","Method 4","ONFOSYPQQXJWGS-UHFFFAOYSA-N","CSCCC(O)C(O)=O","583-91-5","","HMDB0037115","","11427",0,0,0,0,TRUE,TRUE,FALSE,TRUE
"branched chain 14:0 dicarboxylic acid**","Method 3","JUODHHFNSQAXKF-UHFFFAOYSA-N","CCCCCC(CCCC(O)=O)CCCC(O)=O","","","","","",283,0.462418300653595,0,0,TRUE,FALSE,FALSE,TRUE
"pentose acid*","Method 4","","","","","HMDB0000892","C00803","7991",13,0.0212418300653595,0,0,FALSE,TRUE,TRUE,TRUE
"1-methyl-5-imidazolelactate","Method 3","MXETUSMIYKMMAT-UHFFFAOYSA-N","CN1C=NC=C1CC(O)C(O)=O","2022510-60-5","65563369","","","",20,0.0326797385620915,0,0,TRUE,FALSE,FALSE,TRUE
"feruloylquinate (2)","Method 3","RAGZUCNPTLULOL-KQJPBSFVSA-N","O[C@@](C[C@H]1O)(C(O)=O)C[C@H]([C@H]1O)OC(/C=C/C(C=C2)=CC(OC)=C2O)=O","","","","","",425,0.694444444444444,0,0,TRUE,FALSE,FALSE,TRUE
"feruloylquinate (4)","Method 3","RAGZUCNPTLULOL-KQJPBSFVSA-N","O[C@@](C[C@H]1O)(C(O)=O)C[C@H]([C@H]1O)OC(/C=C/C(C=C2)=CC(OC)=C2O)=O","","","","","",427,0.697712418300654,0,0,TRUE,FALSE,FALSE,TRUE
"(2 or 3)-decenoate (10:1n7 or n8)","Method 3","WXBXVVIUZANZAU-CMDGGOBGSA-N","CCCCCCC/C=C/C(O)=O","","","","","",22,0.0359477124183007,0,0,TRUE,FALSE,FALSE,TRUE
"S-carboxyethylcysteine","Method 1","CAMXXPUSAROUCX-BYPYZUCNSA-N","SC[C@@H](C(O)=O)NCCC(O)=O","4033-46-9","19955529","","","",1,0.00163398692810458,0,0,TRUE,FALSE,FALSE,TRUE
"isoursodeoxycholate sulfate (1)","Method 3","WHMOBEGYTDWMIG-DNMBCGTGSA-N","O[C@@H]1[C@]2([H])[C@@](CC[C@@]3(C)[C@@]2([H])CC[C@]3([H])[C@H](C)CCC(O)=O)([H])[C@@]4(C)CC[C@H](OS(=O)(O)=O)C[C@@]4([H])C1","","","","","",219,0.357843137254902,0,0,TRUE,FALSE,FALSE,TRUE
"isoursodeoxycholate sulfate (2)","Method 3","WHMOBEGYTDWMIG-DNMBCGTGSA-N","O[C@@H]1[C@]2([H])[C@@](CC[C@@]3(C)[C@@]2([H])CC[C@]3([H])[C@H](C)CCC(O)=O)([H])[C@@]4(C)CC[C@H](OS(=O)(O)=O)C[C@@]4([H])C1","","","","","",453,0.740196078431373,0,0,TRUE,FALSE,FALSE,TRUE
"chenodeoxycholic acid sulfate (1)","Method 3","WHMOBEGYTDWMIG-BSWAIDMHSA-N","O[C@H]1[C@]2([H])[C@@](CC[C@@]3(C)[C@@]2([H])CC[C@]3([H])[C@H](C)CCC(O)=O)([H])[C@@]4(C)CC[C@@H](OS(=O)(O)=O)C[C@@]4([H])C1","","","HMDB0002522","","21252308",203,0.331699346405229,0,0,TRUE,TRUE,FALSE,TRUE
"branched-chain, straight-chain, or cyclopropyl 10:1 fatty acid (1)*","Method 3","NIFITBVFNGQSNA-SOFGYWHQSA-N","CC(C)CCCC/C=C/C(O)=O","","","","","",0,0,0,0,TRUE,FALSE,FALSE,TRUE
"branched-chain, straight-chain, or cyclopropyl 10:1 fatty acid (2)*","Method 3","NIFITBVFNGQSNA-SOFGYWHQSA-N","CC(C)CCCC/C=C/C(O)=O","","","","","",110,0.179738562091503,0,0,TRUE,FALSE,FALSE,TRUE
"carnitine of C10H14O2 (5)*","Method 3","","","","","","","",115,0.187908496732026,0,0,FALSE,FALSE,FALSE,FALSE
"4-ethyl-2-methoxyphenol sulfate","Method 3","MKBJQFWSHNXYFZ-UHFFFAOYSA-N","CCC1=CC(OC)=C(OS(=O)(O)=O)C=C1","","","","","",382,0.624183006535948,0,0,TRUE,FALSE,FALSE,TRUE
"3-bromo-5-chloro-2,6-dihydroxybenzoic acid*","Method 3","AJSVSHDVMDXRFN-UHFFFAOYSA-N","OC(C1=C(O)C(Cl)=CC(Br)=C1O)=O","","","","","134581543",5,0.00816993464052288,0,0,TRUE,FALSE,FALSE,TRUE
"branched-chain, straight-chain, or cyclopropyl 12:1 fatty acid*","Method 3","FQSFPMAZIOPKLO-JXMROGBWSA-N","OC(/C=C/CCCC(C)CCCC)=O","","","","","",37,0.0604575163398693,0,0,TRUE,FALSE,FALSE,TRUE
"decadienedioic acid (C10:2-DC)**","Method 4","FRWVXIATCBRYHA-KPMZXABDSA-N","OC(/C=C/C=C/CCCCC(O)=O)=O","","","","","17789717",44,0.0718954248366013,0,0,TRUE,FALSE,FALSE,TRUE
"deoxycholic acid 12-sulfate*","Method 3","GMRIQHBJNVMHJA-LLQZFEROSA-N","O[C@H]1C[C@]2([H])[C@]([C@@]3([H])C[C@H](OS(O)(=O)=O)[C@@]4(C)[C@](CC[C@@]4([C@H](C)CCC(O)=O)[H])([H])[C@]3([H])CC2)(C)CC1","","","","","",307,0.501633986928105,0,0,TRUE,FALSE,FALSE,TRUE
"GlcNAc sulfate conjugate of C21H34O2 steroid**","Method 3","","","","","","","",259,0.423202614379085,0,0,FALSE,FALSE,FALSE,FALSE
"cis-3,4-methyleneheptanoate","Method 3","VFMNSFWBDMRNLJ-BQBZGAKWSA-N","O=C(C[C@@]1([H])[C@@](C1)([H])CCC)O","","","","","",0,0,0,0,TRUE,FALSE,FALSE,TRUE
"cis-3,4-methyleneheptanoylcarnitine","Method 2","LNGSHJPPGDBEPT-VYAYZGMFSA-N","O=C(C[C@@]1([H])[C@@](C1)([H])CCC)OC(CC([O-])=O)C[N+](C)(C)C","","","","","",0,0,0,0,TRUE,FALSE,FALSE,TRUE
"N-acetyl-2-aminoadipate","Method 4","FTTGAAZKBNZDCZ-LURJTMIESA-N","CC(N[C@@](CCCC(O)=O)(C(O)=O)[H])=O","","392027","","C12986","443992",9,0.0147058823529412,0,0,TRUE,FALSE,TRUE,TRUE
"De(carboxymethoxy) cetirizine acetic acid","Method 2","NBQBQRKLQXVPIS-LJQANCHMSA-N","ClC1=CC=C([C@@H](C2=CC=CC=C2)N3CCN(CC(O)=O)CC3)C=C1","942193-17-1","","","","",530,0.866013071895425,0,0,TRUE,FALSE,FALSE,TRUE
"4-chlorobenzoic acid","Method 3","XRHGYUZYPHTUJZ-UHFFFAOYSA-N","O=C(O)C1=CC=C(Cl)C=C1","74-11-3","","","C02370","6318",0,0,0,0,TRUE,FALSE,TRUE,TRUE
"torasemide","Method 3","NGBFQHCMQULJNZ-UHFFFAOYSA-N","Cc1cc(Nc2c(S(=O)(NC(NC(C)C)=O)=O)cncc2)ccc1","56211-40-6","","","","",591,0.965686274509804,0,0,TRUE,FALSE,FALSE,TRUE
"2-methoxyhydroquinone sulfate (1)","Method 3","LEJCLCZOTCOTQE-UHFFFAOYSA-N","OC1=CC=C(OS(=O)(O)=O)C=C1OC","","","","","",46,0.0751633986928105,0,0,TRUE,FALSE,FALSE,TRUE
"2-methoxyhydroquinone sulfate (2)","Method 3","DQJWAJBJWZYKLK-UHFFFAOYSA-N","OC1=CC=C(OS(=O)(O)=O)C(OC)=C1","","","","","",138,0.225490196078431,0,0,TRUE,FALSE,FALSE,TRUE
"norethindrone sulfate","Method 3","GCUIJBFFHDSMDP-UHFFFAOYSA-N","CC12CCC3C(CCC4=CC(CCC34)=O)C1CCC2(OS(=O)(O)=O)C#C","19778-24-6","","","","74603543",611,0.998366013071895,0,0,TRUE,FALSE,FALSE,TRUE
"diazepam","Method 2","AAOVKJBEBIDNHE-UHFFFAOYSA-N","CN1c2c(C(c3ccccc3)=NCC1=O)cc(Cl)cc2","","","HMDB0014967","D00293","3016",606,0.990196078431373,0,0,TRUE,TRUE,TRUE,TRUE
"temazepam","Method 2","SEQDDYPDSLOBDC-UHFFFAOYSA-N","CN1c2c(C(c3ccccc3)=NC(O)C1=O)cc(Cl)cc2","846-50-4","","HMDB0014376","D00370","5391",606,0.990196078431373,0,0,TRUE,TRUE,TRUE,TRUE
"2,4-di-tert-butylphenol","Method 3","ICKWICRCANNIBI-UHFFFAOYSA-N","CC(C)(c1cc(C(C)(C)C)c(O)cc1)C","96-76-4","","","","",0,0,0,0,TRUE,FALSE,FALSE,TRUE
"3-hydroxyoctanoylcarnitine (1)","Method 1","RCXSFDNDEVSQNG-UHFFFAOYSA-N","[O-]C(CC(OC(C(O)CCCCCC)=O)C[N+](C)(C)C)=O","","","","","",49,0.0800653594771242,0,0,TRUE,FALSE,FALSE,TRUE
"3-hydroxyoctanoylcarnitine (2)","Method 1","RCXSFDNDEVSQNG-UHFFFAOYSA-N","[O-]C(CC(OC(C(O)CCCCCC)=O)C[N+](C)(C)C)=O","","","","","",149,0.243464052287582,0,0,TRUE,FALSE,FALSE,TRUE
"cis-3,4-methyleneheptanoylglycine","Method 3","FFFQOVJTIDIKQJ-YUMQZZPRSA-N","O=C(NCC(O)=O)C[C@@H]1C[C@@H]1CCC","","","","","",32,0.0522875816993464,0,0,TRUE,FALSE,FALSE,TRUE
"bilirubin degradation product, C16H18N2O5 (1)**","Method 3","","","","","","","",254,0.415032679738562,0,0,FALSE,FALSE,FALSE,FALSE
"bilirubin degradation product, C16H18N2O5 (2)**","Method 3","","","","","","","",44,0.0718954248366013,0,0,FALSE,FALSE,FALSE,FALSE
"bilirubin degradation product, C17H18N2O4 (1)**","Method 3","","","","","","","",5,0.00816993464052288,0,0,FALSE,FALSE,FALSE,FALSE
"bilirubin degradation product, C17H18N2O4 (2)**","Method 3","","","","","","","",0,0,0,0,FALSE,FALSE,FALSE,FALSE
"bilirubin degradation product, C17H18N2O4 (3)**","Method 3","","","","","","","",0,0,0,0,FALSE,FALSE,FALSE,FALSE
"bilirubin degradation product, C17H20N2O5 (1)**","Method 3","","","","","","","",21,0.0343137254901961,0,0,FALSE,FALSE,FALSE,FALSE
"bilirubin degradation product, C17H20N2O5 (2)**","Method 3","","","","","","","",6,0.00980392156862745,0,0,FALSE,FALSE,FALSE,FALSE
"tetrahydrocortisol glucuronide","Method 3","OZINUFSVVJAFHD-LUPKFNMHSA-N","[H][C@@]12[C@@]3(C)CC[C@@H](OC4OC(C(O)=O)C(O)C(O)C4O)C[C@@]3([H])CC[C@@]1([H])[C@]5([H])CC[C@@](C(CO)=O)(O)[C@@]5(C)C[C@@H]2O","","","","","",42,0.0686274509803922,0,0,TRUE,FALSE,FALSE,TRUE
"bilirubin degradation product, C16H18N2O5 (3)**","Method 3","","","","","","","",113,0.184640522875817,0,0,FALSE,FALSE,FALSE,FALSE
"bilirubin degradation product, C16H18N2O5 (4)**","Method 3","","","","","","","",118,0.19281045751634,0,0,FALSE,FALSE,FALSE,FALSE
"N,N-dimethyl-pro-pro","Method 1","VOWFCBSRZKGKTF-UHFFFAOYSA-N","O=C(N1CCCC1C([O-])=O)C2CCC[N+]2(C)C","","","","","",0,0,0,0,TRUE,FALSE,FALSE,TRUE
"oxindolylalanine","Method 1","YLEQTOAIAOPFBY-UHFFFAOYSA-N","OC(C(N)(C)N(C1=C(C2)C=CC=C1)C2=O)=O","","","","","20977764",1,0.00163398692810458,0,0,TRUE,FALSE,FALSE,TRUE
"tetrahydrocortisone glucuronide (5)","Method 3","QUOCEDQXFGCYTL-QMELEVSMSA-N","[H][C@@]12C[C@H](OC3C(O)C(O)C(O)C(C(O)=O)O3)CC[C@]1(C)[C@@]([C@@]4([H])CC2)([H])C(C[C@@]5(C)[C@@]4([H])CC[C@]5(O)C(CO)=O)=O","","","","","",164,0.26797385620915,0,0,TRUE,FALSE,FALSE,TRUE
"perfluorohexanesulfonate (PFHxS)","Method 3","QZHDEAJFRJCDMF-UHFFFAOYSA-N","FC(F)(F)C(F)(F)C(F)(F)C(F)(F)C(F)(F)C(F)(F)S(=O)(O)=O","355-46-4","","HMDB0094700","","",14,0.0228758169934641,0,0,TRUE,TRUE,FALSE,TRUE
"menthol glucuronide","Method 3","CLJGMBYGTHRUNF-PJQJKGEDSA-N","C[C@@H]1CC[C@@H](C(C)C)[C@H](O[C@H]2[C@H](O)[C@@H](O)[C@H](O)[C@@H](C(O)=O)O2)C1","79466-08-3","","","","",18,0.0294117647058824,0,0,TRUE,FALSE,FALSE,TRUE
